Starting GCN batch job with 6 repetitions...
=== Repetition 1/6 ===
--------------------------------------
Running model: GCN
Dataset: amazon_style_ccctt_features_fold_1
Repetition: 1
--------------------------------------
use device: cpu
Namespace(data='amazon_style_ccctt_features_fold_1', model_path='model.pt', train_iter_n=50, cuda=0, checkpoint='', epochs=100, patience=3, n_layers=2, n_heads=[4], dropout=0.5, model='GCN', lr=0.0001, weight_decay=0.0, batch_size=1024, edge_sample_ratio=1, test_with_CPU=False, decoder='dismult', feat_type=1)
args.feat_type 1
sys_path ['/home/simonettos/homhetgnn/HGB/LP/benchmark/methods/GNN', '/home/simonettos/homhetgnn/sbatches', '/home/simonettos/homhetgnn/HGB/LP/benchmark/methods/baseline', '/home/simonettos/homhetgnn/HGB/LP/benchmark', '/home/simonettos/homhetgnn/HGB/LP/benchmark/methods/GNN', '/home/simonettos/homhetgnn/HGB/LP/benchmark/methods/GNN/utils', '/home/simonettos/homhetgnn/HGB/LP/benchmark/methods/GNN/models', '/deepstore/software/anaconda3/2022.05/lib/python39.zip', '/deepstore/software/anaconda3/2022.05/lib/python3.9', '/deepstore/software/anaconda3/2022.05/lib/python3.9/lib-dynload', '/home/simonettos/homhetgnn/gpuvenv/lib/python3.9/site-packages', '../../', '../../']
Data path: /home/simonettos/homhetgnn/HGB/LP/benchmark/data/amazon_style_ccctt_features_fold_1
Loading nodes from /home/simonettos/homhetgnn/HGB/LP/benchmark/data/amazon_style_ccctt_features_fold_1/node.dat
edge types: dict_keys([6, 12, 5, 7, 0, 9, 2, 4, 10, 8, 3, 1, 11])
Getting training negative samples for edge types: [7]
nodes.shift keys: [0, 1, 2, 3, 4]
nodes.count keys: [0, 1, 2, 3, 4]
links.meta: {6: (2, 1), 12: (4, 3), 5: (1, 1), 7: (1, 0), 0: (0, 0), 9: (1, 1), 2: (1, 1), 4: (0, 0), 10: (1, 1), 8: (0, 0), 3: (0, 4), 1: (1, 1), 11: (1, 1)}
t_type about to use: 0
h_type: 1
shift dict: {0: 0, 1: 558, 2: 1498, 3: 20762, 4: 20776}
count dict: Counter({2: 19264, 1: 940, 4: 799, 0: 558, 3: 14})
Generated 906 negative samples for edge type 7
Info: load amazon_style_ccctt_features_fold_1 from original data and generate /home/simonettos/homhetgnn/HGB/LP/benchmark/data/amazon_style_ccctt_features_fold_1/dl_pickle 
edge types: [7]
dataset: amazon_style_ccctt_features_fold_1, eval_type: 7
epoch 0 | batch 0 |train loss 0.9526403546333313
Valid: loss 11.812159538269043, score:{'roc_auc': 0.5431952662721893, 'MRR': 0.8421985815602837}
Saving model
epoch 0 | batch 1 |train loss 12.467855453491211
epoch 1 | batch 0 |train loss 3.508958578109741
Valid: loss 6.799752235412598, score:{'roc_auc': 0.6068639053254438, 'MRR': 0.8120567375886524}
Saving model
epoch 1 | batch 1 |train loss 4.385569095611572
epoch 2 | batch 0 |train loss 3.421535015106201
Valid: loss 4.778960704803467, score:{'roc_auc': 0.5985798816568048, 'MRR': 0.8102836879432624}
Saving model
epoch 2 | batch 1 |train loss 4.977755069732666
epoch 3 | batch 0 |train loss 4.423395156860352
Valid: loss 4.8886189460754395, score:{'roc_auc': 0.5789349112426035, 'MRR': 0.8102836879432624}
EarlyStopping counter: 1 out of 3
epoch 3 | batch 1 |train loss 4.391415119171143
epoch 4 | batch 0 |train loss 2.326205015182495
Valid: loss 2.5372512340545654, score:{'roc_auc': 0.5758579881656805, 'MRR': 0.8102836879432624}
Saving model
epoch 4 | batch 1 |train loss 1.7156140804290771
epoch 5 | batch 0 |train loss 1.365440845489502
Valid: loss 1.4869893789291382, score:{'roc_auc': 0.5957396449704142, 'MRR': 0.8297872340425532}
Saving model
epoch 5 | batch 1 |train loss 1.1726646423339844
epoch 6 | batch 0 |train loss 1.4875600337982178
Valid: loss 1.2265454530715942, score:{'roc_auc': 0.6181065088757396, 'MRR': 0.852836879432624}
Saving model
epoch 6 | batch 1 |train loss 1.582039475440979
epoch 7 | batch 0 |train loss 0.8438756465911865
Valid: loss 1.1340149641036987, score:{'roc_auc': 0.6151479289940828, 'MRR': 0.8404255319148937}
Saving model
epoch 7 | batch 1 |train loss 0.7916856408119202
epoch 8 | batch 0 |train loss 0.6924946904182434
Valid: loss 0.9019727110862732, score:{'roc_auc': 0.6603550295857987, 'MRR': 0.8723404255319149}
Saving model
epoch 8 | batch 1 |train loss 0.7574756741523743
epoch 9 | batch 0 |train loss 0.7791401743888855
Valid: loss 0.7986235022544861, score:{'roc_auc': 0.6766863905325444, 'MRR': 0.8617021276595744}
Saving model
epoch 9 | batch 1 |train loss 0.5896720886230469
epoch 10 | batch 0 |train loss 0.6227734088897705
Valid: loss 0.9482758641242981, score:{'roc_auc': 0.6288757396449705, 'MRR': 0.8404255319148937}
EarlyStopping counter: 1 out of 3
epoch 10 | batch 1 |train loss 0.6189429759979248
epoch 11 | batch 0 |train loss 0.570254385471344
Valid: loss 0.8363099098205566, score:{'roc_auc': 0.6328994082840237, 'MRR': 0.8315602836879433}
EarlyStopping counter: 2 out of 3
epoch 11 | batch 1 |train loss 0.5845332145690918
epoch 12 | batch 0 |train loss 0.6064261794090271
Valid: loss 0.8211002945899963, score:{'roc_auc': 0.6364497041420119, 'MRR': 0.8315602836879433}
Meta keys: dict_keys([7])
Data keys: dict_keys([7])
Edge type: 7, Meta: (1, 0)
Average links per head: 3.34
Median: 2.0, Min: 1, Max: 26
len test_list[0] 481
len test_list[1] 481
len test_label 481
2 hop test: loss 0.8211002945899963, score:{'roc_auc': 0.5896438450899031, 'MRR': 0.7587962962962963}
(array([0, 1]), array([240, 241]))
[0.26071116 0.30722594 0.2440497  0.46590218 0.73572534 0.7135148
 0.49105063 0.42460936 0.52439004 0.3768701  0.3437399  0.74307984
 0.93439454 0.98210436 0.00466966 0.99527186 0.99363047 0.36583513
 0.9899485  0.59383446]
Average links per head full random test: 1.49
Medianfull random test: 1.0, Min: 1, Max: 13
len test_list[0]full random test 482
len test_list[1]full random test 482
len test_label full random test 482
2 hop test: loss 0.8211002945899963, score:{'roc_auc': 0.5896438450899031, 'MRR': 0.7587962962962963}
edge type: 7, random_score: {'roc_auc': 0.7432551092439867, 'MRR': 0.9756944444444444}, score: {'roc_auc': 0.5896438450899031, 'MRR': 0.7587962962962963}
ROC_AUC: 0.5896438450899031
Sec neigh test: score list: defaultdict(<class 'list'>, {'roc_auc': [0.5896438450899031], 'MRR': [0.7587962962962963]})
Random test: score list: defaultdict(<class 'list'>, {'roc_auc': [0.7432551092439867], 'MRR': [0.9756944444444444]})
Sec neigh test:average score: defaultdict(<class 'list'>, {'roc_auc': 0.5896, 'MRR': 0.7588})
Random test: average score: defaultdict(<class 'list'>, {'roc_auc': 0.7433, 'MRR': 0.9757})
Completed: amazon_style_ccctt_features_fold_1 (rep 1)

--------------------------------------
Running model: GCN
Dataset: amazon_style_ccctt_features_fold_2
Repetition: 1
--------------------------------------
use device: cpu
Namespace(data='amazon_style_ccctt_features_fold_2', model_path='model.pt', train_iter_n=50, cuda=0, checkpoint='', epochs=100, patience=3, n_layers=2, n_heads=[4], dropout=0.5, model='GCN', lr=0.0001, weight_decay=0.0, batch_size=1024, edge_sample_ratio=1, test_with_CPU=False, decoder='dismult', feat_type=1)
args.feat_type 1
sys_path ['/home/simonettos/homhetgnn/HGB/LP/benchmark/methods/GNN', '/home/simonettos/homhetgnn/sbatches', '/home/simonettos/homhetgnn/HGB/LP/benchmark/methods/baseline', '/home/simonettos/homhetgnn/HGB/LP/benchmark', '/home/simonettos/homhetgnn/HGB/LP/benchmark/methods/GNN', '/home/simonettos/homhetgnn/HGB/LP/benchmark/methods/GNN/utils', '/home/simonettos/homhetgnn/HGB/LP/benchmark/methods/GNN/models', '/deepstore/software/anaconda3/2022.05/lib/python39.zip', '/deepstore/software/anaconda3/2022.05/lib/python3.9', '/deepstore/software/anaconda3/2022.05/lib/python3.9/lib-dynload', '/home/simonettos/homhetgnn/gpuvenv/lib/python3.9/site-packages', '../../', '../../']
Data path: /home/simonettos/homhetgnn/HGB/LP/benchmark/data/amazon_style_ccctt_features_fold_2
Loading nodes from /home/simonettos/homhetgnn/HGB/LP/benchmark/data/amazon_style_ccctt_features_fold_2/node.dat
edge types: dict_keys([6, 2, 5, 7, 12, 4, 10, 3, 8, 0, 9, 1, 11])
Getting training negative samples for edge types: [7]
nodes.shift keys: [0, 1, 2, 3, 4]
nodes.count keys: [0, 1, 2, 3, 4]
links.meta: {6: (2, 1), 2: (1, 1), 5: (1, 1), 7: (1, 0), 12: (4, 3), 4: (0, 0), 10: (1, 1), 3: (0, 4), 8: (0, 0), 0: (0, 0), 9: (1, 1), 1: (1, 1), 11: (1, 1)}
t_type about to use: 0
h_type: 1
shift dict: {0: 0, 1: 558, 2: 1498, 3: 20762, 4: 20776}
count dict: Counter({2: 19264, 1: 940, 4: 799, 0: 558, 3: 14})
Generated 908 negative samples for edge type 7
Info: load amazon_style_ccctt_features_fold_2 from original data and generate /home/simonettos/homhetgnn/HGB/LP/benchmark/data/amazon_style_ccctt_features_fold_2/dl_pickle 
edge types: [7]
dataset: amazon_style_ccctt_features_fold_2, eval_type: 7
epoch 0 | batch 0 |train loss 1.0415105819702148
Valid: loss 20.85687828063965, score:{'roc_auc': 0.5451585801302247, 'MRR': 0.8988095238095238}
Saving model
epoch 0 | batch 1 |train loss 16.355714797973633
epoch 1 | batch 0 |train loss 9.157648086547852
Valid: loss 7.496874809265137, score:{'roc_auc': 0.6516488132745222, 'MRR': 0.8134920634920635}
Saving model
epoch 1 | batch 1 |train loss 4.312521457672119
epoch 2 | batch 0 |train loss 4.591316223144531
Valid: loss 6.851415157318115, score:{'roc_auc': 0.6523839529510607, 'MRR': 0.8134920634920635}
Saving model
epoch 2 | batch 1 |train loss 3.7470502853393555
epoch 3 | batch 0 |train loss 4.081372261047363
Valid: loss 7.747876167297363, score:{'roc_auc': 0.6345305608065532, 'MRR': 0.8412698412698412}
EarlyStopping counter: 1 out of 3
epoch 3 | batch 1 |train loss 4.25437068939209
epoch 4 | batch 0 |train loss 5.105256080627441
Valid: loss 5.843548774719238, score:{'roc_auc': 0.6239235454736399, 'MRR': 0.8412698412698412}
Saving model
epoch 4 | batch 1 |train loss 3.771955728530884
epoch 5 | batch 0 |train loss 2.8590331077575684
Valid: loss 3.6164467334747314, score:{'roc_auc': 0.5933627389203949, 'MRR': 0.8134920634920635}
Saving model
epoch 5 | batch 1 |train loss 1.8494902849197388
epoch 6 | batch 0 |train loss 1.9465460777282715
Valid: loss 2.2039687633514404, score:{'roc_auc': 0.5665826507036337, 'MRR': 0.7976190476190477}
Saving model
epoch 6 | batch 1 |train loss 1.2155503034591675
epoch 7 | batch 0 |train loss 1.5935307741165161
Valid: loss 1.1196434497833252, score:{'roc_auc': 0.5742491073303928, 'MRR': 0.7599206349206349}
Saving model
epoch 7 | batch 1 |train loss 1.3623511791229248
epoch 8 | batch 0 |train loss 0.9173356890678406
Valid: loss 1.0471746921539307, score:{'roc_auc': 0.600084015963033, 'MRR': 0.7579365079365078}
Saving model
epoch 8 | batch 1 |train loss 0.7559399604797363
epoch 9 | batch 0 |train loss 0.7039000988006592
Valid: loss 0.9197069406509399, score:{'roc_auc': 0.6248687250577609, 'MRR': 0.7777777777777777}
Saving model
epoch 9 | batch 1 |train loss 0.7083299160003662
epoch 10 | batch 0 |train loss 0.9388706684112549
Valid: loss 1.0163947343826294, score:{'roc_auc': 0.6307498424700694, 'MRR': 0.7876984126984126}
EarlyStopping counter: 1 out of 3
epoch 10 | batch 1 |train loss 0.6203610301017761
epoch 11 | batch 0 |train loss 0.6836330890655518
Valid: loss 1.028272271156311, score:{'roc_auc': 0.643982356647763, 'MRR': 0.8015873015873015}
EarlyStopping counter: 2 out of 3
epoch 11 | batch 1 |train loss 0.618156373500824
epoch 12 | batch 0 |train loss 0.5792455077171326
Valid: loss 0.7508444786071777, score:{'roc_auc': 0.6973324931737032, 'MRR': 0.8412698412698412}
Saving model
epoch 12 | batch 1 |train loss 0.5553340911865234
epoch 13 | batch 0 |train loss 0.5582869052886963
Valid: loss 0.7569000720977783, score:{'roc_auc': 0.6899810964083175, 'MRR': 0.8690476190476191}
EarlyStopping counter: 1 out of 3
epoch 13 | batch 1 |train loss 0.5351864099502563
epoch 14 | batch 0 |train loss 0.5819816589355469
Valid: loss 0.7500830292701721, score:{'roc_auc': 0.6971224532661205, 'MRR': 0.8571428571428571}
Saving model
epoch 14 | batch 1 |train loss 0.5652242302894592
epoch 15 | batch 0 |train loss 0.5535367131233215
Valid: loss 0.661166787147522, score:{'roc_auc': 0.7328292375551354, 'MRR': 0.8650793650793651}
Saving model
epoch 15 | batch 1 |train loss 0.5234058499336243
epoch 16 | batch 0 |train loss 0.5187259912490845
Valid: loss 0.6751254200935364, score:{'roc_auc': 0.7298886788489815, 'MRR': 0.8492063492063492}
EarlyStopping counter: 1 out of 3
epoch 16 | batch 1 |train loss 0.485305517911911
epoch 17 | batch 0 |train loss 0.51109778881073
Valid: loss 0.7221004366874695, score:{'roc_auc': 0.7164461247637052, 'MRR': 0.8412698412698412}
EarlyStopping counter: 2 out of 3
epoch 17 | batch 1 |train loss 0.4808999001979828
epoch 18 | batch 0 |train loss 0.5132692456245422
Valid: loss 0.6990077495574951, score:{'roc_auc': 0.7242176013442554, 'MRR': 0.8293650793650793}
Meta keys: dict_keys([7])
Data keys: dict_keys([7])
Edge type: 7, Meta: (1, 0)
Average links per head: 3.43
Median: 2.0, Min: 1, Max: 22
len test_list[0] 467
len test_list[1] 467
len test_label 467
2 hop test: loss 0.6990077495574951, score:{'roc_auc': 0.571441672780631, 'MRR': 0.7481617647058824}
(array([0, 1]), array([232, 235]))
[0.16052622 0.13883443 0.24929254 0.26275912 0.51354814 0.49085042
 0.45877284 0.49199286 0.4586103  0.4827942  0.65519214 0.5411151
 0.66196924 0.531627   0.40170377 0.0662462  0.6822637  0.674295
 0.7721669  0.58398134]
Average links per head full random test: 1.50
Medianfull random test: 1.0, Min: 1, Max: 11
len test_list[0]full random test 470
len test_list[1]full random test 470
len test_label full random test 470
2 hop test: loss 0.6990077495574951, score:{'roc_auc': 0.571441672780631, 'MRR': 0.7481617647058824}
edge type: 7, random_score: {'roc_auc': 0.7641104572204618, 'MRR': 0.9816176470588235}, score: {'roc_auc': 0.571441672780631, 'MRR': 0.7481617647058824}
ROC_AUC: 0.571441672780631
Sec neigh test: score list: defaultdict(<class 'list'>, {'roc_auc': [0.571441672780631], 'MRR': [0.7481617647058824]})
Random test: score list: defaultdict(<class 'list'>, {'roc_auc': [0.7641104572204618], 'MRR': [0.9816176470588235]})
Sec neigh test:average score: defaultdict(<class 'list'>, {'roc_auc': 0.5714, 'MRR': 0.7482})
Random test: average score: defaultdict(<class 'list'>, {'roc_auc': 0.7641, 'MRR': 0.9816})
Completed: amazon_style_ccctt_features_fold_2 (rep 1)

--------------------------------------
Running model: GCN
Dataset: amazon_style_ccctt_features_fold_3
Repetition: 1
--------------------------------------
use device: cpu
Namespace(data='amazon_style_ccctt_features_fold_3', model_path='model.pt', train_iter_n=50, cuda=0, checkpoint='', epochs=100, patience=3, n_layers=2, n_heads=[4], dropout=0.5, model='GCN', lr=0.0001, weight_decay=0.0, batch_size=1024, edge_sample_ratio=1, test_with_CPU=False, decoder='dismult', feat_type=1)
args.feat_type 1
sys_path ['/home/simonettos/homhetgnn/HGB/LP/benchmark/methods/GNN', '/home/simonettos/homhetgnn/sbatches', '/home/simonettos/homhetgnn/HGB/LP/benchmark/methods/baseline', '/home/simonettos/homhetgnn/HGB/LP/benchmark', '/home/simonettos/homhetgnn/HGB/LP/benchmark/methods/GNN', '/home/simonettos/homhetgnn/HGB/LP/benchmark/methods/GNN/utils', '/home/simonettos/homhetgnn/HGB/LP/benchmark/methods/GNN/models', '/deepstore/software/anaconda3/2022.05/lib/python39.zip', '/deepstore/software/anaconda3/2022.05/lib/python3.9', '/deepstore/software/anaconda3/2022.05/lib/python3.9/lib-dynload', '/home/simonettos/homhetgnn/gpuvenv/lib/python3.9/site-packages', '../../', '../../']
Data path: /home/simonettos/homhetgnn/HGB/LP/benchmark/data/amazon_style_ccctt_features_fold_3
Loading nodes from /home/simonettos/homhetgnn/HGB/LP/benchmark/data/amazon_style_ccctt_features_fold_3/node.dat
edge types: dict_keys([6, 2, 5, 7, 12, 4, 10, 3, 8, 0, 9, 1, 11])
Getting training negative samples for edge types: [7]
nodes.shift keys: [0, 1, 2, 3, 4]
nodes.count keys: [0, 1, 2, 3, 4]
links.meta: {6: (2, 1), 2: (1, 1), 5: (1, 1), 7: (1, 0), 12: (4, 3), 4: (0, 0), 10: (1, 1), 3: (0, 4), 8: (0, 0), 0: (0, 0), 9: (1, 1), 1: (1, 1), 11: (1, 1)}
t_type about to use: 0
h_type: 1
shift dict: {0: 0, 1: 558, 2: 1498, 3: 20762, 4: 20776}
count dict: Counter({2: 19264, 1: 940, 4: 799, 0: 558, 3: 14})
Generated 881 negative samples for edge type 7
Info: load amazon_style_ccctt_features_fold_3 from original data and generate /home/simonettos/homhetgnn/HGB/LP/benchmark/data/amazon_style_ccctt_features_fold_3/dl_pickle 
edge types: [7]
dataset: amazon_style_ccctt_features_fold_3, eval_type: 7
epoch 0 | batch 0 |train loss 0.9394921660423279
Valid: loss 9.910313606262207, score:{'roc_auc': 0.5395918367346939, 'MRR': 0.8581560283687943}
Saving model
epoch 0 | batch 1 |train loss 9.229153633117676
epoch 1 | batch 0 |train loss 6.7950758934021
Valid: loss 4.957575798034668, score:{'roc_auc': 0.6546938775510203, 'MRR': 0.851063829787234}
Saving model
epoch 1 | batch 1 |train loss 3.8383677005767822
epoch 2 | batch 0 |train loss 5.116018295288086
Valid: loss 8.877889633178711, score:{'roc_auc': 0.6671428571428571, 'MRR': 0.8723404255319149}
EarlyStopping counter: 1 out of 3
epoch 2 | batch 1 |train loss 7.211584091186523
epoch 3 | batch 0 |train loss 7.982553482055664
Valid: loss 7.1539764404296875, score:{'roc_auc': 0.6661224489795918, 'MRR': 0.8723404255319149}
EarlyStopping counter: 2 out of 3
epoch 3 | batch 1 |train loss 5.665160655975342
epoch 4 | batch 0 |train loss 4.972222328186035
Valid: loss 4.072196960449219, score:{'roc_auc': 0.6756122448979591, 'MRR': 0.8617021276595744}
Saving model
epoch 4 | batch 1 |train loss 3.595801591873169
epoch 5 | batch 0 |train loss 3.9167253971099854
Valid: loss 2.2574150562286377, score:{'roc_auc': 0.6532653061224489, 'MRR': 0.8368794326241136}
Saving model
epoch 5 | batch 1 |train loss 2.403581380844116
epoch 6 | batch 0 |train loss 2.1138229370117188
Valid: loss 1.7728124856948853, score:{'roc_auc': 0.6736734693877551, 'MRR': 0.8368794326241136}
Saving model
epoch 6 | batch 1 |train loss 1.5965209007263184
epoch 7 | batch 0 |train loss 2.378164291381836
Valid: loss 1.019540548324585, score:{'roc_auc': 0.6590816326530612, 'MRR': 0.8687943262411348}
Saving model
epoch 7 | batch 1 |train loss 1.2044322490692139
epoch 8 | batch 0 |train loss 0.7761240005493164
Valid: loss 1.1124119758605957, score:{'roc_auc': 0.6618367346938776, 'MRR': 0.8794326241134752}
EarlyStopping counter: 1 out of 3
epoch 8 | batch 1 |train loss 0.8355345726013184
epoch 9 | batch 0 |train loss 0.935244083404541
Valid: loss 1.1695643663406372, score:{'roc_auc': 0.6648979591836734, 'MRR': 0.847517730496454}
EarlyStopping counter: 2 out of 3
epoch 9 | batch 1 |train loss 0.823403537273407
epoch 10 | batch 0 |train loss 0.9005206227302551
Valid: loss 1.0591048002243042, score:{'roc_auc': 0.7169387755102041, 'MRR': 0.8368794326241136}
Meta keys: dict_keys([7])
Data keys: dict_keys([7])
Edge type: 7, Meta: (1, 0)
Average links per head: 3.61
Median: 2.0, Min: 2, Max: 30
len test_list[0] 524
len test_list[1] 524
len test_label 524
2 hop test: loss 1.0591048002243042, score:{'roc_auc': 0.537876580618845, 'MRR': 0.7522988505747127}
(array([0, 1]), array([262, 262]))
[0.13951015 0.3775666  0.79952925 0.823959   0.46093482 0.46093482
 0.9953053  0.02820514 0.40782985 0.49948746 0.46607015 0.7700931
 0.99271727 0.33913285 0.5878385  0.7967921  0.2897139  0.15145917
 0.2831806  0.8127917 ]
Average links per head full random test: 1.53
Medianfull random test: 1.0, Min: 1, Max: 15
len test_list[0]full random test 524
len test_list[1]full random test 524
len test_label full random test 524
2 hop test: loss 1.0591048002243042, score:{'roc_auc': 0.537876580618845, 'MRR': 0.7522988505747127}
edge type: 7, random_score: {'roc_auc': 0.7551279062991667, 'MRR': 0.9781609195402298}, score: {'roc_auc': 0.537876580618845, 'MRR': 0.7522988505747127}
ROC_AUC: 0.537876580618845
Sec neigh test: score list: defaultdict(<class 'list'>, {'roc_auc': [0.537876580618845], 'MRR': [0.7522988505747127]})
Random test: score list: defaultdict(<class 'list'>, {'roc_auc': [0.7551279062991667], 'MRR': [0.9781609195402298]})
Sec neigh test:average score: defaultdict(<class 'list'>, {'roc_auc': 0.5379, 'MRR': 0.7523})
Random test: average score: defaultdict(<class 'list'>, {'roc_auc': 0.7551, 'MRR': 0.9782})
Completed: amazon_style_ccctt_features_fold_3 (rep 1)

--------------------------------------
Running model: GCN
Dataset: amazon_style_ccctt_features_fold_4
Repetition: 1
--------------------------------------
use device: cpu
Namespace(data='amazon_style_ccctt_features_fold_4', model_path='model.pt', train_iter_n=50, cuda=0, checkpoint='', epochs=100, patience=3, n_layers=2, n_heads=[4], dropout=0.5, model='GCN', lr=0.0001, weight_decay=0.0, batch_size=1024, edge_sample_ratio=1, test_with_CPU=False, decoder='dismult', feat_type=1)
args.feat_type 1
sys_path ['/home/simonettos/homhetgnn/HGB/LP/benchmark/methods/GNN', '/home/simonettos/homhetgnn/sbatches', '/home/simonettos/homhetgnn/HGB/LP/benchmark/methods/baseline', '/home/simonettos/homhetgnn/HGB/LP/benchmark', '/home/simonettos/homhetgnn/HGB/LP/benchmark/methods/GNN', '/home/simonettos/homhetgnn/HGB/LP/benchmark/methods/GNN/utils', '/home/simonettos/homhetgnn/HGB/LP/benchmark/methods/GNN/models', '/deepstore/software/anaconda3/2022.05/lib/python39.zip', '/deepstore/software/anaconda3/2022.05/lib/python3.9', '/deepstore/software/anaconda3/2022.05/lib/python3.9/lib-dynload', '/home/simonettos/homhetgnn/gpuvenv/lib/python3.9/site-packages', '../../', '../../']
Data path: /home/simonettos/homhetgnn/HGB/LP/benchmark/data/amazon_style_ccctt_features_fold_4
Loading nodes from /home/simonettos/homhetgnn/HGB/LP/benchmark/data/amazon_style_ccctt_features_fold_4/node.dat
edge types: dict_keys([6, 2, 5, 7, 12, 4, 10, 3, 8, 0, 9, 1, 11])
Getting training negative samples for edge types: [7]
nodes.shift keys: [0, 1, 2, 3, 4]
nodes.count keys: [0, 1, 2, 3, 4]
links.meta: {6: (2, 1), 2: (1, 1), 5: (1, 1), 7: (1, 0), 12: (4, 3), 4: (0, 0), 10: (1, 1), 3: (0, 4), 8: (0, 0), 0: (0, 0), 9: (1, 1), 1: (1, 1), 11: (1, 1)}
t_type about to use: 0
h_type: 1
shift dict: {0: 0, 1: 558, 2: 1498, 3: 20762, 4: 20776}
count dict: Counter({2: 19264, 1: 940, 4: 799, 0: 558, 3: 14})
Generated 908 negative samples for edge type 7
Info: load amazon_style_ccctt_features_fold_4 from original data and generate /home/simonettos/homhetgnn/HGB/LP/benchmark/data/amazon_style_ccctt_features_fold_4/dl_pickle 
edge types: [7]
dataset: amazon_style_ccctt_features_fold_4, eval_type: 7
epoch 0 | batch 0 |train loss 1.085702657699585
Valid: loss 10.475897789001465, score:{'roc_auc': 0.5778016662187584, 'MRR': 0.8586956521739131}
Saving model
epoch 0 | batch 1 |train loss 10.566823959350586
epoch 1 | batch 0 |train loss 8.299400329589844
Valid: loss 6.470483303070068, score:{'roc_auc': 0.6847621607094866, 'MRR': 0.8913043478260869}
Saving model
epoch 1 | batch 1 |train loss 5.2530131340026855
epoch 2 | batch 0 |train loss 6.992764949798584
Valid: loss 9.842464447021484, score:{'roc_auc': 0.7270894920720237, 'MRR': 0.9130434782608695}
EarlyStopping counter: 1 out of 3
epoch 2 | batch 1 |train loss 9.21045207977295
epoch 3 | batch 0 |train loss 9.400745391845703
Valid: loss 7.830193519592285, score:{'roc_auc': 0.736092448266595, 'MRR': 0.9239130434782609}
EarlyStopping counter: 2 out of 3
epoch 3 | batch 1 |train loss 7.1201934814453125
epoch 4 | batch 0 |train loss 5.204876899719238
Valid: loss 5.883294582366943, score:{'roc_auc': 0.7339424885783392, 'MRR': 0.9130434782608695}
Saving model
epoch 4 | batch 1 |train loss 4.608078479766846
epoch 5 | batch 0 |train loss 3.897765636444092
Valid: loss 4.575964450836182, score:{'roc_auc': 0.7180865358774522, 'MRR': 0.9021739130434783}
Saving model
epoch 5 | batch 1 |train loss 3.644658327102661
epoch 6 | batch 0 |train loss 2.7437124252319336
Valid: loss 3.732009172439575, score:{'roc_auc': 0.6875839828003225, 'MRR': 0.8804347826086957}
Saving model
epoch 6 | batch 1 |train loss 2.282172203063965
epoch 7 | batch 0 |train loss 1.8295236825942993
Valid: loss 1.841436505317688, score:{'roc_auc': 0.6499596882558452, 'MRR': 0.7681159420289854}
Saving model
epoch 7 | batch 1 |train loss 1.725180745124817
epoch 8 | batch 0 |train loss 1.0020289421081543
Valid: loss 1.3416268825531006, score:{'roc_auc': 0.6001074979844127, 'MRR': 0.7717391304347826}
Saving model
epoch 8 | batch 1 |train loss 1.0892142057418823
epoch 9 | batch 0 |train loss 0.8838492035865784
Valid: loss 0.810795783996582, score:{'roc_auc': 0.7097554420854608, 'MRR': 0.7934782608695652}
Saving model
epoch 9 | batch 1 |train loss 0.719365656375885
epoch 10 | batch 0 |train loss 0.7426045536994934
Valid: loss 0.8307771682739258, score:{'roc_auc': 0.7527546358505778, 'MRR': 0.8695652173913043}
EarlyStopping counter: 1 out of 3
epoch 10 | batch 1 |train loss 0.8194066882133484
epoch 11 | batch 0 |train loss 0.7190259695053101
Valid: loss 0.8708544969558716, score:{'roc_auc': 0.7629669443697932, 'MRR': 0.8804347826086957}
EarlyStopping counter: 2 out of 3
epoch 11 | batch 1 |train loss 0.7614314556121826
epoch 12 | batch 0 |train loss 0.6306400299072266
Valid: loss 0.6588757038116455, score:{'roc_auc': 0.7868852459016393, 'MRR': 0.9021739130434783}
Saving model
epoch 12 | batch 1 |train loss 0.7383803725242615
epoch 13 | batch 0 |train loss 0.671538770198822
Valid: loss 0.5917883515357971, score:{'roc_auc': 0.7944101048105349, 'MRR': 0.8985507246376813}
Saving model
epoch 13 | batch 1 |train loss 0.7349442839622498
epoch 14 | batch 0 |train loss 0.597639262676239
Valid: loss 0.7440807819366455, score:{'roc_auc': 0.7812416017199677, 'MRR': 0.9021739130434783}
EarlyStopping counter: 1 out of 3
epoch 14 | batch 1 |train loss 0.6384516954421997
epoch 15 | batch 0 |train loss 0.6032336950302124
Valid: loss 0.5998611450195312, score:{'roc_auc': 0.8030099435635581, 'MRR': 0.9021739130434783}
EarlyStopping counter: 2 out of 3
epoch 15 | batch 1 |train loss 0.5396665930747986
epoch 16 | batch 0 |train loss 0.5297523736953735
Valid: loss 0.5422075986862183, score:{'roc_auc': 0.8280032249395324, 'MRR': 0.9021739130434783}
Saving model
epoch 16 | batch 1 |train loss 0.517811119556427
epoch 17 | batch 0 |train loss 0.5152357816696167
Valid: loss 0.5609458088874817, score:{'roc_auc': 0.8226283257188928, 'MRR': 0.8913043478260869}
EarlyStopping counter: 1 out of 3
epoch 17 | batch 1 |train loss 0.5134581327438354
epoch 18 | batch 0 |train loss 0.5213501453399658
Valid: loss 0.5633599162101746, score:{'roc_auc': 0.8153722117710293, 'MRR': 0.9130434782608695}
EarlyStopping counter: 2 out of 3
epoch 18 | batch 1 |train loss 0.52117520570755
epoch 19 | batch 0 |train loss 0.5304290056228638
Valid: loss 0.5467445850372314, score:{'roc_auc': 0.8317656543939801, 'MRR': 0.9130434782608695}
Meta keys: dict_keys([7])
Data keys: dict_keys([7])
Edge type: 7, Meta: (1, 0)
Average links per head: 3.34
Median: 2.0, Min: 1, Max: 22
len test_list[0] 484
len test_list[1] 484
len test_label 484
2 hop test: loss 0.5467445850372314, score:{'roc_auc': 0.5199870225227533, 'MRR': 0.7588505747126436}
(array([0, 1]), array([241, 243]))
[0.25430605 0.30816117 0.6056471  0.720065   0.5983318  0.5281874
 0.8213017  0.49047467 0.9866107  0.9602738  0.9839431  0.892998
 0.99719656 0.99983275 0.36466667 0.6907051  0.95806026 0.839585
 0.6526513  0.5963305 ]
Average links per head full random test: 1.49
Medianfull random test: 1.0, Min: 1, Max: 11
len test_list[0]full random test 486
len test_list[1]full random test 486
len test_label full random test 486
2 hop test: loss 0.5467445850372314, score:{'roc_auc': 0.5199870225227533, 'MRR': 0.7588505747126436}
edge type: 7, random_score: {'roc_auc': 0.7441954986536605, 'MRR': 0.9678160919540231}, score: {'roc_auc': 0.5199870225227533, 'MRR': 0.7588505747126436}
ROC_AUC: 0.5199870225227533
Sec neigh test: score list: defaultdict(<class 'list'>, {'roc_auc': [0.5199870225227533], 'MRR': [0.7588505747126436]})
Random test: score list: defaultdict(<class 'list'>, {'roc_auc': [0.7441954986536605], 'MRR': [0.9678160919540231]})
Sec neigh test:average score: defaultdict(<class 'list'>, {'roc_auc': 0.52, 'MRR': 0.7589})
Random test: average score: defaultdict(<class 'list'>, {'roc_auc': 0.7442, 'MRR': 0.9678})
Completed: amazon_style_ccctt_features_fold_4 (rep 1)

--------------------------------------
Running model: GCN
Dataset: amazon_style_ccctt_features_fold_5
Repetition: 1
--------------------------------------
use device: cpu
Namespace(data='amazon_style_ccctt_features_fold_5', model_path='model.pt', train_iter_n=50, cuda=0, checkpoint='', epochs=100, patience=3, n_layers=2, n_heads=[4], dropout=0.5, model='GCN', lr=0.0001, weight_decay=0.0, batch_size=1024, edge_sample_ratio=1, test_with_CPU=False, decoder='dismult', feat_type=1)
args.feat_type 1
sys_path ['/home/simonettos/homhetgnn/HGB/LP/benchmark/methods/GNN', '/home/simonettos/homhetgnn/sbatches', '/home/simonettos/homhetgnn/HGB/LP/benchmark/methods/baseline', '/home/simonettos/homhetgnn/HGB/LP/benchmark', '/home/simonettos/homhetgnn/HGB/LP/benchmark/methods/GNN', '/home/simonettos/homhetgnn/HGB/LP/benchmark/methods/GNN/utils', '/home/simonettos/homhetgnn/HGB/LP/benchmark/methods/GNN/models', '/deepstore/software/anaconda3/2022.05/lib/python39.zip', '/deepstore/software/anaconda3/2022.05/lib/python3.9', '/deepstore/software/anaconda3/2022.05/lib/python3.9/lib-dynload', '/home/simonettos/homhetgnn/gpuvenv/lib/python3.9/site-packages', '../../', '../../']
Data path: /home/simonettos/homhetgnn/HGB/LP/benchmark/data/amazon_style_ccctt_features_fold_5
Loading nodes from /home/simonettos/homhetgnn/HGB/LP/benchmark/data/amazon_style_ccctt_features_fold_5/node.dat
edge types: dict_keys([6, 2, 5, 7, 12, 4, 10, 3, 8, 0, 9, 1, 11])
Getting training negative samples for edge types: [7]
nodes.shift keys: [0, 1, 2, 3, 4]
nodes.count keys: [0, 1, 2, 3, 4]
links.meta: {6: (2, 1), 2: (1, 1), 5: (1, 1), 7: (1, 0), 12: (4, 3), 4: (0, 0), 10: (1, 1), 3: (0, 4), 8: (0, 0), 0: (0, 0), 9: (1, 1), 1: (1, 1), 11: (1, 1)}
t_type about to use: 0
h_type: 1
shift dict: {0: 0, 1: 558, 2: 1498, 3: 20762, 4: 20776}
count dict: Counter({2: 19264, 1: 940, 4: 799, 0: 558, 3: 14})
Generated 918 negative samples for edge type 7
Info: load amazon_style_ccctt_features_fold_5 from original data and generate /home/simonettos/homhetgnn/HGB/LP/benchmark/data/amazon_style_ccctt_features_fold_5/dl_pickle 
edge types: [7]
dataset: amazon_style_ccctt_features_fold_5, eval_type: 7
epoch 0 | batch 0 |train loss 1.690882682800293
Valid: loss 16.70081329345703, score:{'roc_auc': 0.5039052658100277, 'MRR': 0.7378048780487805}
Saving model
epoch 0 | batch 1 |train loss 12.660300254821777
epoch 1 | batch 0 |train loss 13.892796516418457
Valid: loss 18.724637985229492, score:{'roc_auc': 0.5084404132023179, 'MRR': 0.8008130081300812}
EarlyStopping counter: 1 out of 3
epoch 1 | batch 1 |train loss 12.813454627990723
epoch 2 | batch 0 |train loss 10.808740615844727
Valid: loss 14.624943733215332, score:{'roc_auc': 0.5217939027462837, 'MRR': 0.7804878048780488}
Saving model
epoch 2 | batch 1 |train loss 8.320417404174805
epoch 3 | batch 0 |train loss 5.221004009246826
Valid: loss 10.165395736694336, score:{'roc_auc': 0.5445956160241875, 'MRR': 0.8333333333333335}
Saving model
epoch 3 | batch 1 |train loss 5.025243759155273
epoch 4 | batch 0 |train loss 5.682558059692383
Valid: loss 8.4283447265625, score:{'roc_auc': 0.563869992441421, 'MRR': 0.8699186991869919}
Saving model
epoch 4 | batch 1 |train loss 7.353902816772461
epoch 5 | batch 0 |train loss 4.267209529876709
Valid: loss 5.971844673156738, score:{'roc_auc': 0.5597127739984883, 'MRR': 0.8699186991869918}
Saving model
epoch 5 | batch 1 |train loss 5.092068195343018
epoch 6 | batch 0 |train loss 3.1736533641815186
Valid: loss 3.74161434173584, score:{'roc_auc': 0.5399344923154447, 'MRR': 0.8170731707317073}
Saving model
epoch 6 | batch 1 |train loss 3.5296294689178467
epoch 7 | batch 0 |train loss 2.154771327972412
Valid: loss 1.5010656118392944, score:{'roc_auc': 0.5810027714789618, 'MRR': 0.8048780487804879}
Saving model
epoch 7 | batch 1 |train loss 2.3453805446624756
epoch 8 | batch 0 |train loss 1.5302058458328247
Valid: loss 1.051503300666809, score:{'roc_auc': 0.6301335348954397, 'MRR': 0.8028455284552847}
Saving model
epoch 8 | batch 1 |train loss 0.8571999073028564
epoch 9 | batch 0 |train loss 0.6461164951324463
Valid: loss 0.9971336722373962, score:{'roc_auc': 0.6334089191232048, 'MRR': 0.8333333333333333}
Saving model
epoch 9 | batch 1 |train loss 0.7294314503669739
epoch 10 | batch 0 |train loss 0.7965821027755737
Valid: loss 2.0708959102630615, score:{'roc_auc': 0.5961199294532628, 'MRR': 0.8617886178861788}
EarlyStopping counter: 1 out of 3
epoch 10 | batch 1 |train loss 0.8275412321090698
epoch 11 | batch 0 |train loss 0.8888585567474365
Valid: loss 1.1639362573623657, score:{'roc_auc': 0.6059460821365584, 'MRR': 0.8739837398373983}
EarlyStopping counter: 2 out of 3
epoch 11 | batch 1 |train loss 0.7616525888442993
epoch 12 | batch 0 |train loss 0.6782947778701782
Valid: loss 0.7549614906311035, score:{'roc_auc': 0.7067271352985639, 'MRR': 0.8983739837398372}
Saving model
epoch 12 | batch 1 |train loss 0.6429060697555542
epoch 13 | batch 0 |train loss 0.5860370397567749
Valid: loss 0.7653297781944275, score:{'roc_auc': 0.6963970773494583, 'MRR': 0.855691056910569}
EarlyStopping counter: 1 out of 3
epoch 13 | batch 1 |train loss 0.5877501964569092
epoch 14 | batch 0 |train loss 0.6225809454917908
Valid: loss 0.842376708984375, score:{'roc_auc': 0.6822877299067776, 'MRR': 0.855691056910569}
EarlyStopping counter: 2 out of 3
epoch 14 | batch 1 |train loss 0.5880750417709351
epoch 15 | batch 0 |train loss 0.5867816209793091
Valid: loss 0.7109369039535522, score:{'roc_auc': 0.6840513983371126, 'MRR': 0.8495934959349593}
Saving model
epoch 15 | batch 1 |train loss 0.6094903945922852
epoch 16 | batch 0 |train loss 0.5840840935707092
Valid: loss 0.7675675749778748, score:{'roc_auc': 0.6785084404132024, 'MRR': 0.8739837398373983}
EarlyStopping counter: 1 out of 3
epoch 16 | batch 1 |train loss 0.5648703575134277
epoch 17 | batch 0 |train loss 0.5396714806556702
Valid: loss 0.8886282444000244, score:{'roc_auc': 0.6601158982111363, 'MRR': 0.8739837398373983}
EarlyStopping counter: 2 out of 3
epoch 17 | batch 1 |train loss 0.561802089214325
epoch 18 | batch 0 |train loss 0.5323447585105896
Valid: loss 0.6752260327339172, score:{'roc_auc': 0.6966490299823632, 'MRR': 0.8739837398373983}
Saving model
epoch 18 | batch 1 |train loss 0.5207316875457764
epoch 19 | batch 0 |train loss 0.5309558510780334
Valid: loss 0.615464448928833, score:{'roc_auc': 0.7213403880070546, 'MRR': 0.8617886178861788}
Saving model
epoch 19 | batch 1 |train loss 0.48453253507614136
epoch 20 | batch 0 |train loss 0.51581209897995
Valid: loss 0.6076968908309937, score:{'roc_auc': 0.7432602670697909, 'MRR': 0.8861788617886178}
Saving model
epoch 20 | batch 1 |train loss 0.47966331243515015
epoch 21 | batch 0 |train loss 0.47770875692367554
Valid: loss 0.6059980392456055, score:{'roc_auc': 0.7495590828924162, 'MRR': 0.8861788617886178}
Saving model
epoch 21 | batch 1 |train loss 0.4893994927406311
epoch 22 | batch 0 |train loss 0.4878306984901428
Valid: loss 0.6375730037689209, score:{'roc_auc': 0.7339380196523053, 'MRR': 0.8861788617886178}
EarlyStopping counter: 1 out of 3
epoch 22 | batch 1 |train loss 0.48098883032798767
epoch 23 | batch 0 |train loss 0.4899478852748871
Valid: loss 0.63592928647995, score:{'roc_auc': 0.7364575459813555, 'MRR': 0.8739837398373983}
EarlyStopping counter: 2 out of 3
epoch 23 | batch 1 |train loss 0.48422443866729736
epoch 24 | batch 0 |train loss 0.4706217646598816
Valid: loss 0.612798810005188, score:{'roc_auc': 0.7528344671201814, 'MRR': 0.8739837398373983}
Meta keys: dict_keys([7])
Data keys: dict_keys([7])
Edge type: 7, Meta: (1, 0)
Average links per head: 3.52
Median: 2.0, Min: 1, Max: 22
len test_list[0] 461
len test_list[1] 461
len test_label 461
2 hop test: loss 0.612798810005188, score:{'roc_auc': 0.5957875319981931, 'MRR': 0.7989821882951653}
(array([0, 1]), array([229, 232]))
[0.54672235 0.58389294 0.61406416 0.9871633  0.8318863  0.82889223
 0.9296782  0.78676605 0.5312838  0.10192535 0.9963815  0.8830686
 0.02078477 0.5380041  0.5732017  0.86961687 0.5781575  0.56817603
 0.9973937  0.9757751 ]
Average links per head full random test: 1.50
Medianfull random test: 1.0, Min: 1, Max: 11
len test_list[0]full random test 464
len test_list[1]full random test 464
len test_label full random test 464
2 hop test: loss 0.612798810005188, score:{'roc_auc': 0.5957875319981931, 'MRR': 0.7989821882951653}
edge type: 7, random_score: {'roc_auc': 0.7676129607609988, 'MRR': 0.9847328244274809}, score: {'roc_auc': 0.5957875319981931, 'MRR': 0.7989821882951653}
ROC_AUC: 0.5957875319981931
Sec neigh test: score list: defaultdict(<class 'list'>, {'roc_auc': [0.5957875319981931], 'MRR': [0.7989821882951653]})
Random test: score list: defaultdict(<class 'list'>, {'roc_auc': [0.7676129607609988], 'MRR': [0.9847328244274809]})
Sec neigh test:average score: defaultdict(<class 'list'>, {'roc_auc': 0.5958, 'MRR': 0.799})
Random test: average score: defaultdict(<class 'list'>, {'roc_auc': 0.7676, 'MRR': 0.9847})
Completed: amazon_style_ccctt_features_fold_5 (rep 1)

=== Repetition 2/6 ===
--------------------------------------
Running model: GCN
Dataset: amazon_style_ccctt_features_fold_1
Repetition: 2
--------------------------------------
use device: cpu
Namespace(data='amazon_style_ccctt_features_fold_1', model_path='model.pt', train_iter_n=50, cuda=0, checkpoint='', epochs=100, patience=3, n_layers=2, n_heads=[4], dropout=0.5, model='GCN', lr=0.0001, weight_decay=0.0, batch_size=1024, edge_sample_ratio=1, test_with_CPU=False, decoder='dismult', feat_type=1)
args.feat_type 1
sys_path ['/home/simonettos/homhetgnn/HGB/LP/benchmark/methods/GNN', '/home/simonettos/homhetgnn/sbatches', '/home/simonettos/homhetgnn/HGB/LP/benchmark/methods/baseline', '/home/simonettos/homhetgnn/HGB/LP/benchmark', '/home/simonettos/homhetgnn/HGB/LP/benchmark/methods/GNN', '/home/simonettos/homhetgnn/HGB/LP/benchmark/methods/GNN/utils', '/home/simonettos/homhetgnn/HGB/LP/benchmark/methods/GNN/models', '/deepstore/software/anaconda3/2022.05/lib/python39.zip', '/deepstore/software/anaconda3/2022.05/lib/python3.9', '/deepstore/software/anaconda3/2022.05/lib/python3.9/lib-dynload', '/home/simonettos/homhetgnn/gpuvenv/lib/python3.9/site-packages', '../../', '../../']
Data path: /home/simonettos/homhetgnn/HGB/LP/benchmark/data/amazon_style_ccctt_features_fold_1
Loading nodes from /home/simonettos/homhetgnn/HGB/LP/benchmark/data/amazon_style_ccctt_features_fold_1/node.dat
edge types: dict_keys([6, 12, 5, 7, 0, 9, 2, 4, 10, 8, 3, 1, 11])
Getting training negative samples for edge types: [7]
nodes.shift keys: [0, 1, 2, 3, 4]
nodes.count keys: [0, 1, 2, 3, 4]
links.meta: {6: (2, 1), 12: (4, 3), 5: (1, 1), 7: (1, 0), 0: (0, 0), 9: (1, 1), 2: (1, 1), 4: (0, 0), 10: (1, 1), 8: (0, 0), 3: (0, 4), 1: (1, 1), 11: (1, 1)}
t_type about to use: 0
h_type: 1
shift dict: {0: 0, 1: 558, 2: 1498, 3: 20762, 4: 20776}
count dict: Counter({2: 19264, 1: 940, 4: 799, 0: 558, 3: 14})
Generated 906 negative samples for edge type 7
Info: load amazon_style_ccctt_features_fold_1 from original data and generate /home/simonettos/homhetgnn/HGB/LP/benchmark/data/amazon_style_ccctt_features_fold_1/dl_pickle 
edge types: [7]
dataset: amazon_style_ccctt_features_fold_1, eval_type: 7
epoch 0 | batch 0 |train loss 0.8869330883026123
Valid: loss 30.080501556396484, score:{'roc_auc': 0.5112426035502958, 'MRR': 0.931159420289855}
Saving model
epoch 0 | batch 1 |train loss 22.516843795776367
epoch 1 | batch 0 |train loss 21.588817596435547
Valid: loss 24.087839126586914, score:{'roc_auc': 0.5287573964497041, 'MRR': 0.8858695652173914}
Saving model
epoch 1 | batch 1 |train loss 15.963770866394043
epoch 2 | batch 0 |train loss 9.276193618774414
Valid: loss 9.914055824279785, score:{'roc_auc': 0.6506508875739645, 'MRR': 0.8713768115942028}
Saving model
epoch 2 | batch 1 |train loss 5.351169109344482
epoch 3 | batch 0 |train loss 4.798358917236328
Valid: loss 8.587141036987305, score:{'roc_auc': 0.6646153846153846, 'MRR': 0.8822463768115941}
Saving model
epoch 3 | batch 1 |train loss 4.3559722900390625
epoch 4 | batch 0 |train loss 3.8532397747039795
Valid: loss 7.011412620544434, score:{'roc_auc': 0.6377514792899408, 'MRR': 0.8496376811594202}
Saving model
epoch 4 | batch 1 |train loss 4.361104965209961
epoch 5 | batch 0 |train loss 3.7487525939941406
Valid: loss 3.377326011657715, score:{'roc_auc': 0.6403550295857988, 'MRR': 0.8206521739130435}
Saving model
epoch 5 | batch 1 |train loss 2.4137706756591797
epoch 6 | batch 0 |train loss 1.7267301082611084
Valid: loss 2.6287589073181152, score:{'roc_auc': 0.5962130177514793, 'MRR': 0.8007246376811593}
Saving model
epoch 6 | batch 1 |train loss 1.402417778968811
epoch 7 | batch 0 |train loss 1.2044466733932495
Valid: loss 1.440333366394043, score:{'roc_auc': 0.549585798816568, 'MRR': 0.7971014492753624}
Saving model
epoch 7 | batch 1 |train loss 0.9723671674728394
epoch 8 | batch 0 |train loss 1.326982021331787
Valid: loss 1.1172702312469482, score:{'roc_auc': 0.5978698224852071, 'MRR': 0.8097826086956522}
Saving model
epoch 8 | batch 1 |train loss 0.9361683130264282
epoch 9 | batch 0 |train loss 0.6778497099876404
Valid: loss 0.9267668724060059, score:{'roc_auc': 0.714792899408284, 'MRR': 0.8695652173913043}
Saving model
epoch 9 | batch 1 |train loss 0.7536137700080872
epoch 10 | batch 0 |train loss 0.6700003147125244
Valid: loss 0.701616644859314, score:{'roc_auc': 0.738224852071006, 'MRR': 0.8731884057971014}
Saving model
epoch 10 | batch 1 |train loss 0.7738415002822876
epoch 11 | batch 0 |train loss 0.8693366050720215
Valid: loss 0.7399311065673828, score:{'roc_auc': 0.7415384615384615, 'MRR': 0.8731884057971014}
EarlyStopping counter: 1 out of 3
epoch 11 | batch 1 |train loss 0.7699207663536072
epoch 12 | batch 0 |train loss 0.6174092292785645
Valid: loss 0.5753646492958069, score:{'roc_auc': 0.762603550295858, 'MRR': 0.9021739130434783}
Saving model
epoch 12 | batch 1 |train loss 0.5929239988327026
epoch 13 | batch 0 |train loss 0.5764336585998535
Valid: loss 0.6095723509788513, score:{'roc_auc': 0.7394082840236686, 'MRR': 0.9239130434782609}
EarlyStopping counter: 1 out of 3
epoch 13 | batch 1 |train loss 0.5470198392868042
epoch 14 | batch 0 |train loss 0.5444217920303345
Valid: loss 0.6052584052085876, score:{'roc_auc': 0.7332544378698225, 'MRR': 0.8369565217391305}
EarlyStopping counter: 2 out of 3
epoch 14 | batch 1 |train loss 0.5553353428840637
epoch 15 | batch 0 |train loss 0.5609356164932251
Valid: loss 0.62470942735672, score:{'roc_auc': 0.7152662721893491, 'MRR': 0.8478260869565217}
Meta keys: dict_keys([7])
Data keys: dict_keys([7])
Edge type: 7, Meta: (1, 0)
Average links per head: 3.34
Median: 2.0, Min: 1, Max: 26
len test_list[0] 481
len test_list[1] 481
len test_label 481
2 hop test: loss 0.62470942735672, score:{'roc_auc': 0.6113934993084371, 'MRR': 0.7739583333333333}
(array([0, 1]), array([240, 241]))
[0.32026792 0.17680508 0.2936944  0.4370893  0.6351758  0.6214887
 0.48848784 0.37477225 0.56550384 0.5514337  0.48409757 0.5319745
 0.6701101  0.81545335 0.08670392 0.94574845 0.92841834 0.34934357
 0.9155407  0.53216213]
Average links per head full random test: 1.49
Medianfull random test: 1.0, Min: 1, Max: 13
len test_list[0]full random test 482
len test_list[1]full random test 482
len test_label full random test 482
2 hop test: loss 0.62470942735672, score:{'roc_auc': 0.6113934993084371, 'MRR': 0.7739583333333333}
edge type: 7, random_score: {'roc_auc': 0.7630550438181161, 'MRR': 0.9791666666666666}, score: {'roc_auc': 0.6113934993084371, 'MRR': 0.7739583333333333}
ROC_AUC: 0.6113934993084371
Sec neigh test: score list: defaultdict(<class 'list'>, {'roc_auc': [0.6113934993084371], 'MRR': [0.7739583333333333]})
Random test: score list: defaultdict(<class 'list'>, {'roc_auc': [0.7630550438181161], 'MRR': [0.9791666666666666]})
Sec neigh test:average score: defaultdict(<class 'list'>, {'roc_auc': 0.6114, 'MRR': 0.774})
Random test: average score: defaultdict(<class 'list'>, {'roc_auc': 0.7631, 'MRR': 0.9792})
Completed: amazon_style_ccctt_features_fold_1 (rep 2)

--------------------------------------
Running model: GCN
Dataset: amazon_style_ccctt_features_fold_2
Repetition: 2
--------------------------------------
use device: cpu
Namespace(data='amazon_style_ccctt_features_fold_2', model_path='model.pt', train_iter_n=50, cuda=0, checkpoint='', epochs=100, patience=3, n_layers=2, n_heads=[4], dropout=0.5, model='GCN', lr=0.0001, weight_decay=0.0, batch_size=1024, edge_sample_ratio=1, test_with_CPU=False, decoder='dismult', feat_type=1)
args.feat_type 1
sys_path ['/home/simonettos/homhetgnn/HGB/LP/benchmark/methods/GNN', '/home/simonettos/homhetgnn/sbatches', '/home/simonettos/homhetgnn/HGB/LP/benchmark/methods/baseline', '/home/simonettos/homhetgnn/HGB/LP/benchmark', '/home/simonettos/homhetgnn/HGB/LP/benchmark/methods/GNN', '/home/simonettos/homhetgnn/HGB/LP/benchmark/methods/GNN/utils', '/home/simonettos/homhetgnn/HGB/LP/benchmark/methods/GNN/models', '/deepstore/software/anaconda3/2022.05/lib/python39.zip', '/deepstore/software/anaconda3/2022.05/lib/python3.9', '/deepstore/software/anaconda3/2022.05/lib/python3.9/lib-dynload', '/home/simonettos/homhetgnn/gpuvenv/lib/python3.9/site-packages', '../../', '../../']
Data path: /home/simonettos/homhetgnn/HGB/LP/benchmark/data/amazon_style_ccctt_features_fold_2
Loading nodes from /home/simonettos/homhetgnn/HGB/LP/benchmark/data/amazon_style_ccctt_features_fold_2/node.dat
edge types: dict_keys([6, 2, 5, 7, 12, 4, 10, 3, 8, 0, 9, 1, 11])
Getting training negative samples for edge types: [7]
nodes.shift keys: [0, 1, 2, 3, 4]
nodes.count keys: [0, 1, 2, 3, 4]
links.meta: {6: (2, 1), 2: (1, 1), 5: (1, 1), 7: (1, 0), 12: (4, 3), 4: (0, 0), 10: (1, 1), 3: (0, 4), 8: (0, 0), 0: (0, 0), 9: (1, 1), 1: (1, 1), 11: (1, 1)}
t_type about to use: 0
h_type: 1
shift dict: {0: 0, 1: 558, 2: 1498, 3: 20762, 4: 20776}
count dict: Counter({2: 19264, 1: 940, 4: 799, 0: 558, 3: 14})
Generated 916 negative samples for edge type 7
Info: load amazon_style_ccctt_features_fold_2 from original data and generate /home/simonettos/homhetgnn/HGB/LP/benchmark/data/amazon_style_ccctt_features_fold_2/dl_pickle 
edge types: [7]
dataset: amazon_style_ccctt_features_fold_2, eval_type: 7
epoch 0 | batch 0 |train loss 1.1864347457885742
Valid: loss 12.639012336730957, score:{'roc_auc': 0.5444772910507928, 'MRR': 0.8333333333333334}
Saving model
epoch 0 | batch 1 |train loss 10.580293655395508
epoch 1 | batch 0 |train loss 7.518299102783203
Valid: loss 8.224059104919434, score:{'roc_auc': 0.5927170115560333, 'MRR': 0.8235294117647058}
Saving model
epoch 1 | batch 1 |train loss 5.567764759063721
epoch 2 | batch 0 |train loss 5.687747955322266
Valid: loss 9.853387832641602, score:{'roc_auc': 0.5945982262832572, 'MRR': 0.8594771241830065}
EarlyStopping counter: 1 out of 3
epoch 2 | batch 1 |train loss 8.853015899658203
epoch 3 | batch 0 |train loss 7.468873500823975
Valid: loss 5.666848659515381, score:{'roc_auc': 0.6163665681268476, 'MRR': 0.849673202614379}
Saving model
epoch 3 | batch 1 |train loss 5.440280914306641
epoch 4 | batch 0 |train loss 4.188934803009033
Valid: loss 4.356449127197266, score:{'roc_auc': 0.6058855146466005, 'MRR': 0.8300653594771241}
Saving model
epoch 4 | batch 1 |train loss 3.7269928455352783
epoch 5 | batch 0 |train loss 3.1715705394744873
Valid: loss 3.4033401012420654, score:{'roc_auc': 0.6018543402311207, 'MRR': 0.8202614379084966}
Saving model
epoch 5 | batch 1 |train loss 2.7357795238494873
epoch 6 | batch 0 |train loss 1.8644416332244873
Valid: loss 2.656552314758301, score:{'roc_auc': 0.6295350712174147, 'MRR': 0.8300653594771241}
Saving model
epoch 6 | batch 1 |train loss 2.977426290512085
epoch 7 | batch 0 |train loss 1.6523125171661377
Valid: loss 1.8267310857772827, score:{'roc_auc': 0.597151303413061, 'MRR': 0.8333333333333334}
Saving model
epoch 7 | batch 1 |train loss 1.0842320919036865
epoch 8 | batch 0 |train loss 0.9095140695571899
Valid: loss 1.2878007888793945, score:{'roc_auc': 0.5798172534264981, 'MRR': 0.8333333333333334}
Saving model
epoch 8 | batch 1 |train loss 0.832051694393158
epoch 9 | batch 0 |train loss 0.6819908022880554
Valid: loss 0.8037914633750916, score:{'roc_auc': 0.6564095673206127, 'MRR': 0.8398692810457515}
Saving model
epoch 9 | batch 1 |train loss 0.734656810760498
epoch 10 | batch 0 |train loss 0.6215832233428955
Valid: loss 0.7909899353981018, score:{'roc_auc': 0.6596345068529965, 'MRR': 0.8300653594771241}
Saving model
epoch 10 | batch 1 |train loss 0.621879518032074
epoch 11 | batch 0 |train loss 0.6268872022628784
Valid: loss 0.7801486253738403, score:{'roc_auc': 0.69403386186509, 'MRR': 0.8594771241830065}
Saving model
epoch 11 | batch 1 |train loss 0.6032935976982117
epoch 12 | batch 0 |train loss 0.5546338558197021
Valid: loss 0.7059822678565979, score:{'roc_auc': 0.7260145122278958, 'MRR': 0.8627450980392157}
Saving model
epoch 12 | batch 1 |train loss 0.5767465829849243
epoch 13 | batch 0 |train loss 0.5533229112625122
Valid: loss 0.8224731087684631, score:{'roc_auc': 0.7128460091373285, 'MRR': 0.8627450980392157}
EarlyStopping counter: 1 out of 3
epoch 13 | batch 1 |train loss 0.565976083278656
epoch 14 | batch 0 |train loss 0.5834506750106812
Valid: loss 0.8117685914039612, score:{'roc_auc': 0.7195646331631281, 'MRR': 0.8627450980392157}
EarlyStopping counter: 2 out of 3
epoch 14 | batch 1 |train loss 0.5336595177650452
epoch 15 | batch 0 |train loss 0.5487368702888489
Valid: loss 0.6968632340431213, score:{'roc_auc': 0.7394517602794948, 'MRR': 0.8725490196078431}
Saving model
epoch 15 | batch 1 |train loss 0.5287452340126038
epoch 16 | batch 0 |train loss 0.5232303142547607
Valid: loss 0.6935418844223022, score:{'roc_auc': 0.721983337812416, 'MRR': 0.8725490196078431}
Saving model
epoch 16 | batch 1 |train loss 0.5171104669570923
epoch 17 | batch 0 |train loss 0.5263720750808716
Valid: loss 0.6991145014762878, score:{'roc_auc': 0.7308519215264715, 'MRR': 0.9019607843137255}
EarlyStopping counter: 1 out of 3
epoch 17 | batch 1 |train loss 0.5284388661384583
epoch 18 | batch 0 |train loss 0.4961886405944824
Valid: loss 0.5721166729927063, score:{'roc_auc': 0.7816447191615158, 'MRR': 0.9019607843137255}
Saving model
epoch 18 | batch 1 |train loss 0.5036742091178894
epoch 19 | batch 0 |train loss 0.5165647268295288
Valid: loss 0.5772809982299805, score:{'roc_auc': 0.7837946788497715, 'MRR': 0.9019607843137255}
EarlyStopping counter: 1 out of 3
epoch 19 | batch 1 |train loss 0.48877644538879395
epoch 20 | batch 0 |train loss 0.5116860866546631
Valid: loss 0.6701987981796265, score:{'roc_auc': 0.7407954850846546, 'MRR': 0.8921568627450981}
EarlyStopping counter: 2 out of 3
epoch 20 | batch 1 |train loss 0.4869961738586426
epoch 21 | batch 0 |train loss 0.48821890354156494
Valid: loss 0.582482635974884, score:{'roc_auc': 0.7816447191615158, 'MRR': 0.8921568627450981}
Meta keys: dict_keys([7])
Data keys: dict_keys([7])
Edge type: 7, Meta: (1, 0)
Average links per head: 3.43
Median: 2.0, Min: 1, Max: 22
len test_list[0] 467
len test_list[1] 467
len test_label 467
2 hop test: loss 0.582482635974884, score:{'roc_auc': 0.5768525311812178, 'MRR': 0.775}
(array([0, 1]), array([232, 235]))
[0.3471222  0.33778027 0.44610867 0.44458455 0.5119086  0.5522408
 0.45405865 0.5637501  0.4024713  0.43735245 0.6042323  0.66945857
 0.7277017  0.6371439  0.583099   0.18470496 0.8555277  0.85067785
 0.8014269  0.59625703]
Average links per head full random test: 1.50
Medianfull random test: 1.0, Min: 1, Max: 11
len test_list[0]full random test 470
len test_list[1]full random test 470
len test_label full random test 470
2 hop test: loss 0.582482635974884, score:{'roc_auc': 0.5768525311812178, 'MRR': 0.775}
edge type: 7, random_score: {'roc_auc': 0.8054323223177908, 'MRR': 0.9889705882352942}, score: {'roc_auc': 0.5768525311812178, 'MRR': 0.775}
ROC_AUC: 0.5768525311812178
Sec neigh test: score list: defaultdict(<class 'list'>, {'roc_auc': [0.5768525311812178], 'MRR': [0.775]})
Random test: score list: defaultdict(<class 'list'>, {'roc_auc': [0.8054323223177908], 'MRR': [0.9889705882352942]})
Sec neigh test:average score: defaultdict(<class 'list'>, {'roc_auc': 0.5769, 'MRR': 0.775})
Random test: average score: defaultdict(<class 'list'>, {'roc_auc': 0.8054, 'MRR': 0.989})
Completed: amazon_style_ccctt_features_fold_2 (rep 2)

--------------------------------------
Running model: GCN
Dataset: amazon_style_ccctt_features_fold_3
Repetition: 2
--------------------------------------
use device: cpu
Namespace(data='amazon_style_ccctt_features_fold_3', model_path='model.pt', train_iter_n=50, cuda=0, checkpoint='', epochs=100, patience=3, n_layers=2, n_heads=[4], dropout=0.5, model='GCN', lr=0.0001, weight_decay=0.0, batch_size=1024, edge_sample_ratio=1, test_with_CPU=False, decoder='dismult', feat_type=1)
args.feat_type 1
sys_path ['/home/simonettos/homhetgnn/HGB/LP/benchmark/methods/GNN', '/home/simonettos/homhetgnn/sbatches', '/home/simonettos/homhetgnn/HGB/LP/benchmark/methods/baseline', '/home/simonettos/homhetgnn/HGB/LP/benchmark', '/home/simonettos/homhetgnn/HGB/LP/benchmark/methods/GNN', '/home/simonettos/homhetgnn/HGB/LP/benchmark/methods/GNN/utils', '/home/simonettos/homhetgnn/HGB/LP/benchmark/methods/GNN/models', '/deepstore/software/anaconda3/2022.05/lib/python39.zip', '/deepstore/software/anaconda3/2022.05/lib/python3.9', '/deepstore/software/anaconda3/2022.05/lib/python3.9/lib-dynload', '/home/simonettos/homhetgnn/gpuvenv/lib/python3.9/site-packages', '../../', '../../']
Data path: /home/simonettos/homhetgnn/HGB/LP/benchmark/data/amazon_style_ccctt_features_fold_3
Loading nodes from /home/simonettos/homhetgnn/HGB/LP/benchmark/data/amazon_style_ccctt_features_fold_3/node.dat
edge types: dict_keys([6, 2, 5, 7, 12, 4, 10, 3, 8, 0, 9, 1, 11])
Getting training negative samples for edge types: [7]
nodes.shift keys: [0, 1, 2, 3, 4]
nodes.count keys: [0, 1, 2, 3, 4]
links.meta: {6: (2, 1), 2: (1, 1), 5: (1, 1), 7: (1, 0), 12: (4, 3), 4: (0, 0), 10: (1, 1), 3: (0, 4), 8: (0, 0), 0: (0, 0), 9: (1, 1), 1: (1, 1), 11: (1, 1)}
t_type about to use: 0
h_type: 1
shift dict: {0: 0, 1: 558, 2: 1498, 3: 20762, 4: 20776}
count dict: Counter({2: 19264, 1: 940, 4: 799, 0: 558, 3: 14})
Generated 892 negative samples for edge type 7
Info: load amazon_style_ccctt_features_fold_3 from original data and generate /home/simonettos/homhetgnn/HGB/LP/benchmark/data/amazon_style_ccctt_features_fold_3/dl_pickle 
edge types: [7]
dataset: amazon_style_ccctt_features_fold_3, eval_type: 7
epoch 0 | batch 0 |train loss 0.9932753443717957
Valid: loss 13.283106803894043, score:{'roc_auc': 0.5110600402183281, 'MRR': 0.7482269503546101}
Saving model
epoch 0 | batch 1 |train loss 12.727959632873535
epoch 1 | batch 0 |train loss 13.51145076751709
Valid: loss 13.378013610839844, score:{'roc_auc': 0.5415110600402183, 'MRR': 0.822695035460993}
EarlyStopping counter: 1 out of 3
epoch 1 | batch 1 |train loss 11.00359058380127
epoch 2 | batch 0 |train loss 8.279231071472168
Valid: loss 7.764837741851807, score:{'roc_auc': 0.5702384372306808, 'MRR': 0.8546099290780143}
Saving model
epoch 2 | batch 1 |train loss 4.590083599090576
epoch 3 | batch 0 |train loss 6.222835063934326
Valid: loss 7.245723724365234, score:{'roc_auc': 0.646222349899454, 'MRR': 0.8421985815602837}
Saving model
epoch 3 | batch 1 |train loss 7.154932975769043
epoch 4 | batch 0 |train loss 8.657718658447266
Valid: loss 6.719081878662109, score:{'roc_auc': 0.624533180120655, 'MRR': 0.8315602836879433}
Saving model
epoch 4 | batch 1 |train loss 6.047512531280518
epoch 5 | batch 0 |train loss 5.079049587249756
Valid: loss 6.1842570304870605, score:{'roc_auc': 0.624533180120655, 'MRR': 0.822695035460993}
Saving model
epoch 5 | batch 1 |train loss 4.163238048553467
epoch 6 | batch 0 |train loss 3.5325510501861572
Valid: loss 3.883143901824951, score:{'roc_auc': 0.6163458776213732, 'MRR': 0.8049645390070921}
Saving model
epoch 6 | batch 1 |train loss 2.859257459640503
epoch 7 | batch 0 |train loss 2.4153892993927
Valid: loss 1.9009006023406982, score:{'roc_auc': 0.6729388106865842, 'MRR': 0.847517730496454}
Saving model
epoch 7 | batch 1 |train loss 2.814608335494995
epoch 8 | batch 0 |train loss 1.8629047870635986
Valid: loss 0.9423659443855286, score:{'roc_auc': 0.6802642918701522, 'MRR': 0.8865248226950355}
Saving model
epoch 8 | batch 1 |train loss 1.03871488571167
epoch 9 | batch 0 |train loss 0.9154801964759827
Valid: loss 0.9824424386024475, score:{'roc_auc': 0.665900603274921, 'MRR': 0.8652482269503547}
EarlyStopping counter: 1 out of 3
epoch 9 | batch 1 |train loss 0.7266429662704468
epoch 10 | batch 0 |train loss 0.8189570307731628
Valid: loss 0.992371141910553, score:{'roc_auc': 0.6975007181844297, 'MRR': 0.8794326241134751}
EarlyStopping counter: 2 out of 3
epoch 10 | batch 1 |train loss 0.8433824777603149
epoch 11 | batch 0 |train loss 0.8156147003173828
Valid: loss 0.8016394972801208, score:{'roc_auc': 0.6969261706406205, 'MRR': 0.8865248226950355}
Saving model
epoch 11 | batch 1 |train loss 0.638401985168457
epoch 12 | batch 0 |train loss 0.6575665473937988
Valid: loss 0.8054149150848389, score:{'roc_auc': 0.6811261131858661, 'MRR': 0.8687943262411348}
EarlyStopping counter: 1 out of 3
epoch 12 | batch 1 |train loss 0.6075499057769775
epoch 13 | batch 0 |train loss 0.5439305901527405
Valid: loss 0.7559428811073303, score:{'roc_auc': 0.6943407066934789, 'MRR': 0.847517730496454}
Saving model
epoch 13 | batch 1 |train loss 0.5548478364944458
epoch 14 | batch 0 |train loss 0.6201909780502319
Valid: loss 0.8510707020759583, score:{'roc_auc': 0.6839988509049123, 'MRR': 0.847517730496454}
EarlyStopping counter: 1 out of 3
epoch 14 | batch 1 |train loss 0.5449297428131104
epoch 15 | batch 0 |train loss 0.6881815195083618
Valid: loss 0.9372498393058777, score:{'roc_auc': 0.6776788279230106, 'MRR': 0.8368794326241134}
EarlyStopping counter: 2 out of 3
epoch 15 | batch 1 |train loss 0.544188916683197
epoch 16 | batch 0 |train loss 0.5734850168228149
Valid: loss 0.775823175907135, score:{'roc_auc': 0.7009480034472853, 'MRR': 0.8475177304964538}
Meta keys: dict_keys([7])
Data keys: dict_keys([7])
Edge type: 7, Meta: (1, 0)
Average links per head: 3.61
Median: 2.0, Min: 2, Max: 30
len test_list[0] 524
len test_list[1] 524
len test_label 524
2 hop test: loss 0.775823175907135, score:{'roc_auc': 0.5658761144455451, 'MRR': 0.7810344827586206}
(array([0, 1]), array([262, 262]))
[0.06801294 0.14309588 0.27385625 0.2880055  0.3953913  0.3953913
 0.8900158  0.00541755 0.47606057 0.6974975  0.34867156 0.7472393
 0.9601617  0.08572176 0.29123738 0.8934809  0.7213938  0.68878925
 0.16494997 0.7418377 ]
Average links per head full random test: 1.53
Medianfull random test: 1.0, Min: 1, Max: 15
len test_list[0]full random test 524
len test_list[1]full random test 524
len test_label full random test 524
2 hop test: loss 0.775823175907135, score:{'roc_auc': 0.5658761144455451, 'MRR': 0.7810344827586206}
edge type: 7, random_score: {'roc_auc': 0.7358909737194802, 'MRR': 0.9793103448275862}, score: {'roc_auc': 0.5658761144455451, 'MRR': 0.7810344827586206}
ROC_AUC: 0.5658761144455451
Sec neigh test: score list: defaultdict(<class 'list'>, {'roc_auc': [0.5658761144455451], 'MRR': [0.7810344827586206]})
Random test: score list: defaultdict(<class 'list'>, {'roc_auc': [0.7358909737194802], 'MRR': [0.9793103448275862]})
Sec neigh test:average score: defaultdict(<class 'list'>, {'roc_auc': 0.5659, 'MRR': 0.781})
Random test: average score: defaultdict(<class 'list'>, {'roc_auc': 0.7359, 'MRR': 0.9793})
Completed: amazon_style_ccctt_features_fold_3 (rep 2)

--------------------------------------
Running model: GCN
Dataset: amazon_style_ccctt_features_fold_4
Repetition: 2
--------------------------------------
use device: cpu
Namespace(data='amazon_style_ccctt_features_fold_4', model_path='model.pt', train_iter_n=50, cuda=0, checkpoint='', epochs=100, patience=3, n_layers=2, n_heads=[4], dropout=0.5, model='GCN', lr=0.0001, weight_decay=0.0, batch_size=1024, edge_sample_ratio=1, test_with_CPU=False, decoder='dismult', feat_type=1)
args.feat_type 1
sys_path ['/home/simonettos/homhetgnn/HGB/LP/benchmark/methods/GNN', '/home/simonettos/homhetgnn/sbatches', '/home/simonettos/homhetgnn/HGB/LP/benchmark/methods/baseline', '/home/simonettos/homhetgnn/HGB/LP/benchmark', '/home/simonettos/homhetgnn/HGB/LP/benchmark/methods/GNN', '/home/simonettos/homhetgnn/HGB/LP/benchmark/methods/GNN/utils', '/home/simonettos/homhetgnn/HGB/LP/benchmark/methods/GNN/models', '/deepstore/software/anaconda3/2022.05/lib/python39.zip', '/deepstore/software/anaconda3/2022.05/lib/python3.9', '/deepstore/software/anaconda3/2022.05/lib/python3.9/lib-dynload', '/home/simonettos/homhetgnn/gpuvenv/lib/python3.9/site-packages', '../../', '../../']
Data path: /home/simonettos/homhetgnn/HGB/LP/benchmark/data/amazon_style_ccctt_features_fold_4
Loading nodes from /home/simonettos/homhetgnn/HGB/LP/benchmark/data/amazon_style_ccctt_features_fold_4/node.dat
edge types: dict_keys([6, 2, 5, 7, 12, 4, 10, 3, 8, 0, 9, 1, 11])
Getting training negative samples for edge types: [7]
nodes.shift keys: [0, 1, 2, 3, 4]
nodes.count keys: [0, 1, 2, 3, 4]
links.meta: {6: (2, 1), 2: (1, 1), 5: (1, 1), 7: (1, 0), 12: (4, 3), 4: (0, 0), 10: (1, 1), 3: (0, 4), 8: (0, 0), 0: (0, 0), 9: (1, 1), 1: (1, 1), 11: (1, 1)}
t_type about to use: 0
h_type: 1
shift dict: {0: 0, 1: 558, 2: 1498, 3: 20762, 4: 20776}
count dict: Counter({2: 19264, 1: 940, 4: 799, 0: 558, 3: 14})
Generated 905 negative samples for edge type 7
Info: load amazon_style_ccctt_features_fold_4 from original data and generate /home/simonettos/homhetgnn/HGB/LP/benchmark/data/amazon_style_ccctt_features_fold_4/dl_pickle 
edge types: [7]
dataset: amazon_style_ccctt_features_fold_4, eval_type: 7
epoch 0 | batch 0 |train loss 0.8590337038040161
Valid: loss 6.683683395385742, score:{'roc_auc': 0.6343994140625, 'MRR': 0.8629629629629628}
Saving model
epoch 0 | batch 1 |train loss 8.486610412597656
epoch 1 | batch 0 |train loss 4.4973063468933105
Valid: loss 5.965930938720703, score:{'roc_auc': 0.654541015625, 'MRR': 0.8740740740740741}
Saving model
epoch 1 | batch 1 |train loss 4.991220474243164
epoch 2 | batch 0 |train loss 4.6046881675720215
Valid: loss 4.514866352081299, score:{'roc_auc': 0.671142578125, 'MRR': 0.8518518518518517}
Saving model
epoch 2 | batch 1 |train loss 5.532649040222168
epoch 3 | batch 0 |train loss 6.019265174865723
Valid: loss 5.225297451019287, score:{'roc_auc': 0.6851806640625, 'MRR': 0.8629629629629628}
EarlyStopping counter: 1 out of 3
epoch 3 | batch 1 |train loss 7.298670291900635
epoch 4 | batch 0 |train loss 5.124855041503906
Valid: loss 3.8921866416931152, score:{'roc_auc': 0.6468505859375, 'MRR': 0.8629629629629628}
Saving model
epoch 4 | batch 1 |train loss 3.8822717666625977
epoch 5 | batch 0 |train loss 2.6174163818359375
Valid: loss 2.8371729850769043, score:{'roc_auc': 0.576171875, 'MRR': 0.8481481481481482}
Saving model
epoch 5 | batch 1 |train loss 2.303133249282837
epoch 6 | batch 0 |train loss 1.597672462463379
Valid: loss 1.54058837890625, score:{'roc_auc': 0.579833984375, 'MRR': 0.8592592592592594}
Saving model
epoch 6 | batch 1 |train loss 1.1145440340042114
epoch 7 | batch 0 |train loss 1.105396032333374
Valid: loss 1.1429862976074219, score:{'roc_auc': 0.608642578125, 'MRR': 0.8407407407407408}
Saving model
epoch 7 | batch 1 |train loss 1.23299241065979
epoch 8 | batch 0 |train loss 0.5748395919799805
Valid: loss 1.014708161354065, score:{'roc_auc': 0.66357421875, 'MRR': 0.874074074074074}
Saving model
epoch 8 | batch 1 |train loss 0.7824510335922241
epoch 9 | batch 0 |train loss 0.7180460691452026
Valid: loss 0.7806633114814758, score:{'roc_auc': 0.7041015625, 'MRR': 0.874074074074074}
Saving model
epoch 9 | batch 1 |train loss 0.6538420915603638
epoch 10 | batch 0 |train loss 0.5944990515708923
Valid: loss 0.6431418061256409, score:{'roc_auc': 0.747314453125, 'MRR': 0.8851851851851851}
Saving model
epoch 10 | batch 1 |train loss 0.6853306889533997
epoch 11 | batch 0 |train loss 0.5184621810913086
Valid: loss 0.7478340268135071, score:{'roc_auc': 0.67431640625, 'MRR': 0.8629629629629628}
EarlyStopping counter: 1 out of 3
epoch 11 | batch 1 |train loss 0.5564729571342468
epoch 12 | batch 0 |train loss 0.5606504678726196
Valid: loss 0.8858460187911987, score:{'roc_auc': 0.655517578125, 'MRR': 0.8851851851851852}
EarlyStopping counter: 2 out of 3
epoch 12 | batch 1 |train loss 0.5999498963356018
epoch 13 | batch 0 |train loss 0.53525710105896
Valid: loss 0.6111313700675964, score:{'roc_auc': 0.73095703125, 'MRR': 0.8851851851851851}
Saving model
epoch 13 | batch 1 |train loss 0.534385621547699
epoch 14 | batch 0 |train loss 0.5226044058799744
Valid: loss 0.5959744453430176, score:{'roc_auc': 0.7451171875, 'MRR': 0.8629629629629628}
Saving model
epoch 14 | batch 1 |train loss 0.5569196343421936
epoch 15 | batch 0 |train loss 0.4900783896446228
Valid: loss 0.6812053322792053, score:{'roc_auc': 0.73046875, 'MRR': 0.8962962962962964}
EarlyStopping counter: 1 out of 3
epoch 15 | batch 1 |train loss 0.5254222750663757
epoch 16 | batch 0 |train loss 0.4919530749320984
Valid: loss 0.7343447208404541, score:{'roc_auc': 0.7216796875, 'MRR': 0.9074074074074074}
EarlyStopping counter: 2 out of 3
epoch 16 | batch 1 |train loss 0.5135912895202637
epoch 17 | batch 0 |train loss 0.47925737500190735
Valid: loss 0.6448345184326172, score:{'roc_auc': 0.736083984375, 'MRR': 0.9074074074074074}
Meta keys: dict_keys([7])
Data keys: dict_keys([7])
Edge type: 7, Meta: (1, 0)
Average links per head: 3.34
Median: 2.0, Min: 1, Max: 22
len test_list[0] 484
len test_list[1] 484
len test_label 484
2 hop test: loss 0.6448345184326172, score:{'roc_auc': 0.5109027884500452, 'MRR': 0.7559770114942528}
(array([0, 1]), array([241, 243]))
[0.36972144 0.3973785  0.66533345 0.7417972  0.62270325 0.43433225
 0.36625868 0.90891075 0.9694363  0.91532487 0.9955047  0.97413933
 0.99735475 0.99975425 0.97808814 0.9250202  0.981676   0.37226918
 0.6280234  0.5628291 ]
Average links per head full random test: 1.49
Medianfull random test: 1.0, Min: 1, Max: 11
len test_list[0]full random test 486
len test_list[1]full random test 486
len test_label full random test 486
2 hop test: loss 0.6448345184326172, score:{'roc_auc': 0.5109027884500452, 'MRR': 0.7559770114942528}
edge type: 7, random_score: {'roc_auc': 0.7565073074903894, 'MRR': 0.9655172413793104}, score: {'roc_auc': 0.5109027884500452, 'MRR': 0.7559770114942528}
ROC_AUC: 0.5109027884500452
Sec neigh test: score list: defaultdict(<class 'list'>, {'roc_auc': [0.5109027884500452], 'MRR': [0.7559770114942528]})
Random test: score list: defaultdict(<class 'list'>, {'roc_auc': [0.7565073074903894], 'MRR': [0.9655172413793104]})
Sec neigh test:average score: defaultdict(<class 'list'>, {'roc_auc': 0.5109, 'MRR': 0.756})
Random test: average score: defaultdict(<class 'list'>, {'roc_auc': 0.7565, 'MRR': 0.9655})
Completed: amazon_style_ccctt_features_fold_4 (rep 2)

--------------------------------------
Running model: GCN
Dataset: amazon_style_ccctt_features_fold_5
Repetition: 2
--------------------------------------
use device: cpu
Namespace(data='amazon_style_ccctt_features_fold_5', model_path='model.pt', train_iter_n=50, cuda=0, checkpoint='', epochs=100, patience=3, n_layers=2, n_heads=[4], dropout=0.5, model='GCN', lr=0.0001, weight_decay=0.0, batch_size=1024, edge_sample_ratio=1, test_with_CPU=False, decoder='dismult', feat_type=1)
args.feat_type 1
sys_path ['/home/simonettos/homhetgnn/HGB/LP/benchmark/methods/GNN', '/home/simonettos/homhetgnn/sbatches', '/home/simonettos/homhetgnn/HGB/LP/benchmark/methods/baseline', '/home/simonettos/homhetgnn/HGB/LP/benchmark', '/home/simonettos/homhetgnn/HGB/LP/benchmark/methods/GNN', '/home/simonettos/homhetgnn/HGB/LP/benchmark/methods/GNN/utils', '/home/simonettos/homhetgnn/HGB/LP/benchmark/methods/GNN/models', '/deepstore/software/anaconda3/2022.05/lib/python39.zip', '/deepstore/software/anaconda3/2022.05/lib/python3.9', '/deepstore/software/anaconda3/2022.05/lib/python3.9/lib-dynload', '/home/simonettos/homhetgnn/gpuvenv/lib/python3.9/site-packages', '../../', '../../']
Data path: /home/simonettos/homhetgnn/HGB/LP/benchmark/data/amazon_style_ccctt_features_fold_5
Loading nodes from /home/simonettos/homhetgnn/HGB/LP/benchmark/data/amazon_style_ccctt_features_fold_5/node.dat
edge types: dict_keys([6, 2, 5, 7, 12, 4, 10, 3, 8, 0, 9, 1, 11])
Getting training negative samples for edge types: [7]
nodes.shift keys: [0, 1, 2, 3, 4]
nodes.count keys: [0, 1, 2, 3, 4]
links.meta: {6: (2, 1), 2: (1, 1), 5: (1, 1), 7: (1, 0), 12: (4, 3), 4: (0, 0), 10: (1, 1), 3: (0, 4), 8: (0, 0), 0: (0, 0), 9: (1, 1), 1: (1, 1), 11: (1, 1)}
t_type about to use: 0
h_type: 1
shift dict: {0: 0, 1: 558, 2: 1498, 3: 20762, 4: 20776}
count dict: Counter({2: 19264, 1: 940, 4: 799, 0: 558, 3: 14})
Generated 904 negative samples for edge type 7
Info: load amazon_style_ccctt_features_fold_5 from original data and generate /home/simonettos/homhetgnn/HGB/LP/benchmark/data/amazon_style_ccctt_features_fold_5/dl_pickle 
edge types: [7]
dataset: amazon_style_ccctt_features_fold_5, eval_type: 7
epoch 0 | batch 0 |train loss 0.8816900253295898
Valid: loss 28.16822624206543, score:{'roc_auc': 0.5110473941642772, 'MRR': 0.8936170212765957}
Saving model
epoch 0 | batch 1 |train loss 25.03594398498535
epoch 1 | batch 0 |train loss 22.36874008178711
Valid: loss 22.746652603149414, score:{'roc_auc': 0.5364311013661662, 'MRR': 0.8829787234042553}
Saving model
epoch 1 | batch 1 |train loss 19.2058162689209
epoch 2 | batch 0 |train loss 10.205098152160645
Valid: loss 6.6565399169921875, score:{'roc_auc': 0.6404115365154326, 'MRR': 0.8340425531914895}
Saving model
epoch 2 | batch 1 |train loss 5.529547214508057
epoch 3 | batch 0 |train loss 3.5726583003997803
Valid: loss 5.675358772277832, score:{'roc_auc': 0.6454714117051779, 'MRR': 0.8021276595744682}
Saving model
epoch 3 | batch 1 |train loss 4.241832733154297
epoch 4 | batch 0 |train loss 3.3049309253692627
Valid: loss 4.5102858543396, score:{'roc_auc': 0.6369539551357732, 'MRR': 0.8446808510638298}
Saving model
epoch 4 | batch 1 |train loss 5.209507942199707
epoch 5 | batch 0 |train loss 2.845888137817383
Valid: loss 2.159036636352539, score:{'roc_auc': 0.6517962556923597, 'MRR': 0.8617021276595744}
Saving model
epoch 5 | batch 1 |train loss 2.0899128913879395
epoch 6 | batch 0 |train loss 1.583445429801941
Valid: loss 1.8182986974716187, score:{'roc_auc': 0.6495193118569742, 'MRR': 0.8936170212765957}
Saving model
epoch 6 | batch 1 |train loss 1.5988407135009766
epoch 7 | batch 0 |train loss 1.2259935140609741
Valid: loss 1.0561884641647339, score:{'roc_auc': 0.6533985495024456, 'MRR': 0.8829787234042553}
Saving model
epoch 7 | batch 1 |train loss 1.3065510988235474
epoch 8 | batch 0 |train loss 1.4560457468032837
Valid: loss 1.1250475645065308, score:{'roc_auc': 0.6670602125147579, 'MRR': 0.8333333333333335}
EarlyStopping counter: 1 out of 3
epoch 8 | batch 1 |train loss 1.0061135292053223
epoch 9 | batch 0 |train loss 1.0701407194137573
Valid: loss 1.542916178703308, score:{'roc_auc': 0.6407488615280822, 'MRR': 0.8085106382978725}
EarlyStopping counter: 2 out of 3
epoch 9 | batch 1 |train loss 1.0461536645889282
epoch 10 | batch 0 |train loss 0.8548367619514465
Valid: loss 1.1076418161392212, score:{'roc_auc': 0.6596390622364647, 'MRR': 0.8092198581560285}
Meta keys: dict_keys([7])
Data keys: dict_keys([7])
Edge type: 7, Meta: (1, 0)
Average links per head: 3.52
Median: 2.0, Min: 1, Max: 22
len test_list[0] 461
len test_list[1] 461
len test_label 461
2 hop test: loss 1.1076418161392212, score:{'roc_auc': 0.5532675801837073, 'MRR': 0.7830788804071247}
(array([0, 1]), array([229, 232]))
[0.41768676 0.5147436  0.18798825 0.98637587 0.97650564 0.99384683
 0.97993326 0.97808176 0.23256794 0.00427839 1.         0.9999796
 0.99998915 0.9999994  0.6298272  0.85591525 0.72306985 0.5593891
 0.9999989  0.9998098 ]
Average links per head full random test: 1.50
Medianfull random test: 1.0, Min: 1, Max: 11
len test_list[0]full random test 464
len test_list[1]full random test 464
len test_label full random test 464
2 hop test: loss 1.1076418161392212, score:{'roc_auc': 0.5532675801837073, 'MRR': 0.7830788804071247}
edge type: 7, random_score: {'roc_auc': 0.7690156807372177, 'MRR': 0.9694656488549618}, score: {'roc_auc': 0.5532675801837073, 'MRR': 0.7830788804071247}
ROC_AUC: 0.5532675801837073
Sec neigh test: score list: defaultdict(<class 'list'>, {'roc_auc': [0.5532675801837073], 'MRR': [0.7830788804071247]})
Random test: score list: defaultdict(<class 'list'>, {'roc_auc': [0.7690156807372177], 'MRR': [0.9694656488549618]})
Sec neigh test:average score: defaultdict(<class 'list'>, {'roc_auc': 0.5533, 'MRR': 0.7831})
Random test: average score: defaultdict(<class 'list'>, {'roc_auc': 0.769, 'MRR': 0.9695})
Completed: amazon_style_ccctt_features_fold_5 (rep 2)

=== Repetition 3/6 ===
--------------------------------------
Running model: GCN
Dataset: amazon_style_ccctt_features_fold_1
Repetition: 3
--------------------------------------
use device: cpu
Namespace(data='amazon_style_ccctt_features_fold_1', model_path='model.pt', train_iter_n=50, cuda=0, checkpoint='', epochs=100, patience=3, n_layers=2, n_heads=[4], dropout=0.5, model='GCN', lr=0.0001, weight_decay=0.0, batch_size=1024, edge_sample_ratio=1, test_with_CPU=False, decoder='dismult', feat_type=1)
args.feat_type 1
sys_path ['/home/simonettos/homhetgnn/HGB/LP/benchmark/methods/GNN', '/home/simonettos/homhetgnn/sbatches', '/home/simonettos/homhetgnn/HGB/LP/benchmark/methods/baseline', '/home/simonettos/homhetgnn/HGB/LP/benchmark', '/home/simonettos/homhetgnn/HGB/LP/benchmark/methods/GNN', '/home/simonettos/homhetgnn/HGB/LP/benchmark/methods/GNN/utils', '/home/simonettos/homhetgnn/HGB/LP/benchmark/methods/GNN/models', '/deepstore/software/anaconda3/2022.05/lib/python39.zip', '/deepstore/software/anaconda3/2022.05/lib/python3.9', '/deepstore/software/anaconda3/2022.05/lib/python3.9/lib-dynload', '/home/simonettos/homhetgnn/gpuvenv/lib/python3.9/site-packages', '../../', '../../']
Data path: /home/simonettos/homhetgnn/HGB/LP/benchmark/data/amazon_style_ccctt_features_fold_1
Loading nodes from /home/simonettos/homhetgnn/HGB/LP/benchmark/data/amazon_style_ccctt_features_fold_1/node.dat
edge types: dict_keys([6, 12, 5, 7, 0, 9, 2, 4, 10, 8, 3, 1, 11])
Getting training negative samples for edge types: [7]
nodes.shift keys: [0, 1, 2, 3, 4]
nodes.count keys: [0, 1, 2, 3, 4]
links.meta: {6: (2, 1), 12: (4, 3), 5: (1, 1), 7: (1, 0), 0: (0, 0), 9: (1, 1), 2: (1, 1), 4: (0, 0), 10: (1, 1), 8: (0, 0), 3: (0, 4), 1: (1, 1), 11: (1, 1)}
t_type about to use: 0
h_type: 1
shift dict: {0: 0, 1: 558, 2: 1498, 3: 20762, 4: 20776}
count dict: Counter({2: 19264, 1: 940, 4: 799, 0: 558, 3: 14})
Generated 900 negative samples for edge type 7
Info: load amazon_style_ccctt_features_fold_1 from original data and generate /home/simonettos/homhetgnn/HGB/LP/benchmark/data/amazon_style_ccctt_features_fold_1/dl_pickle 
edge types: [7]
dataset: amazon_style_ccctt_features_fold_1, eval_type: 7
epoch 0 | batch 0 |train loss 1.1158111095428467
Valid: loss 13.879799842834473, score:{'roc_auc': 0.527077960722079, 'MRR': 0.8370370370370371}
Saving model
epoch 0 | batch 1 |train loss 10.085129737854004
epoch 1 | batch 0 |train loss 11.308122634887695
Valid: loss 11.95016860961914, score:{'roc_auc': 0.5331283475500892, 'MRR': 0.8407407407407407}
Saving model
epoch 1 | batch 1 |train loss 7.830897331237793
epoch 2 | batch 0 |train loss 6.003825664520264
Valid: loss 12.64764404296875, score:{'roc_auc': 0.6016663360444355, 'MRR': 0.8962962962962961}
EarlyStopping counter: 1 out of 3
epoch 2 | batch 1 |train loss 4.783965110778809
epoch 3 | batch 0 |train loss 8.997383117675781
Valid: loss 15.84531307220459, score:{'roc_auc': 0.5598095615949217, 'MRR': 0.9185185185185184}
EarlyStopping counter: 2 out of 3
epoch 3 | batch 1 |train loss 7.838094711303711
epoch 4 | batch 0 |train loss 9.058545112609863
Valid: loss 11.446793556213379, score:{'roc_auc': 0.5796468954572506, 'MRR': 0.9074074074074073}
Saving model
epoch 4 | batch 1 |train loss 5.132355213165283
epoch 5 | batch 0 |train loss 6.233372211456299
Valid: loss 9.56623363494873, score:{'roc_auc': 0.5855980956159493, 'MRR': 0.8518518518518517}
Saving model
epoch 5 | batch 1 |train loss 3.15438175201416
epoch 6 | batch 0 |train loss 4.21071195602417
Valid: loss 7.804348945617676, score:{'roc_auc': 0.5705217218805793, 'MRR': 0.8037037037037037}
Saving model
epoch 6 | batch 1 |train loss 2.329228162765503
epoch 7 | batch 0 |train loss 3.143538475036621
Valid: loss 5.15217399597168, score:{'roc_auc': 0.5752826820075382, 'MRR': 0.7703703703703704}
Saving model
epoch 7 | batch 1 |train loss 1.5659607648849487
epoch 8 | batch 0 |train loss 2.977341651916504
Valid: loss 1.9958945512771606, score:{'roc_auc': 0.5342194009125174, 'MRR': 0.7444444444444445}
Saving model
epoch 8 | batch 1 |train loss 0.8756201863288879
epoch 9 | batch 0 |train loss 0.7807021141052246
Valid: loss 1.4960092306137085, score:{'roc_auc': 0.5524697480658599, 'MRR': 0.7666666666666667}
Saving model
epoch 9 | batch 1 |train loss 0.9200681447982788
epoch 10 | batch 0 |train loss 0.7653430104255676
Valid: loss 1.3079094886779785, score:{'roc_auc': 0.6157508430866891, 'MRR': 0.8111111111111111}
Saving model
epoch 10 | batch 1 |train loss 0.7203801870346069
epoch 11 | batch 0 |train loss 0.9569287300109863
Valid: loss 1.4982385635375977, score:{'roc_auc': 0.6161475897639358, 'MRR': 0.837037037037037}
EarlyStopping counter: 1 out of 3
epoch 11 | batch 1 |train loss 0.874300479888916
epoch 12 | batch 0 |train loss 0.6628391742706299
Valid: loss 1.4028385877609253, score:{'roc_auc': 0.6294386034516961, 'MRR': 0.8407407407407407}
EarlyStopping counter: 2 out of 3
epoch 12 | batch 1 |train loss 0.6304425001144409
epoch 13 | batch 0 |train loss 0.5927521586418152
Valid: loss 1.0629891157150269, score:{'roc_auc': 0.6401507637373537, 'MRR': 0.8148148148148148}
Saving model
epoch 13 | batch 1 |train loss 0.5752984881401062
epoch 14 | batch 0 |train loss 0.7187162637710571
Valid: loss 1.0436450242996216, score:{'roc_auc': 0.6278516167427098, 'MRR': 0.8333333333333334}
Saving model
epoch 14 | batch 1 |train loss 0.7608858346939087
epoch 15 | batch 0 |train loss 0.6608200669288635
Valid: loss 1.0066487789154053, score:{'roc_auc': 0.6504661773457647, 'MRR': 0.8296296296296297}
Saving model
epoch 15 | batch 1 |train loss 0.5617074370384216
epoch 16 | batch 0 |train loss 0.5501699447631836
Valid: loss 1.172814965248108, score:{'roc_auc': 0.6363816703035111, 'MRR': 0.8185185185185184}
EarlyStopping counter: 1 out of 3
epoch 16 | batch 1 |train loss 0.5696160793304443
epoch 17 | batch 0 |train loss 0.5550670623779297
Valid: loss 1.1283360719680786, score:{'roc_auc': 0.6316207101765523, 'MRR': 0.8185185185185184}
EarlyStopping counter: 2 out of 3
epoch 17 | batch 1 |train loss 0.532585859298706
epoch 18 | batch 0 |train loss 0.551078200340271
Valid: loss 0.985839307308197, score:{'roc_auc': 0.6486808172981552, 'MRR': 0.8296296296296295}
Saving model
epoch 18 | batch 1 |train loss 0.557201623916626
epoch 19 | batch 0 |train loss 0.5285003185272217
Valid: loss 0.8567003607749939, score:{'roc_auc': 0.6461019638960523, 'MRR': 0.8185185185185184}
Saving model
epoch 19 | batch 1 |train loss 0.5081434845924377
epoch 20 | batch 0 |train loss 0.47498437762260437
Valid: loss 0.8459400534629822, score:{'roc_auc': 0.6298353501289427, 'MRR': 0.8259259259259258}
Saving model
epoch 20 | batch 1 |train loss 0.5095192193984985
epoch 21 | batch 0 |train loss 0.5070570707321167
Valid: loss 0.81729656457901, score:{'roc_auc': 0.6268597500495933, 'MRR': 0.837037037037037}
Saving model
epoch 21 | batch 1 |train loss 0.49870967864990234
epoch 22 | batch 0 |train loss 0.48069286346435547
Valid: loss 0.7438731789588928, score:{'roc_auc': 0.6619718309859155, 'MRR': 0.8148148148148148}
Saving model
epoch 22 | batch 1 |train loss 0.49454644322395325
epoch 23 | batch 0 |train loss 0.48082759976387024
Valid: loss 0.7483550310134888, score:{'roc_auc': 0.6778416980757787, 'MRR': 0.8296296296296295}
EarlyStopping counter: 1 out of 3
epoch 23 | batch 1 |train loss 0.47066718339920044
epoch 24 | batch 0 |train loss 0.4676658511161804
Valid: loss 0.8016436696052551, score:{'roc_auc': 0.6669311644514977, 'MRR': 0.8407407407407407}
EarlyStopping counter: 2 out of 3
epoch 24 | batch 1 |train loss 0.47033387422561646
epoch 25 | batch 0 |train loss 0.45993009209632874
Valid: loss 0.8700555562973022, score:{'roc_auc': 0.6621702043245387, 'MRR': 0.8407407407407407}
Meta keys: dict_keys([7])
Data keys: dict_keys([7])
Edge type: 7, Meta: (1, 0)
Average links per head: 3.34
Median: 2.0, Min: 1, Max: 26
len test_list[0] 481
len test_list[1] 481
len test_label 481
2 hop test: loss 0.8700555562973022, score:{'roc_auc': 0.5987551867219917, 'MRR': 0.7847222222222222}
(array([0, 1]), array([240, 241]))
[0.5373348  0.40191248 0.4710584  0.52095217 0.5502611  0.6348187
 0.44951504 0.36667094 0.5486481  0.54372805 0.5130335  0.51512796
 0.9119644  0.98341906 0.2528287  0.5434785  0.9474078  0.41433138
 0.94848424 0.55728936]
Average links per head full random test: 1.49
Medianfull random test: 1.0, Min: 1, Max: 13
len test_list[0]full random test 482
len test_list[1]full random test 482
len test_label full random test 482
2 hop test: loss 0.8700555562973022, score:{'roc_auc': 0.5987551867219917, 'MRR': 0.7847222222222222}
edge type: 7, random_score: {'roc_auc': 0.7933747697181521, 'MRR': 0.9826388888888888}, score: {'roc_auc': 0.5987551867219917, 'MRR': 0.7847222222222222}
ROC_AUC: 0.5987551867219917
Sec neigh test: score list: defaultdict(<class 'list'>, {'roc_auc': [0.5987551867219917], 'MRR': [0.7847222222222222]})
Random test: score list: defaultdict(<class 'list'>, {'roc_auc': [0.7933747697181521], 'MRR': [0.9826388888888888]})
Sec neigh test:average score: defaultdict(<class 'list'>, {'roc_auc': 0.5988, 'MRR': 0.7847})
Random test: average score: defaultdict(<class 'list'>, {'roc_auc': 0.7934, 'MRR': 0.9826})
Completed: amazon_style_ccctt_features_fold_1 (rep 3)

--------------------------------------
Running model: GCN
Dataset: amazon_style_ccctt_features_fold_2
Repetition: 3
--------------------------------------
use device: cpu
Namespace(data='amazon_style_ccctt_features_fold_2', model_path='model.pt', train_iter_n=50, cuda=0, checkpoint='', epochs=100, patience=3, n_layers=2, n_heads=[4], dropout=0.5, model='GCN', lr=0.0001, weight_decay=0.0, batch_size=1024, edge_sample_ratio=1, test_with_CPU=False, decoder='dismult', feat_type=1)
args.feat_type 1
sys_path ['/home/simonettos/homhetgnn/HGB/LP/benchmark/methods/GNN', '/home/simonettos/homhetgnn/sbatches', '/home/simonettos/homhetgnn/HGB/LP/benchmark/methods/baseline', '/home/simonettos/homhetgnn/HGB/LP/benchmark', '/home/simonettos/homhetgnn/HGB/LP/benchmark/methods/GNN', '/home/simonettos/homhetgnn/HGB/LP/benchmark/methods/GNN/utils', '/home/simonettos/homhetgnn/HGB/LP/benchmark/methods/GNN/models', '/deepstore/software/anaconda3/2022.05/lib/python39.zip', '/deepstore/software/anaconda3/2022.05/lib/python3.9', '/deepstore/software/anaconda3/2022.05/lib/python3.9/lib-dynload', '/home/simonettos/homhetgnn/gpuvenv/lib/python3.9/site-packages', '../../', '../../']
Data path: /home/simonettos/homhetgnn/HGB/LP/benchmark/data/amazon_style_ccctt_features_fold_2
Loading nodes from /home/simonettos/homhetgnn/HGB/LP/benchmark/data/amazon_style_ccctt_features_fold_2/node.dat
edge types: dict_keys([6, 2, 5, 7, 12, 4, 10, 3, 8, 0, 9, 1, 11])
Getting training negative samples for edge types: [7]
nodes.shift keys: [0, 1, 2, 3, 4]
nodes.count keys: [0, 1, 2, 3, 4]
links.meta: {6: (2, 1), 2: (1, 1), 5: (1, 1), 7: (1, 0), 12: (4, 3), 4: (0, 0), 10: (1, 1), 3: (0, 4), 8: (0, 0), 0: (0, 0), 9: (1, 1), 1: (1, 1), 11: (1, 1)}
t_type about to use: 0
h_type: 1
shift dict: {0: 0, 1: 558, 2: 1498, 3: 20762, 4: 20776}
count dict: Counter({2: 19264, 1: 940, 4: 799, 0: 558, 3: 14})
Generated 909 negative samples for edge type 7
Info: load amazon_style_ccctt_features_fold_2 from original data and generate /home/simonettos/homhetgnn/HGB/LP/benchmark/data/amazon_style_ccctt_features_fold_2/dl_pickle 
edge types: [7]
dataset: amazon_style_ccctt_features_fold_2, eval_type: 7
epoch 0 | batch 0 |train loss 1.2471097707748413
Valid: loss 26.93396759033203, score:{'roc_auc': 0.49556660899653976, 'MRR': 0.8666666666666667}
Saving model
epoch 0 | batch 1 |train loss 22.88593101501465
epoch 1 | batch 0 |train loss 24.25762939453125
Valid: loss 26.087121963500977, score:{'roc_auc': 0.5136245674740485, 'MRR': 0.8925925925925925}
Saving model
epoch 1 | batch 1 |train loss 22.582462310791016
epoch 2 | batch 0 |train loss 22.514253616333008
Valid: loss 22.997886657714844, score:{'roc_auc': 0.5191392733564014, 'MRR': 0.8481481481481481}
Saving model
epoch 2 | batch 1 |train loss 19.594524383544922
epoch 3 | batch 0 |train loss 17.00879669189453
Valid: loss 9.326985359191895, score:{'roc_auc': 0.5947231833910035, 'MRR': 0.8703703703703703}
Saving model
epoch 3 | batch 1 |train loss 11.026326179504395
epoch 4 | batch 0 |train loss 4.70392370223999
Valid: loss 6.112815856933594, score:{'roc_auc': 0.6516003460207613, 'MRR': 0.837037037037037}
Saving model
epoch 4 | batch 1 |train loss 5.341293811798096
epoch 5 | batch 0 |train loss 4.082963943481445
Valid: loss 5.3796515464782715, score:{'roc_auc': 0.6405709342560554, 'MRR': 0.8444444444444444}
Saving model
epoch 5 | batch 1 |train loss 4.866771221160889
epoch 6 | batch 0 |train loss 3.70694637298584
Valid: loss 4.15109920501709, score:{'roc_auc': 0.652681660899654, 'MRR': 0.8666666666666667}
Saving model
epoch 6 | batch 1 |train loss 4.438956260681152
epoch 7 | batch 0 |train loss 2.747271776199341
Valid: loss 1.4884976148605347, score:{'roc_auc': 0.6564662629757785, 'MRR': 0.8814814814814815}
Saving model
epoch 7 | batch 1 |train loss 1.7110356092453003
epoch 8 | batch 0 |train loss 1.2415592670440674
Valid: loss 1.2549430131912231, score:{'roc_auc': 0.6251081314878891, 'MRR': 0.8481481481481481}
Saving model
epoch 8 | batch 1 |train loss 1.0531924962997437
epoch 9 | batch 0 |train loss 1.4464915990829468
Valid: loss 1.2802116870880127, score:{'roc_auc': 0.5753676470588236, 'MRR': 0.8481481481481481}
EarlyStopping counter: 1 out of 3
epoch 9 | batch 1 |train loss 1.2909832000732422
epoch 10 | batch 0 |train loss 1.2211332321166992
Valid: loss 0.9133930802345276, score:{'roc_auc': 0.6530060553633218, 'MRR': 0.8518518518518519}
Saving model
epoch 10 | batch 1 |train loss 0.7793779969215393
epoch 11 | batch 0 |train loss 0.8614959716796875
Valid: loss 0.9338030815124512, score:{'roc_auc': 0.6534385813148789, 'MRR': 0.8648148148148148}
EarlyStopping counter: 1 out of 3
epoch 11 | batch 1 |train loss 0.9204249382019043
epoch 12 | batch 0 |train loss 0.9223921298980713
Valid: loss 0.8378098607063293, score:{'roc_auc': 0.6627378892733564, 'MRR': 0.8611111111111112}
Saving model
epoch 12 | batch 1 |train loss 0.9127074480056763
epoch 13 | batch 0 |train loss 0.8798713684082031
Valid: loss 0.8040568828582764, score:{'roc_auc': 0.6616565743944637, 'MRR': 0.8759259259259259}
Saving model
epoch 13 | batch 1 |train loss 0.7178097367286682
epoch 14 | batch 0 |train loss 0.8068572282791138
Valid: loss 0.7281492948532104, score:{'roc_auc': 0.6497621107266436, 'MRR': 0.9148148148148147}
Saving model
epoch 14 | batch 1 |train loss 0.6117051243782043
epoch 15 | batch 0 |train loss 0.7263868451118469
Valid: loss 0.6710003614425659, score:{'roc_auc': 0.6915008650519031, 'MRR': 0.8814814814814815}
Saving model
epoch 15 | batch 1 |train loss 0.6006783246994019
epoch 16 | batch 0 |train loss 0.6916620135307312
Valid: loss 0.663846492767334, score:{'roc_auc': 0.683931660899654, 'MRR': 0.8814814814814815}
Saving model
epoch 16 | batch 1 |train loss 0.5873218774795532
epoch 17 | batch 0 |train loss 0.7236633896827698
Valid: loss 0.6645713448524475, score:{'roc_auc': 0.704476643598616, 'MRR': 0.8703703703703703}
EarlyStopping counter: 1 out of 3
epoch 17 | batch 1 |train loss 0.5782291293144226
epoch 18 | batch 0 |train loss 0.7396193146705627
Valid: loss 0.6079293489456177, score:{'roc_auc': 0.7390787197231834, 'MRR': 0.8444444444444444}
Saving model
epoch 18 | batch 1 |train loss 0.5561878085136414
epoch 19 | batch 0 |train loss 0.6190620064735413
Valid: loss 0.6117254495620728, score:{'roc_auc': 0.7410250865051904, 'MRR': 0.8703703703703703}
EarlyStopping counter: 1 out of 3
epoch 19 | batch 1 |train loss 0.5215103030204773
epoch 20 | batch 0 |train loss 0.6103478670120239
Valid: loss 0.6629589796066284, score:{'roc_auc': 0.7237240484429065, 'MRR': 0.8518518518518517}
EarlyStopping counter: 2 out of 3
epoch 20 | batch 1 |train loss 0.5504112839698792
epoch 21 | batch 0 |train loss 0.5975049138069153
Valid: loss 0.6162066459655762, score:{'roc_auc': 0.7408088235294117, 'MRR': 0.8666666666666667}
Meta keys: dict_keys([7])
Data keys: dict_keys([7])
Edge type: 7, Meta: (1, 0)
Average links per head: 3.43
Median: 2.0, Min: 1, Max: 22
len test_list[0] 467
len test_list[1] 467
len test_label 467
2 hop test: loss 0.6162066459655762, score:{'roc_auc': 0.5722487160674982, 'MRR': 0.7224264705882353}
(array([0, 1]), array([232, 235]))
[0.3811365  0.3087556  0.4435988  0.44594818 0.4668398  0.50993407
 0.4243662  0.5564173  0.40968645 0.44633332 0.6012821  0.5729439
 0.38589597 0.60651207 0.587547   0.08339443 0.71220195 0.64413166
 0.74703366 0.50745314]
Average links per head full random test: 1.50
Medianfull random test: 1.0, Min: 1, Max: 11
len test_list[0]full random test 470
len test_list[1]full random test 470
len test_label full random test 470
2 hop test: loss 0.6162066459655762, score:{'roc_auc': 0.5722487160674982, 'MRR': 0.7224264705882353}
edge type: 7, random_score: {'roc_auc': 0.7927931190583977, 'MRR': 0.9742647058823529}, score: {'roc_auc': 0.5722487160674982, 'MRR': 0.7224264705882353}
ROC_AUC: 0.5722487160674982
Sec neigh test: score list: defaultdict(<class 'list'>, {'roc_auc': [0.5722487160674982], 'MRR': [0.7224264705882353]})
Random test: score list: defaultdict(<class 'list'>, {'roc_auc': [0.7927931190583977], 'MRR': [0.9742647058823529]})
Sec neigh test:average score: defaultdict(<class 'list'>, {'roc_auc': 0.5722, 'MRR': 0.7224})
Random test: average score: defaultdict(<class 'list'>, {'roc_auc': 0.7928, 'MRR': 0.9743})
Completed: amazon_style_ccctt_features_fold_2 (rep 3)

--------------------------------------
Running model: GCN
Dataset: amazon_style_ccctt_features_fold_3
Repetition: 3
--------------------------------------
use device: cpu
Namespace(data='amazon_style_ccctt_features_fold_3', model_path='model.pt', train_iter_n=50, cuda=0, checkpoint='', epochs=100, patience=3, n_layers=2, n_heads=[4], dropout=0.5, model='GCN', lr=0.0001, weight_decay=0.0, batch_size=1024, edge_sample_ratio=1, test_with_CPU=False, decoder='dismult', feat_type=1)
args.feat_type 1
sys_path ['/home/simonettos/homhetgnn/HGB/LP/benchmark/methods/GNN', '/home/simonettos/homhetgnn/sbatches', '/home/simonettos/homhetgnn/HGB/LP/benchmark/methods/baseline', '/home/simonettos/homhetgnn/HGB/LP/benchmark', '/home/simonettos/homhetgnn/HGB/LP/benchmark/methods/GNN', '/home/simonettos/homhetgnn/HGB/LP/benchmark/methods/GNN/utils', '/home/simonettos/homhetgnn/HGB/LP/benchmark/methods/GNN/models', '/deepstore/software/anaconda3/2022.05/lib/python39.zip', '/deepstore/software/anaconda3/2022.05/lib/python3.9', '/deepstore/software/anaconda3/2022.05/lib/python3.9/lib-dynload', '/home/simonettos/homhetgnn/gpuvenv/lib/python3.9/site-packages', '../../', '../../']
Data path: /home/simonettos/homhetgnn/HGB/LP/benchmark/data/amazon_style_ccctt_features_fold_3
Loading nodes from /home/simonettos/homhetgnn/HGB/LP/benchmark/data/amazon_style_ccctt_features_fold_3/node.dat
edge types: dict_keys([6, 2, 5, 7, 12, 4, 10, 3, 8, 0, 9, 1, 11])
Getting training negative samples for edge types: [7]
nodes.shift keys: [0, 1, 2, 3, 4]
nodes.count keys: [0, 1, 2, 3, 4]
links.meta: {6: (2, 1), 2: (1, 1), 5: (1, 1), 7: (1, 0), 12: (4, 3), 4: (0, 0), 10: (1, 1), 3: (0, 4), 8: (0, 0), 0: (0, 0), 9: (1, 1), 1: (1, 1), 11: (1, 1)}
t_type about to use: 0
h_type: 1
shift dict: {0: 0, 1: 558, 2: 1498, 3: 20762, 4: 20776}
count dict: Counter({2: 19264, 1: 940, 4: 799, 0: 558, 3: 14})
Generated 881 negative samples for edge type 7
Info: load amazon_style_ccctt_features_fold_3 from original data and generate /home/simonettos/homhetgnn/HGB/LP/benchmark/data/amazon_style_ccctt_features_fold_3/dl_pickle 
edge types: [7]
dataset: amazon_style_ccctt_features_fold_3, eval_type: 7
epoch 0 | batch 0 |train loss 1.3850383758544922
Valid: loss 25.630327224731445, score:{'roc_auc': 0.5110204081632653, 'MRR': 0.8823529411764706}
Saving model
epoch 0 | batch 1 |train loss 22.2963924407959
epoch 1 | batch 0 |train loss 22.455371856689453
Valid: loss 25.44483757019043, score:{'roc_auc': 0.5257142857142857, 'MRR': 0.9215686274509803}
Saving model
epoch 1 | batch 1 |train loss 23.08340835571289
epoch 2 | batch 0 |train loss 21.272672653198242
Valid: loss 21.068889617919922, score:{'roc_auc': 0.551530612244898, 'MRR': 0.9019607843137255}
Saving model
epoch 2 | batch 1 |train loss 20.967666625976562
epoch 3 | batch 0 |train loss 16.99741554260254
Valid: loss 12.340293884277344, score:{'roc_auc': 0.5900000000000001, 'MRR': 0.8774509803921569}
Saving model
epoch 3 | batch 1 |train loss 12.10950756072998
epoch 4 | batch 0 |train loss 5.335188865661621
Valid: loss 7.142341613769531, score:{'roc_auc': 0.65, 'MRR': 0.8568627450980393}
Saving model
epoch 4 | batch 1 |train loss 2.718834161758423
epoch 5 | batch 0 |train loss 3.7376558780670166
Valid: loss 6.5112690925598145, score:{'roc_auc': 0.6155102040816326, 'MRR': 0.8666666666666667}
Saving model
epoch 5 | batch 1 |train loss 2.509113311767578
epoch 6 | batch 0 |train loss 3.0170657634735107
Valid: loss 4.3459954261779785, score:{'roc_auc': 0.6636734693877552, 'MRR': 0.8764705882352942}
Saving model
epoch 6 | batch 1 |train loss 2.264158248901367
epoch 7 | batch 0 |train loss 2.6898722648620605
Valid: loss 2.562783718109131, score:{'roc_auc': 0.7179591836734694, 'MRR': 0.8774509803921569}
Saving model
epoch 7 | batch 1 |train loss 1.8030645847320557
epoch 8 | batch 0 |train loss 1.6040501594543457
Valid: loss 1.2110613584518433, score:{'roc_auc': 0.6848979591836734, 'MRR': 0.8643790849673202}
Saving model
epoch 8 | batch 1 |train loss 0.8501160740852356
epoch 9 | batch 0 |train loss 1.0109243392944336
Valid: loss 1.420091152191162, score:{'roc_auc': 0.6340816326530612, 'MRR': 0.8251633986928104}
EarlyStopping counter: 1 out of 3
epoch 9 | batch 1 |train loss 0.9033087491989136
epoch 10 | batch 0 |train loss 1.0609896183013916
Valid: loss 0.9912327527999878, score:{'roc_auc': 0.6663265306122449, 'MRR': 0.8627450980392157}
Saving model
epoch 10 | batch 1 |train loss 0.7853308320045471
epoch 11 | batch 0 |train loss 0.7631644010543823
Valid: loss 0.6946941018104553, score:{'roc_auc': 0.7334693877551021, 'MRR': 0.8790849673202613}
Saving model
epoch 11 | batch 1 |train loss 0.587706446647644
epoch 12 | batch 0 |train loss 0.6472113728523254
Valid: loss 0.7747271656990051, score:{'roc_auc': 0.7238775510204082, 'MRR': 0.8862745098039216}
EarlyStopping counter: 1 out of 3
epoch 12 | batch 1 |train loss 0.6153876781463623
epoch 13 | batch 0 |train loss 0.736720085144043
Valid: loss 0.657425582408905, score:{'roc_auc': 0.753469387755102, 'MRR': 0.9068627450980392}
Saving model
epoch 13 | batch 1 |train loss 0.5884443521499634
epoch 14 | batch 0 |train loss 0.8159621357917786
Valid: loss 0.5627397298812866, score:{'roc_auc': 0.7979591836734693, 'MRR': 0.9313725490196079}
Saving model
epoch 14 | batch 1 |train loss 0.5721689462661743
epoch 15 | batch 0 |train loss 0.5573315620422363
Valid: loss 0.6209954619407654, score:{'roc_auc': 0.7471428571428571, 'MRR': 0.9117647058823529}
EarlyStopping counter: 1 out of 3
epoch 15 | batch 1 |train loss 0.5478397607803345
epoch 16 | batch 0 |train loss 0.5767307877540588
Valid: loss 0.6231597065925598, score:{'roc_auc': 0.7538775510204081, 'MRR': 0.9313725490196079}
EarlyStopping counter: 2 out of 3
epoch 16 | batch 1 |train loss 0.5302215814590454
epoch 17 | batch 0 |train loss 0.5391112565994263
Valid: loss 0.5958842635154724, score:{'roc_auc': 0.7738775510204081, 'MRR': 0.9313725490196079}
Meta keys: dict_keys([7])
Data keys: dict_keys([7])
Edge type: 7, Meta: (1, 0)
Average links per head: 3.61
Median: 2.0, Min: 2, Max: 30
len test_list[0] 524
len test_list[1] 524
len test_label 524
2 hop test: loss 0.5958842635154724, score:{'roc_auc': 0.5565380805314375, 'MRR': 0.7540229885057471}
(array([0, 1]), array([262, 262]))
[0.34167257 0.5403799  0.35701403 0.37714836 0.4749498  0.4749498
 0.8738175  0.22849208 0.5376114  0.620753   0.42898133 0.7363402
 0.8553055  0.3159685  0.571788   0.7454403  0.6252239  0.62683666
 0.41170937 0.76123756]
Average links per head full random test: 1.53
Medianfull random test: 1.0, Min: 1, Max: 15
len test_list[0]full random test 524
len test_list[1]full random test 524
len test_label full random test 524
2 hop test: loss 0.5958842635154724, score:{'roc_auc': 0.5565380805314375, 'MRR': 0.7540229885057471}
edge type: 7, random_score: {'roc_auc': 0.7591486510110133, 'MRR': 0.9758620689655172}, score: {'roc_auc': 0.5565380805314375, 'MRR': 0.7540229885057471}
ROC_AUC: 0.5565380805314375
Sec neigh test: score list: defaultdict(<class 'list'>, {'roc_auc': [0.5565380805314375], 'MRR': [0.7540229885057471]})
Random test: score list: defaultdict(<class 'list'>, {'roc_auc': [0.7591486510110133], 'MRR': [0.9758620689655172]})
Sec neigh test:average score: defaultdict(<class 'list'>, {'roc_auc': 0.5565, 'MRR': 0.754})
Random test: average score: defaultdict(<class 'list'>, {'roc_auc': 0.7591, 'MRR': 0.9759})
Completed: amazon_style_ccctt_features_fold_3 (rep 3)

--------------------------------------
Running model: GCN
Dataset: amazon_style_ccctt_features_fold_4
Repetition: 3
--------------------------------------
use device: cpu
Namespace(data='amazon_style_ccctt_features_fold_4', model_path='model.pt', train_iter_n=50, cuda=0, checkpoint='', epochs=100, patience=3, n_layers=2, n_heads=[4], dropout=0.5, model='GCN', lr=0.0001, weight_decay=0.0, batch_size=1024, edge_sample_ratio=1, test_with_CPU=False, decoder='dismult', feat_type=1)
args.feat_type 1
sys_path ['/home/simonettos/homhetgnn/HGB/LP/benchmark/methods/GNN', '/home/simonettos/homhetgnn/sbatches', '/home/simonettos/homhetgnn/HGB/LP/benchmark/methods/baseline', '/home/simonettos/homhetgnn/HGB/LP/benchmark', '/home/simonettos/homhetgnn/HGB/LP/benchmark/methods/GNN', '/home/simonettos/homhetgnn/HGB/LP/benchmark/methods/GNN/utils', '/home/simonettos/homhetgnn/HGB/LP/benchmark/methods/GNN/models', '/deepstore/software/anaconda3/2022.05/lib/python39.zip', '/deepstore/software/anaconda3/2022.05/lib/python3.9', '/deepstore/software/anaconda3/2022.05/lib/python3.9/lib-dynload', '/home/simonettos/homhetgnn/gpuvenv/lib/python3.9/site-packages', '../../', '../../']
Data path: /home/simonettos/homhetgnn/HGB/LP/benchmark/data/amazon_style_ccctt_features_fold_4
Loading nodes from /home/simonettos/homhetgnn/HGB/LP/benchmark/data/amazon_style_ccctt_features_fold_4/node.dat
edge types: dict_keys([6, 2, 5, 7, 12, 4, 10, 3, 8, 0, 9, 1, 11])
Getting training negative samples for edge types: [7]
nodes.shift keys: [0, 1, 2, 3, 4]
nodes.count keys: [0, 1, 2, 3, 4]
links.meta: {6: (2, 1), 2: (1, 1), 5: (1, 1), 7: (1, 0), 12: (4, 3), 4: (0, 0), 10: (1, 1), 3: (0, 4), 8: (0, 0), 0: (0, 0), 9: (1, 1), 1: (1, 1), 11: (1, 1)}
t_type about to use: 0
h_type: 1
shift dict: {0: 0, 1: 558, 2: 1498, 3: 20762, 4: 20776}
count dict: Counter({2: 19264, 1: 940, 4: 799, 0: 558, 3: 14})
Generated 885 negative samples for edge type 7
Info: load amazon_style_ccctt_features_fold_4 from original data and generate /home/simonettos/homhetgnn/HGB/LP/benchmark/data/amazon_style_ccctt_features_fold_4/dl_pickle 
edge types: [7]
dataset: amazon_style_ccctt_features_fold_4, eval_type: 7
epoch 0 | batch 0 |train loss 1.0053435564041138
Valid: loss 13.222941398620605, score:{'roc_auc': 0.5901360544217688, 'MRR': 0.8930817610062893}
Saving model
epoch 0 | batch 1 |train loss 11.095907211303711
epoch 1 | batch 0 |train loss 3.919567584991455
Valid: loss 10.163159370422363, score:{'roc_auc': 0.640376984126984, 'MRR': 0.8679245283018868}
Saving model
epoch 1 | batch 1 |train loss 4.735340118408203
epoch 2 | batch 0 |train loss 4.500162124633789
Valid: loss 9.434046745300293, score:{'roc_auc': 0.6543367346938774, 'MRR': 0.8867924528301887}
Saving model
epoch 2 | batch 1 |train loss 4.4669904708862305
epoch 3 | batch 0 |train loss 4.874606609344482
Valid: loss 10.365001678466797, score:{'roc_auc': 0.641014739229025, 'MRR': 0.8962264150943396}
EarlyStopping counter: 1 out of 3
epoch 3 | batch 1 |train loss 6.4186601638793945
epoch 4 | batch 0 |train loss 5.895990371704102
Valid: loss 9.533769607543945, score:{'roc_auc': 0.6383219954648526, 'MRR': 0.9056603773584906}
EarlyStopping counter: 2 out of 3
epoch 4 | batch 1 |train loss 5.030710697174072
epoch 5 | batch 0 |train loss 3.837909698486328
Valid: loss 7.253540992736816, score:{'roc_auc': 0.6094104308390023, 'MRR': 0.8742138364779874}
Saving model
epoch 5 | batch 1 |train loss 2.898174285888672
epoch 6 | batch 0 |train loss 2.662252426147461
Valid: loss 5.178351879119873, score:{'roc_auc': 0.5792233560090704, 'MRR': 0.8018867924528302}
Saving model
epoch 6 | batch 1 |train loss 1.8483707904815674
epoch 7 | batch 0 |train loss 1.4983296394348145
Valid: loss 3.432520627975464, score:{'roc_auc': 0.6383219954648526, 'MRR': 0.8301886792452831}
Saving model
epoch 7 | batch 1 |train loss 1.3907573223114014
epoch 8 | batch 0 |train loss 1.4932094812393188
Valid: loss 2.2101032733917236, score:{'roc_auc': 0.6645408163265306, 'MRR': 0.8270440251572327}
Saving model
epoch 8 | batch 1 |train loss 1.23752760887146
epoch 9 | batch 0 |train loss 0.6168340444564819
Valid: loss 1.2236604690551758, score:{'roc_auc': 0.7037981859410429, 'MRR': 0.8364779874213837}
Saving model
epoch 9 | batch 1 |train loss 0.6494746804237366
epoch 10 | batch 0 |train loss 0.7091307640075684
Valid: loss 0.7517189979553223, score:{'roc_auc': 0.7385204081632654, 'MRR': 0.8773584905660378}
Saving model
epoch 10 | batch 1 |train loss 0.6110032796859741
epoch 11 | batch 0 |train loss 0.6971564292907715
Valid: loss 0.7367848753929138, score:{'roc_auc': 0.7461734693877551, 'MRR': 0.9056603773584906}
Saving model
epoch 11 | batch 1 |train loss 0.5974397659301758
epoch 12 | batch 0 |train loss 0.5262871980667114
Valid: loss 0.8243327140808105, score:{'roc_auc': 0.7203798185941043, 'MRR': 0.8522012578616354}
EarlyStopping counter: 1 out of 3
epoch 12 | batch 1 |train loss 0.5633587837219238
epoch 13 | batch 0 |train loss 0.5857290029525757
Valid: loss 0.6534079313278198, score:{'roc_auc': 0.7535430839002267, 'MRR': 0.8647798742138364}
Saving model
epoch 13 | batch 1 |train loss 0.5013144016265869
epoch 14 | batch 0 |train loss 0.5718849897384644
Valid: loss 0.6674466729164124, score:{'roc_auc': 0.735969387755102, 'MRR': 0.8726415094339622}
EarlyStopping counter: 1 out of 3
epoch 14 | batch 1 |train loss 0.5446509122848511
epoch 15 | batch 0 |train loss 0.529111385345459
Valid: loss 0.6815856099128723, score:{'roc_auc': 0.7500000000000001, 'MRR': 0.8867924528301887}
EarlyStopping counter: 2 out of 3
epoch 15 | batch 1 |train loss 0.5003669261932373
epoch 16 | batch 0 |train loss 0.5656709671020508
Valid: loss 0.7526995539665222, score:{'roc_auc': 0.7406462585034014, 'MRR': 0.8773584905660378}
Meta keys: dict_keys([7])
Data keys: dict_keys([7])
Edge type: 7, Meta: (1, 0)
Average links per head: 3.34
Median: 2.0, Min: 1, Max: 22
len test_list[0] 484
len test_list[1] 484
len test_label 484
2 hop test: loss 0.7526995539665222, score:{'roc_auc': 0.5349111213564879, 'MRR': 0.7714942528735633}
(array([0, 1]), array([241, 243]))
[0.4334892  0.38095868 0.71824294 0.85416436 0.702623   0.61601496
 0.82130384 0.68334347 0.97079515 0.95303833 0.99714667 0.8245681
 0.9956714  0.9998202  0.7562902  0.06846684 0.9357085  0.5185673
 0.6514742  0.5760451 ]
Average links per head full random test: 1.49
Medianfull random test: 1.0, Min: 1, Max: 11
len test_list[0]full random test 486
len test_list[1]full random test 486
len test_label full random test 486
2 hop test: loss 0.7526995539665222, score:{'roc_auc': 0.5349111213564879, 'MRR': 0.7714942528735633}
edge type: 7, random_score: {'roc_auc': 0.7159816423648157, 'MRR': 0.9609195402298851}, score: {'roc_auc': 0.5349111213564879, 'MRR': 0.7714942528735633}
ROC_AUC: 0.5349111213564879
Sec neigh test: score list: defaultdict(<class 'list'>, {'roc_auc': [0.5349111213564879], 'MRR': [0.7714942528735633]})
Random test: score list: defaultdict(<class 'list'>, {'roc_auc': [0.7159816423648157], 'MRR': [0.9609195402298851]})
Sec neigh test:average score: defaultdict(<class 'list'>, {'roc_auc': 0.5349, 'MRR': 0.7715})
Random test: average score: defaultdict(<class 'list'>, {'roc_auc': 0.716, 'MRR': 0.9609})
Completed: amazon_style_ccctt_features_fold_4 (rep 3)

--------------------------------------
Running model: GCN
Dataset: amazon_style_ccctt_features_fold_5
Repetition: 3
--------------------------------------
use device: cpu
Namespace(data='amazon_style_ccctt_features_fold_5', model_path='model.pt', train_iter_n=50, cuda=0, checkpoint='', epochs=100, patience=3, n_layers=2, n_heads=[4], dropout=0.5, model='GCN', lr=0.0001, weight_decay=0.0, batch_size=1024, edge_sample_ratio=1, test_with_CPU=False, decoder='dismult', feat_type=1)
args.feat_type 1
sys_path ['/home/simonettos/homhetgnn/HGB/LP/benchmark/methods/GNN', '/home/simonettos/homhetgnn/sbatches', '/home/simonettos/homhetgnn/HGB/LP/benchmark/methods/baseline', '/home/simonettos/homhetgnn/HGB/LP/benchmark', '/home/simonettos/homhetgnn/HGB/LP/benchmark/methods/GNN', '/home/simonettos/homhetgnn/HGB/LP/benchmark/methods/GNN/utils', '/home/simonettos/homhetgnn/HGB/LP/benchmark/methods/GNN/models', '/deepstore/software/anaconda3/2022.05/lib/python39.zip', '/deepstore/software/anaconda3/2022.05/lib/python3.9', '/deepstore/software/anaconda3/2022.05/lib/python3.9/lib-dynload', '/home/simonettos/homhetgnn/gpuvenv/lib/python3.9/site-packages', '../../', '../../']
Data path: /home/simonettos/homhetgnn/HGB/LP/benchmark/data/amazon_style_ccctt_features_fold_5
Loading nodes from /home/simonettos/homhetgnn/HGB/LP/benchmark/data/amazon_style_ccctt_features_fold_5/node.dat
edge types: dict_keys([6, 2, 5, 7, 12, 4, 10, 3, 8, 0, 9, 1, 11])
Getting training negative samples for edge types: [7]
nodes.shift keys: [0, 1, 2, 3, 4]
nodes.count keys: [0, 1, 2, 3, 4]
links.meta: {6: (2, 1), 2: (1, 1), 5: (1, 1), 7: (1, 0), 12: (4, 3), 4: (0, 0), 10: (1, 1), 3: (0, 4), 8: (0, 0), 0: (0, 0), 9: (1, 1), 1: (1, 1), 11: (1, 1)}
t_type about to use: 0
h_type: 1
shift dict: {0: 0, 1: 558, 2: 1498, 3: 20762, 4: 20776}
count dict: Counter({2: 19264, 1: 940, 4: 799, 0: 558, 3: 14})
Generated 902 negative samples for edge type 7
Info: load amazon_style_ccctt_features_fold_5 from original data and generate /home/simonettos/homhetgnn/HGB/LP/benchmark/data/amazon_style_ccctt_features_fold_5/dl_pickle 
edge types: [7]
dataset: amazon_style_ccctt_features_fold_5, eval_type: 7
epoch 0 | batch 0 |train loss 0.9854218363761902
Valid: loss 31.40677833557129, score:{'roc_auc': 0.5023233456176894, 'MRR': 0.9131944444444443}
Saving model
epoch 0 | batch 1 |train loss 24.0885009765625
epoch 1 | batch 0 |train loss 23.280302047729492
Valid: loss 28.288000106811523, score:{'roc_auc': 0.5269187630187468, 'MRR': 0.9131944444444443}
Saving model
epoch 1 | batch 1 |train loss 23.49507713317871
epoch 2 | batch 0 |train loss 21.440261840820312
Valid: loss 25.319011688232422, score:{'roc_auc': 0.5466271430860439, 'MRR': 0.9305555555555557}
Saving model
epoch 2 | batch 1 |train loss 20.126455307006836
epoch 3 | batch 0 |train loss 16.37239646911621
Valid: loss 16.02967071533203, score:{'roc_auc': 0.6049511296266623, 'MRR': 0.8541666666666666}
Saving model
epoch 3 | batch 1 |train loss 11.16663646697998
epoch 4 | batch 0 |train loss 5.363004684448242
Valid: loss 6.774631977081299, score:{'roc_auc': 0.6795385354911072, 'MRR': 0.857638888888889}
Saving model
epoch 4 | batch 1 |train loss 4.442885398864746
epoch 5 | batch 0 |train loss 4.0239081382751465
Valid: loss 5.802515029907227, score:{'roc_auc': 0.6826630347700688, 'MRR': 0.826388888888889}
Saving model
epoch 5 | batch 1 |train loss 4.064140796661377
epoch 6 | batch 0 |train loss 3.807934045791626
Valid: loss 5.903724193572998, score:{'roc_auc': 0.6801794584201251, 'MRR': 0.8368055555555557}
EarlyStopping counter: 1 out of 3
epoch 6 | batch 1 |train loss 3.7682201862335205
epoch 7 | batch 0 |train loss 2.8635902404785156
Valid: loss 2.2318367958068848, score:{'roc_auc': 0.6754526518186188, 'MRR': 0.8333333333333334}
Saving model
epoch 7 | batch 1 |train loss 1.8314223289489746
epoch 8 | batch 0 |train loss 1.045382022857666
Valid: loss 1.1616113185882568, score:{'roc_auc': 0.6494952731933984, 'MRR': 0.767361111111111}
Saving model
epoch 8 | batch 1 |train loss 0.9337680339813232
epoch 9 | batch 0 |train loss 1.3750674724578857
Valid: loss 1.25603449344635, score:{'roc_auc': 0.552074987982695, 'MRR': 0.8055555555555555}
EarlyStopping counter: 1 out of 3
epoch 9 | batch 1 |train loss 1.138238549232483
epoch 10 | batch 0 |train loss 0.9743006229400635
Valid: loss 1.089072585105896, score:{'roc_auc': 0.6591091171286653, 'MRR': 0.829861111111111}
Saving model
epoch 10 | batch 1 |train loss 0.8266135454177856
epoch 11 | batch 0 |train loss 0.7369809150695801
Valid: loss 0.8465028405189514, score:{'roc_auc': 0.6849062650216311, 'MRR': 0.8680555555555557}
Saving model
epoch 11 | batch 1 |train loss 0.7477957010269165
epoch 12 | batch 0 |train loss 0.9226197004318237
Valid: loss 0.8297600150108337, score:{'roc_auc': 0.699967953853549, 'MRR': 0.826388888888889}
Saving model
epoch 12 | batch 1 |train loss 0.7692548632621765
epoch 13 | batch 0 |train loss 0.7930716276168823
Valid: loss 0.7862741947174072, score:{'roc_auc': 0.7018907226406026, 'MRR': 0.8125}
Saving model
epoch 13 | batch 1 |train loss 0.6568921804428101
epoch 14 | batch 0 |train loss 0.6523978114128113
Valid: loss 0.6697602272033691, score:{'roc_auc': 0.7195161031885916, 'MRR': 0.8125}
Saving model
epoch 14 | batch 1 |train loss 0.5900241732597351
epoch 15 | batch 0 |train loss 0.5947694778442383
Valid: loss 0.6248496770858765, score:{'roc_auc': 0.7302515622496395, 'MRR': 0.8368055555555557}
Saving model
epoch 15 | batch 1 |train loss 0.5500691533088684
epoch 16 | batch 0 |train loss 0.5670568346977234
Valid: loss 0.6590939164161682, score:{'roc_auc': 0.6908348021150457, 'MRR': 0.8333333333333334}
EarlyStopping counter: 1 out of 3
epoch 16 | batch 1 |train loss 0.573510468006134
epoch 17 | batch 0 |train loss 0.5468286871910095
Valid: loss 0.6855515241622925, score:{'roc_auc': 0.6881108796667201, 'MRR': 0.826388888888889}
EarlyStopping counter: 2 out of 3
epoch 17 | batch 1 |train loss 0.566659688949585
epoch 18 | batch 0 |train loss 0.5547217726707458
Valid: loss 0.6733095049858093, score:{'roc_auc': 0.7050953372856914, 'MRR': 0.8125}
Meta keys: dict_keys([7])
Data keys: dict_keys([7])
Edge type: 7, Meta: (1, 0)
Average links per head: 3.52
Median: 2.0, Min: 1, Max: 22
len test_list[0] 461
len test_list[1] 461
len test_label 461
2 hop test: loss 0.6733095049858093, score:{'roc_auc': 0.6156264116849872, 'MRR': 0.8237913486005088}
(array([0, 1]), array([229, 232]))
[0.569139   0.59634477 0.6367977  0.94411    0.8328016  0.8140968
 0.81719595 0.7935811  0.60726833 0.30113873 0.969898   0.7352372
 0.29042035 0.59395856 0.5641277  0.7700418  0.70193815 0.62041813
 0.98483247 0.92998934]
Average links per head full random test: 1.50
Medianfull random test: 1.0, Min: 1, Max: 11
len test_list[0]full random test 464
len test_list[1]full random test 464
len test_label full random test 464
2 hop test: loss 0.6733095049858093, score:{'roc_auc': 0.6156264116849872, 'MRR': 0.8237913486005088}
edge type: 7, random_score: {'roc_auc': 0.8057557966706301, 'MRR': 0.9809160305343512}, score: {'roc_auc': 0.6156264116849872, 'MRR': 0.8237913486005088}
ROC_AUC: 0.6156264116849872
Sec neigh test: score list: defaultdict(<class 'list'>, {'roc_auc': [0.6156264116849872], 'MRR': [0.8237913486005088]})
Random test: score list: defaultdict(<class 'list'>, {'roc_auc': [0.8057557966706301], 'MRR': [0.9809160305343512]})
Sec neigh test:average score: defaultdict(<class 'list'>, {'roc_auc': 0.6156, 'MRR': 0.8238})
Random test: average score: defaultdict(<class 'list'>, {'roc_auc': 0.8058, 'MRR': 0.9809})
Completed: amazon_style_ccctt_features_fold_5 (rep 3)

=== Repetition 4/6 ===
--------------------------------------
Running model: GCN
Dataset: amazon_style_ccctt_features_fold_1
Repetition: 4
--------------------------------------
use device: cpu
Namespace(data='amazon_style_ccctt_features_fold_1', model_path='model.pt', train_iter_n=50, cuda=0, checkpoint='', epochs=100, patience=3, n_layers=2, n_heads=[4], dropout=0.5, model='GCN', lr=0.0001, weight_decay=0.0, batch_size=1024, edge_sample_ratio=1, test_with_CPU=False, decoder='dismult', feat_type=1)
args.feat_type 1
sys_path ['/home/simonettos/homhetgnn/HGB/LP/benchmark/methods/GNN', '/home/simonettos/homhetgnn/sbatches', '/home/simonettos/homhetgnn/HGB/LP/benchmark/methods/baseline', '/home/simonettos/homhetgnn/HGB/LP/benchmark', '/home/simonettos/homhetgnn/HGB/LP/benchmark/methods/GNN', '/home/simonettos/homhetgnn/HGB/LP/benchmark/methods/GNN/utils', '/home/simonettos/homhetgnn/HGB/LP/benchmark/methods/GNN/models', '/deepstore/software/anaconda3/2022.05/lib/python39.zip', '/deepstore/software/anaconda3/2022.05/lib/python3.9', '/deepstore/software/anaconda3/2022.05/lib/python3.9/lib-dynload', '/home/simonettos/homhetgnn/gpuvenv/lib/python3.9/site-packages', '../../', '../../']
Data path: /home/simonettos/homhetgnn/HGB/LP/benchmark/data/amazon_style_ccctt_features_fold_1
Loading nodes from /home/simonettos/homhetgnn/HGB/LP/benchmark/data/amazon_style_ccctt_features_fold_1/node.dat
edge types: dict_keys([6, 12, 5, 7, 0, 9, 2, 4, 10, 8, 3, 1, 11])
Getting training negative samples for edge types: [7]
nodes.shift keys: [0, 1, 2, 3, 4]
nodes.count keys: [0, 1, 2, 3, 4]
links.meta: {6: (2, 1), 12: (4, 3), 5: (1, 1), 7: (1, 0), 0: (0, 0), 9: (1, 1), 2: (1, 1), 4: (0, 0), 10: (1, 1), 8: (0, 0), 3: (0, 4), 1: (1, 1), 11: (1, 1)}
t_type about to use: 0
h_type: 1
shift dict: {0: 0, 1: 558, 2: 1498, 3: 20762, 4: 20776}
count dict: Counter({2: 19264, 1: 940, 4: 799, 0: 558, 3: 14})
Generated 907 negative samples for edge type 7
Info: load amazon_style_ccctt_features_fold_1 from original data and generate /home/simonettos/homhetgnn/HGB/LP/benchmark/data/amazon_style_ccctt_features_fold_1/dl_pickle 
edge types: [7]
dataset: amazon_style_ccctt_features_fold_1, eval_type: 7
epoch 0 | batch 0 |train loss 0.8843474984169006
Valid: loss 14.759223937988281, score:{'roc_auc': 0.51416015625, 'MRR': 0.75}
Saving model
epoch 0 | batch 1 |train loss 10.920782089233398
epoch 1 | batch 0 |train loss 9.580812454223633
Valid: loss 11.359694480895996, score:{'roc_auc': 0.5745849609375, 'MRR': 0.8219696969696969}
Saving model
epoch 1 | batch 1 |train loss 6.708561420440674
epoch 2 | batch 0 |train loss 3.821234703063965
Valid: loss 8.335506439208984, score:{'roc_auc': 0.6097412109375, 'MRR': 0.8409090909090909}
Saving model
epoch 2 | batch 1 |train loss 6.7410149574279785
epoch 3 | batch 0 |train loss 5.726822853088379
Valid: loss 8.579878807067871, score:{'roc_auc': 0.60107421875, 'MRR': 0.8522727272727273}
EarlyStopping counter: 1 out of 3
epoch 3 | batch 1 |train loss 7.074813365936279
epoch 4 | batch 0 |train loss 3.634352922439575
Valid: loss 6.8137006759643555, score:{'roc_auc': 0.619140625, 'MRR': 0.8143939393939393}
Saving model
epoch 4 | batch 1 |train loss 4.254819869995117
epoch 5 | batch 0 |train loss 2.258340358734131
Valid: loss 5.706777095794678, score:{'roc_auc': 0.6251220703125, 'MRR': 0.7878787878787878}
Saving model
epoch 5 | batch 1 |train loss 2.7639262676239014
epoch 6 | batch 0 |train loss 1.5516802072525024
Valid: loss 3.3635802268981934, score:{'roc_auc': 0.607421875, 'MRR': 0.7992424242424242}
Saving model
epoch 6 | batch 1 |train loss 1.9585541486740112
epoch 7 | batch 0 |train loss 1.1202841997146606
Valid: loss 1.0247457027435303, score:{'roc_auc': 0.60986328125, 'MRR': 0.8143939393939394}
Saving model
epoch 7 | batch 1 |train loss 1.1282362937927246
epoch 8 | batch 0 |train loss 0.7121868133544922
Valid: loss 1.3324075937271118, score:{'roc_auc': 0.59228515625, 'MRR': 0.7916666666666665}
EarlyStopping counter: 1 out of 3
epoch 8 | batch 1 |train loss 0.7976833581924438
epoch 9 | batch 0 |train loss 0.6765974164009094
Valid: loss 0.9611386656761169, score:{'roc_auc': 0.6591796875, 'MRR': 0.8522727272727273}
Saving model
epoch 9 | batch 1 |train loss 0.9700446128845215
epoch 10 | batch 0 |train loss 0.6384961605072021
Valid: loss 1.1316661834716797, score:{'roc_auc': 0.63623046875, 'MRR': 0.8257575757575757}
EarlyStopping counter: 1 out of 3
epoch 10 | batch 1 |train loss 0.7736684083938599
epoch 11 | batch 0 |train loss 0.6463850140571594
Valid: loss 0.6657050251960754, score:{'roc_auc': 0.7060546875, 'MRR': 0.8863636363636364}
Saving model
epoch 11 | batch 1 |train loss 0.6120904684066772
epoch 12 | batch 0 |train loss 0.5332506895065308
Valid: loss 0.7191451191902161, score:{'roc_auc': 0.7099609375, 'MRR': 0.8522727272727273}
EarlyStopping counter: 1 out of 3
epoch 12 | batch 1 |train loss 0.8301388621330261
epoch 13 | batch 0 |train loss 0.5515049695968628
Valid: loss 0.6654013991355896, score:{'roc_auc': 0.73583984375, 'MRR': 0.875}
Saving model
epoch 13 | batch 1 |train loss 0.6107413172721863
epoch 14 | batch 0 |train loss 0.5566194653511047
Valid: loss 0.876401960849762, score:{'roc_auc': 0.6787109375, 'MRR': 0.875}
EarlyStopping counter: 1 out of 3
epoch 14 | batch 1 |train loss 0.6018677949905396
epoch 15 | batch 0 |train loss 0.518284022808075
Valid: loss 0.7194514870643616, score:{'roc_auc': 0.710693359375, 'MRR': 0.875}
EarlyStopping counter: 2 out of 3
epoch 15 | batch 1 |train loss 0.5940991640090942
epoch 16 | batch 0 |train loss 0.5115444660186768
Valid: loss 0.7044501900672913, score:{'roc_auc': 0.7109375, 'MRR': 0.8712121212121211}
Meta keys: dict_keys([7])
Data keys: dict_keys([7])
Edge type: 7, Meta: (1, 0)
Average links per head: 3.34
Median: 2.0, Min: 1, Max: 26
len test_list[0] 481
len test_list[1] 481
len test_label 481
2 hop test: loss 0.7044501900672913, score:{'roc_auc': 0.60399377593361, 'MRR': 0.7881944444444444}
(array([0, 1]), array([240, 241]))
[0.36933127 0.3612781  0.26030505 0.31439972 0.49551603 0.5792377
 0.35682428 0.2340263  0.54805315 0.5365097  0.5216892  0.42664504
 0.93377596 0.8626634  0.04762642 0.3315739  0.8896692  0.264206
 0.90450627 0.24833558]
Average links per head full random test: 1.49
Medianfull random test: 1.0, Min: 1, Max: 13
len test_list[0]full random test 482
len test_list[1]full random test 482
len test_label full random test 482
2 hop test: loss 0.7044501900672913, score:{'roc_auc': 0.60399377593361, 'MRR': 0.7881944444444444}
edge type: 7, random_score: {'roc_auc': 0.7675487680997227, 'MRR': 0.9791666666666666}, score: {'roc_auc': 0.60399377593361, 'MRR': 0.7881944444444444}
ROC_AUC: 0.60399377593361
Sec neigh test: score list: defaultdict(<class 'list'>, {'roc_auc': [0.60399377593361], 'MRR': [0.7881944444444444]})
Random test: score list: defaultdict(<class 'list'>, {'roc_auc': [0.7675487680997227], 'MRR': [0.9791666666666666]})
Sec neigh test:average score: defaultdict(<class 'list'>, {'roc_auc': 0.604, 'MRR': 0.7882})
Random test: average score: defaultdict(<class 'list'>, {'roc_auc': 0.7675, 'MRR': 0.9792})
Completed: amazon_style_ccctt_features_fold_1 (rep 4)

--------------------------------------
Running model: GCN
Dataset: amazon_style_ccctt_features_fold_2
Repetition: 4
--------------------------------------
use device: cpu
Namespace(data='amazon_style_ccctt_features_fold_2', model_path='model.pt', train_iter_n=50, cuda=0, checkpoint='', epochs=100, patience=3, n_layers=2, n_heads=[4], dropout=0.5, model='GCN', lr=0.0001, weight_decay=0.0, batch_size=1024, edge_sample_ratio=1, test_with_CPU=False, decoder='dismult', feat_type=1)
args.feat_type 1
sys_path ['/home/simonettos/homhetgnn/HGB/LP/benchmark/methods/GNN', '/home/simonettos/homhetgnn/sbatches', '/home/simonettos/homhetgnn/HGB/LP/benchmark/methods/baseline', '/home/simonettos/homhetgnn/HGB/LP/benchmark', '/home/simonettos/homhetgnn/HGB/LP/benchmark/methods/GNN', '/home/simonettos/homhetgnn/HGB/LP/benchmark/methods/GNN/utils', '/home/simonettos/homhetgnn/HGB/LP/benchmark/methods/GNN/models', '/deepstore/software/anaconda3/2022.05/lib/python39.zip', '/deepstore/software/anaconda3/2022.05/lib/python3.9', '/deepstore/software/anaconda3/2022.05/lib/python3.9/lib-dynload', '/home/simonettos/homhetgnn/gpuvenv/lib/python3.9/site-packages', '../../', '../../']
Data path: /home/simonettos/homhetgnn/HGB/LP/benchmark/data/amazon_style_ccctt_features_fold_2
Loading nodes from /home/simonettos/homhetgnn/HGB/LP/benchmark/data/amazon_style_ccctt_features_fold_2/node.dat
edge types: dict_keys([6, 2, 5, 7, 12, 4, 10, 3, 8, 0, 9, 1, 11])
Getting training negative samples for edge types: [7]
nodes.shift keys: [0, 1, 2, 3, 4]
nodes.count keys: [0, 1, 2, 3, 4]
links.meta: {6: (2, 1), 2: (1, 1), 5: (1, 1), 7: (1, 0), 12: (4, 3), 4: (0, 0), 10: (1, 1), 3: (0, 4), 8: (0, 0), 0: (0, 0), 9: (1, 1), 1: (1, 1), 11: (1, 1)}
t_type about to use: 0
h_type: 1
shift dict: {0: 0, 1: 558, 2: 1498, 3: 20762, 4: 20776}
count dict: Counter({2: 19264, 1: 940, 4: 799, 0: 558, 3: 14})
Generated 920 negative samples for edge type 7
Info: load amazon_style_ccctt_features_fold_2 from original data and generate /home/simonettos/homhetgnn/HGB/LP/benchmark/data/amazon_style_ccctt_features_fold_2/dl_pickle 
edge types: [7]
dataset: amazon_style_ccctt_features_fold_2, eval_type: 7
epoch 0 | batch 0 |train loss 1.5225273370742798
Valid: loss 14.167673110961914, score:{'roc_auc': 0.4978454909202832, 'MRR': 0.7549019607843137}
Saving model
epoch 0 | batch 1 |train loss 9.589646339416504
epoch 1 | batch 0 |train loss 12.855676651000977
Valid: loss 15.10135269165039, score:{'roc_auc': 0.5212373037857803, 'MRR': 0.8235294117647058}
EarlyStopping counter: 1 out of 3
epoch 1 | batch 1 |train loss 9.816496849060059
epoch 2 | batch 0 |train loss 8.946778297424316
Valid: loss 9.884477615356445, score:{'roc_auc': 0.5624807633117882, 'MRR': 0.8235294117647058}
Saving model
epoch 2 | batch 1 |train loss 5.59763765335083
epoch 3 | batch 0 |train loss 4.982054710388184
Valid: loss 8.757678985595703, score:{'roc_auc': 0.6080332409972299, 'MRR': 0.8308823529411765}
Saving model
epoch 3 | batch 1 |train loss 5.114902496337891
epoch 4 | batch 0 |train loss 6.566299915313721
Valid: loss 9.571853637695312, score:{'roc_auc': 0.6168051708217913, 'MRR': 0.8441176470588235}
EarlyStopping counter: 1 out of 3
epoch 4 | batch 1 |train loss 7.008382797241211
epoch 5 | batch 0 |train loss 5.747160911560059
Valid: loss 7.657536506652832, score:{'roc_auc': 0.5975684826100339, 'MRR': 0.7965686274509804}
Saving model
epoch 5 | batch 1 |train loss 3.7494118213653564
epoch 6 | batch 0 |train loss 3.265327215194702
Valid: loss 4.994225025177002, score:{'roc_auc': 0.5655586334256695, 'MRR': 0.7745098039215687}
Saving model
epoch 6 | batch 1 |train loss 2.559720993041992
epoch 7 | batch 0 |train loss 2.293077230453491
Valid: loss 2.5706684589385986, score:{'roc_auc': 0.6137273007079102, 'MRR': 0.7892156862745099}
Saving model
epoch 7 | batch 1 |train loss 1.5845924615859985
epoch 8 | batch 0 |train loss 1.9820765256881714
Valid: loss 2.122591018676758, score:{'roc_auc': 0.6244998461064943, 'MRR': 0.7843137254901961}
Saving model
epoch 8 | batch 1 |train loss 1.35585618019104
epoch 9 | batch 0 |train loss 0.7067765593528748
Valid: loss 1.0076918601989746, score:{'roc_auc': 0.677900892582333, 'MRR': 0.8088235294117647}
Saving model
epoch 9 | batch 1 |train loss 0.774564266204834
epoch 10 | batch 0 |train loss 0.7155333161354065
Valid: loss 0.7264099717140198, score:{'roc_auc': 0.7357648507232994, 'MRR': 0.8382352941176471}
Saving model
epoch 10 | batch 1 |train loss 0.7598313689231873
epoch 11 | batch 0 |train loss 0.8426048755645752
Valid: loss 0.7230382561683655, score:{'roc_auc': 0.7462296091104955, 'MRR': 0.8529411764705882}
Saving model
epoch 11 | batch 1 |train loss 0.7341299653053284
epoch 12 | batch 0 |train loss 0.6536371111869812
Valid: loss 0.7641029953956604, score:{'roc_auc': 0.7092951677439212, 'MRR': 0.8529411764705882}
EarlyStopping counter: 1 out of 3
epoch 12 | batch 1 |train loss 0.6614327430725098
epoch 13 | batch 0 |train loss 0.5414196252822876
Valid: loss 0.7397395968437195, score:{'roc_auc': 0.7096029547553093, 'MRR': 0.8382352941176471}
EarlyStopping counter: 2 out of 3
epoch 13 | batch 1 |train loss 0.5861659049987793
epoch 14 | batch 0 |train loss 0.6060226559638977
Valid: loss 0.8301880359649658, score:{'roc_auc': 0.690827947060634, 'MRR': 0.8235294117647058}
Meta keys: dict_keys([7])
Data keys: dict_keys([7])
Edge type: 7, Meta: (1, 0)
Average links per head: 3.43
Median: 2.0, Min: 1, Max: 22
len test_list[0] 467
len test_list[1] 467
len test_label 467
2 hop test: loss 0.8301880359649658, score:{'roc_auc': 0.5340792369772561, 'MRR': 0.7502450980392157}
(array([0, 1]), array([232, 235]))
[0.6572644  0.52685976 0.6964482  0.51216924 0.5053027  0.80482906
 0.5414114  0.71072984 0.46029603 0.46301907 0.6277408  0.86869556
 0.9210616  0.89382285 0.82568365 0.5229459  0.9782321  0.9680702
 0.9654058  0.7154611 ]
Average links per head full random test: 1.50
Medianfull random test: 1.0, Min: 1, Max: 11
len test_list[0]full random test 470
len test_list[1]full random test 470
len test_label full random test 470
2 hop test: loss 0.8301880359649658, score:{'roc_auc': 0.5340792369772561, 'MRR': 0.7502450980392157}
edge type: 7, random_score: {'roc_auc': 0.7841738343141693, 'MRR': 0.9816176470588235}, score: {'roc_auc': 0.5340792369772561, 'MRR': 0.7502450980392157}
ROC_AUC: 0.5340792369772561
Sec neigh test: score list: defaultdict(<class 'list'>, {'roc_auc': [0.5340792369772561], 'MRR': [0.7502450980392157]})
Random test: score list: defaultdict(<class 'list'>, {'roc_auc': [0.7841738343141693], 'MRR': [0.9816176470588235]})
Sec neigh test:average score: defaultdict(<class 'list'>, {'roc_auc': 0.5341, 'MRR': 0.7502})
Random test: average score: defaultdict(<class 'list'>, {'roc_auc': 0.7842, 'MRR': 0.9816})
Completed: amazon_style_ccctt_features_fold_2 (rep 4)

--------------------------------------
Running model: GCN
Dataset: amazon_style_ccctt_features_fold_3
Repetition: 4
--------------------------------------
use device: cpu
Namespace(data='amazon_style_ccctt_features_fold_3', model_path='model.pt', train_iter_n=50, cuda=0, checkpoint='', epochs=100, patience=3, n_layers=2, n_heads=[4], dropout=0.5, model='GCN', lr=0.0001, weight_decay=0.0, batch_size=1024, edge_sample_ratio=1, test_with_CPU=False, decoder='dismult', feat_type=1)
args.feat_type 1
sys_path ['/home/simonettos/homhetgnn/HGB/LP/benchmark/methods/GNN', '/home/simonettos/homhetgnn/sbatches', '/home/simonettos/homhetgnn/HGB/LP/benchmark/methods/baseline', '/home/simonettos/homhetgnn/HGB/LP/benchmark', '/home/simonettos/homhetgnn/HGB/LP/benchmark/methods/GNN', '/home/simonettos/homhetgnn/HGB/LP/benchmark/methods/GNN/utils', '/home/simonettos/homhetgnn/HGB/LP/benchmark/methods/GNN/models', '/deepstore/software/anaconda3/2022.05/lib/python39.zip', '/deepstore/software/anaconda3/2022.05/lib/python3.9', '/deepstore/software/anaconda3/2022.05/lib/python3.9/lib-dynload', '/home/simonettos/homhetgnn/gpuvenv/lib/python3.9/site-packages', '../../', '../../']
Data path: /home/simonettos/homhetgnn/HGB/LP/benchmark/data/amazon_style_ccctt_features_fold_3
Loading nodes from /home/simonettos/homhetgnn/HGB/LP/benchmark/data/amazon_style_ccctt_features_fold_3/node.dat
edge types: dict_keys([6, 2, 5, 7, 12, 4, 10, 3, 8, 0, 9, 1, 11])
Getting training negative samples for edge types: [7]
nodes.shift keys: [0, 1, 2, 3, 4]
nodes.count keys: [0, 1, 2, 3, 4]
links.meta: {6: (2, 1), 2: (1, 1), 5: (1, 1), 7: (1, 0), 12: (4, 3), 4: (0, 0), 10: (1, 1), 3: (0, 4), 8: (0, 0), 0: (0, 0), 9: (1, 1), 1: (1, 1), 11: (1, 1)}
t_type about to use: 0
h_type: 1
shift dict: {0: 0, 1: 558, 2: 1498, 3: 20762, 4: 20776}
count dict: Counter({2: 19264, 1: 940, 4: 799, 0: 558, 3: 14})
Generated 894 negative samples for edge type 7
Info: load amazon_style_ccctt_features_fold_3 from original data and generate /home/simonettos/homhetgnn/HGB/LP/benchmark/data/amazon_style_ccctt_features_fold_3/dl_pickle 
edge types: [7]
dataset: amazon_style_ccctt_features_fold_3, eval_type: 7
epoch 0 | batch 0 |train loss 0.9477757811546326
Valid: loss 8.696240425109863, score:{'roc_auc': 0.5510926438904279, 'MRR': 0.7803030303030302}
Saving model
epoch 0 | batch 1 |train loss 6.8718581199646
epoch 1 | batch 0 |train loss 3.6693029403686523
Valid: loss 6.792527198791504, score:{'roc_auc': 0.5874115112342259, 'MRR': 0.8484848484848484}
Saving model
epoch 1 | batch 1 |train loss 4.3339524269104
epoch 2 | batch 0 |train loss 3.6236913204193115
Valid: loss 9.636088371276855, score:{'roc_auc': 0.5761772853185595, 'MRR': 0.8484848484848484}
EarlyStopping counter: 1 out of 3
epoch 2 | batch 1 |train loss 5.341615200042725
epoch 3 | batch 0 |train loss 6.090546131134033
Valid: loss 10.076661109924316, score:{'roc_auc': 0.5966451215758695, 'MRR': 0.8598484848484848}
EarlyStopping counter: 2 out of 3
epoch 3 | batch 1 |train loss 7.400858402252197
epoch 4 | batch 0 |train loss 6.475072860717773
Valid: loss 7.222111701965332, score:{'roc_auc': 0.551246537396122, 'MRR': 0.8484848484848484}
Meta keys: dict_keys([7])
Data keys: dict_keys([7])
Edge type: 7, Meta: (1, 0)
Average links per head: 3.61
Median: 2.0, Min: 2, Max: 30
len test_list[0] 524
len test_list[1] 524
len test_label 524
2 hop test: loss 7.222111701965332, score:{'roc_auc': 0.519710389837422, 'MRR': 0.7603448275862069}
(array([0, 1]), array([262, 262]))
[9.8150000e-02 2.2782436e-01 8.7659853e-12 2.0259284e-11 4.7494321e-08
 4.7494321e-08 7.9818481e-01 7.1742028e-02 2.0703608e-02 9.9877101e-01
 2.3177382e-02 9.5214158e-01 1.0000000e+00 2.1327762e-09 9.5378573e-06
 9.9997711e-01 8.8953453e-01 9.6673620e-01 2.9904636e-02 6.2447059e-01]
Average links per head full random test: 1.53
Medianfull random test: 1.0, Min: 1, Max: 15
len test_list[0]full random test 524
len test_list[1]full random test 524
len test_label full random test 524
2 hop test: loss 7.222111701965332, score:{'roc_auc': 0.519710389837422, 'MRR': 0.7603448275862069}
edge type: 7, random_score: {'roc_auc': 0.5255812598333431, 'MRR': 0.9689655172413794}, score: {'roc_auc': 0.519710389837422, 'MRR': 0.7603448275862069}
ROC_AUC: 0.519710389837422
Sec neigh test: score list: defaultdict(<class 'list'>, {'roc_auc': [0.519710389837422], 'MRR': [0.7603448275862069]})
Random test: score list: defaultdict(<class 'list'>, {'roc_auc': [0.5255812598333431], 'MRR': [0.9689655172413794]})
Sec neigh test:average score: defaultdict(<class 'list'>, {'roc_auc': 0.5197, 'MRR': 0.7603})
Random test: average score: defaultdict(<class 'list'>, {'roc_auc': 0.5256, 'MRR': 0.969})
Completed: amazon_style_ccctt_features_fold_3 (rep 4)

--------------------------------------
Running model: GCN
Dataset: amazon_style_ccctt_features_fold_4
Repetition: 4
--------------------------------------
use device: cpu
Namespace(data='amazon_style_ccctt_features_fold_4', model_path='model.pt', train_iter_n=50, cuda=0, checkpoint='', epochs=100, patience=3, n_layers=2, n_heads=[4], dropout=0.5, model='GCN', lr=0.0001, weight_decay=0.0, batch_size=1024, edge_sample_ratio=1, test_with_CPU=False, decoder='dismult', feat_type=1)
args.feat_type 1
sys_path ['/home/simonettos/homhetgnn/HGB/LP/benchmark/methods/GNN', '/home/simonettos/homhetgnn/sbatches', '/home/simonettos/homhetgnn/HGB/LP/benchmark/methods/baseline', '/home/simonettos/homhetgnn/HGB/LP/benchmark', '/home/simonettos/homhetgnn/HGB/LP/benchmark/methods/GNN', '/home/simonettos/homhetgnn/HGB/LP/benchmark/methods/GNN/utils', '/home/simonettos/homhetgnn/HGB/LP/benchmark/methods/GNN/models', '/deepstore/software/anaconda3/2022.05/lib/python39.zip', '/deepstore/software/anaconda3/2022.05/lib/python3.9', '/deepstore/software/anaconda3/2022.05/lib/python3.9/lib-dynload', '/home/simonettos/homhetgnn/gpuvenv/lib/python3.9/site-packages', '../../', '../../']
Data path: /home/simonettos/homhetgnn/HGB/LP/benchmark/data/amazon_style_ccctt_features_fold_4
Loading nodes from /home/simonettos/homhetgnn/HGB/LP/benchmark/data/amazon_style_ccctt_features_fold_4/node.dat
edge types: dict_keys([6, 2, 5, 7, 12, 4, 10, 3, 8, 0, 9, 1, 11])
Getting training negative samples for edge types: [7]
nodes.shift keys: [0, 1, 2, 3, 4]
nodes.count keys: [0, 1, 2, 3, 4]
links.meta: {6: (2, 1), 2: (1, 1), 5: (1, 1), 7: (1, 0), 12: (4, 3), 4: (0, 0), 10: (1, 1), 3: (0, 4), 8: (0, 0), 0: (0, 0), 9: (1, 1), 1: (1, 1), 11: (1, 1)}
t_type about to use: 0
h_type: 1
shift dict: {0: 0, 1: 558, 2: 1498, 3: 20762, 4: 20776}
count dict: Counter({2: 19264, 1: 940, 4: 799, 0: 558, 3: 14})
Generated 902 negative samples for edge type 7
Info: load amazon_style_ccctt_features_fold_4 from original data and generate /home/simonettos/homhetgnn/HGB/LP/benchmark/data/amazon_style_ccctt_features_fold_4/dl_pickle 
edge types: [7]
dataset: amazon_style_ccctt_features_fold_4, eval_type: 7
epoch 0 | batch 0 |train loss 1.7532508373260498
Valid: loss 10.036192893981934, score:{'roc_auc': 0.5509022053909557, 'MRR': 0.8571428571428571}
Saving model
epoch 0 | batch 1 |train loss 10.573966979980469
epoch 1 | batch 0 |train loss 12.558516502380371
Valid: loss 10.797505378723145, score:{'roc_auc': 0.5702829137892625, 'MRR': 0.8531746031746033}
EarlyStopping counter: 1 out of 3
epoch 1 | batch 1 |train loss 11.435972213745117
epoch 2 | batch 0 |train loss 10.0650634765625
Valid: loss 6.701437950134277, score:{'roc_auc': 0.6140565827578525, 'MRR': 0.8412698412698413}
Saving model
epoch 2 | batch 1 |train loss 6.896790981292725
epoch 3 | batch 0 |train loss 5.030167579650879
Valid: loss 3.367276668548584, score:{'roc_auc': 0.7297839162396971, 'MRR': 0.8650793650793651}
Saving model
epoch 3 | batch 1 |train loss 4.7620062828063965
epoch 4 | batch 0 |train loss 5.976961135864258
Valid: loss 7.3306121826171875, score:{'roc_auc': 0.7161951436845623, 'MRR': 0.8769841269841271}
EarlyStopping counter: 1 out of 3
epoch 4 | batch 1 |train loss 7.728713512420654
epoch 5 | batch 0 |train loss 7.309883117675781
Valid: loss 4.421423435211182, score:{'roc_auc': 0.7265537981733126, 'MRR': 0.8531746031746033}
EarlyStopping counter: 2 out of 3
epoch 5 | batch 1 |train loss 5.928632736206055
epoch 6 | batch 0 |train loss 3.0726799964904785
Valid: loss 1.9623422622680664, score:{'roc_auc': 0.7406994876364448, 'MRR': 0.853174603174603}
Saving model
epoch 6 | batch 1 |train loss 3.3713958263397217
epoch 7 | batch 0 |train loss 2.1799142360687256
Valid: loss 1.3053982257843018, score:{'roc_auc': 0.7438182223212296, 'MRR': 0.8571428571428571}
Saving model
epoch 7 | batch 1 |train loss 1.6934514045715332
epoch 8 | batch 0 |train loss 1.4985945224761963
Valid: loss 0.8494529128074646, score:{'roc_auc': 0.7177545110269549, 'MRR': 0.8571428571428571}
Saving model
epoch 8 | batch 1 |train loss 1.5473260879516602
epoch 9 | batch 0 |train loss 0.8508943319320679
Valid: loss 0.8076000809669495, score:{'roc_auc': 0.748941857874805, 'MRR': 0.8412698412698412}
Saving model
epoch 9 | batch 1 |train loss 0.8392549753189087
epoch 10 | batch 0 |train loss 1.0120567083358765
Valid: loss 0.7930551171302795, score:{'roc_auc': 0.7320115838716864, 'MRR': 0.8373015873015872}
Saving model
epoch 10 | batch 1 |train loss 0.86491459608078
epoch 11 | batch 0 |train loss 0.8439161777496338
Valid: loss 0.7674018144607544, score:{'roc_auc': 0.7821341055914458, 'MRR': 0.8253968253968254}
Saving model
epoch 11 | batch 1 |train loss 0.9644762873649597
epoch 12 | batch 0 |train loss 0.8759942054748535
Valid: loss 0.5727377533912659, score:{'roc_auc': 0.7932724437513923, 'MRR': 0.8373015873015872}
Saving model
epoch 12 | batch 1 |train loss 0.6294336915016174
epoch 13 | batch 0 |train loss 0.6292399168014526
Valid: loss 0.6177678108215332, score:{'roc_auc': 0.7810202717754512, 'MRR': 0.865079365079365}
EarlyStopping counter: 1 out of 3
epoch 13 | batch 1 |train loss 0.6351726651191711
epoch 14 | batch 0 |train loss 0.6188123226165771
Valid: loss 0.5384587645530701, score:{'roc_auc': 0.8249053241256404, 'MRR': 0.8809523809523809}
Saving model
epoch 14 | batch 1 |train loss 0.560185968875885
epoch 15 | batch 0 |train loss 0.5996434688568115
Valid: loss 0.5431894659996033, score:{'roc_auc': 0.8391623969703721, 'MRR': 0.8809523809523809}
EarlyStopping counter: 1 out of 3
epoch 15 | batch 1 |train loss 0.6057034730911255
epoch 16 | batch 0 |train loss 0.5912390947341919
Valid: loss 0.599210262298584, score:{'roc_auc': 0.8171084874136779, 'MRR': 0.8769841269841269}
EarlyStopping counter: 2 out of 3
epoch 16 | batch 1 |train loss 0.7280951738357544
epoch 17 | batch 0 |train loss 0.610379159450531
Valid: loss 0.5454362034797668, score:{'roc_auc': 0.8304744932056137, 'MRR': 0.8769841269841269}
Meta keys: dict_keys([7])
Data keys: dict_keys([7])
Edge type: 7, Meta: (1, 0)
Average links per head: 3.34
Median: 2.0, Min: 1, Max: 22
len test_list[0] 484
len test_list[1] 484
len test_label 484
2 hop test: loss 0.5454362034797668, score:{'roc_auc': 0.5569557570479654, 'MRR': 0.794712643678161}
(array([0, 1]), array([241, 243]))
[0.40784726 0.4438196  0.5205566  0.65486497 0.6230736  0.46641532
 0.871594   0.797074   0.8502968  0.8749274  0.9606039  0.66213113
 0.9965533  0.9983223  0.9411939  0.9927256  0.684153   0.85467815
 0.5205445  0.425247  ]
Average links per head full random test: 1.49
Medianfull random test: 1.0, Min: 1, Max: 11
len test_list[0]full random test 486
len test_list[1]full random test 486
len test_label full random test 486
2 hop test: loss 0.5454362034797668, score:{'roc_auc': 0.5569557570479654, 'MRR': 0.794712643678161}
edge type: 7, random_score: {'roc_auc': 0.7740520584599231, 'MRR': 0.9540229885057472}, score: {'roc_auc': 0.5569557570479654, 'MRR': 0.794712643678161}
ROC_AUC: 0.5569557570479654
Sec neigh test: score list: defaultdict(<class 'list'>, {'roc_auc': [0.5569557570479654], 'MRR': [0.794712643678161]})
Random test: score list: defaultdict(<class 'list'>, {'roc_auc': [0.7740520584599231], 'MRR': [0.9540229885057472]})
Sec neigh test:average score: defaultdict(<class 'list'>, {'roc_auc': 0.557, 'MRR': 0.7947})
Random test: average score: defaultdict(<class 'list'>, {'roc_auc': 0.7741, 'MRR': 0.954})
Completed: amazon_style_ccctt_features_fold_4 (rep 4)

--------------------------------------
Running model: GCN
Dataset: amazon_style_ccctt_features_fold_5
Repetition: 4
--------------------------------------
use device: cpu
Namespace(data='amazon_style_ccctt_features_fold_5', model_path='model.pt', train_iter_n=50, cuda=0, checkpoint='', epochs=100, patience=3, n_layers=2, n_heads=[4], dropout=0.5, model='GCN', lr=0.0001, weight_decay=0.0, batch_size=1024, edge_sample_ratio=1, test_with_CPU=False, decoder='dismult', feat_type=1)
args.feat_type 1
sys_path ['/home/simonettos/homhetgnn/HGB/LP/benchmark/methods/GNN', '/home/simonettos/homhetgnn/sbatches', '/home/simonettos/homhetgnn/HGB/LP/benchmark/methods/baseline', '/home/simonettos/homhetgnn/HGB/LP/benchmark', '/home/simonettos/homhetgnn/HGB/LP/benchmark/methods/GNN', '/home/simonettos/homhetgnn/HGB/LP/benchmark/methods/GNN/utils', '/home/simonettos/homhetgnn/HGB/LP/benchmark/methods/GNN/models', '/deepstore/software/anaconda3/2022.05/lib/python39.zip', '/deepstore/software/anaconda3/2022.05/lib/python3.9', '/deepstore/software/anaconda3/2022.05/lib/python3.9/lib-dynload', '/home/simonettos/homhetgnn/gpuvenv/lib/python3.9/site-packages', '../../', '../../']
Data path: /home/simonettos/homhetgnn/HGB/LP/benchmark/data/amazon_style_ccctt_features_fold_5
Loading nodes from /home/simonettos/homhetgnn/HGB/LP/benchmark/data/amazon_style_ccctt_features_fold_5/node.dat
edge types: dict_keys([6, 2, 5, 7, 12, 4, 10, 3, 8, 0, 9, 1, 11])
Getting training negative samples for edge types: [7]
nodes.shift keys: [0, 1, 2, 3, 4]
nodes.count keys: [0, 1, 2, 3, 4]
links.meta: {6: (2, 1), 2: (1, 1), 5: (1, 1), 7: (1, 0), 12: (4, 3), 4: (0, 0), 10: (1, 1), 3: (0, 4), 8: (0, 0), 0: (0, 0), 9: (1, 1), 1: (1, 1), 11: (1, 1)}
t_type about to use: 0
h_type: 1
shift dict: {0: 0, 1: 558, 2: 1498, 3: 20762, 4: 20776}
count dict: Counter({2: 19264, 1: 940, 4: 799, 0: 558, 3: 14})
Generated 921 negative samples for edge type 7
Info: load amazon_style_ccctt_features_fold_5 from original data and generate /home/simonettos/homhetgnn/HGB/LP/benchmark/data/amazon_style_ccctt_features_fold_5/dl_pickle 
edge types: [7]
dataset: amazon_style_ccctt_features_fold_5, eval_type: 7
epoch 0 | batch 0 |train loss 1.0484390258789062
Valid: loss 30.554588317871094, score:{'roc_auc': 0.5031944444444444, 'MRR': 0.8863636363636364}
Saving model
epoch 0 | batch 1 |train loss 24.583803176879883
epoch 1 | batch 0 |train loss 24.413124084472656
Valid: loss 31.802539825439453, score:{'roc_auc': 0.495, 'MRR': 0.8712121212121211}
EarlyStopping counter: 1 out of 3
epoch 1 | batch 1 |train loss 23.63019561767578
epoch 2 | batch 0 |train loss 23.058277130126953
Valid: loss 28.060272216796875, score:{'roc_auc': 0.5144444444444445, 'MRR': 0.8939393939393938}
Saving model
epoch 2 | batch 1 |train loss 20.882434844970703
epoch 3 | batch 0 |train loss 19.057052612304688
Valid: loss 18.596784591674805, score:{'roc_auc': 0.5529166666666667, 'MRR': 0.8598484848484849}
Saving model
epoch 3 | batch 1 |train loss 13.774518966674805
epoch 4 | batch 0 |train loss 6.474546909332275
Valid: loss 5.337201118469238, score:{'roc_auc': 0.7205555555555556, 'MRR': 0.8484848484848485}
Saving model
epoch 4 | batch 1 |train loss 3.750521659851074
epoch 5 | batch 0 |train loss 3.7111566066741943
Valid: loss 5.071484565734863, score:{'roc_auc': 0.6980555555555555, 'MRR': 0.8371212121212122}
Saving model
epoch 5 | batch 1 |train loss 3.3946380615234375
epoch 6 | batch 0 |train loss 3.0505213737487793
Valid: loss 3.627171754837036, score:{'roc_auc': 0.7205555555555555, 'MRR': 0.8484848484848485}
Saving model
epoch 6 | batch 1 |train loss 3.059859037399292
epoch 7 | batch 0 |train loss 2.9275062084198
Valid: loss 2.169785737991333, score:{'roc_auc': 0.6981944444444445, 'MRR': 0.8598484848484849}
Saving model
epoch 7 | batch 1 |train loss 2.524106025695801
epoch 8 | batch 0 |train loss 0.9275562763214111
Valid: loss 1.1186861991882324, score:{'roc_auc': 0.6363888888888888, 'MRR': 0.8371212121212122}
Saving model
epoch 8 | batch 1 |train loss 0.7622763514518738
epoch 9 | batch 0 |train loss 0.9610312581062317
Valid: loss 1.3546557426452637, score:{'roc_auc': 0.5388888888888889, 'MRR': 0.7575757575757575}
EarlyStopping counter: 1 out of 3
epoch 9 | batch 1 |train loss 0.8996179103851318
epoch 10 | batch 0 |train loss 0.9104249477386475
Valid: loss 1.0346648693084717, score:{'roc_auc': 0.6122222222222222, 'MRR': 0.8295454545454546}
Saving model
epoch 10 | batch 1 |train loss 0.7274419665336609
epoch 11 | batch 0 |train loss 0.6701052188873291
Valid: loss 0.9947095513343811, score:{'roc_auc': 0.6647222222222222, 'MRR': 0.8674242424242425}
Saving model
epoch 11 | batch 1 |train loss 0.8410059809684753
epoch 12 | batch 0 |train loss 0.8880105018615723
Valid: loss 0.8738178014755249, score:{'roc_auc': 0.6927777777777777, 'MRR': 0.8598484848484849}
Saving model
epoch 12 | batch 1 |train loss 0.7449526786804199
epoch 13 | batch 0 |train loss 0.8328431248664856
Valid: loss 0.765415608882904, score:{'roc_auc': 0.7027777777777777, 'MRR': 0.8484848484848485}
Saving model
epoch 13 | batch 1 |train loss 0.7430023550987244
epoch 14 | batch 0 |train loss 0.6799271702766418
Valid: loss 0.6867889761924744, score:{'roc_auc': 0.7263888888888889, 'MRR': 0.8484848484848485}
Saving model
epoch 14 | batch 1 |train loss 0.5610488057136536
epoch 15 | batch 0 |train loss 0.5523674488067627
Valid: loss 0.6801943182945251, score:{'roc_auc': 0.7147222222222223, 'MRR': 0.8598484848484849}
Saving model
epoch 15 | batch 1 |train loss 0.5691239833831787
epoch 16 | batch 0 |train loss 0.5549431443214417
Valid: loss 0.6447476744651794, score:{'roc_auc': 0.7041666666666666, 'MRR': 0.8030303030303029}
Saving model
epoch 16 | batch 1 |train loss 0.5731932520866394
epoch 17 | batch 0 |train loss 0.5636128187179565
Valid: loss 0.6334456205368042, score:{'roc_auc': 0.7055555555555555, 'MRR': 0.8333333333333333}
Saving model
epoch 17 | batch 1 |train loss 0.5474191904067993
epoch 18 | batch 0 |train loss 0.4993778467178345
Valid: loss 0.6410177946090698, score:{'roc_auc': 0.7355555555555556, 'MRR': 0.8674242424242423}
EarlyStopping counter: 1 out of 3
epoch 18 | batch 1 |train loss 0.5106117129325867
epoch 19 | batch 0 |train loss 0.5005274415016174
Valid: loss 0.6445845365524292, score:{'roc_auc': 0.7255555555555556, 'MRR': 0.8712121212121212}
EarlyStopping counter: 2 out of 3
epoch 19 | batch 1 |train loss 0.5018901824951172
epoch 20 | batch 0 |train loss 0.5144268274307251
Valid: loss 0.6560681462287903, score:{'roc_auc': 0.7197222222222222, 'MRR': 0.8712121212121212}
Meta keys: dict_keys([7])
Data keys: dict_keys([7])
Edge type: 7, Meta: (1, 0)
Average links per head: 3.52
Median: 2.0, Min: 1, Max: 22
len test_list[0] 461
len test_list[1] 461
len test_label 461
2 hop test: loss 0.6560681462287903, score:{'roc_auc': 0.5863574762836922, 'MRR': 0.7779898218829516}
(array([0, 1]), array([229, 232]))
[0.47382954 0.5617767  0.6381576  0.80863273 0.80743897 0.8226282
 0.7836515  0.6908979  0.50378275 0.20193748 0.99022526 0.9839499
 0.8750241  0.88055193 0.5143065  0.69694036 0.67717177 0.576805
 0.9885788  0.95078063]
Average links per head full random test: 1.50
Medianfull random test: 1.0, Min: 1, Max: 11
len test_list[0]full random test 464
len test_list[1]full random test 464
len test_label full random test 464
2 hop test: loss 0.6560681462287903, score:{'roc_auc': 0.5863574762836922, 'MRR': 0.7779898218829516}
edge type: 7, random_score: {'roc_auc': 0.7876040428061831, 'MRR': 0.9732824427480916}, score: {'roc_auc': 0.5863574762836922, 'MRR': 0.7779898218829516}
ROC_AUC: 0.5863574762836922
Sec neigh test: score list: defaultdict(<class 'list'>, {'roc_auc': [0.5863574762836922], 'MRR': [0.7779898218829516]})
Random test: score list: defaultdict(<class 'list'>, {'roc_auc': [0.7876040428061831], 'MRR': [0.9732824427480916]})
Sec neigh test:average score: defaultdict(<class 'list'>, {'roc_auc': 0.5864, 'MRR': 0.778})
Random test: average score: defaultdict(<class 'list'>, {'roc_auc': 0.7876, 'MRR': 0.9733})
Completed: amazon_style_ccctt_features_fold_5 (rep 4)

=== Repetition 5/6 ===
--------------------------------------
Running model: GCN
Dataset: amazon_style_ccctt_features_fold_1
Repetition: 5
--------------------------------------
use device: cpu
Namespace(data='amazon_style_ccctt_features_fold_1', model_path='model.pt', train_iter_n=50, cuda=0, checkpoint='', epochs=100, patience=3, n_layers=2, n_heads=[4], dropout=0.5, model='GCN', lr=0.0001, weight_decay=0.0, batch_size=1024, edge_sample_ratio=1, test_with_CPU=False, decoder='dismult', feat_type=1)
args.feat_type 1
sys_path ['/home/simonettos/homhetgnn/HGB/LP/benchmark/methods/GNN', '/home/simonettos/homhetgnn/sbatches', '/home/simonettos/homhetgnn/HGB/LP/benchmark/methods/baseline', '/home/simonettos/homhetgnn/HGB/LP/benchmark', '/home/simonettos/homhetgnn/HGB/LP/benchmark/methods/GNN', '/home/simonettos/homhetgnn/HGB/LP/benchmark/methods/GNN/utils', '/home/simonettos/homhetgnn/HGB/LP/benchmark/methods/GNN/models', '/deepstore/software/anaconda3/2022.05/lib/python39.zip', '/deepstore/software/anaconda3/2022.05/lib/python3.9', '/deepstore/software/anaconda3/2022.05/lib/python3.9/lib-dynload', '/home/simonettos/homhetgnn/gpuvenv/lib/python3.9/site-packages', '../../', '../../']
Data path: /home/simonettos/homhetgnn/HGB/LP/benchmark/data/amazon_style_ccctt_features_fold_1
Loading nodes from /home/simonettos/homhetgnn/HGB/LP/benchmark/data/amazon_style_ccctt_features_fold_1/node.dat
edge types: dict_keys([6, 12, 5, 7, 0, 9, 2, 4, 10, 8, 3, 1, 11])
Getting training negative samples for edge types: [7]
nodes.shift keys: [0, 1, 2, 3, 4]
nodes.count keys: [0, 1, 2, 3, 4]
links.meta: {6: (2, 1), 12: (4, 3), 5: (1, 1), 7: (1, 0), 0: (0, 0), 9: (1, 1), 2: (1, 1), 4: (0, 0), 10: (1, 1), 8: (0, 0), 3: (0, 4), 1: (1, 1), 11: (1, 1)}
t_type about to use: 0
h_type: 1
shift dict: {0: 0, 1: 558, 2: 1498, 3: 20762, 4: 20776}
count dict: Counter({2: 19264, 1: 940, 4: 799, 0: 558, 3: 14})
Generated 914 negative samples for edge type 7
Info: load amazon_style_ccctt_features_fold_1 from original data and generate /home/simonettos/homhetgnn/HGB/LP/benchmark/data/amazon_style_ccctt_features_fold_1/dl_pickle 
edge types: [7]
dataset: amazon_style_ccctt_features_fold_1, eval_type: 7
epoch 0 | batch 0 |train loss 1.163147211074829
Valid: loss 28.36598014831543, score:{'roc_auc': 0.5141582025238536, 'MRR': 0.9146341463414634}
Saving model
epoch 0 | batch 1 |train loss 23.376420974731445
epoch 1 | batch 0 |train loss 25.00464630126953
Valid: loss 28.074913024902344, score:{'roc_auc': 0.5153893505694059, 'MRR': 0.926829268292683}
Saving model
epoch 1 | batch 1 |train loss 22.797754287719727
epoch 2 | batch 0 |train loss 23.23965835571289
Valid: loss 26.706560134887695, score:{'roc_auc': 0.5275469375192368, 'MRR': 0.9146341463414634}
Saving model
epoch 2 | batch 1 |train loss 19.857282638549805
epoch 3 | batch 0 |train loss 17.748321533203125
Valid: loss 13.256579399108887, score:{'roc_auc': 0.5387811634349031, 'MRR': 0.8617886178861788}
Saving model
epoch 3 | batch 1 |train loss 11.054821014404297
epoch 4 | batch 0 |train loss 4.914365291595459
Valid: loss 7.067436695098877, score:{'roc_auc': 0.608187134502924, 'MRR': 0.8536585365853658}
Saving model
epoch 4 | batch 1 |train loss 3.272841691970825
epoch 5 | batch 0 |train loss 3.474860668182373
Valid: loss 6.409598350524902, score:{'roc_auc': 0.6044936903662665, 'MRR': 0.8495934959349593}
Saving model
epoch 5 | batch 1 |train loss 3.341928720474243
epoch 6 | batch 0 |train loss 3.560488224029541
Valid: loss 4.084653854370117, score:{'roc_auc': 0.6154201292705448, 'MRR': 0.8739837398373983}
Saving model
epoch 6 | batch 1 |train loss 4.174602031707764
epoch 7 | batch 0 |train loss 3.8360862731933594
Valid: loss 3.340200901031494, score:{'roc_auc': 0.6038781163434903, 'MRR': 0.8617886178861788}
Saving model
epoch 7 | batch 1 |train loss 2.0190303325653076
epoch 8 | batch 0 |train loss 1.0397368669509888
Valid: loss 1.7922104597091675, score:{'roc_auc': 0.566943674976916, 'MRR': 0.8414634146341463}
Saving model
epoch 8 | batch 1 |train loss 0.9895181059837341
epoch 9 | batch 0 |train loss 0.858457088470459
Valid: loss 1.217464804649353, score:{'roc_auc': 0.5586334256694367, 'MRR': 0.8048780487804879}
Saving model
epoch 9 | batch 1 |train loss 1.0561374425888062
epoch 10 | batch 0 |train loss 1.0694854259490967
Valid: loss 1.116103172302246, score:{'roc_auc': 0.6097260695598646, 'MRR': 0.8292682926829268}
Saving model
epoch 10 | batch 1 |train loss 0.9951475262641907
epoch 11 | batch 0 |train loss 0.6846908330917358
Valid: loss 1.2777721881866455, score:{'roc_auc': 0.6281932902431517, 'MRR': 0.8373983739837397}
EarlyStopping counter: 1 out of 3
epoch 11 | batch 1 |train loss 0.8339080214500427
epoch 12 | batch 0 |train loss 0.635944128036499
Valid: loss 1.7650219202041626, score:{'roc_auc': 0.6381963681132656, 'MRR': 0.8617886178861788}
EarlyStopping counter: 2 out of 3
epoch 12 | batch 1 |train loss 0.8331546187400818
epoch 13 | batch 0 |train loss 0.7050682306289673
Valid: loss 1.7268338203430176, score:{'roc_auc': 0.6465066174207449, 'MRR': 0.8739837398373983}
Meta keys: dict_keys([7])
Data keys: dict_keys([7])
Edge type: 7, Meta: (1, 0)
Average links per head: 3.34
Median: 2.0, Min: 1, Max: 26
len test_list[0] 481
len test_list[1] 481
len test_label 481
2 hop test: loss 1.7268338203430176, score:{'roc_auc': 0.5795643153526971, 'MRR': 0.7743055555555556}
(array([0, 1]), array([240, 241]))
[0.52710813 0.44741786 0.40613043 0.49863106 0.45526278 0.46776065
 0.2914628  0.15855652 0.27064893 0.2243801  0.2624217  0.25253016
 0.97346324 0.9825111  0.16877203 0.17680933 0.8168302  0.13909428
 0.8067643  0.092493  ]
Average links per head full random test: 1.49
Medianfull random test: 1.0, Min: 1, Max: 13
len test_list[0]full random test 482
len test_list[1]full random test 482
len test_label full random test 482
2 hop test: loss 1.7268338203430176, score:{'roc_auc': 0.5795643153526971, 'MRR': 0.7743055555555556}
edge type: 7, random_score: {'roc_auc': 0.816273824486493, 'MRR': 0.9791666666666666}, score: {'roc_auc': 0.5795643153526971, 'MRR': 0.7743055555555556}
ROC_AUC: 0.5795643153526971
Sec neigh test: score list: defaultdict(<class 'list'>, {'roc_auc': [0.5795643153526971], 'MRR': [0.7743055555555556]})
Random test: score list: defaultdict(<class 'list'>, {'roc_auc': [0.816273824486493], 'MRR': [0.9791666666666666]})
Sec neigh test:average score: defaultdict(<class 'list'>, {'roc_auc': 0.5796, 'MRR': 0.7743})
Random test: average score: defaultdict(<class 'list'>, {'roc_auc': 0.8163, 'MRR': 0.9792})
Completed: amazon_style_ccctt_features_fold_1 (rep 5)

--------------------------------------
Running model: GCN
Dataset: amazon_style_ccctt_features_fold_2
Repetition: 5
--------------------------------------
use device: cpu
Namespace(data='amazon_style_ccctt_features_fold_2', model_path='model.pt', train_iter_n=50, cuda=0, checkpoint='', epochs=100, patience=3, n_layers=2, n_heads=[4], dropout=0.5, model='GCN', lr=0.0001, weight_decay=0.0, batch_size=1024, edge_sample_ratio=1, test_with_CPU=False, decoder='dismult', feat_type=1)
args.feat_type 1
sys_path ['/home/simonettos/homhetgnn/HGB/LP/benchmark/methods/GNN', '/home/simonettos/homhetgnn/sbatches', '/home/simonettos/homhetgnn/HGB/LP/benchmark/methods/baseline', '/home/simonettos/homhetgnn/HGB/LP/benchmark', '/home/simonettos/homhetgnn/HGB/LP/benchmark/methods/GNN', '/home/simonettos/homhetgnn/HGB/LP/benchmark/methods/GNN/utils', '/home/simonettos/homhetgnn/HGB/LP/benchmark/methods/GNN/models', '/deepstore/software/anaconda3/2022.05/lib/python39.zip', '/deepstore/software/anaconda3/2022.05/lib/python3.9', '/deepstore/software/anaconda3/2022.05/lib/python3.9/lib-dynload', '/home/simonettos/homhetgnn/gpuvenv/lib/python3.9/site-packages', '../../', '../../']
Data path: /home/simonettos/homhetgnn/HGB/LP/benchmark/data/amazon_style_ccctt_features_fold_2
Loading nodes from /home/simonettos/homhetgnn/HGB/LP/benchmark/data/amazon_style_ccctt_features_fold_2/node.dat
edge types: dict_keys([6, 2, 5, 7, 12, 4, 10, 3, 8, 0, 9, 1, 11])
Getting training negative samples for edge types: [7]
nodes.shift keys: [0, 1, 2, 3, 4]
nodes.count keys: [0, 1, 2, 3, 4]
links.meta: {6: (2, 1), 2: (1, 1), 5: (1, 1), 7: (1, 0), 12: (4, 3), 4: (0, 0), 10: (1, 1), 3: (0, 4), 8: (0, 0), 0: (0, 0), 9: (1, 1), 1: (1, 1), 11: (1, 1)}
t_type about to use: 0
h_type: 1
shift dict: {0: 0, 1: 558, 2: 1498, 3: 20762, 4: 20776}
count dict: Counter({2: 19264, 1: 940, 4: 799, 0: 558, 3: 14})
Generated 919 negative samples for edge type 7
Info: load amazon_style_ccctt_features_fold_2 from original data and generate /home/simonettos/homhetgnn/HGB/LP/benchmark/data/amazon_style_ccctt_features_fold_2/dl_pickle 
edge types: [7]
dataset: amazon_style_ccctt_features_fold_2, eval_type: 7
epoch 0 | batch 0 |train loss 1.045448899269104
Valid: loss 13.171175956726074, score:{'roc_auc': 0.5098097502972652, 'MRR': 0.7420634920634921}
Saving model
epoch 0 | batch 1 |train loss 13.011384010314941
epoch 1 | batch 0 |train loss 13.410128593444824
Valid: loss 12.068754196166992, score:{'roc_auc': 0.5432520808561236, 'MRR': 0.8412698412698413}
Saving model
epoch 1 | batch 1 |train loss 10.941824913024902
epoch 2 | batch 0 |train loss 8.482294082641602
Valid: loss 5.95085334777832, score:{'roc_auc': 0.5621284185493459, 'MRR': 0.765873015873016}
Saving model
epoch 2 | batch 1 |train loss 4.910590648651123
epoch 3 | batch 0 |train loss 4.446969032287598
Valid: loss 4.912136077880859, score:{'roc_auc': 0.6464030915576694, 'MRR': 0.7777777777777779}
Saving model
epoch 3 | batch 1 |train loss 6.671047210693359
epoch 4 | batch 0 |train loss 5.606008529663086
Valid: loss 4.028392791748047, score:{'roc_auc': 0.65205112960761, 'MRR': 0.7817460317460319}
Saving model
epoch 4 | batch 1 |train loss 3.5629427433013916
epoch 5 | batch 0 |train loss 2.654299020767212
Valid: loss 3.413991928100586, score:{'roc_auc': 0.6061236623067776, 'MRR': 0.7817460317460319}
Saving model
epoch 5 | batch 1 |train loss 2.455946683883667
epoch 6 | batch 0 |train loss 2.0505106449127197
Valid: loss 2.487602710723877, score:{'roc_auc': 0.5927467300832343, 'MRR': 0.8095238095238095}
Saving model
epoch 6 | batch 1 |train loss 1.9089205265045166
epoch 7 | batch 0 |train loss 2.160946846008301
Valid: loss 1.9927778244018555, score:{'roc_auc': 0.5740190249702735, 'MRR': 0.8214285714285714}
Saving model
epoch 7 | batch 1 |train loss 2.040727138519287
epoch 8 | batch 0 |train loss 0.9791574478149414
Valid: loss 2.0294129848480225, score:{'roc_auc': 0.6030023781212842, 'MRR': 0.7936507936507937}
EarlyStopping counter: 1 out of 3
epoch 8 | batch 1 |train loss 0.7040566205978394
epoch 9 | batch 0 |train loss 0.9302210211753845
Valid: loss 1.1187671422958374, score:{'roc_auc': 0.6226218787158145, 'MRR': 0.7936507936507937}
Saving model
epoch 9 | batch 1 |train loss 0.7319717407226562
epoch 10 | batch 0 |train loss 0.7081456184387207
Valid: loss 0.8998518586158752, score:{'roc_auc': 0.683858501783591, 'MRR': 0.8174603174603176}
Saving model
epoch 10 | batch 1 |train loss 0.833524227142334
epoch 11 | batch 0 |train loss 0.8224077820777893
Valid: loss 0.7733263969421387, score:{'roc_auc': 0.669589774078478, 'MRR': 0.7936507936507937}
Saving model
epoch 11 | batch 1 |train loss 0.6024597883224487
epoch 12 | batch 0 |train loss 0.7176333665847778
Valid: loss 0.9891032576560974, score:{'roc_auc': 0.6270808561236624, 'MRR': 0.7817460317460319}
EarlyStopping counter: 1 out of 3
epoch 12 | batch 1 |train loss 0.6801097393035889
epoch 13 | batch 0 |train loss 0.6765220761299133
Valid: loss 0.8089845180511475, score:{'roc_auc': 0.672859690844233, 'MRR': 0.7936507936507937}
EarlyStopping counter: 2 out of 3
epoch 13 | batch 1 |train loss 0.5402451753616333
epoch 14 | batch 0 |train loss 0.6667212843894958
Valid: loss 0.8373607397079468, score:{'roc_auc': 0.6865338882282995, 'MRR': 0.7936507936507937}
Meta keys: dict_keys([7])
Data keys: dict_keys([7])
Edge type: 7, Meta: (1, 0)
Average links per head: 3.43
Median: 2.0, Min: 1, Max: 22
len test_list[0] 467
len test_list[1] 467
len test_label 467
2 hop test: loss 0.8373607397079468, score:{'roc_auc': 0.5615370506236244, 'MRR': 0.7469362745098039}
(array([0, 1]), array([232, 235]))
[0.22885793 0.21073034 0.4158553  0.37390083 0.37879962 0.7377746
 0.39055997 0.65636414 0.31857914 0.358269   0.5041517  0.80227566
 0.74903256 0.75249124 0.66522443 0.20542176 0.8991912  0.87381744
 0.9287771  0.637987  ]
Average links per head full random test: 1.50
Medianfull random test: 1.0, Min: 1, Max: 11
len test_list[0]full random test 470
len test_list[1]full random test 470
len test_label full random test 470
2 hop test: loss 0.8373607397079468, score:{'roc_auc': 0.5615370506236244, 'MRR': 0.7469362745098039}
edge type: 7, random_score: {'roc_auc': 0.7307741059302851, 'MRR': 0.9742647058823529}, score: {'roc_auc': 0.5615370506236244, 'MRR': 0.7469362745098039}
ROC_AUC: 0.5615370506236244
Sec neigh test: score list: defaultdict(<class 'list'>, {'roc_auc': [0.5615370506236244], 'MRR': [0.7469362745098039]})
Random test: score list: defaultdict(<class 'list'>, {'roc_auc': [0.7307741059302851], 'MRR': [0.9742647058823529]})
Sec neigh test:average score: defaultdict(<class 'list'>, {'roc_auc': 0.5615, 'MRR': 0.7469})
Random test: average score: defaultdict(<class 'list'>, {'roc_auc': 0.7308, 'MRR': 0.9743})
Completed: amazon_style_ccctt_features_fold_2 (rep 5)

--------------------------------------
Running model: GCN
Dataset: amazon_style_ccctt_features_fold_3
Repetition: 5
--------------------------------------
use device: cpu
Namespace(data='amazon_style_ccctt_features_fold_3', model_path='model.pt', train_iter_n=50, cuda=0, checkpoint='', epochs=100, patience=3, n_layers=2, n_heads=[4], dropout=0.5, model='GCN', lr=0.0001, weight_decay=0.0, batch_size=1024, edge_sample_ratio=1, test_with_CPU=False, decoder='dismult', feat_type=1)
args.feat_type 1
sys_path ['/home/simonettos/homhetgnn/HGB/LP/benchmark/methods/GNN', '/home/simonettos/homhetgnn/sbatches', '/home/simonettos/homhetgnn/HGB/LP/benchmark/methods/baseline', '/home/simonettos/homhetgnn/HGB/LP/benchmark', '/home/simonettos/homhetgnn/HGB/LP/benchmark/methods/GNN', '/home/simonettos/homhetgnn/HGB/LP/benchmark/methods/GNN/utils', '/home/simonettos/homhetgnn/HGB/LP/benchmark/methods/GNN/models', '/deepstore/software/anaconda3/2022.05/lib/python39.zip', '/deepstore/software/anaconda3/2022.05/lib/python3.9', '/deepstore/software/anaconda3/2022.05/lib/python3.9/lib-dynload', '/home/simonettos/homhetgnn/gpuvenv/lib/python3.9/site-packages', '../../', '../../']
Data path: /home/simonettos/homhetgnn/HGB/LP/benchmark/data/amazon_style_ccctt_features_fold_3
Loading nodes from /home/simonettos/homhetgnn/HGB/LP/benchmark/data/amazon_style_ccctt_features_fold_3/node.dat
edge types: dict_keys([6, 2, 5, 7, 12, 4, 10, 3, 8, 0, 9, 1, 11])
Getting training negative samples for edge types: [7]
nodes.shift keys: [0, 1, 2, 3, 4]
nodes.count keys: [0, 1, 2, 3, 4]
links.meta: {6: (2, 1), 2: (1, 1), 5: (1, 1), 7: (1, 0), 12: (4, 3), 4: (0, 0), 10: (1, 1), 3: (0, 4), 8: (0, 0), 0: (0, 0), 9: (1, 1), 1: (1, 1), 11: (1, 1)}
t_type about to use: 0
h_type: 1
shift dict: {0: 0, 1: 558, 2: 1498, 3: 20762, 4: 20776}
count dict: Counter({2: 19264, 1: 940, 4: 799, 0: 558, 3: 14})
Generated 881 negative samples for edge type 7
Info: load amazon_style_ccctt_features_fold_3 from original data and generate /home/simonettos/homhetgnn/HGB/LP/benchmark/data/amazon_style_ccctt_features_fold_3/dl_pickle 
edge types: [7]
dataset: amazon_style_ccctt_features_fold_3, eval_type: 7
epoch 0 | batch 0 |train loss 1.1829754114151
Valid: loss 26.306459426879883, score:{'roc_auc': 0.5248979591836734, 'MRR': 0.9420289855072462}
Saving model
epoch 0 | batch 1 |train loss 20.64790916442871
epoch 1 | batch 0 |train loss 19.450790405273438
Valid: loss 18.98961067199707, score:{'roc_auc': 0.5505102040816326, 'MRR': 0.8913043478260869}
Saving model
epoch 1 | batch 1 |train loss 16.39617919921875
epoch 2 | batch 0 |train loss 8.237841606140137
Valid: loss 4.950273513793945, score:{'roc_auc': 0.7119387755102041, 'MRR': 0.8768115942028984}
Saving model
epoch 2 | batch 1 |train loss 4.300661563873291
epoch 3 | batch 0 |train loss 3.8392369747161865
Valid: loss 4.020755290985107, score:{'roc_auc': 0.7194897959183674, 'MRR': 0.931159420289855}
Saving model
epoch 3 | batch 1 |train loss 3.7228541374206543
epoch 4 | batch 0 |train loss 3.084610939025879
Valid: loss 2.8072104454040527, score:{'roc_auc': 0.7140816326530612, 'MRR': 0.931159420289855}
Saving model
epoch 4 | batch 1 |train loss 2.855926036834717
epoch 5 | batch 0 |train loss 3.622617483139038
Valid: loss 2.197362184524536, score:{'roc_auc': 0.6979591836734694, 'MRR': 0.9094202898550724}
Saving model
epoch 5 | batch 1 |train loss 3.174544095993042
epoch 6 | batch 0 |train loss 2.090742826461792
Valid: loss 1.6637508869171143, score:{'roc_auc': 0.667142857142857, 'MRR': 0.8840579710144927}
Saving model
epoch 6 | batch 1 |train loss 1.7946219444274902
epoch 7 | batch 0 |train loss 1.2529979944229126
Valid: loss 1.5196775197982788, score:{'roc_auc': 0.6391836734693878, 'MRR': 0.8369565217391305}
Saving model
epoch 7 | batch 1 |train loss 1.233928918838501
epoch 8 | batch 0 |train loss 1.0332212448120117
Valid: loss 1.145440936088562, score:{'roc_auc': 0.5853061224489795, 'MRR': 0.8478260869565217}
Saving model
epoch 8 | batch 1 |train loss 1.5378451347351074
epoch 9 | batch 0 |train loss 0.9115574359893799
Valid: loss 0.9962001442909241, score:{'roc_auc': 0.7004081632653061, 'MRR': 0.8949275362318841}
Saving model
epoch 9 | batch 1 |train loss 0.9629652500152588
epoch 10 | batch 0 |train loss 0.7610217332839966
Valid: loss 0.9082270860671997, score:{'roc_auc': 0.7495918367346939, 'MRR': 0.9148550724637682}
Saving model
epoch 10 | batch 1 |train loss 0.7797315716743469
epoch 11 | batch 0 |train loss 0.7561911940574646
Valid: loss 0.6595208644866943, score:{'roc_auc': 0.7475510204081632, 'MRR': 0.9137681159420289}
Saving model
epoch 11 | batch 1 |train loss 0.8018732666969299
epoch 12 | batch 0 |train loss 0.790105938911438
Valid: loss 0.6280463933944702, score:{'roc_auc': 0.7683673469387754, 'MRR': 0.9148550724637682}
Saving model
epoch 12 | batch 1 |train loss 0.6130760908126831
epoch 13 | batch 0 |train loss 0.6126299500465393
Valid: loss 0.7670503854751587, score:{'roc_auc': 0.7318367346938776, 'MRR': 0.9239130434782609}
EarlyStopping counter: 1 out of 3
epoch 13 | batch 1 |train loss 0.6170937418937683
epoch 14 | batch 0 |train loss 0.5811882019042969
Valid: loss 0.6202951073646545, score:{'roc_auc': 0.7485714285714286, 'MRR': 0.9311594202898551}
Saving model
epoch 14 | batch 1 |train loss 0.5397891998291016
epoch 15 | batch 0 |train loss 0.6083782315254211
Valid: loss 0.6295841336250305, score:{'roc_auc': 0.7440816326530613, 'MRR': 0.9094202898550725}
EarlyStopping counter: 1 out of 3
epoch 15 | batch 1 |train loss 0.5924628973007202
epoch 16 | batch 0 |train loss 0.5243534445762634
Valid: loss 0.6228631734848022, score:{'roc_auc': 0.7793877551020407, 'MRR': 0.931159420289855}
EarlyStopping counter: 2 out of 3
epoch 16 | batch 1 |train loss 0.5086405873298645
epoch 17 | batch 0 |train loss 0.5245994329452515
Valid: loss 0.6415219902992249, score:{'roc_auc': 0.7875510204081632, 'MRR': 0.9275362318840579}
Meta keys: dict_keys([7])
Data keys: dict_keys([7])
Edge type: 7, Meta: (1, 0)
Average links per head: 3.61
Median: 2.0, Min: 2, Max: 30
len test_list[0] 524
len test_list[1] 524
len test_label 524
2 hop test: loss 0.6415219902992249, score:{'roc_auc': 0.5609812947963406, 'MRR': 0.7720689655172414}
(array([0, 1]), array([262, 262]))
[0.2667199  0.62394845 0.54555726 0.5443279  0.3720825  0.3720825
 0.9118524  0.14714964 0.57343984 0.6123148  0.44046605 0.6510336
 0.73835725 0.20271564 0.4019155  0.7593158  0.6411309  0.6430805
 0.4044493  0.7236401 ]
Average links per head full random test: 1.53
Medianfull random test: 1.0, Min: 1, Max: 15
len test_list[0]full random test 524
len test_list[1]full random test 524
len test_label full random test 524
2 hop test: loss 0.6415219902992249, score:{'roc_auc': 0.5609812947963406, 'MRR': 0.7720689655172414}
edge type: 7, random_score: {'roc_auc': 0.6809043762018531, 'MRR': 0.9793103448275862}, score: {'roc_auc': 0.5609812947963406, 'MRR': 0.7720689655172414}
ROC_AUC: 0.5609812947963406
Sec neigh test: score list: defaultdict(<class 'list'>, {'roc_auc': [0.5609812947963406], 'MRR': [0.7720689655172414]})
Random test: score list: defaultdict(<class 'list'>, {'roc_auc': [0.6809043762018531], 'MRR': [0.9793103448275862]})
Sec neigh test:average score: defaultdict(<class 'list'>, {'roc_auc': 0.561, 'MRR': 0.7721})
Random test: average score: defaultdict(<class 'list'>, {'roc_auc': 0.6809, 'MRR': 0.9793})
Completed: amazon_style_ccctt_features_fold_3 (rep 5)

--------------------------------------
Running model: GCN
Dataset: amazon_style_ccctt_features_fold_4
Repetition: 5
--------------------------------------
use device: cpu
Namespace(data='amazon_style_ccctt_features_fold_4', model_path='model.pt', train_iter_n=50, cuda=0, checkpoint='', epochs=100, patience=3, n_layers=2, n_heads=[4], dropout=0.5, model='GCN', lr=0.0001, weight_decay=0.0, batch_size=1024, edge_sample_ratio=1, test_with_CPU=False, decoder='dismult', feat_type=1)
args.feat_type 1
sys_path ['/home/simonettos/homhetgnn/HGB/LP/benchmark/methods/GNN', '/home/simonettos/homhetgnn/sbatches', '/home/simonettos/homhetgnn/HGB/LP/benchmark/methods/baseline', '/home/simonettos/homhetgnn/HGB/LP/benchmark', '/home/simonettos/homhetgnn/HGB/LP/benchmark/methods/GNN', '/home/simonettos/homhetgnn/HGB/LP/benchmark/methods/GNN/utils', '/home/simonettos/homhetgnn/HGB/LP/benchmark/methods/GNN/models', '/deepstore/software/anaconda3/2022.05/lib/python39.zip', '/deepstore/software/anaconda3/2022.05/lib/python3.9', '/deepstore/software/anaconda3/2022.05/lib/python3.9/lib-dynload', '/home/simonettos/homhetgnn/gpuvenv/lib/python3.9/site-packages', '../../', '../../']
Data path: /home/simonettos/homhetgnn/HGB/LP/benchmark/data/amazon_style_ccctt_features_fold_4
Loading nodes from /home/simonettos/homhetgnn/HGB/LP/benchmark/data/amazon_style_ccctt_features_fold_4/node.dat
edge types: dict_keys([6, 2, 5, 7, 12, 4, 10, 3, 8, 0, 9, 1, 11])
Getting training negative samples for edge types: [7]
nodes.shift keys: [0, 1, 2, 3, 4]
nodes.count keys: [0, 1, 2, 3, 4]
links.meta: {6: (2, 1), 2: (1, 1), 5: (1, 1), 7: (1, 0), 12: (4, 3), 4: (0, 0), 10: (1, 1), 3: (0, 4), 8: (0, 0), 0: (0, 0), 9: (1, 1), 1: (1, 1), 11: (1, 1)}
t_type about to use: 0
h_type: 1
shift dict: {0: 0, 1: 558, 2: 1498, 3: 20762, 4: 20776}
count dict: Counter({2: 19264, 1: 940, 4: 799, 0: 558, 3: 14})
Generated 906 negative samples for edge type 7
Info: load amazon_style_ccctt_features_fold_4 from original data and generate /home/simonettos/homhetgnn/HGB/LP/benchmark/data/amazon_style_ccctt_features_fold_4/dl_pickle 
edge types: [7]
dataset: amazon_style_ccctt_features_fold_4, eval_type: 7
epoch 0 | batch 0 |train loss 1.467355489730835
Valid: loss 17.76987648010254, score:{'roc_auc': 0.5418241370622323, 'MRR': 0.8962962962962964}
Saving model
epoch 0 | batch 1 |train loss 13.02196979522705
epoch 1 | batch 0 |train loss 6.213160514831543
Valid: loss 4.5274457931518555, score:{'roc_auc': 0.6889644746787602, 'MRR': 0.8333333333333334}
Saving model
epoch 1 | batch 1 |train loss 4.051379680633545
epoch 2 | batch 0 |train loss 4.120384216308594
Valid: loss 3.917548179626465, score:{'roc_auc': 0.7078609221466364, 'MRR': 0.8777777777777778}
Saving model
epoch 2 | batch 1 |train loss 3.26492977142334
epoch 3 | batch 0 |train loss 3.1351540088653564
Valid: loss 4.758706092834473, score:{'roc_auc': 0.6894683799445706, 'MRR': 0.8888888888888888}
EarlyStopping counter: 1 out of 3
epoch 3 | batch 1 |train loss 4.422828197479248
epoch 4 | batch 0 |train loss 4.096904277801514
Valid: loss 2.3554625511169434, score:{'roc_auc': 0.6695641219450743, 'MRR': 0.8555555555555555}
Saving model
epoch 4 | batch 1 |train loss 3.914592981338501
epoch 5 | batch 0 |train loss 1.742567539215088
Valid: loss 1.6882182359695435, score:{'roc_auc': 0.626228269085412, 'MRR': 0.8296296296296295}
Saving model
epoch 5 | batch 1 |train loss 1.298626184463501
epoch 6 | batch 0 |train loss 1.335691213607788
Valid: loss 1.2871930599212646, score:{'roc_auc': 0.6219450743260267, 'MRR': 0.8074074074074074}
Saving model
epoch 6 | batch 1 |train loss 1.1633362770080566
epoch 7 | batch 0 |train loss 0.9957432746887207
Valid: loss 0.8438910245895386, score:{'roc_auc': 0.6740992693373645, 'MRR': 0.8111111111111111}
Saving model
epoch 7 | batch 1 |train loss 0.812988817691803
epoch 8 | batch 0 |train loss 0.7281746864318848
Valid: loss 0.8609960079193115, score:{'roc_auc': 0.7161753590325018, 'MRR': 0.9111111111111111}
EarlyStopping counter: 1 out of 3
epoch 8 | batch 1 |train loss 0.658098042011261
epoch 9 | batch 0 |train loss 1.0083626508712769
Valid: loss 0.7494479417800903, score:{'roc_auc': 0.7305366591080877, 'MRR': 0.9333333333333333}
Saving model
epoch 9 | batch 1 |train loss 0.6667054295539856
epoch 10 | batch 0 |train loss 0.9692038297653198
Valid: loss 0.6504055857658386, score:{'roc_auc': 0.754724111866969, 'MRR': 0.9222222222222223}
Saving model
epoch 10 | batch 1 |train loss 0.6085854172706604
epoch 11 | batch 0 |train loss 0.5790463089942932
Valid: loss 0.7061423659324646, score:{'roc_auc': 0.7204585537918871, 'MRR': 0.9111111111111111}
EarlyStopping counter: 1 out of 3
epoch 11 | batch 1 |train loss 0.5302383303642273
epoch 12 | batch 0 |train loss 0.5763852000236511
Valid: loss 0.6450412273406982, score:{'roc_auc': 0.7209624590576972, 'MRR': 0.8777777777777778}
Saving model
epoch 12 | batch 1 |train loss 0.5941694378852844
epoch 13 | batch 0 |train loss 0.6398279070854187
Valid: loss 0.6388189792633057, score:{'roc_auc': 0.7433862433862435, 'MRR': 0.8666666666666667}
Saving model
epoch 13 | batch 1 |train loss 0.5472146272659302
epoch 14 | batch 0 |train loss 0.5705104470252991
Valid: loss 0.7052988409996033, score:{'roc_auc': 0.7431342907533384, 'MRR': 0.8888888888888888}
EarlyStopping counter: 1 out of 3
epoch 14 | batch 1 |train loss 0.5276981592178345
epoch 15 | batch 0 |train loss 0.5475844740867615
Valid: loss 0.6116020083427429, score:{'roc_auc': 0.7867220962459057, 'MRR': 0.9111111111111111}
Saving model
epoch 15 | batch 1 |train loss 0.5067203640937805
epoch 16 | batch 0 |train loss 0.5415050387382507
Valid: loss 0.5572608113288879, score:{'roc_auc': 0.7920131015369112, 'MRR': 0.9}
Saving model
epoch 16 | batch 1 |train loss 0.5247622132301331
epoch 17 | batch 0 |train loss 0.540035605430603
Valid: loss 0.5616467595100403, score:{'roc_auc': 0.7965482489292013, 'MRR': 0.9222222222222223}
EarlyStopping counter: 1 out of 3
epoch 17 | batch 1 |train loss 0.473440021276474
epoch 18 | batch 0 |train loss 0.4998478591442108
Valid: loss 0.6288313865661621, score:{'roc_auc': 0.7836986646510457, 'MRR': 0.9222222222222223}
EarlyStopping counter: 2 out of 3
epoch 18 | batch 1 |train loss 0.4670568108558655
epoch 19 | batch 0 |train loss 0.4995898902416229
Valid: loss 0.5880507826805115, score:{'roc_auc': 0.7892416225749559, 'MRR': 0.9111111111111111}
Meta keys: dict_keys([7])
Data keys: dict_keys([7])
Edge type: 7, Meta: (1, 0)
Average links per head: 3.34
Median: 2.0, Min: 1, Max: 22
len test_list[0] 484
len test_list[1] 484
len test_label 484
2 hop test: loss 0.5880507826805115, score:{'roc_auc': 0.49503953007871865, 'MRR': 0.7567816091954023}
(array([0, 1]), array([241, 243]))
[0.2990061  0.39118594 0.61266553 0.6689441  0.60434353 0.54726833
 0.7990791  0.9556863  0.99147075 0.988054   0.9994273  0.99445504
 0.9999441  0.9993185  0.99519324 0.977257   0.99974614 0.61575365
 0.61526984 0.54500645]
Average links per head full random test: 1.49
Medianfull random test: 1.0, Min: 1, Max: 11
len test_list[0]full random test 486
len test_list[1]full random test 486
len test_label full random test 486
2 hop test: loss 0.5880507826805115, score:{'roc_auc': 0.49503953007871865, 'MRR': 0.7567816091954023}
edge type: 7, random_score: {'roc_auc': 0.7476502565665802, 'MRR': 0.9724137931034482}, score: {'roc_auc': 0.49503953007871865, 'MRR': 0.7567816091954023}
ROC_AUC: 0.49503953007871865
Sec neigh test: score list: defaultdict(<class 'list'>, {'roc_auc': [0.49503953007871865], 'MRR': [0.7567816091954023]})
Random test: score list: defaultdict(<class 'list'>, {'roc_auc': [0.7476502565665802], 'MRR': [0.9724137931034482]})
Sec neigh test:average score: defaultdict(<class 'list'>, {'roc_auc': 0.495, 'MRR': 0.7568})
Random test: average score: defaultdict(<class 'list'>, {'roc_auc': 0.7477, 'MRR': 0.9724})
Completed: amazon_style_ccctt_features_fold_4 (rep 5)

--------------------------------------
Running model: GCN
Dataset: amazon_style_ccctt_features_fold_5
Repetition: 5
--------------------------------------
use device: cpu
Namespace(data='amazon_style_ccctt_features_fold_5', model_path='model.pt', train_iter_n=50, cuda=0, checkpoint='', epochs=100, patience=3, n_layers=2, n_heads=[4], dropout=0.5, model='GCN', lr=0.0001, weight_decay=0.0, batch_size=1024, edge_sample_ratio=1, test_with_CPU=False, decoder='dismult', feat_type=1)
args.feat_type 1
sys_path ['/home/simonettos/homhetgnn/HGB/LP/benchmark/methods/GNN', '/home/simonettos/homhetgnn/sbatches', '/home/simonettos/homhetgnn/HGB/LP/benchmark/methods/baseline', '/home/simonettos/homhetgnn/HGB/LP/benchmark', '/home/simonettos/homhetgnn/HGB/LP/benchmark/methods/GNN', '/home/simonettos/homhetgnn/HGB/LP/benchmark/methods/GNN/utils', '/home/simonettos/homhetgnn/HGB/LP/benchmark/methods/GNN/models', '/deepstore/software/anaconda3/2022.05/lib/python39.zip', '/deepstore/software/anaconda3/2022.05/lib/python3.9', '/deepstore/software/anaconda3/2022.05/lib/python3.9/lib-dynload', '/home/simonettos/homhetgnn/gpuvenv/lib/python3.9/site-packages', '../../', '../../']
Data path: /home/simonettos/homhetgnn/HGB/LP/benchmark/data/amazon_style_ccctt_features_fold_5
Loading nodes from /home/simonettos/homhetgnn/HGB/LP/benchmark/data/amazon_style_ccctt_features_fold_5/node.dat
edge types: dict_keys([6, 2, 5, 7, 12, 4, 10, 3, 8, 0, 9, 1, 11])
Getting training negative samples for edge types: [7]
nodes.shift keys: [0, 1, 2, 3, 4]
nodes.count keys: [0, 1, 2, 3, 4]
links.meta: {6: (2, 1), 2: (1, 1), 5: (1, 1), 7: (1, 0), 12: (4, 3), 4: (0, 0), 10: (1, 1), 3: (0, 4), 8: (0, 0), 0: (0, 0), 9: (1, 1), 1: (1, 1), 11: (1, 1)}
t_type about to use: 0
h_type: 1
shift dict: {0: 0, 1: 558, 2: 1498, 3: 20762, 4: 20776}
count dict: Counter({2: 19264, 1: 940, 4: 799, 0: 558, 3: 14})
Generated 910 negative samples for edge type 7
Info: load amazon_style_ccctt_features_fold_5 from original data and generate /home/simonettos/homhetgnn/HGB/LP/benchmark/data/amazon_style_ccctt_features_fold_5/dl_pickle 
edge types: [7]
dataset: amazon_style_ccctt_features_fold_5, eval_type: 7
epoch 0 | batch 0 |train loss 2.16508150100708
Valid: loss 17.79883575439453, score:{'roc_auc': 0.5213251339020035, 'MRR': 0.8079710144927535}
Saving model
epoch 0 | batch 1 |train loss 13.996899604797363
epoch 1 | batch 0 |train loss 15.372729301452637
Valid: loss 20.186439514160156, score:{'roc_auc': 0.5394762943860345, 'MRR': 0.838768115942029}
EarlyStopping counter: 1 out of 3
epoch 1 | batch 1 |train loss 14.70514965057373
epoch 2 | batch 0 |train loss 12.431572914123535
Valid: loss 15.18903923034668, score:{'roc_auc': 0.5641737750446341, 'MRR': 0.8206521739130435}
Saving model
epoch 2 | batch 1 |train loss 10.35507869720459
epoch 3 | batch 0 |train loss 6.806159019470215
Valid: loss 7.887286186218262, score:{'roc_auc': 0.6326125768696688, 'MRR': 0.8206521739130435}
Saving model
epoch 3 | batch 1 |train loss 5.2845916748046875
epoch 4 | batch 0 |train loss 5.251626968383789
Valid: loss 7.065950870513916, score:{'roc_auc': 0.6740726046419361, 'MRR': 0.842391304347826}
Saving model
epoch 4 | batch 1 |train loss 7.065502166748047
epoch 5 | batch 0 |train loss 6.705263137817383
Valid: loss 5.559867858886719, score:{'roc_auc': 0.6826026582027375, 'MRR': 0.8206521739130435}
Saving model
epoch 5 | batch 1 |train loss 4.804672718048096
epoch 6 | batch 0 |train loss 3.385451555252075
Valid: loss 5.36954402923584, score:{'roc_auc': 0.6734774846260663, 'MRR': 0.8170289855072462}
Saving model
epoch 6 | batch 1 |train loss 3.7277493476867676
epoch 7 | batch 0 |train loss 2.9642140865325928
Valid: loss 3.4319117069244385, score:{'roc_auc': 0.6738742313033128, 'MRR': 0.8278985507246376}
Saving model
epoch 7 | batch 1 |train loss 2.602473735809326
epoch 8 | batch 0 |train loss 2.8392715454101562
Valid: loss 3.941254138946533, score:{'roc_auc': 0.6758579646895456, 'MRR': 0.8586956521739131}
EarlyStopping counter: 1 out of 3
epoch 8 | batch 1 |train loss 3.274778366088867
epoch 9 | batch 0 |train loss 1.9668943881988525
Valid: loss 1.0528620481491089, score:{'roc_auc': 0.7022416187264432, 'MRR': 0.8369565217391305}
Saving model
epoch 9 | batch 1 |train loss 0.939944326877594
epoch 10 | batch 0 |train loss 1.0096256732940674
Valid: loss 1.751565933227539, score:{'roc_auc': 0.6806189248165047, 'MRR': 0.8333333333333334}
EarlyStopping counter: 1 out of 3
epoch 10 | batch 1 |train loss 1.095837116241455
epoch 11 | batch 0 |train loss 0.9192472100257874
Valid: loss 0.7728906273841858, score:{'roc_auc': 0.7254512993453679, 'MRR': 0.8478260869565217}
Saving model
epoch 11 | batch 1 |train loss 0.700110137462616
epoch 12 | batch 0 |train loss 0.9578338861465454
Valid: loss 0.8539068698883057, score:{'roc_auc': 0.7304106328109502, 'MRR': 0.8260869565217391}
EarlyStopping counter: 1 out of 3
epoch 12 | batch 1 |train loss 0.8361489772796631
epoch 13 | batch 0 |train loss 0.7400801777839661
Valid: loss 0.8472810983657837, score:{'roc_auc': 0.7450902598690736, 'MRR': 0.8206521739130435}
EarlyStopping counter: 2 out of 3
epoch 13 | batch 1 |train loss 0.6545394062995911
epoch 14 | batch 0 |train loss 0.7551830410957336
Valid: loss 0.8205966353416443, score:{'roc_auc': 0.7585796468954572, 'MRR': 0.8478260869565217}
Meta keys: dict_keys([7])
Data keys: dict_keys([7])
Edge type: 7, Meta: (1, 0)
Average links per head: 3.52
Median: 2.0, Min: 1, Max: 22
len test_list[0] 461
len test_list[1] 461
len test_label 461
2 hop test: loss 0.8205966353416443, score:{'roc_auc': 0.6099514380364403, 'MRR': 0.8040712468193384}
(array([0, 1]), array([229, 232]))
[5.9160280e-01 7.4061698e-01 8.7360692e-01 9.9956042e-01 9.8160458e-01
 9.7987992e-01 9.2759395e-01 4.1864401e-01 5.4878736e-01 4.4722337e-02
 9.9121475e-01 9.6570277e-01 2.6040724e-01 3.0789067e-04 7.1356815e-01
 9.5745033e-01 8.2364464e-01 6.9326591e-01 9.9997044e-01 9.9809843e-01]
Average links per head full random test: 1.50
Medianfull random test: 1.0, Min: 1, Max: 11
len test_list[0]full random test 464
len test_list[1]full random test 464
len test_label full random test 464
2 hop test: loss 0.8205966353416443, score:{'roc_auc': 0.6099514380364403, 'MRR': 0.8040712468193384}
edge type: 7, random_score: {'roc_auc': 0.7607201248513674, 'MRR': 0.9770992366412213}, score: {'roc_auc': 0.6099514380364403, 'MRR': 0.8040712468193384}
ROC_AUC: 0.6099514380364403
Sec neigh test: score list: defaultdict(<class 'list'>, {'roc_auc': [0.6099514380364403], 'MRR': [0.8040712468193384]})
Random test: score list: defaultdict(<class 'list'>, {'roc_auc': [0.7607201248513674], 'MRR': [0.9770992366412213]})
Sec neigh test:average score: defaultdict(<class 'list'>, {'roc_auc': 0.61, 'MRR': 0.8041})
Random test: average score: defaultdict(<class 'list'>, {'roc_auc': 0.7607, 'MRR': 0.9771})
Completed: amazon_style_ccctt_features_fold_5 (rep 5)

=== Repetition 6/6 ===
--------------------------------------
Running model: GCN
Dataset: amazon_style_ccctt_features_fold_1
Repetition: 6
--------------------------------------
use device: cpu
Namespace(data='amazon_style_ccctt_features_fold_1', model_path='model.pt', train_iter_n=50, cuda=0, checkpoint='', epochs=100, patience=3, n_layers=2, n_heads=[4], dropout=0.5, model='GCN', lr=0.0001, weight_decay=0.0, batch_size=1024, edge_sample_ratio=1, test_with_CPU=False, decoder='dismult', feat_type=1)
args.feat_type 1
sys_path ['/home/simonettos/homhetgnn/HGB/LP/benchmark/methods/GNN', '/home/simonettos/homhetgnn/sbatches', '/home/simonettos/homhetgnn/HGB/LP/benchmark/methods/baseline', '/home/simonettos/homhetgnn/HGB/LP/benchmark', '/home/simonettos/homhetgnn/HGB/LP/benchmark/methods/GNN', '/home/simonettos/homhetgnn/HGB/LP/benchmark/methods/GNN/utils', '/home/simonettos/homhetgnn/HGB/LP/benchmark/methods/GNN/models', '/deepstore/software/anaconda3/2022.05/lib/python39.zip', '/deepstore/software/anaconda3/2022.05/lib/python3.9', '/deepstore/software/anaconda3/2022.05/lib/python3.9/lib-dynload', '/home/simonettos/homhetgnn/gpuvenv/lib/python3.9/site-packages', '../../', '../../']
Data path: /home/simonettos/homhetgnn/HGB/LP/benchmark/data/amazon_style_ccctt_features_fold_1
Loading nodes from /home/simonettos/homhetgnn/HGB/LP/benchmark/data/amazon_style_ccctt_features_fold_1/node.dat
edge types: dict_keys([6, 12, 5, 7, 0, 9, 2, 4, 10, 8, 3, 1, 11])
Getting training negative samples for edge types: [7]
nodes.shift keys: [0, 1, 2, 3, 4]
nodes.count keys: [0, 1, 2, 3, 4]
links.meta: {6: (2, 1), 12: (4, 3), 5: (1, 1), 7: (1, 0), 0: (0, 0), 9: (1, 1), 2: (1, 1), 4: (0, 0), 10: (1, 1), 8: (0, 0), 3: (0, 4), 1: (1, 1), 11: (1, 1)}
t_type about to use: 0
h_type: 1
shift dict: {0: 0, 1: 558, 2: 1498, 3: 20762, 4: 20776}
count dict: Counter({2: 19264, 1: 940, 4: 799, 0: 558, 3: 14})
Generated 904 negative samples for edge type 7
Info: load amazon_style_ccctt_features_fold_1 from original data and generate /home/simonettos/homhetgnn/HGB/LP/benchmark/data/amazon_style_ccctt_features_fold_1/dl_pickle 
edge types: [7]
dataset: amazon_style_ccctt_features_fold_1, eval_type: 7
epoch 0 | batch 0 |train loss 1.0221636295318604
Valid: loss 27.569435119628906, score:{'roc_auc': 0.5118066384495434, 'MRR': 0.8604651162790697}
Saving model
epoch 0 | batch 1 |train loss 24.73369789123535
epoch 1 | batch 0 |train loss 23.986690521240234
Valid: loss 27.601478576660156, score:{'roc_auc': 0.5197148585431054, 'MRR': 0.9186046511627907}
EarlyStopping counter: 1 out of 3
epoch 1 | batch 1 |train loss 24.203582763671875
epoch 2 | batch 0 |train loss 22.0075740814209
Valid: loss 24.63320541381836, score:{'roc_auc': 0.5305190465582535, 'MRR': 0.9069767441860465}
Saving model
epoch 2 | batch 1 |train loss 21.859420776367188
epoch 3 | batch 0 |train loss 17.263723373413086
Valid: loss 16.55626106262207, score:{'roc_auc': 0.5760748496324349, 'MRR': 0.8953488372093024}
Saving model
epoch 3 | batch 1 |train loss 13.399715423583984
epoch 4 | batch 0 |train loss 3.5806350708007812
Valid: loss 3.3403303623199463, score:{'roc_auc': 0.7037202049454221, 'MRR': 0.8837209302325582}
Saving model
epoch 4 | batch 1 |train loss 3.4493041038513184
epoch 5 | batch 0 |train loss 2.539543390274048
Valid: loss 2.4434220790863037, score:{'roc_auc': 0.6914680329694809, 'MRR': 0.8953488372093024}
Saving model
epoch 5 | batch 1 |train loss 2.4017045497894287
epoch 6 | batch 0 |train loss 2.1186928749084473
Valid: loss 1.5620779991149902, score:{'roc_auc': 0.6963689017598574, 'MRR': 0.9302325581395349}
Saving model
epoch 6 | batch 1 |train loss 2.9185903072357178
epoch 7 | batch 0 |train loss 1.9963295459747314
Valid: loss 1.0178043842315674, score:{'roc_auc': 0.7099576743149922, 'MRR': 0.8953488372093024}
Saving model
epoch 7 | batch 1 |train loss 1.314724087715149
epoch 8 | batch 0 |train loss 1.0918995141983032
Valid: loss 1.2071579694747925, score:{'roc_auc': 0.681889062151927, 'MRR': 0.8565891472868218}
EarlyStopping counter: 1 out of 3
epoch 8 | batch 1 |train loss 1.0169109106063843
epoch 9 | batch 0 |train loss 0.9475555419921875
Valid: loss 0.9690155386924744, score:{'roc_auc': 0.6221875696146135, 'MRR': 0.8546511627906976}
Saving model
epoch 9 | batch 1 |train loss 1.3824865818023682
epoch 10 | batch 0 |train loss 0.9316080808639526
Valid: loss 0.7648292779922485, score:{'roc_auc': 0.7282245488973046, 'MRR': 0.9186046511627907}
Saving model
epoch 10 | batch 1 |train loss 0.8114558458328247
epoch 11 | batch 0 |train loss 0.6845516562461853
Valid: loss 0.9052428007125854, score:{'roc_auc': 0.7295611494764982, 'MRR': 0.9302325581395349}
EarlyStopping counter: 1 out of 3
epoch 11 | batch 1 |train loss 0.8701549172401428
epoch 12 | batch 0 |train loss 0.7435104846954346
Valid: loss 0.6801446080207825, score:{'roc_auc': 0.7382490532412563, 'MRR': 0.9418604651162791}
Saving model
epoch 12 | batch 1 |train loss 0.7034827470779419
epoch 13 | batch 0 |train loss 0.6215066909790039
Valid: loss 0.6956318020820618, score:{'roc_auc': 0.7324571173980842, 'MRR': 0.9302325581395349}
EarlyStopping counter: 1 out of 3
epoch 13 | batch 1 |train loss 0.7876219749450684
epoch 14 | batch 0 |train loss 0.5707948207855225
Valid: loss 0.6091653108596802, score:{'roc_auc': 0.7636444642459346, 'MRR': 0.9302325581395349}
Saving model
epoch 14 | batch 1 |train loss 0.5316465497016907
epoch 15 | batch 0 |train loss 0.5845032334327698
Valid: loss 0.6874786019325256, score:{'roc_auc': 0.7037202049454222, 'MRR': 0.9069767441860465}
EarlyStopping counter: 1 out of 3
epoch 15 | batch 1 |train loss 0.6180974841117859
epoch 16 | batch 0 |train loss 0.6109669208526611
Valid: loss 0.6478326916694641, score:{'roc_auc': 0.730006683002896, 'MRR': 0.8953488372093024}
EarlyStopping counter: 2 out of 3
epoch 16 | batch 1 |train loss 0.5260633230209351
epoch 17 | batch 0 |train loss 0.5976794362068176
Valid: loss 0.6436907052993774, score:{'roc_auc': 0.7467141902428157, 'MRR': 0.8953488372093024}
Meta keys: dict_keys([7])
Data keys: dict_keys([7])
Edge type: 7, Meta: (1, 0)
Completed: amazon_style_ccctt_features_fold_1 (rep 6)

--------------------------------------
Running model: GCN
Dataset: amazon_style_ccctt_features_fold_2
Repetition: 6
--------------------------------------
use device: cpu
Namespace(data='amazon_style_ccctt_features_fold_2', model_path='model.pt', train_iter_n=50, cuda=0, checkpoint='', epochs=100, patience=3, n_layers=2, n_heads=[4], dropout=0.5, model='GCN', lr=0.0001, weight_decay=0.0, batch_size=1024, edge_sample_ratio=1, test_with_CPU=False, decoder='dismult', feat_type=1)
args.feat_type 1
sys_path ['/home/simonettos/homhetgnn/HGB/LP/benchmark/methods/GNN', '/home/simonettos/homhetgnn/sbatches', '/home/simonettos/homhetgnn/HGB/LP/benchmark/methods/baseline', '/home/simonettos/homhetgnn/HGB/LP/benchmark', '/home/simonettos/homhetgnn/HGB/LP/benchmark/methods/GNN', '/home/simonettos/homhetgnn/HGB/LP/benchmark/methods/GNN/utils', '/home/simonettos/homhetgnn/HGB/LP/benchmark/methods/GNN/models', '/deepstore/software/anaconda3/2022.05/lib/python39.zip', '/deepstore/software/anaconda3/2022.05/lib/python3.9', '/deepstore/software/anaconda3/2022.05/lib/python3.9/lib-dynload', '/home/simonettos/homhetgnn/gpuvenv/lib/python3.9/site-packages', '../../', '../../']
Data path: /home/simonettos/homhetgnn/HGB/LP/benchmark/data/amazon_style_ccctt_features_fold_2
Loading nodes from /home/simonettos/homhetgnn/HGB/LP/benchmark/data/amazon_style_ccctt_features_fold_2/node.dat
edge types: dict_keys([6, 2, 5, 7, 12, 4, 10, 3, 8, 0, 9, 1, 11])
Getting training negative samples for edge types: [7]
nodes.shift keys: [0, 1, 2, 3, 4]
nodes.count keys: [0, 1, 2, 3, 4]
links.meta: {6: (2, 1), 2: (1, 1), 5: (1, 1), 7: (1, 0), 12: (4, 3), 4: (0, 0), 10: (1, 1), 3: (0, 4), 8: (0, 0), 0: (0, 0), 9: (1, 1), 1: (1, 1), 11: (1, 1)}
t_type about to use: 0
h_type: 1
shift dict: {0: 0, 1: 558, 2: 1498, 3: 20762, 4: 20776}
count dict: Counter({2: 19264, 1: 940, 4: 799, 0: 558, 3: 14})
Generated 901 negative samples for edge type 7
Info: load amazon_style_ccctt_features_fold_2 from original data and generate /home/simonettos/homhetgnn/HGB/LP/benchmark/data/amazon_style_ccctt_features_fold_2/dl_pickle 
edge types: [7]
dataset: amazon_style_ccctt_features_fold_2, eval_type: 7
epoch 0 | batch 0 |train loss 0.9961233735084534
Valid: loss 3.826368570327759, score:{'roc_auc': 0.6773718836565097, 'MRR': 0.8700564971751413}
Saving model
epoch 0 | batch 1 |train loss 2.2819650173187256
epoch 1 | batch 0 |train loss 5.983983039855957
Valid: loss 5.668644428253174, score:{'roc_auc': 0.670446675900277, 'MRR': 0.8615819209039548}
EarlyStopping counter: 1 out of 3
epoch 1 | batch 1 |train loss 2.9652252197265625
epoch 2 | batch 0 |train loss 3.526721477508545
Valid: loss 5.691854953765869, score:{'roc_auc': 0.6359937673130194, 'MRR': 0.8615819209039547}
EarlyStopping counter: 2 out of 3
epoch 2 | batch 1 |train loss 3.3342292308807373
epoch 3 | batch 0 |train loss 5.657691478729248
Valid: loss 5.606137752532959, score:{'roc_auc': 0.6366862880886427, 'MRR': 0.8446327683615819}
Meta keys: dict_keys([7])
Data keys: dict_keys([7])
Edge type: 7, Meta: (1, 0)
Completed: amazon_style_ccctt_features_fold_2 (rep 6)

--------------------------------------
Running model: GCN
Dataset: amazon_style_ccctt_features_fold_3
Repetition: 6
--------------------------------------
use device: cpu
Namespace(data='amazon_style_ccctt_features_fold_3', model_path='model.pt', train_iter_n=50, cuda=0, checkpoint='', epochs=100, patience=3, n_layers=2, n_heads=[4], dropout=0.5, model='GCN', lr=0.0001, weight_decay=0.0, batch_size=1024, edge_sample_ratio=1, test_with_CPU=False, decoder='dismult', feat_type=1)
args.feat_type 1
sys_path ['/home/simonettos/homhetgnn/HGB/LP/benchmark/methods/GNN', '/home/simonettos/homhetgnn/sbatches', '/home/simonettos/homhetgnn/HGB/LP/benchmark/methods/baseline', '/home/simonettos/homhetgnn/HGB/LP/benchmark', '/home/simonettos/homhetgnn/HGB/LP/benchmark/methods/GNN', '/home/simonettos/homhetgnn/HGB/LP/benchmark/methods/GNN/utils', '/home/simonettos/homhetgnn/HGB/LP/benchmark/methods/GNN/models', '/deepstore/software/anaconda3/2022.05/lib/python39.zip', '/deepstore/software/anaconda3/2022.05/lib/python3.9', '/deepstore/software/anaconda3/2022.05/lib/python3.9/lib-dynload', '/home/simonettos/homhetgnn/gpuvenv/lib/python3.9/site-packages', '../../', '../../']
Data path: /home/simonettos/homhetgnn/HGB/LP/benchmark/data/amazon_style_ccctt_features_fold_3
Loading nodes from /home/simonettos/homhetgnn/HGB/LP/benchmark/data/amazon_style_ccctt_features_fold_3/node.dat
edge types: dict_keys([6, 2, 5, 7, 12, 4, 10, 3, 8, 0, 9, 1, 11])
Getting training negative samples for edge types: [7]
nodes.shift keys: [0, 1, 2, 3, 4]
nodes.count keys: [0, 1, 2, 3, 4]
links.meta: {6: (2, 1), 2: (1, 1), 5: (1, 1), 7: (1, 0), 12: (4, 3), 4: (0, 0), 10: (1, 1), 3: (0, 4), 8: (0, 0), 0: (0, 0), 9: (1, 1), 1: (1, 1), 11: (1, 1)}
t_type about to use: 0
h_type: 1
shift dict: {0: 0, 1: 558, 2: 1498, 3: 20762, 4: 20776}
count dict: Counter({2: 19264, 1: 940, 4: 799, 0: 558, 3: 14})
Generated 894 negative samples for edge type 7
Info: load amazon_style_ccctt_features_fold_3 from original data and generate /home/simonettos/homhetgnn/HGB/LP/benchmark/data/amazon_style_ccctt_features_fold_3/dl_pickle 
edge types: [7]
dataset: amazon_style_ccctt_features_fold_3, eval_type: 7
epoch 0 | batch 0 |train loss 0.9370453953742981
Valid: loss 24.476961135864258, score:{'roc_auc': 0.5629424438288704, 'MRR': 0.9523809523809523}
Saving model
epoch 0 | batch 1 |train loss 18.527896881103516
epoch 1 | batch 0 |train loss 19.0743408203125
Valid: loss 18.3734188079834, score:{'roc_auc': 0.5353955063096337, 'MRR': 0.8214285714285714}
Saving model
epoch 1 | batch 1 |train loss 11.657142639160156
epoch 2 | batch 0 |train loss 6.727046012878418
Valid: loss 13.09067153930664, score:{'roc_auc': 0.5743305632502308, 'MRR': 0.8214285714285714}
Saving model
epoch 2 | batch 1 |train loss 5.665795803070068
epoch 3 | batch 0 |train loss 5.429049015045166
Valid: loss 11.797155380249023, score:{'roc_auc': 0.5820252385349338, 'MRR': 0.8333333333333334}
Saving model
epoch 3 | batch 1 |train loss 5.410366535186768
epoch 4 | batch 0 |train loss 6.023416519165039
Valid: loss 9.781288146972656, score:{'roc_auc': 0.5778701138811942, 'MRR': 0.8571428571428571}
Saving model
epoch 4 | batch 1 |train loss 6.026780128479004
epoch 5 | batch 0 |train loss 4.722803115844727
Valid: loss 6.205292701721191, score:{'roc_auc': 0.5895660203139428, 'MRR': 0.8849206349206349}
Saving model
epoch 5 | batch 1 |train loss 3.4055609703063965
epoch 6 | batch 0 |train loss 2.0026025772094727
Valid: loss 3.006545066833496, score:{'roc_auc': 0.6009541397353032, 'MRR': 0.8392857142857143}
Saving model
epoch 6 | batch 1 |train loss 1.6379122734069824
epoch 7 | batch 0 |train loss 1.073089599609375
Valid: loss 0.9653565287590027, score:{'roc_auc': 0.6692828562634656, 'MRR': 0.7936507936507935}
Saving model
epoch 7 | batch 1 |train loss 1.1404904127120972
epoch 8 | batch 0 |train loss 1.4660613536834717
Valid: loss 0.7923247814178467, score:{'roc_auc': 0.6822099107417667, 'MRR': 0.8452380952380952}
Saving model
epoch 8 | batch 1 |train loss 0.8398454785346985
epoch 9 | batch 0 |train loss 0.7988588213920593
Valid: loss 1.2514598369598389, score:{'roc_auc': 0.620960295475531, 'MRR': 0.8273809523809523}
EarlyStopping counter: 1 out of 3
epoch 9 | batch 1 |train loss 0.7480148673057556
epoch 10 | batch 0 |train loss 0.6823758482933044
Valid: loss 1.0037965774536133, score:{'roc_auc': 0.6305016928285626, 'MRR': 0.8809523809523809}
EarlyStopping counter: 2 out of 3
epoch 10 | batch 1 |train loss 0.9591744542121887
epoch 11 | batch 0 |train loss 1.1084306240081787
Valid: loss 0.9822292923927307, score:{'roc_auc': 0.6458910433979685, 'MRR': 0.8809523809523809}
Meta keys: dict_keys([7])
Data keys: dict_keys([7])
Edge type: 7, Meta: (1, 0)
Completed: amazon_style_ccctt_features_fold_3 (rep 6)

--------------------------------------
Running model: GCN
Dataset: amazon_style_ccctt_features_fold_4
Repetition: 6
--------------------------------------
use device: cpu
Namespace(data='amazon_style_ccctt_features_fold_4', model_path='model.pt', train_iter_n=50, cuda=0, checkpoint='', epochs=100, patience=3, n_layers=2, n_heads=[4], dropout=0.5, model='GCN', lr=0.0001, weight_decay=0.0, batch_size=1024, edge_sample_ratio=1, test_with_CPU=False, decoder='dismult', feat_type=1)
args.feat_type 1
sys_path ['/home/simonettos/homhetgnn/HGB/LP/benchmark/methods/GNN', '/home/simonettos/homhetgnn/sbatches', '/home/simonettos/homhetgnn/HGB/LP/benchmark/methods/baseline', '/home/simonettos/homhetgnn/HGB/LP/benchmark', '/home/simonettos/homhetgnn/HGB/LP/benchmark/methods/GNN', '/home/simonettos/homhetgnn/HGB/LP/benchmark/methods/GNN/utils', '/home/simonettos/homhetgnn/HGB/LP/benchmark/methods/GNN/models', '/deepstore/software/anaconda3/2022.05/lib/python39.zip', '/deepstore/software/anaconda3/2022.05/lib/python3.9', '/deepstore/software/anaconda3/2022.05/lib/python3.9/lib-dynload', '/home/simonettos/homhetgnn/gpuvenv/lib/python3.9/site-packages', '../../', '../../']
Data path: /home/simonettos/homhetgnn/HGB/LP/benchmark/data/amazon_style_ccctt_features_fold_4
Loading nodes from /home/simonettos/homhetgnn/HGB/LP/benchmark/data/amazon_style_ccctt_features_fold_4/node.dat
edge types: dict_keys([6, 2, 5, 7, 12, 4, 10, 3, 8, 0, 9, 1, 11])
Getting training negative samples for edge types: [7]
nodes.shift keys: [0, 1, 2, 3, 4]
nodes.count keys: [0, 1, 2, 3, 4]
links.meta: {6: (2, 1), 2: (1, 1), 5: (1, 1), 7: (1, 0), 12: (4, 3), 4: (0, 0), 10: (1, 1), 3: (0, 4), 8: (0, 0), 0: (0, 0), 9: (1, 1), 1: (1, 1), 11: (1, 1)}
t_type about to use: 0
h_type: 1
shift dict: {0: 0, 1: 558, 2: 1498, 3: 20762, 4: 20776}
count dict: Counter({2: 19264, 1: 940, 4: 799, 0: 558, 3: 14})
Generated 911 negative samples for edge type 7
Info: load amazon_style_ccctt_features_fold_4 from original data and generate /home/simonettos/homhetgnn/HGB/LP/benchmark/data/amazon_style_ccctt_features_fold_4/dl_pickle 
edge types: [7]
dataset: amazon_style_ccctt_features_fold_4, eval_type: 7
epoch 0 | batch 0 |train loss 1.0378408432006836
Valid: loss 9.934955596923828, score:{'roc_auc': 0.5059453032104637, 'MRR': 0.7653508771929824}
Saving model
epoch 0 | batch 1 |train loss 7.177129745483398
epoch 1 | batch 0 |train loss 3.857942819595337
Valid: loss 7.79802942276001, score:{'roc_auc': 0.5722354340071344, 'MRR': 0.7543859649122806}
Saving model
epoch 1 | batch 1 |train loss 3.4231185913085938
epoch 2 | batch 0 |train loss 4.533926963806152
Valid: loss 8.538412094116211, score:{'roc_auc': 0.5356718192627824, 'MRR': 0.7456140350877193}
EarlyStopping counter: 1 out of 3
epoch 2 | batch 1 |train loss 5.42666482925415
epoch 3 | batch 0 |train loss 5.414960861206055
Valid: loss 5.905546188354492, score:{'roc_auc': 0.5624256837098691, 'MRR': 0.7719298245614035}
Saving model
epoch 3 | batch 1 |train loss 3.2952818870544434
epoch 4 | batch 0 |train loss 3.5400569438934326
Valid: loss 3.7766435146331787, score:{'roc_auc': 0.5737217598097504, 'MRR': 0.7456140350877193}
Saving model
epoch 4 | batch 1 |train loss 2.569338083267212
epoch 5 | batch 0 |train loss 2.2506802082061768
Valid: loss 2.50768780708313, score:{'roc_auc': 0.5885850178359097, 'MRR': 0.7631578947368421}
Saving model
epoch 5 | batch 1 |train loss 1.6682102680206299
epoch 6 | batch 0 |train loss 3.3585305213928223
Valid: loss 1.2589383125305176, score:{'roc_auc': 0.5992865636147443, 'MRR': 0.7894736842105263}
Saving model
epoch 6 | batch 1 |train loss 1.2267827987670898
epoch 7 | batch 0 |train loss 1.0484663248062134
Valid: loss 1.5442287921905518, score:{'roc_auc': 0.5582639714625446, 'MRR': 0.7464912280701754}
EarlyStopping counter: 1 out of 3
epoch 7 | batch 1 |train loss 0.9420439600944519
epoch 8 | batch 0 |train loss 1.0317997932434082
Valid: loss 0.9341235756874084, score:{'roc_auc': 0.5704518430439952, 'MRR': 0.75}
Saving model
epoch 8 | batch 1 |train loss 0.8404362201690674
epoch 9 | batch 0 |train loss 1.3630307912826538
Valid: loss 0.9252344965934753, score:{'roc_auc': 0.584423305588585, 'MRR': 0.7785087719298245}
Saving model
epoch 9 | batch 1 |train loss 0.7780144214630127
epoch 10 | batch 0 |train loss 0.8643999099731445
Valid: loss 1.14127516746521, score:{'roc_auc': 0.5894768133174793, 'MRR': 0.7903508771929824}
EarlyStopping counter: 1 out of 3
epoch 10 | batch 1 |train loss 0.6651341915130615
epoch 11 | batch 0 |train loss 0.8114109039306641
Valid: loss 0.8411266803741455, score:{'roc_auc': 0.6200951248513674, 'MRR': 0.7828947368421053}
Saving model
epoch 11 | batch 1 |train loss 0.6319119334220886
epoch 12 | batch 0 |train loss 0.7189808487892151
Valid: loss 0.7086735963821411, score:{'roc_auc': 0.664090368608799, 'MRR': 0.8289473684210527}
Saving model
epoch 12 | batch 1 |train loss 0.7054699659347534
epoch 13 | batch 0 |train loss 0.8507526516914368
Valid: loss 0.7106519341468811, score:{'roc_auc': 0.6789536266349583, 'MRR': 0.7938596491228069}
EarlyStopping counter: 1 out of 3
epoch 13 | batch 1 |train loss 0.6368961334228516
epoch 14 | batch 0 |train loss 0.5853798985481262
Valid: loss 0.8099384903907776, score:{'roc_auc': 0.6394173602853745, 'MRR': 0.7807017543859649}
EarlyStopping counter: 2 out of 3
epoch 14 | batch 1 |train loss 0.5533100962638855
epoch 15 | batch 0 |train loss 0.6588706970214844
Valid: loss 0.7217806577682495, score:{'roc_auc': 0.6524970273483948, 'MRR': 0.7894736842105262}
Meta keys: dict_keys([7])
Data keys: dict_keys([7])
Edge type: 7, Meta: (1, 0)
Completed: amazon_style_ccctt_features_fold_4 (rep 6)

--------------------------------------
Running model: GCN
Dataset: amazon_style_ccctt_features_fold_5
Repetition: 6
--------------------------------------
use device: cpu
Namespace(data='amazon_style_ccctt_features_fold_5', model_path='model.pt', train_iter_n=50, cuda=0, checkpoint='', epochs=100, patience=3, n_layers=2, n_heads=[4], dropout=0.5, model='GCN', lr=0.0001, weight_decay=0.0, batch_size=1024, edge_sample_ratio=1, test_with_CPU=False, decoder='dismult', feat_type=1)
args.feat_type 1
sys_path ['/home/simonettos/homhetgnn/HGB/LP/benchmark/methods/GNN', '/home/simonettos/homhetgnn/sbatches', '/home/simonettos/homhetgnn/HGB/LP/benchmark/methods/baseline', '/home/simonettos/homhetgnn/HGB/LP/benchmark', '/home/simonettos/homhetgnn/HGB/LP/benchmark/methods/GNN', '/home/simonettos/homhetgnn/HGB/LP/benchmark/methods/GNN/utils', '/home/simonettos/homhetgnn/HGB/LP/benchmark/methods/GNN/models', '/deepstore/software/anaconda3/2022.05/lib/python39.zip', '/deepstore/software/anaconda3/2022.05/lib/python3.9', '/deepstore/software/anaconda3/2022.05/lib/python3.9/lib-dynload', '/home/simonettos/homhetgnn/gpuvenv/lib/python3.9/site-packages', '../../', '../../']
Data path: /home/simonettos/homhetgnn/HGB/LP/benchmark/data/amazon_style_ccctt_features_fold_5
Loading nodes from /home/simonettos/homhetgnn/HGB/LP/benchmark/data/amazon_style_ccctt_features_fold_5/node.dat
edge types: dict_keys([6, 2, 5, 7, 12, 4, 10, 3, 8, 0, 9, 1, 11])
Getting training negative samples for edge types: [7]
nodes.shift keys: [0, 1, 2, 3, 4]
nodes.count keys: [0, 1, 2, 3, 4]
links.meta: {6: (2, 1), 2: (1, 1), 5: (1, 1), 7: (1, 0), 12: (4, 3), 4: (0, 0), 10: (1, 1), 3: (0, 4), 8: (0, 0), 0: (0, 0), 9: (1, 1), 1: (1, 1), 11: (1, 1)}
t_type about to use: 0
h_type: 1
shift dict: {0: 0, 1: 558, 2: 1498, 3: 20762, 4: 20776}
count dict: Counter({2: 19264, 1: 940, 4: 799, 0: 558, 3: 14})
Generated 925 negative samples for edge type 7
Info: load amazon_style_ccctt_features_fold_5 from original data and generate /home/simonettos/homhetgnn/HGB/LP/benchmark/data/amazon_style_ccctt_features_fold_5/dl_pickle 
edge types: [7]
dataset: amazon_style_ccctt_features_fold_5, eval_type: 7
epoch 0 | batch 0 |train loss 1.5249652862548828
Valid: loss 12.522351264953613, score:{'roc_auc': 0.5382653061224489, 'MRR': 0.8382352941176471}
Saving model
epoch 0 | batch 1 |train loss 11.233802795410156
epoch 1 | batch 0 |train loss 12.713420867919922
Valid: loss 13.07319450378418, score:{'roc_auc': 0.5522959183673469, 'MRR': 0.8676470588235294}
EarlyStopping counter: 1 out of 3
epoch 1 | batch 1 |train loss 10.42663288116455
epoch 2 | batch 0 |train loss 8.652131080627441
Valid: loss 10.574082374572754, score:{'roc_auc': 0.6090561224489796, 'MRR': 0.8588235294117647}
Saving model
epoch 2 | batch 1 |train loss 5.429528713226318
epoch 3 | batch 0 |train loss 6.275975227355957
Valid: loss 9.986547470092773, score:{'roc_auc': 0.6485969387755102, 'MRR': 0.8539215686274509}
Saving model
epoch 3 | batch 1 |train loss 6.253778457641602
epoch 4 | batch 0 |train loss 8.399901390075684
Valid: loss 8.293732643127441, score:{'roc_auc': 0.6521045918367347, 'MRR': 0.8539215686274509}
Saving model
epoch 4 | batch 1 |train loss 6.063568115234375
epoch 5 | batch 0 |train loss 5.712673664093018
Valid: loss 7.079474925994873, score:{'roc_auc': 0.6661352040816326, 'MRR': 0.8539215686274509}
Saving model
epoch 5 | batch 1 |train loss 4.985785007476807
epoch 6 | batch 0 |train loss 3.904029369354248
Valid: loss 4.841621398925781, score:{'roc_auc': 0.6639030612244898, 'MRR': 0.8539215686274509}
Saving model
epoch 6 | batch 1 |train loss 4.155656337738037
epoch 7 | batch 0 |train loss 3.7732038497924805
Valid: loss 3.2569046020507812, score:{'roc_auc': 0.6591198979591836, 'MRR': 0.8539215686274509}
Saving model
epoch 7 | batch 1 |train loss 3.6481993198394775
epoch 8 | batch 0 |train loss 3.0318946838378906
Valid: loss 1.2085715532302856, score:{'roc_auc': 0.6910076530612245, 'MRR': 0.8431372549019607}
Saving model
epoch 8 | batch 1 |train loss 1.908092975616455
epoch 9 | batch 0 |train loss 0.8626893758773804
Valid: loss 1.2307175397872925, score:{'roc_auc': 0.6616709183673469, 'MRR': 0.8333333333333333}
EarlyStopping counter: 1 out of 3
epoch 9 | batch 1 |train loss 0.9702906608581543
epoch 10 | batch 0 |train loss 0.6855659484863281
Valid: loss 1.0944030284881592, score:{'roc_auc': 0.6932397959183673, 'MRR': 0.8676470588235294}
Saving model
epoch 10 | batch 1 |train loss 1.139672040939331
epoch 11 | batch 0 |train loss 1.0544657707214355
Valid: loss 1.0364841222763062, score:{'roc_auc': 0.6849489795918368, 'MRR': 0.872549019607843}
Saving model
epoch 11 | batch 1 |train loss 0.6450913548469543
epoch 12 | batch 0 |train loss 0.8598892092704773
Valid: loss 1.4779001474380493, score:{'roc_auc': 0.6610331632653061, 'MRR': 0.8480392156862745}
EarlyStopping counter: 1 out of 3
epoch 12 | batch 1 |train loss 0.8067063689231873
epoch 13 | batch 0 |train loss 0.8326837420463562
Valid: loss 0.9412195086479187, score:{'roc_auc': 0.7085459183673469, 'MRR': 0.8627450980392156}
Saving model
epoch 13 | batch 1 |train loss 0.5621320009231567
epoch 14 | batch 0 |train loss 0.5624659061431885
Valid: loss 0.7051621675491333, score:{'roc_auc': 0.7455357142857143, 'MRR': 0.8823529411764706}
Saving model
epoch 14 | batch 1 |train loss 0.9708334803581238
epoch 15 | batch 0 |train loss 0.7394042015075684
Valid: loss 0.6414918303489685, score:{'roc_auc': 0.7493622448979592, 'MRR': 0.8823529411764706}
Saving model
epoch 15 | batch 1 |train loss 0.5615056157112122
epoch 16 | batch 0 |train loss 0.5956566333770752
Valid: loss 0.9825620055198669, score:{'roc_auc': 0.6945153061224489, 'MRR': 0.8823529411764706}
EarlyStopping counter: 1 out of 3
epoch 16 | batch 1 |train loss 0.5660449266433716
epoch 17 | batch 0 |train loss 0.6402574181556702
Valid: loss 0.8275973200798035, score:{'roc_auc': 0.7126913265306123, 'MRR': 0.8823529411764706}
EarlyStopping counter: 2 out of 3
epoch 17 | batch 1 |train loss 0.512706458568573
epoch 18 | batch 0 |train loss 0.5200145840644836
Valid: loss 0.5796552300453186, score:{'roc_auc': 0.7707270408163266, 'MRR': 0.8970588235294118}
Saving model
epoch 18 | batch 1 |train loss 0.4964495003223419
epoch 19 | batch 0 |train loss 0.5603704452514648
Valid: loss 0.5658226013183594, score:{'roc_auc': 0.7943239795918368, 'MRR': 0.9068627450980392}
Saving model
epoch 19 | batch 1 |train loss 0.5278193354606628
epoch 20 | batch 0 |train loss 0.5045300126075745
Valid: loss 0.5947747230529785, score:{'roc_auc': 0.7691326530612245, 'MRR': 0.9117647058823529}
EarlyStopping counter: 1 out of 3
epoch 20 | batch 1 |train loss 0.4722157418727875
epoch 21 | batch 0 |train loss 0.5122473835945129
Valid: loss 0.6872438788414001, score:{'roc_auc': 0.7330994897959184, 'MRR': 0.8823529411764706}
EarlyStopping counter: 2 out of 3
epoch 21 | batch 1 |train loss 0.4690152406692505
epoch 22 | batch 0 |train loss 0.5116899013519287
Valid: loss 0.6798620223999023, score:{'roc_auc': 0.7324617346938775, 'MRR': 0.8823529411764706}
Meta keys: dict_keys([7])
Data keys: dict_keys([7])
Edge type: 7, Meta: (1, 0)
Completed: amazon_style_ccctt_features_fold_5 (rep 6)

All 30 jobs completed.
Setup complete
