Starting HGT batch job with 6 repetitions...
=== Repetition 1/6 ===
--------------------------------------
Running model: HGT
Dataset: amazon_style_ccc_features_fold_1
Repetition: 1
--------------------------------------
Loading nodes from amazon_style_ccc_features_fold_1/node.dat
/home/simonettos/homhetgnn/HGB/LP/benchmark/data/amazon_style_ccc_features_fold_1/node.dat
0 {}
1 {'0': 558}
2 {'0': 558, '1': 940}
node_count: {'0': 558, '1': 940, '2': 19264}
('2', '5', '1'): src_max=19263, dst_max=938
('0', '3', '0'): src_max=557, dst_max=557
('1', '4', '1'): src_max=939, dst_max=939
('0', '7', '0'): src_max=557, dst_max=557
('1', '6', '0'): src_max=939, dst_max=556
('1', '2', '1'): src_max=938, dst_max=938
('0', '0', '0'): src_max=557, dst_max=553
('1', '8', '1'): src_max=939, dst_max=939
('1', '1', '1'): src_max=939, dst_max=928
('1', '9', '1'): src_max=791, dst_max=812
('1', '10', '1'): src_max=795, dst_max=380
0 0
1 558
2 1498
6
Epoch 00000, Step00000 | Train_Loss: 1.0538 | Time: 0.9680
Epoch 00000 | Val_Loss 2.2248 | Time(s) 0.4593
Validation loss decreased (inf --> 2.224773).  Saving model ...
Epoch 00001, Step00000 | Train_Loss: 1.8238 | Time: 0.5501
Epoch 00001 | Val_Loss 0.8983 | Time(s) 0.4613
Validation loss decreased (2.224773 --> 0.898322).  Saving model ...
Epoch 00002, Step00000 | Train_Loss: 0.9476 | Time: 0.5470
Epoch 00002 | Val_Loss 1.6077 | Time(s) 0.4578
EarlyStopping counter: 1 out of 30
Epoch 00003, Step00000 | Train_Loss: 1.4403 | Time: 0.5614
Epoch 00003 | Val_Loss 0.9057 | Time(s) 0.4512
EarlyStopping counter: 2 out of 30
Epoch 00004, Step00000 | Train_Loss: 0.9561 | Time: 0.5671
Epoch 00004 | Val_Loss 1.8360 | Time(s) 0.4453
EarlyStopping counter: 3 out of 30
Epoch 00005, Step00000 | Train_Loss: 1.5643 | Time: 0.5708
Epoch 00005 | Val_Loss 0.7858 | Time(s) 0.4510
Validation loss decreased (0.898322 --> 0.785803).  Saving model ...
Epoch 00006, Step00000 | Train_Loss: 0.8585 | Time: 0.5692
Epoch 00006 | Val_Loss 1.7636 | Time(s) 0.4469
EarlyStopping counter: 1 out of 30
Epoch 00007, Step00000 | Train_Loss: 1.6125 | Time: 0.5712
Epoch 00007 | Val_Loss 0.7146 | Time(s) 0.4448
Validation loss decreased (0.785803 --> 0.714552).  Saving model ...
Epoch 00008, Step00000 | Train_Loss: 0.8021 | Time: 0.5710
Epoch 00008 | Val_Loss 1.6605 | Time(s) 0.4444
EarlyStopping counter: 1 out of 30
Epoch 00009, Step00000 | Train_Loss: 1.3990 | Time: 0.5737
Epoch 00009 | Val_Loss 0.6965 | Time(s) 0.4479
Validation loss decreased (0.714552 --> 0.696524).  Saving model ...
Epoch 00010, Step00000 | Train_Loss: 0.7623 | Time: 0.5595
Epoch 00010 | Val_Loss 1.5925 | Time(s) 0.4504
EarlyStopping counter: 1 out of 30
Epoch 00011, Step00000 | Train_Loss: 1.4033 | Time: 0.5583
Epoch 00011 | Val_Loss 0.8060 | Time(s) 0.4484
EarlyStopping counter: 2 out of 30
Epoch 00012, Step00000 | Train_Loss: 0.8389 | Time: 0.5551
Epoch 00012 | Val_Loss 0.9785 | Time(s) 0.4621
EarlyStopping counter: 3 out of 30
Epoch 00013, Step00000 | Train_Loss: 0.9337 | Time: 0.5495
Epoch 00013 | Val_Loss 1.2857 | Time(s) 0.4614
EarlyStopping counter: 4 out of 30
Epoch 00014, Step00000 | Train_Loss: 1.1668 | Time: 0.5507
Epoch 00014 | Val_Loss 0.6944 | Time(s) 0.4598
Validation loss decreased (0.696524 --> 0.694391).  Saving model ...
Epoch 00015, Step00000 | Train_Loss: 0.7361 | Time: 0.5504
Epoch 00015 | Val_Loss 0.9171 | Time(s) 0.3632
EarlyStopping counter: 1 out of 30
Epoch 00016, Step00000 | Train_Loss: 0.8271 | Time: 0.5675
Epoch 00016 | Val_Loss 0.8163 | Time(s) 0.4467
EarlyStopping counter: 2 out of 30
Epoch 00017, Step00000 | Train_Loss: 0.7596 | Time: 0.5721
Epoch 00017 | Val_Loss 0.7182 | Time(s) 0.4476
EarlyStopping counter: 3 out of 30
Epoch 00018, Step00000 | Train_Loss: 0.6888 | Time: 0.5631
Epoch 00018 | Val_Loss 0.9597 | Time(s) 0.4482
EarlyStopping counter: 4 out of 30
Epoch 00019, Step00000 | Train_Loss: 0.7842 | Time: 0.5646
Epoch 00019 | Val_Loss 0.8296 | Time(s) 0.4484
EarlyStopping counter: 5 out of 30
Epoch 00020, Step00000 | Train_Loss: 0.6668 | Time: 0.5671
Epoch 00020 | Val_Loss 0.7415 | Time(s) 0.4464
EarlyStopping counter: 6 out of 30
Epoch 00021, Step00000 | Train_Loss: 0.6420 | Time: 0.5617
Epoch 00021 | Val_Loss 1.0717 | Time(s) 0.4447
EarlyStopping counter: 7 out of 30
Epoch 00022, Step00000 | Train_Loss: 0.7236 | Time: 0.5529
Epoch 00022 | Val_Loss 0.9565 | Time(s) 0.4544
EarlyStopping counter: 8 out of 30
Epoch 00023, Step00000 | Train_Loss: 0.6306 | Time: 0.5499
Epoch 00023 | Val_Loss 0.9557 | Time(s) 0.4658
EarlyStopping counter: 9 out of 30
Epoch 00024, Step00000 | Train_Loss: 0.5769 | Time: 0.5558
Epoch 00024 | Val_Loss 1.0316 | Time(s) 0.4606
EarlyStopping counter: 10 out of 30
Epoch 00025, Step00000 | Train_Loss: 0.6077 | Time: 0.5489
Epoch 00025 | Val_Loss 1.0341 | Time(s) 0.4609
EarlyStopping counter: 11 out of 30
Epoch 00026, Step00000 | Train_Loss: 0.5869 | Time: 0.5270
Epoch 00026 | Val_Loss 1.0570 | Time(s) 0.4587
EarlyStopping counter: 12 out of 30
Epoch 00027, Step00000 | Train_Loss: 0.5846 | Time: 0.5420
Epoch 00027 | Val_Loss 1.0284 | Time(s) 0.4488
EarlyStopping counter: 13 out of 30
Epoch 00028, Step00000 | Train_Loss: 0.5681 | Time: 0.5660
Epoch 00028 | Val_Loss 1.1226 | Time(s) 0.4474
EarlyStopping counter: 14 out of 30
Epoch 00029, Step00000 | Train_Loss: 0.5630 | Time: 0.5634
Epoch 00029 | Val_Loss 1.1307 | Time(s) 0.4444
EarlyStopping counter: 15 out of 30
Epoch 00030, Step00000 | Train_Loss: 0.5618 | Time: 0.5640
Epoch 00030 | Val_Loss 1.1750 | Time(s) 0.4475
EarlyStopping counter: 16 out of 30
Epoch 00031, Step00000 | Train_Loss: 0.5601 | Time: 0.5783
Epoch 00031 | Val_Loss 1.1420 | Time(s) 0.4521
EarlyStopping counter: 17 out of 30
Epoch 00032, Step00000 | Train_Loss: 0.5308 | Time: 0.5677
Epoch 00032 | Val_Loss 1.1380 | Time(s) 0.4450
EarlyStopping counter: 18 out of 30
Epoch 00033, Step00000 | Train_Loss: 0.5535 | Time: 0.5664
Epoch 00033 | Val_Loss 1.1528 | Time(s) 0.4469
EarlyStopping counter: 19 out of 30
Epoch 00034, Step00000 | Train_Loss: 0.5599 | Time: 0.5526
Epoch 00034 | Val_Loss 1.1623 | Time(s) 0.4458
EarlyStopping counter: 20 out of 30
Epoch 00035, Step00000 | Train_Loss: 0.5358 | Time: 0.5491
Epoch 00035 | Val_Loss 1.0618 | Time(s) 0.4623
EarlyStopping counter: 21 out of 30
Epoch 00036, Step00000 | Train_Loss: 0.5251 | Time: 0.5452
Epoch 00036 | Val_Loss 1.0659 | Time(s) 0.4636
EarlyStopping counter: 22 out of 30
Epoch 00037, Step00000 | Train_Loss: 0.5253 | Time: 0.5491
Epoch 00037 | Val_Loss 1.0263 | Time(s) 0.4616
EarlyStopping counter: 23 out of 30
Epoch 00038, Step00000 | Train_Loss: 0.5319 | Time: 0.5444
Epoch 00038 | Val_Loss 0.9658 | Time(s) 0.4616
EarlyStopping counter: 24 out of 30
Epoch 00039, Step00000 | Train_Loss: 0.5033 | Time: 0.5456
Epoch 00039 | Val_Loss 0.8955 | Time(s) 0.4656
EarlyStopping counter: 25 out of 30
Epoch 00040, Step00000 | Train_Loss: 0.5036 | Time: 0.5529
Epoch 00040 | Val_Loss 0.9909 | Time(s) 0.4497
EarlyStopping counter: 26 out of 30
Epoch 00041, Step00000 | Train_Loss: 0.5221 | Time: 0.5609
Epoch 00041 | Val_Loss 0.9675 | Time(s) 0.4474
EarlyStopping counter: 27 out of 30
Epoch 00042, Step00000 | Train_Loss: 0.4888 | Time: 0.5694
Epoch 00042 | Val_Loss 0.9905 | Time(s) 0.4463
EarlyStopping counter: 28 out of 30
Epoch 00043, Step00000 | Train_Loss: 0.5002 | Time: 0.5643
Epoch 00043 | Val_Loss 1.0131 | Time(s) 0.4474
EarlyStopping counter: 29 out of 30
Epoch 00044, Step00000 | Train_Loss: 0.4974 | Time: 0.5690
Epoch 00044 | Val_Loss 0.9718 | Time(s) 0.4458
EarlyStopping counter: 30 out of 30
Early stopping!
Early stopping!
defaultdict(<class 'float'>, {'roc_auc': 0.4884103641456582, 'MRR': 0.7490196078431373})
defaultdict(<class 'float'>, {'roc_auc': 0.6005729166666667, 'MRR': 0.7738970588235294})
Completed: amazon_style_ccc_features_fold_1 (rep 1)

--------------------------------------
Running model: HGT
Dataset: amazon_style_ccc_features_fold_2
Repetition: 1
--------------------------------------
Loading nodes from amazon_style_ccc_features_fold_2/node.dat
/home/simonettos/homhetgnn/HGB/LP/benchmark/data/amazon_style_ccc_features_fold_2/node.dat
0 {}
1 {'0': 558}
2 {'0': 558, '1': 940}
node_count: {'0': 558, '1': 940, '2': 19264}
('2', '5', '1'): src_max=19263, dst_max=938
('1', '4', '1'): src_max=939, dst_max=939
('0', '0', '0'): src_max=557, dst_max=553
('0', '7', '0'): src_max=557, dst_max=557
('0', '3', '0'): src_max=557, dst_max=557
('1', '6', '0'): src_max=939, dst_max=557
('1', '2', '1'): src_max=938, dst_max=938
('1', '9', '1'): src_max=791, dst_max=812
('1', '8', '1'): src_max=939, dst_max=939
('1', '1', '1'): src_max=939, dst_max=928
('1', '10', '1'): src_max=795, dst_max=380
0 0
1 558
2 1498
6
Epoch 00000, Step00000 | Train_Loss: 1.3642 | Time: 1.5034
Epoch 00000 | Val_Loss 2.2076 | Time(s) 0.4203
Validation loss decreased (inf --> 2.207569).  Saving model ...
Epoch 00001, Step00000 | Train_Loss: 1.9747 | Time: 0.5350
Epoch 00001 | Val_Loss 1.3261 | Time(s) 0.4794
Validation loss decreased (2.207569 --> 1.326126).  Saving model ...
Epoch 00002, Step00000 | Train_Loss: 1.2836 | Time: 0.5385
Epoch 00002 | Val_Loss 1.2225 | Time(s) 0.4760
Validation loss decreased (1.326126 --> 1.222518).  Saving model ...
Epoch 00003, Step00000 | Train_Loss: 1.2097 | Time: 0.5466
Epoch 00003 | Val_Loss 1.3120 | Time(s) 0.4709
EarlyStopping counter: 1 out of 30
Epoch 00004, Step00000 | Train_Loss: 1.2632 | Time: 0.5490
Epoch 00004 | Val_Loss 0.9148 | Time(s) 0.4585
Validation loss decreased (1.222518 --> 0.914824).  Saving model ...
Epoch 00005, Step00000 | Train_Loss: 0.9699 | Time: 0.5648
Epoch 00005 | Val_Loss 1.0959 | Time(s) 0.4564
EarlyStopping counter: 1 out of 30
Epoch 00006, Step00000 | Train_Loss: 1.0842 | Time: 0.5653
Epoch 00006 | Val_Loss 0.8142 | Time(s) 0.4551
Validation loss decreased (0.914824 --> 0.814202).  Saving model ...
Epoch 00007, Step00000 | Train_Loss: 0.8707 | Time: 0.5776
Epoch 00007 | Val_Loss 0.9444 | Time(s) 0.4546
EarlyStopping counter: 1 out of 30
Epoch 00008, Step00000 | Train_Loss: 0.9368 | Time: 0.5770
Epoch 00008 | Val_Loss 1.0290 | Time(s) 0.4555
EarlyStopping counter: 2 out of 30
Epoch 00009, Step00000 | Train_Loss: 1.0076 | Time: 0.5704
Epoch 00009 | Val_Loss 0.6575 | Time(s) 0.4569
Validation loss decreased (0.814202 --> 0.657465).  Saving model ...
Epoch 00010, Step00000 | Train_Loss: 0.7535 | Time: 0.5807
Epoch 00010 | Val_Loss 1.0768 | Time(s) 0.4569
EarlyStopping counter: 1 out of 30
Epoch 00011, Step00000 | Train_Loss: 0.9913 | Time: 0.5732
Epoch 00011 | Val_Loss 1.0258 | Time(s) 0.4513
EarlyStopping counter: 2 out of 30
Epoch 00012, Step00000 | Train_Loss: 0.9395 | Time: 0.5687
Epoch 00012 | Val_Loss 0.6838 | Time(s) 0.4506
EarlyStopping counter: 3 out of 30
Epoch 00013, Step00000 | Train_Loss: 0.6949 | Time: 0.5721
Epoch 00013 | Val_Loss 0.8896 | Time(s) 0.4546
EarlyStopping counter: 4 out of 30
Epoch 00014, Step00000 | Train_Loss: 0.7763 | Time: 0.5547
Epoch 00014 | Val_Loss 1.1192 | Time(s) 0.4509
EarlyStopping counter: 5 out of 30
Epoch 00015, Step00000 | Train_Loss: 0.8876 | Time: 0.5587
Epoch 00015 | Val_Loss 0.7865 | Time(s) 0.4714
EarlyStopping counter: 6 out of 30
Epoch 00016, Step00000 | Train_Loss: 0.6532 | Time: 0.5551
Epoch 00016 | Val_Loss 0.9205 | Time(s) 0.4663
EarlyStopping counter: 7 out of 30
Epoch 00017, Step00000 | Train_Loss: 0.7182 | Time: 0.5530
Epoch 00017 | Val_Loss 1.1013 | Time(s) 0.4661
EarlyStopping counter: 8 out of 30
Epoch 00018, Step00000 | Train_Loss: 0.8467 | Time: 0.5533
Epoch 00018 | Val_Loss 0.8422 | Time(s) 0.4638
EarlyStopping counter: 9 out of 30
Epoch 00019, Step00000 | Train_Loss: 0.6237 | Time: 0.5629
Epoch 00019 | Val_Loss 0.9554 | Time(s) 0.4696
EarlyStopping counter: 10 out of 30
Epoch 00020, Step00000 | Train_Loss: 0.6819 | Time: 0.5532
Epoch 00020 | Val_Loss 0.9601 | Time(s) 0.4694
EarlyStopping counter: 11 out of 30
Epoch 00021, Step00000 | Train_Loss: 0.6725 | Time: 0.5530
Epoch 00021 | Val_Loss 0.7835 | Time(s) 0.4754
EarlyStopping counter: 12 out of 30
Epoch 00022, Step00000 | Train_Loss: 0.6063 | Time: 0.5530
Epoch 00022 | Val_Loss 1.0027 | Time(s) 0.4102
EarlyStopping counter: 13 out of 30
Epoch 00023, Step00000 | Train_Loss: 0.6797 | Time: 0.5443
Epoch 00023 | Val_Loss 0.8612 | Time(s) 0.4536
EarlyStopping counter: 14 out of 30
Epoch 00024, Step00000 | Train_Loss: 0.5939 | Time: 0.5681
Epoch 00024 | Val_Loss 0.9046 | Time(s) 0.4518
EarlyStopping counter: 15 out of 30
Epoch 00025, Step00000 | Train_Loss: 0.5766 | Time: 0.5688
Epoch 00025 | Val_Loss 0.9504 | Time(s) 0.4523
EarlyStopping counter: 16 out of 30
Epoch 00026, Step00000 | Train_Loss: 0.5807 | Time: 0.5689
Epoch 00026 | Val_Loss 0.9000 | Time(s) 0.4555
EarlyStopping counter: 17 out of 30
Epoch 00027, Step00000 | Train_Loss: 0.5395 | Time: 0.5618
Epoch 00027 | Val_Loss 0.9785 | Time(s) 0.4536
EarlyStopping counter: 18 out of 30
Epoch 00028, Step00000 | Train_Loss: 0.5582 | Time: 0.5584
Epoch 00028 | Val_Loss 0.9742 | Time(s) 0.4571
EarlyStopping counter: 19 out of 30
Epoch 00029, Step00000 | Train_Loss: 0.5292 | Time: 0.5515
Epoch 00029 | Val_Loss 1.0249 | Time(s) 0.4726
EarlyStopping counter: 20 out of 30
Epoch 00030, Step00000 | Train_Loss: 0.5437 | Time: 0.5529
Epoch 00030 | Val_Loss 1.0893 | Time(s) 0.4738
EarlyStopping counter: 21 out of 30
Epoch 00031, Step00000 | Train_Loss: 0.5509 | Time: 0.5556
Epoch 00031 | Val_Loss 0.9781 | Time(s) 0.4690
EarlyStopping counter: 22 out of 30
Epoch 00032, Step00000 | Train_Loss: 0.5201 | Time: 0.5533
Epoch 00032 | Val_Loss 0.9652 | Time(s) 0.4692
EarlyStopping counter: 23 out of 30
Epoch 00033, Step00000 | Train_Loss: 0.5222 | Time: 0.5502
Epoch 00033 | Val_Loss 0.9002 | Time(s) 0.4657
EarlyStopping counter: 24 out of 30
Epoch 00034, Step00000 | Train_Loss: 0.5146 | Time: 0.5506
Epoch 00034 | Val_Loss 0.9050 | Time(s) 0.4729
EarlyStopping counter: 25 out of 30
Epoch 00035, Step00000 | Train_Loss: 0.5001 | Time: 0.5528
Epoch 00035 | Val_Loss 0.9075 | Time(s) 0.2945
EarlyStopping counter: 26 out of 30
Epoch 00036, Step00000 | Train_Loss: 0.4893 | Time: 0.4009
Epoch 00036 | Val_Loss 0.8665 | Time(s) 0.2927
EarlyStopping counter: 27 out of 30
Epoch 00037, Step00000 | Train_Loss: 0.4924 | Time: 0.3943
Epoch 00037 | Val_Loss 0.9150 | Time(s) 0.2965
EarlyStopping counter: 28 out of 30
Epoch 00038, Step00000 | Train_Loss: 0.4893 | Time: 0.3968
Epoch 00038 | Val_Loss 0.9676 | Time(s) 0.2881
EarlyStopping counter: 29 out of 30
Epoch 00039, Step00000 | Train_Loss: 0.4800 | Time: 0.3926
Epoch 00039 | Val_Loss 0.8616 | Time(s) 0.2910
EarlyStopping counter: 30 out of 30
Early stopping!
Early stopping!
defaultdict(<class 'float'>, {'roc_auc': 0.5032580645161291, 'MRR': 0.7296423135464231})
defaultdict(<class 'float'>, {'roc_auc': 0.619184, 'MRR': 0.7837899543378996})
Completed: amazon_style_ccc_features_fold_2 (rep 1)

--------------------------------------
Running model: HGT
Dataset: amazon_style_ccc_features_fold_3
Repetition: 1
--------------------------------------
Loading nodes from amazon_style_ccc_features_fold_3/node.dat
/home/simonettos/homhetgnn/HGB/LP/benchmark/data/amazon_style_ccc_features_fold_3/node.dat
0 {}
1 {'0': 558}
2 {'0': 558, '1': 940}
node_count: {'0': 558, '1': 940, '2': 19264}
('2', '5', '1'): src_max=19263, dst_max=938
('1', '4', '1'): src_max=939, dst_max=939
('0', '0', '0'): src_max=557, dst_max=553
('0', '7', '0'): src_max=557, dst_max=557
('0', '3', '0'): src_max=557, dst_max=557
('1', '6', '0'): src_max=939, dst_max=557
('1', '2', '1'): src_max=938, dst_max=938
('1', '9', '1'): src_max=791, dst_max=812
('1', '8', '1'): src_max=939, dst_max=939
('1', '1', '1'): src_max=939, dst_max=928
('1', '10', '1'): src_max=795, dst_max=380
0 0
1 558
2 1498
6
Epoch 00000, Step00000 | Train_Loss: 0.9460 | Time: 0.9606
Epoch 00000 | Val_Loss 0.6926 | Time(s) 0.4472
Validation loss decreased (inf --> 0.692612).  Saving model ...
Epoch 00001, Step00000 | Train_Loss: 0.8602 | Time: 0.5677
Epoch 00001 | Val_Loss 0.7030 | Time(s) 0.4497
EarlyStopping counter: 1 out of 30
Epoch 00002, Step00000 | Train_Loss: 0.8347 | Time: 0.5664
Epoch 00002 | Val_Loss 0.9894 | Time(s) 0.4501
EarlyStopping counter: 2 out of 30
Epoch 00003, Step00000 | Train_Loss: 0.9437 | Time: 0.5517
Epoch 00003 | Val_Loss 1.7219 | Time(s) 0.4527
EarlyStopping counter: 3 out of 30
Epoch 00004, Step00000 | Train_Loss: 1.4557 | Time: 0.5538
Epoch 00004 | Val_Loss 0.7226 | Time(s) 0.4517
EarlyStopping counter: 4 out of 30
Epoch 00005, Step00000 | Train_Loss: 0.8049 | Time: 0.5420
Epoch 00005 | Val_Loss 0.8962 | Time(s) 0.4656
EarlyStopping counter: 5 out of 30
Epoch 00006, Step00000 | Train_Loss: 0.8898 | Time: 0.5451
Epoch 00006 | Val_Loss 1.5598 | Time(s) 0.4673
EarlyStopping counter: 6 out of 30
Epoch 00007, Step00000 | Train_Loss: 1.3469 | Time: 0.5522
Epoch 00007 | Val_Loss 0.9396 | Time(s) 0.4678
EarlyStopping counter: 7 out of 30
Epoch 00008, Step00000 | Train_Loss: 0.9297 | Time: 0.5471
Epoch 00008 | Val_Loss 0.6830 | Time(s) 0.4647
Validation loss decreased (0.692612 --> 0.682969).  Saving model ...
Epoch 00009, Step00000 | Train_Loss: 0.7574 | Time: 0.5425
Epoch 00009 | Val_Loss 0.9983 | Time(s) 0.4668
EarlyStopping counter: 1 out of 30
Epoch 00010, Step00000 | Train_Loss: 0.9678 | Time: 0.5453
Epoch 00010 | Val_Loss 1.2170 | Time(s) 0.3725
EarlyStopping counter: 2 out of 30
Epoch 00011, Step00000 | Train_Loss: 1.0646 | Time: 0.5627
Epoch 00011 | Val_Loss 0.7619 | Time(s) 0.4505
EarlyStopping counter: 3 out of 30
Epoch 00012, Step00000 | Train_Loss: 0.7541 | Time: 0.5658
Epoch 00012 | Val_Loss 0.7209 | Time(s) 0.4482
EarlyStopping counter: 4 out of 30
Epoch 00013, Step00000 | Train_Loss: 0.6635 | Time: 0.5605
Epoch 00013 | Val_Loss 0.9318 | Time(s) 0.4476
EarlyStopping counter: 5 out of 30
Epoch 00014, Step00000 | Train_Loss: 0.7601 | Time: 0.5689
Epoch 00014 | Val_Loss 1.2248 | Time(s) 0.4479
EarlyStopping counter: 6 out of 30
Epoch 00015, Step00000 | Train_Loss: 1.0472 | Time: 0.5635
Epoch 00015 | Val_Loss 1.2136 | Time(s) 0.4451
EarlyStopping counter: 7 out of 30
Epoch 00016, Step00000 | Train_Loss: 0.9232 | Time: 0.5544
Epoch 00016 | Val_Loss 0.7613 | Time(s) 0.4482
EarlyStopping counter: 8 out of 30
Epoch 00017, Step00000 | Train_Loss: 0.6353 | Time: 0.5501
Epoch 00017 | Val_Loss 0.8905 | Time(s) 0.4479
EarlyStopping counter: 9 out of 30
Epoch 00018, Step00000 | Train_Loss: 0.7089 | Time: 0.5466
Epoch 00018 | Val_Loss 0.9304 | Time(s) 0.4668
EarlyStopping counter: 10 out of 30
Epoch 00019, Step00000 | Train_Loss: 0.6874 | Time: 0.5453
Epoch 00019 | Val_Loss 0.8351 | Time(s) 0.4628
EarlyStopping counter: 11 out of 30
Epoch 00020, Step00000 | Train_Loss: 0.5750 | Time: 0.5467
Epoch 00020 | Val_Loss 1.0034 | Time(s) 0.4633
EarlyStopping counter: 12 out of 30
Epoch 00021, Step00000 | Train_Loss: 0.6453 | Time: 0.5470
Epoch 00021 | Val_Loss 0.9729 | Time(s) 0.4653
EarlyStopping counter: 13 out of 30
Epoch 00022, Step00000 | Train_Loss: 0.5884 | Time: 0.5458
Epoch 00022 | Val_Loss 0.9577 | Time(s) 0.4652
EarlyStopping counter: 14 out of 30
Epoch 00023, Step00000 | Train_Loss: 0.5607 | Time: 0.5470
Epoch 00023 | Val_Loss 1.0816 | Time(s) 0.4663
EarlyStopping counter: 15 out of 30
Epoch 00024, Step00000 | Train_Loss: 0.5931 | Time: 0.5432
Epoch 00024 | Val_Loss 0.8928 | Time(s) 0.2873
EarlyStopping counter: 16 out of 30
Epoch 00025, Step00000 | Train_Loss: 0.5398 | Time: 0.3923
Epoch 00025 | Val_Loss 0.8841 | Time(s) 0.2877
EarlyStopping counter: 17 out of 30
Epoch 00026, Step00000 | Train_Loss: 0.5463 | Time: 0.3897
Epoch 00026 | Val_Loss 0.9654 | Time(s) 0.2902
EarlyStopping counter: 18 out of 30
Epoch 00027, Step00000 | Train_Loss: 0.5256 | Time: 0.3942
Epoch 00027 | Val_Loss 0.9626 | Time(s) 0.2857
EarlyStopping counter: 19 out of 30
Epoch 00028, Step00000 | Train_Loss: 0.5167 | Time: 0.3942
Epoch 00028 | Val_Loss 1.0393 | Time(s) 0.2852
EarlyStopping counter: 20 out of 30
Epoch 00029, Step00000 | Train_Loss: 0.5162 | Time: 0.3867
Epoch 00029 | Val_Loss 0.8591 | Time(s) 0.2843
EarlyStopping counter: 21 out of 30
Epoch 00030, Step00000 | Train_Loss: 0.4953 | Time: 0.3900
Epoch 00030 | Val_Loss 0.9662 | Time(s) 0.2910
EarlyStopping counter: 22 out of 30
Epoch 00031, Step00000 | Train_Loss: 0.4886 | Time: 0.3897
Epoch 00031 | Val_Loss 0.9302 | Time(s) 0.2898
EarlyStopping counter: 23 out of 30
Epoch 00032, Step00000 | Train_Loss: 0.5058 | Time: 0.3946
Epoch 00032 | Val_Loss 0.9739 | Time(s) 0.3888
EarlyStopping counter: 24 out of 30
Epoch 00033, Step00000 | Train_Loss: 0.4872 | Time: 0.5295
Epoch 00033 | Val_Loss 1.1808 | Time(s) 0.3530
EarlyStopping counter: 25 out of 30
Epoch 00034, Step00000 | Train_Loss: 0.5021 | Time: 0.3885
Epoch 00034 | Val_Loss 1.1607 | Time(s) 0.2873
EarlyStopping counter: 26 out of 30
Epoch 00035, Step00000 | Train_Loss: 0.4638 | Time: 0.4060
Epoch 00035 | Val_Loss 1.0516 | Time(s) 0.2859
EarlyStopping counter: 27 out of 30
Epoch 00036, Step00000 | Train_Loss: 0.4721 | Time: 0.3945
Epoch 00036 | Val_Loss 1.1004 | Time(s) 0.2854
EarlyStopping counter: 28 out of 30
Epoch 00037, Step00000 | Train_Loss: 0.4735 | Time: 0.3856
Epoch 00037 | Val_Loss 1.2236 | Time(s) 0.2842
EarlyStopping counter: 29 out of 30
Epoch 00038, Step00000 | Train_Loss: 0.4452 | Time: 0.3904
Epoch 00038 | Val_Loss 1.3635 | Time(s) 0.2833
EarlyStopping counter: 30 out of 30
Early stopping!
Early stopping!
defaultdict(<class 'float'>, {'roc_auc': 0.5595870486308734, 'MRR': 0.7703282828282828})
defaultdict(<class 'float'>, {'roc_auc': 0.6685248173343411, 'MRR': 0.8341750841750841})
Completed: amazon_style_ccc_features_fold_3 (rep 1)

--------------------------------------
Running model: HGT
Dataset: amazon_style_ccc_features_fold_4
Repetition: 1
--------------------------------------
Loading nodes from amazon_style_ccc_features_fold_4/node.dat
/home/simonettos/homhetgnn/HGB/LP/benchmark/data/amazon_style_ccc_features_fold_4/node.dat
0 {}
1 {'0': 558}
2 {'0': 558, '1': 940}
node_count: {'0': 558, '1': 940, '2': 19264}
('2', '5', '1'): src_max=19263, dst_max=938
('1', '4', '1'): src_max=939, dst_max=939
('0', '0', '0'): src_max=557, dst_max=553
('0', '7', '0'): src_max=557, dst_max=557
('0', '3', '0'): src_max=557, dst_max=557
('1', '6', '0'): src_max=939, dst_max=557
('1', '2', '1'): src_max=938, dst_max=938
('1', '9', '1'): src_max=791, dst_max=812
('1', '8', '1'): src_max=939, dst_max=939
('1', '1', '1'): src_max=939, dst_max=928
('1', '10', '1'): src_max=795, dst_max=380
0 0
1 558
2 1498
6
Epoch 00000, Step00000 | Train_Loss: 1.4430 | Time: 0.9439
Epoch 00000 | Val_Loss 1.9267 | Time(s) 0.4528
Validation loss decreased (inf --> 1.926711).  Saving model ...
Epoch 00001, Step00000 | Train_Loss: 1.6567 | Time: 0.5340
Epoch 00001 | Val_Loss 1.3680 | Time(s) 0.4521
Validation loss decreased (1.926711 --> 1.368017).  Saving model ...
Epoch 00002, Step00000 | Train_Loss: 1.2478 | Time: 0.5380
Epoch 00002 | Val_Loss 1.0595 | Time(s) 0.4417
Validation loss decreased (1.368017 --> 1.059503).  Saving model ...
Epoch 00003, Step00000 | Train_Loss: 1.0979 | Time: 0.5483
Epoch 00003 | Val_Loss 1.2143 | Time(s) 0.4405
EarlyStopping counter: 1 out of 30
Epoch 00004, Step00000 | Train_Loss: 1.1509 | Time: 0.5524
Epoch 00004 | Val_Loss 1.0357 | Time(s) 0.4385
Validation loss decreased (1.059503 --> 1.035667).  Saving model ...
Epoch 00005, Step00000 | Train_Loss: 1.0300 | Time: 0.5481
Epoch 00005 | Val_Loss 0.8230 | Time(s) 0.4337
Validation loss decreased (1.035667 --> 0.822972).  Saving model ...
Epoch 00006, Step00000 | Train_Loss: 0.8946 | Time: 0.5581
Epoch 00006 | Val_Loss 1.1279 | Time(s) 0.4343
EarlyStopping counter: 1 out of 30
Epoch 00007, Step00000 | Train_Loss: 1.0614 | Time: 0.5545
Epoch 00007 | Val_Loss 0.6753 | Time(s) 0.4376
Validation loss decreased (0.822972 --> 0.675311).  Saving model ...
Epoch 00008, Step00000 | Train_Loss: 0.8135 | Time: 0.5467
Epoch 00008 | Val_Loss 1.1670 | Time(s) 0.4375
EarlyStopping counter: 1 out of 30
Epoch 00009, Step00000 | Train_Loss: 1.0673 | Time: 0.4171
Epoch 00009 | Val_Loss 0.8707 | Time(s) 0.2789
EarlyStopping counter: 2 out of 30
Epoch 00010, Step00000 | Train_Loss: 0.8884 | Time: 0.3885
Epoch 00010 | Val_Loss 0.7006 | Time(s) 0.2796
EarlyStopping counter: 3 out of 30
Epoch 00011, Step00000 | Train_Loss: 0.7678 | Time: 0.3927
Epoch 00011 | Val_Loss 1.1376 | Time(s) 0.2775
EarlyStopping counter: 4 out of 30
Epoch 00012, Step00000 | Train_Loss: 1.0622 | Time: 0.3877
Epoch 00012 | Val_Loss 0.9946 | Time(s) 0.2773
EarlyStopping counter: 5 out of 30
Epoch 00013, Step00000 | Train_Loss: 0.9394 | Time: 0.3815
Epoch 00013 | Val_Loss 0.6588 | Time(s) 0.2759
Validation loss decreased (0.675311 --> 0.658828).  Saving model ...
Epoch 00014, Step00000 | Train_Loss: 0.7250 | Time: 0.3827
Epoch 00014 | Val_Loss 0.9336 | Time(s) 0.2768
EarlyStopping counter: 1 out of 30
Epoch 00015, Step00000 | Train_Loss: 0.8665 | Time: 0.3826
Epoch 00015 | Val_Loss 0.8617 | Time(s) 0.2818
EarlyStopping counter: 2 out of 30
Epoch 00016, Step00000 | Train_Loss: 0.8208 | Time: 0.3862
Epoch 00016 | Val_Loss 0.6640 | Time(s) 0.2855
EarlyStopping counter: 3 out of 30
Epoch 00017, Step00000 | Train_Loss: 0.6941 | Time: 0.3959
Epoch 00017 | Val_Loss 0.9742 | Time(s) 0.4303
EarlyStopping counter: 4 out of 30
Epoch 00018, Step00000 | Train_Loss: 0.8092 | Time: 0.5042
Epoch 00018 | Val_Loss 0.7877 | Time(s) 0.3285
EarlyStopping counter: 5 out of 30
Epoch 00019, Step00000 | Train_Loss: 0.7648 | Time: 0.3886
Epoch 00019 | Val_Loss 0.8074 | Time(s) 0.2788
EarlyStopping counter: 6 out of 30
Epoch 00020, Step00000 | Train_Loss: 0.6363 | Time: 0.3972
Epoch 00020 | Val_Loss 0.8981 | Time(s) 0.2836
EarlyStopping counter: 7 out of 30
Epoch 00021, Step00000 | Train_Loss: 0.7192 | Time: 0.3837
Epoch 00021 | Val_Loss 0.8229 | Time(s) 0.2777
EarlyStopping counter: 8 out of 30
Epoch 00022, Step00000 | Train_Loss: 0.6817 | Time: 0.3852
Epoch 00022 | Val_Loss 0.8199 | Time(s) 0.2827
EarlyStopping counter: 9 out of 30
Epoch 00023, Step00000 | Train_Loss: 0.6150 | Time: 0.3891
Epoch 00023 | Val_Loss 0.9067 | Time(s) 0.2846
EarlyStopping counter: 10 out of 30
Epoch 00024, Step00000 | Train_Loss: 0.6432 | Time: 0.3968
Epoch 00024 | Val_Loss 0.8078 | Time(s) 0.2818
EarlyStopping counter: 11 out of 30
Epoch 00025, Step00000 | Train_Loss: 0.6578 | Time: 0.3944
Epoch 00025 | Val_Loss 0.8574 | Time(s) 0.2892
EarlyStopping counter: 12 out of 30
Epoch 00026, Step00000 | Train_Loss: 0.5985 | Time: 0.3900
Epoch 00026 | Val_Loss 0.8773 | Time(s) 0.2792
EarlyStopping counter: 13 out of 30
Epoch 00027, Step00000 | Train_Loss: 0.5741 | Time: 0.3910
Epoch 00027 | Val_Loss 0.8884 | Time(s) 0.2781
EarlyStopping counter: 14 out of 30
Epoch 00028, Step00000 | Train_Loss: 0.6144 | Time: 0.4547
Epoch 00028 | Val_Loss 0.8795 | Time(s) 0.4042
EarlyStopping counter: 15 out of 30
Epoch 00029, Step00000 | Train_Loss: 0.5769 | Time: 0.5390
Epoch 00029 | Val_Loss 0.8933 | Time(s) 0.4387
EarlyStopping counter: 16 out of 30
Epoch 00030, Step00000 | Train_Loss: 0.5384 | Time: 0.5527
Epoch 00030 | Val_Loss 0.9437 | Time(s) 0.4374
EarlyStopping counter: 17 out of 30
Epoch 00031, Step00000 | Train_Loss: 0.5461 | Time: 0.5589
Epoch 00031 | Val_Loss 0.9244 | Time(s) 0.4392
EarlyStopping counter: 18 out of 30
Epoch 00032, Step00000 | Train_Loss: 0.5474 | Time: 0.5633
Epoch 00032 | Val_Loss 0.8876 | Time(s) 0.4256
EarlyStopping counter: 19 out of 30
Epoch 00033, Step00000 | Train_Loss: 0.5011 | Time: 0.5614
Epoch 00033 | Val_Loss 0.8970 | Time(s) 0.4332
EarlyStopping counter: 20 out of 30
Epoch 00034, Step00000 | Train_Loss: 0.5269 | Time: 0.5571
Epoch 00034 | Val_Loss 0.9097 | Time(s) 0.4140
EarlyStopping counter: 21 out of 30
Epoch 00035, Step00000 | Train_Loss: 0.4857 | Time: 0.5570
Epoch 00035 | Val_Loss 0.8795 | Time(s) 0.4359
EarlyStopping counter: 22 out of 30
Epoch 00036, Step00000 | Train_Loss: 0.4832 | Time: 0.5617
Epoch 00036 | Val_Loss 0.8941 | Time(s) 0.4367
EarlyStopping counter: 23 out of 30
Epoch 00037, Step00000 | Train_Loss: 0.4934 | Time: 0.5536
Epoch 00037 | Val_Loss 1.0473 | Time(s) 0.4324
EarlyStopping counter: 24 out of 30
Epoch 00038, Step00000 | Train_Loss: 0.4932 | Time: 0.5561
Epoch 00038 | Val_Loss 1.0358 | Time(s) 0.4279
EarlyStopping counter: 25 out of 30
Epoch 00039, Step00000 | Train_Loss: 0.5031 | Time: 0.5569
Epoch 00039 | Val_Loss 1.1007 | Time(s) 0.4367
EarlyStopping counter: 26 out of 30
Epoch 00040, Step00000 | Train_Loss: 0.5177 | Time: 0.5488
Epoch 00040 | Val_Loss 1.0768 | Time(s) 0.4353
EarlyStopping counter: 27 out of 30
Epoch 00041, Step00000 | Train_Loss: 0.4870 | Time: 0.5600
Epoch 00041 | Val_Loss 0.9920 | Time(s) 0.4329
EarlyStopping counter: 28 out of 30
Epoch 00042, Step00000 | Train_Loss: 0.4461 | Time: 0.5581
Epoch 00042 | Val_Loss 0.9841 | Time(s) 0.4359
EarlyStopping counter: 29 out of 30
Epoch 00043, Step00000 | Train_Loss: 0.4309 | Time: 0.5515
Epoch 00043 | Val_Loss 0.8948 | Time(s) 0.4347
EarlyStopping counter: 30 out of 30
Early stopping!
Early stopping!
defaultdict(<class 'float'>, {'roc_auc': 0.5406113537117904, 'MRR': 0.7745098039215685})
defaultdict(<class 'float'>, {'roc_auc': 0.682176159874907, 'MRR': 0.8143382352941176})
Completed: amazon_style_ccc_features_fold_4 (rep 1)

--------------------------------------
Running model: HGT
Dataset: amazon_style_ccc_features_fold_5
Repetition: 1
--------------------------------------
Loading nodes from amazon_style_ccc_features_fold_5/node.dat
/home/simonettos/homhetgnn/HGB/LP/benchmark/data/amazon_style_ccc_features_fold_5/node.dat
0 {}
1 {'0': 558}
2 {'0': 558, '1': 940}
node_count: {'0': 558, '1': 940, '2': 19264}
('2', '5', '1'): src_max=19263, dst_max=938
('1', '4', '1'): src_max=939, dst_max=939
('0', '0', '0'): src_max=557, dst_max=553
('0', '7', '0'): src_max=557, dst_max=557
('0', '3', '0'): src_max=557, dst_max=557
('1', '6', '0'): src_max=939, dst_max=556
('1', '2', '1'): src_max=938, dst_max=938
('1', '9', '1'): src_max=791, dst_max=812
('1', '8', '1'): src_max=939, dst_max=939
('1', '1', '1'): src_max=939, dst_max=928
('1', '10', '1'): src_max=795, dst_max=380
0 0
1 558
2 1498
6
Epoch 00000, Step00000 | Train_Loss: 1.1273 | Time: 0.9139
Epoch 00000 | Val_Loss 2.3320 | Time(s) 0.2823
Validation loss decreased (inf --> 2.331955).  Saving model ...
Epoch 00001, Step00000 | Train_Loss: 1.8814 | Time: 0.4021
Epoch 00001 | Val_Loss 0.9304 | Time(s) 0.2786
Validation loss decreased (2.331955 --> 0.930417).  Saving model ...
Epoch 00002, Step00000 | Train_Loss: 1.0445 | Time: 0.3890
Epoch 00002 | Val_Loss 1.9434 | Time(s) 0.2844
EarlyStopping counter: 1 out of 30
Epoch 00003, Step00000 | Train_Loss: 1.6924 | Time: 0.3816
Epoch 00003 | Val_Loss 1.2089 | Time(s) 0.2812
EarlyStopping counter: 2 out of 30
Epoch 00004, Step00000 | Train_Loss: 1.1158 | Time: 0.3962
Epoch 00004 | Val_Loss 1.4814 | Time(s) 0.2840
EarlyStopping counter: 3 out of 30
Epoch 00005, Step00000 | Train_Loss: 1.3319 | Time: 0.3945
Epoch 00005 | Val_Loss 0.8831 | Time(s) 0.2823
Validation loss decreased (0.930417 --> 0.883109).  Saving model ...
Epoch 00006, Step00000 | Train_Loss: 0.9135 | Time: 0.4157
Epoch 00006 | Val_Loss 1.5468 | Time(s) 0.2812
EarlyStopping counter: 1 out of 30
Epoch 00007, Step00000 | Train_Loss: 1.3278 | Time: 0.3933
Epoch 00007 | Val_Loss 0.7245 | Time(s) 0.2875
Validation loss decreased (0.883109 --> 0.724460).  Saving model ...
Epoch 00008, Step00000 | Train_Loss: 0.8222 | Time: 0.4829
Epoch 00008 | Val_Loss 1.6127 | Time(s) 0.3881
EarlyStopping counter: 1 out of 30
Epoch 00009, Step00000 | Train_Loss: 1.3967 | Time: 0.5303
Epoch 00009 | Val_Loss 0.6835 | Time(s) 0.4439
Validation loss decreased (0.724460 --> 0.683494).  Saving model ...
Epoch 00010, Step00000 | Train_Loss: 0.7513 | Time: 0.5434
Epoch 00010 | Val_Loss 1.3929 | Time(s) 0.4379
EarlyStopping counter: 1 out of 30
Epoch 00011, Step00000 | Train_Loss: 1.2376 | Time: 0.5533
Epoch 00011 | Val_Loss 0.8689 | Time(s) 0.4303
EarlyStopping counter: 2 out of 30
Epoch 00012, Step00000 | Train_Loss: 0.8579 | Time: 0.5550
Epoch 00012 | Val_Loss 0.8039 | Time(s) 0.4352
EarlyStopping counter: 3 out of 30
Epoch 00013, Step00000 | Train_Loss: 0.8510 | Time: 0.5663
Epoch 00013 | Val_Loss 1.1422 | Time(s) 0.4314
EarlyStopping counter: 4 out of 30
Epoch 00014, Step00000 | Train_Loss: 1.0455 | Time: 0.5623
Epoch 00014 | Val_Loss 0.6678 | Time(s) 0.4133
Validation loss decreased (0.683494 --> 0.667752).  Saving model ...
Epoch 00015, Step00000 | Train_Loss: 0.7196 | Time: 0.5629
Epoch 00015 | Val_Loss 0.9051 | Time(s) 0.4350
EarlyStopping counter: 1 out of 30
Epoch 00016, Step00000 | Train_Loss: 0.8352 | Time: 0.5676
Epoch 00016 | Val_Loss 0.8571 | Time(s) 0.4386
EarlyStopping counter: 2 out of 30
Epoch 00017, Step00000 | Train_Loss: 0.7701 | Time: 0.5589
Epoch 00017 | Val_Loss 0.6978 | Time(s) 0.4335
EarlyStopping counter: 3 out of 30
Epoch 00018, Step00000 | Train_Loss: 0.6744 | Time: 0.5561
Epoch 00018 | Val_Loss 0.8632 | Time(s) 0.4350
EarlyStopping counter: 4 out of 30
Epoch 00019, Step00000 | Train_Loss: 0.7289 | Time: 0.5552
Epoch 00019 | Val_Loss 0.8683 | Time(s) 0.4314
EarlyStopping counter: 5 out of 30
Epoch 00020, Step00000 | Train_Loss: 0.6964 | Time: 0.5607
Epoch 00020 | Val_Loss 0.7915 | Time(s) 0.4337
EarlyStopping counter: 6 out of 30
Epoch 00021, Step00000 | Train_Loss: 0.6191 | Time: 0.5554
Epoch 00021 | Val_Loss 0.9952 | Time(s) 0.4346
EarlyStopping counter: 7 out of 30
Epoch 00022, Step00000 | Train_Loss: 0.6644 | Time: 0.5534
Epoch 00022 | Val_Loss 1.0035 | Time(s) 0.4344
EarlyStopping counter: 8 out of 30
Epoch 00023, Step00000 | Train_Loss: 0.6697 | Time: 0.5622
Epoch 00023 | Val_Loss 0.9614 | Time(s) 0.4345
EarlyStopping counter: 9 out of 30
Epoch 00024, Step00000 | Train_Loss: 0.5953 | Time: 0.5560
Epoch 00024 | Val_Loss 0.9613 | Time(s) 0.4372
EarlyStopping counter: 10 out of 30
Epoch 00025, Step00000 | Train_Loss: 0.6066 | Time: 0.5583
Epoch 00025 | Val_Loss 0.9771 | Time(s) 0.4331
EarlyStopping counter: 11 out of 30
Epoch 00026, Step00000 | Train_Loss: 0.6270 | Time: 0.5614
Epoch 00026 | Val_Loss 0.9203 | Time(s) 0.4362
EarlyStopping counter: 12 out of 30
Epoch 00027, Step00000 | Train_Loss: 0.5802 | Time: 0.5599
Epoch 00027 | Val_Loss 0.9151 | Time(s) 0.4319
EarlyStopping counter: 13 out of 30
Epoch 00028, Step00000 | Train_Loss: 0.5671 | Time: 0.5479
Epoch 00028 | Val_Loss 1.0594 | Time(s) 0.4332
EarlyStopping counter: 14 out of 30
Epoch 00029, Step00000 | Train_Loss: 0.5782 | Time: 0.5469
Epoch 00029 | Val_Loss 0.9553 | Time(s) 0.4382
EarlyStopping counter: 15 out of 30
Epoch 00030, Step00000 | Train_Loss: 0.5486 | Time: 0.5090
Epoch 00030 | Val_Loss 1.0698 | Time(s) 0.4504
EarlyStopping counter: 16 out of 30
Epoch 00031, Step00000 | Train_Loss: 0.5411 | Time: 0.5304
Epoch 00031 | Val_Loss 1.0425 | Time(s) 0.4499
EarlyStopping counter: 17 out of 30
Epoch 00032, Step00000 | Train_Loss: 0.5433 | Time: 0.5365
Epoch 00032 | Val_Loss 1.0725 | Time(s) 0.4477
EarlyStopping counter: 18 out of 30
Epoch 00033, Step00000 | Train_Loss: 0.5420 | Time: 0.5312
Epoch 00033 | Val_Loss 1.0416 | Time(s) 0.4561
EarlyStopping counter: 19 out of 30
Epoch 00034, Step00000 | Train_Loss: 0.5297 | Time: 0.5356
Epoch 00034 | Val_Loss 1.0545 | Time(s) 0.4472
EarlyStopping counter: 20 out of 30
Epoch 00035, Step00000 | Train_Loss: 0.5200 | Time: 0.5354
Epoch 00035 | Val_Loss 0.9463 | Time(s) 0.4510
EarlyStopping counter: 21 out of 30
Epoch 00036, Step00000 | Train_Loss: 0.5233 | Time: 0.5491
Epoch 00036 | Val_Loss 0.8860 | Time(s) 0.4604
EarlyStopping counter: 22 out of 30
Epoch 00037, Step00000 | Train_Loss: 0.5156 | Time: 0.5448
Epoch 00037 | Val_Loss 0.9318 | Time(s) 0.4516
EarlyStopping counter: 23 out of 30
Epoch 00038, Step00000 | Train_Loss: 0.5251 | Time: 0.5358
Epoch 00038 | Val_Loss 0.8589 | Time(s) 0.4542
EarlyStopping counter: 24 out of 30
Epoch 00039, Step00000 | Train_Loss: 0.5228 | Time: 0.5344
Epoch 00039 | Val_Loss 0.8873 | Time(s) 0.4577
EarlyStopping counter: 25 out of 30
Epoch 00040, Step00000 | Train_Loss: 0.5153 | Time: 0.5360
Epoch 00040 | Val_Loss 1.0066 | Time(s) 0.4448
EarlyStopping counter: 26 out of 30
Epoch 00041, Step00000 | Train_Loss: 0.5041 | Time: 0.5320
Epoch 00041 | Val_Loss 1.1231 | Time(s) 0.4500
EarlyStopping counter: 27 out of 30
Epoch 00042, Step00000 | Train_Loss: 0.5081 | Time: 0.5383
Epoch 00042 | Val_Loss 1.0506 | Time(s) 0.4312
EarlyStopping counter: 28 out of 30
Epoch 00043, Step00000 | Train_Loss: 0.5277 | Time: 0.5525
Epoch 00043 | Val_Loss 1.0069 | Time(s) 0.4270
EarlyStopping counter: 29 out of 30
Epoch 00044, Step00000 | Train_Loss: 0.5420 | Time: 0.5593
Epoch 00044 | Val_Loss 0.8080 | Time(s) 0.4359
EarlyStopping counter: 30 out of 30
Early stopping!
Early stopping!
defaultdict(<class 'float'>, {'roc_auc': 0.5065962167013836, 'MRR': 0.7330882352941176})
defaultdict(<class 'float'>, {'roc_auc': 0.6491557858727497, 'MRR': 0.7867647058823529})
Completed: amazon_style_ccc_features_fold_5 (rep 1)

=== Repetition 2/6 ===
--------------------------------------
Running model: HGT
Dataset: amazon_style_ccc_features_fold_1
Repetition: 2
--------------------------------------
Loading nodes from amazon_style_ccc_features_fold_1/node.dat
/home/simonettos/homhetgnn/HGB/LP/benchmark/data/amazon_style_ccc_features_fold_1/node.dat
0 {}
1 {'0': 558}
2 {'0': 558, '1': 940}
node_count: {'0': 558, '1': 940, '2': 19264}
('2', '5', '1'): src_max=19263, dst_max=938
('0', '3', '0'): src_max=557, dst_max=557
('1', '4', '1'): src_max=939, dst_max=939
('0', '7', '0'): src_max=557, dst_max=557
('1', '6', '0'): src_max=939, dst_max=556
('1', '2', '1'): src_max=938, dst_max=938
('0', '0', '0'): src_max=557, dst_max=553
('1', '8', '1'): src_max=939, dst_max=939
('1', '1', '1'): src_max=939, dst_max=928
('1', '9', '1'): src_max=791, dst_max=812
('1', '10', '1'): src_max=795, dst_max=380
0 0
1 558
2 1498
6
Epoch 00000, Step00000 | Train_Loss: 1.1091 | Time: 0.9777
Epoch 00000 | Val_Loss 1.7324 | Time(s) 0.4531
Validation loss decreased (inf --> 1.732372).  Saving model ...
Epoch 00001, Step00000 | Train_Loss: 1.4992 | Time: 0.5673
Epoch 00001 | Val_Loss 0.9956 | Time(s) 0.4492
Validation loss decreased (1.732372 --> 0.995558).  Saving model ...
Epoch 00002, Step00000 | Train_Loss: 1.0728 | Time: 0.5635
Epoch 00002 | Val_Loss 1.2455 | Time(s) 0.4535
EarlyStopping counter: 1 out of 30
Epoch 00003, Step00000 | Train_Loss: 1.1589 | Time: 0.5612
Epoch 00003 | Val_Loss 1.0293 | Time(s) 0.4479
EarlyStopping counter: 2 out of 30
Epoch 00004, Step00000 | Train_Loss: 1.0173 | Time: 0.5736
Epoch 00004 | Val_Loss 1.1670 | Time(s) 0.4446
EarlyStopping counter: 3 out of 30
Epoch 00005, Step00000 | Train_Loss: 1.0933 | Time: 0.5727
Epoch 00005 | Val_Loss 0.7949 | Time(s) 0.4489
Validation loss decreased (0.995558 --> 0.794929).  Saving model ...
Epoch 00006, Step00000 | Train_Loss: 0.8315 | Time: 0.5552
Epoch 00006 | Val_Loss 0.9933 | Time(s) 0.4483
EarlyStopping counter: 1 out of 30
Epoch 00007, Step00000 | Train_Loss: 0.9875 | Time: 0.5462
Epoch 00007 | Val_Loss 0.6835 | Time(s) 0.4490
Validation loss decreased (0.794929 --> 0.683532).  Saving model ...
Epoch 00008, Step00000 | Train_Loss: 0.7697 | Time: 0.5510
Epoch 00008 | Val_Loss 0.9698 | Time(s) 0.4626
EarlyStopping counter: 1 out of 30
Epoch 00009, Step00000 | Train_Loss: 0.9513 | Time: 0.5510
Epoch 00009 | Val_Loss 0.9218 | Time(s) 0.4652
EarlyStopping counter: 2 out of 30
Epoch 00010, Step00000 | Train_Loss: 0.9029 | Time: 0.5534
Epoch 00010 | Val_Loss 0.6836 | Time(s) 0.4679
EarlyStopping counter: 3 out of 30
Epoch 00011, Step00000 | Train_Loss: 0.7417 | Time: 0.5497
Epoch 00011 | Val_Loss 0.8929 | Time(s) 0.3754
EarlyStopping counter: 4 out of 30
Epoch 00012, Step00000 | Train_Loss: 0.9072 | Time: 0.5451
Epoch 00012 | Val_Loss 1.0002 | Time(s) 0.4512
EarlyStopping counter: 5 out of 30
Epoch 00013, Step00000 | Train_Loss: 0.9723 | Time: 0.5690
Epoch 00013 | Val_Loss 0.7445 | Time(s) 0.4505
EarlyStopping counter: 6 out of 30
Epoch 00014, Step00000 | Train_Loss: 0.7397 | Time: 0.5627
Epoch 00014 | Val_Loss 0.7259 | Time(s) 0.4471
EarlyStopping counter: 7 out of 30
Epoch 00015, Step00000 | Train_Loss: 0.7243 | Time: 0.5599
Epoch 00015 | Val_Loss 0.9615 | Time(s) 0.4521
EarlyStopping counter: 8 out of 30
Epoch 00016, Step00000 | Train_Loss: 0.9337 | Time: 0.5735
Epoch 00016 | Val_Loss 1.0426 | Time(s) 0.4469
EarlyStopping counter: 9 out of 30
Epoch 00017, Step00000 | Train_Loss: 0.8646 | Time: 0.5682
Epoch 00017 | Val_Loss 0.7227 | Time(s) 0.4490
EarlyStopping counter: 10 out of 30
Epoch 00018, Step00000 | Train_Loss: 0.6479 | Time: 0.5595
Epoch 00018 | Val_Loss 0.9425 | Time(s) 0.4493
EarlyStopping counter: 11 out of 30
Epoch 00019, Step00000 | Train_Loss: 0.8129 | Time: 0.5603
Epoch 00019 | Val_Loss 0.9656 | Time(s) 0.4463
EarlyStopping counter: 12 out of 30
Epoch 00020, Step00000 | Train_Loss: 0.7329 | Time: 0.5567
Epoch 00020 | Val_Loss 0.8413 | Time(s) 0.4472
EarlyStopping counter: 13 out of 30
Epoch 00021, Step00000 | Train_Loss: 0.6130 | Time: 0.5507
Epoch 00021 | Val_Loss 1.0204 | Time(s) 0.4613
EarlyStopping counter: 14 out of 30
Epoch 00022, Step00000 | Train_Loss: 0.7010 | Time: 0.5478
Epoch 00022 | Val_Loss 0.9966 | Time(s) 0.4647
EarlyStopping counter: 15 out of 30
Epoch 00023, Step00000 | Train_Loss: 0.5870 | Time: 0.5488
Epoch 00023 | Val_Loss 1.1116 | Time(s) 0.4624
EarlyStopping counter: 16 out of 30
Epoch 00024, Step00000 | Train_Loss: 0.6147 | Time: 0.5447
Epoch 00024 | Val_Loss 1.0583 | Time(s) 0.4591
EarlyStopping counter: 17 out of 30
Epoch 00025, Step00000 | Train_Loss: 0.6041 | Time: 0.5437
Epoch 00025 | Val_Loss 1.0604 | Time(s) 0.4594
EarlyStopping counter: 18 out of 30
Epoch 00026, Step00000 | Train_Loss: 0.5573 | Time: 0.5509
Epoch 00026 | Val_Loss 1.1780 | Time(s) 0.4676
EarlyStopping counter: 19 out of 30
Epoch 00027, Step00000 | Train_Loss: 0.5962 | Time: 0.5451
Epoch 00027 | Val_Loss 1.0782 | Time(s) 0.4612
EarlyStopping counter: 20 out of 30
Epoch 00028, Step00000 | Train_Loss: 0.5520 | Time: 0.5496
Epoch 00028 | Val_Loss 1.0240 | Time(s) 0.4500
EarlyStopping counter: 21 out of 30
Epoch 00029, Step00000 | Train_Loss: 0.5333 | Time: 0.5668
Epoch 00029 | Val_Loss 1.0593 | Time(s) 0.3003
EarlyStopping counter: 22 out of 30
Epoch 00030, Step00000 | Train_Loss: 0.5803 | Time: 0.3950
Epoch 00030 | Val_Loss 0.9234 | Time(s) 0.2893
EarlyStopping counter: 23 out of 30
Epoch 00031, Step00000 | Train_Loss: 0.5388 | Time: 0.3941
Epoch 00031 | Val_Loss 0.9164 | Time(s) 0.2908
EarlyStopping counter: 24 out of 30
Epoch 00032, Step00000 | Train_Loss: 0.5267 | Time: 0.3914
Epoch 00032 | Val_Loss 0.9370 | Time(s) 0.2848
EarlyStopping counter: 25 out of 30
Epoch 00033, Step00000 | Train_Loss: 0.5347 | Time: 0.3928
Epoch 00033 | Val_Loss 0.9913 | Time(s) 0.2875
EarlyStopping counter: 26 out of 30
Epoch 00034, Step00000 | Train_Loss: 0.4970 | Time: 0.3903
Epoch 00034 | Val_Loss 1.1449 | Time(s) 0.2850
EarlyStopping counter: 27 out of 30
Epoch 00035, Step00000 | Train_Loss: 0.5083 | Time: 0.3843
Epoch 00035 | Val_Loss 1.1047 | Time(s) 0.2847
EarlyStopping counter: 28 out of 30
Epoch 00036, Step00000 | Train_Loss: 0.5026 | Time: 0.4014
Epoch 00036 | Val_Loss 0.9871 | Time(s) 0.2874
EarlyStopping counter: 29 out of 30
Epoch 00037, Step00000 | Train_Loss: 0.4975 | Time: 0.3895
Epoch 00037 | Val_Loss 1.0918 | Time(s) 0.3272
EarlyStopping counter: 30 out of 30
Early stopping!
Early stopping!
defaultdict(<class 'float'>, {'roc_auc': 0.5184698879551821, 'MRR': 0.7522759103641457})
defaultdict(<class 'float'>, {'roc_auc': 0.6038368055555555, 'MRR': 0.78125})
Completed: amazon_style_ccc_features_fold_1 (rep 2)

--------------------------------------
Running model: HGT
Dataset: amazon_style_ccc_features_fold_2
Repetition: 2
--------------------------------------
Loading nodes from amazon_style_ccc_features_fold_2/node.dat
/home/simonettos/homhetgnn/HGB/LP/benchmark/data/amazon_style_ccc_features_fold_2/node.dat
0 {}
1 {'0': 558}
2 {'0': 558, '1': 940}
node_count: {'0': 558, '1': 940, '2': 19264}
('2', '5', '1'): src_max=19263, dst_max=938
('1', '4', '1'): src_max=939, dst_max=939
('0', '0', '0'): src_max=557, dst_max=553
('0', '7', '0'): src_max=557, dst_max=557
('0', '3', '0'): src_max=557, dst_max=557
('1', '6', '0'): src_max=939, dst_max=557
('1', '2', '1'): src_max=938, dst_max=938
('1', '9', '1'): src_max=791, dst_max=812
('1', '8', '1'): src_max=939, dst_max=939
('1', '1', '1'): src_max=939, dst_max=928
('1', '10', '1'): src_max=795, dst_max=380
0 0
1 558
2 1498
6
Epoch 00000, Step00000 | Train_Loss: 1.2252 | Time: 0.9639
Epoch 00000 | Val_Loss 1.8100 | Time(s) 0.4221
Validation loss decreased (inf --> 1.810044).  Saving model ...
Epoch 00001, Step00000 | Train_Loss: 1.6007 | Time: 0.5114
Epoch 00001 | Val_Loss 1.1152 | Time(s) 0.4401
Validation loss decreased (1.810044 --> 1.115229).  Saving model ...
Epoch 00002, Step00000 | Train_Loss: 1.1448 | Time: 0.5559
Epoch 00002 | Val_Loss 1.1496 | Time(s) 0.4390
EarlyStopping counter: 1 out of 30
Epoch 00003, Step00000 | Train_Loss: 1.0952 | Time: 0.5485
Epoch 00003 | Val_Loss 1.0433 | Time(s) 0.4366
Validation loss decreased (1.115229 --> 1.043257).  Saving model ...
Epoch 00004, Step00000 | Train_Loss: 1.0244 | Time: 0.5630
Epoch 00004 | Val_Loss 1.2625 | Time(s) 0.4379
EarlyStopping counter: 1 out of 30
Epoch 00005, Step00000 | Train_Loss: 1.1549 | Time: 0.5553
Epoch 00005 | Val_Loss 0.7468 | Time(s) 0.4370
Validation loss decreased (1.043257 --> 0.746794).  Saving model ...
Epoch 00006, Step00000 | Train_Loss: 0.8248 | Time: 0.5557
Epoch 00006 | Val_Loss 1.2511 | Time(s) 0.4366
EarlyStopping counter: 1 out of 30
Epoch 00007, Step00000 | Train_Loss: 1.2129 | Time: 0.5522
Epoch 00007 | Val_Loss 0.6859 | Time(s) 0.4337
Validation loss decreased (0.746794 --> 0.685852).  Saving model ...
Epoch 00008, Step00000 | Train_Loss: 0.8160 | Time: 0.5591
Epoch 00008 | Val_Loss 0.9504 | Time(s) 0.4360
EarlyStopping counter: 1 out of 30
Epoch 00009, Step00000 | Train_Loss: 0.9147 | Time: 0.5580
Epoch 00009 | Val_Loss 0.9449 | Time(s) 0.4372
EarlyStopping counter: 2 out of 30
Epoch 00010, Step00000 | Train_Loss: 0.9139 | Time: 0.5510
Epoch 00010 | Val_Loss 0.6566 | Time(s) 0.4340
Validation loss decreased (0.685852 --> 0.656568).  Saving model ...
Epoch 00011, Step00000 | Train_Loss: 0.7432 | Time: 0.5531
Epoch 00011 | Val_Loss 0.7969 | Time(s) 0.4398
EarlyStopping counter: 1 out of 30
Epoch 00012, Step00000 | Train_Loss: 0.8043 | Time: 0.5552
Epoch 00012 | Val_Loss 1.1267 | Time(s) 0.4353
EarlyStopping counter: 2 out of 30
Epoch 00013, Step00000 | Train_Loss: 0.9689 | Time: 0.5649
Epoch 00013 | Val_Loss 0.9253 | Time(s) 0.4350
EarlyStopping counter: 3 out of 30
Epoch 00014, Step00000 | Train_Loss: 0.8830 | Time: 0.5564
Epoch 00014 | Val_Loss 0.7479 | Time(s) 0.4381
EarlyStopping counter: 4 out of 30
Epoch 00015, Step00000 | Train_Loss: 0.7146 | Time: 0.5548
Epoch 00015 | Val_Loss 0.7120 | Time(s) 0.4407
EarlyStopping counter: 5 out of 30
Epoch 00016, Step00000 | Train_Loss: 0.6855 | Time: 0.5627
Epoch 00016 | Val_Loss 0.7917 | Time(s) 0.4353
EarlyStopping counter: 6 out of 30
Epoch 00017, Step00000 | Train_Loss: 0.7601 | Time: 0.5561
Epoch 00017 | Val_Loss 0.9439 | Time(s) 0.4338
EarlyStopping counter: 7 out of 30
Epoch 00018, Step00000 | Train_Loss: 0.7320 | Time: 0.5580
Epoch 00018 | Val_Loss 0.7653 | Time(s) 0.4360
EarlyStopping counter: 8 out of 30
Epoch 00019, Step00000 | Train_Loss: 0.6374 | Time: 0.5543
Epoch 00019 | Val_Loss 0.8723 | Time(s) 0.4326
EarlyStopping counter: 9 out of 30
Epoch 00020, Step00000 | Train_Loss: 0.6476 | Time: 0.5602
Epoch 00020 | Val_Loss 0.9669 | Time(s) 0.3456
EarlyStopping counter: 10 out of 30
Epoch 00021, Step00000 | Train_Loss: 0.7103 | Time: 0.3986
Epoch 00021 | Val_Loss 0.8362 | Time(s) 0.2881
EarlyStopping counter: 11 out of 30
Epoch 00022, Step00000 | Train_Loss: 0.7037 | Time: 0.3851
Epoch 00022 | Val_Loss 0.8334 | Time(s) 0.2832
EarlyStopping counter: 12 out of 30
Epoch 00023, Step00000 | Train_Loss: 0.6075 | Time: 0.3934
Epoch 00023 | Val_Loss 0.8826 | Time(s) 0.2815
EarlyStopping counter: 13 out of 30
Epoch 00024, Step00000 | Train_Loss: 0.6484 | Time: 0.3838
Epoch 00024 | Val_Loss 0.9124 | Time(s) 0.2837
EarlyStopping counter: 14 out of 30
Epoch 00025, Step00000 | Train_Loss: 0.7743 | Time: 0.3812
Epoch 00025 | Val_Loss 0.8149 | Time(s) 0.2806
EarlyStopping counter: 15 out of 30
Epoch 00026, Step00000 | Train_Loss: 0.5760 | Time: 0.3934
Epoch 00026 | Val_Loss 0.9450 | Time(s) 0.2814
EarlyStopping counter: 16 out of 30
Epoch 00027, Step00000 | Train_Loss: 0.6386 | Time: 0.3864
Epoch 00027 | Val_Loss 0.8640 | Time(s) 0.2825
EarlyStopping counter: 17 out of 30
Epoch 00028, Step00000 | Train_Loss: 0.6349 | Time: 0.3889
Epoch 00028 | Val_Loss 0.8774 | Time(s) 0.2857
EarlyStopping counter: 18 out of 30
Epoch 00029, Step00000 | Train_Loss: 0.5480 | Time: 0.4886
Epoch 00029 | Val_Loss 0.8641 | Time(s) 0.4052
EarlyStopping counter: 19 out of 30
Epoch 00030, Step00000 | Train_Loss: 0.5998 | Time: 0.4304
Epoch 00030 | Val_Loss 0.7486 | Time(s) 0.2851
EarlyStopping counter: 20 out of 30
Epoch 00031, Step00000 | Train_Loss: 0.5389 | Time: 0.3929
Epoch 00031 | Val_Loss 0.7689 | Time(s) 0.2933
EarlyStopping counter: 21 out of 30
Epoch 00032, Step00000 | Train_Loss: 0.5496 | Time: 0.3874
Epoch 00032 | Val_Loss 0.7659 | Time(s) 0.2792
EarlyStopping counter: 22 out of 30
Epoch 00033, Step00000 | Train_Loss: 0.5051 | Time: 0.3906
Epoch 00033 | Val_Loss 0.8073 | Time(s) 0.2849
EarlyStopping counter: 23 out of 30
Epoch 00034, Step00000 | Train_Loss: 0.5220 | Time: 0.3873
Epoch 00034 | Val_Loss 0.7935 | Time(s) 0.2842
EarlyStopping counter: 24 out of 30
Epoch 00035, Step00000 | Train_Loss: 0.4896 | Time: 0.3894
Epoch 00035 | Val_Loss 0.7589 | Time(s) 0.2835
EarlyStopping counter: 25 out of 30
Epoch 00036, Step00000 | Train_Loss: 0.4939 | Time: 0.3935
Epoch 00036 | Val_Loss 0.7631 | Time(s) 0.2850
EarlyStopping counter: 26 out of 30
Epoch 00037, Step00000 | Train_Loss: 0.4846 | Time: 0.4008
Epoch 00037 | Val_Loss 0.8734 | Time(s) 0.2841
EarlyStopping counter: 27 out of 30
Epoch 00038, Step00000 | Train_Loss: 0.4987 | Time: 0.3919
Epoch 00038 | Val_Loss 0.8858 | Time(s) 0.3495
EarlyStopping counter: 28 out of 30
Epoch 00039, Step00000 | Train_Loss: 0.4640 | Time: 0.4821
Epoch 00039 | Val_Loss 0.9043 | Time(s) 0.4174
EarlyStopping counter: 29 out of 30
Epoch 00040, Step00000 | Train_Loss: 0.4811 | Time: 0.5181
Epoch 00040 | Val_Loss 0.9171 | Time(s) 0.4548
EarlyStopping counter: 30 out of 30
Early stopping!
Early stopping!
defaultdict(<class 'float'>, {'roc_auc': 0.5040806451612903, 'MRR': 0.7441291585127201})
defaultdict(<class 'float'>, {'roc_auc': 0.621488, 'MRR': 0.7775114155251143})
Completed: amazon_style_ccc_features_fold_2 (rep 2)

--------------------------------------
Running model: HGT
Dataset: amazon_style_ccc_features_fold_3
Repetition: 2
--------------------------------------
Loading nodes from amazon_style_ccc_features_fold_3/node.dat
/home/simonettos/homhetgnn/HGB/LP/benchmark/data/amazon_style_ccc_features_fold_3/node.dat
0 {}
1 {'0': 558}
2 {'0': 558, '1': 940}
node_count: {'0': 558, '1': 940, '2': 19264}
('2', '5', '1'): src_max=19263, dst_max=938
('1', '4', '1'): src_max=939, dst_max=939
('0', '0', '0'): src_max=557, dst_max=553
('0', '7', '0'): src_max=557, dst_max=557
('0', '3', '0'): src_max=557, dst_max=557
('1', '6', '0'): src_max=939, dst_max=557
('1', '2', '1'): src_max=938, dst_max=938
('1', '9', '1'): src_max=791, dst_max=812
('1', '8', '1'): src_max=939, dst_max=939
('1', '1', '1'): src_max=939, dst_max=928
('1', '10', '1'): src_max=795, dst_max=380
0 0
1 558
2 1498
6
Epoch 00000, Step00000 | Train_Loss: 1.0438 | Time: 0.8767
Epoch 00000 | Val_Loss 1.9314 | Time(s) 0.2837
Validation loss decreased (inf --> 1.931438).  Saving model ...
Epoch 00001, Step00000 | Train_Loss: 1.6544 | Time: 0.3952
Epoch 00001 | Val_Loss 0.8258 | Time(s) 0.2876
Validation loss decreased (1.931438 --> 0.825768).  Saving model ...
Epoch 00002, Step00000 | Train_Loss: 0.9587 | Time: 0.3891
Epoch 00002 | Val_Loss 1.4260 | Time(s) 0.2845
EarlyStopping counter: 1 out of 30
Epoch 00003, Step00000 | Train_Loss: 1.3083 | Time: 0.3842
Epoch 00003 | Val_Loss 0.8250 | Time(s) 0.2823
Validation loss decreased (0.825768 --> 0.825041).  Saving model ...
Epoch 00004, Step00000 | Train_Loss: 0.9254 | Time: 0.3894
Epoch 00004 | Val_Loss 0.9297 | Time(s) 0.2848
EarlyStopping counter: 1 out of 30
Epoch 00005, Step00000 | Train_Loss: 0.9710 | Time: 0.3892
Epoch 00005 | Val_Loss 1.1246 | Time(s) 0.2849
EarlyStopping counter: 2 out of 30
Epoch 00006, Step00000 | Train_Loss: 1.0458 | Time: 0.3969
Epoch 00006 | Val_Loss 0.6840 | Time(s) 0.2861
Validation loss decreased (0.825041 --> 0.684011).  Saving model ...
Epoch 00007, Step00000 | Train_Loss: 0.7592 | Time: 0.4007
Epoch 00007 | Val_Loss 0.9868 | Time(s) 0.2852
EarlyStopping counter: 1 out of 30
Epoch 00008, Step00000 | Train_Loss: 0.9461 | Time: 0.4852
Epoch 00008 | Val_Loss 1.0014 | Time(s) 0.4092
EarlyStopping counter: 2 out of 30
Epoch 00009, Step00000 | Train_Loss: 0.9382 | Time: 0.4412
Epoch 00009 | Val_Loss 0.6920 | Time(s) 0.2848
EarlyStopping counter: 3 out of 30
Epoch 00010, Step00000 | Train_Loss: 0.7529 | Time: 0.3891
Epoch 00010 | Val_Loss 0.8341 | Time(s) 0.2876
EarlyStopping counter: 4 out of 30
Epoch 00011, Step00000 | Train_Loss: 0.8215 | Time: 0.4044
Epoch 00011 | Val_Loss 1.1115 | Time(s) 0.2839
EarlyStopping counter: 5 out of 30
Epoch 00012, Step00000 | Train_Loss: 1.0058 | Time: 0.4016
Epoch 00012 | Val_Loss 0.9815 | Time(s) 0.2853
EarlyStopping counter: 6 out of 30
Epoch 00013, Step00000 | Train_Loss: 0.8629 | Time: 0.3989
Epoch 00013 | Val_Loss 0.7606 | Time(s) 0.2880
EarlyStopping counter: 7 out of 30
Epoch 00014, Step00000 | Train_Loss: 0.7595 | Time: 0.3948
Epoch 00014 | Val_Loss 0.7537 | Time(s) 0.2875
EarlyStopping counter: 8 out of 30
Epoch 00015, Step00000 | Train_Loss: 0.6843 | Time: 0.4037
Epoch 00015 | Val_Loss 0.8281 | Time(s) 0.2909
EarlyStopping counter: 9 out of 30
Epoch 00016, Step00000 | Train_Loss: 0.6683 | Time: 0.3974
Epoch 00016 | Val_Loss 0.9220 | Time(s) 0.2939
EarlyStopping counter: 10 out of 30
Epoch 00017, Step00000 | Train_Loss: 0.6967 | Time: 0.4749
Epoch 00017 | Val_Loss 1.1806 | Time(s) 0.4139
EarlyStopping counter: 11 out of 30
Epoch 00018, Step00000 | Train_Loss: 0.7892 | Time: 0.5260
Epoch 00018 | Val_Loss 1.2146 | Time(s) 0.4331
EarlyStopping counter: 12 out of 30
Epoch 00019, Step00000 | Train_Loss: 0.8800 | Time: 0.5613
Epoch 00019 | Val_Loss 1.0709 | Time(s) 0.4249
EarlyStopping counter: 13 out of 30
Epoch 00020, Step00000 | Train_Loss: 0.6698 | Time: 0.5692
Epoch 00020 | Val_Loss 0.9607 | Time(s) 0.4457
EarlyStopping counter: 14 out of 30
Epoch 00021, Step00000 | Train_Loss: 0.6178 | Time: 0.5617
Epoch 00021 | Val_Loss 0.9816 | Time(s) 0.4436
EarlyStopping counter: 15 out of 30
Epoch 00022, Step00000 | Train_Loss: 0.7181 | Time: 0.5669
Epoch 00022 | Val_Loss 1.0081 | Time(s) 0.4408
EarlyStopping counter: 16 out of 30
Epoch 00023, Step00000 | Train_Loss: 0.6145 | Time: 0.5513
Epoch 00023 | Val_Loss 1.0405 | Time(s) 0.4442
EarlyStopping counter: 17 out of 30
Epoch 00024, Step00000 | Train_Loss: 0.6232 | Time: 0.5250
Epoch 00024 | Val_Loss 1.1598 | Time(s) 0.4596
EarlyStopping counter: 18 out of 30
Epoch 00025, Step00000 | Train_Loss: 0.6443 | Time: 0.5470
Epoch 00025 | Val_Loss 1.1045 | Time(s) 0.4603
EarlyStopping counter: 19 out of 30
Epoch 00026, Step00000 | Train_Loss: 0.5580 | Time: 0.5461
Epoch 00026 | Val_Loss 1.2761 | Time(s) 0.4618
EarlyStopping counter: 20 out of 30
Epoch 00027, Step00000 | Train_Loss: 0.6509 | Time: 0.5386
Epoch 00027 | Val_Loss 1.0754 | Time(s) 0.4603
EarlyStopping counter: 21 out of 30
Epoch 00028, Step00000 | Train_Loss: 0.6101 | Time: 0.5397
Epoch 00028 | Val_Loss 1.0676 | Time(s) 0.4500
EarlyStopping counter: 22 out of 30
Epoch 00029, Step00000 | Train_Loss: 0.5509 | Time: 0.5503
Epoch 00029 | Val_Loss 1.1742 | Time(s) 0.4365
EarlyStopping counter: 23 out of 30
Epoch 00030, Step00000 | Train_Loss: 0.5598 | Time: 0.5570
Epoch 00030 | Val_Loss 1.0473 | Time(s) 0.4435
EarlyStopping counter: 24 out of 30
Epoch 00031, Step00000 | Train_Loss: 0.5315 | Time: 0.5542
Epoch 00031 | Val_Loss 1.1239 | Time(s) 0.4316
EarlyStopping counter: 25 out of 30
Epoch 00032, Step00000 | Train_Loss: 0.5381 | Time: 0.5573
Epoch 00032 | Val_Loss 1.0594 | Time(s) 0.4425
EarlyStopping counter: 26 out of 30
Epoch 00033, Step00000 | Train_Loss: 0.5170 | Time: 0.5623
Epoch 00033 | Val_Loss 0.9823 | Time(s) 0.4421
EarlyStopping counter: 27 out of 30
Epoch 00034, Step00000 | Train_Loss: 0.5061 | Time: 0.5463
Epoch 00034 | Val_Loss 1.0813 | Time(s) 0.4422
EarlyStopping counter: 28 out of 30
Epoch 00035, Step00000 | Train_Loss: 0.4965 | Time: 0.5413
Epoch 00035 | Val_Loss 1.0763 | Time(s) 0.4581
EarlyStopping counter: 29 out of 30
Epoch 00036, Step00000 | Train_Loss: 0.4958 | Time: 0.5421
Epoch 00036 | Val_Loss 1.1242 | Time(s) 0.4610
EarlyStopping counter: 30 out of 30
Early stopping!
Early stopping!
defaultdict(<class 'float'>, {'roc_auc': 0.5652469487130841, 'MRR': 0.7815656565656565})
defaultdict(<class 'float'>, {'roc_auc': 0.6382590073066263, 'MRR': 0.8137626262626263})
Completed: amazon_style_ccc_features_fold_3 (rep 2)

--------------------------------------
Running model: HGT
Dataset: amazon_style_ccc_features_fold_4
Repetition: 2
--------------------------------------
Loading nodes from amazon_style_ccc_features_fold_4/node.dat
/home/simonettos/homhetgnn/HGB/LP/benchmark/data/amazon_style_ccc_features_fold_4/node.dat
0 {}
1 {'0': 558}
2 {'0': 558, '1': 940}
node_count: {'0': 558, '1': 940, '2': 19264}
('2', '5', '1'): src_max=19263, dst_max=938
('1', '4', '1'): src_max=939, dst_max=939
('0', '0', '0'): src_max=557, dst_max=553
('0', '7', '0'): src_max=557, dst_max=557
('0', '3', '0'): src_max=557, dst_max=557
('1', '6', '0'): src_max=939, dst_max=557
('1', '2', '1'): src_max=938, dst_max=938
('1', '9', '1'): src_max=791, dst_max=812
('1', '8', '1'): src_max=939, dst_max=939
('1', '1', '1'): src_max=939, dst_max=928
('1', '10', '1'): src_max=795, dst_max=380
0 0
1 558
2 1498
6
Epoch 00000, Step00000 | Train_Loss: 0.9934 | Time: 1.0256
Epoch 00000 | Val_Loss 2.5856 | Time(s) 0.2833
Validation loss decreased (inf --> 2.585604).  Saving model ...
Epoch 00001, Step00000 | Train_Loss: 2.1605 | Time: 0.3870
Epoch 00001 | Val_Loss 0.8084 | Time(s) 0.2832
Validation loss decreased (2.585604 --> 0.808439).  Saving model ...
Epoch 00002, Step00000 | Train_Loss: 0.8874 | Time: 0.3843
Epoch 00002 | Val_Loss 2.2553 | Time(s) 0.2825
EarlyStopping counter: 1 out of 30
Epoch 00003, Step00000 | Train_Loss: 1.8395 | Time: 0.3889
Epoch 00003 | Val_Loss 1.3606 | Time(s) 0.2825
EarlyStopping counter: 2 out of 30
Epoch 00004, Step00000 | Train_Loss: 1.2537 | Time: 0.3919
Epoch 00004 | Val_Loss 1.4241 | Time(s) 0.2856
EarlyStopping counter: 3 out of 30
Epoch 00005, Step00000 | Train_Loss: 1.2787 | Time: 0.3872
Epoch 00005 | Val_Loss 1.0250 | Time(s) 0.2832
EarlyStopping counter: 4 out of 30
Epoch 00006, Step00000 | Train_Loss: 1.0347 | Time: 0.3994
Epoch 00006 | Val_Loss 1.2856 | Time(s) 0.2835
EarlyStopping counter: 5 out of 30
Epoch 00007, Step00000 | Train_Loss: 1.1766 | Time: 0.4045
Epoch 00007 | Val_Loss 0.8077 | Time(s) 0.2972
Validation loss decreased (0.808439 --> 0.807720).  Saving model ...
Epoch 00008, Step00000 | Train_Loss: 0.8806 | Time: 0.4970
Epoch 00008 | Val_Loss 1.6071 | Time(s) 0.4172
EarlyStopping counter: 1 out of 30
Epoch 00009, Step00000 | Train_Loss: 1.4169 | Time: 0.4641
Epoch 00009 | Val_Loss 0.7003 | Time(s) 0.2891
Validation loss decreased (0.807720 --> 0.700307).  Saving model ...
Epoch 00010, Step00000 | Train_Loss: 0.7999 | Time: 0.3982
Epoch 00010 | Val_Loss 1.4855 | Time(s) 0.2923
EarlyStopping counter: 1 out of 30
Epoch 00011, Step00000 | Train_Loss: 1.2774 | Time: 0.3911
Epoch 00011 | Val_Loss 0.7541 | Time(s) 0.2830
EarlyStopping counter: 2 out of 30
Epoch 00012, Step00000 | Train_Loss: 0.8020 | Time: 0.3981
Epoch 00012 | Val_Loss 1.0017 | Time(s) 0.2829
EarlyStopping counter: 3 out of 30
Epoch 00013, Step00000 | Train_Loss: 0.9639 | Time: 0.3843
Epoch 00013 | Val_Loss 1.0860 | Time(s) 0.2879
EarlyStopping counter: 4 out of 30
Epoch 00014, Step00000 | Train_Loss: 1.0148 | Time: 0.3943
Epoch 00014 | Val_Loss 0.6612 | Time(s) 0.2853
Validation loss decreased (0.700307 --> 0.661233).  Saving model ...
Epoch 00015, Step00000 | Train_Loss: 0.7499 | Time: 0.3953
Epoch 00015 | Val_Loss 0.9469 | Time(s) 0.2975
EarlyStopping counter: 1 out of 30
Epoch 00016, Step00000 | Train_Loss: 0.9092 | Time: 0.3947
Epoch 00016 | Val_Loss 0.7557 | Time(s) 0.2919
EarlyStopping counter: 2 out of 30
Epoch 00017, Step00000 | Train_Loss: 0.7414 | Time: 0.4050
Epoch 00017 | Val_Loss 0.7522 | Time(s) 0.4297
EarlyStopping counter: 3 out of 30
Epoch 00018, Step00000 | Train_Loss: 0.7283 | Time: 0.4905
Epoch 00018 | Val_Loss 0.7680 | Time(s) 0.4233
EarlyStopping counter: 4 out of 30
Epoch 00019, Step00000 | Train_Loss: 0.7182 | Time: 0.5552
Epoch 00019 | Val_Loss 0.6953 | Time(s) 0.4247
EarlyStopping counter: 5 out of 30
Epoch 00020, Step00000 | Train_Loss: 0.6458 | Time: 0.5561
Epoch 00020 | Val_Loss 0.8804 | Time(s) 0.4316
EarlyStopping counter: 6 out of 30
Epoch 00021, Step00000 | Train_Loss: 0.6863 | Time: 0.5462
Epoch 00021 | Val_Loss 0.9469 | Time(s) 0.4464
EarlyStopping counter: 7 out of 30
Epoch 00022, Step00000 | Train_Loss: 0.6944 | Time: 0.5390
Epoch 00022 | Val_Loss 0.8096 | Time(s) 0.4532
EarlyStopping counter: 8 out of 30
Epoch 00023, Step00000 | Train_Loss: 0.6178 | Time: 0.5393
Epoch 00023 | Val_Loss 0.8595 | Time(s) 0.4578
EarlyStopping counter: 9 out of 30
Epoch 00024, Step00000 | Train_Loss: 0.6328 | Time: 0.5418
Epoch 00024 | Val_Loss 0.9697 | Time(s) 0.4531
EarlyStopping counter: 10 out of 30
Epoch 00025, Step00000 | Train_Loss: 0.6662 | Time: 0.5248
Epoch 00025 | Val_Loss 0.9126 | Time(s) 0.4590
EarlyStopping counter: 11 out of 30
Epoch 00026, Step00000 | Train_Loss: 0.6308 | Time: 0.5372
Epoch 00026 | Val_Loss 0.9026 | Time(s) 0.4532
EarlyStopping counter: 12 out of 30
Epoch 00027, Step00000 | Train_Loss: 0.5736 | Time: 0.5339
Epoch 00027 | Val_Loss 0.9106 | Time(s) 0.4589
EarlyStopping counter: 13 out of 30
Epoch 00028, Step00000 | Train_Loss: 0.5944 | Time: 0.5407
Epoch 00028 | Val_Loss 0.9281 | Time(s) 0.4568
EarlyStopping counter: 14 out of 30
Epoch 00029, Step00000 | Train_Loss: 0.5675 | Time: 0.5444
Epoch 00029 | Val_Loss 0.8895 | Time(s) 0.4512
EarlyStopping counter: 15 out of 30
Epoch 00030, Step00000 | Train_Loss: 0.5509 | Time: 0.5471
Epoch 00030 | Val_Loss 0.9427 | Time(s) 0.4492
EarlyStopping counter: 16 out of 30
Epoch 00031, Step00000 | Train_Loss: 0.5442 | Time: 0.5403
Epoch 00031 | Val_Loss 0.9139 | Time(s) 0.4306
EarlyStopping counter: 17 out of 30
Epoch 00032, Step00000 | Train_Loss: 0.5479 | Time: 0.5641
Epoch 00032 | Val_Loss 0.9125 | Time(s) 0.4437
EarlyStopping counter: 18 out of 30
Epoch 00033, Step00000 | Train_Loss: 0.5111 | Time: 0.5587
Epoch 00033 | Val_Loss 0.8948 | Time(s) 0.4374
EarlyStopping counter: 19 out of 30
Epoch 00034, Step00000 | Train_Loss: 0.5352 | Time: 0.5551
Epoch 00034 | Val_Loss 0.8415 | Time(s) 0.4382
EarlyStopping counter: 20 out of 30
Epoch 00035, Step00000 | Train_Loss: 0.5417 | Time: 0.5574
Epoch 00035 | Val_Loss 0.8722 | Time(s) 0.4370
EarlyStopping counter: 21 out of 30
Epoch 00036, Step00000 | Train_Loss: 0.5003 | Time: 0.5613
Epoch 00036 | Val_Loss 0.9895 | Time(s) 0.4386
EarlyStopping counter: 22 out of 30
Epoch 00037, Step00000 | Train_Loss: 0.5007 | Time: 0.5627
Epoch 00037 | Val_Loss 0.9722 | Time(s) 0.4413
EarlyStopping counter: 23 out of 30
Epoch 00038, Step00000 | Train_Loss: 0.5022 | Time: 0.5543
Epoch 00038 | Val_Loss 0.8818 | Time(s) 0.4408
EarlyStopping counter: 24 out of 30
Epoch 00039, Step00000 | Train_Loss: 0.4901 | Time: 0.5554
Epoch 00039 | Val_Loss 1.0353 | Time(s) 0.4390
EarlyStopping counter: 25 out of 30
Epoch 00040, Step00000 | Train_Loss: 0.5053 | Time: 0.4724
Epoch 00040 | Val_Loss 1.0875 | Time(s) 0.4565
EarlyStopping counter: 26 out of 30
Epoch 00041, Step00000 | Train_Loss: 0.4766 | Time: 0.5446
Epoch 00041 | Val_Loss 1.0179 | Time(s) 0.4588
EarlyStopping counter: 27 out of 30
Epoch 00042, Step00000 | Train_Loss: 0.4586 | Time: 0.5343
Epoch 00042 | Val_Loss 1.0017 | Time(s) 0.4502
EarlyStopping counter: 28 out of 30
Epoch 00043, Step00000 | Train_Loss: 0.4553 | Time: 0.5359
Epoch 00043 | Val_Loss 0.9944 | Time(s) 0.4554
EarlyStopping counter: 29 out of 30
Epoch 00044, Step00000 | Train_Loss: 0.4603 | Time: 0.5356
Epoch 00044 | Val_Loss 1.0572 | Time(s) 0.4491
EarlyStopping counter: 30 out of 30
Early stopping!
Early stopping!
defaultdict(<class 'float'>, {'roc_auc': 0.5394662785055798, 'MRR': 0.767156862745098})
defaultdict(<class 'float'>, {'roc_auc': 0.6499494670200797, 'MRR': 0.8082107843137254})
Completed: amazon_style_ccc_features_fold_4 (rep 2)

--------------------------------------
Running model: HGT
Dataset: amazon_style_ccc_features_fold_5
Repetition: 2
--------------------------------------
Loading nodes from amazon_style_ccc_features_fold_5/node.dat
/home/simonettos/homhetgnn/HGB/LP/benchmark/data/amazon_style_ccc_features_fold_5/node.dat
0 {}
1 {'0': 558}
2 {'0': 558, '1': 940}
node_count: {'0': 558, '1': 940, '2': 19264}
('2', '5', '1'): src_max=19263, dst_max=938
('1', '4', '1'): src_max=939, dst_max=939
('0', '0', '0'): src_max=557, dst_max=553
('0', '7', '0'): src_max=557, dst_max=557
('0', '3', '0'): src_max=557, dst_max=557
('1', '6', '0'): src_max=939, dst_max=557
('1', '2', '1'): src_max=938, dst_max=938
('1', '9', '1'): src_max=791, dst_max=812
('1', '8', '1'): src_max=939, dst_max=939
('1', '1', '1'): src_max=939, dst_max=928
('1', '10', '1'): src_max=795, dst_max=380
0 0
1 558
2 1498
6
Epoch 00000, Step00000 | Train_Loss: 1.0600 | Time: 0.9418
Epoch 00000 | Val_Loss 1.1816 | Time(s) 0.4608
Validation loss decreased (inf --> 1.181616).  Saving model ...
Epoch 00001, Step00000 | Train_Loss: 1.1512 | Time: 0.5361
Epoch 00001 | Val_Loss 1.3389 | Time(s) 0.4661
EarlyStopping counter: 1 out of 30
Epoch 00002, Step00000 | Train_Loss: 1.2589 | Time: 0.5432
Epoch 00002 | Val_Loss 0.7577 | Time(s) 0.4631
Validation loss decreased (1.181616 --> 0.757710).  Saving model ...
Epoch 00003, Step00000 | Train_Loss: 0.8991 | Time: 0.5436
Epoch 00003 | Val_Loss 1.2834 | Time(s) 0.4664
EarlyStopping counter: 1 out of 30
Epoch 00004, Step00000 | Train_Loss: 1.1870 | Time: 0.5385
Epoch 00004 | Val_Loss 0.7909 | Time(s) 0.4641
EarlyStopping counter: 2 out of 30
Epoch 00005, Step00000 | Train_Loss: 0.8465 | Time: 0.5411
Epoch 00005 | Val_Loss 0.8213 | Time(s) 0.4600
EarlyStopping counter: 3 out of 30
Epoch 00006, Step00000 | Train_Loss: 0.8541 | Time: 0.5423
Epoch 00006 | Val_Loss 1.1566 | Time(s) 0.4634
EarlyStopping counter: 4 out of 30
Epoch 00007, Step00000 | Train_Loss: 1.0470 | Time: 0.5500
Epoch 00007 | Val_Loss 0.7360 | Time(s) 0.4610
Validation loss decreased (0.757710 --> 0.735988).  Saving model ...
Epoch 00008, Step00000 | Train_Loss: 0.7892 | Time: 0.5435
Epoch 00008 | Val_Loss 0.7220 | Time(s) 0.4521
Validation loss decreased (0.735988 --> 0.722010).  Saving model ...
Epoch 00009, Step00000 | Train_Loss: 0.7800 | Time: 0.5501
Epoch 00009 | Val_Loss 1.0512 | Time(s) 0.4403
EarlyStopping counter: 1 out of 30
Epoch 00010, Step00000 | Train_Loss: 0.9608 | Time: 0.5670
Epoch 00010 | Val_Loss 0.9774 | Time(s) 0.4462
EarlyStopping counter: 2 out of 30
Epoch 00011, Step00000 | Train_Loss: 0.9642 | Time: 0.5626
Epoch 00011 | Val_Loss 0.8914 | Time(s) 0.4428
EarlyStopping counter: 3 out of 30
Epoch 00012, Step00000 | Train_Loss: 0.8495 | Time: 0.5625
Epoch 00012 | Val_Loss 0.6898 | Time(s) 0.4449
Validation loss decreased (0.722010 --> 0.689811).  Saving model ...
Epoch 00013, Step00000 | Train_Loss: 0.7211 | Time: 0.5621
Epoch 00013 | Val_Loss 0.6536 | Time(s) 0.4448
Validation loss decreased (0.689811 --> 0.653571).  Saving model ...
Epoch 00014, Step00000 | Train_Loss: 0.6845 | Time: 0.5659
Epoch 00014 | Val_Loss 0.7910 | Time(s) 0.4423
EarlyStopping counter: 1 out of 30
Epoch 00015, Step00000 | Train_Loss: 0.6909 | Time: 0.5681
Epoch 00015 | Val_Loss 0.7767 | Time(s) 0.4458
EarlyStopping counter: 2 out of 30
Epoch 00016, Step00000 | Train_Loss: 0.7265 | Time: 0.5609
Epoch 00016 | Val_Loss 0.9760 | Time(s) 0.4396
EarlyStopping counter: 3 out of 30
Epoch 00017, Step00000 | Train_Loss: 0.7496 | Time: 0.5587
Epoch 00017 | Val_Loss 0.9162 | Time(s) 0.4458
EarlyStopping counter: 4 out of 30
Epoch 00018, Step00000 | Train_Loss: 0.7757 | Time: 0.5636
Epoch 00018 | Val_Loss 0.8405 | Time(s) 0.4477
EarlyStopping counter: 5 out of 30
Epoch 00019, Step00000 | Train_Loss: 0.6403 | Time: 0.5623
Epoch 00019 | Val_Loss 0.7518 | Time(s) 0.4476
EarlyStopping counter: 6 out of 30
Epoch 00020, Step00000 | Train_Loss: 0.5767 | Time: 0.5595
Epoch 00020 | Val_Loss 0.7993 | Time(s) 0.4422
EarlyStopping counter: 7 out of 30
Epoch 00021, Step00000 | Train_Loss: 0.6321 | Time: 0.4883
Epoch 00021 | Val_Loss 0.8597 | Time(s) 0.4660
EarlyStopping counter: 8 out of 30
Epoch 00022, Step00000 | Train_Loss: 0.5686 | Time: 0.5464
Epoch 00022 | Val_Loss 0.7905 | Time(s) 0.4590
EarlyStopping counter: 9 out of 30
Epoch 00023, Step00000 | Train_Loss: 0.5390 | Time: 0.5435
Epoch 00023 | Val_Loss 0.9781 | Time(s) 0.4489
EarlyStopping counter: 10 out of 30
Epoch 00024, Step00000 | Train_Loss: 0.5820 | Time: 0.5382
Epoch 00024 | Val_Loss 1.0208 | Time(s) 0.4572
EarlyStopping counter: 11 out of 30
Epoch 00025, Step00000 | Train_Loss: 0.5775 | Time: 0.5393
Epoch 00025 | Val_Loss 0.8792 | Time(s) 0.4573
EarlyStopping counter: 12 out of 30
Epoch 00026, Step00000 | Train_Loss: 0.5199 | Time: 0.5457
Epoch 00026 | Val_Loss 0.9689 | Time(s) 0.4653
EarlyStopping counter: 13 out of 30
Epoch 00027, Step00000 | Train_Loss: 0.5310 | Time: 0.5425
Epoch 00027 | Val_Loss 0.9497 | Time(s) 0.4572
EarlyStopping counter: 14 out of 30
Epoch 00028, Step00000 | Train_Loss: 0.5052 | Time: 0.5384
Epoch 00028 | Val_Loss 0.9877 | Time(s) 0.4589
EarlyStopping counter: 15 out of 30
Epoch 00029, Step00000 | Train_Loss: 0.4632 | Time: 0.5420
Epoch 00029 | Val_Loss 1.0241 | Time(s) 0.4392
EarlyStopping counter: 16 out of 30
Epoch 00030, Step00000 | Train_Loss: 0.5050 | Time: 0.5598
Epoch 00030 | Val_Loss 0.9696 | Time(s) 0.4394
EarlyStopping counter: 17 out of 30
Epoch 00031, Step00000 | Train_Loss: 0.4774 | Time: 0.5615
Epoch 00031 | Val_Loss 0.9664 | Time(s) 0.3065
EarlyStopping counter: 18 out of 30
Epoch 00032, Step00000 | Train_Loss: 0.4627 | Time: 0.3981
Epoch 00032 | Val_Loss 1.0502 | Time(s) 0.2881
EarlyStopping counter: 19 out of 30
Epoch 00033, Step00000 | Train_Loss: 0.4605 | Time: 0.3910
Epoch 00033 | Val_Loss 1.0284 | Time(s) 0.2859
EarlyStopping counter: 20 out of 30
Epoch 00034, Step00000 | Train_Loss: 0.4433 | Time: 0.3854
Epoch 00034 | Val_Loss 0.9721 | Time(s) 0.2857
EarlyStopping counter: 21 out of 30
Epoch 00035, Step00000 | Train_Loss: 0.4467 | Time: 0.3886
Epoch 00035 | Val_Loss 1.0561 | Time(s) 0.2870
EarlyStopping counter: 22 out of 30
Epoch 00036, Step00000 | Train_Loss: 0.4412 | Time: 0.3892
Epoch 00036 | Val_Loss 0.9730 | Time(s) 0.2856
EarlyStopping counter: 23 out of 30
Epoch 00037, Step00000 | Train_Loss: 0.3983 | Time: 0.3884
Epoch 00037 | Val_Loss 1.0148 | Time(s) 0.2849
EarlyStopping counter: 24 out of 30
Epoch 00038, Step00000 | Train_Loss: 0.4254 | Time: 0.3992
Epoch 00038 | Val_Loss 0.8989 | Time(s) 0.2865
EarlyStopping counter: 25 out of 30
Epoch 00039, Step00000 | Train_Loss: 0.3960 | Time: 0.3941
Epoch 00039 | Val_Loss 0.9948 | Time(s) 0.3056
EarlyStopping counter: 26 out of 30
Epoch 00040, Step00000 | Train_Loss: 0.3895 | Time: 0.5270
Epoch 00040 | Val_Loss 1.0382 | Time(s) 0.4233
EarlyStopping counter: 27 out of 30
Epoch 00041, Step00000 | Train_Loss: 0.3664 | Time: 0.3936
Epoch 00041 | Val_Loss 1.1885 | Time(s) 0.2881
EarlyStopping counter: 28 out of 30
Epoch 00042, Step00000 | Train_Loss: 0.3656 | Time: 0.4054
Epoch 00042 | Val_Loss 1.2041 | Time(s) 0.2876
EarlyStopping counter: 29 out of 30
Epoch 00043, Step00000 | Train_Loss: 0.3476 | Time: 0.3898
Epoch 00043 | Val_Loss 1.1313 | Time(s) 0.2836
EarlyStopping counter: 30 out of 30
Early stopping!
Early stopping!
defaultdict(<class 'float'>, {'roc_auc': 0.49513116225507625, 'MRR': 0.7567401960784313})
defaultdict(<class 'float'>, {'roc_auc': 0.6629070771731953, 'MRR': 0.7990196078431372})
Completed: amazon_style_ccc_features_fold_5 (rep 2)

=== Repetition 3/6 ===
--------------------------------------
Running model: HGT
Dataset: amazon_style_ccc_features_fold_1
Repetition: 3
--------------------------------------
Loading nodes from amazon_style_ccc_features_fold_1/node.dat
/home/simonettos/homhetgnn/HGB/LP/benchmark/data/amazon_style_ccc_features_fold_1/node.dat
0 {}
1 {'0': 558}
2 {'0': 558, '1': 940}
node_count: {'0': 558, '1': 940, '2': 19264}
('2', '5', '1'): src_max=19263, dst_max=938
('0', '3', '0'): src_max=557, dst_max=557
('1', '4', '1'): src_max=939, dst_max=939
('0', '7', '0'): src_max=557, dst_max=557
('1', '6', '0'): src_max=939, dst_max=556
('1', '2', '1'): src_max=938, dst_max=938
('0', '0', '0'): src_max=557, dst_max=553
('1', '8', '1'): src_max=939, dst_max=939
('1', '1', '1'): src_max=939, dst_max=928
('1', '9', '1'): src_max=791, dst_max=812
('1', '10', '1'): src_max=795, dst_max=380
0 0
1 558
2 1498
6
Epoch 00000, Step00000 | Train_Loss: 1.0836 | Time: 0.9704
Epoch 00000 | Val_Loss 2.2292 | Time(s) 0.4529
Validation loss decreased (inf --> 2.229165).  Saving model ...
Epoch 00001, Step00000 | Train_Loss: 1.9776 | Time: 0.5355
Epoch 00001 | Val_Loss 0.9710 | Time(s) 0.4536
Validation loss decreased (2.229165 --> 0.970955).  Saving model ...
Epoch 00002, Step00000 | Train_Loss: 1.0553 | Time: 0.5263
Epoch 00002 | Val_Loss 1.7218 | Time(s) 0.4562
EarlyStopping counter: 1 out of 30
Epoch 00003, Step00000 | Train_Loss: 1.4516 | Time: 0.5315
Epoch 00003 | Val_Loss 1.2699 | Time(s) 0.4532
EarlyStopping counter: 2 out of 30
Epoch 00004, Step00000 | Train_Loss: 1.1911 | Time: 0.5317
Epoch 00004 | Val_Loss 1.3086 | Time(s) 0.4570
EarlyStopping counter: 3 out of 30
Epoch 00005, Step00000 | Train_Loss: 1.1472 | Time: 0.5324
Epoch 00005 | Val_Loss 0.9705 | Time(s) 0.4563
Validation loss decreased (0.970955 --> 0.970461).  Saving model ...
Epoch 00006, Step00000 | Train_Loss: 0.9953 | Time: 0.5289
Epoch 00006 | Val_Loss 1.3649 | Time(s) 0.4558
EarlyStopping counter: 1 out of 30
Epoch 00007, Step00000 | Train_Loss: 1.2617 | Time: 0.5325
Epoch 00007 | Val_Loss 0.7687 | Time(s) 0.4528
Validation loss decreased (0.970461 --> 0.768700).  Saving model ...
Epoch 00008, Step00000 | Train_Loss: 0.8505 | Time: 0.5373
Epoch 00008 | Val_Loss 1.4724 | Time(s) 0.4576
EarlyStopping counter: 1 out of 30
Epoch 00009, Step00000 | Train_Loss: 1.3019 | Time: 0.5358
Epoch 00009 | Val_Loss 0.6671 | Time(s) 0.4532
Validation loss decreased (0.768700 --> 0.667131).  Saving model ...
Epoch 00010, Step00000 | Train_Loss: 0.7799 | Time: 0.5394
Epoch 00010 | Val_Loss 1.3894 | Time(s) 0.4542
EarlyStopping counter: 1 out of 30
Epoch 00011, Step00000 | Train_Loss: 1.2357 | Time: 0.5172
Epoch 00011 | Val_Loss 0.7182 | Time(s) 0.2815
EarlyStopping counter: 2 out of 30
Epoch 00012, Step00000 | Train_Loss: 0.8028 | Time: 0.3886
Epoch 00012 | Val_Loss 0.9172 | Time(s) 0.2822
EarlyStopping counter: 3 out of 30
Epoch 00013, Step00000 | Train_Loss: 0.9110 | Time: 0.3822
Epoch 00013 | Val_Loss 0.9876 | Time(s) 0.2806
EarlyStopping counter: 4 out of 30
Epoch 00014, Step00000 | Train_Loss: 0.9580 | Time: 0.3915
Epoch 00014 | Val_Loss 0.6602 | Time(s) 0.2786
Validation loss decreased (0.667131 --> 0.660182).  Saving model ...
Epoch 00015, Step00000 | Train_Loss: 0.7285 | Time: 0.3947
Epoch 00015 | Val_Loss 0.8387 | Time(s) 0.2801
EarlyStopping counter: 1 out of 30
Epoch 00016, Step00000 | Train_Loss: 0.8309 | Time: 0.3869
Epoch 00016 | Val_Loss 0.7224 | Time(s) 0.2781
EarlyStopping counter: 2 out of 30
Epoch 00017, Step00000 | Train_Loss: 0.7647 | Time: 0.3808
Epoch 00017 | Val_Loss 0.6463 | Time(s) 0.2789
Validation loss decreased (0.660182 --> 0.646277).  Saving model ...
Epoch 00018, Step00000 | Train_Loss: 0.6912 | Time: 0.3866
Epoch 00018 | Val_Loss 0.8511 | Time(s) 0.2863
EarlyStopping counter: 1 out of 30
Epoch 00019, Step00000 | Train_Loss: 0.7637 | Time: 0.3929
Epoch 00019 | Val_Loss 0.7043 | Time(s) 0.3734
EarlyStopping counter: 2 out of 30
Epoch 00020, Step00000 | Train_Loss: 0.7026 | Time: 0.5170
Epoch 00020 | Val_Loss 0.6304 | Time(s) 0.3418
Validation loss decreased (0.646277 --> 0.630377).  Saving model ...
Epoch 00021, Step00000 | Train_Loss: 0.6259 | Time: 0.3919
Epoch 00021 | Val_Loss 0.8126 | Time(s) 0.2820
EarlyStopping counter: 1 out of 30
Epoch 00022, Step00000 | Train_Loss: 0.6673 | Time: 0.4048
Epoch 00022 | Val_Loss 0.8118 | Time(s) 0.2827
EarlyStopping counter: 2 out of 30
Epoch 00023, Step00000 | Train_Loss: 0.6692 | Time: 0.3859
Epoch 00023 | Val_Loss 0.7415 | Time(s) 0.2804
EarlyStopping counter: 3 out of 30
Epoch 00024, Step00000 | Train_Loss: 0.6042 | Time: 0.3923
Epoch 00024 | Val_Loss 0.7709 | Time(s) 0.2808
EarlyStopping counter: 4 out of 30
Epoch 00025, Step00000 | Train_Loss: 0.5902 | Time: 0.3980
Epoch 00025 | Val_Loss 0.8103 | Time(s) 0.2865
EarlyStopping counter: 5 out of 30
Epoch 00026, Step00000 | Train_Loss: 0.6049 | Time: 0.3907
Epoch 00026 | Val_Loss 0.8094 | Time(s) 0.2814
EarlyStopping counter: 6 out of 30
Epoch 00027, Step00000 | Train_Loss: 0.5869 | Time: 0.4066
Epoch 00027 | Val_Loss 0.7544 | Time(s) 0.2857
EarlyStopping counter: 7 out of 30
Epoch 00028, Step00000 | Train_Loss: 0.5470 | Time: 0.3945
Epoch 00028 | Val_Loss 0.7533 | Time(s) 0.3182
EarlyStopping counter: 8 out of 30
Epoch 00029, Step00000 | Train_Loss: 0.5628 | Time: 0.5140
Epoch 00029 | Val_Loss 0.7309 | Time(s) 0.4217
EarlyStopping counter: 9 out of 30
Epoch 00030, Step00000 | Train_Loss: 0.5616 | Time: 0.5252
Epoch 00030 | Val_Loss 0.7100 | Time(s) 0.4602
EarlyStopping counter: 10 out of 30
Epoch 00031, Step00000 | Train_Loss: 0.5264 | Time: 0.5288
Epoch 00031 | Val_Loss 0.7216 | Time(s) 0.4515
EarlyStopping counter: 11 out of 30
Epoch 00032, Step00000 | Train_Loss: 0.5430 | Time: 0.5327
Epoch 00032 | Val_Loss 0.7185 | Time(s) 0.4519
EarlyStopping counter: 12 out of 30
Epoch 00033, Step00000 | Train_Loss: 0.4993 | Time: 0.5269
Epoch 00033 | Val_Loss 0.7807 | Time(s) 0.4512
EarlyStopping counter: 13 out of 30
Epoch 00034, Step00000 | Train_Loss: 0.5333 | Time: 0.5338
Epoch 00034 | Val_Loss 0.8714 | Time(s) 0.4533
EarlyStopping counter: 14 out of 30
Epoch 00035, Step00000 | Train_Loss: 0.5245 | Time: 0.5266
Epoch 00035 | Val_Loss 0.7845 | Time(s) 0.4469
EarlyStopping counter: 15 out of 30
Epoch 00036, Step00000 | Train_Loss: 0.4865 | Time: 0.5305
Epoch 00036 | Val_Loss 0.7422 | Time(s) 0.4355
EarlyStopping counter: 16 out of 30
Epoch 00037, Step00000 | Train_Loss: 0.5037 | Time: 0.5468
Epoch 00037 | Val_Loss 0.7258 | Time(s) 0.4295
EarlyStopping counter: 17 out of 30
Epoch 00038, Step00000 | Train_Loss: 0.4960 | Time: 0.5571
Epoch 00038 | Val_Loss 0.6801 | Time(s) 0.4351
EarlyStopping counter: 18 out of 30
Epoch 00039, Step00000 | Train_Loss: 0.4816 | Time: 0.5506
Epoch 00039 | Val_Loss 0.7006 | Time(s) 0.4325
EarlyStopping counter: 19 out of 30
Epoch 00040, Step00000 | Train_Loss: 0.5083 | Time: 0.5516
Epoch 00040 | Val_Loss 0.7593 | Time(s) 0.4329
EarlyStopping counter: 20 out of 30
Epoch 00041, Step00000 | Train_Loss: 0.4796 | Time: 0.5478
Epoch 00041 | Val_Loss 0.7829 | Time(s) 0.4315
EarlyStopping counter: 21 out of 30
Epoch 00042, Step00000 | Train_Loss: 0.4595 | Time: 0.5553
Epoch 00042 | Val_Loss 0.7856 | Time(s) 0.4371
EarlyStopping counter: 22 out of 30
Epoch 00043, Step00000 | Train_Loss: 0.4793 | Time: 0.5637
Epoch 00043 | Val_Loss 0.7370 | Time(s) 0.4338
EarlyStopping counter: 23 out of 30
Epoch 00044, Step00000 | Train_Loss: 0.4677 | Time: 0.5513
Epoch 00044 | Val_Loss 0.7816 | Time(s) 0.4393
EarlyStopping counter: 24 out of 30
Epoch 00045, Step00000 | Train_Loss: 0.4506 | Time: 0.5513
Epoch 00045 | Val_Loss 0.8137 | Time(s) 0.4364
EarlyStopping counter: 25 out of 30
Epoch 00046, Step00000 | Train_Loss: 0.4426 | Time: 0.5573
Epoch 00046 | Val_Loss 0.8735 | Time(s) 0.4358
EarlyStopping counter: 26 out of 30
Epoch 00047, Step00000 | Train_Loss: 0.4371 | Time: 0.5539
Epoch 00047 | Val_Loss 0.7919 | Time(s) 0.4356
EarlyStopping counter: 27 out of 30
Epoch 00048, Step00000 | Train_Loss: 0.4285 | Time: 0.5578
Epoch 00048 | Val_Loss 0.7890 | Time(s) 0.4356
EarlyStopping counter: 28 out of 30
Epoch 00049, Step00000 | Train_Loss: 0.4227 | Time: 0.5569
Epoch 00049 | Val_Loss 0.8299 | Time(s) 0.4339
EarlyStopping counter: 29 out of 30
Epoch 00050, Step00000 | Train_Loss: 0.4164 | Time: 0.5485
Epoch 00050 | Val_Loss 0.8330 | Time(s) 0.4352
EarlyStopping counter: 30 out of 30
Early stopping!
Early stopping!
defaultdict(<class 'float'>, {'roc_auc': 0.4884278711484594, 'MRR': 0.7447303921568628})
defaultdict(<class 'float'>, {'roc_auc': 0.6064236111111111, 'MRR': 0.7634803921568627})
Completed: amazon_style_ccc_features_fold_1 (rep 3)

--------------------------------------
Running model: HGT
Dataset: amazon_style_ccc_features_fold_2
Repetition: 3
--------------------------------------
Loading nodes from amazon_style_ccc_features_fold_2/node.dat
/home/simonettos/homhetgnn/HGB/LP/benchmark/data/amazon_style_ccc_features_fold_2/node.dat
0 {}
1 {'0': 558}
2 {'0': 558, '1': 940}
node_count: {'0': 558, '1': 940, '2': 19264}
('2', '5', '1'): src_max=19263, dst_max=938
('1', '4', '1'): src_max=939, dst_max=939
('0', '0', '0'): src_max=557, dst_max=553
('0', '7', '0'): src_max=557, dst_max=557
('0', '3', '0'): src_max=557, dst_max=557
('1', '6', '0'): src_max=939, dst_max=556
('1', '2', '1'): src_max=938, dst_max=938
('1', '9', '1'): src_max=791, dst_max=812
('1', '8', '1'): src_max=939, dst_max=939
('1', '1', '1'): src_max=939, dst_max=928
('1', '10', '1'): src_max=795, dst_max=380
0 0
1 558
2 1498
6
Epoch 00000, Step00000 | Train_Loss: 1.2146 | Time: 0.8637
Epoch 00000 | Val_Loss 2.5400 | Time(s) 0.2895
Validation loss decreased (inf --> 2.540018).  Saving model ...
Epoch 00001, Step00000 | Train_Loss: 2.0315 | Time: 0.4059
Epoch 00001 | Val_Loss 1.0794 | Time(s) 0.3238
Validation loss decreased (2.540018 --> 1.079384).  Saving model ...
Epoch 00002, Step00000 | Train_Loss: 1.0446 | Time: 0.5142
Epoch 00002 | Val_Loss 1.7794 | Time(s) 0.4291
EarlyStopping counter: 1 out of 30
Epoch 00003, Step00000 | Train_Loss: 1.4958 | Time: 0.5214
Epoch 00003 | Val_Loss 1.0872 | Time(s) 0.4686
EarlyStopping counter: 2 out of 30
Epoch 00004, Step00000 | Train_Loss: 1.0562 | Time: 0.5432
Epoch 00004 | Val_Loss 1.5759 | Time(s) 0.4623
EarlyStopping counter: 3 out of 30
Epoch 00005, Step00000 | Train_Loss: 1.3163 | Time: 0.5423
Epoch 00005 | Val_Loss 1.0291 | Time(s) 0.4634
Validation loss decreased (1.079384 --> 1.029079).  Saving model ...
Epoch 00006, Step00000 | Train_Loss: 1.0262 | Time: 0.5420
Epoch 00006 | Val_Loss 1.2451 | Time(s) 0.4640
EarlyStopping counter: 1 out of 30
Epoch 00007, Step00000 | Train_Loss: 1.1462 | Time: 0.5388
Epoch 00007 | Val_Loss 0.8795 | Time(s) 0.4585
Validation loss decreased (1.029079 --> 0.879469).  Saving model ...
Epoch 00008, Step00000 | Train_Loss: 0.9364 | Time: 0.5398
Epoch 00008 | Val_Loss 1.2838 | Time(s) 0.4575
EarlyStopping counter: 1 out of 30
Epoch 00009, Step00000 | Train_Loss: 1.1396 | Time: 0.5307
Epoch 00009 | Val_Loss 0.7423 | Time(s) 0.4641
Validation loss decreased (0.879469 --> 0.742297).  Saving model ...
Epoch 00010, Step00000 | Train_Loss: 0.8216 | Time: 0.5377
Epoch 00010 | Val_Loss 1.4467 | Time(s) 0.4615
EarlyStopping counter: 1 out of 30
Epoch 00011, Step00000 | Train_Loss: 1.2693 | Time: 0.5464
Epoch 00011 | Val_Loss 0.6693 | Time(s) 0.4658
Validation loss decreased (0.742297 --> 0.669342).  Saving model ...
Epoch 00012, Step00000 | Train_Loss: 0.7620 | Time: 0.5359
Epoch 00012 | Val_Loss 1.1925 | Time(s) 0.4651
EarlyStopping counter: 1 out of 30
Epoch 00013, Step00000 | Train_Loss: 1.0827 | Time: 0.5393
Epoch 00013 | Val_Loss 0.8971 | Time(s) 0.4625
EarlyStopping counter: 2 out of 30
Epoch 00014, Step00000 | Train_Loss: 0.8806 | Time: 0.5484
Epoch 00014 | Val_Loss 0.7543 | Time(s) 0.4601
EarlyStopping counter: 3 out of 30
Epoch 00015, Step00000 | Train_Loss: 0.7918 | Time: 0.5451
Epoch 00015 | Val_Loss 1.0799 | Time(s) 0.4584
EarlyStopping counter: 4 out of 30
Epoch 00016, Step00000 | Train_Loss: 0.9796 | Time: 0.5376
Epoch 00016 | Val_Loss 0.6363 | Time(s) 0.4625
Validation loss decreased (0.669342 --> 0.636343).  Saving model ...
Epoch 00017, Step00000 | Train_Loss: 0.7113 | Time: 0.5392
Epoch 00017 | Val_Loss 0.8805 | Time(s) 0.4561
EarlyStopping counter: 1 out of 30
Epoch 00018, Step00000 | Train_Loss: 0.8633 | Time: 0.5421
Epoch 00018 | Val_Loss 0.7191 | Time(s) 0.4483
EarlyStopping counter: 2 out of 30
Epoch 00019, Step00000 | Train_Loss: 0.7016 | Time: 0.5414
Epoch 00019 | Val_Loss 0.8071 | Time(s) 0.4427
EarlyStopping counter: 3 out of 30
Epoch 00020, Step00000 | Train_Loss: 0.7427 | Time: 0.5465
Epoch 00020 | Val_Loss 0.8962 | Time(s) 0.4407
EarlyStopping counter: 4 out of 30
Epoch 00021, Step00000 | Train_Loss: 0.7145 | Time: 0.5370
Epoch 00021 | Val_Loss 0.8606 | Time(s) 0.4368
EarlyStopping counter: 5 out of 30
Epoch 00022, Step00000 | Train_Loss: 0.6192 | Time: 0.5334
Epoch 00022 | Val_Loss 1.0343 | Time(s) 0.4378
EarlyStopping counter: 6 out of 30
Epoch 00023, Step00000 | Train_Loss: 0.6889 | Time: 0.5135
Epoch 00023 | Val_Loss 0.9675 | Time(s) 0.4694
EarlyStopping counter: 7 out of 30
Epoch 00024, Step00000 | Train_Loss: 0.6104 | Time: 0.5471
Epoch 00024 | Val_Loss 1.1150 | Time(s) 0.4607
EarlyStopping counter: 8 out of 30
Epoch 00025, Step00000 | Train_Loss: 0.5994 | Time: 0.5357
Epoch 00025 | Val_Loss 1.2072 | Time(s) 0.4623
EarlyStopping counter: 9 out of 30
Epoch 00026, Step00000 | Train_Loss: 0.6421 | Time: 0.5350
Epoch 00026 | Val_Loss 1.0859 | Time(s) 0.4648
EarlyStopping counter: 10 out of 30
Epoch 00027, Step00000 | Train_Loss: 0.5736 | Time: 0.5437
Epoch 00027 | Val_Loss 1.1822 | Time(s) 0.4602
EarlyStopping counter: 11 out of 30
Epoch 00028, Step00000 | Train_Loss: 0.5701 | Time: 0.5336
Epoch 00028 | Val_Loss 1.2783 | Time(s) 0.4597
EarlyStopping counter: 12 out of 30
Epoch 00029, Step00000 | Train_Loss: 0.6549 | Time: 0.5427
Epoch 00029 | Val_Loss 1.1767 | Time(s) 0.4584
EarlyStopping counter: 13 out of 30
Epoch 00030, Step00000 | Train_Loss: 0.5833 | Time: 0.5355
Epoch 00030 | Val_Loss 1.2214 | Time(s) 0.4638
EarlyStopping counter: 14 out of 30
Epoch 00031, Step00000 | Train_Loss: 0.5492 | Time: 0.5464
Epoch 00031 | Val_Loss 1.1087 | Time(s) 0.4616
EarlyStopping counter: 15 out of 30
Epoch 00032, Step00000 | Train_Loss: 0.5862 | Time: 0.5323
Epoch 00032 | Val_Loss 1.0265 | Time(s) 0.4636
EarlyStopping counter: 16 out of 30
Epoch 00033, Step00000 | Train_Loss: 0.5200 | Time: 0.5338
Epoch 00033 | Val_Loss 1.0284 | Time(s) 0.4592
EarlyStopping counter: 17 out of 30
Epoch 00034, Step00000 | Train_Loss: 0.5602 | Time: 0.5463
Epoch 00034 | Val_Loss 1.0718 | Time(s) 0.4587
EarlyStopping counter: 18 out of 30
Epoch 00035, Step00000 | Train_Loss: 0.5241 | Time: 0.5431
Epoch 00035 | Val_Loss 1.1151 | Time(s) 0.4621
EarlyStopping counter: 19 out of 30
Epoch 00036, Step00000 | Train_Loss: 0.5244 | Time: 0.5418
Epoch 00036 | Val_Loss 1.1199 | Time(s) 0.4645
EarlyStopping counter: 20 out of 30
Epoch 00037, Step00000 | Train_Loss: 0.5015 | Time: 0.5405
Epoch 00037 | Val_Loss 1.1677 | Time(s) 0.4601
EarlyStopping counter: 21 out of 30
Epoch 00038, Step00000 | Train_Loss: 0.4884 | Time: 0.5368
Epoch 00038 | Val_Loss 1.1342 | Time(s) 0.4650
EarlyStopping counter: 22 out of 30
Epoch 00039, Step00000 | Train_Loss: 0.4938 | Time: 0.5488
Epoch 00039 | Val_Loss 1.2119 | Time(s) 0.4637
EarlyStopping counter: 23 out of 30
Epoch 00040, Step00000 | Train_Loss: 0.4773 | Time: 0.5371
Epoch 00040 | Val_Loss 1.2722 | Time(s) 0.4651
EarlyStopping counter: 24 out of 30
Epoch 00041, Step00000 | Train_Loss: 0.4741 | Time: 0.5483
Epoch 00041 | Val_Loss 1.4412 | Time(s) 0.4610
EarlyStopping counter: 25 out of 30
Epoch 00042, Step00000 | Train_Loss: 0.4806 | Time: 0.4187
Epoch 00042 | Val_Loss 1.3713 | Time(s) 0.2884
EarlyStopping counter: 26 out of 30
Epoch 00043, Step00000 | Train_Loss: 0.4659 | Time: 0.3968
Epoch 00043 | Val_Loss 1.3453 | Time(s) 0.2870
EarlyStopping counter: 27 out of 30
Epoch 00044, Step00000 | Train_Loss: 0.4771 | Time: 0.3960
Epoch 00044 | Val_Loss 1.3999 | Time(s) 0.2895
EarlyStopping counter: 28 out of 30
Epoch 00045, Step00000 | Train_Loss: 0.4694 | Time: 0.4013
Epoch 00045 | Val_Loss 1.4540 | Time(s) 0.2866
EarlyStopping counter: 29 out of 30
Epoch 00046, Step00000 | Train_Loss: 0.4638 | Time: 0.3894
Epoch 00046 | Val_Loss 1.5045 | Time(s) 0.2862
EarlyStopping counter: 30 out of 30
Early stopping!
Early stopping!
defaultdict(<class 'float'>, {'roc_auc': 0.5199032258064517, 'MRR': 0.7367090671885193})
defaultdict(<class 'float'>, {'roc_auc': 0.624896, 'MRR': 0.790068493150685})
Completed: amazon_style_ccc_features_fold_2 (rep 3)

--------------------------------------
Running model: HGT
Dataset: amazon_style_ccc_features_fold_3
Repetition: 3
--------------------------------------
Loading nodes from amazon_style_ccc_features_fold_3/node.dat
/home/simonettos/homhetgnn/HGB/LP/benchmark/data/amazon_style_ccc_features_fold_3/node.dat
0 {}
1 {'0': 558}
2 {'0': 558, '1': 940}
node_count: {'0': 558, '1': 940, '2': 19264}
('2', '5', '1'): src_max=19263, dst_max=938
('1', '4', '1'): src_max=939, dst_max=939
('0', '0', '0'): src_max=557, dst_max=553
('0', '7', '0'): src_max=557, dst_max=556
('0', '3', '0'): src_max=557, dst_max=557
('1', '6', '0'): src_max=939, dst_max=557
('1', '2', '1'): src_max=938, dst_max=938
('1', '9', '1'): src_max=791, dst_max=812
('1', '8', '1'): src_max=939, dst_max=939
('1', '1', '1'): src_max=939, dst_max=928
('1', '10', '1'): src_max=795, dst_max=380
0 0
1 558
2 1498
6
Epoch 00000, Step00000 | Train_Loss: 1.1780 | Time: 0.9560
Epoch 00000 | Val_Loss 2.2209 | Time(s) 0.4674
Validation loss decreased (inf --> 2.220919).  Saving model ...
Epoch 00001, Step00000 | Train_Loss: 1.9880 | Time: 0.5556
Epoch 00001 | Val_Loss 1.1133 | Time(s) 0.4695
Validation loss decreased (2.220919 --> 1.113302).  Saving model ...
Epoch 00002, Step00000 | Train_Loss: 1.1692 | Time: 0.5570
Epoch 00002 | Val_Loss 1.4121 | Time(s) 0.4708
EarlyStopping counter: 1 out of 30
Epoch 00003, Step00000 | Train_Loss: 1.2473 | Time: 0.5563
Epoch 00003 | Val_Loss 1.2215 | Time(s) 0.4721
EarlyStopping counter: 2 out of 30
Epoch 00004, Step00000 | Train_Loss: 1.2003 | Time: 0.5481
Epoch 00004 | Val_Loss 1.1920 | Time(s) 0.4708
EarlyStopping counter: 3 out of 30
Epoch 00005, Step00000 | Train_Loss: 1.1254 | Time: 0.5553
Epoch 00005 | Val_Loss 0.9999 | Time(s) 0.4677
Validation loss decreased (1.113302 --> 0.999904).  Saving model ...
Epoch 00006, Step00000 | Train_Loss: 0.9716 | Time: 0.5569
Epoch 00006 | Val_Loss 0.9955 | Time(s) 0.4707
Validation loss decreased (0.999904 --> 0.995472).  Saving model ...
Epoch 00007, Step00000 | Train_Loss: 0.9717 | Time: 0.5541
Epoch 00007 | Val_Loss 0.7928 | Time(s) 0.3884
Validation loss decreased (0.995472 --> 0.792756).  Saving model ...
Epoch 00008, Step00000 | Train_Loss: 0.8236 | Time: 0.5664
Epoch 00008 | Val_Loss 1.1521 | Time(s) 0.4512
EarlyStopping counter: 1 out of 30
Epoch 00009, Step00000 | Train_Loss: 1.0580 | Time: 0.5735
Epoch 00009 | Val_Loss 0.7059 | Time(s) 0.4515
Validation loss decreased (0.792756 --> 0.705850).  Saving model ...
Epoch 00010, Step00000 | Train_Loss: 0.7774 | Time: 0.5710
Epoch 00010 | Val_Loss 0.8138 | Time(s) 0.4502
EarlyStopping counter: 1 out of 30
Epoch 00011, Step00000 | Train_Loss: 0.8443 | Time: 0.5742
Epoch 00011 | Val_Loss 1.0434 | Time(s) 0.4543
EarlyStopping counter: 2 out of 30
Epoch 00012, Step00000 | Train_Loss: 0.9720 | Time: 0.5770
Epoch 00012 | Val_Loss 0.9525 | Time(s) 0.4506
EarlyStopping counter: 3 out of 30
Epoch 00013, Step00000 | Train_Loss: 0.8760 | Time: 0.5670
Epoch 00013 | Val_Loss 0.7140 | Time(s) 0.4518
EarlyStopping counter: 4 out of 30
Epoch 00014, Step00000 | Train_Loss: 0.7093 | Time: 0.5652
Epoch 00014 | Val_Loss 0.7757 | Time(s) 0.4528
EarlyStopping counter: 5 out of 30
Epoch 00015, Step00000 | Train_Loss: 0.7493 | Time: 0.5670
Epoch 00015 | Val_Loss 0.9389 | Time(s) 0.4536
EarlyStopping counter: 6 out of 30
Epoch 00016, Step00000 | Train_Loss: 0.9008 | Time: 0.5731
Epoch 00016 | Val_Loss 0.8372 | Time(s) 0.4485
EarlyStopping counter: 7 out of 30
Epoch 00017, Step00000 | Train_Loss: 0.7171 | Time: 0.5534
Epoch 00017 | Val_Loss 0.8365 | Time(s) 0.4532
EarlyStopping counter: 8 out of 30
Epoch 00018, Step00000 | Train_Loss: 0.6598 | Time: 0.5564
Epoch 00018 | Val_Loss 0.9363 | Time(s) 0.4534
EarlyStopping counter: 9 out of 30
Epoch 00019, Step00000 | Train_Loss: 0.7933 | Time: 0.5596
Epoch 00019 | Val_Loss 0.9205 | Time(s) 0.4672
EarlyStopping counter: 10 out of 30
Epoch 00020, Step00000 | Train_Loss: 0.6607 | Time: 0.5490
Epoch 00020 | Val_Loss 0.9166 | Time(s) 0.4685
EarlyStopping counter: 11 out of 30
Epoch 00021, Step00000 | Train_Loss: 0.6430 | Time: 0.5534
Epoch 00021 | Val_Loss 0.9328 | Time(s) 0.4684
EarlyStopping counter: 12 out of 30
Epoch 00022, Step00000 | Train_Loss: 0.7117 | Time: 0.5510
Epoch 00022 | Val_Loss 0.9130 | Time(s) 0.4691
EarlyStopping counter: 13 out of 30
Epoch 00023, Step00000 | Train_Loss: 0.5836 | Time: 0.4953
Epoch 00023 | Val_Loss 0.9210 | Time(s) 0.2892
EarlyStopping counter: 14 out of 30
Epoch 00024, Step00000 | Train_Loss: 0.6215 | Time: 0.3971
Epoch 00024 | Val_Loss 0.9607 | Time(s) 0.2892
EarlyStopping counter: 15 out of 30
Epoch 00025, Step00000 | Train_Loss: 0.6241 | Time: 0.4004
Epoch 00025 | Val_Loss 0.9496 | Time(s) 0.2940
EarlyStopping counter: 16 out of 30
Epoch 00026, Step00000 | Train_Loss: 0.5738 | Time: 0.3937
Epoch 00026 | Val_Loss 0.9640 | Time(s) 0.2860
EarlyStopping counter: 17 out of 30
Epoch 00027, Step00000 | Train_Loss: 0.5990 | Time: 0.4007
Epoch 00027 | Val_Loss 1.0049 | Time(s) 0.2864
EarlyStopping counter: 18 out of 30
Epoch 00028, Step00000 | Train_Loss: 0.5686 | Time: 0.3962
Epoch 00028 | Val_Loss 0.9928 | Time(s) 0.2901
EarlyStopping counter: 19 out of 30
Epoch 00029, Step00000 | Train_Loss: 0.5382 | Time: 0.3950
Epoch 00029 | Val_Loss 0.9326 | Time(s) 0.2913
EarlyStopping counter: 20 out of 30
Epoch 00030, Step00000 | Train_Loss: 0.5442 | Time: 0.4003
Epoch 00030 | Val_Loss 0.9310 | Time(s) 0.2932
EarlyStopping counter: 21 out of 30
Epoch 00031, Step00000 | Train_Loss: 0.5318 | Time: 0.4024
Epoch 00031 | Val_Loss 0.8837 | Time(s) 0.4450
EarlyStopping counter: 22 out of 30
Epoch 00032, Step00000 | Train_Loss: 0.5324 | Time: 0.5363
Epoch 00032 | Val_Loss 0.8859 | Time(s) 0.2907
EarlyStopping counter: 23 out of 30
Epoch 00033, Step00000 | Train_Loss: 0.5086 | Time: 0.3937
Epoch 00033 | Val_Loss 0.8659 | Time(s) 0.2930
EarlyStopping counter: 24 out of 30
Epoch 00034, Step00000 | Train_Loss: 0.5068 | Time: 0.4115
Epoch 00034 | Val_Loss 0.9100 | Time(s) 0.2872
EarlyStopping counter: 25 out of 30
Epoch 00035, Step00000 | Train_Loss: 0.5005 | Time: 0.3951
Epoch 00035 | Val_Loss 0.8970 | Time(s) 0.2919
EarlyStopping counter: 26 out of 30
Epoch 00036, Step00000 | Train_Loss: 0.4944 | Time: 0.4052
Epoch 00036 | Val_Loss 0.9250 | Time(s) 0.2895
EarlyStopping counter: 27 out of 30
Epoch 00037, Step00000 | Train_Loss: 0.5102 | Time: 0.3994
Epoch 00037 | Val_Loss 0.8439 | Time(s) 0.2895
EarlyStopping counter: 28 out of 30
Epoch 00038, Step00000 | Train_Loss: 0.5015 | Time: 0.3933
Epoch 00038 | Val_Loss 0.9256 | Time(s) 0.2922
EarlyStopping counter: 29 out of 30
Epoch 00039, Step00000 | Train_Loss: 0.4949 | Time: 0.4079
Epoch 00039 | Val_Loss 0.8829 | Time(s) 0.2916
EarlyStopping counter: 30 out of 30
Early stopping!
Early stopping!
defaultdict(<class 'float'>, {'roc_auc': 0.5415322835641562, 'MRR': 0.7529761904761905})
defaultdict(<class 'float'>, {'roc_auc': 0.6335034013605443, 'MRR': 0.8251262626262625})
Completed: amazon_style_ccc_features_fold_3 (rep 3)

--------------------------------------
Running model: HGT
Dataset: amazon_style_ccc_features_fold_4
Repetition: 3
--------------------------------------
Loading nodes from amazon_style_ccc_features_fold_4/node.dat
/home/simonettos/homhetgnn/HGB/LP/benchmark/data/amazon_style_ccc_features_fold_4/node.dat
0 {}
1 {'0': 558}
2 {'0': 558, '1': 940}
node_count: {'0': 558, '1': 940, '2': 19264}
('2', '5', '1'): src_max=19263, dst_max=938
('1', '4', '1'): src_max=939, dst_max=939
('0', '0', '0'): src_max=557, dst_max=553
('0', '7', '0'): src_max=557, dst_max=557
('0', '3', '0'): src_max=557, dst_max=557
('1', '6', '0'): src_max=939, dst_max=556
('1', '2', '1'): src_max=938, dst_max=938
('1', '9', '1'): src_max=791, dst_max=812
('1', '8', '1'): src_max=939, dst_max=939
('1', '1', '1'): src_max=939, dst_max=928
('1', '10', '1'): src_max=795, dst_max=380
0 0
1 558
2 1498
6
Epoch 00000, Step00000 | Train_Loss: 1.0075 | Time: 0.9530
Epoch 00000 | Val_Loss 1.0362 | Time(s) 0.4561
Validation loss decreased (inf --> 1.036206).  Saving model ...
Epoch 00001, Step00000 | Train_Loss: 1.0306 | Time: 0.5508
Epoch 00001 | Val_Loss 1.3698 | Time(s) 0.4602
EarlyStopping counter: 1 out of 30
Epoch 00002, Step00000 | Train_Loss: 1.2813 | Time: 0.5381
Epoch 00002 | Val_Loss 0.6621 | Time(s) 0.4573
Validation loss decreased (1.036206 --> 0.662123).  Saving model ...
Epoch 00003, Step00000 | Train_Loss: 0.8334 | Time: 0.5407
Epoch 00003 | Val_Loss 1.1793 | Time(s) 0.4575
EarlyStopping counter: 1 out of 30
Epoch 00004, Step00000 | Train_Loss: 1.1084 | Time: 0.5443
Epoch 00004 | Val_Loss 0.8478 | Time(s) 0.4505
EarlyStopping counter: 2 out of 30
Epoch 00005, Step00000 | Train_Loss: 0.8702 | Time: 0.5322
Epoch 00005 | Val_Loss 0.8486 | Time(s) 0.4444
EarlyStopping counter: 3 out of 30
Epoch 00006, Step00000 | Train_Loss: 0.8602 | Time: 0.5536
Epoch 00006 | Val_Loss 1.1078 | Time(s) 0.4379
EarlyStopping counter: 4 out of 30
Epoch 00007, Step00000 | Train_Loss: 1.0225 | Time: 0.5523
Epoch 00007 | Val_Loss 0.6744 | Time(s) 0.4387
EarlyStopping counter: 5 out of 30
Epoch 00008, Step00000 | Train_Loss: 0.7744 | Time: 0.5652
Epoch 00008 | Val_Loss 0.8181 | Time(s) 0.4443
EarlyStopping counter: 6 out of 30
Epoch 00009, Step00000 | Train_Loss: 0.8471 | Time: 0.5561
Epoch 00009 | Val_Loss 1.3016 | Time(s) 0.4386
EarlyStopping counter: 7 out of 30
Epoch 00010, Step00000 | Train_Loss: 1.1214 | Time: 0.5503
Epoch 00010 | Val_Loss 0.9478 | Time(s) 0.4391
EarlyStopping counter: 8 out of 30
Epoch 00011, Step00000 | Train_Loss: 0.8941 | Time: 0.3892
Epoch 00011 | Val_Loss 0.6679 | Time(s) 0.2820
EarlyStopping counter: 9 out of 30
Epoch 00012, Step00000 | Train_Loss: 0.7494 | Time: 0.3921
Epoch 00012 | Val_Loss 0.7839 | Time(s) 0.2805
EarlyStopping counter: 10 out of 30
Epoch 00013, Step00000 | Train_Loss: 0.7795 | Time: 0.3894
Epoch 00013 | Val_Loss 1.1224 | Time(s) 0.2769
EarlyStopping counter: 11 out of 30
Epoch 00014, Step00000 | Train_Loss: 0.9896 | Time: 0.3802
Epoch 00014 | Val_Loss 1.1858 | Time(s) 0.2779
EarlyStopping counter: 12 out of 30
Epoch 00015, Step00000 | Train_Loss: 1.0045 | Time: 0.3781
Epoch 00015 | Val_Loss 0.6802 | Time(s) 0.2807
EarlyStopping counter: 13 out of 30
Epoch 00016, Step00000 | Train_Loss: 0.7272 | Time: 0.3765
Epoch 00016 | Val_Loss 0.6946 | Time(s) 0.2775
EarlyStopping counter: 14 out of 30
Epoch 00017, Step00000 | Train_Loss: 0.6903 | Time: 0.3799
Epoch 00017 | Val_Loss 1.0200 | Time(s) 0.2817
EarlyStopping counter: 15 out of 30
Epoch 00018, Step00000 | Train_Loss: 0.8416 | Time: 0.3836
Epoch 00018 | Val_Loss 0.7862 | Time(s) 0.2813
EarlyStopping counter: 16 out of 30
Epoch 00019, Step00000 | Train_Loss: 0.7086 | Time: 0.3920
Epoch 00019 | Val_Loss 0.8157 | Time(s) 0.4432
EarlyStopping counter: 17 out of 30
Epoch 00020, Step00000 | Train_Loss: 0.5985 | Time: 0.5224
Epoch 00020 | Val_Loss 0.9816 | Time(s) 0.2839
EarlyStopping counter: 18 out of 30
Epoch 00021, Step00000 | Train_Loss: 0.6892 | Time: 0.3815
Epoch 00021 | Val_Loss 0.9677 | Time(s) 0.2841
EarlyStopping counter: 19 out of 30
Epoch 00022, Step00000 | Train_Loss: 0.6417 | Time: 0.3980
Epoch 00022 | Val_Loss 0.8213 | Time(s) 0.2773
EarlyStopping counter: 20 out of 30
Epoch 00023, Step00000 | Train_Loss: 0.5845 | Time: 0.3776
Epoch 00023 | Val_Loss 0.9428 | Time(s) 0.2809
EarlyStopping counter: 21 out of 30
Epoch 00024, Step00000 | Train_Loss: 0.6383 | Time: 0.3855
Epoch 00024 | Val_Loss 0.9406 | Time(s) 0.2810
EarlyStopping counter: 22 out of 30
Epoch 00025, Step00000 | Train_Loss: 0.5729 | Time: 0.3834
Epoch 00025 | Val_Loss 0.8564 | Time(s) 0.2804
EarlyStopping counter: 23 out of 30
Epoch 00026, Step00000 | Train_Loss: 0.5509 | Time: 0.3897
Epoch 00026 | Val_Loss 0.8633 | Time(s) 0.2812
EarlyStopping counter: 24 out of 30
Epoch 00027, Step00000 | Train_Loss: 0.5594 | Time: 0.3950
Epoch 00027 | Val_Loss 0.8773 | Time(s) 0.2822
EarlyStopping counter: 25 out of 30
Epoch 00028, Step00000 | Train_Loss: 0.5209 | Time: 0.3789
Epoch 00028 | Val_Loss 0.9624 | Time(s) 0.2850
EarlyStopping counter: 26 out of 30
Epoch 00029, Step00000 | Train_Loss: 0.5239 | Time: 0.4631
Epoch 00029 | Val_Loss 1.0159 | Time(s) 0.4085
EarlyStopping counter: 27 out of 30
Epoch 00030, Step00000 | Train_Loss: 0.5033 | Time: 0.5217
Epoch 00030 | Val_Loss 1.1239 | Time(s) 0.4025
EarlyStopping counter: 28 out of 30
Epoch 00031, Step00000 | Train_Loss: 0.4902 | Time: 0.5528
Epoch 00031 | Val_Loss 1.2297 | Time(s) 0.4239
EarlyStopping counter: 29 out of 30
Epoch 00032, Step00000 | Train_Loss: 0.4787 | Time: 0.5583
Epoch 00032 | Val_Loss 1.2152 | Time(s) 0.4199
EarlyStopping counter: 30 out of 30
Early stopping!
Early stopping!
defaultdict(<class 'float'>, {'roc_auc': 0.5228529839883551, 'MRR': 0.7551470588235293})
defaultdict(<class 'float'>, {'roc_auc': 0.624721115157987, 'MRR': 0.8247549019607843})
Completed: amazon_style_ccc_features_fold_4 (rep 3)

--------------------------------------
Running model: HGT
Dataset: amazon_style_ccc_features_fold_5
Repetition: 3
--------------------------------------
Loading nodes from amazon_style_ccc_features_fold_5/node.dat
/home/simonettos/homhetgnn/HGB/LP/benchmark/data/amazon_style_ccc_features_fold_5/node.dat
0 {}
1 {'0': 558}
2 {'0': 558, '1': 940}
node_count: {'0': 558, '1': 940, '2': 19264}
('2', '5', '1'): src_max=19263, dst_max=938
('1', '4', '1'): src_max=939, dst_max=939
('0', '0', '0'): src_max=557, dst_max=553
('0', '7', '0'): src_max=557, dst_max=557
('0', '3', '0'): src_max=557, dst_max=557
('1', '6', '0'): src_max=939, dst_max=557
('1', '2', '1'): src_max=938, dst_max=938
('1', '9', '1'): src_max=791, dst_max=812
('1', '8', '1'): src_max=939, dst_max=939
('1', '1', '1'): src_max=939, dst_max=928
('1', '10', '1'): src_max=795, dst_max=380
0 0
1 558
2 1498
6
Epoch 00000, Step00000 | Train_Loss: 1.2662 | Time: 0.9666
Epoch 00000 | Val_Loss 2.4066 | Time(s) 0.4619
Validation loss decreased (inf --> 2.406649).  Saving model ...
Epoch 00001, Step00000 | Train_Loss: 1.9316 | Time: 0.5510
Epoch 00001 | Val_Loss 1.2421 | Time(s) 0.4636
Validation loss decreased (2.406649 --> 1.242072).  Saving model ...
Epoch 00002, Step00000 | Train_Loss: 1.2311 | Time: 0.5469
Epoch 00002 | Val_Loss 1.5113 | Time(s) 0.4500
EarlyStopping counter: 1 out of 30
Epoch 00003, Step00000 | Train_Loss: 1.3748 | Time: 0.5635
Epoch 00003 | Val_Loss 1.0246 | Time(s) 0.4465
Validation loss decreased (1.242072 --> 1.024633).  Saving model ...
Epoch 00004, Step00000 | Train_Loss: 1.0620 | Time: 0.5626
Epoch 00004 | Val_Loss 2.0176 | Time(s) 0.4448
EarlyStopping counter: 1 out of 30
Epoch 00005, Step00000 | Train_Loss: 1.7207 | Time: 0.5592
Epoch 00005 | Val_Loss 0.8496 | Time(s) 0.3433
Validation loss decreased (1.024633 --> 0.849583).  Saving model ...
Epoch 00006, Step00000 | Train_Loss: 0.8969 | Time: 0.4050
Epoch 00006 | Val_Loss 1.6208 | Time(s) 0.2860
EarlyStopping counter: 1 out of 30
Epoch 00007, Step00000 | Train_Loss: 1.3331 | Time: 0.3948
Epoch 00007 | Val_Loss 0.8174 | Time(s) 0.2874
Validation loss decreased (0.849583 --> 0.817433).  Saving model ...
Epoch 00008, Step00000 | Train_Loss: 0.8745 | Time: 0.3890
Epoch 00008 | Val_Loss 1.7909 | Time(s) 0.2868
EarlyStopping counter: 1 out of 30
Epoch 00009, Step00000 | Train_Loss: 1.5038 | Time: 0.3935
Epoch 00009 | Val_Loss 0.7127 | Time(s) 0.2846
Validation loss decreased (0.817433 --> 0.712703).  Saving model ...
Epoch 00010, Step00000 | Train_Loss: 0.8094 | Time: 0.3998
Epoch 00010 | Val_Loss 1.5941 | Time(s) 0.2834
EarlyStopping counter: 1 out of 30
Epoch 00011, Step00000 | Train_Loss: 1.3665 | Time: 0.3903
Epoch 00011 | Val_Loss 0.7008 | Time(s) 0.2841
Validation loss decreased (0.712703 --> 0.700829).  Saving model ...
Epoch 00012, Step00000 | Train_Loss: 0.7930 | Time: 0.3940
Epoch 00012 | Val_Loss 1.2263 | Time(s) 0.2869
EarlyStopping counter: 1 out of 30
Epoch 00013, Step00000 | Train_Loss: 1.0754 | Time: 0.3945
Epoch 00013 | Val_Loss 0.8935 | Time(s) 0.3129
EarlyStopping counter: 2 out of 30
Epoch 00014, Step00000 | Train_Loss: 0.8635 | Time: 0.5347
Epoch 00014 | Val_Loss 0.7246 | Time(s) 0.4310
EarlyStopping counter: 3 out of 30
Epoch 00015, Step00000 | Train_Loss: 0.7696 | Time: 0.3970
Epoch 00015 | Val_Loss 1.0612 | Time(s) 0.2861
EarlyStopping counter: 4 out of 30
Epoch 00016, Step00000 | Train_Loss: 0.9617 | Time: 0.3974
Epoch 00016 | Val_Loss 0.7040 | Time(s) 0.2879
EarlyStopping counter: 5 out of 30
Epoch 00017, Step00000 | Train_Loss: 0.6945 | Time: 0.3916
Epoch 00017 | Val_Loss 0.8060 | Time(s) 0.2848
EarlyStopping counter: 6 out of 30
Epoch 00018, Step00000 | Train_Loss: 0.8171 | Time: 0.3964
Epoch 00018 | Val_Loss 0.8185 | Time(s) 0.2865
EarlyStopping counter: 7 out of 30
Epoch 00019, Step00000 | Train_Loss: 0.7426 | Time: 0.3899
Epoch 00019 | Val_Loss 0.7598 | Time(s) 0.2873
EarlyStopping counter: 8 out of 30
Epoch 00020, Step00000 | Train_Loss: 0.6504 | Time: 0.3975
Epoch 00020 | Val_Loss 0.8870 | Time(s) 0.2888
EarlyStopping counter: 9 out of 30
Epoch 00021, Step00000 | Train_Loss: 0.7627 | Time: 0.3993
Epoch 00021 | Val_Loss 0.8497 | Time(s) 0.2984
EarlyStopping counter: 10 out of 30
Epoch 00022, Step00000 | Train_Loss: 0.6499 | Time: 0.4012
Epoch 00022 | Val_Loss 0.8476 | Time(s) 0.2890
EarlyStopping counter: 11 out of 30
Epoch 00023, Step00000 | Train_Loss: 0.6159 | Time: 0.4131
Epoch 00023 | Val_Loss 0.9106 | Time(s) 0.4187
EarlyStopping counter: 12 out of 30
Epoch 00024, Step00000 | Train_Loss: 0.6768 | Time: 0.5176
Epoch 00024 | Val_Loss 0.8671 | Time(s) 0.4168
EarlyStopping counter: 13 out of 30
Epoch 00025, Step00000 | Train_Loss: 0.5986 | Time: 0.5653
Epoch 00025 | Val_Loss 0.9094 | Time(s) 0.4262
EarlyStopping counter: 14 out of 30
Epoch 00026, Step00000 | Train_Loss: 0.6107 | Time: 0.5641
Epoch 00026 | Val_Loss 0.9647 | Time(s) 0.4245
EarlyStopping counter: 15 out of 30
Epoch 00027, Step00000 | Train_Loss: 0.6344 | Time: 0.5593
Epoch 00027 | Val_Loss 0.9079 | Time(s) 0.4398
EarlyStopping counter: 16 out of 30
Epoch 00028, Step00000 | Train_Loss: 0.5798 | Time: 0.5594
Epoch 00028 | Val_Loss 0.8909 | Time(s) 0.4400
EarlyStopping counter: 17 out of 30
Epoch 00029, Step00000 | Train_Loss: 0.5868 | Time: 0.5603
Epoch 00029 | Val_Loss 0.9546 | Time(s) 0.4393
EarlyStopping counter: 18 out of 30
Epoch 00030, Step00000 | Train_Loss: 0.6074 | Time: 0.5522
Epoch 00030 | Val_Loss 0.8899 | Time(s) 0.4382
EarlyStopping counter: 19 out of 30
Epoch 00031, Step00000 | Train_Loss: 0.5747 | Time: 0.5448
Epoch 00031 | Val_Loss 0.8526 | Time(s) 0.4394
EarlyStopping counter: 20 out of 30
Epoch 00032, Step00000 | Train_Loss: 0.5737 | Time: 0.5444
Epoch 00032 | Val_Loss 0.8815 | Time(s) 0.4310
EarlyStopping counter: 21 out of 30
Epoch 00033, Step00000 | Train_Loss: 0.5581 | Time: 0.5330
Epoch 00033 | Val_Loss 0.7942 | Time(s) 0.4407
EarlyStopping counter: 22 out of 30
Epoch 00034, Step00000 | Train_Loss: 0.5509 | Time: 0.5347
Epoch 00034 | Val_Loss 0.8408 | Time(s) 0.4370
EarlyStopping counter: 23 out of 30
Epoch 00035, Step00000 | Train_Loss: 0.5697 | Time: 0.5395
Epoch 00035 | Val_Loss 0.7833 | Time(s) 0.4449
EarlyStopping counter: 24 out of 30
Epoch 00036, Step00000 | Train_Loss: 0.5561 | Time: 0.5438
Epoch 00036 | Val_Loss 0.7615 | Time(s) 0.4435
EarlyStopping counter: 25 out of 30
Epoch 00037, Step00000 | Train_Loss: 0.5254 | Time: 0.5381
Epoch 00037 | Val_Loss 0.7892 | Time(s) 0.4466
EarlyStopping counter: 26 out of 30
Epoch 00038, Step00000 | Train_Loss: 0.5410 | Time: 0.5394
Epoch 00038 | Val_Loss 0.7721 | Time(s) 0.4517
EarlyStopping counter: 27 out of 30
Epoch 00039, Step00000 | Train_Loss: 0.5539 | Time: 0.5413
Epoch 00039 | Val_Loss 0.7011 | Time(s) 0.4554
EarlyStopping counter: 28 out of 30
Epoch 00040, Step00000 | Train_Loss: 0.4907 | Time: 0.5354
Epoch 00040 | Val_Loss 0.7393 | Time(s) 0.4521
EarlyStopping counter: 29 out of 30
Epoch 00041, Step00000 | Train_Loss: 0.5283 | Time: 0.5440
Epoch 00041 | Val_Loss 0.7753 | Time(s) 0.4615
EarlyStopping counter: 30 out of 30
Early stopping!
Early stopping!
defaultdict(<class 'float'>, {'roc_auc': 0.4800928042811902, 'MRR': 0.7414215686274509})
defaultdict(<class 'float'>, {'roc_auc': 0.5764026486477333, 'MRR': 0.8176470588235294})
Completed: amazon_style_ccc_features_fold_5 (rep 3)

=== Repetition 4/6 ===
--------------------------------------
Running model: HGT
Dataset: amazon_style_ccc_features_fold_1
Repetition: 4
--------------------------------------
Loading nodes from amazon_style_ccc_features_fold_1/node.dat
/home/simonettos/homhetgnn/HGB/LP/benchmark/data/amazon_style_ccc_features_fold_1/node.dat
0 {}
1 {'0': 558}
2 {'0': 558, '1': 940}
node_count: {'0': 558, '1': 940, '2': 19264}
('2', '5', '1'): src_max=19263, dst_max=938
('0', '3', '0'): src_max=557, dst_max=557
('1', '4', '1'): src_max=939, dst_max=939
('0', '7', '0'): src_max=557, dst_max=557
('1', '6', '0'): src_max=939, dst_max=556
('1', '2', '1'): src_max=938, dst_max=938
('0', '0', '0'): src_max=557, dst_max=553
('1', '8', '1'): src_max=939, dst_max=939
('1', '1', '1'): src_max=939, dst_max=928
('1', '9', '1'): src_max=791, dst_max=812
('1', '10', '1'): src_max=795, dst_max=380
0 0
1 558
2 1498
6
Epoch 00000, Step00000 | Train_Loss: 1.1533 | Time: 0.8120
Epoch 00000 | Val_Loss 2.1543 | Time(s) 0.2954
Validation loss decreased (inf --> 2.154290).  Saving model ...
Epoch 00001, Step00000 | Train_Loss: 1.7740 | Time: 0.4021
Epoch 00001 | Val_Loss 1.0064 | Time(s) 0.2882
Validation loss decreased (2.154290 --> 1.006426).  Saving model ...
Epoch 00002, Step00000 | Train_Loss: 1.1558 | Time: 0.4063
Epoch 00002 | Val_Loss 1.5465 | Time(s) 0.4260
EarlyStopping counter: 1 out of 30
Epoch 00003, Step00000 | Train_Loss: 1.3294 | Time: 0.5199
Epoch 00003 | Val_Loss 1.0740 | Time(s) 0.4247
EarlyStopping counter: 2 out of 30
Epoch 00004, Step00000 | Train_Loss: 1.0360 | Time: 0.5592
Epoch 00004 | Val_Loss 1.8276 | Time(s) 0.4350
EarlyStopping counter: 3 out of 30
Epoch 00005, Step00000 | Train_Loss: 1.5572 | Time: 0.5669
Epoch 00005 | Val_Loss 0.8987 | Time(s) 0.4304
Validation loss decreased (1.006426 --> 0.898734).  Saving model ...
Epoch 00006, Step00000 | Train_Loss: 0.9383 | Time: 0.5629
Epoch 00006 | Val_Loss 1.5666 | Time(s) 0.4355
EarlyStopping counter: 1 out of 30
Epoch 00007, Step00000 | Train_Loss: 1.3365 | Time: 0.5638
Epoch 00007 | Val_Loss 0.8350 | Time(s) 0.4297
Validation loss decreased (0.898734 --> 0.834984).  Saving model ...
Epoch 00008, Step00000 | Train_Loss: 0.8369 | Time: 0.5579
Epoch 00008 | Val_Loss 1.7098 | Time(s) 0.4292
EarlyStopping counter: 1 out of 30
Epoch 00009, Step00000 | Train_Loss: 1.4689 | Time: 0.5654
Epoch 00009 | Val_Loss 0.6960 | Time(s) 0.4343
Validation loss decreased (0.834984 --> 0.696036).  Saving model ...
Epoch 00010, Step00000 | Train_Loss: 0.7887 | Time: 0.5632
Epoch 00010 | Val_Loss 1.4771 | Time(s) 0.4444
EarlyStopping counter: 1 out of 30
Epoch 00011, Step00000 | Train_Loss: 1.2630 | Time: 0.5652
Epoch 00011 | Val_Loss 0.8661 | Time(s) 0.4303
EarlyStopping counter: 2 out of 30
Epoch 00012, Step00000 | Train_Loss: 0.8486 | Time: 0.5672
Epoch 00012 | Val_Loss 0.8226 | Time(s) 0.4326
EarlyStopping counter: 3 out of 30
Epoch 00013, Step00000 | Train_Loss: 0.8200 | Time: 0.5661
Epoch 00013 | Val_Loss 1.2676 | Time(s) 0.4351
EarlyStopping counter: 4 out of 30
Epoch 00014, Step00000 | Train_Loss: 1.0711 | Time: 0.5664
Epoch 00014 | Val_Loss 0.7432 | Time(s) 0.4406
EarlyStopping counter: 5 out of 30
Epoch 00015, Step00000 | Train_Loss: 0.7191 | Time: 0.5595
Epoch 00015 | Val_Loss 0.7941 | Time(s) 0.4403
EarlyStopping counter: 6 out of 30
Epoch 00016, Step00000 | Train_Loss: 0.7851 | Time: 0.5649
Epoch 00016 | Val_Loss 0.9354 | Time(s) 0.4329
EarlyStopping counter: 7 out of 30
Epoch 00017, Step00000 | Train_Loss: 0.7570 | Time: 0.5635
Epoch 00017 | Val_Loss 0.7852 | Time(s) 0.4338
EarlyStopping counter: 8 out of 30
Epoch 00018, Step00000 | Train_Loss: 0.6697 | Time: 0.5640
Epoch 00018 | Val_Loss 0.9072 | Time(s) 0.4367
EarlyStopping counter: 9 out of 30
Epoch 00019, Step00000 | Train_Loss: 0.8305 | Time: 0.5623
Epoch 00019 | Val_Loss 1.0511 | Time(s) 0.4366
EarlyStopping counter: 10 out of 30
Epoch 00020, Step00000 | Train_Loss: 0.7356 | Time: 0.5615
Epoch 00020 | Val_Loss 0.9127 | Time(s) 0.4411
EarlyStopping counter: 11 out of 30
Epoch 00021, Step00000 | Train_Loss: 0.6292 | Time: 0.5567
Epoch 00021 | Val_Loss 0.9856 | Time(s) 0.4428
EarlyStopping counter: 12 out of 30
Epoch 00022, Step00000 | Train_Loss: 0.7096 | Time: 0.5581
Epoch 00022 | Val_Loss 0.8719 | Time(s) 0.4384
EarlyStopping counter: 13 out of 30
Epoch 00023, Step00000 | Train_Loss: 0.5883 | Time: 0.5617
Epoch 00023 | Val_Loss 0.9981 | Time(s) 0.4359
EarlyStopping counter: 14 out of 30
Epoch 00024, Step00000 | Train_Loss: 0.6315 | Time: 0.5559
Epoch 00024 | Val_Loss 0.9079 | Time(s) 0.3919
EarlyStopping counter: 15 out of 30
Epoch 00025, Step00000 | Train_Loss: 0.5914 | Time: 0.5521
Epoch 00025 | Val_Loss 0.8605 | Time(s) 0.4359
EarlyStopping counter: 16 out of 30
Epoch 00026, Step00000 | Train_Loss: 0.5839 | Time: 0.5478
Epoch 00026 | Val_Loss 0.9562 | Time(s) 0.4347
EarlyStopping counter: 17 out of 30
Epoch 00027, Step00000 | Train_Loss: 0.5839 | Time: 0.5486
Epoch 00027 | Val_Loss 0.9068 | Time(s) 0.4340
EarlyStopping counter: 18 out of 30
Epoch 00028, Step00000 | Train_Loss: 0.5409 | Time: 0.5379
Epoch 00028 | Val_Loss 0.9982 | Time(s) 0.4387
EarlyStopping counter: 19 out of 30
Epoch 00029, Step00000 | Train_Loss: 0.5753 | Time: 0.5364
Epoch 00029 | Val_Loss 0.8403 | Time(s) 0.4370
EarlyStopping counter: 20 out of 30
Epoch 00030, Step00000 | Train_Loss: 0.5060 | Time: 0.5311
Epoch 00030 | Val_Loss 0.8731 | Time(s) 0.4351
EarlyStopping counter: 21 out of 30
Epoch 00031, Step00000 | Train_Loss: 0.5411 | Time: 0.5319
Epoch 00031 | Val_Loss 0.8145 | Time(s) 0.4396
EarlyStopping counter: 22 out of 30
Epoch 00032, Step00000 | Train_Loss: 0.5138 | Time: 0.5391
Epoch 00032 | Val_Loss 0.8473 | Time(s) 0.4334
EarlyStopping counter: 23 out of 30
Epoch 00033, Step00000 | Train_Loss: 0.5295 | Time: 0.5246
Epoch 00033 | Val_Loss 0.9241 | Time(s) 0.4348
EarlyStopping counter: 24 out of 30
Epoch 00034, Step00000 | Train_Loss: 0.5270 | Time: 0.5296
Epoch 00034 | Val_Loss 1.0344 | Time(s) 0.4305
EarlyStopping counter: 25 out of 30
Epoch 00035, Step00000 | Train_Loss: 0.5074 | Time: 0.5265
Epoch 00035 | Val_Loss 1.0444 | Time(s) 0.4397
EarlyStopping counter: 26 out of 30
Epoch 00036, Step00000 | Train_Loss: 0.5128 | Time: 0.5365
Epoch 00036 | Val_Loss 0.9344 | Time(s) 0.4412
EarlyStopping counter: 27 out of 30
Epoch 00037, Step00000 | Train_Loss: 0.4801 | Time: 0.5366
Epoch 00037 | Val_Loss 0.7532 | Time(s) 0.4362
EarlyStopping counter: 28 out of 30
Epoch 00038, Step00000 | Train_Loss: 0.4916 | Time: 0.5246
Epoch 00038 | Val_Loss 0.8098 | Time(s) 0.4429
EarlyStopping counter: 29 out of 30
Epoch 00039, Step00000 | Train_Loss: 0.4800 | Time: 0.4006
Epoch 00039 | Val_Loss 0.9895 | Time(s) 0.2819
EarlyStopping counter: 30 out of 30
Early stopping!
Early stopping!
defaultdict(<class 'float'>, {'roc_auc': 0.4784138655462185, 'MRR': 0.7178308823529411})
defaultdict(<class 'float'>, {'roc_auc': 0.5924131944444444, 'MRR': 0.7729166666666667})
Completed: amazon_style_ccc_features_fold_1 (rep 4)

--------------------------------------
Running model: HGT
Dataset: amazon_style_ccc_features_fold_2
Repetition: 4
--------------------------------------
Loading nodes from amazon_style_ccc_features_fold_2/node.dat
/home/simonettos/homhetgnn/HGB/LP/benchmark/data/amazon_style_ccc_features_fold_2/node.dat
0 {}
1 {'0': 558}
2 {'0': 558, '1': 940}
node_count: {'0': 558, '1': 940, '2': 19264}
('2', '5', '1'): src_max=19263, dst_max=938
('1', '4', '1'): src_max=939, dst_max=939
('0', '0', '0'): src_max=557, dst_max=553
('0', '7', '0'): src_max=557, dst_max=557
('0', '3', '0'): src_max=557, dst_max=557
('1', '6', '0'): src_max=939, dst_max=557
('1', '2', '1'): src_max=938, dst_max=938
('1', '9', '1'): src_max=791, dst_max=812
('1', '8', '1'): src_max=939, dst_max=939
('1', '1', '1'): src_max=939, dst_max=928
('1', '10', '1'): src_max=795, dst_max=380
0 0
1 558
2 1498
6
Epoch 00000, Step00000 | Train_Loss: 0.9873 | Time: 0.9718
Epoch 00000 | Val_Loss 1.2121 | Time(s) 0.4602
Validation loss decreased (inf --> 1.212092).  Saving model ...
Epoch 00001, Step00000 | Train_Loss: 1.0984 | Time: 0.5546
Epoch 00001 | Val_Loss 1.2886 | Time(s) 0.4525
EarlyStopping counter: 1 out of 30
Epoch 00002, Step00000 | Train_Loss: 1.1948 | Time: 0.5399
Epoch 00002 | Val_Loss 0.8903 | Time(s) 0.4403
Validation loss decreased (1.212092 --> 0.890303).  Saving model ...
Epoch 00003, Step00000 | Train_Loss: 0.9082 | Time: 0.5603
Epoch 00003 | Val_Loss 1.4333 | Time(s) 0.4490
EarlyStopping counter: 1 out of 30
Epoch 00004, Step00000 | Train_Loss: 1.2391 | Time: 0.5581
Epoch 00004 | Val_Loss 0.6773 | Time(s) 0.4449
Validation loss decreased (0.890303 --> 0.677316).  Saving model ...
Epoch 00005, Step00000 | Train_Loss: 0.7614 | Time: 0.5618
Epoch 00005 | Val_Loss 1.2875 | Time(s) 0.4383
EarlyStopping counter: 1 out of 30
Epoch 00006, Step00000 | Train_Loss: 1.1320 | Time: 0.5444
Epoch 00006 | Val_Loss 0.7824 | Time(s) 0.4434
EarlyStopping counter: 2 out of 30
Epoch 00007, Step00000 | Train_Loss: 0.8362 | Time: 0.5424
Epoch 00007 | Val_Loss 0.8050 | Time(s) 0.4534
EarlyStopping counter: 3 out of 30
Epoch 00008, Step00000 | Train_Loss: 0.8190 | Time: 0.5473
Epoch 00008 | Val_Loss 1.1008 | Time(s) 0.4711
EarlyStopping counter: 4 out of 30
Epoch 00009, Step00000 | Train_Loss: 0.9880 | Time: 0.5450
Epoch 00009 | Val_Loss 0.7522 | Time(s) 0.4521
EarlyStopping counter: 5 out of 30
Epoch 00010, Step00000 | Train_Loss: 0.7705 | Time: 0.5425
Epoch 00010 | Val_Loss 0.6567 | Time(s) 0.4560
Validation loss decreased (0.677316 --> 0.656660).  Saving model ...
Epoch 00011, Step00000 | Train_Loss: 0.7074 | Time: 0.5432
Epoch 00011 | Val_Loss 0.8637 | Time(s) 0.4259
EarlyStopping counter: 1 out of 30
Epoch 00012, Step00000 | Train_Loss: 0.7883 | Time: 0.5109
Epoch 00012 | Val_Loss 1.2066 | Time(s) 0.4489
EarlyStopping counter: 2 out of 30
Epoch 00013, Step00000 | Train_Loss: 0.9595 | Time: 0.5701
Epoch 00013 | Val_Loss 1.0361 | Time(s) 0.4435
EarlyStopping counter: 3 out of 30
Epoch 00014, Step00000 | Train_Loss: 0.9487 | Time: 0.5719
Epoch 00014 | Val_Loss 0.8608 | Time(s) 0.4416
EarlyStopping counter: 4 out of 30
Epoch 00015, Step00000 | Train_Loss: 0.6825 | Time: 0.5563
Epoch 00015 | Val_Loss 0.8667 | Time(s) 0.4475
EarlyStopping counter: 5 out of 30
Epoch 00016, Step00000 | Train_Loss: 0.6364 | Time: 0.5517
Epoch 00016 | Val_Loss 0.9648 | Time(s) 0.4588
EarlyStopping counter: 6 out of 30
Epoch 00017, Step00000 | Train_Loss: 0.7596 | Time: 0.5541
Epoch 00017 | Val_Loss 1.0593 | Time(s) 0.4666
EarlyStopping counter: 7 out of 30
Epoch 00018, Step00000 | Train_Loss: 0.6985 | Time: 0.5502
Epoch 00018 | Val_Loss 0.9582 | Time(s) 0.4619
EarlyStopping counter: 8 out of 30
Epoch 00019, Step00000 | Train_Loss: 0.6021 | Time: 0.5495
Epoch 00019 | Val_Loss 1.0450 | Time(s) 0.4603
EarlyStopping counter: 9 out of 30
Epoch 00020, Step00000 | Train_Loss: 0.6302 | Time: 0.5360
Epoch 00020 | Val_Loss 1.2788 | Time(s) 0.4331
EarlyStopping counter: 10 out of 30
Epoch 00021, Step00000 | Train_Loss: 0.7077 | Time: 0.5656
Epoch 00021 | Val_Loss 1.0486 | Time(s) 0.4456
EarlyStopping counter: 11 out of 30
Epoch 00022, Step00000 | Train_Loss: 0.5976 | Time: 0.5649
Epoch 00022 | Val_Loss 1.1048 | Time(s) 0.4426
EarlyStopping counter: 12 out of 30
Epoch 00023, Step00000 | Train_Loss: 0.5567 | Time: 0.5657
Epoch 00023 | Val_Loss 1.2055 | Time(s) 0.4452
EarlyStopping counter: 13 out of 30
Epoch 00024, Step00000 | Train_Loss: 0.5936 | Time: 0.5664
Epoch 00024 | Val_Loss 1.2018 | Time(s) 0.4434
EarlyStopping counter: 14 out of 30
Epoch 00025, Step00000 | Train_Loss: 0.5438 | Time: 0.5654
Epoch 00025 | Val_Loss 1.0973 | Time(s) 0.4427
EarlyStopping counter: 15 out of 30
Epoch 00026, Step00000 | Train_Loss: 0.5517 | Time: 0.5475
Epoch 00026 | Val_Loss 1.1744 | Time(s) 0.4575
EarlyStopping counter: 16 out of 30
Epoch 00027, Step00000 | Train_Loss: 0.5600 | Time: 0.5518
Epoch 00027 | Val_Loss 1.0177 | Time(s) 0.4660
EarlyStopping counter: 17 out of 30
Epoch 00028, Step00000 | Train_Loss: 0.5278 | Time: 0.5536
Epoch 00028 | Val_Loss 1.0612 | Time(s) 0.4524
EarlyStopping counter: 18 out of 30
Epoch 00029, Step00000 | Train_Loss: 0.5460 | Time: 0.5445
Epoch 00029 | Val_Loss 1.0483 | Time(s) 0.4633
EarlyStopping counter: 19 out of 30
Epoch 00030, Step00000 | Train_Loss: 0.5006 | Time: 0.5481
Epoch 00030 | Val_Loss 1.0668 | Time(s) 0.4580
EarlyStopping counter: 20 out of 30
Epoch 00031, Step00000 | Train_Loss: 0.5137 | Time: 0.5522
Epoch 00031 | Val_Loss 1.0807 | Time(s) 0.4476
EarlyStopping counter: 21 out of 30
Epoch 00032, Step00000 | Train_Loss: 0.5072 | Time: 0.5623
Epoch 00032 | Val_Loss 1.1936 | Time(s) 0.4496
EarlyStopping counter: 22 out of 30
Epoch 00033, Step00000 | Train_Loss: 0.5099 | Time: 0.5698
Epoch 00033 | Val_Loss 1.1684 | Time(s) 0.3573
EarlyStopping counter: 23 out of 30
Epoch 00034, Step00000 | Train_Loss: 0.5020 | Time: 0.4005
Epoch 00034 | Val_Loss 1.3246 | Time(s) 0.2867
EarlyStopping counter: 24 out of 30
Epoch 00035, Step00000 | Train_Loss: 0.4894 | Time: 0.3992
Epoch 00035 | Val_Loss 1.2503 | Time(s) 0.2873
EarlyStopping counter: 25 out of 30
Epoch 00036, Step00000 | Train_Loss: 0.4915 | Time: 0.4006
Epoch 00036 | Val_Loss 1.1188 | Time(s) 0.2844
EarlyStopping counter: 26 out of 30
Epoch 00037, Step00000 | Train_Loss: 0.4681 | Time: 0.3997
Epoch 00037 | Val_Loss 1.0284 | Time(s) 0.2854
EarlyStopping counter: 27 out of 30
Epoch 00038, Step00000 | Train_Loss: 0.4843 | Time: 0.3988
Epoch 00038 | Val_Loss 1.0280 | Time(s) 0.2864
EarlyStopping counter: 28 out of 30
Epoch 00039, Step00000 | Train_Loss: 0.4693 | Time: 0.3990
Epoch 00039 | Val_Loss 1.2081 | Time(s) 0.2898
EarlyStopping counter: 29 out of 30
Epoch 00040, Step00000 | Train_Loss: 0.4636 | Time: 0.4068
Epoch 00040 | Val_Loss 1.2565 | Time(s) 0.2911
EarlyStopping counter: 30 out of 30
Early stopping!
Early stopping!
defaultdict(<class 'float'>, {'roc_auc': 0.5061935483870967, 'MRR': 0.7331050228310502})
defaultdict(<class 'float'>, {'roc_auc': 0.629536, 'MRR': 0.7758751902587518})
Completed: amazon_style_ccc_features_fold_2 (rep 4)

--------------------------------------
Running model: HGT
Dataset: amazon_style_ccc_features_fold_3
Repetition: 4
--------------------------------------
Loading nodes from amazon_style_ccc_features_fold_3/node.dat
/home/simonettos/homhetgnn/HGB/LP/benchmark/data/amazon_style_ccc_features_fold_3/node.dat
0 {}
1 {'0': 558}
2 {'0': 558, '1': 940}
node_count: {'0': 558, '1': 940, '2': 19264}
('2', '5', '1'): src_max=19263, dst_max=938
('1', '4', '1'): src_max=939, dst_max=939
('0', '0', '0'): src_max=557, dst_max=553
('0', '7', '0'): src_max=557, dst_max=557
('0', '3', '0'): src_max=557, dst_max=557
('1', '6', '0'): src_max=939, dst_max=557
('1', '2', '1'): src_max=938, dst_max=938
('1', '9', '1'): src_max=791, dst_max=812
('1', '8', '1'): src_max=939, dst_max=939
('1', '1', '1'): src_max=939, dst_max=928
('1', '10', '1'): src_max=795, dst_max=380
0 0
1 558
2 1498
6
Epoch 00000, Step00000 | Train_Loss: 1.2161 | Time: 0.9729
Epoch 00000 | Val_Loss 2.2099 | Time(s) 0.4474
Validation loss decreased (inf --> 2.209894).  Saving model ...
Epoch 00001, Step00000 | Train_Loss: 1.8519 | Time: 0.5707
Epoch 00001 | Val_Loss 1.2274 | Time(s) 0.4479
Validation loss decreased (2.209894 --> 1.227427).  Saving model ...
Epoch 00002, Step00000 | Train_Loss: 1.2060 | Time: 0.5687
Epoch 00002 | Val_Loss 1.3035 | Time(s) 0.4497
EarlyStopping counter: 1 out of 30
Epoch 00003, Step00000 | Train_Loss: 1.2439 | Time: 0.5685
Epoch 00003 | Val_Loss 1.2359 | Time(s) 0.4477
EarlyStopping counter: 2 out of 30
Epoch 00004, Step00000 | Train_Loss: 1.1565 | Time: 0.5663
Epoch 00004 | Val_Loss 1.0424 | Time(s) 0.4477
Validation loss decreased (1.227427 --> 1.042390).  Saving model ...
Epoch 00005, Step00000 | Train_Loss: 1.0889 | Time: 0.5664
Epoch 00005 | Val_Loss 0.8663 | Time(s) 0.4504
Validation loss decreased (1.042390 --> 0.866331).  Saving model ...
Epoch 00006, Step00000 | Train_Loss: 0.9088 | Time: 0.5282
Epoch 00006 | Val_Loss 0.9917 | Time(s) 0.4629
EarlyStopping counter: 1 out of 30
Epoch 00007, Step00000 | Train_Loss: 0.9630 | Time: 0.5542
Epoch 00007 | Val_Loss 0.7277 | Time(s) 0.4588
Validation loss decreased (0.866331 --> 0.727685).  Saving model ...
Epoch 00008, Step00000 | Train_Loss: 0.8306 | Time: 0.5608
Epoch 00008 | Val_Loss 1.0233 | Time(s) 0.4621
EarlyStopping counter: 1 out of 30
Epoch 00009, Step00000 | Train_Loss: 1.0329 | Time: 0.5513
Epoch 00009 | Val_Loss 0.8343 | Time(s) 0.4689
EarlyStopping counter: 2 out of 30
Epoch 00010, Step00000 | Train_Loss: 0.8574 | Time: 0.5517
Epoch 00010 | Val_Loss 0.6832 | Time(s) 0.4679
Validation loss decreased (0.727685 --> 0.683244).  Saving model ...
Epoch 00011, Step00000 | Train_Loss: 0.7476 | Time: 0.5626
Epoch 00011 | Val_Loss 0.7926 | Time(s) 0.4668
EarlyStopping counter: 1 out of 30
Epoch 00012, Step00000 | Train_Loss: 0.8130 | Time: 0.5524
Epoch 00012 | Val_Loss 0.9061 | Time(s) 0.4599
EarlyStopping counter: 2 out of 30
Epoch 00013, Step00000 | Train_Loss: 0.8734 | Time: 0.5474
Epoch 00013 | Val_Loss 0.8235 | Time(s) 0.4504
EarlyStopping counter: 3 out of 30
Epoch 00014, Step00000 | Train_Loss: 0.8441 | Time: 0.5660
Epoch 00014 | Val_Loss 0.7796 | Time(s) 0.4473
EarlyStopping counter: 4 out of 30
Epoch 00015, Step00000 | Train_Loss: 0.7539 | Time: 0.5616
Epoch 00015 | Val_Loss 0.6991 | Time(s) 0.4453
EarlyStopping counter: 5 out of 30
Epoch 00016, Step00000 | Train_Loss: 0.6862 | Time: 0.5685
Epoch 00016 | Val_Loss 0.7447 | Time(s) 0.4490
EarlyStopping counter: 6 out of 30
Epoch 00017, Step00000 | Train_Loss: 0.6819 | Time: 0.5647
Epoch 00017 | Val_Loss 0.9161 | Time(s) 0.4462
EarlyStopping counter: 7 out of 30
Epoch 00018, Step00000 | Train_Loss: 0.7817 | Time: 0.5668
Epoch 00018 | Val_Loss 0.9739 | Time(s) 0.4458
EarlyStopping counter: 8 out of 30
Epoch 00019, Step00000 | Train_Loss: 0.7901 | Time: 0.5682
Epoch 00019 | Val_Loss 0.8297 | Time(s) 0.4437
EarlyStopping counter: 9 out of 30
Epoch 00020, Step00000 | Train_Loss: 0.6742 | Time: 0.5723
Epoch 00020 | Val_Loss 0.8195 | Time(s) 0.4461
EarlyStopping counter: 10 out of 30
Epoch 00021, Step00000 | Train_Loss: 0.6102 | Time: 0.5494
Epoch 00021 | Val_Loss 0.8055 | Time(s) 0.4493
EarlyStopping counter: 11 out of 30
Epoch 00022, Step00000 | Train_Loss: 0.7053 | Time: 0.5514
Epoch 00022 | Val_Loss 0.8395 | Time(s) 0.4492
EarlyStopping counter: 12 out of 30
Epoch 00023, Step00000 | Train_Loss: 0.6165 | Time: 0.5512
Epoch 00023 | Val_Loss 0.8606 | Time(s) 0.4593
EarlyStopping counter: 13 out of 30
Epoch 00024, Step00000 | Train_Loss: 0.5869 | Time: 0.5520
Epoch 00024 | Val_Loss 0.8875 | Time(s) 0.4616
EarlyStopping counter: 14 out of 30
Epoch 00025, Step00000 | Train_Loss: 0.6069 | Time: 0.4620
Epoch 00025 | Val_Loss 0.8748 | Time(s) 0.2870
EarlyStopping counter: 15 out of 30
Epoch 00026, Step00000 | Train_Loss: 0.5663 | Time: 0.4001
Epoch 00026 | Val_Loss 0.9000 | Time(s) 0.2828
EarlyStopping counter: 16 out of 30
Epoch 00027, Step00000 | Train_Loss: 0.5856 | Time: 0.3907
Epoch 00027 | Val_Loss 0.9864 | Time(s) 0.2809
EarlyStopping counter: 17 out of 30
Epoch 00028, Step00000 | Train_Loss: 0.6172 | Time: 0.3872
Epoch 00028 | Val_Loss 0.9040 | Time(s) 0.2806
EarlyStopping counter: 18 out of 30
Epoch 00029, Step00000 | Train_Loss: 0.5814 | Time: 0.3869
Epoch 00029 | Val_Loss 0.8593 | Time(s) 0.2773
EarlyStopping counter: 19 out of 30
Epoch 00030, Step00000 | Train_Loss: 0.5401 | Time: 0.3818
Epoch 00030 | Val_Loss 0.8484 | Time(s) 0.2795
EarlyStopping counter: 20 out of 30
Epoch 00031, Step00000 | Train_Loss: 0.5553 | Time: 0.3852
Epoch 00031 | Val_Loss 0.7807 | Time(s) 0.2865
EarlyStopping counter: 21 out of 30
Epoch 00032, Step00000 | Train_Loss: 0.5372 | Time: 0.3953
Epoch 00032 | Val_Loss 0.7679 | Time(s) 0.2880
EarlyStopping counter: 22 out of 30
Epoch 00033, Step00000 | Train_Loss: 0.5308 | Time: 0.3923
Epoch 00033 | Val_Loss 0.8352 | Time(s) 0.4430
EarlyStopping counter: 23 out of 30
Epoch 00034, Step00000 | Train_Loss: 0.5102 | Time: 0.5242
Epoch 00034 | Val_Loss 0.8312 | Time(s) 0.2958
EarlyStopping counter: 24 out of 30
Epoch 00035, Step00000 | Train_Loss: 0.5026 | Time: 0.3886
Epoch 00035 | Val_Loss 0.8182 | Time(s) 0.2866
EarlyStopping counter: 25 out of 30
Epoch 00036, Step00000 | Train_Loss: 0.4959 | Time: 0.4091
Epoch 00036 | Val_Loss 0.9362 | Time(s) 0.2843
EarlyStopping counter: 26 out of 30
Epoch 00037, Step00000 | Train_Loss: 0.4899 | Time: 0.3874
Epoch 00037 | Val_Loss 0.8802 | Time(s) 0.2851
EarlyStopping counter: 27 out of 30
Epoch 00038, Step00000 | Train_Loss: 0.4898 | Time: 0.3924
Epoch 00038 | Val_Loss 0.8171 | Time(s) 0.2858
EarlyStopping counter: 28 out of 30
Epoch 00039, Step00000 | Train_Loss: 0.4777 | Time: 0.3943
Epoch 00039 | Val_Loss 0.9360 | Time(s) 0.2872
EarlyStopping counter: 29 out of 30
Epoch 00040, Step00000 | Train_Loss: 0.4814 | Time: 0.3984
Epoch 00040 | Val_Loss 1.0350 | Time(s) 0.2863
EarlyStopping counter: 30 out of 30
Early stopping!
Early stopping!
defaultdict(<class 'float'>, {'roc_auc': 0.5393505343704547, 'MRR': 0.7853535353535352})
defaultdict(<class 'float'>, {'roc_auc': 0.6162761400856639, 'MRR': 0.8150252525252526})
Completed: amazon_style_ccc_features_fold_3 (rep 4)

--------------------------------------
Running model: HGT
Dataset: amazon_style_ccc_features_fold_4
Repetition: 4
--------------------------------------
Loading nodes from amazon_style_ccc_features_fold_4/node.dat
/home/simonettos/homhetgnn/HGB/LP/benchmark/data/amazon_style_ccc_features_fold_4/node.dat
0 {}
1 {'0': 558}
2 {'0': 558, '1': 940}
node_count: {'0': 558, '1': 940, '2': 19264}
('2', '5', '1'): src_max=19263, dst_max=938
('1', '4', '1'): src_max=939, dst_max=939
('0', '0', '0'): src_max=557, dst_max=553
('0', '7', '0'): src_max=557, dst_max=557
('0', '3', '0'): src_max=557, dst_max=557
('1', '6', '0'): src_max=939, dst_max=556
('1', '2', '1'): src_max=938, dst_max=938
('1', '9', '1'): src_max=791, dst_max=812
('1', '8', '1'): src_max=939, dst_max=939
('1', '1', '1'): src_max=939, dst_max=928
('1', '10', '1'): src_max=795, dst_max=380
0 0
1 558
2 1498
6
Epoch 00000, Step00000 | Train_Loss: 1.0623 | Time: 0.9496
Epoch 00000 | Val_Loss 1.9774 | Time(s) 0.4625
Validation loss decreased (inf --> 1.977352).  Saving model ...
Epoch 00001, Step00000 | Train_Loss: 1.7884 | Time: 0.5481
Epoch 00001 | Val_Loss 0.8460 | Time(s) 0.4588
Validation loss decreased (1.977352 --> 0.845958).  Saving model ...
Epoch 00002, Step00000 | Train_Loss: 1.0395 | Time: 0.5562
Epoch 00002 | Val_Loss 1.6435 | Time(s) 0.4610
EarlyStopping counter: 1 out of 30
Epoch 00003, Step00000 | Train_Loss: 1.4511 | Time: 0.5425
Epoch 00003 | Val_Loss 0.8589 | Time(s) 0.4631
EarlyStopping counter: 2 out of 30
Epoch 00004, Step00000 | Train_Loss: 0.9251 | Time: 0.5446
Epoch 00004 | Val_Loss 1.8479 | Time(s) 0.4640
EarlyStopping counter: 3 out of 30
Epoch 00005, Step00000 | Train_Loss: 1.4927 | Time: 0.5415
Epoch 00005 | Val_Loss 0.8019 | Time(s) 0.4654
Validation loss decreased (0.845958 --> 0.801902).  Saving model ...
Epoch 00006, Step00000 | Train_Loss: 0.9461 | Time: 0.5567
Epoch 00006 | Val_Loss 1.7694 | Time(s) 0.4688
EarlyStopping counter: 1 out of 30
Epoch 00007, Step00000 | Train_Loss: 1.5382 | Time: 0.5389
Epoch 00007 | Val_Loss 0.8468 | Time(s) 0.4445
EarlyStopping counter: 2 out of 30
Epoch 00008, Step00000 | Train_Loss: 0.8920 | Time: 0.5647
Epoch 00008 | Val_Loss 1.8412 | Time(s) 0.4443
EarlyStopping counter: 3 out of 30
Epoch 00009, Step00000 | Train_Loss: 1.6114 | Time: 0.5712
Epoch 00009 | Val_Loss 0.6846 | Time(s) 0.4463
Validation loss decreased (0.801902 --> 0.684587).  Saving model ...
Epoch 00010, Step00000 | Train_Loss: 0.7705 | Time: 0.5731
Epoch 00010 | Val_Loss 1.6415 | Time(s) 0.4444
EarlyStopping counter: 1 out of 30
Epoch 00011, Step00000 | Train_Loss: 1.4278 | Time: 0.5567
Epoch 00011 | Val_Loss 0.7527 | Time(s) 0.4484
EarlyStopping counter: 2 out of 30
Epoch 00012, Step00000 | Train_Loss: 0.8207 | Time: 0.5605
Epoch 00012 | Val_Loss 1.0658 | Time(s) 0.4444
EarlyStopping counter: 3 out of 30
Epoch 00013, Step00000 | Train_Loss: 0.9952 | Time: 0.5643
Epoch 00013 | Val_Loss 1.0428 | Time(s) 0.4254
EarlyStopping counter: 4 out of 30
Epoch 00014, Step00000 | Train_Loss: 0.9688 | Time: 0.4009
Epoch 00014 | Val_Loss 0.6696 | Time(s) 0.2975
Validation loss decreased (0.684587 --> 0.669625).  Saving model ...
Epoch 00015, Step00000 | Train_Loss: 0.7613 | Time: 0.4112
Epoch 00015 | Val_Loss 0.9356 | Time(s) 0.2849
EarlyStopping counter: 1 out of 30
Epoch 00016, Step00000 | Train_Loss: 0.8963 | Time: 0.3978
Epoch 00016 | Val_Loss 0.6867 | Time(s) 0.2848
EarlyStopping counter: 2 out of 30
Epoch 00017, Step00000 | Train_Loss: 0.7448 | Time: 0.3847
Epoch 00017 | Val_Loss 0.7813 | Time(s) 0.2821
EarlyStopping counter: 3 out of 30
Epoch 00018, Step00000 | Train_Loss: 0.7665 | Time: 0.3890
Epoch 00018 | Val_Loss 0.7435 | Time(s) 0.2839
EarlyStopping counter: 4 out of 30
Epoch 00019, Step00000 | Train_Loss: 0.7439 | Time: 0.3865
Epoch 00019 | Val_Loss 0.6886 | Time(s) 0.2822
EarlyStopping counter: 5 out of 30
Epoch 00020, Step00000 | Train_Loss: 0.6688 | Time: 0.3999
Epoch 00020 | Val_Loss 0.7385 | Time(s) 0.2874
EarlyStopping counter: 6 out of 30
Epoch 00021, Step00000 | Train_Loss: 0.7289 | Time: 0.3970
Epoch 00021 | Val_Loss 0.8011 | Time(s) 0.2865
EarlyStopping counter: 7 out of 30
Epoch 00022, Step00000 | Train_Loss: 0.6848 | Time: 0.4730
Epoch 00022 | Val_Loss 0.7237 | Time(s) 0.4211
EarlyStopping counter: 8 out of 30
Epoch 00023, Step00000 | Train_Loss: 0.6308 | Time: 0.4793
Epoch 00023 | Val_Loss 0.8713 | Time(s) 0.2822
EarlyStopping counter: 9 out of 30
Epoch 00024, Step00000 | Train_Loss: 0.6449 | Time: 0.3927
Epoch 00024 | Val_Loss 0.9701 | Time(s) 0.2846
EarlyStopping counter: 10 out of 30
Epoch 00025, Step00000 | Train_Loss: 0.6990 | Time: 0.3980
Epoch 00025 | Val_Loss 0.9427 | Time(s) 0.2819
EarlyStopping counter: 11 out of 30
Epoch 00026, Step00000 | Train_Loss: 0.7014 | Time: 0.3866
Epoch 00026 | Val_Loss 0.9089 | Time(s) 0.2857
EarlyStopping counter: 12 out of 30
Epoch 00027, Step00000 | Train_Loss: 0.6208 | Time: 0.3918
Epoch 00027 | Val_Loss 0.8551 | Time(s) 0.2854
EarlyStopping counter: 13 out of 30
Epoch 00028, Step00000 | Train_Loss: 0.5753 | Time: 0.3948
Epoch 00028 | Val_Loss 0.9233 | Time(s) 0.2863
EarlyStopping counter: 14 out of 30
Epoch 00029, Step00000 | Train_Loss: 0.5723 | Time: 0.3935
Epoch 00029 | Val_Loss 0.8993 | Time(s) 0.2871
EarlyStopping counter: 15 out of 30
Epoch 00030, Step00000 | Train_Loss: 0.5777 | Time: 0.4072
Epoch 00030 | Val_Loss 0.9272 | Time(s) 0.2843
EarlyStopping counter: 16 out of 30
Epoch 00031, Step00000 | Train_Loss: 0.5624 | Time: 0.4008
Epoch 00031 | Val_Loss 0.9044 | Time(s) 0.3652
EarlyStopping counter: 17 out of 30
Epoch 00032, Step00000 | Train_Loss: 0.5594 | Time: 0.4918
Epoch 00032 | Val_Loss 0.8534 | Time(s) 0.4251
EarlyStopping counter: 18 out of 30
Epoch 00033, Step00000 | Train_Loss: 0.5562 | Time: 0.5191
Epoch 00033 | Val_Loss 0.7843 | Time(s) 0.4557
EarlyStopping counter: 19 out of 30
Epoch 00034, Step00000 | Train_Loss: 0.5405 | Time: 0.5309
Epoch 00034 | Val_Loss 0.8085 | Time(s) 0.4636
EarlyStopping counter: 20 out of 30
Epoch 00035, Step00000 | Train_Loss: 0.5298 | Time: 0.5317
Epoch 00035 | Val_Loss 0.8483 | Time(s) 0.4546
EarlyStopping counter: 21 out of 30
Epoch 00036, Step00000 | Train_Loss: 0.5252 | Time: 0.5358
Epoch 00036 | Val_Loss 0.8312 | Time(s) 0.4554
EarlyStopping counter: 22 out of 30
Epoch 00037, Step00000 | Train_Loss: 0.5177 | Time: 0.5153
Epoch 00037 | Val_Loss 0.8987 | Time(s) 0.4554
EarlyStopping counter: 23 out of 30
Epoch 00038, Step00000 | Train_Loss: 0.5178 | Time: 0.5397
Epoch 00038 | Val_Loss 0.7828 | Time(s) 0.4579
EarlyStopping counter: 24 out of 30
Epoch 00039, Step00000 | Train_Loss: 0.5071 | Time: 0.5453
Epoch 00039 | Val_Loss 0.8390 | Time(s) 0.4634
EarlyStopping counter: 25 out of 30
Epoch 00040, Step00000 | Train_Loss: 0.5207 | Time: 0.5450
Epoch 00040 | Val_Loss 0.7740 | Time(s) 0.4642
EarlyStopping counter: 26 out of 30
Epoch 00041, Step00000 | Train_Loss: 0.5130 | Time: 0.5379
Epoch 00041 | Val_Loss 0.8178 | Time(s) 0.4569
EarlyStopping counter: 27 out of 30
Epoch 00042, Step00000 | Train_Loss: 0.4996 | Time: 0.5432
Epoch 00042 | Val_Loss 0.7742 | Time(s) 0.4533
EarlyStopping counter: 28 out of 30
Epoch 00043, Step00000 | Train_Loss: 0.4924 | Time: 0.5369
Epoch 00043 | Val_Loss 0.8577 | Time(s) 0.4601
EarlyStopping counter: 29 out of 30
Epoch 00044, Step00000 | Train_Loss: 0.4825 | Time: 0.5479
Epoch 00044 | Val_Loss 0.8298 | Time(s) 0.4622
EarlyStopping counter: 30 out of 30
Early stopping!
Early stopping!
defaultdict(<class 'float'>, {'roc_auc': 0.5336050460941291, 'MRR': 0.7598039215686274})
defaultdict(<class 'float'>, {'roc_auc': 0.6748536450487215, 'MRR': 0.810049019607843})
Completed: amazon_style_ccc_features_fold_4 (rep 4)

--------------------------------------
Running model: HGT
Dataset: amazon_style_ccc_features_fold_5
Repetition: 4
--------------------------------------
Loading nodes from amazon_style_ccc_features_fold_5/node.dat
/home/simonettos/homhetgnn/HGB/LP/benchmark/data/amazon_style_ccc_features_fold_5/node.dat
0 {}
1 {'0': 558}
2 {'0': 558, '1': 940}
node_count: {'0': 558, '1': 940, '2': 19264}
('2', '5', '1'): src_max=19263, dst_max=938
('1', '4', '1'): src_max=939, dst_max=939
('0', '0', '0'): src_max=557, dst_max=553
('0', '7', '0'): src_max=557, dst_max=557
('0', '3', '0'): src_max=557, dst_max=557
('1', '6', '0'): src_max=939, dst_max=557
('1', '2', '1'): src_max=938, dst_max=938
('1', '9', '1'): src_max=791, dst_max=812
('1', '8', '1'): src_max=939, dst_max=939
('1', '1', '1'): src_max=939, dst_max=928
('1', '10', '1'): src_max=795, dst_max=380
0 0
1 558
2 1498
6
Epoch 00000, Step00000 | Train_Loss: 1.2017 | Time: 0.7997
Epoch 00000 | Val_Loss 2.7211 | Time(s) 0.3120
Validation loss decreased (inf --> 2.721113).  Saving model ...
Epoch 00001, Step00000 | Train_Loss: 2.1142 | Time: 0.5238
Epoch 00001 | Val_Loss 1.1337 | Time(s) 0.4104
Validation loss decreased (2.721113 --> 1.133660).  Saving model ...
Epoch 00002, Step00000 | Train_Loss: 1.1973 | Time: 0.3980
Epoch 00002 | Val_Loss 2.0194 | Time(s) 0.2860
EarlyStopping counter: 1 out of 30
Epoch 00003, Step00000 | Train_Loss: 1.7432 | Time: 0.4081
Epoch 00003 | Val_Loss 1.2801 | Time(s) 0.2872
EarlyStopping counter: 2 out of 30
Epoch 00004, Step00000 | Train_Loss: 1.1930 | Time: 0.3962
Epoch 00004 | Val_Loss 1.6235 | Time(s) 0.2874
EarlyStopping counter: 3 out of 30
Epoch 00005, Step00000 | Train_Loss: 1.4526 | Time: 0.3972
Epoch 00005 | Val_Loss 1.1696 | Time(s) 0.2851
EarlyStopping counter: 4 out of 30
Epoch 00006, Step00000 | Train_Loss: 1.1131 | Time: 0.4009
Epoch 00006 | Val_Loss 1.2077 | Time(s) 0.2889
EarlyStopping counter: 5 out of 30
Epoch 00007, Step00000 | Train_Loss: 1.0988 | Time: 0.4013
Epoch 00007 | Val_Loss 1.0145 | Time(s) 0.2852
Validation loss decreased (1.133660 --> 1.014461).  Saving model ...
Epoch 00008, Step00000 | Train_Loss: 0.9494 | Time: 0.4096
Epoch 00008 | Val_Loss 1.1647 | Time(s) 0.2873
EarlyStopping counter: 1 out of 30
Epoch 00009, Step00000 | Train_Loss: 1.1094 | Time: 0.4056
Epoch 00009 | Val_Loss 0.7308 | Time(s) 0.3074
Validation loss decreased (1.014461 --> 0.730826).  Saving model ...
Epoch 00010, Step00000 | Train_Loss: 0.7961 | Time: 0.5499
Epoch 00010 | Val_Loss 1.3013 | Time(s) 0.4406
EarlyStopping counter: 1 out of 30
Epoch 00011, Step00000 | Train_Loss: 1.1526 | Time: 0.5428
Epoch 00011 | Val_Loss 0.7031 | Time(s) 0.4682
Validation loss decreased (0.730826 --> 0.703146).  Saving model ...
Epoch 00012, Step00000 | Train_Loss: 0.7428 | Time: 0.5347
Epoch 00012 | Val_Loss 0.9307 | Time(s) 0.4659
EarlyStopping counter: 1 out of 30
Epoch 00013, Step00000 | Train_Loss: 0.9114 | Time: 0.5403
Epoch 00013 | Val_Loss 1.0299 | Time(s) 0.4722
EarlyStopping counter: 2 out of 30
Epoch 00014, Step00000 | Train_Loss: 0.9389 | Time: 0.5561
Epoch 00014 | Val_Loss 0.6662 | Time(s) 0.4678
Validation loss decreased (0.703146 --> 0.666188).  Saving model ...
Epoch 00015, Step00000 | Train_Loss: 0.7229 | Time: 0.5533
Epoch 00015 | Val_Loss 1.0037 | Time(s) 0.4516
EarlyStopping counter: 1 out of 30
Epoch 00016, Step00000 | Train_Loss: 0.8947 | Time: 0.5698
Epoch 00016 | Val_Loss 0.7983 | Time(s) 0.4421
EarlyStopping counter: 2 out of 30
Epoch 00017, Step00000 | Train_Loss: 0.7201 | Time: 0.5715
Epoch 00017 | Val_Loss 0.8772 | Time(s) 0.4506
EarlyStopping counter: 3 out of 30
Epoch 00018, Step00000 | Train_Loss: 0.7073 | Time: 0.5631
Epoch 00018 | Val_Loss 0.8869 | Time(s) 0.4483
EarlyStopping counter: 4 out of 30
Epoch 00019, Step00000 | Train_Loss: 0.7251 | Time: 0.5694
Epoch 00019 | Val_Loss 0.8960 | Time(s) 0.4507
EarlyStopping counter: 5 out of 30
Epoch 00020, Step00000 | Train_Loss: 0.6435 | Time: 0.5784
Epoch 00020 | Val_Loss 1.1093 | Time(s) 0.4513
EarlyStopping counter: 6 out of 30
Epoch 00021, Step00000 | Train_Loss: 0.7466 | Time: 0.5694
Epoch 00021 | Val_Loss 0.9859 | Time(s) 0.4465
EarlyStopping counter: 7 out of 30
Epoch 00022, Step00000 | Train_Loss: 0.6278 | Time: 0.5719
Epoch 00022 | Val_Loss 0.9637 | Time(s) 0.4454
EarlyStopping counter: 8 out of 30
Epoch 00023, Step00000 | Train_Loss: 0.6246 | Time: 0.5746
Epoch 00023 | Val_Loss 1.0217 | Time(s) 0.4487
EarlyStopping counter: 9 out of 30
Epoch 00024, Step00000 | Train_Loss: 0.6556 | Time: 0.5696
Epoch 00024 | Val_Loss 0.9170 | Time(s) 0.4468
EarlyStopping counter: 10 out of 30
Epoch 00025, Step00000 | Train_Loss: 0.5917 | Time: 0.5523
Epoch 00025 | Val_Loss 0.9443 | Time(s) 0.4484
EarlyStopping counter: 11 out of 30
Epoch 00026, Step00000 | Train_Loss: 0.5979 | Time: 0.5587
Epoch 00026 | Val_Loss 1.0218 | Time(s) 0.4542
EarlyStopping counter: 12 out of 30
Epoch 00027, Step00000 | Train_Loss: 0.5970 | Time: 0.5430
Epoch 00027 | Val_Loss 0.9898 | Time(s) 0.4677
EarlyStopping counter: 13 out of 30
Epoch 00028, Step00000 | Train_Loss: 0.5672 | Time: 0.5533
Epoch 00028 | Val_Loss 1.0312 | Time(s) 0.4640
EarlyStopping counter: 14 out of 30
Epoch 00029, Step00000 | Train_Loss: 0.5664 | Time: 0.5459
Epoch 00029 | Val_Loss 1.0280 | Time(s) 0.4651
EarlyStopping counter: 15 out of 30
Epoch 00030, Step00000 | Train_Loss: 0.5473 | Time: 0.5499
Epoch 00030 | Val_Loss 0.9380 | Time(s) 0.4679
EarlyStopping counter: 16 out of 30
Epoch 00031, Step00000 | Train_Loss: 0.5572 | Time: 0.5515
Epoch 00031 | Val_Loss 0.9382 | Time(s) 0.4622
EarlyStopping counter: 17 out of 30
Epoch 00032, Step00000 | Train_Loss: 0.5515 | Time: 0.5578
Epoch 00032 | Val_Loss 0.9398 | Time(s) 0.3632
EarlyStopping counter: 18 out of 30
Epoch 00033, Step00000 | Train_Loss: 0.5271 | Time: 0.5718
Epoch 00033 | Val_Loss 0.9505 | Time(s) 0.4490
EarlyStopping counter: 19 out of 30
Epoch 00034, Step00000 | Train_Loss: 0.5048 | Time: 0.5711
Epoch 00034 | Val_Loss 1.0328 | Time(s) 0.4525
EarlyStopping counter: 20 out of 30
Epoch 00035, Step00000 | Train_Loss: 0.5157 | Time: 0.5665
Epoch 00035 | Val_Loss 0.9892 | Time(s) 0.4496
EarlyStopping counter: 21 out of 30
Epoch 00036, Step00000 | Train_Loss: 0.5152 | Time: 0.5703
Epoch 00036 | Val_Loss 1.0584 | Time(s) 0.4505
EarlyStopping counter: 22 out of 30
Epoch 00037, Step00000 | Train_Loss: 0.5163 | Time: 0.5691
Epoch 00037 | Val_Loss 0.9652 | Time(s) 0.4496
EarlyStopping counter: 23 out of 30
Epoch 00038, Step00000 | Train_Loss: 0.5063 | Time: 0.5661
Epoch 00038 | Val_Loss 1.0813 | Time(s) 0.4445
EarlyStopping counter: 24 out of 30
Epoch 00039, Step00000 | Train_Loss: 0.5131 | Time: 0.5711
Epoch 00039 | Val_Loss 1.1812 | Time(s) 0.4512
EarlyStopping counter: 25 out of 30
Epoch 00040, Step00000 | Train_Loss: 0.4941 | Time: 0.5721
Epoch 00040 | Val_Loss 1.2896 | Time(s) 0.4460
EarlyStopping counter: 26 out of 30
Epoch 00041, Step00000 | Train_Loss: 0.4880 | Time: 0.5653
Epoch 00041 | Val_Loss 1.2783 | Time(s) 0.4462
EarlyStopping counter: 27 out of 30
Epoch 00042, Step00000 | Train_Loss: 0.4836 | Time: 0.5558
Epoch 00042 | Val_Loss 1.1924 | Time(s) 0.4475
EarlyStopping counter: 28 out of 30
Epoch 00043, Step00000 | Train_Loss: 0.4787 | Time: 0.5573
Epoch 00043 | Val_Loss 1.2023 | Time(s) 0.4572
EarlyStopping counter: 29 out of 30
Epoch 00044, Step00000 | Train_Loss: 0.4823 | Time: 0.5528
Epoch 00044 | Val_Loss 1.2599 | Time(s) 0.4701
EarlyStopping counter: 30 out of 30
Early stopping!
Early stopping!
defaultdict(<class 'float'>, {'roc_auc': 0.4810581042862707, 'MRR': 0.7144607843137254})
defaultdict(<class 'float'>, {'roc_auc': 0.6359294822943657, 'MRR': 0.8002450980392156})
Completed: amazon_style_ccc_features_fold_5 (rep 4)

=== Repetition 5/6 ===
--------------------------------------
Running model: HGT
Dataset: amazon_style_ccc_features_fold_1
Repetition: 5
--------------------------------------
Loading nodes from amazon_style_ccc_features_fold_1/node.dat
/home/simonettos/homhetgnn/HGB/LP/benchmark/data/amazon_style_ccc_features_fold_1/node.dat
0 {}
1 {'0': 558}
2 {'0': 558, '1': 940}
node_count: {'0': 558, '1': 940, '2': 19264}
('2', '5', '1'): src_max=19263, dst_max=938
('0', '3', '0'): src_max=557, dst_max=557
('1', '4', '1'): src_max=939, dst_max=939
('0', '7', '0'): src_max=557, dst_max=557
('1', '6', '0'): src_max=939, dst_max=556
('1', '2', '1'): src_max=938, dst_max=938
('0', '0', '0'): src_max=557, dst_max=553
('1', '8', '1'): src_max=939, dst_max=939
('1', '1', '1'): src_max=939, dst_max=928
('1', '9', '1'): src_max=791, dst_max=812
('1', '10', '1'): src_max=795, dst_max=380
0 0
1 558
2 1498
6
Epoch 00000, Step00000 | Train_Loss: 1.5721 | Time: 0.9539
Epoch 00000 | Val_Loss 1.5177 | Time(s) 0.4720
Validation loss decreased (inf --> 1.517650).  Saving model ...
Epoch 00001, Step00000 | Train_Loss: 1.4573 | Time: 0.6059
Epoch 00001 | Val_Loss 1.3077 | Time(s) 0.4476
Validation loss decreased (1.517650 --> 1.307704).  Saving model ...
Epoch 00002, Step00000 | Train_Loss: 1.3796 | Time: 0.5515
Epoch 00002 | Val_Loss 0.8808 | Time(s) 0.4460
Validation loss decreased (1.307704 --> 0.880820).  Saving model ...
Epoch 00003, Step00000 | Train_Loss: 1.0134 | Time: 0.5443
Epoch 00003 | Val_Loss 1.2047 | Time(s) 0.4434
EarlyStopping counter: 1 out of 30
Epoch 00004, Step00000 | Train_Loss: 1.1401 | Time: 0.5499
Epoch 00004 | Val_Loss 0.7200 | Time(s) 0.4482
Validation loss decreased (0.880820 --> 0.720050).  Saving model ...
Epoch 00005, Step00000 | Train_Loss: 0.8632 | Time: 0.5384
Epoch 00005 | Val_Loss 0.9385 | Time(s) 0.4542
EarlyStopping counter: 1 out of 30
Epoch 00006, Step00000 | Train_Loss: 0.9607 | Time: 0.5493
Epoch 00006 | Val_Loss 0.8259 | Time(s) 0.4663
EarlyStopping counter: 2 out of 30
Epoch 00007, Step00000 | Train_Loss: 0.8871 | Time: 0.5464
Epoch 00007 | Val_Loss 0.6844 | Time(s) 0.4559
Validation loss decreased (0.720050 --> 0.684421).  Saving model ...
Epoch 00008, Step00000 | Train_Loss: 0.7873 | Time: 0.5493
Epoch 00008 | Val_Loss 1.0024 | Time(s) 0.4667
EarlyStopping counter: 1 out of 30
Epoch 00009, Step00000 | Train_Loss: 0.9439 | Time: 0.5441
Epoch 00009 | Val_Loss 0.8798 | Time(s) 0.4553
EarlyStopping counter: 2 out of 30
Epoch 00010, Step00000 | Train_Loss: 0.8691 | Time: 0.5391
Epoch 00010 | Val_Loss 0.6828 | Time(s) 0.4647
Validation loss decreased (0.684421 --> 0.682788).  Saving model ...
Epoch 00011, Step00000 | Train_Loss: 0.7375 | Time: 0.5392
Epoch 00011 | Val_Loss 0.7123 | Time(s) 0.4665
EarlyStopping counter: 1 out of 30
Epoch 00012, Step00000 | Train_Loss: 0.7469 | Time: 0.5489
Epoch 00012 | Val_Loss 0.9149 | Time(s) 0.4616
EarlyStopping counter: 2 out of 30
Epoch 00013, Step00000 | Train_Loss: 0.8742 | Time: 0.5389
Epoch 00013 | Val_Loss 1.4163 | Time(s) 0.3643
EarlyStopping counter: 3 out of 30
Epoch 00014, Step00000 | Train_Loss: 1.1097 | Time: 0.5621
Epoch 00014 | Val_Loss 0.8618 | Time(s) 0.4437
EarlyStopping counter: 4 out of 30
Epoch 00015, Step00000 | Train_Loss: 0.7637 | Time: 0.5574
Epoch 00015 | Val_Loss 0.6957 | Time(s) 0.4465
EarlyStopping counter: 5 out of 30
Epoch 00016, Step00000 | Train_Loss: 0.6784 | Time: 0.5615
Epoch 00016 | Val_Loss 0.9876 | Time(s) 0.4446
EarlyStopping counter: 6 out of 30
Epoch 00017, Step00000 | Train_Loss: 0.8011 | Time: 0.5562
Epoch 00017 | Val_Loss 0.7638 | Time(s) 0.4386
EarlyStopping counter: 7 out of 30
Epoch 00018, Step00000 | Train_Loss: 0.6701 | Time: 0.5583
Epoch 00018 | Val_Loss 0.7517 | Time(s) 0.4397
EarlyStopping counter: 8 out of 30
Epoch 00019, Step00000 | Train_Loss: 0.6239 | Time: 0.5623
Epoch 00019 | Val_Loss 1.0425 | Time(s) 0.4385
EarlyStopping counter: 9 out of 30
Epoch 00020, Step00000 | Train_Loss: 0.7287 | Time: 0.5714
Epoch 00020 | Val_Loss 1.0369 | Time(s) 0.4451
EarlyStopping counter: 10 out of 30
Epoch 00021, Step00000 | Train_Loss: 0.6644 | Time: 0.5514
Epoch 00021 | Val_Loss 0.7721 | Time(s) 0.4421
EarlyStopping counter: 11 out of 30
Epoch 00022, Step00000 | Train_Loss: 0.5736 | Time: 0.5415
Epoch 00022 | Val_Loss 0.9324 | Time(s) 0.4507
EarlyStopping counter: 12 out of 30
Epoch 00023, Step00000 | Train_Loss: 0.6403 | Time: 0.5435
Epoch 00023 | Val_Loss 0.8149 | Time(s) 0.4566
EarlyStopping counter: 13 out of 30
Epoch 00024, Step00000 | Train_Loss: 0.5997 | Time: 0.5443
Epoch 00024 | Val_Loss 0.8457 | Time(s) 0.4612
EarlyStopping counter: 14 out of 30
Epoch 00025, Step00000 | Train_Loss: 0.5383 | Time: 0.5438
Epoch 00025 | Val_Loss 0.8924 | Time(s) 0.4638
EarlyStopping counter: 15 out of 30
Epoch 00026, Step00000 | Train_Loss: 0.5699 | Time: 0.5386
Epoch 00026 | Val_Loss 0.8033 | Time(s) 0.4588
EarlyStopping counter: 16 out of 30
Epoch 00027, Step00000 | Train_Loss: 0.5316 | Time: 0.5389
Epoch 00027 | Val_Loss 0.9047 | Time(s) 0.4614
EarlyStopping counter: 17 out of 30
Epoch 00028, Step00000 | Train_Loss: 0.5315 | Time: 0.5426
Epoch 00028 | Val_Loss 0.8147 | Time(s) 0.4670
EarlyStopping counter: 18 out of 30
Epoch 00029, Step00000 | Train_Loss: 0.5234 | Time: 0.5401
Epoch 00029 | Val_Loss 0.7915 | Time(s) 0.4646
EarlyStopping counter: 19 out of 30
Epoch 00030, Step00000 | Train_Loss: 0.4971 | Time: 0.5360
Epoch 00030 | Val_Loss 0.9845 | Time(s) 0.4685
EarlyStopping counter: 20 out of 30
Epoch 00031, Step00000 | Train_Loss: 0.5290 | Time: 0.5387
Epoch 00031 | Val_Loss 0.7987 | Time(s) 0.4619
EarlyStopping counter: 21 out of 30
Epoch 00032, Step00000 | Train_Loss: 0.4665 | Time: 0.5358
Epoch 00032 | Val_Loss 0.8243 | Time(s) 0.2853
EarlyStopping counter: 22 out of 30
Epoch 00033, Step00000 | Train_Loss: 0.4932 | Time: 0.3875
Epoch 00033 | Val_Loss 0.8410 | Time(s) 0.2835
EarlyStopping counter: 23 out of 30
Epoch 00034, Step00000 | Train_Loss: 0.4879 | Time: 0.3854
Epoch 00034 | Val_Loss 0.9092 | Time(s) 0.2841
EarlyStopping counter: 24 out of 30
Epoch 00035, Step00000 | Train_Loss: 0.4590 | Time: 0.3869
Epoch 00035 | Val_Loss 0.9096 | Time(s) 0.2820
EarlyStopping counter: 25 out of 30
Epoch 00036, Step00000 | Train_Loss: 0.4719 | Time: 0.3862
Epoch 00036 | Val_Loss 0.9799 | Time(s) 0.2848
EarlyStopping counter: 26 out of 30
Epoch 00037, Step00000 | Train_Loss: 0.4552 | Time: 0.3837
Epoch 00037 | Val_Loss 1.0132 | Time(s) 0.2843
EarlyStopping counter: 27 out of 30
Epoch 00038, Step00000 | Train_Loss: 0.4533 | Time: 0.3954
Epoch 00038 | Val_Loss 1.0285 | Time(s) 0.2855
EarlyStopping counter: 28 out of 30
Epoch 00039, Step00000 | Train_Loss: 0.4394 | Time: 0.3821
Epoch 00039 | Val_Loss 1.0159 | Time(s) 0.2806
EarlyStopping counter: 29 out of 30
Epoch 00040, Step00000 | Train_Loss: 0.4195 | Time: 0.3840
Epoch 00040 | Val_Loss 1.0077 | Time(s) 0.2821
EarlyStopping counter: 30 out of 30
Early stopping!
Early stopping!
defaultdict(<class 'float'>, {'roc_auc': 0.493609943977591, 'MRR': 0.7588235294117647})
defaultdict(<class 'float'>, {'roc_auc': 0.616545138888889, 'MRR': 0.7928921568627451})
Completed: amazon_style_ccc_features_fold_1 (rep 5)

--------------------------------------
Running model: HGT
Dataset: amazon_style_ccc_features_fold_2
Repetition: 5
--------------------------------------
Loading nodes from amazon_style_ccc_features_fold_2/node.dat
/home/simonettos/homhetgnn/HGB/LP/benchmark/data/amazon_style_ccc_features_fold_2/node.dat
0 {}
1 {'0': 558}
2 {'0': 558, '1': 940}
node_count: {'0': 558, '1': 940, '2': 19264}
('2', '5', '1'): src_max=19263, dst_max=938
('1', '4', '1'): src_max=939, dst_max=939
('0', '0', '0'): src_max=557, dst_max=553
('0', '7', '0'): src_max=557, dst_max=557
('0', '3', '0'): src_max=557, dst_max=557
('1', '6', '0'): src_max=939, dst_max=557
('1', '2', '1'): src_max=938, dst_max=938
('1', '9', '1'): src_max=791, dst_max=812
('1', '8', '1'): src_max=939, dst_max=939
('1', '1', '1'): src_max=939, dst_max=928
('1', '10', '1'): src_max=795, dst_max=380
0 0
1 558
2 1498
6
Epoch 00000, Step00000 | Train_Loss: 1.0840 | Time: 1.0222
Epoch 00000 | Val_Loss 2.3869 | Time(s) 0.4383
Validation loss decreased (inf --> 2.386938).  Saving model ...
Epoch 00001, Step00000 | Train_Loss: 1.9243 | Time: 0.5590
Epoch 00001 | Val_Loss 0.9558 | Time(s) 0.4383
Validation loss decreased (2.386938 --> 0.955803).  Saving model ...
Epoch 00002, Step00000 | Train_Loss: 1.0421 | Time: 0.4770
Epoch 00002 | Val_Loss 1.9379 | Time(s) 0.4424
EarlyStopping counter: 1 out of 30
Epoch 00003, Step00000 | Train_Loss: 1.7763 | Time: 0.5563
Epoch 00003 | Val_Loss 1.1749 | Time(s) 0.4413
EarlyStopping counter: 2 out of 30
Epoch 00004, Step00000 | Train_Loss: 1.1880 | Time: 0.5540
Epoch 00004 | Val_Loss 1.6365 | Time(s) 0.4386
EarlyStopping counter: 3 out of 30
Epoch 00005, Step00000 | Train_Loss: 1.3764 | Time: 0.5605
Epoch 00005 | Val_Loss 1.1257 | Time(s) 0.4390
EarlyStopping counter: 4 out of 30
Epoch 00006, Step00000 | Train_Loss: 1.0233 | Time: 0.5542
Epoch 00006 | Val_Loss 1.3070 | Time(s) 0.4418
EarlyStopping counter: 5 out of 30
Epoch 00007, Step00000 | Train_Loss: 1.2425 | Time: 0.5542
Epoch 00007 | Val_Loss 0.7778 | Time(s) 0.4361
Validation loss decreased (0.955803 --> 0.777839).  Saving model ...
Epoch 00008, Step00000 | Train_Loss: 0.8695 | Time: 0.5518
Epoch 00008 | Val_Loss 1.4209 | Time(s) 0.4356
EarlyStopping counter: 1 out of 30
Epoch 00009, Step00000 | Train_Loss: 1.2540 | Time: 0.5582
Epoch 00009 | Val_Loss 0.6759 | Time(s) 0.4422
Validation loss decreased (0.777839 --> 0.675868).  Saving model ...
Epoch 00010, Step00000 | Train_Loss: 0.7833 | Time: 0.5493
Epoch 00010 | Val_Loss 1.1917 | Time(s) 0.4379
EarlyStopping counter: 1 out of 30
Epoch 00011, Step00000 | Train_Loss: 1.0755 | Time: 0.5636
Epoch 00011 | Val_Loss 0.9065 | Time(s) 0.4378
EarlyStopping counter: 2 out of 30
Epoch 00012, Step00000 | Train_Loss: 0.9047 | Time: 0.5495
Epoch 00012 | Val_Loss 0.6530 | Time(s) 0.4353
Validation loss decreased (0.675868 --> 0.652973).  Saving model ...
Epoch 00013, Step00000 | Train_Loss: 0.7390 | Time: 0.5648
Epoch 00013 | Val_Loss 0.8927 | Time(s) 0.4430
EarlyStopping counter: 1 out of 30
Epoch 00014, Step00000 | Train_Loss: 0.8641 | Time: 0.5560
Epoch 00014 | Val_Loss 0.9017 | Time(s) 0.4396
EarlyStopping counter: 2 out of 30
Epoch 00015, Step00000 | Train_Loss: 0.8307 | Time: 0.5560
Epoch 00015 | Val_Loss 0.6992 | Time(s) 0.3814
EarlyStopping counter: 3 out of 30
Epoch 00016, Step00000 | Train_Loss: 0.6745 | Time: 0.3882
Epoch 00016 | Val_Loss 0.8437 | Time(s) 0.2874
EarlyStopping counter: 4 out of 30
Epoch 00017, Step00000 | Train_Loss: 0.7441 | Time: 0.3887
Epoch 00017 | Val_Loss 0.8481 | Time(s) 0.2851
EarlyStopping counter: 5 out of 30
Epoch 00018, Step00000 | Train_Loss: 0.7892 | Time: 0.3947
Epoch 00018 | Val_Loss 0.8414 | Time(s) 0.2844
EarlyStopping counter: 6 out of 30
Epoch 00019, Step00000 | Train_Loss: 0.6586 | Time: 0.3843
Epoch 00019 | Val_Loss 0.8425 | Time(s) 0.2822
EarlyStopping counter: 7 out of 30
Epoch 00020, Step00000 | Train_Loss: 0.6179 | Time: 0.3850
Epoch 00020 | Val_Loss 1.0314 | Time(s) 0.2834
EarlyStopping counter: 8 out of 30
Epoch 00021, Step00000 | Train_Loss: 0.6706 | Time: 0.3849
Epoch 00021 | Val_Loss 0.9271 | Time(s) 0.2850
EarlyStopping counter: 9 out of 30
Epoch 00022, Step00000 | Train_Loss: 0.6368 | Time: 0.3978
Epoch 00022 | Val_Loss 0.8956 | Time(s) 0.2878
EarlyStopping counter: 10 out of 30
Epoch 00023, Step00000 | Train_Loss: 0.5905 | Time: 0.3888
Epoch 00023 | Val_Loss 1.0119 | Time(s) 0.2868
EarlyStopping counter: 11 out of 30
Epoch 00024, Step00000 | Train_Loss: 0.6139 | Time: 0.4613
Epoch 00024 | Val_Loss 0.9942 | Time(s) 0.4171
EarlyStopping counter: 12 out of 30
Epoch 00025, Step00000 | Train_Loss: 0.6055 | Time: 0.4586
Epoch 00025 | Val_Loss 1.0525 | Time(s) 0.2844
EarlyStopping counter: 13 out of 30
Epoch 00026, Step00000 | Train_Loss: 0.5703 | Time: 0.3905
Epoch 00026 | Val_Loss 0.9131 | Time(s) 0.2916
EarlyStopping counter: 14 out of 30
Epoch 00027, Step00000 | Train_Loss: 0.5734 | Time: 0.4006
Epoch 00027 | Val_Loss 1.0270 | Time(s) 0.2849
EarlyStopping counter: 15 out of 30
Epoch 00028, Step00000 | Train_Loss: 0.5626 | Time: 0.3952
Epoch 00028 | Val_Loss 1.1615 | Time(s) 0.2839
EarlyStopping counter: 16 out of 30
Epoch 00029, Step00000 | Train_Loss: 0.6032 | Time: 0.3934
Epoch 00029 | Val_Loss 1.0304 | Time(s) 0.2842
EarlyStopping counter: 17 out of 30
Epoch 00030, Step00000 | Train_Loss: 0.5542 | Time: 0.3969
Epoch 00030 | Val_Loss 1.0384 | Time(s) 0.2874
EarlyStopping counter: 18 out of 30
Epoch 00031, Step00000 | Train_Loss: 0.5586 | Time: 0.3966
Epoch 00031 | Val_Loss 1.1118 | Time(s) 0.2843
EarlyStopping counter: 19 out of 30
Epoch 00032, Step00000 | Train_Loss: 0.5607 | Time: 0.4057
Epoch 00032 | Val_Loss 0.9586 | Time(s) 0.2848
EarlyStopping counter: 20 out of 30
Epoch 00033, Step00000 | Train_Loss: 0.5259 | Time: 0.3922
Epoch 00033 | Val_Loss 0.9738 | Time(s) 0.2974
EarlyStopping counter: 21 out of 30
Epoch 00034, Step00000 | Train_Loss: 0.5121 | Time: 0.4826
Epoch 00034 | Val_Loss 0.8776 | Time(s) 0.3923
EarlyStopping counter: 22 out of 30
Epoch 00035, Step00000 | Train_Loss: 0.5288 | Time: 0.5446
Epoch 00035 | Val_Loss 0.9825 | Time(s) 0.4432
EarlyStopping counter: 23 out of 30
Epoch 00036, Step00000 | Train_Loss: 0.5205 | Time: 0.5576
Epoch 00036 | Val_Loss 0.9005 | Time(s) 0.4223
EarlyStopping counter: 24 out of 30
Epoch 00037, Step00000 | Train_Loss: 0.4972 | Time: 0.5525
Epoch 00037 | Val_Loss 0.8854 | Time(s) 0.4462
EarlyStopping counter: 25 out of 30
Epoch 00038, Step00000 | Train_Loss: 0.5011 | Time: 0.5553
Epoch 00038 | Val_Loss 0.9073 | Time(s) 0.4431
EarlyStopping counter: 26 out of 30
Epoch 00039, Step00000 | Train_Loss: 0.5033 | Time: 0.5616
Epoch 00039 | Val_Loss 0.8991 | Time(s) 0.4406
EarlyStopping counter: 27 out of 30
Epoch 00040, Step00000 | Train_Loss: 0.4828 | Time: 0.5575
Epoch 00040 | Val_Loss 1.0042 | Time(s) 0.4417
EarlyStopping counter: 28 out of 30
Epoch 00041, Step00000 | Train_Loss: 0.4771 | Time: 0.5442
Epoch 00041 | Val_Loss 1.0283 | Time(s) 0.4425
EarlyStopping counter: 29 out of 30
Epoch 00042, Step00000 | Train_Loss: 0.4754 | Time: 0.5396
Epoch 00042 | Val_Loss 1.0592 | Time(s) 0.4592
EarlyStopping counter: 30 out of 30
Early stopping!
Early stopping!
defaultdict(<class 'float'>, {'roc_auc': 0.4915483870967741, 'MRR': 0.7243150684931506})
defaultdict(<class 'float'>, {'roc_auc': 0.606272, 'MRR': 0.766837899543379})
Completed: amazon_style_ccc_features_fold_2 (rep 5)

--------------------------------------
Running model: HGT
Dataset: amazon_style_ccc_features_fold_3
Repetition: 5
--------------------------------------
Loading nodes from amazon_style_ccc_features_fold_3/node.dat
/home/simonettos/homhetgnn/HGB/LP/benchmark/data/amazon_style_ccc_features_fold_3/node.dat
0 {}
1 {'0': 558}
2 {'0': 558, '1': 940}
node_count: {'0': 558, '1': 940, '2': 19264}
('2', '5', '1'): src_max=19263, dst_max=938
('1', '4', '1'): src_max=939, dst_max=939
('0', '0', '0'): src_max=557, dst_max=553
('0', '7', '0'): src_max=557, dst_max=557
('0', '3', '0'): src_max=557, dst_max=557
('1', '6', '0'): src_max=939, dst_max=557
('1', '2', '1'): src_max=938, dst_max=938
('1', '9', '1'): src_max=791, dst_max=812
('1', '8', '1'): src_max=939, dst_max=939
('1', '1', '1'): src_max=939, dst_max=928
('1', '10', '1'): src_max=795, dst_max=380
0 0
1 558
2 1498
6
Epoch 00000, Step00000 | Train_Loss: 1.0263 | Time: 1.0007
Epoch 00000 | Val_Loss 1.9058 | Time(s) 0.4581
Validation loss decreased (inf --> 1.905810).  Saving model ...
Epoch 00001, Step00000 | Train_Loss: 1.6867 | Time: 0.5720
Epoch 00001 | Val_Loss 0.6881 | Time(s) 0.4596
Validation loss decreased (1.905810 --> 0.688138).  Saving model ...
Epoch 00002, Step00000 | Train_Loss: 0.8809 | Time: 0.5879
Epoch 00002 | Val_Loss 1.4599 | Time(s) 0.4608
EarlyStopping counter: 1 out of 30
Epoch 00003, Step00000 | Train_Loss: 1.3453 | Time: 0.5738
Epoch 00003 | Val_Loss 0.7151 | Time(s) 0.4565
EarlyStopping counter: 2 out of 30
Epoch 00004, Step00000 | Train_Loss: 0.8911 | Time: 0.5762
Epoch 00004 | Val_Loss 0.9641 | Time(s) 0.4214
EarlyStopping counter: 3 out of 30
Epoch 00005, Step00000 | Train_Loss: 0.9862 | Time: 0.4048
Epoch 00005 | Val_Loss 1.1134 | Time(s) 0.2961
EarlyStopping counter: 4 out of 30
Epoch 00006, Step00000 | Train_Loss: 1.0646 | Time: 0.4068
Epoch 00006 | Val_Loss 0.6657 | Time(s) 0.2917
Validation loss decreased (0.688138 --> 0.665741).  Saving model ...
Epoch 00007, Step00000 | Train_Loss: 0.7476 | Time: 0.4076
Epoch 00007 | Val_Loss 1.2029 | Time(s) 0.2920
EarlyStopping counter: 1 out of 30
Epoch 00008, Step00000 | Train_Loss: 1.0952 | Time: 0.3999
Epoch 00008 | Val_Loss 0.8719 | Time(s) 0.2914
EarlyStopping counter: 2 out of 30
Epoch 00009, Step00000 | Train_Loss: 0.8790 | Time: 0.3967
Epoch 00009 | Val_Loss 0.6903 | Time(s) 0.2993
EarlyStopping counter: 3 out of 30
Epoch 00010, Step00000 | Train_Loss: 0.7615 | Time: 0.3958
Epoch 00010 | Val_Loss 1.1407 | Time(s) 0.2934
EarlyStopping counter: 4 out of 30
Epoch 00011, Step00000 | Train_Loss: 1.0205 | Time: 0.4100
Epoch 00011 | Val_Loss 0.8597 | Time(s) 0.2932
EarlyStopping counter: 5 out of 30
Epoch 00012, Step00000 | Train_Loss: 0.8589 | Time: 0.4069
Epoch 00012 | Val_Loss 0.6806 | Time(s) 0.3012
EarlyStopping counter: 6 out of 30
Epoch 00013, Step00000 | Train_Loss: 0.7107 | Time: 0.5570
Epoch 00013 | Val_Loss 0.8833 | Time(s) 0.4460
EarlyStopping counter: 7 out of 30
Epoch 00014, Step00000 | Train_Loss: 0.8661 | Time: 0.3985
Epoch 00014 | Val_Loss 0.9650 | Time(s) 0.2948
EarlyStopping counter: 8 out of 30
Epoch 00015, Step00000 | Train_Loss: 0.9003 | Time: 0.4149
Epoch 00015 | Val_Loss 0.7418 | Time(s) 0.3004
EarlyStopping counter: 9 out of 30
Epoch 00016, Step00000 | Train_Loss: 0.7167 | Time: 0.4026
Epoch 00016 | Val_Loss 0.7216 | Time(s) 0.2960
EarlyStopping counter: 10 out of 30
Epoch 00017, Step00000 | Train_Loss: 0.6865 | Time: 0.4094
Epoch 00017 | Val_Loss 0.9543 | Time(s) 0.2958
EarlyStopping counter: 11 out of 30
Epoch 00018, Step00000 | Train_Loss: 0.8096 | Time: 0.4072
Epoch 00018 | Val_Loss 0.8201 | Time(s) 0.2939
EarlyStopping counter: 12 out of 30
Epoch 00019, Step00000 | Train_Loss: 0.6968 | Time: 0.4046
Epoch 00019 | Val_Loss 0.7613 | Time(s) 0.2947
EarlyStopping counter: 13 out of 30
Epoch 00020, Step00000 | Train_Loss: 0.6217 | Time: 0.4022
Epoch 00020 | Val_Loss 0.8189 | Time(s) 0.3053
EarlyStopping counter: 14 out of 30
Epoch 00021, Step00000 | Train_Loss: 0.6841 | Time: 0.4042
Epoch 00021 | Val_Loss 0.8257 | Time(s) 0.2938
EarlyStopping counter: 15 out of 30
Epoch 00022, Step00000 | Train_Loss: 0.6180 | Time: 0.4070
Epoch 00022 | Val_Loss 0.8023 | Time(s) 0.4154
EarlyStopping counter: 16 out of 30
Epoch 00023, Step00000 | Train_Loss: 0.5903 | Time: 0.5058
Epoch 00023 | Val_Loss 0.8727 | Time(s) 0.4166
EarlyStopping counter: 17 out of 30
Epoch 00024, Step00000 | Train_Loss: 0.5895 | Time: 0.5728
Epoch 00024 | Val_Loss 0.7988 | Time(s) 0.4346
EarlyStopping counter: 18 out of 30
Epoch 00025, Step00000 | Train_Loss: 0.5750 | Time: 0.5529
Epoch 00025 | Val_Loss 0.8338 | Time(s) 0.4502
EarlyStopping counter: 19 out of 30
Epoch 00026, Step00000 | Train_Loss: 0.5615 | Time: 0.5496
Epoch 00026 | Val_Loss 0.8740 | Time(s) 0.4521
EarlyStopping counter: 20 out of 30
Epoch 00027, Step00000 | Train_Loss: 0.6006 | Time: 0.5553
Epoch 00027 | Val_Loss 0.9091 | Time(s) 0.4559
EarlyStopping counter: 21 out of 30
Epoch 00028, Step00000 | Train_Loss: 0.6001 | Time: 0.5431
Epoch 00028 | Val_Loss 0.8211 | Time(s) 0.4480
EarlyStopping counter: 22 out of 30
Epoch 00029, Step00000 | Train_Loss: 0.5566 | Time: 0.5491
Epoch 00029 | Val_Loss 0.7612 | Time(s) 0.4489
EarlyStopping counter: 23 out of 30
Epoch 00030, Step00000 | Train_Loss: 0.5406 | Time: 0.5467
Epoch 00030 | Val_Loss 0.6971 | Time(s) 0.4525
EarlyStopping counter: 24 out of 30
Epoch 00031, Step00000 | Train_Loss: 0.5456 | Time: 0.5464
Epoch 00031 | Val_Loss 0.6441 | Time(s) 0.4515
Validation loss decreased (0.665741 --> 0.644068).  Saving model ...
Epoch 00032, Step00000 | Train_Loss: 0.5265 | Time: 0.5561
Epoch 00032 | Val_Loss 0.6976 | Time(s) 0.4481
EarlyStopping counter: 1 out of 30
Epoch 00033, Step00000 | Train_Loss: 0.5145 | Time: 0.5497
Epoch 00033 | Val_Loss 0.7678 | Time(s) 0.4494
EarlyStopping counter: 2 out of 30
Epoch 00034, Step00000 | Train_Loss: 0.5250 | Time: 0.5477
Epoch 00034 | Val_Loss 0.7639 | Time(s) 0.4477
EarlyStopping counter: 3 out of 30
Epoch 00035, Step00000 | Train_Loss: 0.5298 | Time: 0.5522
Epoch 00035 | Val_Loss 0.7777 | Time(s) 0.4535
EarlyStopping counter: 4 out of 30
Epoch 00036, Step00000 | Train_Loss: 0.5023 | Time: 0.5529
Epoch 00036 | Val_Loss 0.7765 | Time(s) 0.4533
EarlyStopping counter: 5 out of 30
Epoch 00037, Step00000 | Train_Loss: 0.5104 | Time: 0.5514
Epoch 00037 | Val_Loss 0.7600 | Time(s) 0.4530
EarlyStopping counter: 6 out of 30
Epoch 00038, Step00000 | Train_Loss: 0.5042 | Time: 0.5525
Epoch 00038 | Val_Loss 0.7081 | Time(s) 0.4459
EarlyStopping counter: 7 out of 30
Epoch 00039, Step00000 | Train_Loss: 0.4877 | Time: 0.5477
Epoch 00039 | Val_Loss 0.8334 | Time(s) 0.4525
EarlyStopping counter: 8 out of 30
Epoch 00040, Step00000 | Train_Loss: 0.5014 | Time: 0.5506
Epoch 00040 | Val_Loss 0.8183 | Time(s) 0.4524
EarlyStopping counter: 9 out of 30
Epoch 00041, Step00000 | Train_Loss: 0.5103 | Time: 0.5475
Epoch 00041 | Val_Loss 0.8698 | Time(s) 0.4520
EarlyStopping counter: 10 out of 30
Epoch 00042, Step00000 | Train_Loss: 0.4676 | Time: 0.5471
Epoch 00042 | Val_Loss 0.8099 | Time(s) 0.4512
EarlyStopping counter: 11 out of 30
Epoch 00043, Step00000 | Train_Loss: 0.4706 | Time: 0.5534
Epoch 00043 | Val_Loss 0.8467 | Time(s) 0.4484
EarlyStopping counter: 12 out of 30
Epoch 00044, Step00000 | Train_Loss: 0.4660 | Time: 0.5533
Epoch 00044 | Val_Loss 0.8271 | Time(s) 0.3693
EarlyStopping counter: 13 out of 30
Epoch 00045, Step00000 | Train_Loss: 0.4472 | Time: 0.5449
Epoch 00045 | Val_Loss 0.9191 | Time(s) 0.4634
EarlyStopping counter: 14 out of 30
Epoch 00046, Step00000 | Train_Loss: 0.4569 | Time: 0.5470
Epoch 00046 | Val_Loss 0.9321 | Time(s) 0.4624
EarlyStopping counter: 15 out of 30
Epoch 00047, Step00000 | Train_Loss: 0.4386 | Time: 0.5503
Epoch 00047 | Val_Loss 0.9149 | Time(s) 0.4714
EarlyStopping counter: 16 out of 30
Epoch 00048, Step00000 | Train_Loss: 0.4398 | Time: 0.5495
Epoch 00048 | Val_Loss 0.9975 | Time(s) 0.4734
EarlyStopping counter: 17 out of 30
Epoch 00049, Step00000 | Train_Loss: 0.4518 | Time: 0.5553
Epoch 00049 | Val_Loss 0.8610 | Time(s) 0.4720
EarlyStopping counter: 18 out of 30
Epoch 00050, Step00000 | Train_Loss: 0.4293 | Time: 0.5496
Epoch 00050 | Val_Loss 0.9569 | Time(s) 0.4727
EarlyStopping counter: 19 out of 30
Epoch 00051, Step00000 | Train_Loss: 0.4303 | Time: 0.5485
Epoch 00051 | Val_Loss 0.9811 | Time(s) 0.4697
EarlyStopping counter: 20 out of 30
Epoch 00052, Step00000 | Train_Loss: 0.4173 | Time: 0.5435
Epoch 00052 | Val_Loss 0.9936 | Time(s) 0.4635
EarlyStopping counter: 21 out of 30
Epoch 00053, Step00000 | Train_Loss: 0.4072 | Time: 0.5487
Epoch 00053 | Val_Loss 0.9876 | Time(s) 0.4718
EarlyStopping counter: 22 out of 30
Epoch 00054, Step00000 | Train_Loss: 0.4113 | Time: 0.5493
Epoch 00054 | Val_Loss 1.0630 | Time(s) 0.4704
EarlyStopping counter: 23 out of 30
Epoch 00055, Step00000 | Train_Loss: 0.3953 | Time: 0.4355
Epoch 00055 | Val_Loss 0.9752 | Time(s) 0.2967
EarlyStopping counter: 24 out of 30
Epoch 00056, Step00000 | Train_Loss: 0.3818 | Time: 0.4046
Epoch 00056 | Val_Loss 1.0678 | Time(s) 0.2949
EarlyStopping counter: 25 out of 30
Epoch 00057, Step00000 | Train_Loss: 0.3856 | Time: 0.3971
Epoch 00057 | Val_Loss 1.1162 | Time(s) 0.2944
EarlyStopping counter: 26 out of 30
Epoch 00058, Step00000 | Train_Loss: 0.3644 | Time: 0.3993
Epoch 00058 | Val_Loss 1.0862 | Time(s) 0.2898
EarlyStopping counter: 27 out of 30
Epoch 00059, Step00000 | Train_Loss: 0.3681 | Time: 0.3987
Epoch 00059 | Val_Loss 1.1238 | Time(s) 0.2935
EarlyStopping counter: 28 out of 30
Epoch 00060, Step00000 | Train_Loss: 0.3497 | Time: 0.3968
Epoch 00060 | Val_Loss 1.1126 | Time(s) 0.2913
EarlyStopping counter: 29 out of 30
Epoch 00061, Step00000 | Train_Loss: 0.3542 | Time: 0.4079
Epoch 00061 | Val_Loss 1.0051 | Time(s) 0.2960
EarlyStopping counter: 30 out of 30
Early stopping!
Early stopping!
defaultdict(<class 'float'>, {'roc_auc': 0.5746221463352937, 'MRR': 0.7565656565656566})
defaultdict(<class 'float'>, {'roc_auc': 0.719923154446964, 'MRR': 0.8348484848484848})
Completed: amazon_style_ccc_features_fold_3 (rep 5)

--------------------------------------
Running model: HGT
Dataset: amazon_style_ccc_features_fold_4
Repetition: 5
--------------------------------------
Loading nodes from amazon_style_ccc_features_fold_4/node.dat
/home/simonettos/homhetgnn/HGB/LP/benchmark/data/amazon_style_ccc_features_fold_4/node.dat
0 {}
1 {'0': 558}
2 {'0': 558, '1': 940}
node_count: {'0': 558, '1': 940, '2': 19264}
('2', '5', '1'): src_max=19263, dst_max=938
('1', '4', '1'): src_max=939, dst_max=939
('0', '0', '0'): src_max=557, dst_max=553
('0', '7', '0'): src_max=557, dst_max=556
('0', '3', '0'): src_max=557, dst_max=557
('1', '6', '0'): src_max=939, dst_max=557
('1', '2', '1'): src_max=938, dst_max=938
('1', '9', '1'): src_max=791, dst_max=812
('1', '8', '1'): src_max=939, dst_max=939
('1', '1', '1'): src_max=939, dst_max=928
('1', '10', '1'): src_max=795, dst_max=380
0 0
1 558
2 1498
6
Epoch 00000, Step00000 | Train_Loss: 0.9773 | Time: 0.9496
Epoch 00000 | Val_Loss 2.0289 | Time(s) 0.4558
Validation loss decreased (inf --> 2.028895).  Saving model ...
Epoch 00001, Step00000 | Train_Loss: 1.6906 | Time: 0.5461
Epoch 00001 | Val_Loss 0.6937 | Time(s) 0.4612
Validation loss decreased (2.028895 --> 0.693743).  Saving model ...
Epoch 00002, Step00000 | Train_Loss: 0.8543 | Time: 0.5479
Epoch 00002 | Val_Loss 1.6472 | Time(s) 0.4679
EarlyStopping counter: 1 out of 30
Epoch 00003, Step00000 | Train_Loss: 1.5170 | Time: 0.5452
Epoch 00003 | Val_Loss 0.6797 | Time(s) 0.4614
Validation loss decreased (0.693743 --> 0.679651).  Saving model ...
Epoch 00004, Step00000 | Train_Loss: 0.8595 | Time: 0.5427
Epoch 00004 | Val_Loss 1.6788 | Time(s) 0.4615
EarlyStopping counter: 1 out of 30
Epoch 00005, Step00000 | Train_Loss: 1.4974 | Time: 0.5509
Epoch 00005 | Val_Loss 0.8612 | Time(s) 0.4626
EarlyStopping counter: 2 out of 30
Epoch 00006, Step00000 | Train_Loss: 0.9086 | Time: 0.5454
Epoch 00006 | Val_Loss 1.0869 | Time(s) 0.4633
EarlyStopping counter: 3 out of 30
Epoch 00007, Step00000 | Train_Loss: 1.0627 | Time: 0.5433
Epoch 00007 | Val_Loss 1.0581 | Time(s) 0.4656
EarlyStopping counter: 4 out of 30
Epoch 00008, Step00000 | Train_Loss: 1.0363 | Time: 0.5388
Epoch 00008 | Val_Loss 0.7386 | Time(s) 0.4651
EarlyStopping counter: 5 out of 30
Epoch 00009, Step00000 | Train_Loss: 0.8124 | Time: 0.5494
Epoch 00009 | Val_Loss 1.1310 | Time(s) 0.3803
EarlyStopping counter: 6 out of 30
Epoch 00010, Step00000 | Train_Loss: 1.0629 | Time: 0.5522
Epoch 00010 | Val_Loss 0.8054 | Time(s) 0.4510
EarlyStopping counter: 7 out of 30
Epoch 00011, Step00000 | Train_Loss: 0.8437 | Time: 0.5632
Epoch 00011 | Val_Loss 0.6795 | Time(s) 0.4470
Validation loss decreased (0.679651 --> 0.679511).  Saving model ...
Epoch 00012, Step00000 | Train_Loss: 0.7623 | Time: 0.5559
Epoch 00012 | Val_Loss 1.0127 | Time(s) 0.4391
EarlyStopping counter: 1 out of 30
Epoch 00013, Step00000 | Train_Loss: 0.9672 | Time: 0.5637
Epoch 00013 | Val_Loss 1.0111 | Time(s) 0.4480
EarlyStopping counter: 2 out of 30
Epoch 00014, Step00000 | Train_Loss: 0.9639 | Time: 0.5656
Epoch 00014 | Val_Loss 0.7204 | Time(s) 0.4465
EarlyStopping counter: 3 out of 30
Epoch 00015, Step00000 | Train_Loss: 0.7473 | Time: 0.5670
Epoch 00015 | Val_Loss 0.7360 | Time(s) 0.4458
EarlyStopping counter: 4 out of 30
Epoch 00016, Step00000 | Train_Loss: 0.7469 | Time: 0.5544
Epoch 00016 | Val_Loss 0.9321 | Time(s) 0.4485
EarlyStopping counter: 5 out of 30
Epoch 00017, Step00000 | Train_Loss: 0.8561 | Time: 0.5486
Epoch 00017 | Val_Loss 0.8261 | Time(s) 0.4467
EarlyStopping counter: 6 out of 30
Epoch 00018, Step00000 | Train_Loss: 0.7583 | Time: 0.5439
Epoch 00018 | Val_Loss 0.7277 | Time(s) 0.4533
EarlyStopping counter: 7 out of 30
Epoch 00019, Step00000 | Train_Loss: 0.6594 | Time: 0.5426
Epoch 00019 | Val_Loss 0.8515 | Time(s) 0.4583
EarlyStopping counter: 8 out of 30
Epoch 00020, Step00000 | Train_Loss: 0.7700 | Time: 0.5423
Epoch 00020 | Val_Loss 0.8424 | Time(s) 0.4626
EarlyStopping counter: 9 out of 30
Epoch 00021, Step00000 | Train_Loss: 0.7130 | Time: 0.5496
Epoch 00021 | Val_Loss 0.7789 | Time(s) 0.4638
EarlyStopping counter: 10 out of 30
Epoch 00022, Step00000 | Train_Loss: 0.6175 | Time: 0.5482
Epoch 00022 | Val_Loss 0.7405 | Time(s) 0.4646
EarlyStopping counter: 11 out of 30
Epoch 00023, Step00000 | Train_Loss: 0.6538 | Time: 0.5393
Epoch 00023 | Val_Loss 0.9234 | Time(s) 0.4625
EarlyStopping counter: 12 out of 30
Epoch 00024, Step00000 | Train_Loss: 0.6655 | Time: 0.5429
Epoch 00024 | Val_Loss 0.7954 | Time(s) 0.4613
EarlyStopping counter: 13 out of 30
Epoch 00025, Step00000 | Train_Loss: 0.5828 | Time: 0.5059
Epoch 00025 | Val_Loss 0.8081 | Time(s) 0.2935
EarlyStopping counter: 14 out of 30
Epoch 00026, Step00000 | Train_Loss: 0.6174 | Time: 0.4052
Epoch 00026 | Val_Loss 0.8349 | Time(s) 0.2903
EarlyStopping counter: 15 out of 30
Epoch 00027, Step00000 | Train_Loss: 0.5974 | Time: 0.3941
Epoch 00027 | Val_Loss 0.7783 | Time(s) 0.2910
EarlyStopping counter: 16 out of 30
Epoch 00028, Step00000 | Train_Loss: 0.5484 | Time: 0.3914
Epoch 00028 | Val_Loss 0.8055 | Time(s) 0.2875
EarlyStopping counter: 17 out of 30
Epoch 00029, Step00000 | Train_Loss: 0.5599 | Time: 0.3942
Epoch 00029 | Val_Loss 0.8563 | Time(s) 0.2866
EarlyStopping counter: 18 out of 30
Epoch 00030, Step00000 | Train_Loss: 0.5512 | Time: 0.3958
Epoch 00030 | Val_Loss 0.9195 | Time(s) 0.2892
EarlyStopping counter: 19 out of 30
Epoch 00031, Step00000 | Train_Loss: 0.5236 | Time: 0.3951
Epoch 00031 | Val_Loss 0.8883 | Time(s) 0.2952
EarlyStopping counter: 20 out of 30
Epoch 00032, Step00000 | Train_Loss: 0.5508 | Time: 0.4012
Epoch 00032 | Val_Loss 0.8995 | Time(s) 0.2920
EarlyStopping counter: 21 out of 30
Epoch 00033, Step00000 | Train_Loss: 0.4976 | Time: 0.3959
Epoch 00033 | Val_Loss 0.8263 | Time(s) 0.4331
EarlyStopping counter: 22 out of 30
Epoch 00034, Step00000 | Train_Loss: 0.5261 | Time: 0.5334
Epoch 00034 | Val_Loss 0.9476 | Time(s) 0.2898
EarlyStopping counter: 23 out of 30
Epoch 00035, Step00000 | Train_Loss: 0.5062 | Time: 0.3947
Epoch 00035 | Val_Loss 0.9404 | Time(s) 0.2918
EarlyStopping counter: 24 out of 30
Epoch 00036, Step00000 | Train_Loss: 0.4980 | Time: 0.4000
Epoch 00036 | Val_Loss 0.9584 | Time(s) 0.2851
EarlyStopping counter: 25 out of 30
Epoch 00037, Step00000 | Train_Loss: 0.4907 | Time: 0.3964
Epoch 00037 | Val_Loss 0.9565 | Time(s) 0.2879
EarlyStopping counter: 26 out of 30
Epoch 00038, Step00000 | Train_Loss: 0.4951 | Time: 0.3901
Epoch 00038 | Val_Loss 1.0043 | Time(s) 0.2866
EarlyStopping counter: 27 out of 30
Epoch 00039, Step00000 | Train_Loss: 0.4580 | Time: 0.3902
Epoch 00039 | Val_Loss 1.0121 | Time(s) 0.2868
EarlyStopping counter: 28 out of 30
Epoch 00040, Step00000 | Train_Loss: 0.4716 | Time: 0.3928
Epoch 00040 | Val_Loss 1.0265 | Time(s) 0.2879
EarlyStopping counter: 29 out of 30
Epoch 00041, Step00000 | Train_Loss: 0.4725 | Time: 0.3861
Epoch 00041 | Val_Loss 0.9970 | Time(s) 0.2844
EarlyStopping counter: 30 out of 30
Early stopping!
Early stopping!
defaultdict(<class 'float'>, {'roc_auc': 0.5230082484230956, 'MRR': 0.7735294117647059})
defaultdict(<class 'float'>, {'roc_auc': 0.6693236208310291, 'MRR': 0.825})
Completed: amazon_style_ccc_features_fold_4 (rep 5)

--------------------------------------
Running model: HGT
Dataset: amazon_style_ccc_features_fold_5
Repetition: 5
--------------------------------------
Loading nodes from amazon_style_ccc_features_fold_5/node.dat
/home/simonettos/homhetgnn/HGB/LP/benchmark/data/amazon_style_ccc_features_fold_5/node.dat
0 {}
1 {'0': 558}
2 {'0': 558, '1': 940}
node_count: {'0': 558, '1': 940, '2': 19264}
('2', '5', '1'): src_max=19263, dst_max=938
('1', '4', '1'): src_max=939, dst_max=939
('0', '0', '0'): src_max=557, dst_max=553
('0', '7', '0'): src_max=557, dst_max=557
('0', '3', '0'): src_max=557, dst_max=557
('1', '6', '0'): src_max=939, dst_max=557
('1', '2', '1'): src_max=938, dst_max=938
('1', '9', '1'): src_max=791, dst_max=812
('1', '8', '1'): src_max=939, dst_max=939
('1', '1', '1'): src_max=939, dst_max=928
('1', '10', '1'): src_max=795, dst_max=380
0 0
1 558
2 1498
6
Epoch 00000, Step00000 | Train_Loss: 1.0427 | Time: 0.8218
Epoch 00000 | Val_Loss 2.3635 | Time(s) 0.2845
Validation loss decreased (inf --> 2.363498).  Saving model ...
Epoch 00001, Step00000 | Train_Loss: 2.0490 | Time: 0.3916
Epoch 00001 | Val_Loss 0.8583 | Time(s) 0.2848
Validation loss decreased (2.363498 --> 0.858296).  Saving model ...
Epoch 00002, Step00000 | Train_Loss: 0.9563 | Time: 0.3892
Epoch 00002 | Val_Loss 2.0098 | Time(s) 0.2896
EarlyStopping counter: 1 out of 30
Epoch 00003, Step00000 | Train_Loss: 1.5944 | Time: 0.3952
Epoch 00003 | Val_Loss 0.8819 | Time(s) 0.2854
EarlyStopping counter: 2 out of 30
Epoch 00004, Step00000 | Train_Loss: 0.9457 | Time: 0.3912
Epoch 00004 | Val_Loss 2.1197 | Time(s) 0.2875
EarlyStopping counter: 3 out of 30
Epoch 00005, Step00000 | Train_Loss: 1.7990 | Time: 0.3859
Epoch 00005 | Val_Loss 0.7872 | Time(s) 0.2869
Validation loss decreased (0.858296 --> 0.787168).  Saving model ...
Epoch 00006, Step00000 | Train_Loss: 0.8975 | Time: 0.3884
Epoch 00006 | Val_Loss 1.8589 | Time(s) 0.2894
EarlyStopping counter: 1 out of 30
Epoch 00007, Step00000 | Train_Loss: 1.6084 | Time: 0.3934
Epoch 00007 | Val_Loss 0.7220 | Time(s) 0.2845
Validation loss decreased (0.787168 --> 0.722027).  Saving model ...
Epoch 00008, Step00000 | Train_Loss: 0.8295 | Time: 0.3881
Epoch 00008 | Val_Loss 1.7752 | Time(s) 0.2844
EarlyStopping counter: 1 out of 30
Epoch 00009, Step00000 | Train_Loss: 1.4685 | Time: 0.3962
Epoch 00009 | Val_Loss 0.6829 | Time(s) 0.2915
Validation loss decreased (0.722027 --> 0.682923).  Saving model ...
Epoch 00010, Step00000 | Train_Loss: 0.8091 | Time: 0.3906
Epoch 00010 | Val_Loss 1.6090 | Time(s) 0.2895
EarlyStopping counter: 1 out of 30
Epoch 00011, Step00000 | Train_Loss: 1.3552 | Time: 0.3943
Epoch 00011 | Val_Loss 0.7237 | Time(s) 0.2869
EarlyStopping counter: 2 out of 30
Epoch 00012, Step00000 | Train_Loss: 0.7707 | Time: 0.3894
Epoch 00012 | Val_Loss 1.0208 | Time(s) 0.2867
EarlyStopping counter: 3 out of 30
Epoch 00013, Step00000 | Train_Loss: 0.9673 | Time: 0.3873
Epoch 00013 | Val_Loss 1.0710 | Time(s) 0.2864
EarlyStopping counter: 4 out of 30
Epoch 00014, Step00000 | Train_Loss: 0.9580 | Time: 0.3947
Epoch 00014 | Val_Loss 0.7262 | Time(s) 0.2905
EarlyStopping counter: 5 out of 30
Epoch 00015, Step00000 | Train_Loss: 0.7364 | Time: 0.3994
Epoch 00015 | Val_Loss 1.1507 | Time(s) 0.2856
EarlyStopping counter: 6 out of 30
Epoch 00016, Step00000 | Train_Loss: 0.9974 | Time: 0.3923
Epoch 00016 | Val_Loss 0.6812 | Time(s) 0.2877
Validation loss decreased (0.682923 --> 0.681246).  Saving model ...
Epoch 00017, Step00000 | Train_Loss: 0.6995 | Time: 0.3915
Epoch 00017 | Val_Loss 1.1162 | Time(s) 0.2857
EarlyStopping counter: 1 out of 30
Epoch 00018, Step00000 | Train_Loss: 0.9572 | Time: 0.3909
Epoch 00018 | Val_Loss 0.7437 | Time(s) 0.2873
EarlyStopping counter: 2 out of 30
Epoch 00019, Step00000 | Train_Loss: 0.7149 | Time: 0.3889
Epoch 00019 | Val_Loss 0.8056 | Time(s) 0.2841
EarlyStopping counter: 3 out of 30
Epoch 00020, Step00000 | Train_Loss: 0.6960 | Time: 0.3920
Epoch 00020 | Val_Loss 0.9020 | Time(s) 0.2877
EarlyStopping counter: 4 out of 30
Epoch 00021, Step00000 | Train_Loss: 0.7212 | Time: 0.3937
Epoch 00021 | Val_Loss 0.7900 | Time(s) 0.2909
EarlyStopping counter: 5 out of 30
Epoch 00022, Step00000 | Train_Loss: 0.6039 | Time: 0.3912
Epoch 00022 | Val_Loss 0.8790 | Time(s) 0.2898
EarlyStopping counter: 6 out of 30
Epoch 00023, Step00000 | Train_Loss: 0.6590 | Time: 0.3901
Epoch 00023 | Val_Loss 0.8292 | Time(s) 0.2857
EarlyStopping counter: 7 out of 30
Epoch 00024, Step00000 | Train_Loss: 0.6116 | Time: 0.3933
Epoch 00024 | Val_Loss 0.9267 | Time(s) 0.2885
EarlyStopping counter: 8 out of 30
Epoch 00025, Step00000 | Train_Loss: 0.6166 | Time: 0.4166
Epoch 00025 | Val_Loss 0.8510 | Time(s) 0.2983
EarlyStopping counter: 9 out of 30
Epoch 00026, Step00000 | Train_Loss: 0.6031 | Time: 0.4161
Epoch 00026 | Val_Loss 0.8948 | Time(s) 0.3017
EarlyStopping counter: 10 out of 30
Epoch 00027, Step00000 | Train_Loss: 0.5710 | Time: 0.4030
Epoch 00027 | Val_Loss 0.9565 | Time(s) 0.2885
EarlyStopping counter: 11 out of 30
Epoch 00028, Step00000 | Train_Loss: 0.6133 | Time: 0.3923
Epoch 00028 | Val_Loss 0.9336 | Time(s) 0.2874
EarlyStopping counter: 12 out of 30
Epoch 00029, Step00000 | Train_Loss: 0.5589 | Time: 0.3877
Epoch 00029 | Val_Loss 0.8506 | Time(s) 0.2849
EarlyStopping counter: 13 out of 30
Epoch 00030, Step00000 | Train_Loss: 0.5707 | Time: 0.3910
Epoch 00030 | Val_Loss 0.8771 | Time(s) 0.2858
EarlyStopping counter: 14 out of 30
Epoch 00031, Step00000 | Train_Loss: 0.5662 | Time: 0.3894
Epoch 00031 | Val_Loss 0.8486 | Time(s) 0.2843
EarlyStopping counter: 15 out of 30
Epoch 00032, Step00000 | Train_Loss: 0.5415 | Time: 0.3986
Epoch 00032 | Val_Loss 0.8780 | Time(s) 0.2877
EarlyStopping counter: 16 out of 30
Epoch 00033, Step00000 | Train_Loss: 0.5579 | Time: 0.4061
Epoch 00033 | Val_Loss 0.8087 | Time(s) 0.2878
EarlyStopping counter: 17 out of 30
Epoch 00034, Step00000 | Train_Loss: 0.5314 | Time: 0.3896
Epoch 00034 | Val_Loss 0.7993 | Time(s) 0.2846
EarlyStopping counter: 18 out of 30
Epoch 00035, Step00000 | Train_Loss: 0.5079 | Time: 0.3861
Epoch 00035 | Val_Loss 0.8132 | Time(s) 0.2876
EarlyStopping counter: 19 out of 30
Epoch 00036, Step00000 | Train_Loss: 0.5194 | Time: 0.3870
Epoch 00036 | Val_Loss 0.7193 | Time(s) 0.2850
EarlyStopping counter: 20 out of 30
Epoch 00037, Step00000 | Train_Loss: 0.5036 | Time: 0.3883
Epoch 00037 | Val_Loss 0.7661 | Time(s) 0.2837
EarlyStopping counter: 21 out of 30
Epoch 00038, Step00000 | Train_Loss: 0.4980 | Time: 0.3919
Epoch 00038 | Val_Loss 0.8089 | Time(s) 0.2857
EarlyStopping counter: 22 out of 30
Epoch 00039, Step00000 | Train_Loss: 0.5019 | Time: 0.3922
Epoch 00039 | Val_Loss 0.7376 | Time(s) 0.2871
EarlyStopping counter: 23 out of 30
Epoch 00040, Step00000 | Train_Loss: 0.4903 | Time: 0.3883
Epoch 00040 | Val_Loss 0.8110 | Time(s) 0.2859
EarlyStopping counter: 24 out of 30
Epoch 00041, Step00000 | Train_Loss: 0.4714 | Time: 0.3871
Epoch 00041 | Val_Loss 0.8121 | Time(s) 0.2852
EarlyStopping counter: 25 out of 30
Epoch 00042, Step00000 | Train_Loss: 0.4644 | Time: 0.3898
Epoch 00042 | Val_Loss 0.8309 | Time(s) 0.2853
EarlyStopping counter: 26 out of 30
Epoch 00043, Step00000 | Train_Loss: 0.4492 | Time: 0.3904
Epoch 00043 | Val_Loss 0.8740 | Time(s) 0.2871
EarlyStopping counter: 27 out of 30
Epoch 00044, Step00000 | Train_Loss: 0.4575 | Time: 0.3897
Epoch 00044 | Val_Loss 0.9965 | Time(s) 0.2873
EarlyStopping counter: 28 out of 30
Epoch 00045, Step00000 | Train_Loss: 0.4483 | Time: 0.3895
Epoch 00045 | Val_Loss 0.9408 | Time(s) 0.2867
EarlyStopping counter: 29 out of 30
Epoch 00046, Step00000 | Train_Loss: 0.4542 | Time: 0.3866
Epoch 00046 | Val_Loss 0.8862 | Time(s) 0.2854
EarlyStopping counter: 30 out of 30
Early stopping!
Early stopping!
defaultdict(<class 'float'>, {'roc_auc': 0.4991109078900574, 'MRR': 0.7165441176470587})
defaultdict(<class 'float'>, {'roc_auc': 0.6344391945672239, 'MRR': 0.8094362745098039})
Completed: amazon_style_ccc_features_fold_5 (rep 5)

=== Repetition 6/6 ===
--------------------------------------
Running model: HGT
Dataset: amazon_style_ccc_features_fold_1
Repetition: 6
--------------------------------------
Loading nodes from amazon_style_ccc_features_fold_1/node.dat
/home/simonettos/homhetgnn/HGB/LP/benchmark/data/amazon_style_ccc_features_fold_1/node.dat
0 {}
1 {'0': 558}
2 {'0': 558, '1': 940}
node_count: {'0': 558, '1': 940, '2': 19264}
('2', '5', '1'): src_max=19263, dst_max=938
('0', '3', '0'): src_max=557, dst_max=557
('1', '4', '1'): src_max=939, dst_max=939
('0', '7', '0'): src_max=557, dst_max=557
('1', '6', '0'): src_max=939, dst_max=556
('1', '2', '1'): src_max=938, dst_max=938
('0', '0', '0'): src_max=557, dst_max=553
('1', '8', '1'): src_max=939, dst_max=939
('1', '1', '1'): src_max=939, dst_max=928
('1', '9', '1'): src_max=791, dst_max=812
('1', '10', '1'): src_max=795, dst_max=380
0 0
1 558
2 1498
6
Epoch 00000, Step00000 | Train_Loss: 0.9247 | Time: 0.8035
Epoch 00000 | Val_Loss 0.7218 | Time(s) 0.2868
Validation loss decreased (inf --> 0.721827).  Saving model ...
Epoch 00001, Step00000 | Train_Loss: 0.8853 | Time: 0.3933
Epoch 00001 | Val_Loss 1.4988 | Time(s) 0.2880
EarlyStopping counter: 1 out of 30
Epoch 00002, Step00000 | Train_Loss: 1.2949 | Time: 0.3909
Epoch 00002 | Val_Loss 1.2822 | Time(s) 0.2905
EarlyStopping counter: 2 out of 30
Epoch 00003, Step00000 | Train_Loss: 1.1091 | Time: 0.3917
Epoch 00003 | Val_Loss 0.7301 | Time(s) 0.2866
EarlyStopping counter: 3 out of 30
Epoch 00004, Step00000 | Train_Loss: 0.8065 | Time: 0.3907
Epoch 00004 | Val_Loss 1.3658 | Time(s) 0.2872
EarlyStopping counter: 4 out of 30
Epoch 00005, Step00000 | Train_Loss: 1.1510 | Time: 0.3887
Epoch 00005 | Val_Loss 0.7080 | Time(s) 0.2901
Validation loss decreased (0.721827 --> 0.707956).  Saving model ...
Epoch 00006, Step00000 | Train_Loss: 0.7732 | Time: 0.3919
Epoch 00006 | Val_Loss 1.0202 | Time(s) 0.2859
EarlyStopping counter: 1 out of 30
Epoch 00007, Step00000 | Train_Loss: 0.9222 | Time: 0.3906
Epoch 00007 | Val_Loss 1.0056 | Time(s) 0.2864
EarlyStopping counter: 2 out of 30
Epoch 00008, Step00000 | Train_Loss: 0.9377 | Time: 0.3942
Epoch 00008 | Val_Loss 0.6664 | Time(s) 0.2865
Validation loss decreased (0.707956 --> 0.666369).  Saving model ...
Epoch 00009, Step00000 | Train_Loss: 0.7486 | Time: 0.3886
Epoch 00009 | Val_Loss 0.9966 | Time(s) 0.2877
EarlyStopping counter: 1 out of 30
Epoch 00010, Step00000 | Train_Loss: 0.9561 | Time: 0.3938
Epoch 00010 | Val_Loss 1.1478 | Time(s) 0.2886
EarlyStopping counter: 2 out of 30
Epoch 00011, Step00000 | Train_Loss: 0.9825 | Time: 0.3933
Epoch 00011 | Val_Loss 0.7404 | Time(s) 0.2880
EarlyStopping counter: 3 out of 30
Epoch 00012, Step00000 | Train_Loss: 0.7303 | Time: 0.3924
Epoch 00012 | Val_Loss 0.7476 | Time(s) 0.2879
EarlyStopping counter: 4 out of 30
Epoch 00013, Step00000 | Train_Loss: 0.6952 | Time: 0.3907
Epoch 00013 | Val_Loss 1.1092 | Time(s) 0.2915
EarlyStopping counter: 5 out of 30
Epoch 00014, Step00000 | Train_Loss: 0.8817 | Time: 0.3937
Epoch 00014 | Val_Loss 1.2293 | Time(s) 0.2871
EarlyStopping counter: 6 out of 30
Epoch 00015, Step00000 | Train_Loss: 0.9527 | Time: 0.3903
Epoch 00015 | Val_Loss 0.9185 | Time(s) 0.2859
EarlyStopping counter: 7 out of 30
Epoch 00016, Step00000 | Train_Loss: 0.6863 | Time: 0.3911
Epoch 00016 | Val_Loss 0.8669 | Time(s) 0.2862
EarlyStopping counter: 8 out of 30
Epoch 00017, Step00000 | Train_Loss: 0.6534 | Time: 0.3888
Epoch 00017 | Val_Loss 0.9255 | Time(s) 0.2906
EarlyStopping counter: 9 out of 30
Epoch 00018, Step00000 | Train_Loss: 0.7950 | Time: 0.3943
Epoch 00018 | Val_Loss 0.8376 | Time(s) 0.2862
EarlyStopping counter: 10 out of 30
Epoch 00019, Step00000 | Train_Loss: 0.5929 | Time: 0.3918
Epoch 00019 | Val_Loss 1.0235 | Time(s) 0.2872
EarlyStopping counter: 11 out of 30
Epoch 00020, Step00000 | Train_Loss: 0.6424 | Time: 0.3904
Epoch 00020 | Val_Loss 0.9861 | Time(s) 0.2878
EarlyStopping counter: 12 out of 30
Epoch 00021, Step00000 | Train_Loss: 0.6959 | Time: 0.3922
Epoch 00021 | Val_Loss 0.9767 | Time(s) 0.2891
EarlyStopping counter: 13 out of 30
Epoch 00022, Step00000 | Train_Loss: 0.5652 | Time: 0.3892
Epoch 00022 | Val_Loss 1.1357 | Time(s) 0.2862
EarlyStopping counter: 14 out of 30
Epoch 00023, Step00000 | Train_Loss: 0.6154 | Time: 0.3929
Epoch 00023 | Val_Loss 0.9538 | Time(s) 0.2891
EarlyStopping counter: 15 out of 30
Epoch 00024, Step00000 | Train_Loss: 0.5591 | Time: 0.3934
Epoch 00024 | Val_Loss 0.9616 | Time(s) 0.2851
EarlyStopping counter: 16 out of 30
Epoch 00025, Step00000 | Train_Loss: 0.5568 | Time: 0.3905
Epoch 00025 | Val_Loss 0.9808 | Time(s) 0.2853
EarlyStopping counter: 17 out of 30
Epoch 00026, Step00000 | Train_Loss: 0.5719 | Time: 0.3957
Epoch 00026 | Val_Loss 0.9320 | Time(s) 0.2872
EarlyStopping counter: 18 out of 30
Epoch 00027, Step00000 | Train_Loss: 0.5141 | Time: 0.3915
Epoch 00027 | Val_Loss 0.9479 | Time(s) 0.2845
EarlyStopping counter: 19 out of 30
Epoch 00028, Step00000 | Train_Loss: 0.5497 | Time: 0.3917
Epoch 00028 | Val_Loss 0.8458 | Time(s) 0.2874
EarlyStopping counter: 20 out of 30
Epoch 00029, Step00000 | Train_Loss: 0.4835 | Time: 0.3918
Epoch 00029 | Val_Loss 0.9420 | Time(s) 0.2874
EarlyStopping counter: 21 out of 30
Epoch 00030, Step00000 | Train_Loss: 0.5196 | Time: 0.3904
Epoch 00030 | Val_Loss 0.9500 | Time(s) 0.2874
EarlyStopping counter: 22 out of 30
Epoch 00031, Step00000 | Train_Loss: 0.4703 | Time: 0.3972
Epoch 00031 | Val_Loss 0.8870 | Time(s) 0.2898
EarlyStopping counter: 23 out of 30
Epoch 00032, Step00000 | Train_Loss: 0.4952 | Time: 0.3935
Epoch 00032 | Val_Loss 1.0235 | Time(s) 0.2860
EarlyStopping counter: 24 out of 30
Epoch 00033, Step00000 | Train_Loss: 0.4662 | Time: 0.3872
Epoch 00033 | Val_Loss 1.1397 | Time(s) 0.2846
EarlyStopping counter: 25 out of 30
Epoch 00034, Step00000 | Train_Loss: 0.4684 | Time: 0.3895
Epoch 00034 | Val_Loss 1.1104 | Time(s) 0.2867
EarlyStopping counter: 26 out of 30
Epoch 00035, Step00000 | Train_Loss: 0.4833 | Time: 0.3911
Epoch 00035 | Val_Loss 1.0635 | Time(s) 0.2845
EarlyStopping counter: 27 out of 30
Epoch 00036, Step00000 | Train_Loss: 0.4353 | Time: 0.3930
Epoch 00036 | Val_Loss 1.1399 | Time(s) 0.2909
EarlyStopping counter: 28 out of 30
Epoch 00037, Step00000 | Train_Loss: 0.4278 | Time: 0.3954
Epoch 00037 | Val_Loss 1.1448 | Time(s) 0.2879
EarlyStopping counter: 29 out of 30
Epoch 00038, Step00000 | Train_Loss: 0.4043 | Time: 0.3941
Epoch 00038 | Val_Loss 1.2087 | Time(s) 0.2862
EarlyStopping counter: 30 out of 30
Early stopping!
Early stopping!
defaultdict(<class 'float'>, {'roc_auc': 0.5202205882352942, 'MRR': 0.768014705882353})
defaultdict(<class 'float'>, {'roc_auc': 0.6351388888888889, 'MRR': 0.7867647058823529})
Completed: amazon_style_ccc_features_fold_1 (rep 6)

--------------------------------------
Running model: HGT
Dataset: amazon_style_ccc_features_fold_2
Repetition: 6
--------------------------------------
Loading nodes from amazon_style_ccc_features_fold_2/node.dat
/home/simonettos/homhetgnn/HGB/LP/benchmark/data/amazon_style_ccc_features_fold_2/node.dat
0 {}
1 {'0': 558}
2 {'0': 558, '1': 940}
node_count: {'0': 558, '1': 940, '2': 19264}
('2', '5', '1'): src_max=19263, dst_max=938
('1', '4', '1'): src_max=939, dst_max=939
('0', '0', '0'): src_max=557, dst_max=553
('0', '7', '0'): src_max=557, dst_max=557
('0', '3', '0'): src_max=557, dst_max=557
('1', '6', '0'): src_max=939, dst_max=557
('1', '2', '1'): src_max=938, dst_max=938
('1', '9', '1'): src_max=791, dst_max=812
('1', '8', '1'): src_max=939, dst_max=939
('1', '1', '1'): src_max=939, dst_max=928
('1', '10', '1'): src_max=795, dst_max=380
0 0
1 558
2 1498
6
Epoch 00000, Step00000 | Train_Loss: 1.1500 | Time: 0.8014
Epoch 00000 | Val_Loss 1.9891 | Time(s) 0.2859
Validation loss decreased (inf --> 1.989111).  Saving model ...
Epoch 00001, Step00000 | Train_Loss: 1.7407 | Time: 0.3909
Epoch 00001 | Val_Loss 1.1199 | Time(s) 0.2869
Validation loss decreased (1.989111 --> 1.119938).  Saving model ...
Epoch 00002, Step00000 | Train_Loss: 1.1363 | Time: 0.3906
Epoch 00002 | Val_Loss 1.1593 | Time(s) 0.2852
EarlyStopping counter: 1 out of 30
Epoch 00003, Step00000 | Train_Loss: 1.1525 | Time: 0.3905
Epoch 00003 | Val_Loss 1.0327 | Time(s) 0.2848
Validation loss decreased (1.119938 --> 1.032657).  Saving model ...
Epoch 00004, Step00000 | Train_Loss: 1.0376 | Time: 0.3878
Epoch 00004 | Val_Loss 1.1658 | Time(s) 0.2880
EarlyStopping counter: 1 out of 30
Epoch 00005, Step00000 | Train_Loss: 1.1080 | Time: 0.3869
Epoch 00005 | Val_Loss 0.7389 | Time(s) 0.2832
Validation loss decreased (1.032657 --> 0.738940).  Saving model ...
Epoch 00006, Step00000 | Train_Loss: 0.8565 | Time: 0.3953
Epoch 00006 | Val_Loss 1.2493 | Time(s) 0.2898
EarlyStopping counter: 1 out of 30
Epoch 00007, Step00000 | Train_Loss: 1.1193 | Time: 0.3923
Epoch 00007 | Val_Loss 0.6953 | Time(s) 0.2870
Validation loss decreased (0.738940 --> 0.695330).  Saving model ...
Epoch 00008, Step00000 | Train_Loss: 0.8070 | Time: 0.3861
Epoch 00008 | Val_Loss 0.9986 | Time(s) 0.2898
EarlyStopping counter: 1 out of 30
Epoch 00009, Step00000 | Train_Loss: 0.9591 | Time: 0.3920
Epoch 00009 | Val_Loss 1.1461 | Time(s) 0.2844
EarlyStopping counter: 2 out of 30
Epoch 00010, Step00000 | Train_Loss: 1.0828 | Time: 0.3883
Epoch 00010 | Val_Loss 0.7263 | Time(s) 0.2860
EarlyStopping counter: 3 out of 30
Epoch 00011, Step00000 | Train_Loss: 0.7880 | Time: 0.3865
Epoch 00011 | Val_Loss 0.8020 | Time(s) 0.2859
EarlyStopping counter: 4 out of 30
Epoch 00012, Step00000 | Train_Loss: 0.8549 | Time: 0.3886
Epoch 00012 | Val_Loss 1.1407 | Time(s) 0.2914
EarlyStopping counter: 5 out of 30
Epoch 00013, Step00000 | Train_Loss: 1.0437 | Time: 0.3870
Epoch 00013 | Val_Loss 0.7993 | Time(s) 0.2860
EarlyStopping counter: 6 out of 30
Epoch 00014, Step00000 | Train_Loss: 0.8097 | Time: 0.3897
Epoch 00014 | Val_Loss 0.7038 | Time(s) 0.2869
EarlyStopping counter: 7 out of 30
Epoch 00015, Step00000 | Train_Loss: 0.7246 | Time: 0.3911
Epoch 00015 | Val_Loss 1.0820 | Time(s) 0.2866
EarlyStopping counter: 8 out of 30
Epoch 00016, Step00000 | Train_Loss: 0.9983 | Time: 0.3916
Epoch 00016 | Val_Loss 0.9133 | Time(s) 0.2891
EarlyStopping counter: 9 out of 30
Epoch 00017, Step00000 | Train_Loss: 0.8257 | Time: 0.3893
Epoch 00017 | Val_Loss 0.7038 | Time(s) 0.2844
EarlyStopping counter: 10 out of 30
Epoch 00018, Step00000 | Train_Loss: 0.6876 | Time: 0.3907
Epoch 00018 | Val_Loss 0.8736 | Time(s) 0.2869
EarlyStopping counter: 11 out of 30
Epoch 00019, Step00000 | Train_Loss: 0.8902 | Time: 0.3892
Epoch 00019 | Val_Loss 0.6759 | Time(s) 0.2860
Validation loss decreased (0.695330 --> 0.675855).  Saving model ...
Epoch 00020, Step00000 | Train_Loss: 0.6508 | Time: 0.3939
Epoch 00020 | Val_Loss 0.8883 | Time(s) 0.2911
EarlyStopping counter: 1 out of 30
Epoch 00021, Step00000 | Train_Loss: 0.7619 | Time: 0.3917
Epoch 00021 | Val_Loss 0.8768 | Time(s) 0.2862
EarlyStopping counter: 2 out of 30
Epoch 00022, Step00000 | Train_Loss: 0.6921 | Time: 0.3849
Epoch 00022 | Val_Loss 0.7788 | Time(s) 0.2840
EarlyStopping counter: 3 out of 30
Epoch 00023, Step00000 | Train_Loss: 0.6410 | Time: 0.3874
Epoch 00023 | Val_Loss 0.9623 | Time(s) 0.2829
EarlyStopping counter: 4 out of 30
Epoch 00024, Step00000 | Train_Loss: 0.7394 | Time: 0.3859
Epoch 00024 | Val_Loss 0.7893 | Time(s) 0.2831
EarlyStopping counter: 5 out of 30
Epoch 00025, Step00000 | Train_Loss: 0.5795 | Time: 0.3913
Epoch 00025 | Val_Loss 0.8933 | Time(s) 0.2836
EarlyStopping counter: 6 out of 30
Epoch 00026, Step00000 | Train_Loss: 0.6469 | Time: 0.3895
Epoch 00026 | Val_Loss 0.8153 | Time(s) 0.2853
EarlyStopping counter: 7 out of 30
Epoch 00027, Step00000 | Train_Loss: 0.6081 | Time: 0.3898
Epoch 00027 | Val_Loss 0.7266 | Time(s) 0.2856
EarlyStopping counter: 8 out of 30
Epoch 00028, Step00000 | Train_Loss: 0.5645 | Time: 0.3848
Epoch 00028 | Val_Loss 0.7551 | Time(s) 0.2836
EarlyStopping counter: 9 out of 30
Epoch 00029, Step00000 | Train_Loss: 0.6045 | Time: 0.3898
Epoch 00029 | Val_Loss 0.7590 | Time(s) 0.2832
EarlyStopping counter: 10 out of 30
Epoch 00030, Step00000 | Train_Loss: 0.5315 | Time: 0.3913
Epoch 00030 | Val_Loss 0.7636 | Time(s) 0.2834
EarlyStopping counter: 11 out of 30
Epoch 00031, Step00000 | Train_Loss: 0.5820 | Time: 0.3856
Epoch 00031 | Val_Loss 0.6843 | Time(s) 0.2838
EarlyStopping counter: 12 out of 30
Epoch 00032, Step00000 | Train_Loss: 0.5294 | Time: 0.3934
Epoch 00032 | Val_Loss 0.7257 | Time(s) 0.2862
EarlyStopping counter: 13 out of 30
Epoch 00033, Step00000 | Train_Loss: 0.5312 | Time: 0.3895
Epoch 00033 | Val_Loss 0.6021 | Time(s) 0.2853
Validation loss decreased (0.675855 --> 0.602056).  Saving model ...
Epoch 00034, Step00000 | Train_Loss: 0.5185 | Time: 0.3870
Epoch 00034 | Val_Loss 0.6313 | Time(s) 0.2855
EarlyStopping counter: 1 out of 30
Epoch 00035, Step00000 | Train_Loss: 0.5391 | Time: 0.3870
Epoch 00035 | Val_Loss 0.6621 | Time(s) 0.2854
EarlyStopping counter: 2 out of 30
Epoch 00036, Step00000 | Train_Loss: 0.4979 | Time: 0.3900
Epoch 00036 | Val_Loss 0.7162 | Time(s) 0.2832
EarlyStopping counter: 3 out of 30
Epoch 00037, Step00000 | Train_Loss: 0.5015 | Time: 0.3845
Epoch 00037 | Val_Loss 0.6673 | Time(s) 0.2850
EarlyStopping counter: 4 out of 30
Epoch 00038, Step00000 | Train_Loss: 0.4950 | Time: 0.3913
Epoch 00038 | Val_Loss 0.7145 | Time(s) 0.2859
EarlyStopping counter: 5 out of 30
Epoch 00039, Step00000 | Train_Loss: 0.5056 | Time: 0.3893
Epoch 00039 | Val_Loss 0.6343 | Time(s) 0.2854
EarlyStopping counter: 6 out of 30
Epoch 00040, Step00000 | Train_Loss: 0.4961 | Time: 0.3895
Epoch 00040 | Val_Loss 0.6981 | Time(s) 0.2863
EarlyStopping counter: 7 out of 30
Epoch 00041, Step00000 | Train_Loss: 0.4760 | Time: 0.3915
Epoch 00041 | Val_Loss 0.7455 | Time(s) 0.2855
EarlyStopping counter: 8 out of 30
Epoch 00042, Step00000 | Train_Loss: 0.4664 | Time: 0.3869
Epoch 00042 | Val_Loss 0.6798 | Time(s) 0.2834
EarlyStopping counter: 9 out of 30
Epoch 00043, Step00000 | Train_Loss: 0.4816 | Time: 0.3905
Epoch 00043 | Val_Loss 0.6992 | Time(s) 0.2879
EarlyStopping counter: 10 out of 30
Epoch 00044, Step00000 | Train_Loss: 0.4671 | Time: 0.3895
Epoch 00044 | Val_Loss 0.7935 | Time(s) 0.2855
EarlyStopping counter: 11 out of 30
Epoch 00045, Step00000 | Train_Loss: 0.4481 | Time: 0.3901
Epoch 00045 | Val_Loss 0.8875 | Time(s) 0.2850
EarlyStopping counter: 12 out of 30
Epoch 00046, Step00000 | Train_Loss: 0.4741 | Time: 0.3896
Epoch 00046 | Val_Loss 0.9311 | Time(s) 0.2863
EarlyStopping counter: 13 out of 30
Epoch 00047, Step00000 | Train_Loss: 0.4739 | Time: 0.3888
Epoch 00047 | Val_Loss 0.8003 | Time(s) 0.2841
EarlyStopping counter: 14 out of 30
Epoch 00048, Step00000 | Train_Loss: 0.4371 | Time: 0.3882
Epoch 00048 | Val_Loss 0.9440 | Time(s) 0.2833
EarlyStopping counter: 15 out of 30
Epoch 00049, Step00000 | Train_Loss: 0.4503 | Time: 0.3872
Epoch 00049 | Val_Loss 0.8509 | Time(s) 0.2875
EarlyStopping counter: 16 out of 30
Epoch 00050, Step00000 | Train_Loss: 0.4258 | Time: 0.3898
Epoch 00050 | Val_Loss 0.7750 | Time(s) 0.2881
EarlyStopping counter: 17 out of 30
Epoch 00051, Step00000 | Train_Loss: 0.4306 | Time: 0.3865
Epoch 00051 | Val_Loss 0.8149 | Time(s) 0.2861
EarlyStopping counter: 18 out of 30
Epoch 00052, Step00000 | Train_Loss: 0.4154 | Time: 0.3870
Epoch 00052 | Val_Loss 0.8802 | Time(s) 0.2833
EarlyStopping counter: 19 out of 30
Epoch 00053, Step00000 | Train_Loss: 0.4153 | Time: 0.3910
Epoch 00053 | Val_Loss 0.7887 | Time(s) 0.2831
EarlyStopping counter: 20 out of 30
Epoch 00054, Step00000 | Train_Loss: 0.4060 | Time: 0.3885
Epoch 00054 | Val_Loss 0.8281 | Time(s) 0.2848
EarlyStopping counter: 21 out of 30
Epoch 00055, Step00000 | Train_Loss: 0.3839 | Time: 0.3858
Epoch 00055 | Val_Loss 0.8345 | Time(s) 0.2828
EarlyStopping counter: 22 out of 30
Epoch 00056, Step00000 | Train_Loss: 0.3774 | Time: 0.3910
Epoch 00056 | Val_Loss 0.9114 | Time(s) 0.2834
EarlyStopping counter: 23 out of 30
Epoch 00057, Step00000 | Train_Loss: 0.3769 | Time: 0.3900
Epoch 00057 | Val_Loss 0.8576 | Time(s) 0.2830
EarlyStopping counter: 24 out of 30
Epoch 00058, Step00000 | Train_Loss: 0.3684 | Time: 0.3858
Epoch 00058 | Val_Loss 0.9050 | Time(s) 0.2838
EarlyStopping counter: 25 out of 30
Epoch 00059, Step00000 | Train_Loss: 0.3540 | Time: 0.3891
Epoch 00059 | Val_Loss 0.8330 | Time(s) 0.2832
EarlyStopping counter: 26 out of 30
Epoch 00060, Step00000 | Train_Loss: 0.3552 | Time: 0.3879
Epoch 00060 | Val_Loss 0.8721 | Time(s) 0.2859
EarlyStopping counter: 27 out of 30
Epoch 00061, Step00000 | Train_Loss: 0.3585 | Time: 0.3853
Epoch 00061 | Val_Loss 0.9213 | Time(s) 0.2829
EarlyStopping counter: 28 out of 30
Epoch 00062, Step00000 | Train_Loss: 0.3369 | Time: 0.3973
Epoch 00062 | Val_Loss 0.9348 | Time(s) 0.2878
EarlyStopping counter: 29 out of 30
Epoch 00063, Step00000 | Train_Loss: 0.3402 | Time: 0.3892
Epoch 00063 | Val_Loss 0.8449 | Time(s) 0.2847
EarlyStopping counter: 30 out of 30
Early stopping!
Early stopping!
defaultdict(<class 'float'>, {'roc_auc': 0.5675806451612904, 'MRR': 0.7441780821917808})
defaultdict(<class 'float'>, {'roc_auc': 0.73504, 'MRR': 0.8264840182648401})
Completed: amazon_style_ccc_features_fold_2 (rep 6)

--------------------------------------
Running model: HGT
Dataset: amazon_style_ccc_features_fold_3
Repetition: 6
--------------------------------------
Loading nodes from amazon_style_ccc_features_fold_3/node.dat
/home/simonettos/homhetgnn/HGB/LP/benchmark/data/amazon_style_ccc_features_fold_3/node.dat
0 {}
1 {'0': 558}
2 {'0': 558, '1': 940}
node_count: {'0': 558, '1': 940, '2': 19264}
('2', '5', '1'): src_max=19263, dst_max=938
('1', '4', '1'): src_max=939, dst_max=939
('0', '0', '0'): src_max=557, dst_max=553
('0', '7', '0'): src_max=557, dst_max=557
('0', '3', '0'): src_max=557, dst_max=557
('1', '6', '0'): src_max=939, dst_max=557
('1', '2', '1'): src_max=938, dst_max=938
('1', '9', '1'): src_max=791, dst_max=812
('1', '8', '1'): src_max=939, dst_max=939
('1', '1', '1'): src_max=939, dst_max=928
('1', '10', '1'): src_max=795, dst_max=380
0 0
1 558
2 1498
6
Epoch 00000, Step00000 | Train_Loss: 1.0556 | Time: 0.8256
Epoch 00000 | Val_Loss 2.0993 | Time(s) 0.2900
Validation loss decreased (inf --> 2.099264).  Saving model ...
Epoch 00001, Step00000 | Train_Loss: 1.7852 | Time: 0.3985
Epoch 00001 | Val_Loss 0.7314 | Time(s) 0.2930
Validation loss decreased (2.099264 --> 0.731399).  Saving model ...
Epoch 00002, Step00000 | Train_Loss: 0.9287 | Time: 0.4000
Epoch 00002 | Val_Loss 1.6382 | Time(s) 0.2915
EarlyStopping counter: 1 out of 30
Epoch 00003, Step00000 | Train_Loss: 1.4626 | Time: 0.4003
Epoch 00003 | Val_Loss 0.6860 | Time(s) 0.2953
Validation loss decreased (0.731399 --> 0.686034).  Saving model ...
Epoch 00004, Step00000 | Train_Loss: 0.8664 | Time: 0.3982
Epoch 00004 | Val_Loss 1.4009 | Time(s) 0.2978
EarlyStopping counter: 1 out of 30
Epoch 00005, Step00000 | Train_Loss: 1.2542 | Time: 0.3949
Epoch 00005 | Val_Loss 0.6973 | Time(s) 0.2918
EarlyStopping counter: 2 out of 30
Epoch 00006, Step00000 | Train_Loss: 0.8029 | Time: 0.4039
Epoch 00006 | Val_Loss 1.0524 | Time(s) 0.2941
EarlyStopping counter: 3 out of 30
Epoch 00007, Step00000 | Train_Loss: 1.0119 | Time: 0.3977
Epoch 00007 | Val_Loss 0.9091 | Time(s) 0.2926
EarlyStopping counter: 4 out of 30
Epoch 00008, Step00000 | Train_Loss: 0.9525 | Time: 0.4046
Epoch 00008 | Val_Loss 0.6762 | Time(s) 0.2957
Validation loss decreased (0.686034 --> 0.676236).  Saving model ...
Epoch 00009, Step00000 | Train_Loss: 0.7817 | Time: 0.3987
Epoch 00009 | Val_Loss 0.9655 | Time(s) 0.2920
EarlyStopping counter: 1 out of 30
Epoch 00010, Step00000 | Train_Loss: 0.9619 | Time: 0.3976
Epoch 00010 | Val_Loss 1.0261 | Time(s) 0.2969
EarlyStopping counter: 2 out of 30
Epoch 00011, Step00000 | Train_Loss: 0.9120 | Time: 0.4056
Epoch 00011 | Val_Loss 0.6664 | Time(s) 0.2905
Validation loss decreased (0.676236 --> 0.666399).  Saving model ...
Epoch 00012, Step00000 | Train_Loss: 0.7599 | Time: 0.3949
Epoch 00012 | Val_Loss 0.7387 | Time(s) 0.2988
EarlyStopping counter: 1 out of 30
Epoch 00013, Step00000 | Train_Loss: 0.7517 | Time: 0.4059
Epoch 00013 | Val_Loss 1.0234 | Time(s) 0.2937
EarlyStopping counter: 2 out of 30
Epoch 00014, Step00000 | Train_Loss: 0.9173 | Time: 0.4003
Epoch 00014 | Val_Loss 1.1792 | Time(s) 0.2919
EarlyStopping counter: 3 out of 30
Epoch 00015, Step00000 | Train_Loss: 1.0297 | Time: 0.3969
Epoch 00015 | Val_Loss 0.8321 | Time(s) 0.2930
EarlyStopping counter: 4 out of 30
Epoch 00016, Step00000 | Train_Loss: 0.7164 | Time: 0.3953
Epoch 00016 | Val_Loss 0.8150 | Time(s) 0.2985
EarlyStopping counter: 5 out of 30
Epoch 00017, Step00000 | Train_Loss: 0.6934 | Time: 0.3993
Epoch 00017 | Val_Loss 1.0331 | Time(s) 0.2952
EarlyStopping counter: 6 out of 30
Epoch 00018, Step00000 | Train_Loss: 0.8215 | Time: 0.3967
Epoch 00018 | Val_Loss 0.7842 | Time(s) 0.2930
EarlyStopping counter: 7 out of 30
Epoch 00019, Step00000 | Train_Loss: 0.6225 | Time: 0.3982
Epoch 00019 | Val_Loss 0.9711 | Time(s) 0.2929
EarlyStopping counter: 8 out of 30
Epoch 00020, Step00000 | Train_Loss: 0.7194 | Time: 0.4031
Epoch 00020 | Val_Loss 0.8999 | Time(s) 0.2950
EarlyStopping counter: 9 out of 30
Epoch 00021, Step00000 | Train_Loss: 0.6770 | Time: 0.3959
Epoch 00021 | Val_Loss 0.8583 | Time(s) 0.2940
EarlyStopping counter: 10 out of 30
Epoch 00022, Step00000 | Train_Loss: 0.6200 | Time: 0.3996
Epoch 00022 | Val_Loss 1.0699 | Time(s) 0.2924
EarlyStopping counter: 11 out of 30
Epoch 00023, Step00000 | Train_Loss: 0.7185 | Time: 0.3953
Epoch 00023 | Val_Loss 0.8663 | Time(s) 0.2928
EarlyStopping counter: 12 out of 30
Epoch 00024, Step00000 | Train_Loss: 0.5941 | Time: 0.3966
Epoch 00024 | Val_Loss 0.9174 | Time(s) 0.2945
EarlyStopping counter: 13 out of 30
Epoch 00025, Step00000 | Train_Loss: 0.6455 | Time: 0.4017
Epoch 00025 | Val_Loss 0.8815 | Time(s) 0.2958
EarlyStopping counter: 14 out of 30
Epoch 00026, Step00000 | Train_Loss: 0.5760 | Time: 0.4019
Epoch 00026 | Val_Loss 0.8125 | Time(s) 0.2921
EarlyStopping counter: 15 out of 30
Epoch 00027, Step00000 | Train_Loss: 0.5805 | Time: 0.3966
Epoch 00027 | Val_Loss 0.8008 | Time(s) 0.2949
EarlyStopping counter: 16 out of 30
Epoch 00028, Step00000 | Train_Loss: 0.5908 | Time: 0.4013
Epoch 00028 | Val_Loss 0.8442 | Time(s) 0.2958
EarlyStopping counter: 17 out of 30
Epoch 00029, Step00000 | Train_Loss: 0.5473 | Time: 0.3984
Epoch 00029 | Val_Loss 0.8863 | Time(s) 0.2942
EarlyStopping counter: 18 out of 30
Epoch 00030, Step00000 | Train_Loss: 0.5566 | Time: 0.3956
Epoch 00030 | Val_Loss 0.8951 | Time(s) 0.2952
EarlyStopping counter: 19 out of 30
Epoch 00031, Step00000 | Train_Loss: 0.5370 | Time: 0.4037
Epoch 00031 | Val_Loss 0.9320 | Time(s) 0.2915
EarlyStopping counter: 20 out of 30
Epoch 00032, Step00000 | Train_Loss: 0.5566 | Time: 0.3997
Epoch 00032 | Val_Loss 0.8385 | Time(s) 0.2935
EarlyStopping counter: 21 out of 30
Epoch 00033, Step00000 | Train_Loss: 0.5212 | Time: 0.3973
Epoch 00033 | Val_Loss 0.9343 | Time(s) 0.2914
EarlyStopping counter: 22 out of 30
Epoch 00034, Step00000 | Train_Loss: 0.5374 | Time: 0.3949
Epoch 00034 | Val_Loss 0.8268 | Time(s) 0.2932
EarlyStopping counter: 23 out of 30
Epoch 00035, Step00000 | Train_Loss: 0.5138 | Time: 0.3967
Epoch 00035 | Val_Loss 0.8381 | Time(s) 0.2916
EarlyStopping counter: 24 out of 30
Epoch 00036, Step00000 | Train_Loss: 0.5059 | Time: 0.3947
Epoch 00036 | Val_Loss 0.8206 | Time(s) 0.2939
EarlyStopping counter: 25 out of 30
Epoch 00037, Step00000 | Train_Loss: 0.5136 | Time: 0.3998
Epoch 00037 | Val_Loss 0.8869 | Time(s) 0.2938
EarlyStopping counter: 26 out of 30
Epoch 00038, Step00000 | Train_Loss: 0.4848 | Time: 0.3971
Epoch 00038 | Val_Loss 0.9242 | Time(s) 0.2931
EarlyStopping counter: 27 out of 30
Epoch 00039, Step00000 | Train_Loss: 0.4749 | Time: 0.3948
Epoch 00039 | Val_Loss 0.9893 | Time(s) 0.2904
EarlyStopping counter: 28 out of 30
Epoch 00040, Step00000 | Train_Loss: 0.4767 | Time: 0.4036
Epoch 00040 | Val_Loss 1.0557 | Time(s) 0.2964
EarlyStopping counter: 29 out of 30
Epoch 00041, Step00000 | Train_Loss: 0.4960 | Time: 0.3989
Epoch 00041 | Val_Loss 0.9425 | Time(s) 0.2963
EarlyStopping counter: 30 out of 30
Early stopping!
Early stopping!
defaultdict(<class 'float'>, {'roc_auc': 0.5177069499778664, 'MRR': 0.7506313131313131})
defaultdict(<class 'float'>, {'roc_auc': 0.6426051902242379, 'MRR': 0.7910353535353535})
Completed: amazon_style_ccc_features_fold_3 (rep 6)

--------------------------------------
Running model: HGT
Dataset: amazon_style_ccc_features_fold_4
Repetition: 6
--------------------------------------
Loading nodes from amazon_style_ccc_features_fold_4/node.dat
/home/simonettos/homhetgnn/HGB/LP/benchmark/data/amazon_style_ccc_features_fold_4/node.dat
0 {}
1 {'0': 558}
2 {'0': 558, '1': 940}
node_count: {'0': 558, '1': 940, '2': 19264}
('2', '5', '1'): src_max=19263, dst_max=938
('1', '4', '1'): src_max=939, dst_max=939
('0', '0', '0'): src_max=557, dst_max=553
('0', '7', '0'): src_max=557, dst_max=556
('0', '3', '0'): src_max=557, dst_max=557
('1', '6', '0'): src_max=939, dst_max=556
('1', '2', '1'): src_max=938, dst_max=938
('1', '9', '1'): src_max=791, dst_max=812
('1', '8', '1'): src_max=939, dst_max=939
('1', '1', '1'): src_max=939, dst_max=928
('1', '10', '1'): src_max=795, dst_max=380
0 0
1 558
2 1498
6
Epoch 00000, Step00000 | Train_Loss: 1.0079 | Time: 0.8079
Epoch 00000 | Val_Loss 1.3275 | Time(s) 0.2895
Validation loss decreased (inf --> 1.327476).  Saving model ...
Epoch 00001, Step00000 | Train_Loss: 1.2235 | Time: 0.3989
Epoch 00001 | Val_Loss 1.1988 | Time(s) 0.2936
Validation loss decreased (1.327476 --> 1.198789).  Saving model ...
Epoch 00002, Step00000 | Train_Loss: 1.1895 | Time: 0.3929
Epoch 00002 | Val_Loss 0.7749 | Time(s) 0.2973
Validation loss decreased (1.198789 --> 0.774901).  Saving model ...
Epoch 00003, Step00000 | Train_Loss: 0.9573 | Time: 0.3974
Epoch 00003 | Val_Loss 1.4856 | Time(s) 0.2917
EarlyStopping counter: 1 out of 30
Epoch 00004, Step00000 | Train_Loss: 1.3103 | Time: 0.3979
Epoch 00004 | Val_Loss 0.7114 | Time(s) 0.3004
Validation loss decreased (0.774901 --> 0.711371).  Saving model ...
Epoch 00005, Step00000 | Train_Loss: 0.7606 | Time: 0.4109
Epoch 00005 | Val_Loss 1.1769 | Time(s) 0.2982
EarlyStopping counter: 1 out of 30
Epoch 00006, Step00000 | Train_Loss: 1.1116 | Time: 0.3962
Epoch 00006 | Val_Loss 0.9331 | Time(s) 0.2898
EarlyStopping counter: 2 out of 30
Epoch 00007, Step00000 | Train_Loss: 0.9334 | Time: 0.3969
Epoch 00007 | Val_Loss 0.7044 | Time(s) 0.2919
Validation loss decreased (0.711371 --> 0.704408).  Saving model ...
Epoch 00008, Step00000 | Train_Loss: 0.7830 | Time: 0.3945
Epoch 00008 | Val_Loss 1.1277 | Time(s) 0.2951
EarlyStopping counter: 1 out of 30
Epoch 00009, Step00000 | Train_Loss: 1.0222 | Time: 0.3972
Epoch 00009 | Val_Loss 0.8135 | Time(s) 0.2930
EarlyStopping counter: 2 out of 30
Epoch 00010, Step00000 | Train_Loss: 0.8453 | Time: 0.3974
Epoch 00010 | Val_Loss 0.6725 | Time(s) 0.2934
Validation loss decreased (0.704408 --> 0.672492).  Saving model ...
Epoch 00011, Step00000 | Train_Loss: 0.7348 | Time: 0.4022
Epoch 00011 | Val_Loss 0.9161 | Time(s) 0.2951
EarlyStopping counter: 1 out of 30
Epoch 00012, Step00000 | Train_Loss: 0.8699 | Time: 0.3951
Epoch 00012 | Val_Loss 1.1055 | Time(s) 0.2906
EarlyStopping counter: 2 out of 30
Epoch 00013, Step00000 | Train_Loss: 0.9590 | Time: 0.3978
Epoch 00013 | Val_Loss 0.8680 | Time(s) 0.2926
EarlyStopping counter: 3 out of 30
Epoch 00014, Step00000 | Train_Loss: 0.8415 | Time: 0.4013
Epoch 00014 | Val_Loss 0.6635 | Time(s) 0.2929
Validation loss decreased (0.672492 --> 0.663536).  Saving model ...
Epoch 00015, Step00000 | Train_Loss: 0.6846 | Time: 0.3921
Epoch 00015 | Val_Loss 0.8190 | Time(s) 0.2952
EarlyStopping counter: 1 out of 30
Epoch 00016, Step00000 | Train_Loss: 0.7395 | Time: 0.3996
Epoch 00016 | Val_Loss 0.8484 | Time(s) 0.2911
EarlyStopping counter: 2 out of 30
Epoch 00017, Step00000 | Train_Loss: 0.8558 | Time: 0.4022
Epoch 00017 | Val_Loss 0.8608 | Time(s) 0.2916
EarlyStopping counter: 3 out of 30
Epoch 00018, Step00000 | Train_Loss: 0.7113 | Time: 0.3996
Epoch 00018 | Val_Loss 0.7366 | Time(s) 0.2926
EarlyStopping counter: 4 out of 30
Epoch 00019, Step00000 | Train_Loss: 0.6277 | Time: 0.3978
Epoch 00019 | Val_Loss 0.8513 | Time(s) 0.2954
EarlyStopping counter: 5 out of 30
Epoch 00020, Step00000 | Train_Loss: 0.6765 | Time: 0.3951
Epoch 00020 | Val_Loss 0.8511 | Time(s) 0.2921
EarlyStopping counter: 6 out of 30
Epoch 00021, Step00000 | Train_Loss: 0.6455 | Time: 0.3937
Epoch 00021 | Val_Loss 0.7987 | Time(s) 0.2882
EarlyStopping counter: 7 out of 30
Epoch 00022, Step00000 | Train_Loss: 0.5847 | Time: 0.3988
Epoch 00022 | Val_Loss 0.9142 | Time(s) 0.2914
EarlyStopping counter: 8 out of 30
Epoch 00023, Step00000 | Train_Loss: 0.6309 | Time: 0.3947
Epoch 00023 | Val_Loss 0.8835 | Time(s) 0.2928
EarlyStopping counter: 9 out of 30
Epoch 00024, Step00000 | Train_Loss: 0.6326 | Time: 0.3929
Epoch 00024 | Val_Loss 0.7715 | Time(s) 0.2903
EarlyStopping counter: 10 out of 30
Epoch 00025, Step00000 | Train_Loss: 0.5664 | Time: 0.3940
Epoch 00025 | Val_Loss 0.7907 | Time(s) 0.2877
EarlyStopping counter: 11 out of 30
Epoch 00026, Step00000 | Train_Loss: 0.5704 | Time: 0.3904
Epoch 00026 | Val_Loss 0.8380 | Time(s) 0.2916
EarlyStopping counter: 12 out of 30
Epoch 00027, Step00000 | Train_Loss: 0.5612 | Time: 0.3917
Epoch 00027 | Val_Loss 0.8060 | Time(s) 0.2894
EarlyStopping counter: 13 out of 30
Epoch 00028, Step00000 | Train_Loss: 0.5258 | Time: 0.4046
Epoch 00028 | Val_Loss 0.9294 | Time(s) 0.2886
EarlyStopping counter: 14 out of 30
Epoch 00029, Step00000 | Train_Loss: 0.5258 | Time: 0.3973
Epoch 00029 | Val_Loss 0.8937 | Time(s) 0.2886
EarlyStopping counter: 15 out of 30
Epoch 00030, Step00000 | Train_Loss: 0.5187 | Time: 0.3909
Epoch 00030 | Val_Loss 0.9145 | Time(s) 0.2907
EarlyStopping counter: 16 out of 30
Epoch 00031, Step00000 | Train_Loss: 0.5082 | Time: 0.3923
Epoch 00031 | Val_Loss 0.9812 | Time(s) 0.2872
EarlyStopping counter: 17 out of 30
Epoch 00032, Step00000 | Train_Loss: 0.5014 | Time: 0.3922
Epoch 00032 | Val_Loss 0.9016 | Time(s) 0.2923
EarlyStopping counter: 18 out of 30
Epoch 00033, Step00000 | Train_Loss: 0.5382 | Time: 0.3931
Epoch 00033 | Val_Loss 0.9680 | Time(s) 0.2915
EarlyStopping counter: 19 out of 30
Epoch 00034, Step00000 | Train_Loss: 0.5409 | Time: 0.3960
Epoch 00034 | Val_Loss 1.0408 | Time(s) 0.2917
EarlyStopping counter: 20 out of 30
Epoch 00035, Step00000 | Train_Loss: 0.5097 | Time: 0.3912
Epoch 00035 | Val_Loss 1.1018 | Time(s) 0.2900
EarlyStopping counter: 21 out of 30
Epoch 00036, Step00000 | Train_Loss: 0.5074 | Time: 0.3943
Epoch 00036 | Val_Loss 1.0549 | Time(s) 0.2879
EarlyStopping counter: 22 out of 30
Epoch 00037, Step00000 | Train_Loss: 0.4718 | Time: 0.3940
Epoch 00037 | Val_Loss 1.0512 | Time(s) 0.2913
EarlyStopping counter: 23 out of 30
Epoch 00038, Step00000 | Train_Loss: 0.4947 | Time: 0.3913
Epoch 00038 | Val_Loss 1.0575 | Time(s) 0.2938
EarlyStopping counter: 24 out of 30
Epoch 00039, Step00000 | Train_Loss: 0.4904 | Time: 0.3956
Epoch 00039 | Val_Loss 0.9854 | Time(s) 0.2909
EarlyStopping counter: 25 out of 30
Epoch 00040, Step00000 | Train_Loss: 0.4889 | Time: 0.4027
Epoch 00040 | Val_Loss 0.9835 | Time(s) 0.2906
EarlyStopping counter: 26 out of 30
Epoch 00041, Step00000 | Train_Loss: 0.4570 | Time: 0.3928
Epoch 00041 | Val_Loss 0.9696 | Time(s) 0.2896
EarlyStopping counter: 27 out of 30
Epoch 00042, Step00000 | Train_Loss: 0.4681 | Time: 0.3967
Epoch 00042 | Val_Loss 0.9056 | Time(s) 0.2917
EarlyStopping counter: 28 out of 30
Epoch 00043, Step00000 | Train_Loss: 0.4595 | Time: 0.3939
Epoch 00043 | Val_Loss 0.9020 | Time(s) 0.2917
EarlyStopping counter: 29 out of 30
Epoch 00044, Step00000 | Train_Loss: 0.4486 | Time: 0.3951
Epoch 00044 | Val_Loss 0.9617 | Time(s) 0.2903
EarlyStopping counter: 30 out of 30
Early stopping!
Early stopping!
defaultdict(<class 'float'>, {'roc_auc': 0.5277244056283357, 'MRR': 0.7775735294117647})
defaultdict(<class 'float'>, {'roc_auc': 0.6817947788943766, 'MRR': 0.8392857142857143})
Completed: amazon_style_ccc_features_fold_4 (rep 6)

--------------------------------------
Running model: HGT
Dataset: amazon_style_ccc_features_fold_5
Repetition: 6
--------------------------------------
Loading nodes from amazon_style_ccc_features_fold_5/node.dat
/home/simonettos/homhetgnn/HGB/LP/benchmark/data/amazon_style_ccc_features_fold_5/node.dat
0 {}
1 {'0': 558}
2 {'0': 558, '1': 940}
node_count: {'0': 558, '1': 940, '2': 19264}
('2', '5', '1'): src_max=19263, dst_max=938
('1', '4', '1'): src_max=939, dst_max=939
('0', '0', '0'): src_max=557, dst_max=553
('0', '7', '0'): src_max=557, dst_max=557
('0', '3', '0'): src_max=557, dst_max=557
('1', '6', '0'): src_max=939, dst_max=557
('1', '2', '1'): src_max=938, dst_max=938
('1', '9', '1'): src_max=791, dst_max=812
('1', '8', '1'): src_max=939, dst_max=939
('1', '1', '1'): src_max=939, dst_max=928
('1', '10', '1'): src_max=795, dst_max=380
0 0
1 558
2 1498
6
Epoch 00000, Step00000 | Train_Loss: 1.1010 | Time: 0.7909
Epoch 00000 | Val_Loss 2.5615 | Time(s) 0.2792
Validation loss decreased (inf --> 2.561473).  Saving model ...
Epoch 00001, Step00000 | Train_Loss: 2.0947 | Time: 0.3822
Epoch 00001 | Val_Loss 0.9247 | Time(s) 0.2821
Validation loss decreased (2.561473 --> 0.924665).  Saving model ...
Epoch 00002, Step00000 | Train_Loss: 1.1092 | Time: 0.3786
Epoch 00002 | Val_Loss 2.2231 | Time(s) 0.2802
EarlyStopping counter: 1 out of 30
Epoch 00003, Step00000 | Train_Loss: 1.9625 | Time: 0.3853
Epoch 00003 | Val_Loss 1.4887 | Time(s) 0.2802
EarlyStopping counter: 2 out of 30
Epoch 00004, Step00000 | Train_Loss: 1.3151 | Time: 0.3823
Epoch 00004 | Val_Loss 1.3205 | Time(s) 0.2825
EarlyStopping counter: 3 out of 30
Epoch 00005, Step00000 | Train_Loss: 1.2859 | Time: 0.3855
Epoch 00005 | Val_Loss 1.2049 | Time(s) 0.2789
EarlyStopping counter: 4 out of 30
Epoch 00006, Step00000 | Train_Loss: 1.1142 | Time: 0.3846
Epoch 00006 | Val_Loss 0.9006 | Time(s) 0.2794
Validation loss decreased (0.924665 --> 0.900639).  Saving model ...
Epoch 00007, Step00000 | Train_Loss: 0.9454 | Time: 0.3829
Epoch 00007 | Val_Loss 0.9174 | Time(s) 0.2816
EarlyStopping counter: 1 out of 30
Epoch 00008, Step00000 | Train_Loss: 0.9133 | Time: 0.3845
Epoch 00008 | Val_Loss 0.9928 | Time(s) 0.2796
EarlyStopping counter: 2 out of 30
Epoch 00009, Step00000 | Train_Loss: 0.9922 | Time: 0.3867
Epoch 00009 | Val_Loss 0.6964 | Time(s) 0.2802
Validation loss decreased (0.900639 --> 0.696437).  Saving model ...
Epoch 00010, Step00000 | Train_Loss: 0.7783 | Time: 0.3819
Epoch 00010 | Val_Loss 0.9783 | Time(s) 0.2805
EarlyStopping counter: 1 out of 30
Epoch 00011, Step00000 | Train_Loss: 0.9417 | Time: 0.3835
Epoch 00011 | Val_Loss 0.7746 | Time(s) 0.2808
EarlyStopping counter: 2 out of 30
Epoch 00012, Step00000 | Train_Loss: 0.8145 | Time: 0.3878
Epoch 00012 | Val_Loss 0.6809 | Time(s) 0.2828
Validation loss decreased (0.696437 --> 0.680861).  Saving model ...
Epoch 00013, Step00000 | Train_Loss: 0.7319 | Time: 0.3874
Epoch 00013 | Val_Loss 0.8239 | Time(s) 0.2794
EarlyStopping counter: 1 out of 30
Epoch 00014, Step00000 | Train_Loss: 0.8637 | Time: 0.3835
Epoch 00014 | Val_Loss 0.8758 | Time(s) 0.2776
EarlyStopping counter: 2 out of 30
Epoch 00015, Step00000 | Train_Loss: 0.8559 | Time: 0.3795
Epoch 00015 | Val_Loss 0.7166 | Time(s) 0.2801
EarlyStopping counter: 3 out of 30
Epoch 00016, Step00000 | Train_Loss: 0.7208 | Time: 0.3820
Epoch 00016 | Val_Loss 0.7007 | Time(s) 0.2777
EarlyStopping counter: 4 out of 30
Epoch 00017, Step00000 | Train_Loss: 0.7171 | Time: 0.3894
Epoch 00017 | Val_Loss 0.9040 | Time(s) 0.2819
EarlyStopping counter: 5 out of 30
Epoch 00018, Step00000 | Train_Loss: 0.7908 | Time: 0.3851
Epoch 00018 | Val_Loss 0.8229 | Time(s) 0.2801
EarlyStopping counter: 6 out of 30
Epoch 00019, Step00000 | Train_Loss: 0.6853 | Time: 0.3786
Epoch 00019 | Val_Loss 0.7965 | Time(s) 0.2782
EarlyStopping counter: 7 out of 30
Epoch 00020, Step00000 | Train_Loss: 0.6239 | Time: 0.3818
Epoch 00020 | Val_Loss 0.8456 | Time(s) 0.2796
EarlyStopping counter: 8 out of 30
Epoch 00021, Step00000 | Train_Loss: 0.6578 | Time: 0.3804
Epoch 00021 | Val_Loss 0.9026 | Time(s) 0.2808
EarlyStopping counter: 9 out of 30
Epoch 00022, Step00000 | Train_Loss: 0.6738 | Time: 0.3828
Epoch 00022 | Val_Loss 0.9304 | Time(s) 0.2799
EarlyStopping counter: 10 out of 30
Epoch 00023, Step00000 | Train_Loss: 0.6120 | Time: 0.3877
Epoch 00023 | Val_Loss 0.9332 | Time(s) 0.2767
EarlyStopping counter: 11 out of 30
Epoch 00024, Step00000 | Train_Loss: 0.5937 | Time: 0.3809
Epoch 00024 | Val_Loss 0.9595 | Time(s) 0.2784
EarlyStopping counter: 12 out of 30
Epoch 00025, Step00000 | Train_Loss: 0.5886 | Time: 0.3776
Epoch 00025 | Val_Loss 1.0769 | Time(s) 0.2785
EarlyStopping counter: 13 out of 30
Epoch 00026, Step00000 | Train_Loss: 0.6524 | Time: 0.3844
Epoch 00026 | Val_Loss 0.9365 | Time(s) 0.2780
EarlyStopping counter: 14 out of 30
Epoch 00027, Step00000 | Train_Loss: 0.6165 | Time: 0.3798
Epoch 00027 | Val_Loss 0.9711 | Time(s) 0.2783
EarlyStopping counter: 15 out of 30
Epoch 00028, Step00000 | Train_Loss: 0.5734 | Time: 0.3787
Epoch 00028 | Val_Loss 0.9749 | Time(s) 0.2776
EarlyStopping counter: 16 out of 30
Epoch 00029, Step00000 | Train_Loss: 0.5985 | Time: 0.3890
Epoch 00029 | Val_Loss 0.9889 | Time(s) 0.2783
EarlyStopping counter: 17 out of 30
Epoch 00030, Step00000 | Train_Loss: 0.5720 | Time: 0.3847
Epoch 00030 | Val_Loss 0.9674 | Time(s) 0.2783
EarlyStopping counter: 18 out of 30
Epoch 00031, Step00000 | Train_Loss: 0.5446 | Time: 0.3860
Epoch 00031 | Val_Loss 0.9473 | Time(s) 0.2780
EarlyStopping counter: 19 out of 30
Epoch 00032, Step00000 | Train_Loss: 0.5575 | Time: 0.3794
Epoch 00032 | Val_Loss 0.9400 | Time(s) 0.2788
EarlyStopping counter: 20 out of 30
Epoch 00033, Step00000 | Train_Loss: 0.5396 | Time: 0.3776
Epoch 00033 | Val_Loss 1.0254 | Time(s) 0.2787
EarlyStopping counter: 21 out of 30
Epoch 00034, Step00000 | Train_Loss: 0.5301 | Time: 0.3811
Epoch 00034 | Val_Loss 0.9845 | Time(s) 0.2808
EarlyStopping counter: 22 out of 30
Epoch 00035, Step00000 | Train_Loss: 0.5483 | Time: 0.3812
Epoch 00035 | Val_Loss 0.8743 | Time(s) 0.2786
EarlyStopping counter: 23 out of 30
Epoch 00036, Step00000 | Train_Loss: 0.5251 | Time: 0.3819
Epoch 00036 | Val_Loss 0.9886 | Time(s) 0.2856
EarlyStopping counter: 24 out of 30
Epoch 00037, Step00000 | Train_Loss: 0.5216 | Time: 0.3857
Epoch 00037 | Val_Loss 1.0232 | Time(s) 0.2781
EarlyStopping counter: 25 out of 30
Epoch 00038, Step00000 | Train_Loss: 0.5172 | Time: 0.3806
Epoch 00038 | Val_Loss 1.1054 | Time(s) 0.2813
EarlyStopping counter: 26 out of 30
Epoch 00039, Step00000 | Train_Loss: 0.5190 | Time: 0.3819
Epoch 00039 | Val_Loss 1.1708 | Time(s) 0.2783
EarlyStopping counter: 27 out of 30
Epoch 00040, Step00000 | Train_Loss: 0.5166 | Time: 0.3810
Epoch 00040 | Val_Loss 1.0366 | Time(s) 0.2795
EarlyStopping counter: 28 out of 30
Epoch 00041, Step00000 | Train_Loss: 0.5021 | Time: 0.3853
Epoch 00041 | Val_Loss 0.9821 | Time(s) 0.2802
EarlyStopping counter: 29 out of 30
Epoch 00042, Step00000 | Train_Loss: 0.5043 | Time: 0.3903
Epoch 00042 | Val_Loss 0.9804 | Time(s) 0.2795
EarlyStopping counter: 30 out of 30
Early stopping!
Early stopping!
defaultdict(<class 'float'>, {'roc_auc': 0.5075784517942725, 'MRR': 0.7223039215686274})
defaultdict(<class 'float'>, {'roc_auc': 0.6606885806702909, 'MRR': 0.7953431372549019})
Completed: amazon_style_ccc_features_fold_5 (rep 6)

All 30 jobs completed.
Setup complete
