Starting HGT batch job with 6 repetitions...
=== Repetition 1/6 ===
--------------------------------------
Running model: HGT
Dataset: amazon_style_cct_features_fold_1
Repetition: 1
--------------------------------------
Loading nodes from amazon_style_cct_features_fold_1/node.dat
/home/simonettos/homhetgnn/HGB/LP/benchmark/data/amazon_style_cct_features_fold_1/node.dat
0 {}
1 {'0': 558}
2 {'0': 558, '1': 940}
node_count: {'0': 558, '1': 940, '2': 188}
('1', '6', '0'): src_max=939, dst_max=557
('1', '5', '1'): src_max=939, dst_max=939
('1', '2', '1'): src_max=938, dst_max=938
('0', '7', '0'): src_max=557, dst_max=557
('0', '3', '2'): src_max=557, dst_max=187
('0', '4', '0'): src_max=557, dst_max=557
('1', '8', '1'): src_max=939, dst_max=939
('0', '0', '0'): src_max=557, dst_max=553
('1', '9', '1'): src_max=791, dst_max=812
('1', '1', '1'): src_max=939, dst_max=928
('1', '10', '1'): src_max=795, dst_max=380
0 0
1 558
2 1498
6
Epoch 00000, Step00000 | Train_Loss: 1.1189 | Time: 11.9606
Epoch 00000 | Val_Loss 2.4704 | Time(s) 0.2544
Validation loss decreased (inf --> 2.470398).  Saving model ...
Epoch 00001, Step00000 | Train_Loss: 2.0599 | Time: 0.3244
Epoch 00001 | Val_Loss 0.7705 | Time(s) 0.2564
Validation loss decreased (2.470398 --> 0.770517).  Saving model ...
Epoch 00002, Step00000 | Train_Loss: 0.9345 | Time: 0.3077
Epoch 00002 | Val_Loss 2.3802 | Time(s) 0.2584
EarlyStopping counter: 1 out of 30
Epoch 00003, Step00000 | Train_Loss: 1.9508 | Time: 0.3096
Epoch 00003 | Val_Loss 1.0773 | Time(s) 0.2600
EarlyStopping counter: 2 out of 30
Epoch 00004, Step00000 | Train_Loss: 1.0410 | Time: 0.3124
Epoch 00004 | Val_Loss 2.1605 | Time(s) 0.2611
EarlyStopping counter: 3 out of 30
Epoch 00005, Step00000 | Train_Loss: 1.8021 | Time: 0.3183
Epoch 00005 | Val_Loss 1.1526 | Time(s) 0.2640
EarlyStopping counter: 4 out of 30
Epoch 00006, Step00000 | Train_Loss: 1.0758 | Time: 0.3075
Epoch 00006 | Val_Loss 1.7773 | Time(s) 0.2616
EarlyStopping counter: 5 out of 30
Epoch 00007, Step00000 | Train_Loss: 1.5639 | Time: 0.3164
Epoch 00007 | Val_Loss 1.0567 | Time(s) 0.2636
EarlyStopping counter: 6 out of 30
Epoch 00008, Step00000 | Train_Loss: 1.0230 | Time: 0.3124
Epoch 00008 | Val_Loss 1.4639 | Time(s) 0.2601
EarlyStopping counter: 7 out of 30
Epoch 00009, Step00000 | Train_Loss: 1.3547 | Time: 0.3086
Epoch 00009 | Val_Loss 0.8600 | Time(s) 0.2589
EarlyStopping counter: 8 out of 30
Epoch 00010, Step00000 | Train_Loss: 0.8812 | Time: 0.3098
Epoch 00010 | Val_Loss 1.6541 | Time(s) 0.2606
EarlyStopping counter: 9 out of 30
Epoch 00011, Step00000 | Train_Loss: 1.4354 | Time: 0.3071
Epoch 00011 | Val_Loss 0.7167 | Time(s) 0.2618
Validation loss decreased (0.770517 --> 0.716653).  Saving model ...
Epoch 00012, Step00000 | Train_Loss: 0.8344 | Time: 0.3157
Epoch 00012 | Val_Loss 1.5715 | Time(s) 0.2598
EarlyStopping counter: 1 out of 30
Epoch 00013, Step00000 | Train_Loss: 1.3651 | Time: 0.3161
Epoch 00013 | Val_Loss 0.7005 | Time(s) 0.2573
Validation loss decreased (0.716653 --> 0.700468).  Saving model ...
Epoch 00014, Step00000 | Train_Loss: 0.7623 | Time: 0.3201
Epoch 00014 | Val_Loss 1.4988 | Time(s) 0.2620
EarlyStopping counter: 1 out of 30
Epoch 00015, Step00000 | Train_Loss: 1.2658 | Time: 0.3206
Epoch 00015 | Val_Loss 0.6928 | Time(s) 0.2654
Validation loss decreased (0.700468 --> 0.692786).  Saving model ...
Epoch 00016, Step00000 | Train_Loss: 0.7443 | Time: 0.3176
Epoch 00016 | Val_Loss 1.3133 | Time(s) 0.2596
EarlyStopping counter: 1 out of 30
Epoch 00017, Step00000 | Train_Loss: 1.1671 | Time: 0.3135
Epoch 00017 | Val_Loss 0.6957 | Time(s) 0.2651
EarlyStopping counter: 2 out of 30
Epoch 00018, Step00000 | Train_Loss: 0.7615 | Time: 0.3175
Epoch 00018 | Val_Loss 1.2120 | Time(s) 0.2596
EarlyStopping counter: 3 out of 30
Epoch 00019, Step00000 | Train_Loss: 1.0591 | Time: 0.3170
Epoch 00019 | Val_Loss 0.7513 | Time(s) 0.2609
EarlyStopping counter: 4 out of 30
Epoch 00020, Step00000 | Train_Loss: 0.7731 | Time: 0.3153
Epoch 00020 | Val_Loss 0.9822 | Time(s) 0.2647
EarlyStopping counter: 5 out of 30
Epoch 00021, Step00000 | Train_Loss: 0.9457 | Time: 0.3185
Epoch 00021 | Val_Loss 0.8001 | Time(s) 0.2566
EarlyStopping counter: 6 out of 30
Epoch 00022, Step00000 | Train_Loss: 0.7963 | Time: 0.3160
Epoch 00022 | Val_Loss 0.9279 | Time(s) 0.2594
EarlyStopping counter: 7 out of 30
Epoch 00023, Step00000 | Train_Loss: 0.8382 | Time: 0.2683
Epoch 00023 | Val_Loss 0.9025 | Time(s) 0.1928
EarlyStopping counter: 8 out of 30
Epoch 00024, Step00000 | Train_Loss: 0.8168 | Time: 0.2435
Epoch 00024 | Val_Loss 0.7308 | Time(s) 0.2631
EarlyStopping counter: 9 out of 30
Epoch 00025, Step00000 | Train_Loss: 0.7134 | Time: 0.3173
Epoch 00025 | Val_Loss 0.8697 | Time(s) 0.2588
EarlyStopping counter: 10 out of 30
Epoch 00026, Step00000 | Train_Loss: 0.7789 | Time: 0.3129
Epoch 00026 | Val_Loss 0.7103 | Time(s) 0.2600
EarlyStopping counter: 11 out of 30
Epoch 00027, Step00000 | Train_Loss: 0.6634 | Time: 0.3120
Epoch 00027 | Val_Loss 0.8891 | Time(s) 0.2643
EarlyStopping counter: 12 out of 30
Epoch 00028, Step00000 | Train_Loss: 0.7314 | Time: 0.3186
Epoch 00028 | Val_Loss 0.7882 | Time(s) 0.2597
EarlyStopping counter: 13 out of 30
Epoch 00029, Step00000 | Train_Loss: 0.6378 | Time: 0.3178
Epoch 00029 | Val_Loss 0.8918 | Time(s) 0.2587
EarlyStopping counter: 14 out of 30
Epoch 00030, Step00000 | Train_Loss: 0.6977 | Time: 0.3131
Epoch 00030 | Val_Loss 0.7585 | Time(s) 0.2647
EarlyStopping counter: 15 out of 30
Epoch 00031, Step00000 | Train_Loss: 0.6072 | Time: 0.3139
Epoch 00031 | Val_Loss 0.9281 | Time(s) 0.2632
EarlyStopping counter: 16 out of 30
Epoch 00032, Step00000 | Train_Loss: 0.6700 | Time: 0.3198
Epoch 00032 | Val_Loss 0.8593 | Time(s) 0.2587
EarlyStopping counter: 17 out of 30
Epoch 00033, Step00000 | Train_Loss: 0.6027 | Time: 0.3135
Epoch 00033 | Val_Loss 0.9768 | Time(s) 0.2631
EarlyStopping counter: 18 out of 30
Epoch 00034, Step00000 | Train_Loss: 0.6350 | Time: 0.3128
Epoch 00034 | Val_Loss 0.8783 | Time(s) 0.2643
EarlyStopping counter: 19 out of 30
Epoch 00035, Step00000 | Train_Loss: 0.5919 | Time: 0.3190
Epoch 00035 | Val_Loss 0.9564 | Time(s) 0.2570
EarlyStopping counter: 20 out of 30
Epoch 00036, Step00000 | Train_Loss: 0.6331 | Time: 0.3155
Epoch 00036 | Val_Loss 0.8570 | Time(s) 0.2542
EarlyStopping counter: 21 out of 30
Epoch 00037, Step00000 | Train_Loss: 0.5751 | Time: 0.3077
Epoch 00037 | Val_Loss 0.9253 | Time(s) 0.2485
EarlyStopping counter: 22 out of 30
Epoch 00038, Step00000 | Train_Loss: 0.6116 | Time: 0.2718
Epoch 00038 | Val_Loss 0.7911 | Time(s) 0.2182
EarlyStopping counter: 23 out of 30
Epoch 00039, Step00000 | Train_Loss: 0.5685 | Time: 0.2699
Epoch 00039 | Val_Loss 0.8558 | Time(s) 0.2197
EarlyStopping counter: 24 out of 30
Epoch 00040, Step00000 | Train_Loss: 0.5784 | Time: 0.2676
Epoch 00040 | Val_Loss 0.8037 | Time(s) 0.2211
EarlyStopping counter: 25 out of 30
Epoch 00041, Step00000 | Train_Loss: 0.5633 | Time: 0.2711
Epoch 00041 | Val_Loss 0.8912 | Time(s) 0.2219
EarlyStopping counter: 26 out of 30
Epoch 00042, Step00000 | Train_Loss: 0.5614 | Time: 0.2709
Epoch 00042 | Val_Loss 0.7287 | Time(s) 0.2192
EarlyStopping counter: 27 out of 30
Epoch 00043, Step00000 | Train_Loss: 0.5443 | Time: 0.2686
Epoch 00043 | Val_Loss 0.7218 | Time(s) 0.2193
EarlyStopping counter: 28 out of 30
Epoch 00044, Step00000 | Train_Loss: 0.5280 | Time: 0.2724
Epoch 00044 | Val_Loss 0.7004 | Time(s) 0.2265
EarlyStopping counter: 29 out of 30
Epoch 00045, Step00000 | Train_Loss: 0.5275 | Time: 0.2684
Epoch 00045 | Val_Loss 0.6699 | Time(s) 0.2209
Validation loss decreased (0.692786 --> 0.669858).  Saving model ...
Epoch 00046, Step00000 | Train_Loss: 0.5196 | Time: 0.2718
Epoch 00046 | Val_Loss 0.6649 | Time(s) 0.2227
Validation loss decreased (0.669858 --> 0.664898).  Saving model ...
Epoch 00047, Step00000 | Train_Loss: 0.5221 | Time: 0.2736
Epoch 00047 | Val_Loss 0.6373 | Time(s) 0.2530
Validation loss decreased (0.664898 --> 0.637282).  Saving model ...
Epoch 00048, Step00000 | Train_Loss: 0.5153 | Time: 0.3109
Epoch 00048 | Val_Loss 0.7289 | Time(s) 0.2609
EarlyStopping counter: 1 out of 30
Epoch 00049, Step00000 | Train_Loss: 0.5062 | Time: 0.3167
Epoch 00049 | Val_Loss 0.7463 | Time(s) 0.2573
EarlyStopping counter: 2 out of 30
Epoch 00050, Step00000 | Train_Loss: 0.4990 | Time: 0.3001
Epoch 00050 | Val_Loss 0.6927 | Time(s) 0.2608
EarlyStopping counter: 3 out of 30
Epoch 00051, Step00000 | Train_Loss: 0.4988 | Time: 0.3149
Epoch 00051 | Val_Loss 0.7496 | Time(s) 0.2552
EarlyStopping counter: 4 out of 30
Epoch 00052, Step00000 | Train_Loss: 0.4816 | Time: 0.3131
Epoch 00052 | Val_Loss 0.7077 | Time(s) 0.2592
EarlyStopping counter: 5 out of 30
Epoch 00053, Step00000 | Train_Loss: 0.4897 | Time: 0.3104
Epoch 00053 | Val_Loss 0.7956 | Time(s) 0.2587
EarlyStopping counter: 6 out of 30
Epoch 00054, Step00000 | Train_Loss: 0.4857 | Time: 0.3134
Epoch 00054 | Val_Loss 0.7776 | Time(s) 0.2634
EarlyStopping counter: 7 out of 30
Epoch 00055, Step00000 | Train_Loss: 0.4534 | Time: 0.3178
Epoch 00055 | Val_Loss 0.8638 | Time(s) 0.2599
EarlyStopping counter: 8 out of 30
Epoch 00056, Step00000 | Train_Loss: 0.4607 | Time: 0.4381
Epoch 00056 | Val_Loss 0.8940 | Time(s) 0.2611
EarlyStopping counter: 9 out of 30
Epoch 00057, Step00000 | Train_Loss: 0.4674 | Time: 0.3166
Epoch 00057 | Val_Loss 0.8884 | Time(s) 0.2615
EarlyStopping counter: 10 out of 30
Epoch 00058, Step00000 | Train_Loss: 0.4406 | Time: 0.3152
Epoch 00058 | Val_Loss 0.9071 | Time(s) 0.2606
EarlyStopping counter: 11 out of 30
Epoch 00059, Step00000 | Train_Loss: 0.4486 | Time: 0.3205
Epoch 00059 | Val_Loss 0.9485 | Time(s) 0.2615
EarlyStopping counter: 12 out of 30
Epoch 00060, Step00000 | Train_Loss: 0.4280 | Time: 0.3163
Epoch 00060 | Val_Loss 0.9775 | Time(s) 0.2629
EarlyStopping counter: 13 out of 30
Epoch 00061, Step00000 | Train_Loss: 0.4202 | Time: 0.3132
Epoch 00061 | Val_Loss 0.9658 | Time(s) 0.2643
EarlyStopping counter: 14 out of 30
Epoch 00062, Step00000 | Train_Loss: 0.4214 | Time: 0.3173
Epoch 00062 | Val_Loss 0.9057 | Time(s) 0.2600
EarlyStopping counter: 15 out of 30
Epoch 00063, Step00000 | Train_Loss: 0.3902 | Time: 0.3166
Epoch 00063 | Val_Loss 0.8548 | Time(s) 0.2639
EarlyStopping counter: 16 out of 30
Epoch 00064, Step00000 | Train_Loss: 0.3996 | Time: 0.3141
Epoch 00064 | Val_Loss 0.9812 | Time(s) 0.2644
EarlyStopping counter: 17 out of 30
Epoch 00065, Step00000 | Train_Loss: 0.3902 | Time: 0.3171
Epoch 00065 | Val_Loss 0.9795 | Time(s) 0.2585
EarlyStopping counter: 18 out of 30
Epoch 00066, Step00000 | Train_Loss: 0.3882 | Time: 0.3174
Epoch 00066 | Val_Loss 0.8411 | Time(s) 0.2610
EarlyStopping counter: 19 out of 30
Epoch 00067, Step00000 | Train_Loss: 0.3818 | Time: 0.3139
Epoch 00067 | Val_Loss 0.8574 | Time(s) 0.2631
EarlyStopping counter: 20 out of 30
Epoch 00068, Step00000 | Train_Loss: 0.3818 | Time: 0.3138
Epoch 00068 | Val_Loss 1.1025 | Time(s) 0.2633
EarlyStopping counter: 21 out of 30
Epoch 00069, Step00000 | Train_Loss: 0.3826 | Time: 0.3187
Epoch 00069 | Val_Loss 1.0608 | Time(s) 0.2582
EarlyStopping counter: 22 out of 30
Epoch 00070, Step00000 | Train_Loss: 0.3496 | Time: 0.3166
Epoch 00070 | Val_Loss 1.1097 | Time(s) 0.2632
EarlyStopping counter: 23 out of 30
Epoch 00071, Step00000 | Train_Loss: 0.3747 | Time: 0.3137
Epoch 00071 | Val_Loss 0.9135 | Time(s) 0.2632
EarlyStopping counter: 24 out of 30
Epoch 00072, Step00000 | Train_Loss: 0.3353 | Time: 0.3199
Epoch 00072 | Val_Loss 1.0682 | Time(s) 0.2598
EarlyStopping counter: 25 out of 30
Epoch 00073, Step00000 | Train_Loss: 0.3371 | Time: 0.3182
Epoch 00073 | Val_Loss 1.0874 | Time(s) 0.2613
EarlyStopping counter: 26 out of 30
Epoch 00074, Step00000 | Train_Loss: 0.3296 | Time: 0.3156
Epoch 00074 | Val_Loss 1.0459 | Time(s) 0.2644
EarlyStopping counter: 27 out of 30
Epoch 00075, Step00000 | Train_Loss: 0.3359 | Time: 0.3184
Epoch 00075 | Val_Loss 1.1208 | Time(s) 0.2628
EarlyStopping counter: 28 out of 30
Epoch 00076, Step00000 | Train_Loss: 0.3133 | Time: 0.3130
Epoch 00076 | Val_Loss 1.0898 | Time(s) 0.2654
EarlyStopping counter: 29 out of 30
Epoch 00077, Step00000 | Train_Loss: 0.3235 | Time: 0.3209
Epoch 00077 | Val_Loss 1.1802 | Time(s) 0.2594
EarlyStopping counter: 30 out of 30
Early stopping!
Early stopping!
defaultdict(<class 'float'>, {'roc_auc': 0.5793807024121984, 'MRR': 0.7601351351351351})
defaultdict(<class 'float'>, {'roc_auc': 0.7377704755409511, 'MRR': 0.865990990990991})
Completed: amazon_style_cct_features_fold_1 (rep 1)

--------------------------------------
Running model: HGT
Dataset: amazon_style_cct_features_fold_2
Repetition: 1
--------------------------------------
Loading nodes from amazon_style_cct_features_fold_2/node.dat
/home/simonettos/homhetgnn/HGB/LP/benchmark/data/amazon_style_cct_features_fold_2/node.dat
0 {}
1 {'0': 558}
2 {'0': 558, '1': 940}
node_count: {'0': 558, '1': 940, '2': 188}
('1', '6', '0'): src_max=939, dst_max=557
('1', '5', '1'): src_max=939, dst_max=939
('0', '7', '0'): src_max=557, dst_max=557
('0', '4', '0'): src_max=557, dst_max=557
('0', '3', '2'): src_max=557, dst_max=187
('0', '0', '0'): src_max=557, dst_max=553
('1', '2', '1'): src_max=938, dst_max=938
('1', '8', '1'): src_max=939, dst_max=939
('1', '10', '1'): src_max=795, dst_max=380
('1', '1', '1'): src_max=939, dst_max=928
('1', '9', '1'): src_max=791, dst_max=812
0 0
1 558
2 1498
6
Epoch 00000, Step00000 | Train_Loss: 1.0396 | Time: 1.0032
Epoch 00000 | Val_Loss 1.9440 | Time(s) 0.2203
Validation loss decreased (inf --> 1.943993).  Saving model ...
Epoch 00001, Step00000 | Train_Loss: 1.7282 | Time: 0.2804
Epoch 00001 | Val_Loss 0.7758 | Time(s) 0.2277
Validation loss decreased (1.943993 --> 0.775825).  Saving model ...
Epoch 00002, Step00000 | Train_Loss: 0.9225 | Time: 0.2786
Epoch 00002 | Val_Loss 1.5434 | Time(s) 0.2259
EarlyStopping counter: 1 out of 30
Epoch 00003, Step00000 | Train_Loss: 1.3649 | Time: 0.2761
Epoch 00003 | Val_Loss 0.6745 | Time(s) 0.2267
Validation loss decreased (0.775825 --> 0.674516).  Saving model ...
Epoch 00004, Step00000 | Train_Loss: 0.8473 | Time: 0.2760
Epoch 00004 | Val_Loss 1.5510 | Time(s) 0.2283
EarlyStopping counter: 1 out of 30
Epoch 00005, Step00000 | Train_Loss: 1.3165 | Time: 0.2758
Epoch 00005 | Val_Loss 0.6835 | Time(s) 0.2439
EarlyStopping counter: 2 out of 30
Epoch 00006, Step00000 | Train_Loss: 0.8164 | Time: 0.2770
Epoch 00006 | Val_Loss 1.4078 | Time(s) 0.2247
EarlyStopping counter: 3 out of 30
Epoch 00007, Step00000 | Train_Loss: 1.2541 | Time: 0.2769
Epoch 00007 | Val_Loss 0.8449 | Time(s) 0.2370
EarlyStopping counter: 4 out of 30
Epoch 00008, Step00000 | Train_Loss: 0.8726 | Time: 0.3199
Epoch 00008 | Val_Loss 0.8154 | Time(s) 0.2727
EarlyStopping counter: 5 out of 30
Epoch 00009, Step00000 | Train_Loss: 0.8477 | Time: 0.3168
Epoch 00009 | Val_Loss 1.2530 | Time(s) 0.2795
EarlyStopping counter: 6 out of 30
Epoch 00010, Step00000 | Train_Loss: 1.0997 | Time: 0.3205
Epoch 00010 | Val_Loss 0.7795 | Time(s) 0.2779
EarlyStopping counter: 7 out of 30
Epoch 00011, Step00000 | Train_Loss: 0.8226 | Time: 0.3218
Epoch 00011 | Val_Loss 0.7087 | Time(s) 0.2786
EarlyStopping counter: 8 out of 30
Epoch 00012, Step00000 | Train_Loss: 0.7525 | Time: 0.3227
Epoch 00012 | Val_Loss 1.0751 | Time(s) 0.2789
EarlyStopping counter: 9 out of 30
Epoch 00013, Step00000 | Train_Loss: 0.9497 | Time: 0.3202
Epoch 00013 | Val_Loss 1.0372 | Time(s) 0.2565
EarlyStopping counter: 10 out of 30
Epoch 00014, Step00000 | Train_Loss: 0.9496 | Time: 0.3188
Epoch 00014 | Val_Loss 0.7276 | Time(s) 0.2820
EarlyStopping counter: 11 out of 30
Epoch 00015, Step00000 | Train_Loss: 0.7197 | Time: 0.3211
Epoch 00015 | Val_Loss 0.7424 | Time(s) 0.2769
EarlyStopping counter: 12 out of 30
Epoch 00016, Step00000 | Train_Loss: 0.7104 | Time: 0.3203
Epoch 00016 | Val_Loss 0.9107 | Time(s) 0.2776
EarlyStopping counter: 13 out of 30
Epoch 00017, Step00000 | Train_Loss: 0.7837 | Time: 0.3216
Epoch 00017 | Val_Loss 0.8617 | Time(s) 0.2779
EarlyStopping counter: 14 out of 30
Epoch 00018, Step00000 | Train_Loss: 0.6974 | Time: 0.3167
Epoch 00018 | Val_Loss 0.7599 | Time(s) 0.2770
EarlyStopping counter: 15 out of 30
Epoch 00019, Step00000 | Train_Loss: 0.6267 | Time: 0.3220
Epoch 00019 | Val_Loss 0.7846 | Time(s) 0.2756
EarlyStopping counter: 16 out of 30
Epoch 00020, Step00000 | Train_Loss: 0.6510 | Time: 0.3206
Epoch 00020 | Val_Loss 0.9992 | Time(s) 0.2733
EarlyStopping counter: 17 out of 30
Epoch 00021, Step00000 | Train_Loss: 0.7162 | Time: 0.3192
Epoch 00021 | Val_Loss 0.8656 | Time(s) 0.2790
EarlyStopping counter: 18 out of 30
Epoch 00022, Step00000 | Train_Loss: 0.6439 | Time: 0.3211
Epoch 00022 | Val_Loss 0.7782 | Time(s) 0.2791
EarlyStopping counter: 19 out of 30
Epoch 00023, Step00000 | Train_Loss: 0.5764 | Time: 0.3226
Epoch 00023 | Val_Loss 0.8988 | Time(s) 0.2805
EarlyStopping counter: 20 out of 30
Epoch 00024, Step00000 | Train_Loss: 0.6263 | Time: 0.3264
Epoch 00024 | Val_Loss 0.7853 | Time(s) 0.2802
EarlyStopping counter: 21 out of 30
Epoch 00025, Step00000 | Train_Loss: 0.6017 | Time: 0.3235
Epoch 00025 | Val_Loss 0.7564 | Time(s) 0.2764
EarlyStopping counter: 22 out of 30
Epoch 00026, Step00000 | Train_Loss: 0.5545 | Time: 0.3213
Epoch 00026 | Val_Loss 0.7995 | Time(s) 0.2793
EarlyStopping counter: 23 out of 30
Epoch 00027, Step00000 | Train_Loss: 0.5742 | Time: 0.3216
Epoch 00027 | Val_Loss 0.8163 | Time(s) 0.2797
EarlyStopping counter: 24 out of 30
Epoch 00028, Step00000 | Train_Loss: 0.5128 | Time: 0.3225
Epoch 00028 | Val_Loss 0.9445 | Time(s) 0.2836
EarlyStopping counter: 25 out of 30
Epoch 00029, Step00000 | Train_Loss: 0.5381 | Time: 0.3239
Epoch 00029 | Val_Loss 0.8224 | Time(s) 0.2788
EarlyStopping counter: 26 out of 30
Epoch 00030, Step00000 | Train_Loss: 0.5125 | Time: 0.3210
Epoch 00030 | Val_Loss 0.8805 | Time(s) 0.2747
EarlyStopping counter: 27 out of 30
Epoch 00031, Step00000 | Train_Loss: 0.4956 | Time: 0.3182
Epoch 00031 | Val_Loss 0.9137 | Time(s) 0.2792
EarlyStopping counter: 28 out of 30
Epoch 00032, Step00000 | Train_Loss: 0.4996 | Time: 0.3223
Epoch 00032 | Val_Loss 0.8721 | Time(s) 0.2793
EarlyStopping counter: 29 out of 30
Epoch 00033, Step00000 | Train_Loss: 0.4883 | Time: 0.3209
Epoch 00033 | Val_Loss 0.9692 | Time(s) 0.2777
EarlyStopping counter: 30 out of 30
Early stopping!
Early stopping!
defaultdict(<class 'float'>, {'roc_auc': 0.53986413463023, 'MRR': 0.7828798185941043})
defaultdict(<class 'float'>, {'roc_auc': 0.6099346405228758, 'MRR': 0.8352229780801209})
Completed: amazon_style_cct_features_fold_2 (rep 1)

--------------------------------------
Running model: HGT
Dataset: amazon_style_cct_features_fold_3
Repetition: 1
--------------------------------------
Loading nodes from amazon_style_cct_features_fold_3/node.dat
/home/simonettos/homhetgnn/HGB/LP/benchmark/data/amazon_style_cct_features_fold_3/node.dat
0 {}
1 {'0': 558}
2 {'0': 558, '1': 940}
node_count: {'0': 558, '1': 940, '2': 188}
('1', '6', '0'): src_max=939, dst_max=557
('1', '5', '1'): src_max=939, dst_max=939
('0', '7', '0'): src_max=557, dst_max=557
('0', '4', '0'): src_max=557, dst_max=557
('0', '3', '2'): src_max=557, dst_max=187
('0', '0', '0'): src_max=557, dst_max=553
('1', '2', '1'): src_max=938, dst_max=938
('1', '8', '1'): src_max=939, dst_max=939
('1', '10', '1'): src_max=795, dst_max=380
('1', '1', '1'): src_max=939, dst_max=928
('1', '9', '1'): src_max=791, dst_max=812
0 0
1 558
2 1498
6
Epoch 00000, Step00000 | Train_Loss: 1.0711 | Time: 0.6150
Epoch 00000 | Val_Loss 1.6436 | Time(s) 0.2560
Validation loss decreased (inf --> 1.643564).  Saving model ...
Epoch 00001, Step00000 | Train_Loss: 1.4708 | Time: 0.3234
Epoch 00001 | Val_Loss 0.9206 | Time(s) 0.2608
Validation loss decreased (1.643564 --> 0.920563).  Saving model ...
Epoch 00002, Step00000 | Train_Loss: 0.9612 | Time: 0.3228
Epoch 00002 | Val_Loss 1.1387 | Time(s) 0.2549
EarlyStopping counter: 1 out of 30
Epoch 00003, Step00000 | Train_Loss: 1.0687 | Time: 0.3161
Epoch 00003 | Val_Loss 1.2196 | Time(s) 0.2587
EarlyStopping counter: 2 out of 30
Epoch 00004, Step00000 | Train_Loss: 1.1497 | Time: 0.2727
Epoch 00004 | Val_Loss 0.6877 | Time(s) 0.2242
Validation loss decreased (0.920563 --> 0.687701).  Saving model ...
Epoch 00005, Step00000 | Train_Loss: 0.8030 | Time: 0.2767
Epoch 00005 | Val_Loss 1.3281 | Time(s) 0.2211
EarlyStopping counter: 1 out of 30
Epoch 00006, Step00000 | Train_Loss: 1.2063 | Time: 0.2754
Epoch 00006 | Val_Loss 0.8291 | Time(s) 0.2228
EarlyStopping counter: 2 out of 30
Epoch 00007, Step00000 | Train_Loss: 0.8783 | Time: 0.2760
Epoch 00007 | Val_Loss 0.7355 | Time(s) 0.2227
EarlyStopping counter: 3 out of 30
Epoch 00008, Step00000 | Train_Loss: 0.8085 | Time: 0.2722
Epoch 00008 | Val_Loss 1.0573 | Time(s) 0.2209
EarlyStopping counter: 4 out of 30
Epoch 00009, Step00000 | Train_Loss: 0.9939 | Time: 0.2737
Epoch 00009 | Val_Loss 0.8918 | Time(s) 0.2272
EarlyStopping counter: 5 out of 30
Epoch 00010, Step00000 | Train_Loss: 0.8527 | Time: 0.2783
Epoch 00010 | Val_Loss 0.6959 | Time(s) 0.2239
EarlyStopping counter: 6 out of 30
Epoch 00011, Step00000 | Train_Loss: 0.7344 | Time: 0.2762
Epoch 00011 | Val_Loss 0.8374 | Time(s) 0.2231
EarlyStopping counter: 7 out of 30
Epoch 00012, Step00000 | Train_Loss: 0.8388 | Time: 0.3106
Epoch 00012 | Val_Loss 1.3520 | Time(s) 0.2654
EarlyStopping counter: 8 out of 30
Epoch 00013, Step00000 | Train_Loss: 1.1638 | Time: 0.3164
Epoch 00013 | Val_Loss 1.1063 | Time(s) 0.2714
EarlyStopping counter: 9 out of 30
Epoch 00014, Step00000 | Train_Loss: 0.9898 | Time: 0.3133
Epoch 00014 | Val_Loss 0.7644 | Time(s) 0.2725
EarlyStopping counter: 10 out of 30
Epoch 00015, Step00000 | Train_Loss: 0.7213 | Time: 0.3178
Epoch 00015 | Val_Loss 0.7296 | Time(s) 0.2674
EarlyStopping counter: 11 out of 30
Epoch 00016, Step00000 | Train_Loss: 0.6824 | Time: 0.3151
Epoch 00016 | Val_Loss 0.8089 | Time(s) 0.2714
EarlyStopping counter: 12 out of 30
Epoch 00017, Step00000 | Train_Loss: 0.7764 | Time: 0.3132
Epoch 00017 | Val_Loss 0.8874 | Time(s) 0.2690
EarlyStopping counter: 13 out of 30
Epoch 00018, Step00000 | Train_Loss: 0.7075 | Time: 0.3072
Epoch 00018 | Val_Loss 0.7428 | Time(s) 0.2716
EarlyStopping counter: 14 out of 30
Epoch 00019, Step00000 | Train_Loss: 0.6216 | Time: 0.3138
Epoch 00019 | Val_Loss 0.9096 | Time(s) 0.2713
EarlyStopping counter: 15 out of 30
Epoch 00020, Step00000 | Train_Loss: 0.6394 | Time: 0.3091
Epoch 00020 | Val_Loss 1.1366 | Time(s) 0.2747
EarlyStopping counter: 16 out of 30
Epoch 00021, Step00000 | Train_Loss: 0.7143 | Time: 0.3182
Epoch 00021 | Val_Loss 1.1831 | Time(s) 0.2730
EarlyStopping counter: 17 out of 30
Epoch 00022, Step00000 | Train_Loss: 0.7347 | Time: 0.2962
Epoch 00022 | Val_Loss 0.9327 | Time(s) 0.2711
EarlyStopping counter: 18 out of 30
Epoch 00023, Step00000 | Train_Loss: 0.5930 | Time: 0.3168
Epoch 00023 | Val_Loss 0.9503 | Time(s) 0.2730
EarlyStopping counter: 19 out of 30
Epoch 00024, Step00000 | Train_Loss: 0.6045 | Time: 0.3108
Epoch 00024 | Val_Loss 0.9629 | Time(s) 0.2724
EarlyStopping counter: 20 out of 30
Epoch 00025, Step00000 | Train_Loss: 0.6311 | Time: 0.3156
Epoch 00025 | Val_Loss 0.8807 | Time(s) 0.2723
EarlyStopping counter: 21 out of 30
Epoch 00026, Step00000 | Train_Loss: 0.5514 | Time: 0.3200
Epoch 00026 | Val_Loss 0.9541 | Time(s) 0.2710
EarlyStopping counter: 22 out of 30
Epoch 00027, Step00000 | Train_Loss: 0.5763 | Time: 0.3095
Epoch 00027 | Val_Loss 1.0164 | Time(s) 0.2731
EarlyStopping counter: 23 out of 30
Epoch 00028, Step00000 | Train_Loss: 0.5722 | Time: 0.3159
Epoch 00028 | Val_Loss 0.9090 | Time(s) 0.2720
EarlyStopping counter: 24 out of 30
Epoch 00029, Step00000 | Train_Loss: 0.5424 | Time: 0.3167
Epoch 00029 | Val_Loss 1.0406 | Time(s) 0.2688
EarlyStopping counter: 25 out of 30
Epoch 00030, Step00000 | Train_Loss: 0.5780 | Time: 0.3146
Epoch 00030 | Val_Loss 0.9644 | Time(s) 0.2732
EarlyStopping counter: 26 out of 30
Epoch 00031, Step00000 | Train_Loss: 0.5353 | Time: 0.3189
Epoch 00031 | Val_Loss 0.9168 | Time(s) 0.2684
EarlyStopping counter: 27 out of 30
Epoch 00032, Step00000 | Train_Loss: 0.5213 | Time: 0.3139
Epoch 00032 | Val_Loss 0.9505 | Time(s) 0.2683
EarlyStopping counter: 28 out of 30
Epoch 00033, Step00000 | Train_Loss: 0.5280 | Time: 0.3150
Epoch 00033 | Val_Loss 0.9091 | Time(s) 0.2703
EarlyStopping counter: 29 out of 30
Epoch 00034, Step00000 | Train_Loss: 0.4922 | Time: 0.3142
Epoch 00034 | Val_Loss 0.9440 | Time(s) 0.2643
EarlyStopping counter: 30 out of 30
Early stopping!
Early stopping!
defaultdict(<class 'float'>, {'roc_auc': 0.5352866931121529, 'MRR': 0.7605721393034826})
defaultdict(<class 'float'>, {'roc_auc': 0.5878698649813272, 'MRR': 0.7589552238805969})
Completed: amazon_style_cct_features_fold_3 (rep 1)

--------------------------------------
Running model: HGT
Dataset: amazon_style_cct_features_fold_4
Repetition: 1
--------------------------------------
Loading nodes from amazon_style_cct_features_fold_4/node.dat
/home/simonettos/homhetgnn/HGB/LP/benchmark/data/amazon_style_cct_features_fold_4/node.dat
0 {}
1 {'0': 558}
2 {'0': 558, '1': 940}
node_count: {'0': 558, '1': 940, '2': 188}
('1', '6', '0'): src_max=939, dst_max=557
('1', '5', '1'): src_max=939, dst_max=939
('0', '7', '0'): src_max=557, dst_max=557
('0', '4', '0'): src_max=557, dst_max=557
('0', '3', '2'): src_max=557, dst_max=187
('0', '0', '0'): src_max=557, dst_max=553
('1', '2', '1'): src_max=938, dst_max=938
('1', '8', '1'): src_max=939, dst_max=939
('1', '10', '1'): src_max=795, dst_max=380
('1', '1', '1'): src_max=939, dst_max=928
('1', '9', '1'): src_max=791, dst_max=812
0 0
1 558
2 1498
6
Epoch 00000, Step00000 | Train_Loss: 1.1324 | Time: 0.6314
Epoch 00000 | Val_Loss 2.3161 | Time(s) 0.2744
Validation loss decreased (inf --> 2.316139).  Saving model ...
Epoch 00001, Step00000 | Train_Loss: 1.8977 | Time: 0.3384
Epoch 00001 | Val_Loss 1.1115 | Time(s) 0.2709
Validation loss decreased (2.316139 --> 1.111511).  Saving model ...
Epoch 00002, Step00000 | Train_Loss: 1.1298 | Time: 0.3297
Epoch 00002 | Val_Loss 1.5631 | Time(s) 0.2523
EarlyStopping counter: 1 out of 30
Epoch 00003, Step00000 | Train_Loss: 1.3201 | Time: 0.1787
Epoch 00003 | Val_Loss 1.2304 | Time(s) 0.1256
EarlyStopping counter: 2 out of 30
Epoch 00004, Step00000 | Train_Loss: 1.2054 | Time: 0.1787
Epoch 00004 | Val_Loss 1.4968 | Time(s) 0.1253
EarlyStopping counter: 3 out of 30
Epoch 00005, Step00000 | Train_Loss: 1.3261 | Time: 0.2473
Epoch 00005 | Val_Loss 0.8890 | Time(s) 0.2350
Validation loss decreased (1.111511 --> 0.888979).  Saving model ...
Epoch 00006, Step00000 | Train_Loss: 0.9414 | Time: 0.2905
Epoch 00006 | Val_Loss 1.2445 | Time(s) 0.2388
EarlyStopping counter: 1 out of 30
Epoch 00007, Step00000 | Train_Loss: 1.1119 | Time: 0.2895
Epoch 00007 | Val_Loss 0.7956 | Time(s) 0.2348
Validation loss decreased (0.888979 --> 0.795579).  Saving model ...
Epoch 00008, Step00000 | Train_Loss: 0.8579 | Time: 0.2888
Epoch 00008 | Val_Loss 1.4882 | Time(s) 0.2316
EarlyStopping counter: 1 out of 30
Epoch 00009, Step00000 | Train_Loss: 1.2779 | Time: 0.2958
Epoch 00009 | Val_Loss 0.7015 | Time(s) 0.2352
Validation loss decreased (0.795579 --> 0.701474).  Saving model ...
Epoch 00010, Step00000 | Train_Loss: 0.8070 | Time: 0.2872
Epoch 00010 | Val_Loss 1.5961 | Time(s) 0.2459
EarlyStopping counter: 1 out of 30
Epoch 00011, Step00000 | Train_Loss: 1.3352 | Time: 0.3221
Epoch 00011 | Val_Loss 0.6862 | Time(s) 0.2751
Validation loss decreased (0.701474 --> 0.686201).  Saving model ...
Epoch 00012, Step00000 | Train_Loss: 0.7908 | Time: 0.3333
Epoch 00012 | Val_Loss 1.1963 | Time(s) 0.2852
EarlyStopping counter: 1 out of 30
Epoch 00013, Step00000 | Train_Loss: 1.0636 | Time: 0.3317
Epoch 00013 | Val_Loss 0.8970 | Time(s) 0.2865
EarlyStopping counter: 2 out of 30
Epoch 00014, Step00000 | Train_Loss: 0.8675 | Time: 0.3307
Epoch 00014 | Val_Loss 0.7275 | Time(s) 0.2873
EarlyStopping counter: 3 out of 30
Epoch 00015, Step00000 | Train_Loss: 0.7648 | Time: 0.3310
Epoch 00015 | Val_Loss 1.0265 | Time(s) 0.2868
EarlyStopping counter: 4 out of 30
Epoch 00016, Step00000 | Train_Loss: 0.9297 | Time: 0.3302
Epoch 00016 | Val_Loss 0.7477 | Time(s) 0.2821
EarlyStopping counter: 5 out of 30
Epoch 00017, Step00000 | Train_Loss: 0.6915 | Time: 0.3297
Epoch 00017 | Val_Loss 0.8254 | Time(s) 0.2792
EarlyStopping counter: 6 out of 30
Epoch 00018, Step00000 | Train_Loss: 0.6915 | Time: 0.3306
Epoch 00018 | Val_Loss 1.0060 | Time(s) 0.2789
EarlyStopping counter: 7 out of 30
Epoch 00019, Step00000 | Train_Loss: 0.7590 | Time: 0.3349
Epoch 00019 | Val_Loss 0.9330 | Time(s) 0.2774
EarlyStopping counter: 8 out of 30
Epoch 00020, Step00000 | Train_Loss: 0.6616 | Time: 0.3345
Epoch 00020 | Val_Loss 0.9691 | Time(s) 0.2786
EarlyStopping counter: 9 out of 30
Epoch 00021, Step00000 | Train_Loss: 0.6225 | Time: 0.3354
Epoch 00021 | Val_Loss 1.0697 | Time(s) 0.2807
EarlyStopping counter: 10 out of 30
Epoch 00022, Step00000 | Train_Loss: 0.6534 | Time: 0.3315
Epoch 00022 | Val_Loss 1.0583 | Time(s) 0.2762
EarlyStopping counter: 11 out of 30
Epoch 00023, Step00000 | Train_Loss: 0.6426 | Time: 0.3363
Epoch 00023 | Val_Loss 1.0499 | Time(s) 0.2789
EarlyStopping counter: 12 out of 30
Epoch 00024, Step00000 | Train_Loss: 0.5878 | Time: 0.3389
Epoch 00024 | Val_Loss 1.1292 | Time(s) 0.2789
EarlyStopping counter: 13 out of 30
Epoch 00025, Step00000 | Train_Loss: 0.5749 | Time: 0.3382
Epoch 00025 | Val_Loss 1.1348 | Time(s) 0.2776
EarlyStopping counter: 14 out of 30
Epoch 00026, Step00000 | Train_Loss: 0.5990 | Time: 0.3347
Epoch 00026 | Val_Loss 1.0848 | Time(s) 0.2789
EarlyStopping counter: 15 out of 30
Epoch 00027, Step00000 | Train_Loss: 0.5504 | Time: 0.3383
Epoch 00027 | Val_Loss 1.1167 | Time(s) 0.2773
EarlyStopping counter: 16 out of 30
Epoch 00028, Step00000 | Train_Loss: 0.5684 | Time: 0.3367
Epoch 00028 | Val_Loss 1.3368 | Time(s) 0.2774
EarlyStopping counter: 17 out of 30
Epoch 00029, Step00000 | Train_Loss: 0.6209 | Time: 0.3399
Epoch 00029 | Val_Loss 1.1005 | Time(s) 0.2765
EarlyStopping counter: 18 out of 30
Epoch 00030, Step00000 | Train_Loss: 0.5322 | Time: 0.3033
Epoch 00030 | Val_Loss 1.0908 | Time(s) 0.2771
EarlyStopping counter: 19 out of 30
Epoch 00031, Step00000 | Train_Loss: 0.5551 | Time: 0.3356
Epoch 00031 | Val_Loss 1.0657 | Time(s) 0.2782
EarlyStopping counter: 20 out of 30
Epoch 00032, Step00000 | Train_Loss: 0.5604 | Time: 0.3357
Epoch 00032 | Val_Loss 1.0365 | Time(s) 0.2819
EarlyStopping counter: 21 out of 30
Epoch 00033, Step00000 | Train_Loss: 0.5135 | Time: 0.3368
Epoch 00033 | Val_Loss 1.0726 | Time(s) 0.2830
EarlyStopping counter: 22 out of 30
Epoch 00034, Step00000 | Train_Loss: 0.5586 | Time: 0.3279
Epoch 00034 | Val_Loss 0.9953 | Time(s) 0.2841
EarlyStopping counter: 23 out of 30
Epoch 00035, Step00000 | Train_Loss: 0.5211 | Time: 0.3233
Epoch 00035 | Val_Loss 0.9905 | Time(s) 0.2900
EarlyStopping counter: 24 out of 30
Epoch 00036, Step00000 | Train_Loss: 0.5233 | Time: 0.3281
Epoch 00036 | Val_Loss 0.9338 | Time(s) 0.2839
EarlyStopping counter: 25 out of 30
Epoch 00037, Step00000 | Train_Loss: 0.5206 | Time: 0.3284
Epoch 00037 | Val_Loss 0.8842 | Time(s) 0.2853
EarlyStopping counter: 26 out of 30
Epoch 00038, Step00000 | Train_Loss: 0.4963 | Time: 0.3291
Epoch 00038 | Val_Loss 0.9224 | Time(s) 0.2841
EarlyStopping counter: 27 out of 30
Epoch 00039, Step00000 | Train_Loss: 0.5150 | Time: 0.3288
Epoch 00039 | Val_Loss 0.9695 | Time(s) 0.2819
EarlyStopping counter: 28 out of 30
Epoch 00040, Step00000 | Train_Loss: 0.4718 | Time: 0.3277
Epoch 00040 | Val_Loss 0.9770 | Time(s) 0.2851
EarlyStopping counter: 29 out of 30
Epoch 00041, Step00000 | Train_Loss: 0.5018 | Time: 0.3263
Epoch 00041 | Val_Loss 0.9200 | Time(s) 0.2847
EarlyStopping counter: 30 out of 30
Early stopping!
Early stopping!
defaultdict(<class 'float'>, {'roc_auc': 0.504228236498773, 'MRR': 0.727328431372549})
defaultdict(<class 'float'>, {'roc_auc': 0.6163407503370039, 'MRR': 0.7650210084033614})
Completed: amazon_style_cct_features_fold_4 (rep 1)

--------------------------------------
Running model: HGT
Dataset: amazon_style_cct_features_fold_5
Repetition: 1
--------------------------------------
Loading nodes from amazon_style_cct_features_fold_5/node.dat
/home/simonettos/homhetgnn/HGB/LP/benchmark/data/amazon_style_cct_features_fold_5/node.dat
0 {}
1 {'0': 558}
2 {'0': 558, '1': 940}
node_count: {'0': 558, '1': 940, '2': 188}
('1', '6', '0'): src_max=939, dst_max=556
('1', '5', '1'): src_max=939, dst_max=939
('0', '7', '0'): src_max=557, dst_max=557
('0', '4', '0'): src_max=557, dst_max=557
('0', '3', '2'): src_max=557, dst_max=187
('0', '0', '0'): src_max=557, dst_max=553
('1', '2', '1'): src_max=938, dst_max=938
('1', '8', '1'): src_max=939, dst_max=939
('1', '10', '1'): src_max=795, dst_max=380
('1', '1', '1'): src_max=939, dst_max=928
('1', '9', '1'): src_max=791, dst_max=812
0 0
1 558
2 1498
6
Epoch 00000, Step00000 | Train_Loss: 1.0189 | Time: 0.5881
Epoch 00000 | Val_Loss 3.1423 | Time(s) 0.1272
Validation loss decreased (inf --> 3.142292).  Saving model ...
Epoch 00001, Step00000 | Train_Loss: 2.5562 | Time: 0.1882
Epoch 00001 | Val_Loss 0.9177 | Time(s) 0.1313
Validation loss decreased (3.142292 --> 0.917749).  Saving model ...
Epoch 00002, Step00000 | Train_Loss: 0.9942 | Time: 0.2418
Epoch 00002 | Val_Loss 2.5826 | Time(s) 0.2289
EarlyStopping counter: 1 out of 30
Epoch 00003, Step00000 | Train_Loss: 2.0109 | Time: 0.2844
Epoch 00003 | Val_Loss 1.7200 | Time(s) 0.2289
EarlyStopping counter: 2 out of 30
Epoch 00004, Step00000 | Train_Loss: 1.4701 | Time: 0.2828
Epoch 00004 | Val_Loss 1.4621 | Time(s) 0.2290
EarlyStopping counter: 3 out of 30
Epoch 00005, Step00000 | Train_Loss: 1.3697 | Time: 0.2887
Epoch 00005 | Val_Loss 1.1312 | Time(s) 0.2315
EarlyStopping counter: 4 out of 30
Epoch 00006, Step00000 | Train_Loss: 1.1054 | Time: 0.2867
Epoch 00006 | Val_Loss 1.3053 | Time(s) 0.2450
EarlyStopping counter: 5 out of 30
Epoch 00007, Step00000 | Train_Loss: 1.2450 | Time: 0.3131
Epoch 00007 | Val_Loss 0.8133 | Time(s) 0.2675
Validation loss decreased (0.917749 --> 0.813344).  Saving model ...
Epoch 00008, Step00000 | Train_Loss: 0.8960 | Time: 0.3195
Epoch 00008 | Val_Loss 1.3226 | Time(s) 0.2661
EarlyStopping counter: 1 out of 30
Epoch 00009, Step00000 | Train_Loss: 1.1747 | Time: 0.3170
Epoch 00009 | Val_Loss 0.6861 | Time(s) 0.2713
Validation loss decreased (0.813344 --> 0.686136).  Saving model ...
Epoch 00010, Step00000 | Train_Loss: 0.7953 | Time: 0.3214
Epoch 00010 | Val_Loss 1.3774 | Time(s) 0.2708
EarlyStopping counter: 1 out of 30
Epoch 00011, Step00000 | Train_Loss: 1.2289 | Time: 0.3263
Epoch 00011 | Val_Loss 0.7714 | Time(s) 0.2717
EarlyStopping counter: 2 out of 30
Epoch 00012, Step00000 | Train_Loss: 0.7955 | Time: 0.3279
Epoch 00012 | Val_Loss 0.9856 | Time(s) 0.2727
EarlyStopping counter: 3 out of 30
Epoch 00013, Step00000 | Train_Loss: 0.9276 | Time: 0.3291
Epoch 00013 | Val_Loss 1.0190 | Time(s) 0.2729
EarlyStopping counter: 4 out of 30
Epoch 00014, Step00000 | Train_Loss: 0.9742 | Time: 0.3312
Epoch 00014 | Val_Loss 0.6733 | Time(s) 0.2739
Validation loss decreased (0.686136 --> 0.673301).  Saving model ...
Epoch 00015, Step00000 | Train_Loss: 0.7283 | Time: 0.3294
Epoch 00015 | Val_Loss 0.9782 | Time(s) 0.2716
EarlyStopping counter: 1 out of 30
Epoch 00016, Step00000 | Train_Loss: 0.9030 | Time: 0.3271
Epoch 00016 | Val_Loss 0.6914 | Time(s) 0.2741
EarlyStopping counter: 2 out of 30
Epoch 00017, Step00000 | Train_Loss: 0.7244 | Time: 0.3295
Epoch 00017 | Val_Loss 0.7866 | Time(s) 0.2740
EarlyStopping counter: 3 out of 30
Epoch 00018, Step00000 | Train_Loss: 0.7762 | Time: 0.3269
Epoch 00018 | Val_Loss 0.8333 | Time(s) 0.2793
EarlyStopping counter: 4 out of 30
Epoch 00019, Step00000 | Train_Loss: 0.7360 | Time: 0.3222
Epoch 00019 | Val_Loss 0.7521 | Time(s) 0.2807
EarlyStopping counter: 5 out of 30
Epoch 00020, Step00000 | Train_Loss: 0.6653 | Time: 0.3236
Epoch 00020 | Val_Loss 0.9218 | Time(s) 0.2782
EarlyStopping counter: 6 out of 30
Epoch 00021, Step00000 | Train_Loss: 0.7583 | Time: 0.3210
Epoch 00021 | Val_Loss 0.8467 | Time(s) 0.2791
EarlyStopping counter: 7 out of 30
Epoch 00022, Step00000 | Train_Loss: 0.6431 | Time: 0.3205
Epoch 00022 | Val_Loss 0.9011 | Time(s) 0.2783
EarlyStopping counter: 8 out of 30
Epoch 00023, Step00000 | Train_Loss: 0.6343 | Time: 0.3212
Epoch 00023 | Val_Loss 0.8969 | Time(s) 0.2787
EarlyStopping counter: 9 out of 30
Epoch 00024, Step00000 | Train_Loss: 0.6657 | Time: 0.3216
Epoch 00024 | Val_Loss 0.9193 | Time(s) 0.2787
EarlyStopping counter: 10 out of 30
Epoch 00025, Step00000 | Train_Loss: 0.5998 | Time: 0.3239
Epoch 00025 | Val_Loss 0.9790 | Time(s) 0.2785
EarlyStopping counter: 11 out of 30
Epoch 00026, Step00000 | Train_Loss: 0.5997 | Time: 0.3243
Epoch 00026 | Val_Loss 0.9609 | Time(s) 0.2730
EarlyStopping counter: 12 out of 30
Epoch 00027, Step00000 | Train_Loss: 0.6053 | Time: 0.3259
Epoch 00027 | Val_Loss 1.0005 | Time(s) 0.2720
EarlyStopping counter: 13 out of 30
Epoch 00028, Step00000 | Train_Loss: 0.5640 | Time: 0.3025
Epoch 00028 | Val_Loss 1.1007 | Time(s) 0.2723
EarlyStopping counter: 14 out of 30
Epoch 00029, Step00000 | Train_Loss: 0.5869 | Time: 0.3282
Epoch 00029 | Val_Loss 1.0503 | Time(s) 0.2740
EarlyStopping counter: 15 out of 30
Epoch 00030, Step00000 | Train_Loss: 0.6096 | Time: 0.3284
Epoch 00030 | Val_Loss 1.0591 | Time(s) 0.2723
EarlyStopping counter: 16 out of 30
Epoch 00031, Step00000 | Train_Loss: 0.5633 | Time: 0.3300
Epoch 00031 | Val_Loss 1.0374 | Time(s) 0.2730
EarlyStopping counter: 17 out of 30
Epoch 00032, Step00000 | Train_Loss: 0.5577 | Time: 0.3283
Epoch 00032 | Val_Loss 1.1166 | Time(s) 0.2722
EarlyStopping counter: 18 out of 30
Epoch 00033, Step00000 | Train_Loss: 0.5504 | Time: 0.3298
Epoch 00033 | Val_Loss 1.1174 | Time(s) 0.2715
EarlyStopping counter: 19 out of 30
Epoch 00034, Step00000 | Train_Loss: 0.5245 | Time: 0.3246
Epoch 00034 | Val_Loss 1.1583 | Time(s) 0.2716
EarlyStopping counter: 20 out of 30
Epoch 00035, Step00000 | Train_Loss: 0.5212 | Time: 0.3249
Epoch 00035 | Val_Loss 1.0603 | Time(s) 0.2741
EarlyStopping counter: 21 out of 30
Epoch 00036, Step00000 | Train_Loss: 0.5263 | Time: 0.3217
Epoch 00036 | Val_Loss 1.1003 | Time(s) 0.2759
EarlyStopping counter: 22 out of 30
Epoch 00037, Step00000 | Train_Loss: 0.5138 | Time: 0.3190
Epoch 00037 | Val_Loss 1.1669 | Time(s) 0.2742
EarlyStopping counter: 23 out of 30
Epoch 00038, Step00000 | Train_Loss: 0.5305 | Time: 0.3204
Epoch 00038 | Val_Loss 1.1318 | Time(s) 0.2711
EarlyStopping counter: 24 out of 30
Epoch 00039, Step00000 | Train_Loss: 0.4963 | Time: 0.3207
Epoch 00039 | Val_Loss 1.2486 | Time(s) 0.2765
EarlyStopping counter: 25 out of 30
Epoch 00040, Step00000 | Train_Loss: 0.5135 | Time: 0.3199
Epoch 00040 | Val_Loss 1.1965 | Time(s) 0.2771
EarlyStopping counter: 26 out of 30
Epoch 00041, Step00000 | Train_Loss: 0.4863 | Time: 0.3189
Epoch 00041 | Val_Loss 1.1730 | Time(s) 0.2782
EarlyStopping counter: 27 out of 30
Epoch 00042, Step00000 | Train_Loss: 0.4662 | Time: 0.3175
Epoch 00042 | Val_Loss 1.1499 | Time(s) 0.2790
EarlyStopping counter: 28 out of 30
Epoch 00043, Step00000 | Train_Loss: 0.4642 | Time: 0.3194
Epoch 00043 | Val_Loss 1.2306 | Time(s) 0.2794
EarlyStopping counter: 29 out of 30
Epoch 00044, Step00000 | Train_Loss: 0.4599 | Time: 0.3208
Epoch 00044 | Val_Loss 1.3288 | Time(s) 0.2719
EarlyStopping counter: 30 out of 30
Early stopping!
Early stopping!
defaultdict(<class 'float'>, {'roc_auc': 0.5625925925925926, 'MRR': 0.7575757575757576})
defaultdict(<class 'float'>, {'roc_auc': 0.6240958756540473, 'MRR': 0.7596418732782368})
Completed: amazon_style_cct_features_fold_5 (rep 1)

=== Repetition 2/6 ===
--------------------------------------
Running model: HGT
Dataset: amazon_style_cct_features_fold_1
Repetition: 2
--------------------------------------
Loading nodes from amazon_style_cct_features_fold_1/node.dat
/home/simonettos/homhetgnn/HGB/LP/benchmark/data/amazon_style_cct_features_fold_1/node.dat
0 {}
1 {'0': 558}
2 {'0': 558, '1': 940}
node_count: {'0': 558, '1': 940, '2': 188}
('1', '6', '0'): src_max=939, dst_max=557
('1', '5', '1'): src_max=939, dst_max=939
('1', '2', '1'): src_max=938, dst_max=938
('0', '7', '0'): src_max=557, dst_max=557
('0', '3', '2'): src_max=557, dst_max=187
('0', '4', '0'): src_max=557, dst_max=557
('1', '8', '1'): src_max=939, dst_max=939
('0', '0', '0'): src_max=557, dst_max=553
('1', '9', '1'): src_max=791, dst_max=812
('1', '1', '1'): src_max=939, dst_max=928
('1', '10', '1'): src_max=795, dst_max=380
0 0
1 558
2 1498
6
Epoch 00000, Step00000 | Train_Loss: 1.2295 | Time: 0.6151
Epoch 00000 | Val_Loss 2.5850 | Time(s) 0.2598
Validation loss decreased (inf --> 2.584975).  Saving model ...
Epoch 00001, Step00000 | Train_Loss: 2.0796 | Time: 0.3134
Epoch 00001 | Val_Loss 1.1542 | Time(s) 0.2651
Validation loss decreased (2.584975 --> 1.154190).  Saving model ...
Epoch 00002, Step00000 | Train_Loss: 1.1716 | Time: 0.3107
Epoch 00002 | Val_Loss 1.7293 | Time(s) 0.2675
EarlyStopping counter: 1 out of 30
Epoch 00003, Step00000 | Train_Loss: 1.4983 | Time: 0.3206
Epoch 00003 | Val_Loss 1.3240 | Time(s) 0.2611
EarlyStopping counter: 2 out of 30
Epoch 00004, Step00000 | Train_Loss: 1.2458 | Time: 0.3069
Epoch 00004 | Val_Loss 1.2069 | Time(s) 0.2676
EarlyStopping counter: 3 out of 30
Epoch 00005, Step00000 | Train_Loss: 1.1379 | Time: 0.3181
Epoch 00005 | Val_Loss 1.1178 | Time(s) 0.2605
Validation loss decreased (1.154190 --> 1.117799).  Saving model ...
Epoch 00006, Step00000 | Train_Loss: 1.0451 | Time: 0.3162
Epoch 00006 | Val_Loss 0.9784 | Time(s) 0.2655
Validation loss decreased (1.117799 --> 0.978443).  Saving model ...
Epoch 00007, Step00000 | Train_Loss: 0.9510 | Time: 0.3128
Epoch 00007 | Val_Loss 0.9212 | Time(s) 0.2663
Validation loss decreased (0.978443 --> 0.921156).  Saving model ...
Epoch 00008, Step00000 | Train_Loss: 0.8910 | Time: 0.3188
Epoch 00008 | Val_Loss 1.0467 | Time(s) 0.2645
EarlyStopping counter: 1 out of 30
Epoch 00009, Step00000 | Train_Loss: 1.0155 | Time: 0.3243
Epoch 00009 | Val_Loss 0.7038 | Time(s) 0.2673
Validation loss decreased (0.921156 --> 0.703831).  Saving model ...
Epoch 00010, Step00000 | Train_Loss: 0.7754 | Time: 0.3256
Epoch 00010 | Val_Loss 1.0984 | Time(s) 0.2669
EarlyStopping counter: 1 out of 30
Epoch 00011, Step00000 | Train_Loss: 1.0111 | Time: 0.3237
Epoch 00011 | Val_Loss 0.8242 | Time(s) 0.2672
EarlyStopping counter: 2 out of 30
Epoch 00012, Step00000 | Train_Loss: 0.8534 | Time: 0.3243
Epoch 00012 | Val_Loss 0.6596 | Time(s) 0.2612
Validation loss decreased (0.703831 --> 0.659561).  Saving model ...
Epoch 00013, Step00000 | Train_Loss: 0.7335 | Time: 0.3231
Epoch 00013 | Val_Loss 0.8446 | Time(s) 0.2612
EarlyStopping counter: 1 out of 30
Epoch 00014, Step00000 | Train_Loss: 0.8090 | Time: 0.3203
Epoch 00014 | Val_Loss 0.8289 | Time(s) 0.2654
EarlyStopping counter: 2 out of 30
Epoch 00015, Step00000 | Train_Loss: 0.8275 | Time: 0.3219
Epoch 00015 | Val_Loss 0.7626 | Time(s) 0.2680
EarlyStopping counter: 3 out of 30
Epoch 00016, Step00000 | Train_Loss: 0.7260 | Time: 0.3219
Epoch 00016 | Val_Loss 0.7246 | Time(s) 0.2610
EarlyStopping counter: 4 out of 30
Epoch 00017, Step00000 | Train_Loss: 0.6506 | Time: 0.2994
Epoch 00017 | Val_Loss 0.7795 | Time(s) 0.2614
EarlyStopping counter: 5 out of 30
Epoch 00018, Step00000 | Train_Loss: 0.6489 | Time: 0.3203
Epoch 00018 | Val_Loss 0.9189 | Time(s) 0.2691
EarlyStopping counter: 6 out of 30
Epoch 00019, Step00000 | Train_Loss: 0.6891 | Time: 0.3231
Epoch 00019 | Val_Loss 1.1252 | Time(s) 0.2652
EarlyStopping counter: 7 out of 30
Epoch 00020, Step00000 | Train_Loss: 0.7774 | Time: 0.3256
Epoch 00020 | Val_Loss 1.0602 | Time(s) 0.2597
EarlyStopping counter: 8 out of 30
Epoch 00021, Step00000 | Train_Loss: 0.7430 | Time: 0.3172
Epoch 00021 | Val_Loss 0.8252 | Time(s) 0.2663
EarlyStopping counter: 9 out of 30
Epoch 00022, Step00000 | Train_Loss: 0.6146 | Time: 0.3211
Epoch 00022 | Val_Loss 0.7885 | Time(s) 0.2599
EarlyStopping counter: 10 out of 30
Epoch 00023, Step00000 | Train_Loss: 0.5964 | Time: 0.3171
Epoch 00023 | Val_Loss 0.8871 | Time(s) 0.2636
EarlyStopping counter: 11 out of 30
Epoch 00024, Step00000 | Train_Loss: 0.6463 | Time: 0.3203
Epoch 00024 | Val_Loss 0.9257 | Time(s) 0.2606
EarlyStopping counter: 12 out of 30
Epoch 00025, Step00000 | Train_Loss: 0.6202 | Time: 0.3198
Epoch 00025 | Val_Loss 0.7644 | Time(s) 0.2641
EarlyStopping counter: 13 out of 30
Epoch 00026, Step00000 | Train_Loss: 0.5788 | Time: 0.3194
Epoch 00026 | Val_Loss 0.8427 | Time(s) 0.2639
EarlyStopping counter: 14 out of 30
Epoch 00027, Step00000 | Train_Loss: 0.5881 | Time: 0.3230
Epoch 00027 | Val_Loss 0.8483 | Time(s) 0.2660
EarlyStopping counter: 15 out of 30
Epoch 00028, Step00000 | Train_Loss: 0.5728 | Time: 0.3252
Epoch 00028 | Val_Loss 0.8491 | Time(s) 0.2592
EarlyStopping counter: 16 out of 30
Epoch 00029, Step00000 | Train_Loss: 0.5509 | Time: 0.3160
Epoch 00029 | Val_Loss 0.9361 | Time(s) 0.2656
EarlyStopping counter: 17 out of 30
Epoch 00030, Step00000 | Train_Loss: 0.5509 | Time: 0.3219
Epoch 00030 | Val_Loss 0.8757 | Time(s) 0.2609
EarlyStopping counter: 18 out of 30
Epoch 00031, Step00000 | Train_Loss: 0.5532 | Time: 0.3169
Epoch 00031 | Val_Loss 0.9314 | Time(s) 0.2677
EarlyStopping counter: 19 out of 30
Epoch 00032, Step00000 | Train_Loss: 0.5209 | Time: 0.3217
Epoch 00032 | Val_Loss 0.9017 | Time(s) 0.2603
EarlyStopping counter: 20 out of 30
Epoch 00033, Step00000 | Train_Loss: 0.5211 | Time: 0.3191
Epoch 00033 | Val_Loss 0.8622 | Time(s) 0.2669
EarlyStopping counter: 21 out of 30
Epoch 00034, Step00000 | Train_Loss: 0.5428 | Time: 0.3227
Epoch 00034 | Val_Loss 0.8580 | Time(s) 0.2624
EarlyStopping counter: 22 out of 30
Epoch 00035, Step00000 | Train_Loss: 0.5076 | Time: 0.3158
Epoch 00035 | Val_Loss 0.9372 | Time(s) 0.2568
EarlyStopping counter: 23 out of 30
Epoch 00036, Step00000 | Train_Loss: 0.5166 | Time: 0.3135
Epoch 00036 | Val_Loss 0.9454 | Time(s) 0.2555
EarlyStopping counter: 24 out of 30
Epoch 00037, Step00000 | Train_Loss: 0.5182 | Time: 0.2746
Epoch 00037 | Val_Loss 0.8276 | Time(s) 0.2175
EarlyStopping counter: 25 out of 30
Epoch 00038, Step00000 | Train_Loss: 0.4819 | Time: 0.2727
Epoch 00038 | Val_Loss 0.8053 | Time(s) 0.2228
EarlyStopping counter: 26 out of 30
Epoch 00039, Step00000 | Train_Loss: 0.5190 | Time: 0.2760
Epoch 00039 | Val_Loss 0.8310 | Time(s) 0.2248
EarlyStopping counter: 27 out of 30
Epoch 00040, Step00000 | Train_Loss: 0.4665 | Time: 0.2718
Epoch 00040 | Val_Loss 0.8545 | Time(s) 0.2223
EarlyStopping counter: 28 out of 30
Epoch 00041, Step00000 | Train_Loss: 0.4692 | Time: 0.2761
Epoch 00041 | Val_Loss 0.9337 | Time(s) 0.2207
EarlyStopping counter: 29 out of 30
Epoch 00042, Step00000 | Train_Loss: 0.4514 | Time: 0.2741
Epoch 00042 | Val_Loss 1.1390 | Time(s) 0.2216
EarlyStopping counter: 30 out of 30
Early stopping!
Early stopping!
defaultdict(<class 'float'>, {'roc_auc': 0.5266216722909637, 'MRR': 0.7522522522522522})
defaultdict(<class 'float'>, {'roc_auc': 0.668748837497675, 'MRR': 0.8238124488124487})
Completed: amazon_style_cct_features_fold_1 (rep 2)

--------------------------------------
Running model: HGT
Dataset: amazon_style_cct_features_fold_2
Repetition: 2
--------------------------------------
Loading nodes from amazon_style_cct_features_fold_2/node.dat
/home/simonettos/homhetgnn/HGB/LP/benchmark/data/amazon_style_cct_features_fold_2/node.dat
0 {}
1 {'0': 558}
2 {'0': 558, '1': 940}
node_count: {'0': 558, '1': 940, '2': 188}
('1', '6', '0'): src_max=939, dst_max=557
('1', '5', '1'): src_max=939, dst_max=939
('0', '7', '0'): src_max=557, dst_max=557
('0', '4', '0'): src_max=557, dst_max=557
('0', '3', '2'): src_max=557, dst_max=187
('0', '0', '0'): src_max=557, dst_max=553
('1', '2', '1'): src_max=938, dst_max=938
('1', '8', '1'): src_max=939, dst_max=939
('1', '10', '1'): src_max=795, dst_max=380
('1', '1', '1'): src_max=939, dst_max=928
('1', '9', '1'): src_max=791, dst_max=812
0 0
1 558
2 1498
6
Epoch 00000, Step00000 | Train_Loss: 0.9630 | Time: 0.6235
Epoch 00000 | Val_Loss 0.6965 | Time(s) 0.2683
Validation loss decreased (inf --> 0.696457).  Saving model ...
Epoch 00001, Step00000 | Train_Loss: 0.8488 | Time: 0.3175
Epoch 00001 | Val_Loss 1.0968 | Time(s) 0.2709
EarlyStopping counter: 1 out of 30
Epoch 00002, Step00000 | Train_Loss: 1.0407 | Time: 0.3136
Epoch 00002 | Val_Loss 1.0258 | Time(s) 0.2704
EarlyStopping counter: 2 out of 30
Epoch 00003, Step00000 | Train_Loss: 0.9866 | Time: 0.3186
Epoch 00003 | Val_Loss 0.6864 | Time(s) 0.2721
Validation loss decreased (0.696457 --> 0.686445).  Saving model ...
Epoch 00004, Step00000 | Train_Loss: 0.7836 | Time: 0.3180
Epoch 00004 | Val_Loss 1.3190 | Time(s) 0.2758
EarlyStopping counter: 1 out of 30
Epoch 00005, Step00000 | Train_Loss: 1.2153 | Time: 0.3172
Epoch 00005 | Val_Loss 1.1322 | Time(s) 0.2723
EarlyStopping counter: 2 out of 30
Epoch 00006, Step00000 | Train_Loss: 1.0402 | Time: 0.3202
Epoch 00006 | Val_Loss 0.6655 | Time(s) 0.2728
Validation loss decreased (0.686445 --> 0.665503).  Saving model ...
Epoch 00007, Step00000 | Train_Loss: 0.7508 | Time: 0.3193
Epoch 00007 | Val_Loss 0.9632 | Time(s) 0.2740
EarlyStopping counter: 1 out of 30
Epoch 00008, Step00000 | Train_Loss: 0.9647 | Time: 0.3177
Epoch 00008 | Val_Loss 1.1907 | Time(s) 0.2671
EarlyStopping counter: 2 out of 30
Epoch 00009, Step00000 | Train_Loss: 1.0745 | Time: 0.3137
Epoch 00009 | Val_Loss 0.7330 | Time(s) 0.2758
EarlyStopping counter: 3 out of 30
Epoch 00010, Step00000 | Train_Loss: 0.7988 | Time: 0.3197
Epoch 00010 | Val_Loss 0.6744 | Time(s) 0.2751
EarlyStopping counter: 4 out of 30
Epoch 00011, Step00000 | Train_Loss: 0.7338 | Time: 0.3163
Epoch 00011 | Val_Loss 0.9117 | Time(s) 0.2736
EarlyStopping counter: 5 out of 30
Epoch 00012, Step00000 | Train_Loss: 0.8858 | Time: 0.3180
Epoch 00012 | Val_Loss 1.1509 | Time(s) 0.2754
EarlyStopping counter: 6 out of 30
Epoch 00013, Step00000 | Train_Loss: 1.0463 | Time: 0.3119
Epoch 00013 | Val_Loss 0.9473 | Time(s) 0.2746
EarlyStopping counter: 7 out of 30
Epoch 00014, Step00000 | Train_Loss: 0.8797 | Time: 0.3192
Epoch 00014 | Val_Loss 0.6600 | Time(s) 0.2675
Validation loss decreased (0.665503 --> 0.660010).  Saving model ...
Epoch 00015, Step00000 | Train_Loss: 0.6686 | Time: 0.3190
Epoch 00015 | Val_Loss 0.6740 | Time(s) 0.2756
EarlyStopping counter: 1 out of 30
Epoch 00016, Step00000 | Train_Loss: 0.7112 | Time: 0.3186
Epoch 00016 | Val_Loss 0.8385 | Time(s) 0.2751
EarlyStopping counter: 2 out of 30
Epoch 00017, Step00000 | Train_Loss: 0.7201 | Time: 0.2931
Epoch 00017 | Val_Loss 0.9099 | Time(s) 0.2759
EarlyStopping counter: 3 out of 30
Epoch 00018, Step00000 | Train_Loss: 0.6382 | Time: 0.3164
Epoch 00018 | Val_Loss 0.8250 | Time(s) 0.2590
EarlyStopping counter: 4 out of 30
Epoch 00019, Step00000 | Train_Loss: 0.5846 | Time: 0.3159
Epoch 00019 | Val_Loss 0.9224 | Time(s) 0.2651
EarlyStopping counter: 5 out of 30
Epoch 00020, Step00000 | Train_Loss: 0.6159 | Time: 0.3224
Epoch 00020 | Val_Loss 0.9978 | Time(s) 0.2637
EarlyStopping counter: 6 out of 30
Epoch 00021, Step00000 | Train_Loss: 0.6504 | Time: 0.3237
Epoch 00021 | Val_Loss 0.7586 | Time(s) 0.2672
EarlyStopping counter: 7 out of 30
Epoch 00022, Step00000 | Train_Loss: 0.5379 | Time: 0.3206
Epoch 00022 | Val_Loss 0.8817 | Time(s) 0.2625
EarlyStopping counter: 8 out of 30
Epoch 00023, Step00000 | Train_Loss: 0.5925 | Time: 0.3233
Epoch 00023 | Val_Loss 0.8730 | Time(s) 0.2690
EarlyStopping counter: 9 out of 30
Epoch 00024, Step00000 | Train_Loss: 0.5186 | Time: 0.3252
Epoch 00024 | Val_Loss 0.8124 | Time(s) 0.2609
EarlyStopping counter: 10 out of 30
Epoch 00025, Step00000 | Train_Loss: 0.5016 | Time: 0.3201
Epoch 00025 | Val_Loss 0.8298 | Time(s) 0.2687
EarlyStopping counter: 11 out of 30
Epoch 00026, Step00000 | Train_Loss: 0.5220 | Time: 0.3230
Epoch 00026 | Val_Loss 1.0009 | Time(s) 0.2660
EarlyStopping counter: 12 out of 30
Epoch 00027, Step00000 | Train_Loss: 0.4912 | Time: 0.3195
Epoch 00027 | Val_Loss 0.9951 | Time(s) 0.2681
EarlyStopping counter: 13 out of 30
Epoch 00028, Step00000 | Train_Loss: 0.4836 | Time: 0.3246
Epoch 00028 | Val_Loss 1.0211 | Time(s) 0.2679
EarlyStopping counter: 14 out of 30
Epoch 00029, Step00000 | Train_Loss: 0.4659 | Time: 0.3236
Epoch 00029 | Val_Loss 0.9546 | Time(s) 0.2599
EarlyStopping counter: 15 out of 30
Epoch 00030, Step00000 | Train_Loss: 0.4591 | Time: 0.3150
Epoch 00030 | Val_Loss 0.9896 | Time(s) 0.2540
EarlyStopping counter: 16 out of 30
Epoch 00031, Step00000 | Train_Loss: 0.4476 | Time: 0.2774
Epoch 00031 | Val_Loss 1.0030 | Time(s) 0.2248
EarlyStopping counter: 17 out of 30
Epoch 00032, Step00000 | Train_Loss: 0.4182 | Time: 0.2742
Epoch 00032 | Val_Loss 0.8984 | Time(s) 0.2235
EarlyStopping counter: 18 out of 30
Epoch 00033, Step00000 | Train_Loss: 0.4386 | Time: 0.2748
Epoch 00033 | Val_Loss 0.9971 | Time(s) 0.2232
EarlyStopping counter: 19 out of 30
Epoch 00034, Step00000 | Train_Loss: 0.4088 | Time: 0.2743
Epoch 00034 | Val_Loss 0.8395 | Time(s) 0.2258
EarlyStopping counter: 20 out of 30
Epoch 00035, Step00000 | Train_Loss: 0.4137 | Time: 0.2732
Epoch 00035 | Val_Loss 0.7038 | Time(s) 0.2227
EarlyStopping counter: 21 out of 30
Epoch 00036, Step00000 | Train_Loss: 0.4097 | Time: 0.2768
Epoch 00036 | Val_Loss 0.7006 | Time(s) 0.2264
EarlyStopping counter: 22 out of 30
Epoch 00037, Step00000 | Train_Loss: 0.3999 | Time: 0.2777
Epoch 00037 | Val_Loss 0.8325 | Time(s) 0.2222
EarlyStopping counter: 23 out of 30
Epoch 00038, Step00000 | Train_Loss: 0.3844 | Time: 0.2740
Epoch 00038 | Val_Loss 0.8568 | Time(s) 0.2254
EarlyStopping counter: 24 out of 30
Epoch 00039, Step00000 | Train_Loss: 0.3942 | Time: 0.2782
Epoch 00039 | Val_Loss 1.0266 | Time(s) 0.2583
EarlyStopping counter: 25 out of 30
Epoch 00040, Step00000 | Train_Loss: 0.3735 | Time: 0.3117
Epoch 00040 | Val_Loss 1.0189 | Time(s) 0.2638
EarlyStopping counter: 26 out of 30
Epoch 00041, Step00000 | Train_Loss: 0.3805 | Time: 0.3166
Epoch 00041 | Val_Loss 0.9965 | Time(s) 0.2651
EarlyStopping counter: 27 out of 30
Epoch 00042, Step00000 | Train_Loss: 0.3806 | Time: 0.3225
Epoch 00042 | Val_Loss 0.9577 | Time(s) 0.2459
EarlyStopping counter: 28 out of 30
Epoch 00043, Step00000 | Train_Loss: 0.3770 | Time: 0.2510
Epoch 00043 | Val_Loss 0.9940 | Time(s) 0.1997
EarlyStopping counter: 29 out of 30
Epoch 00044, Step00000 | Train_Loss: 0.3440 | Time: 0.2736
Epoch 00044 | Val_Loss 0.9841 | Time(s) 0.2635
EarlyStopping counter: 30 out of 30
Early stopping!
Early stopping!
defaultdict(<class 'float'>, {'roc_auc': 0.5189748340280994, 'MRR': 0.7437641723356009})
defaultdict(<class 'float'>, {'roc_auc': 0.6728642829680892, 'MRR': 0.8299319727891157})
Completed: amazon_style_cct_features_fold_2 (rep 2)

--------------------------------------
Running model: HGT
Dataset: amazon_style_cct_features_fold_3
Repetition: 2
--------------------------------------
Loading nodes from amazon_style_cct_features_fold_3/node.dat
/home/simonettos/homhetgnn/HGB/LP/benchmark/data/amazon_style_cct_features_fold_3/node.dat
0 {}
1 {'0': 558}
2 {'0': 558, '1': 940}
node_count: {'0': 558, '1': 940, '2': 188}
('1', '6', '0'): src_max=939, dst_max=557
('1', '5', '1'): src_max=939, dst_max=939
('0', '7', '0'): src_max=557, dst_max=557
('0', '4', '0'): src_max=557, dst_max=557
('0', '3', '2'): src_max=557, dst_max=186
('0', '0', '0'): src_max=557, dst_max=553
('1', '2', '1'): src_max=938, dst_max=938
('1', '8', '1'): src_max=939, dst_max=939
('1', '10', '1'): src_max=795, dst_max=380
('1', '1', '1'): src_max=939, dst_max=928
('1', '9', '1'): src_max=791, dst_max=812
0 0
1 558
2 1498
6
Epoch 00000, Step00000 | Train_Loss: 1.0486 | Time: 0.6136
Epoch 00000 | Val_Loss 1.4725 | Time(s) 0.2680
Validation loss decreased (inf --> 1.472503).  Saving model ...
Epoch 00001, Step00000 | Train_Loss: 1.3964 | Time: 0.3102
Epoch 00001 | Val_Loss 0.9666 | Time(s) 0.2691
Validation loss decreased (1.472503 --> 0.966566).  Saving model ...
Epoch 00002, Step00000 | Train_Loss: 1.0427 | Time: 0.3104
Epoch 00002 | Val_Loss 1.0783 | Time(s) 0.2702
EarlyStopping counter: 1 out of 30
Epoch 00003, Step00000 | Train_Loss: 1.0559 | Time: 0.3151
Epoch 00003 | Val_Loss 1.0310 | Time(s) 0.2674
EarlyStopping counter: 2 out of 30
Epoch 00004, Step00000 | Train_Loss: 1.0301 | Time: 0.3129
Epoch 00004 | Val_Loss 0.7133 | Time(s) 0.2737
Validation loss decreased (0.966566 --> 0.713257).  Saving model ...
Epoch 00005, Step00000 | Train_Loss: 0.8344 | Time: 0.3137
Epoch 00005 | Val_Loss 1.1410 | Time(s) 0.2723
EarlyStopping counter: 1 out of 30
Epoch 00006, Step00000 | Train_Loss: 1.0502 | Time: 0.3186
Epoch 00006 | Val_Loss 0.7498 | Time(s) 0.2739
EarlyStopping counter: 2 out of 30
Epoch 00007, Step00000 | Train_Loss: 0.8048 | Time: 0.3164
Epoch 00007 | Val_Loss 0.7460 | Time(s) 0.2687
EarlyStopping counter: 3 out of 30
Epoch 00008, Step00000 | Train_Loss: 0.8006 | Time: 0.3144
Epoch 00008 | Val_Loss 0.9783 | Time(s) 0.2732
EarlyStopping counter: 4 out of 30
Epoch 00009, Step00000 | Train_Loss: 0.9216 | Time: 0.3201
Epoch 00009 | Val_Loss 0.9106 | Time(s) 0.2752
EarlyStopping counter: 5 out of 30
Epoch 00010, Step00000 | Train_Loss: 0.8812 | Time: 0.3185
Epoch 00010 | Val_Loss 0.6888 | Time(s) 0.2740
Validation loss decreased (0.713257 --> 0.688827).  Saving model ...
Epoch 00011, Step00000 | Train_Loss: 0.7282 | Time: 0.3184
Epoch 00011 | Val_Loss 0.6505 | Time(s) 0.2735
Validation loss decreased (0.688827 --> 0.650541).  Saving model ...
Epoch 00012, Step00000 | Train_Loss: 0.6868 | Time: 0.3139
Epoch 00012 | Val_Loss 0.9049 | Time(s) 0.2752
EarlyStopping counter: 1 out of 30
Epoch 00013, Step00000 | Train_Loss: 0.7575 | Time: 0.3205
Epoch 00013 | Val_Loss 1.3748 | Time(s) 0.2683
EarlyStopping counter: 2 out of 30
Epoch 00014, Step00000 | Train_Loss: 1.2474 | Time: 0.2977
Epoch 00014 | Val_Loss 1.5811 | Time(s) 0.2676
EarlyStopping counter: 3 out of 30
Epoch 00015, Step00000 | Train_Loss: 1.1814 | Time: 0.3141
Epoch 00015 | Val_Loss 0.7522 | Time(s) 0.2746
EarlyStopping counter: 4 out of 30
Epoch 00016, Step00000 | Train_Loss: 0.7091 | Time: 0.3192
Epoch 00016 | Val_Loss 0.8088 | Time(s) 0.2752
EarlyStopping counter: 5 out of 30
Epoch 00017, Step00000 | Train_Loss: 0.7121 | Time: 0.3171
Epoch 00017 | Val_Loss 1.0646 | Time(s) 0.2690
EarlyStopping counter: 6 out of 30
Epoch 00018, Step00000 | Train_Loss: 0.8270 | Time: 0.3095
Epoch 00018 | Val_Loss 0.8566 | Time(s) 0.2584
EarlyStopping counter: 7 out of 30
Epoch 00019, Step00000 | Train_Loss: 0.6092 | Time: 0.3092
Epoch 00019 | Val_Loss 0.8802 | Time(s) 0.2234
EarlyStopping counter: 8 out of 30
Epoch 00020, Step00000 | Train_Loss: 0.6688 | Time: 0.2743
Epoch 00020 | Val_Loss 1.1046 | Time(s) 0.2206
EarlyStopping counter: 9 out of 30
Epoch 00021, Step00000 | Train_Loss: 0.6840 | Time: 0.2744
Epoch 00021 | Val_Loss 0.9557 | Time(s) 0.2217
EarlyStopping counter: 10 out of 30
Epoch 00022, Step00000 | Train_Loss: 0.5779 | Time: 0.2724
Epoch 00022 | Val_Loss 1.0457 | Time(s) 0.2209
EarlyStopping counter: 11 out of 30
Epoch 00023, Step00000 | Train_Loss: 0.6230 | Time: 0.2709
Epoch 00023 | Val_Loss 1.1008 | Time(s) 0.2247
EarlyStopping counter: 12 out of 30
Epoch 00024, Step00000 | Train_Loss: 0.6072 | Time: 0.2751
Epoch 00024 | Val_Loss 0.9420 | Time(s) 0.2221
EarlyStopping counter: 13 out of 30
Epoch 00025, Step00000 | Train_Loss: 0.5535 | Time: 0.2766
Epoch 00025 | Val_Loss 0.9674 | Time(s) 0.2295
EarlyStopping counter: 14 out of 30
Epoch 00026, Step00000 | Train_Loss: 0.5764 | Time: 0.2751
Epoch 00026 | Val_Loss 0.9220 | Time(s) 0.2262
EarlyStopping counter: 15 out of 30
Epoch 00027, Step00000 | Train_Loss: 0.5336 | Time: 0.2841
Epoch 00027 | Val_Loss 0.9276 | Time(s) 0.2548
EarlyStopping counter: 16 out of 30
Epoch 00028, Step00000 | Train_Loss: 0.5481 | Time: 0.3134
Epoch 00028 | Val_Loss 1.0021 | Time(s) 0.2614
EarlyStopping counter: 17 out of 30
Epoch 00029, Step00000 | Train_Loss: 0.5297 | Time: 0.3240
Epoch 00029 | Val_Loss 0.9316 | Time(s) 0.2627
EarlyStopping counter: 18 out of 30
Epoch 00030, Step00000 | Train_Loss: 0.5141 | Time: 0.3209
Epoch 00030 | Val_Loss 0.8648 | Time(s) 0.2659
EarlyStopping counter: 19 out of 30
Epoch 00031, Step00000 | Train_Loss: 0.5330 | Time: 0.3236
Epoch 00031 | Val_Loss 0.7922 | Time(s) 0.2657
EarlyStopping counter: 20 out of 30
Epoch 00032, Step00000 | Train_Loss: 0.5068 | Time: 0.3186
Epoch 00032 | Val_Loss 0.9047 | Time(s) 0.2670
EarlyStopping counter: 21 out of 30
Epoch 00033, Step00000 | Train_Loss: 0.5036 | Time: 0.3226
Epoch 00033 | Val_Loss 0.8653 | Time(s) 0.2670
EarlyStopping counter: 22 out of 30
Epoch 00034, Step00000 | Train_Loss: 0.4995 | Time: 0.3235
Epoch 00034 | Val_Loss 0.9163 | Time(s) 0.2576
EarlyStopping counter: 23 out of 30
Epoch 00035, Step00000 | Train_Loss: 0.4921 | Time: 0.3186
Epoch 00035 | Val_Loss 0.9747 | Time(s) 0.2662
EarlyStopping counter: 24 out of 30
Epoch 00036, Step00000 | Train_Loss: 0.4789 | Time: 0.3234
Epoch 00036 | Val_Loss 0.9561 | Time(s) 0.2686
EarlyStopping counter: 25 out of 30
Epoch 00037, Step00000 | Train_Loss: 0.4645 | Time: 0.3246
Epoch 00037 | Val_Loss 0.9520 | Time(s) 0.2606
EarlyStopping counter: 26 out of 30
Epoch 00038, Step00000 | Train_Loss: 0.4686 | Time: 0.3174
Epoch 00038 | Val_Loss 1.0130 | Time(s) 0.2672
EarlyStopping counter: 27 out of 30
Epoch 00039, Step00000 | Train_Loss: 0.4613 | Time: 0.3234
Epoch 00039 | Val_Loss 0.9471 | Time(s) 0.2673
EarlyStopping counter: 28 out of 30
Epoch 00040, Step00000 | Train_Loss: 0.4547 | Time: 0.2587
Epoch 00040 | Val_Loss 0.9936 | Time(s) 0.1973
EarlyStopping counter: 29 out of 30
Epoch 00041, Step00000 | Train_Loss: 0.4549 | Time: 0.2459
Epoch 00041 | Val_Loss 1.1525 | Time(s) 0.2672
EarlyStopping counter: 30 out of 30
Early stopping!
Early stopping!
defaultdict(<class 'float'>, {'roc_auc': 0.4954561846375767, 'MRR': 0.731592039800995})
defaultdict(<class 'float'>, {'roc_auc': 0.6163458776213732, 'MRR': 0.798714759535655})
Completed: amazon_style_cct_features_fold_3 (rep 2)

--------------------------------------
Running model: HGT
Dataset: amazon_style_cct_features_fold_4
Repetition: 2
--------------------------------------
Loading nodes from amazon_style_cct_features_fold_4/node.dat
/home/simonettos/homhetgnn/HGB/LP/benchmark/data/amazon_style_cct_features_fold_4/node.dat
0 {}
1 {'0': 558}
2 {'0': 558, '1': 940}
node_count: {'0': 558, '1': 940, '2': 188}
('1', '6', '0'): src_max=939, dst_max=557
('1', '5', '1'): src_max=939, dst_max=939
('0', '7', '0'): src_max=557, dst_max=556
('0', '4', '0'): src_max=557, dst_max=557
('0', '3', '2'): src_max=557, dst_max=187
('0', '0', '0'): src_max=557, dst_max=553
('1', '2', '1'): src_max=938, dst_max=938
('1', '8', '1'): src_max=939, dst_max=939
('1', '10', '1'): src_max=795, dst_max=380
('1', '1', '1'): src_max=939, dst_max=928
('1', '9', '1'): src_max=791, dst_max=812
0 0
1 558
2 1498
6
Epoch 00000, Step00000 | Train_Loss: 1.0696 | Time: 1.0543
Epoch 00000 | Val_Loss 2.3504 | Time(s) 0.2665
Validation loss decreased (inf --> 2.350381).  Saving model ...
Epoch 00001, Step00000 | Train_Loss: 1.9905 | Time: 0.3271
Epoch 00001 | Val_Loss 0.6731 | Time(s) 0.2652
Validation loss decreased (2.350381 --> 0.673094).  Saving model ...
Epoch 00002, Step00000 | Train_Loss: 0.9184 | Time: 0.3254
Epoch 00002 | Val_Loss 2.1193 | Time(s) 0.2657
EarlyStopping counter: 1 out of 30
Epoch 00003, Step00000 | Train_Loss: 1.8932 | Time: 0.3258
Epoch 00003 | Val_Loss 1.1295 | Time(s) 0.2641
EarlyStopping counter: 2 out of 30
Epoch 00004, Step00000 | Train_Loss: 1.0521 | Time: 0.3216
Epoch 00004 | Val_Loss 1.5641 | Time(s) 0.2721
EarlyStopping counter: 3 out of 30
Epoch 00005, Step00000 | Train_Loss: 1.3464 | Time: 0.3251
Epoch 00005 | Val_Loss 1.0879 | Time(s) 0.2693
EarlyStopping counter: 4 out of 30
Epoch 00006, Step00000 | Train_Loss: 1.0755 | Time: 0.3263
Epoch 00006 | Val_Loss 1.3189 | Time(s) 0.2701
EarlyStopping counter: 5 out of 30
Epoch 00007, Step00000 | Train_Loss: 1.1886 | Time: 0.3246
Epoch 00007 | Val_Loss 0.8765 | Time(s) 0.2666
EarlyStopping counter: 6 out of 30
Epoch 00008, Step00000 | Train_Loss: 0.9132 | Time: 0.3275
Epoch 00008 | Val_Loss 1.3832 | Time(s) 0.2737
EarlyStopping counter: 7 out of 30
Epoch 00009, Step00000 | Train_Loss: 1.2357 | Time: 0.3256
Epoch 00009 | Val_Loss 0.7361 | Time(s) 0.2711
EarlyStopping counter: 8 out of 30
Epoch 00010, Step00000 | Train_Loss: 0.8145 | Time: 0.3223
Epoch 00010 | Val_Loss 1.4328 | Time(s) 0.2639
EarlyStopping counter: 9 out of 30
Epoch 00011, Step00000 | Train_Loss: 1.2866 | Time: 0.3216
Epoch 00011 | Val_Loss 0.7330 | Time(s) 0.2700
EarlyStopping counter: 10 out of 30
Epoch 00012, Step00000 | Train_Loss: 0.7921 | Time: 0.3263
Epoch 00012 | Val_Loss 1.0187 | Time(s) 0.2714
EarlyStopping counter: 11 out of 30
Epoch 00013, Step00000 | Train_Loss: 0.9273 | Time: 0.3207
Epoch 00013 | Val_Loss 0.9231 | Time(s) 0.2372
EarlyStopping counter: 12 out of 30
Epoch 00014, Step00000 | Train_Loss: 0.8981 | Time: 0.3205
Epoch 00014 | Val_Loss 0.7228 | Time(s) 0.2603
EarlyStopping counter: 13 out of 30
Epoch 00015, Step00000 | Train_Loss: 0.7203 | Time: 0.3167
Epoch 00015 | Val_Loss 1.0463 | Time(s) 0.2225
EarlyStopping counter: 14 out of 30
Epoch 00016, Step00000 | Train_Loss: 0.8794 | Time: 0.2742
Epoch 00016 | Val_Loss 0.7446 | Time(s) 0.2225
EarlyStopping counter: 15 out of 30
Epoch 00017, Step00000 | Train_Loss: 0.7204 | Time: 0.2717
Epoch 00017 | Val_Loss 0.8461 | Time(s) 0.2255
EarlyStopping counter: 16 out of 30
Epoch 00018, Step00000 | Train_Loss: 0.7186 | Time: 0.2745
Epoch 00018 | Val_Loss 1.0290 | Time(s) 0.2230
EarlyStopping counter: 17 out of 30
Epoch 00019, Step00000 | Train_Loss: 0.7694 | Time: 0.2756
Epoch 00019 | Val_Loss 0.8367 | Time(s) 0.2326
EarlyStopping counter: 18 out of 30
Epoch 00020, Step00000 | Train_Loss: 0.6157 | Time: 0.2752
Epoch 00020 | Val_Loss 0.9472 | Time(s) 0.2229
EarlyStopping counter: 19 out of 30
Epoch 00021, Step00000 | Train_Loss: 0.6781 | Time: 0.2751
Epoch 00021 | Val_Loss 1.0634 | Time(s) 0.2252
EarlyStopping counter: 20 out of 30
Epoch 00022, Step00000 | Train_Loss: 0.6927 | Time: 0.2733
Epoch 00022 | Val_Loss 0.9210 | Time(s) 0.2254
EarlyStopping counter: 21 out of 30
Epoch 00023, Step00000 | Train_Loss: 0.5780 | Time: 0.2864
Epoch 00023 | Val_Loss 0.9889 | Time(s) 0.2570
EarlyStopping counter: 22 out of 30
Epoch 00024, Step00000 | Train_Loss: 0.6303 | Time: 0.3167
Epoch 00024 | Val_Loss 1.0507 | Time(s) 0.2646
EarlyStopping counter: 23 out of 30
Epoch 00025, Step00000 | Train_Loss: 0.6118 | Time: 0.3255
Epoch 00025 | Val_Loss 0.9768 | Time(s) 0.2643
EarlyStopping counter: 24 out of 30
Epoch 00026, Step00000 | Train_Loss: 0.5722 | Time: 0.3253
Epoch 00026 | Val_Loss 0.9673 | Time(s) 0.2698
EarlyStopping counter: 25 out of 30
Epoch 00027, Step00000 | Train_Loss: 0.6029 | Time: 0.3233
Epoch 00027 | Val_Loss 1.0742 | Time(s) 0.2638
EarlyStopping counter: 26 out of 30
Epoch 00028, Step00000 | Train_Loss: 0.5679 | Time: 0.3254
Epoch 00028 | Val_Loss 1.0256 | Time(s) 0.2674
EarlyStopping counter: 27 out of 30
Epoch 00029, Step00000 | Train_Loss: 0.5489 | Time: 0.3263
Epoch 00029 | Val_Loss 0.9929 | Time(s) 0.2698
EarlyStopping counter: 28 out of 30
Epoch 00030, Step00000 | Train_Loss: 0.5646 | Time: 0.3266
Epoch 00030 | Val_Loss 0.9505 | Time(s) 0.2680
EarlyStopping counter: 29 out of 30
Epoch 00031, Step00000 | Train_Loss: 0.5273 | Time: 0.3237
Epoch 00031 | Val_Loss 1.0013 | Time(s) 0.2619
EarlyStopping counter: 30 out of 30
Early stopping!
Early stopping!
defaultdict(<class 'float'>, {'roc_auc': 0.5363593030030189, 'MRR': 0.7794117647058824})
defaultdict(<class 'float'>, {'roc_auc': 0.5562927819891108, 'MRR': 0.7426470588235294})
Completed: amazon_style_cct_features_fold_4 (rep 2)

--------------------------------------
Running model: HGT
Dataset: amazon_style_cct_features_fold_5
Repetition: 2
--------------------------------------
Loading nodes from amazon_style_cct_features_fold_5/node.dat
/home/simonettos/homhetgnn/HGB/LP/benchmark/data/amazon_style_cct_features_fold_5/node.dat
0 {}
1 {'0': 558}
2 {'0': 558, '1': 940}
node_count: {'0': 558, '1': 940, '2': 188}
('1', '6', '0'): src_max=939, dst_max=556
('1', '5', '1'): src_max=939, dst_max=939
('0', '7', '0'): src_max=557, dst_max=557
('0', '4', '0'): src_max=557, dst_max=557
('0', '3', '2'): src_max=557, dst_max=187
('0', '0', '0'): src_max=557, dst_max=553
('1', '2', '1'): src_max=938, dst_max=938
('1', '8', '1'): src_max=939, dst_max=939
('1', '10', '1'): src_max=795, dst_max=380
('1', '1', '1'): src_max=939, dst_max=928
('1', '9', '1'): src_max=791, dst_max=812
0 0
1 558
2 1498
6
Epoch 00000, Step00000 | Train_Loss: 1.0304 | Time: 0.6322
Epoch 00000 | Val_Loss 0.6904 | Time(s) 0.2656
Validation loss decreased (inf --> 0.690437).  Saving model ...
Epoch 00001, Step00000 | Train_Loss: 0.9258 | Time: 0.3231
Epoch 00001 | Val_Loss 0.7362 | Time(s) 0.2735
EarlyStopping counter: 1 out of 30
Epoch 00002, Step00000 | Train_Loss: 0.8514 | Time: 0.3194
Epoch 00002 | Val_Loss 1.7134 | Time(s) 0.2780
EarlyStopping counter: 2 out of 30
Epoch 00003, Step00000 | Train_Loss: 1.3966 | Time: 0.3147
Epoch 00003 | Val_Loss 1.0790 | Time(s) 0.2761
EarlyStopping counter: 3 out of 30
Epoch 00004, Step00000 | Train_Loss: 1.0705 | Time: 0.3202
Epoch 00004 | Val_Loss 0.7276 | Time(s) 0.2772
EarlyStopping counter: 4 out of 30
Epoch 00005, Step00000 | Train_Loss: 0.8129 | Time: 0.3198
Epoch 00005 | Val_Loss 1.2030 | Time(s) 0.2747
EarlyStopping counter: 5 out of 30
Epoch 00006, Step00000 | Train_Loss: 1.0656 | Time: 0.3240
Epoch 00006 | Val_Loss 0.7565 | Time(s) 0.2684
EarlyStopping counter: 6 out of 30
Epoch 00007, Step00000 | Train_Loss: 0.8233 | Time: 0.3128
Epoch 00007 | Val_Loss 0.7966 | Time(s) 0.2761
EarlyStopping counter: 7 out of 30
Epoch 00008, Step00000 | Train_Loss: 0.8602 | Time: 0.3201
Epoch 00008 | Val_Loss 1.1869 | Time(s) 0.2751
EarlyStopping counter: 8 out of 30
Epoch 00009, Step00000 | Train_Loss: 1.1157 | Time: 0.3191
Epoch 00009 | Val_Loss 0.8296 | Time(s) 0.2721
EarlyStopping counter: 9 out of 30
Epoch 00010, Step00000 | Train_Loss: 0.8258 | Time: 0.3191
Epoch 00010 | Val_Loss 0.6648 | Time(s) 0.2715
Validation loss decreased (0.690437 --> 0.664777).  Saving model ...
Epoch 00011, Step00000 | Train_Loss: 0.7345 | Time: 0.3189
Epoch 00011 | Val_Loss 1.0757 | Time(s) 0.2737
EarlyStopping counter: 1 out of 30
Epoch 00012, Step00000 | Train_Loss: 1.0093 | Time: 0.3084
Epoch 00012 | Val_Loss 1.3425 | Time(s) 0.2657
EarlyStopping counter: 2 out of 30
Epoch 00013, Step00000 | Train_Loss: 1.1350 | Time: 0.3143
Epoch 00013 | Val_Loss 0.7797 | Time(s) 0.2273
EarlyStopping counter: 3 out of 30
Epoch 00014, Step00000 | Train_Loss: 0.7471 | Time: 0.2760
Epoch 00014 | Val_Loss 0.7075 | Time(s) 0.2253
EarlyStopping counter: 4 out of 30
Epoch 00015, Step00000 | Train_Loss: 0.7459 | Time: 0.2822
Epoch 00015 | Val_Loss 1.2616 | Time(s) 0.2291
EarlyStopping counter: 5 out of 30
Epoch 00016, Step00000 | Train_Loss: 1.0717 | Time: 0.2803
Epoch 00016 | Val_Loss 1.1389 | Time(s) 0.2281
EarlyStopping counter: 6 out of 30
Epoch 00017, Step00000 | Train_Loss: 1.0627 | Time: 0.2760
Epoch 00017 | Val_Loss 0.6899 | Time(s) 0.2282
EarlyStopping counter: 7 out of 30
Epoch 00018, Step00000 | Train_Loss: 0.6651 | Time: 0.2845
Epoch 00018 | Val_Loss 1.1344 | Time(s) 0.2262
EarlyStopping counter: 8 out of 30
Epoch 00019, Step00000 | Train_Loss: 0.9359 | Time: 0.2817
Epoch 00019 | Val_Loss 0.9372 | Time(s) 0.2288
EarlyStopping counter: 9 out of 30
Epoch 00020, Step00000 | Train_Loss: 0.8447 | Time: 0.2760
Epoch 00020 | Val_Loss 0.7701 | Time(s) 0.2312
EarlyStopping counter: 10 out of 30
Epoch 00021, Step00000 | Train_Loss: 0.6920 | Time: 0.3038
Epoch 00021 | Val_Loss 1.0667 | Time(s) 0.2631
EarlyStopping counter: 11 out of 30
Epoch 00022, Step00000 | Train_Loss: 0.8710 | Time: 0.2878
Epoch 00022 | Val_Loss 0.7087 | Time(s) 0.2748
EarlyStopping counter: 12 out of 30
Epoch 00023, Step00000 | Train_Loss: 0.6289 | Time: 0.3201
Epoch 00023 | Val_Loss 0.9178 | Time(s) 0.2762
EarlyStopping counter: 13 out of 30
Epoch 00024, Step00000 | Train_Loss: 0.8166 | Time: 0.3216
Epoch 00024 | Val_Loss 0.8237 | Time(s) 0.2747
EarlyStopping counter: 14 out of 30
Epoch 00025, Step00000 | Train_Loss: 0.5940 | Time: 0.3182
Epoch 00025 | Val_Loss 1.0285 | Time(s) 0.2713
EarlyStopping counter: 15 out of 30
Epoch 00026, Step00000 | Train_Loss: 0.6867 | Time: 0.3143
Epoch 00026 | Val_Loss 0.8381 | Time(s) 0.2755
EarlyStopping counter: 16 out of 30
Epoch 00027, Step00000 | Train_Loss: 0.6013 | Time: 0.3203
Epoch 00027 | Val_Loss 0.9673 | Time(s) 0.2746
EarlyStopping counter: 17 out of 30
Epoch 00028, Step00000 | Train_Loss: 0.6635 | Time: 0.3139
Epoch 00028 | Val_Loss 0.8559 | Time(s) 0.2776
EarlyStopping counter: 18 out of 30
Epoch 00029, Step00000 | Train_Loss: 0.5745 | Time: 0.3171
Epoch 00029 | Val_Loss 0.9180 | Time(s) 0.2757
EarlyStopping counter: 19 out of 30
Epoch 00030, Step00000 | Train_Loss: 0.5925 | Time: 0.3166
Epoch 00030 | Val_Loss 0.8740 | Time(s) 0.2758
EarlyStopping counter: 20 out of 30
Epoch 00031, Step00000 | Train_Loss: 0.5434 | Time: 0.3191
Epoch 00031 | Val_Loss 0.9530 | Time(s) 0.2722
EarlyStopping counter: 21 out of 30
Epoch 00032, Step00000 | Train_Loss: 0.5741 | Time: 0.3173
Epoch 00032 | Val_Loss 0.9414 | Time(s) 0.2784
EarlyStopping counter: 22 out of 30
Epoch 00033, Step00000 | Train_Loss: 0.5232 | Time: 0.3171
Epoch 00033 | Val_Loss 0.9645 | Time(s) 0.2770
EarlyStopping counter: 23 out of 30
Epoch 00034, Step00000 | Train_Loss: 0.5369 | Time: 0.3205
Epoch 00034 | Val_Loss 0.9605 | Time(s) 0.2786
EarlyStopping counter: 24 out of 30
Epoch 00035, Step00000 | Train_Loss: 0.5070 | Time: 0.3223
Epoch 00035 | Val_Loss 0.9832 | Time(s) 0.2745
EarlyStopping counter: 25 out of 30
Epoch 00036, Step00000 | Train_Loss: 0.5162 | Time: 0.3223
Epoch 00036 | Val_Loss 0.9774 | Time(s) 0.2756
EarlyStopping counter: 26 out of 30
Epoch 00037, Step00000 | Train_Loss: 0.4714 | Time: 0.3189
Epoch 00037 | Val_Loss 1.0289 | Time(s) 0.2716
EarlyStopping counter: 27 out of 30
Epoch 00038, Step00000 | Train_Loss: 0.4917 | Time: 0.3133
Epoch 00038 | Val_Loss 0.9739 | Time(s) 0.2796
EarlyStopping counter: 28 out of 30
Epoch 00039, Step00000 | Train_Loss: 0.4841 | Time: 0.3223
Epoch 00039 | Val_Loss 0.9882 | Time(s) 0.2778
EarlyStopping counter: 29 out of 30
Epoch 00040, Step00000 | Train_Loss: 0.4539 | Time: 0.3197
Epoch 00040 | Val_Loss 0.9717 | Time(s) 0.2774
EarlyStopping counter: 30 out of 30
Early stopping!
Early stopping!
defaultdict(<class 'float'>, {'roc_auc': 0.567270955165692, 'MRR': 0.7871900826446281})
defaultdict(<class 'float'>, {'roc_auc': 0.6495267774699907, 'MRR': 0.7816804407713499})
Completed: amazon_style_cct_features_fold_5 (rep 2)

=== Repetition 3/6 ===
--------------------------------------
Running model: HGT
Dataset: amazon_style_cct_features_fold_1
Repetition: 3
--------------------------------------
Loading nodes from amazon_style_cct_features_fold_1/node.dat
/home/simonettos/homhetgnn/HGB/LP/benchmark/data/amazon_style_cct_features_fold_1/node.dat
0 {}
1 {'0': 558}
2 {'0': 558, '1': 940}
node_count: {'0': 558, '1': 940, '2': 188}
('1', '6', '0'): src_max=939, dst_max=557
('1', '5', '1'): src_max=939, dst_max=939
('1', '2', '1'): src_max=938, dst_max=938
('0', '7', '0'): src_max=557, dst_max=556
('0', '3', '2'): src_max=557, dst_max=187
('0', '4', '0'): src_max=557, dst_max=557
('1', '8', '1'): src_max=939, dst_max=939
('0', '0', '0'): src_max=557, dst_max=553
('1', '9', '1'): src_max=791, dst_max=812
('1', '1', '1'): src_max=939, dst_max=928
('1', '10', '1'): src_max=795, dst_max=380
0 0
1 558
2 1498
6
Epoch 00000, Step00000 | Train_Loss: 2.2209 | Time: 0.6299
Epoch 00000 | Val_Loss 1.0166 | Time(s) 0.2734
Validation loss decreased (inf --> 1.016623).  Saving model ...
Epoch 00001, Step00000 | Train_Loss: 1.0963 | Time: 0.3194
Epoch 00001 | Val_Loss 1.6003 | Time(s) 0.2727
EarlyStopping counter: 1 out of 30
Epoch 00002, Step00000 | Train_Loss: 1.5289 | Time: 0.3171
Epoch 00002 | Val_Loss 0.7547 | Time(s) 0.2714
Validation loss decreased (1.016623 --> 0.754664).  Saving model ...
Epoch 00003, Step00000 | Train_Loss: 0.8643 | Time: 0.3179
Epoch 00003 | Val_Loss 1.6876 | Time(s) 0.2708
EarlyStopping counter: 1 out of 30
Epoch 00004, Step00000 | Train_Loss: 1.4629 | Time: 0.3243
Epoch 00004 | Val_Loss 1.0297 | Time(s) 0.2740
EarlyStopping counter: 2 out of 30
Epoch 00005, Step00000 | Train_Loss: 0.9541 | Time: 0.3249
Epoch 00005 | Val_Loss 1.1907 | Time(s) 0.2682
EarlyStopping counter: 3 out of 30
Epoch 00006, Step00000 | Train_Loss: 1.1583 | Time: 0.3235
Epoch 00006 | Val_Loss 0.8359 | Time(s) 0.2719
EarlyStopping counter: 4 out of 30
Epoch 00007, Step00000 | Train_Loss: 0.8655 | Time: 0.3275
Epoch 00007 | Val_Loss 1.3648 | Time(s) 0.2702
EarlyStopping counter: 5 out of 30
Epoch 00008, Step00000 | Train_Loss: 1.2100 | Time: 0.3229
Epoch 00008 | Val_Loss 0.6950 | Time(s) 0.2620
Validation loss decreased (0.754664 --> 0.694975).  Saving model ...
Epoch 00009, Step00000 | Train_Loss: 0.7931 | Time: 0.2809
Epoch 00009 | Val_Loss 1.1968 | Time(s) 0.2252
EarlyStopping counter: 1 out of 30
Epoch 00010, Step00000 | Train_Loss: 1.1145 | Time: 0.2778
Epoch 00010 | Val_Loss 0.7304 | Time(s) 0.2258
EarlyStopping counter: 2 out of 30
Epoch 00011, Step00000 | Train_Loss: 0.7969 | Time: 0.2764
Epoch 00011 | Val_Loss 0.9300 | Time(s) 0.2259
EarlyStopping counter: 3 out of 30
Epoch 00012, Step00000 | Train_Loss: 0.9055 | Time: 0.2767
Epoch 00012 | Val_Loss 1.0162 | Time(s) 0.2273
EarlyStopping counter: 4 out of 30
Epoch 00013, Step00000 | Train_Loss: 0.9305 | Time: 0.2754
Epoch 00013 | Val_Loss 0.6672 | Time(s) 0.2261
Validation loss decreased (0.694975 --> 0.667156).  Saving model ...
Epoch 00014, Step00000 | Train_Loss: 0.7084 | Time: 0.2794
Epoch 00014 | Val_Loss 1.0231 | Time(s) 0.2293
EarlyStopping counter: 1 out of 30
Epoch 00015, Step00000 | Train_Loss: 0.9188 | Time: 0.2801
Epoch 00015 | Val_Loss 0.8963 | Time(s) 0.2274
EarlyStopping counter: 2 out of 30
Epoch 00016, Step00000 | Train_Loss: 0.8460 | Time: 0.2792
Epoch 00016 | Val_Loss 0.7391 | Time(s) 0.2566
EarlyStopping counter: 3 out of 30
Epoch 00017, Step00000 | Train_Loss: 0.6985 | Time: 0.3152
Epoch 00017 | Val_Loss 0.9900 | Time(s) 0.2713
EarlyStopping counter: 4 out of 30
Epoch 00018, Step00000 | Train_Loss: 0.8070 | Time: 0.3245
Epoch 00018 | Val_Loss 0.7321 | Time(s) 0.2732
EarlyStopping counter: 5 out of 30
Epoch 00019, Step00000 | Train_Loss: 0.6756 | Time: 0.3289
Epoch 00019 | Val_Loss 0.8155 | Time(s) 0.2708
EarlyStopping counter: 6 out of 30
Epoch 00020, Step00000 | Train_Loss: 0.6939 | Time: 0.3283
Epoch 00020 | Val_Loss 0.9983 | Time(s) 0.2727
EarlyStopping counter: 7 out of 30
Epoch 00021, Step00000 | Train_Loss: 0.7407 | Time: 0.3284
Epoch 00021 | Val_Loss 0.8641 | Time(s) 0.2735
EarlyStopping counter: 8 out of 30
Epoch 00022, Step00000 | Train_Loss: 0.6287 | Time: 0.3296
Epoch 00022 | Val_Loss 0.9691 | Time(s) 0.2738
EarlyStopping counter: 9 out of 30
Epoch 00023, Step00000 | Train_Loss: 0.6446 | Time: 0.3260
Epoch 00023 | Val_Loss 1.0389 | Time(s) 0.2509
EarlyStopping counter: 10 out of 30
Epoch 00024, Step00000 | Train_Loss: 0.6565 | Time: 0.3262
Epoch 00024 | Val_Loss 1.0154 | Time(s) 0.2683
EarlyStopping counter: 11 out of 30
Epoch 00025, Step00000 | Train_Loss: 0.5983 | Time: 0.3276
Epoch 00025 | Val_Loss 1.0302 | Time(s) 0.2698
EarlyStopping counter: 12 out of 30
Epoch 00026, Step00000 | Train_Loss: 0.5887 | Time: 0.3250
Epoch 00026 | Val_Loss 1.1054 | Time(s) 0.2693
EarlyStopping counter: 13 out of 30
Epoch 00027, Step00000 | Train_Loss: 0.5941 | Time: 0.3220
Epoch 00027 | Val_Loss 1.1045 | Time(s) 0.2719
EarlyStopping counter: 14 out of 30
Epoch 00028, Step00000 | Train_Loss: 0.5670 | Time: 0.3303
Epoch 00028 | Val_Loss 1.0729 | Time(s) 0.2708
EarlyStopping counter: 15 out of 30
Epoch 00029, Step00000 | Train_Loss: 0.5640 | Time: 0.3298
Epoch 00029 | Val_Loss 1.1912 | Time(s) 0.2702
EarlyStopping counter: 16 out of 30
Epoch 00030, Step00000 | Train_Loss: 0.6236 | Time: 0.3274
Epoch 00030 | Val_Loss 1.1861 | Time(s) 0.2645
EarlyStopping counter: 17 out of 30
Epoch 00031, Step00000 | Train_Loss: 0.6315 | Time: 0.3256
Epoch 00031 | Val_Loss 0.9834 | Time(s) 0.2682
EarlyStopping counter: 18 out of 30
Epoch 00032, Step00000 | Train_Loss: 0.5406 | Time: 0.3270
Epoch 00032 | Val_Loss 0.9761 | Time(s) 0.2708
EarlyStopping counter: 19 out of 30
Epoch 00033, Step00000 | Train_Loss: 0.5941 | Time: 0.3232
Epoch 00033 | Val_Loss 0.8841 | Time(s) 0.2730
EarlyStopping counter: 20 out of 30
Epoch 00034, Step00000 | Train_Loss: 0.5637 | Time: 0.3281
Epoch 00034 | Val_Loss 0.8762 | Time(s) 0.2717
EarlyStopping counter: 21 out of 30
Epoch 00035, Step00000 | Train_Loss: 0.5344 | Time: 0.3258
Epoch 00035 | Val_Loss 0.9681 | Time(s) 0.2730
EarlyStopping counter: 22 out of 30
Epoch 00036, Step00000 | Train_Loss: 0.5321 | Time: 0.3276
Epoch 00036 | Val_Loss 1.0358 | Time(s) 0.2723
EarlyStopping counter: 23 out of 30
Epoch 00037, Step00000 | Train_Loss: 0.5049 | Time: 0.3297
Epoch 00037 | Val_Loss 1.0887 | Time(s) 0.2722
EarlyStopping counter: 24 out of 30
Epoch 00038, Step00000 | Train_Loss: 0.5298 | Time: 0.3297
Epoch 00038 | Val_Loss 0.9572 | Time(s) 0.2729
EarlyStopping counter: 25 out of 30
Epoch 00039, Step00000 | Train_Loss: 0.5018 | Time: 0.3289
Epoch 00039 | Val_Loss 1.0206 | Time(s) 0.2727
EarlyStopping counter: 26 out of 30
Epoch 00040, Step00000 | Train_Loss: 0.5031 | Time: 0.3297
Epoch 00040 | Val_Loss 0.8185 | Time(s) 0.2714
EarlyStopping counter: 27 out of 30
Epoch 00041, Step00000 | Train_Loss: 0.4952 | Time: 0.3269
Epoch 00041 | Val_Loss 0.8996 | Time(s) 0.2726
EarlyStopping counter: 28 out of 30
Epoch 00042, Step00000 | Train_Loss: 0.4879 | Time: 0.3295
Epoch 00042 | Val_Loss 0.9653 | Time(s) 0.2742
EarlyStopping counter: 29 out of 30
Epoch 00043, Step00000 | Train_Loss: 0.4762 | Time: 0.3286
Epoch 00043 | Val_Loss 1.0410 | Time(s) 0.2713
EarlyStopping counter: 30 out of 30
Early stopping!
Early stopping!
defaultdict(<class 'float'>, {'roc_auc': 0.5276371703537057, 'MRR': 0.7612612612612611})
defaultdict(<class 'float'>, {'roc_auc': 0.6474207948415898, 'MRR': 0.8183183183183182})
Completed: amazon_style_cct_features_fold_1 (rep 3)

--------------------------------------
Running model: HGT
Dataset: amazon_style_cct_features_fold_2
Repetition: 3
--------------------------------------
Loading nodes from amazon_style_cct_features_fold_2/node.dat
/home/simonettos/homhetgnn/HGB/LP/benchmark/data/amazon_style_cct_features_fold_2/node.dat
0 {}
1 {'0': 558}
2 {'0': 558, '1': 940}
node_count: {'0': 558, '1': 940, '2': 188}
('1', '6', '0'): src_max=939, dst_max=556
('1', '5', '1'): src_max=939, dst_max=939
('0', '7', '0'): src_max=557, dst_max=557
('0', '4', '0'): src_max=557, dst_max=557
('0', '3', '2'): src_max=557, dst_max=187
('0', '0', '0'): src_max=557, dst_max=553
('1', '2', '1'): src_max=938, dst_max=938
('1', '8', '1'): src_max=939, dst_max=939
('1', '10', '1'): src_max=795, dst_max=380
('1', '1', '1'): src_max=939, dst_max=928
('1', '9', '1'): src_max=791, dst_max=812
0 0
1 558
2 1498
6
Epoch 00000, Step00000 | Train_Loss: 1.1609 | Time: 0.5862
Epoch 00000 | Val_Loss 2.4418 | Time(s) 0.2178
Validation loss decreased (inf --> 2.441806).  Saving model ...
Epoch 00001, Step00000 | Train_Loss: 2.1562 | Time: 0.2810
Epoch 00001 | Val_Loss 1.2295 | Time(s) 0.2189
Validation loss decreased (2.441806 --> 1.229524).  Saving model ...
Epoch 00002, Step00000 | Train_Loss: 1.2800 | Time: 0.2774
Epoch 00002 | Val_Loss 1.7790 | Time(s) 0.2496
EarlyStopping counter: 1 out of 30
Epoch 00003, Step00000 | Train_Loss: 1.5533 | Time: 0.3092
Epoch 00003 | Val_Loss 1.2975 | Time(s) 0.2592
EarlyStopping counter: 2 out of 30
Epoch 00004, Step00000 | Train_Loss: 1.1888 | Time: 0.3124
Epoch 00004 | Val_Loss 1.4125 | Time(s) 0.2662
EarlyStopping counter: 3 out of 30
Epoch 00005, Step00000 | Train_Loss: 1.2236 | Time: 0.3190
Epoch 00005 | Val_Loss 0.9346 | Time(s) 0.2628
Validation loss decreased (1.229524 --> 0.934635).  Saving model ...
Epoch 00006, Step00000 | Train_Loss: 0.9579 | Time: 0.3169
Epoch 00006 | Val_Loss 1.4499 | Time(s) 0.2647
EarlyStopping counter: 1 out of 30
Epoch 00007, Step00000 | Train_Loss: 1.2603 | Time: 0.3151
Epoch 00007 | Val_Loss 0.7824 | Time(s) 0.2635
Validation loss decreased (0.934635 --> 0.782371).  Saving model ...
Epoch 00008, Step00000 | Train_Loss: 0.8564 | Time: 0.3227
Epoch 00008 | Val_Loss 1.2502 | Time(s) 0.2621
EarlyStopping counter: 1 out of 30
Epoch 00009, Step00000 | Train_Loss: 1.1130 | Time: 0.3208
Epoch 00009 | Val_Loss 0.7111 | Time(s) 0.2628
Validation loss decreased (0.782371 --> 0.711131).  Saving model ...
Epoch 00010, Step00000 | Train_Loss: 0.7835 | Time: 0.3241
Epoch 00010 | Val_Loss 1.3291 | Time(s) 0.2603
EarlyStopping counter: 1 out of 30
Epoch 00011, Step00000 | Train_Loss: 1.1943 | Time: 0.3184
Epoch 00011 | Val_Loss 0.8107 | Time(s) 0.2661
EarlyStopping counter: 2 out of 30
Epoch 00012, Step00000 | Train_Loss: 0.8507 | Time: 0.3256
Epoch 00012 | Val_Loss 0.7626 | Time(s) 0.2664
EarlyStopping counter: 3 out of 30
Epoch 00013, Step00000 | Train_Loss: 0.8156 | Time: 0.3230
Epoch 00013 | Val_Loss 1.0722 | Time(s) 0.2672
EarlyStopping counter: 4 out of 30
Epoch 00014, Step00000 | Train_Loss: 1.0262 | Time: 0.3237
Epoch 00014 | Val_Loss 0.6901 | Time(s) 0.2671
Validation loss decreased (0.711131 --> 0.690086).  Saving model ...
Epoch 00015, Step00000 | Train_Loss: 0.7614 | Time: 0.3218
Epoch 00015 | Val_Loss 0.9238 | Time(s) 0.2662
EarlyStopping counter: 1 out of 30
Epoch 00016, Step00000 | Train_Loss: 0.8729 | Time: 0.3223
Epoch 00016 | Val_Loss 0.9387 | Time(s) 0.2594
EarlyStopping counter: 2 out of 30
Epoch 00017, Step00000 | Train_Loss: 0.8705 | Time: 0.3167
Epoch 00017 | Val_Loss 0.6789 | Time(s) 0.2644
Validation loss decreased (0.690086 --> 0.678931).  Saving model ...
Epoch 00018, Step00000 | Train_Loss: 0.7078 | Time: 0.2901
Epoch 00018 | Val_Loss 1.0200 | Time(s) 0.2631
EarlyStopping counter: 1 out of 30
Epoch 00019, Step00000 | Train_Loss: 0.8809 | Time: 0.3175
Epoch 00019 | Val_Loss 0.6982 | Time(s) 0.2649
EarlyStopping counter: 2 out of 30
Epoch 00020, Step00000 | Train_Loss: 0.6916 | Time: 0.3212
Epoch 00020 | Val_Loss 0.7483 | Time(s) 0.2661
EarlyStopping counter: 3 out of 30
Epoch 00021, Step00000 | Train_Loss: 0.7043 | Time: 0.3190
Epoch 00021 | Val_Loss 0.8893 | Time(s) 0.2613
EarlyStopping counter: 4 out of 30
Epoch 00022, Step00000 | Train_Loss: 0.6995 | Time: 0.3173
Epoch 00022 | Val_Loss 0.7728 | Time(s) 0.2661
EarlyStopping counter: 5 out of 30
Epoch 00023, Step00000 | Train_Loss: 0.6446 | Time: 0.3208
Epoch 00023 | Val_Loss 1.0629 | Time(s) 0.2617
EarlyStopping counter: 6 out of 30
Epoch 00024, Step00000 | Train_Loss: 0.7680 | Time: 0.3180
Epoch 00024 | Val_Loss 0.8756 | Time(s) 0.2661
EarlyStopping counter: 7 out of 30
Epoch 00025, Step00000 | Train_Loss: 0.6305 | Time: 0.3213
Epoch 00025 | Val_Loss 0.9337 | Time(s) 0.2606
EarlyStopping counter: 8 out of 30
Epoch 00026, Step00000 | Train_Loss: 0.6233 | Time: 0.3172
Epoch 00026 | Val_Loss 0.9169 | Time(s) 0.2639
EarlyStopping counter: 9 out of 30
Epoch 00027, Step00000 | Train_Loss: 0.6380 | Time: 0.3219
Epoch 00027 | Val_Loss 0.9358 | Time(s) 0.2632
EarlyStopping counter: 10 out of 30
Epoch 00028, Step00000 | Train_Loss: 0.5885 | Time: 0.3188
Epoch 00028 | Val_Loss 1.0166 | Time(s) 0.2663
EarlyStopping counter: 11 out of 30
Epoch 00029, Step00000 | Train_Loss: 0.6360 | Time: 0.3211
Epoch 00029 | Val_Loss 0.9498 | Time(s) 0.2605
EarlyStopping counter: 12 out of 30
Epoch 00030, Step00000 | Train_Loss: 0.6036 | Time: 0.3162
Epoch 00030 | Val_Loss 0.8887 | Time(s) 0.2666
EarlyStopping counter: 13 out of 30
Epoch 00031, Step00000 | Train_Loss: 0.5614 | Time: 0.3225
Epoch 00031 | Val_Loss 0.9808 | Time(s) 0.2619
EarlyStopping counter: 14 out of 30
Epoch 00032, Step00000 | Train_Loss: 0.5994 | Time: 0.3173
Epoch 00032 | Val_Loss 0.8860 | Time(s) 0.2653
EarlyStopping counter: 15 out of 30
Epoch 00033, Step00000 | Train_Loss: 0.5580 | Time: 0.3232
Epoch 00033 | Val_Loss 0.8824 | Time(s) 0.2662
EarlyStopping counter: 16 out of 30
Epoch 00034, Step00000 | Train_Loss: 0.5483 | Time: 0.3212
Epoch 00034 | Val_Loss 0.9155 | Time(s) 0.2616
EarlyStopping counter: 17 out of 30
Epoch 00035, Step00000 | Train_Loss: 0.5439 | Time: 0.3175
Epoch 00035 | Val_Loss 0.8920 | Time(s) 0.2663
EarlyStopping counter: 18 out of 30
Epoch 00036, Step00000 | Train_Loss: 0.5225 | Time: 0.3225
Epoch 00036 | Val_Loss 0.8979 | Time(s) 0.2607
EarlyStopping counter: 19 out of 30
Epoch 00037, Step00000 | Train_Loss: 0.5142 | Time: 0.3163
Epoch 00037 | Val_Loss 0.9795 | Time(s) 0.2652
EarlyStopping counter: 20 out of 30
Epoch 00038, Step00000 | Train_Loss: 0.5317 | Time: 0.3228
Epoch 00038 | Val_Loss 1.0177 | Time(s) 0.2609
EarlyStopping counter: 21 out of 30
Epoch 00039, Step00000 | Train_Loss: 0.5115 | Time: 0.3190
Epoch 00039 | Val_Loss 0.9132 | Time(s) 0.2651
EarlyStopping counter: 22 out of 30
Epoch 00040, Step00000 | Train_Loss: 0.5127 | Time: 0.3233
Epoch 00040 | Val_Loss 1.0020 | Time(s) 0.2600
EarlyStopping counter: 23 out of 30
Epoch 00041, Step00000 | Train_Loss: 0.5073 | Time: 0.3157
Epoch 00041 | Val_Loss 0.9572 | Time(s) 0.2574
EarlyStopping counter: 24 out of 30
Epoch 00042, Step00000 | Train_Loss: 0.4921 | Time: 0.3129
Epoch 00042 | Val_Loss 0.9402 | Time(s) 0.2537
EarlyStopping counter: 25 out of 30
Epoch 00043, Step00000 | Train_Loss: 0.4813 | Time: 0.2714
Epoch 00043 | Val_Loss 1.1437 | Time(s) 0.2216
EarlyStopping counter: 26 out of 30
Epoch 00044, Step00000 | Train_Loss: 0.4781 | Time: 0.2701
Epoch 00044 | Val_Loss 1.0050 | Time(s) 0.2227
EarlyStopping counter: 27 out of 30
Epoch 00045, Step00000 | Train_Loss: 0.4744 | Time: 0.2710
Epoch 00045 | Val_Loss 1.1248 | Time(s) 0.2177
EarlyStopping counter: 28 out of 30
Epoch 00046, Step00000 | Train_Loss: 0.4650 | Time: 0.1692
Epoch 00046 | Val_Loss 1.1950 | Time(s) 0.1193
EarlyStopping counter: 29 out of 30
Epoch 00047, Step00000 | Train_Loss: 0.4632 | Time: 0.1676
Epoch 00047 | Val_Loss 1.1167 | Time(s) 0.1174
EarlyStopping counter: 30 out of 30
Early stopping!
Early stopping!
defaultdict(<class 'float'>, {'roc_auc': 0.5048170449282074, 'MRR': 0.7205215419501133})
defaultdict(<class 'float'>, {'roc_auc': 0.6464744329104191, 'MRR': 0.8129251700680272})
Completed: amazon_style_cct_features_fold_2 (rep 3)

--------------------------------------
Running model: HGT
Dataset: amazon_style_cct_features_fold_3
Repetition: 3
--------------------------------------
Loading nodes from amazon_style_cct_features_fold_3/node.dat
/home/simonettos/homhetgnn/HGB/LP/benchmark/data/amazon_style_cct_features_fold_3/node.dat
0 {}
1 {'0': 558}
2 {'0': 558, '1': 940}
node_count: {'0': 558, '1': 940, '2': 188}
('1', '6', '0'): src_max=939, dst_max=557
('1', '5', '1'): src_max=939, dst_max=939
('0', '7', '0'): src_max=557, dst_max=557
('0', '4', '0'): src_max=557, dst_max=557
('0', '3', '2'): src_max=557, dst_max=187
('0', '0', '0'): src_max=557, dst_max=553
('1', '2', '1'): src_max=938, dst_max=938
('1', '8', '1'): src_max=939, dst_max=939
('1', '10', '1'): src_max=795, dst_max=380
('1', '1', '1'): src_max=939, dst_max=928
('1', '9', '1'): src_max=791, dst_max=812
0 0
1 558
2 1498
6
Epoch 00000, Step00000 | Train_Loss: 1.0142 | Time: 0.6059
Epoch 00000 | Val_Loss 1.6415 | Time(s) 0.2627
Validation loss decreased (inf --> 1.641489).  Saving model ...
Epoch 00001, Step00000 | Train_Loss: 1.3933 | Time: 0.3086
Epoch 00001 | Val_Loss 0.9504 | Time(s) 0.2622
Validation loss decreased (1.641489 --> 0.950414).  Saving model ...
Epoch 00002, Step00000 | Train_Loss: 1.0094 | Time: 0.3091
Epoch 00002 | Val_Loss 1.1025 | Time(s) 0.2666
EarlyStopping counter: 1 out of 30
Epoch 00003, Step00000 | Train_Loss: 1.0747 | Time: 0.3093
Epoch 00003 | Val_Loss 1.0194 | Time(s) 0.2581
EarlyStopping counter: 2 out of 30
Epoch 00004, Step00000 | Train_Loss: 1.0176 | Time: 0.3079
Epoch 00004 | Val_Loss 0.7916 | Time(s) 0.2604
Validation loss decreased (0.950414 --> 0.791643).  Saving model ...
Epoch 00005, Step00000 | Train_Loss: 0.8717 | Time: 0.3045
Epoch 00005 | Val_Loss 1.1821 | Time(s) 0.2668
EarlyStopping counter: 1 out of 30
Epoch 00006, Step00000 | Train_Loss: 1.0862 | Time: 0.3039
Epoch 00006 | Val_Loss 0.6694 | Time(s) 0.2643
Validation loss decreased (0.791643 --> 0.669414).  Saving model ...
Epoch 00007, Step00000 | Train_Loss: 0.7753 | Time: 0.3066
Epoch 00007 | Val_Loss 0.9397 | Time(s) 0.2667
EarlyStopping counter: 1 out of 30
Epoch 00008, Step00000 | Train_Loss: 0.9180 | Time: 0.3086
Epoch 00008 | Val_Loss 1.0207 | Time(s) 0.2613
EarlyStopping counter: 2 out of 30
Epoch 00009, Step00000 | Train_Loss: 0.9318 | Time: 0.3056
Epoch 00009 | Val_Loss 0.6814 | Time(s) 0.2337
EarlyStopping counter: 3 out of 30
Epoch 00010, Step00000 | Train_Loss: 0.7411 | Time: 0.3037
Epoch 00010 | Val_Loss 0.8227 | Time(s) 0.2624
EarlyStopping counter: 4 out of 30
Epoch 00011, Step00000 | Train_Loss: 0.8481 | Time: 0.3067
Epoch 00011 | Val_Loss 1.4819 | Time(s) 0.2628
EarlyStopping counter: 5 out of 30
Epoch 00012, Step00000 | Train_Loss: 1.2553 | Time: 0.3029
Epoch 00012 | Val_Loss 1.0777 | Time(s) 0.2555
EarlyStopping counter: 6 out of 30
Epoch 00013, Step00000 | Train_Loss: 0.9990 | Time: 0.3082
Epoch 00013 | Val_Loss 0.6980 | Time(s) 0.2547
EarlyStopping counter: 7 out of 30
Epoch 00014, Step00000 | Train_Loss: 0.7215 | Time: 0.3135
Epoch 00014 | Val_Loss 0.7105 | Time(s) 0.2546
EarlyStopping counter: 8 out of 30
Epoch 00015, Step00000 | Train_Loss: 0.7028 | Time: 0.3113
Epoch 00015 | Val_Loss 0.9501 | Time(s) 0.2546
EarlyStopping counter: 9 out of 30
Epoch 00016, Step00000 | Train_Loss: 0.8788 | Time: 0.3082
Epoch 00016 | Val_Loss 1.1369 | Time(s) 0.2540
EarlyStopping counter: 10 out of 30
Epoch 00017, Step00000 | Train_Loss: 0.9314 | Time: 0.3103
Epoch 00017 | Val_Loss 0.7912 | Time(s) 0.2545
EarlyStopping counter: 11 out of 30
Epoch 00018, Step00000 | Train_Loss: 0.7038 | Time: 0.3133
Epoch 00018 | Val_Loss 0.7257 | Time(s) 0.2535
EarlyStopping counter: 12 out of 30
Epoch 00019, Step00000 | Train_Loss: 0.6543 | Time: 0.3083
Epoch 00019 | Val_Loss 0.9916 | Time(s) 0.2550
EarlyStopping counter: 13 out of 30
Epoch 00020, Step00000 | Train_Loss: 0.7687 | Time: 0.3137
Epoch 00020 | Val_Loss 0.8339 | Time(s) 0.2544
EarlyStopping counter: 14 out of 30
Epoch 00021, Step00000 | Train_Loss: 0.6597 | Time: 0.3143
Epoch 00021 | Val_Loss 0.7926 | Time(s) 0.2538
EarlyStopping counter: 15 out of 30
Epoch 00022, Step00000 | Train_Loss: 0.5936 | Time: 0.3120
Epoch 00022 | Val_Loss 0.9118 | Time(s) 0.2549
EarlyStopping counter: 16 out of 30
Epoch 00023, Step00000 | Train_Loss: 0.6510 | Time: 0.3093
Epoch 00023 | Val_Loss 0.7582 | Time(s) 0.2560
EarlyStopping counter: 17 out of 30
Epoch 00024, Step00000 | Train_Loss: 0.5502 | Time: 0.3125
Epoch 00024 | Val_Loss 0.9454 | Time(s) 0.2545
EarlyStopping counter: 18 out of 30
Epoch 00025, Step00000 | Train_Loss: 0.5871 | Time: 0.3077
Epoch 00025 | Val_Loss 0.8335 | Time(s) 0.2567
EarlyStopping counter: 19 out of 30
Epoch 00026, Step00000 | Train_Loss: 0.5349 | Time: 0.3047
Epoch 00026 | Val_Loss 0.7911 | Time(s) 0.2531
EarlyStopping counter: 20 out of 30
Epoch 00027, Step00000 | Train_Loss: 0.5322 | Time: 0.3054
Epoch 00027 | Val_Loss 0.9080 | Time(s) 0.2564
EarlyStopping counter: 21 out of 30
Epoch 00028, Step00000 | Train_Loss: 0.5643 | Time: 0.2932
Epoch 00028 | Val_Loss 0.7652 | Time(s) 0.2511
EarlyStopping counter: 22 out of 30
Epoch 00029, Step00000 | Train_Loss: 0.4941 | Time: 0.2748
Epoch 00029 | Val_Loss 0.8377 | Time(s) 0.2111
EarlyStopping counter: 23 out of 30
Epoch 00030, Step00000 | Train_Loss: 0.5321 | Time: 0.2607
Epoch 00030 | Val_Loss 0.8423 | Time(s) 0.2141
EarlyStopping counter: 24 out of 30
Epoch 00031, Step00000 | Train_Loss: 0.4856 | Time: 0.2620
Epoch 00031 | Val_Loss 0.8888 | Time(s) 0.2169
EarlyStopping counter: 25 out of 30
Epoch 00032, Step00000 | Train_Loss: 0.5067 | Time: 0.2585
Epoch 00032 | Val_Loss 0.7920 | Time(s) 0.2146
EarlyStopping counter: 26 out of 30
Epoch 00033, Step00000 | Train_Loss: 0.4566 | Time: 0.2586
Epoch 00033 | Val_Loss 0.8471 | Time(s) 0.2129
EarlyStopping counter: 27 out of 30
Epoch 00034, Step00000 | Train_Loss: 0.4896 | Time: 0.2610
Epoch 00034 | Val_Loss 0.8995 | Time(s) 0.2136
EarlyStopping counter: 28 out of 30
Epoch 00035, Step00000 | Train_Loss: 0.4496 | Time: 0.2612
Epoch 00035 | Val_Loss 0.8724 | Time(s) 0.2204
EarlyStopping counter: 29 out of 30
Epoch 00036, Step00000 | Train_Loss: 0.4471 | Time: 0.2577
Epoch 00036 | Val_Loss 0.8550 | Time(s) 0.2161
EarlyStopping counter: 30 out of 30
Early stopping!
Early stopping!
defaultdict(<class 'float'>, {'roc_auc': 0.5232780382257483, 'MRR': 0.789179104477612})
defaultdict(<class 'float'>, {'roc_auc': 0.6229531743751795, 'MRR': 0.8009950248756219})
Completed: amazon_style_cct_features_fold_3 (rep 3)

--------------------------------------
Running model: HGT
Dataset: amazon_style_cct_features_fold_4
Repetition: 3
--------------------------------------
Loading nodes from amazon_style_cct_features_fold_4/node.dat
/home/simonettos/homhetgnn/HGB/LP/benchmark/data/amazon_style_cct_features_fold_4/node.dat
0 {}
1 {'0': 558}
2 {'0': 558, '1': 940}
node_count: {'0': 558, '1': 940, '2': 188}
('1', '6', '0'): src_max=939, dst_max=557
('1', '5', '1'): src_max=939, dst_max=939
('0', '7', '0'): src_max=557, dst_max=557
('0', '4', '0'): src_max=557, dst_max=557
('0', '3', '2'): src_max=557, dst_max=187
('0', '0', '0'): src_max=557, dst_max=553
('1', '2', '1'): src_max=938, dst_max=938
('1', '8', '1'): src_max=939, dst_max=939
('1', '10', '1'): src_max=795, dst_max=380
('1', '1', '1'): src_max=939, dst_max=928
('1', '9', '1'): src_max=791, dst_max=812
0 0
1 558
2 1498
6
Epoch 00000, Step00000 | Train_Loss: 1.5779 | Time: 0.6205
Epoch 00000 | Val_Loss 1.5597 | Time(s) 0.2601
Validation loss decreased (inf --> 1.559701).  Saving model ...
Epoch 00001, Step00000 | Train_Loss: 1.4002 | Time: 0.3165
Epoch 00001 | Val_Loss 1.4547 | Time(s) 0.2630
Validation loss decreased (1.559701 --> 1.454744).  Saving model ...
Epoch 00002, Step00000 | Train_Loss: 1.4317 | Time: 0.3167
Epoch 00002 | Val_Loss 0.7715 | Time(s) 0.2619
Validation loss decreased (1.454744 --> 0.771502).  Saving model ...
Epoch 00003, Step00000 | Train_Loss: 0.9650 | Time: 0.3213
Epoch 00003 | Val_Loss 1.2680 | Time(s) 0.2603
EarlyStopping counter: 1 out of 30
Epoch 00004, Step00000 | Train_Loss: 1.1888 | Time: 0.3186
Epoch 00004 | Val_Loss 0.7783 | Time(s) 0.2655
EarlyStopping counter: 2 out of 30
Epoch 00005, Step00000 | Train_Loss: 0.8821 | Time: 0.3197
Epoch 00005 | Val_Loss 0.9156 | Time(s) 0.2653
EarlyStopping counter: 3 out of 30
Epoch 00006, Step00000 | Train_Loss: 0.8927 | Time: 0.3135
Epoch 00006 | Val_Loss 0.9649 | Time(s) 0.2640
EarlyStopping counter: 4 out of 30
Epoch 00007, Step00000 | Train_Loss: 0.9796 | Time: 0.3235
Epoch 00007 | Val_Loss 0.6834 | Time(s) 0.2627
Validation loss decreased (0.771502 --> 0.683371).  Saving model ...
Epoch 00008, Step00000 | Train_Loss: 0.7575 | Time: 0.3211
Epoch 00008 | Val_Loss 0.8830 | Time(s) 0.2600
EarlyStopping counter: 1 out of 30
Epoch 00009, Step00000 | Train_Loss: 0.8772 | Time: 0.3181
Epoch 00009 | Val_Loss 0.9064 | Time(s) 0.2672
EarlyStopping counter: 2 out of 30
Epoch 00010, Step00000 | Train_Loss: 0.8489 | Time: 0.3221
Epoch 00010 | Val_Loss 0.6907 | Time(s) 0.2603
EarlyStopping counter: 3 out of 30
Epoch 00011, Step00000 | Train_Loss: 0.7393 | Time: 0.3173
Epoch 00011 | Val_Loss 0.7570 | Time(s) 0.2670
EarlyStopping counter: 4 out of 30
Epoch 00012, Step00000 | Train_Loss: 0.7442 | Time: 0.3024
Epoch 00012 | Val_Loss 1.0547 | Time(s) 0.2631
EarlyStopping counter: 5 out of 30
Epoch 00013, Step00000 | Train_Loss: 0.9082 | Time: 0.3177
Epoch 00013 | Val_Loss 1.0883 | Time(s) 0.2622
EarlyStopping counter: 6 out of 30
Epoch 00014, Step00000 | Train_Loss: 0.8966 | Time: 0.3147
Epoch 00014 | Val_Loss 0.6950 | Time(s) 0.2669
EarlyStopping counter: 7 out of 30
Epoch 00015, Step00000 | Train_Loss: 0.7417 | Time: 0.3190
Epoch 00015 | Val_Loss 0.7408 | Time(s) 0.2610
EarlyStopping counter: 8 out of 30
Epoch 00016, Step00000 | Train_Loss: 0.6683 | Time: 0.3125
Epoch 00016 | Val_Loss 0.9581 | Time(s) 0.2665
EarlyStopping counter: 9 out of 30
Epoch 00017, Step00000 | Train_Loss: 0.7735 | Time: 0.3159
Epoch 00017 | Val_Loss 1.1558 | Time(s) 0.2648
EarlyStopping counter: 10 out of 30
Epoch 00018, Step00000 | Train_Loss: 0.8454 | Time: 0.3136
Epoch 00018 | Val_Loss 1.0042 | Time(s) 0.2606
EarlyStopping counter: 11 out of 30
Epoch 00019, Step00000 | Train_Loss: 0.7478 | Time: 0.3107
Epoch 00019 | Val_Loss 0.7946 | Time(s) 0.2615
EarlyStopping counter: 12 out of 30
Epoch 00020, Step00000 | Train_Loss: 0.6194 | Time: 0.3083
Epoch 00020 | Val_Loss 0.8093 | Time(s) 0.2673
EarlyStopping counter: 13 out of 30
Epoch 00021, Step00000 | Train_Loss: 0.6929 | Time: 0.3157
Epoch 00021 | Val_Loss 0.9165 | Time(s) 0.2650
EarlyStopping counter: 14 out of 30
Epoch 00022, Step00000 | Train_Loss: 0.6368 | Time: 0.3090
Epoch 00022 | Val_Loss 0.8149 | Time(s) 0.2713
EarlyStopping counter: 15 out of 30
Epoch 00023, Step00000 | Train_Loss: 0.5838 | Time: 0.3144
Epoch 00023 | Val_Loss 0.8956 | Time(s) 0.2680
EarlyStopping counter: 16 out of 30
Epoch 00024, Step00000 | Train_Loss: 0.6336 | Time: 0.3109
Epoch 00024 | Val_Loss 0.9227 | Time(s) 0.2736
EarlyStopping counter: 17 out of 30
Epoch 00025, Step00000 | Train_Loss: 0.5791 | Time: 0.3059
Epoch 00025 | Val_Loss 0.9061 | Time(s) 0.2605
EarlyStopping counter: 18 out of 30
Epoch 00026, Step00000 | Train_Loss: 0.5541 | Time: 0.2855
Epoch 00026 | Val_Loss 0.9579 | Time(s) 0.2217
EarlyStopping counter: 19 out of 30
Epoch 00027, Step00000 | Train_Loss: 0.5808 | Time: 0.2672
Epoch 00027 | Val_Loss 0.9866 | Time(s) 0.2195
EarlyStopping counter: 20 out of 30
Epoch 00028, Step00000 | Train_Loss: 0.5591 | Time: 0.2720
Epoch 00028 | Val_Loss 0.9834 | Time(s) 0.2250
EarlyStopping counter: 21 out of 30
Epoch 00029, Step00000 | Train_Loss: 0.5153 | Time: 0.2742
Epoch 00029 | Val_Loss 0.9996 | Time(s) 0.2212
EarlyStopping counter: 22 out of 30
Epoch 00030, Step00000 | Train_Loss: 0.5095 | Time: 0.2706
Epoch 00030 | Val_Loss 0.9418 | Time(s) 0.2202
EarlyStopping counter: 23 out of 30
Epoch 00031, Step00000 | Train_Loss: 0.5050 | Time: 0.2688
Epoch 00031 | Val_Loss 0.9092 | Time(s) 0.2190
EarlyStopping counter: 24 out of 30
Epoch 00032, Step00000 | Train_Loss: 0.5007 | Time: 0.2715
Epoch 00032 | Val_Loss 1.0488 | Time(s) 0.2225
EarlyStopping counter: 25 out of 30
Epoch 00033, Step00000 | Train_Loss: 0.4705 | Time: 0.2758
Epoch 00033 | Val_Loss 1.1685 | Time(s) 0.2369
EarlyStopping counter: 26 out of 30
Epoch 00034, Step00000 | Train_Loss: 0.4634 | Time: 0.3091
Epoch 00034 | Val_Loss 1.2405 | Time(s) 0.2643
EarlyStopping counter: 27 out of 30
Epoch 00035, Step00000 | Train_Loss: 0.4631 | Time: 0.3120
Epoch 00035 | Val_Loss 1.1640 | Time(s) 0.2716
EarlyStopping counter: 28 out of 30
Epoch 00036, Step00000 | Train_Loss: 0.4409 | Time: 0.3123
Epoch 00036 | Val_Loss 1.1547 | Time(s) 0.2684
EarlyStopping counter: 29 out of 30
Epoch 00037, Step00000 | Train_Loss: 0.4276 | Time: 0.3103
Epoch 00037 | Val_Loss 1.0987 | Time(s) 0.2702
EarlyStopping counter: 30 out of 30
Early stopping!
Early stopping!
defaultdict(<class 'float'>, {'roc_auc': 0.5274261603375527, 'MRR': 0.7555147058823529})
defaultdict(<class 'float'>, {'roc_auc': 0.6342150872708812, 'MRR': 0.8107843137254901})
Completed: amazon_style_cct_features_fold_4 (rep 3)

--------------------------------------
Running model: HGT
Dataset: amazon_style_cct_features_fold_5
Repetition: 3
--------------------------------------
Loading nodes from amazon_style_cct_features_fold_5/node.dat
/home/simonettos/homhetgnn/HGB/LP/benchmark/data/amazon_style_cct_features_fold_5/node.dat
0 {}
1 {'0': 558}
2 {'0': 558, '1': 940}
node_count: {'0': 558, '1': 940, '2': 188}
('1', '6', '0'): src_max=939, dst_max=556
('1', '5', '1'): src_max=939, dst_max=939
('0', '7', '0'): src_max=557, dst_max=557
('0', '4', '0'): src_max=557, dst_max=557
('0', '3', '2'): src_max=557, dst_max=187
('0', '0', '0'): src_max=557, dst_max=553
('1', '2', '1'): src_max=938, dst_max=938
('1', '8', '1'): src_max=939, dst_max=939
('1', '10', '1'): src_max=795, dst_max=380
('1', '1', '1'): src_max=939, dst_max=928
('1', '9', '1'): src_max=791, dst_max=812
0 0
1 558
2 1498
6
Epoch 00000, Step00000 | Train_Loss: 1.0339 | Time: 0.6232
Epoch 00000 | Val_Loss 2.6512 | Time(s) 0.2583
Validation loss decreased (inf --> 2.651153).  Saving model ...
Epoch 00001, Step00000 | Train_Loss: 2.2033 | Time: 0.3187
Epoch 00001 | Val_Loss 0.8877 | Time(s) 0.2630
Validation loss decreased (2.651153 --> 0.887740).  Saving model ...
Epoch 00002, Step00000 | Train_Loss: 1.0242 | Time: 0.3196
Epoch 00002 | Val_Loss 2.0300 | Time(s) 0.2595
EarlyStopping counter: 1 out of 30
Epoch 00003, Step00000 | Train_Loss: 1.6943 | Time: 0.3197
Epoch 00003 | Val_Loss 1.0893 | Time(s) 0.2614
EarlyStopping counter: 2 out of 30
Epoch 00004, Step00000 | Train_Loss: 1.1310 | Time: 0.3182
Epoch 00004 | Val_Loss 1.9878 | Time(s) 0.2656
EarlyStopping counter: 3 out of 30
Epoch 00005, Step00000 | Train_Loss: 1.7121 | Time: 0.3180
Epoch 00005 | Val_Loss 1.3409 | Time(s) 0.2634
EarlyStopping counter: 4 out of 30
Epoch 00006, Step00000 | Train_Loss: 1.2262 | Time: 0.3205
Epoch 00006 | Val_Loss 1.1648 | Time(s) 0.2609
EarlyStopping counter: 5 out of 30
Epoch 00007, Step00000 | Train_Loss: 1.0749 | Time: 0.3166
Epoch 00007 | Val_Loss 1.1444 | Time(s) 0.2599
EarlyStopping counter: 6 out of 30
Epoch 00008, Step00000 | Train_Loss: 1.1035 | Time: 0.3136
Epoch 00008 | Val_Loss 0.9458 | Time(s) 0.2593
EarlyStopping counter: 7 out of 30
Epoch 00009, Step00000 | Train_Loss: 0.9369 | Time: 0.3133
Epoch 00009 | Val_Loss 0.8775 | Time(s) 0.2629
Validation loss decreased (0.887740 --> 0.877506).  Saving model ...
Epoch 00010, Step00000 | Train_Loss: 0.8933 | Time: 0.3197
Epoch 00010 | Val_Loss 1.1722 | Time(s) 0.2561
EarlyStopping counter: 1 out of 30
Epoch 00011, Step00000 | Train_Loss: 1.0997 | Time: 0.3121
Epoch 00011 | Val_Loss 0.6894 | Time(s) 0.2603
Validation loss decreased (0.877506 --> 0.689408).  Saving model ...
Epoch 00012, Step00000 | Train_Loss: 0.7885 | Time: 0.3256
Epoch 00012 | Val_Loss 1.1006 | Time(s) 0.2643
EarlyStopping counter: 1 out of 30
Epoch 00013, Step00000 | Train_Loss: 1.0291 | Time: 0.3158
Epoch 00013 | Val_Loss 0.7509 | Time(s) 0.2629
EarlyStopping counter: 2 out of 30
Epoch 00014, Step00000 | Train_Loss: 0.7942 | Time: 0.3185
Epoch 00014 | Val_Loss 0.7471 | Time(s) 0.2576
EarlyStopping counter: 3 out of 30
Epoch 00015, Step00000 | Train_Loss: 0.7695 | Time: 0.3142
Epoch 00015 | Val_Loss 0.8219 | Time(s) 0.2652
EarlyStopping counter: 4 out of 30
Epoch 00016, Step00000 | Train_Loss: 0.8113 | Time: 0.3196
Epoch 00016 | Val_Loss 0.6723 | Time(s) 0.2582
Validation loss decreased (0.689408 --> 0.672258).  Saving model ...
Epoch 00017, Step00000 | Train_Loss: 0.6823 | Time: 0.3187
Epoch 00017 | Val_Loss 0.7680 | Time(s) 0.2654
EarlyStopping counter: 1 out of 30
Epoch 00018, Step00000 | Train_Loss: 0.7810 | Time: 0.2988
Epoch 00018 | Val_Loss 0.7796 | Time(s) 0.2631
EarlyStopping counter: 2 out of 30
Epoch 00019, Step00000 | Train_Loss: 0.6998 | Time: 0.3210
Epoch 00019 | Val_Loss 0.6882 | Time(s) 0.2587
EarlyStopping counter: 3 out of 30
Epoch 00020, Step00000 | Train_Loss: 0.6384 | Time: 0.3154
Epoch 00020 | Val_Loss 0.8052 | Time(s) 0.2637
EarlyStopping counter: 4 out of 30
Epoch 00021, Step00000 | Train_Loss: 0.6838 | Time: 0.3145
Epoch 00021 | Val_Loss 0.9183 | Time(s) 0.2603
EarlyStopping counter: 5 out of 30
Epoch 00022, Step00000 | Train_Loss: 0.6641 | Time: 0.3090
Epoch 00022 | Val_Loss 0.8542 | Time(s) 0.2579
EarlyStopping counter: 6 out of 30
Epoch 00023, Step00000 | Train_Loss: 0.6011 | Time: 0.3124
Epoch 00023 | Val_Loss 0.8856 | Time(s) 0.2619
EarlyStopping counter: 7 out of 30
Epoch 00024, Step00000 | Train_Loss: 0.6026 | Time: 0.3010
Epoch 00024 | Val_Loss 0.9243 | Time(s) 0.2555
EarlyStopping counter: 8 out of 30
Epoch 00025, Step00000 | Train_Loss: 0.6123 | Time: 0.2815
Epoch 00025 | Val_Loss 0.9054 | Time(s) 0.2178
EarlyStopping counter: 9 out of 30
Epoch 00026, Step00000 | Train_Loss: 0.5799 | Time: 0.2708
Epoch 00026 | Val_Loss 0.8730 | Time(s) 0.2181
EarlyStopping counter: 10 out of 30
Epoch 00027, Step00000 | Train_Loss: 0.5755 | Time: 0.2719
Epoch 00027 | Val_Loss 0.8907 | Time(s) 0.2215
EarlyStopping counter: 11 out of 30
Epoch 00028, Step00000 | Train_Loss: 0.5834 | Time: 0.2714
Epoch 00028 | Val_Loss 0.8981 | Time(s) 0.2191
EarlyStopping counter: 12 out of 30
Epoch 00029, Step00000 | Train_Loss: 0.5621 | Time: 0.2718
Epoch 00029 | Val_Loss 0.8520 | Time(s) 0.2196
EarlyStopping counter: 13 out of 30
Epoch 00030, Step00000 | Train_Loss: 0.5505 | Time: 0.2733
Epoch 00030 | Val_Loss 0.8664 | Time(s) 0.2243
EarlyStopping counter: 14 out of 30
Epoch 00031, Step00000 | Train_Loss: 0.5480 | Time: 0.2756
Epoch 00031 | Val_Loss 0.8890 | Time(s) 0.2183
EarlyStopping counter: 15 out of 30
Epoch 00032, Step00000 | Train_Loss: 0.5528 | Time: 0.2705
Epoch 00032 | Val_Loss 0.7886 | Time(s) 0.2434
EarlyStopping counter: 16 out of 30
Epoch 00033, Step00000 | Train_Loss: 0.5381 | Time: 0.3033
Epoch 00033 | Val_Loss 0.8440 | Time(s) 0.2598
EarlyStopping counter: 17 out of 30
Epoch 00034, Step00000 | Train_Loss: 0.5454 | Time: 0.3077
Epoch 00034 | Val_Loss 0.9050 | Time(s) 0.2656
EarlyStopping counter: 18 out of 30
Epoch 00035, Step00000 | Train_Loss: 0.5486 | Time: 0.3068
Epoch 00035 | Val_Loss 0.8537 | Time(s) 0.2689
EarlyStopping counter: 19 out of 30
Epoch 00036, Step00000 | Train_Loss: 0.5336 | Time: 0.3105
Epoch 00036 | Val_Loss 0.8187 | Time(s) 0.2669
EarlyStopping counter: 20 out of 30
Epoch 00037, Step00000 | Train_Loss: 0.5150 | Time: 0.3139
Epoch 00037 | Val_Loss 0.8089 | Time(s) 0.2648
EarlyStopping counter: 21 out of 30
Epoch 00038, Step00000 | Train_Loss: 0.5101 | Time: 0.3084
Epoch 00038 | Val_Loss 0.7726 | Time(s) 0.2713
EarlyStopping counter: 22 out of 30
Epoch 00039, Step00000 | Train_Loss: 0.5023 | Time: 0.3089
Epoch 00039 | Val_Loss 0.7348 | Time(s) 0.2677
EarlyStopping counter: 23 out of 30
Epoch 00040, Step00000 | Train_Loss: 0.5064 | Time: 0.3122
Epoch 00040 | Val_Loss 0.7779 | Time(s) 0.2635
EarlyStopping counter: 24 out of 30
Epoch 00041, Step00000 | Train_Loss: 0.5005 | Time: 0.3076
Epoch 00041 | Val_Loss 0.8402 | Time(s) 0.2617
EarlyStopping counter: 25 out of 30
Epoch 00042, Step00000 | Train_Loss: 0.4835 | Time: 0.3131
Epoch 00042 | Val_Loss 0.8890 | Time(s) 0.2617
EarlyStopping counter: 26 out of 30
Epoch 00043, Step00000 | Train_Loss: 0.4842 | Time: 0.3193
Epoch 00043 | Val_Loss 0.9763 | Time(s) 0.2609
EarlyStopping counter: 27 out of 30
Epoch 00044, Step00000 | Train_Loss: 0.4621 | Time: 0.3171
Epoch 00044 | Val_Loss 0.9643 | Time(s) 0.2087
EarlyStopping counter: 28 out of 30
Epoch 00045, Step00000 | Train_Loss: 0.4652 | Time: 0.2451
Epoch 00045 | Val_Loss 0.9848 | Time(s) 0.1939
EarlyStopping counter: 29 out of 30
Epoch 00046, Step00000 | Train_Loss: 0.4713 | Time: 0.2973
Epoch 00046 | Val_Loss 0.9903 | Time(s) 0.2595
EarlyStopping counter: 30 out of 30
Early stopping!
Early stopping!
defaultdict(<class 'float'>, {'roc_auc': 0.5475243664717349, 'MRR': 0.7720385674931128})
defaultdict(<class 'float'>, {'roc_auc': 0.6168244075100031, 'MRR': 0.7571625344352618})
Completed: amazon_style_cct_features_fold_5 (rep 3)

=== Repetition 4/6 ===
--------------------------------------
Running model: HGT
Dataset: amazon_style_cct_features_fold_1
Repetition: 4
--------------------------------------
Loading nodes from amazon_style_cct_features_fold_1/node.dat
/home/simonettos/homhetgnn/HGB/LP/benchmark/data/amazon_style_cct_features_fold_1/node.dat
0 {}
1 {'0': 558}
2 {'0': 558, '1': 940}
node_count: {'0': 558, '1': 940, '2': 188}
('1', '6', '0'): src_max=939, dst_max=557
('1', '5', '1'): src_max=939, dst_max=939
('1', '2', '1'): src_max=938, dst_max=938
('0', '7', '0'): src_max=557, dst_max=557
('0', '3', '2'): src_max=557, dst_max=187
('0', '4', '0'): src_max=557, dst_max=557
('1', '8', '1'): src_max=939, dst_max=939
('0', '0', '0'): src_max=557, dst_max=553
('1', '9', '1'): src_max=791, dst_max=812
('1', '1', '1'): src_max=939, dst_max=928
('1', '10', '1'): src_max=795, dst_max=380
0 0
1 558
2 1498
6
Epoch 00000, Step00000 | Train_Loss: 1.1352 | Time: 0.6194
Epoch 00000 | Val_Loss 2.1543 | Time(s) 0.2615
Validation loss decreased (inf --> 2.154286).  Saving model ...
Epoch 00001, Step00000 | Train_Loss: 1.8465 | Time: 0.3075
Epoch 00001 | Val_Loss 0.8401 | Time(s) 0.2599
Validation loss decreased (2.154286 --> 0.840140).  Saving model ...
Epoch 00002, Step00000 | Train_Loss: 1.0044 | Time: 0.3004
Epoch 00002 | Val_Loss 1.8309 | Time(s) 0.2622
EarlyStopping counter: 1 out of 30
Epoch 00003, Step00000 | Train_Loss: 1.5693 | Time: 0.2980
Epoch 00003 | Val_Loss 0.8225 | Time(s) 0.2601
Validation loss decreased (0.840140 --> 0.822464).  Saving model ...
Epoch 00004, Step00000 | Train_Loss: 0.8819 | Time: 0.3009
Epoch 00004 | Val_Loss 2.0629 | Time(s) 0.2624
EarlyStopping counter: 1 out of 30
Epoch 00005, Step00000 | Train_Loss: 1.7292 | Time: 0.3011
Epoch 00005 | Val_Loss 0.7296 | Time(s) 0.2590
Validation loss decreased (0.822464 --> 0.729630).  Saving model ...
Epoch 00006, Step00000 | Train_Loss: 0.8571 | Time: 0.2998
Epoch 00006 | Val_Loss 1.8414 | Time(s) 0.2587
EarlyStopping counter: 1 out of 30
Epoch 00007, Step00000 | Train_Loss: 1.5743 | Time: 0.3026
Epoch 00007 | Val_Loss 0.6882 | Time(s) 0.2520
Validation loss decreased (0.729630 --> 0.688224).  Saving model ...
Epoch 00008, Step00000 | Train_Loss: 0.7753 | Time: 0.3102
Epoch 00008 | Val_Loss 1.8018 | Time(s) 0.2611
EarlyStopping counter: 1 out of 30
Epoch 00009, Step00000 | Train_Loss: 1.5316 | Time: 0.3102
Epoch 00009 | Val_Loss 0.7103 | Time(s) 0.2567
EarlyStopping counter: 2 out of 30
Epoch 00010, Step00000 | Train_Loss: 0.7794 | Time: 0.3122
Epoch 00010 | Val_Loss 1.3335 | Time(s) 0.2567
EarlyStopping counter: 3 out of 30
Epoch 00011, Step00000 | Train_Loss: 1.1846 | Time: 0.3109
Epoch 00011 | Val_Loss 1.0875 | Time(s) 0.2542
EarlyStopping counter: 4 out of 30
Epoch 00012, Step00000 | Train_Loss: 1.0255 | Time: 0.3132
Epoch 00012 | Val_Loss 0.6995 | Time(s) 0.2438
EarlyStopping counter: 5 out of 30
Epoch 00013, Step00000 | Train_Loss: 0.7682 | Time: 0.3029
Epoch 00013 | Val_Loss 1.2633 | Time(s) 0.2516
EarlyStopping counter: 6 out of 30
Epoch 00014, Step00000 | Train_Loss: 1.0921 | Time: 0.2016
Epoch 00014 | Val_Loss 0.7442 | Time(s) 0.2182
EarlyStopping counter: 7 out of 30
Epoch 00015, Step00000 | Train_Loss: 0.7545 | Time: 0.2613
Epoch 00015 | Val_Loss 0.8113 | Time(s) 0.2180
EarlyStopping counter: 8 out of 30
Epoch 00016, Step00000 | Train_Loss: 0.7571 | Time: 0.2695
Epoch 00016 | Val_Loss 0.9579 | Time(s) 0.2125
EarlyStopping counter: 9 out of 30
Epoch 00017, Step00000 | Train_Loss: 0.8099 | Time: 0.2647
Epoch 00017 | Val_Loss 0.7887 | Time(s) 0.2125
EarlyStopping counter: 10 out of 30
Epoch 00018, Step00000 | Train_Loss: 0.6589 | Time: 0.2614
Epoch 00018 | Val_Loss 0.8601 | Time(s) 0.2138
EarlyStopping counter: 11 out of 30
Epoch 00019, Step00000 | Train_Loss: 0.7886 | Time: 0.2662
Epoch 00019 | Val_Loss 0.9093 | Time(s) 0.2181
EarlyStopping counter: 12 out of 30
Epoch 00020, Step00000 | Train_Loss: 0.7239 | Time: 0.2697
Epoch 00020 | Val_Loss 0.8756 | Time(s) 0.2159
EarlyStopping counter: 13 out of 30
Epoch 00021, Step00000 | Train_Loss: 0.6406 | Time: 0.2637
Epoch 00021 | Val_Loss 1.0130 | Time(s) 0.2153
EarlyStopping counter: 14 out of 30
Epoch 00022, Step00000 | Train_Loss: 0.6919 | Time: 0.2781
Epoch 00022 | Val_Loss 0.9372 | Time(s) 0.2458
EarlyStopping counter: 15 out of 30
Epoch 00023, Step00000 | Train_Loss: 0.6576 | Time: 0.3047
Epoch 00023 | Val_Loss 0.9129 | Time(s) 0.2509
EarlyStopping counter: 16 out of 30
Epoch 00024, Step00000 | Train_Loss: 0.6200 | Time: 0.3117
Epoch 00024 | Val_Loss 0.9494 | Time(s) 0.2514
EarlyStopping counter: 17 out of 30
Epoch 00025, Step00000 | Train_Loss: 0.6084 | Time: 0.3142
Epoch 00025 | Val_Loss 0.9688 | Time(s) 0.2521
EarlyStopping counter: 18 out of 30
Epoch 00026, Step00000 | Train_Loss: 0.6072 | Time: 0.3150
Epoch 00026 | Val_Loss 0.9257 | Time(s) 0.2517
EarlyStopping counter: 19 out of 30
Epoch 00027, Step00000 | Train_Loss: 0.5861 | Time: 0.3112
Epoch 00027 | Val_Loss 0.9869 | Time(s) 0.2524
EarlyStopping counter: 20 out of 30
Epoch 00028, Step00000 | Train_Loss: 0.5719 | Time: 0.3113
Epoch 00028 | Val_Loss 0.9965 | Time(s) 0.2533
EarlyStopping counter: 21 out of 30
Epoch 00029, Step00000 | Train_Loss: 0.5881 | Time: 0.3116
Epoch 00029 | Val_Loss 0.9660 | Time(s) 0.2544
EarlyStopping counter: 22 out of 30
Epoch 00030, Step00000 | Train_Loss: 0.6032 | Time: 0.3024
Epoch 00030 | Val_Loss 0.9348 | Time(s) 0.2535
EarlyStopping counter: 23 out of 30
Epoch 00031, Step00000 | Train_Loss: 0.5584 | Time: 0.3108
Epoch 00031 | Val_Loss 1.0312 | Time(s) 0.2507
EarlyStopping counter: 24 out of 30
Epoch 00032, Step00000 | Train_Loss: 0.5692 | Time: 0.3038
Epoch 00032 | Val_Loss 0.9829 | Time(s) 0.2575
EarlyStopping counter: 25 out of 30
Epoch 00033, Step00000 | Train_Loss: 0.5603 | Time: 0.3050
Epoch 00033 | Val_Loss 0.9652 | Time(s) 0.2602
EarlyStopping counter: 26 out of 30
Epoch 00034, Step00000 | Train_Loss: 0.5405 | Time: 0.3034
Epoch 00034 | Val_Loss 0.9176 | Time(s) 0.2598
EarlyStopping counter: 27 out of 30
Epoch 00035, Step00000 | Train_Loss: 0.5210 | Time: 0.3081
Epoch 00035 | Val_Loss 0.9682 | Time(s) 0.2616
EarlyStopping counter: 28 out of 30
Epoch 00036, Step00000 | Train_Loss: 0.5321 | Time: 0.3064
Epoch 00036 | Val_Loss 0.9211 | Time(s) 0.2591
EarlyStopping counter: 29 out of 30
Epoch 00037, Step00000 | Train_Loss: 0.5278 | Time: 0.3055
Epoch 00037 | Val_Loss 0.9089 | Time(s) 0.2584
EarlyStopping counter: 30 out of 30
Early stopping!
Early stopping!
defaultdict(<class 'float'>, {'roc_auc': 0.5280589926259218, 'MRR': 0.7401463963963963})
defaultdict(<class 'float'>, {'roc_auc': 0.6155527311054623, 'MRR': 0.8120495495495496})
Completed: amazon_style_cct_features_fold_1 (rep 4)

--------------------------------------
Running model: HGT
Dataset: amazon_style_cct_features_fold_2
Repetition: 4
--------------------------------------
Loading nodes from amazon_style_cct_features_fold_2/node.dat
/home/simonettos/homhetgnn/HGB/LP/benchmark/data/amazon_style_cct_features_fold_2/node.dat
0 {}
1 {'0': 558}
2 {'0': 558, '1': 940}
node_count: {'0': 558, '1': 940, '2': 188}
('1', '6', '0'): src_max=939, dst_max=557
('1', '5', '1'): src_max=939, dst_max=939
('0', '7', '0'): src_max=557, dst_max=557
('0', '4', '0'): src_max=557, dst_max=557
('0', '3', '2'): src_max=557, dst_max=186
('0', '0', '0'): src_max=557, dst_max=553
('1', '2', '1'): src_max=938, dst_max=938
('1', '8', '1'): src_max=939, dst_max=939
('1', '10', '1'): src_max=795, dst_max=380
('1', '1', '1'): src_max=939, dst_max=928
('1', '9', '1'): src_max=791, dst_max=812
0 0
1 558
2 1498
6
Epoch 00000, Step00000 | Train_Loss: 1.2555 | Time: 0.6165
Epoch 00000 | Val_Loss 1.5365 | Time(s) 0.2629
Validation loss decreased (inf --> 1.536512).  Saving model ...
Epoch 00001, Step00000 | Train_Loss: 1.3484 | Time: 0.3204
Epoch 00001 | Val_Loss 1.1322 | Time(s) 0.2692
Validation loss decreased (1.536512 --> 1.132175).  Saving model ...
Epoch 00002, Step00000 | Train_Loss: 1.1342 | Time: 0.3240
Epoch 00002 | Val_Loss 0.9754 | Time(s) 0.2654
Validation loss decreased (1.132175 --> 0.975448).  Saving model ...
Epoch 00003, Step00000 | Train_Loss: 0.9411 | Time: 0.3221
Epoch 00003 | Val_Loss 1.1719 | Time(s) 0.2646
EarlyStopping counter: 1 out of 30
Epoch 00004, Step00000 | Train_Loss: 1.1433 | Time: 0.3180
Epoch 00004 | Val_Loss 0.9008 | Time(s) 0.2688
Validation loss decreased (0.975448 --> 0.900848).  Saving model ...
Epoch 00005, Step00000 | Train_Loss: 0.9415 | Time: 0.3230
Epoch 00005 | Val_Loss 0.8395 | Time(s) 0.2704
Validation loss decreased (0.900848 --> 0.839522).  Saving model ...
Epoch 00006, Step00000 | Train_Loss: 0.8900 | Time: 0.3245
Epoch 00006 | Val_Loss 1.1564 | Time(s) 0.2632
EarlyStopping counter: 1 out of 30
Epoch 00007, Step00000 | Train_Loss: 1.0962 | Time: 0.3182
Epoch 00007 | Val_Loss 0.6914 | Time(s) 0.2691
Validation loss decreased (0.839522 --> 0.691418).  Saving model ...
Epoch 00008, Step00000 | Train_Loss: 0.7755 | Time: 0.3164
Epoch 00008 | Val_Loss 0.9565 | Time(s) 0.2594
EarlyStopping counter: 1 out of 30
Epoch 00009, Step00000 | Train_Loss: 0.9398 | Time: 0.3095
Epoch 00009 | Val_Loss 1.0225 | Time(s) 0.2251
EarlyStopping counter: 2 out of 30
Epoch 00010, Step00000 | Train_Loss: 0.9876 | Time: 0.2746
Epoch 00010 | Val_Loss 0.6945 | Time(s) 0.2218
EarlyStopping counter: 3 out of 30
Epoch 00011, Step00000 | Train_Loss: 0.7545 | Time: 0.2756
Epoch 00011 | Val_Loss 0.7173 | Time(s) 0.2215
EarlyStopping counter: 4 out of 30
Epoch 00012, Step00000 | Train_Loss: 0.7745 | Time: 0.2796
Epoch 00012 | Val_Loss 1.0549 | Time(s) 0.2249
EarlyStopping counter: 5 out of 30
Epoch 00013, Step00000 | Train_Loss: 0.9533 | Time: 0.2741
Epoch 00013 | Val_Loss 0.9934 | Time(s) 0.2236
EarlyStopping counter: 6 out of 30
Epoch 00014, Step00000 | Train_Loss: 0.9590 | Time: 0.2763
Epoch 00014 | Val_Loss 0.7424 | Time(s) 0.2217
EarlyStopping counter: 7 out of 30
Epoch 00015, Step00000 | Train_Loss: 0.7303 | Time: 0.2729
Epoch 00015 | Val_Loss 0.7753 | Time(s) 0.2293
EarlyStopping counter: 8 out of 30
Epoch 00016, Step00000 | Train_Loss: 0.7227 | Time: 0.2782
Epoch 00016 | Val_Loss 0.8775 | Time(s) 0.2277
EarlyStopping counter: 9 out of 30
Epoch 00017, Step00000 | Train_Loss: 0.8251 | Time: 0.2908
Epoch 00017 | Val_Loss 0.7128 | Time(s) 0.2546
EarlyStopping counter: 10 out of 30
Epoch 00018, Step00000 | Train_Loss: 0.6744 | Time: 0.2890
Epoch 00018 | Val_Loss 0.7769 | Time(s) 0.2577
EarlyStopping counter: 11 out of 30
Epoch 00019, Step00000 | Train_Loss: 0.6599 | Time: 0.3211
Epoch 00019 | Val_Loss 0.9415 | Time(s) 0.2665
EarlyStopping counter: 12 out of 30
Epoch 00020, Step00000 | Train_Loss: 0.7584 | Time: 0.3186
Epoch 00020 | Val_Loss 0.8387 | Time(s) 0.2660
EarlyStopping counter: 13 out of 30
Epoch 00021, Step00000 | Train_Loss: 0.6267 | Time: 0.3222
Epoch 00021 | Val_Loss 0.8529 | Time(s) 0.2626
EarlyStopping counter: 14 out of 30
Epoch 00022, Step00000 | Train_Loss: 0.6020 | Time: 0.3194
Epoch 00022 | Val_Loss 0.8198 | Time(s) 0.2687
EarlyStopping counter: 15 out of 30
Epoch 00023, Step00000 | Train_Loss: 0.6610 | Time: 0.3216
Epoch 00023 | Val_Loss 0.8856 | Time(s) 0.2649
EarlyStopping counter: 16 out of 30
Epoch 00024, Step00000 | Train_Loss: 0.6030 | Time: 0.3247
Epoch 00024 | Val_Loss 0.9144 | Time(s) 0.2685
EarlyStopping counter: 17 out of 30
Epoch 00025, Step00000 | Train_Loss: 0.5837 | Time: 0.3191
Epoch 00025 | Val_Loss 0.9013 | Time(s) 0.2633
EarlyStopping counter: 18 out of 30
Epoch 00026, Step00000 | Train_Loss: 0.6021 | Time: 0.3193
Epoch 00026 | Val_Loss 0.8683 | Time(s) 0.2658
EarlyStopping counter: 19 out of 30
Epoch 00027, Step00000 | Train_Loss: 0.5799 | Time: 0.3260
Epoch 00027 | Val_Loss 0.8379 | Time(s) 0.2624
EarlyStopping counter: 20 out of 30
Epoch 00028, Step00000 | Train_Loss: 0.5367 | Time: 0.3245
Epoch 00028 | Val_Loss 0.8030 | Time(s) 0.2660
EarlyStopping counter: 21 out of 30
Epoch 00029, Step00000 | Train_Loss: 0.5377 | Time: 0.3198
Epoch 00029 | Val_Loss 0.8301 | Time(s) 0.2680
EarlyStopping counter: 22 out of 30
Epoch 00030, Step00000 | Train_Loss: 0.5209 | Time: 0.3281
Epoch 00030 | Val_Loss 0.8712 | Time(s) 0.2689
EarlyStopping counter: 23 out of 30
Epoch 00031, Step00000 | Train_Loss: 0.4930 | Time: 0.3237
Epoch 00031 | Val_Loss 0.8802 | Time(s) 0.2615
EarlyStopping counter: 24 out of 30
Epoch 00032, Step00000 | Train_Loss: 0.4933 | Time: 0.3166
Epoch 00032 | Val_Loss 0.9105 | Time(s) 0.2696
EarlyStopping counter: 25 out of 30
Epoch 00033, Step00000 | Train_Loss: 0.4870 | Time: 0.3211
Epoch 00033 | Val_Loss 0.9203 | Time(s) 0.2691
EarlyStopping counter: 26 out of 30
Epoch 00034, Step00000 | Train_Loss: 0.4693 | Time: 0.3242
Epoch 00034 | Val_Loss 0.8858 | Time(s) 0.2642
EarlyStopping counter: 27 out of 30
Epoch 00035, Step00000 | Train_Loss: 0.4356 | Time: 0.3183
Epoch 00035 | Val_Loss 0.8029 | Time(s) 0.2664
EarlyStopping counter: 28 out of 30
Epoch 00036, Step00000 | Train_Loss: 0.4622 | Time: 0.3210
Epoch 00036 | Val_Loss 0.7602 | Time(s) 0.2629
EarlyStopping counter: 29 out of 30
Epoch 00037, Step00000 | Train_Loss: 0.4104 | Time: 0.3172
Epoch 00037 | Val_Loss 0.8070 | Time(s) 0.2673
EarlyStopping counter: 30 out of 30
Early stopping!
Early stopping!
defaultdict(<class 'float'>, {'roc_auc': 0.5668673768720086, 'MRR': 0.7738095238095238})
defaultdict(<class 'float'>, {'roc_auc': 0.6410611303344868, 'MRR': 0.8174603174603174})
Completed: amazon_style_cct_features_fold_2 (rep 4)

--------------------------------------
Running model: HGT
Dataset: amazon_style_cct_features_fold_3
Repetition: 4
--------------------------------------
Loading nodes from amazon_style_cct_features_fold_3/node.dat
/home/simonettos/homhetgnn/HGB/LP/benchmark/data/amazon_style_cct_features_fold_3/node.dat
0 {}
1 {'0': 558}
2 {'0': 558, '1': 940}
node_count: {'0': 558, '1': 940, '2': 188}
('1', '6', '0'): src_max=939, dst_max=557
('1', '5', '1'): src_max=939, dst_max=939
('0', '7', '0'): src_max=557, dst_max=557
('0', '4', '0'): src_max=557, dst_max=557
('0', '3', '2'): src_max=557, dst_max=187
('0', '0', '0'): src_max=557, dst_max=553
('1', '2', '1'): src_max=938, dst_max=938
('1', '8', '1'): src_max=939, dst_max=939
('1', '10', '1'): src_max=795, dst_max=380
('1', '1', '1'): src_max=939, dst_max=928
('1', '9', '1'): src_max=791, dst_max=812
0 0
1 558
2 1498
6
Epoch 00000, Step00000 | Train_Loss: 1.7700 | Time: 0.6336
Epoch 00000 | Val_Loss 1.2847 | Time(s) 0.2704
Validation loss decreased (inf --> 1.284676).  Saving model ...
Epoch 00001, Step00000 | Train_Loss: 1.2920 | Time: 0.3248
Epoch 00001 | Val_Loss 1.3865 | Time(s) 0.2763
EarlyStopping counter: 1 out of 30
Epoch 00002, Step00000 | Train_Loss: 1.2817 | Time: 0.3202
Epoch 00002 | Val_Loss 0.7240 | Time(s) 0.2759
Validation loss decreased (1.284676 --> 0.723972).  Saving model ...
Epoch 00003, Step00000 | Train_Loss: 0.9004 | Time: 0.3173
Epoch 00003 | Val_Loss 1.2394 | Time(s) 0.2762
EarlyStopping counter: 1 out of 30
Epoch 00004, Step00000 | Train_Loss: 1.2264 | Time: 0.3114
Epoch 00004 | Val_Loss 0.7156 | Time(s) 0.2684
Validation loss decreased (0.723972 --> 0.715635).  Saving model ...
Epoch 00005, Step00000 | Train_Loss: 0.8402 | Time: 0.3055
Epoch 00005 | Val_Loss 1.1160 | Time(s) 0.2258
EarlyStopping counter: 1 out of 30
Epoch 00006, Step00000 | Train_Loss: 1.0735 | Time: 0.2807
Epoch 00006 | Val_Loss 0.8039 | Time(s) 0.2258
EarlyStopping counter: 2 out of 30
Epoch 00007, Step00000 | Train_Loss: 0.8524 | Time: 0.2737
Epoch 00007 | Val_Loss 0.7967 | Time(s) 0.2259
EarlyStopping counter: 3 out of 30
Epoch 00008, Step00000 | Train_Loss: 0.8550 | Time: 0.2781
Epoch 00008 | Val_Loss 1.0729 | Time(s) 0.2241
EarlyStopping counter: 4 out of 30
Epoch 00009, Step00000 | Train_Loss: 1.0040 | Time: 0.2800
Epoch 00009 | Val_Loss 0.6663 | Time(s) 0.2313
Validation loss decreased (0.715635 --> 0.666308).  Saving model ...
Epoch 00010, Step00000 | Train_Loss: 0.7483 | Time: 0.2814
Epoch 00010 | Val_Loss 0.8961 | Time(s) 0.2267
EarlyStopping counter: 1 out of 30
Epoch 00011, Step00000 | Train_Loss: 0.8771 | Time: 0.2854
Epoch 00011 | Val_Loss 1.0380 | Time(s) 0.2270
EarlyStopping counter: 2 out of 30
Epoch 00012, Step00000 | Train_Loss: 0.9237 | Time: 0.2819
Epoch 00012 | Val_Loss 0.6717 | Time(s) 0.2450
EarlyStopping counter: 3 out of 30
Epoch 00013, Step00000 | Train_Loss: 0.7324 | Time: 0.3133
Epoch 00013 | Val_Loss 0.6457 | Time(s) 0.2610
Validation loss decreased (0.666308 --> 0.645683).  Saving model ...
Epoch 00014, Step00000 | Train_Loss: 0.7170 | Time: 0.3156
Epoch 00014 | Val_Loss 0.9274 | Time(s) 0.2755
EarlyStopping counter: 1 out of 30
Epoch 00015, Step00000 | Train_Loss: 0.7846 | Time: 0.3195
Epoch 00015 | Val_Loss 0.9159 | Time(s) 0.2788
EarlyStopping counter: 2 out of 30
Epoch 00016, Step00000 | Train_Loss: 0.7819 | Time: 0.3225
Epoch 00016 | Val_Loss 0.7973 | Time(s) 0.2783
EarlyStopping counter: 3 out of 30
Epoch 00017, Step00000 | Train_Loss: 0.6567 | Time: 0.3187
Epoch 00017 | Val_Loss 0.7894 | Time(s) 0.2749
EarlyStopping counter: 4 out of 30
Epoch 00018, Step00000 | Train_Loss: 0.6035 | Time: 0.3186
Epoch 00018 | Val_Loss 0.8302 | Time(s) 0.2759
EarlyStopping counter: 5 out of 30
Epoch 00019, Step00000 | Train_Loss: 0.6527 | Time: 0.3180
Epoch 00019 | Val_Loss 0.9402 | Time(s) 0.2771
EarlyStopping counter: 6 out of 30
Epoch 00020, Step00000 | Train_Loss: 0.6892 | Time: 0.3187
Epoch 00020 | Val_Loss 0.8662 | Time(s) 0.2762
EarlyStopping counter: 7 out of 30
Epoch 00021, Step00000 | Train_Loss: 0.6369 | Time: 0.3197
Epoch 00021 | Val_Loss 0.8253 | Time(s) 0.2792
EarlyStopping counter: 8 out of 30
Epoch 00022, Step00000 | Train_Loss: 0.5719 | Time: 0.2977
Epoch 00022 | Val_Loss 0.9072 | Time(s) 0.2701
EarlyStopping counter: 9 out of 30
Epoch 00023, Step00000 | Train_Loss: 0.5755 | Time: 0.3140
Epoch 00023 | Val_Loss 0.9385 | Time(s) 0.2760
EarlyStopping counter: 10 out of 30
Epoch 00024, Step00000 | Train_Loss: 0.5801 | Time: 0.3256
Epoch 00024 | Val_Loss 0.8220 | Time(s) 0.2764
EarlyStopping counter: 11 out of 30
Epoch 00025, Step00000 | Train_Loss: 0.5513 | Time: 0.3206
Epoch 00025 | Val_Loss 0.9537 | Time(s) 0.2762
EarlyStopping counter: 12 out of 30
Epoch 00026, Step00000 | Train_Loss: 0.5539 | Time: 0.3212
Epoch 00026 | Val_Loss 0.9580 | Time(s) 0.2726
EarlyStopping counter: 13 out of 30
Epoch 00027, Step00000 | Train_Loss: 0.5540 | Time: 0.3198
Epoch 00027 | Val_Loss 0.8248 | Time(s) 0.2697
EarlyStopping counter: 14 out of 30
Epoch 00028, Step00000 | Train_Loss: 0.5347 | Time: 0.3189
Epoch 00028 | Val_Loss 0.8509 | Time(s) 0.2773
EarlyStopping counter: 15 out of 30
Epoch 00029, Step00000 | Train_Loss: 0.5530 | Time: 0.3159
Epoch 00029 | Val_Loss 0.8534 | Time(s) 0.2773
EarlyStopping counter: 16 out of 30
Epoch 00030, Step00000 | Train_Loss: 0.5330 | Time: 0.3224
Epoch 00030 | Val_Loss 0.8872 | Time(s) 0.2764
EarlyStopping counter: 17 out of 30
Epoch 00031, Step00000 | Train_Loss: 0.5112 | Time: 0.3191
Epoch 00031 | Val_Loss 0.8127 | Time(s) 0.2698
EarlyStopping counter: 18 out of 30
Epoch 00032, Step00000 | Train_Loss: 0.5253 | Time: 0.3175
Epoch 00032 | Val_Loss 0.8254 | Time(s) 0.2762
EarlyStopping counter: 19 out of 30
Epoch 00033, Step00000 | Train_Loss: 0.5080 | Time: 0.3142
Epoch 00033 | Val_Loss 0.7753 | Time(s) 0.2753
EarlyStopping counter: 20 out of 30
Epoch 00034, Step00000 | Train_Loss: 0.4983 | Time: 0.3210
Epoch 00034 | Val_Loss 0.7164 | Time(s) 0.2796
EarlyStopping counter: 21 out of 30
Epoch 00035, Step00000 | Train_Loss: 0.5070 | Time: 0.3227
Epoch 00035 | Val_Loss 0.7777 | Time(s) 0.2767
EarlyStopping counter: 22 out of 30
Epoch 00036, Step00000 | Train_Loss: 0.4963 | Time: 0.3204
Epoch 00036 | Val_Loss 0.7511 | Time(s) 0.2763
EarlyStopping counter: 23 out of 30
Epoch 00037, Step00000 | Train_Loss: 0.4957 | Time: 0.3222
Epoch 00037 | Val_Loss 0.8762 | Time(s) 0.2763
EarlyStopping counter: 24 out of 30
Epoch 00038, Step00000 | Train_Loss: 0.5054 | Time: 0.3195
Epoch 00038 | Val_Loss 0.8144 | Time(s) 0.2776
EarlyStopping counter: 25 out of 30
Epoch 00039, Step00000 | Train_Loss: 0.4773 | Time: 0.3227
Epoch 00039 | Val_Loss 0.8515 | Time(s) 0.2748
EarlyStopping counter: 26 out of 30
Epoch 00040, Step00000 | Train_Loss: 0.4594 | Time: 0.3208
Epoch 00040 | Val_Loss 0.8319 | Time(s) 0.2748
EarlyStopping counter: 27 out of 30
Epoch 00041, Step00000 | Train_Loss: 0.4687 | Time: 0.3225
Epoch 00041 | Val_Loss 0.9461 | Time(s) 0.2759
EarlyStopping counter: 28 out of 30
Epoch 00042, Step00000 | Train_Loss: 0.4486 | Time: 0.3218
Epoch 00042 | Val_Loss 0.8852 | Time(s) 0.2725
EarlyStopping counter: 29 out of 30
Epoch 00043, Step00000 | Train_Loss: 0.4579 | Time: 0.3203
Epoch 00043 | Val_Loss 0.8625 | Time(s) 0.2723
EarlyStopping counter: 30 out of 30
Early stopping!
Early stopping!
defaultdict(<class 'float'>, {'roc_auc': 0.4757482870537324, 'MRR': 0.7468905472636815})
defaultdict(<class 'float'>, {'roc_auc': 0.6095231255386383, 'MRR': 0.7843283582089552})
Completed: amazon_style_cct_features_fold_3 (rep 4)

--------------------------------------
Running model: HGT
Dataset: amazon_style_cct_features_fold_4
Repetition: 4
--------------------------------------
Loading nodes from amazon_style_cct_features_fold_4/node.dat
/home/simonettos/homhetgnn/HGB/LP/benchmark/data/amazon_style_cct_features_fold_4/node.dat
0 {}
1 {'0': 558}
2 {'0': 558, '1': 940}
node_count: {'0': 558, '1': 940, '2': 188}
('1', '6', '0'): src_max=939, dst_max=557
('1', '5', '1'): src_max=939, dst_max=939
('0', '7', '0'): src_max=557, dst_max=557
('0', '4', '0'): src_max=557, dst_max=557
('0', '3', '2'): src_max=557, dst_max=186
('0', '0', '0'): src_max=557, dst_max=553
('1', '2', '1'): src_max=938, dst_max=938
('1', '8', '1'): src_max=939, dst_max=939
('1', '10', '1'): src_max=795, dst_max=380
('1', '1', '1'): src_max=939, dst_max=928
('1', '9', '1'): src_max=791, dst_max=812
0 0
1 558
2 1498
6
Epoch 00000, Step00000 | Train_Loss: 1.1669 | Time: 0.4767
Epoch 00000 | Val_Loss 2.3732 | Time(s) 0.1250
Validation loss decreased (inf --> 2.373159).  Saving model ...
Epoch 00001, Step00000 | Train_Loss: 2.0358 | Time: 0.1838
Epoch 00001 | Val_Loss 0.7537 | Time(s) 0.1283
Validation loss decreased (2.373159 --> 0.753729).  Saving model ...
Epoch 00002, Step00000 | Train_Loss: 0.9733 | Time: 0.1812
Epoch 00002 | Val_Loss 1.9579 | Time(s) 0.1268
EarlyStopping counter: 1 out of 30
Epoch 00003, Step00000 | Train_Loss: 1.7396 | Time: 0.1783
Epoch 00003 | Val_Loss 0.7728 | Time(s) 0.1263
EarlyStopping counter: 2 out of 30
Epoch 00004, Step00000 | Train_Loss: 0.9322 | Time: 0.2332
Epoch 00004 | Val_Loss 2.0899 | Time(s) 0.2323
EarlyStopping counter: 3 out of 30
Epoch 00005, Step00000 | Train_Loss: 1.7832 | Time: 0.2784
Epoch 00005 | Val_Loss 0.7919 | Time(s) 0.2309
EarlyStopping counter: 4 out of 30
Epoch 00006, Step00000 | Train_Loss: 0.8606 | Time: 0.3077
Epoch 00006 | Val_Loss 1.7019 | Time(s) 0.2615
EarlyStopping counter: 5 out of 30
Epoch 00007, Step00000 | Train_Loss: 1.4756 | Time: 0.3183
Epoch 00007 | Val_Loss 0.8072 | Time(s) 0.2778
EarlyStopping counter: 6 out of 30
Epoch 00008, Step00000 | Train_Loss: 0.8906 | Time: 0.3175
Epoch 00008 | Val_Loss 1.7909 | Time(s) 0.2766
EarlyStopping counter: 7 out of 30
Epoch 00009, Step00000 | Train_Loss: 1.5026 | Time: 0.3187
Epoch 00009 | Val_Loss 0.7794 | Time(s) 0.2729
EarlyStopping counter: 8 out of 30
Epoch 00010, Step00000 | Train_Loss: 0.8392 | Time: 0.3225
Epoch 00010 | Val_Loss 1.8018 | Time(s) 0.2783
EarlyStopping counter: 9 out of 30
Epoch 00011, Step00000 | Train_Loss: 1.5078 | Time: 0.3196
Epoch 00011 | Val_Loss 0.6936 | Time(s) 0.2807
Validation loss decreased (0.753729 --> 0.693579).  Saving model ...
Epoch 00012, Step00000 | Train_Loss: 0.7747 | Time: 0.3200
Epoch 00012 | Val_Loss 1.6770 | Time(s) 0.2742
EarlyStopping counter: 1 out of 30
Epoch 00013, Step00000 | Train_Loss: 1.4171 | Time: 0.3161
Epoch 00013 | Val_Loss 0.6696 | Time(s) 0.2778
Validation loss decreased (0.693579 --> 0.669618).  Saving model ...
Epoch 00014, Step00000 | Train_Loss: 0.7555 | Time: 0.3227
Epoch 00014 | Val_Loss 1.3832 | Time(s) 0.2721
EarlyStopping counter: 1 out of 30
Epoch 00015, Step00000 | Train_Loss: 1.2344 | Time: 0.3168
Epoch 00015 | Val_Loss 0.7375 | Time(s) 0.2753
EarlyStopping counter: 2 out of 30
Epoch 00016, Step00000 | Train_Loss: 0.7727 | Time: 0.3201
Epoch 00016 | Val_Loss 0.9797 | Time(s) 0.2761
EarlyStopping counter: 3 out of 30
Epoch 00017, Step00000 | Train_Loss: 0.9235 | Time: 0.3161
Epoch 00017 | Val_Loss 0.7777 | Time(s) 0.2783
EarlyStopping counter: 4 out of 30
Epoch 00018, Step00000 | Train_Loss: 0.7842 | Time: 0.3207
Epoch 00018 | Val_Loss 0.8553 | Time(s) 0.2775
EarlyStopping counter: 5 out of 30
Epoch 00019, Step00000 | Train_Loss: 0.8216 | Time: 0.3200
Epoch 00019 | Val_Loss 0.8037 | Time(s) 0.2754
EarlyStopping counter: 6 out of 30
Epoch 00020, Step00000 | Train_Loss: 0.8013 | Time: 0.3205
Epoch 00020 | Val_Loss 0.7391 | Time(s) 0.2713
EarlyStopping counter: 7 out of 30
Epoch 00021, Step00000 | Train_Loss: 0.7218 | Time: 0.3125
Epoch 00021 | Val_Loss 0.8586 | Time(s) 0.2761
EarlyStopping counter: 8 out of 30
Epoch 00022, Step00000 | Train_Loss: 0.8168 | Time: 0.3257
Epoch 00022 | Val_Loss 0.7544 | Time(s) 0.2784
EarlyStopping counter: 9 out of 30
Epoch 00023, Step00000 | Train_Loss: 0.6564 | Time: 0.3214
Epoch 00023 | Val_Loss 0.8513 | Time(s) 0.2765
EarlyStopping counter: 10 out of 30
Epoch 00024, Step00000 | Train_Loss: 0.7139 | Time: 0.3198
Epoch 00024 | Val_Loss 0.7578 | Time(s) 0.2724
EarlyStopping counter: 11 out of 30
Epoch 00025, Step00000 | Train_Loss: 0.6158 | Time: 0.3210
Epoch 00025 | Val_Loss 0.9160 | Time(s) 0.2668
EarlyStopping counter: 12 out of 30
Epoch 00026, Step00000 | Train_Loss: 0.6788 | Time: 0.3140
Epoch 00026 | Val_Loss 0.8810 | Time(s) 0.2754
EarlyStopping counter: 13 out of 30
Epoch 00027, Step00000 | Train_Loss: 0.6171 | Time: 0.3191
Epoch 00027 | Val_Loss 0.9576 | Time(s) 0.2705
EarlyStopping counter: 14 out of 30
Epoch 00028, Step00000 | Train_Loss: 0.6274 | Time: 0.3258
Epoch 00028 | Val_Loss 0.9963 | Time(s) 0.2698
EarlyStopping counter: 15 out of 30
Epoch 00029, Step00000 | Train_Loss: 0.6416 | Time: 0.3249
Epoch 00029 | Val_Loss 0.9457 | Time(s) 0.2653
EarlyStopping counter: 16 out of 30
Epoch 00030, Step00000 | Train_Loss: 0.5650 | Time: 0.3247
Epoch 00030 | Val_Loss 0.9926 | Time(s) 0.2706
EarlyStopping counter: 17 out of 30
Epoch 00031, Step00000 | Train_Loss: 0.5931 | Time: 0.3213
Epoch 00031 | Val_Loss 1.0665 | Time(s) 0.2574
EarlyStopping counter: 18 out of 30
Epoch 00032, Step00000 | Train_Loss: 0.6007 | Time: 0.3249
Epoch 00032 | Val_Loss 0.9873 | Time(s) 0.2659
EarlyStopping counter: 19 out of 30
Epoch 00033, Step00000 | Train_Loss: 0.5567 | Time: 0.3206
Epoch 00033 | Val_Loss 1.0266 | Time(s) 0.2709
EarlyStopping counter: 20 out of 30
Epoch 00034, Step00000 | Train_Loss: 0.5660 | Time: 0.3245
Epoch 00034 | Val_Loss 0.9911 | Time(s) 0.2700
EarlyStopping counter: 21 out of 30
Epoch 00035, Step00000 | Train_Loss: 0.5514 | Time: 0.3250
Epoch 00035 | Val_Loss 1.0136 | Time(s) 0.2701
EarlyStopping counter: 22 out of 30
Epoch 00036, Step00000 | Train_Loss: 0.5417 | Time: 0.3284
Epoch 00036 | Val_Loss 1.0184 | Time(s) 0.2651
EarlyStopping counter: 23 out of 30
Epoch 00037, Step00000 | Train_Loss: 0.5484 | Time: 0.3250
Epoch 00037 | Val_Loss 1.0472 | Time(s) 0.2693
EarlyStopping counter: 24 out of 30
Epoch 00038, Step00000 | Train_Loss: 0.5258 | Time: 0.3200
Epoch 00038 | Val_Loss 1.0559 | Time(s) 0.2727
EarlyStopping counter: 25 out of 30
Epoch 00039, Step00000 | Train_Loss: 0.5157 | Time: 0.3225
Epoch 00039 | Val_Loss 1.0289 | Time(s) 0.2640
EarlyStopping counter: 26 out of 30
Epoch 00040, Step00000 | Train_Loss: 0.5233 | Time: 0.3180
Epoch 00040 | Val_Loss 0.9127 | Time(s) 0.2388
EarlyStopping counter: 27 out of 30
Epoch 00041, Step00000 | Train_Loss: 0.5017 | Time: 0.2766
Epoch 00041 | Val_Loss 1.0407 | Time(s) 0.2250
EarlyStopping counter: 28 out of 30
Epoch 00042, Step00000 | Train_Loss: 0.4998 | Time: 0.2798
Epoch 00042 | Val_Loss 0.9627 | Time(s) 0.2285
EarlyStopping counter: 29 out of 30
Epoch 00043, Step00000 | Train_Loss: 0.5047 | Time: 0.2786
Epoch 00043 | Val_Loss 0.9301 | Time(s) 0.2329
EarlyStopping counter: 30 out of 30
Early stopping!
Early stopping!
defaultdict(<class 'float'>, {'roc_auc': 0.5015624172448493, 'MRR': 0.7557598039215686})
defaultdict(<class 'float'>, {'roc_auc': 0.622853241364822, 'MRR': 0.761344537815126})
Completed: amazon_style_cct_features_fold_4 (rep 4)

--------------------------------------
Running model: HGT
Dataset: amazon_style_cct_features_fold_5
Repetition: 4
--------------------------------------
Loading nodes from amazon_style_cct_features_fold_5/node.dat
/home/simonettos/homhetgnn/HGB/LP/benchmark/data/amazon_style_cct_features_fold_5/node.dat
0 {}
1 {'0': 558}
2 {'0': 558, '1': 940}
node_count: {'0': 558, '1': 940, '2': 188}
('1', '6', '0'): src_max=939, dst_max=556
('1', '5', '1'): src_max=939, dst_max=939
('0', '7', '0'): src_max=557, dst_max=557
('0', '4', '0'): src_max=557, dst_max=557
('0', '3', '2'): src_max=557, dst_max=187
('0', '0', '0'): src_max=557, dst_max=553
('1', '2', '1'): src_max=938, dst_max=938
('1', '8', '1'): src_max=939, dst_max=939
('1', '10', '1'): src_max=795, dst_max=380
('1', '1', '1'): src_max=939, dst_max=928
('1', '9', '1'): src_max=791, dst_max=812
0 0
1 558
2 1498
6
Epoch 00000, Step00000 | Train_Loss: 1.0267 | Time: 0.6439
Epoch 00000 | Val_Loss 2.4602 | Time(s) 0.2657
Validation loss decreased (inf --> 2.460239).  Saving model ...
Epoch 00001, Step00000 | Train_Loss: 1.9673 | Time: 0.3166
Epoch 00001 | Val_Loss 0.8773 | Time(s) 0.2713
Validation loss decreased (2.460239 --> 0.877298).  Saving model ...
Epoch 00002, Step00000 | Train_Loss: 0.9485 | Time: 0.3167
Epoch 00002 | Val_Loss 2.0900 | Time(s) 0.2707
EarlyStopping counter: 1 out of 30
Epoch 00003, Step00000 | Train_Loss: 1.6717 | Time: 0.3127
Epoch 00003 | Val_Loss 1.0367 | Time(s) 0.2713
EarlyStopping counter: 2 out of 30
Epoch 00004, Step00000 | Train_Loss: 1.0627 | Time: 0.3133
Epoch 00004 | Val_Loss 2.2657 | Time(s) 0.2704
EarlyStopping counter: 3 out of 30
Epoch 00005, Step00000 | Train_Loss: 1.9060 | Time: 0.3175
Epoch 00005 | Val_Loss 0.9616 | Time(s) 0.2716
EarlyStopping counter: 4 out of 30
Epoch 00006, Step00000 | Train_Loss: 0.9866 | Time: 0.3168
Epoch 00006 | Val_Loss 1.7508 | Time(s) 0.2653
EarlyStopping counter: 5 out of 30
Epoch 00007, Step00000 | Train_Loss: 1.5367 | Time: 0.3124
Epoch 00007 | Val_Loss 0.9326 | Time(s) 0.2720
EarlyStopping counter: 6 out of 30
Epoch 00008, Step00000 | Train_Loss: 0.9437 | Time: 0.3182
Epoch 00008 | Val_Loss 1.7765 | Time(s) 0.2679
EarlyStopping counter: 7 out of 30
Epoch 00009, Step00000 | Train_Loss: 1.5064 | Time: 0.3148
Epoch 00009 | Val_Loss 0.8529 | Time(s) 0.2685
Validation loss decreased (0.877298 --> 0.852864).  Saving model ...
Epoch 00010, Step00000 | Train_Loss: 0.8730 | Time: 0.3155
Epoch 00010 | Val_Loss 1.7116 | Time(s) 0.2689
EarlyStopping counter: 1 out of 30
Epoch 00011, Step00000 | Train_Loss: 1.4622 | Time: 0.3177
Epoch 00011 | Val_Loss 0.7649 | Time(s) 0.2687
Validation loss decreased (0.852864 --> 0.764944).  Saving model ...
Epoch 00012, Step00000 | Train_Loss: 0.8137 | Time: 0.3171
Epoch 00012 | Val_Loss 1.9410 | Time(s) 0.2695
EarlyStopping counter: 1 out of 30
Epoch 00013, Step00000 | Train_Loss: 1.5651 | Time: 0.3158
Epoch 00013 | Val_Loss 0.7460 | Time(s) 0.2703
Validation loss decreased (0.764944 --> 0.745967).  Saving model ...
Epoch 00014, Step00000 | Train_Loss: 0.7978 | Time: 0.3152
Epoch 00014 | Val_Loss 1.5682 | Time(s) 0.2671
EarlyStopping counter: 1 out of 30
Epoch 00015, Step00000 | Train_Loss: 1.3431 | Time: 0.3108
Epoch 00015 | Val_Loss 0.6910 | Time(s) 0.2706
Validation loss decreased (0.745967 --> 0.690991).  Saving model ...
Epoch 00016, Step00000 | Train_Loss: 0.7701 | Time: 0.3128
Epoch 00016 | Val_Loss 1.5361 | Time(s) 0.2735
EarlyStopping counter: 1 out of 30
Epoch 00017, Step00000 | Train_Loss: 1.3074 | Time: 0.3151
Epoch 00017 | Val_Loss 0.6901 | Time(s) 0.2672
Validation loss decreased (0.690991 --> 0.690060).  Saving model ...
Epoch 00018, Step00000 | Train_Loss: 0.7294 | Time: 0.3084
Epoch 00018 | Val_Loss 1.2185 | Time(s) 0.2713
EarlyStopping counter: 1 out of 30
Epoch 00019, Step00000 | Train_Loss: 1.1023 | Time: 0.3160
Epoch 00019 | Val_Loss 0.6886 | Time(s) 0.2689
Validation loss decreased (0.690060 --> 0.688609).  Saving model ...
Epoch 00020, Step00000 | Train_Loss: 0.7112 | Time: 0.3162
Epoch 00020 | Val_Loss 1.1485 | Time(s) 0.2700
EarlyStopping counter: 1 out of 30
Epoch 00021, Step00000 | Train_Loss: 0.9585 | Time: 0.3132
Epoch 00021 | Val_Loss 0.7006 | Time(s) 0.2710
EarlyStopping counter: 2 out of 30
Epoch 00022, Step00000 | Train_Loss: 0.6684 | Time: 0.3135
Epoch 00022 | Val_Loss 0.8983 | Time(s) 0.2714
EarlyStopping counter: 3 out of 30
Epoch 00023, Step00000 | Train_Loss: 0.8458 | Time: 0.3158
Epoch 00023 | Val_Loss 0.7324 | Time(s) 0.2677
EarlyStopping counter: 4 out of 30
Epoch 00024, Step00000 | Train_Loss: 0.6604 | Time: 0.3058
Epoch 00024 | Val_Loss 0.9747 | Time(s) 0.2642
EarlyStopping counter: 5 out of 30
Epoch 00025, Step00000 | Train_Loss: 0.7907 | Time: 0.2887
Epoch 00025 | Val_Loss 0.7935 | Time(s) 0.2182
EarlyStopping counter: 6 out of 30
Epoch 00026, Step00000 | Train_Loss: 0.6230 | Time: 0.2728
Epoch 00026 | Val_Loss 0.9061 | Time(s) 0.2202
EarlyStopping counter: 7 out of 30
Epoch 00027, Step00000 | Train_Loss: 0.7141 | Time: 0.2706
Epoch 00027 | Val_Loss 0.8093 | Time(s) 0.2215
EarlyStopping counter: 8 out of 30
Epoch 00028, Step00000 | Train_Loss: 0.6107 | Time: 0.2701
Epoch 00028 | Val_Loss 0.9563 | Time(s) 0.2221
EarlyStopping counter: 9 out of 30
Epoch 00029, Step00000 | Train_Loss: 0.6500 | Time: 0.2700
Epoch 00029 | Val_Loss 0.8937 | Time(s) 0.2196
EarlyStopping counter: 10 out of 30
Epoch 00030, Step00000 | Train_Loss: 0.5882 | Time: 0.2695
Epoch 00030 | Val_Loss 0.9399 | Time(s) 0.2191
EarlyStopping counter: 11 out of 30
Epoch 00031, Step00000 | Train_Loss: 0.6359 | Time: 0.2743
Epoch 00031 | Val_Loss 0.9918 | Time(s) 0.2204
EarlyStopping counter: 12 out of 30
Epoch 00032, Step00000 | Train_Loss: 0.5657 | Time: 0.2704
Epoch 00032 | Val_Loss 1.0397 | Time(s) 0.2287
EarlyStopping counter: 13 out of 30
Epoch 00033, Step00000 | Train_Loss: 0.6042 | Time: 0.3087
Epoch 00033 | Val_Loss 0.9346 | Time(s) 0.2526
EarlyStopping counter: 14 out of 30
Epoch 00034, Step00000 | Train_Loss: 0.5598 | Time: 0.3095
Epoch 00034 | Val_Loss 0.9592 | Time(s) 0.2730
EarlyStopping counter: 15 out of 30
Epoch 00035, Step00000 | Train_Loss: 0.5654 | Time: 0.3143
Epoch 00035 | Val_Loss 0.8128 | Time(s) 0.2689
EarlyStopping counter: 16 out of 30
Epoch 00036, Step00000 | Train_Loss: 0.5368 | Time: 0.3142
Epoch 00036 | Val_Loss 0.8465 | Time(s) 0.2671
EarlyStopping counter: 17 out of 30
Epoch 00037, Step00000 | Train_Loss: 0.5446 | Time: 0.3189
Epoch 00037 | Val_Loss 0.7275 | Time(s) 0.2647
EarlyStopping counter: 18 out of 30
Epoch 00038, Step00000 | Train_Loss: 0.5300 | Time: 0.3215
Epoch 00038 | Val_Loss 0.7363 | Time(s) 0.2662
EarlyStopping counter: 19 out of 30
Epoch 00039, Step00000 | Train_Loss: 0.5443 | Time: 0.3206
Epoch 00039 | Val_Loss 0.8650 | Time(s) 0.2626
EarlyStopping counter: 20 out of 30
Epoch 00040, Step00000 | Train_Loss: 0.5291 | Time: 0.3210
Epoch 00040 | Val_Loss 0.9322 | Time(s) 0.2674
EarlyStopping counter: 21 out of 30
Epoch 00041, Step00000 | Train_Loss: 0.5420 | Time: 0.3224
Epoch 00041 | Val_Loss 0.9257 | Time(s) 0.2638
EarlyStopping counter: 22 out of 30
Epoch 00042, Step00000 | Train_Loss: 0.5250 | Time: 0.3175
Epoch 00042 | Val_Loss 0.8387 | Time(s) 0.2660
EarlyStopping counter: 23 out of 30
Epoch 00043, Step00000 | Train_Loss: 0.4926 | Time: 0.3235
Epoch 00043 | Val_Loss 0.8761 | Time(s) 0.2604
EarlyStopping counter: 24 out of 30
Epoch 00044, Step00000 | Train_Loss: 0.5267 | Time: 0.3163
Epoch 00044 | Val_Loss 0.9304 | Time(s) 0.2651
EarlyStopping counter: 25 out of 30
Epoch 00045, Step00000 | Train_Loss: 0.4937 | Time: 0.3218
Epoch 00045 | Val_Loss 1.0143 | Time(s) 0.2620
EarlyStopping counter: 26 out of 30
Epoch 00046, Step00000 | Train_Loss: 0.4951 | Time: 0.3168
Epoch 00046 | Val_Loss 1.1009 | Time(s) 0.2662
EarlyStopping counter: 27 out of 30
Epoch 00047, Step00000 | Train_Loss: 0.4721 | Time: 0.3082
Epoch 00047 | Val_Loss 1.0639 | Time(s) 0.2675
EarlyStopping counter: 28 out of 30
Epoch 00048, Step00000 | Train_Loss: 0.4933 | Time: 0.3144
Epoch 00048 | Val_Loss 1.1232 | Time(s) 0.2678
EarlyStopping counter: 29 out of 30
Epoch 00049, Step00000 | Train_Loss: 0.4685 | Time: 0.3140
Epoch 00049 | Val_Loss 1.1285 | Time(s) 0.2677
EarlyStopping counter: 30 out of 30
Early stopping!
Early stopping!
defaultdict(<class 'float'>, {'roc_auc': 0.5339766081871344, 'MRR': 0.7644628099173554})
defaultdict(<class 'float'>, {'roc_auc': 0.6294629116651277, 'MRR': 0.7596418732782368})
Completed: amazon_style_cct_features_fold_5 (rep 4)

=== Repetition 5/6 ===
--------------------------------------
Running model: HGT
Dataset: amazon_style_cct_features_fold_1
Repetition: 5
--------------------------------------
Loading nodes from amazon_style_cct_features_fold_1/node.dat
/home/simonettos/homhetgnn/HGB/LP/benchmark/data/amazon_style_cct_features_fold_1/node.dat
0 {}
1 {'0': 558}
2 {'0': 558, '1': 940}
node_count: {'0': 558, '1': 940, '2': 188}
('1', '6', '0'): src_max=939, dst_max=557
('1', '5', '1'): src_max=939, dst_max=939
('1', '2', '1'): src_max=938, dst_max=938
('0', '7', '0'): src_max=557, dst_max=557
('0', '3', '2'): src_max=557, dst_max=187
('0', '4', '0'): src_max=557, dst_max=557
('1', '8', '1'): src_max=939, dst_max=939
('0', '0', '0'): src_max=557, dst_max=553
('1', '9', '1'): src_max=791, dst_max=812
('1', '1', '1'): src_max=939, dst_max=928
('1', '10', '1'): src_max=795, dst_max=380
0 0
1 558
2 1498
6
Epoch 00000, Step00000 | Train_Loss: 1.1452 | Time: 0.6012
Epoch 00000 | Val_Loss 0.9693 | Time(s) 0.2553
Validation loss decreased (inf --> 0.969303).  Saving model ...
Epoch 00001, Step00000 | Train_Loss: 1.0777 | Time: 0.3178
Epoch 00001 | Val_Loss 1.4471 | Time(s) 0.2627
EarlyStopping counter: 1 out of 30
Epoch 00002, Step00000 | Train_Loss: 1.2591 | Time: 0.3154
Epoch 00002 | Val_Loss 0.6959 | Time(s) 0.2588
Validation loss decreased (0.969303 --> 0.695896).  Saving model ...
Epoch 00003, Step00000 | Train_Loss: 0.8547 | Time: 0.3169
Epoch 00003 | Val_Loss 1.2826 | Time(s) 0.2639
EarlyStopping counter: 1 out of 30
Epoch 00004, Step00000 | Train_Loss: 1.2059 | Time: 0.3163
Epoch 00004 | Val_Loss 0.7730 | Time(s) 0.2567
EarlyStopping counter: 2 out of 30
Epoch 00005, Step00000 | Train_Loss: 0.8108 | Time: 0.3177
Epoch 00005 | Val_Loss 0.8690 | Time(s) 0.2566
EarlyStopping counter: 3 out of 30
Epoch 00006, Step00000 | Train_Loss: 0.9075 | Time: 0.3118
Epoch 00006 | Val_Loss 1.0059 | Time(s) 0.2458
EarlyStopping counter: 4 out of 30
Epoch 00007, Step00000 | Train_Loss: 1.0153 | Time: 0.2693
Epoch 00007 | Val_Loss 0.6770 | Time(s) 0.2165
Validation loss decreased (0.695896 --> 0.676995).  Saving model ...
Epoch 00008, Step00000 | Train_Loss: 0.7625 | Time: 0.2670
Epoch 00008 | Val_Loss 0.8494 | Time(s) 0.2188
EarlyStopping counter: 1 out of 30
Epoch 00009, Step00000 | Train_Loss: 0.8615 | Time: 0.2660
Epoch 00009 | Val_Loss 1.1013 | Time(s) 0.2181
EarlyStopping counter: 2 out of 30
Epoch 00010, Step00000 | Train_Loss: 1.0195 | Time: 0.2695
Epoch 00010 | Val_Loss 0.9374 | Time(s) 0.2191
EarlyStopping counter: 3 out of 30
Epoch 00011, Step00000 | Train_Loss: 0.8930 | Time: 0.2683
Epoch 00011 | Val_Loss 0.7545 | Time(s) 0.2165
EarlyStopping counter: 4 out of 30
Epoch 00012, Step00000 | Train_Loss: 0.7513 | Time: 0.2691
Epoch 00012 | Val_Loss 0.6555 | Time(s) 0.2236
Validation loss decreased (0.676995 --> 0.655503).  Saving model ...
Epoch 00013, Step00000 | Train_Loss: 0.7049 | Time: 0.2705
Epoch 00013 | Val_Loss 0.7186 | Time(s) 0.2192
EarlyStopping counter: 1 out of 30
Epoch 00014, Step00000 | Train_Loss: 0.7222 | Time: 0.2748
Epoch 00014 | Val_Loss 0.9605 | Time(s) 0.2570
EarlyStopping counter: 2 out of 30
Epoch 00015, Step00000 | Train_Loss: 0.8922 | Time: 0.3039
Epoch 00015 | Val_Loss 1.5263 | Time(s) 0.2609
EarlyStopping counter: 3 out of 30
Epoch 00016, Step00000 | Train_Loss: 1.2247 | Time: 0.3113
Epoch 00016 | Val_Loss 0.8163 | Time(s) 0.2629
EarlyStopping counter: 4 out of 30
Epoch 00017, Step00000 | Train_Loss: 0.7595 | Time: 0.3179
Epoch 00017 | Val_Loss 0.7239 | Time(s) 0.2398
EarlyStopping counter: 5 out of 30
Epoch 00018, Step00000 | Train_Loss: 0.7439 | Time: 0.3200
Epoch 00018 | Val_Loss 1.2019 | Time(s) 0.2609
EarlyStopping counter: 6 out of 30
Epoch 00019, Step00000 | Train_Loss: 1.0883 | Time: 0.3196
Epoch 00019 | Val_Loss 0.7939 | Time(s) 0.2606
EarlyStopping counter: 7 out of 30
Epoch 00020, Step00000 | Train_Loss: 0.7556 | Time: 0.3171
Epoch 00020 | Val_Loss 0.7323 | Time(s) 0.2634
EarlyStopping counter: 8 out of 30
Epoch 00021, Step00000 | Train_Loss: 0.6621 | Time: 0.3191
Epoch 00021 | Val_Loss 1.1753 | Time(s) 0.2589
EarlyStopping counter: 9 out of 30
Epoch 00022, Step00000 | Train_Loss: 0.9037 | Time: 0.3117
Epoch 00022 | Val_Loss 0.9201 | Time(s) 0.2581
EarlyStopping counter: 10 out of 30
Epoch 00023, Step00000 | Train_Loss: 0.7138 | Time: 0.3102
Epoch 00023 | Val_Loss 0.8184 | Time(s) 0.2573
EarlyStopping counter: 11 out of 30
Epoch 00024, Step00000 | Train_Loss: 0.6216 | Time: 0.3097
Epoch 00024 | Val_Loss 0.9910 | Time(s) 0.2608
EarlyStopping counter: 12 out of 30
Epoch 00025, Step00000 | Train_Loss: 0.7285 | Time: 0.3110
Epoch 00025 | Val_Loss 0.7598 | Time(s) 0.2697
EarlyStopping counter: 13 out of 30
Epoch 00026, Step00000 | Train_Loss: 0.5771 | Time: 0.3095
Epoch 00026 | Val_Loss 0.8832 | Time(s) 0.2705
EarlyStopping counter: 14 out of 30
Epoch 00027, Step00000 | Train_Loss: 0.6498 | Time: 0.3115
Epoch 00027 | Val_Loss 0.7406 | Time(s) 0.2660
EarlyStopping counter: 15 out of 30
Epoch 00028, Step00000 | Train_Loss: 0.5626 | Time: 0.3073
Epoch 00028 | Val_Loss 0.9059 | Time(s) 0.2653
EarlyStopping counter: 16 out of 30
Epoch 00029, Step00000 | Train_Loss: 0.6331 | Time: 0.3044
Epoch 00029 | Val_Loss 0.8285 | Time(s) 0.2637
EarlyStopping counter: 17 out of 30
Epoch 00030, Step00000 | Train_Loss: 0.5344 | Time: 0.3118
Epoch 00030 | Val_Loss 0.7911 | Time(s) 0.2695
EarlyStopping counter: 18 out of 30
Epoch 00031, Step00000 | Train_Loss: 0.5790 | Time: 0.3057
Epoch 00031 | Val_Loss 0.7977 | Time(s) 0.2644
EarlyStopping counter: 19 out of 30
Epoch 00032, Step00000 | Train_Loss: 0.5200 | Time: 0.3037
Epoch 00032 | Val_Loss 0.7501 | Time(s) 0.2698
EarlyStopping counter: 20 out of 30
Epoch 00033, Step00000 | Train_Loss: 0.5300 | Time: 0.3143
Epoch 00033 | Val_Loss 0.6764 | Time(s) 0.2691
EarlyStopping counter: 21 out of 30
Epoch 00034, Step00000 | Train_Loss: 0.4975 | Time: 0.3118
Epoch 00034 | Val_Loss 0.8083 | Time(s) 0.2637
EarlyStopping counter: 22 out of 30
Epoch 00035, Step00000 | Train_Loss: 0.4933 | Time: 0.3135
Epoch 00035 | Val_Loss 0.7475 | Time(s) 0.2710
EarlyStopping counter: 23 out of 30
Epoch 00036, Step00000 | Train_Loss: 0.4950 | Time: 0.3104
Epoch 00036 | Val_Loss 0.8730 | Time(s) 0.2649
EarlyStopping counter: 24 out of 30
Epoch 00037, Step00000 | Train_Loss: 0.4892 | Time: 0.3066
Epoch 00037 | Val_Loss 0.8963 | Time(s) 0.2631
EarlyStopping counter: 25 out of 30
Epoch 00038, Step00000 | Train_Loss: 0.4850 | Time: 0.3080
Epoch 00038 | Val_Loss 0.8274 | Time(s) 0.2582
EarlyStopping counter: 26 out of 30
Epoch 00039, Step00000 | Train_Loss: 0.4997 | Time: 0.3133
Epoch 00039 | Val_Loss 0.8118 | Time(s) 0.2564
EarlyStopping counter: 27 out of 30
Epoch 00040, Step00000 | Train_Loss: 0.4542 | Time: 0.3119
Epoch 00040 | Val_Loss 0.9219 | Time(s) 0.2579
EarlyStopping counter: 28 out of 30
Epoch 00041, Step00000 | Train_Loss: 0.4675 | Time: 0.3121
Epoch 00041 | Val_Loss 1.0047 | Time(s) 0.2587
EarlyStopping counter: 29 out of 30
Epoch 00042, Step00000 | Train_Loss: 0.4447 | Time: 0.3087
Epoch 00042 | Val_Loss 1.0506 | Time(s) 0.2581
EarlyStopping counter: 30 out of 30
Early stopping!
Early stopping!
defaultdict(<class 'float'>, {'roc_auc': 0.5260123734533184, 'MRR': 0.726539039039039})
defaultdict(<class 'float'>, {'roc_auc': 0.6622233244466489, 'MRR': 0.8216216216216216})
Completed: amazon_style_cct_features_fold_1 (rep 5)

--------------------------------------
Running model: HGT
Dataset: amazon_style_cct_features_fold_2
Repetition: 5
--------------------------------------
Loading nodes from amazon_style_cct_features_fold_2/node.dat
/home/simonettos/homhetgnn/HGB/LP/benchmark/data/amazon_style_cct_features_fold_2/node.dat
0 {}
1 {'0': 558}
2 {'0': 558, '1': 940}
node_count: {'0': 558, '1': 940, '2': 188}
('1', '6', '0'): src_max=939, dst_max=557
('1', '5', '1'): src_max=939, dst_max=939
('0', '7', '0'): src_max=557, dst_max=557
('0', '4', '0'): src_max=557, dst_max=557
('0', '3', '2'): src_max=557, dst_max=187
('0', '0', '0'): src_max=557, dst_max=553
('1', '2', '1'): src_max=938, dst_max=938
('1', '8', '1'): src_max=939, dst_max=939
('1', '10', '1'): src_max=795, dst_max=380
('1', '1', '1'): src_max=939, dst_max=928
('1', '9', '1'): src_max=791, dst_max=812
0 0
1 558
2 1498
6
Epoch 00000, Step00000 | Train_Loss: 0.9666 | Time: 0.5951
Epoch 00000 | Val_Loss 0.9632 | Time(s) 0.2190
Validation loss decreased (inf --> 0.963248).  Saving model ...
Epoch 00001, Step00000 | Train_Loss: 1.0415 | Time: 0.2964
Epoch 00001 | Val_Loss 1.6288 | Time(s) 0.2589
EarlyStopping counter: 1 out of 30
Epoch 00002, Step00000 | Train_Loss: 1.4895 | Time: 0.3146
Epoch 00002 | Val_Loss 0.6945 | Time(s) 0.2665
Validation loss decreased (0.963248 --> 0.694499).  Saving model ...
Epoch 00003, Step00000 | Train_Loss: 0.8509 | Time: 0.3168
Epoch 00003 | Val_Loss 1.4306 | Time(s) 0.2686
EarlyStopping counter: 1 out of 30
Epoch 00004, Step00000 | Train_Loss: 1.3466 | Time: 0.3181
Epoch 00004 | Val_Loss 0.7285 | Time(s) 0.2746
EarlyStopping counter: 2 out of 30
Epoch 00005, Step00000 | Train_Loss: 0.8084 | Time: 0.3208
Epoch 00005 | Val_Loss 0.9282 | Time(s) 0.2646
EarlyStopping counter: 3 out of 30
Epoch 00006, Step00000 | Train_Loss: 0.9113 | Time: 0.3180
Epoch 00006 | Val_Loss 1.1879 | Time(s) 0.2681
EarlyStopping counter: 4 out of 30
Epoch 00007, Step00000 | Train_Loss: 1.1499 | Time: 0.3212
Epoch 00007 | Val_Loss 0.7058 | Time(s) 0.2636
EarlyStopping counter: 5 out of 30
Epoch 00008, Step00000 | Train_Loss: 0.7749 | Time: 0.3247
Epoch 00008 | Val_Loss 0.8542 | Time(s) 0.2693
EarlyStopping counter: 6 out of 30
Epoch 00009, Step00000 | Train_Loss: 0.8727 | Time: 0.3223
Epoch 00009 | Val_Loss 0.8834 | Time(s) 0.2704
EarlyStopping counter: 7 out of 30
Epoch 00010, Step00000 | Train_Loss: 0.8785 | Time: 0.3231
Epoch 00010 | Val_Loss 0.6342 | Time(s) 0.2642
Validation loss decreased (0.694499 --> 0.634151).  Saving model ...
Epoch 00011, Step00000 | Train_Loss: 0.7269 | Time: 0.2904
Epoch 00011 | Val_Loss 0.7892 | Time(s) 0.2652
EarlyStopping counter: 1 out of 30
Epoch 00012, Step00000 | Train_Loss: 0.8197 | Time: 0.3168
Epoch 00012 | Val_Loss 0.9478 | Time(s) 0.2694
EarlyStopping counter: 2 out of 30
Epoch 00013, Step00000 | Train_Loss: 0.8558 | Time: 0.3176
Epoch 00013 | Val_Loss 0.7199 | Time(s) 0.2696
EarlyStopping counter: 3 out of 30
Epoch 00014, Step00000 | Train_Loss: 0.7315 | Time: 0.3195
Epoch 00014 | Val_Loss 0.6598 | Time(s) 0.2704
EarlyStopping counter: 4 out of 30
Epoch 00015, Step00000 | Train_Loss: 0.6686 | Time: 0.3200
Epoch 00015 | Val_Loss 0.8292 | Time(s) 0.2686
EarlyStopping counter: 5 out of 30
Epoch 00016, Step00000 | Train_Loss: 0.7483 | Time: 0.3212
Epoch 00016 | Val_Loss 0.9040 | Time(s) 0.2705
EarlyStopping counter: 6 out of 30
Epoch 00017, Step00000 | Train_Loss: 0.7507 | Time: 0.3240
Epoch 00017 | Val_Loss 0.6796 | Time(s) 0.2655
EarlyStopping counter: 7 out of 30
Epoch 00018, Step00000 | Train_Loss: 0.6243 | Time: 0.3203
Epoch 00018 | Val_Loss 0.6963 | Time(s) 0.2700
EarlyStopping counter: 8 out of 30
Epoch 00019, Step00000 | Train_Loss: 0.6569 | Time: 0.3247
Epoch 00019 | Val_Loss 0.6940 | Time(s) 0.2649
EarlyStopping counter: 9 out of 30
Epoch 00020, Step00000 | Train_Loss: 0.7007 | Time: 0.3195
Epoch 00020 | Val_Loss 0.6524 | Time(s) 0.2723
EarlyStopping counter: 10 out of 30
Epoch 00021, Step00000 | Train_Loss: 0.5850 | Time: 0.3220
Epoch 00021 | Val_Loss 0.6980 | Time(s) 0.2640
EarlyStopping counter: 11 out of 30
Epoch 00022, Step00000 | Train_Loss: 0.5712 | Time: 0.3188
Epoch 00022 | Val_Loss 0.8392 | Time(s) 0.2723
EarlyStopping counter: 12 out of 30
Epoch 00023, Step00000 | Train_Loss: 0.6353 | Time: 0.3247
Epoch 00023 | Val_Loss 0.7452 | Time(s) 0.2696
EarlyStopping counter: 13 out of 30
Epoch 00024, Step00000 | Train_Loss: 0.5600 | Time: 0.3216
Epoch 00024 | Val_Loss 0.7059 | Time(s) 0.2672
EarlyStopping counter: 14 out of 30
Epoch 00025, Step00000 | Train_Loss: 0.5265 | Time: 0.3205
Epoch 00025 | Val_Loss 0.7651 | Time(s) 0.2681
EarlyStopping counter: 15 out of 30
Epoch 00026, Step00000 | Train_Loss: 0.5722 | Time: 0.3191
Epoch 00026 | Val_Loss 0.7399 | Time(s) 0.2689
EarlyStopping counter: 16 out of 30
Epoch 00027, Step00000 | Train_Loss: 0.5026 | Time: 0.3234
Epoch 00027 | Val_Loss 0.8336 | Time(s) 0.2707
EarlyStopping counter: 17 out of 30
Epoch 00028, Step00000 | Train_Loss: 0.5533 | Time: 0.3230
Epoch 00028 | Val_Loss 0.7894 | Time(s) 0.2682
EarlyStopping counter: 18 out of 30
Epoch 00029, Step00000 | Train_Loss: 0.5022 | Time: 0.3228
Epoch 00029 | Val_Loss 0.7787 | Time(s) 0.2660
EarlyStopping counter: 19 out of 30
Epoch 00030, Step00000 | Train_Loss: 0.4701 | Time: 0.3171
Epoch 00030 | Val_Loss 0.8334 | Time(s) 0.2678
EarlyStopping counter: 20 out of 30
Epoch 00031, Step00000 | Train_Loss: 0.4852 | Time: 0.3179
Epoch 00031 | Val_Loss 0.8953 | Time(s) 0.2702
EarlyStopping counter: 21 out of 30
Epoch 00032, Step00000 | Train_Loss: 0.4590 | Time: 0.3181
Epoch 00032 | Val_Loss 0.8617 | Time(s) 0.2633
EarlyStopping counter: 22 out of 30
Epoch 00033, Step00000 | Train_Loss: 0.4596 | Time: 0.3115
Epoch 00033 | Val_Loss 0.8676 | Time(s) 0.2669
EarlyStopping counter: 23 out of 30
Epoch 00034, Step00000 | Train_Loss: 0.4430 | Time: 0.3102
Epoch 00034 | Val_Loss 0.7916 | Time(s) 0.2704
EarlyStopping counter: 24 out of 30
Epoch 00035, Step00000 | Train_Loss: 0.4816 | Time: 0.3184
Epoch 00035 | Val_Loss 0.8973 | Time(s) 0.2653
EarlyStopping counter: 25 out of 30
Epoch 00036, Step00000 | Train_Loss: 0.4250 | Time: 0.3127
Epoch 00036 | Val_Loss 0.8637 | Time(s) 0.2715
EarlyStopping counter: 26 out of 30
Epoch 00037, Step00000 | Train_Loss: 0.4508 | Time: 0.3073
Epoch 00037 | Val_Loss 0.8277 | Time(s) 0.2681
EarlyStopping counter: 27 out of 30
Epoch 00038, Step00000 | Train_Loss: 0.4111 | Time: 0.2773
Epoch 00038 | Val_Loss 0.8154 | Time(s) 0.2235
EarlyStopping counter: 28 out of 30
Epoch 00039, Step00000 | Train_Loss: 0.4092 | Time: 0.2707
Epoch 00039 | Val_Loss 0.8117 | Time(s) 0.1263
EarlyStopping counter: 29 out of 30
Epoch 00040, Step00000 | Train_Loss: 0.4041 | Time: 0.1731
Epoch 00040 | Val_Loss 0.8392 | Time(s) 0.1250
EarlyStopping counter: 30 out of 30
Early stopping!
Early stopping!
defaultdict(<class 'float'>, {'roc_auc': 0.5404817044928207, 'MRR': 0.7481373501781665})
defaultdict(<class 'float'>, {'roc_auc': 0.6719876970396002, 'MRR': 0.8185941043083901})
Completed: amazon_style_cct_features_fold_2 (rep 5)

--------------------------------------
Running model: HGT
Dataset: amazon_style_cct_features_fold_3
Repetition: 5
--------------------------------------
Loading nodes from amazon_style_cct_features_fold_3/node.dat
/home/simonettos/homhetgnn/HGB/LP/benchmark/data/amazon_style_cct_features_fold_3/node.dat
0 {}
1 {'0': 558}
2 {'0': 558, '1': 940}
node_count: {'0': 558, '1': 940, '2': 188}
('1', '6', '0'): src_max=939, dst_max=556
('1', '5', '1'): src_max=939, dst_max=939
('0', '7', '0'): src_max=557, dst_max=557
('0', '4', '0'): src_max=557, dst_max=557
('0', '3', '2'): src_max=557, dst_max=186
('0', '0', '0'): src_max=557, dst_max=553
('1', '2', '1'): src_max=938, dst_max=938
('1', '8', '1'): src_max=939, dst_max=939
('1', '10', '1'): src_max=795, dst_max=380
('1', '1', '1'): src_max=939, dst_max=928
('1', '9', '1'): src_max=791, dst_max=812
0 0
1 558
2 1498
6
Epoch 00000, Step00000 | Train_Loss: 1.1616 | Time: 0.6114
Epoch 00000 | Val_Loss 2.2653 | Time(s) 0.2653
Validation loss decreased (inf --> 2.265254).  Saving model ...
Epoch 00001, Step00000 | Train_Loss: 2.0112 | Time: 0.3155
Epoch 00001 | Val_Loss 0.9082 | Time(s) 0.2674
Validation loss decreased (2.265254 --> 0.908177).  Saving model ...
Epoch 00002, Step00000 | Train_Loss: 1.0261 | Time: 0.3121
Epoch 00002 | Val_Loss 1.7896 | Time(s) 0.2673
EarlyStopping counter: 1 out of 30
Epoch 00003, Step00000 | Train_Loss: 1.5350 | Time: 0.3135
Epoch 00003 | Val_Loss 1.1818 | Time(s) 0.2610
EarlyStopping counter: 2 out of 30
Epoch 00004, Step00000 | Train_Loss: 1.1346 | Time: 0.3150
Epoch 00004 | Val_Loss 1.5917 | Time(s) 0.2653
EarlyStopping counter: 3 out of 30
Epoch 00005, Step00000 | Train_Loss: 1.4010 | Time: 0.3158
Epoch 00005 | Val_Loss 1.0380 | Time(s) 0.2660
EarlyStopping counter: 4 out of 30
Epoch 00006, Step00000 | Train_Loss: 1.1092 | Time: 0.3165
Epoch 00006 | Val_Loss 1.3130 | Time(s) 0.2642
EarlyStopping counter: 5 out of 30
Epoch 00007, Step00000 | Train_Loss: 1.1948 | Time: 0.3100
Epoch 00007 | Val_Loss 0.7946 | Time(s) 0.2640
Validation loss decreased (0.908177 --> 0.794577).  Saving model ...
Epoch 00008, Step00000 | Train_Loss: 0.8863 | Time: 0.3143
Epoch 00008 | Val_Loss 1.4586 | Time(s) 0.2526
EarlyStopping counter: 1 out of 30
Epoch 00009, Step00000 | Train_Loss: 1.2818 | Time: 0.3045
Epoch 00009 | Val_Loss 0.6942 | Time(s) 0.2641
Validation loss decreased (0.794577 --> 0.694183).  Saving model ...
Epoch 00010, Step00000 | Train_Loss: 0.7868 | Time: 0.3161
Epoch 00010 | Val_Loss 1.3453 | Time(s) 0.2647
EarlyStopping counter: 1 out of 30
Epoch 00011, Step00000 | Train_Loss: 1.1726 | Time: 0.3192
Epoch 00011 | Val_Loss 0.7058 | Time(s) 0.2657
EarlyStopping counter: 2 out of 30
Epoch 00012, Step00000 | Train_Loss: 0.8050 | Time: 0.3172
Epoch 00012 | Val_Loss 0.9097 | Time(s) 0.2604
EarlyStopping counter: 3 out of 30
Epoch 00013, Step00000 | Train_Loss: 0.8865 | Time: 0.3159
Epoch 00013 | Val_Loss 0.9630 | Time(s) 0.2607
EarlyStopping counter: 4 out of 30
Epoch 00014, Step00000 | Train_Loss: 0.9280 | Time: 0.3063
Epoch 00014 | Val_Loss 0.6890 | Time(s) 0.2624
Validation loss decreased (0.694183 --> 0.689033).  Saving model ...
Epoch 00015, Step00000 | Train_Loss: 0.7531 | Time: 0.3100
Epoch 00015 | Val_Loss 0.9419 | Time(s) 0.2627
EarlyStopping counter: 1 out of 30
Epoch 00016, Step00000 | Train_Loss: 0.8691 | Time: 0.3107
Epoch 00016 | Val_Loss 0.6998 | Time(s) 0.2663
EarlyStopping counter: 2 out of 30
Epoch 00017, Step00000 | Train_Loss: 0.7200 | Time: 0.3065
Epoch 00017 | Val_Loss 0.7600 | Time(s) 0.2732
EarlyStopping counter: 3 out of 30
Epoch 00018, Step00000 | Train_Loss: 0.7328 | Time: 0.3124
Epoch 00018 | Val_Loss 0.9661 | Time(s) 0.2664
EarlyStopping counter: 4 out of 30
Epoch 00019, Step00000 | Train_Loss: 0.7979 | Time: 0.3078
Epoch 00019 | Val_Loss 0.7358 | Time(s) 0.2684
EarlyStopping counter: 5 out of 30
Epoch 00020, Step00000 | Train_Loss: 0.6376 | Time: 0.3042
Epoch 00020 | Val_Loss 0.8031 | Time(s) 0.2669
EarlyStopping counter: 6 out of 30
Epoch 00021, Step00000 | Train_Loss: 0.6498 | Time: 0.3078
Epoch 00021 | Val_Loss 1.0008 | Time(s) 0.2714
EarlyStopping counter: 7 out of 30
Epoch 00022, Step00000 | Train_Loss: 0.7361 | Time: 0.3105
Epoch 00022 | Val_Loss 0.9728 | Time(s) 0.2687
EarlyStopping counter: 8 out of 30
Epoch 00023, Step00000 | Train_Loss: 0.6837 | Time: 0.3121
Epoch 00023 | Val_Loss 0.8840 | Time(s) 0.2699
EarlyStopping counter: 9 out of 30
Epoch 00024, Step00000 | Train_Loss: 0.5934 | Time: 0.3087
Epoch 00024 | Val_Loss 0.9591 | Time(s) 0.2731
EarlyStopping counter: 10 out of 30
Epoch 00025, Step00000 | Train_Loss: 0.6325 | Time: 0.3085
Epoch 00025 | Val_Loss 1.0511 | Time(s) 0.2613
EarlyStopping counter: 11 out of 30
Epoch 00026, Step00000 | Train_Loss: 0.6543 | Time: 0.3135
Epoch 00026 | Val_Loss 0.9098 | Time(s) 0.2647
EarlyStopping counter: 12 out of 30
Epoch 00027, Step00000 | Train_Loss: 0.5854 | Time: 0.3171
Epoch 00027 | Val_Loss 0.9180 | Time(s) 0.2645
EarlyStopping counter: 13 out of 30
Epoch 00028, Step00000 | Train_Loss: 0.5692 | Time: 0.3167
Epoch 00028 | Val_Loss 0.9558 | Time(s) 0.2626
EarlyStopping counter: 14 out of 30
Epoch 00029, Step00000 | Train_Loss: 0.5760 | Time: 0.3138
Epoch 00029 | Val_Loss 0.9530 | Time(s) 0.2645
EarlyStopping counter: 15 out of 30
Epoch 00030, Step00000 | Train_Loss: 0.5448 | Time: 0.3152
Epoch 00030 | Val_Loss 1.0001 | Time(s) 0.2593
EarlyStopping counter: 16 out of 30
Epoch 00031, Step00000 | Train_Loss: 0.5613 | Time: 0.3151
Epoch 00031 | Val_Loss 1.0029 | Time(s) 0.2590
EarlyStopping counter: 17 out of 30
Epoch 00032, Step00000 | Train_Loss: 0.5637 | Time: 0.3124
Epoch 00032 | Val_Loss 1.0186 | Time(s) 0.2654
EarlyStopping counter: 18 out of 30
Epoch 00033, Step00000 | Train_Loss: 0.5448 | Time: 0.3165
Epoch 00033 | Val_Loss 0.9975 | Time(s) 0.2558
EarlyStopping counter: 19 out of 30
Epoch 00034, Step00000 | Train_Loss: 0.5390 | Time: 0.3068
Epoch 00034 | Val_Loss 1.0107 | Time(s) 0.2618
EarlyStopping counter: 20 out of 30
Epoch 00035, Step00000 | Train_Loss: 0.5283 | Time: 0.2666
Epoch 00035 | Val_Loss 0.9681 | Time(s) 0.2205
EarlyStopping counter: 21 out of 30
Epoch 00036, Step00000 | Train_Loss: 0.5330 | Time: 0.2685
Epoch 00036 | Val_Loss 0.9458 | Time(s) 0.2188
EarlyStopping counter: 22 out of 30
Epoch 00037, Step00000 | Train_Loss: 0.5260 | Time: 0.2174
Epoch 00037 | Val_Loss 0.9309 | Time(s) 0.1160
EarlyStopping counter: 23 out of 30
Epoch 00038, Step00000 | Train_Loss: 0.5481 | Time: 0.1629
Epoch 00038 | Val_Loss 0.9094 | Time(s) 0.1157
EarlyStopping counter: 24 out of 30
Epoch 00039, Step00000 | Train_Loss: 0.5695 | Time: 0.1639
Epoch 00039 | Val_Loss 0.8332 | Time(s) 0.2207
EarlyStopping counter: 25 out of 30
Epoch 00040, Step00000 | Train_Loss: 0.5053 | Time: 0.2671
Epoch 00040 | Val_Loss 0.8005 | Time(s) 0.2188
EarlyStopping counter: 26 out of 30
Epoch 00041, Step00000 | Train_Loss: 0.5254 | Time: 0.2665
Epoch 00041 | Val_Loss 0.8214 | Time(s) 0.2211
EarlyStopping counter: 27 out of 30
Epoch 00042, Step00000 | Train_Loss: 0.5398 | Time: 0.2686
Epoch 00042 | Val_Loss 0.8188 | Time(s) 0.2194
EarlyStopping counter: 28 out of 30
Epoch 00043, Step00000 | Train_Loss: 0.4630 | Time: 0.2686
Epoch 00043 | Val_Loss 0.8552 | Time(s) 0.2488
EarlyStopping counter: 29 out of 30
Epoch 00044, Step00000 | Train_Loss: 0.5140 | Time: 0.3055
Epoch 00044 | Val_Loss 0.7701 | Time(s) 0.2594
EarlyStopping counter: 30 out of 30
Early stopping!
Early stopping!
defaultdict(<class 'float'>, {'roc_auc': 0.5056797692030293, 'MRR': 0.7485785358919688})
defaultdict(<class 'float'>, {'roc_auc': 0.6119829072105716, 'MRR': 0.7974709784411276})
Completed: amazon_style_cct_features_fold_3 (rep 5)

--------------------------------------
Running model: HGT
Dataset: amazon_style_cct_features_fold_4
Repetition: 5
--------------------------------------
Loading nodes from amazon_style_cct_features_fold_4/node.dat
/home/simonettos/homhetgnn/HGB/LP/benchmark/data/amazon_style_cct_features_fold_4/node.dat
0 {}
1 {'0': 558}
2 {'0': 558, '1': 940}
node_count: {'0': 558, '1': 940, '2': 188}
('1', '6', '0'): src_max=939, dst_max=557
('1', '5', '1'): src_max=939, dst_max=939
('0', '7', '0'): src_max=557, dst_max=557
('0', '4', '0'): src_max=557, dst_max=557
('0', '3', '2'): src_max=557, dst_max=185
('0', '0', '0'): src_max=557, dst_max=553
('1', '2', '1'): src_max=938, dst_max=938
('1', '8', '1'): src_max=939, dst_max=939
('1', '10', '1'): src_max=795, dst_max=380
('1', '1', '1'): src_max=939, dst_max=928
('1', '9', '1'): src_max=791, dst_max=812
0 0
1 558
2 1498
6
Epoch 00000, Step00000 | Train_Loss: 0.9649 | Time: 0.6279
Epoch 00000 | Val_Loss 1.0632 | Time(s) 0.2748
Validation loss decreased (inf --> 1.063163).  Saving model ...
Epoch 00001, Step00000 | Train_Loss: 1.1185 | Time: 0.3236
Epoch 00001 | Val_Loss 1.3556 | Time(s) 0.2778
EarlyStopping counter: 1 out of 30
Epoch 00002, Step00000 | Train_Loss: 1.1946 | Time: 0.3200
Epoch 00002 | Val_Loss 0.7814 | Time(s) 0.2773
Validation loss decreased (1.063163 --> 0.781403).  Saving model ...
Epoch 00003, Step00000 | Train_Loss: 0.8607 | Time: 0.3246
Epoch 00003 | Val_Loss 1.3311 | Time(s) 0.2798
EarlyStopping counter: 1 out of 30
Epoch 00004, Step00000 | Train_Loss: 1.2008 | Time: 0.3170
Epoch 00004 | Val_Loss 0.6672 | Time(s) 0.2827
Validation loss decreased (0.781403 --> 0.667208).  Saving model ...
Epoch 00005, Step00000 | Train_Loss: 0.7783 | Time: 0.3201
Epoch 00005 | Val_Loss 1.1408 | Time(s) 0.2772
EarlyStopping counter: 1 out of 30
Epoch 00006, Step00000 | Train_Loss: 1.0919 | Time: 0.3242
Epoch 00006 | Val_Loss 0.7657 | Time(s) 0.2793
EarlyStopping counter: 2 out of 30
Epoch 00007, Step00000 | Train_Loss: 0.8186 | Time: 0.3211
Epoch 00007 | Val_Loss 0.8322 | Time(s) 0.2797
EarlyStopping counter: 3 out of 30
Epoch 00008, Step00000 | Train_Loss: 0.8766 | Time: 0.3192
Epoch 00008 | Val_Loss 1.0899 | Time(s) 0.2754
EarlyStopping counter: 4 out of 30
Epoch 00009, Step00000 | Train_Loss: 1.0145 | Time: 0.2927
Epoch 00009 | Val_Loss 0.6941 | Time(s) 0.2794
EarlyStopping counter: 5 out of 30
Epoch 00010, Step00000 | Train_Loss: 0.7342 | Time: 0.3199
Epoch 00010 | Val_Loss 0.8320 | Time(s) 0.2789
EarlyStopping counter: 6 out of 30
Epoch 00011, Step00000 | Train_Loss: 0.8184 | Time: 0.3191
Epoch 00011 | Val_Loss 1.1934 | Time(s) 0.2811
EarlyStopping counter: 7 out of 30
Epoch 00012, Step00000 | Train_Loss: 1.0754 | Time: 0.3208
Epoch 00012 | Val_Loss 1.0433 | Time(s) 0.2711
EarlyStopping counter: 8 out of 30
Epoch 00013, Step00000 | Train_Loss: 0.9180 | Time: 0.3191
Epoch 00013 | Val_Loss 0.6774 | Time(s) 0.2781
EarlyStopping counter: 9 out of 30
Epoch 00014, Step00000 | Train_Loss: 0.6911 | Time: 0.3161
Epoch 00014 | Val_Loss 0.6886 | Time(s) 0.2752
EarlyStopping counter: 10 out of 30
Epoch 00015, Step00000 | Train_Loss: 0.7084 | Time: 0.3195
Epoch 00015 | Val_Loss 0.9561 | Time(s) 0.2752
EarlyStopping counter: 11 out of 30
Epoch 00016, Step00000 | Train_Loss: 0.7804 | Time: 0.3206
Epoch 00016 | Val_Loss 0.8464 | Time(s) 0.2699
EarlyStopping counter: 12 out of 30
Epoch 00017, Step00000 | Train_Loss: 0.7636 | Time: 0.3178
Epoch 00017 | Val_Loss 0.7581 | Time(s) 0.2739
EarlyStopping counter: 13 out of 30
Epoch 00018, Step00000 | Train_Loss: 0.6557 | Time: 0.3205
Epoch 00018 | Val_Loss 0.8807 | Time(s) 0.2730
EarlyStopping counter: 14 out of 30
Epoch 00019, Step00000 | Train_Loss: 0.5944 | Time: 0.3211
Epoch 00019 | Val_Loss 0.9160 | Time(s) 0.2707
EarlyStopping counter: 15 out of 30
Epoch 00020, Step00000 | Train_Loss: 0.6267 | Time: 0.3117
Epoch 00020 | Val_Loss 0.9933 | Time(s) 0.2718
EarlyStopping counter: 16 out of 30
Epoch 00021, Step00000 | Train_Loss: 0.6253 | Time: 0.2765
Epoch 00021 | Val_Loss 0.8564 | Time(s) 0.2273
EarlyStopping counter: 17 out of 30
Epoch 00022, Step00000 | Train_Loss: 0.5721 | Time: 0.2740
Epoch 00022 | Val_Loss 0.8853 | Time(s) 0.2253
EarlyStopping counter: 18 out of 30
Epoch 00023, Step00000 | Train_Loss: 0.5357 | Time: 0.2777
Epoch 00023 | Val_Loss 0.9310 | Time(s) 0.2249
EarlyStopping counter: 19 out of 30
Epoch 00024, Step00000 | Train_Loss: 0.5467 | Time: 0.2759
Epoch 00024 | Val_Loss 0.9778 | Time(s) 0.2256
EarlyStopping counter: 20 out of 30
Epoch 00025, Step00000 | Train_Loss: 0.5387 | Time: 0.2765
Epoch 00025 | Val_Loss 0.9746 | Time(s) 0.2255
EarlyStopping counter: 21 out of 30
Epoch 00026, Step00000 | Train_Loss: 0.5152 | Time: 0.2751
Epoch 00026 | Val_Loss 0.9078 | Time(s) 0.2263
EarlyStopping counter: 22 out of 30
Epoch 00027, Step00000 | Train_Loss: 0.5219 | Time: 0.2795
Epoch 00027 | Val_Loss 0.9442 | Time(s) 0.2254
EarlyStopping counter: 23 out of 30
Epoch 00028, Step00000 | Train_Loss: 0.5158 | Time: 0.2735
Epoch 00028 | Val_Loss 1.0104 | Time(s) 0.2278
EarlyStopping counter: 24 out of 30
Epoch 00029, Step00000 | Train_Loss: 0.5104 | Time: 0.3080
Epoch 00029 | Val_Loss 1.0693 | Time(s) 0.2623
EarlyStopping counter: 25 out of 30
Epoch 00030, Step00000 | Train_Loss: 0.4821 | Time: 0.3192
Epoch 00030 | Val_Loss 1.2207 | Time(s) 0.2778
EarlyStopping counter: 26 out of 30
Epoch 00031, Step00000 | Train_Loss: 0.4870 | Time: 0.3263
Epoch 00031 | Val_Loss 1.0814 | Time(s) 0.2806
EarlyStopping counter: 27 out of 30
Epoch 00032, Step00000 | Train_Loss: 0.4720 | Time: 0.3217
Epoch 00032 | Val_Loss 1.0878 | Time(s) 0.2796
EarlyStopping counter: 28 out of 30
Epoch 00033, Step00000 | Train_Loss: 0.4970 | Time: 0.3199
Epoch 00033 | Val_Loss 1.1756 | Time(s) 0.2783
EarlyStopping counter: 29 out of 30
Epoch 00034, Step00000 | Train_Loss: 0.4881 | Time: 0.3213
Epoch 00034 | Val_Loss 1.2135 | Time(s) 0.2371
EarlyStopping counter: 30 out of 30
Early stopping!
Early stopping!
defaultdict(<class 'float'>, {'roc_auc': 0.5163568313825185, 'MRR': 0.7340686274509803})
defaultdict(<class 'float'>, {'roc_auc': 0.6101258731464785, 'MRR': 0.8066176470588236})
Completed: amazon_style_cct_features_fold_4 (rep 5)

--------------------------------------
Running model: HGT
Dataset: amazon_style_cct_features_fold_5
Repetition: 5
--------------------------------------
Loading nodes from amazon_style_cct_features_fold_5/node.dat
/home/simonettos/homhetgnn/HGB/LP/benchmark/data/amazon_style_cct_features_fold_5/node.dat
0 {}
1 {'0': 558}
2 {'0': 558, '1': 940}
node_count: {'0': 558, '1': 940, '2': 188}
('1', '6', '0'): src_max=939, dst_max=556
('1', '5', '1'): src_max=939, dst_max=939
('0', '7', '0'): src_max=557, dst_max=557
('0', '4', '0'): src_max=557, dst_max=557
('0', '3', '2'): src_max=557, dst_max=186
('0', '0', '0'): src_max=557, dst_max=553
('1', '2', '1'): src_max=938, dst_max=938
('1', '8', '1'): src_max=939, dst_max=939
('1', '10', '1'): src_max=795, dst_max=380
('1', '1', '1'): src_max=939, dst_max=928
('1', '9', '1'): src_max=791, dst_max=812
0 0
1 558
2 1498
6
Epoch 00000, Step00000 | Train_Loss: 1.1503 | Time: 0.6271
Epoch 00000 | Val_Loss 2.7055 | Time(s) 0.2732
Validation loss decreased (inf --> 2.705527).  Saving model ...
Epoch 00001, Step00000 | Train_Loss: 2.1778 | Time: 0.3226
Epoch 00001 | Val_Loss 1.1018 | Time(s) 0.2757
Validation loss decreased (2.705527 --> 1.101818).  Saving model ...
Epoch 00002, Step00000 | Train_Loss: 1.1359 | Time: 0.3199
Epoch 00002 | Val_Loss 1.9659 | Time(s) 0.2802
EarlyStopping counter: 1 out of 30
Epoch 00003, Step00000 | Train_Loss: 1.5797 | Time: 0.3241
Epoch 00003 | Val_Loss 1.2951 | Time(s) 0.2798
EarlyStopping counter: 2 out of 30
Epoch 00004, Step00000 | Train_Loss: 1.2373 | Time: 0.3202
Epoch 00004 | Val_Loss 1.6224 | Time(s) 0.2830
EarlyStopping counter: 3 out of 30
Epoch 00005, Step00000 | Train_Loss: 1.4000 | Time: 0.3202
Epoch 00005 | Val_Loss 1.1794 | Time(s) 0.2820
EarlyStopping counter: 4 out of 30
Epoch 00006, Step00000 | Train_Loss: 1.1090 | Time: 0.3236
Epoch 00006 | Val_Loss 1.2158 | Time(s) 0.2793
EarlyStopping counter: 5 out of 30
Epoch 00007, Step00000 | Train_Loss: 1.1200 | Time: 0.3194
Epoch 00007 | Val_Loss 1.0279 | Time(s) 0.2823
Validation loss decreased (1.101818 --> 1.027862).  Saving model ...
Epoch 00008, Step00000 | Train_Loss: 0.9878 | Time: 0.3209
Epoch 00008 | Val_Loss 1.3080 | Time(s) 0.2747
EarlyStopping counter: 1 out of 30
Epoch 00009, Step00000 | Train_Loss: 1.1898 | Time: 0.3203
Epoch 00009 | Val_Loss 0.7750 | Time(s) 0.2749
Validation loss decreased (1.027862 --> 0.774964).  Saving model ...
Epoch 00010, Step00000 | Train_Loss: 0.8202 | Time: 0.3185
Epoch 00010 | Val_Loss 1.3030 | Time(s) 0.2748
EarlyStopping counter: 1 out of 30
Epoch 00011, Step00000 | Train_Loss: 1.1727 | Time: 0.3217
Epoch 00011 | Val_Loss 0.6838 | Time(s) 0.2739
Validation loss decreased (0.774964 --> 0.683777).  Saving model ...
Epoch 00012, Step00000 | Train_Loss: 0.7659 | Time: 0.3247
Epoch 00012 | Val_Loss 1.2549 | Time(s) 0.2735
EarlyStopping counter: 1 out of 30
Epoch 00013, Step00000 | Train_Loss: 1.1275 | Time: 0.3271
Epoch 00013 | Val_Loss 0.8225 | Time(s) 0.2728
EarlyStopping counter: 2 out of 30
Epoch 00014, Step00000 | Train_Loss: 0.8360 | Time: 0.3273
Epoch 00014 | Val_Loss 0.7627 | Time(s) 0.2729
EarlyStopping counter: 3 out of 30
Epoch 00015, Step00000 | Train_Loss: 0.7892 | Time: 0.3283
Epoch 00015 | Val_Loss 1.0002 | Time(s) 0.2732
EarlyStopping counter: 4 out of 30
Epoch 00016, Step00000 | Train_Loss: 0.9112 | Time: 0.3244
Epoch 00016 | Val_Loss 0.6705 | Time(s) 0.2678
Validation loss decreased (0.683777 --> 0.670530).  Saving model ...
Epoch 00017, Step00000 | Train_Loss: 0.6778 | Time: 0.3130
Epoch 00017 | Val_Loss 0.8742 | Time(s) 0.2697
EarlyStopping counter: 1 out of 30
Epoch 00018, Step00000 | Train_Loss: 0.8388 | Time: 0.3229
Epoch 00018 | Val_Loss 0.7069 | Time(s) 0.2728
EarlyStopping counter: 2 out of 30
Epoch 00019, Step00000 | Train_Loss: 0.6964 | Time: 0.3245
Epoch 00019 | Val_Loss 0.7499 | Time(s) 0.2661
EarlyStopping counter: 3 out of 30
Epoch 00020, Step00000 | Train_Loss: 0.7057 | Time: 0.3168
Epoch 00020 | Val_Loss 0.8323 | Time(s) 0.2530
EarlyStopping counter: 4 out of 30
Epoch 00021, Step00000 | Train_Loss: 0.7721 | Time: 0.2743
Epoch 00021 | Val_Loss 0.6704 | Time(s) 0.2246
Validation loss decreased (0.670530 --> 0.670448).  Saving model ...
Epoch 00022, Step00000 | Train_Loss: 0.6338 | Time: 0.2741
Epoch 00022 | Val_Loss 0.8189 | Time(s) 0.2260
EarlyStopping counter: 1 out of 30
Epoch 00023, Step00000 | Train_Loss: 0.6920 | Time: 0.2753
Epoch 00023 | Val_Loss 0.8267 | Time(s) 0.2265
EarlyStopping counter: 2 out of 30
Epoch 00024, Step00000 | Train_Loss: 0.6149 | Time: 0.2756
Epoch 00024 | Val_Loss 0.7699 | Time(s) 0.2259
EarlyStopping counter: 3 out of 30
Epoch 00025, Step00000 | Train_Loss: 0.6223 | Time: 0.2751
Epoch 00025 | Val_Loss 0.8028 | Time(s) 0.2263
EarlyStopping counter: 4 out of 30
Epoch 00026, Step00000 | Train_Loss: 0.6291 | Time: 0.2765
Epoch 00026 | Val_Loss 0.7534 | Time(s) 0.2310
EarlyStopping counter: 5 out of 30
Epoch 00027, Step00000 | Train_Loss: 0.5736 | Time: 0.2738
Epoch 00027 | Val_Loss 0.8863 | Time(s) 0.2248
EarlyStopping counter: 6 out of 30
Epoch 00028, Step00000 | Train_Loss: 0.5989 | Time: 0.2810
Epoch 00028 | Val_Loss 0.7738 | Time(s) 0.2631
EarlyStopping counter: 7 out of 30
Epoch 00029, Step00000 | Train_Loss: 0.5405 | Time: 0.3186
Epoch 00029 | Val_Loss 0.8550 | Time(s) 0.2709
EarlyStopping counter: 8 out of 30
Epoch 00030, Step00000 | Train_Loss: 0.5594 | Time: 0.3262
Epoch 00030 | Val_Loss 0.8317 | Time(s) 0.2705
EarlyStopping counter: 9 out of 30
Epoch 00031, Step00000 | Train_Loss: 0.5520 | Time: 0.3247
Epoch 00031 | Val_Loss 0.7525 | Time(s) 0.2745
EarlyStopping counter: 10 out of 30
Epoch 00032, Step00000 | Train_Loss: 0.5181 | Time: 0.3254
Epoch 00032 | Val_Loss 0.7377 | Time(s) 0.2720
EarlyStopping counter: 11 out of 30
Epoch 00033, Step00000 | Train_Loss: 0.5298 | Time: 0.3227
Epoch 00033 | Val_Loss 0.7861 | Time(s) 0.2691
EarlyStopping counter: 12 out of 30
Epoch 00034, Step00000 | Train_Loss: 0.5146 | Time: 0.3205
Epoch 00034 | Val_Loss 0.8057 | Time(s) 0.2734
EarlyStopping counter: 13 out of 30
Epoch 00035, Step00000 | Train_Loss: 0.5047 | Time: 0.3222
Epoch 00035 | Val_Loss 0.6925 | Time(s) 0.2736
EarlyStopping counter: 14 out of 30
Epoch 00036, Step00000 | Train_Loss: 0.4897 | Time: 0.3265
Epoch 00036 | Val_Loss 0.7835 | Time(s) 0.2727
EarlyStopping counter: 15 out of 30
Epoch 00037, Step00000 | Train_Loss: 0.4982 | Time: 0.3267
Epoch 00037 | Val_Loss 0.7829 | Time(s) 0.2738
EarlyStopping counter: 16 out of 30
Epoch 00038, Step00000 | Train_Loss: 0.4913 | Time: 0.3248
Epoch 00038 | Val_Loss 0.7905 | Time(s) 0.2708
EarlyStopping counter: 17 out of 30
Epoch 00039, Step00000 | Train_Loss: 0.4838 | Time: 0.3257
Epoch 00039 | Val_Loss 0.8028 | Time(s) 0.2801
EarlyStopping counter: 18 out of 30
Epoch 00040, Step00000 | Train_Loss: 0.4625 | Time: 0.3262
Epoch 00040 | Val_Loss 0.7989 | Time(s) 0.2734
EarlyStopping counter: 19 out of 30
Epoch 00041, Step00000 | Train_Loss: 0.4578 | Time: 0.3265
Epoch 00041 | Val_Loss 0.8009 | Time(s) 0.2689
EarlyStopping counter: 20 out of 30
Epoch 00042, Step00000 | Train_Loss: 0.4500 | Time: 0.3249
Epoch 00042 | Val_Loss 0.8868 | Time(s) 0.2460
EarlyStopping counter: 21 out of 30
Epoch 00043, Step00000 | Train_Loss: 0.4574 | Time: 0.2469
Epoch 00043 | Val_Loss 0.8844 | Time(s) 0.2006
EarlyStopping counter: 22 out of 30
Epoch 00044, Step00000 | Train_Loss: 0.4393 | Time: 0.2761
Epoch 00044 | Val_Loss 0.9610 | Time(s) 0.2699
EarlyStopping counter: 23 out of 30
Epoch 00045, Step00000 | Train_Loss: 0.4362 | Time: 0.3226
Epoch 00045 | Val_Loss 0.9456 | Time(s) 0.2738
EarlyStopping counter: 24 out of 30
Epoch 00046, Step00000 | Train_Loss: 0.4208 | Time: 0.3232
Epoch 00046 | Val_Loss 1.0237 | Time(s) 0.2718
EarlyStopping counter: 25 out of 30
Epoch 00047, Step00000 | Train_Loss: 0.3968 | Time: 0.3262
Epoch 00047 | Val_Loss 1.0529 | Time(s) 0.2731
EarlyStopping counter: 26 out of 30
Epoch 00048, Step00000 | Train_Loss: 0.4094 | Time: 0.3265
Epoch 00048 | Val_Loss 1.1390 | Time(s) 0.2738
EarlyStopping counter: 27 out of 30
Epoch 00049, Step00000 | Train_Loss: 0.3875 | Time: 0.3250
Epoch 00049 | Val_Loss 1.1536 | Time(s) 0.2761
EarlyStopping counter: 28 out of 30
Epoch 00050, Step00000 | Train_Loss: 0.3909 | Time: 0.3257
Epoch 00050 | Val_Loss 1.2322 | Time(s) 0.2710
EarlyStopping counter: 29 out of 30
Epoch 00051, Step00000 | Train_Loss: 0.3837 | Time: 0.3225
Epoch 00051 | Val_Loss 1.1898 | Time(s) 0.2740
EarlyStopping counter: 30 out of 30
Early stopping!
Early stopping!
defaultdict(<class 'float'>, {'roc_auc': 0.5284795321637427, 'MRR': 0.7378787878787879})
defaultdict(<class 'float'>, {'roc_auc': 0.6274622960911049, 'MRR': 0.7741833923652106})
Completed: amazon_style_cct_features_fold_5 (rep 5)

=== Repetition 6/6 ===
--------------------------------------
Running model: HGT
Dataset: amazon_style_cct_features_fold_1
Repetition: 6
--------------------------------------
Loading nodes from amazon_style_cct_features_fold_1/node.dat
/home/simonettos/homhetgnn/HGB/LP/benchmark/data/amazon_style_cct_features_fold_1/node.dat
0 {}
1 {'0': 558}
2 {'0': 558, '1': 940}
node_count: {'0': 558, '1': 940, '2': 188}
('1', '6', '0'): src_max=939, dst_max=557
('1', '5', '1'): src_max=939, dst_max=939
('1', '2', '1'): src_max=938, dst_max=938
('0', '7', '0'): src_max=557, dst_max=557
('0', '3', '2'): src_max=557, dst_max=187
('0', '4', '0'): src_max=557, dst_max=557
('1', '8', '1'): src_max=939, dst_max=939
('0', '0', '0'): src_max=557, dst_max=553
('1', '9', '1'): src_max=791, dst_max=812
('1', '1', '1'): src_max=939, dst_max=928
('1', '10', '1'): src_max=795, dst_max=380
0 0
1 558
2 1498
6
Epoch 00000, Step00000 | Train_Loss: 1.1869 | Time: 0.6198
Epoch 00000 | Val_Loss 2.1606 | Time(s) 0.2749
Validation loss decreased (inf --> 2.160602).  Saving model ...
Epoch 00001, Step00000 | Train_Loss: 1.8860 | Time: 0.3133
Epoch 00001 | Val_Loss 1.0897 | Time(s) 0.2753
Validation loss decreased (2.160602 --> 1.089706).  Saving model ...
Epoch 00002, Step00000 | Train_Loss: 1.1351 | Time: 0.3148
Epoch 00002 | Val_Loss 1.4697 | Time(s) 0.2725
EarlyStopping counter: 1 out of 30
Epoch 00003, Step00000 | Train_Loss: 1.3433 | Time: 0.3114
Epoch 00003 | Val_Loss 1.0374 | Time(s) 0.2747
Validation loss decreased (1.089706 --> 1.037418).  Saving model ...
Epoch 00004, Step00000 | Train_Loss: 1.0369 | Time: 0.3120
Epoch 00004 | Val_Loss 1.4195 | Time(s) 0.2765
EarlyStopping counter: 1 out of 30
Epoch 00005, Step00000 | Train_Loss: 1.2787 | Time: 0.3078
Epoch 00005 | Val_Loss 0.8841 | Time(s) 0.2647
Validation loss decreased (1.037418 --> 0.884090).  Saving model ...
Epoch 00006, Step00000 | Train_Loss: 0.9091 | Time: 0.2916
Epoch 00006 | Val_Loss 1.4333 | Time(s) 0.2246
EarlyStopping counter: 1 out of 30
Epoch 00007, Step00000 | Train_Loss: 1.3073 | Time: 0.2760
Epoch 00007 | Val_Loss 0.7268 | Time(s) 0.1725
Validation loss decreased (0.884090 --> 0.726844).  Saving model ...
Epoch 00008, Step00000 | Train_Loss: 0.8382 | Time: 0.2718
Epoch 00008 | Val_Loss 1.3703 | Time(s) 0.2214
EarlyStopping counter: 1 out of 30
Epoch 00009, Step00000 | Train_Loss: 1.1986 | Time: 0.2682
Epoch 00009 | Val_Loss 0.6941 | Time(s) 0.2213
Validation loss decreased (0.726844 --> 0.694131).  Saving model ...
Epoch 00010, Step00000 | Train_Loss: 0.7789 | Time: 0.2713
Epoch 00010 | Val_Loss 1.3419 | Time(s) 0.2216
EarlyStopping counter: 1 out of 30
Epoch 00011, Step00000 | Train_Loss: 1.1781 | Time: 0.2687
Epoch 00011 | Val_Loss 0.7205 | Time(s) 0.2211
EarlyStopping counter: 2 out of 30
Epoch 00012, Step00000 | Train_Loss: 0.7739 | Time: 0.2710
Epoch 00012 | Val_Loss 0.9702 | Time(s) 0.2213
EarlyStopping counter: 3 out of 30
Epoch 00013, Step00000 | Train_Loss: 0.9262 | Time: 0.2695
Epoch 00013 | Val_Loss 0.9971 | Time(s) 0.2239
EarlyStopping counter: 4 out of 30
Epoch 00014, Step00000 | Train_Loss: 0.9292 | Time: 0.2685
Epoch 00014 | Val_Loss 0.7176 | Time(s) 0.2203
EarlyStopping counter: 5 out of 30
Epoch 00015, Step00000 | Train_Loss: 0.7143 | Time: 0.2696
Epoch 00015 | Val_Loss 0.9916 | Time(s) 0.2215
EarlyStopping counter: 6 out of 30
Epoch 00016, Step00000 | Train_Loss: 0.8890 | Time: 0.2703
Epoch 00016 | Val_Loss 0.7245 | Time(s) 0.2191
EarlyStopping counter: 7 out of 30
Epoch 00017, Step00000 | Train_Loss: 0.7119 | Time: 0.2687
Epoch 00017 | Val_Loss 0.8958 | Time(s) 0.2219
EarlyStopping counter: 8 out of 30
Epoch 00018, Step00000 | Train_Loss: 0.7897 | Time: 0.2690
Epoch 00018 | Val_Loss 0.9591 | Time(s) 0.2237
EarlyStopping counter: 9 out of 30
Epoch 00019, Step00000 | Train_Loss: 0.7745 | Time: 0.2686
Epoch 00019 | Val_Loss 0.8469 | Time(s) 0.2219
EarlyStopping counter: 10 out of 30
Epoch 00020, Step00000 | Train_Loss: 0.6854 | Time: 0.2703
Epoch 00020 | Val_Loss 1.0835 | Time(s) 0.2218
EarlyStopping counter: 11 out of 30
Epoch 00021, Step00000 | Train_Loss: 0.7822 | Time: 0.2680
Epoch 00021 | Val_Loss 0.8829 | Time(s) 0.2211
EarlyStopping counter: 12 out of 30
Epoch 00022, Step00000 | Train_Loss: 0.6358 | Time: 0.2703
Epoch 00022 | Val_Loss 0.8895 | Time(s) 0.2220
EarlyStopping counter: 13 out of 30
Epoch 00023, Step00000 | Train_Loss: 0.6717 | Time: 0.2708
Epoch 00023 | Val_Loss 1.0636 | Time(s) 0.2223
EarlyStopping counter: 14 out of 30
Epoch 00024, Step00000 | Train_Loss: 0.6852 | Time: 0.2697
Epoch 00024 | Val_Loss 0.9422 | Time(s) 0.2175
EarlyStopping counter: 15 out of 30
Epoch 00025, Step00000 | Train_Loss: 0.5909 | Time: 0.2686
Epoch 00025 | Val_Loss 1.1152 | Time(s) 0.2221
EarlyStopping counter: 16 out of 30
Epoch 00026, Step00000 | Train_Loss: 0.6399 | Time: 0.2691
Epoch 00026 | Val_Loss 0.9725 | Time(s) 0.2190
EarlyStopping counter: 17 out of 30
Epoch 00027, Step00000 | Train_Loss: 0.5761 | Time: 0.2660
Epoch 00027 | Val_Loss 1.0700 | Time(s) 0.2237
EarlyStopping counter: 18 out of 30
Epoch 00028, Step00000 | Train_Loss: 0.6058 | Time: 0.2692
Epoch 00028 | Val_Loss 1.0154 | Time(s) 0.2235
EarlyStopping counter: 19 out of 30
Epoch 00029, Step00000 | Train_Loss: 0.5847 | Time: 0.2696
Epoch 00029 | Val_Loss 1.1411 | Time(s) 0.1689
EarlyStopping counter: 20 out of 30
Epoch 00030, Step00000 | Train_Loss: 0.5740 | Time: 0.1678
Epoch 00030 | Val_Loss 1.1639 | Time(s) 0.1184
EarlyStopping counter: 21 out of 30
Epoch 00031, Step00000 | Train_Loss: 0.5834 | Time: 0.1667
Epoch 00031 | Val_Loss 1.1494 | Time(s) 0.1372
EarlyStopping counter: 22 out of 30
Epoch 00032, Step00000 | Train_Loss: 0.5446 | Time: 0.2690
Epoch 00032 | Val_Loss 1.3257 | Time(s) 0.2231
EarlyStopping counter: 23 out of 30
Epoch 00033, Step00000 | Train_Loss: 0.5493 | Time: 0.2706
Epoch 00033 | Val_Loss 1.2717 | Time(s) 0.2204
EarlyStopping counter: 24 out of 30
Epoch 00034, Step00000 | Train_Loss: 0.5568 | Time: 0.2698
Epoch 00034 | Val_Loss 1.2600 | Time(s) 0.2215
EarlyStopping counter: 25 out of 30
Epoch 00035, Step00000 | Train_Loss: 0.5351 | Time: 0.2722
Epoch 00035 | Val_Loss 1.3042 | Time(s) 0.2230
EarlyStopping counter: 26 out of 30
Epoch 00036, Step00000 | Train_Loss: 0.5354 | Time: 0.2713
Epoch 00036 | Val_Loss 1.2553 | Time(s) 0.2226
EarlyStopping counter: 27 out of 30
Epoch 00037, Step00000 | Train_Loss: 0.5295 | Time: 0.2688
Epoch 00037 | Val_Loss 1.1568 | Time(s) 0.2217
EarlyStopping counter: 28 out of 30
Epoch 00038, Step00000 | Train_Loss: 0.5180 | Time: 0.2712
Epoch 00038 | Val_Loss 1.0733 | Time(s) 0.2216
EarlyStopping counter: 29 out of 30
Epoch 00039, Step00000 | Train_Loss: 0.5092 | Time: 0.2714
Epoch 00039 | Val_Loss 1.1658 | Time(s) 0.2240
EarlyStopping counter: 30 out of 30
Early stopping!
Early stopping!
defaultdict(<class 'float'>, {'roc_auc': 0.5487439070116235, 'MRR': 0.7550675675675675})
defaultdict(<class 'float'>, {'roc_auc': 0.6354082708165416, 'MRR': 0.8155405405405406})
Completed: amazon_style_cct_features_fold_1 (rep 6)

--------------------------------------
Running model: HGT
Dataset: amazon_style_cct_features_fold_2
Repetition: 6
--------------------------------------
Loading nodes from amazon_style_cct_features_fold_2/node.dat
/home/simonettos/homhetgnn/HGB/LP/benchmark/data/amazon_style_cct_features_fold_2/node.dat
0 {}
1 {'0': 558}
2 {'0': 558, '1': 940}
node_count: {'0': 558, '1': 940, '2': 188}
('1', '6', '0'): src_max=939, dst_max=557
('1', '5', '1'): src_max=939, dst_max=939
('0', '7', '0'): src_max=557, dst_max=556
('0', '4', '0'): src_max=557, dst_max=557
('0', '3', '2'): src_max=557, dst_max=187
('0', '0', '0'): src_max=557, dst_max=553
('1', '2', '1'): src_max=938, dst_max=938
('1', '8', '1'): src_max=939, dst_max=939
('1', '10', '1'): src_max=795, dst_max=380
('1', '1', '1'): src_max=939, dst_max=928
('1', '9', '1'): src_max=791, dst_max=812
0 0
1 558
2 1498
6
Epoch 00000, Step00000 | Train_Loss: 1.0668 | Time: 0.5722
Epoch 00000 | Val_Loss 2.2734 | Time(s) 0.2169
Validation loss decreased (inf --> 2.273413).  Saving model ...
Epoch 00001, Step00000 | Train_Loss: 1.8743 | Time: 0.2693
Epoch 00001 | Val_Loss 0.6875 | Time(s) 0.2202
Validation loss decreased (2.273413 --> 0.687523).  Saving model ...
Epoch 00002, Step00000 | Train_Loss: 0.8990 | Time: 0.2641
Epoch 00002 | Val_Loss 1.9466 | Time(s) 0.2202
EarlyStopping counter: 1 out of 30
Epoch 00003, Step00000 | Train_Loss: 1.5879 | Time: 0.2675
Epoch 00003 | Val_Loss 0.7459 | Time(s) 0.2184
EarlyStopping counter: 2 out of 30
Epoch 00004, Step00000 | Train_Loss: 0.9033 | Time: 0.2661
Epoch 00004 | Val_Loss 2.0702 | Time(s) 0.2195
EarlyStopping counter: 3 out of 30
Epoch 00005, Step00000 | Train_Loss: 1.6904 | Time: 0.2673
Epoch 00005 | Val_Loss 0.7750 | Time(s) 0.2225
EarlyStopping counter: 4 out of 30
Epoch 00006, Step00000 | Train_Loss: 0.8406 | Time: 0.2667
Epoch 00006 | Val_Loss 1.9194 | Time(s) 0.2158
EarlyStopping counter: 5 out of 30
Epoch 00007, Step00000 | Train_Loss: 1.6170 | Time: 0.2661
Epoch 00007 | Val_Loss 0.7500 | Time(s) 0.2211
EarlyStopping counter: 6 out of 30
Epoch 00008, Step00000 | Train_Loss: 0.8268 | Time: 0.2669
Epoch 00008 | Val_Loss 1.7159 | Time(s) 0.2199
EarlyStopping counter: 7 out of 30
Epoch 00009, Step00000 | Train_Loss: 1.4275 | Time: 0.2662
Epoch 00009 | Val_Loss 0.6977 | Time(s) 0.2192
EarlyStopping counter: 8 out of 30
Epoch 00010, Step00000 | Train_Loss: 0.7901 | Time: 0.2654
Epoch 00010 | Val_Loss 1.7413 | Time(s) 0.2204
EarlyStopping counter: 9 out of 30
Epoch 00011, Step00000 | Train_Loss: 1.4843 | Time: 0.2668
Epoch 00011 | Val_Loss 0.7371 | Time(s) 0.2202
EarlyStopping counter: 10 out of 30
Epoch 00012, Step00000 | Train_Loss: 0.8290 | Time: 0.2676
Epoch 00012 | Val_Loss 1.0967 | Time(s) 0.2162
EarlyStopping counter: 11 out of 30
Epoch 00013, Step00000 | Train_Loss: 1.0153 | Time: 0.2666
Epoch 00013 | Val_Loss 1.0656 | Time(s) 0.2203
EarlyStopping counter: 12 out of 30
Epoch 00014, Step00000 | Train_Loss: 0.9874 | Time: 0.2215
Epoch 00014 | Val_Loss 0.7039 | Time(s) 0.1183
EarlyStopping counter: 13 out of 30
Epoch 00015, Step00000 | Train_Loss: 0.7359 | Time: 0.1661
Epoch 00015 | Val_Loss 0.9915 | Time(s) 0.1183
EarlyStopping counter: 14 out of 30
Epoch 00016, Step00000 | Train_Loss: 0.8923 | Time: 0.1654
Epoch 00016 | Val_Loss 0.7444 | Time(s) 0.2188
EarlyStopping counter: 15 out of 30
Epoch 00017, Step00000 | Train_Loss: 0.6859 | Time: 0.2679
Epoch 00017 | Val_Loss 0.9806 | Time(s) 0.2200
EarlyStopping counter: 16 out of 30
Epoch 00018, Step00000 | Train_Loss: 0.8480 | Time: 0.2626
Epoch 00018 | Val_Loss 0.9416 | Time(s) 0.2198
EarlyStopping counter: 17 out of 30
Epoch 00019, Step00000 | Train_Loss: 0.7378 | Time: 0.2666
Epoch 00019 | Val_Loss 0.8103 | Time(s) 0.2181
EarlyStopping counter: 18 out of 30
Epoch 00020, Step00000 | Train_Loss: 0.6639 | Time: 0.2661
Epoch 00020 | Val_Loss 0.9821 | Time(s) 0.2183
EarlyStopping counter: 19 out of 30
Epoch 00021, Step00000 | Train_Loss: 0.7530 | Time: 0.2627
Epoch 00021 | Val_Loss 0.9029 | Time(s) 0.2183
EarlyStopping counter: 20 out of 30
Epoch 00022, Step00000 | Train_Loss: 0.6084 | Time: 0.2643
Epoch 00022 | Val_Loss 0.9092 | Time(s) 0.2191
EarlyStopping counter: 21 out of 30
Epoch 00023, Step00000 | Train_Loss: 0.6445 | Time: 0.2672
Epoch 00023 | Val_Loss 0.9530 | Time(s) 0.2186
EarlyStopping counter: 22 out of 30
Epoch 00024, Step00000 | Train_Loss: 0.6279 | Time: 0.2659
Epoch 00024 | Val_Loss 0.9496 | Time(s) 0.2193
EarlyStopping counter: 23 out of 30
Epoch 00025, Step00000 | Train_Loss: 0.5738 | Time: 0.2672
Epoch 00025 | Val_Loss 1.0268 | Time(s) 0.2181
EarlyStopping counter: 24 out of 30
Epoch 00026, Step00000 | Train_Loss: 0.6174 | Time: 0.2647
Epoch 00026 | Val_Loss 1.1137 | Time(s) 0.2199
EarlyStopping counter: 25 out of 30
Epoch 00027, Step00000 | Train_Loss: 0.5954 | Time: 0.2661
Epoch 00027 | Val_Loss 1.0861 | Time(s) 0.2189
EarlyStopping counter: 26 out of 30
Epoch 00028, Step00000 | Train_Loss: 0.5603 | Time: 0.2677
Epoch 00028 | Val_Loss 1.1390 | Time(s) 0.2177
EarlyStopping counter: 27 out of 30
Epoch 00029, Step00000 | Train_Loss: 0.5935 | Time: 0.2671
Epoch 00029 | Val_Loss 1.2300 | Time(s) 0.2178
EarlyStopping counter: 28 out of 30
Epoch 00030, Step00000 | Train_Loss: 0.5816 | Time: 0.2660
Epoch 00030 | Val_Loss 1.1751 | Time(s) 0.2176
EarlyStopping counter: 29 out of 30
Epoch 00031, Step00000 | Train_Loss: 0.5541 | Time: 0.2684
Epoch 00031 | Val_Loss 1.2530 | Time(s) 0.2199
EarlyStopping counter: 30 out of 30
Early stopping!
Early stopping!
defaultdict(<class 'float'>, {'roc_auc': 0.5574185579743709, 'MRR': 0.7978458049886621})
defaultdict(<class 'float'>, {'roc_auc': 0.5369319492502884, 'MRR': 0.7715419501133787})
Completed: amazon_style_cct_features_fold_2 (rep 6)

--------------------------------------
Running model: HGT
Dataset: amazon_style_cct_features_fold_3
Repetition: 6
--------------------------------------
Loading nodes from amazon_style_cct_features_fold_3/node.dat
/home/simonettos/homhetgnn/HGB/LP/benchmark/data/amazon_style_cct_features_fold_3/node.dat
0 {}
1 {'0': 558}
2 {'0': 558, '1': 940}
node_count: {'0': 558, '1': 940, '2': 188}
('1', '6', '0'): src_max=939, dst_max=557
('1', '5', '1'): src_max=939, dst_max=939
('0', '7', '0'): src_max=557, dst_max=557
('0', '4', '0'): src_max=557, dst_max=557
('0', '3', '2'): src_max=557, dst_max=187
('0', '0', '0'): src_max=557, dst_max=553
('1', '2', '1'): src_max=938, dst_max=938
('1', '8', '1'): src_max=939, dst_max=939
('1', '10', '1'): src_max=795, dst_max=380
('1', '1', '1'): src_max=939, dst_max=928
('1', '9', '1'): src_max=791, dst_max=812
0 0
1 558
2 1498
6
Epoch 00000, Step00000 | Train_Loss: 1.1189 | Time: 0.5661
Epoch 00000 | Val_Loss 2.2827 | Time(s) 0.2138
Validation loss decreased (inf --> 2.282688).  Saving model ...
Epoch 00001, Step00000 | Train_Loss: 1.8479 | Time: 0.2712
Epoch 00001 | Val_Loss 0.9963 | Time(s) 0.2195
Validation loss decreased (2.282688 --> 0.996335).  Saving model ...
Epoch 00002, Step00000 | Train_Loss: 1.0531 | Time: 0.2694
Epoch 00002 | Val_Loss 1.5746 | Time(s) 0.2208
EarlyStopping counter: 1 out of 30
Epoch 00003, Step00000 | Train_Loss: 1.4111 | Time: 0.2693
Epoch 00003 | Val_Loss 0.9903 | Time(s) 0.2219
Validation loss decreased (0.996335 --> 0.990262).  Saving model ...
Epoch 00004, Step00000 | Train_Loss: 1.0070 | Time: 0.2727
Epoch 00004 | Val_Loss 1.9416 | Time(s) 0.2188
EarlyStopping counter: 1 out of 30
Epoch 00005, Step00000 | Train_Loss: 1.7008 | Time: 0.2685
Epoch 00005 | Val_Loss 0.8393 | Time(s) 0.2201
Validation loss decreased (0.990262 --> 0.839270).  Saving model ...
Epoch 00006, Step00000 | Train_Loss: 0.9058 | Time: 0.2663
Epoch 00006 | Val_Loss 1.6843 | Time(s) 0.2187
EarlyStopping counter: 1 out of 30
Epoch 00007, Step00000 | Train_Loss: 1.4560 | Time: 0.2626
Epoch 00007 | Val_Loss 0.8400 | Time(s) 0.2211
EarlyStopping counter: 2 out of 30
Epoch 00008, Step00000 | Train_Loss: 0.8956 | Time: 0.2188
Epoch 00008 | Val_Loss 1.7296 | Time(s) 0.1171
EarlyStopping counter: 3 out of 30
Epoch 00009, Step00000 | Train_Loss: 1.5189 | Time: 0.1644
Epoch 00009 | Val_Loss 0.7662 | Time(s) 0.1173
Validation loss decreased (0.839270 --> 0.766203).  Saving model ...
Epoch 00010, Step00000 | Train_Loss: 0.8019 | Time: 0.1704
Epoch 00010 | Val_Loss 1.7116 | Time(s) 0.2203
EarlyStopping counter: 1 out of 30
Epoch 00011, Step00000 | Train_Loss: 1.4493 | Time: 0.2666
Epoch 00011 | Val_Loss 0.6850 | Time(s) 0.2186
Validation loss decreased (0.766203 --> 0.684973).  Saving model ...
Epoch 00012, Step00000 | Train_Loss: 0.7718 | Time: 0.2658
Epoch 00012 | Val_Loss 1.4734 | Time(s) 0.2208
EarlyStopping counter: 1 out of 30
Epoch 00013, Step00000 | Train_Loss: 1.2842 | Time: 0.2687
Epoch 00013 | Val_Loss 0.8012 | Time(s) 0.2180
EarlyStopping counter: 2 out of 30
Epoch 00014, Step00000 | Train_Loss: 0.8211 | Time: 0.2664
Epoch 00014 | Val_Loss 0.9888 | Time(s) 0.2198
EarlyStopping counter: 3 out of 30
Epoch 00015, Step00000 | Train_Loss: 0.9553 | Time: 0.2665
Epoch 00015 | Val_Loss 1.0296 | Time(s) 0.2197
EarlyStopping counter: 4 out of 30
Epoch 00016, Step00000 | Train_Loss: 0.9746 | Time: 0.2682
Epoch 00016 | Val_Loss 0.7605 | Time(s) 0.2190
EarlyStopping counter: 5 out of 30
Epoch 00017, Step00000 | Train_Loss: 0.8005 | Time: 0.2660
Epoch 00017 | Val_Loss 1.0174 | Time(s) 0.2204
EarlyStopping counter: 6 out of 30
Epoch 00018, Step00000 | Train_Loss: 0.9419 | Time: 0.2664
Epoch 00018 | Val_Loss 0.6635 | Time(s) 0.2195
Validation loss decreased (0.684973 --> 0.663453).  Saving model ...
Epoch 00019, Step00000 | Train_Loss: 0.7020 | Time: 0.2673
Epoch 00019 | Val_Loss 0.8872 | Time(s) 0.2199
EarlyStopping counter: 1 out of 30
Epoch 00020, Step00000 | Train_Loss: 0.8122 | Time: 0.2691
Epoch 00020 | Val_Loss 0.7424 | Time(s) 0.2205
EarlyStopping counter: 2 out of 30
Epoch 00021, Step00000 | Train_Loss: 0.6715 | Time: 0.2663
Epoch 00021 | Val_Loss 0.8555 | Time(s) 0.2165
EarlyStopping counter: 3 out of 30
Epoch 00022, Step00000 | Train_Loss: 0.7739 | Time: 0.2667
Epoch 00022 | Val_Loss 0.7904 | Time(s) 0.2193
EarlyStopping counter: 4 out of 30
Epoch 00023, Step00000 | Train_Loss: 0.6404 | Time: 0.2663
Epoch 00023 | Val_Loss 0.9592 | Time(s) 0.2188
EarlyStopping counter: 5 out of 30
Epoch 00024, Step00000 | Train_Loss: 0.7475 | Time: 0.2669
Epoch 00024 | Val_Loss 0.8252 | Time(s) 0.2184
EarlyStopping counter: 6 out of 30
Epoch 00025, Step00000 | Train_Loss: 0.5973 | Time: 0.2674
Epoch 00025 | Val_Loss 0.8806 | Time(s) 0.2190
EarlyStopping counter: 7 out of 30
Epoch 00026, Step00000 | Train_Loss: 0.6912 | Time: 0.2652
Epoch 00026 | Val_Loss 0.8623 | Time(s) 0.2177
EarlyStopping counter: 8 out of 30
Epoch 00027, Step00000 | Train_Loss: 0.5874 | Time: 0.2656
Epoch 00027 | Val_Loss 0.9207 | Time(s) 0.2192
EarlyStopping counter: 9 out of 30
Epoch 00028, Step00000 | Train_Loss: 0.6306 | Time: 0.2673
Epoch 00028 | Val_Loss 0.8493 | Time(s) 0.2195
EarlyStopping counter: 10 out of 30
Epoch 00029, Step00000 | Train_Loss: 0.5683 | Time: 0.2695
Epoch 00029 | Val_Loss 0.9122 | Time(s) 0.2195
EarlyStopping counter: 11 out of 30
Epoch 00030, Step00000 | Train_Loss: 0.6179 | Time: 0.2672
Epoch 00030 | Val_Loss 0.8522 | Time(s) 0.2182
EarlyStopping counter: 12 out of 30
Epoch 00031, Step00000 | Train_Loss: 0.5674 | Time: 0.2658
Epoch 00031 | Val_Loss 0.9216 | Time(s) 0.2180
EarlyStopping counter: 13 out of 30
Epoch 00032, Step00000 | Train_Loss: 0.5909 | Time: 0.2645
Epoch 00032 | Val_Loss 0.8384 | Time(s) 0.1698
EarlyStopping counter: 14 out of 30
Epoch 00033, Step00000 | Train_Loss: 0.5613 | Time: 0.2365
Epoch 00033 | Val_Loss 0.9090 | Time(s) 0.2193
EarlyStopping counter: 15 out of 30
Epoch 00034, Step00000 | Train_Loss: 0.5621 | Time: 0.2657
Epoch 00034 | Val_Loss 0.8842 | Time(s) 0.2185
EarlyStopping counter: 16 out of 30
Epoch 00035, Step00000 | Train_Loss: 0.5475 | Time: 0.2654
Epoch 00035 | Val_Loss 0.9526 | Time(s) 0.2199
EarlyStopping counter: 17 out of 30
Epoch 00036, Step00000 | Train_Loss: 0.5264 | Time: 0.2664
Epoch 00036 | Val_Loss 0.9325 | Time(s) 0.2216
EarlyStopping counter: 18 out of 30
Epoch 00037, Step00000 | Train_Loss: 0.5417 | Time: 0.2673
Epoch 00037 | Val_Loss 0.9169 | Time(s) 0.2197
EarlyStopping counter: 19 out of 30
Epoch 00038, Step00000 | Train_Loss: 0.5056 | Time: 0.2631
Epoch 00038 | Val_Loss 0.9142 | Time(s) 0.2175
EarlyStopping counter: 20 out of 30
Epoch 00039, Step00000 | Train_Loss: 0.5179 | Time: 0.2615
Epoch 00039 | Val_Loss 0.8790 | Time(s) 0.2196
EarlyStopping counter: 21 out of 30
Epoch 00040, Step00000 | Train_Loss: 0.5012 | Time: 0.2653
Epoch 00040 | Val_Loss 0.9064 | Time(s) 0.2183
EarlyStopping counter: 22 out of 30
Epoch 00041, Step00000 | Train_Loss: 0.4952 | Time: 0.2654
Epoch 00041 | Val_Loss 0.8780 | Time(s) 0.2185
EarlyStopping counter: 23 out of 30
Epoch 00042, Step00000 | Train_Loss: 0.4833 | Time: 0.2660
Epoch 00042 | Val_Loss 0.9599 | Time(s) 0.2183
EarlyStopping counter: 24 out of 30
Epoch 00043, Step00000 | Train_Loss: 0.4717 | Time: 0.2640
Epoch 00043 | Val_Loss 1.0688 | Time(s) 0.2185
EarlyStopping counter: 25 out of 30
Epoch 00044, Step00000 | Train_Loss: 0.4606 | Time: 0.2690
Epoch 00044 | Val_Loss 1.1115 | Time(s) 0.2202
EarlyStopping counter: 26 out of 30
Epoch 00045, Step00000 | Train_Loss: 0.4616 | Time: 0.2663
Epoch 00045 | Val_Loss 1.0895 | Time(s) 0.2220
EarlyStopping counter: 27 out of 30
Epoch 00046, Step00000 | Train_Loss: 0.4649 | Time: 0.2611
Epoch 00046 | Val_Loss 1.1762 | Time(s) 0.2221
EarlyStopping counter: 28 out of 30
Epoch 00047, Step00000 | Train_Loss: 0.4522 | Time: 0.2671
Epoch 00047 | Val_Loss 1.1983 | Time(s) 0.2157
EarlyStopping counter: 29 out of 30
Epoch 00048, Step00000 | Train_Loss: 0.4451 | Time: 0.2658
Epoch 00048 | Val_Loss 1.2265 | Time(s) 0.2198
EarlyStopping counter: 30 out of 30
Early stopping!
Early stopping!
defaultdict(<class 'float'>, {'roc_auc': 0.48847818247385494, 'MRR': 0.7701077943615255})
defaultdict(<class 'float'>, {'roc_auc': 0.614424734271761, 'MRR': 0.7979421076436002})
Completed: amazon_style_cct_features_fold_3 (rep 6)

--------------------------------------
Running model: HGT
Dataset: amazon_style_cct_features_fold_4
Repetition: 6
--------------------------------------
Loading nodes from amazon_style_cct_features_fold_4/node.dat
/home/simonettos/homhetgnn/HGB/LP/benchmark/data/amazon_style_cct_features_fold_4/node.dat
0 {}
1 {'0': 558}
2 {'0': 558, '1': 940}
node_count: {'0': 558, '1': 940, '2': 188}
('1', '6', '0'): src_max=939, dst_max=557
('1', '5', '1'): src_max=939, dst_max=939
('0', '7', '0'): src_max=557, dst_max=557
('0', '4', '0'): src_max=557, dst_max=557
('0', '3', '2'): src_max=557, dst_max=187
('0', '0', '0'): src_max=557, dst_max=553
('1', '2', '1'): src_max=938, dst_max=938
('1', '8', '1'): src_max=939, dst_max=939
('1', '10', '1'): src_max=795, dst_max=380
('1', '1', '1'): src_max=939, dst_max=928
('1', '9', '1'): src_max=791, dst_max=812
0 0
1 558
2 1498
6
Epoch 00000, Step00000 | Train_Loss: 1.0371 | Time: 0.5787
Epoch 00000 | Val_Loss 2.2208 | Time(s) 0.2226
Validation loss decreased (inf --> 2.220843).  Saving model ...
Epoch 00001, Step00000 | Train_Loss: 1.8021 | Time: 0.2736
Epoch 00001 | Val_Loss 0.9286 | Time(s) 0.2230
Validation loss decreased (2.220843 --> 0.928631).  Saving model ...
Epoch 00002, Step00000 | Train_Loss: 1.0203 | Time: 0.2696
Epoch 00002 | Val_Loss 1.8321 | Time(s) 0.2208
EarlyStopping counter: 1 out of 30
Epoch 00003, Step00000 | Train_Loss: 1.5388 | Time: 0.2682
Epoch 00003 | Val_Loss 0.9920 | Time(s) 0.2210
EarlyStopping counter: 2 out of 30
Epoch 00004, Step00000 | Train_Loss: 1.0119 | Time: 0.2707
Epoch 00004 | Val_Loss 1.8769 | Time(s) 0.2227
EarlyStopping counter: 3 out of 30
Epoch 00005, Step00000 | Train_Loss: 1.6070 | Time: 0.2703
Epoch 00005 | Val_Loss 0.8052 | Time(s) 0.2250
Validation loss decreased (0.928631 --> 0.805196).  Saving model ...
Epoch 00006, Step00000 | Train_Loss: 0.9015 | Time: 0.2686
Epoch 00006 | Val_Loss 1.6529 | Time(s) 0.2218
EarlyStopping counter: 1 out of 30
Epoch 00007, Step00000 | Train_Loss: 1.3622 | Time: 0.2707
Epoch 00007 | Val_Loss 0.7160 | Time(s) 0.2202
Validation loss decreased (0.805196 --> 0.716011).  Saving model ...
Epoch 00008, Step00000 | Train_Loss: 0.8702 | Time: 0.2665
Epoch 00008 | Val_Loss 1.5618 | Time(s) 0.2225
EarlyStopping counter: 1 out of 30
Epoch 00009, Step00000 | Train_Loss: 1.3315 | Time: 0.2700
Epoch 00009 | Val_Loss 0.6822 | Time(s) 0.2203
Validation loss decreased (0.716011 --> 0.682183).  Saving model ...
Epoch 00010, Step00000 | Train_Loss: 0.7943 | Time: 0.2718
Epoch 00010 | Val_Loss 1.2297 | Time(s) 0.1673
EarlyStopping counter: 1 out of 30
Epoch 00011, Step00000 | Train_Loss: 1.1039 | Time: 0.2704
Epoch 00011 | Val_Loss 0.9935 | Time(s) 0.2219
EarlyStopping counter: 2 out of 30
Epoch 00012, Step00000 | Train_Loss: 0.9657 | Time: 0.2719
Epoch 00012 | Val_Loss 0.6614 | Time(s) 0.2203
Validation loss decreased (0.682183 --> 0.661351).  Saving model ...
Epoch 00013, Step00000 | Train_Loss: 0.7498 | Time: 0.2677
Epoch 00013 | Val_Loss 1.1019 | Time(s) 0.2228
EarlyStopping counter: 1 out of 30
Epoch 00014, Step00000 | Train_Loss: 1.0228 | Time: 0.2719
Epoch 00014 | Val_Loss 0.8928 | Time(s) 0.2225
EarlyStopping counter: 2 out of 30
Epoch 00015, Step00000 | Train_Loss: 0.8947 | Time: 0.2685
Epoch 00015 | Val_Loss 0.6349 | Time(s) 0.2219
Validation loss decreased (0.661351 --> 0.634892).  Saving model ...
Epoch 00016, Step00000 | Train_Loss: 0.7074 | Time: 0.2683
Epoch 00016 | Val_Loss 0.9542 | Time(s) 0.2210
EarlyStopping counter: 1 out of 30
Epoch 00017, Step00000 | Train_Loss: 0.8606 | Time: 0.2689
Epoch 00017 | Val_Loss 0.7225 | Time(s) 0.2187
EarlyStopping counter: 2 out of 30
Epoch 00018, Step00000 | Train_Loss: 0.6827 | Time: 0.2677
Epoch 00018 | Val_Loss 0.9033 | Time(s) 0.2210
EarlyStopping counter: 3 out of 30
Epoch 00019, Step00000 | Train_Loss: 0.7532 | Time: 0.2705
Epoch 00019 | Val_Loss 0.8871 | Time(s) 0.2226
EarlyStopping counter: 4 out of 30
Epoch 00020, Step00000 | Train_Loss: 0.7264 | Time: 0.2702
Epoch 00020 | Val_Loss 0.7761 | Time(s) 0.2199
EarlyStopping counter: 5 out of 30
Epoch 00021, Step00000 | Train_Loss: 0.6018 | Time: 0.2697
Epoch 00021 | Val_Loss 0.8272 | Time(s) 0.2219
EarlyStopping counter: 6 out of 30
Epoch 00022, Step00000 | Train_Loss: 0.7045 | Time: 0.2683
Epoch 00022 | Val_Loss 0.8416 | Time(s) 0.2218
EarlyStopping counter: 7 out of 30
Epoch 00023, Step00000 | Train_Loss: 0.5889 | Time: 0.2701
Epoch 00023 | Val_Loss 0.8349 | Time(s) 0.2213
EarlyStopping counter: 8 out of 30
Epoch 00024, Step00000 | Train_Loss: 0.6093 | Time: 0.2676
Epoch 00024 | Val_Loss 0.8816 | Time(s) 0.2219
EarlyStopping counter: 9 out of 30
Epoch 00025, Step00000 | Train_Loss: 0.6042 | Time: 0.2684
Epoch 00025 | Val_Loss 0.7628 | Time(s) 0.2243
EarlyStopping counter: 10 out of 30
Epoch 00026, Step00000 | Train_Loss: 0.5750 | Time: 0.2683
Epoch 00026 | Val_Loss 0.8257 | Time(s) 0.2208
EarlyStopping counter: 11 out of 30
Epoch 00027, Step00000 | Train_Loss: 0.5730 | Time: 0.2682
Epoch 00027 | Val_Loss 0.8125 | Time(s) 0.2245
EarlyStopping counter: 12 out of 30
Epoch 00028, Step00000 | Train_Loss: 0.5507 | Time: 0.2703
Epoch 00028 | Val_Loss 0.8982 | Time(s) 0.2238
EarlyStopping counter: 13 out of 30
Epoch 00029, Step00000 | Train_Loss: 0.5312 | Time: 0.2695
Epoch 00029 | Val_Loss 0.7812 | Time(s) 0.2202
EarlyStopping counter: 14 out of 30
Epoch 00030, Step00000 | Train_Loss: 0.5326 | Time: 0.2689
Epoch 00030 | Val_Loss 0.8183 | Time(s) 0.2178
EarlyStopping counter: 15 out of 30
Epoch 00031, Step00000 | Train_Loss: 0.5187 | Time: 0.2688
Epoch 00031 | Val_Loss 0.7855 | Time(s) 0.2217
EarlyStopping counter: 16 out of 30
Epoch 00032, Step00000 | Train_Loss: 0.5280 | Time: 0.2678
Epoch 00032 | Val_Loss 0.8923 | Time(s) 0.2134
EarlyStopping counter: 17 out of 30
Epoch 00033, Step00000 | Train_Loss: 0.5107 | Time: 0.1665
Epoch 00033 | Val_Loss 0.8992 | Time(s) 0.1172
EarlyStopping counter: 18 out of 30
Epoch 00034, Step00000 | Train_Loss: 0.5076 | Time: 0.1662
Epoch 00034 | Val_Loss 0.9645 | Time(s) 0.1184
EarlyStopping counter: 19 out of 30
Epoch 00035, Step00000 | Train_Loss: 0.5102 | Time: 0.2422
Epoch 00035 | Val_Loss 0.8586 | Time(s) 0.2200
EarlyStopping counter: 20 out of 30
Epoch 00036, Step00000 | Train_Loss: 0.4820 | Time: 0.2682
Epoch 00036 | Val_Loss 0.8190 | Time(s) 0.2190
EarlyStopping counter: 21 out of 30
Epoch 00037, Step00000 | Train_Loss: 0.4877 | Time: 0.2696
Epoch 00037 | Val_Loss 0.7950 | Time(s) 0.2210
EarlyStopping counter: 22 out of 30
Epoch 00038, Step00000 | Train_Loss: 0.4769 | Time: 0.2679
Epoch 00038 | Val_Loss 0.7944 | Time(s) 0.2210
EarlyStopping counter: 23 out of 30
Epoch 00039, Step00000 | Train_Loss: 0.4750 | Time: 0.2679
Epoch 00039 | Val_Loss 0.8206 | Time(s) 0.2215
EarlyStopping counter: 24 out of 30
Epoch 00040, Step00000 | Train_Loss: 0.4597 | Time: 0.2695
Epoch 00040 | Val_Loss 0.8247 | Time(s) 0.2215
EarlyStopping counter: 25 out of 30
Epoch 00041, Step00000 | Train_Loss: 0.4678 | Time: 0.2696
Epoch 00041 | Val_Loss 0.8338 | Time(s) 0.2211
EarlyStopping counter: 26 out of 30
Epoch 00042, Step00000 | Train_Loss: 0.4587 | Time: 0.2683
Epoch 00042 | Val_Loss 0.8492 | Time(s) 0.2205
EarlyStopping counter: 27 out of 30
Epoch 00043, Step00000 | Train_Loss: 0.4480 | Time: 0.2683
Epoch 00043 | Val_Loss 0.9428 | Time(s) 0.2185
EarlyStopping counter: 28 out of 30
Epoch 00044, Step00000 | Train_Loss: 0.4430 | Time: 0.2683
Epoch 00044 | Val_Loss 1.0105 | Time(s) 0.2222
EarlyStopping counter: 29 out of 30
Epoch 00045, Step00000 | Train_Loss: 0.4334 | Time: 0.2676
Epoch 00045 | Val_Loss 0.9938 | Time(s) 0.2208
EarlyStopping counter: 30 out of 30
Early stopping!
Early stopping!
defaultdict(<class 'float'>, {'roc_auc': 0.47629892484508235, 'MRR': 0.729656862745098})
defaultdict(<class 'float'>, {'roc_auc': 0.6142049333870205, 'MRR': 0.766001400560224})
Completed: amazon_style_cct_features_fold_4 (rep 6)

--------------------------------------
Running model: HGT
Dataset: amazon_style_cct_features_fold_5
Repetition: 6
--------------------------------------
Loading nodes from amazon_style_cct_features_fold_5/node.dat
/home/simonettos/homhetgnn/HGB/LP/benchmark/data/amazon_style_cct_features_fold_5/node.dat
0 {}
1 {'0': 558}
2 {'0': 558, '1': 940}
node_count: {'0': 558, '1': 940, '2': 188}
('1', '6', '0'): src_max=939, dst_max=556
('1', '5', '1'): src_max=939, dst_max=939
('0', '7', '0'): src_max=557, dst_max=557
('0', '4', '0'): src_max=557, dst_max=557
('0', '3', '2'): src_max=557, dst_max=187
('0', '0', '0'): src_max=557, dst_max=553
('1', '2', '1'): src_max=938, dst_max=938
('1', '8', '1'): src_max=939, dst_max=939
('1', '10', '1'): src_max=795, dst_max=380
('1', '1', '1'): src_max=939, dst_max=928
('1', '9', '1'): src_max=791, dst_max=812
0 0
1 558
2 1498
6
Epoch 00000, Step00000 | Train_Loss: 0.9634 | Time: 0.5778
Epoch 00000 | Val_Loss 1.8173 | Time(s) 0.2119
Validation loss decreased (inf --> 1.817308).  Saving model ...
Epoch 00001, Step00000 | Train_Loss: 1.6071 | Time: 0.2705
Epoch 00001 | Val_Loss 0.8750 | Time(s) 0.2163
Validation loss decreased (1.817308 --> 0.875027).  Saving model ...
Epoch 00002, Step00000 | Train_Loss: 1.0006 | Time: 0.2670
Epoch 00002 | Val_Loss 1.4040 | Time(s) 0.2189
EarlyStopping counter: 1 out of 30
Epoch 00003, Step00000 | Train_Loss: 1.3200 | Time: 0.2668
Epoch 00003 | Val_Loss 0.7440 | Time(s) 0.2190
Validation loss decreased (0.875027 --> 0.743996).  Saving model ...
Epoch 00004, Step00000 | Train_Loss: 0.8262 | Time: 0.2673
Epoch 00004 | Val_Loss 1.0462 | Time(s) 0.2179
EarlyStopping counter: 1 out of 30
Epoch 00005, Step00000 | Train_Loss: 1.0013 | Time: 0.2647
Epoch 00005 | Val_Loss 0.8164 | Time(s) 0.2207
EarlyStopping counter: 2 out of 30
Epoch 00006, Step00000 | Train_Loss: 0.8288 | Time: 0.2659
Epoch 00006 | Val_Loss 0.7506 | Time(s) 0.2182
EarlyStopping counter: 3 out of 30
Epoch 00007, Step00000 | Train_Loss: 0.7842 | Time: 0.2636
Epoch 00007 | Val_Loss 0.9605 | Time(s) 0.2179
EarlyStopping counter: 4 out of 30
Epoch 00008, Step00000 | Train_Loss: 0.9497 | Time: 0.2651
Epoch 00008 | Val_Loss 0.7796 | Time(s) 0.2175
EarlyStopping counter: 5 out of 30
Epoch 00009, Step00000 | Train_Loss: 0.8411 | Time: 0.2665
Epoch 00009 | Val_Loss 0.6752 | Time(s) 0.2179
Validation loss decreased (0.743996 --> 0.675158).  Saving model ...
Epoch 00010, Step00000 | Train_Loss: 0.7535 | Time: 0.2679
Epoch 00010 | Val_Loss 0.6936 | Time(s) 0.2185
EarlyStopping counter: 1 out of 30
Epoch 00011, Step00000 | Train_Loss: 0.7313 | Time: 0.2636
Epoch 00011 | Val_Loss 0.8093 | Time(s) 0.1185
EarlyStopping counter: 2 out of 30
Epoch 00012, Step00000 | Train_Loss: 0.8307 | Time: 0.1657
Epoch 00012 | Val_Loss 1.3012 | Time(s) 0.1168
EarlyStopping counter: 3 out of 30
Epoch 00013, Step00000 | Train_Loss: 1.0995 | Time: 0.1640
Epoch 00013 | Val_Loss 1.3392 | Time(s) 0.1676
EarlyStopping counter: 4 out of 30
Epoch 00014, Step00000 | Train_Loss: 1.2014 | Time: 0.2646
Epoch 00014 | Val_Loss 0.7597 | Time(s) 0.2149
EarlyStopping counter: 5 out of 30
Epoch 00015, Step00000 | Train_Loss: 0.7436 | Time: 0.2639
Epoch 00015 | Val_Loss 0.6991 | Time(s) 0.2171
EarlyStopping counter: 6 out of 30
Epoch 00016, Step00000 | Train_Loss: 0.7251 | Time: 0.2650
Epoch 00016 | Val_Loss 1.1383 | Time(s) 0.2180
EarlyStopping counter: 7 out of 30
Epoch 00017, Step00000 | Train_Loss: 0.9821 | Time: 0.2636
Epoch 00017 | Val_Loss 0.8919 | Time(s) 0.2185
EarlyStopping counter: 8 out of 30
Epoch 00018, Step00000 | Train_Loss: 0.7756 | Time: 0.2636
Epoch 00018 | Val_Loss 0.7366 | Time(s) 0.2174
EarlyStopping counter: 9 out of 30
Epoch 00019, Step00000 | Train_Loss: 0.6251 | Time: 0.2642
Epoch 00019 | Val_Loss 0.9314 | Time(s) 0.2171
EarlyStopping counter: 10 out of 30
Epoch 00020, Step00000 | Train_Loss: 0.7849 | Time: 0.2650
Epoch 00020 | Val_Loss 0.8663 | Time(s) 0.2180
EarlyStopping counter: 11 out of 30
Epoch 00021, Step00000 | Train_Loss: 0.6619 | Time: 0.2640
Epoch 00021 | Val_Loss 0.7883 | Time(s) 0.2174
EarlyStopping counter: 12 out of 30
Epoch 00022, Step00000 | Train_Loss: 0.6295 | Time: 0.2639
Epoch 00022 | Val_Loss 0.9040 | Time(s) 0.2173
EarlyStopping counter: 13 out of 30
Epoch 00023, Step00000 | Train_Loss: 0.6978 | Time: 0.2654
Epoch 00023 | Val_Loss 0.7668 | Time(s) 0.2178
EarlyStopping counter: 14 out of 30
Epoch 00024, Step00000 | Train_Loss: 0.5820 | Time: 0.2673
Epoch 00024 | Val_Loss 0.8182 | Time(s) 0.2176
EarlyStopping counter: 15 out of 30
Epoch 00025, Step00000 | Train_Loss: 0.6066 | Time: 0.2651
Epoch 00025 | Val_Loss 0.8688 | Time(s) 0.2181
EarlyStopping counter: 16 out of 30
Epoch 00026, Step00000 | Train_Loss: 0.6006 | Time: 0.2674
Epoch 00026 | Val_Loss 0.7883 | Time(s) 0.2180
EarlyStopping counter: 17 out of 30
Epoch 00027, Step00000 | Train_Loss: 0.5580 | Time: 0.2661
Epoch 00027 | Val_Loss 0.8861 | Time(s) 0.2178
EarlyStopping counter: 18 out of 30
Epoch 00028, Step00000 | Train_Loss: 0.5681 | Time: 0.2651
Epoch 00028 | Val_Loss 0.7880 | Time(s) 0.2167
EarlyStopping counter: 19 out of 30
Epoch 00029, Step00000 | Train_Loss: 0.5245 | Time: 0.2664
Epoch 00029 | Val_Loss 0.8364 | Time(s) 0.2184
EarlyStopping counter: 20 out of 30
Epoch 00030, Step00000 | Train_Loss: 0.5431 | Time: 0.2663
Epoch 00030 | Val_Loss 0.8558 | Time(s) 0.2187
EarlyStopping counter: 21 out of 30
Epoch 00031, Step00000 | Train_Loss: 0.5339 | Time: 0.2652
Epoch 00031 | Val_Loss 0.7895 | Time(s) 0.2181
EarlyStopping counter: 22 out of 30
Epoch 00032, Step00000 | Train_Loss: 0.5092 | Time: 0.2647
Epoch 00032 | Val_Loss 0.7693 | Time(s) 0.2172
EarlyStopping counter: 23 out of 30
Epoch 00033, Step00000 | Train_Loss: 0.5165 | Time: 0.2632
Epoch 00033 | Val_Loss 0.9634 | Time(s) 0.2177
EarlyStopping counter: 24 out of 30
Epoch 00034, Step00000 | Train_Loss: 0.4952 | Time: 0.2640
Epoch 00034 | Val_Loss 0.9089 | Time(s) 0.2185
EarlyStopping counter: 25 out of 30
Epoch 00035, Step00000 | Train_Loss: 0.4885 | Time: 0.2658
Epoch 00035 | Val_Loss 1.0653 | Time(s) 0.2188
EarlyStopping counter: 26 out of 30
Epoch 00036, Step00000 | Train_Loss: 0.4829 | Time: 0.2660
Epoch 00036 | Val_Loss 0.8975 | Time(s) 0.1970
EarlyStopping counter: 27 out of 30
Epoch 00037, Step00000 | Train_Loss: 0.4650 | Time: 0.2663
Epoch 00037 | Val_Loss 1.0412 | Time(s) 0.2148
EarlyStopping counter: 28 out of 30
Epoch 00038, Step00000 | Train_Loss: 0.4597 | Time: 0.2660
Epoch 00038 | Val_Loss 1.0663 | Time(s) 0.2176
EarlyStopping counter: 29 out of 30
Epoch 00039, Step00000 | Train_Loss: 0.4542 | Time: 0.2620
Epoch 00039 | Val_Loss 1.1155 | Time(s) 0.2171
EarlyStopping counter: 30 out of 30
Early stopping!
Early stopping!
defaultdict(<class 'float'>, {'roc_auc': 0.5557309941520469, 'MRR': 0.7506887052341599})
defaultdict(<class 'float'>, {'roc_auc': 0.6474684518313327, 'MRR': 0.762396694214876})
Completed: amazon_style_cct_features_fold_5 (rep 6)

All 30 jobs completed.
Setup complete
