Starting GAT batch job with 6 repetitions...
=== Repetition 1/6 ===
--------------------------------------
Running model: GAT
Dataset: amazon_style_cc_features_fold_1
Repetition: 1
--------------------------------------
use device: cpu
Namespace(data='amazon_style_cc_features_fold_1', model_path='model.pt', train_iter_n=50, cuda=0, checkpoint='', epochs=100, patience=3, n_layers=2, n_heads=[4], dropout=0.5, model='GAT', lr=0.0001, weight_decay=0.0, batch_size=1024, edge_sample_ratio=1, test_with_CPU=False, decoder='dismult', feat_type=1)
args.feat_type 1
sys_path ['/home/simonettos/homhetgnn/HGB/LP/benchmark/methods/GNN', '/home/simonettos/homhetgnn/sbatches', '/home/simonettos/homhetgnn/HGB/LP/benchmark/methods/baseline', '/home/simonettos/homhetgnn/HGB/LP/benchmark', '/home/simonettos/homhetgnn/HGB/LP/benchmark/methods/GNN', '/home/simonettos/homhetgnn/HGB/LP/benchmark/methods/GNN/utils', '/home/simonettos/homhetgnn/HGB/LP/benchmark/methods/GNN/models', '/deepstore/software/anaconda3/2022.05/lib/python39.zip', '/deepstore/software/anaconda3/2022.05/lib/python3.9', '/deepstore/software/anaconda3/2022.05/lib/python3.9/lib-dynload', '/home/simonettos/homhetgnn/gpuvenv/lib/python3.9/site-packages', '../../', '../../']
Data path: /home/simonettos/homhetgnn/HGB/LP/benchmark/data/amazon_style_cc_features_fold_1
Loading nodes from /home/simonettos/homhetgnn/HGB/LP/benchmark/data/amazon_style_cc_features_fold_1/node.dat
edge types: dict_keys([5, 4, 6, 3, 2, 7, 0, 1, 8, 9])
Getting training negative samples for edge types: [5]
nodes.shift keys: [0, 1]
nodes.count keys: [0, 1]
links.meta: {5: (1, 0), 4: (1, 1), 6: (0, 0), 3: (0, 0), 2: (1, 1), 7: (1, 1), 0: (0, 0), 1: (1, 1), 8: (1, 1), 9: (1, 1)}
t_type about to use: 0
h_type: 1
shift dict: {0: 0, 1: 558}
count dict: Counter({1: 940, 0: 558})
Generated 897 negative samples for edge type 5
Info: load amazon_style_cc_features_fold_1 from original data and generate /home/simonettos/homhetgnn/HGB/LP/benchmark/data/amazon_style_cc_features_fold_1/dl_pickle 
edge types: [5]
dataset: amazon_style_cc_features_fold_1, eval_type: 5
epoch 0 | batch 0 |train loss 0.6891537308692932
Valid: loss 0.7483912706375122, score:{'roc_auc': 0.6994949494949494, 'MRR': 0.837121212121212}
Saving model
epoch 0 | batch 1 |train loss 0.7245879769325256
epoch 1 | batch 0 |train loss 0.7036293148994446
Valid: loss 0.7899248003959656, score:{'roc_auc': 0.7089072543617998, 'MRR': 0.837121212121212}
EarlyStopping counter: 1 out of 3
epoch 1 | batch 1 |train loss 0.6546654105186462
epoch 2 | batch 0 |train loss 0.5664828419685364
Valid: loss 0.6250134706497192, score:{'roc_auc': 0.710514233241506, 'MRR': 0.8257575757575757}
Saving model
epoch 2 | batch 1 |train loss 0.5553315281867981
epoch 3 | batch 0 |train loss 0.5828121900558472
Valid: loss 0.6059432625770569, score:{'roc_auc': 0.7327823691460054, 'MRR': 0.8484848484848484}
Saving model
epoch 3 | batch 1 |train loss 0.5550731420516968
epoch 4 | batch 0 |train loss 0.5508987903594971
Valid: loss 0.6279036402702332, score:{'roc_auc': 0.7355371900826446, 'MRR': 0.8484848484848484}
EarlyStopping counter: 1 out of 3
epoch 4 | batch 1 |train loss 0.5476886034011841
epoch 5 | batch 0 |train loss 0.5523574352264404
Valid: loss 0.6237090229988098, score:{'roc_auc': 0.7444903581267219, 'MRR': 0.8598484848484848}
EarlyStopping counter: 2 out of 3
epoch 5 | batch 1 |train loss 0.5361350178718567
epoch 6 | batch 0 |train loss 0.5528656244277954
Valid: loss 0.6068398356437683, score:{'roc_auc': 0.7502295684113865, 'MRR': 0.8484848484848484}
Meta keys: dict_keys([5])
Data keys: dict_keys([5])
Edge type: 5, Meta: (1, 0)
Average links per head: 3.64
Median: 2.0, Min: 1, Max: 28
len test_list[0] 498
len test_list[1] 498
len test_label 498
2 hop test: loss 0.6068398356437683, score:{'roc_auc': 0.5084677419354839, 'MRR': 0.7116788321167883}
(array([0, 1]), array([248, 250]))
[0.09063443 0.18316841 0.39326307 0.3889708  0.44093367 0.44093367
 0.7426978  0.8641412  0.7099591  0.7769225  0.70907056 0.7423031
 0.5117162  0.7411933  0.6825179  0.81738555 0.7697725  0.6333806
 0.7581523  0.8823031 ]
Average links per head full random test: 1.53
Medianfull random test: 1.0, Min: 1, Max: 14
len test_list[0]full random test 500
len test_list[1]full random test 500
len test_label full random test 500
2 hop test: loss 0.6068398356437683, score:{'roc_auc': 0.5084677419354839, 'MRR': 0.7116788321167883}
edge type: 5, random_score: {'roc_auc': 0.71392, 'MRR': 0.9781021897810219}, score: {'roc_auc': 0.5084677419354839, 'MRR': 0.7116788321167883}
ROC_AUC: 0.5084677419354839
Sec neigh test: score list: defaultdict(<class 'list'>, {'roc_auc': [0.5084677419354839], 'MRR': [0.7116788321167883]})
Random test: score list: defaultdict(<class 'list'>, {'roc_auc': [0.71392], 'MRR': [0.9781021897810219]})
Sec neigh test:average score: defaultdict(<class 'list'>, {'roc_auc': 0.5085, 'MRR': 0.7117})
Random test: average score: defaultdict(<class 'list'>, {'roc_auc': 0.7139, 'MRR': 0.9781})
Completed: amazon_style_cc_features_fold_1 (rep 1)

--------------------------------------
Running model: GAT
Dataset: amazon_style_cc_features_fold_2
Repetition: 1
--------------------------------------
use device: cpu
Namespace(data='amazon_style_cc_features_fold_2', model_path='model.pt', train_iter_n=50, cuda=0, checkpoint='', epochs=100, patience=3, n_layers=2, n_heads=[4], dropout=0.5, model='GAT', lr=0.0001, weight_decay=0.0, batch_size=1024, edge_sample_ratio=1, test_with_CPU=False, decoder='dismult', feat_type=1)
args.feat_type 1
sys_path ['/home/simonettos/homhetgnn/HGB/LP/benchmark/methods/GNN', '/home/simonettos/homhetgnn/sbatches', '/home/simonettos/homhetgnn/HGB/LP/benchmark/methods/baseline', '/home/simonettos/homhetgnn/HGB/LP/benchmark', '/home/simonettos/homhetgnn/HGB/LP/benchmark/methods/GNN', '/home/simonettos/homhetgnn/HGB/LP/benchmark/methods/GNN/utils', '/home/simonettos/homhetgnn/HGB/LP/benchmark/methods/GNN/models', '/deepstore/software/anaconda3/2022.05/lib/python39.zip', '/deepstore/software/anaconda3/2022.05/lib/python3.9', '/deepstore/software/anaconda3/2022.05/lib/python3.9/lib-dynload', '/home/simonettos/homhetgnn/gpuvenv/lib/python3.9/site-packages', '../../', '../../']
Data path: /home/simonettos/homhetgnn/HGB/LP/benchmark/data/amazon_style_cc_features_fold_2
Loading nodes from /home/simonettos/homhetgnn/HGB/LP/benchmark/data/amazon_style_cc_features_fold_2/node.dat
edge types: dict_keys([0, 3, 6, 5, 4, 7, 2, 1, 8, 9])
Getting training negative samples for edge types: [5]
nodes.shift keys: [0, 1]
nodes.count keys: [0, 1]
links.meta: {0: (0, 0), 3: (0, 0), 6: (0, 0), 5: (1, 0), 4: (1, 1), 7: (1, 1), 2: (1, 1), 1: (1, 1), 8: (1, 1), 9: (1, 1)}
t_type about to use: 0
h_type: 1
shift dict: {0: 0, 1: 558}
count dict: Counter({1: 940, 0: 558})
Generated 899 negative samples for edge type 5
Info: load amazon_style_cc_features_fold_2 from original data and generate /home/simonettos/homhetgnn/HGB/LP/benchmark/data/amazon_style_cc_features_fold_2/dl_pickle 
edge types: [5]
dataset: amazon_style_cc_features_fold_2, eval_type: 5
epoch 0 | batch 0 |train loss 0.6942012310028076
Valid: loss 0.9053843021392822, score:{'roc_auc': 0.677662037037037, 'MRR': 0.8379629629629629}
Saving model
epoch 0 | batch 1 |train loss 0.8063373565673828
epoch 1 | batch 0 |train loss 0.6761571168899536
Valid: loss 0.6721949577331543, score:{'roc_auc': 0.6792052469135802, 'MRR': 0.8472222222222222}
Saving model
epoch 1 | batch 1 |train loss 0.5967483520507812
epoch 2 | batch 0 |train loss 0.5448256731033325
Valid: loss 0.7319470047950745, score:{'roc_auc': 0.6707175925925926, 'MRR': 0.8287037037037037}
EarlyStopping counter: 1 out of 3
epoch 2 | batch 1 |train loss 0.6020389199256897
epoch 3 | batch 0 |train loss 0.5740758180618286
Valid: loss 0.6773781180381775, score:{'roc_auc': 0.6799768518518519, 'MRR': 0.8271604938271606}
EarlyStopping counter: 2 out of 3
epoch 3 | batch 1 |train loss 0.554366946220398
epoch 4 | batch 0 |train loss 0.5208488702774048
Valid: loss 0.6645758748054504, score:{'roc_auc': 0.6957947530864198, 'MRR': 0.8287037037037037}
Saving model
epoch 4 | batch 1 |train loss 0.5621639490127563
epoch 5 | batch 0 |train loss 0.5384555459022522
Valid: loss 0.6342595815658569, score:{'roc_auc': 0.7056327160493827, 'MRR': 0.8287037037037037}
Saving model
epoch 5 | batch 1 |train loss 0.5354472994804382
epoch 6 | batch 0 |train loss 0.5089871287345886
Valid: loss 0.6422128677368164, score:{'roc_auc': 0.7104552469135801, 'MRR': 0.8287037037037037}
EarlyStopping counter: 1 out of 3
epoch 6 | batch 1 |train loss 0.5312193036079407
epoch 7 | batch 0 |train loss 0.5173214673995972
Valid: loss 0.6628972291946411, score:{'roc_auc': 0.7191358024691358, 'MRR': 0.8395061728395062}
EarlyStopping counter: 2 out of 3
epoch 7 | batch 1 |train loss 0.5289031863212585
epoch 8 | batch 0 |train loss 0.5009483695030212
Valid: loss 0.6617848873138428, score:{'roc_auc': 0.724729938271605, 'MRR': 0.8472222222222222}
Meta keys: dict_keys([5])
Data keys: dict_keys([5])
Edge type: 5, Meta: (1, 0)
Average links per head: 3.32
Median: 2.0, Min: 1, Max: 24
len test_list[0] 485
len test_list[1] 485
len test_label 485
2 hop test: loss 0.6617848873138428, score:{'roc_auc': 0.537751249872462, 'MRR': 0.7311643835616438}
(array([0, 1]), array([242, 243]))
[0.33061567 0.3106715  0.44081002 0.60638356 0.52118504 0.7431682
 0.5675047  0.41265267 0.60678864 0.84146875 0.15586069 0.7774261
 0.37346125 0.7524763  0.8960124  0.1497979  0.8843503  0.13704933
 0.84444225 0.611268  ]
Average links per head full random test: 1.46
Medianfull random test: 1.0, Min: 1, Max: 12
len test_list[0]full random test 486
len test_list[1]full random test 486
len test_label full random test 486
2 hop test: loss 0.6617848873138428, score:{'roc_auc': 0.537751249872462, 'MRR': 0.7311643835616438}
edge type: 5, random_score: {'roc_auc': 0.7261765652254908, 'MRR': 0.976027397260274}, score: {'roc_auc': 0.537751249872462, 'MRR': 0.7311643835616438}
ROC_AUC: 0.537751249872462
Sec neigh test: score list: defaultdict(<class 'list'>, {'roc_auc': [0.537751249872462], 'MRR': [0.7311643835616438]})
Random test: score list: defaultdict(<class 'list'>, {'roc_auc': [0.7261765652254908], 'MRR': [0.976027397260274]})
Sec neigh test:average score: defaultdict(<class 'list'>, {'roc_auc': 0.5378, 'MRR': 0.7312})
Random test: average score: defaultdict(<class 'list'>, {'roc_auc': 0.7262, 'MRR': 0.976})
Completed: amazon_style_cc_features_fold_2 (rep 1)

--------------------------------------
Running model: GAT
Dataset: amazon_style_cc_features_fold_3
Repetition: 1
--------------------------------------
use device: cpu
Namespace(data='amazon_style_cc_features_fold_3', model_path='model.pt', train_iter_n=50, cuda=0, checkpoint='', epochs=100, patience=3, n_layers=2, n_heads=[4], dropout=0.5, model='GAT', lr=0.0001, weight_decay=0.0, batch_size=1024, edge_sample_ratio=1, test_with_CPU=False, decoder='dismult', feat_type=1)
args.feat_type 1
sys_path ['/home/simonettos/homhetgnn/HGB/LP/benchmark/methods/GNN', '/home/simonettos/homhetgnn/sbatches', '/home/simonettos/homhetgnn/HGB/LP/benchmark/methods/baseline', '/home/simonettos/homhetgnn/HGB/LP/benchmark', '/home/simonettos/homhetgnn/HGB/LP/benchmark/methods/GNN', '/home/simonettos/homhetgnn/HGB/LP/benchmark/methods/GNN/utils', '/home/simonettos/homhetgnn/HGB/LP/benchmark/methods/GNN/models', '/deepstore/software/anaconda3/2022.05/lib/python39.zip', '/deepstore/software/anaconda3/2022.05/lib/python3.9', '/deepstore/software/anaconda3/2022.05/lib/python3.9/lib-dynload', '/home/simonettos/homhetgnn/gpuvenv/lib/python3.9/site-packages', '../../', '../../']
Data path: /home/simonettos/homhetgnn/HGB/LP/benchmark/data/amazon_style_cc_features_fold_3
Loading nodes from /home/simonettos/homhetgnn/HGB/LP/benchmark/data/amazon_style_cc_features_fold_3/node.dat
edge types: dict_keys([0, 3, 6, 5, 4, 7, 2, 1, 8, 9])
Getting training negative samples for edge types: [5]
nodes.shift keys: [0, 1]
nodes.count keys: [0, 1]
links.meta: {0: (0, 0), 3: (0, 0), 6: (0, 0), 5: (1, 0), 4: (1, 1), 7: (1, 1), 2: (1, 1), 1: (1, 1), 8: (1, 1), 9: (1, 1)}
t_type about to use: 0
h_type: 1
shift dict: {0: 0, 1: 558}
count dict: Counter({1: 940, 0: 558})
Generated 889 negative samples for edge type 5
Info: load amazon_style_cc_features_fold_3 from original data and generate /home/simonettos/homhetgnn/HGB/LP/benchmark/data/amazon_style_cc_features_fold_3/dl_pickle 
edge types: [5]
dataset: amazon_style_cc_features_fold_3, eval_type: 5
epoch 0 | batch 0 |train loss 0.7145249247550964
Valid: loss 1.3496702909469604, score:{'roc_auc': 0.6546566077003121, 'MRR': 0.8143939393939394}
Saving model
epoch 0 | batch 1 |train loss 1.2436739206314087
epoch 1 | batch 0 |train loss 0.558558464050293
Valid: loss 0.83319091796875, score:{'roc_auc': 0.6491935483870968, 'MRR': 0.7916666666666667}
Saving model
epoch 1 | batch 1 |train loss 0.7862487435340881
epoch 2 | batch 0 |train loss 0.5898125767707825
Valid: loss 0.6582664251327515, score:{'roc_auc': 0.6532258064516129, 'MRR': 0.8030303030303031}
Saving model
epoch 2 | batch 1 |train loss 0.5875953435897827
epoch 3 | batch 0 |train loss 0.5958443284034729
Valid: loss 0.7168046236038208, score:{'roc_auc': 0.659859521331946, 'MRR': 0.8143939393939394}
EarlyStopping counter: 1 out of 3
epoch 3 | batch 1 |train loss 0.6340962052345276
epoch 4 | batch 0 |train loss 0.5715423226356506
Valid: loss 0.646016538143158, score:{'roc_auc': 0.6830124869927159, 'MRR': 0.8143939393939394}
Saving model
epoch 4 | batch 1 |train loss 0.5747717618942261
epoch 5 | batch 0 |train loss 0.5371756553649902
Valid: loss 0.6958274841308594, score:{'roc_auc': 0.6923777315296565, 'MRR': 0.8143939393939394}
EarlyStopping counter: 1 out of 3
epoch 5 | batch 1 |train loss 0.624156653881073
epoch 6 | batch 0 |train loss 0.52912437915802
Valid: loss 0.6743685603141785, score:{'roc_auc': 0.6900364203954215, 'MRR': 0.8143939393939394}
EarlyStopping counter: 2 out of 3
epoch 6 | batch 1 |train loss 0.5752057433128357
epoch 7 | batch 0 |train loss 0.5141487717628479
Valid: loss 0.7020706534385681, score:{'roc_auc': 0.6888657648283039, 'MRR': 0.8143939393939394}
Meta keys: dict_keys([5])
Data keys: dict_keys([5])
Edge type: 5, Meta: (1, 0)
Average links per head: 3.45
Median: 2.0, Min: 1, Max: 28
len test_list[0] 521
len test_list[1] 521
len test_label 521
2 hop test: loss 0.7020706534385681, score:{'roc_auc': 0.54622752726201, 'MRR': 0.7353200883002208}
(array([0, 1]), array([260, 261]))
[0.32930863 0.33416566 0.6042113  0.6979124  0.3387382  0.5836
 0.5982571  0.7019259  0.5929188  0.74406576 0.5924001  0.74592817
 0.74697334 0.18150736 0.6786748  0.46561182 0.7321657  0.39582133
 0.8026921  0.66379243]
Average links per head full random test: 1.52
Medianfull random test: 1.0, Min: 1, Max: 14
len test_list[0]full random test 522
len test_list[1]full random test 522
len test_label full random test 522
2 hop test: loss 0.7020706534385681, score:{'roc_auc': 0.54622752726201, 'MRR': 0.7353200883002208}
edge type: 5, random_score: {'roc_auc': 0.7535268125834912, 'MRR': 0.9668874172185431}, score: {'roc_auc': 0.54622752726201, 'MRR': 0.7353200883002208}
ROC_AUC: 0.54622752726201
Sec neigh test: score list: defaultdict(<class 'list'>, {'roc_auc': [0.54622752726201], 'MRR': [0.7353200883002208]})
Random test: score list: defaultdict(<class 'list'>, {'roc_auc': [0.7535268125834912], 'MRR': [0.9668874172185431]})
Sec neigh test:average score: defaultdict(<class 'list'>, {'roc_auc': 0.5462, 'MRR': 0.7353})
Random test: average score: defaultdict(<class 'list'>, {'roc_auc': 0.7535, 'MRR': 0.9669})
Completed: amazon_style_cc_features_fold_3 (rep 1)

--------------------------------------
Running model: GAT
Dataset: amazon_style_cc_features_fold_4
Repetition: 1
--------------------------------------
use device: cpu
Namespace(data='amazon_style_cc_features_fold_4', model_path='model.pt', train_iter_n=50, cuda=0, checkpoint='', epochs=100, patience=3, n_layers=2, n_heads=[4], dropout=0.5, model='GAT', lr=0.0001, weight_decay=0.0, batch_size=1024, edge_sample_ratio=1, test_with_CPU=False, decoder='dismult', feat_type=1)
args.feat_type 1
sys_path ['/home/simonettos/homhetgnn/HGB/LP/benchmark/methods/GNN', '/home/simonettos/homhetgnn/sbatches', '/home/simonettos/homhetgnn/HGB/LP/benchmark/methods/baseline', '/home/simonettos/homhetgnn/HGB/LP/benchmark', '/home/simonettos/homhetgnn/HGB/LP/benchmark/methods/GNN', '/home/simonettos/homhetgnn/HGB/LP/benchmark/methods/GNN/utils', '/home/simonettos/homhetgnn/HGB/LP/benchmark/methods/GNN/models', '/deepstore/software/anaconda3/2022.05/lib/python39.zip', '/deepstore/software/anaconda3/2022.05/lib/python3.9', '/deepstore/software/anaconda3/2022.05/lib/python3.9/lib-dynload', '/home/simonettos/homhetgnn/gpuvenv/lib/python3.9/site-packages', '../../', '../../']
Data path: /home/simonettos/homhetgnn/HGB/LP/benchmark/data/amazon_style_cc_features_fold_4
Loading nodes from /home/simonettos/homhetgnn/HGB/LP/benchmark/data/amazon_style_cc_features_fold_4/node.dat
edge types: dict_keys([0, 3, 6, 5, 4, 7, 2, 1, 8, 9])
Getting training negative samples for edge types: [5]
nodes.shift keys: [0, 1]
nodes.count keys: [0, 1]
links.meta: {0: (0, 0), 3: (0, 0), 6: (0, 0), 5: (1, 0), 4: (1, 1), 7: (1, 1), 2: (1, 1), 1: (1, 1), 8: (1, 1), 9: (1, 1)}
t_type about to use: 0
h_type: 1
shift dict: {0: 0, 1: 558}
count dict: Counter({1: 940, 0: 558})
Generated 895 negative samples for edge type 5
Info: load amazon_style_cc_features_fold_4 from original data and generate /home/simonettos/homhetgnn/HGB/LP/benchmark/data/amazon_style_cc_features_fold_4/dl_pickle 
edge types: [5]
dataset: amazon_style_cc_features_fold_4, eval_type: 5
epoch 0 | batch 0 |train loss 0.6929256916046143
Valid: loss 1.4003024101257324, score:{'roc_auc': 0.5779591836734694, 'MRR': 0.8221884498480242}
Saving model
epoch 0 | batch 1 |train loss 1.1780869960784912
epoch 1 | batch 0 |train loss 0.5674209594726562
Valid: loss 0.9079588651657104, score:{'roc_auc': 0.58, 'MRR': 0.7902735562310029}
Saving model
epoch 1 | batch 1 |train loss 0.7193078994750977
epoch 2 | batch 0 |train loss 0.5751757621765137
Valid: loss 0.7391903400421143, score:{'roc_auc': 0.5826530612244898, 'MRR': 0.7796352583586625}
Saving model
epoch 2 | batch 1 |train loss 0.5936324596405029
epoch 3 | batch 0 |train loss 0.6250068545341492
Valid: loss 0.7560981512069702, score:{'roc_auc': 0.5887755102040817, 'MRR': 0.7902735562310029}
EarlyStopping counter: 1 out of 3
epoch 3 | batch 1 |train loss 0.6118621826171875
epoch 4 | batch 0 |train loss 0.5712037086486816
Valid: loss 0.7080821990966797, score:{'roc_auc': 0.6079591836734693, 'MRR': 0.7796352583586625}
Saving model
epoch 4 | batch 1 |train loss 0.5628941059112549
epoch 5 | batch 0 |train loss 0.5744497776031494
Valid: loss 0.7705971002578735, score:{'roc_auc': 0.6130612244897959, 'MRR': 0.7796352583586625}
EarlyStopping counter: 1 out of 3
epoch 5 | batch 1 |train loss 0.5825254917144775
epoch 6 | batch 0 |train loss 0.5418403148651123
Valid: loss 0.8183956146240234, score:{'roc_auc': 0.6126530612244898, 'MRR': 0.7796352583586625}
EarlyStopping counter: 2 out of 3
epoch 6 | batch 1 |train loss 0.5516692996025085
epoch 7 | batch 0 |train loss 0.5496428608894348
Valid: loss 0.8619128465652466, score:{'roc_auc': 0.616326530612245, 'MRR': 0.7796352583586625}
Meta keys: dict_keys([5])
Data keys: dict_keys([5])
Edge type: 5, Meta: (1, 0)
Average links per head: 3.39
Median: 2.0, Min: 2, Max: 30
len test_list[0] 492
len test_list[1] 492
len test_label 492
2 hop test: loss 0.8619128465652466, score:{'roc_auc': 0.5332496033844527, 'MRR': 0.7513793103448275}
(array([0, 1]), array([244, 248]))
[0.327272   0.29074088 0.46417677 0.6088375  0.53263044 0.4858912
 0.5177277  0.47615385 0.41066098 0.60066324 0.44645068 0.7241445
 0.6668127  0.5175704  0.715826   0.7110286  0.63110316 0.29968062
 0.75012976 0.9477582 ]
Average links per head full random test: 1.48
Medianfull random test: 1.0, Min: 1, Max: 15
len test_list[0]full random test 496
len test_list[1]full random test 496
len test_label full random test 496
2 hop test: loss 0.8619128465652466, score:{'roc_auc': 0.5332496033844527, 'MRR': 0.7513793103448275}
edge type: 5, random_score: {'roc_auc': 0.7392202133194589, 'MRR': 0.9724137931034482}, score: {'roc_auc': 0.5332496033844527, 'MRR': 0.7513793103448275}
ROC_AUC: 0.5332496033844527
Sec neigh test: score list: defaultdict(<class 'list'>, {'roc_auc': [0.5332496033844527], 'MRR': [0.7513793103448275]})
Random test: score list: defaultdict(<class 'list'>, {'roc_auc': [0.7392202133194589], 'MRR': [0.9724137931034482]})
Sec neigh test:average score: defaultdict(<class 'list'>, {'roc_auc': 0.5332, 'MRR': 0.7514})
Random test: average score: defaultdict(<class 'list'>, {'roc_auc': 0.7392, 'MRR': 0.9724})
Completed: amazon_style_cc_features_fold_4 (rep 1)

--------------------------------------
Running model: GAT
Dataset: amazon_style_cc_features_fold_5
Repetition: 1
--------------------------------------
use device: cpu
Namespace(data='amazon_style_cc_features_fold_5', model_path='model.pt', train_iter_n=50, cuda=0, checkpoint='', epochs=100, patience=3, n_layers=2, n_heads=[4], dropout=0.5, model='GAT', lr=0.0001, weight_decay=0.0, batch_size=1024, edge_sample_ratio=1, test_with_CPU=False, decoder='dismult', feat_type=1)
args.feat_type 1
sys_path ['/home/simonettos/homhetgnn/HGB/LP/benchmark/methods/GNN', '/home/simonettos/homhetgnn/sbatches', '/home/simonettos/homhetgnn/HGB/LP/benchmark/methods/baseline', '/home/simonettos/homhetgnn/HGB/LP/benchmark', '/home/simonettos/homhetgnn/HGB/LP/benchmark/methods/GNN', '/home/simonettos/homhetgnn/HGB/LP/benchmark/methods/GNN/utils', '/home/simonettos/homhetgnn/HGB/LP/benchmark/methods/GNN/models', '/deepstore/software/anaconda3/2022.05/lib/python39.zip', '/deepstore/software/anaconda3/2022.05/lib/python3.9', '/deepstore/software/anaconda3/2022.05/lib/python3.9/lib-dynload', '/home/simonettos/homhetgnn/gpuvenv/lib/python3.9/site-packages', '../../', '../../']
Data path: /home/simonettos/homhetgnn/HGB/LP/benchmark/data/amazon_style_cc_features_fold_5
Loading nodes from /home/simonettos/homhetgnn/HGB/LP/benchmark/data/amazon_style_cc_features_fold_5/node.dat
edge types: dict_keys([0, 3, 6, 5, 4, 7, 2, 1, 8, 9])
Getting training negative samples for edge types: [5]
nodes.shift keys: [0, 1]
nodes.count keys: [0, 1]
links.meta: {0: (0, 0), 3: (0, 0), 6: (0, 0), 5: (1, 0), 4: (1, 1), 7: (1, 1), 2: (1, 1), 1: (1, 1), 8: (1, 1), 9: (1, 1)}
t_type about to use: 0
h_type: 1
shift dict: {0: 0, 1: 558}
count dict: Counter({1: 940, 0: 558})
Generated 933 negative samples for edge type 5
Info: load amazon_style_cc_features_fold_5 from original data and generate /home/simonettos/homhetgnn/HGB/LP/benchmark/data/amazon_style_cc_features_fold_5/dl_pickle 
edge types: [5]
dataset: amazon_style_cc_features_fold_5, eval_type: 5
epoch 0 | batch 0 |train loss 0.6907976865768433
Valid: loss 0.9313361048698425, score:{'roc_auc': 0.6858988638895077, 'MRR': 0.8374149659863945}
Saving model
epoch 0 | batch 1 |train loss 0.853895366191864
epoch 1 | batch 0 |train loss 0.7432063221931458
Valid: loss 0.6747333407402039, score:{'roc_auc': 0.6683002895967922, 'MRR': 0.8170068027210884}
Saving model
epoch 1 | batch 1 |train loss 0.6256038546562195
epoch 2 | batch 0 |train loss 0.570513129234314
Valid: loss 0.6566444635391235, score:{'roc_auc': 0.6876809979950992, 'MRR': 0.8272108843537415}
Saving model
epoch 2 | batch 1 |train loss 0.6223723888397217
epoch 3 | batch 0 |train loss 0.6003291606903076
Valid: loss 0.6155946850776672, score:{'roc_auc': 0.7068389396302072, 'MRR': 0.8282312925170069}
Saving model
epoch 3 | batch 1 |train loss 0.591738224029541
epoch 4 | batch 0 |train loss 0.5579583644866943
Valid: loss 0.5995385646820068, score:{'roc_auc': 0.7380262864780575, 'MRR': 0.8282312925170069}
Saving model
epoch 4 | batch 1 |train loss 0.5831335186958313
epoch 5 | batch 0 |train loss 0.5433648228645325
Valid: loss 0.5852505564689636, score:{'roc_auc': 0.7453775896636222, 'MRR': 0.8282312925170069}
Saving model
epoch 5 | batch 1 |train loss 0.5624207258224487
epoch 6 | batch 0 |train loss 0.523847222328186
Valid: loss 0.604006826877594, score:{'roc_auc': 0.7538427266651816, 'MRR': 0.8282312925170069}
EarlyStopping counter: 1 out of 3
epoch 6 | batch 1 |train loss 0.5735523104667664
epoch 7 | batch 0 |train loss 0.5347551107406616
Valid: loss 0.5705970525741577, score:{'roc_auc': 0.7712185341946982, 'MRR': 0.8282312925170069}
Saving model
epoch 7 | batch 1 |train loss 0.5615214705467224
epoch 8 | batch 0 |train loss 0.5073491334915161
Valid: loss 0.5346835255622864, score:{'roc_auc': 0.7968367119625752, 'MRR': 0.8537414965986395}
Saving model
epoch 8 | batch 1 |train loss 0.5460451245307922
epoch 9 | batch 0 |train loss 0.5129069089889526
Valid: loss 0.5206772089004517, score:{'roc_auc': 0.8246825573624416, 'MRR': 0.8639455782312924}
Saving model
epoch 9 | batch 1 |train loss 0.5383591651916504
epoch 10 | batch 0 |train loss 0.5165342092514038
Valid: loss 0.5134449005126953, score:{'roc_auc': 0.8264646914680329, 'MRR': 0.8673469387755102}
Saving model
epoch 10 | batch 1 |train loss 0.5312748551368713
epoch 11 | batch 0 |train loss 0.5032846331596375
Valid: loss 0.5072001814842224, score:{'roc_auc': 0.8280240588104255, 'MRR': 0.8639455782312924}
Saving model
epoch 11 | batch 1 |train loss 0.5205716490745544
epoch 12 | batch 0 |train loss 0.4975634515285492
Valid: loss 0.5193784832954407, score:{'roc_auc': 0.8211182891512586, 'MRR': 0.8503401360544218}
EarlyStopping counter: 1 out of 3
epoch 12 | batch 1 |train loss 0.5250222682952881
epoch 13 | batch 0 |train loss 0.49275702238082886
Valid: loss 0.504456639289856, score:{'roc_auc': 0.8324793940744041, 'MRR': 0.8639455782312924}
Saving model
epoch 13 | batch 1 |train loss 0.5061116814613342
epoch 14 | batch 0 |train loss 0.48839816451072693
Valid: loss 0.49896439909935, score:{'roc_auc': 0.8427266651815549, 'MRR': 0.8843537414965985}
Saving model
epoch 14 | batch 1 |train loss 0.49617999792099
epoch 15 | batch 0 |train loss 0.4837512969970703
Valid: loss 0.5005291700363159, score:{'roc_auc': 0.8404989975495656, 'MRR': 0.8843537414965985}
EarlyStopping counter: 1 out of 3
epoch 15 | batch 1 |train loss 0.4966246783733368
epoch 16 | batch 0 |train loss 0.4716435968875885
Valid: loss 0.4967118501663208, score:{'roc_auc': 0.8407217643127645, 'MRR': 0.8741496598639454}
Saving model
epoch 16 | batch 1 |train loss 0.47932255268096924
epoch 17 | batch 0 |train loss 0.4618825316429138
Valid: loss 0.4947383403778076, score:{'roc_auc': 0.8420583648919581, 'MRR': 0.8741496598639454}
Saving model
epoch 17 | batch 1 |train loss 0.46606895327568054
epoch 18 | batch 0 |train loss 0.45522743463516235
Valid: loss 0.48647913336753845, score:{'roc_auc': 0.8420583648919582, 'MRR': 0.8741496598639454}
Saving model
epoch 18 | batch 1 |train loss 0.447830468416214
epoch 19 | batch 0 |train loss 0.4365161657333374
Valid: loss 0.4775117337703705, score:{'roc_auc': 0.8503007351303185, 'MRR': 0.9047619047619047}
Saving model
epoch 19 | batch 1 |train loss 0.43380752205848694
epoch 20 | batch 0 |train loss 0.43140658736228943
Valid: loss 0.4713478684425354, score:{'roc_auc': 0.8523056359991089, 'MRR': 0.9081632653061225}
Saving model
epoch 20 | batch 1 |train loss 0.42512187361717224
epoch 21 | batch 0 |train loss 0.4228646457195282
Valid: loss 0.4898460805416107, score:{'roc_auc': 0.8447315660503453, 'MRR': 0.8775510204081632}
EarlyStopping counter: 1 out of 3
epoch 21 | batch 1 |train loss 0.4104499816894531
epoch 22 | batch 0 |train loss 0.41350114345550537
Valid: loss 0.5180859565734863, score:{'roc_auc': 0.8309200267320116, 'MRR': 0.8639455782312924}
EarlyStopping counter: 2 out of 3
epoch 22 | batch 1 |train loss 0.40232881903648376
epoch 23 | batch 0 |train loss 0.4104931354522705
Valid: loss 0.531208336353302, score:{'roc_auc': 0.8266874582312319, 'MRR': 0.8673469387755102}
Meta keys: dict_keys([5])
Data keys: dict_keys([5])
Edge type: 5, Meta: (1, 0)
Average links per head: 3.55
Median: 2.0, Min: 1, Max: 22
len test_list[0] 423
len test_list[1] 423
len test_label 423
2 hop test: loss 0.531208336353302, score:{'roc_auc': 0.5798533488330502, 'MRR': 0.7556022408963586}
(array([0, 1]), array([211, 212]))
[0.53192043 0.6417413  0.71226215 0.86935246 0.05960153 0.81375635
 0.64374983 0.8419173  0.83353525 0.90040404 0.9259493  0.87593687
 0.35587195 0.4747749  0.95051557 0.9608705  0.9130778  0.9040693
 0.6546245  0.47772872]
Average links per head full random test: 1.49
Medianfull random test: 1.0, Min: 1, Max: 11
len test_list[0]full random test 424
len test_list[1]full random test 424
len test_label full random test 424
2 hop test: loss 0.531208336353302, score:{'roc_auc': 0.5798533488330502, 'MRR': 0.7556022408963586}
edge type: 5, random_score: {'roc_auc': 0.81125400498398, 'MRR': 0.9789915966386554}, score: {'roc_auc': 0.5798533488330502, 'MRR': 0.7556022408963586}
ROC_AUC: 0.5798533488330502
Sec neigh test: score list: defaultdict(<class 'list'>, {'roc_auc': [0.5798533488330502], 'MRR': [0.7556022408963586]})
Random test: score list: defaultdict(<class 'list'>, {'roc_auc': [0.81125400498398], 'MRR': [0.9789915966386554]})
Sec neigh test:average score: defaultdict(<class 'list'>, {'roc_auc': 0.5799, 'MRR': 0.7556})
Random test: average score: defaultdict(<class 'list'>, {'roc_auc': 0.8113, 'MRR': 0.979})
Completed: amazon_style_cc_features_fold_5 (rep 1)

=== Repetition 2/6 ===
--------------------------------------
Running model: GAT
Dataset: amazon_style_cc_features_fold_1
Repetition: 2
--------------------------------------
use device: cpu
Namespace(data='amazon_style_cc_features_fold_1', model_path='model.pt', train_iter_n=50, cuda=0, checkpoint='', epochs=100, patience=3, n_layers=2, n_heads=[4], dropout=0.5, model='GAT', lr=0.0001, weight_decay=0.0, batch_size=1024, edge_sample_ratio=1, test_with_CPU=False, decoder='dismult', feat_type=1)
args.feat_type 1
sys_path ['/home/simonettos/homhetgnn/HGB/LP/benchmark/methods/GNN', '/home/simonettos/homhetgnn/sbatches', '/home/simonettos/homhetgnn/HGB/LP/benchmark/methods/baseline', '/home/simonettos/homhetgnn/HGB/LP/benchmark', '/home/simonettos/homhetgnn/HGB/LP/benchmark/methods/GNN', '/home/simonettos/homhetgnn/HGB/LP/benchmark/methods/GNN/utils', '/home/simonettos/homhetgnn/HGB/LP/benchmark/methods/GNN/models', '/deepstore/software/anaconda3/2022.05/lib/python39.zip', '/deepstore/software/anaconda3/2022.05/lib/python3.9', '/deepstore/software/anaconda3/2022.05/lib/python3.9/lib-dynload', '/home/simonettos/homhetgnn/gpuvenv/lib/python3.9/site-packages', '../../', '../../']
Data path: /home/simonettos/homhetgnn/HGB/LP/benchmark/data/amazon_style_cc_features_fold_1
Loading nodes from /home/simonettos/homhetgnn/HGB/LP/benchmark/data/amazon_style_cc_features_fold_1/node.dat
edge types: dict_keys([5, 4, 6, 3, 2, 7, 0, 1, 8, 9])
Getting training negative samples for edge types: [5]
nodes.shift keys: [0, 1]
nodes.count keys: [0, 1]
links.meta: {5: (1, 0), 4: (1, 1), 6: (0, 0), 3: (0, 0), 2: (1, 1), 7: (1, 1), 0: (0, 0), 1: (1, 1), 8: (1, 1), 9: (1, 1)}
t_type about to use: 0
h_type: 1
shift dict: {0: 0, 1: 558}
count dict: Counter({1: 940, 0: 558})
Generated 893 negative samples for edge type 5
Info: load amazon_style_cc_features_fold_1 from original data and generate /home/simonettos/homhetgnn/HGB/LP/benchmark/data/amazon_style_cc_features_fold_1/dl_pickle 
edge types: [5]
dataset: amazon_style_cc_features_fold_1, eval_type: 5
epoch 0 | batch 0 |train loss 0.6932229995727539
Valid: loss 1.057945966720581, score:{'roc_auc': 0.6846938775510204, 'MRR': 0.84}
Saving model
epoch 0 | batch 1 |train loss 0.9614748954772949
epoch 1 | batch 0 |train loss 0.5996785163879395
Valid: loss 0.7510995864868164, score:{'roc_auc': 0.6542857142857142, 'MRR': 0.82}
Saving model
epoch 1 | batch 1 |train loss 0.6273785829544067
epoch 2 | batch 0 |train loss 0.5405852794647217
Valid: loss 0.6558117270469666, score:{'roc_auc': 0.6851020408163265, 'MRR': 0.84}
Saving model
epoch 2 | batch 1 |train loss 0.5842162370681763
epoch 3 | batch 0 |train loss 0.5745697617530823
Valid: loss 0.6476079821586609, score:{'roc_auc': 0.6989795918367346, 'MRR': 0.85}
Saving model
epoch 3 | batch 1 |train loss 0.5682569146156311
epoch 4 | batch 0 |train loss 0.5207743048667908
Valid: loss 0.6505152583122253, score:{'roc_auc': 0.7085714285714285, 'MRR': 0.85}
EarlyStopping counter: 1 out of 3
epoch 4 | batch 1 |train loss 0.5515176653862
epoch 5 | batch 0 |train loss 0.5226237773895264
Valid: loss 0.6788562536239624, score:{'roc_auc': 0.7124489795918368, 'MRR': 0.85}
EarlyStopping counter: 2 out of 3
epoch 5 | batch 1 |train loss 0.5539097189903259
epoch 6 | batch 0 |train loss 0.5039294958114624
Valid: loss 0.6718926429748535, score:{'roc_auc': 0.7177551020408164, 'MRR': 0.85}
Meta keys: dict_keys([5])
Data keys: dict_keys([5])
Edge type: 5, Meta: (1, 0)
Average links per head: 3.64
Median: 2.0, Min: 1, Max: 28
len test_list[0] 498
len test_list[1] 498
len test_label 498
2 hop test: loss 0.6718926429748535, score:{'roc_auc': 0.5220806451612904, 'MRR': 0.7277372262773721}
(array([0, 1]), array([248, 250]))
[0.05831654 0.09993845 0.3257562  0.32244736 0.36864856 0.36864856
 0.5809395  0.713229   0.52000284 0.60503    0.49499184 0.56214166
 0.42378208 0.49823254 0.442165   0.5970524  0.4674514  0.3339675
 0.5476757  0.7168005 ]
Average links per head full random test: 1.53
Medianfull random test: 1.0, Min: 1, Max: 14
len test_list[0]full random test 500
len test_list[1]full random test 500
len test_label full random test 500
2 hop test: loss 0.6718926429748535, score:{'roc_auc': 0.5220806451612904, 'MRR': 0.7277372262773721}
edge type: 5, random_score: {'roc_auc': 0.786752, 'MRR': 0.9781021897810219}, score: {'roc_auc': 0.5220806451612904, 'MRR': 0.7277372262773721}
ROC_AUC: 0.5220806451612904
Sec neigh test: score list: defaultdict(<class 'list'>, {'roc_auc': [0.5220806451612904], 'MRR': [0.7277372262773721]})
Random test: score list: defaultdict(<class 'list'>, {'roc_auc': [0.786752], 'MRR': [0.9781021897810219]})
Sec neigh test:average score: defaultdict(<class 'list'>, {'roc_auc': 0.5221, 'MRR': 0.7277})
Random test: average score: defaultdict(<class 'list'>, {'roc_auc': 0.7868, 'MRR': 0.9781})
Completed: amazon_style_cc_features_fold_1 (rep 2)

--------------------------------------
Running model: GAT
Dataset: amazon_style_cc_features_fold_2
Repetition: 2
--------------------------------------
use device: cpu
Namespace(data='amazon_style_cc_features_fold_2', model_path='model.pt', train_iter_n=50, cuda=0, checkpoint='', epochs=100, patience=3, n_layers=2, n_heads=[4], dropout=0.5, model='GAT', lr=0.0001, weight_decay=0.0, batch_size=1024, edge_sample_ratio=1, test_with_CPU=False, decoder='dismult', feat_type=1)
args.feat_type 1
sys_path ['/home/simonettos/homhetgnn/HGB/LP/benchmark/methods/GNN', '/home/simonettos/homhetgnn/sbatches', '/home/simonettos/homhetgnn/HGB/LP/benchmark/methods/baseline', '/home/simonettos/homhetgnn/HGB/LP/benchmark', '/home/simonettos/homhetgnn/HGB/LP/benchmark/methods/GNN', '/home/simonettos/homhetgnn/HGB/LP/benchmark/methods/GNN/utils', '/home/simonettos/homhetgnn/HGB/LP/benchmark/methods/GNN/models', '/deepstore/software/anaconda3/2022.05/lib/python39.zip', '/deepstore/software/anaconda3/2022.05/lib/python3.9', '/deepstore/software/anaconda3/2022.05/lib/python3.9/lib-dynload', '/home/simonettos/homhetgnn/gpuvenv/lib/python3.9/site-packages', '../../', '../../']
Data path: /home/simonettos/homhetgnn/HGB/LP/benchmark/data/amazon_style_cc_features_fold_2
Loading nodes from /home/simonettos/homhetgnn/HGB/LP/benchmark/data/amazon_style_cc_features_fold_2/node.dat
edge types: dict_keys([0, 3, 6, 5, 4, 7, 2, 1, 8, 9])
Getting training negative samples for edge types: [5]
nodes.shift keys: [0, 1]
nodes.count keys: [0, 1]
links.meta: {0: (0, 0), 3: (0, 0), 6: (0, 0), 5: (1, 0), 4: (1, 1), 7: (1, 1), 2: (1, 1), 1: (1, 1), 8: (1, 1), 9: (1, 1)}
t_type about to use: 0
h_type: 1
shift dict: {0: 0, 1: 558}
count dict: Counter({1: 940, 0: 558})
Generated 902 negative samples for edge type 5
Info: load amazon_style_cc_features_fold_2 from original data and generate /home/simonettos/homhetgnn/HGB/LP/benchmark/data/amazon_style_cc_features_fold_2/dl_pickle 
edge types: [5]
dataset: amazon_style_cc_features_fold_2, eval_type: 5
epoch 0 | batch 0 |train loss 0.6994380354881287
Valid: loss 0.7091466784477234, score:{'roc_auc': 0.6397815584961142, 'MRR': 0.844871794871795}
Saving model
epoch 0 | batch 1 |train loss 0.6651970744132996
epoch 1 | batch 0 |train loss 0.7992630004882812
Valid: loss 0.8409886956214905, score:{'roc_auc': 0.6374711195127074, 'MRR': 0.8576923076923078}
EarlyStopping counter: 1 out of 3
epoch 1 | batch 1 |train loss 0.6077812910079956
epoch 2 | batch 0 |train loss 0.5705512166023254
Valid: loss 0.7208456993103027, score:{'roc_auc': 0.6479731148918294, 'MRR': 0.8320512820512821}
EarlyStopping counter: 2 out of 3
epoch 2 | batch 1 |train loss 0.5659592747688293
epoch 3 | batch 0 |train loss 0.5742519497871399
Valid: loss 0.7161741256713867, score:{'roc_auc': 0.6603654694391934, 'MRR': 0.844871794871795}
Meta keys: dict_keys([5])
Data keys: dict_keys([5])
Edge type: 5, Meta: (1, 0)
Average links per head: 3.32
Median: 2.0, Min: 1, Max: 24
len test_list[0] 485
len test_list[1] 485
len test_label 485
2 hop test: loss 0.7161741256713867, score:{'roc_auc': 0.5315444002312689, 'MRR': 0.7363013698630136}
(array([0, 1]), array([242, 243]))
[0.5280857  0.5426178  0.61663693 0.61467004 0.6684085  0.7790051
 0.6575609  0.5442631  0.752552   0.8249985  0.577581   0.768057
 0.5348436  0.75183153 0.83630055 0.5495429  0.8044048  0.5887195
 0.8290508  0.74839276]
Average links per head full random test: 1.46
Medianfull random test: 1.0, Min: 1, Max: 12
len test_list[0]full random test 486
len test_list[1]full random test 486
len test_label full random test 486
2 hop test: loss 0.7161741256713867, score:{'roc_auc': 0.5315444002312689, 'MRR': 0.7363013698630136}
edge type: 5, random_score: {'roc_auc': 0.7252790055716438, 'MRR': 0.976027397260274}, score: {'roc_auc': 0.5315444002312689, 'MRR': 0.7363013698630136}
ROC_AUC: 0.5315444002312689
Sec neigh test: score list: defaultdict(<class 'list'>, {'roc_auc': [0.5315444002312689], 'MRR': [0.7363013698630136]})
Random test: score list: defaultdict(<class 'list'>, {'roc_auc': [0.7252790055716438], 'MRR': [0.976027397260274]})
Sec neigh test:average score: defaultdict(<class 'list'>, {'roc_auc': 0.5315, 'MRR': 0.7363})
Random test: average score: defaultdict(<class 'list'>, {'roc_auc': 0.7253, 'MRR': 0.976})
Completed: amazon_style_cc_features_fold_2 (rep 2)

--------------------------------------
Running model: GAT
Dataset: amazon_style_cc_features_fold_3
Repetition: 2
--------------------------------------
use device: cpu
Namespace(data='amazon_style_cc_features_fold_3', model_path='model.pt', train_iter_n=50, cuda=0, checkpoint='', epochs=100, patience=3, n_layers=2, n_heads=[4], dropout=0.5, model='GAT', lr=0.0001, weight_decay=0.0, batch_size=1024, edge_sample_ratio=1, test_with_CPU=False, decoder='dismult', feat_type=1)
args.feat_type 1
sys_path ['/home/simonettos/homhetgnn/HGB/LP/benchmark/methods/GNN', '/home/simonettos/homhetgnn/sbatches', '/home/simonettos/homhetgnn/HGB/LP/benchmark/methods/baseline', '/home/simonettos/homhetgnn/HGB/LP/benchmark', '/home/simonettos/homhetgnn/HGB/LP/benchmark/methods/GNN', '/home/simonettos/homhetgnn/HGB/LP/benchmark/methods/GNN/utils', '/home/simonettos/homhetgnn/HGB/LP/benchmark/methods/GNN/models', '/deepstore/software/anaconda3/2022.05/lib/python39.zip', '/deepstore/software/anaconda3/2022.05/lib/python3.9', '/deepstore/software/anaconda3/2022.05/lib/python3.9/lib-dynload', '/home/simonettos/homhetgnn/gpuvenv/lib/python3.9/site-packages', '../../', '../../']
Data path: /home/simonettos/homhetgnn/HGB/LP/benchmark/data/amazon_style_cc_features_fold_3
Loading nodes from /home/simonettos/homhetgnn/HGB/LP/benchmark/data/amazon_style_cc_features_fold_3/node.dat
edge types: dict_keys([0, 3, 6, 5, 4, 7, 2, 1, 8, 9])
Getting training negative samples for edge types: [5]
nodes.shift keys: [0, 1]
nodes.count keys: [0, 1]
links.meta: {0: (0, 0), 3: (0, 0), 6: (0, 0), 5: (1, 0), 4: (1, 1), 7: (1, 1), 2: (1, 1), 1: (1, 1), 8: (1, 1), 9: (1, 1)}
t_type about to use: 0
h_type: 1
shift dict: {0: 0, 1: 558}
count dict: Counter({1: 940, 0: 558})
Generated 881 negative samples for edge type 5
Info: load amazon_style_cc_features_fold_3 from original data and generate /home/simonettos/homhetgnn/HGB/LP/benchmark/data/amazon_style_cc_features_fold_3/dl_pickle 
edge types: [5]
dataset: amazon_style_cc_features_fold_3, eval_type: 5
epoch 0 | batch 0 |train loss 0.6848931312561035
Valid: loss 0.7186718583106995, score:{'roc_auc': 0.6343877551020408, 'MRR': 0.8182870370370369}
Saving model
epoch 0 | batch 1 |train loss 0.6549115777015686
epoch 1 | batch 0 |train loss 0.824722945690155
Valid: loss 0.8248078227043152, score:{'roc_auc': 0.6392857142857143, 'MRR': 0.8078703703703702}
EarlyStopping counter: 1 out of 3
epoch 1 | batch 1 |train loss 0.6326284408569336
epoch 2 | batch 0 |train loss 0.5537983179092407
Valid: loss 0.681774914264679, score:{'roc_auc': 0.6494897959183674, 'MRR': 0.8078703703703702}
Saving model
epoch 2 | batch 1 |train loss 0.5836455225944519
epoch 3 | batch 0 |train loss 0.5659915208816528
Valid: loss 0.6915311813354492, score:{'roc_auc': 0.6564285714285714, 'MRR': 0.8182870370370369}
EarlyStopping counter: 1 out of 3
epoch 3 | batch 1 |train loss 0.5530300140380859
epoch 4 | batch 0 |train loss 0.5457260608673096
Valid: loss 0.7789168357849121, score:{'roc_auc': 0.6562244897959183, 'MRR': 0.8182870370370369}
EarlyStopping counter: 2 out of 3
epoch 4 | batch 1 |train loss 0.5671625137329102
epoch 5 | batch 0 |train loss 0.5442134737968445
Valid: loss 0.7497228980064392, score:{'roc_auc': 0.6562244897959184, 'MRR': 0.8182870370370369}
Meta keys: dict_keys([5])
Data keys: dict_keys([5])
Edge type: 5, Meta: (1, 0)
Average links per head: 3.45
Median: 2.0, Min: 1, Max: 28
len test_list[0] 521
len test_list[1] 521
len test_label 521
2 hop test: loss 0.7497228980064392, score:{'roc_auc': 0.5422340111995284, 'MRR': 0.720971302428256}
(array([0, 1]), array([260, 261]))
[0.5583537  0.56018966 0.71049243 0.79151237 0.38633066 0.7388994
 0.6803688  0.8057989  0.6457449  0.7549573  0.68542373 0.84256744
 0.7986914  0.35359898 0.7635008  0.56615245 0.8333965  0.49583113
 0.7726279  0.76812077]
Average links per head full random test: 1.52
Medianfull random test: 1.0, Min: 1, Max: 14
len test_list[0]full random test 522
len test_list[1]full random test 522
len test_label full random test 522
2 hop test: loss 0.7497228980064392, score:{'roc_auc': 0.5422340111995284, 'MRR': 0.720971302428256}
edge type: 5, random_score: {'roc_auc': 0.7607932942851691, 'MRR': 0.9735099337748344}, score: {'roc_auc': 0.5422340111995284, 'MRR': 0.720971302428256}
ROC_AUC: 0.5422340111995284
Sec neigh test: score list: defaultdict(<class 'list'>, {'roc_auc': [0.5422340111995284], 'MRR': [0.720971302428256]})
Random test: score list: defaultdict(<class 'list'>, {'roc_auc': [0.7607932942851691], 'MRR': [0.9735099337748344]})
Sec neigh test:average score: defaultdict(<class 'list'>, {'roc_auc': 0.5422, 'MRR': 0.721})
Random test: average score: defaultdict(<class 'list'>, {'roc_auc': 0.7608, 'MRR': 0.9735})
Completed: amazon_style_cc_features_fold_3 (rep 2)

--------------------------------------
Running model: GAT
Dataset: amazon_style_cc_features_fold_4
Repetition: 2
--------------------------------------
use device: cpu
Namespace(data='amazon_style_cc_features_fold_4', model_path='model.pt', train_iter_n=50, cuda=0, checkpoint='', epochs=100, patience=3, n_layers=2, n_heads=[4], dropout=0.5, model='GAT', lr=0.0001, weight_decay=0.0, batch_size=1024, edge_sample_ratio=1, test_with_CPU=False, decoder='dismult', feat_type=1)
args.feat_type 1
sys_path ['/home/simonettos/homhetgnn/HGB/LP/benchmark/methods/GNN', '/home/simonettos/homhetgnn/sbatches', '/home/simonettos/homhetgnn/HGB/LP/benchmark/methods/baseline', '/home/simonettos/homhetgnn/HGB/LP/benchmark', '/home/simonettos/homhetgnn/HGB/LP/benchmark/methods/GNN', '/home/simonettos/homhetgnn/HGB/LP/benchmark/methods/GNN/utils', '/home/simonettos/homhetgnn/HGB/LP/benchmark/methods/GNN/models', '/deepstore/software/anaconda3/2022.05/lib/python39.zip', '/deepstore/software/anaconda3/2022.05/lib/python3.9', '/deepstore/software/anaconda3/2022.05/lib/python3.9/lib-dynload', '/home/simonettos/homhetgnn/gpuvenv/lib/python3.9/site-packages', '../../', '../../']
Data path: /home/simonettos/homhetgnn/HGB/LP/benchmark/data/amazon_style_cc_features_fold_4
Loading nodes from /home/simonettos/homhetgnn/HGB/LP/benchmark/data/amazon_style_cc_features_fold_4/node.dat
edge types: dict_keys([0, 3, 6, 5, 4, 7, 2, 1, 8, 9])
Getting training negative samples for edge types: [5]
nodes.shift keys: [0, 1]
nodes.count keys: [0, 1]
links.meta: {0: (0, 0), 3: (0, 0), 6: (0, 0), 5: (1, 0), 4: (1, 1), 7: (1, 1), 2: (1, 1), 1: (1, 1), 8: (1, 1), 9: (1, 1)}
t_type about to use: 0
h_type: 1
shift dict: {0: 0, 1: 558}
count dict: Counter({1: 940, 0: 558})
Generated 897 negative samples for edge type 5
Info: load amazon_style_cc_features_fold_4 from original data and generate /home/simonettos/homhetgnn/HGB/LP/benchmark/data/amazon_style_cc_features_fold_4/dl_pickle 
edge types: [5]
dataset: amazon_style_cc_features_fold_4, eval_type: 5
epoch 0 | batch 0 |train loss 0.6785664558410645
Valid: loss 0.9314314723014832, score:{'roc_auc': 0.7069636678200691, 'MRR': 0.8469387755102041}
Saving model
epoch 0 | batch 1 |train loss 0.7923397421836853
epoch 1 | batch 0 |train loss 0.9068055748939514
Valid: loss 0.6470595598220825, score:{'roc_auc': 0.7054498269896194, 'MRR': 0.8435374149659864}
Saving model
epoch 1 | batch 1 |train loss 0.5938832759857178
epoch 2 | batch 0 |train loss 0.5856322646141052
Valid: loss 0.6478478312492371, score:{'roc_auc': 0.7006920415224914, 'MRR': 0.8469387755102041}
EarlyStopping counter: 1 out of 3
epoch 2 | batch 1 |train loss 0.6050122976303101
epoch 3 | batch 0 |train loss 0.6200499534606934
Valid: loss 0.6312233209609985, score:{'roc_auc': 0.6913927335640139, 'MRR': 0.8231292517006803}
Saving model
epoch 3 | batch 1 |train loss 0.6046545505523682
epoch 4 | batch 0 |train loss 0.5984271764755249
Valid: loss 0.6113706827163696, score:{'roc_auc': 0.7275086505190312, 'MRR': 0.8231292517006803}
Saving model
epoch 4 | batch 1 |train loss 0.5775293111801147
epoch 5 | batch 0 |train loss 0.5693532824516296
Valid: loss 0.624792754650116, score:{'roc_auc': 0.7275086505190311, 'MRR': 0.8231292517006803}
EarlyStopping counter: 1 out of 3
epoch 5 | batch 1 |train loss 0.5522685050964355
epoch 6 | batch 0 |train loss 0.5737586617469788
Valid: loss 0.6585171222686768, score:{'roc_auc': 0.7242647058823529, 'MRR': 0.8231292517006803}
EarlyStopping counter: 2 out of 3
epoch 6 | batch 1 |train loss 0.5635254979133606
epoch 7 | batch 0 |train loss 0.5773661136627197
Valid: loss 0.6486819386482239, score:{'roc_auc': 0.7309688581314879, 'MRR': 0.8231292517006803}
Meta keys: dict_keys([5])
Data keys: dict_keys([5])
Edge type: 5, Meta: (1, 0)
Average links per head: 3.39
Median: 2.0, Min: 2, Max: 30
len test_list[0] 492
len test_list[1] 492
len test_label 492
2 hop test: loss 0.6486819386482239, score:{'roc_auc': 0.5488498149127445, 'MRR': 0.7599999999999999}
(array([0, 1]), array([244, 248]))
[0.4321913  0.39995483 0.55534464 0.63756776 0.45268133 0.41971874
 0.5053972  0.43153375 0.41043442 0.6079208  0.5108509  0.69520026
 0.65782374 0.47086158 0.7230618  0.633322   0.606747   0.4837249
 0.53873974 0.89096683]
Average links per head full random test: 1.48
Medianfull random test: 1.0, Min: 1, Max: 15
len test_list[0]full random test 496
len test_list[1]full random test 496
len test_label full random test 496
2 hop test: loss 0.6486819386482239, score:{'roc_auc': 0.5488498149127445, 'MRR': 0.7599999999999999}
edge type: 5, random_score: {'roc_auc': 0.8157030437044746, 'MRR': 0.9758620689655172}, score: {'roc_auc': 0.5488498149127445, 'MRR': 0.7599999999999999}
ROC_AUC: 0.5488498149127445
Sec neigh test: score list: defaultdict(<class 'list'>, {'roc_auc': [0.5488498149127445], 'MRR': [0.7599999999999999]})
Random test: score list: defaultdict(<class 'list'>, {'roc_auc': [0.8157030437044746], 'MRR': [0.9758620689655172]})
Sec neigh test:average score: defaultdict(<class 'list'>, {'roc_auc': 0.5488, 'MRR': 0.76})
Random test: average score: defaultdict(<class 'list'>, {'roc_auc': 0.8157, 'MRR': 0.9759})
Completed: amazon_style_cc_features_fold_4 (rep 2)

--------------------------------------
Running model: GAT
Dataset: amazon_style_cc_features_fold_5
Repetition: 2
--------------------------------------
use device: cpu
Namespace(data='amazon_style_cc_features_fold_5', model_path='model.pt', train_iter_n=50, cuda=0, checkpoint='', epochs=100, patience=3, n_layers=2, n_heads=[4], dropout=0.5, model='GAT', lr=0.0001, weight_decay=0.0, batch_size=1024, edge_sample_ratio=1, test_with_CPU=False, decoder='dismult', feat_type=1)
args.feat_type 1
sys_path ['/home/simonettos/homhetgnn/HGB/LP/benchmark/methods/GNN', '/home/simonettos/homhetgnn/sbatches', '/home/simonettos/homhetgnn/HGB/LP/benchmark/methods/baseline', '/home/simonettos/homhetgnn/HGB/LP/benchmark', '/home/simonettos/homhetgnn/HGB/LP/benchmark/methods/GNN', '/home/simonettos/homhetgnn/HGB/LP/benchmark/methods/GNN/utils', '/home/simonettos/homhetgnn/HGB/LP/benchmark/methods/GNN/models', '/deepstore/software/anaconda3/2022.05/lib/python39.zip', '/deepstore/software/anaconda3/2022.05/lib/python3.9', '/deepstore/software/anaconda3/2022.05/lib/python3.9/lib-dynload', '/home/simonettos/homhetgnn/gpuvenv/lib/python3.9/site-packages', '../../', '../../']
Data path: /home/simonettos/homhetgnn/HGB/LP/benchmark/data/amazon_style_cc_features_fold_5
Loading nodes from /home/simonettos/homhetgnn/HGB/LP/benchmark/data/amazon_style_cc_features_fold_5/node.dat
edge types: dict_keys([0, 3, 6, 5, 4, 7, 2, 1, 8, 9])
Getting training negative samples for edge types: [5]
nodes.shift keys: [0, 1]
nodes.count keys: [0, 1]
links.meta: {0: (0, 0), 3: (0, 0), 6: (0, 0), 5: (1, 0), 4: (1, 1), 7: (1, 1), 2: (1, 1), 1: (1, 1), 8: (1, 1), 9: (1, 1)}
t_type about to use: 0
h_type: 1
shift dict: {0: 0, 1: 558}
count dict: Counter({1: 940, 0: 558})
Generated 923 negative samples for edge type 5
Info: load amazon_style_cc_features_fold_5 from original data and generate /home/simonettos/homhetgnn/HGB/LP/benchmark/data/amazon_style_cc_features_fold_5/dl_pickle 
edge types: [5]
dataset: amazon_style_cc_features_fold_5, eval_type: 5
epoch 0 | batch 0 |train loss 0.69581139087677
Valid: loss 1.0352709293365479, score:{'roc_auc': 0.5890538033395176, 'MRR': 0.7925}
Saving model
epoch 0 | batch 1 |train loss 1.0042481422424316
epoch 1 | batch 0 |train loss 0.5966499447822571
Valid: loss 0.8894527554512024, score:{'roc_auc': 0.6062573789846516, 'MRR': 0.7725}
Saving model
epoch 1 | batch 1 |train loss 0.6733649373054504
epoch 2 | batch 0 |train loss 0.5948953628540039
Valid: loss 0.9252153038978577, score:{'roc_auc': 0.5730308652386574, 'MRR': 0.7491666666666668}
EarlyStopping counter: 1 out of 3
epoch 2 | batch 1 |train loss 0.6191429495811462
epoch 3 | batch 0 |train loss 0.5808876156806946
Valid: loss 0.658177375793457, score:{'roc_auc': 0.6592174059706527, 'MRR': 0.8025}
Saving model
epoch 3 | batch 1 |train loss 0.5598087310791016
epoch 4 | batch 0 |train loss 0.5812249779701233
Valid: loss 0.6517472863197327, score:{'roc_auc': 0.7005397200202393, 'MRR': 0.86}
Saving model
epoch 4 | batch 1 |train loss 0.5725829601287842
epoch 5 | batch 0 |train loss 0.5621445178985596
Valid: loss 0.6800796985626221, score:{'roc_auc': 0.6899139821217742, 'MRR': 0.8125}
EarlyStopping counter: 1 out of 3
epoch 5 | batch 1 |train loss 0.5352391004562378
epoch 6 | batch 0 |train loss 0.5414538979530334
Valid: loss 0.7546135783195496, score:{'roc_auc': 0.6757463315904876, 'MRR': 0.8328571428571427}
EarlyStopping counter: 2 out of 3
epoch 6 | batch 1 |train loss 0.5463322997093201
epoch 7 | batch 0 |train loss 0.5497537851333618
Valid: loss 0.7274664044380188, score:{'roc_auc': 0.7005397200202395, 'MRR': 0.8428571428571427}
Meta keys: dict_keys([5])
Data keys: dict_keys([5])
Edge type: 5, Meta: (1, 0)
Average links per head: 3.55
Median: 2.0, Min: 1, Max: 22
len test_list[0] 423
len test_list[1] 423
len test_label 423
2 hop test: loss 0.7274664044380188, score:{'roc_auc': 0.5355226683358669, 'MRR': 0.72296918767507}
(array([0, 1]), array([211, 212]))
[0.52930975 0.5106426  0.586397   0.5650797  0.18483207 0.58342224
 0.5091756  0.6847606  0.581965   0.5877876  0.6304453  0.5476394
 0.43568277 0.5376666  0.67536885 0.54890805 0.5149956  0.59574956
 0.42370516 0.630126  ]
Average links per head full random test: 1.49
Medianfull random test: 1.0, Min: 1, Max: 11
len test_list[0]full random test 424
len test_list[1]full random test 424
len test_label full random test 424
2 hop test: loss 0.7274664044380188, score:{'roc_auc': 0.5355226683358669, 'MRR': 0.72296918767507}
edge type: 5, random_score: {'roc_auc': 0.7690014239943039, 'MRR': 0.9789915966386554}, score: {'roc_auc': 0.5355226683358669, 'MRR': 0.72296918767507}
ROC_AUC: 0.5355226683358669
Sec neigh test: score list: defaultdict(<class 'list'>, {'roc_auc': [0.5355226683358669], 'MRR': [0.72296918767507]})
Random test: score list: defaultdict(<class 'list'>, {'roc_auc': [0.7690014239943039], 'MRR': [0.9789915966386554]})
Sec neigh test:average score: defaultdict(<class 'list'>, {'roc_auc': 0.5355, 'MRR': 0.723})
Random test: average score: defaultdict(<class 'list'>, {'roc_auc': 0.769, 'MRR': 0.979})
Completed: amazon_style_cc_features_fold_5 (rep 2)

=== Repetition 3/6 ===
--------------------------------------
Running model: GAT
Dataset: amazon_style_cc_features_fold_1
Repetition: 3
--------------------------------------
use device: cpu
Namespace(data='amazon_style_cc_features_fold_1', model_path='model.pt', train_iter_n=50, cuda=0, checkpoint='', epochs=100, patience=3, n_layers=2, n_heads=[4], dropout=0.5, model='GAT', lr=0.0001, weight_decay=0.0, batch_size=1024, edge_sample_ratio=1, test_with_CPU=False, decoder='dismult', feat_type=1)
args.feat_type 1
sys_path ['/home/simonettos/homhetgnn/HGB/LP/benchmark/methods/GNN', '/home/simonettos/homhetgnn/sbatches', '/home/simonettos/homhetgnn/HGB/LP/benchmark/methods/baseline', '/home/simonettos/homhetgnn/HGB/LP/benchmark', '/home/simonettos/homhetgnn/HGB/LP/benchmark/methods/GNN', '/home/simonettos/homhetgnn/HGB/LP/benchmark/methods/GNN/utils', '/home/simonettos/homhetgnn/HGB/LP/benchmark/methods/GNN/models', '/deepstore/software/anaconda3/2022.05/lib/python39.zip', '/deepstore/software/anaconda3/2022.05/lib/python3.9', '/deepstore/software/anaconda3/2022.05/lib/python3.9/lib-dynload', '/home/simonettos/homhetgnn/gpuvenv/lib/python3.9/site-packages', '../../', '../../']
Data path: /home/simonettos/homhetgnn/HGB/LP/benchmark/data/amazon_style_cc_features_fold_1
Loading nodes from /home/simonettos/homhetgnn/HGB/LP/benchmark/data/amazon_style_cc_features_fold_1/node.dat
edge types: dict_keys([5, 4, 6, 3, 2, 7, 0, 1, 8, 9])
Getting training negative samples for edge types: [5]
nodes.shift keys: [0, 1]
nodes.count keys: [0, 1]
links.meta: {5: (1, 0), 4: (1, 1), 6: (0, 0), 3: (0, 0), 2: (1, 1), 7: (1, 1), 0: (0, 0), 1: (1, 1), 8: (1, 1), 9: (1, 1)}
t_type about to use: 0
h_type: 1
shift dict: {0: 0, 1: 558}
count dict: Counter({1: 940, 0: 558})
Generated 895 negative samples for edge type 5
Info: load amazon_style_cc_features_fold_1 from original data and generate /home/simonettos/homhetgnn/HGB/LP/benchmark/data/amazon_style_cc_features_fold_1/dl_pickle 
edge types: [5]
dataset: amazon_style_cc_features_fold_1, eval_type: 5
epoch 0 | batch 0 |train loss 0.6985417008399963
Valid: loss 1.0391267538070679, score:{'roc_auc': 0.6358131487889274, 'MRR': 0.7540650406504065}
Saving model
epoch 0 | batch 1 |train loss 0.7819799780845642
epoch 1 | batch 0 |train loss 0.7337009906768799
Valid: loss 0.7039999961853027, score:{'roc_auc': 0.6498702422145329, 'MRR': 0.7906504065040652}
Saving model
epoch 1 | batch 1 |train loss 0.6045528054237366
epoch 2 | batch 0 |train loss 0.5451874732971191
Valid: loss 0.7873443365097046, score:{'roc_auc': 0.6418685121107266, 'MRR': 0.766260162601626}
EarlyStopping counter: 1 out of 3
epoch 2 | batch 1 |train loss 0.6030429005622864
epoch 3 | batch 0 |train loss 0.5781464576721191
Valid: loss 0.7360552549362183, score:{'roc_auc': 0.6487889273356401, 'MRR': 0.766260162601626}
EarlyStopping counter: 2 out of 3
epoch 3 | batch 1 |train loss 0.56679368019104
epoch 4 | batch 0 |train loss 0.5273345708847046
Valid: loss 0.6974760293960571, score:{'roc_auc': 0.6613321799307958, 'MRR': 0.7784552845528455}
Saving model
epoch 4 | batch 1 |train loss 0.5563539266586304
epoch 5 | batch 0 |train loss 0.5271404385566711
Valid: loss 0.7793723940849304, score:{'roc_auc': 0.6641435986159169, 'MRR': 0.7784552845528455}
EarlyStopping counter: 1 out of 3
epoch 5 | batch 1 |train loss 0.5431649684906006
epoch 6 | batch 0 |train loss 0.5082297325134277
Valid: loss 0.9067174792289734, score:{'roc_auc': 0.6678200692041523, 'MRR': 0.7784552845528455}
EarlyStopping counter: 2 out of 3
epoch 6 | batch 1 |train loss 0.5532745122909546
epoch 7 | batch 0 |train loss 0.5145905613899231
Valid: loss 0.8728980422019958, score:{'roc_auc': 0.6714965397923875, 'MRR': 0.7784552845528455}
Meta keys: dict_keys([5])
Data keys: dict_keys([5])
Edge type: 5, Meta: (1, 0)
Average links per head: 3.64
Median: 2.0, Min: 1, Max: 28
len test_list[0] 498
len test_list[1] 498
len test_label 498
2 hop test: loss 0.8728980422019958, score:{'roc_auc': 0.5245161290322581, 'MRR': 0.7408759124087592}
(array([0, 1]), array([248, 250]))
[0.07825195 0.15126295 0.562777   0.5593254  0.6011886  0.6011886
 0.7179888  0.88039297 0.7679376  0.8149876  0.7685638  0.7507115
 0.6403703  0.78335947 0.8234819  0.89288706 0.775346   0.46950266
 0.7478967  0.88837874]
Average links per head full random test: 1.53
Medianfull random test: 1.0, Min: 1, Max: 14
len test_list[0]full random test 500
len test_list[1]full random test 500
len test_label full random test 500
2 hop test: loss 0.8728980422019958, score:{'roc_auc': 0.5245161290322581, 'MRR': 0.7408759124087592}
edge type: 5, random_score: {'roc_auc': 0.7580319999999999, 'MRR': 0.9744525547445255}, score: {'roc_auc': 0.5245161290322581, 'MRR': 0.7408759124087592}
ROC_AUC: 0.5245161290322581
Sec neigh test: score list: defaultdict(<class 'list'>, {'roc_auc': [0.5245161290322581], 'MRR': [0.7408759124087592]})
Random test: score list: defaultdict(<class 'list'>, {'roc_auc': [0.7580319999999999], 'MRR': [0.9744525547445255]})
Sec neigh test:average score: defaultdict(<class 'list'>, {'roc_auc': 0.5245, 'MRR': 0.7409})
Random test: average score: defaultdict(<class 'list'>, {'roc_auc': 0.758, 'MRR': 0.9745})
Completed: amazon_style_cc_features_fold_1 (rep 3)

--------------------------------------
Running model: GAT
Dataset: amazon_style_cc_features_fold_2
Repetition: 3
--------------------------------------
use device: cpu
Namespace(data='amazon_style_cc_features_fold_2', model_path='model.pt', train_iter_n=50, cuda=0, checkpoint='', epochs=100, patience=3, n_layers=2, n_heads=[4], dropout=0.5, model='GAT', lr=0.0001, weight_decay=0.0, batch_size=1024, edge_sample_ratio=1, test_with_CPU=False, decoder='dismult', feat_type=1)
args.feat_type 1
sys_path ['/home/simonettos/homhetgnn/HGB/LP/benchmark/methods/GNN', '/home/simonettos/homhetgnn/sbatches', '/home/simonettos/homhetgnn/HGB/LP/benchmark/methods/baseline', '/home/simonettos/homhetgnn/HGB/LP/benchmark', '/home/simonettos/homhetgnn/HGB/LP/benchmark/methods/GNN', '/home/simonettos/homhetgnn/HGB/LP/benchmark/methods/GNN/utils', '/home/simonettos/homhetgnn/HGB/LP/benchmark/methods/GNN/models', '/deepstore/software/anaconda3/2022.05/lib/python39.zip', '/deepstore/software/anaconda3/2022.05/lib/python3.9', '/deepstore/software/anaconda3/2022.05/lib/python3.9/lib-dynload', '/home/simonettos/homhetgnn/gpuvenv/lib/python3.9/site-packages', '../../', '../../']
Data path: /home/simonettos/homhetgnn/HGB/LP/benchmark/data/amazon_style_cc_features_fold_2
Loading nodes from /home/simonettos/homhetgnn/HGB/LP/benchmark/data/amazon_style_cc_features_fold_2/node.dat
edge types: dict_keys([0, 3, 6, 5, 4, 7, 2, 1, 8, 9])
Getting training negative samples for edge types: [5]
nodes.shift keys: [0, 1]
nodes.count keys: [0, 1]
links.meta: {0: (0, 0), 3: (0, 0), 6: (0, 0), 5: (1, 0), 4: (1, 1), 7: (1, 1), 2: (1, 1), 1: (1, 1), 8: (1, 1), 9: (1, 1)}
t_type about to use: 0
h_type: 1
shift dict: {0: 0, 1: 558}
count dict: Counter({1: 940, 0: 558})
Generated 894 negative samples for edge type 5
Info: load amazon_style_cc_features_fold_2 from original data and generate /home/simonettos/homhetgnn/HGB/LP/benchmark/data/amazon_style_cc_features_fold_2/dl_pickle 
edge types: [5]
dataset: amazon_style_cc_features_fold_2, eval_type: 5
epoch 0 | batch 0 |train loss 0.6991243362426758
Valid: loss 0.6857207417488098, score:{'roc_auc': 0.6274245235284196, 'MRR': 0.8140000000000001}
Saving model
epoch 0 | batch 1 |train loss 0.6010826230049133
epoch 1 | batch 0 |train loss 0.9257856011390686
Valid: loss 0.6947864890098572, score:{'roc_auc': 0.6481700118063755, 'MRR': 0.8240000000000001}
EarlyStopping counter: 1 out of 3
epoch 1 | batch 1 |train loss 0.5731478333473206
epoch 2 | batch 0 |train loss 0.6839628219604492
Valid: loss 0.6970619559288025, score:{'roc_auc': 0.6616630123123629, 'MRR': 0.8440000000000001}
EarlyStopping counter: 2 out of 3
epoch 2 | batch 1 |train loss 0.6008249521255493
epoch 3 | batch 0 |train loss 0.5440769195556641
Valid: loss 0.6964985728263855, score:{'roc_auc': 0.6689155000843312, 'MRR': 0.8240000000000001}
Meta keys: dict_keys([5])
Data keys: dict_keys([5])
Edge type: 5, Meta: (1, 0)
Average links per head: 3.32
Median: 2.0, Min: 1, Max: 24
len test_list[0] 485
len test_list[1] 485
len test_label 485
2 hop test: loss 0.6964985728263855, score:{'roc_auc': 0.5192327313539434, 'MRR': 0.7454337899543378}
(array([0, 1]), array([242, 243]))
[0.2449613  0.24504724 0.41080618 0.63706684 0.56420654 0.7262591
 0.6158441  0.35847458 0.72147995 0.7683925  0.29096758 0.5999774
 0.30702877 0.5995712  0.7880124  0.33816513 0.739616   0.35256097
 0.7680142  0.6661543 ]
Average links per head full random test: 1.46
Medianfull random test: 1.0, Min: 1, Max: 12
len test_list[0]full random test 486
len test_list[1]full random test 486
len test_label full random test 486
2 hop test: loss 0.6964985728263855, score:{'roc_auc': 0.5192327313539434, 'MRR': 0.7454337899543378}
edge type: 5, random_score: {'roc_auc': 0.6983183457806229, 'MRR': 0.9828767123287672}, score: {'roc_auc': 0.5192327313539434, 'MRR': 0.7454337899543378}
ROC_AUC: 0.5192327313539434
Sec neigh test: score list: defaultdict(<class 'list'>, {'roc_auc': [0.5192327313539434], 'MRR': [0.7454337899543378]})
Random test: score list: defaultdict(<class 'list'>, {'roc_auc': [0.6983183457806229], 'MRR': [0.9828767123287672]})
Sec neigh test:average score: defaultdict(<class 'list'>, {'roc_auc': 0.5192, 'MRR': 0.7454})
Random test: average score: defaultdict(<class 'list'>, {'roc_auc': 0.6983, 'MRR': 0.9829})
Completed: amazon_style_cc_features_fold_2 (rep 3)

--------------------------------------
Running model: GAT
Dataset: amazon_style_cc_features_fold_3
Repetition: 3
--------------------------------------
use device: cpu
Namespace(data='amazon_style_cc_features_fold_3', model_path='model.pt', train_iter_n=50, cuda=0, checkpoint='', epochs=100, patience=3, n_layers=2, n_heads=[4], dropout=0.5, model='GAT', lr=0.0001, weight_decay=0.0, batch_size=1024, edge_sample_ratio=1, test_with_CPU=False, decoder='dismult', feat_type=1)
args.feat_type 1
sys_path ['/home/simonettos/homhetgnn/HGB/LP/benchmark/methods/GNN', '/home/simonettos/homhetgnn/sbatches', '/home/simonettos/homhetgnn/HGB/LP/benchmark/methods/baseline', '/home/simonettos/homhetgnn/HGB/LP/benchmark', '/home/simonettos/homhetgnn/HGB/LP/benchmark/methods/GNN', '/home/simonettos/homhetgnn/HGB/LP/benchmark/methods/GNN/utils', '/home/simonettos/homhetgnn/HGB/LP/benchmark/methods/GNN/models', '/deepstore/software/anaconda3/2022.05/lib/python39.zip', '/deepstore/software/anaconda3/2022.05/lib/python3.9', '/deepstore/software/anaconda3/2022.05/lib/python3.9/lib-dynload', '/home/simonettos/homhetgnn/gpuvenv/lib/python3.9/site-packages', '../../', '../../']
Data path: /home/simonettos/homhetgnn/HGB/LP/benchmark/data/amazon_style_cc_features_fold_3
Loading nodes from /home/simonettos/homhetgnn/HGB/LP/benchmark/data/amazon_style_cc_features_fold_3/node.dat
edge types: dict_keys([0, 3, 6, 5, 4, 7, 2, 1, 8, 9])
Getting training negative samples for edge types: [5]
nodes.shift keys: [0, 1]
nodes.count keys: [0, 1]
links.meta: {0: (0, 0), 3: (0, 0), 6: (0, 0), 5: (1, 0), 4: (1, 1), 7: (1, 1), 2: (1, 1), 1: (1, 1), 8: (1, 1), 9: (1, 1)}
t_type about to use: 0
h_type: 1
shift dict: {0: 0, 1: 558}
count dict: Counter({1: 940, 0: 558})
Generated 891 negative samples for edge type 5
Info: load amazon_style_cc_features_fold_3 from original data and generate /home/simonettos/homhetgnn/HGB/LP/benchmark/data/amazon_style_cc_features_fold_3/dl_pickle 
edge types: [5]
dataset: amazon_style_cc_features_fold_3, eval_type: 5
epoch 0 | batch 0 |train loss 0.702376127243042
Valid: loss 1.1503429412841797, score:{'roc_auc': 0.6876388888888889, 'MRR': 0.8376068376068377}
Saving model
epoch 0 | batch 1 |train loss 0.9624232649803162
epoch 1 | batch 0 |train loss 0.7302669286727905
Valid: loss 0.685107946395874, score:{'roc_auc': 0.6695833333333334, 'MRR': 0.8247863247863249}
Saving model
epoch 1 | batch 1 |train loss 0.635636568069458
epoch 2 | batch 0 |train loss 0.576623797416687
Valid: loss 0.6612685918807983, score:{'roc_auc': 0.6745833333333333, 'MRR': 0.8461538461538461}
Saving model
epoch 2 | batch 1 |train loss 0.6102805733680725
epoch 3 | batch 0 |train loss 0.61610347032547
Valid: loss 0.6478490829467773, score:{'roc_auc': 0.6845833333333333, 'MRR': 0.8461538461538461}
Saving model
epoch 3 | batch 1 |train loss 0.6085833311080933
epoch 4 | batch 0 |train loss 0.5796493291854858
Valid: loss 0.6063598990440369, score:{'roc_auc': 0.7126388888888888, 'MRR': 0.8461538461538461}
Saving model
epoch 4 | batch 1 |train loss 0.574316680431366
epoch 5 | batch 0 |train loss 0.5580853819847107
Valid: loss 0.6129924654960632, score:{'roc_auc': 0.7154166666666667, 'MRR': 0.8461538461538461}
EarlyStopping counter: 1 out of 3
epoch 5 | batch 1 |train loss 0.5579181909561157
epoch 6 | batch 0 |train loss 0.5366880893707275
Valid: loss 0.6929032802581787, score:{'roc_auc': 0.71875, 'MRR': 0.8461538461538461}
EarlyStopping counter: 2 out of 3
epoch 6 | batch 1 |train loss 0.5665231943130493
epoch 7 | batch 0 |train loss 0.5503816604614258
Valid: loss 0.6690664291381836, score:{'roc_auc': 0.7273611111111111, 'MRR': 0.8461538461538461}
Meta keys: dict_keys([5])
Data keys: dict_keys([5])
Edge type: 5, Meta: (1, 0)
Average links per head: 3.45
Median: 2.0, Min: 1, Max: 28
len test_list[0] 521
len test_list[1] 521
len test_label 521
2 hop test: loss 0.6690664291381836, score:{'roc_auc': 0.5582964927792515, 'MRR': 0.7342163355408389}
(array([0, 1]), array([260, 261]))
[0.49240017 0.47607175 0.62267727 0.72599804 0.41029108 0.6359363
 0.64234537 0.7190193  0.6188945  0.6770988  0.6137095  0.73423755
 0.73241365 0.33702642 0.6569988  0.45201313 0.71828884 0.46613887
 0.7176887  0.6507314 ]
Average links per head full random test: 1.52
Medianfull random test: 1.0, Min: 1, Max: 14
len test_list[0]full random test 522
len test_list[1]full random test 522
len test_label full random test 522
2 hop test: loss 0.6690664291381836, score:{'roc_auc': 0.5582964927792515, 'MRR': 0.7342163355408389}
edge type: 5, random_score: {'roc_auc': 0.7907400067526901, 'MRR': 0.9768211920529801}, score: {'roc_auc': 0.5582964927792515, 'MRR': 0.7342163355408389}
ROC_AUC: 0.5582964927792515
Sec neigh test: score list: defaultdict(<class 'list'>, {'roc_auc': [0.5582964927792515], 'MRR': [0.7342163355408389]})
Random test: score list: defaultdict(<class 'list'>, {'roc_auc': [0.7907400067526901], 'MRR': [0.9768211920529801]})
Sec neigh test:average score: defaultdict(<class 'list'>, {'roc_auc': 0.5583, 'MRR': 0.7342})
Random test: average score: defaultdict(<class 'list'>, {'roc_auc': 0.7907, 'MRR': 0.9768})
Completed: amazon_style_cc_features_fold_3 (rep 3)

--------------------------------------
Running model: GAT
Dataset: amazon_style_cc_features_fold_4
Repetition: 3
--------------------------------------
use device: cpu
Namespace(data='amazon_style_cc_features_fold_4', model_path='model.pt', train_iter_n=50, cuda=0, checkpoint='', epochs=100, patience=3, n_layers=2, n_heads=[4], dropout=0.5, model='GAT', lr=0.0001, weight_decay=0.0, batch_size=1024, edge_sample_ratio=1, test_with_CPU=False, decoder='dismult', feat_type=1)
args.feat_type 1
sys_path ['/home/simonettos/homhetgnn/HGB/LP/benchmark/methods/GNN', '/home/simonettos/homhetgnn/sbatches', '/home/simonettos/homhetgnn/HGB/LP/benchmark/methods/baseline', '/home/simonettos/homhetgnn/HGB/LP/benchmark', '/home/simonettos/homhetgnn/HGB/LP/benchmark/methods/GNN', '/home/simonettos/homhetgnn/HGB/LP/benchmark/methods/GNN/utils', '/home/simonettos/homhetgnn/HGB/LP/benchmark/methods/GNN/models', '/deepstore/software/anaconda3/2022.05/lib/python39.zip', '/deepstore/software/anaconda3/2022.05/lib/python3.9', '/deepstore/software/anaconda3/2022.05/lib/python3.9/lib-dynload', '/home/simonettos/homhetgnn/gpuvenv/lib/python3.9/site-packages', '../../', '../../']
Data path: /home/simonettos/homhetgnn/HGB/LP/benchmark/data/amazon_style_cc_features_fold_4
Loading nodes from /home/simonettos/homhetgnn/HGB/LP/benchmark/data/amazon_style_cc_features_fold_4/node.dat
edge types: dict_keys([0, 3, 6, 5, 4, 7, 2, 1, 8, 9])
Getting training negative samples for edge types: [5]
nodes.shift keys: [0, 1]
nodes.count keys: [0, 1]
links.meta: {0: (0, 0), 3: (0, 0), 6: (0, 0), 5: (1, 0), 4: (1, 1), 7: (1, 1), 2: (1, 1), 1: (1, 1), 8: (1, 1), 9: (1, 1)}
t_type about to use: 0
h_type: 1
shift dict: {0: 0, 1: 558}
count dict: Counter({1: 940, 0: 558})
Generated 888 negative samples for edge type 5
Info: load amazon_style_cc_features_fold_4 from original data and generate /home/simonettos/homhetgnn/HGB/LP/benchmark/data/amazon_style_cc_features_fold_4/dl_pickle 
edge types: [5]
dataset: amazon_style_cc_features_fold_4, eval_type: 5
epoch 0 | batch 0 |train loss 0.7004454135894775
Valid: loss 0.6534651517868042, score:{'roc_auc': 0.7176589644122111, 'MRR': 0.79}
Saving model
epoch 0 | batch 1 |train loss 0.6241511702537537
epoch 1 | batch 0 |train loss 0.9356276988983154
Valid: loss 0.7617383003234863, score:{'roc_auc': 0.7156350143363129, 'MRR': 0.79}
EarlyStopping counter: 1 out of 3
epoch 1 | batch 1 |train loss 0.6178416609764099
epoch 2 | batch 0 |train loss 0.5635732412338257
Valid: loss 0.6521757245063782, score:{'roc_auc': 0.7276100522853769, 'MRR': 0.8}
Saving model
epoch 2 | batch 1 |train loss 0.6114232540130615
epoch 3 | batch 0 |train loss 0.5455775260925293
Valid: loss 0.6434483528137207, score:{'roc_auc': 0.7338505650193962, 'MRR': 0.81}
Saving model
epoch 3 | batch 1 |train loss 0.5644597411155701
epoch 4 | batch 0 |train loss 0.5569202303886414
Valid: loss 0.6715629696846008, score:{'roc_auc': 0.7404284027660651, 'MRR': 0.82}
EarlyStopping counter: 1 out of 3
epoch 4 | batch 1 |train loss 0.5588141083717346
epoch 5 | batch 0 |train loss 0.5349553227424622
Valid: loss 0.6646219491958618, score:{'roc_auc': 0.7429583403609377, 'MRR': 0.82}
EarlyStopping counter: 2 out of 3
epoch 5 | batch 1 |train loss 0.5656397342681885
epoch 6 | batch 0 |train loss 0.5239341259002686
Valid: loss 0.6090642809867859, score:{'roc_auc': 0.7611738910440208, 'MRR': 0.86}
Saving model
epoch 6 | batch 1 |train loss 0.5411137938499451
epoch 7 | batch 0 |train loss 0.5266141891479492
Valid: loss 0.6007089614868164, score:{'roc_auc': 0.7669084162590656, 'MRR': 0.87}
Saving model
epoch 7 | batch 1 |train loss 0.5423884391784668
epoch 8 | batch 0 |train loss 0.5104300379753113
Valid: loss 0.6079214811325073, score:{'roc_auc': 0.7689323663349636, 'MRR': 0.87}
EarlyStopping counter: 1 out of 3
epoch 8 | batch 1 |train loss 0.5280467867851257
epoch 9 | batch 0 |train loss 0.5098620653152466
Valid: loss 0.6484075784683228, score:{'roc_auc': 0.7677517287906899, 'MRR': 0.85}
EarlyStopping counter: 2 out of 3
epoch 9 | batch 1 |train loss 0.5256311297416687
epoch 10 | batch 0 |train loss 0.5076380968093872
Valid: loss 0.6489838361740112, score:{'roc_auc': 0.7706189913982122, 'MRR': 0.87}
Meta keys: dict_keys([5])
Data keys: dict_keys([5])
Edge type: 5, Meta: (1, 0)
Average links per head: 3.39
Median: 2.0, Min: 2, Max: 30
len test_list[0] 492
len test_list[1] 492
len test_label 492
2 hop test: loss 0.6489838361740112, score:{'roc_auc': 0.6000462718138551, 'MRR': 0.7829885057471264}
(array([0, 1]), array([244, 248]))
[0.3323642  0.3175134  0.4374349  0.46379822 0.4443229  0.43674424
 0.28786117 0.29417506 0.21587342 0.49311772 0.50826323 0.7155536
 0.66741073 0.4060901  0.6689177  0.58806694 0.66554135 0.37289628
 0.66511285 0.9772865 ]
Average links per head full random test: 1.48
Medianfull random test: 1.0, Min: 1, Max: 15
len test_list[0]full random test 496
len test_list[1]full random test 496
len test_label full random test 496
2 hop test: loss 0.6489838361740112, score:{'roc_auc': 0.6000462718138551, 'MRR': 0.7829885057471264}
edge type: 5, random_score: {'roc_auc': 0.7773152965660769, 'MRR': 0.9827586206896551}, score: {'roc_auc': 0.6000462718138551, 'MRR': 0.7829885057471264}
ROC_AUC: 0.6000462718138551
Sec neigh test: score list: defaultdict(<class 'list'>, {'roc_auc': [0.6000462718138551], 'MRR': [0.7829885057471264]})
Random test: score list: defaultdict(<class 'list'>, {'roc_auc': [0.7773152965660769], 'MRR': [0.9827586206896551]})
Sec neigh test:average score: defaultdict(<class 'list'>, {'roc_auc': 0.6, 'MRR': 0.783})
Random test: average score: defaultdict(<class 'list'>, {'roc_auc': 0.7773, 'MRR': 0.9828})
Completed: amazon_style_cc_features_fold_4 (rep 3)

--------------------------------------
Running model: GAT
Dataset: amazon_style_cc_features_fold_5
Repetition: 3
--------------------------------------
use device: cpu
Namespace(data='amazon_style_cc_features_fold_5', model_path='model.pt', train_iter_n=50, cuda=0, checkpoint='', epochs=100, patience=3, n_layers=2, n_heads=[4], dropout=0.5, model='GAT', lr=0.0001, weight_decay=0.0, batch_size=1024, edge_sample_ratio=1, test_with_CPU=False, decoder='dismult', feat_type=1)
args.feat_type 1
sys_path ['/home/simonettos/homhetgnn/HGB/LP/benchmark/methods/GNN', '/home/simonettos/homhetgnn/sbatches', '/home/simonettos/homhetgnn/HGB/LP/benchmark/methods/baseline', '/home/simonettos/homhetgnn/HGB/LP/benchmark', '/home/simonettos/homhetgnn/HGB/LP/benchmark/methods/GNN', '/home/simonettos/homhetgnn/HGB/LP/benchmark/methods/GNN/utils', '/home/simonettos/homhetgnn/HGB/LP/benchmark/methods/GNN/models', '/deepstore/software/anaconda3/2022.05/lib/python39.zip', '/deepstore/software/anaconda3/2022.05/lib/python3.9', '/deepstore/software/anaconda3/2022.05/lib/python3.9/lib-dynload', '/home/simonettos/homhetgnn/gpuvenv/lib/python3.9/site-packages', '../../', '../../']
Data path: /home/simonettos/homhetgnn/HGB/LP/benchmark/data/amazon_style_cc_features_fold_5
Loading nodes from /home/simonettos/homhetgnn/HGB/LP/benchmark/data/amazon_style_cc_features_fold_5/node.dat
edge types: dict_keys([0, 3, 6, 5, 4, 7, 2, 1, 8, 9])
Getting training negative samples for edge types: [5]
nodes.shift keys: [0, 1]
nodes.count keys: [0, 1]
links.meta: {0: (0, 0), 3: (0, 0), 6: (0, 0), 5: (1, 0), 4: (1, 1), 7: (1, 1), 2: (1, 1), 1: (1, 1), 8: (1, 1), 9: (1, 1)}
t_type about to use: 0
h_type: 1
shift dict: {0: 0, 1: 558}
count dict: Counter({1: 940, 0: 558})
Generated 934 negative samples for edge type 5
Info: load amazon_style_cc_features_fold_5 from original data and generate /home/simonettos/homhetgnn/HGB/LP/benchmark/data/amazon_style_cc_features_fold_5/dl_pickle 
edge types: [5]
dataset: amazon_style_cc_features_fold_5, eval_type: 5
epoch 0 | batch 0 |train loss 0.7050427198410034
Valid: loss 0.6878856420516968, score:{'roc_auc': 0.6437098255280074, 'MRR': 0.8038302277432712}
Saving model
epoch 0 | batch 1 |train loss 0.6043591499328613
epoch 1 | batch 0 |train loss 1.004899263381958
Valid: loss 0.6965541243553162, score:{'roc_auc': 0.6526629935720845, 'MRR': 0.7965838509316769}
EarlyStopping counter: 1 out of 3
epoch 1 | batch 1 |train loss 0.5594092607498169
epoch 2 | batch 0 |train loss 0.6383919715881348
Valid: loss 0.7238958477973938, score:{'roc_auc': 0.660238751147842, 'MRR': 0.8043478260869565}
EarlyStopping counter: 2 out of 3
epoch 2 | batch 1 |train loss 0.6711331605911255
epoch 3 | batch 0 |train loss 0.6239429712295532
Valid: loss 0.6501964330673218, score:{'roc_auc': 0.6524334251606979, 'MRR': 0.8315217391304348}
Saving model
epoch 3 | batch 1 |train loss 0.6266031861305237
epoch 4 | batch 0 |train loss 0.6099460124969482
Valid: loss 0.6310909390449524, score:{'roc_auc': 0.6958218549127642, 'MRR': 0.8206521739130435}
Saving model
epoch 4 | batch 1 |train loss 0.5899310111999512
epoch 5 | batch 0 |train loss 0.5595951676368713
Valid: loss 0.6276140809059143, score:{'roc_auc': 0.688475665748393, 'MRR': 0.7934782608695652}
Saving model
epoch 5 | batch 1 |train loss 0.5467029809951782
epoch 6 | batch 0 |train loss 0.5381717085838318
Valid: loss 0.7084481716156006, score:{'roc_auc': 0.6804407713498623, 'MRR': 0.7934782608695652}
EarlyStopping counter: 1 out of 3
epoch 6 | batch 1 |train loss 0.5453100800514221
epoch 7 | batch 0 |train loss 0.5523330569267273
Valid: loss 0.7683390974998474, score:{'roc_auc': 0.6797520661157025, 'MRR': 0.782608695652174}
EarlyStopping counter: 2 out of 3
epoch 7 | batch 1 |train loss 0.562166690826416
epoch 8 | batch 0 |train loss 0.5506325364112854
Valid: loss 0.7191162705421448, score:{'roc_auc': 0.6848025711662076, 'MRR': 0.786231884057971}
Meta keys: dict_keys([5])
Data keys: dict_keys([5])
Edge type: 5, Meta: (1, 0)
Average links per head: 3.55
Median: 2.0, Min: 1, Max: 22
len test_list[0] 423
len test_list[1] 423
len test_label 423
2 hop test: loss 0.7191162705421448, score:{'roc_auc': 0.5185996601985157, 'MRR': 0.7215886354541817}
(array([0, 1]), array([211, 212]))
[0.6456911  0.6143202  0.7191179  0.7037019  0.29070053 0.72535145
 0.6192305  0.8280857  0.75082463 0.759428   0.8434034  0.71873355
 0.6750311  0.65389156 0.8764237  0.7488575  0.72325623 0.7754902
 0.52369726 0.6914557 ]
Average links per head full random test: 1.49
Medianfull random test: 1.0, Min: 1, Max: 11
len test_list[0]full random test 424
len test_list[1]full random test 424
len test_label full random test 424
2 hop test: loss 0.7191162705421448, score:{'roc_auc': 0.5185996601985157, 'MRR': 0.7215886354541817}
edge type: 5, random_score: {'roc_auc': 0.7001824492702029, 'MRR': 0.9705882352941176}, score: {'roc_auc': 0.5185996601985157, 'MRR': 0.7215886354541817}
ROC_AUC: 0.5185996601985157
Sec neigh test: score list: defaultdict(<class 'list'>, {'roc_auc': [0.5185996601985157], 'MRR': [0.7215886354541817]})
Random test: score list: defaultdict(<class 'list'>, {'roc_auc': [0.7001824492702029], 'MRR': [0.9705882352941176]})
Sec neigh test:average score: defaultdict(<class 'list'>, {'roc_auc': 0.5186, 'MRR': 0.7216})
Random test: average score: defaultdict(<class 'list'>, {'roc_auc': 0.7002, 'MRR': 0.9706})
Completed: amazon_style_cc_features_fold_5 (rep 3)

=== Repetition 4/6 ===
--------------------------------------
Running model: GAT
Dataset: amazon_style_cc_features_fold_1
Repetition: 4
--------------------------------------
use device: cpu
Namespace(data='amazon_style_cc_features_fold_1', model_path='model.pt', train_iter_n=50, cuda=0, checkpoint='', epochs=100, patience=3, n_layers=2, n_heads=[4], dropout=0.5, model='GAT', lr=0.0001, weight_decay=0.0, batch_size=1024, edge_sample_ratio=1, test_with_CPU=False, decoder='dismult', feat_type=1)
args.feat_type 1
sys_path ['/home/simonettos/homhetgnn/HGB/LP/benchmark/methods/GNN', '/home/simonettos/homhetgnn/sbatches', '/home/simonettos/homhetgnn/HGB/LP/benchmark/methods/baseline', '/home/simonettos/homhetgnn/HGB/LP/benchmark', '/home/simonettos/homhetgnn/HGB/LP/benchmark/methods/GNN', '/home/simonettos/homhetgnn/HGB/LP/benchmark/methods/GNN/utils', '/home/simonettos/homhetgnn/HGB/LP/benchmark/methods/GNN/models', '/deepstore/software/anaconda3/2022.05/lib/python39.zip', '/deepstore/software/anaconda3/2022.05/lib/python3.9', '/deepstore/software/anaconda3/2022.05/lib/python3.9/lib-dynload', '/home/simonettos/homhetgnn/gpuvenv/lib/python3.9/site-packages', '../../', '../../']
Data path: /home/simonettos/homhetgnn/HGB/LP/benchmark/data/amazon_style_cc_features_fold_1
Loading nodes from /home/simonettos/homhetgnn/HGB/LP/benchmark/data/amazon_style_cc_features_fold_1/node.dat
edge types: dict_keys([5, 4, 6, 3, 2, 7, 0, 1, 8, 9])
Getting training negative samples for edge types: [5]
nodes.shift keys: [0, 1]
nodes.count keys: [0, 1]
links.meta: {5: (1, 0), 4: (1, 1), 6: (0, 0), 3: (0, 0), 2: (1, 1), 7: (1, 1), 0: (0, 0), 1: (1, 1), 8: (1, 1), 9: (1, 1)}
t_type about to use: 0
h_type: 1
shift dict: {0: 0, 1: 558}
count dict: Counter({1: 940, 0: 558})
Generated 896 negative samples for edge type 5
Info: load amazon_style_cc_features_fold_1 from original data and generate /home/simonettos/homhetgnn/HGB/LP/benchmark/data/amazon_style_cc_features_fold_1/dl_pickle 
edge types: [5]
dataset: amazon_style_cc_features_fold_1, eval_type: 5
epoch 0 | batch 0 |train loss 0.7019161581993103
Valid: loss 0.680051326751709, score:{'roc_auc': 0.6595010024504345, 'MRR': 0.8530778164924507}
Saving model
epoch 0 | batch 1 |train loss 0.5778077840805054
epoch 1 | batch 0 |train loss 0.9463120698928833
Valid: loss 0.7949255108833313, score:{'roc_auc': 0.6655157050568056, 'MRR': 0.8530778164924507}
EarlyStopping counter: 1 out of 3
epoch 1 | batch 1 |train loss 0.6034435629844666
epoch 2 | batch 0 |train loss 0.7433910965919495
Valid: loss 0.7881258130073547, score:{'roc_auc': 0.6710848741367789, 'MRR': 0.8530778164924507}
EarlyStopping counter: 2 out of 3
epoch 2 | batch 1 |train loss 0.6512685418128967
epoch 3 | batch 0 |train loss 0.5844753980636597
Valid: loss 0.6417598128318787, score:{'roc_auc': 0.6755402094007573, 'MRR': 0.8774680603948898}
Saving model
epoch 3 | batch 1 |train loss 0.5963060855865479
epoch 4 | batch 0 |train loss 0.5991379022598267
Valid: loss 0.6262840628623962, score:{'roc_auc': 0.7223212296725329, 'MRR': 0.8774680603948898}
Saving model
epoch 4 | batch 1 |train loss 0.5793392062187195
epoch 5 | batch 0 |train loss 0.540944516658783
Valid: loss 0.649486780166626, score:{'roc_auc': 0.699599019826242, 'MRR': 0.8530778164924507}
EarlyStopping counter: 1 out of 3
epoch 5 | batch 1 |train loss 0.5473474264144897
epoch 6 | batch 0 |train loss 0.5533106327056885
Valid: loss 0.6864876747131348, score:{'roc_auc': 0.699153486299844, 'MRR': 0.8652729384436703}
EarlyStopping counter: 2 out of 3
epoch 6 | batch 1 |train loss 0.5634773373603821
epoch 7 | batch 0 |train loss 0.5490642189979553
Valid: loss 0.652055025100708, score:{'roc_auc': 0.7116284250389842, 'MRR': 0.8652729384436703}
Meta keys: dict_keys([5])
Data keys: dict_keys([5])
Edge type: 5, Meta: (1, 0)
Average links per head: 3.64
Median: 2.0, Min: 1, Max: 28
len test_list[0] 498
len test_list[1] 498
len test_label 498
2 hop test: loss 0.652055025100708, score:{'roc_auc': 0.5247096774193548, 'MRR': 0.725912408759124}
(array([0, 1]), array([248, 250]))
[0.14431638 0.23014715 0.64057356 0.6399704  0.6566336  0.6566336
 0.65210223 0.79328334 0.68191016 0.7133357  0.6830283  0.7100656
 0.61819655 0.69660205 0.64136225 0.7624206  0.71089244 0.5488847
 0.7169595  0.81827897]
Average links per head full random test: 1.53
Medianfull random test: 1.0, Min: 1, Max: 14
len test_list[0]full random test 500
len test_list[1]full random test 500
len test_label full random test 500
2 hop test: loss 0.652055025100708, score:{'roc_auc': 0.5247096774193548, 'MRR': 0.725912408759124}
edge type: 5, random_score: {'roc_auc': 0.7624639999999999, 'MRR': 0.9744525547445255}, score: {'roc_auc': 0.5247096774193548, 'MRR': 0.725912408759124}
ROC_AUC: 0.5247096774193548
Sec neigh test: score list: defaultdict(<class 'list'>, {'roc_auc': [0.5247096774193548], 'MRR': [0.725912408759124]})
Random test: score list: defaultdict(<class 'list'>, {'roc_auc': [0.7624639999999999], 'MRR': [0.9744525547445255]})
Sec neigh test:average score: defaultdict(<class 'list'>, {'roc_auc': 0.5247, 'MRR': 0.7259})
Random test: average score: defaultdict(<class 'list'>, {'roc_auc': 0.7625, 'MRR': 0.9745})
Completed: amazon_style_cc_features_fold_1 (rep 4)

--------------------------------------
Running model: GAT
Dataset: amazon_style_cc_features_fold_2
Repetition: 4
--------------------------------------
use device: cpu
Namespace(data='amazon_style_cc_features_fold_2', model_path='model.pt', train_iter_n=50, cuda=0, checkpoint='', epochs=100, patience=3, n_layers=2, n_heads=[4], dropout=0.5, model='GAT', lr=0.0001, weight_decay=0.0, batch_size=1024, edge_sample_ratio=1, test_with_CPU=False, decoder='dismult', feat_type=1)
args.feat_type 1
sys_path ['/home/simonettos/homhetgnn/HGB/LP/benchmark/methods/GNN', '/home/simonettos/homhetgnn/sbatches', '/home/simonettos/homhetgnn/HGB/LP/benchmark/methods/baseline', '/home/simonettos/homhetgnn/HGB/LP/benchmark', '/home/simonettos/homhetgnn/HGB/LP/benchmark/methods/GNN', '/home/simonettos/homhetgnn/HGB/LP/benchmark/methods/GNN/utils', '/home/simonettos/homhetgnn/HGB/LP/benchmark/methods/GNN/models', '/deepstore/software/anaconda3/2022.05/lib/python39.zip', '/deepstore/software/anaconda3/2022.05/lib/python3.9', '/deepstore/software/anaconda3/2022.05/lib/python3.9/lib-dynload', '/home/simonettos/homhetgnn/gpuvenv/lib/python3.9/site-packages', '../../', '../../']
Data path: /home/simonettos/homhetgnn/HGB/LP/benchmark/data/amazon_style_cc_features_fold_2
Loading nodes from /home/simonettos/homhetgnn/HGB/LP/benchmark/data/amazon_style_cc_features_fold_2/node.dat
edge types: dict_keys([0, 3, 6, 5, 4, 7, 2, 1, 8, 9])
Getting training negative samples for edge types: [5]
nodes.shift keys: [0, 1]
nodes.count keys: [0, 1]
links.meta: {0: (0, 0), 3: (0, 0), 6: (0, 0), 5: (1, 0), 4: (1, 1), 7: (1, 1), 2: (1, 1), 1: (1, 1), 8: (1, 1), 9: (1, 1)}
t_type about to use: 0
h_type: 1
shift dict: {0: 0, 1: 558}
count dict: Counter({1: 940, 0: 558})
Generated 913 negative samples for edge type 5
Info: load amazon_style_cc_features_fold_2 from original data and generate /home/simonettos/homhetgnn/HGB/LP/benchmark/data/amazon_style_cc_features_fold_2/dl_pickle 
edge types: [5]
dataset: amazon_style_cc_features_fold_2, eval_type: 5
epoch 0 | batch 0 |train loss 0.6885216236114502
Valid: loss 0.7564642429351807, score:{'roc_auc': 0.7074910820451843, 'MRR': 0.8373983739837398}
Saving model
epoch 0 | batch 1 |train loss 0.6824250221252441
epoch 1 | batch 0 |train loss 1.1443160772323608
Valid: loss 0.6536607146263123, score:{'roc_auc': 0.7018430439952437, 'MRR': 0.8252032520325204}
Saving model
epoch 1 | batch 1 |train loss 0.6090695858001709
epoch 2 | batch 0 |train loss 0.6098483800888062
Valid: loss 0.7091793417930603, score:{'roc_auc': 0.6786563614744351, 'MRR': 0.8495934959349594}
EarlyStopping counter: 1 out of 3
epoch 2 | batch 1 |train loss 0.6550534963607788
epoch 3 | batch 0 |train loss 0.6294846534729004
Valid: loss 0.6397132873535156, score:{'roc_auc': 0.6578478002378121, 'MRR': 0.8617886178861789}
Saving model
epoch 3 | batch 1 |train loss 0.620162308216095
epoch 4 | batch 0 |train loss 0.6352484822273254
Valid: loss 0.6271595358848572, score:{'roc_auc': 0.7280023781212842, 'MRR': 0.8699186991869918}
Saving model
epoch 4 | batch 1 |train loss 0.6195840835571289
epoch 5 | batch 0 |train loss 0.5832668542861938
Valid: loss 0.5967408418655396, score:{'roc_auc': 0.7669441141498217, 'MRR': 0.8617886178861789}
Saving model
epoch 5 | batch 1 |train loss 0.576087474822998
epoch 6 | batch 0 |train loss 0.5727094411849976
Valid: loss 0.6040418744087219, score:{'roc_auc': 0.7571343638525564, 'MRR': 0.8617886178861789}
EarlyStopping counter: 1 out of 3
epoch 6 | batch 1 |train loss 0.574919581413269
epoch 7 | batch 0 |train loss 0.5653066635131836
Valid: loss 0.6113408207893372, score:{'roc_auc': 0.7520808561236623, 'MRR': 0.8617886178861789}
EarlyStopping counter: 2 out of 3
epoch 7 | batch 1 |train loss 0.5863441824913025
epoch 8 | batch 0 |train loss 0.5680450201034546
Valid: loss 0.5926066637039185, score:{'roc_auc': 0.7696195005945303, 'MRR': 0.8617886178861789}
Saving model
epoch 8 | batch 1 |train loss 0.5638571381568909
epoch 9 | batch 0 |train loss 0.5508507490158081
Valid: loss 0.5728122591972351, score:{'roc_auc': 0.7862663495838289, 'MRR': 0.8617886178861789}
Saving model
epoch 9 | batch 1 |train loss 0.550515353679657
epoch 10 | batch 0 |train loss 0.5362123250961304
Valid: loss 0.5462292432785034, score:{'roc_auc': 0.7987514863258026, 'MRR': 0.8902439024390244}
Saving model
epoch 10 | batch 1 |train loss 0.5434042811393738
epoch 11 | batch 0 |train loss 0.5429400205612183
Valid: loss 0.5425028800964355, score:{'roc_auc': 0.7996432818073722, 'MRR': 0.8902439024390244}
Saving model
epoch 11 | batch 1 |train loss 0.5449395179748535
epoch 12 | batch 0 |train loss 0.5359858870506287
Valid: loss 0.5345256924629211, score:{'roc_auc': 0.8017241379310344, 'MRR': 0.8902439024390244}
Saving model
epoch 12 | batch 1 |train loss 0.5313124656677246
epoch 13 | batch 0 |train loss 0.5265205502510071
Valid: loss 0.5301709175109863, score:{'roc_auc': 0.8151010701545779, 'MRR': 0.8902439024390244}
Saving model
epoch 13 | batch 1 |train loss 0.5249592065811157
epoch 14 | batch 0 |train loss 0.5216386318206787
Valid: loss 0.5274288058280945, score:{'roc_auc': 0.8139120095124851, 'MRR': 0.8902439024390244}
Saving model
epoch 14 | batch 1 |train loss 0.5268593430519104
epoch 15 | batch 0 |train loss 0.519414484500885
Valid: loss 0.5220811367034912, score:{'roc_auc': 0.8180737217598097, 'MRR': 0.9024390243902439}
Saving model
epoch 15 | batch 1 |train loss 0.5202375650405884
epoch 16 | batch 0 |train loss 0.5112869143486023
Valid: loss 0.5099642872810364, score:{'roc_auc': 0.8317479191438764, 'MRR': 0.9024390243902439}
Saving model
epoch 16 | batch 1 |train loss 0.5097442269325256
epoch 17 | batch 0 |train loss 0.5058925747871399
Valid: loss 0.4983883500099182, score:{'roc_auc': 0.8388822829964329, 'MRR': 0.9024390243902439}
Saving model
epoch 17 | batch 1 |train loss 0.5038249492645264
epoch 18 | batch 0 |train loss 0.4984241724014282
Valid: loss 0.4895971417427063, score:{'roc_auc': 0.8478002378121284, 'MRR': 0.9146341463414634}
Saving model
epoch 18 | batch 1 |train loss 0.49722054600715637
epoch 19 | batch 0 |train loss 0.4957398772239685
Valid: loss 0.4828657805919647, score:{'roc_auc': 0.8466111771700358, 'MRR': 0.9146341463414634}
Saving model
epoch 19 | batch 1 |train loss 0.4857539236545563
epoch 20 | batch 0 |train loss 0.4858121871948242
Valid: loss 0.48171454668045044, score:{'roc_auc': 0.8489892984542212, 'MRR': 0.9146341463414634}
Saving model
epoch 20 | batch 1 |train loss 0.48012787103652954
epoch 21 | batch 0 |train loss 0.4760593771934509
Valid: loss 0.4751717150211334, score:{'roc_auc': 0.8570154577883473, 'MRR': 0.9146341463414634}
Saving model
epoch 21 | batch 1 |train loss 0.47400757670402527
epoch 22 | batch 0 |train loss 0.46802887320518494
Valid: loss 0.45975276827812195, score:{'roc_auc': 0.866230677764566, 'MRR': 0.926829268292683}
Saving model
epoch 22 | batch 1 |train loss 0.46259772777557373
epoch 23 | batch 0 |train loss 0.4571431577205658
Valid: loss 0.44097426533699036, score:{'roc_auc': 0.8816884661117717, 'MRR': 0.9390243902439024}
Saving model
epoch 23 | batch 1 |train loss 0.44814226031303406
epoch 24 | batch 0 |train loss 0.4478323459625244
Valid: loss 0.4258800148963928, score:{'roc_auc': 0.8882282996432818, 'MRR': 0.9390243902439024}
Saving model
epoch 24 | batch 1 |train loss 0.44045618176460266
epoch 25 | batch 0 |train loss 0.43463096022605896
Valid: loss 0.4165484309196472, score:{'roc_auc': 0.8879310344827586, 'MRR': 0.9390243902439024}
Saving model
epoch 25 | batch 1 |train loss 0.4287501573562622
epoch 26 | batch 0 |train loss 0.42430180311203003
Valid: loss 0.4112792909145355, score:{'roc_auc': 0.8956599286563615, 'MRR': 0.926829268292683}
Saving model
epoch 26 | batch 1 |train loss 0.41145581007003784
epoch 27 | batch 0 |train loss 0.4139314889907837
Valid: loss 0.40810075402259827, score:{'roc_auc': 0.8968489892984542, 'MRR': 0.9390243902439024}
Saving model
epoch 27 | batch 1 |train loss 0.405082643032074
epoch 28 | batch 0 |train loss 0.41376298666000366
Valid: loss 0.4006354808807373, score:{'roc_auc': 0.8992271105826398, 'MRR': 0.9512195121951219}
Saving model
epoch 28 | batch 1 |train loss 0.40161600708961487
epoch 29 | batch 0 |train loss 0.40618568658828735
Valid: loss 0.39353251457214355, score:{'roc_auc': 0.9051724137931034, 'MRR': 0.9512195121951219}
Saving model
epoch 29 | batch 1 |train loss 0.389219731092453
epoch 30 | batch 0 |train loss 0.40036264061927795
Valid: loss 0.39546242356300354, score:{'roc_auc': 0.906064209274673, 'MRR': 0.9512195121951219}
EarlyStopping counter: 1 out of 3
epoch 30 | batch 1 |train loss 0.3853749930858612
epoch 31 | batch 0 |train loss 0.3907012641429901
Valid: loss 0.402244508266449, score:{'roc_auc': 0.9048751486325802, 'MRR': 0.9634146341463414}
EarlyStopping counter: 2 out of 3
epoch 31 | batch 1 |train loss 0.3680729568004608
epoch 32 | batch 0 |train loss 0.37790438532829285
Valid: loss 0.3999404013156891, score:{'roc_auc': 0.9072532699167657, 'MRR': 0.9634146341463414}
Meta keys: dict_keys([5])
Data keys: dict_keys([5])
Edge type: 5, Meta: (1, 0)
Average links per head: 3.32
Median: 2.0, Min: 1, Max: 24
len test_list[0] 485
len test_list[1] 485
len test_label 485
2 hop test: loss 0.3999404013156891, score:{'roc_auc': 0.6152943577186001, 'MRR': 0.791095890410959}
(array([0, 1]), array([242, 243]))
[0.4513997  0.4211514  0.49745432 0.42298397 0.7733583  0.9030966
 0.429013   0.43261    0.68447286 0.4315092  0.9279791  0.9648922
 0.93360335 0.96191317 0.9742246  0.61779356 0.9784887  0.8433711
 0.9098393  0.5876102 ]
Average links per head full random test: 1.46
Medianfull random test: 1.0, Min: 1, Max: 12
len test_list[0]full random test 486
len test_list[1]full random test 486
len test_label full random test 486
2 hop test: loss 0.3999404013156891, score:{'roc_auc': 0.6152943577186001, 'MRR': 0.791095890410959}
edge type: 5, random_score: {'roc_auc': 0.8197937306304933, 'MRR': 0.9794520547945206}, score: {'roc_auc': 0.6152943577186001, 'MRR': 0.791095890410959}
ROC_AUC: 0.6152943577186001
Sec neigh test: score list: defaultdict(<class 'list'>, {'roc_auc': [0.6152943577186001], 'MRR': [0.791095890410959]})
Random test: score list: defaultdict(<class 'list'>, {'roc_auc': [0.8197937306304933], 'MRR': [0.9794520547945206]})
Sec neigh test:average score: defaultdict(<class 'list'>, {'roc_auc': 0.6153, 'MRR': 0.7911})
Random test: average score: defaultdict(<class 'list'>, {'roc_auc': 0.8198, 'MRR': 0.9795})
Completed: amazon_style_cc_features_fold_2 (rep 4)

--------------------------------------
Running model: GAT
Dataset: amazon_style_cc_features_fold_3
Repetition: 4
--------------------------------------
use device: cpu
Namespace(data='amazon_style_cc_features_fold_3', model_path='model.pt', train_iter_n=50, cuda=0, checkpoint='', epochs=100, patience=3, n_layers=2, n_heads=[4], dropout=0.5, model='GAT', lr=0.0001, weight_decay=0.0, batch_size=1024, edge_sample_ratio=1, test_with_CPU=False, decoder='dismult', feat_type=1)
args.feat_type 1
sys_path ['/home/simonettos/homhetgnn/HGB/LP/benchmark/methods/GNN', '/home/simonettos/homhetgnn/sbatches', '/home/simonettos/homhetgnn/HGB/LP/benchmark/methods/baseline', '/home/simonettos/homhetgnn/HGB/LP/benchmark', '/home/simonettos/homhetgnn/HGB/LP/benchmark/methods/GNN', '/home/simonettos/homhetgnn/HGB/LP/benchmark/methods/GNN/utils', '/home/simonettos/homhetgnn/HGB/LP/benchmark/methods/GNN/models', '/deepstore/software/anaconda3/2022.05/lib/python39.zip', '/deepstore/software/anaconda3/2022.05/lib/python3.9', '/deepstore/software/anaconda3/2022.05/lib/python3.9/lib-dynload', '/home/simonettos/homhetgnn/gpuvenv/lib/python3.9/site-packages', '../../', '../../']
Data path: /home/simonettos/homhetgnn/HGB/LP/benchmark/data/amazon_style_cc_features_fold_3
Loading nodes from /home/simonettos/homhetgnn/HGB/LP/benchmark/data/amazon_style_cc_features_fold_3/node.dat
edge types: dict_keys([0, 3, 6, 5, 4, 7, 2, 1, 8, 9])
Getting training negative samples for edge types: [5]
nodes.shift keys: [0, 1]
nodes.count keys: [0, 1]
links.meta: {0: (0, 0), 3: (0, 0), 6: (0, 0), 5: (1, 0), 4: (1, 1), 7: (1, 1), 2: (1, 1), 1: (1, 1), 8: (1, 1), 9: (1, 1)}
t_type about to use: 0
h_type: 1
shift dict: {0: 0, 1: 558}
count dict: Counter({1: 940, 0: 558})
Generated 881 negative samples for edge type 5
Info: load amazon_style_cc_features_fold_3 from original data and generate /home/simonettos/homhetgnn/HGB/LP/benchmark/data/amazon_style_cc_features_fold_3/dl_pickle 
edge types: [5]
dataset: amazon_style_cc_features_fold_3, eval_type: 5
epoch 0 | batch 0 |train loss 0.6826273798942566
Valid: loss 0.9444938898086548, score:{'roc_auc': 0.6267346938775511, 'MRR': 0.8292682926829268}
Saving model
epoch 0 | batch 1 |train loss 0.7316915392875671
epoch 1 | batch 0 |train loss 0.8815173506736755
Valid: loss 0.7263672947883606, score:{'roc_auc': 0.626530612244898, 'MRR': 0.8292682926829268}
Saving model
epoch 1 | batch 1 |train loss 0.626933217048645
epoch 2 | batch 0 |train loss 0.5918844938278198
Valid: loss 0.8136831521987915, score:{'roc_auc': 0.6171428571428571, 'MRR': 0.8170731707317073}
EarlyStopping counter: 1 out of 3
epoch 2 | batch 1 |train loss 0.6525026559829712
epoch 3 | batch 0 |train loss 0.6312867999076843
Valid: loss 0.6833868026733398, score:{'roc_auc': 0.6142857142857143, 'MRR': 0.8170731707317073}
Saving model
epoch 3 | batch 1 |train loss 0.605599045753479
epoch 4 | batch 0 |train loss 0.5922902822494507
Valid: loss 0.6541250348091125, score:{'roc_auc': 0.6393877551020408, 'MRR': 0.815040650406504}
Saving model
epoch 4 | batch 1 |train loss 0.6139762997627258
epoch 5 | batch 0 |train loss 0.5707951188087463
Valid: loss 0.6601620316505432, score:{'roc_auc': 0.6571428571428571, 'MRR': 0.8292682926829268}
EarlyStopping counter: 1 out of 3
epoch 5 | batch 1 |train loss 0.5742416381835938
epoch 6 | batch 0 |train loss 0.5368719100952148
Valid: loss 0.7608998417854309, score:{'roc_auc': 0.656326530612245, 'MRR': 0.8292682926829268}
EarlyStopping counter: 2 out of 3
epoch 6 | batch 1 |train loss 0.5707637071609497
epoch 7 | batch 0 |train loss 0.5539252161979675
Valid: loss 0.8240626454353333, score:{'roc_auc': 0.6608163265306122, 'MRR': 0.8292682926829268}
Meta keys: dict_keys([5])
Data keys: dict_keys([5])
Edge type: 5, Meta: (1, 0)
Average links per head: 3.45
Median: 2.0, Min: 1, Max: 28
len test_list[0] 521
len test_list[1] 521
len test_label 521
2 hop test: loss 0.8240626454353333, score:{'roc_auc': 0.5490274093722369, 'MRR': 0.7419426048565121}
(array([0, 1]), array([260, 261]))
[0.5174791  0.54073995 0.66688    0.7142941  0.45746315 0.62964976
 0.6241688  0.68903714 0.5776122  0.6502054  0.5825755  0.66748476
 0.7031446  0.33126283 0.6807069  0.5536146  0.7201431  0.5239073
 0.68135846 0.60726076]
Average links per head full random test: 1.52
Medianfull random test: 1.0, Min: 1, Max: 14
len test_list[0]full random test 522
len test_list[1]full random test 522
len test_label full random test 522
2 hop test: loss 0.8240626454353333, score:{'roc_auc': 0.5490274093722369, 'MRR': 0.7419426048565121}
edge type: 5, random_score: {'roc_auc': 0.8177067277344725, 'MRR': 0.9701986754966887}, score: {'roc_auc': 0.5490274093722369, 'MRR': 0.7419426048565121}
ROC_AUC: 0.5490274093722369
Sec neigh test: score list: defaultdict(<class 'list'>, {'roc_auc': [0.5490274093722369], 'MRR': [0.7419426048565121]})
Random test: score list: defaultdict(<class 'list'>, {'roc_auc': [0.8177067277344725], 'MRR': [0.9701986754966887]})
Sec neigh test:average score: defaultdict(<class 'list'>, {'roc_auc': 0.549, 'MRR': 0.7419})
Random test: average score: defaultdict(<class 'list'>, {'roc_auc': 0.8177, 'MRR': 0.9702})
Completed: amazon_style_cc_features_fold_3 (rep 4)

--------------------------------------
Running model: GAT
Dataset: amazon_style_cc_features_fold_4
Repetition: 4
--------------------------------------
use device: cpu
Namespace(data='amazon_style_cc_features_fold_4', model_path='model.pt', train_iter_n=50, cuda=0, checkpoint='', epochs=100, patience=3, n_layers=2, n_heads=[4], dropout=0.5, model='GAT', lr=0.0001, weight_decay=0.0, batch_size=1024, edge_sample_ratio=1, test_with_CPU=False, decoder='dismult', feat_type=1)
args.feat_type 1
sys_path ['/home/simonettos/homhetgnn/HGB/LP/benchmark/methods/GNN', '/home/simonettos/homhetgnn/sbatches', '/home/simonettos/homhetgnn/HGB/LP/benchmark/methods/baseline', '/home/simonettos/homhetgnn/HGB/LP/benchmark', '/home/simonettos/homhetgnn/HGB/LP/benchmark/methods/GNN', '/home/simonettos/homhetgnn/HGB/LP/benchmark/methods/GNN/utils', '/home/simonettos/homhetgnn/HGB/LP/benchmark/methods/GNN/models', '/deepstore/software/anaconda3/2022.05/lib/python39.zip', '/deepstore/software/anaconda3/2022.05/lib/python3.9', '/deepstore/software/anaconda3/2022.05/lib/python3.9/lib-dynload', '/home/simonettos/homhetgnn/gpuvenv/lib/python3.9/site-packages', '../../', '../../']
Data path: /home/simonettos/homhetgnn/HGB/LP/benchmark/data/amazon_style_cc_features_fold_4
Loading nodes from /home/simonettos/homhetgnn/HGB/LP/benchmark/data/amazon_style_cc_features_fold_4/node.dat
edge types: dict_keys([0, 3, 6, 5, 4, 7, 2, 1, 8, 9])
Getting training negative samples for edge types: [5]
nodes.shift keys: [0, 1]
nodes.count keys: [0, 1]
links.meta: {0: (0, 0), 3: (0, 0), 6: (0, 0), 5: (1, 0), 4: (1, 1), 7: (1, 1), 2: (1, 1), 1: (1, 1), 8: (1, 1), 9: (1, 1)}
t_type about to use: 0
h_type: 1
shift dict: {0: 0, 1: 558}
count dict: Counter({1: 940, 0: 558})
Generated 891 negative samples for edge type 5
Info: load amazon_style_cc_features_fold_4 from original data and generate /home/simonettos/homhetgnn/HGB/LP/benchmark/data/amazon_style_cc_features_fold_4/dl_pickle 
edge types: [5]
dataset: amazon_style_cc_features_fold_4, eval_type: 5
epoch 0 | batch 0 |train loss 0.695621132850647
Valid: loss 1.193616509437561, score:{'roc_auc': 0.664444850255661, 'MRR': 0.8350694444444445}
Saving model
epoch 0 | batch 1 |train loss 1.0932625532150269
epoch 1 | batch 0 |train loss 0.5973343849182129
Valid: loss 0.7980656623840332, score:{'roc_auc': 0.660427319211103, 'MRR': 0.8548611111111111}
Saving model
epoch 1 | batch 1 |train loss 0.6640529036521912
epoch 2 | batch 0 |train loss 0.5911172032356262
Valid: loss 0.6491657495498657, score:{'roc_auc': 0.6865412710007305, 'MRR': 0.8548611111111111}
Saving model
epoch 2 | batch 1 |train loss 0.5822562575340271
epoch 3 | batch 0 |train loss 0.6143888235092163
Valid: loss 0.6630700826644897, score:{'roc_auc': 0.6867238860482103, 'MRR': 0.8548611111111111}
EarlyStopping counter: 1 out of 3
epoch 3 | batch 1 |train loss 0.5927252173423767
epoch 4 | batch 0 |train loss 0.5756114721298218
Valid: loss 0.6419898271560669, score:{'roc_auc': 0.6900109569028487, 'MRR': 0.8548611111111111}
Saving model
epoch 4 | batch 1 |train loss 0.5364840626716614
epoch 5 | batch 0 |train loss 0.5730348825454712
Valid: loss 0.6967760920524597, score:{'roc_auc': 0.6883674214755295, 'MRR': 0.8548611111111111}
EarlyStopping counter: 1 out of 3
epoch 5 | batch 1 |train loss 0.544044017791748
epoch 6 | batch 0 |train loss 0.5557229518890381
Valid: loss 0.6951109766960144, score:{'roc_auc': 0.6925675675675675, 'MRR': 0.8548611111111111}
EarlyStopping counter: 2 out of 3
epoch 6 | batch 1 |train loss 0.5246995091438293
epoch 7 | batch 0 |train loss 0.5634123086929321
Valid: loss 0.6772264242172241, score:{'roc_auc': 0.7060810810810811, 'MRR': 0.8548611111111111}
Meta keys: dict_keys([5])
Data keys: dict_keys([5])
Edge type: 5, Meta: (1, 0)
Average links per head: 3.39
Median: 2.0, Min: 2, Max: 30
len test_list[0] 492
len test_list[1] 492
len test_label 492
2 hop test: loss 0.6772264242172241, score:{'roc_auc': 0.5348525912215758, 'MRR': 0.7651724137931034}
(array([0, 1]), array([244, 248]))
[0.25563338 0.2168352  0.4075258  0.5733184  0.55360454 0.52820146
 0.4905845  0.3184855  0.3282979  0.61906904 0.44647446 0.74890614
 0.695158   0.52178985 0.7342721  0.6278031  0.67061585 0.51236945
 0.5259999  0.95994127]
Average links per head full random test: 1.48
Medianfull random test: 1.0, Min: 1, Max: 15
len test_list[0]full random test 496
len test_list[1]full random test 496
len test_label full random test 496
2 hop test: loss 0.6772264242172241, score:{'roc_auc': 0.5348525912215758, 'MRR': 0.7651724137931034}
edge type: 5, random_score: {'roc_auc': 0.7285704994797086, 'MRR': 0.9758620689655172}, score: {'roc_auc': 0.5348525912215758, 'MRR': 0.7651724137931034}
ROC_AUC: 0.5348525912215758
Sec neigh test: score list: defaultdict(<class 'list'>, {'roc_auc': [0.5348525912215758], 'MRR': [0.7651724137931034]})
Random test: score list: defaultdict(<class 'list'>, {'roc_auc': [0.7285704994797086], 'MRR': [0.9758620689655172]})
Sec neigh test:average score: defaultdict(<class 'list'>, {'roc_auc': 0.5349, 'MRR': 0.7652})
Random test: average score: defaultdict(<class 'list'>, {'roc_auc': 0.7286, 'MRR': 0.9759})
Completed: amazon_style_cc_features_fold_4 (rep 4)

--------------------------------------
Running model: GAT
Dataset: amazon_style_cc_features_fold_5
Repetition: 4
--------------------------------------
use device: cpu
Namespace(data='amazon_style_cc_features_fold_5', model_path='model.pt', train_iter_n=50, cuda=0, checkpoint='', epochs=100, patience=3, n_layers=2, n_heads=[4], dropout=0.5, model='GAT', lr=0.0001, weight_decay=0.0, batch_size=1024, edge_sample_ratio=1, test_with_CPU=False, decoder='dismult', feat_type=1)
args.feat_type 1
sys_path ['/home/simonettos/homhetgnn/HGB/LP/benchmark/methods/GNN', '/home/simonettos/homhetgnn/sbatches', '/home/simonettos/homhetgnn/HGB/LP/benchmark/methods/baseline', '/home/simonettos/homhetgnn/HGB/LP/benchmark', '/home/simonettos/homhetgnn/HGB/LP/benchmark/methods/GNN', '/home/simonettos/homhetgnn/HGB/LP/benchmark/methods/GNN/utils', '/home/simonettos/homhetgnn/HGB/LP/benchmark/methods/GNN/models', '/deepstore/software/anaconda3/2022.05/lib/python39.zip', '/deepstore/software/anaconda3/2022.05/lib/python3.9', '/deepstore/software/anaconda3/2022.05/lib/python3.9/lib-dynload', '/home/simonettos/homhetgnn/gpuvenv/lib/python3.9/site-packages', '../../', '../../']
Data path: /home/simonettos/homhetgnn/HGB/LP/benchmark/data/amazon_style_cc_features_fold_5
Loading nodes from /home/simonettos/homhetgnn/HGB/LP/benchmark/data/amazon_style_cc_features_fold_5/node.dat
edge types: dict_keys([0, 3, 6, 5, 4, 7, 2, 1, 8, 9])
Getting training negative samples for edge types: [5]
nodes.shift keys: [0, 1]
nodes.count keys: [0, 1]
links.meta: {0: (0, 0), 3: (0, 0), 6: (0, 0), 5: (1, 0), 4: (1, 1), 7: (1, 1), 2: (1, 1), 1: (1, 1), 8: (1, 1), 9: (1, 1)}
t_type about to use: 0
h_type: 1
shift dict: {0: 0, 1: 558}
count dict: Counter({1: 940, 0: 558})
Generated 931 negative samples for edge type 5
Info: load amazon_style_cc_features_fold_5 from original data and generate /home/simonettos/homhetgnn/HGB/LP/benchmark/data/amazon_style_cc_features_fold_5/dl_pickle 
edge types: [5]
dataset: amazon_style_cc_features_fold_5, eval_type: 5
epoch 0 | batch 0 |train loss 0.6897412538528442
Valid: loss 1.064697504043579, score:{'roc_auc': 0.6680319260659525, 'MRR': 0.837121212121212}
Saving model
epoch 0 | batch 1 |train loss 0.8822540044784546
epoch 1 | batch 0 |train loss 0.6767114400863647
Valid: loss 0.6685488224029541, score:{'roc_auc': 0.6716026044948541, 'MRR': 0.8409090909090909}
Saving model
epoch 1 | batch 1 |train loss 0.6176062822341919
epoch 2 | batch 0 |train loss 0.5662663578987122
Valid: loss 0.7016483545303345, score:{'roc_auc': 0.6776937618147448, 'MRR': 0.8409090909090909}
EarlyStopping counter: 1 out of 3
epoch 2 | batch 1 |train loss 0.6080142855644226
epoch 3 | batch 0 |train loss 0.6011297106742859
Valid: loss 0.6694849133491516, score:{'roc_auc': 0.6900861163621088, 'MRR': 0.8409090909090909}
EarlyStopping counter: 2 out of 3
epoch 3 | batch 1 |train loss 0.582828938961029
epoch 4 | batch 0 |train loss 0.5484811663627625
Valid: loss 0.6354429721832275, score:{'roc_auc': 0.7033186305398025, 'MRR': 0.8522727272727273}
Saving model
epoch 4 | batch 1 |train loss 0.5627938508987427
epoch 5 | batch 0 |train loss 0.5653561353683472
Valid: loss 0.6657215356826782, score:{'roc_auc': 0.7035286704473851, 'MRR': 0.850378787878788}
EarlyStopping counter: 1 out of 3
epoch 5 | batch 1 |train loss 0.5533936023712158
epoch 6 | batch 0 |train loss 0.5361078977584839
Valid: loss 0.7232086658477783, score:{'roc_auc': 0.7037387103549674, 'MRR': 0.8409090909090909}
EarlyStopping counter: 2 out of 3
epoch 6 | batch 1 |train loss 0.5489223599433899
epoch 7 | batch 0 |train loss 0.541960597038269
Valid: loss 0.7208700776100159, score:{'roc_auc': 0.7037387103549674, 'MRR': 0.8465909090909091}
Meta keys: dict_keys([5])
Data keys: dict_keys([5])
Edge type: 5, Meta: (1, 0)
Average links per head: 3.55
Median: 2.0, Min: 1, Max: 22
len test_list[0] 423
len test_list[1] 423
len test_label 423
2 hop test: loss 0.7208700776100159, score:{'roc_auc': 0.5046275596888135, 'MRR': 0.7257903161264506}
(array([0, 1]), array([211, 212]))
[0.70739096 0.6624533  0.7355578  0.7568532  0.18161139 0.6807376
 0.65278214 0.85531306 0.7527434  0.7693225  0.69601583 0.7316383
 0.69956577 0.7852821  0.8653435  0.736807   0.68460304 0.6643294
 0.44237566 0.7618176 ]
Average links per head full random test: 1.49
Medianfull random test: 1.0, Min: 1, Max: 11
len test_list[0]full random test 424
len test_list[1]full random test 424
len test_label full random test 424
2 hop test: loss 0.7208700776100159, score:{'roc_auc': 0.5046275596888135, 'MRR': 0.7257903161264506}
edge type: 5, random_score: {'roc_auc': 0.714622641509434, 'MRR': 0.9705882352941176}, score: {'roc_auc': 0.5046275596888135, 'MRR': 0.7257903161264506}
ROC_AUC: 0.5046275596888135
Sec neigh test: score list: defaultdict(<class 'list'>, {'roc_auc': [0.5046275596888135], 'MRR': [0.7257903161264506]})
Random test: score list: defaultdict(<class 'list'>, {'roc_auc': [0.714622641509434], 'MRR': [0.9705882352941176]})
Sec neigh test:average score: defaultdict(<class 'list'>, {'roc_auc': 0.5046, 'MRR': 0.7258})
Random test: average score: defaultdict(<class 'list'>, {'roc_auc': 0.7146, 'MRR': 0.9706})
Completed: amazon_style_cc_features_fold_5 (rep 4)

=== Repetition 5/6 ===
--------------------------------------
Running model: GAT
Dataset: amazon_style_cc_features_fold_1
Repetition: 5
--------------------------------------
use device: cpu
Namespace(data='amazon_style_cc_features_fold_1', model_path='model.pt', train_iter_n=50, cuda=0, checkpoint='', epochs=100, patience=3, n_layers=2, n_heads=[4], dropout=0.5, model='GAT', lr=0.0001, weight_decay=0.0, batch_size=1024, edge_sample_ratio=1, test_with_CPU=False, decoder='dismult', feat_type=1)
args.feat_type 1
sys_path ['/home/simonettos/homhetgnn/HGB/LP/benchmark/methods/GNN', '/home/simonettos/homhetgnn/sbatches', '/home/simonettos/homhetgnn/HGB/LP/benchmark/methods/baseline', '/home/simonettos/homhetgnn/HGB/LP/benchmark', '/home/simonettos/homhetgnn/HGB/LP/benchmark/methods/GNN', '/home/simonettos/homhetgnn/HGB/LP/benchmark/methods/GNN/utils', '/home/simonettos/homhetgnn/HGB/LP/benchmark/methods/GNN/models', '/deepstore/software/anaconda3/2022.05/lib/python39.zip', '/deepstore/software/anaconda3/2022.05/lib/python3.9', '/deepstore/software/anaconda3/2022.05/lib/python3.9/lib-dynload', '/home/simonettos/homhetgnn/gpuvenv/lib/python3.9/site-packages', '../../', '../../']
Data path: /home/simonettos/homhetgnn/HGB/LP/benchmark/data/amazon_style_cc_features_fold_1
Loading nodes from /home/simonettos/homhetgnn/HGB/LP/benchmark/data/amazon_style_cc_features_fold_1/node.dat
edge types: dict_keys([5, 4, 6, 3, 2, 7, 0, 1, 8, 9])
Getting training negative samples for edge types: [5]
nodes.shift keys: [0, 1]
nodes.count keys: [0, 1]
links.meta: {5: (1, 0), 4: (1, 1), 6: (0, 0), 3: (0, 0), 2: (1, 1), 7: (1, 1), 0: (0, 0), 1: (1, 1), 8: (1, 1), 9: (1, 1)}
t_type about to use: 0
h_type: 1
shift dict: {0: 0, 1: 558}
count dict: Counter({1: 940, 0: 558})
Generated 901 negative samples for edge type 5
Info: load amazon_style_cc_features_fold_1 from original data and generate /home/simonettos/homhetgnn/HGB/LP/benchmark/data/amazon_style_cc_features_fold_1/dl_pickle 
edge types: [5]
dataset: amazon_style_cc_features_fold_1, eval_type: 5
epoch 0 | batch 0 |train loss 0.7004616856575012
Valid: loss 1.2830241918563843, score:{'roc_auc': 0.6879552549427679, 'MRR': 0.7971014492753623}
Saving model
epoch 0 | batch 1 |train loss 1.1225616931915283
epoch 1 | batch 0 |train loss 0.5826828479766846
Valid: loss 0.7275450825691223, score:{'roc_auc': 0.6905567117585849, 'MRR': 0.8007246376811593}
Saving model
epoch 1 | batch 1 |train loss 0.6825838685035706
epoch 2 | batch 0 |train loss 0.5670375823974609
Valid: loss 0.6933736205101013, score:{'roc_auc': 0.7035639958376692, 'MRR': 0.8115942028985507}
Saving model
epoch 2 | batch 1 |train loss 0.5967539548873901
epoch 3 | batch 0 |train loss 0.6110876798629761
Valid: loss 0.6973015666007996, score:{'roc_auc': 0.7137096774193548, 'MRR': 0.8115942028985507}
EarlyStopping counter: 1 out of 3
epoch 3 | batch 1 |train loss 0.5899444222450256
epoch 4 | batch 0 |train loss 0.546565592288971
Valid: loss 0.6694603562355042, score:{'roc_auc': 0.7064255983350677, 'MRR': 0.8115942028985507}
Saving model
epoch 4 | batch 1 |train loss 0.5795719623565674
epoch 5 | batch 0 |train loss 0.577174723148346
Valid: loss 0.6533620953559875, score:{'roc_auc': 0.7215140478668054, 'MRR': 0.8115942028985507}
Saving model
epoch 5 | batch 1 |train loss 0.5601305365562439
epoch 6 | batch 0 |train loss 0.5366717576980591
Valid: loss 0.668152928352356, score:{'roc_auc': 0.7212539021852237, 'MRR': 0.8224637681159419}
EarlyStopping counter: 1 out of 3
epoch 6 | batch 1 |train loss 0.5558853149414062
epoch 7 | batch 0 |train loss 0.5472623109817505
Valid: loss 0.6798815131187439, score:{'roc_auc': 0.7160509885535901, 'MRR': 0.8369565217391305}
EarlyStopping counter: 2 out of 3
epoch 7 | batch 1 |train loss 0.5563426613807678
epoch 8 | batch 0 |train loss 0.5308233499526978
Valid: loss 0.6586132049560547, score:{'roc_auc': 0.7329604578563995, 'MRR': 0.8550724637681159}
Meta keys: dict_keys([5])
Data keys: dict_keys([5])
Edge type: 5, Meta: (1, 0)
Average links per head: 3.64
Median: 2.0, Min: 1, Max: 28
len test_list[0] 498
len test_list[1] 498
len test_label 498
2 hop test: loss 0.6586132049560547, score:{'roc_auc': 0.5131774193548387, 'MRR': 0.7256690997566909}
(array([0, 1]), array([248, 250]))
[0.05126416 0.1403733  0.31362104 0.3139804  0.40793893 0.40793893
 0.78038704 0.88733965 0.7579747  0.7775162  0.7587303  0.74050903
 0.6541634  0.7518761  0.7614595  0.87677044 0.81675005 0.7108444
 0.75218517 0.9021004 ]
Average links per head full random test: 1.53
Medianfull random test: 1.0, Min: 1, Max: 14
len test_list[0]full random test 500
len test_list[1]full random test 500
len test_label full random test 500
2 hop test: loss 0.6586132049560547, score:{'roc_auc': 0.5131774193548387, 'MRR': 0.7256690997566909}
edge type: 5, random_score: {'roc_auc': 0.7000799999999999, 'MRR': 0.9708029197080292}, score: {'roc_auc': 0.5131774193548387, 'MRR': 0.7256690997566909}
ROC_AUC: 0.5131774193548387
Sec neigh test: score list: defaultdict(<class 'list'>, {'roc_auc': [0.5131774193548387], 'MRR': [0.7256690997566909]})
Random test: score list: defaultdict(<class 'list'>, {'roc_auc': [0.7000799999999999], 'MRR': [0.9708029197080292]})
Sec neigh test:average score: defaultdict(<class 'list'>, {'roc_auc': 0.5132, 'MRR': 0.7257})
Random test: average score: defaultdict(<class 'list'>, {'roc_auc': 0.7001, 'MRR': 0.9708})
Completed: amazon_style_cc_features_fold_1 (rep 5)

--------------------------------------
Running model: GAT
Dataset: amazon_style_cc_features_fold_2
Repetition: 5
--------------------------------------
use device: cpu
Namespace(data='amazon_style_cc_features_fold_2', model_path='model.pt', train_iter_n=50, cuda=0, checkpoint='', epochs=100, patience=3, n_layers=2, n_heads=[4], dropout=0.5, model='GAT', lr=0.0001, weight_decay=0.0, batch_size=1024, edge_sample_ratio=1, test_with_CPU=False, decoder='dismult', feat_type=1)
args.feat_type 1
sys_path ['/home/simonettos/homhetgnn/HGB/LP/benchmark/methods/GNN', '/home/simonettos/homhetgnn/sbatches', '/home/simonettos/homhetgnn/HGB/LP/benchmark/methods/baseline', '/home/simonettos/homhetgnn/HGB/LP/benchmark', '/home/simonettos/homhetgnn/HGB/LP/benchmark/methods/GNN', '/home/simonettos/homhetgnn/HGB/LP/benchmark/methods/GNN/utils', '/home/simonettos/homhetgnn/HGB/LP/benchmark/methods/GNN/models', '/deepstore/software/anaconda3/2022.05/lib/python39.zip', '/deepstore/software/anaconda3/2022.05/lib/python3.9', '/deepstore/software/anaconda3/2022.05/lib/python3.9/lib-dynload', '/home/simonettos/homhetgnn/gpuvenv/lib/python3.9/site-packages', '../../', '../../']
Data path: /home/simonettos/homhetgnn/HGB/LP/benchmark/data/amazon_style_cc_features_fold_2
Loading nodes from /home/simonettos/homhetgnn/HGB/LP/benchmark/data/amazon_style_cc_features_fold_2/node.dat
edge types: dict_keys([0, 3, 6, 5, 4, 7, 2, 1, 8, 9])
Getting training negative samples for edge types: [5]
nodes.shift keys: [0, 1]
nodes.count keys: [0, 1]
links.meta: {0: (0, 0), 3: (0, 0), 6: (0, 0), 5: (1, 0), 4: (1, 1), 7: (1, 1), 2: (1, 1), 1: (1, 1), 8: (1, 1), 9: (1, 1)}
t_type about to use: 0
h_type: 1
shift dict: {0: 0, 1: 558}
count dict: Counter({1: 940, 0: 558})
Generated 905 negative samples for edge type 5
Info: load amazon_style_cc_features_fold_2 from original data and generate /home/simonettos/homhetgnn/HGB/LP/benchmark/data/amazon_style_cc_features_fold_2/dl_pickle 
edge types: [5]
dataset: amazon_style_cc_features_fold_2, eval_type: 5
epoch 0 | batch 0 |train loss 0.6774771809577942
Valid: loss 0.7314839959144592, score:{'roc_auc': 0.6430211202938476, 'MRR': 0.8085106382978723}
Saving model
epoch 0 | batch 1 |train loss 0.5703717470169067
epoch 1 | batch 0 |train loss 0.9072568416595459
Valid: loss 0.781152069568634, score:{'roc_auc': 0.6753902662993572, 'MRR': 0.8191489361702128}
EarlyStopping counter: 1 out of 3
epoch 1 | batch 1 |train loss 0.6125633120536804
epoch 2 | batch 0 |train loss 0.7041851878166199
Valid: loss 0.683531641960144, score:{'roc_auc': 0.6627640036730944, 'MRR': 0.8191489361702128}
Saving model
epoch 2 | batch 1 |train loss 0.592654824256897
epoch 3 | batch 0 |train loss 0.6256036758422852
Valid: loss 0.6726725101470947, score:{'roc_auc': 0.655188246097337, 'MRR': 0.8085106382978723}
Saving model
epoch 3 | batch 1 |train loss 0.6184393167495728
epoch 4 | batch 0 |train loss 0.5980618000030518
Valid: loss 0.6354773640632629, score:{'roc_auc': 0.6930670339761249, 'MRR': 0.8297872340425532}
Saving model
epoch 4 | batch 1 |train loss 0.5502633452415466
epoch 5 | batch 0 |train loss 0.5657957792282104
Valid: loss 0.677293062210083, score:{'roc_auc': 0.6831955922865015, 'MRR': 0.8297872340425532}
EarlyStopping counter: 1 out of 3
epoch 5 | batch 1 |train loss 0.5372922420501709
epoch 6 | batch 0 |train loss 0.5787873268127441
Valid: loss 0.7289056777954102, score:{'roc_auc': 0.6825068870523416, 'MRR': 0.8297872340425532}
EarlyStopping counter: 2 out of 3
epoch 6 | batch 1 |train loss 0.548591136932373
epoch 7 | batch 0 |train loss 0.5821412801742554
Valid: loss 0.7109068632125854, score:{'roc_auc': 0.6900826446280992, 'MRR': 0.8191489361702128}
Meta keys: dict_keys([5])
Data keys: dict_keys([5])
Edge type: 5, Meta: (1, 0)
Average links per head: 3.32
Median: 2.0, Min: 1, Max: 24
len test_list[0] 485
len test_list[1] 485
len test_label 485
2 hop test: loss 0.7109068632125854, score:{'roc_auc': 0.5506240859776214, 'MRR': 0.7511415525114155}
(array([0, 1]), array([242, 243]))
[0.4654654  0.43337727 0.5204427  0.56432486 0.42383695 0.59803927
 0.38753617 0.3909278  0.4598693  0.63731444 0.2958664  0.61853987
 0.3497641  0.58883333 0.7046624  0.2425181  0.70631295 0.30397764
 0.70389783 0.4959406 ]
Average links per head full random test: 1.46
Medianfull random test: 1.0, Min: 1, Max: 12
len test_list[0]full random test 486
len test_list[1]full random test 486
len test_label full random test 486
2 hop test: loss 0.7109068632125854, score:{'roc_auc': 0.5506240859776214, 'MRR': 0.7511415525114155}
edge type: 5, random_score: {'roc_auc': 0.786838049755288, 'MRR': 0.976027397260274}, score: {'roc_auc': 0.5506240859776214, 'MRR': 0.7511415525114155}
ROC_AUC: 0.5506240859776214
Sec neigh test: score list: defaultdict(<class 'list'>, {'roc_auc': [0.5506240859776214], 'MRR': [0.7511415525114155]})
Random test: score list: defaultdict(<class 'list'>, {'roc_auc': [0.786838049755288], 'MRR': [0.976027397260274]})
Sec neigh test:average score: defaultdict(<class 'list'>, {'roc_auc': 0.5506, 'MRR': 0.7511})
Random test: average score: defaultdict(<class 'list'>, {'roc_auc': 0.7868, 'MRR': 0.976})
Completed: amazon_style_cc_features_fold_2 (rep 5)

--------------------------------------
Running model: GAT
Dataset: amazon_style_cc_features_fold_3
Repetition: 5
--------------------------------------
use device: cpu
Namespace(data='amazon_style_cc_features_fold_3', model_path='model.pt', train_iter_n=50, cuda=0, checkpoint='', epochs=100, patience=3, n_layers=2, n_heads=[4], dropout=0.5, model='GAT', lr=0.0001, weight_decay=0.0, batch_size=1024, edge_sample_ratio=1, test_with_CPU=False, decoder='dismult', feat_type=1)
args.feat_type 1
sys_path ['/home/simonettos/homhetgnn/HGB/LP/benchmark/methods/GNN', '/home/simonettos/homhetgnn/sbatches', '/home/simonettos/homhetgnn/HGB/LP/benchmark/methods/baseline', '/home/simonettos/homhetgnn/HGB/LP/benchmark', '/home/simonettos/homhetgnn/HGB/LP/benchmark/methods/GNN', '/home/simonettos/homhetgnn/HGB/LP/benchmark/methods/GNN/utils', '/home/simonettos/homhetgnn/HGB/LP/benchmark/methods/GNN/models', '/deepstore/software/anaconda3/2022.05/lib/python39.zip', '/deepstore/software/anaconda3/2022.05/lib/python3.9', '/deepstore/software/anaconda3/2022.05/lib/python3.9/lib-dynload', '/home/simonettos/homhetgnn/gpuvenv/lib/python3.9/site-packages', '../../', '../../']
Data path: /home/simonettos/homhetgnn/HGB/LP/benchmark/data/amazon_style_cc_features_fold_3
Loading nodes from /home/simonettos/homhetgnn/HGB/LP/benchmark/data/amazon_style_cc_features_fold_3/node.dat
edge types: dict_keys([0, 3, 6, 5, 4, 7, 2, 1, 8, 9])
Getting training negative samples for edge types: [5]
nodes.shift keys: [0, 1]
nodes.count keys: [0, 1]
links.meta: {0: (0, 0), 3: (0, 0), 6: (0, 0), 5: (1, 0), 4: (1, 1), 7: (1, 1), 2: (1, 1), 1: (1, 1), 8: (1, 1), 9: (1, 1)}
t_type about to use: 0
h_type: 1
shift dict: {0: 0, 1: 558}
count dict: Counter({1: 940, 0: 558})
Generated 898 negative samples for edge type 5
Info: load amazon_style_cc_features_fold_3 from original data and generate /home/simonettos/homhetgnn/HGB/LP/benchmark/data/amazon_style_cc_features_fold_3/dl_pickle 
edge types: [5]
dataset: amazon_style_cc_features_fold_3, eval_type: 5
epoch 0 | batch 0 |train loss 0.6925718784332275
Valid: loss 0.906768798828125, score:{'roc_auc': 0.7137771448914204, 'MRR': 0.868421052631579}
Saving model
epoch 0 | batch 1 |train loss 0.8216667175292969
epoch 1 | batch 0 |train loss 0.7106400728225708
Valid: loss 0.6531052589416504, score:{'roc_auc': 0.7184051263794944, 'MRR': 0.868421052631579}
Saving model
epoch 1 | batch 1 |train loss 0.5985814929008484
epoch 2 | batch 0 |train loss 0.5683725476264954
Valid: loss 0.6601050496101379, score:{'roc_auc': 0.7152011391954433, 'MRR': 0.868421052631579}
EarlyStopping counter: 1 out of 3
epoch 2 | batch 1 |train loss 0.5970054864883423
epoch 3 | batch 0 |train loss 0.6017221808433533
Valid: loss 0.6425690054893494, score:{'roc_auc': 0.7244571021715913, 'MRR': 0.868421052631579}
Saving model
epoch 3 | batch 1 |train loss 0.5829164385795593
epoch 4 | batch 0 |train loss 0.5638980269432068
Valid: loss 0.6176050305366516, score:{'roc_auc': 0.7397650409398362, 'MRR': 0.868421052631579}
Saving model
epoch 4 | batch 1 |train loss 0.5595607757568359
epoch 5 | batch 0 |train loss 0.5600595474243164
Valid: loss 0.6428988575935364, score:{'roc_auc': 0.7383410466358135, 'MRR': 0.868421052631579}
EarlyStopping counter: 1 out of 3
epoch 5 | batch 1 |train loss 0.5493118166923523
epoch 6 | batch 0 |train loss 0.5408225655555725
Valid: loss 0.7068501710891724, score:{'roc_auc': 0.7390530437878248, 'MRR': 0.868421052631579}
EarlyStopping counter: 2 out of 3
epoch 6 | batch 1 |train loss 0.5447924137115479
epoch 7 | batch 0 |train loss 0.5513675808906555
Valid: loss 0.7074040770530701, score:{'roc_auc': 0.7458170167319331, 'MRR': 0.881578947368421}
Meta keys: dict_keys([5])
Data keys: dict_keys([5])
Edge type: 5, Meta: (1, 0)
Average links per head: 3.45
Median: 2.0, Min: 1, Max: 28
len test_list[0] 521
len test_list[1] 521
len test_label 521
2 hop test: loss 0.7074040770530701, score:{'roc_auc': 0.5551724137931034, 'MRR': 0.7507726269315673}
(array([0, 1]), array([260, 261]))
[0.3946428  0.4615781  0.63972384 0.75551015 0.3947897  0.66471875
 0.645375   0.7765274  0.6241475  0.731863   0.6511     0.7617852
 0.7944227  0.25845668 0.71412843 0.4876038  0.77695924 0.45826072
 0.76190543 0.6439682 ]
Average links per head full random test: 1.52
Medianfull random test: 1.0, Min: 1, Max: 14
len test_list[0]full random test 522
len test_list[1]full random test 522
len test_label full random test 522
2 hop test: loss 0.7074040770530701, score:{'roc_auc': 0.5551724137931034, 'MRR': 0.7507726269315673}
edge type: 5, random_score: {'roc_auc': 0.7729187768823125, 'MRR': 0.9668874172185431}, score: {'roc_auc': 0.5551724137931034, 'MRR': 0.7507726269315673}
ROC_AUC: 0.5551724137931034
Sec neigh test: score list: defaultdict(<class 'list'>, {'roc_auc': [0.5551724137931034], 'MRR': [0.7507726269315673]})
Random test: score list: defaultdict(<class 'list'>, {'roc_auc': [0.7729187768823125], 'MRR': [0.9668874172185431]})
Sec neigh test:average score: defaultdict(<class 'list'>, {'roc_auc': 0.5552, 'MRR': 0.7508})
Random test: average score: defaultdict(<class 'list'>, {'roc_auc': 0.7729, 'MRR': 0.9669})
Completed: amazon_style_cc_features_fold_3 (rep 5)

--------------------------------------
Running model: GAT
Dataset: amazon_style_cc_features_fold_4
Repetition: 5
--------------------------------------
use device: cpu
Namespace(data='amazon_style_cc_features_fold_4', model_path='model.pt', train_iter_n=50, cuda=0, checkpoint='', epochs=100, patience=3, n_layers=2, n_heads=[4], dropout=0.5, model='GAT', lr=0.0001, weight_decay=0.0, batch_size=1024, edge_sample_ratio=1, test_with_CPU=False, decoder='dismult', feat_type=1)
args.feat_type 1
sys_path ['/home/simonettos/homhetgnn/HGB/LP/benchmark/methods/GNN', '/home/simonettos/homhetgnn/sbatches', '/home/simonettos/homhetgnn/HGB/LP/benchmark/methods/baseline', '/home/simonettos/homhetgnn/HGB/LP/benchmark', '/home/simonettos/homhetgnn/HGB/LP/benchmark/methods/GNN', '/home/simonettos/homhetgnn/HGB/LP/benchmark/methods/GNN/utils', '/home/simonettos/homhetgnn/HGB/LP/benchmark/methods/GNN/models', '/deepstore/software/anaconda3/2022.05/lib/python39.zip', '/deepstore/software/anaconda3/2022.05/lib/python3.9', '/deepstore/software/anaconda3/2022.05/lib/python3.9/lib-dynload', '/home/simonettos/homhetgnn/gpuvenv/lib/python3.9/site-packages', '../../', '../../']
Data path: /home/simonettos/homhetgnn/HGB/LP/benchmark/data/amazon_style_cc_features_fold_4
Loading nodes from /home/simonettos/homhetgnn/HGB/LP/benchmark/data/amazon_style_cc_features_fold_4/node.dat
edge types: dict_keys([0, 3, 6, 5, 4, 7, 2, 1, 8, 9])
Getting training negative samples for edge types: [5]
nodes.shift keys: [0, 1]
nodes.count keys: [0, 1]
links.meta: {0: (0, 0), 3: (0, 0), 6: (0, 0), 5: (1, 0), 4: (1, 1), 7: (1, 1), 2: (1, 1), 1: (1, 1), 8: (1, 1), 9: (1, 1)}
t_type about to use: 0
h_type: 1
shift dict: {0: 0, 1: 558}
count dict: Counter({1: 940, 0: 558})
Generated 894 negative samples for edge type 5
Info: load amazon_style_cc_features_fold_4 from original data and generate /home/simonettos/homhetgnn/HGB/LP/benchmark/data/amazon_style_cc_features_fold_4/dl_pickle 
edge types: [5]
dataset: amazon_style_cc_features_fold_4, eval_type: 5
epoch 0 | batch 0 |train loss 0.6969397664070129
Valid: loss 0.9575074911117554, score:{'roc_auc': 0.610791509621107, 'MRR': 0.7925925925925927}
Saving model
epoch 0 | batch 1 |train loss 0.7423710227012634
epoch 1 | batch 0 |train loss 0.7855268716812134
Valid: loss 0.7504562735557556, score:{'roc_auc': 0.6171394564570521, 'MRR': 0.7814814814814814}
Saving model
epoch 1 | batch 1 |train loss 0.5571749806404114
epoch 2 | batch 0 |train loss 0.5643145442008972
Valid: loss 0.7437570095062256, score:{'roc_auc': 0.6187264431660385, 'MRR': 0.7925925925925925}
Saving model
epoch 2 | batch 1 |train loss 0.5793628096580505
epoch 3 | batch 0 |train loss 0.5969586968421936
Valid: loss 0.6767053604125977, score:{'roc_auc': 0.6363816703035112, 'MRR': 0.7925925925925925}
Saving model
epoch 3 | batch 1 |train loss 0.5473077893257141
epoch 4 | batch 0 |train loss 0.5434799790382385
Valid: loss 0.6641870141029358, score:{'roc_auc': 0.662963697679032, 'MRR': 0.7814814814814814}
Saving model
epoch 4 | batch 1 |train loss 0.5248008966445923
epoch 5 | batch 0 |train loss 0.54739910364151
Valid: loss 0.7113746404647827, score:{'roc_auc': 0.6570124975203333, 'MRR': 0.7814814814814814}
EarlyStopping counter: 1 out of 3
epoch 5 | batch 1 |train loss 0.5105977654457092
epoch 6 | batch 0 |train loss 0.5285351872444153
Valid: loss 0.7547854781150818, score:{'roc_auc': 0.667923031144614, 'MRR': 0.7814814814814814}
EarlyStopping counter: 2 out of 3
epoch 6 | batch 1 |train loss 0.504554808139801
epoch 7 | batch 0 |train loss 0.5416598320007324
Valid: loss 0.7523806095123291, score:{'roc_auc': 0.6776433247371553, 'MRR': 0.7925925925925925}
Meta keys: dict_keys([5])
Data keys: dict_keys([5])
Edge type: 5, Meta: (1, 0)
Average links per head: 3.39
Median: 2.0, Min: 2, Max: 30
len test_list[0] 492
len test_list[1] 492
len test_label 492
2 hop test: loss 0.7523806095123291, score:{'roc_auc': 0.5552617662612375, 'MRR': 0.7680459770114942}
(array([0, 1]), array([244, 248]))
[0.37478322 0.33950913 0.529336   0.63600403 0.56192625 0.52096206
 0.54472846 0.416955   0.3559767  0.69631815 0.4556966  0.81287146
 0.75928396 0.4373162  0.7958256  0.6898069  0.71231633 0.49320516
 0.7445389  0.9853624 ]
Average links per head full random test: 1.48
Medianfull random test: 1.0, Min: 1, Max: 15
len test_list[0]full random test 496
len test_list[1]full random test 496
len test_label full random test 496
2 hop test: loss 0.7523806095123291, score:{'roc_auc': 0.5552617662612375, 'MRR': 0.7680459770114942}
edge type: 5, random_score: {'roc_auc': 0.7588286940686785, 'MRR': 0.9758620689655172}, score: {'roc_auc': 0.5552617662612375, 'MRR': 0.7680459770114942}
ROC_AUC: 0.5552617662612375
Sec neigh test: score list: defaultdict(<class 'list'>, {'roc_auc': [0.5552617662612375], 'MRR': [0.7680459770114942]})
Random test: score list: defaultdict(<class 'list'>, {'roc_auc': [0.7588286940686785], 'MRR': [0.9758620689655172]})
Sec neigh test:average score: defaultdict(<class 'list'>, {'roc_auc': 0.5553, 'MRR': 0.768})
Random test: average score: defaultdict(<class 'list'>, {'roc_auc': 0.7588, 'MRR': 0.9759})
Completed: amazon_style_cc_features_fold_4 (rep 5)

--------------------------------------
Running model: GAT
Dataset: amazon_style_cc_features_fold_5
Repetition: 5
--------------------------------------
use device: cpu
Namespace(data='amazon_style_cc_features_fold_5', model_path='model.pt', train_iter_n=50, cuda=0, checkpoint='', epochs=100, patience=3, n_layers=2, n_heads=[4], dropout=0.5, model='GAT', lr=0.0001, weight_decay=0.0, batch_size=1024, edge_sample_ratio=1, test_with_CPU=False, decoder='dismult', feat_type=1)
args.feat_type 1
sys_path ['/home/simonettos/homhetgnn/HGB/LP/benchmark/methods/GNN', '/home/simonettos/homhetgnn/sbatches', '/home/simonettos/homhetgnn/HGB/LP/benchmark/methods/baseline', '/home/simonettos/homhetgnn/HGB/LP/benchmark', '/home/simonettos/homhetgnn/HGB/LP/benchmark/methods/GNN', '/home/simonettos/homhetgnn/HGB/LP/benchmark/methods/GNN/utils', '/home/simonettos/homhetgnn/HGB/LP/benchmark/methods/GNN/models', '/deepstore/software/anaconda3/2022.05/lib/python39.zip', '/deepstore/software/anaconda3/2022.05/lib/python3.9', '/deepstore/software/anaconda3/2022.05/lib/python3.9/lib-dynload', '/home/simonettos/homhetgnn/gpuvenv/lib/python3.9/site-packages', '../../', '../../']
Data path: /home/simonettos/homhetgnn/HGB/LP/benchmark/data/amazon_style_cc_features_fold_5
Loading nodes from /home/simonettos/homhetgnn/HGB/LP/benchmark/data/amazon_style_cc_features_fold_5/node.dat
edge types: dict_keys([0, 3, 6, 5, 4, 7, 2, 1, 8, 9])
Getting training negative samples for edge types: [5]
nodes.shift keys: [0, 1]
nodes.count keys: [0, 1]
links.meta: {0: (0, 0), 3: (0, 0), 6: (0, 0), 5: (1, 0), 4: (1, 1), 7: (1, 1), 2: (1, 1), 1: (1, 1), 8: (1, 1), 9: (1, 1)}
t_type about to use: 0
h_type: 1
shift dict: {0: 0, 1: 558}
count dict: Counter({1: 940, 0: 558})
Generated 929 negative samples for edge type 5
Info: load amazon_style_cc_features_fold_5 from original data and generate /home/simonettos/homhetgnn/HGB/LP/benchmark/data/amazon_style_cc_features_fold_5/dl_pickle 
edge types: [5]
dataset: amazon_style_cc_features_fold_5, eval_type: 5
epoch 0 | batch 0 |train loss 0.6989673972129822
Valid: loss 0.8531366586685181, score:{'roc_auc': 0.6974806585994843, 'MRR': 0.8043478260869567}
Saving model
epoch 0 | batch 1 |train loss 0.7318236827850342
epoch 1 | batch 0 |train loss 0.8523515462875366
Valid: loss 0.6493867635726929, score:{'roc_auc': 0.6925213251339021, 'MRR': 0.8043478260869567}
Saving model
epoch 1 | batch 1 |train loss 0.6054267287254333
epoch 2 | batch 0 |train loss 0.5792945623397827
Valid: loss 0.7845348715782166, score:{'roc_auc': 0.6812140448323746, 'MRR': 0.8043478260869567}
EarlyStopping counter: 1 out of 3
epoch 2 | batch 1 |train loss 0.6571529507637024
epoch 3 | batch 0 |train loss 0.6104928851127625
Valid: loss 0.6822760701179504, score:{'roc_auc': 0.6826026582027376, 'MRR': 0.815217391304348}
EarlyStopping counter: 2 out of 3
epoch 3 | batch 1 |train loss 0.5937274694442749
epoch 4 | batch 0 |train loss 0.562430202960968
Valid: loss 0.6354084014892578, score:{'roc_auc': 0.7093830589168816, 'MRR': 0.815217391304348}
Saving model
epoch 4 | batch 1 |train loss 0.5884832143783569
epoch 5 | batch 0 |train loss 0.5556470155715942
Valid: loss 0.656948447227478, score:{'roc_auc': 0.7165244991073201, 'MRR': 0.815217391304348}
EarlyStopping counter: 1 out of 3
epoch 5 | batch 1 |train loss 0.5637814402580261
epoch 6 | batch 0 |train loss 0.5208407044410706
Valid: loss 0.7609463930130005, score:{'roc_auc': 0.7157310057528268, 'MRR': 0.815217391304348}
EarlyStopping counter: 2 out of 3
epoch 6 | batch 1 |train loss 0.5727242827415466
epoch 7 | batch 0 |train loss 0.5402835011482239
Valid: loss 0.7824203968048096, score:{'roc_auc': 0.7189049791707994, 'MRR': 0.815217391304348}
Meta keys: dict_keys([5])
Data keys: dict_keys([5])
Edge type: 5, Meta: (1, 0)
Average links per head: 3.55
Median: 2.0, Min: 1, Max: 22
len test_list[0] 423
len test_list[1] 423
len test_label 423
2 hop test: loss 0.7824203968048096, score:{'roc_auc': 0.5235849056603774, 'MRR': 0.7252901160464186}
(array([0, 1]), array([211, 212]))
[0.71141845 0.6650409  0.7873032  0.750389   0.35728514 0.7387794
 0.6586569  0.8441021  0.7749062  0.75850534 0.7209151  0.72219115
 0.7215228  0.7270235  0.8320096  0.7207174  0.7622606  0.7464425
 0.5940408  0.7933451 ]
Average links per head full random test: 1.49
Medianfull random test: 1.0, Min: 1, Max: 11
len test_list[0]full random test 424
len test_list[1]full random test 424
len test_label full random test 424
2 hop test: loss 0.7824203968048096, score:{'roc_auc': 0.5235849056603774, 'MRR': 0.7252901160464186}
edge type: 5, random_score: {'roc_auc': 0.7452385190459238, 'MRR': 0.9789915966386554}, score: {'roc_auc': 0.5235849056603774, 'MRR': 0.7252901160464186}
ROC_AUC: 0.5235849056603774
Sec neigh test: score list: defaultdict(<class 'list'>, {'roc_auc': [0.5235849056603774], 'MRR': [0.7252901160464186]})
Random test: score list: defaultdict(<class 'list'>, {'roc_auc': [0.7452385190459238], 'MRR': [0.9789915966386554]})
Sec neigh test:average score: defaultdict(<class 'list'>, {'roc_auc': 0.5236, 'MRR': 0.7253})
Random test: average score: defaultdict(<class 'list'>, {'roc_auc': 0.7452, 'MRR': 0.979})
Completed: amazon_style_cc_features_fold_5 (rep 5)

=== Repetition 6/6 ===
--------------------------------------
Running model: GAT
Dataset: amazon_style_cc_features_fold_1
Repetition: 6
--------------------------------------
use device: cpu
Namespace(data='amazon_style_cc_features_fold_1', model_path='model.pt', train_iter_n=50, cuda=0, checkpoint='', epochs=100, patience=3, n_layers=2, n_heads=[4], dropout=0.5, model='GAT', lr=0.0001, weight_decay=0.0, batch_size=1024, edge_sample_ratio=1, test_with_CPU=False, decoder='dismult', feat_type=1)
args.feat_type 1
sys_path ['/home/simonettos/homhetgnn/HGB/LP/benchmark/methods/GNN', '/home/simonettos/homhetgnn/sbatches', '/home/simonettos/homhetgnn/HGB/LP/benchmark/methods/baseline', '/home/simonettos/homhetgnn/HGB/LP/benchmark', '/home/simonettos/homhetgnn/HGB/LP/benchmark/methods/GNN', '/home/simonettos/homhetgnn/HGB/LP/benchmark/methods/GNN/utils', '/home/simonettos/homhetgnn/HGB/LP/benchmark/methods/GNN/models', '/deepstore/software/anaconda3/2022.05/lib/python39.zip', '/deepstore/software/anaconda3/2022.05/lib/python3.9', '/deepstore/software/anaconda3/2022.05/lib/python3.9/lib-dynload', '/home/simonettos/homhetgnn/gpuvenv/lib/python3.9/site-packages', '../../', '../../']
Data path: /home/simonettos/homhetgnn/HGB/LP/benchmark/data/amazon_style_cc_features_fold_1
Loading nodes from /home/simonettos/homhetgnn/HGB/LP/benchmark/data/amazon_style_cc_features_fold_1/node.dat
edge types: dict_keys([5, 4, 6, 3, 2, 7, 0, 1, 8, 9])
Getting training negative samples for edge types: [5]
nodes.shift keys: [0, 1]
nodes.count keys: [0, 1]
links.meta: {5: (1, 0), 4: (1, 1), 6: (0, 0), 3: (0, 0), 2: (1, 1), 7: (1, 1), 0: (0, 0), 1: (1, 1), 8: (1, 1), 9: (1, 1)}
t_type about to use: 0
h_type: 1
shift dict: {0: 0, 1: 558}
count dict: Counter({1: 940, 0: 558})
Generated 905 negative samples for edge type 5
Info: load amazon_style_cc_features_fold_1 from original data and generate /home/simonettos/homhetgnn/HGB/LP/benchmark/data/amazon_style_cc_features_fold_1/dl_pickle 
edge types: [5]
dataset: amazon_style_cc_features_fold_1, eval_type: 5
epoch 0 | batch 0 |train loss 0.7108292579650879
Valid: loss 1.1959807872772217, score:{'roc_auc': 0.7458382877526755, 'MRR': 0.8963414634146342}
Saving model
epoch 0 | batch 1 |train loss 1.150502324104309
epoch 1 | batch 0 |train loss 0.5638751983642578
Valid: loss 0.7421970963478088, score:{'roc_auc': 0.7422711058263971, 'MRR': 0.8739837398373983}
Saving model
epoch 1 | batch 1 |train loss 0.778067409992218
epoch 2 | batch 0 |train loss 0.5898293852806091
Valid: loss 0.5953763127326965, score:{'roc_auc': 0.7580261593341261, 'MRR': 0.8719512195121951}
Saving model
epoch 2 | batch 1 |train loss 0.5818257927894592
epoch 3 | batch 0 |train loss 0.5967481136322021
Valid: loss 0.6517891883850098, score:{'roc_auc': 0.7470273483947683, 'MRR': 0.8861788617886178}
EarlyStopping counter: 1 out of 3
epoch 3 | batch 1 |train loss 0.6285696029663086
epoch 4 | batch 0 |train loss 0.5888979434967041
Valid: loss 0.5931363105773926, score:{'roc_auc': 0.7746730083234245, 'MRR': 0.8861788617886178}
Saving model
epoch 4 | batch 1 |train loss 0.5774675011634827
epoch 5 | batch 0 |train loss 0.535324215888977
Valid: loss 0.5818673968315125, score:{'roc_auc': 0.7934007134363852, 'MRR': 0.8861788617886178}
Saving model
epoch 5 | batch 1 |train loss 0.5856600999832153
epoch 6 | batch 0 |train loss 0.5445858836174011
Valid: loss 0.5796279907226562, score:{'roc_auc': 0.7957788347205709, 'MRR': 0.8902439024390244}
Saving model
epoch 6 | batch 1 |train loss 0.5782951712608337
epoch 7 | batch 0 |train loss 0.5136753916740417
Valid: loss 0.5909735560417175, score:{'roc_auc': 0.7886444708680143, 'MRR': 0.8780487804878049}
EarlyStopping counter: 1 out of 3
epoch 7 | batch 1 |train loss 0.568732500076294
epoch 8 | batch 0 |train loss 0.5367801189422607
Valid: loss 0.5962223410606384, score:{'roc_auc': 0.7847800237812128, 'MRR': 0.8861788617886178}
EarlyStopping counter: 2 out of 3
epoch 8 | batch 1 |train loss 0.5676788091659546
epoch 9 | batch 0 |train loss 0.5189996361732483
Valid: loss 0.5654082298278809, score:{'roc_auc': 0.8127229488703923, 'MRR': 0.9146341463414634}
Saving model
epoch 9 | batch 1 |train loss 0.5475962162017822
epoch 10 | batch 0 |train loss 0.5015872120857239
Valid: loss 0.5589643120765686, score:{'roc_auc': 0.8255053507728894, 'MRR': 0.926829268292683}
Saving model
epoch 10 | batch 1 |train loss 0.5495438575744629
epoch 11 | batch 0 |train loss 0.5013681054115295
Valid: loss 0.552100419998169, score:{'roc_auc': 0.829667063020214, 'MRR': 0.926829268292683}
Saving model
epoch 11 | batch 1 |train loss 0.5393873453140259
epoch 12 | batch 0 |train loss 0.4870266914367676
Valid: loss 0.5483601093292236, score:{'roc_auc': 0.8317479191438764, 'MRR': 0.9146341463414634}
Saving model
epoch 12 | batch 1 |train loss 0.5265305042266846
epoch 13 | batch 0 |train loss 0.48456424474716187
Valid: loss 0.5536739826202393, score:{'roc_auc': 0.826397146254459, 'MRR': 0.926829268292683}
EarlyStopping counter: 1 out of 3
epoch 13 | batch 1 |train loss 0.5230000019073486
epoch 14 | batch 0 |train loss 0.47511938214302063
Valid: loss 0.5534557104110718, score:{'roc_auc': 0.8240190249702736, 'MRR': 0.9105691056910568}
EarlyStopping counter: 2 out of 3
epoch 14 | batch 1 |train loss 0.5139685273170471
epoch 15 | batch 0 |train loss 0.459982305765152
Valid: loss 0.5525927543640137, score:{'roc_auc': 0.8180737217598097, 'MRR': 0.9105691056910568}
Meta keys: dict_keys([5])
Data keys: dict_keys([5])
Edge type: 5, Meta: (1, 0)
Average links per head: 3.64
Median: 2.0, Min: 1, Max: 28
len test_list[0] 498
len test_list[1] 498
len test_label 498
2 hop test: loss 0.5525927543640137, score:{'roc_auc': 0.5493548387096774, 'MRR': 0.7354014598540146}
(array([0, 1]), array([248, 250]))
[0.0183359  0.01064023 0.3524749  0.35060087 0.3923614  0.3923614
 0.6383219  0.84512377 0.7512389  0.70536685 0.7516079  0.4567842
 0.6732648  0.7639466  0.7664521  0.85010827 0.76766044 0.46585116
 0.44392923 0.8907778 ]
Average links per head full random test: 1.53
Medianfull random test: 1.0, Min: 1, Max: 14
len test_list[0]full random test 500
len test_list[1]full random test 500
len test_label full random test 500
2 hop test: loss 0.5525927543640137, score:{'roc_auc': 0.5493548387096774, 'MRR': 0.7354014598540146}
edge type: 5, random_score: {'roc_auc': 0.745376, 'MRR': 0.9708029197080292}, score: {'roc_auc': 0.5493548387096774, 'MRR': 0.7354014598540146}
ROC_AUC: 0.5493548387096774
Sec neigh test: score list: defaultdict(<class 'list'>, {'roc_auc': [0.5493548387096774], 'MRR': [0.7354014598540146]})
Random test: score list: defaultdict(<class 'list'>, {'roc_auc': [0.745376], 'MRR': [0.9708029197080292]})
Sec neigh test:average score: defaultdict(<class 'list'>, {'roc_auc': 0.5494, 'MRR': 0.7354})
Random test: average score: defaultdict(<class 'list'>, {'roc_auc': 0.7454, 'MRR': 0.9708})
Completed: amazon_style_cc_features_fold_1 (rep 6)

--------------------------------------
Running model: GAT
Dataset: amazon_style_cc_features_fold_2
Repetition: 6
--------------------------------------
use device: cpu
Namespace(data='amazon_style_cc_features_fold_2', model_path='model.pt', train_iter_n=50, cuda=0, checkpoint='', epochs=100, patience=3, n_layers=2, n_heads=[4], dropout=0.5, model='GAT', lr=0.0001, weight_decay=0.0, batch_size=1024, edge_sample_ratio=1, test_with_CPU=False, decoder='dismult', feat_type=1)
args.feat_type 1
sys_path ['/home/simonettos/homhetgnn/HGB/LP/benchmark/methods/GNN', '/home/simonettos/homhetgnn/sbatches', '/home/simonettos/homhetgnn/HGB/LP/benchmark/methods/baseline', '/home/simonettos/homhetgnn/HGB/LP/benchmark', '/home/simonettos/homhetgnn/HGB/LP/benchmark/methods/GNN', '/home/simonettos/homhetgnn/HGB/LP/benchmark/methods/GNN/utils', '/home/simonettos/homhetgnn/HGB/LP/benchmark/methods/GNN/models', '/deepstore/software/anaconda3/2022.05/lib/python39.zip', '/deepstore/software/anaconda3/2022.05/lib/python3.9', '/deepstore/software/anaconda3/2022.05/lib/python3.9/lib-dynload', '/home/simonettos/homhetgnn/gpuvenv/lib/python3.9/site-packages', '../../', '../../']
Data path: /home/simonettos/homhetgnn/HGB/LP/benchmark/data/amazon_style_cc_features_fold_2
Loading nodes from /home/simonettos/homhetgnn/HGB/LP/benchmark/data/amazon_style_cc_features_fold_2/node.dat
edge types: dict_keys([0, 3, 6, 5, 4, 7, 2, 1, 8, 9])
Getting training negative samples for edge types: [5]
nodes.shift keys: [0, 1]
nodes.count keys: [0, 1]
links.meta: {0: (0, 0), 3: (0, 0), 6: (0, 0), 5: (1, 0), 4: (1, 1), 7: (1, 1), 2: (1, 1), 1: (1, 1), 8: (1, 1), 9: (1, 1)}
t_type about to use: 0
h_type: 1
shift dict: {0: 0, 1: 558}
count dict: Counter({1: 940, 0: 558})
Generated 897 negative samples for edge type 5
Info: load amazon_style_cc_features_fold_2 from original data and generate /home/simonettos/homhetgnn/HGB/LP/benchmark/data/amazon_style_cc_features_fold_2/dl_pickle 
edge types: [5]
dataset: amazon_style_cc_features_fold_2, eval_type: 5
epoch 0 | batch 0 |train loss 0.6871411800384521
Valid: loss 0.6889832615852356, score:{'roc_auc': 0.6718407596785976, 'MRR': 0.8075757575757576}
Saving model
epoch 0 | batch 1 |train loss 0.5682587623596191
epoch 1 | batch 0 |train loss 0.9347778558731079
Valid: loss 0.6996747851371765, score:{'roc_auc': 0.6838933528122718, 'MRR': 0.8075757575757576}
EarlyStopping counter: 1 out of 3
epoch 1 | batch 1 |train loss 0.5682165026664734
epoch 2 | batch 0 |train loss 0.6098923683166504
Valid: loss 0.6589028835296631, score:{'roc_auc': 0.6849890430971511, 'MRR': 0.7984848484848486}
Saving model
epoch 2 | batch 1 |train loss 0.584506094455719
epoch 3 | batch 0 |train loss 0.558323323726654
Valid: loss 0.6936343312263489, score:{'roc_auc': 0.6882761139517897, 'MRR': 0.8166666666666668}
EarlyStopping counter: 1 out of 3
epoch 3 | batch 1 |train loss 0.582653820514679
epoch 4 | batch 0 |train loss 0.5480812191963196
Valid: loss 0.6796845197677612, score:{'roc_auc': 0.6948502556610664, 'MRR': 0.8166666666666668}
EarlyStopping counter: 2 out of 3
epoch 4 | batch 1 |train loss 0.5585628151893616
epoch 5 | batch 0 |train loss 0.548754096031189
Valid: loss 0.6530060172080994, score:{'roc_auc': 0.7025200876552228, 'MRR': 0.8166666666666668}
Saving model
epoch 5 | batch 1 |train loss 0.5626856088638306
epoch 6 | batch 0 |train loss 0.5188135504722595
Valid: loss 0.6182401776313782, score:{'roc_auc': 0.7397735573411248, 'MRR': 0.843939393939394}
Saving model
epoch 6 | batch 1 |train loss 0.5387945175170898
epoch 7 | batch 0 |train loss 0.5299593210220337
Valid: loss 0.6181663274765015, score:{'roc_auc': 0.7512783053323593, 'MRR': 0.8848484848484849}
Saving model
epoch 7 | batch 1 |train loss 0.5325971245765686
epoch 8 | batch 0 |train loss 0.5052853226661682
Valid: loss 0.6196615099906921, score:{'roc_auc': 0.745799853907962, 'MRR': 0.8621212121212122}
EarlyStopping counter: 1 out of 3
epoch 8 | batch 1 |train loss 0.5170596241950989
epoch 9 | batch 0 |train loss 0.5004501342773438
Valid: loss 0.6453353762626648, score:{'roc_auc': 0.7432432432432433, 'MRR': 0.8621212121212122}
EarlyStopping counter: 2 out of 3
epoch 9 | batch 1 |train loss 0.5157158970832825
epoch 10 | batch 0 |train loss 0.4928988516330719
Valid: loss 0.6429044604301453, score:{'roc_auc': 0.758400292184076, 'MRR': 0.8621212121212122}
Meta keys: dict_keys([5])
Data keys: dict_keys([5])
Edge type: 5, Meta: (1, 0)
Average links per head: 3.32
Median: 2.0, Min: 1, Max: 24
len test_list[0] 485
len test_list[1] 485
len test_label 485
2 hop test: loss 0.6429044604301453, score:{'roc_auc': 0.5770669659558548, 'MRR': 0.7477168949771689}
(array([0, 1]), array([242, 243]))
[0.37225732 0.36299714 0.4376273  0.51106936 0.37210742 0.53685635
 0.3303929  0.271061   0.3594066  0.63926804 0.12246258 0.629547
 0.34114265 0.5466912  0.7389931  0.10883666 0.70501703 0.18398748
 0.6970901  0.46979454]
Average links per head full random test: 1.46
Medianfull random test: 1.0, Min: 1, Max: 12
len test_list[0]full random test 486
len test_list[1]full random test 486
len test_label full random test 486
2 hop test: loss 0.6429044604301453, score:{'roc_auc': 0.5770669659558548, 'MRR': 0.7477168949771689}
edge type: 5, random_score: {'roc_auc': 0.7654829040288573, 'MRR': 0.9726027397260274}, score: {'roc_auc': 0.5770669659558548, 'MRR': 0.7477168949771689}
ROC_AUC: 0.5770669659558548
Sec neigh test: score list: defaultdict(<class 'list'>, {'roc_auc': [0.5770669659558548], 'MRR': [0.7477168949771689]})
Random test: score list: defaultdict(<class 'list'>, {'roc_auc': [0.7654829040288573], 'MRR': [0.9726027397260274]})
Sec neigh test:average score: defaultdict(<class 'list'>, {'roc_auc': 0.5771, 'MRR': 0.7477})
Random test: average score: defaultdict(<class 'list'>, {'roc_auc': 0.7655, 'MRR': 0.9726})
Completed: amazon_style_cc_features_fold_2 (rep 6)

--------------------------------------
Running model: GAT
Dataset: amazon_style_cc_features_fold_3
Repetition: 6
--------------------------------------
use device: cpu
Namespace(data='amazon_style_cc_features_fold_3', model_path='model.pt', train_iter_n=50, cuda=0, checkpoint='', epochs=100, patience=3, n_layers=2, n_heads=[4], dropout=0.5, model='GAT', lr=0.0001, weight_decay=0.0, batch_size=1024, edge_sample_ratio=1, test_with_CPU=False, decoder='dismult', feat_type=1)
args.feat_type 1
sys_path ['/home/simonettos/homhetgnn/HGB/LP/benchmark/methods/GNN', '/home/simonettos/homhetgnn/sbatches', '/home/simonettos/homhetgnn/HGB/LP/benchmark/methods/baseline', '/home/simonettos/homhetgnn/HGB/LP/benchmark', '/home/simonettos/homhetgnn/HGB/LP/benchmark/methods/GNN', '/home/simonettos/homhetgnn/HGB/LP/benchmark/methods/GNN/utils', '/home/simonettos/homhetgnn/HGB/LP/benchmark/methods/GNN/models', '/deepstore/software/anaconda3/2022.05/lib/python39.zip', '/deepstore/software/anaconda3/2022.05/lib/python3.9', '/deepstore/software/anaconda3/2022.05/lib/python3.9/lib-dynload', '/home/simonettos/homhetgnn/gpuvenv/lib/python3.9/site-packages', '../../', '../../']
Data path: /home/simonettos/homhetgnn/HGB/LP/benchmark/data/amazon_style_cc_features_fold_3
Loading nodes from /home/simonettos/homhetgnn/HGB/LP/benchmark/data/amazon_style_cc_features_fold_3/node.dat
edge types: dict_keys([0, 3, 6, 5, 4, 7, 2, 1, 8, 9])
Getting training negative samples for edge types: [5]
nodes.shift keys: [0, 1]
nodes.count keys: [0, 1]
links.meta: {0: (0, 0), 3: (0, 0), 6: (0, 0), 5: (1, 0), 4: (1, 1), 7: (1, 1), 2: (1, 1), 1: (1, 1), 8: (1, 1), 9: (1, 1)}
t_type about to use: 0
h_type: 1
shift dict: {0: 0, 1: 558}
count dict: Counter({1: 940, 0: 558})
Generated 888 negative samples for edge type 5
Info: load amazon_style_cc_features_fold_3 from original data and generate /home/simonettos/homhetgnn/HGB/LP/benchmark/data/amazon_style_cc_features_fold_3/dl_pickle 
edge types: [5]
dataset: amazon_style_cc_features_fold_3, eval_type: 5
epoch 0 | batch 0 |train loss 0.7044745087623596
Valid: loss 0.7481229901313782, score:{'roc_auc': 0.6696900982615267, 'MRR': 0.8444444444444444}
Saving model
epoch 0 | batch 1 |train loss 0.6274512410163879
epoch 1 | batch 0 |train loss 1.2580757141113281
Valid: loss 0.6944338083267212, score:{'roc_auc': 0.6661627614008566, 'MRR': 0.8185185185185184}
Saving model
epoch 1 | batch 1 |train loss 0.5940062403678894
epoch 2 | batch 0 |train loss 0.635646641254425
Valid: loss 0.7602946162223816, score:{'roc_auc': 0.6487780297304107, 'MRR': 0.8444444444444444}
EarlyStopping counter: 1 out of 3
epoch 2 | batch 1 |train loss 0.6761332750320435
epoch 3 | batch 0 |train loss 0.6446875333786011
Valid: loss 0.6853283047676086, score:{'roc_auc': 0.6056941295036534, 'MRR': 0.8518518518518517}
Saving model
epoch 3 | batch 1 |train loss 0.656731367111206
epoch 4 | batch 0 |train loss 0.6455574035644531
Valid: loss 0.6564857959747314, score:{'roc_auc': 0.672965482489292, 'MRR': 0.8407407407407407}
Saving model
epoch 4 | batch 1 |train loss 0.6286662220954895
epoch 5 | batch 0 |train loss 0.5889399647712708
Valid: loss 0.6548653841018677, score:{'roc_auc': 0.6989166036785085, 'MRR': 0.8333333333333334}
Saving model
epoch 5 | batch 1 |train loss 0.5910511612892151
epoch 6 | batch 0 |train loss 0.5761825442314148
Valid: loss 0.6655554175376892, score:{'roc_auc': 0.6865709246661628, 'MRR': 0.8333333333333334}
EarlyStopping counter: 1 out of 3
epoch 6 | batch 1 |train loss 0.577586829662323
epoch 7 | batch 0 |train loss 0.5641249418258667
Valid: loss 0.6649031043052673, score:{'roc_auc': 0.6873267825648779, 'MRR': 0.8444444444444444}
EarlyStopping counter: 2 out of 3
epoch 7 | batch 1 |train loss 0.5904352068901062
epoch 8 | batch 0 |train loss 0.5573838949203491
Valid: loss 0.6934137344360352, score:{'roc_auc': 0.6989166036785085, 'MRR': 0.8333333333333334}
Meta keys: dict_keys([5])
Data keys: dict_keys([5])
Edge type: 5, Meta: (1, 0)
Average links per head: 3.45
Median: 2.0, Min: 1, Max: 28
len test_list[0] 521
len test_list[1] 521
len test_label 521
2 hop test: loss 0.6934137344360352, score:{'roc_auc': 0.5499852637783672, 'MRR': 0.7759381898454746}
(array([0, 1]), array([260, 261]))
[0.3386828  0.33156207 0.511961   0.6244386  0.3271785  0.48762003
 0.5092483  0.61445063 0.4994938  0.5410272  0.49402618 0.6250828
 0.6829233  0.2986186  0.50534475 0.38794222 0.6065221  0.32502547
 0.5282097  0.51519907]
Average links per head full random test: 1.52
Medianfull random test: 1.0, Min: 1, Max: 14
len test_list[0]full random test 522
len test_list[1]full random test 522
len test_label full random test 522
2 hop test: loss 0.6934137344360352, score:{'roc_auc': 0.5499852637783672, 'MRR': 0.7759381898454746}
edge type: 5, random_score: {'roc_auc': 0.7526166674006547, 'MRR': 0.9735099337748344}, score: {'roc_auc': 0.5499852637783672, 'MRR': 0.7759381898454746}
ROC_AUC: 0.5499852637783672
Sec neigh test: score list: defaultdict(<class 'list'>, {'roc_auc': [0.5499852637783672], 'MRR': [0.7759381898454746]})
Random test: score list: defaultdict(<class 'list'>, {'roc_auc': [0.7526166674006547], 'MRR': [0.9735099337748344]})
Sec neigh test:average score: defaultdict(<class 'list'>, {'roc_auc': 0.55, 'MRR': 0.7759})
Random test: average score: defaultdict(<class 'list'>, {'roc_auc': 0.7526, 'MRR': 0.9735})
Completed: amazon_style_cc_features_fold_3 (rep 6)

--------------------------------------
Running model: GAT
Dataset: amazon_style_cc_features_fold_4
Repetition: 6
--------------------------------------
use device: cpu
Namespace(data='amazon_style_cc_features_fold_4', model_path='model.pt', train_iter_n=50, cuda=0, checkpoint='', epochs=100, patience=3, n_layers=2, n_heads=[4], dropout=0.5, model='GAT', lr=0.0001, weight_decay=0.0, batch_size=1024, edge_sample_ratio=1, test_with_CPU=False, decoder='dismult', feat_type=1)
args.feat_type 1
sys_path ['/home/simonettos/homhetgnn/HGB/LP/benchmark/methods/GNN', '/home/simonettos/homhetgnn/sbatches', '/home/simonettos/homhetgnn/HGB/LP/benchmark/methods/baseline', '/home/simonettos/homhetgnn/HGB/LP/benchmark', '/home/simonettos/homhetgnn/HGB/LP/benchmark/methods/GNN', '/home/simonettos/homhetgnn/HGB/LP/benchmark/methods/GNN/utils', '/home/simonettos/homhetgnn/HGB/LP/benchmark/methods/GNN/models', '/deepstore/software/anaconda3/2022.05/lib/python39.zip', '/deepstore/software/anaconda3/2022.05/lib/python3.9', '/deepstore/software/anaconda3/2022.05/lib/python3.9/lib-dynload', '/home/simonettos/homhetgnn/gpuvenv/lib/python3.9/site-packages', '../../', '../../']
Data path: /home/simonettos/homhetgnn/HGB/LP/benchmark/data/amazon_style_cc_features_fold_4
Loading nodes from /home/simonettos/homhetgnn/HGB/LP/benchmark/data/amazon_style_cc_features_fold_4/node.dat
edge types: dict_keys([0, 3, 6, 5, 4, 7, 2, 1, 8, 9])
Getting training negative samples for edge types: [5]
nodes.shift keys: [0, 1]
nodes.count keys: [0, 1]
links.meta: {0: (0, 0), 3: (0, 0), 6: (0, 0), 5: (1, 0), 4: (1, 1), 7: (1, 1), 2: (1, 1), 1: (1, 1), 8: (1, 1), 9: (1, 1)}
t_type about to use: 0
h_type: 1
shift dict: {0: 0, 1: 558}
count dict: Counter({1: 940, 0: 558})
Generated 894 negative samples for edge type 5
Info: load amazon_style_cc_features_fold_4 from original data and generate /home/simonettos/homhetgnn/HGB/LP/benchmark/data/amazon_style_cc_features_fold_4/dl_pickle 
edge types: [5]
dataset: amazon_style_cc_features_fold_4, eval_type: 5
epoch 0 | batch 0 |train loss 0.6945191621780396
Valid: loss 0.73914635181427, score:{'roc_auc': 0.7587780202340805, 'MRR': 0.8439716312056739}
Saving model
epoch 0 | batch 1 |train loss 0.7736948728561401
epoch 1 | batch 0 |train loss 0.7048650979995728
Valid: loss 0.7322213649749756, score:{'roc_auc': 0.748065859948423, 'MRR': 0.851063829787234}
Saving model
epoch 1 | batch 1 |train loss 0.6636857986450195
epoch 2 | batch 0 |train loss 0.5699211955070496
Valid: loss 0.5824849009513855, score:{'roc_auc': 0.7621503669906764, 'MRR': 0.8297872340425532}
Saving model
epoch 2 | batch 1 |train loss 0.5677942633628845
epoch 3 | batch 0 |train loss 0.5670590996742249
Valid: loss 0.5758696794509888, score:{'roc_auc': 0.7750446340011903, 'MRR': 0.8439716312056739}
Saving model
epoch 3 | batch 1 |train loss 0.5742722153663635
epoch 4 | batch 0 |train loss 0.5328679084777832
Valid: loss 0.6073805093765259, score:{'roc_auc': 0.766712953779012, 'MRR': 0.8297872340425532}
EarlyStopping counter: 1 out of 3
epoch 4 | batch 1 |train loss 0.5612154006958008
epoch 5 | batch 0 |train loss 0.5411683320999146
Valid: loss 0.6041125655174255, score:{'roc_auc': 0.7740527673080738, 'MRR': 0.8404255319148937}
EarlyStopping counter: 2 out of 3
epoch 5 | batch 1 |train loss 0.5470475554466248
epoch 6 | batch 0 |train loss 0.522333562374115
Valid: loss 0.5668006539344788, score:{'roc_auc': 0.7857567942868479, 'MRR': 0.875886524822695}
Saving model
epoch 6 | batch 1 |train loss 0.5501701235771179
epoch 7 | batch 0 |train loss 0.5160277485847473
Valid: loss 0.5647788047790527, score:{'roc_auc': 0.7732592739535806, 'MRR': 0.8652482269503545}
Saving model
epoch 7 | batch 1 |train loss 0.542811930179596
epoch 8 | batch 0 |train loss 0.5216361880302429
Valid: loss 0.5567461848258972, score:{'roc_auc': 0.7859551676254711, 'MRR': 0.9148936170212766}
Saving model
epoch 8 | batch 1 |train loss 0.5329582691192627
epoch 9 | batch 0 |train loss 0.5040695667266846
Valid: loss 0.558911144733429, score:{'roc_auc': 0.8014282880380876, 'MRR': 0.9078014184397163}
EarlyStopping counter: 1 out of 3
epoch 9 | batch 1 |train loss 0.5293731093406677
epoch 10 | batch 0 |train loss 0.5013178586959839
Valid: loss 0.5562518239021301, score:{'roc_auc': 0.8048006347946837, 'MRR': 0.9042553191489362}
Saving model
epoch 10 | batch 1 |train loss 0.5144904851913452
epoch 11 | batch 0 |train loss 0.4952819049358368
Valid: loss 0.529133677482605, score:{'roc_auc': 0.8198770085300535, 'MRR': 0.9184397163120568}
Saving model
epoch 11 | batch 1 |train loss 0.5064805150032043
epoch 12 | batch 0 |train loss 0.48937085270881653
Valid: loss 0.5145483016967773, score:{'roc_auc': 0.829795675461218, 'MRR': 0.9290780141843973}
Saving model
epoch 12 | batch 1 |train loss 0.504409909248352
epoch 13 | batch 0 |train loss 0.4788658320903778
Valid: loss 0.5291614532470703, score:{'roc_auc': 0.8319777821860742, 'MRR': 0.9184397163120568}
EarlyStopping counter: 1 out of 3
epoch 13 | batch 1 |train loss 0.4919843375682831
epoch 14 | batch 0 |train loss 0.47247469425201416
Valid: loss 0.5188726782798767, score:{'roc_auc': 0.831184288831581, 'MRR': 0.9113475177304964}
EarlyStopping counter: 2 out of 3
epoch 14 | batch 1 |train loss 0.48552724719047546
epoch 15 | batch 0 |train loss 0.4630125164985657
Valid: loss 0.5023003816604614, score:{'roc_auc': 0.8484427692918071, 'MRR': 0.9326241134751772}
Saving model
epoch 15 | batch 1 |train loss 0.4693332016468048
epoch 16 | batch 0 |train loss 0.4561658501625061
Valid: loss 0.4865494966506958, score:{'roc_auc': 0.8514183693711566, 'MRR': 0.9326241134751772}
Saving model
epoch 16 | batch 1 |train loss 0.45937055349349976
epoch 17 | batch 0 |train loss 0.43854647874832153
Valid: loss 0.4908522367477417, score:{'roc_auc': 0.8567744495139853, 'MRR': 0.9326241134751772}
EarlyStopping counter: 1 out of 3
epoch 17 | batch 1 |train loss 0.4533514082431793
epoch 18 | batch 0 |train loss 0.4327431917190552
Valid: loss 0.47420328855514526, score:{'roc_auc': 0.8655028764134101, 'MRR': 0.9219858156028368}
Saving model
epoch 18 | batch 1 |train loss 0.43039295077323914
epoch 19 | batch 0 |train loss 0.4184233844280243
Valid: loss 0.48668864369392395, score:{'roc_auc': 0.8666931164451498, 'MRR': 0.9113475177304964}
EarlyStopping counter: 1 out of 3
epoch 19 | batch 1 |train loss 0.4186479151248932
epoch 20 | batch 0 |train loss 0.4119642376899719
Valid: loss 0.49343013763427734, score:{'roc_auc': 0.8649077563975403, 'MRR': 0.9113475177304964}
EarlyStopping counter: 2 out of 3
epoch 20 | batch 1 |train loss 0.42209938168525696
epoch 21 | batch 0 |train loss 0.39796069264411926
Valid: loss 0.491028755903244, score:{'roc_auc': 0.8734378099583416, 'MRR': 0.9184397163120567}
Meta keys: dict_keys([5])
Data keys: dict_keys([5])
Edge type: 5, Meta: (1, 0)
Average links per head: 3.39
Median: 2.0, Min: 2, Max: 30
len test_list[0] 492
len test_list[1] 492
len test_label 492
2 hop test: loss 0.491028755903244, score:{'roc_auc': 0.5945432310946589, 'MRR': 0.7645977011494253}
(array([0, 1]), array([244, 248]))
[0.5345355  0.50977975 0.49164948 0.5297742  0.55525035 0.61475533
 0.54035306 0.16824827 0.40588278 0.6588485  0.64108294 0.8745869
 0.8762428  0.4290871  0.86818606 0.56333387 0.86948854 0.64228934
 0.60986537 0.9642691 ]
Average links per head full random test: 1.48
Medianfull random test: 1.0, Min: 1, Max: 15
len test_list[0]full random test 496
len test_list[1]full random test 496
len test_label full random test 496
2 hop test: loss 0.491028755903244, score:{'roc_auc': 0.5945432310946589, 'MRR': 0.7645977011494253}
edge type: 5, random_score: {'roc_auc': 0.7822092872008324, 'MRR': 0.981609195402299}, score: {'roc_auc': 0.5945432310946589, 'MRR': 0.7645977011494253}
ROC_AUC: 0.5945432310946589
Sec neigh test: score list: defaultdict(<class 'list'>, {'roc_auc': [0.5945432310946589], 'MRR': [0.7645977011494253]})
Random test: score list: defaultdict(<class 'list'>, {'roc_auc': [0.7822092872008324], 'MRR': [0.981609195402299]})
Sec neigh test:average score: defaultdict(<class 'list'>, {'roc_auc': 0.5945, 'MRR': 0.7646})
Random test: average score: defaultdict(<class 'list'>, {'roc_auc': 0.7822, 'MRR': 0.9816})
Completed: amazon_style_cc_features_fold_4 (rep 6)

--------------------------------------
Running model: GAT
Dataset: amazon_style_cc_features_fold_5
Repetition: 6
--------------------------------------
use device: cpu
Namespace(data='amazon_style_cc_features_fold_5', model_path='model.pt', train_iter_n=50, cuda=0, checkpoint='', epochs=100, patience=3, n_layers=2, n_heads=[4], dropout=0.5, model='GAT', lr=0.0001, weight_decay=0.0, batch_size=1024, edge_sample_ratio=1, test_with_CPU=False, decoder='dismult', feat_type=1)
args.feat_type 1
sys_path ['/home/simonettos/homhetgnn/HGB/LP/benchmark/methods/GNN', '/home/simonettos/homhetgnn/sbatches', '/home/simonettos/homhetgnn/HGB/LP/benchmark/methods/baseline', '/home/simonettos/homhetgnn/HGB/LP/benchmark', '/home/simonettos/homhetgnn/HGB/LP/benchmark/methods/GNN', '/home/simonettos/homhetgnn/HGB/LP/benchmark/methods/GNN/utils', '/home/simonettos/homhetgnn/HGB/LP/benchmark/methods/GNN/models', '/deepstore/software/anaconda3/2022.05/lib/python39.zip', '/deepstore/software/anaconda3/2022.05/lib/python3.9', '/deepstore/software/anaconda3/2022.05/lib/python3.9/lib-dynload', '/home/simonettos/homhetgnn/gpuvenv/lib/python3.9/site-packages', '../../', '../../']
Data path: /home/simonettos/homhetgnn/HGB/LP/benchmark/data/amazon_style_cc_features_fold_5
Loading nodes from /home/simonettos/homhetgnn/HGB/LP/benchmark/data/amazon_style_cc_features_fold_5/node.dat
edge types: dict_keys([0, 3, 6, 5, 4, 7, 2, 1, 8, 9])
Getting training negative samples for edge types: [5]
nodes.shift keys: [0, 1]
nodes.count keys: [0, 1]
links.meta: {0: (0, 0), 3: (0, 0), 6: (0, 0), 5: (1, 0), 4: (1, 1), 7: (1, 1), 2: (1, 1), 1: (1, 1), 8: (1, 1), 9: (1, 1)}
t_type about to use: 0
h_type: 1
shift dict: {0: 0, 1: 558}
count dict: Counter({1: 940, 0: 558})
Generated 935 negative samples for edge type 5
Info: load amazon_style_cc_features_fold_5 from original data and generate /home/simonettos/homhetgnn/HGB/LP/benchmark/data/amazon_style_cc_features_fold_5/dl_pickle 
edge types: [5]
dataset: amazon_style_cc_features_fold_5, eval_type: 5
epoch 0 | batch 0 |train loss 0.7032878398895264
Valid: loss 1.0167144536972046, score:{'roc_auc': 0.712189349112426, 'MRR': 0.8527131782945737}
Saving model
epoch 0 | batch 1 |train loss 0.8626541495323181
epoch 1 | batch 0 |train loss 0.6235671639442444
Valid: loss 0.6269581317901611, score:{'roc_auc': 0.7311242603550296, 'MRR': 0.8643410852713179}
Saving model
epoch 1 | batch 1 |train loss 0.6236150860786438
epoch 2 | batch 0 |train loss 0.5466344356536865
Valid: loss 0.6927914023399353, score:{'roc_auc': 0.717396449704142, 'MRR': 0.8527131782945737}
EarlyStopping counter: 1 out of 3
epoch 2 | batch 1 |train loss 0.6001734733581543
epoch 3 | batch 0 |train loss 0.5743260383605957
Valid: loss 0.6411291360855103, score:{'roc_auc': 0.7379881656804735, 'MRR': 0.8643410852713179}
EarlyStopping counter: 2 out of 3
epoch 3 | batch 1 |train loss 0.5731913447380066
epoch 4 | batch 0 |train loss 0.5205963850021362
Valid: loss 0.5983875393867493, score:{'roc_auc': 0.7583431952662723, 'MRR': 0.8643410852713179}
Saving model
epoch 4 | batch 1 |train loss 0.5911019444465637
epoch 5 | batch 0 |train loss 0.507904052734375
Valid: loss 0.6319319009780884, score:{'roc_auc': 0.7628402366863906, 'MRR': 0.8643410852713179}
EarlyStopping counter: 1 out of 3
epoch 5 | batch 1 |train loss 0.5565379858016968
epoch 6 | batch 0 |train loss 0.5029852390289307
Valid: loss 0.704323947429657, score:{'roc_auc': 0.7668639053254438, 'MRR': 0.8643410852713178}
EarlyStopping counter: 2 out of 3
epoch 6 | batch 1 |train loss 0.5600475668907166
epoch 7 | batch 0 |train loss 0.5065072774887085
Valid: loss 0.6363998055458069, score:{'roc_auc': 0.7815384615384616, 'MRR': 0.8759689922480619}
Meta keys: dict_keys([5])
Data keys: dict_keys([5])
Edge type: 5, Meta: (1, 0)
Average links per head: 3.55
Median: 2.0, Min: 1, Max: 22
len test_list[0] 423
len test_list[1] 423
len test_label 423
2 hop test: loss 0.6363998055458069, score:{'roc_auc': 0.5137932576231781, 'MRR': 0.7329931972789115}
(array([0, 1]), array([211, 212]))
[0.77811325 0.7264376  0.8163463  0.78790545 0.25623068 0.7746564
 0.725918   0.9088045  0.8310112  0.83745223 0.92011195 0.8021757
 0.75484604 0.8246196  0.9205201  0.8154735  0.7439752  0.78224367
 0.6822555  0.82476056]
Average links per head full random test: 1.49
Medianfull random test: 1.0, Min: 1, Max: 11
len test_list[0]full random test 424
len test_list[1]full random test 424
len test_label full random test 424
2 hop test: loss 0.6363998055458069, score:{'roc_auc': 0.5137932576231781, 'MRR': 0.7329931972789115}
edge type: 5, random_score: {'roc_auc': 0.7078586685653258, 'MRR': 0.9789915966386554}, score: {'roc_auc': 0.5137932576231781, 'MRR': 0.7329931972789115}
ROC_AUC: 0.5137932576231781
Sec neigh test: score list: defaultdict(<class 'list'>, {'roc_auc': [0.5137932576231781], 'MRR': [0.7329931972789115]})
Random test: score list: defaultdict(<class 'list'>, {'roc_auc': [0.7078586685653258], 'MRR': [0.9789915966386554]})
Sec neigh test:average score: defaultdict(<class 'list'>, {'roc_auc': 0.5138, 'MRR': 0.733})
Random test: average score: defaultdict(<class 'list'>, {'roc_auc': 0.7079, 'MRR': 0.979})
Completed: amazon_style_cc_features_fold_5 (rep 6)

All 30 jobs completed.
Setup complete
