Starting GAT batch job with 6 repetitions...
=== Repetition 1/6 ===
--------------------------------------
Running model: GAT
Dataset: amazon_style_cc_restricted_features_fold_1
Repetition: 1
--------------------------------------
use device: cpu
Namespace(data='amazon_style_cc_restricted_features_fold_1', model_path='model.pt', train_iter_n=50, cuda=0, checkpoint='', epochs=100, patience=3, n_layers=2, n_heads=[4], dropout=0.5, model='GAT', lr=0.0001, weight_decay=0.0, batch_size=1024, edge_sample_ratio=1, test_with_CPU=False, decoder='dismult', feat_type=1)
args.feat_type 1
sys_path ['/home/simonettos/homhetgnn/HGB/LP/benchmark/methods/GNN', '/home/simonettos/homhetgnn/sbatches', '/home/simonettos/homhetgnn/HGB/LP/benchmark/methods/baseline', '/home/simonettos/homhetgnn/HGB/LP/benchmark', '/home/simonettos/homhetgnn/HGB/LP/benchmark/methods/GNN', '/home/simonettos/homhetgnn/HGB/LP/benchmark/methods/GNN/utils', '/home/simonettos/homhetgnn/HGB/LP/benchmark/methods/GNN/models', '/deepstore/software/anaconda3/2022.05/lib/python39.zip', '/deepstore/software/anaconda3/2022.05/lib/python3.9', '/deepstore/software/anaconda3/2022.05/lib/python3.9/lib-dynload', '/home/simonettos/homhetgnn/gpuvenv/lib/python3.9/site-packages', '../../', '../../']
Data path: /home/simonettos/homhetgnn/HGB/LP/benchmark/data/amazon_style_cc_restricted_features_fold_1
Loading nodes from /home/simonettos/homhetgnn/HGB/LP/benchmark/data/amazon_style_cc_restricted_features_fold_1/node.dat
edge types: dict_keys([0])
Getting training negative samples for edge types: [0]
nodes.shift keys: [0, 1]
nodes.count keys: [0, 1]
links.meta: {0: (1, 0)}
t_type about to use: 0
h_type: 1
shift dict: {0: 0, 1: 450}
count dict: Counter({0: 450, 1: 336})
Generated 909 negative samples for edge type 0
Info: load amazon_style_cc_restricted_features_fold_1 from original data and generate /home/simonettos/homhetgnn/HGB/LP/benchmark/data/amazon_style_cc_restricted_features_fold_1/dl_pickle 
edge types: [0]
dataset: amazon_style_cc_restricted_features_fold_1, eval_type: 0
epoch 0 | batch 0 |train loss 0.700831949710846
Valid: loss 1.2085881233215332, score:{'roc_auc': 0.5045686643375435, 'MRR': 0.7028985507246376}
Saving model
epoch 0 | batch 1 |train loss 1.199800968170166
epoch 1 | batch 0 |train loss 0.6718662977218628
Valid: loss 0.895841121673584, score:{'roc_auc': 0.32128460091373284, 'MRR': 0.6431159420289855}
Saving model
epoch 1 | batch 1 |train loss 0.7914651036262512
epoch 2 | batch 0 |train loss 0.7079402804374695
Valid: loss 0.6916313767433167, score:{'roc_auc': 0.5338618650900295, 'MRR': 0.7789855072463768}
Saving model
epoch 2 | batch 1 |train loss 0.6707786917686462
epoch 3 | batch 0 |train loss 0.6923548579216003
Valid: loss 0.6902284622192383, score:{'roc_auc': 0.737301800591239, 'MRR': 0.8043478260869565}
Saving model
epoch 3 | batch 1 |train loss 0.7072861790657043
epoch 4 | batch 0 |train loss 0.6813176274299622
Valid: loss 0.6708288788795471, score:{'roc_auc': 0.7386455253963987, 'MRR': 0.855072463768116}
Saving model
epoch 4 | batch 1 |train loss 0.669198215007782
epoch 5 | batch 0 |train loss 0.6764021515846252
Valid: loss 0.7160972356796265, score:{'roc_auc': 0.5892233270626175, 'MRR': 0.7862318840579711}
EarlyStopping counter: 1 out of 3
epoch 5 | batch 1 |train loss 0.6793681979179382
epoch 6 | batch 0 |train loss 0.6562605500221252
Valid: loss 0.6906948685646057, score:{'roc_auc': 0.5620800859983875, 'MRR': 0.7971014492753624}
EarlyStopping counter: 2 out of 3
epoch 6 | batch 1 |train loss 0.6342077851295471
epoch 7 | batch 0 |train loss 0.6324432492256165
Valid: loss 0.7157297730445862, score:{'roc_auc': 0.5502553077129804, 'MRR': 0.7681159420289856}
Meta keys: dict_keys([0])
Data keys: dict_keys([0])
Edge type: 0, Meta: (1, 0)
Average links per head: 1.71
Median: 1.0, Min: 1, Max: 17
len test_list[0] 243
len test_list[1] 243
len test_label 243
2 hop test: loss 0.7157297730445862, score:{'roc_auc': nan, 'MRR': 1.0}
(array([1]), array([243]))
[0.43234017 0.43476757 0.43450853 0.4707193  0.49640787 0.45655957
 0.46077734 0.525438   0.52279574 0.51987386 0.46513358 0.46838182
 0.5234097  0.51575303 0.5219884  0.5196047  0.52630305 0.49004787
 0.57863474 0.4585573 ]
Average links per head full random test: 2.09
Medianfull random test: 2.0, Min: 1, Max: 18
len test_list[0]full random test 486
len test_list[1]full random test 486
len test_label full random test 486
2 hop test: loss 0.7157297730445862, score:{'roc_auc': nan, 'MRR': 1.0}
edge type: 0, random_score: {'roc_auc': 0.7731375637182679, 'MRR': 0.9090375586854459}, score: {'roc_auc': nan, 'MRR': 1.0}
ROC_AUC: nan
Sec neigh test: score list: defaultdict(<class 'list'>, {'roc_auc': [nan], 'MRR': [1.0]})
Random test: score list: defaultdict(<class 'list'>, {'roc_auc': [0.7731375637182679], 'MRR': [0.9090375586854459]})
Sec neigh test:average score: defaultdict(<class 'list'>, {'roc_auc': nan, 'MRR': 1.0})
Random test: average score: defaultdict(<class 'list'>, {'roc_auc': 0.7731, 'MRR': 0.909})
Completed: amazon_style_cc_restricted_features_fold_1 (rep 1)

--------------------------------------
Running model: GAT
Dataset: amazon_style_cc_restricted_features_fold_2
Repetition: 1
--------------------------------------
use device: cpu
Namespace(data='amazon_style_cc_restricted_features_fold_2', model_path='model.pt', train_iter_n=50, cuda=0, checkpoint='', epochs=100, patience=3, n_layers=2, n_heads=[4], dropout=0.5, model='GAT', lr=0.0001, weight_decay=0.0, batch_size=1024, edge_sample_ratio=1, test_with_CPU=False, decoder='dismult', feat_type=1)
args.feat_type 1
sys_path ['/home/simonettos/homhetgnn/HGB/LP/benchmark/methods/GNN', '/home/simonettos/homhetgnn/sbatches', '/home/simonettos/homhetgnn/HGB/LP/benchmark/methods/baseline', '/home/simonettos/homhetgnn/HGB/LP/benchmark', '/home/simonettos/homhetgnn/HGB/LP/benchmark/methods/GNN', '/home/simonettos/homhetgnn/HGB/LP/benchmark/methods/GNN/utils', '/home/simonettos/homhetgnn/HGB/LP/benchmark/methods/GNN/models', '/deepstore/software/anaconda3/2022.05/lib/python39.zip', '/deepstore/software/anaconda3/2022.05/lib/python3.9', '/deepstore/software/anaconda3/2022.05/lib/python3.9/lib-dynload', '/home/simonettos/homhetgnn/gpuvenv/lib/python3.9/site-packages', '../../', '../../']
Data path: /home/simonettos/homhetgnn/HGB/LP/benchmark/data/amazon_style_cc_restricted_features_fold_2
Loading nodes from /home/simonettos/homhetgnn/HGB/LP/benchmark/data/amazon_style_cc_restricted_features_fold_2/node.dat
edge types: dict_keys([0])
Getting training negative samples for edge types: [0]
nodes.shift keys: [0, 1]
nodes.count keys: [0, 1]
links.meta: {0: (1, 0)}
t_type about to use: 0
h_type: 1
shift dict: {0: 0, 1: 450}
count dict: Counter({0: 450, 1: 336})
Generated 905 negative samples for edge type 0
Info: load amazon_style_cc_restricted_features_fold_2 from original data and generate /home/simonettos/homhetgnn/HGB/LP/benchmark/data/amazon_style_cc_restricted_features_fold_2/dl_pickle 
edge types: [0]
dataset: amazon_style_cc_restricted_features_fold_2, eval_type: 0
epoch 0 | batch 0 |train loss 0.7009025812149048
Valid: loss 1.3876116275787354, score:{'roc_auc': 0.5260560146923783, 'MRR': 0.7055555555555556}
Saving model
epoch 0 | batch 1 |train loss 1.384743571281433
epoch 1 | batch 0 |train loss 0.6699062585830688
Valid: loss 0.8343767523765564, score:{'roc_auc': 0.4397382920110192, 'MRR': 0.7298611111111111}
Saving model
epoch 1 | batch 1 |train loss 0.7676398754119873
epoch 2 | batch 0 |train loss 0.7229456901550293
Valid: loss 0.6855341792106628, score:{'roc_auc': 0.5538337924701561, 'MRR': 0.8027777777777777}
Saving model
epoch 2 | batch 1 |train loss 0.6674687266349792
epoch 3 | batch 0 |train loss 0.6849555373191833
Valid: loss 0.692881166934967, score:{'roc_auc': 0.7122359963269054, 'MRR': 0.8819444444444443}
EarlyStopping counter: 1 out of 3
epoch 3 | batch 1 |train loss 0.6960856318473816
epoch 4 | batch 0 |train loss 0.6642257571220398
Valid: loss 0.6510789394378662, score:{'roc_auc': 0.7074150596877871, 'MRR': 0.826388888888889}
Saving model
epoch 4 | batch 1 |train loss 0.6221817135810852
epoch 5 | batch 0 |train loss 0.5761610269546509
Valid: loss 0.7349836230278015, score:{'roc_auc': 0.6716023875114783, 'MRR': 0.8236111111111111}
EarlyStopping counter: 1 out of 3
epoch 5 | batch 1 |train loss 0.5385405421257019
epoch 6 | batch 0 |train loss 0.5441721677780151
Valid: loss 0.882256031036377, score:{'roc_auc': 0.6713728191000918, 'MRR': 0.8340277777777777}
EarlyStopping counter: 2 out of 3
epoch 6 | batch 1 |train loss 0.5573654770851135
epoch 7 | batch 0 |train loss 0.5597788095474243
Valid: loss 0.9076616168022156, score:{'roc_auc': 0.6750459136822773, 'MRR': 0.8444444444444444}
Meta keys: dict_keys([0])
Data keys: dict_keys([0])
Edge type: 0, Meta: (1, 0)
Average links per head: 1.81
Median: 1.0, Min: 1, Max: 15
len test_list[0] 243
len test_list[1] 243
len test_label 243
2 hop test: loss 0.9076616168022156, score:{'roc_auc': nan, 'MRR': 1.0}
(array([1]), array([243]))
[0.46742138 0.4544859  0.4566869  0.5650026  0.5125181  0.6203647
 0.594231   0.34927616 0.5874843  0.60714597 0.5602951  0.60101515
 0.58431804 0.59752697 0.5966467  0.57919663 0.40955362 0.4455015
 0.5975075  0.57628095]
Average links per head full random test: 2.09
Medianfull random test: 2.0, Min: 1, Max: 16
len test_list[0]full random test 486
len test_list[1]full random test 486
len test_label full random test 486
2 hop test: loss 0.9076616168022156, score:{'roc_auc': nan, 'MRR': 1.0}
edge type: 0, random_score: {'roc_auc': 0.6930684685600095, 'MRR': 0.8998756218905473}, score: {'roc_auc': nan, 'MRR': 1.0}
ROC_AUC: nan
Sec neigh test: score list: defaultdict(<class 'list'>, {'roc_auc': [nan], 'MRR': [1.0]})
Random test: score list: defaultdict(<class 'list'>, {'roc_auc': [0.6930684685600095], 'MRR': [0.8998756218905473]})
Sec neigh test:average score: defaultdict(<class 'list'>, {'roc_auc': nan, 'MRR': 1.0})
Random test: average score: defaultdict(<class 'list'>, {'roc_auc': 0.6931, 'MRR': 0.8999})
Completed: amazon_style_cc_restricted_features_fold_2 (rep 1)

--------------------------------------
Running model: GAT
Dataset: amazon_style_cc_restricted_features_fold_3
Repetition: 1
--------------------------------------
use device: cpu
Namespace(data='amazon_style_cc_restricted_features_fold_3', model_path='model.pt', train_iter_n=50, cuda=0, checkpoint='', epochs=100, patience=3, n_layers=2, n_heads=[4], dropout=0.5, model='GAT', lr=0.0001, weight_decay=0.0, batch_size=1024, edge_sample_ratio=1, test_with_CPU=False, decoder='dismult', feat_type=1)
args.feat_type 1
sys_path ['/home/simonettos/homhetgnn/HGB/LP/benchmark/methods/GNN', '/home/simonettos/homhetgnn/sbatches', '/home/simonettos/homhetgnn/HGB/LP/benchmark/methods/baseline', '/home/simonettos/homhetgnn/HGB/LP/benchmark', '/home/simonettos/homhetgnn/HGB/LP/benchmark/methods/GNN', '/home/simonettos/homhetgnn/HGB/LP/benchmark/methods/GNN/utils', '/home/simonettos/homhetgnn/HGB/LP/benchmark/methods/GNN/models', '/deepstore/software/anaconda3/2022.05/lib/python39.zip', '/deepstore/software/anaconda3/2022.05/lib/python3.9', '/deepstore/software/anaconda3/2022.05/lib/python3.9/lib-dynload', '/home/simonettos/homhetgnn/gpuvenv/lib/python3.9/site-packages', '../../', '../../']
Data path: /home/simonettos/homhetgnn/HGB/LP/benchmark/data/amazon_style_cc_restricted_features_fold_3
Loading nodes from /home/simonettos/homhetgnn/HGB/LP/benchmark/data/amazon_style_cc_restricted_features_fold_3/node.dat
edge types: dict_keys([0])
Getting training negative samples for edge types: [0]
nodes.shift keys: [0, 1]
nodes.count keys: [0, 1]
links.meta: {0: (1, 0)}
t_type about to use: 0
h_type: 1
shift dict: {0: 0, 1: 450}
count dict: Counter({0: 450, 1: 336})
Generated 908 negative samples for edge type 0
Info: load amazon_style_cc_restricted_features_fold_3 from original data and generate /home/simonettos/homhetgnn/HGB/LP/benchmark/data/amazon_style_cc_restricted_features_fold_3/dl_pickle 
edge types: [0]
dataset: amazon_style_cc_restricted_features_fold_3, eval_type: 0
epoch 0 | batch 0 |train loss 0.6955183148384094
Valid: loss 1.482757806777954, score:{'roc_auc': 0.598763773179253, 'MRR': 0.8100775193798448}
Saving model
epoch 0 | batch 1 |train loss 1.482528805732727
epoch 1 | batch 0 |train loss 0.6900758743286133
Valid: loss 0.8266529440879822, score:{'roc_auc': 0.4375167965600645, 'MRR': 0.6937984496124031}
Saving model
epoch 1 | batch 1 |train loss 0.7544111013412476
epoch 2 | batch 0 |train loss 0.7388332486152649
Valid: loss 0.6907290816307068, score:{'roc_auc': 0.5573770491803278, 'MRR': 0.8023255813953488}
Saving model
epoch 2 | batch 1 |train loss 0.6782928705215454
epoch 3 | batch 0 |train loss 0.6901664137840271
Valid: loss 0.7044081687927246, score:{'roc_auc': 0.7205052405267401, 'MRR': 0.7868217054263567}
EarlyStopping counter: 1 out of 3
epoch 3 | batch 1 |train loss 0.7175295948982239
epoch 4 | batch 0 |train loss 0.6888609528541565
Valid: loss 0.668959379196167, score:{'roc_auc': 0.735286213383499, 'MRR': 0.8372093023255814}
Saving model
epoch 4 | batch 1 |train loss 0.6692507863044739
epoch 5 | batch 0 |train loss 0.6807159781455994
Valid: loss 0.6968902349472046, score:{'roc_auc': 0.6866433754367105, 'MRR': 0.7829457364341085}
EarlyStopping counter: 1 out of 3
epoch 5 | batch 1 |train loss 0.6776670813560486
epoch 6 | batch 0 |train loss 0.6531282663345337
Valid: loss 0.6556978821754456, score:{'roc_auc': 0.667293738242408, 'MRR': 0.7519379844961239}
Saving model
epoch 6 | batch 1 |train loss 0.6348521113395691
epoch 7 | batch 0 |train loss 0.6378280520439148
Valid: loss 0.6608189940452576, score:{'roc_auc': 0.6699811878527278, 'MRR': 0.7596899224806201}
EarlyStopping counter: 1 out of 3
epoch 7 | batch 1 |train loss 0.630636990070343
epoch 8 | batch 0 |train loss 0.6049543619155884
Valid: loss 0.6609674692153931, score:{'roc_auc': 0.6616500940607364, 'MRR': 0.7248062015503876}
EarlyStopping counter: 2 out of 3
epoch 8 | batch 1 |train loss 0.5985292196273804
epoch 9 | batch 0 |train loss 0.6003684997558594
Valid: loss 0.660889744758606, score:{'roc_auc': 0.6578876646062886, 'MRR': 0.748062015503876}
Meta keys: dict_keys([0])
Data keys: dict_keys([0])
Edge type: 0, Meta: (1, 0)
Average links per head: 1.79
Median: 1.0, Min: 1, Max: 11
len test_list[0] 243
len test_list[1] 243
len test_label 243
2 hop test: loss 0.660889744758606, score:{'roc_auc': nan, 'MRR': 1.0}
(array([1]), array([243]))
[0.5028064  0.6345413  0.6735311  0.74566954 0.59663284 0.6435765
 0.6859174  0.41376308 0.600983   0.6737657  0.6861123  0.63563216
 0.9121186  0.62806916 0.8688579  0.7253725  0.69603866 0.44613126
 0.6326895  0.67233545]
Average links per head full random test: 2.05
Medianfull random test: 2.0, Min: 1, Max: 12
len test_list[0]full random test 486
len test_list[1]full random test 486
len test_label full random test 486
2 hop test: loss 0.660889744758606, score:{'roc_auc': nan, 'MRR': 1.0}
edge type: 0, random_score: {'roc_auc': 0.6284103033074226, 'MRR': 0.8911764705882352}, score: {'roc_auc': nan, 'MRR': 1.0}
ROC_AUC: nan
Sec neigh test: score list: defaultdict(<class 'list'>, {'roc_auc': [nan], 'MRR': [1.0]})
Random test: score list: defaultdict(<class 'list'>, {'roc_auc': [0.6284103033074226], 'MRR': [0.8911764705882352]})
Sec neigh test:average score: defaultdict(<class 'list'>, {'roc_auc': nan, 'MRR': 1.0})
Random test: average score: defaultdict(<class 'list'>, {'roc_auc': 0.6284, 'MRR': 0.8912})
Completed: amazon_style_cc_restricted_features_fold_3 (rep 1)

--------------------------------------
Running model: GAT
Dataset: amazon_style_cc_restricted_features_fold_4
Repetition: 1
--------------------------------------
use device: cpu
Namespace(data='amazon_style_cc_restricted_features_fold_4', model_path='model.pt', train_iter_n=50, cuda=0, checkpoint='', epochs=100, patience=3, n_layers=2, n_heads=[4], dropout=0.5, model='GAT', lr=0.0001, weight_decay=0.0, batch_size=1024, edge_sample_ratio=1, test_with_CPU=False, decoder='dismult', feat_type=1)
args.feat_type 1
sys_path ['/home/simonettos/homhetgnn/HGB/LP/benchmark/methods/GNN', '/home/simonettos/homhetgnn/sbatches', '/home/simonettos/homhetgnn/HGB/LP/benchmark/methods/baseline', '/home/simonettos/homhetgnn/HGB/LP/benchmark', '/home/simonettos/homhetgnn/HGB/LP/benchmark/methods/GNN', '/home/simonettos/homhetgnn/HGB/LP/benchmark/methods/GNN/utils', '/home/simonettos/homhetgnn/HGB/LP/benchmark/methods/GNN/models', '/deepstore/software/anaconda3/2022.05/lib/python39.zip', '/deepstore/software/anaconda3/2022.05/lib/python3.9', '/deepstore/software/anaconda3/2022.05/lib/python3.9/lib-dynload', '/home/simonettos/homhetgnn/gpuvenv/lib/python3.9/site-packages', '../../', '../../']
Data path: /home/simonettos/homhetgnn/HGB/LP/benchmark/data/amazon_style_cc_restricted_features_fold_4
Loading nodes from /home/simonettos/homhetgnn/HGB/LP/benchmark/data/amazon_style_cc_restricted_features_fold_4/node.dat
edge types: dict_keys([0])
Getting training negative samples for edge types: [0]
nodes.shift keys: [0, 1]
nodes.count keys: [0, 1]
links.meta: {0: (1, 0)}
t_type about to use: 0
h_type: 1
shift dict: {0: 0, 1: 450}
count dict: Counter({0: 450, 1: 336})
Generated 899 negative samples for edge type 0
Info: load amazon_style_cc_restricted_features_fold_4 from original data and generate /home/simonettos/homhetgnn/HGB/LP/benchmark/data/amazon_style_cc_restricted_features_fold_4/dl_pickle 
edge types: [0]
dataset: amazon_style_cc_restricted_features_fold_4, eval_type: 0
epoch 0 | batch 0 |train loss 0.7081625461578369
Valid: loss 1.7327946424484253, score:{'roc_auc': 0.3626530612244898, 'MRR': 0.6737588652482269}
Saving model
epoch 0 | batch 1 |train loss 1.50595223903656
epoch 1 | batch 0 |train loss 0.6944727897644043
Valid: loss 0.8234179615974426, score:{'roc_auc': 0.5369387755102041, 'MRR': 0.8191489361702128}
Saving model
epoch 1 | batch 1 |train loss 0.7338771224021912
epoch 2 | batch 0 |train loss 0.6905422210693359
Valid: loss 0.6897721886634827, score:{'roc_auc': 0.5587755102040817, 'MRR': 0.776595744680851}
Saving model
epoch 2 | batch 1 |train loss 0.6434749960899353
epoch 3 | batch 0 |train loss 0.6318991184234619
Valid: loss 0.7074645161628723, score:{'roc_auc': 0.6114285714285714, 'MRR': 0.8191489361702128}
EarlyStopping counter: 1 out of 3
epoch 3 | batch 1 |train loss 0.5916202664375305
epoch 4 | batch 0 |train loss 0.5494553446769714
Valid: loss 0.8854326009750366, score:{'roc_auc': 0.6100000000000001, 'MRR': 0.8404255319148937}
EarlyStopping counter: 2 out of 3
epoch 4 | batch 1 |train loss 0.5703032612800598
epoch 5 | batch 0 |train loss 0.5671769380569458
Valid: loss 0.8253602385520935, score:{'roc_auc': 0.646530612244898, 'MRR': 0.8333333333333335}
Meta keys: dict_keys([0])
Data keys: dict_keys([0])
Edge type: 0, Meta: (1, 0)
Average links per head: 1.76
Median: 1.0, Min: 1, Max: 14
len test_list[0] 243
len test_list[1] 243
len test_label 243
2 hop test: loss 0.8253602385520935, score:{'roc_auc': nan, 'MRR': 1.0}
(array([1]), array([243]))
[0.43497673 0.5831787  0.5689117  0.49080244 0.56765    0.40898302
 0.58083445 0.49701223 0.58342844 0.5872423  0.5819915  0.6071118
 0.5601358  0.6209825  0.6113193  0.53751534 0.554043   0.5871536
 0.5686557  0.41169918]
Average links per head full random test: 2.03
Medianfull random test: 2.0, Min: 1, Max: 15
len test_list[0]full random test 486
len test_list[1]full random test 486
len test_label full random test 486
2 hop test: loss 0.8253602385520935, score:{'roc_auc': nan, 'MRR': 1.0}
edge type: 0, random_score: {'roc_auc': 0.6719165438872801, 'MRR': 0.9196859903381642}, score: {'roc_auc': nan, 'MRR': 1.0}
ROC_AUC: nan
Sec neigh test: score list: defaultdict(<class 'list'>, {'roc_auc': [nan], 'MRR': [1.0]})
Random test: score list: defaultdict(<class 'list'>, {'roc_auc': [0.6719165438872801], 'MRR': [0.9196859903381642]})
Sec neigh test:average score: defaultdict(<class 'list'>, {'roc_auc': nan, 'MRR': 1.0})
Random test: average score: defaultdict(<class 'list'>, {'roc_auc': 0.6719, 'MRR': 0.9197})
Completed: amazon_style_cc_restricted_features_fold_4 (rep 1)

--------------------------------------
Running model: GAT
Dataset: amazon_style_cc_restricted_features_fold_5
Repetition: 1
--------------------------------------
use device: cpu
Namespace(data='amazon_style_cc_restricted_features_fold_5', model_path='model.pt', train_iter_n=50, cuda=0, checkpoint='', epochs=100, patience=3, n_layers=2, n_heads=[4], dropout=0.5, model='GAT', lr=0.0001, weight_decay=0.0, batch_size=1024, edge_sample_ratio=1, test_with_CPU=False, decoder='dismult', feat_type=1)
args.feat_type 1
sys_path ['/home/simonettos/homhetgnn/HGB/LP/benchmark/methods/GNN', '/home/simonettos/homhetgnn/sbatches', '/home/simonettos/homhetgnn/HGB/LP/benchmark/methods/baseline', '/home/simonettos/homhetgnn/HGB/LP/benchmark', '/home/simonettos/homhetgnn/HGB/LP/benchmark/methods/GNN', '/home/simonettos/homhetgnn/HGB/LP/benchmark/methods/GNN/utils', '/home/simonettos/homhetgnn/HGB/LP/benchmark/methods/GNN/models', '/deepstore/software/anaconda3/2022.05/lib/python39.zip', '/deepstore/software/anaconda3/2022.05/lib/python3.9', '/deepstore/software/anaconda3/2022.05/lib/python3.9/lib-dynload', '/home/simonettos/homhetgnn/gpuvenv/lib/python3.9/site-packages', '../../', '../../']
Data path: /home/simonettos/homhetgnn/HGB/LP/benchmark/data/amazon_style_cc_restricted_features_fold_5
Loading nodes from /home/simonettos/homhetgnn/HGB/LP/benchmark/data/amazon_style_cc_restricted_features_fold_5/node.dat
edge types: dict_keys([0])
Getting training negative samples for edge types: [0]
nodes.shift keys: [0, 1]
nodes.count keys: [0, 1]
links.meta: {0: (1, 0)}
t_type about to use: 0
h_type: 1
shift dict: {0: 0, 1: 450}
count dict: Counter({0: 450, 1: 336})
Generated 912 negative samples for edge type 0
Info: load amazon_style_cc_restricted_features_fold_5 from original data and generate /home/simonettos/homhetgnn/HGB/LP/benchmark/data/amazon_style_cc_restricted_features_fold_5/dl_pickle 
edge types: [0]
dataset: amazon_style_cc_restricted_features_fold_5, eval_type: 0
epoch 0 | batch 0 |train loss 0.7003111839294434
Valid: loss 1.5872575044631958, score:{'roc_auc': 0.41051422005170923, 'MRR': 0.7286821705426356}
Saving model
epoch 0 | batch 1 |train loss 1.4183452129364014
epoch 1 | batch 0 |train loss 0.7007412910461426
Valid: loss 0.7417694926261902, score:{'roc_auc': 0.529445561620224, 'MRR': 0.7713178294573645}
Saving model
epoch 1 | batch 1 |train loss 0.7222761511802673
epoch 2 | batch 0 |train loss 0.7177851796150208
Valid: loss 0.6763589978218079, score:{'roc_auc': 0.6546969261706406, 'MRR': 0.813953488372093}
Saving model
epoch 2 | batch 1 |train loss 0.6648380160331726
epoch 3 | batch 0 |train loss 0.6620779633522034
Valid: loss 0.7086870074272156, score:{'roc_auc': 0.5863257684573397, 'MRR': 0.806201550387597}
EarlyStopping counter: 1 out of 3
epoch 3 | batch 1 |train loss 0.6330114006996155
epoch 4 | batch 0 |train loss 0.5878540277481079
Valid: loss 0.8781397342681885, score:{'roc_auc': 0.5992530881930481, 'MRR': 0.7945736434108528}
EarlyStopping counter: 2 out of 3
epoch 4 | batch 1 |train loss 0.5931754112243652
epoch 5 | batch 0 |train loss 0.5450102090835571
Valid: loss 0.83623868227005, score:{'roc_auc': 0.6064349324906636, 'MRR': 0.7635658914728681}
Meta keys: dict_keys([0])
Data keys: dict_keys([0])
Edge type: 0, Meta: (1, 0)
Average links per head: 1.74
Median: 1.0, Min: 1, Max: 13
len test_list[0] 242
len test_list[1] 242
len test_label 242
2 hop test: loss 0.83623868227005, score:{'roc_auc': nan, 'MRR': 1.0}
(array([1]), array([242]))
[0.54593223 0.5620522  0.57631385 0.53475285 0.5434226  0.5664509
 0.57009524 0.57965815 0.55076444 0.5713241  0.57506216 0.57126313
 0.5804453  0.5824177  0.5963823  0.5493528  0.5424336  0.52047396
 0.54614395 0.5538166 ]
Average links per head full random test: 1.99
Medianfull random test: 2.0, Min: 1, Max: 14
len test_list[0]full random test 484
len test_list[1]full random test 484
len test_label full random test 484
2 hop test: loss 0.83623868227005, score:{'roc_auc': nan, 'MRR': 1.0}
edge type: 0, random_score: {'roc_auc': 0.6887507683901373, 'MRR': 0.9412470023980816}, score: {'roc_auc': nan, 'MRR': 1.0}
ROC_AUC: nan
Sec neigh test: score list: defaultdict(<class 'list'>, {'roc_auc': [nan], 'MRR': [1.0]})
Random test: score list: defaultdict(<class 'list'>, {'roc_auc': [0.6887507683901373], 'MRR': [0.9412470023980816]})
Sec neigh test:average score: defaultdict(<class 'list'>, {'roc_auc': nan, 'MRR': 1.0})
Random test: average score: defaultdict(<class 'list'>, {'roc_auc': 0.6888, 'MRR': 0.9412})
Completed: amazon_style_cc_restricted_features_fold_5 (rep 1)

=== Repetition 2/6 ===
--------------------------------------
Running model: GAT
Dataset: amazon_style_cc_restricted_features_fold_1
Repetition: 2
--------------------------------------
use device: cpu
Namespace(data='amazon_style_cc_restricted_features_fold_1', model_path='model.pt', train_iter_n=50, cuda=0, checkpoint='', epochs=100, patience=3, n_layers=2, n_heads=[4], dropout=0.5, model='GAT', lr=0.0001, weight_decay=0.0, batch_size=1024, edge_sample_ratio=1, test_with_CPU=False, decoder='dismult', feat_type=1)
args.feat_type 1
sys_path ['/home/simonettos/homhetgnn/HGB/LP/benchmark/methods/GNN', '/home/simonettos/homhetgnn/sbatches', '/home/simonettos/homhetgnn/HGB/LP/benchmark/methods/baseline', '/home/simonettos/homhetgnn/HGB/LP/benchmark', '/home/simonettos/homhetgnn/HGB/LP/benchmark/methods/GNN', '/home/simonettos/homhetgnn/HGB/LP/benchmark/methods/GNN/utils', '/home/simonettos/homhetgnn/HGB/LP/benchmark/methods/GNN/models', '/deepstore/software/anaconda3/2022.05/lib/python39.zip', '/deepstore/software/anaconda3/2022.05/lib/python3.9', '/deepstore/software/anaconda3/2022.05/lib/python3.9/lib-dynload', '/home/simonettos/homhetgnn/gpuvenv/lib/python3.9/site-packages', '../../', '../../']
Data path: /home/simonettos/homhetgnn/HGB/LP/benchmark/data/amazon_style_cc_restricted_features_fold_1
Loading nodes from /home/simonettos/homhetgnn/HGB/LP/benchmark/data/amazon_style_cc_restricted_features_fold_1/node.dat
edge types: dict_keys([0])
Getting training negative samples for edge types: [0]
nodes.shift keys: [0, 1]
nodes.count keys: [0, 1]
links.meta: {0: (1, 0)}
t_type about to use: 0
h_type: 1
shift dict: {0: 0, 1: 450}
count dict: Counter({0: 450, 1: 336})
Generated 906 negative samples for edge type 0
Info: load amazon_style_cc_restricted_features_fold_1 from original data and generate /home/simonettos/homhetgnn/HGB/LP/benchmark/data/amazon_style_cc_restricted_features_fold_1/dl_pickle 
edge types: [0]
dataset: amazon_style_cc_restricted_features_fold_1, eval_type: 0
epoch 0 | batch 0 |train loss 0.6986039280891418
Valid: loss 0.8976570963859558, score:{'roc_auc': 0.45361328125, 'MRR': 0.7302721088435374}
Saving model
epoch 0 | batch 1 |train loss 0.7417111396789551
epoch 1 | batch 0 |train loss 1.197580337524414
Valid: loss 0.6638131737709045, score:{'roc_auc': 0.75732421875, 'MRR': 0.8374149659863945}
Saving model
epoch 1 | batch 1 |train loss 0.6702094674110413
epoch 2 | batch 0 |train loss 0.650354266166687
Valid: loss 0.7090158462524414, score:{'roc_auc': 0.736328125, 'MRR': 0.8707482993197279}
EarlyStopping counter: 1 out of 3
epoch 2 | batch 1 |train loss 0.6826422810554504
epoch 3 | batch 0 |train loss 0.6549370288848877
Valid: loss 0.585976779460907, score:{'roc_auc': 0.823974609375, 'MRR': 0.8850340136054421}
Saving model
epoch 3 | batch 1 |train loss 0.602102518081665
epoch 4 | batch 0 |train loss 0.5700987577438354
Valid: loss 0.5069236755371094, score:{'roc_auc': 0.85546875, 'MRR': 0.8707482993197279}
Saving model
epoch 4 | batch 1 |train loss 0.5441555380821228
epoch 5 | batch 0 |train loss 0.5748818516731262
Valid: loss 0.4890252947807312, score:{'roc_auc': 0.8564453125, 'MRR': 0.8612244897959184}
Saving model
epoch 5 | batch 1 |train loss 0.5274152755737305
epoch 6 | batch 0 |train loss 0.5358993411064148
Valid: loss 0.4775317311286926, score:{'roc_auc': 0.85693359375, 'MRR': 0.8857142857142857}
Saving model
epoch 6 | batch 1 |train loss 0.5078359246253967
epoch 7 | batch 0 |train loss 0.5471469163894653
Valid: loss 0.4965932369232178, score:{'roc_auc': 0.85205078125, 'MRR': 0.8857142857142857}
EarlyStopping counter: 1 out of 3
epoch 7 | batch 1 |train loss 0.5134897828102112
epoch 8 | batch 0 |train loss 0.5323590040206909
Valid: loss 0.46081405878067017, score:{'roc_auc': 0.873291015625, 'MRR': 0.8612244897959184}
Saving model
epoch 8 | batch 1 |train loss 0.48620304465293884
epoch 9 | batch 0 |train loss 0.5511952638626099
Valid: loss 0.44817668199539185, score:{'roc_auc': 0.8759765625, 'MRR': 0.861904761904762}
Saving model
epoch 9 | batch 1 |train loss 0.4801507294178009
epoch 10 | batch 0 |train loss 0.5083793997764587
Valid: loss 0.4530978798866272, score:{'roc_auc': 0.886962890625, 'MRR': 0.8857142857142857}
EarlyStopping counter: 1 out of 3
epoch 10 | batch 1 |train loss 0.4788297414779663
epoch 11 | batch 0 |train loss 0.5110076069831848
Valid: loss 0.4620984196662903, score:{'roc_auc': 0.885986328125, 'MRR': 0.8714285714285714}
EarlyStopping counter: 2 out of 3
epoch 11 | batch 1 |train loss 0.4902835190296173
epoch 12 | batch 0 |train loss 0.499286949634552
Valid: loss 0.4506530165672302, score:{'roc_auc': 0.8779296875, 'MRR': 0.8755102040816326}
Meta keys: dict_keys([0])
Data keys: dict_keys([0])
Edge type: 0, Meta: (1, 0)
Average links per head: 1.71
Median: 1.0, Min: 1, Max: 17
len test_list[0] 243
len test_list[1] 243
len test_label 243
2 hop test: loss 0.4506530165672302, score:{'roc_auc': nan, 'MRR': 1.0}
(array([1]), array([243]))
[0.8030218  0.8249053  0.82250106 0.85334253 0.47336206 0.11631345
 0.58376324 0.879561   0.8194549  0.85924834 0.9700201  0.9698508
 0.92137563 0.5071745  0.9204368  0.8708519  0.8729623  0.11709496
 0.97803324 0.47180822]
Average links per head full random test: 2.09
Medianfull random test: 2.0, Min: 1, Max: 18
len test_list[0]full random test 486
len test_list[1]full random test 486
len test_label full random test 486
2 hop test: loss 0.4506530165672302, score:{'roc_auc': nan, 'MRR': 1.0}
edge type: 0, random_score: {'roc_auc': 0.7298853494555368, 'MRR': 0.9325117370892018}, score: {'roc_auc': nan, 'MRR': 1.0}
ROC_AUC: nan
Sec neigh test: score list: defaultdict(<class 'list'>, {'roc_auc': [nan], 'MRR': [1.0]})
Random test: score list: defaultdict(<class 'list'>, {'roc_auc': [0.7298853494555368], 'MRR': [0.9325117370892018]})
Sec neigh test:average score: defaultdict(<class 'list'>, {'roc_auc': nan, 'MRR': 1.0})
Random test: average score: defaultdict(<class 'list'>, {'roc_auc': 0.7299, 'MRR': 0.9325})
Completed: amazon_style_cc_restricted_features_fold_1 (rep 2)

--------------------------------------
Running model: GAT
Dataset: amazon_style_cc_restricted_features_fold_2
Repetition: 2
--------------------------------------
use device: cpu
Namespace(data='amazon_style_cc_restricted_features_fold_2', model_path='model.pt', train_iter_n=50, cuda=0, checkpoint='', epochs=100, patience=3, n_layers=2, n_heads=[4], dropout=0.5, model='GAT', lr=0.0001, weight_decay=0.0, batch_size=1024, edge_sample_ratio=1, test_with_CPU=False, decoder='dismult', feat_type=1)
args.feat_type 1
sys_path ['/home/simonettos/homhetgnn/HGB/LP/benchmark/methods/GNN', '/home/simonettos/homhetgnn/sbatches', '/home/simonettos/homhetgnn/HGB/LP/benchmark/methods/baseline', '/home/simonettos/homhetgnn/HGB/LP/benchmark', '/home/simonettos/homhetgnn/HGB/LP/benchmark/methods/GNN', '/home/simonettos/homhetgnn/HGB/LP/benchmark/methods/GNN/utils', '/home/simonettos/homhetgnn/HGB/LP/benchmark/methods/GNN/models', '/deepstore/software/anaconda3/2022.05/lib/python39.zip', '/deepstore/software/anaconda3/2022.05/lib/python3.9', '/deepstore/software/anaconda3/2022.05/lib/python3.9/lib-dynload', '/home/simonettos/homhetgnn/gpuvenv/lib/python3.9/site-packages', '../../', '../../']
Data path: /home/simonettos/homhetgnn/HGB/LP/benchmark/data/amazon_style_cc_restricted_features_fold_2
Loading nodes from /home/simonettos/homhetgnn/HGB/LP/benchmark/data/amazon_style_cc_restricted_features_fold_2/node.dat
edge types: dict_keys([0])
Getting training negative samples for edge types: [0]
nodes.shift keys: [0, 1]
nodes.count keys: [0, 1]
links.meta: {0: (1, 0)}
t_type about to use: 0
h_type: 1
shift dict: {0: 0, 1: 450}
count dict: Counter({0: 450, 1: 336})
Generated 909 negative samples for edge type 0
Info: load amazon_style_cc_restricted_features_fold_2 from original data and generate /home/simonettos/homhetgnn/HGB/LP/benchmark/data/amazon_style_cc_restricted_features_fold_2/dl_pickle 
edge types: [0]
dataset: amazon_style_cc_restricted_features_fold_2, eval_type: 0
epoch 0 | batch 0 |train loss 0.6975517868995667
Valid: loss 0.7166264057159424, score:{'roc_auc': 0.5515088449531738, 'MRR': 0.7663043478260871}
Saving model
epoch 0 | batch 1 |train loss 0.6717667579650879
epoch 1 | batch 0 |train loss 1.0398954153060913
Valid: loss 0.7883351445198059, score:{'roc_auc': 0.5291363163371487, 'MRR': 0.7554347826086958}
EarlyStopping counter: 1 out of 3
epoch 1 | batch 1 |train loss 0.701296865940094
epoch 2 | batch 0 |train loss 0.7829276323318481
Valid: loss 0.6978548169136047, score:{'roc_auc': 0.5725806451612904, 'MRR': 0.7735507246376813}
Saving model
epoch 2 | batch 1 |train loss 0.6533980369567871
epoch 3 | batch 0 |train loss 0.6475598216056824
Valid: loss 0.7182804942131042, score:{'roc_auc': 0.6194068678459937, 'MRR': 0.7844202898550725}
EarlyStopping counter: 1 out of 3
epoch 3 | batch 1 |train loss 0.6590467095375061
epoch 4 | batch 0 |train loss 0.6340386271476746
Valid: loss 0.6558774709701538, score:{'roc_auc': 0.6685744016649324, 'MRR': 0.7735507246376813}
Saving model
epoch 4 | batch 1 |train loss 0.5853745937347412
epoch 5 | batch 0 |train loss 0.5755190849304199
Valid: loss 0.68729168176651, score:{'roc_auc': 0.6662330905306971, 'MRR': 0.7735507246376813}
EarlyStopping counter: 1 out of 3
epoch 5 | batch 1 |train loss 0.5898543000221252
epoch 6 | batch 0 |train loss 0.5587224960327148
Valid: loss 0.6313904523849487, score:{'roc_auc': 0.7232049947970863, 'MRR': 0.7735507246376813}
Saving model
epoch 6 | batch 1 |train loss 0.5207651853561401
epoch 7 | batch 0 |train loss 0.5112956762313843
Valid: loss 0.6244894862174988, score:{'roc_auc': 0.7559833506763788, 'MRR': 0.8115942028985508}
Saving model
epoch 7 | batch 1 |train loss 0.5257580280303955
epoch 8 | batch 0 |train loss 0.5082263946533203
Valid: loss 0.6359056830406189, score:{'roc_auc': 0.7684703433922998, 'MRR': 0.8224637681159421}
EarlyStopping counter: 1 out of 3
epoch 8 | batch 1 |train loss 0.4997680187225342
epoch 9 | batch 0 |train loss 0.48585641384124756
Valid: loss 0.6767724752426147, score:{'roc_auc': 0.7697710718002082, 'MRR': 0.8007246376811594}
EarlyStopping counter: 2 out of 3
epoch 9 | batch 1 |train loss 0.5038875937461853
epoch 10 | batch 0 |train loss 0.4902518391609192
Valid: loss 0.6104127764701843, score:{'roc_auc': 0.7830385015608741, 'MRR': 0.8224637681159421}
Saving model
epoch 10 | batch 1 |train loss 0.4674512445926666
epoch 11 | batch 0 |train loss 0.4650566279888153
Valid: loss 0.5777801275253296, score:{'roc_auc': 0.7918834547346513, 'MRR': 0.8224637681159421}
Saving model
epoch 11 | batch 1 |train loss 0.4657866060733795
epoch 12 | batch 0 |train loss 0.4566808044910431
Valid: loss 0.58470618724823, score:{'roc_auc': 0.7793964620187305, 'MRR': 0.8115942028985508}
EarlyStopping counter: 1 out of 3
epoch 12 | batch 1 |train loss 0.4495481252670288
epoch 13 | batch 0 |train loss 0.4368799328804016
Valid: loss 0.6152920722961426, score:{'roc_auc': 0.7570239334027055, 'MRR': 0.7971014492753623}
EarlyStopping counter: 2 out of 3
epoch 13 | batch 1 |train loss 0.4407520890235901
epoch 14 | batch 0 |train loss 0.43455469608306885
Valid: loss 0.6220864057540894, score:{'roc_auc': 0.766649323621228, 'MRR': 0.8061594202898551}
Meta keys: dict_keys([0])
Data keys: dict_keys([0])
Edge type: 0, Meta: (1, 0)
Average links per head: 1.81
Median: 1.0, Min: 1, Max: 15
len test_list[0] 243
len test_list[1] 243
len test_label 243
2 hop test: loss 0.6220864057540894, score:{'roc_auc': nan, 'MRR': 1.0}
(array([1]), array([243]))
[0.5391575  0.5701906  0.5361322  0.5093212  0.5497853  0.81540936
 0.52775145 0.00699247 0.76213    0.68438566 0.19790828 0.8797825
 0.75769186 0.80823547 0.86950666 0.6618285  0.01836121 0.01728958
 0.4412803  0.91293496]
Average links per head full random test: 2.09
Medianfull random test: 2.0, Min: 1, Max: 16
len test_list[0]full random test 486
len test_list[1]full random test 486
len test_label full random test 486
2 hop test: loss 0.6220864057540894, score:{'roc_auc': nan, 'MRR': 1.0}
edge type: 0, random_score: {'roc_auc': 0.7159985774526242, 'MRR': 0.9123134328358208}, score: {'roc_auc': nan, 'MRR': 1.0}
ROC_AUC: nan
Sec neigh test: score list: defaultdict(<class 'list'>, {'roc_auc': [nan], 'MRR': [1.0]})
Random test: score list: defaultdict(<class 'list'>, {'roc_auc': [0.7159985774526242], 'MRR': [0.9123134328358208]})
Sec neigh test:average score: defaultdict(<class 'list'>, {'roc_auc': nan, 'MRR': 1.0})
Random test: average score: defaultdict(<class 'list'>, {'roc_auc': 0.716, 'MRR': 0.9123})
Completed: amazon_style_cc_restricted_features_fold_2 (rep 2)

--------------------------------------
Running model: GAT
Dataset: amazon_style_cc_restricted_features_fold_3
Repetition: 2
--------------------------------------
use device: cpu
Namespace(data='amazon_style_cc_restricted_features_fold_3', model_path='model.pt', train_iter_n=50, cuda=0, checkpoint='', epochs=100, patience=3, n_layers=2, n_heads=[4], dropout=0.5, model='GAT', lr=0.0001, weight_decay=0.0, batch_size=1024, edge_sample_ratio=1, test_with_CPU=False, decoder='dismult', feat_type=1)
args.feat_type 1
sys_path ['/home/simonettos/homhetgnn/HGB/LP/benchmark/methods/GNN', '/home/simonettos/homhetgnn/sbatches', '/home/simonettos/homhetgnn/HGB/LP/benchmark/methods/baseline', '/home/simonettos/homhetgnn/HGB/LP/benchmark', '/home/simonettos/homhetgnn/HGB/LP/benchmark/methods/GNN', '/home/simonettos/homhetgnn/HGB/LP/benchmark/methods/GNN/utils', '/home/simonettos/homhetgnn/HGB/LP/benchmark/methods/GNN/models', '/deepstore/software/anaconda3/2022.05/lib/python39.zip', '/deepstore/software/anaconda3/2022.05/lib/python3.9', '/deepstore/software/anaconda3/2022.05/lib/python3.9/lib-dynload', '/home/simonettos/homhetgnn/gpuvenv/lib/python3.9/site-packages', '../../', '../../']
Data path: /home/simonettos/homhetgnn/HGB/LP/benchmark/data/amazon_style_cc_restricted_features_fold_3
Loading nodes from /home/simonettos/homhetgnn/HGB/LP/benchmark/data/amazon_style_cc_restricted_features_fold_3/node.dat
edge types: dict_keys([0])
Getting training negative samples for edge types: [0]
nodes.shift keys: [0, 1]
nodes.count keys: [0, 1]
links.meta: {0: (1, 0)}
t_type about to use: 0
h_type: 1
shift dict: {0: 0, 1: 450}
count dict: Counter({0: 450, 1: 336})
Generated 912 negative samples for edge type 0
Info: load amazon_style_cc_restricted_features_fold_3 from original data and generate /home/simonettos/homhetgnn/HGB/LP/benchmark/data/amazon_style_cc_restricted_features_fold_3/dl_pickle 
edge types: [0]
dataset: amazon_style_cc_restricted_features_fold_3, eval_type: 0
epoch 0 | batch 0 |train loss 0.6961196660995483
Valid: loss 1.005690097808838, score:{'roc_auc': 0.3727300707910126, 'MRR': 0.6299019607843137}
Saving model
epoch 0 | batch 1 |train loss 0.8034555912017822
epoch 1 | batch 0 |train loss 0.9794875383377075
Valid: loss 0.7502050995826721, score:{'roc_auc': 0.4518313327177593, 'MRR': 0.6764705882352942}
Saving model
epoch 1 | batch 1 |train loss 0.6975520253181458
epoch 2 | batch 0 |train loss 0.6660226583480835
Valid: loss 0.7566588521003723, score:{'roc_auc': 0.5096952908587258, 'MRR': 0.7156862745098039}
EarlyStopping counter: 1 out of 3
epoch 2 | batch 1 |train loss 0.6994531154632568
epoch 3 | batch 0 |train loss 0.6744476556777954
Valid: loss 0.6824429631233215, score:{'roc_auc': 0.6180363188673438, 'MRR': 0.75}
Saving model
epoch 3 | batch 1 |train loss 0.6560145020484924
epoch 4 | batch 0 |train loss 0.6568911075592041
Valid: loss 0.6780985593795776, score:{'roc_auc': 0.6992920898738074, 'MRR': 0.7745098039215685}
Saving model
epoch 4 | batch 1 |train loss 0.659321665763855
epoch 5 | batch 0 |train loss 0.6365591883659363
Valid: loss 0.6632664203643799, score:{'roc_auc': 0.6623576485072331, 'MRR': 0.7647058823529411}
Saving model
epoch 5 | batch 1 |train loss 0.6115028858184814
epoch 6 | batch 0 |train loss 0.5901178121566772
Valid: loss 0.7113760709762573, score:{'roc_auc': 0.6512773160972607, 'MRR': 0.7598039215686274}
EarlyStopping counter: 1 out of 3
epoch 6 | batch 1 |train loss 0.5693637728691101
epoch 7 | batch 0 |train loss 0.5488606691360474
Valid: loss 0.8073846101760864, score:{'roc_auc': 0.6894429055093875, 'MRR': 0.7941176470588235}
EarlyStopping counter: 2 out of 3
epoch 7 | batch 1 |train loss 0.5579120516777039
epoch 8 | batch 0 |train loss 0.5224233269691467
Valid: loss 0.7891207933425903, score:{'roc_auc': 0.7251461988304093, 'MRR': 0.8088235294117647}
Meta keys: dict_keys([0])
Data keys: dict_keys([0])
Edge type: 0, Meta: (1, 0)
Average links per head: 1.79
Median: 1.0, Min: 1, Max: 11
len test_list[0] 243
len test_list[1] 243
len test_label 243
2 hop test: loss 0.7891207933425903, score:{'roc_auc': nan, 'MRR': 1.0}
(array([1]), array([243]))
[0.53686756 0.5732702  0.621426   0.72214466 0.5470905  0.573659
 0.5909296  0.2316158  0.57736933 0.5602018  0.58403844 0.46975118
 0.7786221  0.46576875 0.7562332  0.63766444 0.6442992  0.51577646
 0.61079043 0.6321797 ]
Average links per head full random test: 2.05
Medianfull random test: 2.0, Min: 1, Max: 12
len test_list[0]full random test 486
len test_list[1]full random test 486
len test_label full random test 486
2 hop test: loss 0.7891207933425903, score:{'roc_auc': nan, 'MRR': 1.0}
edge type: 0, random_score: {'roc_auc': 0.6527968297515623, 'MRR': 0.903799019607843}, score: {'roc_auc': nan, 'MRR': 1.0}
ROC_AUC: nan
Sec neigh test: score list: defaultdict(<class 'list'>, {'roc_auc': [nan], 'MRR': [1.0]})
Random test: score list: defaultdict(<class 'list'>, {'roc_auc': [0.6527968297515623], 'MRR': [0.903799019607843]})
Sec neigh test:average score: defaultdict(<class 'list'>, {'roc_auc': nan, 'MRR': 1.0})
Random test: average score: defaultdict(<class 'list'>, {'roc_auc': 0.6528, 'MRR': 0.9038})
Completed: amazon_style_cc_restricted_features_fold_3 (rep 2)

--------------------------------------
Running model: GAT
Dataset: amazon_style_cc_restricted_features_fold_4
Repetition: 2
--------------------------------------
use device: cpu
Namespace(data='amazon_style_cc_restricted_features_fold_4', model_path='model.pt', train_iter_n=50, cuda=0, checkpoint='', epochs=100, patience=3, n_layers=2, n_heads=[4], dropout=0.5, model='GAT', lr=0.0001, weight_decay=0.0, batch_size=1024, edge_sample_ratio=1, test_with_CPU=False, decoder='dismult', feat_type=1)
args.feat_type 1
sys_path ['/home/simonettos/homhetgnn/HGB/LP/benchmark/methods/GNN', '/home/simonettos/homhetgnn/sbatches', '/home/simonettos/homhetgnn/HGB/LP/benchmark/methods/baseline', '/home/simonettos/homhetgnn/HGB/LP/benchmark', '/home/simonettos/homhetgnn/HGB/LP/benchmark/methods/GNN', '/home/simonettos/homhetgnn/HGB/LP/benchmark/methods/GNN/utils', '/home/simonettos/homhetgnn/HGB/LP/benchmark/methods/GNN/models', '/deepstore/software/anaconda3/2022.05/lib/python39.zip', '/deepstore/software/anaconda3/2022.05/lib/python3.9', '/deepstore/software/anaconda3/2022.05/lib/python3.9/lib-dynload', '/home/simonettos/homhetgnn/gpuvenv/lib/python3.9/site-packages', '../../', '../../']
Data path: /home/simonettos/homhetgnn/HGB/LP/benchmark/data/amazon_style_cc_restricted_features_fold_4
Loading nodes from /home/simonettos/homhetgnn/HGB/LP/benchmark/data/amazon_style_cc_restricted_features_fold_4/node.dat
edge types: dict_keys([0])
Getting training negative samples for edge types: [0]
nodes.shift keys: [0, 1]
nodes.count keys: [0, 1]
links.meta: {0: (1, 0)}
t_type about to use: 0
h_type: 1
shift dict: {0: 0, 1: 450}
count dict: Counter({0: 450, 1: 336})
Generated 894 negative samples for edge type 0
Info: load amazon_style_cc_restricted_features_fold_4 from original data and generate /home/simonettos/homhetgnn/HGB/LP/benchmark/data/amazon_style_cc_restricted_features_fold_4/dl_pickle 
edge types: [0]
dataset: amazon_style_cc_restricted_features_fold_4, eval_type: 0
epoch 0 | batch 0 |train loss 0.6920340657234192
Valid: loss 0.939653754234314, score:{'roc_auc': 0.46097777777777776, 'MRR': 0.7283950617283951}
Saving model
epoch 0 | batch 1 |train loss 0.7396932244300842
epoch 1 | batch 0 |train loss 1.311500906944275
Valid: loss 0.7469314336776733, score:{'roc_auc': 0.5544888888888888, 'MRR': 0.7716049382716049}
Saving model
epoch 1 | batch 1 |train loss 0.6832049489021301
epoch 2 | batch 0 |train loss 0.6868740916252136
Valid: loss 0.7828294634819031, score:{'roc_auc': 0.5466666666666666, 'MRR': 0.7614197530864197}
EarlyStopping counter: 1 out of 3
epoch 2 | batch 1 |train loss 0.7224431037902832
epoch 3 | batch 0 |train loss 0.675057590007782
Valid: loss 0.6890783905982971, score:{'roc_auc': 0.5893333333333333, 'MRR': 0.779320987654321}
Saving model
epoch 3 | batch 1 |train loss 0.669417679309845
epoch 4 | batch 0 |train loss 0.6803075671195984
Valid: loss 0.700788140296936, score:{'roc_auc': 0.602311111111111, 'MRR': 0.8070987654320987}
EarlyStopping counter: 1 out of 3
epoch 4 | batch 1 |train loss 0.6816478371620178
epoch 5 | batch 0 |train loss 0.6658276319503784
Valid: loss 0.7240861654281616, score:{'roc_auc': 0.5687111111111111, 'MRR': 0.7762345679012346}
EarlyStopping counter: 2 out of 3
epoch 5 | batch 1 |train loss 0.670843780040741
epoch 6 | batch 0 |train loss 0.6801623106002808
Valid: loss 0.7266130447387695, score:{'roc_auc': 0.5834666666666666, 'MRR': 0.757716049382716}
Meta keys: dict_keys([0])
Data keys: dict_keys([0])
Edge type: 0, Meta: (1, 0)
Average links per head: 1.76
Median: 1.0, Min: 1, Max: 14
len test_list[0] 243
len test_list[1] 243
len test_label 243
2 hop test: loss 0.7266130447387695, score:{'roc_auc': nan, 'MRR': 1.0}
(array([1]), array([243]))
[0.48693645 0.53260946 0.5191395  0.49195755 0.49960768 0.47709844
 0.5190936  0.43587366 0.5143266  0.5148192  0.53430045 0.53273493
 0.43278593 0.5216605  0.49859703 0.5031063  0.5029761  0.52920353
 0.5277587  0.5147496 ]
Average links per head full random test: 2.03
Medianfull random test: 2.0, Min: 1, Max: 15
len test_list[0]full random test 486
len test_list[1]full random test 486
len test_label full random test 486
2 hop test: loss 0.7266130447387695, score:{'roc_auc': nan, 'MRR': 1.0}
edge type: 0, random_score: {'roc_auc': 0.6804856983183457, 'MRR': 0.932367149758454}, score: {'roc_auc': nan, 'MRR': 1.0}
ROC_AUC: nan
Sec neigh test: score list: defaultdict(<class 'list'>, {'roc_auc': [nan], 'MRR': [1.0]})
Random test: score list: defaultdict(<class 'list'>, {'roc_auc': [0.6804856983183457], 'MRR': [0.932367149758454]})
Sec neigh test:average score: defaultdict(<class 'list'>, {'roc_auc': nan, 'MRR': 1.0})
Random test: average score: defaultdict(<class 'list'>, {'roc_auc': 0.6805, 'MRR': 0.9324})
Completed: amazon_style_cc_restricted_features_fold_4 (rep 2)

--------------------------------------
Running model: GAT
Dataset: amazon_style_cc_restricted_features_fold_5
Repetition: 2
--------------------------------------
use device: cpu
Namespace(data='amazon_style_cc_restricted_features_fold_5', model_path='model.pt', train_iter_n=50, cuda=0, checkpoint='', epochs=100, patience=3, n_layers=2, n_heads=[4], dropout=0.5, model='GAT', lr=0.0001, weight_decay=0.0, batch_size=1024, edge_sample_ratio=1, test_with_CPU=False, decoder='dismult', feat_type=1)
args.feat_type 1
sys_path ['/home/simonettos/homhetgnn/HGB/LP/benchmark/methods/GNN', '/home/simonettos/homhetgnn/sbatches', '/home/simonettos/homhetgnn/HGB/LP/benchmark/methods/baseline', '/home/simonettos/homhetgnn/HGB/LP/benchmark', '/home/simonettos/homhetgnn/HGB/LP/benchmark/methods/GNN', '/home/simonettos/homhetgnn/HGB/LP/benchmark/methods/GNN/utils', '/home/simonettos/homhetgnn/HGB/LP/benchmark/methods/GNN/models', '/deepstore/software/anaconda3/2022.05/lib/python39.zip', '/deepstore/software/anaconda3/2022.05/lib/python3.9', '/deepstore/software/anaconda3/2022.05/lib/python3.9/lib-dynload', '/home/simonettos/homhetgnn/gpuvenv/lib/python3.9/site-packages', '../../', '../../']
Data path: /home/simonettos/homhetgnn/HGB/LP/benchmark/data/amazon_style_cc_restricted_features_fold_5
Loading nodes from /home/simonettos/homhetgnn/HGB/LP/benchmark/data/amazon_style_cc_restricted_features_fold_5/node.dat
edge types: dict_keys([0])
Getting training negative samples for edge types: [0]
nodes.shift keys: [0, 1]
nodes.count keys: [0, 1]
links.meta: {0: (1, 0)}
t_type about to use: 0
h_type: 1
shift dict: {0: 0, 1: 450}
count dict: Counter({0: 450, 1: 336})
Generated 908 negative samples for edge type 0
Info: load amazon_style_cc_restricted_features_fold_5 from original data and generate /home/simonettos/homhetgnn/HGB/LP/benchmark/data/amazon_style_cc_restricted_features_fold_5/dl_pickle 
edge types: [0]
dataset: amazon_style_cc_restricted_features_fold_5, eval_type: 0
epoch 0 | batch 0 |train loss 0.7011327147483826
Valid: loss 1.1664286851882935, score:{'roc_auc': 0.31065759637188206, 'MRR': 0.6407407407407407}
Saving model
epoch 0 | batch 1 |train loss 0.9650039076805115
epoch 1 | batch 0 |train loss 0.8038387894630432
Valid: loss 0.762947142124176, score:{'roc_auc': 0.4280675233056186, 'MRR': 0.66}
Saving model
epoch 1 | batch 1 |train loss 0.7119837403297424
epoch 2 | batch 0 |train loss 0.6578853130340576
Valid: loss 0.7454927563667297, score:{'roc_auc': 0.47392290249433106, 'MRR': 0.7351851851851853}
Saving model
epoch 2 | batch 1 |train loss 0.6954717636108398
epoch 3 | batch 0 |train loss 0.6812490820884705
Valid: loss 0.6966800093650818, score:{'roc_auc': 0.528344671201814, 'MRR': 0.7814814814814814}
Saving model
epoch 3 | batch 1 |train loss 0.6554428339004517
epoch 4 | batch 0 |train loss 0.6481904983520508
Valid: loss 0.6968704462051392, score:{'roc_auc': 0.5862937767699672, 'MRR': 0.7962962962962962}
EarlyStopping counter: 1 out of 3
epoch 4 | batch 1 |train loss 0.6558070182800293
epoch 5 | batch 0 |train loss 0.6359072327613831
Valid: loss 0.704215407371521, score:{'roc_auc': 0.563618039808516, 'MRR': 0.7574074074074074}
EarlyStopping counter: 2 out of 3
epoch 5 | batch 1 |train loss 0.6104756593704224
epoch 6 | batch 0 |train loss 0.5959993004798889
Valid: loss 0.7817943692207336, score:{'roc_auc': 0.5600907029478459, 'MRR': 0.7740740740740739}
Meta keys: dict_keys([0])
Data keys: dict_keys([0])
Edge type: 0, Meta: (1, 0)
Average links per head: 1.74
Median: 1.0, Min: 1, Max: 13
len test_list[0] 242
len test_list[1] 242
len test_label 242
2 hop test: loss 0.7817943692207336, score:{'roc_auc': nan, 'MRR': 1.0}
(array([1]), array([242]))
[0.349443   0.47950992 0.5119987  0.45767117 0.45451674 0.4421156
 0.44814914 0.47000164 0.46411246 0.4546247  0.46594417 0.44751406
 0.46958667 0.4746336  0.4993457  0.42823455 0.4476178  0.48641366
 0.39157626 0.46104866]
Average links per head full random test: 1.99
Medianfull random test: 2.0, Min: 1, Max: 14
len test_list[0]full random test 484
len test_list[1]full random test 484
len test_label full random test 484
2 hop test: loss 0.7817943692207336, score:{'roc_auc': nan, 'MRR': 1.0}
edge type: 0, random_score: {'roc_auc': 0.6054231268355986, 'MRR': 0.9208633093525179}, score: {'roc_auc': nan, 'MRR': 1.0}
ROC_AUC: nan
Sec neigh test: score list: defaultdict(<class 'list'>, {'roc_auc': [nan], 'MRR': [1.0]})
Random test: score list: defaultdict(<class 'list'>, {'roc_auc': [0.6054231268355986], 'MRR': [0.9208633093525179]})
Sec neigh test:average score: defaultdict(<class 'list'>, {'roc_auc': nan, 'MRR': 1.0})
Random test: average score: defaultdict(<class 'list'>, {'roc_auc': 0.6054, 'MRR': 0.9209})
Completed: amazon_style_cc_restricted_features_fold_5 (rep 2)

=== Repetition 3/6 ===
--------------------------------------
Running model: GAT
Dataset: amazon_style_cc_restricted_features_fold_1
Repetition: 3
--------------------------------------
use device: cpu
Namespace(data='amazon_style_cc_restricted_features_fold_1', model_path='model.pt', train_iter_n=50, cuda=0, checkpoint='', epochs=100, patience=3, n_layers=2, n_heads=[4], dropout=0.5, model='GAT', lr=0.0001, weight_decay=0.0, batch_size=1024, edge_sample_ratio=1, test_with_CPU=False, decoder='dismult', feat_type=1)
args.feat_type 1
sys_path ['/home/simonettos/homhetgnn/HGB/LP/benchmark/methods/GNN', '/home/simonettos/homhetgnn/sbatches', '/home/simonettos/homhetgnn/HGB/LP/benchmark/methods/baseline', '/home/simonettos/homhetgnn/HGB/LP/benchmark', '/home/simonettos/homhetgnn/HGB/LP/benchmark/methods/GNN', '/home/simonettos/homhetgnn/HGB/LP/benchmark/methods/GNN/utils', '/home/simonettos/homhetgnn/HGB/LP/benchmark/methods/GNN/models', '/deepstore/software/anaconda3/2022.05/lib/python39.zip', '/deepstore/software/anaconda3/2022.05/lib/python3.9', '/deepstore/software/anaconda3/2022.05/lib/python3.9/lib-dynload', '/home/simonettos/homhetgnn/gpuvenv/lib/python3.9/site-packages', '../../', '../../']
Data path: /home/simonettos/homhetgnn/HGB/LP/benchmark/data/amazon_style_cc_restricted_features_fold_1
Loading nodes from /home/simonettos/homhetgnn/HGB/LP/benchmark/data/amazon_style_cc_restricted_features_fold_1/node.dat
edge types: dict_keys([0])
Getting training negative samples for edge types: [0]
nodes.shift keys: [0, 1]
nodes.count keys: [0, 1]
links.meta: {0: (1, 0)}
t_type about to use: 0
h_type: 1
shift dict: {0: 0, 1: 450}
count dict: Counter({0: 450, 1: 336})
Generated 903 negative samples for edge type 0
Info: load amazon_style_cc_restricted_features_fold_1 from original data and generate /home/simonettos/homhetgnn/HGB/LP/benchmark/data/amazon_style_cc_restricted_features_fold_1/dl_pickle 
edge types: [0]
dataset: amazon_style_cc_restricted_features_fold_1, eval_type: 0
epoch 0 | batch 0 |train loss 0.6917232871055603
Valid: loss 1.4150363206863403, score:{'roc_auc': 0.38449543328135444, 'MRR': 0.6587301587301587}
Saving model
epoch 0 | batch 1 |train loss 1.1950230598449707
epoch 1 | batch 0 |train loss 0.6643421053886414
Valid: loss 0.8105891942977905, score:{'roc_auc': 0.46870126977055027, 'MRR': 0.6825396825396824}
Saving model
epoch 1 | batch 1 |train loss 0.7680383324623108
epoch 2 | batch 0 |train loss 0.676803708076477
Valid: loss 0.7064341306686401, score:{'roc_auc': 0.4972154154600133, 'MRR': 0.7142857142857143}
Saving model
epoch 2 | batch 1 |train loss 0.6715564131736755
epoch 3 | batch 0 |train loss 0.6773088574409485
Valid: loss 0.7324802279472351, score:{'roc_auc': 0.5023390510135888, 'MRR': 0.7103174603174602}
EarlyStopping counter: 1 out of 3
epoch 3 | batch 1 |train loss 0.6457993388175964
epoch 4 | batch 0 |train loss 0.5958359241485596
Valid: loss 0.8314960598945618, score:{'roc_auc': 0.5825350857652039, 'MRR': 0.7063492063492063}
EarlyStopping counter: 2 out of 3
epoch 4 | batch 1 |train loss 0.6354566216468811
epoch 5 | batch 0 |train loss 0.5891190767288208
Valid: loss 0.8022962212562561, score:{'roc_auc': 0.5727333481844509, 'MRR': 0.7103174603174602}
Meta keys: dict_keys([0])
Data keys: dict_keys([0])
Edge type: 0, Meta: (1, 0)
Average links per head: 1.71
Median: 1.0, Min: 1, Max: 17
len test_list[0] 243
len test_list[1] 243
len test_label 243
2 hop test: loss 0.8022962212562561, score:{'roc_auc': nan, 'MRR': 1.0}
(array([1]), array([243]))
[0.42654592 0.38509956 0.40190923 0.42028323 0.43630648 0.4010607
 0.46814212 0.43517584 0.4338886  0.433753   0.43919146 0.4362392
 0.43059045 0.43447608 0.44613743 0.4310829  0.49694762 0.43744236
 0.5024774  0.5334663 ]
Average links per head full random test: 2.09
Medianfull random test: 2.0, Min: 1, Max: 18
len test_list[0]full random test 486
len test_list[1]full random test 486
len test_label full random test 486
2 hop test: loss 0.8022962212562561, score:{'roc_auc': nan, 'MRR': 1.0}
edge type: 0, random_score: {'roc_auc': 0.6060051821368694, 'MRR': 0.8867370892018779}, score: {'roc_auc': nan, 'MRR': 1.0}
ROC_AUC: nan
Sec neigh test: score list: defaultdict(<class 'list'>, {'roc_auc': [nan], 'MRR': [1.0]})
Random test: score list: defaultdict(<class 'list'>, {'roc_auc': [0.6060051821368694], 'MRR': [0.8867370892018779]})
Sec neigh test:average score: defaultdict(<class 'list'>, {'roc_auc': nan, 'MRR': 1.0})
Random test: average score: defaultdict(<class 'list'>, {'roc_auc': 0.606, 'MRR': 0.8867})
Completed: amazon_style_cc_restricted_features_fold_1 (rep 3)

--------------------------------------
Running model: GAT
Dataset: amazon_style_cc_restricted_features_fold_2
Repetition: 3
--------------------------------------
use device: cpu
Namespace(data='amazon_style_cc_restricted_features_fold_2', model_path='model.pt', train_iter_n=50, cuda=0, checkpoint='', epochs=100, patience=3, n_layers=2, n_heads=[4], dropout=0.5, model='GAT', lr=0.0001, weight_decay=0.0, batch_size=1024, edge_sample_ratio=1, test_with_CPU=False, decoder='dismult', feat_type=1)
args.feat_type 1
sys_path ['/home/simonettos/homhetgnn/HGB/LP/benchmark/methods/GNN', '/home/simonettos/homhetgnn/sbatches', '/home/simonettos/homhetgnn/HGB/LP/benchmark/methods/baseline', '/home/simonettos/homhetgnn/HGB/LP/benchmark', '/home/simonettos/homhetgnn/HGB/LP/benchmark/methods/GNN', '/home/simonettos/homhetgnn/HGB/LP/benchmark/methods/GNN/utils', '/home/simonettos/homhetgnn/HGB/LP/benchmark/methods/GNN/models', '/deepstore/software/anaconda3/2022.05/lib/python39.zip', '/deepstore/software/anaconda3/2022.05/lib/python3.9', '/deepstore/software/anaconda3/2022.05/lib/python3.9/lib-dynload', '/home/simonettos/homhetgnn/gpuvenv/lib/python3.9/site-packages', '../../', '../../']
Data path: /home/simonettos/homhetgnn/HGB/LP/benchmark/data/amazon_style_cc_restricted_features_fold_2
Loading nodes from /home/simonettos/homhetgnn/HGB/LP/benchmark/data/amazon_style_cc_restricted_features_fold_2/node.dat
edge types: dict_keys([0])
Getting training negative samples for edge types: [0]
nodes.shift keys: [0, 1]
nodes.count keys: [0, 1]
links.meta: {0: (1, 0)}
t_type about to use: 0
h_type: 1
shift dict: {0: 0, 1: 450}
count dict: Counter({0: 450, 1: 336})
Generated 896 negative samples for edge type 0
Info: load amazon_style_cc_restricted_features_fold_2 from original data and generate /home/simonettos/homhetgnn/HGB/LP/benchmark/data/amazon_style_cc_restricted_features_fold_2/dl_pickle 
edge types: [0]
dataset: amazon_style_cc_restricted_features_fold_2, eval_type: 0
epoch 0 | batch 0 |train loss 0.7011002898216248
Valid: loss 0.893069863319397, score:{'roc_auc': 0.3992888888888889, 'MRR': 0.6619496855345912}
Saving model
epoch 0 | batch 1 |train loss 0.7289363741874695
epoch 1 | batch 0 |train loss 1.0357784032821655
Valid: loss 0.7462824583053589, score:{'roc_auc': 0.4787555555555556, 'MRR': 0.7405660377358491}
Saving model
epoch 1 | batch 1 |train loss 0.6753843426704407
epoch 2 | batch 0 |train loss 0.6767728328704834
Valid: loss 0.7861528992652893, score:{'roc_auc': 0.4504888888888888, 'MRR': 0.7610062893081762}
EarlyStopping counter: 1 out of 3
epoch 2 | batch 1 |train loss 0.7005254626274109
epoch 3 | batch 0 |train loss 0.662495493888855
Valid: loss 0.6795693635940552, score:{'roc_auc': 0.6158222222222223, 'MRR': 0.8349056603773585}
Saving model
epoch 3 | batch 1 |train loss 0.647806704044342
epoch 4 | batch 0 |train loss 0.6468347311019897
Valid: loss 0.6585139632225037, score:{'roc_auc': 0.6913777777777778, 'MRR': 0.8238993710691823}
Saving model
epoch 4 | batch 1 |train loss 0.6242856383323669
epoch 5 | batch 0 |train loss 0.5725113153457642
Valid: loss 0.6909705996513367, score:{'roc_auc': 0.645511111111111, 'MRR': 0.8066037735849056}
EarlyStopping counter: 1 out of 3
epoch 5 | batch 1 |train loss 0.5200919508934021
epoch 6 | batch 0 |train loss 0.5370951890945435
Valid: loss 0.7506819367408752, score:{'roc_auc': 0.6926222222222223, 'MRR': 0.8066037735849056}
EarlyStopping counter: 2 out of 3
epoch 6 | batch 1 |train loss 0.5021154880523682
epoch 7 | batch 0 |train loss 0.5140833854675293
Valid: loss 0.6698974967002869, score:{'roc_auc': 0.754311111111111, 'MRR': 0.849056603773585}
Meta keys: dict_keys([0])
Data keys: dict_keys([0])
Edge type: 0, Meta: (1, 0)
Average links per head: 1.81
Median: 1.0, Min: 1, Max: 15
len test_list[0] 243
len test_list[1] 243
len test_label 243
2 hop test: loss 0.6698974967002869, score:{'roc_auc': nan, 'MRR': 1.0}
(array([1]), array([243]))
[0.47251028 0.46216688 0.45101842 0.71010756 0.5604675  0.65180606
 0.5593791  0.4507115  0.6230446  0.5991084  0.60292494 0.64245236
 0.62230664 0.638783   0.76231897 0.6735507  0.37879026 0.39780527
 0.6287716  0.73861134]
Average links per head full random test: 2.09
Medianfull random test: 2.0, Min: 1, Max: 16
len test_list[0]full random test 486
len test_list[1]full random test 486
len test_label full random test 486
2 hop test: loss 0.6698974967002869, score:{'roc_auc': nan, 'MRR': 1.0}
edge type: 0, random_score: {'roc_auc': 0.7176751511456587, 'MRR': 0.89863184079602}, score: {'roc_auc': nan, 'MRR': 1.0}
ROC_AUC: nan
Sec neigh test: score list: defaultdict(<class 'list'>, {'roc_auc': [nan], 'MRR': [1.0]})
Random test: score list: defaultdict(<class 'list'>, {'roc_auc': [0.7176751511456587], 'MRR': [0.89863184079602]})
Sec neigh test:average score: defaultdict(<class 'list'>, {'roc_auc': nan, 'MRR': 1.0})
Random test: average score: defaultdict(<class 'list'>, {'roc_auc': 0.7177, 'MRR': 0.8986})
Completed: amazon_style_cc_restricted_features_fold_2 (rep 3)

--------------------------------------
Running model: GAT
Dataset: amazon_style_cc_restricted_features_fold_3
Repetition: 3
--------------------------------------
use device: cpu
Namespace(data='amazon_style_cc_restricted_features_fold_3', model_path='model.pt', train_iter_n=50, cuda=0, checkpoint='', epochs=100, patience=3, n_layers=2, n_heads=[4], dropout=0.5, model='GAT', lr=0.0001, weight_decay=0.0, batch_size=1024, edge_sample_ratio=1, test_with_CPU=False, decoder='dismult', feat_type=1)
args.feat_type 1
sys_path ['/home/simonettos/homhetgnn/HGB/LP/benchmark/methods/GNN', '/home/simonettos/homhetgnn/sbatches', '/home/simonettos/homhetgnn/HGB/LP/benchmark/methods/baseline', '/home/simonettos/homhetgnn/HGB/LP/benchmark', '/home/simonettos/homhetgnn/HGB/LP/benchmark/methods/GNN', '/home/simonettos/homhetgnn/HGB/LP/benchmark/methods/GNN/utils', '/home/simonettos/homhetgnn/HGB/LP/benchmark/methods/GNN/models', '/deepstore/software/anaconda3/2022.05/lib/python39.zip', '/deepstore/software/anaconda3/2022.05/lib/python3.9', '/deepstore/software/anaconda3/2022.05/lib/python3.9/lib-dynload', '/home/simonettos/homhetgnn/gpuvenv/lib/python3.9/site-packages', '../../', '../../']
Data path: /home/simonettos/homhetgnn/HGB/LP/benchmark/data/amazon_style_cc_restricted_features_fold_3
Loading nodes from /home/simonettos/homhetgnn/HGB/LP/benchmark/data/amazon_style_cc_restricted_features_fold_3/node.dat
edge types: dict_keys([0])
Getting training negative samples for edge types: [0]
nodes.shift keys: [0, 1]
nodes.count keys: [0, 1]
links.meta: {0: (1, 0)}
t_type about to use: 0
h_type: 1
shift dict: {0: 0, 1: 450}
count dict: Counter({0: 450, 1: 336})
Generated 907 negative samples for edge type 0
Info: load amazon_style_cc_restricted_features_fold_3 from original data and generate /home/simonettos/homhetgnn/HGB/LP/benchmark/data/amazon_style_cc_restricted_features_fold_3/dl_pickle 
edge types: [0]
dataset: amazon_style_cc_restricted_features_fold_3, eval_type: 0
epoch 0 | batch 0 |train loss 0.6936270594596863
Valid: loss 0.7502247095108032, score:{'roc_auc': 0.5755723204994797, 'MRR': 0.7896825396825397}
Saving model
epoch 0 | batch 1 |train loss 0.6415382027626038
epoch 1 | batch 0 |train loss 1.3565561771392822
Valid: loss 0.7326263785362244, score:{'roc_auc': 0.615114464099896, 'MRR': 0.8055555555555555}
Saving model
epoch 1 | batch 1 |train loss 0.5845487713813782
epoch 2 | batch 0 |train loss 0.7901408076286316
Valid: loss 0.8794637322425842, score:{'roc_auc': 0.6257804370447451, 'MRR': 0.7698412698412698}
EarlyStopping counter: 1 out of 3
epoch 2 | batch 1 |train loss 0.679074764251709
epoch 3 | batch 0 |train loss 0.584214448928833
Valid: loss 0.6870620250701904, score:{'roc_auc': 0.672086368366285, 'MRR': 0.7817460317460316}
Saving model
epoch 3 | batch 1 |train loss 0.5356000661849976
epoch 4 | batch 0 |train loss 0.5583261251449585
Valid: loss 0.7327934503555298, score:{'roc_auc': 0.6908168574401664, 'MRR': 0.7619047619047619}
EarlyStopping counter: 1 out of 3
epoch 4 | batch 1 |train loss 0.567671537399292
epoch 5 | batch 0 |train loss 0.5308538675308228
Valid: loss 0.6677731871604919, score:{'roc_auc': 0.7225546305931322, 'MRR': 0.8095238095238095}
Saving model
epoch 5 | batch 1 |train loss 0.5108586549758911
epoch 6 | batch 0 |train loss 0.5215916037559509
Valid: loss 0.7252680659294128, score:{'roc_auc': 0.733480749219563, 'MRR': 0.8095238095238095}
EarlyStopping counter: 1 out of 3
epoch 6 | batch 1 |train loss 0.5204665064811707
epoch 7 | batch 0 |train loss 0.5207012295722961
Valid: loss 0.8187878131866455, score:{'roc_auc': 0.7311394380853278, 'MRR': 0.8095238095238095}
EarlyStopping counter: 2 out of 3
epoch 7 | batch 1 |train loss 0.5204316973686218
epoch 8 | batch 0 |train loss 0.5195291042327881
Valid: loss 0.7387262582778931, score:{'roc_auc': 0.7399843912591051, 'MRR': 0.8095238095238095}
Meta keys: dict_keys([0])
Data keys: dict_keys([0])
Edge type: 0, Meta: (1, 0)
Average links per head: 1.79
Median: 1.0, Min: 1, Max: 11
len test_list[0] 243
len test_list[1] 243
len test_label 243
2 hop test: loss 0.7387262582778931, score:{'roc_auc': nan, 'MRR': 1.0}
(array([1]), array([243]))
[0.71901625 0.8579452  0.609139   0.8033457  0.8529848  0.7910753
 0.7853572  0.00349701 0.7400585  0.8880659  0.7504083  0.06629061
 0.84399533 0.05678486 0.8007212  0.59469557 0.6105867  0.36227104
 0.7684465  0.68380064]
Average links per head full random test: 2.05
Medianfull random test: 2.0, Min: 1, Max: 12
len test_list[0]full random test 486
len test_list[1]full random test 486
len test_label full random test 486
2 hop test: loss 0.7387262582778931, score:{'roc_auc': nan, 'MRR': 1.0}
edge type: 0, random_score: {'roc_auc': 0.7060576809090756, 'MRR': 0.9212009803921568}, score: {'roc_auc': nan, 'MRR': 1.0}
ROC_AUC: nan
Sec neigh test: score list: defaultdict(<class 'list'>, {'roc_auc': [nan], 'MRR': [1.0]})
Random test: score list: defaultdict(<class 'list'>, {'roc_auc': [0.7060576809090756], 'MRR': [0.9212009803921568]})
Sec neigh test:average score: defaultdict(<class 'list'>, {'roc_auc': nan, 'MRR': 1.0})
Random test: average score: defaultdict(<class 'list'>, {'roc_auc': 0.7061, 'MRR': 0.9212})
Completed: amazon_style_cc_restricted_features_fold_3 (rep 3)

--------------------------------------
Running model: GAT
Dataset: amazon_style_cc_restricted_features_fold_4
Repetition: 3
--------------------------------------
use device: cpu
Namespace(data='amazon_style_cc_restricted_features_fold_4', model_path='model.pt', train_iter_n=50, cuda=0, checkpoint='', epochs=100, patience=3, n_layers=2, n_heads=[4], dropout=0.5, model='GAT', lr=0.0001, weight_decay=0.0, batch_size=1024, edge_sample_ratio=1, test_with_CPU=False, decoder='dismult', feat_type=1)
args.feat_type 1
sys_path ['/home/simonettos/homhetgnn/HGB/LP/benchmark/methods/GNN', '/home/simonettos/homhetgnn/sbatches', '/home/simonettos/homhetgnn/HGB/LP/benchmark/methods/baseline', '/home/simonettos/homhetgnn/HGB/LP/benchmark', '/home/simonettos/homhetgnn/HGB/LP/benchmark/methods/GNN', '/home/simonettos/homhetgnn/HGB/LP/benchmark/methods/GNN/utils', '/home/simonettos/homhetgnn/HGB/LP/benchmark/methods/GNN/models', '/deepstore/software/anaconda3/2022.05/lib/python39.zip', '/deepstore/software/anaconda3/2022.05/lib/python3.9', '/deepstore/software/anaconda3/2022.05/lib/python3.9/lib-dynload', '/home/simonettos/homhetgnn/gpuvenv/lib/python3.9/site-packages', '../../', '../../']
Data path: /home/simonettos/homhetgnn/HGB/LP/benchmark/data/amazon_style_cc_restricted_features_fold_4
Loading nodes from /home/simonettos/homhetgnn/HGB/LP/benchmark/data/amazon_style_cc_restricted_features_fold_4/node.dat
edge types: dict_keys([0])
Getting training negative samples for edge types: [0]
nodes.shift keys: [0, 1]
nodes.count keys: [0, 1]
links.meta: {0: (1, 0)}
t_type about to use: 0
h_type: 1
shift dict: {0: 0, 1: 450}
count dict: Counter({0: 450, 1: 336})
Generated 899 negative samples for edge type 0
Info: load amazon_style_cc_restricted_features_fold_4 from original data and generate /home/simonettos/homhetgnn/HGB/LP/benchmark/data/amazon_style_cc_restricted_features_fold_4/dl_pickle 
edge types: [0]
dataset: amazon_style_cc_restricted_features_fold_4, eval_type: 0
epoch 0 | batch 0 |train loss 0.6955651640892029
Valid: loss 1.4758243560791016, score:{'roc_auc': 0.3883673469387755, 'MRR': 0.6733333333333335}
Saving model
epoch 0 | batch 1 |train loss 1.2860475778579712
epoch 1 | batch 0 |train loss 0.6429722309112549
Valid: loss 0.8209604024887085, score:{'roc_auc': 0.5946938775510203, 'MRR': 0.8}
Saving model
epoch 1 | batch 1 |train loss 0.7792444229125977
epoch 2 | batch 0 |train loss 0.6548933982849121
Valid: loss 0.676758885383606, score:{'roc_auc': 0.6459183673469387, 'MRR': 0.7966666666666665}
Saving model
epoch 2 | batch 1 |train loss 0.6241554617881775
epoch 3 | batch 0 |train loss 0.5822640061378479
Valid: loss 0.7836893796920776, score:{'roc_auc': 0.649795918367347, 'MRR': 0.8266666666666665}
EarlyStopping counter: 1 out of 3
epoch 3 | batch 1 |train loss 0.5484293103218079
epoch 4 | batch 0 |train loss 0.5712483525276184
Valid: loss 0.9377580881118774, score:{'roc_auc': 0.6514285714285714, 'MRR': 0.8266666666666665}
EarlyStopping counter: 2 out of 3
epoch 4 | batch 1 |train loss 0.5648295283317566
epoch 5 | batch 0 |train loss 0.5293817520141602
Valid: loss 0.768326997756958, score:{'roc_auc': 0.6840816326530612, 'MRR': 0.8166666666666665}
Meta keys: dict_keys([0])
Data keys: dict_keys([0])
Edge type: 0, Meta: (1, 0)
Average links per head: 1.76
Median: 1.0, Min: 1, Max: 14
len test_list[0] 243
len test_list[1] 243
len test_label 243
2 hop test: loss 0.768326997756958, score:{'roc_auc': nan, 'MRR': 1.0}
(array([1]), array([243]))
[0.42584163 0.48834938 0.5369855  0.39681196 0.50799346 0.2518609
 0.57652646 0.39373168 0.58098173 0.5706978  0.576542   0.55724275
 0.4666214  0.56381917 0.5458494  0.5019068  0.53494024 0.5887963
 0.5856053  0.26517636]
Average links per head full random test: 2.03
Medianfull random test: 2.0, Min: 1, Max: 15
len test_list[0]full random test 486
len test_list[1]full random test 486
len test_label full random test 486
2 hop test: loss 0.768326997756958, score:{'roc_auc': nan, 'MRR': 1.0}
edge type: 0, random_score: {'roc_auc': 0.6641094684075937, 'MRR': 0.9208937198067633}, score: {'roc_auc': nan, 'MRR': 1.0}
ROC_AUC: nan
Sec neigh test: score list: defaultdict(<class 'list'>, {'roc_auc': [nan], 'MRR': [1.0]})
Random test: score list: defaultdict(<class 'list'>, {'roc_auc': [0.6641094684075937], 'MRR': [0.9208937198067633]})
Sec neigh test:average score: defaultdict(<class 'list'>, {'roc_auc': nan, 'MRR': 1.0})
Random test: average score: defaultdict(<class 'list'>, {'roc_auc': 0.6641, 'MRR': 0.9209})
Completed: amazon_style_cc_restricted_features_fold_4 (rep 3)

--------------------------------------
Running model: GAT
Dataset: amazon_style_cc_restricted_features_fold_5
Repetition: 3
--------------------------------------
use device: cpu
Namespace(data='amazon_style_cc_restricted_features_fold_5', model_path='model.pt', train_iter_n=50, cuda=0, checkpoint='', epochs=100, patience=3, n_layers=2, n_heads=[4], dropout=0.5, model='GAT', lr=0.0001, weight_decay=0.0, batch_size=1024, edge_sample_ratio=1, test_with_CPU=False, decoder='dismult', feat_type=1)
args.feat_type 1
sys_path ['/home/simonettos/homhetgnn/HGB/LP/benchmark/methods/GNN', '/home/simonettos/homhetgnn/sbatches', '/home/simonettos/homhetgnn/HGB/LP/benchmark/methods/baseline', '/home/simonettos/homhetgnn/HGB/LP/benchmark', '/home/simonettos/homhetgnn/HGB/LP/benchmark/methods/GNN', '/home/simonettos/homhetgnn/HGB/LP/benchmark/methods/GNN/utils', '/home/simonettos/homhetgnn/HGB/LP/benchmark/methods/GNN/models', '/deepstore/software/anaconda3/2022.05/lib/python39.zip', '/deepstore/software/anaconda3/2022.05/lib/python3.9', '/deepstore/software/anaconda3/2022.05/lib/python3.9/lib-dynload', '/home/simonettos/homhetgnn/gpuvenv/lib/python3.9/site-packages', '../../', '../../']
Data path: /home/simonettos/homhetgnn/HGB/LP/benchmark/data/amazon_style_cc_restricted_features_fold_5
Loading nodes from /home/simonettos/homhetgnn/HGB/LP/benchmark/data/amazon_style_cc_restricted_features_fold_5/node.dat
edge types: dict_keys([0])
Getting training negative samples for edge types: [0]
nodes.shift keys: [0, 1]
nodes.count keys: [0, 1]
links.meta: {0: (1, 0)}
t_type about to use: 0
h_type: 1
shift dict: {0: 0, 1: 450}
count dict: Counter({0: 450, 1: 336})
Generated 915 negative samples for edge type 0
Info: load amazon_style_cc_restricted_features_fold_5 from original data and generate /home/simonettos/homhetgnn/HGB/LP/benchmark/data/amazon_style_cc_restricted_features_fold_5/dl_pickle 
edge types: [0]
dataset: amazon_style_cc_restricted_features_fold_5, eval_type: 0
epoch 0 | batch 0 |train loss 0.6943362355232239
Valid: loss 0.9480648636817932, score:{'roc_auc': 0.4732142857142857, 'MRR': 0.7403100775193798}
Saving model
epoch 0 | batch 1 |train loss 0.8604526519775391
epoch 1 | batch 0 |train loss 0.8768528699874878
Valid: loss 0.7584363222122192, score:{'roc_auc': 0.5318877551020408, 'MRR': 0.7655038759689922}
Saving model
epoch 1 | batch 1 |train loss 0.7257558107376099
epoch 2 | batch 0 |train loss 0.6556308269500732
Valid: loss 0.7141793370246887, score:{'roc_auc': 0.5631377551020408, 'MRR': 0.7790697674418605}
Saving model
epoch 2 | batch 1 |train loss 0.6623654961585999
epoch 3 | batch 0 |train loss 0.6309769153594971
Valid: loss 0.6849132180213928, score:{'roc_auc': 0.6288265306122449, 'MRR': 0.8294573643410852}
Saving model
epoch 3 | batch 1 |train loss 0.5622619390487671
epoch 4 | batch 0 |train loss 0.5618177652359009
Valid: loss 0.7765279412269592, score:{'roc_auc': 0.6466836734693878, 'MRR': 0.8449612403100774}
EarlyStopping counter: 1 out of 3
epoch 4 | batch 1 |train loss 0.5547354817390442
epoch 5 | batch 0 |train loss 0.5397787094116211
Valid: loss 0.6924954652786255, score:{'roc_auc': 0.6804846938775511, 'MRR': 0.8294573643410852}
EarlyStopping counter: 2 out of 3
epoch 5 | batch 1 |train loss 0.503831148147583
epoch 6 | batch 0 |train loss 0.5244699716567993
Valid: loss 0.6307305097579956, score:{'roc_auc': 0.7321428571428571, 'MRR': 0.872093023255814}
Saving model
epoch 6 | batch 1 |train loss 0.517471432685852
epoch 7 | batch 0 |train loss 0.5016629099845886
Valid: loss 0.610408365726471, score:{'roc_auc': 0.7570153061224489, 'MRR': 0.8953488372093024}
Saving model
epoch 7 | batch 1 |train loss 0.4735572636127472
epoch 8 | batch 0 |train loss 0.4920042157173157
Valid: loss 0.6184854507446289, score:{'roc_auc': 0.7672193877551021, 'MRR': 0.8953488372093024}
EarlyStopping counter: 1 out of 3
epoch 8 | batch 1 |train loss 0.4765949845314026
epoch 9 | batch 0 |train loss 0.4793466031551361
Valid: loss 0.5776380896568298, score:{'roc_auc': 0.7710459183673468, 'MRR': 0.8953488372093024}
Saving model
epoch 9 | batch 1 |train loss 0.4494223892688751
epoch 10 | batch 0 |train loss 0.4618074297904968
Valid: loss 0.58062344789505, score:{'roc_auc': 0.7681760204081631, 'MRR': 0.9069767441860465}
EarlyStopping counter: 1 out of 3
epoch 10 | batch 1 |train loss 0.4471603333950043
epoch 11 | batch 0 |train loss 0.4529525935649872
Valid: loss 0.6153063178062439, score:{'roc_auc': 0.7551020408163265, 'MRR': 0.8837209302325582}
EarlyStopping counter: 2 out of 3
epoch 11 | batch 1 |train loss 0.4311552345752716
epoch 12 | batch 0 |train loss 0.43948590755462646
Valid: loss 0.6274089217185974, score:{'roc_auc': 0.7496811224489796, 'MRR': 0.872093023255814}
Meta keys: dict_keys([0])
Data keys: dict_keys([0])
Edge type: 0, Meta: (1, 0)
Average links per head: 1.74
Median: 1.0, Min: 1, Max: 13
len test_list[0] 242
len test_list[1] 242
len test_label 242
2 hop test: loss 0.6274089217185974, score:{'roc_auc': nan, 'MRR': 1.0}
(array([1]), array([242]))
[9.2246977e-04 4.2518544e-01 3.8015410e-01 8.0494106e-01 7.5733566e-01
 8.4717548e-01 8.3986688e-01 8.9819640e-01 8.6758292e-01 9.2687666e-01
 1.5298033e-01 8.4891939e-01 9.0684617e-01 8.8559920e-01 9.3514448e-01
 4.0848905e-01 7.5512236e-01 2.2644040e-01 9.3837254e-02 7.2299701e-01]
Average links per head full random test: 1.99
Medianfull random test: 2.0, Min: 1, Max: 14
len test_list[0]full random test 484
len test_list[1]full random test 484
len test_label full random test 484
2 hop test: loss 0.6274089217185974, score:{'roc_auc': nan, 'MRR': 1.0}
edge type: 0, random_score: {'roc_auc': 0.7389351820230858, 'MRR': 0.9556354916067145}, score: {'roc_auc': nan, 'MRR': 1.0}
ROC_AUC: nan
Sec neigh test: score list: defaultdict(<class 'list'>, {'roc_auc': [nan], 'MRR': [1.0]})
Random test: score list: defaultdict(<class 'list'>, {'roc_auc': [0.7389351820230858], 'MRR': [0.9556354916067145]})
Sec neigh test:average score: defaultdict(<class 'list'>, {'roc_auc': nan, 'MRR': 1.0})
Random test: average score: defaultdict(<class 'list'>, {'roc_auc': 0.7389, 'MRR': 0.9556})
Completed: amazon_style_cc_restricted_features_fold_5 (rep 3)

=== Repetition 4/6 ===
--------------------------------------
Running model: GAT
Dataset: amazon_style_cc_restricted_features_fold_1
Repetition: 4
--------------------------------------
use device: cpu
Namespace(data='amazon_style_cc_restricted_features_fold_1', model_path='model.pt', train_iter_n=50, cuda=0, checkpoint='', epochs=100, patience=3, n_layers=2, n_heads=[4], dropout=0.5, model='GAT', lr=0.0001, weight_decay=0.0, batch_size=1024, edge_sample_ratio=1, test_with_CPU=False, decoder='dismult', feat_type=1)
args.feat_type 1
sys_path ['/home/simonettos/homhetgnn/HGB/LP/benchmark/methods/GNN', '/home/simonettos/homhetgnn/sbatches', '/home/simonettos/homhetgnn/HGB/LP/benchmark/methods/baseline', '/home/simonettos/homhetgnn/HGB/LP/benchmark', '/home/simonettos/homhetgnn/HGB/LP/benchmark/methods/GNN', '/home/simonettos/homhetgnn/HGB/LP/benchmark/methods/GNN/utils', '/home/simonettos/homhetgnn/HGB/LP/benchmark/methods/GNN/models', '/deepstore/software/anaconda3/2022.05/lib/python39.zip', '/deepstore/software/anaconda3/2022.05/lib/python3.9', '/deepstore/software/anaconda3/2022.05/lib/python3.9/lib-dynload', '/home/simonettos/homhetgnn/gpuvenv/lib/python3.9/site-packages', '../../', '../../']
Data path: /home/simonettos/homhetgnn/HGB/LP/benchmark/data/amazon_style_cc_restricted_features_fold_1
Loading nodes from /home/simonettos/homhetgnn/HGB/LP/benchmark/data/amazon_style_cc_restricted_features_fold_1/node.dat
edge types: dict_keys([0])
Getting training negative samples for edge types: [0]
nodes.shift keys: [0, 1]
nodes.count keys: [0, 1]
links.meta: {0: (1, 0)}
t_type about to use: 0
h_type: 1
shift dict: {0: 0, 1: 450}
count dict: Counter({0: 450, 1: 336})
Generated 904 negative samples for edge type 0
Info: load amazon_style_cc_restricted_features_fold_1 from original data and generate /home/simonettos/homhetgnn/HGB/LP/benchmark/data/amazon_style_cc_restricted_features_fold_1/dl_pickle 
edge types: [0]
dataset: amazon_style_cc_restricted_features_fold_1, eval_type: 0
epoch 0 | batch 0 |train loss 0.6992641687393188
Valid: loss 0.8871784210205078, score:{'roc_auc': 0.43801652892561976, 'MRR': 0.703900709219858}
Saving model
epoch 0 | batch 1 |train loss 0.7627744674682617
epoch 1 | batch 0 |train loss 1.1077723503112793
Valid: loss 0.7374997735023499, score:{'roc_auc': 0.5780532598714417, 'MRR': 0.7879432624113475}
Saving model
epoch 1 | batch 1 |train loss 0.7182281017303467
epoch 2 | batch 0 |train loss 0.6536977887153625
Valid: loss 0.7481098771095276, score:{'roc_auc': 0.5957300275482094, 'MRR': 0.7960992907801417}
EarlyStopping counter: 1 out of 3
epoch 2 | batch 1 |train loss 0.679404616355896
epoch 3 | batch 0 |train loss 0.6129294037818909
Valid: loss 0.7181443572044373, score:{'roc_auc': 0.6402662993572085, 'MRR': 0.8340425531914895}
Saving model
epoch 3 | batch 1 |train loss 0.5690653920173645
epoch 4 | batch 0 |train loss 0.5744495391845703
Valid: loss 0.8276711106300354, score:{'roc_auc': 0.6409550045913682, 'MRR': 0.823404255319149}
EarlyStopping counter: 1 out of 3
epoch 4 | batch 1 |train loss 0.5611905455589294
epoch 5 | batch 0 |train loss 0.5227814316749573
Valid: loss 0.7611383199691772, score:{'roc_auc': 0.6730945821854912, 'MRR': 0.823404255319149}
EarlyStopping counter: 2 out of 3
epoch 5 | batch 1 |train loss 0.5244553685188293
epoch 6 | batch 0 |train loss 0.5261684656143188
Valid: loss 0.7092995047569275, score:{'roc_auc': 0.7047750229568412, 'MRR': 0.8085106382978723}
Saving model
epoch 6 | batch 1 |train loss 0.5230762362480164
epoch 7 | batch 0 |train loss 0.5106926560401917
Valid: loss 0.7316242456436157, score:{'roc_auc': 0.7270431588613406, 'MRR': 0.8209219858156029}
EarlyStopping counter: 1 out of 3
epoch 7 | batch 1 |train loss 0.4872441291809082
epoch 8 | batch 0 |train loss 0.4983568787574768
Valid: loss 0.8032479882240295, score:{'roc_auc': 0.7169421487603305, 'MRR': 0.8191489361702128}
EarlyStopping counter: 2 out of 3
epoch 8 | batch 1 |train loss 0.4904725253582001
epoch 9 | batch 0 |train loss 0.5005716681480408
Valid: loss 0.7377016544342041, score:{'roc_auc': 0.726813590449954, 'MRR': 0.824468085106383}
Meta keys: dict_keys([0])
Data keys: dict_keys([0])
Edge type: 0, Meta: (1, 0)
Average links per head: 1.71
Median: 1.0, Min: 1, Max: 17
len test_list[0] 243
len test_list[1] 243
len test_label 243
2 hop test: loss 0.7377016544342041, score:{'roc_auc': nan, 'MRR': 1.0}
(array([1]), array([243]))
[0.74043876 0.76407915 0.7614856  0.704521   0.09413888 0.15253071
 0.10186046 0.6638876  0.49017972 0.66137105 0.76152766 0.76186514
 0.6921558  0.3078494  0.73182076 0.67593074 0.6236842  0.15308854
 0.63139075 0.36002487]
Average links per head full random test: 2.09
Medianfull random test: 2.0, Min: 1, Max: 18
len test_list[0]full random test 486
len test_list[1]full random test 486
len test_label full random test 486
2 hop test: loss 0.7377016544342041, score:{'roc_auc': nan, 'MRR': 1.0}
edge type: 0, random_score: {'roc_auc': 0.7231113143321649, 'MRR': 0.9289906103286384}, score: {'roc_auc': nan, 'MRR': 1.0}
ROC_AUC: nan
Sec neigh test: score list: defaultdict(<class 'list'>, {'roc_auc': [nan], 'MRR': [1.0]})
Random test: score list: defaultdict(<class 'list'>, {'roc_auc': [0.7231113143321649], 'MRR': [0.9289906103286384]})
Sec neigh test:average score: defaultdict(<class 'list'>, {'roc_auc': nan, 'MRR': 1.0})
Random test: average score: defaultdict(<class 'list'>, {'roc_auc': 0.7231, 'MRR': 0.929})
Completed: amazon_style_cc_restricted_features_fold_1 (rep 4)

--------------------------------------
Running model: GAT
Dataset: amazon_style_cc_restricted_features_fold_2
Repetition: 4
--------------------------------------
use device: cpu
Namespace(data='amazon_style_cc_restricted_features_fold_2', model_path='model.pt', train_iter_n=50, cuda=0, checkpoint='', epochs=100, patience=3, n_layers=2, n_heads=[4], dropout=0.5, model='GAT', lr=0.0001, weight_decay=0.0, batch_size=1024, edge_sample_ratio=1, test_with_CPU=False, decoder='dismult', feat_type=1)
args.feat_type 1
sys_path ['/home/simonettos/homhetgnn/HGB/LP/benchmark/methods/GNN', '/home/simonettos/homhetgnn/sbatches', '/home/simonettos/homhetgnn/HGB/LP/benchmark/methods/baseline', '/home/simonettos/homhetgnn/HGB/LP/benchmark', '/home/simonettos/homhetgnn/HGB/LP/benchmark/methods/GNN', '/home/simonettos/homhetgnn/HGB/LP/benchmark/methods/GNN/utils', '/home/simonettos/homhetgnn/HGB/LP/benchmark/methods/GNN/models', '/deepstore/software/anaconda3/2022.05/lib/python39.zip', '/deepstore/software/anaconda3/2022.05/lib/python3.9', '/deepstore/software/anaconda3/2022.05/lib/python3.9/lib-dynload', '/home/simonettos/homhetgnn/gpuvenv/lib/python3.9/site-packages', '../../', '../../']
Data path: /home/simonettos/homhetgnn/HGB/LP/benchmark/data/amazon_style_cc_restricted_features_fold_2
Loading nodes from /home/simonettos/homhetgnn/HGB/LP/benchmark/data/amazon_style_cc_restricted_features_fold_2/node.dat
edge types: dict_keys([0])
Getting training negative samples for edge types: [0]
nodes.shift keys: [0, 1]
nodes.count keys: [0, 1]
links.meta: {0: (1, 0)}
t_type about to use: 0
h_type: 1
shift dict: {0: 0, 1: 450}
count dict: Counter({0: 450, 1: 336})
Generated 902 negative samples for edge type 0
Info: load amazon_style_cc_restricted_features_fold_2 from original data and generate /home/simonettos/homhetgnn/HGB/LP/benchmark/data/amazon_style_cc_restricted_features_fold_2/dl_pickle 
edge types: [0]
dataset: amazon_style_cc_restricted_features_fold_2, eval_type: 0
epoch 0 | batch 0 |train loss 0.7038072943687439
Valid: loss 1.5477898120880127, score:{'roc_auc': 0.3955051459777358, 'MRR': 0.6631944444444444}
Saving model
epoch 0 | batch 1 |train loss 1.3679693937301636
epoch 1 | batch 0 |train loss 0.6741112470626831
Valid: loss 0.792342483997345, score:{'roc_auc': 0.5442134005461038, 'MRR': 0.7291666666666666}
Saving model
epoch 1 | batch 1 |train loss 0.7820894122123718
epoch 2 | batch 0 |train loss 0.7146613597869873
Valid: loss 0.6799584627151489, score:{'roc_auc': 0.6114261709724849, 'MRR': 0.7291666666666666}
Saving model
epoch 2 | batch 1 |train loss 0.6601329445838928
epoch 3 | batch 0 |train loss 0.6669002771377563
Valid: loss 0.7123318910598755, score:{'roc_auc': 0.5801302247427012, 'MRR': 0.7465277777777778}
EarlyStopping counter: 1 out of 3
epoch 3 | batch 1 |train loss 0.6610338091850281
epoch 4 | batch 0 |train loss 0.6098740696907043
Valid: loss 0.6709064245223999, score:{'roc_auc': 0.6546943919344675, 'MRR': 0.78125}
Saving model
epoch 4 | batch 1 |train loss 0.5919544696807861
epoch 5 | batch 0 |train loss 0.5888015031814575
Valid: loss 0.7431605458259583, score:{'roc_auc': 0.662465868515018, 'MRR': 0.78125}
EarlyStopping counter: 1 out of 3
epoch 5 | batch 1 |train loss 0.5649781823158264
epoch 6 | batch 0 |train loss 0.5164056420326233
Valid: loss 0.7691326141357422, score:{'roc_auc': 0.6883007771476581, 'MRR': 0.7864583333333334}
EarlyStopping counter: 2 out of 3
epoch 6 | batch 1 |train loss 0.5199515223503113
epoch 7 | batch 0 |train loss 0.5276374220848083
Valid: loss 0.7562069892883301, score:{'roc_auc': 0.7189666036546944, 'MRR': 0.7986111111111112}
Meta keys: dict_keys([0])
Data keys: dict_keys([0])
Edge type: 0, Meta: (1, 0)
Average links per head: 1.81
Median: 1.0, Min: 1, Max: 15
len test_list[0] 243
len test_list[1] 243
len test_label 243
2 hop test: loss 0.7562069892883301, score:{'roc_auc': nan, 'MRR': 1.0}
(array([1]), array([243]))
[0.42551658 0.41275927 0.43262428 0.71472436 0.6320853  0.7363258
 0.62800115 0.23353826 0.7326985  0.69238454 0.22825496 0.7675121
 0.7334752  0.7297201  0.7927878  0.7484178  0.33522594 0.34992677
 0.70904803 0.7446868 ]
Average links per head full random test: 2.09
Medianfull random test: 2.0, Min: 1, Max: 16
len test_list[0]full random test 486
len test_list[1]full random test 486
len test_label full random test 486
2 hop test: loss 0.7562069892883301, score:{'roc_auc': nan, 'MRR': 1.0}
edge type: 0, random_score: {'roc_auc': 0.6700706193161612, 'MRR': 0.8982587064676616}, score: {'roc_auc': nan, 'MRR': 1.0}
ROC_AUC: nan
Sec neigh test: score list: defaultdict(<class 'list'>, {'roc_auc': [nan], 'MRR': [1.0]})
Random test: score list: defaultdict(<class 'list'>, {'roc_auc': [0.6700706193161612], 'MRR': [0.8982587064676616]})
Sec neigh test:average score: defaultdict(<class 'list'>, {'roc_auc': nan, 'MRR': 1.0})
Random test: average score: defaultdict(<class 'list'>, {'roc_auc': 0.6701, 'MRR': 0.8983})
Completed: amazon_style_cc_restricted_features_fold_2 (rep 4)

--------------------------------------
Running model: GAT
Dataset: amazon_style_cc_restricted_features_fold_3
Repetition: 4
--------------------------------------
use device: cpu
Namespace(data='amazon_style_cc_restricted_features_fold_3', model_path='model.pt', train_iter_n=50, cuda=0, checkpoint='', epochs=100, patience=3, n_layers=2, n_heads=[4], dropout=0.5, model='GAT', lr=0.0001, weight_decay=0.0, batch_size=1024, edge_sample_ratio=1, test_with_CPU=False, decoder='dismult', feat_type=1)
args.feat_type 1
sys_path ['/home/simonettos/homhetgnn/HGB/LP/benchmark/methods/GNN', '/home/simonettos/homhetgnn/sbatches', '/home/simonettos/homhetgnn/HGB/LP/benchmark/methods/baseline', '/home/simonettos/homhetgnn/HGB/LP/benchmark', '/home/simonettos/homhetgnn/HGB/LP/benchmark/methods/GNN', '/home/simonettos/homhetgnn/HGB/LP/benchmark/methods/GNN/utils', '/home/simonettos/homhetgnn/HGB/LP/benchmark/methods/GNN/models', '/deepstore/software/anaconda3/2022.05/lib/python39.zip', '/deepstore/software/anaconda3/2022.05/lib/python3.9', '/deepstore/software/anaconda3/2022.05/lib/python3.9/lib-dynload', '/home/simonettos/homhetgnn/gpuvenv/lib/python3.9/site-packages', '../../', '../../']
Data path: /home/simonettos/homhetgnn/HGB/LP/benchmark/data/amazon_style_cc_restricted_features_fold_3
Loading nodes from /home/simonettos/homhetgnn/HGB/LP/benchmark/data/amazon_style_cc_restricted_features_fold_3/node.dat
edge types: dict_keys([0])
Getting training negative samples for edge types: [0]
nodes.shift keys: [0, 1]
nodes.count keys: [0, 1]
links.meta: {0: (1, 0)}
t_type about to use: 0
h_type: 1
shift dict: {0: 0, 1: 450}
count dict: Counter({0: 450, 1: 336})
Generated 905 negative samples for edge type 0
Info: load amazon_style_cc_restricted_features_fold_3 from original data and generate /home/simonettos/homhetgnn/HGB/LP/benchmark/data/amazon_style_cc_restricted_features_fold_3/dl_pickle 
edge types: [0]
dataset: amazon_style_cc_restricted_features_fold_3, eval_type: 0
epoch 0 | batch 0 |train loss 0.6942442655563354
Valid: loss 1.3416634798049927, score:{'roc_auc': 0.452392578125, 'MRR': 0.7222222222222223}
Saving model
epoch 0 | batch 1 |train loss 1.192423701286316
epoch 1 | batch 0 |train loss 0.6685489416122437
Valid: loss 0.8006465435028076, score:{'roc_auc': 0.60595703125, 'MRR': 0.7876984126984128}
Saving model
epoch 1 | batch 1 |train loss 0.7632017731666565
epoch 2 | batch 0 |train loss 0.6703101992607117
Valid: loss 0.6921690702438354, score:{'roc_auc': 0.586181640625, 'MRR': 0.7619047619047619}
Saving model
epoch 2 | batch 1 |train loss 0.6573447585105896
epoch 3 | batch 0 |train loss 0.6474009156227112
Valid: loss 0.6775331497192383, score:{'roc_auc': 0.67919921875, 'MRR': 0.8313492063492065}
Saving model
epoch 3 | batch 1 |train loss 0.5716521739959717
epoch 4 | batch 0 |train loss 0.593663215637207
Valid: loss 0.8023802638053894, score:{'roc_auc': 0.6806640625, 'MRR': 0.8432539682539684}
EarlyStopping counter: 1 out of 3
epoch 4 | batch 1 |train loss 0.5789021253585815
epoch 5 | batch 0 |train loss 0.5430034399032593
Valid: loss 0.6821482181549072, score:{'roc_auc': 0.709228515625, 'MRR': 0.8174603174603173}
EarlyStopping counter: 2 out of 3
epoch 5 | batch 1 |train loss 0.527298092842102
epoch 6 | batch 0 |train loss 0.5520373582839966
Valid: loss 0.6353188157081604, score:{'roc_auc': 0.72119140625, 'MRR': 0.8531746031746033}
Saving model
epoch 6 | batch 1 |train loss 0.5236172080039978
epoch 7 | batch 0 |train loss 0.5227373242378235
Valid: loss 0.6560394763946533, score:{'roc_auc': 0.7470703125, 'MRR': 0.8571428571428571}
EarlyStopping counter: 1 out of 3
epoch 7 | batch 1 |train loss 0.5031702518463135
epoch 8 | batch 0 |train loss 0.5291494131088257
Valid: loss 0.6972464919090271, score:{'roc_auc': 0.747802734375, 'MRR': 0.8412698412698413}
EarlyStopping counter: 2 out of 3
epoch 8 | batch 1 |train loss 0.49380674958229065
epoch 9 | batch 0 |train loss 0.49676841497421265
Valid: loss 0.6317906379699707, score:{'roc_auc': 0.7744140625, 'MRR': 0.882936507936508}
Saving model
epoch 9 | batch 1 |train loss 0.47066643834114075
epoch 10 | batch 0 |train loss 0.4875833988189697
Valid: loss 0.6132022738456726, score:{'roc_auc': 0.786376953125, 'MRR': 0.882936507936508}
Saving model
epoch 10 | batch 1 |train loss 0.47156476974487305
epoch 11 | batch 0 |train loss 0.47595369815826416
Valid: loss 0.6180537939071655, score:{'roc_auc': 0.7822265625, 'MRR': 0.8988095238095238}
EarlyStopping counter: 1 out of 3
epoch 11 | batch 1 |train loss 0.4546735882759094
epoch 12 | batch 0 |train loss 0.4632816016674042
Valid: loss 0.6025769710540771, score:{'roc_auc': 0.78662109375, 'MRR': 0.9226190476190477}
Saving model
epoch 12 | batch 1 |train loss 0.44961273670196533
epoch 13 | batch 0 |train loss 0.44355863332748413
Valid: loss 0.5640845894813538, score:{'roc_auc': 0.81298828125, 'MRR': 0.9246031746031746}
Saving model
epoch 13 | batch 1 |train loss 0.4352482259273529
epoch 14 | batch 0 |train loss 0.4313904643058777
Valid: loss 0.587627649307251, score:{'roc_auc': 0.80322265625, 'MRR': 0.9226190476190477}
EarlyStopping counter: 1 out of 3
epoch 14 | batch 1 |train loss 0.40957358479499817
epoch 15 | batch 0 |train loss 0.41015684604644775
Valid: loss 0.6696648597717285, score:{'roc_auc': 0.77294921875, 'MRR': 0.8908730158730158}
EarlyStopping counter: 2 out of 3
epoch 15 | batch 1 |train loss 0.39889368414878845
epoch 16 | batch 0 |train loss 0.39504605531692505
Valid: loss 0.7316545248031616, score:{'roc_auc': 0.76513671875, 'MRR': 0.867063492063492}
Meta keys: dict_keys([0])
Data keys: dict_keys([0])
Edge type: 0, Meta: (1, 0)
Average links per head: 1.79
Median: 1.0, Min: 1, Max: 11
len test_list[0] 243
len test_list[1] 243
len test_label 243
2 hop test: loss 0.7316545248031616, score:{'roc_auc': nan, 'MRR': 1.0}
(array([1]), array([243]))
[0.67175627 0.85109013 0.8671371  0.91372013 0.83438706 0.7992894
 0.797347   0.00115718 0.74856627 0.7602045  0.7012098  0.07076328
 0.9514448  0.07832975 0.93676794 0.1820344  0.14809556 0.41929603
 0.80989045 0.8666608 ]
Average links per head full random test: 2.05
Medianfull random test: 2.0, Min: 1, Max: 12
len test_list[0]full random test 486
len test_list[1]full random test 486
len test_label full random test 486
2 hop test: loss 0.7316545248031616, score:{'roc_auc': nan, 'MRR': 1.0}
edge type: 0, random_score: {'roc_auc': 0.7188606072922488, 'MRR': 0.9138480392156862}, score: {'roc_auc': nan, 'MRR': 1.0}
ROC_AUC: nan
Sec neigh test: score list: defaultdict(<class 'list'>, {'roc_auc': [nan], 'MRR': [1.0]})
Random test: score list: defaultdict(<class 'list'>, {'roc_auc': [0.7188606072922488], 'MRR': [0.9138480392156862]})
Sec neigh test:average score: defaultdict(<class 'list'>, {'roc_auc': nan, 'MRR': 1.0})
Random test: average score: defaultdict(<class 'list'>, {'roc_auc': 0.7189, 'MRR': 0.9138})
Completed: amazon_style_cc_restricted_features_fold_3 (rep 4)

--------------------------------------
Running model: GAT
Dataset: amazon_style_cc_restricted_features_fold_4
Repetition: 4
--------------------------------------
use device: cpu
Namespace(data='amazon_style_cc_restricted_features_fold_4', model_path='model.pt', train_iter_n=50, cuda=0, checkpoint='', epochs=100, patience=3, n_layers=2, n_heads=[4], dropout=0.5, model='GAT', lr=0.0001, weight_decay=0.0, batch_size=1024, edge_sample_ratio=1, test_with_CPU=False, decoder='dismult', feat_type=1)
args.feat_type 1
sys_path ['/home/simonettos/homhetgnn/HGB/LP/benchmark/methods/GNN', '/home/simonettos/homhetgnn/sbatches', '/home/simonettos/homhetgnn/HGB/LP/benchmark/methods/baseline', '/home/simonettos/homhetgnn/HGB/LP/benchmark', '/home/simonettos/homhetgnn/HGB/LP/benchmark/methods/GNN', '/home/simonettos/homhetgnn/HGB/LP/benchmark/methods/GNN/utils', '/home/simonettos/homhetgnn/HGB/LP/benchmark/methods/GNN/models', '/deepstore/software/anaconda3/2022.05/lib/python39.zip', '/deepstore/software/anaconda3/2022.05/lib/python3.9', '/deepstore/software/anaconda3/2022.05/lib/python3.9/lib-dynload', '/home/simonettos/homhetgnn/gpuvenv/lib/python3.9/site-packages', '../../', '../../']
Data path: /home/simonettos/homhetgnn/HGB/LP/benchmark/data/amazon_style_cc_restricted_features_fold_4
Loading nodes from /home/simonettos/homhetgnn/HGB/LP/benchmark/data/amazon_style_cc_restricted_features_fold_4/node.dat
edge types: dict_keys([0])
Getting training negative samples for edge types: [0]
nodes.shift keys: [0, 1]
nodes.count keys: [0, 1]
links.meta: {0: (1, 0)}
t_type about to use: 0
h_type: 1
shift dict: {0: 0, 1: 450}
count dict: Counter({0: 450, 1: 336})
Generated 893 negative samples for edge type 0
Info: load amazon_style_cc_restricted_features_fold_4 from original data and generate /home/simonettos/homhetgnn/HGB/LP/benchmark/data/amazon_style_cc_restricted_features_fold_4/dl_pickle 
edge types: [0]
dataset: amazon_style_cc_restricted_features_fold_4, eval_type: 0
epoch 0 | batch 0 |train loss 0.6972090005874634
Valid: loss 0.7757267951965332, score:{'roc_auc': 0.41161703601108035, 'MRR': 0.7227366255144033}
Saving model
epoch 0 | batch 1 |train loss 0.6843727231025696
epoch 1 | batch 0 |train loss 1.1591323614120483
Valid: loss 0.8063370585441589, score:{'roc_auc': 0.41750346260387816, 'MRR': 0.7410493827160495}
EarlyStopping counter: 1 out of 3
epoch 1 | batch 1 |train loss 0.6724539399147034
epoch 2 | batch 0 |train loss 0.7243881821632385
Valid: loss 0.7445488572120667, score:{'roc_auc': 0.4981821329639889, 'MRR': 0.753858024691358}
Saving model
epoch 2 | batch 1 |train loss 0.7228233218193054
epoch 3 | batch 0 |train loss 0.6575901508331299
Valid: loss 0.70158451795578, score:{'roc_auc': 0.5336738227146813, 'MRR': 0.7654320987654321}
Saving model
epoch 3 | batch 1 |train loss 0.6678304076194763
epoch 4 | batch 0 |train loss 0.6507957577705383
Valid: loss 0.7085509896278381, score:{'roc_auc': 0.5951350415512465, 'MRR': 0.7858024691358025}
EarlyStopping counter: 1 out of 3
epoch 4 | batch 1 |train loss 0.6153042316436768
epoch 5 | batch 0 |train loss 0.5970305800437927
Valid: loss 0.7934743762016296, score:{'roc_auc': 0.6121018005540166, 'MRR': 0.7858024691358025}
EarlyStopping counter: 2 out of 3
epoch 5 | batch 1 |train loss 0.6269177198410034
epoch 6 | batch 0 |train loss 0.5422555208206177
Valid: loss 0.7475273013114929, score:{'roc_auc': 0.6273372576177285, 'MRR': 0.804320987654321}
Meta keys: dict_keys([0])
Data keys: dict_keys([0])
Edge type: 0, Meta: (1, 0)
Average links per head: 1.76
Median: 1.0, Min: 1, Max: 14
len test_list[0] 243
len test_list[1] 243
len test_label 243
2 hop test: loss 0.7475273013114929, score:{'roc_auc': nan, 'MRR': 1.0}
(array([1]), array([243]))
[0.43724892 0.42967093 0.4110365  0.3867931  0.41851902 0.34753072
 0.4485499  0.3709673  0.41872022 0.41586477 0.4804089  0.48311844
 0.38817766 0.47256255 0.5121581  0.42377508 0.42355636 0.47511286
 0.48399705 0.322062  ]
Average links per head full random test: 2.03
Medianfull random test: 2.0, Min: 1, Max: 15
len test_list[0]full random test 486
len test_list[1]full random test 486
len test_label full random test 486
2 hop test: loss 0.7475273013114929, score:{'roc_auc': nan, 'MRR': 1.0}
edge type: 0, random_score: {'roc_auc': 0.6328981015766567, 'MRR': 0.933574879227053}, score: {'roc_auc': nan, 'MRR': 1.0}
ROC_AUC: nan
Sec neigh test: score list: defaultdict(<class 'list'>, {'roc_auc': [nan], 'MRR': [1.0]})
Random test: score list: defaultdict(<class 'list'>, {'roc_auc': [0.6328981015766567], 'MRR': [0.933574879227053]})
Sec neigh test:average score: defaultdict(<class 'list'>, {'roc_auc': nan, 'MRR': 1.0})
Random test: average score: defaultdict(<class 'list'>, {'roc_auc': 0.6329, 'MRR': 0.9336})
Completed: amazon_style_cc_restricted_features_fold_4 (rep 4)

--------------------------------------
Running model: GAT
Dataset: amazon_style_cc_restricted_features_fold_5
Repetition: 4
--------------------------------------
use device: cpu
Namespace(data='amazon_style_cc_restricted_features_fold_5', model_path='model.pt', train_iter_n=50, cuda=0, checkpoint='', epochs=100, patience=3, n_layers=2, n_heads=[4], dropout=0.5, model='GAT', lr=0.0001, weight_decay=0.0, batch_size=1024, edge_sample_ratio=1, test_with_CPU=False, decoder='dismult', feat_type=1)
args.feat_type 1
sys_path ['/home/simonettos/homhetgnn/HGB/LP/benchmark/methods/GNN', '/home/simonettos/homhetgnn/sbatches', '/home/simonettos/homhetgnn/HGB/LP/benchmark/methods/baseline', '/home/simonettos/homhetgnn/HGB/LP/benchmark', '/home/simonettos/homhetgnn/HGB/LP/benchmark/methods/GNN', '/home/simonettos/homhetgnn/HGB/LP/benchmark/methods/GNN/utils', '/home/simonettos/homhetgnn/HGB/LP/benchmark/methods/GNN/models', '/deepstore/software/anaconda3/2022.05/lib/python39.zip', '/deepstore/software/anaconda3/2022.05/lib/python3.9', '/deepstore/software/anaconda3/2022.05/lib/python3.9/lib-dynload', '/home/simonettos/homhetgnn/gpuvenv/lib/python3.9/site-packages', '../../', '../../']
Data path: /home/simonettos/homhetgnn/HGB/LP/benchmark/data/amazon_style_cc_restricted_features_fold_5
Loading nodes from /home/simonettos/homhetgnn/HGB/LP/benchmark/data/amazon_style_cc_restricted_features_fold_5/node.dat
edge types: dict_keys([0])
Getting training negative samples for edge types: [0]
nodes.shift keys: [0, 1]
nodes.count keys: [0, 1]
links.meta: {0: (1, 0)}
t_type about to use: 0
h_type: 1
shift dict: {0: 0, 1: 450}
count dict: Counter({0: 450, 1: 336})
Generated 899 negative samples for edge type 0
Info: load amazon_style_cc_restricted_features_fold_5 from original data and generate /home/simonettos/homhetgnn/HGB/LP/benchmark/data/amazon_style_cc_restricted_features_fold_5/dl_pickle 
edge types: [0]
dataset: amazon_style_cc_restricted_features_fold_5, eval_type: 0
epoch 0 | batch 0 |train loss 0.6976592540740967
Valid: loss 0.7745918035507202, score:{'roc_auc': 0.5113811728395062, 'MRR': 0.7145390070921985}
Saving model
epoch 0 | batch 1 |train loss 0.7056616544723511
epoch 1 | batch 0 |train loss 1.2408905029296875
Valid: loss 0.6699160933494568, score:{'roc_auc': 0.6583719135802469, 'MRR': 0.8173758865248228}
Saving model
epoch 1 | batch 1 |train loss 0.6323916912078857
epoch 2 | batch 0 |train loss 0.8036046624183655
Valid: loss 0.7879891991615295, score:{'roc_auc': 0.699266975308642, 'MRR': 0.8528368794326242}
EarlyStopping counter: 1 out of 3
epoch 2 | batch 1 |train loss 0.6985309720039368
epoch 3 | batch 0 |train loss 0.5840134024620056
Valid: loss 0.5878206491470337, score:{'roc_auc': 0.7592592592592592, 'MRR': 0.8528368794326242}
Saving model
epoch 3 | batch 1 |train loss 0.5693793892860413
epoch 4 | batch 0 |train loss 0.5581117272377014
Valid: loss 0.5697662830352783, score:{'roc_auc': 0.7841435185185186, 'MRR': 0.8634751773049646}
Saving model
epoch 4 | batch 1 |train loss 0.5754983425140381
epoch 5 | batch 0 |train loss 0.516606330871582
Valid: loss 0.5270892977714539, score:{'roc_auc': 0.8227237654320987, 'MRR': 0.925531914893617}
Saving model
epoch 5 | batch 1 |train loss 0.5176398158073425
epoch 6 | batch 0 |train loss 0.540048360824585
Valid: loss 0.5535038709640503, score:{'roc_auc': 0.8260030864197531, 'MRR': 0.925531914893617}
EarlyStopping counter: 1 out of 3
epoch 6 | batch 1 |train loss 0.5238356590270996
epoch 7 | batch 0 |train loss 0.5201852321624756
Valid: loss 0.5331213474273682, score:{'roc_auc': 0.8317901234567902, 'MRR': 0.9113475177304965}
EarlyStopping counter: 2 out of 3
epoch 7 | batch 1 |train loss 0.5212724208831787
epoch 8 | batch 0 |train loss 0.5042985677719116
Valid: loss 0.5003279447555542, score:{'roc_auc': 0.8333333333333333, 'MRR': 0.925531914893617}
Saving model
epoch 8 | batch 1 |train loss 0.4924043118953705
epoch 9 | batch 0 |train loss 0.4999762773513794
Valid: loss 0.48191410303115845, score:{'roc_auc': 0.8441358024691358, 'MRR': 0.925531914893617}
Saving model
epoch 9 | batch 1 |train loss 0.4834772050380707
epoch 10 | batch 0 |train loss 0.47823601961135864
Valid: loss 0.48209503293037415, score:{'roc_auc': 0.8454861111111112, 'MRR': 0.9202127659574468}
EarlyStopping counter: 1 out of 3
epoch 10 | batch 1 |train loss 0.48747706413269043
epoch 11 | batch 0 |train loss 0.46832773089408875
Valid: loss 0.5003966689109802, score:{'roc_auc': 0.8400848765432098, 'MRR': 0.9095744680851063}
EarlyStopping counter: 2 out of 3
epoch 11 | batch 1 |train loss 0.4750318229198456
epoch 12 | batch 0 |train loss 0.4672646224498749
Valid: loss 0.5219772458076477, score:{'roc_auc': 0.8350694444444444, 'MRR': 0.8776595744680851}
Meta keys: dict_keys([0])
Data keys: dict_keys([0])
Edge type: 0, Meta: (1, 0)
Average links per head: 1.74
Median: 1.0, Min: 1, Max: 13
len test_list[0] 242
len test_list[1] 242
len test_label 242
2 hop test: loss 0.5219772458076477, score:{'roc_auc': nan, 'MRR': 1.0}
(array([1]), array([242]))
[0.00282018 0.65277773 0.0911482  0.7448104  0.72101974 0.6440145
 0.7955531  0.8585735  0.9367785  0.9071948  0.33499274 0.80540437
 0.8701332  0.8336711  0.988364   0.4512575  0.76690626 0.3564993
 0.06659473 0.7224284 ]
Average links per head full random test: 1.99
Medianfull random test: 2.0, Min: 1, Max: 14
len test_list[0]full random test 484
len test_list[1]full random test 484
len test_label full random test 484
2 hop test: loss 0.5219772458076477, score:{'roc_auc': nan, 'MRR': 1.0}
edge type: 0, random_score: {'roc_auc': 0.7334881497165494, 'MRR': 0.9376498800959231}, score: {'roc_auc': nan, 'MRR': 1.0}
ROC_AUC: nan
Sec neigh test: score list: defaultdict(<class 'list'>, {'roc_auc': [nan], 'MRR': [1.0]})
Random test: score list: defaultdict(<class 'list'>, {'roc_auc': [0.7334881497165494], 'MRR': [0.9376498800959231]})
Sec neigh test:average score: defaultdict(<class 'list'>, {'roc_auc': nan, 'MRR': 1.0})
Random test: average score: defaultdict(<class 'list'>, {'roc_auc': 0.7335, 'MRR': 0.9376})
Completed: amazon_style_cc_restricted_features_fold_5 (rep 4)

=== Repetition 5/6 ===
--------------------------------------
Running model: GAT
Dataset: amazon_style_cc_restricted_features_fold_1
Repetition: 5
--------------------------------------
use device: cpu
Namespace(data='amazon_style_cc_restricted_features_fold_1', model_path='model.pt', train_iter_n=50, cuda=0, checkpoint='', epochs=100, patience=3, n_layers=2, n_heads=[4], dropout=0.5, model='GAT', lr=0.0001, weight_decay=0.0, batch_size=1024, edge_sample_ratio=1, test_with_CPU=False, decoder='dismult', feat_type=1)
args.feat_type 1
sys_path ['/home/simonettos/homhetgnn/HGB/LP/benchmark/methods/GNN', '/home/simonettos/homhetgnn/sbatches', '/home/simonettos/homhetgnn/HGB/LP/benchmark/methods/baseline', '/home/simonettos/homhetgnn/HGB/LP/benchmark', '/home/simonettos/homhetgnn/HGB/LP/benchmark/methods/GNN', '/home/simonettos/homhetgnn/HGB/LP/benchmark/methods/GNN/utils', '/home/simonettos/homhetgnn/HGB/LP/benchmark/methods/GNN/models', '/deepstore/software/anaconda3/2022.05/lib/python39.zip', '/deepstore/software/anaconda3/2022.05/lib/python3.9', '/deepstore/software/anaconda3/2022.05/lib/python3.9/lib-dynload', '/home/simonettos/homhetgnn/gpuvenv/lib/python3.9/site-packages', '../../', '../../']
Data path: /home/simonettos/homhetgnn/HGB/LP/benchmark/data/amazon_style_cc_restricted_features_fold_1
Loading nodes from /home/simonettos/homhetgnn/HGB/LP/benchmark/data/amazon_style_cc_restricted_features_fold_1/node.dat
edge types: dict_keys([0])
Getting training negative samples for edge types: [0]
nodes.shift keys: [0, 1]
nodes.count keys: [0, 1]
links.meta: {0: (1, 0)}
t_type about to use: 0
h_type: 1
shift dict: {0: 0, 1: 450}
count dict: Counter({0: 450, 1: 336})
Generated 894 negative samples for edge type 0
Info: load amazon_style_cc_restricted_features_fold_1 from original data and generate /home/simonettos/homhetgnn/HGB/LP/benchmark/data/amazon_style_cc_restricted_features_fold_1/dl_pickle 
edge types: [0]
dataset: amazon_style_cc_restricted_features_fold_1, eval_type: 0
epoch 0 | batch 0 |train loss 0.6964689493179321
Valid: loss 0.8470298647880554, score:{'roc_auc': 0.512292243767313, 'MRR': 0.69}
Saving model
epoch 0 | batch 1 |train loss 0.8141396641731262
epoch 1 | batch 0 |train loss 0.8960318565368652
Valid: loss 0.7938514351844788, score:{'roc_auc': 0.46935595567867033, 'MRR': 0.7}
Saving model
epoch 1 | batch 1 |train loss 0.7267841100692749
epoch 2 | batch 0 |train loss 0.6650746464729309
Valid: loss 0.6806341409683228, score:{'roc_auc': 0.6989265927977839, 'MRR': 0.8666666666666666}
Saving model
epoch 2 | batch 1 |train loss 0.6806333661079407
epoch 3 | batch 0 |train loss 0.6822184324264526
Valid: loss 0.6646242141723633, score:{'roc_auc': 0.7429016620498615, 'MRR': 0.8866666666666666}
Saving model
epoch 3 | batch 1 |train loss 0.6700265407562256
epoch 4 | batch 0 |train loss 0.6563451886177063
Valid: loss 0.6696372032165527, score:{'roc_auc': 0.6970221606648199, 'MRR': 0.7816666666666667}
EarlyStopping counter: 1 out of 3
epoch 4 | batch 1 |train loss 0.6409271359443665
epoch 5 | batch 0 |train loss 0.6404733061790466
Valid: loss 0.6655605435371399, score:{'roc_auc': 0.6684556786703599, 'MRR': 0.7716666666666667}
EarlyStopping counter: 2 out of 3
epoch 5 | batch 1 |train loss 0.6151023507118225
epoch 6 | batch 0 |train loss 0.6232151389122009
Valid: loss 0.6814337372779846, score:{'roc_auc': 0.663781163434903, 'MRR': 0.7716666666666667}
Meta keys: dict_keys([0])
Data keys: dict_keys([0])
Edge type: 0, Meta: (1, 0)
Average links per head: 1.71
Median: 1.0, Min: 1, Max: 17
len test_list[0] 243
len test_list[1] 243
len test_label 243
2 hop test: loss 0.6814337372779846, score:{'roc_auc': nan, 'MRR': 1.0}
(array([1]), array([243]))
[0.5414828  0.56019455 0.54662895 0.53538287 0.5352129  0.5418694
 0.55167663 0.61092675 0.5984342  0.59928113 0.5368979  0.53863543
 0.59336185 0.59844345 0.6033067  0.5961532  0.6290458  0.52669346
 0.6736942  0.56566066]
Average links per head full random test: 2.09
Medianfull random test: 2.0, Min: 1, Max: 18
len test_list[0]full random test 486
len test_list[1]full random test 486
len test_label full random test 486
2 hop test: loss 0.6814337372779846, score:{'roc_auc': nan, 'MRR': 1.0}
edge type: 0, random_score: {'roc_auc': 0.7360327863299971, 'MRR': 0.9178403755868543}, score: {'roc_auc': nan, 'MRR': 1.0}
ROC_AUC: nan
Sec neigh test: score list: defaultdict(<class 'list'>, {'roc_auc': [nan], 'MRR': [1.0]})
Random test: score list: defaultdict(<class 'list'>, {'roc_auc': [0.7360327863299971], 'MRR': [0.9178403755868543]})
Sec neigh test:average score: defaultdict(<class 'list'>, {'roc_auc': nan, 'MRR': 1.0})
Random test: average score: defaultdict(<class 'list'>, {'roc_auc': 0.736, 'MRR': 0.9178})
Completed: amazon_style_cc_restricted_features_fold_1 (rep 5)

--------------------------------------
Running model: GAT
Dataset: amazon_style_cc_restricted_features_fold_2
Repetition: 5
--------------------------------------
use device: cpu
Namespace(data='amazon_style_cc_restricted_features_fold_2', model_path='model.pt', train_iter_n=50, cuda=0, checkpoint='', epochs=100, patience=3, n_layers=2, n_heads=[4], dropout=0.5, model='GAT', lr=0.0001, weight_decay=0.0, batch_size=1024, edge_sample_ratio=1, test_with_CPU=False, decoder='dismult', feat_type=1)
args.feat_type 1
sys_path ['/home/simonettos/homhetgnn/HGB/LP/benchmark/methods/GNN', '/home/simonettos/homhetgnn/sbatches', '/home/simonettos/homhetgnn/HGB/LP/benchmark/methods/baseline', '/home/simonettos/homhetgnn/HGB/LP/benchmark', '/home/simonettos/homhetgnn/HGB/LP/benchmark/methods/GNN', '/home/simonettos/homhetgnn/HGB/LP/benchmark/methods/GNN/utils', '/home/simonettos/homhetgnn/HGB/LP/benchmark/methods/GNN/models', '/deepstore/software/anaconda3/2022.05/lib/python39.zip', '/deepstore/software/anaconda3/2022.05/lib/python3.9', '/deepstore/software/anaconda3/2022.05/lib/python3.9/lib-dynload', '/home/simonettos/homhetgnn/gpuvenv/lib/python3.9/site-packages', '../../', '../../']
Data path: /home/simonettos/homhetgnn/HGB/LP/benchmark/data/amazon_style_cc_restricted_features_fold_2
Loading nodes from /home/simonettos/homhetgnn/HGB/LP/benchmark/data/amazon_style_cc_restricted_features_fold_2/node.dat
edge types: dict_keys([0])
Getting training negative samples for edge types: [0]
nodes.shift keys: [0, 1]
nodes.count keys: [0, 1]
links.meta: {0: (1, 0)}
t_type about to use: 0
h_type: 1
shift dict: {0: 0, 1: 450}
count dict: Counter({0: 450, 1: 336})
Generated 909 negative samples for edge type 0
Info: load amazon_style_cc_restricted_features_fold_2 from original data and generate /home/simonettos/homhetgnn/HGB/LP/benchmark/data/amazon_style_cc_restricted_features_fold_2/dl_pickle 
edge types: [0]
dataset: amazon_style_cc_restricted_features_fold_2, eval_type: 0
epoch 0 | batch 0 |train loss 0.6962035894393921
Valid: loss 0.8664074540138245, score:{'roc_auc': 0.4725546305931322, 'MRR': 0.758527131782946}
Saving model
epoch 0 | batch 1 |train loss 0.8266286253929138
epoch 1 | batch 0 |train loss 0.923693835735321
Valid: loss 0.8676888942718506, score:{'roc_auc': 0.3839750260145682, 'MRR': 0.6732558139534883}
EarlyStopping counter: 1 out of 3
epoch 1 | batch 1 |train loss 0.748796820640564
epoch 2 | batch 0 |train loss 0.6648553013801575
Valid: loss 0.6994075179100037, score:{'roc_auc': 0.5662070759625389, 'MRR': 0.7817829457364343}
Saving model
epoch 2 | batch 1 |train loss 0.6808617115020752
epoch 3 | batch 0 |train loss 0.6872799396514893
Valid: loss 0.6820235848426819, score:{'roc_auc': 0.6687044745057231, 'MRR': 0.7945736434108528}
Saving model
epoch 3 | batch 1 |train loss 0.669712483882904
epoch 4 | batch 0 |train loss 0.660904049873352
Valid: loss 0.69094318151474, score:{'roc_auc': 0.6018470343392299, 'MRR': 0.806201550387597}
EarlyStopping counter: 1 out of 3
epoch 4 | batch 1 |train loss 0.6540215015411377
epoch 5 | batch 0 |train loss 0.6530246138572693
Valid: loss 0.6968826055526733, score:{'roc_auc': 0.575312174817898, 'MRR': 0.7934108527131785}
EarlyStopping counter: 2 out of 3
epoch 5 | batch 1 |train loss 0.6327056288719177
epoch 6 | batch 0 |train loss 0.6201846599578857
Valid: loss 0.7090375423431396, score:{'roc_auc': 0.5721904266389177, 'MRR': 0.7934108527131785}
Meta keys: dict_keys([0])
Data keys: dict_keys([0])
Edge type: 0, Meta: (1, 0)
Average links per head: 1.81
Median: 1.0, Min: 1, Max: 15
len test_list[0] 243
len test_list[1] 243
len test_label 243
2 hop test: loss 0.7090375423431396, score:{'roc_auc': nan, 'MRR': 1.0}
(array([1]), array([243]))
[0.5108329  0.51967967 0.51515746 0.61030024 0.5775221  0.60142964
 0.54650986 0.59097755 0.5844802  0.5895756  0.59111196 0.6037749
 0.589381   0.59724313 0.56835634 0.6143397  0.48894885 0.5126147
 0.55469966 0.5654016 ]
Average links per head full random test: 2.09
Medianfull random test: 2.0, Min: 1, Max: 16
len test_list[0]full random test 486
len test_list[1]full random test 486
len test_label full random test 486
2 hop test: loss 0.7090375423431396, score:{'roc_auc': nan, 'MRR': 1.0}
edge type: 0, random_score: {'roc_auc': 0.7675320496536774, 'MRR': 0.8982587064676617}, score: {'roc_auc': nan, 'MRR': 1.0}
ROC_AUC: nan
Sec neigh test: score list: defaultdict(<class 'list'>, {'roc_auc': [nan], 'MRR': [1.0]})
Random test: score list: defaultdict(<class 'list'>, {'roc_auc': [0.7675320496536774], 'MRR': [0.8982587064676617]})
Sec neigh test:average score: defaultdict(<class 'list'>, {'roc_auc': nan, 'MRR': 1.0})
Random test: average score: defaultdict(<class 'list'>, {'roc_auc': 0.7675, 'MRR': 0.8983})
Completed: amazon_style_cc_restricted_features_fold_2 (rep 5)

--------------------------------------
Running model: GAT
Dataset: amazon_style_cc_restricted_features_fold_3
Repetition: 5
--------------------------------------
use device: cpu
Namespace(data='amazon_style_cc_restricted_features_fold_3', model_path='model.pt', train_iter_n=50, cuda=0, checkpoint='', epochs=100, patience=3, n_layers=2, n_heads=[4], dropout=0.5, model='GAT', lr=0.0001, weight_decay=0.0, batch_size=1024, edge_sample_ratio=1, test_with_CPU=False, decoder='dismult', feat_type=1)
args.feat_type 1
sys_path ['/home/simonettos/homhetgnn/HGB/LP/benchmark/methods/GNN', '/home/simonettos/homhetgnn/sbatches', '/home/simonettos/homhetgnn/HGB/LP/benchmark/methods/baseline', '/home/simonettos/homhetgnn/HGB/LP/benchmark', '/home/simonettos/homhetgnn/HGB/LP/benchmark/methods/GNN', '/home/simonettos/homhetgnn/HGB/LP/benchmark/methods/GNN/utils', '/home/simonettos/homhetgnn/HGB/LP/benchmark/methods/GNN/models', '/deepstore/software/anaconda3/2022.05/lib/python39.zip', '/deepstore/software/anaconda3/2022.05/lib/python3.9', '/deepstore/software/anaconda3/2022.05/lib/python3.9/lib-dynload', '/home/simonettos/homhetgnn/gpuvenv/lib/python3.9/site-packages', '../../', '../../']
Data path: /home/simonettos/homhetgnn/HGB/LP/benchmark/data/amazon_style_cc_restricted_features_fold_3
Loading nodes from /home/simonettos/homhetgnn/HGB/LP/benchmark/data/amazon_style_cc_restricted_features_fold_3/node.dat
edge types: dict_keys([0])
Getting training negative samples for edge types: [0]
nodes.shift keys: [0, 1]
nodes.count keys: [0, 1]
links.meta: {0: (1, 0)}
t_type about to use: 0
h_type: 1
shift dict: {0: 0, 1: 450}
count dict: Counter({0: 450, 1: 336})
Generated 920 negative samples for edge type 0
Info: load amazon_style_cc_restricted_features_fold_3 from original data and generate /home/simonettos/homhetgnn/HGB/LP/benchmark/data/amazon_style_cc_restricted_features_fold_3/dl_pickle 
edge types: [0]
dataset: amazon_style_cc_restricted_features_fold_3, eval_type: 0
epoch 0 | batch 0 |train loss 0.6964350938796997
Valid: loss 1.0230287313461304, score:{'roc_auc': 0.4302374010828821, 'MRR': 0.6738095238095237}
Saving model
epoch 0 | batch 1 |train loss 0.839066207408905
epoch 1 | batch 0 |train loss 0.9961056709289551
Valid: loss 0.7292301654815674, score:{'roc_auc': 0.6355685131195334, 'MRR': 0.8309523809523809}
Saving model
epoch 1 | batch 1 |train loss 0.7048466801643372
epoch 2 | batch 0 |train loss 0.6558744311332703
Valid: loss 0.7197787165641785, score:{'roc_auc': 0.6568096626405664, 'MRR': 0.8595238095238096}
Saving model
epoch 2 | batch 1 |train loss 0.6869827508926392
epoch 3 | batch 0 |train loss 0.6620336771011353
Valid: loss 0.6619740724563599, score:{'roc_auc': 0.6826322365680966, 'MRR': 0.8595238095238096}
Saving model
epoch 3 | batch 1 |train loss 0.61799556016922
epoch 4 | batch 0 |train loss 0.5788856744766235
Valid: loss 0.6207512021064758, score:{'roc_auc': 0.7330279050395668, 'MRR': 0.8547619047619047}
Saving model
epoch 4 | batch 1 |train loss 0.5368736982345581
epoch 5 | batch 0 |train loss 0.5474036335945129
Valid: loss 0.6375972628593445, score:{'roc_auc': 0.741774260724698, 'MRR': 0.8595238095238096}
EarlyStopping counter: 1 out of 3
epoch 5 | batch 1 |train loss 0.5107553005218506
epoch 6 | batch 0 |train loss 0.5050591826438904
Valid: loss 0.6090589761734009, score:{'roc_auc': 0.7517700957934194, 'MRR': 0.8642857142857143}
Saving model
epoch 6 | batch 1 |train loss 0.5064762830734253
epoch 7 | batch 0 |train loss 0.5134343504905701
Valid: loss 0.6326533555984497, score:{'roc_auc': 0.7730112453144523, 'MRR': 0.8785714285714286}
EarlyStopping counter: 1 out of 3
epoch 7 | batch 1 |train loss 0.4932956397533417
epoch 8 | batch 0 |train loss 0.503416895866394
Valid: loss 0.6043777465820312, score:{'roc_auc': 0.7850895460224906, 'MRR': 0.9142857142857143}
Saving model
epoch 8 | batch 1 |train loss 0.47467660903930664
epoch 9 | batch 0 |train loss 0.48067551851272583
Valid: loss 0.5575181841850281, score:{'roc_auc': 0.8054977092877967, 'MRR': 0.9238095238095239}
Saving model
epoch 9 | batch 1 |train loss 0.47015589475631714
epoch 10 | batch 0 |train loss 0.4768799841403961
Valid: loss 0.568028450012207, score:{'roc_auc': 0.795085381091212, 'MRR': 0.9190476190476192}
EarlyStopping counter: 1 out of 3
epoch 10 | batch 1 |train loss 0.44704270362854004
epoch 11 | batch 0 |train loss 0.4662402868270874
Valid: loss 0.6079731583595276, score:{'roc_auc': 0.7813411078717202, 'MRR': 0.9023809523809524}
EarlyStopping counter: 2 out of 3
epoch 11 | batch 1 |train loss 0.4421582818031311
epoch 12 | batch 0 |train loss 0.4478723406791687
Valid: loss 0.5749256610870361, score:{'roc_auc': 0.8009162848812994, 'MRR': 0.9023809523809524}
Meta keys: dict_keys([0])
Data keys: dict_keys([0])
Edge type: 0, Meta: (1, 0)
Average links per head: 1.79
Median: 1.0, Min: 1, Max: 11
len test_list[0] 243
len test_list[1] 243
len test_label 243
2 hop test: loss 0.5749256610870361, score:{'roc_auc': nan, 'MRR': 1.0}
(array([1]), array([243]))
[5.5197573e-01 8.4600735e-01 8.5377330e-01 7.8223497e-01 8.0792379e-01
 7.5076419e-01 8.6678213e-01 1.9837610e-04 8.0931437e-01 9.1569620e-01
 8.2550669e-01 7.6773749e-03 8.7752974e-01 8.9480635e-03 9.3067259e-01
 3.4999391e-01 3.1326437e-01 2.3780674e-01 8.4714210e-01 6.3917428e-01]
Average links per head full random test: 2.05
Medianfull random test: 2.0, Min: 1, Max: 12
len test_list[0]full random test 486
len test_list[1]full random test 486
len test_label full random test 486
2 hop test: loss 0.5749256610870361, score:{'roc_auc': nan, 'MRR': 1.0}
edge type: 0, random_score: {'roc_auc': 0.7289539196260733, 'MRR': 0.91875}, score: {'roc_auc': nan, 'MRR': 1.0}
ROC_AUC: nan
Sec neigh test: score list: defaultdict(<class 'list'>, {'roc_auc': [nan], 'MRR': [1.0]})
Random test: score list: defaultdict(<class 'list'>, {'roc_auc': [0.7289539196260733], 'MRR': [0.91875]})
Sec neigh test:average score: defaultdict(<class 'list'>, {'roc_auc': nan, 'MRR': 1.0})
Random test: average score: defaultdict(<class 'list'>, {'roc_auc': 0.729, 'MRR': 0.9188})
Completed: amazon_style_cc_restricted_features_fold_3 (rep 5)

--------------------------------------
Running model: GAT
Dataset: amazon_style_cc_restricted_features_fold_4
Repetition: 5
--------------------------------------
use device: cpu
Namespace(data='amazon_style_cc_restricted_features_fold_4', model_path='model.pt', train_iter_n=50, cuda=0, checkpoint='', epochs=100, patience=3, n_layers=2, n_heads=[4], dropout=0.5, model='GAT', lr=0.0001, weight_decay=0.0, batch_size=1024, edge_sample_ratio=1, test_with_CPU=False, decoder='dismult', feat_type=1)
args.feat_type 1
sys_path ['/home/simonettos/homhetgnn/HGB/LP/benchmark/methods/GNN', '/home/simonettos/homhetgnn/sbatches', '/home/simonettos/homhetgnn/HGB/LP/benchmark/methods/baseline', '/home/simonettos/homhetgnn/HGB/LP/benchmark', '/home/simonettos/homhetgnn/HGB/LP/benchmark/methods/GNN', '/home/simonettos/homhetgnn/HGB/LP/benchmark/methods/GNN/utils', '/home/simonettos/homhetgnn/HGB/LP/benchmark/methods/GNN/models', '/deepstore/software/anaconda3/2022.05/lib/python39.zip', '/deepstore/software/anaconda3/2022.05/lib/python3.9', '/deepstore/software/anaconda3/2022.05/lib/python3.9/lib-dynload', '/home/simonettos/homhetgnn/gpuvenv/lib/python3.9/site-packages', '../../', '../../']
Data path: /home/simonettos/homhetgnn/HGB/LP/benchmark/data/amazon_style_cc_restricted_features_fold_4
Loading nodes from /home/simonettos/homhetgnn/HGB/LP/benchmark/data/amazon_style_cc_restricted_features_fold_4/node.dat
edge types: dict_keys([0])
Getting training negative samples for edge types: [0]
nodes.shift keys: [0, 1]
nodes.count keys: [0, 1]
links.meta: {0: (1, 0)}
t_type about to use: 0
h_type: 1
shift dict: {0: 0, 1: 450}
count dict: Counter({0: 450, 1: 336})
Generated 898 negative samples for edge type 0
Info: load amazon_style_cc_restricted_features_fold_4 from original data and generate /home/simonettos/homhetgnn/HGB/LP/benchmark/data/amazon_style_cc_restricted_features_fold_4/dl_pickle 
edge types: [0]
dataset: amazon_style_cc_restricted_features_fold_4, eval_type: 0
epoch 0 | batch 0 |train loss 0.6996607780456543
Valid: loss 1.3914467096328735, score:{'roc_auc': 0.38781987700853005, 'MRR': 0.6790697674418604}
Saving model
epoch 0 | batch 1 |train loss 1.2835971117019653
epoch 1 | batch 0 |train loss 0.6934565305709839
Valid: loss 0.7401387095451355, score:{'roc_auc': 0.6308272168220592, 'MRR': 0.8294573643410854}
Saving model
epoch 1 | batch 1 |train loss 0.7385033369064331
epoch 2 | batch 0 |train loss 0.7169961929321289
Valid: loss 0.6824107766151428, score:{'roc_auc': 0.6457052172188058, 'MRR': 0.7965116279069767}
Saving model
epoch 2 | batch 1 |train loss 0.6736782789230347
epoch 3 | batch 0 |train loss 0.6822558641433716
Valid: loss 0.7156915068626404, score:{'roc_auc': 0.5455266812140449, 'MRR': 0.7771317829457364}
EarlyStopping counter: 1 out of 3
epoch 3 | batch 1 |train loss 0.6808499097824097
epoch 4 | batch 0 |train loss 0.6672490239143372
Valid: loss 0.6879853010177612, score:{'roc_auc': 0.5873834556635588, 'MRR': 0.7635658914728681}
EarlyStopping counter: 2 out of 3
epoch 4 | batch 1 |train loss 0.652985155582428
epoch 5 | batch 0 |train loss 0.6814292669296265
Valid: loss 0.6946548819541931, score:{'roc_auc': 0.5762745487006545, 'MRR': 0.75}
Meta keys: dict_keys([0])
Data keys: dict_keys([0])
Edge type: 0, Meta: (1, 0)
Average links per head: 1.76
Median: 1.0, Min: 1, Max: 14
len test_list[0] 243
len test_list[1] 243
len test_label 243
2 hop test: loss 0.6946548819541931, score:{'roc_auc': nan, 'MRR': 1.0}
(array([1]), array([243]))
[0.41891146 0.51868224 0.5368981  0.52772474 0.52579075 0.47799143
 0.57773    0.5097445  0.5657558  0.5697776  0.5793237  0.5537227
 0.5629297  0.618002   0.5552074  0.51483226 0.51474935 0.5698775
 0.5569659  0.6840305 ]
Average links per head full random test: 2.03
Medianfull random test: 2.0, Min: 1, Max: 15
len test_list[0]full random test 486
len test_list[1]full random test 486
len test_label full random test 486
2 hop test: loss 0.6946548819541931, score:{'roc_auc': nan, 'MRR': 1.0}
edge type: 0, random_score: {'roc_auc': 0.7353045775542346, 'MRR': 0.9251207729468599}, score: {'roc_auc': nan, 'MRR': 1.0}
ROC_AUC: nan
Sec neigh test: score list: defaultdict(<class 'list'>, {'roc_auc': [nan], 'MRR': [1.0]})
Random test: score list: defaultdict(<class 'list'>, {'roc_auc': [0.7353045775542346], 'MRR': [0.9251207729468599]})
Sec neigh test:average score: defaultdict(<class 'list'>, {'roc_auc': nan, 'MRR': 1.0})
Random test: average score: defaultdict(<class 'list'>, {'roc_auc': 0.7353, 'MRR': 0.9251})
Completed: amazon_style_cc_restricted_features_fold_4 (rep 5)

--------------------------------------
Running model: GAT
Dataset: amazon_style_cc_restricted_features_fold_5
Repetition: 5
--------------------------------------
use device: cpu
Namespace(data='amazon_style_cc_restricted_features_fold_5', model_path='model.pt', train_iter_n=50, cuda=0, checkpoint='', epochs=100, patience=3, n_layers=2, n_heads=[4], dropout=0.5, model='GAT', lr=0.0001, weight_decay=0.0, batch_size=1024, edge_sample_ratio=1, test_with_CPU=False, decoder='dismult', feat_type=1)
args.feat_type 1
sys_path ['/home/simonettos/homhetgnn/HGB/LP/benchmark/methods/GNN', '/home/simonettos/homhetgnn/sbatches', '/home/simonettos/homhetgnn/HGB/LP/benchmark/methods/baseline', '/home/simonettos/homhetgnn/HGB/LP/benchmark', '/home/simonettos/homhetgnn/HGB/LP/benchmark/methods/GNN', '/home/simonettos/homhetgnn/HGB/LP/benchmark/methods/GNN/utils', '/home/simonettos/homhetgnn/HGB/LP/benchmark/methods/GNN/models', '/deepstore/software/anaconda3/2022.05/lib/python39.zip', '/deepstore/software/anaconda3/2022.05/lib/python3.9', '/deepstore/software/anaconda3/2022.05/lib/python3.9/lib-dynload', '/home/simonettos/homhetgnn/gpuvenv/lib/python3.9/site-packages', '../../', '../../']
Data path: /home/simonettos/homhetgnn/HGB/LP/benchmark/data/amazon_style_cc_restricted_features_fold_5
Loading nodes from /home/simonettos/homhetgnn/HGB/LP/benchmark/data/amazon_style_cc_restricted_features_fold_5/node.dat
edge types: dict_keys([0])
Getting training negative samples for edge types: [0]
nodes.shift keys: [0, 1]
nodes.count keys: [0, 1]
links.meta: {0: (1, 0)}
t_type about to use: 0
h_type: 1
shift dict: {0: 0, 1: 450}
count dict: Counter({0: 450, 1: 336})
Generated 912 negative samples for edge type 0
Info: load amazon_style_cc_restricted_features_fold_5 from original data and generate /home/simonettos/homhetgnn/HGB/LP/benchmark/data/amazon_style_cc_restricted_features_fold_5/dl_pickle 
edge types: [0]
dataset: amazon_style_cc_restricted_features_fold_5, eval_type: 0
epoch 0 | batch 0 |train loss 0.7044535875320435
Valid: loss 1.7178586721420288, score:{'roc_auc': 0.35794311979316284, 'MRR': 0.6097560975609756}
Saving model
epoch 0 | batch 1 |train loss 1.573056697845459
epoch 1 | batch 0 |train loss 0.7331402897834778
Valid: loss 0.7266924381256104, score:{'roc_auc': 0.5650675093363975, 'MRR': 0.7479674796747967}
Saving model
epoch 1 | batch 1 |train loss 0.7105247378349304
epoch 2 | batch 0 |train loss 0.7336275577545166
Valid: loss 0.6921005249023438, score:{'roc_auc': 0.6228095374892272, 'MRR': 0.8008130081300812}
Saving model
epoch 2 | batch 1 |train loss 0.6783151030540466
epoch 3 | batch 0 |train loss 0.6550493240356445
Valid: loss 0.7230761647224426, score:{'roc_auc': 0.5958058029301925, 'MRR': 0.7886178861788616}
EarlyStopping counter: 1 out of 3
epoch 3 | batch 1 |train loss 0.6372209191322327
epoch 4 | batch 0 |train loss 0.5784066319465637
Valid: loss 0.8167892694473267, score:{'roc_auc': 0.6423441539787418, 'MRR': 0.8252032520325202}
EarlyStopping counter: 2 out of 3
epoch 4 | batch 1 |train loss 0.5682421326637268
epoch 5 | batch 0 |train loss 0.5668463706970215
Valid: loss 0.8301193118095398, score:{'roc_auc': 0.645216891697788, 'MRR': 0.8252032520325202}
Meta keys: dict_keys([0])
Data keys: dict_keys([0])
Edge type: 0, Meta: (1, 0)
Average links per head: 1.74
Median: 1.0, Min: 1, Max: 13
len test_list[0] 242
len test_list[1] 242
len test_label 242
2 hop test: loss 0.8301193118095398, score:{'roc_auc': nan, 'MRR': 1.0}
(array([1]), array([242]))
[0.5681203  0.59603155 0.59868664 0.5759705  0.57937455 0.5969903
 0.605423   0.6109306  0.56930906 0.6088217  0.6132303  0.6064591
 0.6127845  0.6122649  0.56043905 0.5399931  0.54644    0.54287034
 0.52609015 0.54471976]
Average links per head full random test: 1.99
Medianfull random test: 2.0, Min: 1, Max: 14
len test_list[0]full random test 484
len test_list[1]full random test 484
len test_label full random test 484
2 hop test: loss 0.8301193118095398, score:{'roc_auc': nan, 'MRR': 1.0}
edge type: 0, random_score: {'roc_auc': 0.6503141861894679, 'MRR': 0.9220623501199042}, score: {'roc_auc': nan, 'MRR': 1.0}
ROC_AUC: nan
Sec neigh test: score list: defaultdict(<class 'list'>, {'roc_auc': [nan], 'MRR': [1.0]})
Random test: score list: defaultdict(<class 'list'>, {'roc_auc': [0.6503141861894679], 'MRR': [0.9220623501199042]})
Sec neigh test:average score: defaultdict(<class 'list'>, {'roc_auc': nan, 'MRR': 1.0})
Random test: average score: defaultdict(<class 'list'>, {'roc_auc': 0.6503, 'MRR': 0.9221})
Completed: amazon_style_cc_restricted_features_fold_5 (rep 5)

=== Repetition 6/6 ===
--------------------------------------
Running model: GAT
Dataset: amazon_style_cc_restricted_features_fold_1
Repetition: 6
--------------------------------------
use device: cpu
Namespace(data='amazon_style_cc_restricted_features_fold_1', model_path='model.pt', train_iter_n=50, cuda=0, checkpoint='', epochs=100, patience=3, n_layers=2, n_heads=[4], dropout=0.5, model='GAT', lr=0.0001, weight_decay=0.0, batch_size=1024, edge_sample_ratio=1, test_with_CPU=False, decoder='dismult', feat_type=1)
args.feat_type 1
sys_path ['/home/simonettos/homhetgnn/HGB/LP/benchmark/methods/GNN', '/home/simonettos/homhetgnn/sbatches', '/home/simonettos/homhetgnn/HGB/LP/benchmark/methods/baseline', '/home/simonettos/homhetgnn/HGB/LP/benchmark', '/home/simonettos/homhetgnn/HGB/LP/benchmark/methods/GNN', '/home/simonettos/homhetgnn/HGB/LP/benchmark/methods/GNN/utils', '/home/simonettos/homhetgnn/HGB/LP/benchmark/methods/GNN/models', '/deepstore/software/anaconda3/2022.05/lib/python39.zip', '/deepstore/software/anaconda3/2022.05/lib/python3.9', '/deepstore/software/anaconda3/2022.05/lib/python3.9/lib-dynload', '/home/simonettos/homhetgnn/gpuvenv/lib/python3.9/site-packages', '../../', '../../']
Data path: /home/simonettos/homhetgnn/HGB/LP/benchmark/data/amazon_style_cc_restricted_features_fold_1
Loading nodes from /home/simonettos/homhetgnn/HGB/LP/benchmark/data/amazon_style_cc_restricted_features_fold_1/node.dat
edge types: dict_keys([0])
Getting training negative samples for edge types: [0]
nodes.shift keys: [0, 1]
nodes.count keys: [0, 1]
links.meta: {0: (1, 0)}
t_type about to use: 0
h_type: 1
shift dict: {0: 0, 1: 450}
count dict: Counter({0: 450, 1: 336})
Generated 901 negative samples for edge type 0
Info: load amazon_style_cc_restricted_features_fold_1 from original data and generate /home/simonettos/homhetgnn/HGB/LP/benchmark/data/amazon_style_cc_restricted_features_fold_1/dl_pickle 
edge types: [0]
dataset: amazon_style_cc_restricted_features_fold_1, eval_type: 0
epoch 0 | batch 0 |train loss 0.7008559107780457
Valid: loss 1.4912755489349365, score:{'roc_auc': 0.5747742070993489, 'MRR': 0.8170289855072462}
Saving model
epoch 0 | batch 1 |train loss 1.4862233400344849
epoch 1 | batch 0 |train loss 0.6877977848052979
Valid: loss 0.8064802289009094, score:{'roc_auc': 0.4726948120142827, 'MRR': 0.7681159420289854}
Saving model
epoch 1 | batch 1 |train loss 0.7340106964111328
epoch 2 | batch 0 |train loss 0.7235832214355469
Valid: loss 0.6926303505897522, score:{'roc_auc': 0.6033396345305607, 'MRR': 0.8695652173913043}
Saving model
epoch 2 | batch 1 |train loss 0.6620956659317017
epoch 3 | batch 0 |train loss 0.6780105829238892
Valid: loss 0.686492919921875, score:{'roc_auc': 0.7413358538122243, 'MRR': 0.8913043478260869}
Saving model
epoch 3 | batch 1 |train loss 0.6816009283065796
epoch 4 | batch 0 |train loss 0.6418968439102173
Valid: loss 0.6634249687194824, score:{'roc_auc': 0.6728628439403487, 'MRR': 0.9094202898550725}
Saving model
epoch 4 | batch 1 |train loss 0.5941590666770935
epoch 5 | batch 0 |train loss 0.5435736179351807
Valid: loss 0.8414311408996582, score:{'roc_auc': 0.6695022054190296, 'MRR': 0.8876811594202899}
EarlyStopping counter: 1 out of 3
epoch 5 | batch 1 |train loss 0.5361904501914978
epoch 6 | batch 0 |train loss 0.551590085029602
Valid: loss 1.0647612810134888, score:{'roc_auc': 0.6682419659735349, 'MRR': 0.9094202898550725}
EarlyStopping counter: 2 out of 3
epoch 6 | batch 1 |train loss 0.5416287779808044
epoch 7 | batch 0 |train loss 0.5485843420028687
Valid: loss 1.1129035949707031, score:{'roc_auc': 0.6703423650493594, 'MRR': 0.9094202898550725}
Meta keys: dict_keys([0])
Data keys: dict_keys([0])
Edge type: 0, Meta: (1, 0)
Average links per head: 1.71
Median: 1.0, Min: 1, Max: 17
len test_list[0] 243
len test_list[1] 243
len test_label 243
2 hop test: loss 1.1129035949707031, score:{'roc_auc': nan, 'MRR': 1.0}
(array([1]), array([243]))
[0.35432124 0.3550962  0.35971388 0.5873923  0.48754218 0.47773278
 0.2664832  0.704709   0.6782937  0.6998336  0.6611961  0.66300106
 0.7219338  0.55563676 0.70311207 0.7098113  0.73068976 0.5182472
 0.82183015 0.52631617]
Average links per head full random test: 2.09
Medianfull random test: 2.0, Min: 1, Max: 18
len test_list[0]full random test 486
len test_list[1]full random test 486
len test_label full random test 486
2 hop test: loss 1.1129035949707031, score:{'roc_auc': nan, 'MRR': 1.0}
edge type: 0, random_score: {'roc_auc': 0.6511710613219529, 'MRR': 0.896713615023474}, score: {'roc_auc': nan, 'MRR': 1.0}
ROC_AUC: nan
Sec neigh test: score list: defaultdict(<class 'list'>, {'roc_auc': [nan], 'MRR': [1.0]})
Random test: score list: defaultdict(<class 'list'>, {'roc_auc': [0.6511710613219529], 'MRR': [0.896713615023474]})
Sec neigh test:average score: defaultdict(<class 'list'>, {'roc_auc': nan, 'MRR': 1.0})
Random test: average score: defaultdict(<class 'list'>, {'roc_auc': 0.6512, 'MRR': 0.8967})
Completed: amazon_style_cc_restricted_features_fold_1 (rep 6)

--------------------------------------
Running model: GAT
Dataset: amazon_style_cc_restricted_features_fold_2
Repetition: 6
--------------------------------------
use device: cpu
Namespace(data='amazon_style_cc_restricted_features_fold_2', model_path='model.pt', train_iter_n=50, cuda=0, checkpoint='', epochs=100, patience=3, n_layers=2, n_heads=[4], dropout=0.5, model='GAT', lr=0.0001, weight_decay=0.0, batch_size=1024, edge_sample_ratio=1, test_with_CPU=False, decoder='dismult', feat_type=1)
args.feat_type 1
sys_path ['/home/simonettos/homhetgnn/HGB/LP/benchmark/methods/GNN', '/home/simonettos/homhetgnn/sbatches', '/home/simonettos/homhetgnn/HGB/LP/benchmark/methods/baseline', '/home/simonettos/homhetgnn/HGB/LP/benchmark', '/home/simonettos/homhetgnn/HGB/LP/benchmark/methods/GNN', '/home/simonettos/homhetgnn/HGB/LP/benchmark/methods/GNN/utils', '/home/simonettos/homhetgnn/HGB/LP/benchmark/methods/GNN/models', '/deepstore/software/anaconda3/2022.05/lib/python39.zip', '/deepstore/software/anaconda3/2022.05/lib/python3.9', '/deepstore/software/anaconda3/2022.05/lib/python3.9/lib-dynload', '/home/simonettos/homhetgnn/gpuvenv/lib/python3.9/site-packages', '../../', '../../']
Data path: /home/simonettos/homhetgnn/HGB/LP/benchmark/data/amazon_style_cc_restricted_features_fold_2
Loading nodes from /home/simonettos/homhetgnn/HGB/LP/benchmark/data/amazon_style_cc_restricted_features_fold_2/node.dat
edge types: dict_keys([0])
Getting training negative samples for edge types: [0]
nodes.shift keys: [0, 1]
nodes.count keys: [0, 1]
links.meta: {0: (1, 0)}
t_type about to use: 0
h_type: 1
shift dict: {0: 0, 1: 450}
count dict: Counter({0: 450, 1: 336})
Generated 903 negative samples for edge type 0
Info: load amazon_style_cc_restricted_features_fold_2 from original data and generate /home/simonettos/homhetgnn/HGB/LP/benchmark/data/amazon_style_cc_restricted_features_fold_2/dl_pickle 
edge types: [0]
dataset: amazon_style_cc_restricted_features_fold_2, eval_type: 0
epoch 0 | batch 0 |train loss 0.69228196144104
Valid: loss 0.8010398745536804, score:{'roc_auc': 0.5125432525951557, 'MRR': 0.745}
Saving model
epoch 0 | batch 1 |train loss 0.6453061103820801
epoch 1 | batch 0 |train loss 0.9893766045570374
Valid: loss 0.8516825437545776, score:{'roc_auc': 0.610726643598616, 'MRR': 0.8433333333333333}
EarlyStopping counter: 1 out of 3
epoch 1 | batch 1 |train loss 0.5775140523910522
epoch 2 | batch 0 |train loss 0.6974413394927979
Valid: loss 0.8938911557197571, score:{'roc_auc': 0.6384083044982699, 'MRR': 0.8433333333333333}
EarlyStopping counter: 2 out of 3
epoch 2 | batch 1 |train loss 0.5878522992134094
epoch 3 | batch 0 |train loss 0.5092849731445312
Valid: loss 0.8180375099182129, score:{'roc_auc': 0.6583044982698962, 'MRR': 0.8466666666666666}
Meta keys: dict_keys([0])
Data keys: dict_keys([0])
Edge type: 0, Meta: (1, 0)
Average links per head: 1.81
Median: 1.0, Min: 1, Max: 15
len test_list[0] 243
len test_list[1] 243
len test_label 243
2 hop test: loss 0.8180375099182129, score:{'roc_auc': nan, 'MRR': 1.0}
(array([1]), array([243]))
[0.20653404 0.15158038 0.15718652 0.694073   0.55684316 0.53637123
 0.5384887  0.17576909 0.5084926  0.5647377  0.48768595 0.57835555
 0.5078725  0.5721973  0.685371   0.74837416 0.34534875 0.35671693
 0.61456203 0.61032003]
Average links per head full random test: 2.09
Medianfull random test: 2.0, Min: 1, Max: 16
len test_list[0]full random test 486
len test_list[1]full random test 486
len test_label full random test 486
2 hop test: loss 0.8180375099182129, score:{'roc_auc': nan, 'MRR': 1.0}
edge type: 0, random_score: {'roc_auc': 0.5866653118596421, 'MRR': 0.8762437810945274}, score: {'roc_auc': nan, 'MRR': 1.0}
ROC_AUC: nan
Sec neigh test: score list: defaultdict(<class 'list'>, {'roc_auc': [nan], 'MRR': [1.0]})
Random test: score list: defaultdict(<class 'list'>, {'roc_auc': [0.5866653118596421], 'MRR': [0.8762437810945274]})
Sec neigh test:average score: defaultdict(<class 'list'>, {'roc_auc': nan, 'MRR': 1.0})
Random test: average score: defaultdict(<class 'list'>, {'roc_auc': 0.5867, 'MRR': 0.8762})
Completed: amazon_style_cc_restricted_features_fold_2 (rep 6)

--------------------------------------
Running model: GAT
Dataset: amazon_style_cc_restricted_features_fold_3
Repetition: 6
--------------------------------------
use device: cpu
Namespace(data='amazon_style_cc_restricted_features_fold_3', model_path='model.pt', train_iter_n=50, cuda=0, checkpoint='', epochs=100, patience=3, n_layers=2, n_heads=[4], dropout=0.5, model='GAT', lr=0.0001, weight_decay=0.0, batch_size=1024, edge_sample_ratio=1, test_with_CPU=False, decoder='dismult', feat_type=1)
args.feat_type 1
sys_path ['/home/simonettos/homhetgnn/HGB/LP/benchmark/methods/GNN', '/home/simonettos/homhetgnn/sbatches', '/home/simonettos/homhetgnn/HGB/LP/benchmark/methods/baseline', '/home/simonettos/homhetgnn/HGB/LP/benchmark', '/home/simonettos/homhetgnn/HGB/LP/benchmark/methods/GNN', '/home/simonettos/homhetgnn/HGB/LP/benchmark/methods/GNN/utils', '/home/simonettos/homhetgnn/HGB/LP/benchmark/methods/GNN/models', '/deepstore/software/anaconda3/2022.05/lib/python39.zip', '/deepstore/software/anaconda3/2022.05/lib/python3.9', '/deepstore/software/anaconda3/2022.05/lib/python3.9/lib-dynload', '/home/simonettos/homhetgnn/gpuvenv/lib/python3.9/site-packages', '../../', '../../']
Data path: /home/simonettos/homhetgnn/HGB/LP/benchmark/data/amazon_style_cc_restricted_features_fold_3
Loading nodes from /home/simonettos/homhetgnn/HGB/LP/benchmark/data/amazon_style_cc_restricted_features_fold_3/node.dat
edge types: dict_keys([0])
Getting training negative samples for edge types: [0]
nodes.shift keys: [0, 1]
nodes.count keys: [0, 1]
links.meta: {0: (1, 0)}
t_type about to use: 0
h_type: 1
shift dict: {0: 0, 1: 450}
count dict: Counter({0: 450, 1: 336})
Generated 903 negative samples for edge type 0
Info: load amazon_style_cc_restricted_features_fold_3 from original data and generate /home/simonettos/homhetgnn/HGB/LP/benchmark/data/amazon_style_cc_restricted_features_fold_3/dl_pickle 
edge types: [0]
dataset: amazon_style_cc_restricted_features_fold_3, eval_type: 0
epoch 0 | batch 0 |train loss 0.6946109533309937
Valid: loss 1.5144047737121582, score:{'roc_auc': 0.3560606060606061, 'MRR': 0.6563492063492063}
Saving model
epoch 0 | batch 1 |train loss 1.301941990852356
epoch 1 | batch 0 |train loss 0.6681256890296936
Valid: loss 0.8073561191558838, score:{'roc_auc': 0.5291551882460974, 'MRR': 0.723015873015873}
Saving model
epoch 1 | batch 1 |train loss 0.7740480303764343
epoch 2 | batch 0 |train loss 0.7076409459114075
Valid: loss 0.6855301856994629, score:{'roc_auc': 0.5734618916437099, 'MRR': 0.7607142857142857}
Saving model
epoch 2 | batch 1 |train loss 0.6676648855209351
epoch 3 | batch 0 |train loss 0.6850746273994446
Valid: loss 0.7357754707336426, score:{'roc_auc': 0.5043617998163452, 'MRR': 0.7726190476190476}
EarlyStopping counter: 1 out of 3
epoch 3 | batch 1 |train loss 0.674886167049408
epoch 4 | batch 0 |train loss 0.6439656615257263
Valid: loss 0.7275987267494202, score:{'roc_auc': 0.5293847566574839, 'MRR': 0.7567460317460317}
EarlyStopping counter: 2 out of 3
epoch 4 | batch 1 |train loss 0.6310393810272217
epoch 5 | batch 0 |train loss 0.6656062602996826
Valid: loss 0.7650423049926758, score:{'roc_auc': 0.5323691460055098, 'MRR': 0.7726190476190476}
Meta keys: dict_keys([0])
Data keys: dict_keys([0])
Edge type: 0, Meta: (1, 0)
Average links per head: 1.79
Median: 1.0, Min: 1, Max: 11
len test_list[0] 243
len test_list[1] 243
len test_label 243
2 hop test: loss 0.7650423049926758, score:{'roc_auc': nan, 'MRR': 1.0}
(array([1]), array([243]))
[0.5270268  0.48900154 0.5017794  0.5603008  0.49435353 0.502489
 0.44886076 0.39355022 0.50422084 0.45880625 0.4780742  0.3810436
 0.502088   0.3825574  0.46934143 0.47841635 0.47728214 0.5152869
 0.5275353  0.51934123]
Average links per head full random test: 2.05
Medianfull random test: 2.0, Min: 1, Max: 12
len test_list[0]full random test 486
len test_list[1]full random test 486
len test_label full random test 486
2 hop test: loss 0.7650423049926758, score:{'roc_auc': nan, 'MRR': 1.0}
edge type: 0, random_score: {'roc_auc': 0.5657843485918475, 'MRR': 0.8966911764705882}, score: {'roc_auc': nan, 'MRR': 1.0}
ROC_AUC: nan
Sec neigh test: score list: defaultdict(<class 'list'>, {'roc_auc': [nan], 'MRR': [1.0]})
Random test: score list: defaultdict(<class 'list'>, {'roc_auc': [0.5657843485918475], 'MRR': [0.8966911764705882]})
Sec neigh test:average score: defaultdict(<class 'list'>, {'roc_auc': nan, 'MRR': 1.0})
Random test: average score: defaultdict(<class 'list'>, {'roc_auc': 0.5658, 'MRR': 0.8967})
Completed: amazon_style_cc_restricted_features_fold_3 (rep 6)

--------------------------------------
Running model: GAT
Dataset: amazon_style_cc_restricted_features_fold_4
Repetition: 6
--------------------------------------
use device: cpu
Namespace(data='amazon_style_cc_restricted_features_fold_4', model_path='model.pt', train_iter_n=50, cuda=0, checkpoint='', epochs=100, patience=3, n_layers=2, n_heads=[4], dropout=0.5, model='GAT', lr=0.0001, weight_decay=0.0, batch_size=1024, edge_sample_ratio=1, test_with_CPU=False, decoder='dismult', feat_type=1)
args.feat_type 1
sys_path ['/home/simonettos/homhetgnn/HGB/LP/benchmark/methods/GNN', '/home/simonettos/homhetgnn/sbatches', '/home/simonettos/homhetgnn/HGB/LP/benchmark/methods/baseline', '/home/simonettos/homhetgnn/HGB/LP/benchmark', '/home/simonettos/homhetgnn/HGB/LP/benchmark/methods/GNN', '/home/simonettos/homhetgnn/HGB/LP/benchmark/methods/GNN/utils', '/home/simonettos/homhetgnn/HGB/LP/benchmark/methods/GNN/models', '/deepstore/software/anaconda3/2022.05/lib/python39.zip', '/deepstore/software/anaconda3/2022.05/lib/python3.9', '/deepstore/software/anaconda3/2022.05/lib/python3.9/lib-dynload', '/home/simonettos/homhetgnn/gpuvenv/lib/python3.9/site-packages', '../../', '../../']
Data path: /home/simonettos/homhetgnn/HGB/LP/benchmark/data/amazon_style_cc_restricted_features_fold_4
Loading nodes from /home/simonettos/homhetgnn/HGB/LP/benchmark/data/amazon_style_cc_restricted_features_fold_4/node.dat
edge types: dict_keys([0])
Getting training negative samples for edge types: [0]
nodes.shift keys: [0, 1]
nodes.count keys: [0, 1]
links.meta: {0: (1, 0)}
t_type about to use: 0
h_type: 1
shift dict: {0: 0, 1: 450}
count dict: Counter({0: 450, 1: 336})
Generated 902 negative samples for edge type 0
Info: load amazon_style_cc_restricted_features_fold_4 from original data and generate /home/simonettos/homhetgnn/HGB/LP/benchmark/data/amazon_style_cc_restricted_features_fold_4/dl_pickle 
edge types: [0]
dataset: amazon_style_cc_restricted_features_fold_4, eval_type: 0
epoch 0 | batch 0 |train loss 0.6943923234939575
Valid: loss 1.1041841506958008, score:{'roc_auc': 0.42492760080196035, 'MRR': 0.704861111111111}
Saving model
epoch 0 | batch 1 |train loss 0.9665026664733887
epoch 1 | batch 0 |train loss 0.7911537885665894
Valid: loss 0.700136661529541, score:{'roc_auc': 0.6797727779015371, 'MRR': 0.795138888888889}
Saving model
epoch 1 | batch 1 |train loss 0.6833477020263672
epoch 2 | batch 0 |train loss 0.6466972231864929
Valid: loss 0.6849197745323181, score:{'roc_auc': 0.6938070839830697, 'MRR': 0.829861111111111}
Saving model
epoch 2 | batch 1 |train loss 0.6663503646850586
epoch 3 | batch 0 |train loss 0.6349132657051086
Valid: loss 0.6426442265510559, score:{'roc_auc': 0.7209846290933394, 'MRR': 0.829861111111111}
Saving model
epoch 3 | batch 1 |train loss 0.5932710766792297
epoch 4 | batch 0 |train loss 0.5500887632369995
Valid: loss 0.6775399446487427, score:{'roc_auc': 0.7194252617509468, 'MRR': 0.8402777777777777}
EarlyStopping counter: 1 out of 3
epoch 4 | batch 1 |train loss 0.5701417326927185
epoch 5 | batch 0 |train loss 0.5616633892059326
Valid: loss 0.662212073802948, score:{'roc_auc': 0.7296725328580975, 'MRR': 0.8645833333333334}
EarlyStopping counter: 2 out of 3
epoch 5 | batch 1 |train loss 0.5355468392372131
epoch 6 | batch 0 |train loss 0.5213065147399902
Valid: loss 0.641471803188324, score:{'roc_auc': 0.7196480285141458, 'MRR': 0.8715277777777778}
Saving model
epoch 6 | batch 1 |train loss 0.5367724299430847
epoch 7 | batch 0 |train loss 0.531468391418457
Valid: loss 0.6498616337776184, score:{'roc_auc': 0.7234350634885275, 'MRR': 0.8715277777777778}
EarlyStopping counter: 1 out of 3
epoch 7 | batch 1 |train loss 0.523251473903656
epoch 8 | batch 0 |train loss 0.49603933095932007
Valid: loss 0.6985557675361633, score:{'roc_auc': 0.7434840721764313, 'MRR': 0.8715277777777778}
EarlyStopping counter: 2 out of 3
epoch 8 | batch 1 |train loss 0.5035181045532227
epoch 9 | batch 0 |train loss 0.5028811693191528
Valid: loss 0.6791236996650696, score:{'roc_auc': 0.7452662062820228, 'MRR': 0.8611111111111112}
Meta keys: dict_keys([0])
Data keys: dict_keys([0])
Edge type: 0, Meta: (1, 0)
Average links per head: 1.76
Median: 1.0, Min: 1, Max: 14
len test_list[0] 243
len test_list[1] 243
len test_label 243
2 hop test: loss 0.6791236996650696, score:{'roc_auc': nan, 'MRR': 1.0}
(array([1]), array([243]))
[0.79472893 0.3010311  0.5956796  0.26614597 0.55461687 0.07656783
 0.75091803 0.08943008 0.7016552  0.7098342  0.5135435  0.6747579
 0.75791305 0.83333915 0.5890553  0.62358874 0.71896714 0.75142324
 0.75428635 0.00611016]
Average links per head full random test: 2.03
Medianfull random test: 2.0, Min: 1, Max: 15
len test_list[0]full random test 486
len test_list[1]full random test 486
len test_label full random test 486
2 hop test: loss 0.6791236996650696, score:{'roc_auc': nan, 'MRR': 1.0}
edge type: 0, random_score: {'roc_auc': 0.7266846178597437, 'MRR': 0.9323671497584543}, score: {'roc_auc': nan, 'MRR': 1.0}
ROC_AUC: nan
Sec neigh test: score list: defaultdict(<class 'list'>, {'roc_auc': [nan], 'MRR': [1.0]})
Random test: score list: defaultdict(<class 'list'>, {'roc_auc': [0.7266846178597437], 'MRR': [0.9323671497584543]})
Sec neigh test:average score: defaultdict(<class 'list'>, {'roc_auc': nan, 'MRR': 1.0})
Random test: average score: defaultdict(<class 'list'>, {'roc_auc': 0.7267, 'MRR': 0.9324})
Completed: amazon_style_cc_restricted_features_fold_4 (rep 6)

--------------------------------------
Running model: GAT
Dataset: amazon_style_cc_restricted_features_fold_5
Repetition: 6
--------------------------------------
use device: cpu
Namespace(data='amazon_style_cc_restricted_features_fold_5', model_path='model.pt', train_iter_n=50, cuda=0, checkpoint='', epochs=100, patience=3, n_layers=2, n_heads=[4], dropout=0.5, model='GAT', lr=0.0001, weight_decay=0.0, batch_size=1024, edge_sample_ratio=1, test_with_CPU=False, decoder='dismult', feat_type=1)
args.feat_type 1
sys_path ['/home/simonettos/homhetgnn/HGB/LP/benchmark/methods/GNN', '/home/simonettos/homhetgnn/sbatches', '/home/simonettos/homhetgnn/HGB/LP/benchmark/methods/baseline', '/home/simonettos/homhetgnn/HGB/LP/benchmark', '/home/simonettos/homhetgnn/HGB/LP/benchmark/methods/GNN', '/home/simonettos/homhetgnn/HGB/LP/benchmark/methods/GNN/utils', '/home/simonettos/homhetgnn/HGB/LP/benchmark/methods/GNN/models', '/deepstore/software/anaconda3/2022.05/lib/python39.zip', '/deepstore/software/anaconda3/2022.05/lib/python3.9', '/deepstore/software/anaconda3/2022.05/lib/python3.9/lib-dynload', '/home/simonettos/homhetgnn/gpuvenv/lib/python3.9/site-packages', '../../', '../../']
Data path: /home/simonettos/homhetgnn/HGB/LP/benchmark/data/amazon_style_cc_restricted_features_fold_5
Loading nodes from /home/simonettos/homhetgnn/HGB/LP/benchmark/data/amazon_style_cc_restricted_features_fold_5/node.dat
edge types: dict_keys([0])
Getting training negative samples for edge types: [0]
nodes.shift keys: [0, 1]
nodes.count keys: [0, 1]
links.meta: {0: (1, 0)}
t_type about to use: 0
h_type: 1
shift dict: {0: 0, 1: 450}
count dict: Counter({0: 450, 1: 336})
Generated 897 negative samples for edge type 0
Info: load amazon_style_cc_restricted_features_fold_5 from original data and generate /home/simonettos/homhetgnn/HGB/LP/benchmark/data/amazon_style_cc_restricted_features_fold_5/dl_pickle 
edge types: [0]
dataset: amazon_style_cc_restricted_features_fold_5, eval_type: 0
epoch 0 | batch 0 |train loss 0.6932905316352844
Valid: loss 0.7276867628097534, score:{'roc_auc': 0.5132395909422937, 'MRR': 0.6763565891472868}
Saving model
epoch 0 | batch 1 |train loss 0.6749677658081055
epoch 1 | batch 0 |train loss 1.1340433359146118
Valid: loss 0.7273973822593689, score:{'roc_auc': 0.5446493791088385, 'MRR': 0.7131782945736433}
Saving model
epoch 1 | batch 1 |train loss 0.6458941102027893
epoch 2 | batch 0 |train loss 0.7787855863571167
Valid: loss 0.7241919040679932, score:{'roc_auc': 0.608382030679328, 'MRR': 0.7519379844961239}
Saving model
epoch 2 | batch 1 |train loss 0.6903688907623291
epoch 3 | batch 0 |train loss 0.6442883014678955
Valid: loss 0.7336292862892151, score:{'roc_auc': 0.568937180423667, 'MRR': 0.7519379844961239}
EarlyStopping counter: 1 out of 3
epoch 3 | batch 1 |train loss 0.6792181134223938
epoch 4 | batch 0 |train loss 0.6712064146995544
Valid: loss 0.7015664577484131, score:{'roc_auc': 0.5987034331628927, 'MRR': 0.7403100775193798}
Saving model
epoch 4 | batch 1 |train loss 0.6224290132522583
epoch 5 | batch 0 |train loss 0.6158733367919922
Valid: loss 0.724678635597229, score:{'roc_auc': 0.6156866325785244, 'MRR': 0.7441860465116278}
EarlyStopping counter: 1 out of 3
epoch 5 | batch 1 |train loss 0.6300675868988037
epoch 6 | batch 0 |train loss 0.6345160603523254
Valid: loss 0.7129397392272949, score:{'roc_auc': 0.6226260043827612, 'MRR': 0.7441860465116278}
EarlyStopping counter: 2 out of 3
epoch 6 | batch 1 |train loss 0.5782858729362488
epoch 7 | batch 0 |train loss 0.5752015709877014
Valid: loss 0.7438772320747375, score:{'roc_auc': 0.6122169466764061, 'MRR': 0.7325581395348837}
Meta keys: dict_keys([0])
Data keys: dict_keys([0])
Edge type: 0, Meta: (1, 0)
Average links per head: 1.74
Median: 1.0, Min: 1, Max: 13
len test_list[0] 242
len test_list[1] 242
len test_label 242
2 hop test: loss 0.7438772320747375, score:{'roc_auc': nan, 'MRR': 1.0}
(array([1]), array([242]))
[0.18170139 0.45536292 0.5697146  0.4708728  0.4411164  0.41668454
 0.41860068 0.43966234 0.53796965 0.437237   0.4485654  0.41780034
 0.44012362 0.48447248 0.6708578  0.45681494 0.50728977 0.5097314
 0.46856052 0.48054892]
Average links per head full random test: 1.99
Medianfull random test: 2.0, Min: 1, Max: 14
len test_list[0]full random test 484
len test_list[1]full random test 484
len test_label full random test 484
2 hop test: loss 0.7438772320747375, score:{'roc_auc': nan, 'MRR': 1.0}
edge type: 0, random_score: {'roc_auc': 0.6011713680759511, 'MRR': 0.9172661870503597}, score: {'roc_auc': nan, 'MRR': 1.0}
ROC_AUC: nan
Sec neigh test: score list: defaultdict(<class 'list'>, {'roc_auc': [nan], 'MRR': [1.0]})
Random test: score list: defaultdict(<class 'list'>, {'roc_auc': [0.6011713680759511], 'MRR': [0.9172661870503597]})
Sec neigh test:average score: defaultdict(<class 'list'>, {'roc_auc': nan, 'MRR': 1.0})
Random test: average score: defaultdict(<class 'list'>, {'roc_auc': 0.6012, 'MRR': 0.9173})
Completed: amazon_style_cc_restricted_features_fold_5 (rep 6)

All 30 jobs completed.
Setup complete
