> epoch: 0
              precision    recall  f1-score   support

           0       0.00      0.00      0.00         0
           1       0.00      0.00      0.00         0
           2       0.00      0.00      0.00         6
           3       0.00      0.00      0.00         0
           4       0.00      0.00      0.00         0
           5       0.00      0.00      0.00         1
           6       0.00      0.00      0.00         0
           7       0.00      0.00      0.00         0
           8       0.00      0.00      0.00         1
           9       0.00      0.00      0.00         2
          10       0.00      0.00      0.00        13
          11       0.00      0.00      0.00         2
          12       0.00      0.00      0.00         8
          13       0.00      0.00      0.00         0
          14       0.00      0.00      0.00        10
          15       0.00      0.00      0.00         1
          16       0.00      0.00      0.00         0
          17       0.00      0.00      0.00         1
          18       0.00      0.00      0.00         0
          19       0.00      0.00      0.00         2
          20       0.00      0.00      0.00         7
          21       0.00      0.00      0.00         8
          22       0.00      0.00      0.00         1
          23       0.00      0.00      0.00        25
          24       0.00      0.00      0.00         0
          25       0.00      0.00      0.00         2
          26       0.00      0.00      0.00        18
          27       0.00      0.00      0.00         0
          28       0.00      0.00      0.00         3
          29       0.00      0.00      0.00         3
          30       0.00      0.00      0.00         5
          31       0.00      0.00      0.00         0
          32       0.00      0.00      0.00         3
          33       0.00      0.00      0.00         1
          34       0.00      0.00      0.00         0
          35       0.00      0.00      0.00         3
          36       0.00      0.00      0.00         0
          37       0.00      0.00      0.00        14
          38       0.00      0.00      0.00         0
          39       0.00      0.00      0.00         4
          40       0.00      0.00      0.00         1
          41       0.00      0.00      0.00         1
          42       0.00      0.00      0.00         0
          43       0.00      0.00      0.00         1
          44       0.00      0.00      0.00         1
          45       0.00      0.00      0.00         0
          46       0.00      0.00      0.00         1
          47       0.00      0.00      0.00         0
          48       0.00      0.00      0.00         4
          49       0.00      0.00      0.00         1
          50       0.00      0.00      0.00         0
          51       0.00      0.00      0.00         0
          52       0.00      0.00      0.00         0
          53       0.00      0.00      0.00         2
          54       0.00      0.00      0.00        10
          55       0.00      0.00      0.00         0
          56       0.00      0.00      0.00         7
          57       0.00      0.00      0.00         8
          58       0.00      0.00      0.00         8
          59       0.00      0.00      0.00         0
          60       0.00      0.00      0.00         1
          61       0.00      0.00      0.00         4
          62       0.00      0.00      0.00         0
          63       0.00      0.00      0.00         0
          64       0.00      0.00      0.00         0
          65       0.00      0.00      0.00         2
          66       0.00      0.00      0.00         0
          67       0.00      0.00      0.00         0
          68       0.00      0.00      0.00         0
          69       0.00      0.00      0.00         0
          70       0.00      0.00      0.00         0
          71       0.00      0.00      0.00        32
          72       0.00      0.00      0.00         0
          73       0.00      0.00      0.00         1
          74       0.00      0.00      0.00         0
          75       0.00      0.00      0.00         4
          76       0.00      0.00      0.00         3
          77       0.00      0.00      0.00         7
          78       0.00      0.00      0.00         0
          79       0.00      0.00      0.00         2
          80       0.00      0.00      0.00         0
          81       0.00      0.00      0.00         2
          82       0.00      0.00      0.00         0
          83       0.00      0.00      0.00         0
          84       0.00      0.00      0.00         4
          85       0.00      0.00      0.00         0
          86       0.00      0.00      0.00         0
          87       0.00      0.00      0.00         0
          88       0.00      0.00      0.00         0
          89       0.00      0.00      0.00         6
          90       0.00      0.00      0.00         0
          91       0.00      0.00      0.00         0
          92       0.00      0.00      0.00         0
          93       0.00      0.00      0.00         1
          94       0.00      0.00      0.00         4
          95       0.00      0.00      0.00         0
          96       0.00      0.00      0.00         0
          97       0.00      0.00      0.00         1
          98       0.00      0.00      0.00        47
          99       0.00      0.00      0.00         2
         100       0.00      0.00      0.00         0
         101       0.00      0.00      0.00         1
         102       0.00      0.00      0.00         0
         103       0.00      0.00      0.00         8
         104       0.00      0.00      0.00         1
         105       0.00      0.00      0.00         0
         106       0.00      0.00      0.00         1
         107       0.00      0.00      0.00         2
         108       0.00      0.00      0.00         0
         109       0.00      0.00      0.00         3
         110       0.00      0.00      0.00         0
         111       0.00      0.00      0.00         0
         112       0.00      0.00      0.00         0
         113       0.00      0.00      0.00         0
         114       0.00      0.00      0.00         2
         115       0.00      0.00      0.00         1
         116       0.00      0.00      0.00         1
         117       0.00      0.00      0.00         1

   micro avg       0.00      0.00      0.00       333
   macro avg       0.00      0.00      0.00       333
weighted avg       0.00      0.00      0.00       333
 samples avg       0.00      0.00      0.00       333

> epoch: 1
              precision    recall  f1-score   support

           0       0.00      0.00      0.00         0
           1       0.00      0.00      0.00         0
           2       0.00      0.00      0.00         6
           3       0.00      0.00      0.00         0
           4       0.00      0.00      0.00         0
           5       0.00      0.00      0.00         1
           6       0.00      0.00      0.00         0
           7       0.00      0.00      0.00         0
           8       0.00      0.00      0.00         1
           9       0.00      0.00      0.00         2
          10       0.00      0.00      0.00        13
          11       0.00      0.00      0.00         2
          12       0.00      0.00      0.00         8
          13       0.00      0.00      0.00         0
          14       0.00      0.00      0.00        10
          15       0.00      0.00      0.00         1
          16       0.00      0.00      0.00         0
          17       0.00      0.00      0.00         1
          18       0.00      0.00      0.00         0
          19       0.00      0.00      0.00         2
          20       0.00      0.00      0.00         7
          21       0.00      0.00      0.00         8
          22       0.00      0.00      0.00         1
          23       0.00      0.00      0.00        25
          24       0.00      0.00      0.00         0
          25       0.00      0.00      0.00         2
          26       0.00      0.00      0.00        18
          27       0.00      0.00      0.00         0
          28       0.00      0.00      0.00         3
          29       0.00      0.00      0.00         3
          30       0.00      0.00      0.00         5
          31       0.00      0.00      0.00         0
          32       0.00      0.00      0.00         3
          33       0.00      0.00      0.00         1
          34       0.00      0.00      0.00         0
          35       0.00      0.00      0.00         3
          36       0.00      0.00      0.00         0
          37       0.00      0.00      0.00        14
          38       0.00      0.00      0.00         0
          39       0.00      0.00      0.00         4
          40       0.00      0.00      0.00         1
          41       0.00      0.00      0.00         1
          42       0.00      0.00      0.00         0
          43       0.00      0.00      0.00         1
          44       0.00      0.00      0.00         1
          45       0.00      0.00      0.00         0
          46       0.00      0.00      0.00         1
          47       0.00      0.00      0.00         0
          48       0.00      0.00      0.00         4
          49       0.00      0.00      0.00         1
          50       0.00      0.00      0.00         0
          51       0.00      0.00      0.00         0
          52       0.00      0.00      0.00         0
          53       0.00      0.00      0.00         2
          54       0.00      0.00      0.00        10
          55       0.00      0.00      0.00         0
          56       0.00      0.00      0.00         7
          57       0.00      0.00      0.00         8
          58       0.00      0.00      0.00         8
          59       0.00      0.00      0.00         0
          60       0.00      0.00      0.00         1
          61       0.00      0.00      0.00         4
          62       0.00      0.00      0.00         0
          63       0.00      0.00      0.00         0
          64       0.00      0.00      0.00         0
          65       0.00      0.00      0.00         2
          66       0.00      0.00      0.00         0
          67       0.00      0.00      0.00         0
          68       0.00      0.00      0.00         0
          69       0.00      0.00      0.00         0
          70       0.00      0.00      0.00         0
          71       0.00      0.00      0.00        32
          72       0.00      0.00      0.00         0
          73       0.00      0.00      0.00         1
          74       0.00      0.00      0.00         0
          75       0.00      0.00      0.00         4
          76       0.00      0.00      0.00         3
          77       0.00      0.00      0.00         7
          78       0.00      0.00      0.00         0
          79       0.00      0.00      0.00         2
          80       0.00      0.00      0.00         0
          81       0.00      0.00      0.00         2
          82       0.00      0.00      0.00         0
          83       0.00      0.00      0.00         0
          84       0.00      0.00      0.00         4
          85       0.00      0.00      0.00         0
          86       0.00      0.00      0.00         0
          87       0.00      0.00      0.00         0
          88       0.00      0.00      0.00         0
          89       0.00      0.00      0.00         6
          90       0.00      0.00      0.00         0
          91       0.00      0.00      0.00         0
          92       0.00      0.00      0.00         0
          93       0.00      0.00      0.00         1
          94       0.00      0.00      0.00         4
          95       0.00      0.00      0.00         0
          96       0.00      0.00      0.00         0
          97       0.00      0.00      0.00         1
          98       0.00      0.00      0.00        47
          99       0.00      0.00      0.00         2
         100       0.00      0.00      0.00         0
         101       0.00      0.00      0.00         1
         102       0.00      0.00      0.00         0
         103       0.00      0.00      0.00         8
         104       0.00      0.00      0.00         1
         105       0.00      0.00      0.00         0
         106       0.00      0.00      0.00         1
         107       0.00      0.00      0.00         2
         108       0.00      0.00      0.00         0
         109       0.00      0.00      0.00         3
         110       0.00      0.00      0.00         0
         111       0.00      0.00      0.00         0
         112       0.00      0.00      0.00         0
         113       0.00      0.00      0.00         0
         114       0.00      0.00      0.00         2
         115       0.00      0.00      0.00         1
         116       0.00      0.00      0.00         1
         117       0.00      0.00      0.00         1

   micro avg       0.00      0.00      0.00       333
   macro avg       0.00      0.00      0.00       333
weighted avg       0.00      0.00      0.00       333
 samples avg       0.00      0.00      0.00       333

> epoch: 2
              precision    recall  f1-score   support

           0       0.00      0.00      0.00         0
           1       0.00      0.00      0.00         0
           2       0.00      0.00      0.00         6
           3       0.00      0.00      0.00         0
           4       0.00      0.00      0.00         0
           5       0.00      0.00      0.00         1
           6       0.00      0.00      0.00         0
           7       0.00      0.00      0.00         0
           8       0.00      0.00      0.00         1
           9       0.00      0.00      0.00         2
          10       0.00      0.00      0.00        13
          11       0.00      0.00      0.00         2
          12       0.00      0.00      0.00         8
          13       0.00      0.00      0.00         0
          14       0.00      0.00      0.00        10
          15       0.00      0.00      0.00         1
          16       0.00      0.00      0.00         0
          17       0.00      0.00      0.00         1
          18       0.00      0.00      0.00         0
          19       0.00      0.00      0.00         2
          20       0.00      0.00      0.00         7
          21       0.00      0.00      0.00         8
          22       0.00      0.00      0.00         1
          23       0.00      0.00      0.00        25
          24       0.00      0.00      0.00         0
          25       0.00      0.00      0.00         2
          26       0.00      0.00      0.00        18
          27       0.00      0.00      0.00         0
          28       0.00      0.00      0.00         3
          29       0.00      0.00      0.00         3
          30       0.00      0.00      0.00         5
          31       0.00      0.00      0.00         0
          32       0.00      0.00      0.00         3
          33       0.00      0.00      0.00         1
          34       0.00      0.00      0.00         0
          35       0.00      0.00      0.00         3
          36       0.00      0.00      0.00         0
          37       0.00      0.00      0.00        14
          38       0.00      0.00      0.00         0
          39       0.00      0.00      0.00         4
          40       0.00      0.00      0.00         1
          41       0.00      0.00      0.00         1
          42       0.00      0.00      0.00         0
          43       0.00      0.00      0.00         1
          44       0.00      0.00      0.00         1
          45       0.00      0.00      0.00         0
          46       0.00      0.00      0.00         1
          47       0.00      0.00      0.00         0
          48       0.00      0.00      0.00         4
          49       0.00      0.00      0.00         1
          50       0.00      0.00      0.00         0
          51       0.00      0.00      0.00         0
          52       0.00      0.00      0.00         0
          53       0.00      0.00      0.00         2
          54       0.00      0.00      0.00        10
          55       0.00      0.00      0.00         0
          56       0.00      0.00      0.00         7
          57       0.00      0.00      0.00         8
          58       0.00      0.00      0.00         8
          59       0.00      0.00      0.00         0
          60       0.00      0.00      0.00         1
          61       0.00      0.00      0.00         4
          62       0.00      0.00      0.00         0
          63       0.00      0.00      0.00         0
          64       0.00      0.00      0.00         0
          65       0.00      0.00      0.00         2
          66       0.00      0.00      0.00         0
          67       0.00      0.00      0.00         0
          68       0.00      0.00      0.00         0
          69       0.00      0.00      0.00         0
          70       0.00      0.00      0.00         0
          71       0.00      0.00      0.00        32
          72       0.00      0.00      0.00         0
          73       0.00      0.00      0.00         1
          74       0.00      0.00      0.00         0
          75       0.00      0.00      0.00         4
          76       0.00      0.00      0.00         3
          77       0.00      0.00      0.00         7
          78       0.00      0.00      0.00         0
          79       0.00      0.00      0.00         2
          80       0.00      0.00      0.00         0
          81       0.00      0.00      0.00         2
          82       0.00      0.00      0.00         0
          83       0.00      0.00      0.00         0
          84       0.00      0.00      0.00         4
          85       0.00      0.00      0.00         0
          86       0.00      0.00      0.00         0
          87       0.00      0.00      0.00         0
          88       0.00      0.00      0.00         0
          89       0.00      0.00      0.00         6
          90       0.00      0.00      0.00         0
          91       0.00      0.00      0.00         0
          92       0.00      0.00      0.00         0
          93       0.00      0.00      0.00         1
          94       0.00      0.00      0.00         4
          95       0.00      0.00      0.00         0
          96       0.00      0.00      0.00         0
          97       0.00      0.00      0.00         1
          98       0.00      0.00      0.00        47
          99       0.00      0.00      0.00         2
         100       0.00      0.00      0.00         0
         101       0.00      0.00      0.00         1
         102       0.00      0.00      0.00         0
         103       0.00      0.00      0.00         8
         104       0.00      0.00      0.00         1
         105       0.00      0.00      0.00         0
         106       0.00      0.00      0.00         1
         107       0.00      0.00      0.00         2
         108       0.00      0.00      0.00         0
         109       0.00      0.00      0.00         3
         110       0.00      0.00      0.00         0
         111       0.00      0.00      0.00         0
         112       0.00      0.00      0.00         0
         113       0.00      0.00      0.00         0
         114       0.00      0.00      0.00         2
         115       0.00      0.00      0.00         1
         116       0.00      0.00      0.00         1
         117       0.00      0.00      0.00         1

   micro avg       0.00      0.00      0.00       333
   macro avg       0.00      0.00      0.00       333
weighted avg       0.00      0.00      0.00       333
 samples avg       0.00      0.00      0.00       333

> epoch: 3
              precision    recall  f1-score   support

           0       0.00      0.00      0.00         0
           1       0.00      0.00      0.00         0
           2       0.00      0.00      0.00         6
           3       0.00      0.00      0.00         0
           4       0.00      0.00      0.00         0
           5       0.00      0.00      0.00         1
           6       0.00      0.00      0.00         0
           7       0.00      0.00      0.00         0
           8       0.00      0.00      0.00         1
           9       0.00      0.00      0.00         2
          10       0.00      0.00      0.00        13
          11       0.00      0.00      0.00         2
          12       0.00      0.00      0.00         8
          13       0.00      0.00      0.00         0
          14       0.00      0.00      0.00        10
          15       0.00      0.00      0.00         1
          16       0.00      0.00      0.00         0
          17       0.00      0.00      0.00         1
          18       0.00      0.00      0.00         0
          19       0.00      0.00      0.00         2
          20       0.00      0.00      0.00         7
          21       0.00      0.00      0.00         8
          22       0.00      0.00      0.00         1
          23       0.00      0.00      0.00        25
          24       0.00      0.00      0.00         0
          25       0.00      0.00      0.00         2
          26       0.00      0.00      0.00        18
          27       0.00      0.00      0.00         0
          28       0.00      0.00      0.00         3
          29       0.00      0.00      0.00         3
          30       0.00      0.00      0.00         5
          31       0.00      0.00      0.00         0
          32       0.00      0.00      0.00         3
          33       0.00      0.00      0.00         1
          34       0.00      0.00      0.00         0
          35       0.00      0.00      0.00         3
          36       0.00      0.00      0.00         0
          37       0.00      0.00      0.00        14
          38       0.00      0.00      0.00         0
          39       0.00      0.00      0.00         4
          40       0.00      0.00      0.00         1
          41       0.00      0.00      0.00         1
          42       0.00      0.00      0.00         0
          43       0.00      0.00      0.00         1
          44       0.00      0.00      0.00         1
          45       0.00      0.00      0.00         0
          46       0.00      0.00      0.00         1
          47       0.00      0.00      0.00         0
          48       0.00      0.00      0.00         4
          49       0.00      0.00      0.00         1
          50       0.00      0.00      0.00         0
          51       0.00      0.00      0.00         0
          52       0.00      0.00      0.00         0
          53       0.00      0.00      0.00         2
          54       0.00      0.00      0.00        10
          55       0.00      0.00      0.00         0
          56       0.00      0.00      0.00         7
          57       0.00      0.00      0.00         8
          58       0.00      0.00      0.00         8
          59       0.00      0.00      0.00         0
          60       0.00      0.00      0.00         1
          61       0.00      0.00      0.00         4
          62       0.00      0.00      0.00         0
          63       0.00      0.00      0.00         0
          64       0.00      0.00      0.00         0
          65       0.00      0.00      0.00         2
          66       0.00      0.00      0.00         0
          67       0.00      0.00      0.00         0
          68       0.00      0.00      0.00         0
          69       0.00      0.00      0.00         0
          70       0.00      0.00      0.00         0
          71       0.00      0.00      0.00        32
          72       0.00      0.00      0.00         0
          73       0.00      0.00      0.00         1
          74       0.00      0.00      0.00         0
          75       0.00      0.00      0.00         4
          76       0.00      0.00      0.00         3
          77       0.00      0.00      0.00         7
          78       0.00      0.00      0.00         0
          79       0.00      0.00      0.00         2
          80       0.00      0.00      0.00         0
          81       0.00      0.00      0.00         2
          82       0.00      0.00      0.00         0
          83       0.00      0.00      0.00         0
          84       0.00      0.00      0.00         4
          85       0.00      0.00      0.00         0
          86       0.00      0.00      0.00         0
          87       0.00      0.00      0.00         0
          88       0.00      0.00      0.00         0
          89       0.00      0.00      0.00         6
          90       0.00      0.00      0.00         0
          91       0.00      0.00      0.00         0
          92       0.00      0.00      0.00         0
          93       0.00      0.00      0.00         1
          94       0.00      0.00      0.00         4
          95       0.00      0.00      0.00         0
          96       0.00      0.00      0.00         0
          97       0.00      0.00      0.00         1
          98       0.00      0.00      0.00        47
          99       0.00      0.00      0.00         2
         100       0.00      0.00      0.00         0
         101       0.00      0.00      0.00         1
         102       0.00      0.00      0.00         0
         103       0.00      0.00      0.00         8
         104       0.00      0.00      0.00         1
         105       0.00      0.00      0.00         0
         106       0.00      0.00      0.00         1
         107       0.00      0.00      0.00         2
         108       0.00      0.00      0.00         0
         109       0.00      0.00      0.00         3
         110       0.00      0.00      0.00         0
         111       0.00      0.00      0.00         0
         112       0.00      0.00      0.00         0
         113       0.00      0.00      0.00         0
         114       0.00      0.00      0.00         2
         115       0.00      0.00      0.00         1
         116       0.00      0.00      0.00         1
         117       0.00      0.00      0.00         1

   micro avg       0.00      0.00      0.00       333
   macro avg       0.00      0.00      0.00       333
weighted avg       0.00      0.00      0.00       333
 samples avg       0.00      0.00      0.00       333

> epoch: 4
              precision    recall  f1-score   support

           0       0.00      0.00      0.00         0
           1       0.00      0.00      0.00         0
           2       0.00      0.00      0.00         6
           3       0.00      0.00      0.00         0
           4       0.00      0.00      0.00         0
           5       0.00      0.00      0.00         1
           6       0.00      0.00      0.00         0
           7       0.00      0.00      0.00         0
           8       0.00      0.00      0.00         1
           9       0.00      0.00      0.00         2
          10       0.00      0.00      0.00        13
          11       0.00      0.00      0.00         2
          12       0.00      0.00      0.00         8
          13       0.00      0.00      0.00         0
          14       0.00      0.00      0.00        10
          15       0.00      0.00      0.00         1
          16       0.00      0.00      0.00         0
          17       0.00      0.00      0.00         1
          18       0.00      0.00      0.00         0
          19       1.00      1.00      1.00         2
          20       0.83      0.71      0.77         7
          21       1.00      0.50      0.67         8
          22       0.00      0.00      0.00         1
          23       0.53      0.36      0.43        25
          24       0.00      0.00      0.00         0
          25       0.00      0.00      0.00         2
          26       0.00      0.00      0.00        18
          27       0.00      0.00      0.00         0
          28       0.00      0.00      0.00         3
          29       0.00      0.00      0.00         3
          30       0.00      0.00      0.00         5
          31       0.00      0.00      0.00         0
          32       0.50      0.67      0.57         3
          33       0.00      0.00      0.00         1
          34       0.00      0.00      0.00         0
          35       0.00      0.00      0.00         3
          36       0.00      0.00      0.00         0
          37       0.56      0.36      0.43        14
          38       0.00      0.00      0.00         0
          39       0.00      0.00      0.00         4
          40       0.00      0.00      0.00         1
          41       0.00      0.00      0.00         1
          42       0.00      0.00      0.00         0
          43       0.00      0.00      0.00         1
          44       0.00      0.00      0.00         1
          45       0.00      0.00      0.00         0
          46       0.00      0.00      0.00         1
          47       0.00      0.00      0.00         0
          48       0.00      0.00      0.00         4
          49       0.00      0.00      0.00         1
          50       0.00      0.00      0.00         0
          51       0.00      0.00      0.00         0
          52       0.00      0.00      0.00         0
          53       0.00      0.00      0.00         2
          54       0.64      0.70      0.67        10
          55       0.00      0.00      0.00         0
          56       0.00      0.00      0.00         7
          57       0.00      0.00      0.00         8
          58       0.00      0.00      0.00         8
          59       0.00      0.00      0.00         0
          60       0.00      0.00      0.00         1
          61       0.00      0.00      0.00         4
          62       0.00      0.00      0.00         0
          63       0.00      0.00      0.00         0
          64       0.00      0.00      0.00         0
          65       0.00      0.00      0.00         2
          66       0.00      0.00      0.00         0
          67       0.00      0.00      0.00         0
          68       0.00      0.00      0.00         0
          69       0.00      0.00      0.00         0
          70       0.00      0.00      0.00         0
          71       1.00      0.66      0.79        32
          72       0.00      0.00      0.00         0
          73       0.00      0.00      0.00         1
          74       0.00      0.00      0.00         0
          75       0.00      0.00      0.00         4
          76       0.00      0.00      0.00         3
          77       0.00      0.00      0.00         7
          78       0.00      0.00      0.00         0
          79       0.67      1.00      0.80         2
          80       0.00      0.00      0.00         0
          81       0.00      0.00      0.00         2
          82       0.00      0.00      0.00         0
          83       0.00      0.00      0.00         0
          84       0.00      0.00      0.00         4
          85       0.00      0.00      0.00         0
          86       0.00      0.00      0.00         0
          87       0.00      0.00      0.00         0
          88       0.00      0.00      0.00         0
          89       0.00      0.00      0.00         6
          90       0.00      0.00      0.00         0
          91       0.00      0.00      0.00         0
          92       0.00      0.00      0.00         0
          93       0.00      0.00      0.00         1
          94       0.00      0.00      0.00         4
          95       0.00      0.00      0.00         0
          96       0.00      0.00      0.00         0
          97       0.00      0.00      0.00         1
          98       0.70      0.55      0.62        47
          99       0.00      0.00      0.00         2
         100       0.00      0.00      0.00         0
         101       0.00      0.00      0.00         1
         102       0.00      0.00      0.00         0
         103       0.00      0.00      0.00         8
         104       0.00      0.00      0.00         1
         105       0.00      0.00      0.00         0
         106       0.00      0.00      0.00         1
         107       0.00      0.00      0.00         2
         108       0.00      0.00      0.00         0
         109       0.00      0.00      0.00         3
         110       0.00      0.00      0.00         0
         111       0.00      0.00      0.00         0
         112       0.00      0.00      0.00         0
         113       0.00      0.00      0.00         0
         114       0.00      0.00      0.00         2
         115       0.00      0.00      0.00         1
         116       0.00      0.00      0.00         1
         117       0.00      0.00      0.00         1

   micro avg       0.71      0.25      0.37       333
   macro avg       0.06      0.06      0.06       333
weighted avg       0.33      0.25      0.28       333
 samples avg       0.11      0.10      0.11       333

> epoch: 5
              precision    recall  f1-score   support

           0       0.00      0.00      0.00         0
           1       0.00      0.00      0.00         0
           2       0.00      0.00      0.00         6
           3       0.00      0.00      0.00         0
           4       0.00      0.00      0.00         0
           5       0.00      0.00      0.00         1
           6       0.00      0.00      0.00         0
           7       0.00      0.00      0.00         0
           8       0.00      0.00      0.00         1
           9       0.00      0.00      0.00         2
          10       0.67      0.15      0.25        13
          11       1.00      0.50      0.67         2
          12       0.00      0.00      0.00         8
          13       0.00      0.00      0.00         0
          14       0.00      0.00      0.00        10
          15       0.00      0.00      0.00         1
          16       0.00      0.00      0.00         0
          17       0.00      0.00      0.00         1
          18       0.00      0.00      0.00         0
          19       0.67      1.00      0.80         2
          20       0.88      1.00      0.93         7
          21       1.00      0.62      0.77         8
          22       0.00      0.00      0.00         1
          23       0.61      0.44      0.51        25
          24       0.00      0.00      0.00         0
          25       0.00      0.00      0.00         2
          26       0.75      0.17      0.27        18
          27       0.00      0.00      0.00         0
          28       1.00      0.67      0.80         3
          29       0.50      1.00      0.67         3
          30       0.75      0.60      0.67         5
          31       0.00      0.00      0.00         0
          32       0.50      0.67      0.57         3
          33       0.00      0.00      0.00         1
          34       0.00      0.00      0.00         0
          35       0.00      0.00      0.00         3
          36       0.00      0.00      0.00         0
          37       0.58      0.50      0.54        14
          38       0.00      0.00      0.00         0
          39       1.00      0.25      0.40         4
          40       0.00      0.00      0.00         1
          41       0.00      0.00      0.00         1
          42       0.00      0.00      0.00         0
          43       0.00      0.00      0.00         1
          44       0.00      0.00      0.00         1
          45       0.00      0.00      0.00         0
          46       0.00      0.00      0.00         1
          47       0.00      0.00      0.00         0
          48       0.00      0.00      0.00         4
          49       0.00      0.00      0.00         1
          50       0.00      0.00      0.00         0
          51       0.00      0.00      0.00         0
          52       0.00      0.00      0.00         0
          53       0.00      0.00      0.00         2
          54       0.53      0.80      0.64        10
          55       0.00      0.00      0.00         0
          56       0.00      0.00      0.00         7
          57       0.00      0.00      0.00         8
          58       1.00      0.12      0.22         8
          59       0.00      0.00      0.00         0
          60       0.00      0.00      0.00         1
          61       0.00      0.00      0.00         4
          62       0.00      0.00      0.00         0
          63       0.00      0.00      0.00         0
          64       0.00      0.00      0.00         0
          65       0.00      0.00      0.00         2
          66       0.00      0.00      0.00         0
          67       0.00      0.00      0.00         0
          68       0.00      0.00      0.00         0
          69       0.00      0.00      0.00         0
          70       0.00      0.00      0.00         0
          71       0.93      0.78      0.85        32
          72       0.00      0.00      0.00         0
          73       0.00      0.00      0.00         1
          74       0.00      0.00      0.00         0
          75       0.00      0.00      0.00         4
          76       1.00      0.67      0.80         3
          77       1.00      0.86      0.92         7
          78       0.00      0.00      0.00         0
          79       0.00      0.00      0.00         2
          80       0.00      0.00      0.00         0
          81       0.00      0.00      0.00         2
          82       0.00      0.00      0.00         0
          83       0.00      0.00      0.00         0
          84       1.00      0.25      0.40         4
          85       0.00      0.00      0.00         0
          86       0.00      0.00      0.00         0
          87       0.00      0.00      0.00         0
          88       0.00      0.00      0.00         0
          89       0.00      0.00      0.00         6
          90       0.00      0.00      0.00         0
          91       0.00      0.00      0.00         0
          92       0.00      0.00      0.00         0
          93       1.00      1.00      1.00         1
          94       0.00      0.00      0.00         4
          95       0.00      0.00      0.00         0
          96       0.00      0.00      0.00         0
          97       0.00      0.00      0.00         1
          98       0.81      0.47      0.59        47
          99       0.00      0.00      0.00         2
         100       0.00      0.00      0.00         0
         101       0.00      0.00      0.00         1
         102       0.00      0.00      0.00         0
         103       1.00      0.12      0.22         8
         104       0.00      0.00      0.00         1
         105       0.00      0.00      0.00         0
         106       0.00      0.00      0.00         1
         107       0.00      0.00      0.00         2
         108       0.00      0.00      0.00         0
         109       0.00      0.00      0.00         3
         110       0.00      0.00      0.00         0
         111       0.00      0.00      0.00         0
         112       0.00      0.00      0.00         0
         113       0.00      0.00      0.00         0
         114       0.00      0.00      0.00         2
         115       0.00      0.00      0.00         1
         116       0.00      0.00      0.00         1
         117       0.00      0.00      0.00         1

   micro avg       0.70      0.35      0.47       333
   macro avg       0.15      0.11      0.11       333
weighted avg       0.54      0.35      0.40       333
 samples avg       0.16      0.14      0.15       333

> epoch: 6
              precision    recall  f1-score   support

           0       0.00      0.00      0.00         0
           1       0.00      0.00      0.00         0
           2       1.00      0.33      0.50         6
           3       0.00      0.00      0.00         0
           4       0.00      0.00      0.00         0
           5       1.00      1.00      1.00         1
           6       0.00      0.00      0.00         0
           7       0.00      0.00      0.00         0
           8       0.00      0.00      0.00         1
           9       0.00      0.00      0.00         2
          10       0.75      0.23      0.35        13
          11       1.00      0.50      0.67         2
          12       0.75      0.38      0.50         8
          13       0.00      0.00      0.00         0
          14       1.00      0.30      0.46        10
          15       0.00      0.00      0.00         1
          16       0.00      0.00      0.00         0
          17       0.00      0.00      0.00         1
          18       0.00      0.00      0.00         0
          19       1.00      1.00      1.00         2
          20       0.83      0.71      0.77         7
          21       1.00      0.62      0.77         8
          22       1.00      1.00      1.00         1
          23       0.55      0.48      0.51        25
          24       0.00      0.00      0.00         0
          25       0.00      0.00      0.00         2
          26       0.62      0.28      0.38        18
          27       0.00      0.00      0.00         0
          28       1.00      0.67      0.80         3
          29       0.50      0.67      0.57         3
          30       0.67      0.80      0.73         5
          31       0.00      0.00      0.00         0
          32       0.40      0.67      0.50         3
          33       0.00      0.00      0.00         1
          34       0.00      0.00      0.00         0
          35       0.50      0.33      0.40         3
          36       0.00      0.00      0.00         0
          37       0.60      0.43      0.50        14
          38       0.00      0.00      0.00         0
          39       0.75      0.75      0.75         4
          40       0.00      0.00      0.00         1
          41       0.00      0.00      0.00         1
          42       0.00      0.00      0.00         0
          43       0.00      0.00      0.00         1
          44       0.00      0.00      0.00         1
          45       0.00      0.00      0.00         0
          46       0.50      1.00      0.67         1
          47       0.00      0.00      0.00         0
          48       1.00      0.75      0.86         4
          49       0.50      1.00      0.67         1
          50       0.00      0.00      0.00         0
          51       0.00      0.00      0.00         0
          52       0.00      0.00      0.00         0
          53       0.00      0.00      0.00         2
          54       0.57      0.80      0.67        10
          55       0.00      0.00      0.00         0
          56       0.00      0.00      0.00         7
          57       0.00      0.00      0.00         8
          58       0.75      0.38      0.50         8
          59       0.00      0.00      0.00         0
          60       0.00      0.00      0.00         1
          61       1.00      0.25      0.40         4
          62       0.00      0.00      0.00         0
          63       0.00      0.00      0.00         0
          64       0.00      0.00      0.00         0
          65       1.00      0.50      0.67         2
          66       0.00      0.00      0.00         0
          67       0.00      0.00      0.00         0
          68       0.00      0.00      0.00         0
          69       0.00      0.00      0.00         0
          70       0.00      0.00      0.00         0
          71       1.00      0.72      0.84        32
          72       0.00      0.00      0.00         0
          73       0.00      0.00      0.00         1
          74       0.00      0.00      0.00         0
          75       0.00      0.00      0.00         4
          76       0.67      0.67      0.67         3
          77       1.00      1.00      1.00         7
          78       0.00      0.00      0.00         0
          79       0.50      1.00      0.67         2
          80       0.00      0.00      0.00         0
          81       1.00      0.50      0.67         2
          82       0.00      0.00      0.00         0
          83       0.00      0.00      0.00         0
          84       1.00      0.50      0.67         4
          85       0.00      0.00      0.00         0
          86       0.00      0.00      0.00         0
          87       0.00      0.00      0.00         0
          88       0.00      0.00      0.00         0
          89       0.50      0.33      0.40         6
          90       0.00      0.00      0.00         0
          91       0.00      0.00      0.00         0
          92       0.00      0.00      0.00         0
          93       1.00      1.00      1.00         1
          94       1.00      0.25      0.40         4
          95       0.00      0.00      0.00         0
          96       0.00      0.00      0.00         0
          97       0.00      0.00      0.00         1
          98       0.81      0.72      0.76        47
          99       0.00      0.00      0.00         2
         100       0.00      0.00      0.00         0
         101       0.00      0.00      0.00         1
         102       0.00      0.00      0.00         0
         103       0.80      0.50      0.62         8
         104       0.00      0.00      0.00         1
         105       0.00      0.00      0.00         0
         106       0.00      0.00      0.00         1
         107       1.00      0.50      0.67         2
         108       0.00      0.00      0.00         0
         109       0.40      0.67      0.50         3
         110       0.00      0.00      0.00         0
         111       0.00      0.00      0.00         0
         112       0.00      0.00      0.00         0
         113       0.00      0.00      0.00         0
         114       0.00      0.00      0.00         2
         115       0.00      0.00      0.00         1
         116       0.00      0.00      0.00         1
         117       0.00      0.00      0.00         1

   micro avg       0.71      0.49      0.58       333
   macro avg       0.26      0.20      0.22       333
weighted avg       0.67      0.49      0.54       333
 samples avg       0.22      0.20      0.21       333

> epoch: 7
              precision    recall  f1-score   support

           0       0.00      0.00      0.00         0
           1       0.00      0.00      0.00         0
           2       0.67      0.33      0.44         6
           3       0.00      0.00      0.00         0
           4       0.00      0.00      0.00         0
           5       1.00      1.00      1.00         1
           6       0.00      0.00      0.00         0
           7       0.00      0.00      0.00         0
           8       0.00      0.00      0.00         1
           9       0.00      0.00      0.00         2
          10       0.58      0.54      0.56        13
          11       1.00      0.50      0.67         2
          12       0.62      0.62      0.62         8
          13       0.00      0.00      0.00         0
          14       1.00      0.40      0.57        10
          15       0.00      0.00      0.00         1
          16       0.00      0.00      0.00         0
          17       1.00      1.00      1.00         1
          18       0.00      0.00      0.00         0
          19       1.00      1.00      1.00         2
          20       0.86      0.86      0.86         7
          21       1.00      0.50      0.67         8
          22       1.00      1.00      1.00         1
          23       0.65      0.60      0.62        25
          24       0.00      0.00      0.00         0
          25       0.00      0.00      0.00         2
          26       0.70      0.39      0.50        18
          27       0.00      0.00      0.00         0
          28       1.00      0.67      0.80         3
          29       0.50      1.00      0.67         3
          30       0.67      0.80      0.73         5
          31       0.00      0.00      0.00         0
          32       0.40      0.67      0.50         3
          33       0.00      0.00      0.00         1
          34       0.00      0.00      0.00         0
          35       0.33      0.67      0.44         3
          36       0.00      0.00      0.00         0
          37       0.53      0.71      0.61        14
          38       0.00      0.00      0.00         0
          39       0.50      0.50      0.50         4
          40       0.00      0.00      0.00         1
          41       0.00      0.00      0.00         1
          42       0.00      0.00      0.00         0
          43       0.00      0.00      0.00         1
          44       0.00      0.00      0.00         1
          45       0.00      0.00      0.00         0
          46       0.50      1.00      0.67         1
          47       0.00      0.00      0.00         0
          48       1.00      0.75      0.86         4
          49       0.00      0.00      0.00         1
          50       0.00      0.00      0.00         0
          51       0.00      0.00      0.00         0
          52       0.00      0.00      0.00         0
          53       0.00      0.00      0.00         2
          54       0.58      0.70      0.64        10
          55       0.00      0.00      0.00         0
          56       0.00      0.00      0.00         7
          57       1.00      0.12      0.22         8
          58       0.83      0.62      0.71         8
          59       0.00      0.00      0.00         0
          60       0.17      1.00      0.29         1
          61       0.60      0.75      0.67         4
          62       0.00      0.00      0.00         0
          63       0.00      0.00      0.00         0
          64       0.00      0.00      0.00         0
          65       1.00      0.50      0.67         2
          66       0.00      0.00      0.00         0
          67       0.00      0.00      0.00         0
          68       0.00      0.00      0.00         0
          69       0.00      0.00      0.00         0
          70       0.00      0.00      0.00         0
          71       0.96      0.78      0.86        32
          72       0.00      0.00      0.00         0
          73       0.00      0.00      0.00         1
          74       0.00      0.00      0.00         0
          75       1.00      0.25      0.40         4
          76       0.50      0.67      0.57         3
          77       1.00      1.00      1.00         7
          78       0.00      0.00      0.00         0
          79       0.50      0.50      0.50         2
          80       0.00      0.00      0.00         0
          81       1.00      0.50      0.67         2
          82       0.00      0.00      0.00         0
          83       0.00      0.00      0.00         0
          84       1.00      0.75      0.86         4
          85       0.00      0.00      0.00         0
          86       0.00      0.00      0.00         0
          87       0.00      0.00      0.00         0
          88       0.00      0.00      0.00         0
          89       0.60      0.50      0.55         6
          90       0.00      0.00      0.00         0
          91       0.00      0.00      0.00         0
          92       0.00      0.00      0.00         0
          93       0.50      1.00      0.67         1
          94       0.50      0.25      0.33         4
          95       0.00      0.00      0.00         0
          96       0.00      0.00      0.00         0
          97       0.00      0.00      0.00         1
          98       0.84      0.68      0.75        47
          99       0.00      0.00      0.00         2
         100       0.00      0.00      0.00         0
         101       0.00      0.00      0.00         1
         102       0.00      0.00      0.00         0
         103       0.57      0.50      0.53         8
         104       0.00      0.00      0.00         1
         105       0.00      0.00      0.00         0
         106       0.00      0.00      0.00         1
         107       0.67      1.00      0.80         2
         108       0.00      0.00      0.00         0
         109       0.00      0.00      0.00         3
         110       0.00      0.00      0.00         0
         111       0.00      0.00      0.00         0
         112       0.00      0.00      0.00         0
         113       0.00      0.00      0.00         0
         114       0.00      0.00      0.00         2
         115       0.00      0.00      0.00         1
         116       0.00      0.00      0.00         1
         117       0.00      0.00      0.00         1

   micro avg       0.67      0.56      0.61       333
   macro avg       0.26      0.23      0.23       333
weighted avg       0.68      0.56      0.59       333
 samples avg       0.25      0.23      0.24       333

> epoch: 8
              precision    recall  f1-score   support

           0       0.00      0.00      0.00         0
           1       0.00      0.00      0.00         0
           2       0.50      0.17      0.25         6
           3       0.00      0.00      0.00         0
           4       0.00      0.00      0.00         0
           5       1.00      1.00      1.00         1
           6       0.00      0.00      0.00         0
           7       0.00      0.00      0.00         0
           8       0.00      0.00      0.00         1
           9       0.00      0.00      0.00         2
          10       0.60      0.23      0.33        13
          11       1.00      0.50      0.67         2
          12       1.00      0.50      0.67         8
          13       0.00      0.00      0.00         0
          14       1.00      0.40      0.57        10
          15       0.00      0.00      0.00         1
          16       0.00      0.00      0.00         0
          17       0.00      0.00      0.00         1
          18       0.00      0.00      0.00         0
          19       1.00      1.00      1.00         2
          20       0.86      0.86      0.86         7
          21       1.00      0.62      0.77         8
          22       0.00      0.00      0.00         1
          23       0.68      0.60      0.64        25
          24       0.00      0.00      0.00         0
          25       0.50      0.50      0.50         2
          26       0.58      0.39      0.47        18
          27       0.00      0.00      0.00         0
          28       1.00      0.67      0.80         3
          29       0.60      1.00      0.75         3
          30       0.60      0.60      0.60         5
          31       0.00      0.00      0.00         0
          32       0.50      0.67      0.57         3
          33       0.00      0.00      0.00         1
          34       0.00      0.00      0.00         0
          35       0.40      0.67      0.50         3
          36       0.00      0.00      0.00         0
          37       0.80      0.57      0.67        14
          38       0.00      0.00      0.00         0
          39       1.00      0.50      0.67         4
          40       0.00      0.00      0.00         1
          41       0.00      0.00      0.00         1
          42       0.00      0.00      0.00         0
          43       0.00      0.00      0.00         1
          44       0.00      0.00      0.00         1
          45       0.00      0.00      0.00         0
          46       0.50      1.00      0.67         1
          47       0.00      0.00      0.00         0
          48       1.00      0.50      0.67         4
          49       0.50      1.00      0.67         1
          50       0.00      0.00      0.00         0
          51       0.00      0.00      0.00         0
          52       0.00      0.00      0.00         0
          53       0.00      0.00      0.00         2
          54       0.54      0.70      0.61        10
          55       0.00      0.00      0.00         0
          56       0.00      0.00      0.00         7
          57       0.80      0.50      0.62         8
          58       0.50      0.12      0.20         8
          59       0.00      0.00      0.00         0
          60       1.00      1.00      1.00         1
          61       1.00      0.50      0.67         4
          62       0.00      0.00      0.00         0
          63       0.00      0.00      0.00         0
          64       0.00      0.00      0.00         0
          65       1.00      0.50      0.67         2
          66       0.00      0.00      0.00         0
          67       0.00      0.00      0.00         0
          68       0.00      0.00      0.00         0
          69       0.00      0.00      0.00         0
          70       0.00      0.00      0.00         0
          71       0.93      0.78      0.85        32
          72       0.00      0.00      0.00         0
          73       1.00      1.00      1.00         1
          74       0.00      0.00      0.00         0
          75       0.60      0.75      0.67         4
          76       1.00      0.67      0.80         3
          77       1.00      1.00      1.00         7
          78       0.00      0.00      0.00         0
          79       0.00      0.00      0.00         2
          80       0.00      0.00      0.00         0
          81       1.00      0.50      0.67         2
          82       0.00      0.00      0.00         0
          83       0.00      0.00      0.00         0
          84       1.00      0.75      0.86         4
          85       0.00      0.00      0.00         0
          86       0.00      0.00      0.00         0
          87       0.00      0.00      0.00         0
          88       0.00      0.00      0.00         0
          89       0.50      0.50      0.50         6
          90       0.00      0.00      0.00         0
          91       0.00      0.00      0.00         0
          92       0.00      0.00      0.00         0
          93       1.00      1.00      1.00         1
          94       0.00      0.00      0.00         4
          95       0.00      0.00      0.00         0
          96       0.00      0.00      0.00         0
          97       0.00      0.00      0.00         1
          98       0.72      0.72      0.72        47
          99       0.00      0.00      0.00         2
         100       0.00      0.00      0.00         0
         101       0.00      0.00      0.00         1
         102       0.00      0.00      0.00         0
         103       0.83      0.62      0.71         8
         104       0.00      0.00      0.00         1
         105       0.00      0.00      0.00         0
         106       0.00      0.00      0.00         1
         107       0.50      0.50      0.50         2
         108       0.00      0.00      0.00         0
         109       0.33      0.33      0.33         3
         110       0.00      0.00      0.00         0
         111       0.00      0.00      0.00         0
         112       0.00      0.00      0.00         0
         113       0.00      0.00      0.00         0
         114       0.00      0.00      0.00         2
         115       0.00      0.00      0.00         1
         116       0.00      0.00      0.00         1
         117       0.00      0.00      0.00         1

   micro avg       0.69      0.54      0.61       333
   macro avg       0.27      0.22      0.23       333
weighted avg       0.68      0.54      0.58       333
 samples avg       0.24      0.22      0.22       333

> epoch: 9
              precision    recall  f1-score   support

           0       0.00      0.00      0.00         0
           1       0.00      0.00      0.00         0
           2       0.50      0.17      0.25         6
           3       0.00      0.00      0.00         0
           4       0.00      0.00      0.00         0
           5       1.00      1.00      1.00         1
           6       0.00      0.00      0.00         0
           7       0.00      0.00      0.00         0
           8       0.00      0.00      0.00         1
           9       0.00      0.00      0.00         2
          10       0.40      0.31      0.35        13
          11       1.00      0.50      0.67         2
          12       0.62      0.62      0.62         8
          13       0.00      0.00      0.00         0
          14       0.78      0.70      0.74        10
          15       0.00      0.00      0.00         1
          16       0.00      0.00      0.00         0
          17       1.00      1.00      1.00         1
          18       0.00      0.00      0.00         0
          19       1.00      1.00      1.00         2
          20       0.88      1.00      0.93         7
          21       1.00      0.75      0.86         8
          22       0.00      0.00      0.00         1
          23       0.65      0.60      0.62        25
          24       0.00      0.00      0.00         0
          25       0.00      0.00      0.00         2
          26       0.67      0.33      0.44        18
          27       0.00      0.00      0.00         0
          28       1.00      0.67      0.80         3
          29       0.50      0.67      0.57         3
          30       0.60      0.60      0.60         5
          31       0.00      0.00      0.00         0
          32       0.40      0.67      0.50         3
          33       0.00      0.00      0.00         1
          34       0.00      0.00      0.00         0
          35       0.67      0.67      0.67         3
          36       0.00      0.00      0.00         0
          37       0.83      0.36      0.50        14
          38       0.00      0.00      0.00         0
          39       0.67      0.50      0.57         4
          40       0.00      0.00      0.00         1
          41       0.00      0.00      0.00         1
          42       0.00      0.00      0.00         0
          43       0.00      0.00      0.00         1
          44       0.00      0.00      0.00         1
          45       0.00      0.00      0.00         0
          46       0.00      0.00      0.00         1
          47       0.00      0.00      0.00         0
          48       1.00      0.75      0.86         4
          49       0.00      0.00      0.00         1
          50       0.00      0.00      0.00         0
          51       0.00      0.00      0.00         0
          52       0.00      0.00      0.00         0
          53       0.00      0.00      0.00         2
          54       0.58      0.70      0.64        10
          55       0.00      0.00      0.00         0
          56       0.40      0.29      0.33         7
          57       0.33      0.88      0.48         8
          58       0.83      0.62      0.71         8
          59       0.00      0.00      0.00         0
          60       0.50      1.00      0.67         1
          61       0.50      0.75      0.60         4
          62       0.00      0.00      0.00         0
          63       0.00      0.00      0.00         0
          64       0.00      0.00      0.00         0
          65       1.00      0.50      0.67         2
          66       0.00      0.00      0.00         0
          67       0.00      0.00      0.00         0
          68       0.00      0.00      0.00         0
          69       0.00      0.00      0.00         0
          70       0.00      0.00      0.00         0
          71       0.88      0.88      0.88        32
          72       0.00      0.00      0.00         0
          73       0.00      0.00      0.00         1
          74       0.00      0.00      0.00         0
          75       0.75      0.75      0.75         4
          76       1.00      0.67      0.80         3
          77       1.00      1.00      1.00         7
          78       0.00      0.00      0.00         0
          79       0.50      1.00      0.67         2
          80       0.00      0.00      0.00         0
          81       1.00      0.50      0.67         2
          82       0.00      0.00      0.00         0
          83       0.00      0.00      0.00         0
          84       1.00      0.75      0.86         4
          85       0.00      0.00      0.00         0
          86       0.00      0.00      0.00         0
          87       0.00      0.00      0.00         0
          88       0.00      0.00      0.00         0
          89       0.50      0.50      0.50         6
          90       0.00      0.00      0.00         0
          91       0.00      0.00      0.00         0
          92       0.00      0.00      0.00         0
          93       0.50      1.00      0.67         1
          94       1.00      0.25      0.40         4
          95       0.00      0.00      0.00         0
          96       0.00      0.00      0.00         0
          97       0.00      0.00      0.00         1
          98       0.85      0.60      0.70        47
          99       0.00      0.00      0.00         2
         100       0.00      0.00      0.00         0
         101       0.00      0.00      0.00         1
         102       0.00      0.00      0.00         0
         103       1.00      0.38      0.55         8
         104       0.00      0.00      0.00         1
         105       0.00      0.00      0.00         0
         106       0.00      0.00      0.00         1
         107       0.00      0.00      0.00         2
         108       0.00      0.00      0.00         0
         109       0.17      0.33      0.22         3
         110       0.00      0.00      0.00         0
         111       0.00      0.00      0.00         0
         112       0.00      0.00      0.00         0
         113       0.00      0.00      0.00         0
         114       0.00      0.00      0.00         2
         115       0.00      0.00      0.00         1
         116       0.00      0.00      0.00         1
         117       0.00      0.00      0.00         1

   micro avg       0.65      0.56      0.60       333
   macro avg       0.25      0.22      0.22       333
weighted avg       0.68      0.56      0.59       333
 samples avg       0.25      0.23      0.23       333

> epoch: 10
              precision    recall  f1-score   support

           0       0.00      0.00      0.00         0
           1       0.00      0.00      0.00         0
           2       0.50      0.17      0.25         6
           3       0.00      0.00      0.00         0
           4       0.00      0.00      0.00         0
           5       1.00      1.00      1.00         1
           6       0.00      0.00      0.00         0
           7       0.00      0.00      0.00         0
           8       0.00      0.00      0.00         1
           9       0.00      0.00      0.00         2
          10       0.67      0.31      0.42        13
          11       1.00      0.50      0.67         2
          12       0.80      0.50      0.62         8
          13       0.00      0.00      0.00         0
          14       0.73      0.80      0.76        10
          15       0.00      0.00      0.00         1
          16       0.00      0.00      0.00         0
          17       0.00      0.00      0.00         1
          18       0.00      0.00      0.00         0
          19       1.00      1.00      1.00         2
          20       0.86      0.86      0.86         7
          21       1.00      0.88      0.93         8
          22       0.00      0.00      0.00         1
          23       0.73      0.64      0.68        25
          24       0.00      0.00      0.00         0
          25       0.00      0.00      0.00         2
          26       0.62      0.44      0.52        18
          27       0.00      0.00      0.00         0
          28       1.00      0.67      0.80         3
          29       0.50      1.00      0.67         3
          30       0.60      0.60      0.60         5
          31       0.00      0.00      0.00         0
          32       0.40      0.67      0.50         3
          33       0.00      0.00      0.00         1
          34       0.00      0.00      0.00         0
          35       0.67      0.67      0.67         3
          36       0.00      0.00      0.00         0
          37       0.41      0.64      0.50        14
          38       0.00      0.00      0.00         0
          39       0.80      1.00      0.89         4
          40       0.00      0.00      0.00         1
          41       0.00      0.00      0.00         1
          42       0.00      0.00      0.00         0
          43       0.00      0.00      0.00         1
          44       0.00      0.00      0.00         1
          45       0.00      0.00      0.00         0
          46       0.50      1.00      0.67         1
          47       0.00      0.00      0.00         0
          48       1.00      0.50      0.67         4
          49       0.25      1.00      0.40         1
          50       0.00      0.00      0.00         0
          51       0.00      0.00      0.00         0
          52       0.00      0.00      0.00         0
          53       0.00      0.00      0.00         2
          54       0.54      0.70      0.61        10
          55       0.00      0.00      0.00         0
          56       0.75      0.43      0.55         7
          57       0.58      0.88      0.70         8
          58       0.67      0.25      0.36         8
          59       0.00      0.00      0.00         0
          60       1.00      1.00      1.00         1
          61       0.60      0.75      0.67         4
          62       0.00      0.00      0.00         0
          63       0.00      0.00      0.00         0
          64       0.00      0.00      0.00         0
          65       1.00      0.50      0.67         2
          66       0.00      0.00      0.00         0
          67       0.00      0.00      0.00         0
          68       0.00      0.00      0.00         0
          69       0.00      0.00      0.00         0
          70       0.00      0.00      0.00         0
          71       0.93      0.78      0.85        32
          72       0.00      0.00      0.00         0
          73       0.00      0.00      0.00         1
          74       0.00      0.00      0.00         0
          75       0.75      0.75      0.75         4
          76       1.00      0.67      0.80         3
          77       1.00      1.00      1.00         7
          78       0.00      0.00      0.00         0
          79       0.33      0.50      0.40         2
          80       0.00      0.00      0.00         0
          81       1.00      0.50      0.67         2
          82       0.00      0.00      0.00         0
          83       0.00      0.00      0.00         0
          84       1.00      0.50      0.67         4
          85       0.00      0.00      0.00         0
          86       0.00      0.00      0.00         0
          87       0.00      0.00      0.00         0
          88       0.00      0.00      0.00         0
          89       0.60      0.50      0.55         6
          90       0.00      0.00      0.00         0
          91       0.00      0.00      0.00         0
          92       0.00      0.00      0.00         0
          93       0.50      1.00      0.67         1
          94       1.00      0.25      0.40         4
          95       0.00      0.00      0.00         0
          96       0.00      0.00      0.00         0
          97       0.00      0.00      0.00         1
          98       0.71      0.77      0.73        47
          99       0.00      0.00      0.00         2
         100       0.00      0.00      0.00         0
         101       0.00      0.00      0.00         1
         102       0.00      0.00      0.00         0
         103       0.80      0.50      0.62         8
         104       0.00      0.00      0.00         1
         105       0.00      0.00      0.00         0
         106       0.00      0.00      0.00         1
         107       0.67      1.00      0.80         2
         108       0.00      0.00      0.00         0
         109       0.33      0.33      0.33         3
         110       0.00      0.00      0.00         0
         111       0.00      0.00      0.00         0
         112       0.00      0.00      0.00         0
         113       0.00      0.00      0.00         0
         114       0.00      0.00      0.00         2
         115       0.00      0.00      0.00         1
         116       0.00      0.00      0.00         1
         117       0.00      0.00      0.00         1

   micro avg       0.65      0.60      0.62       333
   macro avg       0.26      0.24      0.24       333
weighted avg       0.67      0.60      0.61       333
 samples avg       0.26      0.24      0.25       333

> epoch: 11
              precision    recall  f1-score   support

           0       0.00      0.00      0.00         0
           1       0.00      0.00      0.00         0
           2       0.50      0.17      0.25         6
           3       0.00      0.00      0.00         0
           4       0.00      0.00      0.00         0
           5       1.00      1.00      1.00         1
           6       0.00      0.00      0.00         0
           7       0.00      0.00      0.00         0
           8       0.00      0.00      0.00         1
           9       0.00      0.00      0.00         2
          10       0.80      0.31      0.44        13
          11       1.00      0.50      0.67         2
          12       0.60      0.38      0.46         8
          13       0.00      0.00      0.00         0
          14       1.00      0.60      0.75        10
          15       0.00      0.00      0.00         1
          16       0.00      0.00      0.00         0
          17       1.00      1.00      1.00         1
          18       0.00      0.00      0.00         0
          19       1.00      1.00      1.00         2
          20       0.86      0.86      0.86         7
          21       0.70      0.88      0.78         8
          22       0.00      0.00      0.00         1
          23       0.70      0.56      0.62        25
          24       0.00      0.00      0.00         0
          25       0.00      0.00      0.00         2
          26       0.58      0.39      0.47        18
          27       0.00      0.00      0.00         0
          28       1.00      0.67      0.80         3
          29       0.50      1.00      0.67         3
          30       0.67      0.40      0.50         5
          31       0.00      0.00      0.00         0
          32       0.40      0.67      0.50         3
          33       0.00      0.00      0.00         1
          34       0.00      0.00      0.00         0
          35       0.67      0.67      0.67         3
          36       0.00      0.00      0.00         0
          37       0.55      0.43      0.48        14
          38       0.00      0.00      0.00         0
          39       0.75      0.75      0.75         4
          40       0.00      0.00      0.00         1
          41       0.00      0.00      0.00         1
          42       0.00      0.00      0.00         0
          43       0.00      0.00      0.00         1
          44       0.00      0.00      0.00         1
          45       0.00      0.00      0.00         0
          46       0.00      0.00      0.00         1
          47       0.00      0.00      0.00         0
          48       1.00      0.50      0.67         4
          49       0.33      1.00      0.50         1
          50       0.00      0.00      0.00         0
          51       0.00      0.00      0.00         0
          52       0.00      0.00      0.00         0
          53       0.00      0.00      0.00         2
          54       0.54      0.70      0.61        10
          55       0.00      0.00      0.00         0
          56       0.67      0.29      0.40         7
          57       0.38      0.38      0.38         8
          58       0.83      0.62      0.71         8
          59       0.00      0.00      0.00         0
          60       0.00      0.00      0.00         1
          61       1.00      0.75      0.86         4
          62       0.00      0.00      0.00         0
          63       0.00      0.00      0.00         0
          64       0.00      0.00      0.00         0
          65       1.00      0.50      0.67         2
          66       0.00      0.00      0.00         0
          67       0.00      0.00      0.00         0
          68       0.00      0.00      0.00         0
          69       0.00      0.00      0.00         0
          70       0.00      0.00      0.00         0
          71       0.83      0.94      0.88        32
          72       0.00      0.00      0.00         0
          73       0.00      0.00      0.00         1
          74       0.00      0.00      0.00         0
          75       0.67      1.00      0.80         4
          76       0.50      0.33      0.40         3
          77       1.00      1.00      1.00         7
          78       0.00      0.00      0.00         0
          79       0.00      0.00      0.00         2
          80       0.00      0.00      0.00         0
          81       1.00      0.50      0.67         2
          82       0.00      0.00      0.00         0
          83       0.00      0.00      0.00         0
          84       1.00      0.50      0.67         4
          85       0.00      0.00      0.00         0
          86       0.00      0.00      0.00         0
          87       0.00      0.00      0.00         0
          88       0.00      0.00      0.00         0
          89       0.75      0.50      0.60         6
          90       0.00      0.00      0.00         0
          91       0.00      0.00      0.00         0
          92       0.00      0.00      0.00         0
          93       1.00      1.00      1.00         1
          94       1.00      0.50      0.67         4
          95       0.00      0.00      0.00         0
          96       0.00      0.00      0.00         0
          97       0.00      0.00      0.00         1
          98       0.70      0.66      0.68        47
          99       0.00      0.00      0.00         2
         100       0.00      0.00      0.00         0
         101       0.00      0.00      0.00         1
         102       0.00      0.00      0.00         0
         103       0.75      0.75      0.75         8
         104       0.00      0.00      0.00         1
         105       0.00      0.00      0.00         0
         106       0.00      0.00      0.00         1
         107       0.40      1.00      0.57         2
         108       0.00      0.00      0.00         0
         109       0.33      0.33      0.33         3
         110       0.00      0.00      0.00         0
         111       0.00      0.00      0.00         0
         112       0.00      0.00      0.00         0
         113       0.00      0.00      0.00         0
         114       0.00      0.00      0.00         2
         115       0.00      0.00      0.00         1
         116       0.00      0.00      0.00         1
         117       0.00      0.00      0.00         1

   micro avg       0.67      0.56      0.61       333
   macro avg       0.25      0.22      0.22       333
weighted avg       0.66      0.56      0.59       333
 samples avg       0.25      0.23      0.24       333

> epoch: 12
              precision    recall  f1-score   support

           0       0.00      0.00      0.00         0
           1       0.00      0.00      0.00         0
           2       0.25      0.17      0.20         6
           3       0.00      0.00      0.00         0
           4       0.00      0.00      0.00         0
           5       1.00      1.00      1.00         1
           6       0.00      0.00      0.00         0
           7       0.00      0.00      0.00         0
           8       0.00      0.00      0.00         1
           9       0.33      0.50      0.40         2
          10       0.64      0.54      0.58        13
          11       0.00      0.00      0.00         2
          12       0.67      0.25      0.36         8
          13       0.00      0.00      0.00         0
          14       0.83      0.50      0.62        10
          15       0.00      0.00      0.00         1
          16       0.00      0.00      0.00         0
          17       0.33      1.00      0.50         1
          18       0.00      0.00      0.00         0
          19       1.00      1.00      1.00         2
          20       0.86      0.86      0.86         7
          21       0.88      0.88      0.88         8
          22       1.00      1.00      1.00         1
          23       0.48      0.56      0.52        25
          24       0.00      0.00      0.00         0
          25       0.33      0.50      0.40         2
          26       0.47      0.44      0.46        18
          27       0.00      0.00      0.00         0
          28       0.67      0.67      0.67         3
          29       0.60      1.00      0.75         3
          30       0.57      0.80      0.67         5
          31       0.00      0.00      0.00         0
          32       0.40      0.67      0.50         3
          33       0.00      0.00      0.00         1
          34       0.00      0.00      0.00         0
          35       0.25      0.67      0.36         3
          36       0.00      0.00      0.00         0
          37       0.54      0.50      0.52        14
          38       0.00      0.00      0.00         0
          39       0.67      1.00      0.80         4
          40       0.00      0.00      0.00         1
          41       0.00      0.00      0.00         1
          42       0.00      0.00      0.00         0
          43       0.00      0.00      0.00         1
          44       0.00      0.00      0.00         1
          45       0.00      0.00      0.00         0
          46       0.50      1.00      0.67         1
          47       0.00      0.00      0.00         0
          48       1.00      0.25      0.40         4
          49       0.25      1.00      0.40         1
          50       0.00      0.00      0.00         0
          51       0.00      0.00      0.00         0
          52       0.00      0.00      0.00         0
          53       0.00      0.00      0.00         2
          54       0.55      0.60      0.57        10
          55       0.00      0.00      0.00         0
          56       0.67      0.29      0.40         7
          57       0.39      0.88      0.54         8
          58       0.80      0.50      0.62         8
          59       0.00      0.00      0.00         0
          60       0.00      0.00      0.00         1
          61       0.67      0.50      0.57         4
          62       0.00      0.00      0.00         0
          63       0.00      0.00      0.00         0
          64       0.00      0.00      0.00         0
          65       1.00      1.00      1.00         2
          66       0.00      0.00      0.00         0
          67       0.00      0.00      0.00         0
          68       0.00      0.00      0.00         0
          69       0.00      0.00      0.00         0
          70       0.00      0.00      0.00         0
          71       0.84      0.81      0.83        32
          72       0.00      0.00      0.00         0
          73       0.00      0.00      0.00         1
          74       0.00      0.00      0.00         0
          75       1.00      1.00      1.00         4
          76       0.50      0.67      0.57         3
          77       1.00      1.00      1.00         7
          78       0.00      0.00      0.00         0
          79       0.50      0.50      0.50         2
          80       0.00      0.00      0.00         0
          81       1.00      0.50      0.67         2
          82       0.00      0.00      0.00         0
          83       0.00      0.00      0.00         0
          84       1.00      0.75      0.86         4
          85       0.00      0.00      0.00         0
          86       0.00      0.00      0.00         0
          87       0.00      0.00      0.00         0
          88       0.00      0.00      0.00         0
          89       0.75      0.50      0.60         6
          90       0.00      0.00      0.00         0
          91       0.00      0.00      0.00         0
          92       0.00      0.00      0.00         0
          93       1.00      1.00      1.00         1
          94       1.00      0.50      0.67         4
          95       0.00      0.00      0.00         0
          96       0.00      0.00      0.00         0
          97       0.00      0.00      0.00         1
          98       0.83      0.74      0.79        47
          99       0.00      0.00      0.00         2
         100       0.00      0.00      0.00         0
         101       0.00      0.00      0.00         1
         102       0.00      0.00      0.00         0
         103       0.83      0.62      0.71         8
         104       0.00      0.00      0.00         1
         105       0.00      0.00      0.00         0
         106       0.00      0.00      0.00         1
         107       0.50      1.00      0.67         2
         108       0.00      0.00      0.00         0
         109       0.33      0.67      0.44         3
         110       0.00      0.00      0.00         0
         111       0.00      0.00      0.00         0
         112       0.00      0.00      0.00         0
         113       0.00      0.00      0.00         0
         114       0.00      0.00      0.00         2
         115       0.00      0.00      0.00         1
         116       0.00      0.00      0.00         1
         117       0.00      0.00      0.00         1

   micro avg       0.61      0.60      0.61       333
   macro avg       0.25      0.26      0.24       333
weighted avg       0.64      0.60      0.60       333
 samples avg       0.26      0.25      0.25       333

> epoch: 13
              precision    recall  f1-score   support

           0       0.00      0.00      0.00         0
           1       0.00      0.00      0.00         0
           2       0.50      0.33      0.40         6
           3       0.00      0.00      0.00         0
           4       0.00      0.00      0.00         0
           5       1.00      1.00      1.00         1
           6       0.00      0.00      0.00         0
           7       0.00      0.00      0.00         0
           8       0.00      0.00      0.00         1
           9       0.00      0.00      0.00         2
          10       0.55      0.46      0.50        13
          11       0.00      0.00      0.00         2
          12       0.75      0.38      0.50         8
          13       0.00      0.00      0.00         0
          14       0.67      0.80      0.73        10
          15       0.00      0.00      0.00         1
          16       0.00      0.00      0.00         0
          17       0.00      0.00      0.00         1
          18       0.00      0.00      0.00         0
          19       1.00      1.00      1.00         2
          20       0.86      0.86      0.86         7
          21       0.71      0.62      0.67         8
          22       0.00      0.00      0.00         1
          23       0.67      0.72      0.69        25
          24       0.00      0.00      0.00         0
          25       0.33      0.50      0.40         2
          26       0.62      0.28      0.38        18
          27       0.00      0.00      0.00         0
          28       1.00      0.67      0.80         3
          29       0.60      1.00      0.75         3
          30       0.60      0.60      0.60         5
          31       0.00      0.00      0.00         0
          32       0.67      0.67      0.67         3
          33       0.00      0.00      0.00         1
          34       0.00      0.00      0.00         0
          35       0.50      0.33      0.40         3
          36       0.00      0.00      0.00         0
          37       0.75      0.43      0.55        14
          38       0.00      0.00      0.00         0
          39       0.75      0.75      0.75         4
          40       0.00      0.00      0.00         1
          41       0.00      0.00      0.00         1
          42       0.00      0.00      0.00         0
          43       0.00      0.00      0.00         1
          44       0.00      0.00      0.00         1
          45       0.00      0.00      0.00         0
          46       0.50      1.00      0.67         1
          47       0.00      0.00      0.00         0
          48       1.00      0.75      0.86         4
          49       0.50      1.00      0.67         1
          50       0.00      0.00      0.00         0
          51       0.00      0.00      0.00         0
          52       0.00      0.00      0.00         0
          53       0.00      0.00      0.00         2
          54       0.55      0.60      0.57        10
          55       0.00      0.00      0.00         0
          56       1.00      0.29      0.44         7
          57       0.58      0.88      0.70         8
          58       0.80      0.50      0.62         8
          59       0.00      0.00      0.00         0
          60       0.00      0.00      0.00         1
          61       1.00      0.75      0.86         4
          62       0.00      0.00      0.00         0
          63       0.00      0.00      0.00         0
          64       0.00      0.00      0.00         0
          65       1.00      0.50      0.67         2
          66       0.00      0.00      0.00         0
          67       0.00      0.00      0.00         0
          68       0.00      0.00      0.00         0
          69       0.00      0.00      0.00         0
          70       0.00      0.00      0.00         0
          71       0.91      0.91      0.91        32
          72       0.00      0.00      0.00         0
          73       0.00      0.00      0.00         1
          74       0.00      0.00      0.00         0
          75       0.67      1.00      0.80         4
          76       1.00      0.67      0.80         3
          77       1.00      1.00      1.00         7
          78       0.00      0.00      0.00         0
          79       0.33      0.50      0.40         2
          80       0.00      0.00      0.00         0
          81       0.50      0.50      0.50         2
          82       0.00      0.00      0.00         0
          83       0.00      0.00      0.00         0
          84       1.00      0.75      0.86         4
          85       0.00      0.00      0.00         0
          86       0.00      0.00      0.00         0
          87       0.00      0.00      0.00         0
          88       0.00      0.00      0.00         0
          89       0.57      0.67      0.62         6
          90       0.00      0.00      0.00         0
          91       0.00      0.00      0.00         0
          92       0.00      0.00      0.00         0
          93       1.00      1.00      1.00         1
          94       1.00      0.50      0.67         4
          95       0.00      0.00      0.00         0
          96       0.00      0.00      0.00         0
          97       0.00      0.00      0.00         1
          98       0.74      0.85      0.79        47
          99       0.00      0.00      0.00         2
         100       0.00      0.00      0.00         0
         101       0.00      0.00      0.00         1
         102       0.00      0.00      0.00         0
         103       1.00      0.50      0.67         8
         104       0.00      0.00      0.00         1
         105       0.00      0.00      0.00         0
         106       0.00      0.00      0.00         1
         107       0.50      0.50      0.50         2
         108       0.00      0.00      0.00         0
         109       0.33      0.33      0.33         3
         110       0.00      0.00      0.00         0
         111       0.00      0.00      0.00         0
         112       0.00      0.00      0.00         0
         113       0.00      0.00      0.00         0
         114       0.00      0.00      0.00         2
         115       0.00      0.00      0.00         1
         116       0.00      0.00      0.00         1
         117       0.00      0.00      0.00         1

   micro avg       0.68      0.62      0.65       333
   macro avg       0.25      0.23      0.23       333
weighted avg       0.68      0.62      0.63       333
 samples avg       0.27      0.25      0.25       333

> epoch: 14
              precision    recall  f1-score   support

           0       0.00      0.00      0.00         0
           1       0.00      0.00      0.00         0
           2       0.67      0.33      0.44         6
           3       0.00      0.00      0.00         0
           4       0.00      0.00      0.00         0
           5       1.00      1.00      1.00         1
           6       0.00      0.00      0.00         0
           7       0.00      0.00      0.00         0
           8       0.00      0.00      0.00         1
           9       0.00      0.00      0.00         2
          10       0.33      0.08      0.12        13
          11       1.00      0.50      0.67         2
          12       0.50      0.50      0.50         8
          13       0.00      0.00      0.00         0
          14       0.83      0.50      0.62        10
          15       0.00      0.00      0.00         1
          16       0.00      0.00      0.00         0
          17       0.50      1.00      0.67         1
          18       0.00      0.00      0.00         0
          19       1.00      1.00      1.00         2
          20       0.86      0.86      0.86         7
          21       1.00      0.75      0.86         8
          22       1.00      1.00      1.00         1
          23       0.68      0.68      0.68        25
          24       0.00      0.00      0.00         0
          25       0.00      0.00      0.00         2
          26       0.56      0.28      0.37        18
          27       0.00      0.00      0.00         0
          28       1.00      0.67      0.80         3
          29       0.43      1.00      0.60         3
          30       0.60      0.60      0.60         5
          31       0.00      0.00      0.00         0
          32       0.40      0.67      0.50         3
          33       0.00      0.00      0.00         1
          34       0.00      0.00      0.00         0
          35       0.33      0.33      0.33         3
          36       0.00      0.00      0.00         0
          37       0.67      0.14      0.24        14
          38       0.00      0.00      0.00         0
          39       0.00      0.00      0.00         4
          40       0.00      0.00      0.00         1
          41       0.00      0.00      0.00         1
          42       0.00      0.00      0.00         0
          43       0.00      0.00      0.00         1
          44       0.00      0.00      0.00         1
          45       0.00      0.00      0.00         0
          46       0.50      1.00      0.67         1
          47       0.00      0.00      0.00         0
          48       1.00      0.75      0.86         4
          49       0.17      1.00      0.29         1
          50       0.00      0.00      0.00         0
          51       0.00      0.00      0.00         0
          52       0.00      0.00      0.00         0
          53       0.00      0.00      0.00         2
          54       0.50      0.50      0.50        10
          55       0.00      0.00      0.00         0
          56       1.00      0.29      0.44         7
          57       1.00      0.75      0.86         8
          58       0.80      0.50      0.62         8
          59       0.00      0.00      0.00         0
          60       0.00      0.00      0.00         1
          61       0.75      0.75      0.75         4
          62       0.00      0.00      0.00         0
          63       0.00      0.00      0.00         0
          64       0.00      0.00      0.00         0
          65       1.00      0.50      0.67         2
          66       0.00      0.00      0.00         0
          67       0.00      0.00      0.00         0
          68       0.00      0.00      0.00         0
          69       0.00      0.00      0.00         0
          70       0.00      0.00      0.00         0
          71       0.85      0.91      0.88        32
          72       0.00      0.00      0.00         0
          73       0.00      0.00      0.00         1
          74       0.00      0.00      0.00         0
          75       1.00      0.50      0.67         4
          76       0.50      0.33      0.40         3
          77       1.00      1.00      1.00         7
          78       0.00      0.00      0.00         0
          79       0.00      0.00      0.00         2
          80       0.00      0.00      0.00         0
          81       1.00      0.50      0.67         2
          82       0.00      0.00      0.00         0
          83       0.00      0.00      0.00         0
          84       1.00      0.75      0.86         4
          85       0.00      0.00      0.00         0
          86       0.00      0.00      0.00         0
          87       0.00      0.00      0.00         0
          88       0.00      0.00      0.00         0
          89       0.60      0.50      0.55         6
          90       0.00      0.00      0.00         0
          91       0.00      0.00      0.00         0
          92       0.00      0.00      0.00         0
          93       0.50      1.00      0.67         1
          94       1.00      0.75      0.86         4
          95       0.00      0.00      0.00         0
          96       0.00      0.00      0.00         0
          97       0.00      0.00      0.00         1
          98       0.85      0.70      0.77        47
          99       0.00      0.00      0.00         2
         100       0.00      0.00      0.00         0
         101       0.00      0.00      0.00         1
         102       0.00      0.00      0.00         0
         103       0.60      0.38      0.46         8
         104       0.00      0.00      0.00         1
         105       0.00      0.00      0.00         0
         106       0.00      0.00      0.00         1
         107       0.50      0.50      0.50         2
         108       0.00      0.00      0.00         0
         109       0.50      0.33      0.40         3
         110       0.00      0.00      0.00         0
         111       0.00      0.00      0.00         0
         112       0.00      0.00      0.00         0
         113       0.00      0.00      0.00         0
         114       0.00      0.00      0.00         2
         115       0.00      0.00      0.00         1
         116       0.00      0.00      0.00         1
         117       0.00      0.00      0.00         1

   micro avg       0.68      0.54      0.60       333
   macro avg       0.25      0.22      0.22       333
weighted avg       0.67      0.54      0.58       333
 samples avg       0.23      0.22      0.22       333

> epoch: 15
              precision    recall  f1-score   support

           0       0.00      0.00      0.00         0
           1       0.00      0.00      0.00         0
           2       0.50      0.17      0.25         6
           3       0.00      0.00      0.00         0
           4       0.00      0.00      0.00         0
           5       1.00      1.00      1.00         1
           6       0.00      0.00      0.00         0
           7       0.00      0.00      0.00         0
           8       0.00      0.00      0.00         1
           9       0.00      0.00      0.00         2
          10       0.20      0.08      0.11        13
          11       0.00      0.00      0.00         2
          12       0.56      0.62      0.59         8
          13       0.00      0.00      0.00         0
          14       0.70      0.70      0.70        10
          15       0.00      0.00      0.00         1
          16       0.00      0.00      0.00         0
          17       1.00      1.00      1.00         1
          18       0.00      0.00      0.00         0
          19       1.00      1.00      1.00         2
          20       0.86      0.86      0.86         7
          21       0.67      0.75      0.71         8
          22       1.00      1.00      1.00         1
          23       0.64      0.64      0.64        25
          24       0.00      0.00      0.00         0
          25       0.00      0.00      0.00         2
          26       0.57      0.22      0.32        18
          27       0.00      0.00      0.00         0
          28       1.00      0.67      0.80         3
          29       0.60      1.00      0.75         3
          30       0.60      0.60      0.60         5
          31       0.00      0.00      0.00         0
          32       0.50      0.67      0.57         3
          33       0.00      0.00      0.00         1
          34       0.00      0.00      0.00         0
          35       0.67      0.67      0.67         3
          36       0.00      0.00      0.00         0
          37       0.86      0.43      0.57        14
          38       0.00      0.00      0.00         0
          39       0.67      0.50      0.57         4
          40       0.00      0.00      0.00         1
          41       0.00      0.00      0.00         1
          42       0.00      0.00      0.00         0
          43       0.00      0.00      0.00         1
          44       0.00      0.00      0.00         1
          45       0.00      0.00      0.00         0
          46       0.50      1.00      0.67         1
          47       0.00      0.00      0.00         0
          48       1.00      1.00      1.00         4
          49       0.00      0.00      0.00         1
          50       0.00      0.00      0.00         0
          51       0.00      0.00      0.00         0
          52       0.00      0.00      0.00         0
          53       0.00      0.00      0.00         2
          54       0.62      0.50      0.56        10
          55       0.00      0.00      0.00         0
          56       0.67      0.29      0.40         7
          57       0.58      0.88      0.70         8
          58       0.86      0.75      0.80         8
          59       0.00      0.00      0.00         0
          60       1.00      1.00      1.00         1
          61       0.43      0.75      0.55         4
          62       0.00      0.00      0.00         0
          63       0.00      0.00      0.00         0
          64       0.00      0.00      0.00         0
          65       1.00      0.50      0.67         2
          66       0.00      0.00      0.00         0
          67       0.00      0.00      0.00         0
          68       0.00      0.00      0.00         0
          69       0.00      0.00      0.00         0
          70       0.00      0.00      0.00         0
          71       0.94      0.91      0.92        32
          72       0.00      0.00      0.00         0
          73       0.00      0.00      0.00         1
          74       0.00      0.00      0.00         0
          75       1.00      1.00      1.00         4
          76       0.50      0.33      0.40         3
          77       1.00      1.00      1.00         7
          78       0.00      0.00      0.00         0
          79       0.00      0.00      0.00         2
          80       0.00      0.00      0.00         0
          81       1.00      0.50      0.67         2
          82       0.00      0.00      0.00         0
          83       0.00      0.00      0.00         0
          84       1.00      0.75      0.86         4
          85       0.00      0.00      0.00         0
          86       0.00      0.00      0.00         0
          87       0.00      0.00      0.00         0
          88       0.00      0.00      0.00         0
          89       0.75      0.50      0.60         6
          90       0.00      0.00      0.00         0
          91       0.00      0.00      0.00         0
          92       0.00      0.00      0.00         0
          93       0.25      1.00      0.40         1
          94       1.00      0.50      0.67         4
          95       0.00      0.00      0.00         0
          96       0.00      0.00      0.00         0
          97       0.00      0.00      0.00         1
          98       0.70      0.81      0.75        47
          99       0.00      0.00      0.00         2
         100       0.00      0.00      0.00         0
         101       0.00      0.00      0.00         1
         102       0.00      0.00      0.00         0
         103       0.60      0.38      0.46         8
         104       0.00      0.00      0.00         1
         105       0.00      0.00      0.00         0
         106       0.00      0.00      0.00         1
         107       0.67      1.00      0.80         2
         108       0.00      0.00      0.00         0
         109       0.00      0.00      0.00         3
         110       0.00      0.00      0.00         0
         111       0.00      0.00      0.00         0
         112       0.00      0.00      0.00         0
         113       0.00      0.00      0.00         0
         114       0.00      0.00      0.00         2
         115       0.00      0.00      0.00         1
         116       0.00      0.00      0.00         1
         117       0.00      0.00      0.00         1

   micro avg       0.67      0.59      0.62       333
   macro avg       0.25      0.24      0.23       333
weighted avg       0.64      0.59      0.59       333
 samples avg       0.25      0.24      0.24       333

> epoch: 16
              precision    recall  f1-score   support

           0       0.00      0.00      0.00         0
           1       0.00      0.00      0.00         0
           2       0.40      0.33      0.36         6
           3       0.00      0.00      0.00         0
           4       0.00      0.00      0.00         0
           5       1.00      1.00      1.00         1
           6       0.00      0.00      0.00         0
           7       0.00      0.00      0.00         0
           8       0.00      0.00      0.00         1
           9       0.00      0.00      0.00         2
          10       0.54      0.54      0.54        13
          11       0.00      0.00      0.00         2
          12       0.60      0.75      0.67         8
          13       0.00      0.00      0.00         0
          14       0.71      0.50      0.59        10
          15       0.00      0.00      0.00         1
          16       0.00      0.00      0.00         0
          17       0.00      0.00      0.00         1
          18       0.00      0.00      0.00         0
          19       1.00      1.00      1.00         2
          20       0.78      1.00      0.88         7
          21       0.58      0.88      0.70         8
          22       1.00      1.00      1.00         1
          23       0.64      0.56      0.60        25
          24       0.00      0.00      0.00         0
          25       0.00      0.00      0.00         2
          26       0.69      0.50      0.58        18
          27       0.00      0.00      0.00         0
          28       0.50      1.00      0.67         3
          29       1.00      0.67      0.80         3
          30       0.40      0.40      0.40         5
          31       0.00      0.00      0.00         0
          32       0.40      0.67      0.50         3
          33       0.00      0.00      0.00         1
          34       0.00      0.00      0.00         0
          35       0.50      0.33      0.40         3
          36       0.00      0.00      0.00         0
          37       0.75      0.64      0.69        14
          38       0.00      0.00      0.00         0
          39       0.75      0.75      0.75         4
          40       0.00      0.00      0.00         1
          41       0.00      0.00      0.00         1
          42       0.00      0.00      0.00         0
          43       0.00      0.00      0.00         1
          44       0.00      0.00      0.00         1
          45       0.00      0.00      0.00         0
          46       0.50      1.00      0.67         1
          47       0.00      0.00      0.00         0
          48       1.00      0.75      0.86         4
          49       0.00      0.00      0.00         1
          50       0.00      0.00      0.00         0
          51       0.00      0.00      0.00         0
          52       0.00      0.00      0.00         0
          53       0.00      0.00      0.00         2
          54       0.54      0.70      0.61        10
          55       0.00      0.00      0.00         0
          56       0.67      0.29      0.40         7
          57       0.60      0.75      0.67         8
          58       0.62      0.62      0.62         8
          59       0.00      0.00      0.00         0
          60       1.00      1.00      1.00         1
          61       0.60      0.75      0.67         4
          62       0.00      0.00      0.00         0
          63       0.00      0.00      0.00         0
          64       0.00      0.00      0.00         0
          65       1.00      0.50      0.67         2
          66       0.00      0.00      0.00         0
          67       0.00      0.00      0.00         0
          68       0.00      0.00      0.00         0
          69       0.00      0.00      0.00         0
          70       0.00      0.00      0.00         0
          71       0.90      0.88      0.89        32
          72       0.00      0.00      0.00         0
          73       0.00      0.00      0.00         1
          74       0.00      0.00      0.00         0
          75       1.00      0.75      0.86         4
          76       0.67      0.67      0.67         3
          77       1.00      1.00      1.00         7
          78       0.00      0.00      0.00         0
          79       0.00      0.00      0.00         2
          80       0.00      0.00      0.00         0
          81       0.50      0.50      0.50         2
          82       0.00      0.00      0.00         0
          83       0.00      0.00      0.00         0
          84       1.00      0.75      0.86         4
          85       0.00      0.00      0.00         0
          86       0.00      0.00      0.00         0
          87       0.00      0.00      0.00         0
          88       0.00      0.00      0.00         0
          89       1.00      0.33      0.50         6
          90       0.00      0.00      0.00         0
          91       0.00      0.00      0.00         0
          92       0.00      0.00      0.00         0
          93       1.00      1.00      1.00         1
          94       1.00      0.25      0.40         4
          95       0.00      0.00      0.00         0
          96       0.00      0.00      0.00         0
          97       0.00      0.00      0.00         1
          98       0.80      0.77      0.78        47
          99       0.00      0.00      0.00         2
         100       0.00      0.00      0.00         0
         101       0.00      0.00      0.00         1
         102       0.00      0.00      0.00         0
         103       0.75      0.38      0.50         8
         104       0.00      0.00      0.00         1
         105       0.00      0.00      0.00         0
         106       0.00      0.00      0.00         1
         107       0.50      1.00      0.67         2
         108       0.00      0.00      0.00         0
         109       0.00      0.00      0.00         3
         110       0.00      0.00      0.00         0
         111       0.00      0.00      0.00         0
         112       0.00      0.00      0.00         0
         113       0.00      0.00      0.00         0
         114       0.00      0.00      0.00         2
         115       0.00      0.00      0.00         1
         116       0.00      0.00      0.00         1
         117       0.00      0.00      0.00         1

   micro avg       0.65      0.60      0.63       333
   macro avg       0.24      0.23      0.23       333
weighted avg       0.66      0.60      0.61       333
 samples avg       0.26      0.25      0.25       333

> epoch: 17
              precision    recall  f1-score   support

           0       0.00      0.00      0.00         0
           1       0.00      0.00      0.00         0
           2       0.50      0.33      0.40         6
           3       0.00      0.00      0.00         0
           4       0.00      0.00      0.00         0
           5       1.00      1.00      1.00         1
           6       0.00      0.00      0.00         0
           7       0.00      0.00      0.00         0
           8       0.00      0.00      0.00         1
           9       0.00      0.00      0.00         2
          10       0.40      0.31      0.35        13
          11       0.00      0.00      0.00         2
          12       0.60      0.38      0.46         8
          13       0.00      0.00      0.00         0
          14       0.57      0.80      0.67        10
          15       0.00      0.00      0.00         1
          16       0.00      0.00      0.00         0
          17       0.00      0.00      0.00         1
          18       0.00      0.00      0.00         0
          19       1.00      1.00      1.00         2
          20       0.75      0.86      0.80         7
          21       0.88      0.88      0.88         8
          22       0.00      0.00      0.00         1
          23       0.65      0.68      0.67        25
          24       0.00      0.00      0.00         0
          25       0.50      0.50      0.50         2
          26       0.62      0.28      0.38        18
          27       0.00      0.00      0.00         0
          28       1.00      0.67      0.80         3
          29       0.38      1.00      0.55         3
          30       0.57      0.80      0.67         5
          31       0.00      0.00      0.00         0
          32       0.50      0.67      0.57         3
          33       0.00      0.00      0.00         1
          34       0.00      0.00      0.00         0
          35       0.33      0.67      0.44         3
          36       0.00      0.00      0.00         0
          37       0.67      0.71      0.69        14
          38       0.00      0.00      0.00         0
          39       0.00      0.00      0.00         4
          40       0.00      0.00      0.00         1
          41       0.00      0.00      0.00         1
          42       0.00      0.00      0.00         0
          43       0.00      0.00      0.00         1
          44       0.00      0.00      0.00         1
          45       0.00      0.00      0.00         0
          46       0.50      1.00      0.67         1
          47       0.00      0.00      0.00         0
          48       1.00      0.75      0.86         4
          49       0.00      0.00      0.00         1
          50       0.00      0.00      0.00         0
          51       0.00      0.00      0.00         0
          52       0.00      0.00      0.00         0
          53       0.00      0.00      0.00         2
          54       0.50      0.70      0.58        10
          55       0.00      0.00      0.00         0
          56       1.00      0.29      0.44         7
          57       0.80      0.50      0.62         8
          58       0.83      0.62      0.71         8
          59       0.00      0.00      0.00         0
          60       0.50      1.00      0.67         1
          61       0.75      0.75      0.75         4
          62       0.00      0.00      0.00         0
          63       0.00      0.00      0.00         0
          64       0.00      0.00      0.00         0
          65       1.00      0.50      0.67         2
          66       0.00      0.00      0.00         0
          67       0.00      0.00      0.00         0
          68       0.00      0.00      0.00         0
          69       0.00      0.00      0.00         0
          70       0.00      0.00      0.00         0
          71       0.93      0.84      0.89        32
          72       0.00      0.00      0.00         0
          73       0.00      0.00      0.00         1
          74       0.00      0.00      0.00         0
          75       0.75      0.75      0.75         4
          76       0.67      0.67      0.67         3
          77       0.88      1.00      0.93         7
          78       0.00      0.00      0.00         0
          79       0.00      0.00      0.00         2
          80       0.00      0.00      0.00         0
          81       1.00      0.50      0.67         2
          82       0.00      0.00      0.00         0
          83       0.00      0.00      0.00         0
          84       1.00      0.75      0.86         4
          85       0.00      0.00      0.00         0
          86       0.00      0.00      0.00         0
          87       0.00      0.00      0.00         0
          88       0.00      0.00      0.00         0
          89       0.75      0.50      0.60         6
          90       0.00      0.00      0.00         0
          91       0.00      0.00      0.00         0
          92       0.00      0.00      0.00         0
          93       0.33      1.00      0.50         1
          94       0.67      0.50      0.57         4
          95       0.00      0.00      0.00         0
          96       0.00      0.00      0.00         0
          97       0.00      0.00      0.00         1
          98       0.85      0.60      0.70        47
          99       0.00      0.00      0.00         2
         100       0.00      0.00      0.00         0
         101       0.00      0.00      0.00         1
         102       0.00      0.00      0.00         0
         103       1.00      0.25      0.40         8
         104       0.00      0.00      0.00         1
         105       0.00      0.00      0.00         0
         106       0.00      0.00      0.00         1
         107       0.40      1.00      0.57         2
         108       0.00      0.00      0.00         0
         109       0.50      0.33      0.40         3
         110       0.00      0.00      0.00         0
         111       0.00      0.00      0.00         0
         112       0.00      0.00      0.00         0
         113       0.00      0.00      0.00         0
         114       0.00      0.00      0.00         2
         115       0.00      0.00      0.00         1
         116       0.00      0.00      0.00         1
         117       0.00      0.00      0.00         1

   micro avg       0.63      0.56      0.59       333
   macro avg       0.23      0.22      0.21       333
weighted avg       0.66      0.56      0.59       333
 samples avg       0.25      0.23      0.23       333

> epoch: 18
              precision    recall  f1-score   support

           0       0.00      0.00      0.00         0
           1       0.00      0.00      0.00         0
           2       0.50      0.33      0.40         6
           3       0.00      0.00      0.00         0
           4       0.00      0.00      0.00         0
           5       1.00      1.00      1.00         1
           6       0.00      0.00      0.00         0
           7       0.00      0.00      0.00         0
           8       0.00      0.00      0.00         1
           9       0.00      0.00      0.00         2
          10       0.38      0.23      0.29        13
          11       0.67      1.00      0.80         2
          12       0.67      0.50      0.57         8
          13       0.00      0.00      0.00         0
          14       0.86      0.60      0.71        10
          15       0.00      0.00      0.00         1
          16       0.00      0.00      0.00         0
          17       0.50      1.00      0.67         1
          18       0.00      0.00      0.00         0
          19       1.00      1.00      1.00         2
          20       0.83      0.71      0.77         7
          21       1.00      0.88      0.93         8
          22       1.00      1.00      1.00         1
          23       0.64      0.64      0.64        25
          24       0.00      0.00      0.00         0
          25       0.00      0.00      0.00         2
          26       0.64      0.39      0.48        18
          27       0.00      0.00      0.00         0
          28       0.67      0.67      0.67         3
          29       0.29      0.67      0.40         3
          30       0.67      0.40      0.50         5
          31       0.00      0.00      0.00         0
          32       0.50      0.67      0.57         3
          33       1.00      1.00      1.00         1
          34       0.00      0.00      0.00         0
          35       0.40      0.67      0.50         3
          36       0.00      0.00      0.00         0
          37       0.79      0.79      0.79        14
          38       0.00      0.00      0.00         0
          39       1.00      1.00      1.00         4
          40       0.00      0.00      0.00         1
          41       0.00      0.00      0.00         1
          42       0.00      0.00      0.00         0
          43       0.00      0.00      0.00         1
          44       0.00      0.00      0.00         1
          45       0.00      0.00      0.00         0
          46       0.50      1.00      0.67         1
          47       0.00      0.00      0.00         0
          48       1.00      0.75      0.86         4
          49       0.00      0.00      0.00         1
          50       0.00      0.00      0.00         0
          51       0.00      0.00      0.00         0
          52       0.00      0.00      0.00         0
          53       0.00      0.00      0.00         2
          54       0.50      0.90      0.64        10
          55       0.00      0.00      0.00         0
          56       0.75      0.43      0.55         7
          57       0.71      0.62      0.67         8
          58       0.86      0.75      0.80         8
          59       0.00      0.00      0.00         0
          60       0.00      0.00      0.00         1
          61       0.75      0.75      0.75         4
          62       0.00      0.00      0.00         0
          63       0.00      0.00      0.00         0
          64       0.00      0.00      0.00         0
          65       1.00      0.50      0.67         2
          66       0.00      0.00      0.00         0
          67       0.00      0.00      0.00         0
          68       0.00      0.00      0.00         0
          69       0.00      0.00      0.00         0
          70       0.00      0.00      0.00         0
          71       0.90      0.88      0.89        32
          72       0.00      0.00      0.00         0
          73       0.00      0.00      0.00         1
          74       0.00      0.00      0.00         0
          75       1.00      0.75      0.86         4
          76       1.00      0.67      0.80         3
          77       1.00      1.00      1.00         7
          78       0.00      0.00      0.00         0
          79       0.67      1.00      0.80         2
          80       0.00      0.00      0.00         0
          81       1.00      1.00      1.00         2
          82       0.00      0.00      0.00         0
          83       0.00      0.00      0.00         0
          84       1.00      0.75      0.86         4
          85       0.00      0.00      0.00         0
          86       0.00      0.00      0.00         0
          87       0.00      0.00      0.00         0
          88       0.00      0.00      0.00         0
          89       0.60      0.50      0.55         6
          90       0.00      0.00      0.00         0
          91       0.00      0.00      0.00         0
          92       0.00      0.00      0.00         0
          93       1.00      1.00      1.00         1
          94       0.67      0.50      0.57         4
          95       0.00      0.00      0.00         0
          96       0.00      0.00      0.00         0
          97       0.00      0.00      0.00         1
          98       0.73      0.68      0.70        47
          99       0.00      0.00      0.00         2
         100       0.00      0.00      0.00         0
         101       0.00      0.00      0.00         1
         102       0.00      0.00      0.00         0
         103       0.71      0.62      0.67         8
         104       0.00      0.00      0.00         1
         105       0.00      0.00      0.00         0
         106       0.00      0.00      0.00         1
         107       0.33      1.00      0.50         2
         108       0.00      0.00      0.00         0
         109       0.67      0.67      0.67         3
         110       0.00      0.00      0.00         0
         111       0.00      0.00      0.00         0
         112       0.00      0.00      0.00         0
         113       0.00      0.00      0.00         0
         114       0.00      0.00      0.00         2
         115       0.00      0.00      0.00         1
         116       0.00      0.00      0.00         1
         117       0.00      0.00      0.00         1

   micro avg       0.68      0.62      0.65       333
   macro avg       0.27      0.27      0.26       333
weighted avg       0.68      0.62      0.64       333
 samples avg       0.27      0.25      0.26       333

> epoch: 19
              precision    recall  f1-score   support

           0       0.00      0.00      0.00         0
           1       0.00      0.00      0.00         0
           2       0.25      0.17      0.20         6
           3       0.00      0.00      0.00         0
           4       0.00      0.00      0.00         0
           5       1.00      1.00      1.00         1
           6       0.00      0.00      0.00         0
           7       0.00      0.00      0.00         0
           8       0.00      0.00      0.00         1
           9       0.00      0.00      0.00         2
          10       0.47      0.62      0.53        13
          11       0.00      0.00      0.00         2
          12       0.62      0.62      0.62         8
          13       0.00      0.00      0.00         0
          14       0.70      0.70      0.70        10
          15       0.00      0.00      0.00         1
          16       0.00      0.00      0.00         0
          17       1.00      1.00      1.00         1
          18       0.00      0.00      0.00         0
          19       1.00      0.50      0.67         2
          20       0.83      0.71      0.77         7
          21       1.00      0.88      0.93         8
          22       0.00      0.00      0.00         1
          23       0.64      0.56      0.60        25
          24       0.00      0.00      0.00         0
          25       0.00      0.00      0.00         2
          26       0.57      0.44      0.50        18
          27       0.00      0.00      0.00         0
          28       1.00      0.67      0.80         3
          29       0.60      1.00      0.75         3
          30       0.50      0.40      0.44         5
          31       0.00      0.00      0.00         0
          32       0.50      0.67      0.57         3
          33       0.00      0.00      0.00         1
          34       0.00      0.00      0.00         0
          35       0.00      0.00      0.00         3
          36       0.00      0.00      0.00         0
          37       0.75      0.64      0.69        14
          38       0.00      0.00      0.00         0
          39       0.80      1.00      0.89         4
          40       0.00      0.00      0.00         1
          41       0.00      0.00      0.00         1
          42       0.00      0.00      0.00         0
          43       0.00      0.00      0.00         1
          44       0.00      0.00      0.00         1
          45       0.00      0.00      0.00         0
          46       0.50      1.00      0.67         1
          47       0.00      0.00      0.00         0
          48       1.00      0.75      0.86         4
          49       0.00      0.00      0.00         1
          50       0.00      0.00      0.00         0
          51       0.00      0.00      0.00         0
          52       0.00      0.00      0.00         0
          53       0.00      0.00      0.00         2
          54       0.50      0.60      0.55        10
          55       0.00      0.00      0.00         0
          56       0.75      0.43      0.55         7
          57       0.83      0.62      0.71         8
          58       0.80      0.50      0.62         8
          59       0.00      0.00      0.00         0
          60       1.00      1.00      1.00         1
          61       0.60      0.75      0.67         4
          62       0.00      0.00      0.00         0
          63       0.00      0.00      0.00         0
          64       0.00      0.00      0.00         0
          65       1.00      0.50      0.67         2
          66       0.00      0.00      0.00         0
          67       0.00      0.00      0.00         0
          68       0.00      0.00      0.00         0
          69       0.00      0.00      0.00         0
          70       0.00      0.00      0.00         0
          71       0.93      0.81      0.87        32
          72       0.00      0.00      0.00         0
          73       0.00      0.00      0.00         1
          74       0.00      0.00      0.00         0
          75       0.75      0.75      0.75         4
          76       1.00      0.33      0.50         3
          77       1.00      1.00      1.00         7
          78       0.00      0.00      0.00         0
          79       0.00      0.00      0.00         2
          80       0.00      0.00      0.00         0
          81       0.50      0.50      0.50         2
          82       0.00      0.00      0.00         0
          83       0.00      0.00      0.00         0
          84       1.00      0.75      0.86         4
          85       0.00      0.00      0.00         0
          86       0.00      0.00      0.00         0
          87       0.00      0.00      0.00         0
          88       0.00      0.00      0.00         0
          89       0.71      0.83      0.77         6
          90       0.00      0.00      0.00         0
          91       0.00      0.00      0.00         0
          92       0.00      0.00      0.00         0
          93       1.00      1.00      1.00         1
          94       1.00      0.50      0.67         4
          95       0.00      0.00      0.00         0
          96       0.00      0.00      0.00         0
          97       0.00      0.00      0.00         1
          98       0.78      0.68      0.73        47
          99       0.00      0.00      0.00         2
         100       0.00      0.00      0.00         0
         101       0.00      0.00      0.00         1
         102       0.00      0.00      0.00         0
         103       1.00      0.25      0.40         8
         104       0.00      0.00      0.00         1
         105       0.00      0.00      0.00         0
         106       0.00      0.00      0.00         1
         107       0.40      1.00      0.57         2
         108       0.00      0.00      0.00         0
         109       0.67      0.67      0.67         3
         110       0.00      0.00      0.00         0
         111       0.00      0.00      0.00         0
         112       0.00      0.00      0.00         0
         113       0.00      0.00      0.00         0
         114       0.00      0.00      0.00         2
         115       0.00      0.00      0.00         1
         116       0.00      0.00      0.00         1
         117       0.00      0.00      0.00         1

   micro avg       0.65      0.58      0.62       333
   macro avg       0.25      0.23      0.23       333
weighted avg       0.67      0.58      0.61       333
 samples avg       0.25      0.24      0.24       333

> epoch: 20
              precision    recall  f1-score   support

           0       0.00      0.00      0.00         0
           1       0.00      0.00      0.00         0
           2       0.50      0.33      0.40         6
           3       0.00      0.00      0.00         0
           4       0.00      0.00      0.00         0
           5       1.00      1.00      1.00         1
           6       0.00      0.00      0.00         0
           7       0.00      0.00      0.00         0
           8       0.00      0.00      0.00         1
           9       0.00      0.00      0.00         2
          10       0.50      0.46      0.48        13
          11       1.00      0.50      0.67         2
          12       0.50      0.25      0.33         8
          13       0.00      0.00      0.00         0
          14       0.60      0.60      0.60        10
          15       0.00      0.00      0.00         1
          16       0.00      0.00      0.00         0
          17       1.00      1.00      1.00         1
          18       0.00      0.00      0.00         0
          19       1.00      1.00      1.00         2
          20       0.67      0.86      0.75         7
          21       0.70      0.88      0.78         8
          22       1.00      1.00      1.00         1
          23       0.56      0.60      0.58        25
          24       0.00      0.00      0.00         0
          25       0.00      0.00      0.00         2
          26       0.77      0.56      0.65        18
          27       0.00      0.00      0.00         0
          28       1.00      0.67      0.80         3
          29       0.60      1.00      0.75         3
          30       0.50      0.40      0.44         5
          31       0.00      0.00      0.00         0
          32       0.50      0.67      0.57         3
          33       0.00      0.00      0.00         1
          34       0.00      0.00      0.00         0
          35       0.33      0.33      0.33         3
          36       0.00      0.00      0.00         0
          37       0.57      0.86      0.69        14
          38       0.00      0.00      0.00         0
          39       0.75      0.75      0.75         4
          40       0.00      0.00      0.00         1
          41       0.00      0.00      0.00         1
          42       0.00      0.00      0.00         0
          43       0.00      0.00      0.00         1
          44       0.00      0.00      0.00         1
          45       0.00      0.00      0.00         0
          46       0.50      1.00      0.67         1
          47       0.00      0.00      0.00         0
          48       1.00      0.75      0.86         4
          49       0.00      0.00      0.00         1
          50       0.00      0.00      0.00         0
          51       0.00      0.00      0.00         0
          52       0.00      0.00      0.00         0
          53       0.00      0.00      0.00         2
          54       0.53      0.80      0.64        10
          55       0.00      0.00      0.00         0
          56       1.00      0.29      0.44         7
          57       1.00      0.50      0.67         8
          58       0.75      0.75      0.75         8
          59       0.00      0.00      0.00         0
          60       1.00      1.00      1.00         1
          61       0.60      0.75      0.67         4
          62       0.00      0.00      0.00         0
          63       0.00      0.00      0.00         0
          64       0.00      0.00      0.00         0
          65       1.00      0.50      0.67         2
          66       0.00      0.00      0.00         0
          67       0.00      0.00      0.00         0
          68       0.00      0.00      0.00         0
          69       0.00      0.00      0.00         0
          70       0.00      0.00      0.00         0
          71       0.93      0.88      0.90        32
          72       0.00      0.00      0.00         0
          73       0.00      0.00      0.00         1
          74       0.00      0.00      0.00         0
          75       1.00      0.75      0.86         4
          76       0.50      0.67      0.57         3
          77       1.00      1.00      1.00         7
          78       0.00      0.00      0.00         0
          79       0.00      0.00      0.00         2
          80       0.00      0.00      0.00         0
          81       1.00      0.50      0.67         2
          82       0.00      0.00      0.00         0
          83       0.00      0.00      0.00         0
          84       1.00      0.50      0.67         4
          85       0.00      0.00      0.00         0
          86       0.00      0.00      0.00         0
          87       0.00      0.00      0.00         0
          88       0.00      0.00      0.00         0
          89       0.60      0.50      0.55         6
          90       0.00      0.00      0.00         0
          91       0.00      0.00      0.00         0
          92       0.00      0.00      0.00         0
          93       1.00      1.00      1.00         1
          94       1.00      0.50      0.67         4
          95       0.00      0.00      0.00         0
          96       0.00      0.00      0.00         0
          97       0.00      0.00      0.00         1
          98       0.81      0.64      0.71        47
          99       0.00      0.00      0.00         2
         100       0.00      0.00      0.00         0
         101       0.00      0.00      0.00         1
         102       0.00      0.00      0.00         0
         103       1.00      0.25      0.40         8
         104       0.00      0.00      0.00         1
         105       0.00      0.00      0.00         0
         106       0.00      0.00      0.00         1
         107       0.50      1.00      0.67         2
         108       0.00      0.00      0.00         0
         109       0.67      0.67      0.67         3
         110       0.00      0.00      0.00         0
         111       0.00      0.00      0.00         0
         112       0.00      0.00      0.00         0
         113       0.00      0.00      0.00         0
         114       0.00      0.00      0.00         2
         115       0.00      0.00      0.00         1
         116       0.00      0.00      0.00         1
         117       0.00      0.00      0.00         1

   micro avg       0.66      0.60      0.63       333
   macro avg       0.27      0.24      0.25       333
weighted avg       0.68      0.60      0.62       333
 samples avg       0.26      0.24      0.25       333

> epoch: 21
              precision    recall  f1-score   support

           0       0.00      0.00      0.00         0
           1       0.00      0.00      0.00         0
           2       0.50      0.17      0.25         6
           3       0.00      0.00      0.00         0
           4       0.00      0.00      0.00         0
           5       1.00      1.00      1.00         1
           6       0.00      0.00      0.00         0
           7       0.00      0.00      0.00         0
           8       0.00      0.00      0.00         1
           9       0.00      0.00      0.00         2
          10       0.42      0.62      0.50        13
          11       0.50      0.50      0.50         2
          12       0.57      0.50      0.53         8
          13       0.00      0.00      0.00         0
          14       0.80      0.40      0.53        10
          15       0.00      0.00      0.00         1
          16       0.00      0.00      0.00         0
          17       0.50      1.00      0.67         1
          18       0.00      0.00      0.00         0
          19       0.67      1.00      0.80         2
          20       0.83      0.71      0.77         7
          21       0.78      0.88      0.82         8
          22       0.50      1.00      0.67         1
          23       0.71      0.68      0.69        25
          24       0.00      0.00      0.00         0
          25       0.00      0.00      0.00         2
          26       0.70      0.39      0.50        18
          27       0.00      0.00      0.00         0
          28       1.00      0.67      0.80         3
          29       0.60      1.00      0.75         3
          30       0.57      0.80      0.67         5
          31       0.00      0.00      0.00         0
          32       0.50      0.67      0.57         3
          33       0.00      0.00      0.00         1
          34       0.00      0.00      0.00         0
          35       0.33      0.33      0.33         3
          36       0.00      0.00      0.00         0
          37       0.78      0.50      0.61        14
          38       0.00      0.00      0.00         0
          39       0.80      1.00      0.89         4
          40       0.00      0.00      0.00         1
          41       0.00      0.00      0.00         1
          42       0.00      0.00      0.00         0
          43       0.00      0.00      0.00         1
          44       0.00      0.00      0.00         1
          45       0.00      0.00      0.00         0
          46       0.50      1.00      0.67         1
          47       0.00      0.00      0.00         0
          48       1.00      0.75      0.86         4
          49       0.00      0.00      0.00         1
          50       0.00      0.00      0.00         0
          51       0.00      0.00      0.00         0
          52       0.00      0.00      0.00         0
          53       0.00      0.00      0.00         2
          54       0.50      0.70      0.58        10
          55       0.00      0.00      0.00         0
          56       0.75      0.43      0.55         7
          57       0.86      0.75      0.80         8
          58       0.71      0.62      0.67         8
          59       0.00      0.00      0.00         0
          60       1.00      1.00      1.00         1
          61       0.75      0.75      0.75         4
          62       0.00      0.00      0.00         0
          63       0.00      0.00      0.00         0
          64       0.00      0.00      0.00         0
          65       1.00      0.50      0.67         2
          66       0.00      0.00      0.00         0
          67       0.00      0.00      0.00         0
          68       0.00      0.00      0.00         0
          69       0.00      0.00      0.00         0
          70       0.00      0.00      0.00         0
          71       1.00      0.78      0.88        32
          72       0.00      0.00      0.00         0
          73       0.00      0.00      0.00         1
          74       0.00      0.00      0.00         0
          75       0.75      0.75      0.75         4
          76       0.67      0.67      0.67         3
          77       1.00      1.00      1.00         7
          78       0.00      0.00      0.00         0
          79       0.00      0.00      0.00         2
          80       0.00      0.00      0.00         0
          81       1.00      0.50      0.67         2
          82       0.00      0.00      0.00         0
          83       0.00      0.00      0.00         0
          84       1.00      0.75      0.86         4
          85       0.00      0.00      0.00         0
          86       0.00      0.00      0.00         0
          87       0.00      0.00      0.00         0
          88       0.00      0.00      0.00         0
          89       0.75      0.50      0.60         6
          90       0.00      0.00      0.00         0
          91       0.00      0.00      0.00         0
          92       0.00      0.00      0.00         0
          93       1.00      1.00      1.00         1
          94       1.00      0.50      0.67         4
          95       0.00      0.00      0.00         0
          96       0.00      0.00      0.00         0
          97       0.00      0.00      0.00         1
          98       0.80      0.70      0.75        47
          99       0.00      0.00      0.00         2
         100       0.00      0.00      0.00         0
         101       0.00      0.00      0.00         1
         102       0.00      0.00      0.00         0
         103       0.43      0.38      0.40         8
         104       0.00      0.00      0.00         1
         105       0.00      0.00      0.00         0
         106       0.00      0.00      0.00         1
         107       0.50      1.00      0.67         2
         108       0.00      0.00      0.00         0
         109       0.50      0.33      0.40         3
         110       0.00      0.00      0.00         0
         111       0.00      0.00      0.00         0
         112       0.00      0.00      0.00         0
         113       0.00      0.00      0.00         0
         114       0.00      0.00      0.00         2
         115       0.00      0.00      0.00         1
         116       0.00      0.00      0.00         1
         117       0.00      0.00      0.00         1

   micro avg       0.65      0.59      0.62       333
   macro avg       0.26      0.25      0.24       333
weighted avg       0.69      0.59      0.62       333
 samples avg       0.26      0.24      0.25       333

> epoch: 22
              precision    recall  f1-score   support

           0       0.00      0.00      0.00         0
           1       0.00      0.00      0.00         0
           2       0.22      0.33      0.27         6
           3       0.00      0.00      0.00         0
           4       0.00      0.00      0.00         0
           5       1.00      1.00      1.00         1
           6       0.00      0.00      0.00         0
           7       0.00      0.00      0.00         0
           8       0.00      0.00      0.00         1
           9       0.00      0.00      0.00         2
          10       0.64      0.54      0.58        13
          11       0.50      0.50      0.50         2
          12       0.67      0.50      0.57         8
          13       0.00      0.00      0.00         0
          14       0.70      0.70      0.70        10
          15       0.00      0.00      0.00         1
          16       0.00      0.00      0.00         0
          17       1.00      1.00      1.00         1
          18       0.00      0.00      0.00         0
          19       1.00      1.00      1.00         2
          20       0.80      0.57      0.67         7
          21       1.00      0.88      0.93         8
          22       0.00      0.00      0.00         1
          23       0.61      0.68      0.64        25
          24       0.00      0.00      0.00         0
          25       0.00      0.00      0.00         2
          26       0.36      0.22      0.28        18
          27       0.00      0.00      0.00         0
          28       1.00      0.67      0.80         3
          29       0.50      0.33      0.40         3
          30       0.50      0.40      0.44         5
          31       0.00      0.00      0.00         0
          32       0.50      0.67      0.57         3
          33       0.00      0.00      0.00         1
          34       0.00      0.00      0.00         0
          35       0.33      0.33      0.33         3
          36       0.00      0.00      0.00         0
          37       0.44      0.50      0.47        14
          38       0.00      0.00      0.00         0
          39       0.80      1.00      0.89         4
          40       0.00      0.00      0.00         1
          41       0.00      0.00      0.00         1
          42       0.00      0.00      0.00         0
          43       0.00      0.00      0.00         1
          44       0.00      0.00      0.00         1
          45       0.00      0.00      0.00         0
          46       0.50      1.00      0.67         1
          47       0.00      0.00      0.00         0
          48       1.00      0.75      0.86         4
          49       0.00      0.00      0.00         1
          50       0.00      0.00      0.00         0
          51       0.00      0.00      0.00         0
          52       0.00      0.00      0.00         0
          53       0.00      0.00      0.00         2
          54       0.64      0.70      0.67        10
          55       0.00      0.00      0.00         0
          56       1.00      0.43      0.60         7
          57       0.71      0.62      0.67         8
          58       0.75      0.75      0.75         8
          59       0.00      0.00      0.00         0
          60       0.33      1.00      0.50         1
          61       0.75      0.75      0.75         4
          62       0.00      0.00      0.00         0
          63       0.00      0.00      0.00         0
          64       0.00      0.00      0.00         0
          65       1.00      0.50      0.67         2
          66       0.00      0.00      0.00         0
          67       0.00      0.00      0.00         0
          68       0.00      0.00      0.00         0
          69       0.00      0.00      0.00         0
          70       0.00      0.00      0.00         0
          71       0.88      0.94      0.91        32
          72       0.00      0.00      0.00         0
          73       0.00      0.00      0.00         1
          74       0.00      0.00      0.00         0
          75       0.67      1.00      0.80         4
          76       0.67      0.67      0.67         3
          77       1.00      1.00      1.00         7
          78       0.00      0.00      0.00         0
          79       0.50      0.50      0.50         2
          80       0.00      0.00      0.00         0
          81       1.00      0.50      0.67         2
          82       0.00      0.00      0.00         0
          83       0.00      0.00      0.00         0
          84       1.00      0.75      0.86         4
          85       0.00      0.00      0.00         0
          86       0.00      0.00      0.00         0
          87       0.00      0.00      0.00         0
          88       0.00      0.00      0.00         0
          89       0.75      0.50      0.60         6
          90       0.00      0.00      0.00         0
          91       0.00      0.00      0.00         0
          92       0.00      0.00      0.00         0
          93       1.00      1.00      1.00         1
          94       1.00      0.50      0.67         4
          95       0.00      0.00      0.00         0
          96       0.00      0.00      0.00         0
          97       0.00      0.00      0.00         1
          98       0.76      0.81      0.78        47
          99       0.00      0.00      0.00         2
         100       0.00      0.00      0.00         0
         101       0.00      0.00      0.00         1
         102       0.00      0.00      0.00         0
         103       0.75      0.75      0.75         8
         104       0.00      0.00      0.00         1
         105       0.00      0.00      0.00         0
         106       0.00      0.00      0.00         1
         107       0.50      1.00      0.67         2
         108       0.00      0.00      0.00         0
         109       0.50      0.67      0.57         3
         110       0.00      0.00      0.00         0
         111       0.00      0.00      0.00         0
         112       0.00      0.00      0.00         0
         113       0.00      0.00      0.00         0
         114       0.00      0.00      0.00         2
         115       0.00      0.00      0.00         1
         116       0.00      0.00      0.00         1
         117       0.00      0.00      0.00         1

   micro avg       0.64      0.62      0.63       333
   macro avg       0.26      0.24      0.24       333
weighted avg       0.65      0.62      0.63       333
 samples avg       0.26      0.25      0.25       333

> epoch: 23
              precision    recall  f1-score   support

           0       0.00      0.00      0.00         0
           1       0.00      0.00      0.00         0
           2       0.33      0.17      0.22         6
           3       0.00      0.00      0.00         0
           4       0.00      0.00      0.00         0
           5       1.00      1.00      1.00         1
           6       0.00      0.00      0.00         0
           7       0.00      0.00      0.00         0
           8       0.00      0.00      0.00         1
           9       0.00      0.00      0.00         2
          10       0.46      0.46      0.46        13
          11       0.67      1.00      0.80         2
          12       0.50      0.50      0.50         8
          13       0.00      0.00      0.00         0
          14       0.73      0.80      0.76        10
          15       0.00      0.00      0.00         1
          16       0.00      0.00      0.00         0
          17       1.00      1.00      1.00         1
          18       0.00      0.00      0.00         0
          19       1.00      1.00      1.00         2
          20       0.83      0.71      0.77         7
          21       1.00      0.88      0.93         8
          22       0.00      0.00      0.00         1
          23       0.61      0.68      0.64        25
          24       0.00      0.00      0.00         0
          25       0.25      0.50      0.33         2
          26       0.42      0.28      0.33        18
          27       0.00      0.00      0.00         0
          28       1.00      0.67      0.80         3
          29       0.75      1.00      0.86         3
          30       0.43      0.60      0.50         5
          31       0.00      0.00      0.00         0
          32       0.40      0.67      0.50         3
          33       0.00      0.00      0.00         1
          34       0.00      0.00      0.00         0
          35       0.20      0.33      0.25         3
          36       0.00      0.00      0.00         0
          37       0.60      0.64      0.62        14
          38       0.00      0.00      0.00         0
          39       0.80      1.00      0.89         4
          40       0.00      0.00      0.00         1
          41       0.00      0.00      0.00         1
          42       0.00      0.00      0.00         0
          43       0.00      0.00      0.00         1
          44       0.00      0.00      0.00         1
          45       0.00      0.00      0.00         0
          46       0.50      1.00      0.67         1
          47       0.00      0.00      0.00         0
          48       1.00      0.75      0.86         4
          49       0.00      0.00      0.00         1
          50       0.00      0.00      0.00         0
          51       0.00      0.00      0.00         0
          52       0.00      0.00      0.00         0
          53       0.00      0.00      0.00         2
          54       0.47      0.80      0.59        10
          55       0.00      0.00      0.00         0
          56       1.00      0.14      0.25         7
          57       0.58      0.88      0.70         8
          58       0.50      0.12      0.20         8
          59       0.00      0.00      0.00         0
          60       0.00      0.00      0.00         1
          61       0.75      0.75      0.75         4
          62       0.00      0.00      0.00         0
          63       0.00      0.00      0.00         0
          64       0.00      0.00      0.00         0
          65       1.00      0.50      0.67         2
          66       0.00      0.00      0.00         0
          67       0.00      0.00      0.00         0
          68       0.00      0.00      0.00         0
          69       0.00      0.00      0.00         0
          70       0.00      0.00      0.00         0
          71       0.93      0.84      0.89        32
          72       0.00      0.00      0.00         0
          73       0.00      0.00      0.00         1
          74       0.00      0.00      0.00         0
          75       0.75      0.75      0.75         4
          76       0.67      0.67      0.67         3
          77       1.00      1.00      1.00         7
          78       0.00      0.00      0.00         0
          79       0.00      0.00      0.00         2
          80       0.00      0.00      0.00         0
          81       0.50      0.50      0.50         2
          82       0.00      0.00      0.00         0
          83       0.00      0.00      0.00         0
          84       1.00      0.50      0.67         4
          85       0.00      0.00      0.00         0
          86       0.00      0.00      0.00         0
          87       0.00      0.00      0.00         0
          88       0.00      0.00      0.00         0
          89       0.60      0.50      0.55         6
          90       0.00      0.00      0.00         0
          91       0.00      0.00      0.00         0
          92       0.00      0.00      0.00         0
          93       1.00      1.00      1.00         1
          94       1.00      0.50      0.67         4
          95       0.00      0.00      0.00         0
          96       0.00      0.00      0.00         0
          97       0.00      0.00      0.00         1
          98       0.70      0.79      0.74        47
          99       0.00      0.00      0.00         2
         100       0.00      0.00      0.00         0
         101       0.00      0.00      0.00         1
         102       0.00      0.00      0.00         0
         103       0.67      0.50      0.57         8
         104       0.00      0.00      0.00         1
         105       0.00      0.00      0.00         0
         106       0.00      0.00      0.00         1
         107       0.50      1.00      0.67         2
         108       0.00      0.00      0.00         0
         109       0.00      0.00      0.00         3
         110       0.00      0.00      0.00         0
         111       0.00      0.00      0.00         0
         112       0.00      0.00      0.00         0
         113       0.00      0.00      0.00         0
         114       0.00      0.00      0.00         2
         115       0.00      0.00      0.00         1
         116       0.00      0.00      0.00         1
         117       0.00      0.00      0.00         1

   micro avg       0.62      0.60      0.61       333
   macro avg       0.24      0.23      0.22       333
weighted avg       0.62      0.60      0.59       333
 samples avg       0.26      0.24      0.24       333

> epoch: 24
              precision    recall  f1-score   support

           0       0.00      0.00      0.00         0
           1       0.00      0.00      0.00         0
           2       0.50      0.33      0.40         6
           3       0.00      0.00      0.00         0
           4       0.00      0.00      0.00         0
           5       0.00      0.00      0.00         1
           6       0.00      0.00      0.00         0
           7       0.00      0.00      0.00         0
           8       0.00      0.00      0.00         1
           9       0.00      0.00      0.00         2
          10       0.47      0.54      0.50        13
          11       0.67      1.00      0.80         2
          12       0.57      0.50      0.53         8
          13       0.00      0.00      0.00         0
          14       0.80      0.40      0.53        10
          15       0.00      0.00      0.00         1
          16       0.00      0.00      0.00         0
          17       0.50      1.00      0.67         1
          18       0.00      0.00      0.00         0
          19       1.00      1.00      1.00         2
          20       0.86      0.86      0.86         7
          21       1.00      0.75      0.86         8
          22       0.00      0.00      0.00         1
          23       0.65      0.68      0.67        25
          24       0.00      0.00      0.00         0
          25       0.00      0.00      0.00         2
          26       0.47      0.39      0.42        18
          27       0.00      0.00      0.00         0
          28       1.00      0.67      0.80         3
          29       0.60      1.00      0.75         3
          30       0.67      0.80      0.73         5
          31       0.00      0.00      0.00         0
          32       0.50      0.67      0.57         3
          33       0.00      0.00      0.00         1
          34       0.00      0.00      0.00         0
          35       0.00      0.00      0.00         3
          36       0.00      0.00      0.00         0
          37       0.69      0.64      0.67        14
          38       0.00      0.00      0.00         0
          39       0.75      0.75      0.75         4
          40       0.00      0.00      0.00         1
          41       0.00      0.00      0.00         1
          42       0.00      0.00      0.00         0
          43       0.00      0.00      0.00         1
          44       0.00      0.00      0.00         1
          45       0.00      0.00      0.00         0
          46       0.50      1.00      0.67         1
          47       0.00      0.00      0.00         0
          48       1.00      0.75      0.86         4
          49       0.00      0.00      0.00         1
          50       0.00      0.00      0.00         0
          51       0.00      0.00      0.00         0
          52       0.00      0.00      0.00         0
          53       0.00      0.00      0.00         2
          54       0.60      0.60      0.60        10
          55       0.00      0.00      0.00         0
          56       0.75      0.43      0.55         7
          57       0.64      0.88      0.74         8
          58       1.00      0.25      0.40         8
          59       0.00      0.00      0.00         0
          60       0.00      0.00      0.00         1
          61       0.43      0.75      0.55         4
          62       0.00      0.00      0.00         0
          63       0.00      0.00      0.00         0
          64       0.00      0.00      0.00         0
          65       1.00      0.50      0.67         2
          66       0.00      0.00      0.00         0
          67       0.00      0.00      0.00         0
          68       0.00      0.00      0.00         0
          69       0.00      0.00      0.00         0
          70       0.00      0.00      0.00         0
          71       0.97      0.88      0.92        32
          72       0.00      0.00      0.00         0
          73       0.00      0.00      0.00         1
          74       0.00      0.00      0.00         0
          75       0.80      1.00      0.89         4
          76       0.67      0.67      0.67         3
          77       1.00      1.00      1.00         7
          78       0.00      0.00      0.00         0
          79       0.50      0.50      0.50         2
          80       0.00      0.00      0.00         0
          81       0.50      0.50      0.50         2
          82       0.00      0.00      0.00         0
          83       0.00      0.00      0.00         0
          84       0.75      0.75      0.75         4
          85       0.00      0.00      0.00         0
          86       0.00      0.00      0.00         0
          87       0.00      0.00      0.00         0
          88       0.00      0.00      0.00         0
          89       0.71      0.83      0.77         6
          90       0.00      0.00      0.00         0
          91       0.00      0.00      0.00         0
          92       0.00      0.00      0.00         0
          93       0.50      1.00      0.67         1
          94       1.00      0.50      0.67         4
          95       0.00      0.00      0.00         0
          96       0.00      0.00      0.00         0
          97       0.00      0.00      0.00         1
          98       0.71      0.68      0.70        47
          99       0.00      0.00      0.00         2
         100       0.00      0.00      0.00         0
         101       0.00      0.00      0.00         1
         102       0.00      0.00      0.00         0
         103       0.60      0.38      0.46         8
         104       0.00      0.00      0.00         1
         105       0.00      0.00      0.00         0
         106       0.00      0.00      0.00         1
         107       0.50      1.00      0.67         2
         108       0.00      0.00      0.00         0
         109       0.50      0.33      0.40         3
         110       0.00      0.00      0.00         0
         111       0.00      0.00      0.00         0
         112       0.00      0.00      0.00         0
         113       0.00      0.00      0.00         0
         114       0.00      0.00      0.00         2
         115       0.00      0.00      0.00         1
         116       0.00      0.00      0.00         1
         117       0.00      0.00      0.00         1

   micro avg       0.65      0.60      0.62       333
   macro avg       0.23      0.23      0.22       333
weighted avg       0.65      0.60      0.61       333
 samples avg       0.25      0.24      0.24       333

> epoch: 25
              precision    recall  f1-score   support

           0       0.00      0.00      0.00         0
           1       0.00      0.00      0.00         0
           2       0.50      0.33      0.40         6
           3       0.00      0.00      0.00         0
           4       0.00      0.00      0.00         0
           5       1.00      1.00      1.00         1
           6       0.00      0.00      0.00         0
           7       0.00      0.00      0.00         0
           8       0.00      0.00      0.00         1
           9       0.00      0.00      0.00         2
          10       0.75      0.46      0.57        13
          11       0.00      0.00      0.00         2
          12       0.75      0.38      0.50         8
          13       0.00      0.00      0.00         0
          14       0.71      0.50      0.59        10
          15       0.00      0.00      0.00         1
          16       0.00      0.00      0.00         0
          17       0.50      1.00      0.67         1
          18       0.00      0.00      0.00         0
          19       1.00      1.00      1.00         2
          20       0.83      0.71      0.77         7
          21       0.88      0.88      0.88         8
          22       0.00      0.00      0.00         1
          23       0.58      0.72      0.64        25
          24       0.00      0.00      0.00         0
          25       0.00      0.00      0.00         2
          26       0.50      0.17      0.25        18
          27       0.00      0.00      0.00         0
          28       1.00      0.33      0.50         3
          29       0.67      0.67      0.67         3
          30       0.50      0.40      0.44         5
          31       0.00      0.00      0.00         0
          32       0.50      0.67      0.57         3
          33       0.00      0.00      0.00         1
          34       0.00      0.00      0.00         0
          35       0.00      0.00      0.00         3
          36       0.00      0.00      0.00         0
          37       0.67      0.57      0.62        14
          38       0.00      0.00      0.00         0
          39       0.75      0.75      0.75         4
          40       0.00      0.00      0.00         1
          41       0.00      0.00      0.00         1
          42       0.00      0.00      0.00         0
          43       0.00      0.00      0.00         1
          44       0.00      0.00      0.00         1
          45       0.00      0.00      0.00         0
          46       0.50      1.00      0.67         1
          47       0.00      0.00      0.00         0
          48       1.00      0.75      0.86         4
          49       0.00      0.00      0.00         1
          50       0.00      0.00      0.00         0
          51       0.00      0.00      0.00         0
          52       0.00      0.00      0.00         0
          53       0.00      0.00      0.00         2
          54       0.54      0.70      0.61        10
          55       0.00      0.00      0.00         0
          56       1.00      0.57      0.73         7
          57       0.75      0.38      0.50         8
          58       0.00      0.00      0.00         8
          59       0.00      0.00      0.00         0
          60       0.50      1.00      0.67         1
          61       0.75      0.75      0.75         4
          62       0.00      0.00      0.00         0
          63       0.00      0.00      0.00         0
          64       0.00      0.00      0.00         0
          65       1.00      0.50      0.67         2
          66       0.00      0.00      0.00         0
          67       0.00      0.00      0.00         0
          68       0.00      0.00      0.00         0
          69       0.00      0.00      0.00         0
          70       0.00      0.00      0.00         0
          71       0.83      0.94      0.88        32
          72       0.00      0.00      0.00         0
          73       0.00      0.00      0.00         1
          74       0.00      0.00      0.00         0
          75       0.80      1.00      0.89         4
          76       0.50      0.67      0.57         3
          77       1.00      1.00      1.00         7
          78       0.00      0.00      0.00         0
          79       0.50      0.50      0.50         2
          80       0.00      0.00      0.00         0
          81       0.50      0.50      0.50         2
          82       0.00      0.00      0.00         0
          83       0.00      0.00      0.00         0
          84       1.00      0.75      0.86         4
          85       0.00      0.00      0.00         0
          86       0.00      0.00      0.00         0
          87       0.00      0.00      0.00         0
          88       0.00      0.00      0.00         0
          89       0.60      0.50      0.55         6
          90       0.00      0.00      0.00         0
          91       0.00      0.00      0.00         0
          92       0.00      0.00      0.00         0
          93       1.00      1.00      1.00         1
          94       1.00      0.25      0.40         4
          95       0.00      0.00      0.00         0
          96       0.00      0.00      0.00         0
          97       0.00      0.00      0.00         1
          98       0.75      0.81      0.78        47
          99       0.00      0.00      0.00         2
         100       0.00      0.00      0.00         0
         101       0.00      0.00      0.00         1
         102       0.00      0.00      0.00         0
         103       0.80      0.50      0.62         8
         104       0.00      0.00      0.00         1
         105       0.00      0.00      0.00         0
         106       0.00      0.00      0.00         1
         107       1.00      0.50      0.67         2
         108       0.00      0.00      0.00         0
         109       0.00      0.00      0.00         3
         110       0.00      0.00      0.00         0
         111       0.00      0.00      0.00         0
         112       0.00      0.00      0.00         0
         113       0.00      0.00      0.00         0
         114       0.00      0.00      0.00         2
         115       0.00      0.00      0.00         1
         116       0.00      0.00      0.00         1
         117       0.00      0.00      0.00         1

   micro avg       0.66      0.57      0.61       333
   macro avg       0.24      0.21      0.22       333
weighted avg       0.64      0.57      0.58       333
 samples avg       0.24      0.23      0.23       333

