Starting GCN batch job with 6 repetitions...
=== Repetition 1/6 ===
--------------------------------------
Running model: GCN
Dataset: amazon_style_ccc_features_securebert_fold_1
Repetition: 1
--------------------------------------
use device: cpu
Namespace(data='amazon_style_ccc_features_securebert_fold_1', model_path='model.pt', train_iter_n=50, cuda=0, checkpoint='', epochs=100, patience=3, n_layers=2, n_heads=[4], dropout=0.5, model='GCN', lr=0.0001, weight_decay=0.0, batch_size=1024, edge_sample_ratio=1, test_with_CPU=False, decoder='dismult', feat_type=1)
args.feat_type 1
sys_path ['/home/simonettos/homhetgnn/HGB/LP/benchmark/methods/GNN', '/home/simonettos/homhetgnn/sbatches', '/home/simonettos/homhetgnn/HGB/LP/benchmark/methods/baseline', '/home/simonettos/homhetgnn/HGB/LP/benchmark', '/home/simonettos/homhetgnn/HGB/LP/benchmark/methods/GNN', '/home/simonettos/homhetgnn/HGB/LP/benchmark/methods/GNN/utils', '/home/simonettos/homhetgnn/HGB/LP/benchmark/methods/GNN/models', '/deepstore/software/anaconda3/2022.05/lib/python39.zip', '/deepstore/software/anaconda3/2022.05/lib/python3.9', '/deepstore/software/anaconda3/2022.05/lib/python3.9/lib-dynload', '/home/simonettos/homhetgnn/gpuvenv/lib/python3.9/site-packages', '../../', '../../']
Data path: /home/simonettos/homhetgnn/HGB/LP/benchmark/data/amazon_style_ccc_features_securebert_fold_1
Loading nodes from /home/simonettos/homhetgnn/HGB/LP/benchmark/data/amazon_style_ccc_features_securebert_fold_1/node.dat
edge types: dict_keys([5, 6, 4, 3, 7, 2, 1, 8, 0, 9, 10])
Getting training negative samples for edge types: [6]
nodes.shift keys: [0, 1, 2]
nodes.count keys: [0, 1, 2]
links.meta: {5: (0, 2), 6: (2, 1), 4: (2, 2), 3: (1, 1), 7: (1, 1), 2: (2, 2), 1: (2, 2), 8: (2, 2), 0: (1, 1), 9: (2, 2), 10: (2, 2)}
t_type about to use: 1
h_type: 2
shift dict: {0: 0, 1: 19264, 2: 19822}
count dict: Counter({0: 19264, 2: 940, 1: 558})
Generated 957 negative samples for edge type 6
Info: load amazon_style_ccc_features_securebert_fold_1 from original data and generate /home/simonettos/homhetgnn/HGB/LP/benchmark/data/amazon_style_ccc_features_securebert_fold_1/dl_pickle 
edge types: [6]
dataset: amazon_style_ccc_features_securebert_fold_1, eval_type: 6
epoch 0 | batch 0 |train loss 0.6684027910232544
Valid: loss 0.712928295135498, score:{'roc_auc': 0.652200677131425, 'MRR': 0.884920634920635}
Saving model
epoch 0 | batch 1 |train loss 0.6647390127182007
epoch 1 | batch 0 |train loss 0.6985092163085938
Valid: loss 0.7221886515617371, score:{'roc_auc': 0.7039088950446292, 'MRR': 0.8730158730158731}
EarlyStopping counter: 1 out of 3
epoch 1 | batch 1 |train loss 0.6308035254478455
epoch 2 | batch 0 |train loss 0.6026954054832458
Valid: loss 0.6989002823829651, score:{'roc_auc': 0.7020621729763004, 'MRR': 0.884920634920635}
Saving model
epoch 2 | batch 1 |train loss 0.606101393699646
epoch 3 | batch 0 |train loss 0.5957737565040588
Valid: loss 0.6409525871276855, score:{'roc_auc': 0.7279162819329026, 'MRR': 0.8730158730158731}
Saving model
epoch 3 | batch 1 |train loss 0.5696578025817871
epoch 4 | batch 0 |train loss 0.558969259262085
Valid: loss 0.6264942288398743, score:{'roc_auc': 0.7282240689442906, 'MRR': 0.8730158730158731}
Saving model
epoch 4 | batch 1 |train loss 0.56648850440979
epoch 5 | batch 0 |train loss 0.546682596206665
Valid: loss 0.6073201298713684, score:{'roc_auc': 0.736842105263158, 'MRR': 0.8730158730158731}
Saving model
epoch 5 | batch 1 |train loss 0.5638276934623718
epoch 6 | batch 0 |train loss 0.5521806478500366
Valid: loss 0.6297996640205383, score:{'roc_auc': 0.7279162819329025, 'MRR': 0.8730158730158731}
EarlyStopping counter: 1 out of 3
epoch 6 | batch 1 |train loss 0.5457262992858887
epoch 7 | batch 0 |train loss 0.5471550226211548
Valid: loss 0.6822559833526611, score:{'roc_auc': 0.7239150507848569, 'MRR': 0.8730158730158731}
EarlyStopping counter: 2 out of 3
epoch 7 | batch 1 |train loss 0.5494363307952881
epoch 8 | batch 0 |train loss 0.549286961555481
Valid: loss 0.68313068151474, score:{'roc_auc': 0.7266851338873499, 'MRR': 0.8730158730158731}
Meta keys: dict_keys([6])
Data keys: dict_keys([6])
Edge type: 6, Meta: (2, 1)
Average links per head: 3.39
Median: 2.0, Min: 1, Max: 26
len test_list[0] 393
len test_list[1] 393
len test_label 393
2 hop test: loss 0.68313068151474, score:{'roc_auc': 0.5047397047397046, 'MRR': 0.7301724137931035}
(array([0, 1]), array([195, 198]))
[0.6938357  0.49050015 0.5655174  0.65729725 0.8573364  0.59407276
 0.51727647 0.5583343  0.7088546  0.41968372 0.6190274  0.57966614
 0.21910457 0.17497541 0.22951008 0.86204916 0.21037006 0.37183133
 0.70706016 0.7240539 ]
Average links per head full random test: 1.42
Medianfull random test: 1.0, Min: 1, Max: 14
len test_list[0]full random test 396
len test_list[1]full random test 396
len test_label full random test 396
2 hop test: loss 0.68313068151474, score:{'roc_auc': 0.5047397047397046, 'MRR': 0.7301724137931035}
edge type: 6, random_score: {'roc_auc': 0.6741914090398938, 'MRR': 0.9612068965517241}, score: {'roc_auc': 0.5047397047397046, 'MRR': 0.7301724137931035}
ROC_AUC: 0.5047397047397046
Sec neigh test: score list: defaultdict(<class 'list'>, {'roc_auc': [0.5047397047397046], 'MRR': [0.7301724137931035]})
Random test: score list: defaultdict(<class 'list'>, {'roc_auc': [0.6741914090398938], 'MRR': [0.9612068965517241]})
Sec neigh test:average score: defaultdict(<class 'list'>, {'roc_auc': 0.5047, 'MRR': 0.7302})
Random test: average score: defaultdict(<class 'list'>, {'roc_auc': 0.6742, 'MRR': 0.9612})
Completed: amazon_style_ccc_features_securebert_fold_1 (rep 1)

--------------------------------------
Running model: GCN
Dataset: amazon_style_ccc_features_securebert_fold_2
Repetition: 1
--------------------------------------
use device: cpu
Namespace(data='amazon_style_ccc_features_securebert_fold_2', model_path='model.pt', train_iter_n=50, cuda=0, checkpoint='', epochs=100, patience=3, n_layers=2, n_heads=[4], dropout=0.5, model='GCN', lr=0.0001, weight_decay=0.0, batch_size=1024, edge_sample_ratio=1, test_with_CPU=False, decoder='dismult', feat_type=1)
args.feat_type 1
sys_path ['/home/simonettos/homhetgnn/HGB/LP/benchmark/methods/GNN', '/home/simonettos/homhetgnn/sbatches', '/home/simonettos/homhetgnn/HGB/LP/benchmark/methods/baseline', '/home/simonettos/homhetgnn/HGB/LP/benchmark', '/home/simonettos/homhetgnn/HGB/LP/benchmark/methods/GNN', '/home/simonettos/homhetgnn/HGB/LP/benchmark/methods/GNN/utils', '/home/simonettos/homhetgnn/HGB/LP/benchmark/methods/GNN/models', '/deepstore/software/anaconda3/2022.05/lib/python39.zip', '/deepstore/software/anaconda3/2022.05/lib/python3.9', '/deepstore/software/anaconda3/2022.05/lib/python3.9/lib-dynload', '/home/simonettos/homhetgnn/gpuvenv/lib/python3.9/site-packages', '../../', '../../']
Data path: /home/simonettos/homhetgnn/HGB/LP/benchmark/data/amazon_style_ccc_features_securebert_fold_2
Loading nodes from /home/simonettos/homhetgnn/HGB/LP/benchmark/data/amazon_style_ccc_features_securebert_fold_2/node.dat
edge types: dict_keys([5, 8, 6, 4, 7, 3, 2, 0, 10, 1, 9])
Getting training negative samples for edge types: [6]
nodes.shift keys: [0, 1, 2]
nodes.count keys: [0, 1, 2]
links.meta: {5: (0, 2), 8: (2, 2), 6: (2, 1), 4: (2, 2), 7: (1, 1), 3: (1, 1), 2: (2, 2), 0: (1, 1), 10: (2, 2), 1: (2, 2), 9: (2, 2)}
t_type about to use: 1
h_type: 2
shift dict: {0: 0, 1: 19264, 2: 19822}
count dict: Counter({0: 19264, 2: 940, 1: 558})
Generated 905 negative samples for edge type 6
Info: load amazon_style_ccc_features_securebert_fold_2 from original data and generate /home/simonettos/homhetgnn/HGB/LP/benchmark/data/amazon_style_ccc_features_securebert_fold_2/dl_pickle 
edge types: [6]
dataset: amazon_style_ccc_features_securebert_fold_2, eval_type: 6
epoch 0 | batch 0 |train loss 0.6915938854217529
Valid: loss 0.8143349289894104, score:{'roc_auc': 0.5997658688865765, 'MRR': 0.877906976744186}
Saving model
epoch 0 | batch 1 |train loss 0.7528150677680969
epoch 1 | batch 0 |train loss 0.6234660148620605
Valid: loss 0.7497889995574951, score:{'roc_auc': 0.6447710718002081, 'MRR': 0.8651162790697675}
Saving model
epoch 1 | batch 1 |train loss 0.6876624226570129
epoch 2 | batch 0 |train loss 0.7297413349151611
Valid: loss 0.6750009655952454, score:{'roc_auc': 0.7150104058272633, 'MRR': 0.8662790697674418}
Saving model
epoch 2 | batch 1 |train loss 0.5852710604667664
epoch 3 | batch 0 |train loss 0.650867223739624
Valid: loss 0.7174925208091736, score:{'roc_auc': 0.6915972944849116, 'MRR': 0.8662790697674418}
EarlyStopping counter: 1 out of 3
epoch 3 | batch 1 |train loss 0.6090438961982727
epoch 4 | batch 0 |train loss 0.6346091032028198
Valid: loss 0.6678870916366577, score:{'roc_auc': 0.7105879292403746, 'MRR': 0.8546511627906976}
Saving model
epoch 4 | batch 1 |train loss 0.5728003978729248
epoch 5 | batch 0 |train loss 0.578492283821106
Valid: loss 0.6467969417572021, score:{'roc_auc': 0.7064255983350676, 'MRR': 0.8651162790697675}
Saving model
epoch 5 | batch 1 |train loss 0.5680320262908936
epoch 6 | batch 0 |train loss 0.5844073295593262
Valid: loss 0.6446893811225891, score:{'roc_auc': 0.7030437044745057, 'MRR': 0.8651162790697675}
Saving model
epoch 6 | batch 1 |train loss 0.5763986110687256
epoch 7 | batch 0 |train loss 0.5665140151977539
Valid: loss 0.6287958025932312, score:{'roc_auc': 0.7196930280957337, 'MRR': 0.8546511627906976}
Saving model
epoch 7 | batch 1 |train loss 0.5566659569740295
epoch 8 | batch 0 |train loss 0.5634974241256714
Valid: loss 0.6401937007904053, score:{'roc_auc': 0.7194328824141519, 'MRR': 0.8662790697674418}
EarlyStopping counter: 1 out of 3
epoch 8 | batch 1 |train loss 0.5600667595863342
epoch 9 | batch 0 |train loss 0.5638525485992432
Valid: loss 0.6435726284980774, score:{'roc_auc': 0.725936524453694, 'MRR': 0.8662790697674418}
EarlyStopping counter: 2 out of 3
epoch 9 | batch 1 |train loss 0.5614044666290283
epoch 10 | batch 0 |train loss 0.5480865240097046
Valid: loss 0.6326744556427002, score:{'roc_auc': 0.726716961498439, 'MRR': 0.877906976744186}
Meta keys: dict_keys([6])
Data keys: dict_keys([6])
Edge type: 6, Meta: (2, 1)
Average links per head: 3.52
Median: 2.0, Min: 1, Max: 22
len test_list[0] 489
len test_list[1] 489
len test_label 489
2 hop test: loss 0.6326744556427002, score:{'roc_auc': 0.49365987487035373, 'MRR': 0.7726219024780175}
(array([0, 1]), array([243, 246]))
[0.34498397 0.49724922 0.64251596 0.5283744  0.64360136 0.4005092
 0.45273846 0.25648507 0.50782484 0.9155915  0.09759993 0.05234931
 0.34106213 0.90566736 0.9093483  0.12032797 0.1358488  0.14990342
 0.889237   0.8052562 ]
Average links per head full random test: 1.49
Medianfull random test: 1.0, Min: 1, Max: 12
len test_list[0]full random test 492
len test_list[1]full random test 492
len test_label full random test 492
2 hop test: loss 0.6326744556427002, score:{'roc_auc': 0.49365987487035373, 'MRR': 0.7726219024780175}
edge type: 6, random_score: {'roc_auc': 0.6623537576839182, 'MRR': 0.9664268585131893}, score: {'roc_auc': 0.49365987487035373, 'MRR': 0.7726219024780175}
ROC_AUC: 0.49365987487035373
Sec neigh test: score list: defaultdict(<class 'list'>, {'roc_auc': [0.49365987487035373], 'MRR': [0.7726219024780175]})
Random test: score list: defaultdict(<class 'list'>, {'roc_auc': [0.6623537576839182], 'MRR': [0.9664268585131893]})
Sec neigh test:average score: defaultdict(<class 'list'>, {'roc_auc': 0.4937, 'MRR': 0.7726})
Random test: average score: defaultdict(<class 'list'>, {'roc_auc': 0.6624, 'MRR': 0.9664})
Completed: amazon_style_ccc_features_securebert_fold_2 (rep 1)

--------------------------------------
Running model: GCN
Dataset: amazon_style_ccc_features_securebert_fold_3
Repetition: 1
--------------------------------------
use device: cpu
Namespace(data='amazon_style_ccc_features_securebert_fold_3', model_path='model.pt', train_iter_n=50, cuda=0, checkpoint='', epochs=100, patience=3, n_layers=2, n_heads=[4], dropout=0.5, model='GCN', lr=0.0001, weight_decay=0.0, batch_size=1024, edge_sample_ratio=1, test_with_CPU=False, decoder='dismult', feat_type=1)
args.feat_type 1
sys_path ['/home/simonettos/homhetgnn/HGB/LP/benchmark/methods/GNN', '/home/simonettos/homhetgnn/sbatches', '/home/simonettos/homhetgnn/HGB/LP/benchmark/methods/baseline', '/home/simonettos/homhetgnn/HGB/LP/benchmark', '/home/simonettos/homhetgnn/HGB/LP/benchmark/methods/GNN', '/home/simonettos/homhetgnn/HGB/LP/benchmark/methods/GNN/utils', '/home/simonettos/homhetgnn/HGB/LP/benchmark/methods/GNN/models', '/deepstore/software/anaconda3/2022.05/lib/python39.zip', '/deepstore/software/anaconda3/2022.05/lib/python3.9', '/deepstore/software/anaconda3/2022.05/lib/python3.9/lib-dynload', '/home/simonettos/homhetgnn/gpuvenv/lib/python3.9/site-packages', '../../', '../../']
Data path: /home/simonettos/homhetgnn/HGB/LP/benchmark/data/amazon_style_ccc_features_securebert_fold_3
Loading nodes from /home/simonettos/homhetgnn/HGB/LP/benchmark/data/amazon_style_ccc_features_securebert_fold_3/node.dat
edge types: dict_keys([5, 8, 6, 4, 7, 3, 2, 0, 10, 1, 9])
Getting training negative samples for edge types: [6]
nodes.shift keys: [0, 1, 2]
nodes.count keys: [0, 1, 2]
links.meta: {5: (0, 2), 8: (2, 2), 6: (2, 1), 4: (2, 2), 7: (1, 1), 3: (1, 1), 2: (2, 2), 0: (1, 1), 10: (2, 2), 1: (2, 2), 9: (2, 2)}
t_type about to use: 1
h_type: 2
shift dict: {0: 0, 1: 19264, 2: 19822}
count dict: Counter({0: 19264, 2: 940, 1: 558})
Generated 904 negative samples for edge type 6
Info: load amazon_style_ccc_features_securebert_fold_3 from original data and generate /home/simonettos/homhetgnn/HGB/LP/benchmark/data/amazon_style_ccc_features_securebert_fold_3/dl_pickle 
edge types: [6]
dataset: amazon_style_ccc_features_securebert_fold_3, eval_type: 6
epoch 0 | batch 0 |train loss 0.7073991298675537
Valid: loss 0.9205949902534485, score:{'roc_auc': 0.5676492819349962, 'MRR': 0.8444444444444444}
Saving model
epoch 0 | batch 1 |train loss 0.8541455864906311
epoch 1 | batch 0 |train loss 0.6427344679832458
Valid: loss 0.9913927316665649, score:{'roc_auc': 0.5520282186948855, 'MRR': 0.8074074074074074}
EarlyStopping counter: 1 out of 3
epoch 1 | batch 1 |train loss 0.662023663520813
epoch 2 | batch 0 |train loss 0.7272416353225708
Valid: loss 0.9020154476165771, score:{'roc_auc': 0.5729402872260015, 'MRR': 0.7962962962962962}
Saving model
epoch 2 | batch 1 |train loss 0.6072105169296265
epoch 3 | batch 0 |train loss 0.6295419931411743
Valid: loss 0.7666721940040588, score:{'roc_auc': 0.6414714033761654, 'MRR': 0.8185185185185184}
Saving model
epoch 3 | batch 1 |train loss 0.6112020611763
epoch 4 | batch 0 |train loss 0.6492418646812439
Valid: loss 0.7309585213661194, score:{'roc_auc': 0.6455026455026455, 'MRR': 0.8185185185185184}
Saving model
epoch 4 | batch 1 |train loss 0.5992718935012817
epoch 5 | batch 0 |train loss 0.5926969647407532
Valid: loss 0.7418621182441711, score:{'roc_auc': 0.6079617031997985, 'MRR': 0.8074074074074074}
EarlyStopping counter: 1 out of 3
epoch 5 | batch 1 |train loss 0.5667164921760559
epoch 6 | batch 0 |train loss 0.599888801574707
Valid: loss 0.7517685890197754, score:{'roc_auc': 0.6011589821113632, 'MRR': 0.8074074074074074}
EarlyStopping counter: 2 out of 3
epoch 6 | batch 1 |train loss 0.5729115009307861
epoch 7 | batch 0 |train loss 0.5946523547172546
Valid: loss 0.7068316340446472, score:{'roc_auc': 0.6281179138321995, 'MRR': 0.8074074074074074}
Saving model
epoch 7 | batch 1 |train loss 0.5602655410766602
epoch 8 | batch 0 |train loss 0.5805131196975708
Valid: loss 0.6897262930870056, score:{'roc_auc': 0.6495338876291258, 'MRR': 0.7962962962962962}
Saving model
epoch 8 | batch 1 |train loss 0.5593140721321106
epoch 9 | batch 0 |train loss 0.5735089778900146
Valid: loss 0.7254375219345093, score:{'roc_auc': 0.6432350718065005, 'MRR': 0.7962962962962962}
EarlyStopping counter: 1 out of 3
epoch 9 | batch 1 |train loss 0.5555233955383301
epoch 10 | batch 0 |train loss 0.5730818510055542
Valid: loss 0.7787156105041504, score:{'roc_auc': 0.636432350718065, 'MRR': 0.8074074074074074}
EarlyStopping counter: 2 out of 3
epoch 10 | batch 1 |train loss 0.5585734844207764
epoch 11 | batch 0 |train loss 0.5797308087348938
Valid: loss 0.785997748374939, score:{'roc_auc': 0.636432350718065, 'MRR': 0.7962962962962962}
Meta keys: dict_keys([6])
Data keys: dict_keys([6])
Edge type: 6, Meta: (2, 1)
Average links per head: 3.48
Median: 2.0, Min: 2, Max: 22
len test_list[0] 490
len test_list[1] 490
len test_label 490
2 hop test: loss 0.785997748374939, score:{'roc_auc': 0.5806580591420242, 'MRR': 0.791371158392435}
(array([0, 1]), array([245, 245]))
[0.4485517  0.61139256 0.6768343  0.66279525 0.77820253 0.7644415
 0.5790754  0.65818954 0.73973113 0.72736645 0.16853565 0.45565784
 0.93189156 0.5137837  0.2900661  0.19387054 0.22111127 0.39236847
 0.7427582  0.49918202]
Average links per head full random test: 1.48
Medianfull random test: 1.0, Min: 1, Max: 12
len test_list[0]full random test 490
len test_list[1]full random test 490
len test_label full random test 490
2 hop test: loss 0.785997748374939, score:{'roc_auc': 0.5806580591420242, 'MRR': 0.791371158392435}
edge type: 6, random_score: {'roc_auc': 0.7426239067055395, 'MRR': 0.9716312056737588}, score: {'roc_auc': 0.5806580591420242, 'MRR': 0.791371158392435}
ROC_AUC: 0.5806580591420242
Sec neigh test: score list: defaultdict(<class 'list'>, {'roc_auc': [0.5806580591420242], 'MRR': [0.791371158392435]})
Random test: score list: defaultdict(<class 'list'>, {'roc_auc': [0.7426239067055395], 'MRR': [0.9716312056737588]})
Sec neigh test:average score: defaultdict(<class 'list'>, {'roc_auc': 0.5807, 'MRR': 0.7914})
Random test: average score: defaultdict(<class 'list'>, {'roc_auc': 0.7426, 'MRR': 0.9716})
Completed: amazon_style_ccc_features_securebert_fold_3 (rep 1)

--------------------------------------
Running model: GCN
Dataset: amazon_style_ccc_features_securebert_fold_4
Repetition: 1
--------------------------------------
use device: cpu
Namespace(data='amazon_style_ccc_features_securebert_fold_4', model_path='model.pt', train_iter_n=50, cuda=0, checkpoint='', epochs=100, patience=3, n_layers=2, n_heads=[4], dropout=0.5, model='GCN', lr=0.0001, weight_decay=0.0, batch_size=1024, edge_sample_ratio=1, test_with_CPU=False, decoder='dismult', feat_type=1)
args.feat_type 1
sys_path ['/home/simonettos/homhetgnn/HGB/LP/benchmark/methods/GNN', '/home/simonettos/homhetgnn/sbatches', '/home/simonettos/homhetgnn/HGB/LP/benchmark/methods/baseline', '/home/simonettos/homhetgnn/HGB/LP/benchmark', '/home/simonettos/homhetgnn/HGB/LP/benchmark/methods/GNN', '/home/simonettos/homhetgnn/HGB/LP/benchmark/methods/GNN/utils', '/home/simonettos/homhetgnn/HGB/LP/benchmark/methods/GNN/models', '/deepstore/software/anaconda3/2022.05/lib/python39.zip', '/deepstore/software/anaconda3/2022.05/lib/python3.9', '/deepstore/software/anaconda3/2022.05/lib/python3.9/lib-dynload', '/home/simonettos/homhetgnn/gpuvenv/lib/python3.9/site-packages', '../../', '../../']
Data path: /home/simonettos/homhetgnn/HGB/LP/benchmark/data/amazon_style_ccc_features_securebert_fold_4
Loading nodes from /home/simonettos/homhetgnn/HGB/LP/benchmark/data/amazon_style_ccc_features_securebert_fold_4/node.dat
edge types: dict_keys([5, 8, 6, 4, 7, 3, 2, 0, 10, 1, 9])
Getting training negative samples for edge types: [6]
nodes.shift keys: [0, 1, 2]
nodes.count keys: [0, 1, 2]
links.meta: {5: (0, 2), 8: (2, 2), 6: (2, 1), 4: (2, 2), 7: (1, 1), 3: (1, 1), 2: (2, 2), 0: (1, 1), 10: (2, 2), 1: (2, 2), 9: (2, 2)}
t_type about to use: 1
h_type: 2
shift dict: {0: 0, 1: 19264, 2: 19822}
count dict: Counter({0: 19264, 2: 940, 1: 558})
Generated 879 negative samples for edge type 6
Info: load amazon_style_ccc_features_securebert_fold_4 from original data and generate /home/simonettos/homhetgnn/HGB/LP/benchmark/data/amazon_style_ccc_features_securebert_fold_4/dl_pickle 
edge types: [6]
dataset: amazon_style_ccc_features_securebert_fold_4, eval_type: 6
epoch 0 | batch 0 |train loss 0.7023404836654663
Valid: loss 0.701633095741272, score:{'roc_auc': 0.6455780797505013, 'MRR': 0.8546099290780141}
Saving model
epoch 0 | batch 1 |train loss 0.6415651440620422
epoch 1 | batch 0 |train loss 0.6557337641716003
Valid: loss 0.8401244282722473, score:{'roc_auc': 0.6498106482512809, 'MRR': 0.8652482269503545}
EarlyStopping counter: 1 out of 3
epoch 1 | batch 1 |train loss 0.7848504185676575
epoch 2 | batch 0 |train loss 0.6726774573326111
Valid: loss 0.7851478457450867, score:{'roc_auc': 0.6498106482512809, 'MRR': 0.8546099290780141}
EarlyStopping counter: 2 out of 3
epoch 2 | batch 1 |train loss 0.7416443228721619
epoch 3 | batch 0 |train loss 0.5896585583686829
Valid: loss 0.7013513445854187, score:{'roc_auc': 0.6404544441969259, 'MRR': 0.8652482269503545}
Saving model
epoch 3 | batch 1 |train loss 0.7521140575408936
epoch 4 | batch 0 |train loss 0.5659130811691284
Valid: loss 0.7101500630378723, score:{'roc_auc': 0.649365114724883, 'MRR': 0.8404255319148937}
EarlyStopping counter: 1 out of 3
epoch 4 | batch 1 |train loss 0.5761327147483826
epoch 5 | batch 0 |train loss 0.5742982625961304
Valid: loss 0.7527845501899719, score:{'roc_auc': 0.6480285141456895, 'MRR': 0.8297872340425532}
EarlyStopping counter: 2 out of 3
epoch 5 | batch 1 |train loss 0.5890654921531677
epoch 6 | batch 0 |train loss 0.552274763584137
Valid: loss 0.6820322275161743, score:{'roc_auc': 0.6613945199376252, 'MRR': 0.851063829787234}
Saving model
epoch 6 | batch 1 |train loss 0.5649952292442322
epoch 7 | batch 0 |train loss 0.5610166192054749
Valid: loss 0.6709384918212891, score:{'roc_auc': 0.6582757852528404, 'MRR': 0.851063829787234}
Saving model
epoch 7 | batch 1 |train loss 0.5558277368545532
epoch 8 | batch 0 |train loss 0.5363147854804993
Valid: loss 0.716560959815979, score:{'roc_auc': 0.6678547560703944, 'MRR': 0.851063829787234}
EarlyStopping counter: 1 out of 3
epoch 8 | batch 1 |train loss 0.5517327785491943
epoch 9 | batch 0 |train loss 0.5387109518051147
Valid: loss 0.7610223293304443, score:{'roc_auc': 0.6674092225439965, 'MRR': 0.8617021276595744}
EarlyStopping counter: 2 out of 3
epoch 9 | batch 1 |train loss 0.558168888092041
epoch 10 | batch 0 |train loss 0.5373179316520691
Valid: loss 0.7241275906562805, score:{'roc_auc': 0.6705279572287816, 'MRR': 0.851063829787234}
Meta keys: dict_keys([6])
Data keys: dict_keys([6])
Edge type: 6, Meta: (2, 1)
Average links per head: 3.68
Median: 2.0, Min: 1, Max: 32
len test_list[0] 530
len test_list[1] 530
len test_label 530
2 hop test: loss 0.7241275906562805, score:{'roc_auc': 0.508401686033265, 'MRR': 0.743287037037037}
(array([0, 1]), array([264, 266]))
[0.5667536  0.5331415  0.64215016 0.34257478 0.22097349 0.26342872
 0.85577905 0.922329   0.9396497  0.74297833 0.7924996  0.746338
 0.13413152 0.8908925  0.659184   0.7288602  0.9437027  0.71643054
 0.15281342 0.6224625 ]
Average links per head full random test: 1.55
Medianfull random test: 1.0, Min: 1, Max: 17
len test_list[0]full random test 532
len test_list[1]full random test 532
len test_label full random test 532
2 hop test: loss 0.7241275906562805, score:{'roc_auc': 0.508401686033265, 'MRR': 0.743287037037037}
edge type: 6, random_score: {'roc_auc': 0.699488382610662, 'MRR': 0.9618055555555556}, score: {'roc_auc': 0.508401686033265, 'MRR': 0.743287037037037}
ROC_AUC: 0.508401686033265
Sec neigh test: score list: defaultdict(<class 'list'>, {'roc_auc': [0.508401686033265], 'MRR': [0.743287037037037]})
Random test: score list: defaultdict(<class 'list'>, {'roc_auc': [0.699488382610662], 'MRR': [0.9618055555555556]})
Sec neigh test:average score: defaultdict(<class 'list'>, {'roc_auc': 0.5084, 'MRR': 0.7433})
Random test: average score: defaultdict(<class 'list'>, {'roc_auc': 0.6995, 'MRR': 0.9618})
Completed: amazon_style_ccc_features_securebert_fold_4 (rep 1)

--------------------------------------
Running model: GCN
Dataset: amazon_style_ccc_features_securebert_fold_5
Repetition: 1
--------------------------------------
use device: cpu
Namespace(data='amazon_style_ccc_features_securebert_fold_5', model_path='model.pt', train_iter_n=50, cuda=0, checkpoint='', epochs=100, patience=3, n_layers=2, n_heads=[4], dropout=0.5, model='GCN', lr=0.0001, weight_decay=0.0, batch_size=1024, edge_sample_ratio=1, test_with_CPU=False, decoder='dismult', feat_type=1)
args.feat_type 1
sys_path ['/home/simonettos/homhetgnn/HGB/LP/benchmark/methods/GNN', '/home/simonettos/homhetgnn/sbatches', '/home/simonettos/homhetgnn/HGB/LP/benchmark/methods/baseline', '/home/simonettos/homhetgnn/HGB/LP/benchmark', '/home/simonettos/homhetgnn/HGB/LP/benchmark/methods/GNN', '/home/simonettos/homhetgnn/HGB/LP/benchmark/methods/GNN/utils', '/home/simonettos/homhetgnn/HGB/LP/benchmark/methods/GNN/models', '/deepstore/software/anaconda3/2022.05/lib/python39.zip', '/deepstore/software/anaconda3/2022.05/lib/python3.9', '/deepstore/software/anaconda3/2022.05/lib/python3.9/lib-dynload', '/home/simonettos/homhetgnn/gpuvenv/lib/python3.9/site-packages', '../../', '../../']
Data path: /home/simonettos/homhetgnn/HGB/LP/benchmark/data/amazon_style_ccc_features_securebert_fold_5
Loading nodes from /home/simonettos/homhetgnn/HGB/LP/benchmark/data/amazon_style_ccc_features_securebert_fold_5/node.dat
edge types: dict_keys([5, 8, 6, 4, 7, 3, 2, 0, 10, 1, 9])
Getting training negative samples for edge types: [6]
nodes.shift keys: [0, 1, 2]
nodes.count keys: [0, 1, 2]
links.meta: {5: (0, 2), 8: (2, 2), 6: (2, 1), 4: (2, 2), 7: (1, 1), 3: (1, 1), 2: (2, 2), 0: (1, 1), 10: (2, 2), 1: (2, 2), 9: (2, 2)}
t_type about to use: 1
h_type: 2
shift dict: {0: 0, 1: 19264, 2: 19822}
count dict: Counter({0: 19264, 2: 940, 1: 558})
Generated 903 negative samples for edge type 6
Info: load amazon_style_ccc_features_securebert_fold_5 from original data and generate /home/simonettos/homhetgnn/HGB/LP/benchmark/data/amazon_style_ccc_features_securebert_fold_5/dl_pickle 
edge types: [6]
dataset: amazon_style_ccc_features_securebert_fold_5, eval_type: 6
epoch 0 | batch 0 |train loss 0.6821812391281128
Valid: loss 0.7342536449432373, score:{'roc_auc': 0.5955991124260355, 'MRR': 0.8861788617886179}
Saving model
epoch 0 | batch 1 |train loss 0.7925554513931274
epoch 1 | batch 0 |train loss 0.7624701857566833
Valid: loss 1.0375771522521973, score:{'roc_auc': 0.5955991124260355, 'MRR': 0.8495934959349594}
EarlyStopping counter: 1 out of 3
epoch 1 | batch 1 |train loss 0.6533711552619934
epoch 2 | batch 0 |train loss 0.6437825560569763
Valid: loss 0.7261177897453308, score:{'roc_auc': 0.6177884615384616, 'MRR': 0.8617886178861789}
Saving model
epoch 2 | batch 1 |train loss 0.7436751127243042
epoch 3 | batch 0 |train loss 0.6425108909606934
Valid: loss 0.6900360584259033, score:{'roc_auc': 0.6107618343195266, 'MRR': 0.8861788617886179}
Saving model
epoch 3 | batch 1 |train loss 0.58607417345047
epoch 4 | batch 0 |train loss 0.5935122966766357
Valid: loss 0.7548595666885376, score:{'roc_auc': 0.5959689349112426, 'MRR': 0.8373983739837398}
EarlyStopping counter: 1 out of 3
epoch 4 | batch 1 |train loss 0.5924700498580933
epoch 5 | batch 0 |train loss 0.590503454208374
Valid: loss 0.6978822350502014, score:{'roc_auc': 0.6314718934911242, 'MRR': 0.8495934959349594}
EarlyStopping counter: 2 out of 3
epoch 5 | batch 1 |train loss 0.5742264986038208
epoch 6 | batch 0 |train loss 0.5713557004928589
Valid: loss 0.6848503947257996, score:{'roc_auc': 0.6666050295857989, 'MRR': 0.8495934959349594}
Saving model
epoch 6 | batch 1 |train loss 0.5502282977104187
epoch 7 | batch 0 |train loss 0.5832877159118652
Valid: loss 0.7207848429679871, score:{'roc_auc': 0.6736316568047337, 'MRR': 0.8373983739837398}
EarlyStopping counter: 1 out of 3
epoch 7 | batch 1 |train loss 0.5429860353469849
epoch 8 | batch 0 |train loss 0.588628888130188
Valid: loss 0.7485443353652954, score:{'roc_auc': 0.6673446745562129, 'MRR': 0.8373983739837398}
EarlyStopping counter: 2 out of 3
epoch 8 | batch 1 |train loss 0.5532141327857971
epoch 9 | batch 0 |train loss 0.5800142884254456
Valid: loss 0.7117919325828552, score:{'roc_auc': 0.6765902366863905, 'MRR': 0.8373983739837398}
Meta keys: dict_keys([6])
Data keys: dict_keys([6])
Edge type: 6, Meta: (2, 1)
Average links per head: 3.23
Median: 2.0, Min: 1, Max: 20
len test_list[0] 514
len test_list[1] 514
len test_label 514
2 hop test: loss 0.7117919325828552, score:{'roc_auc': 0.5508115310077519, 'MRR': 0.7365478686233402}
(array([0, 1]), array([256, 258]))
[0.795357   0.50152117 0.46792957 0.34064922 0.2985872  0.65750355
 0.38875145 0.53086    0.8691692  0.763077   0.64799374 0.18656781
 0.41585356 0.914799   0.5384029  0.14810255 0.3476824  0.8068685
 0.22533889 0.24813962]
Average links per head full random test: 1.46
Medianfull random test: 1.0, Min: 1, Max: 11
len test_list[0]full random test 516
len test_list[1]full random test 516
len test_label full random test 516
2 hop test: loss 0.7117919325828552, score:{'roc_auc': 0.5508115310077519, 'MRR': 0.7365478686233402}
edge type: 6, random_score: {'roc_auc': 0.7025419145484046, 'MRR': 0.9580712788259957}, score: {'roc_auc': 0.5508115310077519, 'MRR': 0.7365478686233402}
ROC_AUC: 0.5508115310077519
Sec neigh test: score list: defaultdict(<class 'list'>, {'roc_auc': [0.5508115310077519], 'MRR': [0.7365478686233402]})
Random test: score list: defaultdict(<class 'list'>, {'roc_auc': [0.7025419145484046], 'MRR': [0.9580712788259957]})
Sec neigh test:average score: defaultdict(<class 'list'>, {'roc_auc': 0.5508, 'MRR': 0.7365})
Random test: average score: defaultdict(<class 'list'>, {'roc_auc': 0.7025, 'MRR': 0.9581})
Completed: amazon_style_ccc_features_securebert_fold_5 (rep 1)

=== Repetition 2/6 ===
--------------------------------------
Running model: GCN
Dataset: amazon_style_ccc_features_securebert_fold_1
Repetition: 2
--------------------------------------
use device: cpu
Namespace(data='amazon_style_ccc_features_securebert_fold_1', model_path='model.pt', train_iter_n=50, cuda=0, checkpoint='', epochs=100, patience=3, n_layers=2, n_heads=[4], dropout=0.5, model='GCN', lr=0.0001, weight_decay=0.0, batch_size=1024, edge_sample_ratio=1, test_with_CPU=False, decoder='dismult', feat_type=1)
args.feat_type 1
sys_path ['/home/simonettos/homhetgnn/HGB/LP/benchmark/methods/GNN', '/home/simonettos/homhetgnn/sbatches', '/home/simonettos/homhetgnn/HGB/LP/benchmark/methods/baseline', '/home/simonettos/homhetgnn/HGB/LP/benchmark', '/home/simonettos/homhetgnn/HGB/LP/benchmark/methods/GNN', '/home/simonettos/homhetgnn/HGB/LP/benchmark/methods/GNN/utils', '/home/simonettos/homhetgnn/HGB/LP/benchmark/methods/GNN/models', '/deepstore/software/anaconda3/2022.05/lib/python39.zip', '/deepstore/software/anaconda3/2022.05/lib/python3.9', '/deepstore/software/anaconda3/2022.05/lib/python3.9/lib-dynload', '/home/simonettos/homhetgnn/gpuvenv/lib/python3.9/site-packages', '../../', '../../']
Data path: /home/simonettos/homhetgnn/HGB/LP/benchmark/data/amazon_style_ccc_features_securebert_fold_1
Loading nodes from /home/simonettos/homhetgnn/HGB/LP/benchmark/data/amazon_style_ccc_features_securebert_fold_1/node.dat
edge types: dict_keys([5, 6, 4, 3, 7, 2, 1, 8, 0, 9, 10])
Getting training negative samples for edge types: [6]
nodes.shift keys: [0, 1, 2]
nodes.count keys: [0, 1, 2]
links.meta: {5: (0, 2), 6: (2, 1), 4: (2, 2), 3: (1, 1), 7: (1, 1), 2: (2, 2), 1: (2, 2), 8: (2, 2), 0: (1, 1), 9: (2, 2), 10: (2, 2)}
t_type about to use: 1
h_type: 2
shift dict: {0: 0, 1: 19264, 2: 19822}
count dict: Counter({0: 19264, 2: 940, 1: 558})
Generated 941 negative samples for edge type 6
Info: load amazon_style_ccc_features_securebert_fold_1 from original data and generate /home/simonettos/homhetgnn/HGB/LP/benchmark/data/amazon_style_ccc_features_securebert_fold_1/dl_pickle 
edge types: [6]
dataset: amazon_style_ccc_features_securebert_fold_1, eval_type: 6
epoch 0 | batch 0 |train loss 0.6965165138244629
Valid: loss 0.884485125541687, score:{'roc_auc': 0.5508538187277163, 'MRR': 0.7993197278911566}
Saving model
epoch 0 | batch 1 |train loss 0.7616862654685974
epoch 1 | batch 0 |train loss 0.6392713189125061
Valid: loss 0.732075572013855, score:{'roc_auc': 0.6009570275849128, 'MRR': 0.7993197278911566}
Saving model
epoch 1 | batch 1 |train loss 0.7665578126907349
epoch 2 | batch 0 |train loss 0.6157640218734741
Valid: loss 0.8031488656997681, score:{'roc_auc': 0.596078063426534, 'MRR': 0.7993197278911566}
EarlyStopping counter: 1 out of 3
epoch 2 | batch 1 |train loss 0.6526076197624207
epoch 3 | batch 0 |train loss 0.5821782350540161
Valid: loss 0.756621241569519, score:{'roc_auc': 0.5973916306999438, 'MRR': 0.7891156462585035}
EarlyStopping counter: 2 out of 3
epoch 3 | batch 1 |train loss 0.6061798930168152
epoch 4 | batch 0 |train loss 0.5754303932189941
Valid: loss 0.6996122598648071, score:{'roc_auc': 0.6135297429161193, 'MRR': 0.7852283770651118}
Saving model
epoch 4 | batch 1 |train loss 0.5816945433616638
epoch 5 | batch 0 |train loss 0.5608038306236267
Valid: loss 0.7323876619338989, score:{'roc_auc': 0.5990805029086133, 'MRR': 0.8061224489795918}
EarlyStopping counter: 1 out of 3
epoch 5 | batch 1 |train loss 0.5544730424880981
epoch 6 | batch 0 |train loss 0.5665543079376221
Valid: loss 0.7756500840187073, score:{'roc_auc': 0.6015199849878026, 'MRR': 0.8061224489795918}
EarlyStopping counter: 2 out of 3
epoch 6 | batch 1 |train loss 0.5582884550094604
epoch 7 | batch 0 |train loss 0.5619425177574158
Valid: loss 0.7718387842178345, score:{'roc_auc': 0.618408707074498, 'MRR': 0.7959183673469388}
Meta keys: dict_keys([6])
Data keys: dict_keys([6])
Edge type: 6, Meta: (2, 1)
Average links per head: 3.39
Median: 2.0, Min: 1, Max: 26
len test_list[0] 393
len test_list[1] 393
len test_label 393
2 hop test: loss 0.7718387842178345, score:{'roc_auc': 0.5055944055944056, 'MRR': 0.7294540229885057}
(array([0, 1]), array([195, 198]))
[0.6242581  0.48603153 0.55473775 0.6286799  0.9187281  0.6804126
 0.67337745 0.6596065  0.8348358  0.54949415 0.7402794  0.653971
 0.28601983 0.24485263 0.30710527 0.92177653 0.31096187 0.46830955
 0.6683385  0.6731542 ]
Average links per head full random test: 1.42
Medianfull random test: 1.0, Min: 1, Max: 14
len test_list[0]full random test 396
len test_list[1]full random test 396
len test_label full random test 396
2 hop test: loss 0.7718387842178345, score:{'roc_auc': 0.5055944055944056, 'MRR': 0.7294540229885057}
edge type: 6, random_score: {'roc_auc': 0.7087797163554739, 'MRR': 0.9655172413793104}, score: {'roc_auc': 0.5055944055944056, 'MRR': 0.7294540229885057}
ROC_AUC: 0.5055944055944056
Sec neigh test: score list: defaultdict(<class 'list'>, {'roc_auc': [0.5055944055944056], 'MRR': [0.7294540229885057]})
Random test: score list: defaultdict(<class 'list'>, {'roc_auc': [0.7087797163554739], 'MRR': [0.9655172413793104]})
Sec neigh test:average score: defaultdict(<class 'list'>, {'roc_auc': 0.5056, 'MRR': 0.7295})
Random test: average score: defaultdict(<class 'list'>, {'roc_auc': 0.7088, 'MRR': 0.9655})
Completed: amazon_style_ccc_features_securebert_fold_1 (rep 2)

--------------------------------------
Running model: GCN
Dataset: amazon_style_ccc_features_securebert_fold_2
Repetition: 2
--------------------------------------
use device: cpu
Namespace(data='amazon_style_ccc_features_securebert_fold_2', model_path='model.pt', train_iter_n=50, cuda=0, checkpoint='', epochs=100, patience=3, n_layers=2, n_heads=[4], dropout=0.5, model='GCN', lr=0.0001, weight_decay=0.0, batch_size=1024, edge_sample_ratio=1, test_with_CPU=False, decoder='dismult', feat_type=1)
args.feat_type 1
sys_path ['/home/simonettos/homhetgnn/HGB/LP/benchmark/methods/GNN', '/home/simonettos/homhetgnn/sbatches', '/home/simonettos/homhetgnn/HGB/LP/benchmark/methods/baseline', '/home/simonettos/homhetgnn/HGB/LP/benchmark', '/home/simonettos/homhetgnn/HGB/LP/benchmark/methods/GNN', '/home/simonettos/homhetgnn/HGB/LP/benchmark/methods/GNN/utils', '/home/simonettos/homhetgnn/HGB/LP/benchmark/methods/GNN/models', '/deepstore/software/anaconda3/2022.05/lib/python39.zip', '/deepstore/software/anaconda3/2022.05/lib/python3.9', '/deepstore/software/anaconda3/2022.05/lib/python3.9/lib-dynload', '/home/simonettos/homhetgnn/gpuvenv/lib/python3.9/site-packages', '../../', '../../']
Data path: /home/simonettos/homhetgnn/HGB/LP/benchmark/data/amazon_style_ccc_features_securebert_fold_2
Loading nodes from /home/simonettos/homhetgnn/HGB/LP/benchmark/data/amazon_style_ccc_features_securebert_fold_2/node.dat
edge types: dict_keys([5, 8, 6, 4, 7, 3, 2, 0, 10, 1, 9])
Getting training negative samples for edge types: [6]
nodes.shift keys: [0, 1, 2]
nodes.count keys: [0, 1, 2]
links.meta: {5: (0, 2), 8: (2, 2), 6: (2, 1), 4: (2, 2), 7: (1, 1), 3: (1, 1), 2: (2, 2), 0: (1, 1), 10: (2, 2), 1: (2, 2), 9: (2, 2)}
t_type about to use: 1
h_type: 2
shift dict: {0: 0, 1: 19264, 2: 19822}
count dict: Counter({0: 19264, 2: 940, 1: 558})
Generated 904 negative samples for edge type 6
Info: load amazon_style_ccc_features_securebert_fold_2 from original data and generate /home/simonettos/homhetgnn/HGB/LP/benchmark/data/amazon_style_ccc_features_securebert_fold_2/dl_pickle 
edge types: [6]
dataset: amazon_style_ccc_features_securebert_fold_2, eval_type: 6
epoch 0 | batch 0 |train loss 0.6912667751312256
Valid: loss 0.7168679237365723, score:{'roc_auc': 0.6583522297808012, 'MRR': 0.8387681159420289}
Saving model
epoch 0 | batch 1 |train loss 0.6756680607795715
epoch 1 | batch 0 |train loss 0.7237634062767029
Valid: loss 0.7918736338615417, score:{'roc_auc': 0.6402116402116402, 'MRR': 0.8315217391304348}
EarlyStopping counter: 1 out of 3
epoch 1 | batch 1 |train loss 0.6501299738883972
epoch 2 | batch 0 |train loss 0.6328489184379578
Valid: loss 0.7278352379798889, score:{'roc_auc': 0.6837994457042076, 'MRR': 0.8496376811594202}
EarlyStopping counter: 2 out of 3
epoch 2 | batch 1 |train loss 0.6583819389343262
epoch 3 | batch 0 |train loss 0.6168238520622253
Valid: loss 0.6782349348068237, score:{'roc_auc': 0.6895943562610228, 'MRR': 0.8387681159420289}
Saving model
epoch 3 | batch 1 |train loss 0.6048228740692139
epoch 4 | batch 0 |train loss 0.5954933762550354
Valid: loss 0.6923365592956543, score:{'roc_auc': 0.6324011085915848, 'MRR': 0.842391304347826}
EarlyStopping counter: 1 out of 3
epoch 4 | batch 1 |train loss 0.6001206040382385
epoch 5 | batch 0 |train loss 0.58994060754776
Valid: loss 0.6626204252243042, score:{'roc_auc': 0.6616276140085664, 'MRR': 0.8170289855072462}
Saving model
epoch 5 | batch 1 |train loss 0.5857151746749878
epoch 6 | batch 0 |train loss 0.5790940523147583
Valid: loss 0.6558864712715149, score:{'roc_auc': 0.6858150667674477, 'MRR': 0.8278985507246376}
Saving model
epoch 6 | batch 1 |train loss 0.5833045840263367
epoch 7 | batch 0 |train loss 0.5638179779052734
Valid: loss 0.6759418249130249, score:{'roc_auc': 0.6918619299571681, 'MRR': 0.8387681159420289}
EarlyStopping counter: 1 out of 3
epoch 7 | batch 1 |train loss 0.5664064288139343
epoch 8 | batch 0 |train loss 0.5775133371353149
Valid: loss 0.7045738101005554, score:{'roc_auc': 0.689846308893928, 'MRR': 0.8387681159420289}
EarlyStopping counter: 2 out of 3
epoch 8 | batch 1 |train loss 0.5647341012954712
epoch 9 | batch 0 |train loss 0.5656816363334656
Valid: loss 0.6964625716209412, score:{'roc_auc': 0.689846308893928, 'MRR': 0.8387681159420289}
Meta keys: dict_keys([6])
Data keys: dict_keys([6])
Edge type: 6, Meta: (2, 1)
Average links per head: 3.52
Median: 2.0, Min: 1, Max: 22
len test_list[0] 489
len test_list[1] 489
len test_label 489
2 hop test: loss 0.6964625716209412, score:{'roc_auc': 0.5046505403325638, 'MRR': 0.7669064748201438}
(array([0, 1]), array([243, 246]))
[0.35287964 0.46556893 0.6160166  0.55265915 0.63350767 0.41167042
 0.5112523  0.3873635  0.5744207  0.8186771  0.2844397  0.18228115
 0.4431278  0.86588496 0.8515019  0.3034603  0.26611888 0.25131083
 0.6875511  0.65207404]
Average links per head full random test: 1.49
Medianfull random test: 1.0, Min: 1, Max: 12
len test_list[0]full random test 492
len test_list[1]full random test 492
len test_label full random test 492
2 hop test: loss 0.6964625716209412, score:{'roc_auc': 0.5046505403325638, 'MRR': 0.7669064748201438}
edge type: 6, random_score: {'roc_auc': 0.726948245092207, 'MRR': 0.9628297362110311}, score: {'roc_auc': 0.5046505403325638, 'MRR': 0.7669064748201438}
ROC_AUC: 0.5046505403325638
Sec neigh test: score list: defaultdict(<class 'list'>, {'roc_auc': [0.5046505403325638], 'MRR': [0.7669064748201438]})
Random test: score list: defaultdict(<class 'list'>, {'roc_auc': [0.726948245092207], 'MRR': [0.9628297362110311]})
Sec neigh test:average score: defaultdict(<class 'list'>, {'roc_auc': 0.5047, 'MRR': 0.7669})
Random test: average score: defaultdict(<class 'list'>, {'roc_auc': 0.7269, 'MRR': 0.9628})
Completed: amazon_style_ccc_features_securebert_fold_2 (rep 2)

--------------------------------------
Running model: GCN
Dataset: amazon_style_ccc_features_securebert_fold_3
Repetition: 2
--------------------------------------
use device: cpu
Namespace(data='amazon_style_ccc_features_securebert_fold_3', model_path='model.pt', train_iter_n=50, cuda=0, checkpoint='', epochs=100, patience=3, n_layers=2, n_heads=[4], dropout=0.5, model='GCN', lr=0.0001, weight_decay=0.0, batch_size=1024, edge_sample_ratio=1, test_with_CPU=False, decoder='dismult', feat_type=1)
args.feat_type 1
sys_path ['/home/simonettos/homhetgnn/HGB/LP/benchmark/methods/GNN', '/home/simonettos/homhetgnn/sbatches', '/home/simonettos/homhetgnn/HGB/LP/benchmark/methods/baseline', '/home/simonettos/homhetgnn/HGB/LP/benchmark', '/home/simonettos/homhetgnn/HGB/LP/benchmark/methods/GNN', '/home/simonettos/homhetgnn/HGB/LP/benchmark/methods/GNN/utils', '/home/simonettos/homhetgnn/HGB/LP/benchmark/methods/GNN/models', '/deepstore/software/anaconda3/2022.05/lib/python39.zip', '/deepstore/software/anaconda3/2022.05/lib/python3.9', '/deepstore/software/anaconda3/2022.05/lib/python3.9/lib-dynload', '/home/simonettos/homhetgnn/gpuvenv/lib/python3.9/site-packages', '../../', '../../']
Data path: /home/simonettos/homhetgnn/HGB/LP/benchmark/data/amazon_style_ccc_features_securebert_fold_3
Loading nodes from /home/simonettos/homhetgnn/HGB/LP/benchmark/data/amazon_style_ccc_features_securebert_fold_3/node.dat
edge types: dict_keys([5, 8, 6, 4, 7, 3, 2, 0, 10, 1, 9])
Getting training negative samples for edge types: [6]
nodes.shift keys: [0, 1, 2]
nodes.count keys: [0, 1, 2]
links.meta: {5: (0, 2), 8: (2, 2), 6: (2, 1), 4: (2, 2), 7: (1, 1), 3: (1, 1), 2: (2, 2), 0: (1, 1), 10: (2, 2), 1: (2, 2), 9: (2, 2)}
t_type about to use: 1
h_type: 2
shift dict: {0: 0, 1: 19264, 2: 19822}
count dict: Counter({0: 19264, 2: 940, 1: 558})
Generated 899 negative samples for edge type 6
Info: load amazon_style_ccc_features_securebert_fold_3 from original data and generate /home/simonettos/homhetgnn/HGB/LP/benchmark/data/amazon_style_ccc_features_securebert_fold_3/dl_pickle 
edge types: [6]
dataset: amazon_style_ccc_features_securebert_fold_3, eval_type: 6
epoch 0 | batch 0 |train loss 0.7126966714859009
Valid: loss 0.8844969272613525, score:{'roc_auc': 0.6152681660899654, 'MRR': 0.8370370370370371}
Saving model
epoch 0 | batch 1 |train loss 0.7907383441925049
epoch 1 | batch 0 |train loss 0.617939293384552
Valid: loss 0.7784604430198669, score:{'roc_auc': 0.6866349480968857, 'MRR': 0.8296296296296295}
Saving model
epoch 1 | batch 1 |train loss 0.7848893404006958
epoch 2 | batch 0 |train loss 0.6396207213401794
Valid: loss 0.6991865038871765, score:{'roc_auc': 0.6738754325259515, 'MRR': 0.8296296296296295}
Saving model
epoch 2 | batch 1 |train loss 0.6594657301902771
epoch 3 | batch 0 |train loss 0.6063113212585449
Valid: loss 0.7504258751869202, score:{'roc_auc': 0.6632785467128027, 'MRR': 0.8407407407407407}
EarlyStopping counter: 1 out of 3
epoch 3 | batch 1 |train loss 0.6550520658493042
epoch 4 | batch 0 |train loss 0.5915334224700928
Valid: loss 0.6722809672355652, score:{'roc_auc': 0.6656574394463667, 'MRR': 0.8407407407407407}
Saving model
epoch 4 | batch 1 |train loss 0.6020559668540955
epoch 5 | batch 0 |train loss 0.5804970264434814
Valid: loss 0.6494278311729431, score:{'roc_auc': 0.694204152249135, 'MRR': 0.8370370370370371}
Saving model
epoch 5 | batch 1 |train loss 0.604758083820343
epoch 6 | batch 0 |train loss 0.5744909048080444
Valid: loss 0.6426461935043335, score:{'roc_auc': 0.6881487889273357, 'MRR': 0.8296296296296295}
Saving model
epoch 6 | batch 1 |train loss 0.5807742476463318
epoch 7 | batch 0 |train loss 0.5462626814842224
Valid: loss 0.6669771075248718, score:{'roc_auc': 0.6875, 'MRR': 0.8407407407407407}
EarlyStopping counter: 1 out of 3
epoch 7 | batch 1 |train loss 0.5879569053649902
epoch 8 | batch 0 |train loss 0.550979495048523
Valid: loss 0.6729241013526917, score:{'roc_auc': 0.6946366782006921, 'MRR': 0.8296296296296295}
EarlyStopping counter: 2 out of 3
epoch 8 | batch 1 |train loss 0.6004893779754639
epoch 9 | batch 0 |train loss 0.5476205348968506
Valid: loss 0.6581277847290039, score:{'roc_auc': 0.7054498269896193, 'MRR': 0.8296296296296295}
Meta keys: dict_keys([6])
Data keys: dict_keys([6])
Edge type: 6, Meta: (2, 1)
Average links per head: 3.48
Median: 2.0, Min: 2, Max: 22
len test_list[0] 490
len test_list[1] 490
len test_label 490
2 hop test: loss 0.6581277847290039, score:{'roc_auc': 0.5733610995418575, 'MRR': 0.7830969267139479}
(array([0, 1]), array([245, 245]))
[0.48586658 0.66811645 0.68174285 0.69089156 0.79438585 0.55648935
 0.65846425 0.71960324 0.7476495  0.7161211  0.21744974 0.44209427
 0.9482359  0.5259321  0.21559577 0.2588773  0.24552241 0.53329057
 0.78003734 0.36222902]
Average links per head full random test: 1.48
Medianfull random test: 1.0, Min: 1, Max: 12
len test_list[0]full random test 490
len test_list[1]full random test 490
len test_label full random test 490
2 hop test: loss 0.6581277847290039, score:{'roc_auc': 0.5733610995418575, 'MRR': 0.7830969267139479}
edge type: 6, random_score: {'roc_auc': 0.723331945022907, 'MRR': 0.975177304964539}, score: {'roc_auc': 0.5733610995418575, 'MRR': 0.7830969267139479}
ROC_AUC: 0.5733610995418575
Sec neigh test: score list: defaultdict(<class 'list'>, {'roc_auc': [0.5733610995418575], 'MRR': [0.7830969267139479]})
Random test: score list: defaultdict(<class 'list'>, {'roc_auc': [0.723331945022907], 'MRR': [0.975177304964539]})
Sec neigh test:average score: defaultdict(<class 'list'>, {'roc_auc': 0.5734, 'MRR': 0.7831})
Random test: average score: defaultdict(<class 'list'>, {'roc_auc': 0.7233, 'MRR': 0.9752})
Completed: amazon_style_ccc_features_securebert_fold_3 (rep 2)

--------------------------------------
Running model: GCN
Dataset: amazon_style_ccc_features_securebert_fold_4
Repetition: 2
--------------------------------------
use device: cpu
Namespace(data='amazon_style_ccc_features_securebert_fold_4', model_path='model.pt', train_iter_n=50, cuda=0, checkpoint='', epochs=100, patience=3, n_layers=2, n_heads=[4], dropout=0.5, model='GCN', lr=0.0001, weight_decay=0.0, batch_size=1024, edge_sample_ratio=1, test_with_CPU=False, decoder='dismult', feat_type=1)
args.feat_type 1
sys_path ['/home/simonettos/homhetgnn/HGB/LP/benchmark/methods/GNN', '/home/simonettos/homhetgnn/sbatches', '/home/simonettos/homhetgnn/HGB/LP/benchmark/methods/baseline', '/home/simonettos/homhetgnn/HGB/LP/benchmark', '/home/simonettos/homhetgnn/HGB/LP/benchmark/methods/GNN', '/home/simonettos/homhetgnn/HGB/LP/benchmark/methods/GNN/utils', '/home/simonettos/homhetgnn/HGB/LP/benchmark/methods/GNN/models', '/deepstore/software/anaconda3/2022.05/lib/python39.zip', '/deepstore/software/anaconda3/2022.05/lib/python3.9', '/deepstore/software/anaconda3/2022.05/lib/python3.9/lib-dynload', '/home/simonettos/homhetgnn/gpuvenv/lib/python3.9/site-packages', '../../', '../../']
Data path: /home/simonettos/homhetgnn/HGB/LP/benchmark/data/amazon_style_ccc_features_securebert_fold_4
Loading nodes from /home/simonettos/homhetgnn/HGB/LP/benchmark/data/amazon_style_ccc_features_securebert_fold_4/node.dat
edge types: dict_keys([5, 8, 6, 4, 7, 3, 2, 0, 10, 1, 9])
Getting training negative samples for edge types: [6]
nodes.shift keys: [0, 1, 2]
nodes.count keys: [0, 1, 2]
links.meta: {5: (0, 2), 8: (2, 2), 6: (2, 1), 4: (2, 2), 7: (1, 1), 3: (1, 1), 2: (2, 2), 0: (1, 1), 10: (2, 2), 1: (2, 2), 9: (2, 2)}
t_type about to use: 1
h_type: 2
shift dict: {0: 0, 1: 19264, 2: 19822}
count dict: Counter({0: 19264, 2: 940, 1: 558})
Generated 887 negative samples for edge type 6
Info: load amazon_style_ccc_features_securebert_fold_4 from original data and generate /home/simonettos/homhetgnn/HGB/LP/benchmark/data/amazon_style_ccc_features_securebert_fold_4/dl_pickle 
edge types: [6]
dataset: amazon_style_ccc_features_securebert_fold_4, eval_type: 6
epoch 0 | batch 0 |train loss 0.6914247870445251
Valid: loss 1.842704176902771, score:{'roc_auc': 0.5373455903476012, 'MRR': 0.8333333333333333}
Saving model
epoch 0 | batch 1 |train loss 1.0619946718215942
epoch 1 | batch 0 |train loss 0.6258567571640015
Valid: loss 0.91961669921875, score:{'roc_auc': 0.7055443837977594, 'MRR': 0.8914728682170542}
Saving model
epoch 1 | batch 1 |train loss 0.6933501958847046
epoch 2 | batch 0 |train loss 0.7430012226104736
Valid: loss 0.8971593976020813, score:{'roc_auc': 0.7121516805515656, 'MRR': 0.87984496124031}
Saving model
epoch 2 | batch 1 |train loss 0.6752132773399353
epoch 3 | batch 0 |train loss 0.6006454229354858
Valid: loss 0.7246634364128113, score:{'roc_auc': 0.7035334673944269, 'MRR': 0.8914728682170542}
Saving model
epoch 3 | batch 1 |train loss 0.6014214754104614
epoch 4 | batch 0 |train loss 0.6010759472846985
Valid: loss 0.7003121376037598, score:{'roc_auc': 0.7147371444987073, 'MRR': 0.87984496124031}
Saving model
epoch 4 | batch 1 |train loss 0.6234056353569031
epoch 5 | batch 0 |train loss 0.5830211043357849
Valid: loss 0.6458304524421692, score:{'roc_auc': 0.7305372019534617, 'MRR': 0.87984496124031}
Saving model
epoch 5 | batch 1 |train loss 0.5785226225852966
epoch 6 | batch 0 |train loss 0.5633068084716797
Valid: loss 0.6680594086647034, score:{'roc_auc': 0.7176098822177535, 'MRR': 0.9031007751937984}
EarlyStopping counter: 1 out of 3
epoch 6 | batch 1 |train loss 0.5725958943367004
epoch 7 | batch 0 |train loss 0.5722299218177795
Valid: loss 0.6685582995414734, score:{'roc_auc': 0.7239299051996553, 'MRR': 0.9031007751937984}
EarlyStopping counter: 2 out of 3
epoch 7 | batch 1 |train loss 0.5783354043960571
epoch 8 | batch 0 |train loss 0.5596762299537659
Valid: loss 0.6292746663093567, score:{'roc_auc': 0.7293881068658432, 'MRR': 0.9031007751937984}
Saving model
epoch 8 | batch 1 |train loss 0.5520788431167603
epoch 9 | batch 0 |train loss 0.5483753681182861
Valid: loss 0.6317713856697083, score:{'roc_auc': 0.7368572249353633, 'MRR': 0.87984496124031}
EarlyStopping counter: 1 out of 3
epoch 9 | batch 1 |train loss 0.5546825528144836
epoch 10 | batch 0 |train loss 0.5530701875686646
Valid: loss 0.6581234931945801, score:{'roc_auc': 0.7334099396725079, 'MRR': 0.87984496124031}
EarlyStopping counter: 2 out of 3
epoch 10 | batch 1 |train loss 0.5628067851066589
epoch 11 | batch 0 |train loss 0.5587186217308044
Valid: loss 0.6613125205039978, score:{'roc_auc': 0.7334099396725079, 'MRR': 0.87984496124031}
Meta keys: dict_keys([6])
Data keys: dict_keys([6])
Edge type: 6, Meta: (2, 1)
Average links per head: 3.69
Median: 2.0, Min: 1, Max: 32
len test_list[0] 531
len test_list[1] 531
len test_label 531
2 hop test: loss 0.6613125205039978, score:{'roc_auc': 0.49269399914881545, 'MRR': 0.7429398148148149}
(array([0, 1]), array([265, 266]))
[0.50738245 0.47591576 0.4635176  0.12371019 0.11119134 0.11631879
 0.854587   0.7232636  0.8618215  0.61014324 0.65499985 0.61464775
 0.03777464 0.85867965 0.14770876 0.41403478 0.9697798  0.5068985
 0.07298499 0.63651717]
Average links per head full random test: 1.55
Medianfull random test: 1.0, Min: 1, Max: 17
len test_list[0]full random test 532
len test_list[1]full random test 532
len test_label full random test 532
2 hop test: loss 0.6613125205039978, score:{'roc_auc': 0.49269399914881545, 'MRR': 0.7429398148148149}
edge type: 6, random_score: {'roc_auc': 0.6280739442591441, 'MRR': 0.9583333333333334}, score: {'roc_auc': 0.49269399914881545, 'MRR': 0.7429398148148149}
ROC_AUC: 0.49269399914881545
Sec neigh test: score list: defaultdict(<class 'list'>, {'roc_auc': [0.49269399914881545], 'MRR': [0.7429398148148149]})
Random test: score list: defaultdict(<class 'list'>, {'roc_auc': [0.6280739442591441], 'MRR': [0.9583333333333334]})
Sec neigh test:average score: defaultdict(<class 'list'>, {'roc_auc': 0.4927, 'MRR': 0.7429})
Random test: average score: defaultdict(<class 'list'>, {'roc_auc': 0.6281, 'MRR': 0.9583})
Completed: amazon_style_ccc_features_securebert_fold_4 (rep 2)

--------------------------------------
Running model: GCN
Dataset: amazon_style_ccc_features_securebert_fold_5
Repetition: 2
--------------------------------------
use device: cpu
Namespace(data='amazon_style_ccc_features_securebert_fold_5', model_path='model.pt', train_iter_n=50, cuda=0, checkpoint='', epochs=100, patience=3, n_layers=2, n_heads=[4], dropout=0.5, model='GCN', lr=0.0001, weight_decay=0.0, batch_size=1024, edge_sample_ratio=1, test_with_CPU=False, decoder='dismult', feat_type=1)
args.feat_type 1
sys_path ['/home/simonettos/homhetgnn/HGB/LP/benchmark/methods/GNN', '/home/simonettos/homhetgnn/sbatches', '/home/simonettos/homhetgnn/HGB/LP/benchmark/methods/baseline', '/home/simonettos/homhetgnn/HGB/LP/benchmark', '/home/simonettos/homhetgnn/HGB/LP/benchmark/methods/GNN', '/home/simonettos/homhetgnn/HGB/LP/benchmark/methods/GNN/utils', '/home/simonettos/homhetgnn/HGB/LP/benchmark/methods/GNN/models', '/deepstore/software/anaconda3/2022.05/lib/python39.zip', '/deepstore/software/anaconda3/2022.05/lib/python3.9', '/deepstore/software/anaconda3/2022.05/lib/python3.9/lib-dynload', '/home/simonettos/homhetgnn/gpuvenv/lib/python3.9/site-packages', '../../', '../../']
Data path: /home/simonettos/homhetgnn/HGB/LP/benchmark/data/amazon_style_ccc_features_securebert_fold_5
Loading nodes from /home/simonettos/homhetgnn/HGB/LP/benchmark/data/amazon_style_ccc_features_securebert_fold_5/node.dat
edge types: dict_keys([5, 8, 6, 4, 7, 3, 2, 0, 10, 1, 9])
Getting training negative samples for edge types: [6]
nodes.shift keys: [0, 1, 2]
nodes.count keys: [0, 1, 2]
links.meta: {5: (0, 2), 8: (2, 2), 6: (2, 1), 4: (2, 2), 7: (1, 1), 3: (1, 1), 2: (2, 2), 0: (1, 1), 10: (2, 2), 1: (2, 2), 9: (2, 2)}
t_type about to use: 1
h_type: 2
shift dict: {0: 0, 1: 19264, 2: 19822}
count dict: Counter({0: 19264, 2: 940, 1: 558})
Generated 897 negative samples for edge type 6
Info: load amazon_style_ccc_features_securebert_fold_5 from original data and generate /home/simonettos/homhetgnn/HGB/LP/benchmark/data/amazon_style_ccc_features_securebert_fold_5/dl_pickle 
edge types: [6]
dataset: amazon_style_ccc_features_securebert_fold_5, eval_type: 6
epoch 0 | batch 0 |train loss 0.7005481719970703
Valid: loss 0.6630458831787109, score:{'roc_auc': 0.7003567181926277, 'MRR': 0.8910256410256411}
Saving model
epoch 0 | batch 1 |train loss 0.6236096620559692
epoch 1 | batch 0 |train loss 0.6682601571083069
Valid: loss 0.7974716424942017, score:{'roc_auc': 0.6941141498216409, 'MRR': 0.8910256410256411}
EarlyStopping counter: 1 out of 3
epoch 1 | batch 1 |train loss 0.6496142745018005
epoch 2 | batch 0 |train loss 0.6698001623153687
Valid: loss 0.6997796297073364, score:{'roc_auc': 0.6982758620689655, 'MRR': 0.9038461538461539}
EarlyStopping counter: 2 out of 3
epoch 2 | batch 1 |train loss 0.6000017523765564
epoch 3 | batch 0 |train loss 0.6033540964126587
Valid: loss 0.6690038442611694, score:{'roc_auc': 0.6890606420927466, 'MRR': 0.9038461538461539}
Meta keys: dict_keys([6])
Data keys: dict_keys([6])
Edge type: 6, Meta: (2, 1)
Average links per head: 3.23
Median: 2.0, Min: 1, Max: 20
len test_list[0] 514
len test_list[1] 514
len test_label 514
2 hop test: loss 0.6690038442611694, score:{'roc_auc': 0.5377149951550388, 'MRR': 0.7423130677847659}
(array([0, 1]), array([256, 258]))
[0.52727747 0.49380878 0.45534328 0.39564908 0.4097325  0.542005
 0.46397445 0.50752157 0.898393   0.8241122  0.60291785 0.06883653
 0.26789033 0.9429034  0.708889   0.0690385  0.7336443  0.66515946
 0.13355498 0.1697923 ]
Average links per head full random test: 1.46
Medianfull random test: 1.0, Min: 1, Max: 11
len test_list[0]full random test 516
len test_list[1]full random test 516
len test_label full random test 516
2 hop test: loss 0.6690038442611694, score:{'roc_auc': 0.5377149951550388, 'MRR': 0.7423130677847659}
edge type: 6, random_score: {'roc_auc': 0.6406015263505799, 'MRR': 0.9591194968553459}, score: {'roc_auc': 0.5377149951550388, 'MRR': 0.7423130677847659}
ROC_AUC: 0.5377149951550388
Sec neigh test: score list: defaultdict(<class 'list'>, {'roc_auc': [0.5377149951550388], 'MRR': [0.7423130677847659]})
Random test: score list: defaultdict(<class 'list'>, {'roc_auc': [0.6406015263505799], 'MRR': [0.9591194968553459]})
Sec neigh test:average score: defaultdict(<class 'list'>, {'roc_auc': 0.5377, 'MRR': 0.7423})
Random test: average score: defaultdict(<class 'list'>, {'roc_auc': 0.6406, 'MRR': 0.9591})
Completed: amazon_style_ccc_features_securebert_fold_5 (rep 2)

=== Repetition 3/6 ===
--------------------------------------
Running model: GCN
Dataset: amazon_style_ccc_features_securebert_fold_1
Repetition: 3
--------------------------------------
use device: cpu
Namespace(data='amazon_style_ccc_features_securebert_fold_1', model_path='model.pt', train_iter_n=50, cuda=0, checkpoint='', epochs=100, patience=3, n_layers=2, n_heads=[4], dropout=0.5, model='GCN', lr=0.0001, weight_decay=0.0, batch_size=1024, edge_sample_ratio=1, test_with_CPU=False, decoder='dismult', feat_type=1)
args.feat_type 1
sys_path ['/home/simonettos/homhetgnn/HGB/LP/benchmark/methods/GNN', '/home/simonettos/homhetgnn/sbatches', '/home/simonettos/homhetgnn/HGB/LP/benchmark/methods/baseline', '/home/simonettos/homhetgnn/HGB/LP/benchmark', '/home/simonettos/homhetgnn/HGB/LP/benchmark/methods/GNN', '/home/simonettos/homhetgnn/HGB/LP/benchmark/methods/GNN/utils', '/home/simonettos/homhetgnn/HGB/LP/benchmark/methods/GNN/models', '/deepstore/software/anaconda3/2022.05/lib/python39.zip', '/deepstore/software/anaconda3/2022.05/lib/python3.9', '/deepstore/software/anaconda3/2022.05/lib/python3.9/lib-dynload', '/home/simonettos/homhetgnn/gpuvenv/lib/python3.9/site-packages', '../../', '../../']
Data path: /home/simonettos/homhetgnn/HGB/LP/benchmark/data/amazon_style_ccc_features_securebert_fold_1
Loading nodes from /home/simonettos/homhetgnn/HGB/LP/benchmark/data/amazon_style_ccc_features_securebert_fold_1/node.dat
edge types: dict_keys([5, 6, 4, 3, 7, 2, 1, 8, 0, 9, 10])
Getting training negative samples for edge types: [6]
nodes.shift keys: [0, 1, 2]
nodes.count keys: [0, 1, 2]
links.meta: {5: (0, 2), 6: (2, 1), 4: (2, 2), 3: (1, 1), 7: (1, 1), 2: (2, 2), 1: (2, 2), 8: (2, 2), 0: (1, 1), 9: (2, 2), 10: (2, 2)}
t_type about to use: 1
h_type: 2
shift dict: {0: 0, 1: 19264, 2: 19822}
count dict: Counter({0: 19264, 2: 940, 1: 558})
Generated 944 negative samples for edge type 6
Info: load amazon_style_ccc_features_securebert_fold_1 from original data and generate /home/simonettos/homhetgnn/HGB/LP/benchmark/data/amazon_style_ccc_features_securebert_fold_1/dl_pickle 
edge types: [6]
dataset: amazon_style_ccc_features_securebert_fold_1, eval_type: 6
epoch 0 | batch 0 |train loss 0.7079821825027466
Valid: loss 1.0424236059188843, score:{'roc_auc': 0.5442857142857143, 'MRR': 0.8532608695652174}
Saving model
epoch 0 | batch 1 |train loss 1.0514280796051025
epoch 1 | batch 0 |train loss 0.6515049338340759
Valid: loss 0.8149900436401367, score:{'roc_auc': 0.6383673469387755, 'MRR': 0.8170289855072465}
Saving model
epoch 1 | batch 1 |train loss 0.7235042452812195
epoch 2 | batch 0 |train loss 0.73787522315979
Valid: loss 0.8303954005241394, score:{'roc_auc': 0.6389795918367347, 'MRR': 0.8061594202898551}
EarlyStopping counter: 1 out of 3
epoch 2 | batch 1 |train loss 0.7195447087287903
epoch 3 | batch 0 |train loss 0.6276849508285522
Valid: loss 0.7110341191291809, score:{'roc_auc': 0.6640816326530613, 'MRR': 0.8278985507246377}
Saving model
epoch 3 | batch 1 |train loss 0.6047492027282715
epoch 4 | batch 0 |train loss 0.6268630623817444
Valid: loss 0.7157686948776245, score:{'roc_auc': 0.660408163265306, 'MRR': 0.8278985507246377}
EarlyStopping counter: 1 out of 3
epoch 4 | batch 1 |train loss 0.6260859966278076
epoch 5 | batch 0 |train loss 0.6319193243980408
Valid: loss 0.6693405508995056, score:{'roc_auc': 0.6783673469387755, 'MRR': 0.8278985507246377}
Saving model
epoch 5 | batch 1 |train loss 0.5915637016296387
epoch 6 | batch 0 |train loss 0.5869274735450745
Valid: loss 0.6560830473899841, score:{'roc_auc': 0.6636734693877552, 'MRR': 0.8152173913043478}
Saving model
epoch 6 | batch 1 |train loss 0.5806127190589905
epoch 7 | batch 0 |train loss 0.5835204720497131
Valid: loss 0.6756314635276794, score:{'roc_auc': 0.659591836734694, 'MRR': 0.8043478260869565}
EarlyStopping counter: 1 out of 3
epoch 7 | batch 1 |train loss 0.5946299433708191
epoch 8 | batch 0 |train loss 0.5859038233757019
Valid: loss 0.6635786890983582, score:{'roc_auc': 0.6704081632653062, 'MRR': 0.7934782608695652}
EarlyStopping counter: 2 out of 3
epoch 8 | batch 1 |train loss 0.5782113075256348
epoch 9 | batch 0 |train loss 0.5683008432388306
Valid: loss 0.6498745679855347, score:{'roc_auc': 0.6948979591836736, 'MRR': 0.7952898550724639}
Saving model
epoch 9 | batch 1 |train loss 0.5672082901000977
epoch 10 | batch 0 |train loss 0.5669309496879578
Valid: loss 0.6602950692176819, score:{'roc_auc': 0.703265306122449, 'MRR': 0.8061594202898551}
EarlyStopping counter: 1 out of 3
epoch 10 | batch 1 |train loss 0.5650818943977356
epoch 11 | batch 0 |train loss 0.5733078718185425
Valid: loss 0.6790770292282104, score:{'roc_auc': 0.7042857142857143, 'MRR': 0.8170289855072465}
EarlyStopping counter: 2 out of 3
epoch 11 | batch 1 |train loss 0.5704404711723328
epoch 12 | batch 0 |train loss 0.5727218389511108
Valid: loss 0.6794778108596802, score:{'roc_auc': 0.706734693877551, 'MRR': 0.8170289855072465}
Meta keys: dict_keys([6])
Data keys: dict_keys([6])
Edge type: 6, Meta: (2, 1)
Average links per head: 3.39
Median: 2.0, Min: 1, Max: 26
len test_list[0] 393
len test_list[1] 393
len test_label 393
2 hop test: loss 0.6794778108596802, score:{'roc_auc': 0.512095312095312, 'MRR': 0.7431034482758619}
(array([0, 1]), array([195, 198]))
[0.6342518  0.49381104 0.57142556 0.60973746 0.8658201  0.73682624
 0.63679993 0.5175823  0.7811606  0.43608764 0.57147247 0.5303595
 0.15828227 0.09323832 0.1975685  0.8992341  0.17134613 0.4279627
 0.7588572  0.8106233 ]
Average links per head full random test: 1.42
Medianfull random test: 1.0, Min: 1, Max: 14
len test_list[0]full random test 396
len test_list[1]full random test 396
len test_label full random test 396
2 hop test: loss 0.6794778108596802, score:{'roc_auc': 0.512095312095312, 'MRR': 0.7431034482758619}
edge type: 6, random_score: {'roc_auc': 0.6514896439138863, 'MRR': 0.9655172413793104}, score: {'roc_auc': 0.512095312095312, 'MRR': 0.7431034482758619}
ROC_AUC: 0.512095312095312
Sec neigh test: score list: defaultdict(<class 'list'>, {'roc_auc': [0.512095312095312], 'MRR': [0.7431034482758619]})
Random test: score list: defaultdict(<class 'list'>, {'roc_auc': [0.6514896439138863], 'MRR': [0.9655172413793104]})
Sec neigh test:average score: defaultdict(<class 'list'>, {'roc_auc': 0.5121, 'MRR': 0.7431})
Random test: average score: defaultdict(<class 'list'>, {'roc_auc': 0.6515, 'MRR': 0.9655})
Completed: amazon_style_ccc_features_securebert_fold_1 (rep 3)

--------------------------------------
Running model: GCN
Dataset: amazon_style_ccc_features_securebert_fold_2
Repetition: 3
--------------------------------------
use device: cpu
Namespace(data='amazon_style_ccc_features_securebert_fold_2', model_path='model.pt', train_iter_n=50, cuda=0, checkpoint='', epochs=100, patience=3, n_layers=2, n_heads=[4], dropout=0.5, model='GCN', lr=0.0001, weight_decay=0.0, batch_size=1024, edge_sample_ratio=1, test_with_CPU=False, decoder='dismult', feat_type=1)
args.feat_type 1
sys_path ['/home/simonettos/homhetgnn/HGB/LP/benchmark/methods/GNN', '/home/simonettos/homhetgnn/sbatches', '/home/simonettos/homhetgnn/HGB/LP/benchmark/methods/baseline', '/home/simonettos/homhetgnn/HGB/LP/benchmark', '/home/simonettos/homhetgnn/HGB/LP/benchmark/methods/GNN', '/home/simonettos/homhetgnn/HGB/LP/benchmark/methods/GNN/utils', '/home/simonettos/homhetgnn/HGB/LP/benchmark/methods/GNN/models', '/deepstore/software/anaconda3/2022.05/lib/python39.zip', '/deepstore/software/anaconda3/2022.05/lib/python3.9', '/deepstore/software/anaconda3/2022.05/lib/python3.9/lib-dynload', '/home/simonettos/homhetgnn/gpuvenv/lib/python3.9/site-packages', '../../', '../../']
Data path: /home/simonettos/homhetgnn/HGB/LP/benchmark/data/amazon_style_ccc_features_securebert_fold_2
Loading nodes from /home/simonettos/homhetgnn/HGB/LP/benchmark/data/amazon_style_ccc_features_securebert_fold_2/node.dat
edge types: dict_keys([5, 8, 6, 4, 7, 3, 2, 0, 10, 1, 9])
Getting training negative samples for edge types: [6]
nodes.shift keys: [0, 1, 2]
nodes.count keys: [0, 1, 2]
links.meta: {5: (0, 2), 8: (2, 2), 6: (2, 1), 4: (2, 2), 7: (1, 1), 3: (1, 1), 2: (2, 2), 0: (1, 1), 10: (2, 2), 1: (2, 2), 9: (2, 2)}
t_type about to use: 1
h_type: 2
shift dict: {0: 0, 1: 19264, 2: 19822}
count dict: Counter({0: 19264, 2: 940, 1: 558})
Generated 903 negative samples for edge type 6
Info: load amazon_style_ccc_features_securebert_fold_2 from original data and generate /home/simonettos/homhetgnn/HGB/LP/benchmark/data/amazon_style_ccc_features_securebert_fold_2/dl_pickle 
edge types: [6]
dataset: amazon_style_ccc_features_securebert_fold_2, eval_type: 6
epoch 0 | batch 0 |train loss 0.6886556148529053
Valid: loss 0.7121146321296692, score:{'roc_auc': 0.6591796875, 'MRR': 0.8125}
Saving model
epoch 0 | batch 1 |train loss 0.659364640712738
epoch 1 | batch 0 |train loss 0.7437376976013184
Valid: loss 0.8854265213012695, score:{'roc_auc': 0.674072265625, 'MRR': 0.8298611111111112}
EarlyStopping counter: 1 out of 3
epoch 1 | batch 1 |train loss 0.6544210314750671
epoch 2 | batch 0 |train loss 0.6522135138511658
Valid: loss 0.7135313749313354, score:{'roc_auc': 0.667724609375, 'MRR': 0.8125}
EarlyStopping counter: 2 out of 3
epoch 2 | batch 1 |train loss 0.6189559102058411
epoch 3 | batch 0 |train loss 0.6403742432594299
Valid: loss 0.6688511371612549, score:{'roc_auc': 0.67529296875, 'MRR': 0.8020833333333334}
Saving model
epoch 3 | batch 1 |train loss 0.584896445274353
epoch 4 | batch 0 |train loss 0.6063021421432495
Valid: loss 0.6983460783958435, score:{'roc_auc': 0.66162109375, 'MRR': 0.8125}
EarlyStopping counter: 1 out of 3
epoch 4 | batch 1 |train loss 0.5812056064605713
epoch 5 | batch 0 |train loss 0.6154052019119263
Valid: loss 0.6627662777900696, score:{'roc_auc': 0.681640625, 'MRR': 0.8229166666666666}
Saving model
epoch 5 | batch 1 |train loss 0.5638032555580139
epoch 6 | batch 0 |train loss 0.5870301127433777
Valid: loss 0.6461201906204224, score:{'roc_auc': 0.70068359375, 'MRR': 0.8229166666666666}
Saving model
epoch 6 | batch 1 |train loss 0.5511199235916138
epoch 7 | batch 0 |train loss 0.5824097990989685
Valid: loss 0.6711941957473755, score:{'roc_auc': 0.710205078125, 'MRR': 0.8333333333333334}
EarlyStopping counter: 1 out of 3
epoch 7 | batch 1 |train loss 0.5448991656303406
epoch 8 | batch 0 |train loss 0.5961857438087463
Valid: loss 0.7108097076416016, score:{'roc_auc': 0.71044921875, 'MRR': 0.8333333333333334}
EarlyStopping counter: 2 out of 3
epoch 8 | batch 1 |train loss 0.5485482811927795
epoch 9 | batch 0 |train loss 0.5968869924545288
Valid: loss 0.6898251175880432, score:{'roc_auc': 0.71142578125, 'MRR': 0.8333333333333334}
Meta keys: dict_keys([6])
Data keys: dict_keys([6])
Edge type: 6, Meta: (2, 1)
Average links per head: 3.52
Median: 2.0, Min: 1, Max: 22
len test_list[0] 489
len test_list[1] 489
len test_label 489
2 hop test: loss 0.6898251175880432, score:{'roc_auc': 0.49705577302686604, 'MRR': 0.7534258307639603}
(array([0, 1]), array([243, 246]))
[0.31457922 0.454865   0.606794   0.6062709  0.65264004 0.41192487
 0.5658905  0.30437332 0.66213435 0.8851271  0.20917794 0.16079709
 0.35934293 0.9313228  0.83183444 0.24670856 0.24980073 0.23787585
 0.6689925  0.8541599 ]
Average links per head full random test: 1.49
Medianfull random test: 1.0, Min: 1, Max: 12
len test_list[0]full random test 492
len test_list[1]full random test 492
len test_label full random test 492
2 hop test: loss 0.6898251175880432, score:{'roc_auc': 0.49705577302686604, 'MRR': 0.7534258307639603}
edge type: 6, random_score: {'roc_auc': 0.7148687950294137, 'MRR': 0.9592326139088727}, score: {'roc_auc': 0.49705577302686604, 'MRR': 0.7534258307639603}
ROC_AUC: 0.49705577302686604
Sec neigh test: score list: defaultdict(<class 'list'>, {'roc_auc': [0.49705577302686604], 'MRR': [0.7534258307639603]})
Random test: score list: defaultdict(<class 'list'>, {'roc_auc': [0.7148687950294137], 'MRR': [0.9592326139088727]})
Sec neigh test:average score: defaultdict(<class 'list'>, {'roc_auc': 0.4971, 'MRR': 0.7534})
Random test: average score: defaultdict(<class 'list'>, {'roc_auc': 0.7149, 'MRR': 0.9592})
Completed: amazon_style_ccc_features_securebert_fold_2 (rep 3)

--------------------------------------
Running model: GCN
Dataset: amazon_style_ccc_features_securebert_fold_3
Repetition: 3
--------------------------------------
use device: cpu
Namespace(data='amazon_style_ccc_features_securebert_fold_3', model_path='model.pt', train_iter_n=50, cuda=0, checkpoint='', epochs=100, patience=3, n_layers=2, n_heads=[4], dropout=0.5, model='GCN', lr=0.0001, weight_decay=0.0, batch_size=1024, edge_sample_ratio=1, test_with_CPU=False, decoder='dismult', feat_type=1)
args.feat_type 1
sys_path ['/home/simonettos/homhetgnn/HGB/LP/benchmark/methods/GNN', '/home/simonettos/homhetgnn/sbatches', '/home/simonettos/homhetgnn/HGB/LP/benchmark/methods/baseline', '/home/simonettos/homhetgnn/HGB/LP/benchmark', '/home/simonettos/homhetgnn/HGB/LP/benchmark/methods/GNN', '/home/simonettos/homhetgnn/HGB/LP/benchmark/methods/GNN/utils', '/home/simonettos/homhetgnn/HGB/LP/benchmark/methods/GNN/models', '/deepstore/software/anaconda3/2022.05/lib/python39.zip', '/deepstore/software/anaconda3/2022.05/lib/python3.9', '/deepstore/software/anaconda3/2022.05/lib/python3.9/lib-dynload', '/home/simonettos/homhetgnn/gpuvenv/lib/python3.9/site-packages', '../../', '../../']
Data path: /home/simonettos/homhetgnn/HGB/LP/benchmark/data/amazon_style_ccc_features_securebert_fold_3
Loading nodes from /home/simonettos/homhetgnn/HGB/LP/benchmark/data/amazon_style_ccc_features_securebert_fold_3/node.dat
edge types: dict_keys([5, 8, 6, 4, 7, 3, 2, 0, 10, 1, 9])
Getting training negative samples for edge types: [6]
nodes.shift keys: [0, 1, 2]
nodes.count keys: [0, 1, 2]
links.meta: {5: (0, 2), 8: (2, 2), 6: (2, 1), 4: (2, 2), 7: (1, 1), 3: (1, 1), 2: (2, 2), 0: (1, 1), 10: (2, 2), 1: (2, 2), 9: (2, 2)}
t_type about to use: 1
h_type: 2
shift dict: {0: 0, 1: 19264, 2: 19822}
count dict: Counter({0: 19264, 2: 940, 1: 558})
Generated 891 negative samples for edge type 6
Info: load amazon_style_ccc_features_securebert_fold_3 from original data and generate /home/simonettos/homhetgnn/HGB/LP/benchmark/data/amazon_style_ccc_features_securebert_fold_3/dl_pickle 
edge types: [6]
dataset: amazon_style_ccc_features_securebert_fold_3, eval_type: 6
epoch 0 | batch 0 |train loss 0.6973612308502197
Valid: loss 0.7525801658630371, score:{'roc_auc': 0.5616343490304709, 'MRR': 0.8566666666666666}
Saving model
epoch 0 | batch 1 |train loss 0.6866748332977295
epoch 1 | batch 0 |train loss 0.6830715537071228
Valid: loss 0.8992630839347839, score:{'roc_auc': 0.6329639889196675, 'MRR': 0.8366666666666667}
EarlyStopping counter: 1 out of 3
epoch 1 | batch 1 |train loss 0.7269068360328674
epoch 2 | batch 0 |train loss 0.6475709676742554
Valid: loss 0.7662695050239563, score:{'roc_auc': 0.6440443213296398, 'MRR': 0.8533333333333334}
EarlyStopping counter: 2 out of 3
epoch 2 | batch 1 |train loss 0.6075413227081299
epoch 3 | batch 0 |train loss 0.6628381013870239
Valid: loss 0.7293663024902344, score:{'roc_auc': 0.6350415512465374, 'MRR': 0.8433333333333334}
Saving model
epoch 3 | batch 1 |train loss 0.6097292900085449
epoch 4 | batch 0 |train loss 0.5795047283172607
Valid: loss 0.6930468678474426, score:{'roc_auc': 0.6570290858725762, 'MRR': 0.8340000000000001}
Saving model
epoch 4 | batch 1 |train loss 0.5790631175041199
epoch 5 | batch 0 |train loss 0.577728271484375
Valid: loss 0.7006094455718994, score:{'roc_auc': 0.6573753462603877, 'MRR': 0.8366666666666667}
EarlyStopping counter: 1 out of 3
epoch 5 | batch 1 |train loss 0.5961182713508606
epoch 6 | batch 0 |train loss 0.559310257434845
Valid: loss 0.6835982203483582, score:{'roc_auc': 0.6648199445983379, 'MRR': 0.8340000000000001}
Saving model
epoch 6 | batch 1 |train loss 0.5606610774993896
epoch 7 | batch 0 |train loss 0.5492905378341675
Valid: loss 0.7144586443901062, score:{'roc_auc': 0.6551246537396122, 'MRR': 0.8333333333333335}
EarlyStopping counter: 1 out of 3
epoch 7 | batch 1 |train loss 0.5505257248878479
epoch 8 | batch 0 |train loss 0.5406938791275024
Valid: loss 0.7869354486465454, score:{'roc_auc': 0.6594529085872576, 'MRR': 0.8333333333333335}
EarlyStopping counter: 2 out of 3
epoch 8 | batch 1 |train loss 0.553056001663208
epoch 9 | batch 0 |train loss 0.5430806875228882
Valid: loss 0.8296464681625366, score:{'roc_auc': 0.6641274238227146, 'MRR': 0.8333333333333335}
Meta keys: dict_keys([6])
Data keys: dict_keys([6])
Edge type: 6, Meta: (2, 1)
Average links per head: 3.48
Median: 2.0, Min: 2, Max: 22
len test_list[0] 490
len test_list[1] 490
len test_label 490
2 hop test: loss 0.8296464681625366, score:{'roc_auc': 0.5609745939192003, 'MRR': 0.7771867612293144}
(array([0, 1]), array([245, 245]))
[0.4821713  0.6623367  0.6569495  0.68250895 0.7875678  0.47233388
 0.6316469  0.48880994 0.733751   0.5449006  0.19391072 0.41250238
 0.8781718  0.5469368  0.19820048 0.17672989 0.20457481 0.48970217
 0.56464237 0.31591773]
Average links per head full random test: 1.48
Medianfull random test: 1.0, Min: 1, Max: 12
len test_list[0]full random test 490
len test_list[1]full random test 490
len test_label full random test 490
2 hop test: loss 0.8296464681625366, score:{'roc_auc': 0.5609745939192003, 'MRR': 0.7771867612293144}
edge type: 6, random_score: {'roc_auc': 0.7193669304456477, 'MRR': 0.9716312056737588}, score: {'roc_auc': 0.5609745939192003, 'MRR': 0.7771867612293144}
ROC_AUC: 0.5609745939192003
Sec neigh test: score list: defaultdict(<class 'list'>, {'roc_auc': [0.5609745939192003], 'MRR': [0.7771867612293144]})
Random test: score list: defaultdict(<class 'list'>, {'roc_auc': [0.7193669304456477], 'MRR': [0.9716312056737588]})
Sec neigh test:average score: defaultdict(<class 'list'>, {'roc_auc': 0.561, 'MRR': 0.7772})
Random test: average score: defaultdict(<class 'list'>, {'roc_auc': 0.7194, 'MRR': 0.9716})
Completed: amazon_style_ccc_features_securebert_fold_3 (rep 3)

--------------------------------------
Running model: GCN
Dataset: amazon_style_ccc_features_securebert_fold_4
Repetition: 3
--------------------------------------
use device: cpu
Namespace(data='amazon_style_ccc_features_securebert_fold_4', model_path='model.pt', train_iter_n=50, cuda=0, checkpoint='', epochs=100, patience=3, n_layers=2, n_heads=[4], dropout=0.5, model='GCN', lr=0.0001, weight_decay=0.0, batch_size=1024, edge_sample_ratio=1, test_with_CPU=False, decoder='dismult', feat_type=1)
args.feat_type 1
sys_path ['/home/simonettos/homhetgnn/HGB/LP/benchmark/methods/GNN', '/home/simonettos/homhetgnn/sbatches', '/home/simonettos/homhetgnn/HGB/LP/benchmark/methods/baseline', '/home/simonettos/homhetgnn/HGB/LP/benchmark', '/home/simonettos/homhetgnn/HGB/LP/benchmark/methods/GNN', '/home/simonettos/homhetgnn/HGB/LP/benchmark/methods/GNN/utils', '/home/simonettos/homhetgnn/HGB/LP/benchmark/methods/GNN/models', '/deepstore/software/anaconda3/2022.05/lib/python39.zip', '/deepstore/software/anaconda3/2022.05/lib/python3.9', '/deepstore/software/anaconda3/2022.05/lib/python3.9/lib-dynload', '/home/simonettos/homhetgnn/gpuvenv/lib/python3.9/site-packages', '../../', '../../']
Data path: /home/simonettos/homhetgnn/HGB/LP/benchmark/data/amazon_style_ccc_features_securebert_fold_4
Loading nodes from /home/simonettos/homhetgnn/HGB/LP/benchmark/data/amazon_style_ccc_features_securebert_fold_4/node.dat
edge types: dict_keys([5, 8, 6, 4, 7, 3, 2, 0, 10, 1, 9])
Getting training negative samples for edge types: [6]
nodes.shift keys: [0, 1, 2]
nodes.count keys: [0, 1, 2]
links.meta: {5: (0, 2), 8: (2, 2), 6: (2, 1), 4: (2, 2), 7: (1, 1), 3: (1, 1), 2: (2, 2), 0: (1, 1), 10: (2, 2), 1: (2, 2), 9: (2, 2)}
t_type about to use: 1
h_type: 2
shift dict: {0: 0, 1: 19264, 2: 19822}
count dict: Counter({0: 19264, 2: 940, 1: 558})
Generated 890 negative samples for edge type 6
Info: load amazon_style_ccc_features_securebert_fold_4 from original data and generate /home/simonettos/homhetgnn/HGB/LP/benchmark/data/amazon_style_ccc_features_securebert_fold_4/dl_pickle 
edge types: [6]
dataset: amazon_style_ccc_features_securebert_fold_4, eval_type: 6
epoch 0 | batch 0 |train loss 0.6991620063781738
Valid: loss 1.0347236394882202, score:{'roc_auc': 0.5385841836734694, 'MRR': 0.8098290598290598}
Saving model
epoch 0 | batch 1 |train loss 0.9110375642776489
epoch 1 | batch 0 |train loss 0.6825553178787231
Valid: loss 0.7852568626403809, score:{'roc_auc': 0.5596301020408163, 'MRR': 0.8341880341880341}
Saving model
epoch 1 | batch 1 |train loss 0.6995214223861694
epoch 2 | batch 0 |train loss 0.8082020282745361
Valid: loss 0.7832255959510803, score:{'roc_auc': 0.5685586734693878, 'MRR': 0.8341880341880341}
Saving model
epoch 2 | batch 1 |train loss 0.6630839705467224
epoch 3 | batch 0 |train loss 0.606121301651001
Valid: loss 0.8129639029502869, score:{'roc_auc': 0.5672831632653061, 'MRR': 0.8213675213675213}
EarlyStopping counter: 1 out of 3
epoch 3 | batch 1 |train loss 0.6107768416404724
epoch 4 | batch 0 |train loss 0.6308953166007996
Valid: loss 0.8219994306564331, score:{'roc_auc': 0.5519770408163265, 'MRR': 0.8354700854700854}
EarlyStopping counter: 2 out of 3
epoch 4 | batch 1 |train loss 0.6044434309005737
epoch 5 | batch 0 |train loss 0.6048564910888672
Valid: loss 0.7407665252685547, score:{'roc_auc': 0.5746173469387755, 'MRR': 0.797008547008547}
Saving model
epoch 5 | batch 1 |train loss 0.5739364624023438
epoch 6 | batch 0 |train loss 0.5934242010116577
Valid: loss 0.712121307849884, score:{'roc_auc': 0.5943877551020408, 'MRR': 0.7927350427350427}
Saving model
epoch 6 | batch 1 |train loss 0.5857856869697571
epoch 7 | batch 0 |train loss 0.591012716293335
Valid: loss 0.7225653529167175, score:{'roc_auc': 0.5943877551020409, 'MRR': 0.8354700854700854}
EarlyStopping counter: 1 out of 3
epoch 7 | batch 1 |train loss 0.5590980052947998
epoch 8 | batch 0 |train loss 0.5522409081459045
Valid: loss 0.7711276412010193, score:{'roc_auc': 0.5911989795918368, 'MRR': 0.847008547008547}
EarlyStopping counter: 2 out of 3
epoch 8 | batch 1 |train loss 0.5497830510139465
epoch 9 | batch 0 |train loss 0.5564301609992981
Valid: loss 0.8121040463447571, score:{'roc_auc': 0.5873724489795918, 'MRR': 0.8341880341880341}
Meta keys: dict_keys([6])
Data keys: dict_keys([6])
Edge type: 6, Meta: (2, 1)
Average links per head: 3.69
Median: 2.0, Min: 1, Max: 32
len test_list[0] 531
len test_list[1] 531
len test_label 531
2 hop test: loss 0.8121040463447571, score:{'roc_auc': 0.4927933040147539, 'MRR': 0.7506944444444444}
(array([0, 1]), array([265, 266]))
[0.45845535 0.50873667 0.756594   0.5475158  0.34994346 0.35291803
 0.6906795  0.5975005  0.96426046 0.34667784 0.55875856 0.45847183
 0.28722948 0.9544332  0.65695775 0.35084835 0.91406554 0.4697399
 0.09179474 0.78585833]
Average links per head full random test: 1.55
Medianfull random test: 1.0, Min: 1, Max: 17
len test_list[0]full random test 532
len test_list[1]full random test 532
len test_label full random test 532
2 hop test: loss 0.8121040463447571, score:{'roc_auc': 0.4927933040147539, 'MRR': 0.7506944444444444}
edge type: 6, random_score: {'roc_auc': 0.6750664254621517, 'MRR': 0.9606481481481483}, score: {'roc_auc': 0.4927933040147539, 'MRR': 0.7506944444444444}
ROC_AUC: 0.4927933040147539
Sec neigh test: score list: defaultdict(<class 'list'>, {'roc_auc': [0.4927933040147539], 'MRR': [0.7506944444444444]})
Random test: score list: defaultdict(<class 'list'>, {'roc_auc': [0.6750664254621517], 'MRR': [0.9606481481481483]})
Sec neigh test:average score: defaultdict(<class 'list'>, {'roc_auc': 0.4928, 'MRR': 0.7507})
Random test: average score: defaultdict(<class 'list'>, {'roc_auc': 0.6751, 'MRR': 0.9606})
Completed: amazon_style_ccc_features_securebert_fold_4 (rep 3)

--------------------------------------
Running model: GCN
Dataset: amazon_style_ccc_features_securebert_fold_5
Repetition: 3
--------------------------------------
use device: cpu
Namespace(data='amazon_style_ccc_features_securebert_fold_5', model_path='model.pt', train_iter_n=50, cuda=0, checkpoint='', epochs=100, patience=3, n_layers=2, n_heads=[4], dropout=0.5, model='GCN', lr=0.0001, weight_decay=0.0, batch_size=1024, edge_sample_ratio=1, test_with_CPU=False, decoder='dismult', feat_type=1)
args.feat_type 1
sys_path ['/home/simonettos/homhetgnn/HGB/LP/benchmark/methods/GNN', '/home/simonettos/homhetgnn/sbatches', '/home/simonettos/homhetgnn/HGB/LP/benchmark/methods/baseline', '/home/simonettos/homhetgnn/HGB/LP/benchmark', '/home/simonettos/homhetgnn/HGB/LP/benchmark/methods/GNN', '/home/simonettos/homhetgnn/HGB/LP/benchmark/methods/GNN/utils', '/home/simonettos/homhetgnn/HGB/LP/benchmark/methods/GNN/models', '/deepstore/software/anaconda3/2022.05/lib/python39.zip', '/deepstore/software/anaconda3/2022.05/lib/python3.9', '/deepstore/software/anaconda3/2022.05/lib/python3.9/lib-dynload', '/home/simonettos/homhetgnn/gpuvenv/lib/python3.9/site-packages', '../../', '../../']
Data path: /home/simonettos/homhetgnn/HGB/LP/benchmark/data/amazon_style_ccc_features_securebert_fold_5
Loading nodes from /home/simonettos/homhetgnn/HGB/LP/benchmark/data/amazon_style_ccc_features_securebert_fold_5/node.dat
edge types: dict_keys([5, 8, 6, 4, 7, 3, 2, 0, 10, 1, 9])
Getting training negative samples for edge types: [6]
nodes.shift keys: [0, 1, 2]
nodes.count keys: [0, 1, 2]
links.meta: {5: (0, 2), 8: (2, 2), 6: (2, 1), 4: (2, 2), 7: (1, 1), 3: (1, 1), 2: (2, 2), 0: (1, 1), 10: (2, 2), 1: (2, 2), 9: (2, 2)}
t_type about to use: 1
h_type: 2
shift dict: {0: 0, 1: 19264, 2: 19822}
count dict: Counter({0: 19264, 2: 940, 1: 558})
Generated 899 negative samples for edge type 6
Info: load amazon_style_ccc_features_securebert_fold_5 from original data and generate /home/simonettos/homhetgnn/HGB/LP/benchmark/data/amazon_style_ccc_features_securebert_fold_5/dl_pickle 
edge types: [6]
dataset: amazon_style_ccc_features_securebert_fold_5, eval_type: 6
epoch 0 | batch 0 |train loss 0.6844220757484436
Valid: loss 0.7011145353317261, score:{'roc_auc': 0.6339285714285714, 'MRR': 0.8055555555555556}
Saving model
epoch 0 | batch 1 |train loss 0.6458606123924255
epoch 1 | batch 0 |train loss 0.7129899263381958
Valid: loss 0.8778315782546997, score:{'roc_auc': 0.6122448979591837, 'MRR': 0.8174603174603176}
EarlyStopping counter: 1 out of 3
epoch 1 | batch 1 |train loss 0.6337184309959412
epoch 2 | batch 0 |train loss 0.6375054121017456
Valid: loss 0.7056298851966858, score:{'roc_auc': 0.6591198979591836, 'MRR': 0.8055555555555556}
EarlyStopping counter: 2 out of 3
epoch 2 | batch 1 |train loss 0.638013482093811
epoch 3 | batch 0 |train loss 0.5920780897140503
Valid: loss 0.7763614058494568, score:{'roc_auc': 0.623405612244898, 'MRR': 0.8055555555555556}
Meta keys: dict_keys([6])
Data keys: dict_keys([6])
Edge type: 6, Meta: (2, 1)
Average links per head: 3.23
Median: 2.0, Min: 1, Max: 20
len test_list[0] 514
len test_list[1] 514
len test_label 514
2 hop test: loss 0.7763614058494568, score:{'roc_auc': 0.5106286337209303, 'MRR': 0.743885394828791}
(array([0, 1]), array([256, 258]))
[0.55537957 0.5161911  0.48580194 0.44197223 0.42870387 0.59318316
 0.5082839  0.5391904  0.98252535 0.9585584  0.81329924 0.19356003
 0.33803147 0.99028933 0.92742395 0.28537798 0.81687874 0.97577477
 0.22198512 0.44095543]
Average links per head full random test: 1.46
Medianfull random test: 1.0, Min: 1, Max: 11
len test_list[0]full random test 516
len test_list[1]full random test 516
len test_label full random test 516
2 hop test: loss 0.7763614058494568, score:{'roc_auc': 0.5106286337209303, 'MRR': 0.743885394828791}
edge type: 6, random_score: {'roc_auc': 0.6574424613905416, 'MRR': 0.9612159329140461}, score: {'roc_auc': 0.5106286337209303, 'MRR': 0.743885394828791}
ROC_AUC: 0.5106286337209303
Sec neigh test: score list: defaultdict(<class 'list'>, {'roc_auc': [0.5106286337209303], 'MRR': [0.743885394828791]})
Random test: score list: defaultdict(<class 'list'>, {'roc_auc': [0.6574424613905416], 'MRR': [0.9612159329140461]})
Sec neigh test:average score: defaultdict(<class 'list'>, {'roc_auc': 0.5106, 'MRR': 0.7439})
Random test: average score: defaultdict(<class 'list'>, {'roc_auc': 0.6574, 'MRR': 0.9612})
Completed: amazon_style_ccc_features_securebert_fold_5 (rep 3)

=== Repetition 4/6 ===
--------------------------------------
Running model: GCN
Dataset: amazon_style_ccc_features_securebert_fold_1
Repetition: 4
--------------------------------------
use device: cpu
Namespace(data='amazon_style_ccc_features_securebert_fold_1', model_path='model.pt', train_iter_n=50, cuda=0, checkpoint='', epochs=100, patience=3, n_layers=2, n_heads=[4], dropout=0.5, model='GCN', lr=0.0001, weight_decay=0.0, batch_size=1024, edge_sample_ratio=1, test_with_CPU=False, decoder='dismult', feat_type=1)
args.feat_type 1
sys_path ['/home/simonettos/homhetgnn/HGB/LP/benchmark/methods/GNN', '/home/simonettos/homhetgnn/sbatches', '/home/simonettos/homhetgnn/HGB/LP/benchmark/methods/baseline', '/home/simonettos/homhetgnn/HGB/LP/benchmark', '/home/simonettos/homhetgnn/HGB/LP/benchmark/methods/GNN', '/home/simonettos/homhetgnn/HGB/LP/benchmark/methods/GNN/utils', '/home/simonettos/homhetgnn/HGB/LP/benchmark/methods/GNN/models', '/deepstore/software/anaconda3/2022.05/lib/python39.zip', '/deepstore/software/anaconda3/2022.05/lib/python3.9', '/deepstore/software/anaconda3/2022.05/lib/python3.9/lib-dynload', '/home/simonettos/homhetgnn/gpuvenv/lib/python3.9/site-packages', '../../', '../../']
Data path: /home/simonettos/homhetgnn/HGB/LP/benchmark/data/amazon_style_ccc_features_securebert_fold_1
Loading nodes from /home/simonettos/homhetgnn/HGB/LP/benchmark/data/amazon_style_ccc_features_securebert_fold_1/node.dat
edge types: dict_keys([5, 6, 4, 3, 7, 2, 1, 8, 0, 9, 10])
Getting training negative samples for edge types: [6]
nodes.shift keys: [0, 1, 2]
nodes.count keys: [0, 1, 2]
links.meta: {5: (0, 2), 6: (2, 1), 4: (2, 2), 3: (1, 1), 7: (1, 1), 2: (2, 2), 1: (2, 2), 8: (2, 2), 0: (1, 1), 9: (2, 2), 10: (2, 2)}
t_type about to use: 1
h_type: 2
shift dict: {0: 0, 1: 19264, 2: 19822}
count dict: Counter({0: 19264, 2: 940, 1: 558})
Generated 941 negative samples for edge type 6
Info: load amazon_style_ccc_features_securebert_fold_1 from original data and generate /home/simonettos/homhetgnn/HGB/LP/benchmark/data/amazon_style_ccc_features_securebert_fold_1/dl_pickle 
edge types: [6]
dataset: amazon_style_ccc_features_securebert_fold_1, eval_type: 6
epoch 0 | batch 0 |train loss 0.7249549031257629
Valid: loss 1.31076979637146, score:{'roc_auc': 0.5292737849502722, 'MRR': 0.7347517730496453}
Saving model
epoch 0 | batch 1 |train loss 0.8051325082778931
epoch 1 | batch 0 |train loss 0.6373981237411499
Valid: loss 0.9578747749328613, score:{'roc_auc': 0.5227059485832238, 'MRR': 0.7695035460992907}
Saving model
epoch 1 | batch 1 |train loss 0.6634988188743591
epoch 2 | batch 0 |train loss 0.699008047580719
Valid: loss 0.9947960376739502, score:{'roc_auc': 0.5165134171514356, 'MRR': 0.748936170212766}
EarlyStopping counter: 1 out of 3
epoch 2 | batch 1 |train loss 0.6299563050270081
epoch 3 | batch 0 |train loss 0.6107168793678284
Valid: loss 1.1278069019317627, score:{'roc_auc': 0.5611747044473634, 'MRR': 0.7382978723404255}
EarlyStopping counter: 2 out of 3
epoch 3 | batch 1 |train loss 0.6073028445243835
epoch 4 | batch 0 |train loss 0.6394007205963135
Valid: loss 1.110491394996643, score:{'roc_auc': 0.5641771439294427, 'MRR': 0.7453900709219857}
Meta keys: dict_keys([6])
Data keys: dict_keys([6])
Edge type: 6, Meta: (2, 1)
Average links per head: 3.39
Median: 2.0, Min: 1, Max: 26
len test_list[0] 393
len test_list[1] 393
len test_label 393
2 hop test: loss 1.110491394996643, score:{'roc_auc': 0.47627557627557626, 'MRR': 0.7416666666666667}
(array([0, 1]), array([195, 198]))
[0.71289366 0.5222118  0.6669871  0.66658646 0.99631894 0.9865339
 0.9796411  0.92449766 0.986147   0.65699816 0.84882706 0.33508795
 0.35529846 0.21395859 0.69076926 0.990871   0.30145034 0.82177633
 0.6898437  0.72618604]
Average links per head full random test: 1.42
Medianfull random test: 1.0, Min: 1, Max: 14
len test_list[0]full random test 396
len test_list[1]full random test 396
len test_label full random test 396
2 hop test: loss 1.110491394996643, score:{'roc_auc': 0.47627557627557626, 'MRR': 0.7416666666666667}
edge type: 6, random_score: {'roc_auc': 0.6830425466789103, 'MRR': 0.9655172413793104}, score: {'roc_auc': 0.47627557627557626, 'MRR': 0.7416666666666667}
ROC_AUC: 0.47627557627557626
Sec neigh test: score list: defaultdict(<class 'list'>, {'roc_auc': [0.47627557627557626], 'MRR': [0.7416666666666667]})
Random test: score list: defaultdict(<class 'list'>, {'roc_auc': [0.6830425466789103], 'MRR': [0.9655172413793104]})
Sec neigh test:average score: defaultdict(<class 'list'>, {'roc_auc': 0.4763, 'MRR': 0.7417})
Random test: average score: defaultdict(<class 'list'>, {'roc_auc': 0.683, 'MRR': 0.9655})
Completed: amazon_style_ccc_features_securebert_fold_1 (rep 4)

--------------------------------------
Running model: GCN
Dataset: amazon_style_ccc_features_securebert_fold_2
Repetition: 4
--------------------------------------
use device: cpu
Namespace(data='amazon_style_ccc_features_securebert_fold_2', model_path='model.pt', train_iter_n=50, cuda=0, checkpoint='', epochs=100, patience=3, n_layers=2, n_heads=[4], dropout=0.5, model='GCN', lr=0.0001, weight_decay=0.0, batch_size=1024, edge_sample_ratio=1, test_with_CPU=False, decoder='dismult', feat_type=1)
args.feat_type 1
sys_path ['/home/simonettos/homhetgnn/HGB/LP/benchmark/methods/GNN', '/home/simonettos/homhetgnn/sbatches', '/home/simonettos/homhetgnn/HGB/LP/benchmark/methods/baseline', '/home/simonettos/homhetgnn/HGB/LP/benchmark', '/home/simonettos/homhetgnn/HGB/LP/benchmark/methods/GNN', '/home/simonettos/homhetgnn/HGB/LP/benchmark/methods/GNN/utils', '/home/simonettos/homhetgnn/HGB/LP/benchmark/methods/GNN/models', '/deepstore/software/anaconda3/2022.05/lib/python39.zip', '/deepstore/software/anaconda3/2022.05/lib/python3.9', '/deepstore/software/anaconda3/2022.05/lib/python3.9/lib-dynload', '/home/simonettos/homhetgnn/gpuvenv/lib/python3.9/site-packages', '../../', '../../']
Data path: /home/simonettos/homhetgnn/HGB/LP/benchmark/data/amazon_style_ccc_features_securebert_fold_2
Loading nodes from /home/simonettos/homhetgnn/HGB/LP/benchmark/data/amazon_style_ccc_features_securebert_fold_2/node.dat
edge types: dict_keys([5, 8, 6, 4, 7, 3, 2, 0, 10, 1, 9])
Getting training negative samples for edge types: [6]
nodes.shift keys: [0, 1, 2]
nodes.count keys: [0, 1, 2]
links.meta: {5: (0, 2), 8: (2, 2), 6: (2, 1), 4: (2, 2), 7: (1, 1), 3: (1, 1), 2: (2, 2), 0: (1, 1), 10: (2, 2), 1: (2, 2), 9: (2, 2)}
t_type about to use: 1
h_type: 2
shift dict: {0: 0, 1: 19264, 2: 19822}
count dict: Counter({0: 19264, 2: 940, 1: 558})
Generated 899 negative samples for edge type 6
Info: load amazon_style_ccc_features_securebert_fold_2 from original data and generate /home/simonettos/homhetgnn/HGB/LP/benchmark/data/amazon_style_ccc_features_securebert_fold_2/dl_pickle 
edge types: [6]
dataset: amazon_style_ccc_features_securebert_fold_2, eval_type: 6
epoch 0 | batch 0 |train loss 0.7146413922309875
Valid: loss 0.7202885746955872, score:{'roc_auc': 0.6468425605536332, 'MRR': 0.8673469387755102}
Saving model
epoch 0 | batch 1 |train loss 0.7187324166297913
epoch 1 | batch 0 |train loss 0.6503164172172546
Valid: loss 0.9130670428276062, score:{'roc_auc': 0.6215397923875432, 'MRR': 0.858843537414966}
EarlyStopping counter: 1 out of 3
epoch 1 | batch 1 |train loss 0.7008095979690552
epoch 2 | batch 0 |train loss 0.6741822957992554
Valid: loss 0.7946040034294128, score:{'roc_auc': 0.6401384083044982, 'MRR': 0.858843537414966}
EarlyStopping counter: 2 out of 3
epoch 2 | batch 1 |train loss 0.624213457107544
epoch 3 | batch 0 |train loss 0.6227788925170898
Valid: loss 0.7052627801895142, score:{'roc_auc': 0.6520328719723184, 'MRR': 0.8690476190476191}
Saving model
epoch 3 | batch 1 |train loss 0.6162407994270325
epoch 4 | batch 0 |train loss 0.6098484992980957
Valid: loss 0.6803045868873596, score:{'roc_auc': 0.6539792387543253, 'MRR': 0.858843537414966}
Saving model
epoch 4 | batch 1 |train loss 0.5906389951705933
epoch 5 | batch 0 |train loss 0.572208046913147
Valid: loss 0.6865708827972412, score:{'roc_auc': 0.6583044982698961, 'MRR': 0.826530612244898}
EarlyStopping counter: 1 out of 3
epoch 5 | batch 1 |train loss 0.5707345604896545
epoch 6 | batch 0 |train loss 0.5731924176216125
Valid: loss 0.68707275390625, score:{'roc_auc': 0.6589532871972318, 'MRR': 0.8248299319727891}
EarlyStopping counter: 2 out of 3
epoch 6 | batch 1 |train loss 0.570951521396637
epoch 7 | batch 0 |train loss 0.5572072267532349
Valid: loss 0.6656776070594788, score:{'roc_auc': 0.6580882352941176, 'MRR': 0.8248299319727891}
Saving model
epoch 7 | batch 1 |train loss 0.5541529059410095
epoch 8 | batch 0 |train loss 0.5635448694229126
Valid: loss 0.6588709354400635, score:{'roc_auc': 0.6704152249134948, 'MRR': 0.8136054421768706}
Saving model
epoch 8 | batch 1 |train loss 0.5473703742027283
epoch 9 | batch 0 |train loss 0.5659828186035156
Valid: loss 0.6670240163803101, score:{'roc_auc': 0.6721453287197231, 'MRR': 0.8170068027210884}
EarlyStopping counter: 1 out of 3
epoch 9 | batch 1 |train loss 0.5468363761901855
epoch 10 | batch 0 |train loss 0.5739960670471191
Valid: loss 0.6697624921798706, score:{'roc_auc': 0.6697664359861591, 'MRR': 0.8136054421768706}
EarlyStopping counter: 2 out of 3
epoch 10 | batch 1 |train loss 0.5435985326766968
epoch 11 | batch 0 |train loss 0.5580408573150635
Valid: loss 0.670287013053894, score:{'roc_auc': 0.6704152249134948, 'MRR': 0.814625850340136}
Meta keys: dict_keys([6])
Data keys: dict_keys([6])
Edge type: 6, Meta: (2, 1)
Average links per head: 3.52
Median: 2.0, Min: 1, Max: 22
len test_list[0] 489
len test_list[1] 489
len test_label 489
2 hop test: loss 0.670287013053894, score:{'roc_auc': 0.5083810097360233, 'MRR': 0.7702238209432454}
(array([0, 1]), array([243, 246]))
[0.24711455 0.43040672 0.6015107  0.48401213 0.6543095  0.31844157
 0.41815686 0.32847196 0.53761137 0.6545704  0.10840102 0.06823386
 0.23534432 0.95061964 0.92525786 0.16618705 0.15621513 0.16583893
 0.4314751  0.79511124]
Average links per head full random test: 1.49
Medianfull random test: 1.0, Min: 1, Max: 12
len test_list[0]full random test 492
len test_list[1]full random test 492
len test_label full random test 492
2 hop test: loss 0.670287013053894, score:{'roc_auc': 0.5083810097360233, 'MRR': 0.7702238209432454}
edge type: 6, random_score: {'roc_auc': 0.7111342454887963, 'MRR': 0.9700239808153476}, score: {'roc_auc': 0.5083810097360233, 'MRR': 0.7702238209432454}
ROC_AUC: 0.5083810097360233
Sec neigh test: score list: defaultdict(<class 'list'>, {'roc_auc': [0.5083810097360233], 'MRR': [0.7702238209432454]})
Random test: score list: defaultdict(<class 'list'>, {'roc_auc': [0.7111342454887963], 'MRR': [0.9700239808153476]})
Sec neigh test:average score: defaultdict(<class 'list'>, {'roc_auc': 0.5084, 'MRR': 0.7702})
Random test: average score: defaultdict(<class 'list'>, {'roc_auc': 0.7111, 'MRR': 0.97})
Completed: amazon_style_ccc_features_securebert_fold_2 (rep 4)

--------------------------------------
Running model: GCN
Dataset: amazon_style_ccc_features_securebert_fold_3
Repetition: 4
--------------------------------------
use device: cpu
Namespace(data='amazon_style_ccc_features_securebert_fold_3', model_path='model.pt', train_iter_n=50, cuda=0, checkpoint='', epochs=100, patience=3, n_layers=2, n_heads=[4], dropout=0.5, model='GCN', lr=0.0001, weight_decay=0.0, batch_size=1024, edge_sample_ratio=1, test_with_CPU=False, decoder='dismult', feat_type=1)
args.feat_type 1
sys_path ['/home/simonettos/homhetgnn/HGB/LP/benchmark/methods/GNN', '/home/simonettos/homhetgnn/sbatches', '/home/simonettos/homhetgnn/HGB/LP/benchmark/methods/baseline', '/home/simonettos/homhetgnn/HGB/LP/benchmark', '/home/simonettos/homhetgnn/HGB/LP/benchmark/methods/GNN', '/home/simonettos/homhetgnn/HGB/LP/benchmark/methods/GNN/utils', '/home/simonettos/homhetgnn/HGB/LP/benchmark/methods/GNN/models', '/deepstore/software/anaconda3/2022.05/lib/python39.zip', '/deepstore/software/anaconda3/2022.05/lib/python3.9', '/deepstore/software/anaconda3/2022.05/lib/python3.9/lib-dynload', '/home/simonettos/homhetgnn/gpuvenv/lib/python3.9/site-packages', '../../', '../../']
Data path: /home/simonettos/homhetgnn/HGB/LP/benchmark/data/amazon_style_ccc_features_securebert_fold_3
Loading nodes from /home/simonettos/homhetgnn/HGB/LP/benchmark/data/amazon_style_ccc_features_securebert_fold_3/node.dat
edge types: dict_keys([5, 8, 6, 4, 7, 3, 2, 0, 10, 1, 9])
Getting training negative samples for edge types: [6]
nodes.shift keys: [0, 1, 2]
nodes.count keys: [0, 1, 2]
links.meta: {5: (0, 2), 8: (2, 2), 6: (2, 1), 4: (2, 2), 7: (1, 1), 3: (1, 1), 2: (2, 2), 0: (1, 1), 10: (2, 2), 1: (2, 2), 9: (2, 2)}
t_type about to use: 1
h_type: 2
shift dict: {0: 0, 1: 19264, 2: 19822}
count dict: Counter({0: 19264, 2: 940, 1: 558})
Generated 895 negative samples for edge type 6
Info: load amazon_style_ccc_features_securebert_fold_3 from original data and generate /home/simonettos/homhetgnn/HGB/LP/benchmark/data/amazon_style_ccc_features_securebert_fold_3/dl_pickle 
edge types: [6]
dataset: amazon_style_ccc_features_securebert_fold_3, eval_type: 6
epoch 0 | batch 0 |train loss 0.7075451016426086
Valid: loss 1.2886748313903809, score:{'roc_auc': 0.5302854938271605, 'MRR': 0.8340579710144927}
Saving model
epoch 0 | batch 1 |train loss 0.9705937504768372
epoch 1 | batch 0 |train loss 0.7137711644172668
Valid: loss 0.9109468460083008, score:{'roc_auc': 0.5592206790123456, 'MRR': 0.8110766045548654}
Saving model
epoch 1 | batch 1 |train loss 0.6841463446617126
epoch 2 | batch 0 |train loss 0.8062161207199097
Valid: loss 0.9061712622642517, score:{'roc_auc': 0.5698302469135802, 'MRR': 0.8219461697722568}
Saving model
epoch 2 | batch 1 |train loss 0.646584689617157
epoch 3 | batch 0 |train loss 0.7394378185272217
Valid: loss 0.9145592451095581, score:{'roc_auc': 0.5771604938271605, 'MRR': 0.8224637681159421}
EarlyStopping counter: 1 out of 3
epoch 3 | batch 1 |train loss 0.5906631946563721
epoch 4 | batch 0 |train loss 0.6793670058250427
Valid: loss 0.8873879909515381, score:{'roc_auc': 0.5769675925925927, 'MRR': 0.8333333333333334}
Saving model
epoch 4 | batch 1 |train loss 0.5954188108444214
epoch 5 | batch 0 |train loss 0.6353861689567566
Valid: loss 0.758000910282135, score:{'roc_auc': 0.6163194444444445, 'MRR': 0.8442028985507247}
Saving model
epoch 5 | batch 1 |train loss 0.5667722821235657
epoch 6 | batch 0 |train loss 0.5902926921844482
Valid: loss 0.7019057869911194, score:{'roc_auc': 0.6329089506172839, 'MRR': 0.8436853002070394}
Saving model
epoch 6 | batch 1 |train loss 0.5916532278060913
epoch 7 | batch 0 |train loss 0.5988006591796875
Valid: loss 0.6985615491867065, score:{'roc_auc': 0.6442901234567902, 'MRR': 0.8436853002070394}
Saving model
epoch 7 | batch 1 |train loss 0.568212628364563
epoch 8 | batch 0 |train loss 0.574423611164093
Valid: loss 0.7382413148880005, score:{'roc_auc': 0.6284722222222223, 'MRR': 0.8442028985507247}
EarlyStopping counter: 1 out of 3
epoch 8 | batch 1 |train loss 0.5478119850158691
epoch 9 | batch 0 |train loss 0.5911176800727844
Valid: loss 0.7900568246841431, score:{'roc_auc': 0.6124614197530864, 'MRR': 0.8333333333333334}
EarlyStopping counter: 2 out of 3
epoch 9 | batch 1 |train loss 0.5397608876228333
epoch 10 | batch 0 |train loss 0.5958678722381592
Valid: loss 0.7910995483398438, score:{'roc_auc': 0.6153549382716049, 'MRR': 0.8333333333333334}
Meta keys: dict_keys([6])
Data keys: dict_keys([6])
Edge type: 6, Meta: (2, 1)
Average links per head: 3.48
Median: 2.0, Min: 2, Max: 22
len test_list[0] 490
len test_list[1] 490
len test_label 490
2 hop test: loss 0.7910995483398438, score:{'roc_auc': 0.5755268638067472, 'MRR': 0.8043735224586288}
(array([0, 1]), array([245, 245]))
[0.40891734 0.632776   0.65790915 0.64817    0.8998492  0.7039099
 0.78528297 0.82797486 0.85449725 0.6445046  0.3009579  0.6423944
 0.98889124 0.6740738  0.32637134 0.27742386 0.29646203 0.65658975
 0.8966083  0.47563118]
Average links per head full random test: 1.48
Medianfull random test: 1.0, Min: 1, Max: 12
len test_list[0]full random test 490
len test_list[1]full random test 490
len test_label full random test 490
2 hop test: loss 0.7910995483398438, score:{'roc_auc': 0.5755268638067472, 'MRR': 0.8043735224586288}
edge type: 6, random_score: {'roc_auc': 0.7395418575593503, 'MRR': 0.9716312056737588}, score: {'roc_auc': 0.5755268638067472, 'MRR': 0.8043735224586288}
ROC_AUC: 0.5755268638067472
Sec neigh test: score list: defaultdict(<class 'list'>, {'roc_auc': [0.5755268638067472], 'MRR': [0.8043735224586288]})
Random test: score list: defaultdict(<class 'list'>, {'roc_auc': [0.7395418575593503], 'MRR': [0.9716312056737588]})
Sec neigh test:average score: defaultdict(<class 'list'>, {'roc_auc': 0.5755, 'MRR': 0.8044})
Random test: average score: defaultdict(<class 'list'>, {'roc_auc': 0.7395, 'MRR': 0.9716})
Completed: amazon_style_ccc_features_securebert_fold_3 (rep 4)

--------------------------------------
Running model: GCN
Dataset: amazon_style_ccc_features_securebert_fold_4
Repetition: 4
--------------------------------------
use device: cpu
Namespace(data='amazon_style_ccc_features_securebert_fold_4', model_path='model.pt', train_iter_n=50, cuda=0, checkpoint='', epochs=100, patience=3, n_layers=2, n_heads=[4], dropout=0.5, model='GCN', lr=0.0001, weight_decay=0.0, batch_size=1024, edge_sample_ratio=1, test_with_CPU=False, decoder='dismult', feat_type=1)
args.feat_type 1
sys_path ['/home/simonettos/homhetgnn/HGB/LP/benchmark/methods/GNN', '/home/simonettos/homhetgnn/sbatches', '/home/simonettos/homhetgnn/HGB/LP/benchmark/methods/baseline', '/home/simonettos/homhetgnn/HGB/LP/benchmark', '/home/simonettos/homhetgnn/HGB/LP/benchmark/methods/GNN', '/home/simonettos/homhetgnn/HGB/LP/benchmark/methods/GNN/utils', '/home/simonettos/homhetgnn/HGB/LP/benchmark/methods/GNN/models', '/deepstore/software/anaconda3/2022.05/lib/python39.zip', '/deepstore/software/anaconda3/2022.05/lib/python3.9', '/deepstore/software/anaconda3/2022.05/lib/python3.9/lib-dynload', '/home/simonettos/homhetgnn/gpuvenv/lib/python3.9/site-packages', '../../', '../../']
Data path: /home/simonettos/homhetgnn/HGB/LP/benchmark/data/amazon_style_ccc_features_securebert_fold_4
Loading nodes from /home/simonettos/homhetgnn/HGB/LP/benchmark/data/amazon_style_ccc_features_securebert_fold_4/node.dat
edge types: dict_keys([5, 8, 6, 4, 7, 3, 2, 0, 10, 1, 9])
Getting training negative samples for edge types: [6]
nodes.shift keys: [0, 1, 2]
nodes.count keys: [0, 1, 2]
links.meta: {5: (0, 2), 8: (2, 2), 6: (2, 1), 4: (2, 2), 7: (1, 1), 3: (1, 1), 2: (2, 2), 0: (1, 1), 10: (2, 2), 1: (2, 2), 9: (2, 2)}
t_type about to use: 1
h_type: 2
shift dict: {0: 0, 1: 19264, 2: 19822}
count dict: Counter({0: 19264, 2: 940, 1: 558})
Generated 887 negative samples for edge type 6
Info: load amazon_style_ccc_features_securebert_fold_4 from original data and generate /home/simonettos/homhetgnn/HGB/LP/benchmark/data/amazon_style_ccc_features_securebert_fold_4/dl_pickle 
edge types: [6]
dataset: amazon_style_ccc_features_securebert_fold_4, eval_type: 6
epoch 0 | batch 0 |train loss 0.7102097868919373
Valid: loss 1.1337802410125732, score:{'roc_auc': 0.553289284688308, 'MRR': 0.8011363636363636}
Saving model
epoch 0 | batch 1 |train loss 0.7412236928939819
epoch 1 | batch 0 |train loss 0.6379765272140503
Valid: loss 0.8753868937492371, score:{'roc_auc': 0.6067222062625682, 'MRR': 0.7897727272727273}
Saving model
epoch 1 | batch 1 |train loss 0.753147304058075
epoch 2 | batch 0 |train loss 0.6584292650222778
Valid: loss 0.8152817487716675, score:{'roc_auc': 0.6489514507325481, 'MRR': 0.8011363636363636}
Saving model
epoch 2 | batch 1 |train loss 0.6368757486343384
epoch 3 | batch 0 |train loss 0.661865234375
Valid: loss 0.9951863884925842, score:{'roc_auc': 0.6394714162596955, 'MRR': 0.8125}
EarlyStopping counter: 1 out of 3
epoch 3 | batch 1 |train loss 0.6156472563743591
epoch 4 | batch 0 |train loss 0.6680808067321777
Valid: loss 0.8428194522857666, score:{'roc_auc': 0.6426314277506464, 'MRR': 0.8011363636363636}
EarlyStopping counter: 2 out of 3
epoch 4 | batch 1 |train loss 0.5888978838920593
epoch 5 | batch 0 |train loss 0.5796384811401367
Valid: loss 0.6633743047714233, score:{'roc_auc': 0.6647515081873026, 'MRR': 0.8238636363636364}
Saving model
epoch 5 | batch 1 |train loss 0.5813701748847961
epoch 6 | batch 0 |train loss 0.574957013130188
Valid: loss 0.6674679517745972, score:{'roc_auc': 0.6753806377477736, 'MRR': 0.8238636363636364}
EarlyStopping counter: 1 out of 3
epoch 6 | batch 1 |train loss 0.5741552114486694
epoch 7 | batch 0 |train loss 0.5571799874305725
Valid: loss 0.6615651845932007, score:{'roc_auc': 0.6771042803792013, 'MRR': 0.8238636363636364}
Saving model
epoch 7 | batch 1 |train loss 0.5499964356422424
epoch 8 | batch 0 |train loss 0.5587112307548523
Valid: loss 0.7393192648887634, score:{'roc_auc': 0.6549841999425453, 'MRR': 0.8238636363636364}
EarlyStopping counter: 1 out of 3
epoch 8 | batch 1 |train loss 0.538239598274231
epoch 9 | batch 0 |train loss 0.5705873370170593
Valid: loss 0.7693127393722534, score:{'roc_auc': 0.6549841999425452, 'MRR': 0.8238636363636364}
EarlyStopping counter: 2 out of 3
epoch 9 | batch 1 |train loss 0.5449788570404053
epoch 10 | batch 0 |train loss 0.5651230812072754
Valid: loss 0.7261641621589661, score:{'roc_auc': 0.6719333524849181, 'MRR': 0.8238636363636364}
Meta keys: dict_keys([6])
Data keys: dict_keys([6])
Edge type: 6, Meta: (2, 1)
Average links per head: 3.69
Median: 2.0, Min: 1, Max: 32
len test_list[0] 531
len test_list[1] 531
len test_label 531
2 hop test: loss 0.7261641621589661, score:{'roc_auc': 0.488225280181586, 'MRR': 0.7340277777777777}
(array([0, 1]), array([265, 266]))
[0.5661721  0.5201259  0.5477898  0.21195157 0.17092837 0.20685464
 0.6718435  0.8741571  0.8977641  0.65902394 0.73265475 0.6587805
 0.08314417 0.8569617  0.57352483 0.49245358 0.94154376 0.6186645
 0.14511207 0.5686696 ]
Average links per head full random test: 1.55
Medianfull random test: 1.0, Min: 1, Max: 17
len test_list[0]full random test 532
len test_list[1]full random test 532
len test_label full random test 532
2 hop test: loss 0.7261641621589661, score:{'roc_auc': 0.488225280181586, 'MRR': 0.7340277777777777}
edge type: 6, random_score: {'roc_auc': 0.6495279552264119, 'MRR': 0.9618055555555556}, score: {'roc_auc': 0.488225280181586, 'MRR': 0.7340277777777777}
ROC_AUC: 0.488225280181586
Sec neigh test: score list: defaultdict(<class 'list'>, {'roc_auc': [0.488225280181586], 'MRR': [0.7340277777777777]})
Random test: score list: defaultdict(<class 'list'>, {'roc_auc': [0.6495279552264119], 'MRR': [0.9618055555555556]})
Sec neigh test:average score: defaultdict(<class 'list'>, {'roc_auc': 0.4882, 'MRR': 0.734})
Random test: average score: defaultdict(<class 'list'>, {'roc_auc': 0.6495, 'MRR': 0.9618})
Completed: amazon_style_ccc_features_securebert_fold_4 (rep 4)

--------------------------------------
Running model: GCN
Dataset: amazon_style_ccc_features_securebert_fold_5
Repetition: 4
--------------------------------------
use device: cpu
Namespace(data='amazon_style_ccc_features_securebert_fold_5', model_path='model.pt', train_iter_n=50, cuda=0, checkpoint='', epochs=100, patience=3, n_layers=2, n_heads=[4], dropout=0.5, model='GCN', lr=0.0001, weight_decay=0.0, batch_size=1024, edge_sample_ratio=1, test_with_CPU=False, decoder='dismult', feat_type=1)
args.feat_type 1
sys_path ['/home/simonettos/homhetgnn/HGB/LP/benchmark/methods/GNN', '/home/simonettos/homhetgnn/sbatches', '/home/simonettos/homhetgnn/HGB/LP/benchmark/methods/baseline', '/home/simonettos/homhetgnn/HGB/LP/benchmark', '/home/simonettos/homhetgnn/HGB/LP/benchmark/methods/GNN', '/home/simonettos/homhetgnn/HGB/LP/benchmark/methods/GNN/utils', '/home/simonettos/homhetgnn/HGB/LP/benchmark/methods/GNN/models', '/deepstore/software/anaconda3/2022.05/lib/python39.zip', '/deepstore/software/anaconda3/2022.05/lib/python3.9', '/deepstore/software/anaconda3/2022.05/lib/python3.9/lib-dynload', '/home/simonettos/homhetgnn/gpuvenv/lib/python3.9/site-packages', '../../', '../../']
Data path: /home/simonettos/homhetgnn/HGB/LP/benchmark/data/amazon_style_ccc_features_securebert_fold_5
Loading nodes from /home/simonettos/homhetgnn/HGB/LP/benchmark/data/amazon_style_ccc_features_securebert_fold_5/node.dat
edge types: dict_keys([5, 8, 6, 4, 7, 3, 2, 0, 10, 1, 9])
Getting training negative samples for edge types: [6]
nodes.shift keys: [0, 1, 2]
nodes.count keys: [0, 1, 2]
links.meta: {5: (0, 2), 8: (2, 2), 6: (2, 1), 4: (2, 2), 7: (1, 1), 3: (1, 1), 2: (2, 2), 0: (1, 1), 10: (2, 2), 1: (2, 2), 9: (2, 2)}
t_type about to use: 1
h_type: 2
shift dict: {0: 0, 1: 19264, 2: 19822}
count dict: Counter({0: 19264, 2: 940, 1: 558})
Generated 898 negative samples for edge type 6
Info: load amazon_style_ccc_features_securebert_fold_5 from original data and generate /home/simonettos/homhetgnn/HGB/LP/benchmark/data/amazon_style_ccc_features_securebert_fold_5/dl_pickle 
edge types: [6]
dataset: amazon_style_ccc_features_securebert_fold_5, eval_type: 6
epoch 0 | batch 0 |train loss 0.6980090141296387
Valid: loss 0.8454132080078125, score:{'roc_auc': 0.5626346568174823, 'MRR': 0.8170731707317073}
Saving model
epoch 0 | batch 1 |train loss 0.8517543077468872
epoch 1 | batch 0 |train loss 0.6546030640602112
Valid: loss 0.8320994973182678, score:{'roc_auc': 0.6318867343798092, 'MRR': 0.7947154471544716}
Saving model
epoch 1 | batch 1 |train loss 0.7064539194107056
epoch 2 | batch 0 |train loss 0.6784835457801819
Valid: loss 0.6993446946144104, score:{'roc_auc': 0.6534318251769775, 'MRR': 0.8130081300813007}
Saving model
epoch 2 | batch 1 |train loss 0.6156406998634338
epoch 3 | batch 0 |train loss 0.6058350801467896
Valid: loss 0.7063836455345154, score:{'roc_auc': 0.6164973838104032, 'MRR': 0.8373983739837397}
EarlyStopping counter: 1 out of 3
epoch 3 | batch 1 |train loss 0.6573660373687744
epoch 4 | batch 0 |train loss 0.5982934236526489
Valid: loss 0.6617591977119446, score:{'roc_auc': 0.6525084641428132, 'MRR': 0.8373983739837397}
Saving model
epoch 4 | batch 1 |train loss 0.6041786074638367
epoch 5 | batch 0 |train loss 0.5680587291717529
Valid: loss 0.6705882549285889, score:{'roc_auc': 0.6638965835641736, 'MRR': 0.8252032520325202}
EarlyStopping counter: 1 out of 3
epoch 5 | batch 1 |train loss 0.5993648171424866
epoch 6 | batch 0 |train loss 0.579684317111969
Valid: loss 0.6702817678451538, score:{'roc_auc': 0.6592797783933518, 'MRR': 0.8252032520325202}
EarlyStopping counter: 2 out of 3
epoch 6 | batch 1 |train loss 0.6001937389373779
epoch 7 | batch 0 |train loss 0.5556623339653015
Valid: loss 0.6577882766723633, score:{'roc_auc': 0.6792859341335796, 'MRR': 0.8252032520325202}
Saving model
epoch 7 | batch 1 |train loss 0.5837695002555847
epoch 8 | batch 0 |train loss 0.5554993152618408
Valid: loss 0.6628670692443848, score:{'roc_auc': 0.6746691289627578, 'MRR': 0.8008130081300812}
EarlyStopping counter: 1 out of 3
epoch 8 | batch 1 |train loss 0.592129111289978
epoch 9 | batch 0 |train loss 0.5513710975646973
Valid: loss 0.6750383973121643, score:{'roc_auc': 0.6722068328716528, 'MRR': 0.8008130081300812}
EarlyStopping counter: 2 out of 3
epoch 9 | batch 1 |train loss 0.5837832093238831
epoch 10 | batch 0 |train loss 0.5471187829971313
Valid: loss 0.6805641651153564, score:{'roc_auc': 0.6786703601108033, 'MRR': 0.8130081300813007}
Meta keys: dict_keys([6])
Data keys: dict_keys([6])
Edge type: 6, Meta: (2, 1)
Average links per head: 3.23
Median: 2.0, Min: 1, Max: 20
len test_list[0] 514
len test_list[1] 514
len test_label 514
2 hop test: loss 0.6805641651153564, score:{'roc_auc': 0.5473140746124031, 'MRR': 0.7461814914645103}
(array([0, 1]), array([256, 258]))
[0.676836   0.51970893 0.41021445 0.32444108 0.3051473  0.61761093
 0.36822173 0.5048371  0.88615423 0.669868   0.6671355  0.15644585
 0.1845666  0.93686616 0.16151983 0.13304564 0.52981657 0.81476337
 0.1871194  0.11930118]
Average links per head full random test: 1.46
Medianfull random test: 1.0, Min: 1, Max: 11
len test_list[0]full random test 516
len test_list[1]full random test 516
len test_label full random test 516
2 hop test: loss 0.6805641651153564, score:{'roc_auc': 0.5473140746124031, 'MRR': 0.7461814914645103}
edge type: 6, random_score: {'roc_auc': 0.6905684754521965, 'MRR': 0.9549266247379454}, score: {'roc_auc': 0.5473140746124031, 'MRR': 0.7461814914645103}
ROC_AUC: 0.5473140746124031
Sec neigh test: score list: defaultdict(<class 'list'>, {'roc_auc': [0.5473140746124031], 'MRR': [0.7461814914645103]})
Random test: score list: defaultdict(<class 'list'>, {'roc_auc': [0.6905684754521965], 'MRR': [0.9549266247379454]})
Sec neigh test:average score: defaultdict(<class 'list'>, {'roc_auc': 0.5473, 'MRR': 0.7462})
Random test: average score: defaultdict(<class 'list'>, {'roc_auc': 0.6906, 'MRR': 0.9549})
Completed: amazon_style_ccc_features_securebert_fold_5 (rep 4)

=== Repetition 5/6 ===
--------------------------------------
Running model: GCN
Dataset: amazon_style_ccc_features_securebert_fold_1
Repetition: 5
--------------------------------------
use device: cpu
Namespace(data='amazon_style_ccc_features_securebert_fold_1', model_path='model.pt', train_iter_n=50, cuda=0, checkpoint='', epochs=100, patience=3, n_layers=2, n_heads=[4], dropout=0.5, model='GCN', lr=0.0001, weight_decay=0.0, batch_size=1024, edge_sample_ratio=1, test_with_CPU=False, decoder='dismult', feat_type=1)
args.feat_type 1
sys_path ['/home/simonettos/homhetgnn/HGB/LP/benchmark/methods/GNN', '/home/simonettos/homhetgnn/sbatches', '/home/simonettos/homhetgnn/HGB/LP/benchmark/methods/baseline', '/home/simonettos/homhetgnn/HGB/LP/benchmark', '/home/simonettos/homhetgnn/HGB/LP/benchmark/methods/GNN', '/home/simonettos/homhetgnn/HGB/LP/benchmark/methods/GNN/utils', '/home/simonettos/homhetgnn/HGB/LP/benchmark/methods/GNN/models', '/deepstore/software/anaconda3/2022.05/lib/python39.zip', '/deepstore/software/anaconda3/2022.05/lib/python3.9', '/deepstore/software/anaconda3/2022.05/lib/python3.9/lib-dynload', '/home/simonettos/homhetgnn/gpuvenv/lib/python3.9/site-packages', '../../', '../../']
Data path: /home/simonettos/homhetgnn/HGB/LP/benchmark/data/amazon_style_ccc_features_securebert_fold_1
Loading nodes from /home/simonettos/homhetgnn/HGB/LP/benchmark/data/amazon_style_ccc_features_securebert_fold_1/node.dat
edge types: dict_keys([5, 6, 4, 3, 7, 2, 1, 8, 0, 9, 10])
Getting training negative samples for edge types: [6]
nodes.shift keys: [0, 1, 2]
nodes.count keys: [0, 1, 2]
links.meta: {5: (0, 2), 6: (2, 1), 4: (2, 2), 3: (1, 1), 7: (1, 1), 2: (2, 2), 1: (2, 2), 8: (2, 2), 0: (1, 1), 9: (2, 2), 10: (2, 2)}
t_type about to use: 1
h_type: 2
shift dict: {0: 0, 1: 19264, 2: 19822}
count dict: Counter({0: 19264, 2: 940, 1: 558})
Generated 942 negative samples for edge type 6
Info: load amazon_style_ccc_features_securebert_fold_1 from original data and generate /home/simonettos/homhetgnn/HGB/LP/benchmark/data/amazon_style_ccc_features_securebert_fold_1/dl_pickle 
edge types: [6]
dataset: amazon_style_ccc_features_securebert_fold_1, eval_type: 6
epoch 0 | batch 0 |train loss 0.6886851787567139
Valid: loss 0.954136848449707, score:{'roc_auc': 0.5412808641975309, 'MRR': 0.7906976744186046}
Saving model
epoch 0 | batch 1 |train loss 0.8037392497062683
epoch 1 | batch 0 |train loss 0.6504625678062439
Valid: loss 0.9720547795295715, score:{'roc_auc': 0.5939429012345678, 'MRR': 0.7655038759689924}
EarlyStopping counter: 1 out of 3
epoch 1 | batch 1 |train loss 0.6835412383079529
epoch 2 | batch 0 |train loss 0.6992162466049194
Valid: loss 0.8666069507598877, score:{'roc_auc': 0.5952932098765432, 'MRR': 0.7655038759689924}
Saving model
epoch 2 | batch 1 |train loss 0.574596643447876
epoch 3 | batch 0 |train loss 0.6364649534225464
Valid: loss 0.8339294195175171, score:{'roc_auc': 0.5981867283950617, 'MRR': 0.8100775193798451}
Saving model
epoch 3 | batch 1 |train loss 0.5696172714233398
epoch 4 | batch 0 |train loss 0.6517473459243774
Valid: loss 0.7851167321205139, score:{'roc_auc': 0.6030092592592593, 'MRR': 0.7984496124031009}
Saving model
epoch 4 | batch 1 |train loss 0.545506477355957
epoch 5 | batch 0 |train loss 0.5900669097900391
Valid: loss 0.7664756774902344, score:{'roc_auc': 0.6074459876543209, 'MRR': 0.8003875968992249}
Saving model
epoch 5 | batch 1 |train loss 0.530601978302002
epoch 6 | batch 0 |train loss 0.5795536041259766
Valid: loss 0.7699138522148132, score:{'roc_auc': 0.6008873456790124, 'MRR': 0.8003875968992249}
EarlyStopping counter: 1 out of 3
epoch 6 | batch 1 |train loss 0.5398682951927185
epoch 7 | batch 0 |train loss 0.5726388692855835
Valid: loss 0.7367474436759949, score:{'roc_auc': 0.611111111111111, 'MRR': 0.7887596899224807}
Saving model
epoch 7 | batch 1 |train loss 0.5273841619491577
epoch 8 | batch 0 |train loss 0.5718778371810913
Valid: loss 0.7236941456794739, score:{'roc_auc': 0.6321373456790124, 'MRR': 0.8003875968992249}
Saving model
epoch 8 | batch 1 |train loss 0.5136045217514038
epoch 9 | batch 0 |train loss 0.5689570903778076
Valid: loss 0.7505422234535217, score:{'roc_auc': 0.6415895061728394, 'MRR': 0.8023255813953488}
EarlyStopping counter: 1 out of 3
epoch 9 | batch 1 |train loss 0.5006402134895325
epoch 10 | batch 0 |train loss 0.5826074481010437
Valid: loss 0.7726553678512573, score:{'roc_auc': 0.6423611111111113, 'MRR': 0.8410852713178296}
EarlyStopping counter: 2 out of 3
epoch 10 | batch 1 |train loss 0.5001941323280334
epoch 11 | batch 0 |train loss 0.5835981369018555
Valid: loss 0.7545835971832275, score:{'roc_auc': 0.6427469135802469, 'MRR': 0.813953488372093}
Meta keys: dict_keys([6])
Data keys: dict_keys([6])
Edge type: 6, Meta: (2, 1)
Average links per head: 3.39
Median: 2.0, Min: 1, Max: 26
len test_list[0] 393
len test_list[1] 393
len test_label 393
2 hop test: loss 0.7545835971832275, score:{'roc_auc': 0.5013727013727014, 'MRR': 0.7349137931034483}
(array([0, 1]), array([195, 198]))
[0.6630097  0.49413416 0.5276618  0.6500336  0.93284625 0.59482914
 0.3300626  0.21591723 0.7858062  0.42374438 0.69262844 0.5465523
 0.13296127 0.10399457 0.1636755  0.9363475  0.16718924 0.35713747
 0.7518056  0.79261464]
Average links per head full random test: 1.42
Medianfull random test: 1.0, Min: 1, Max: 14
len test_list[0]full random test 396
len test_list[1]full random test 396
len test_label full random test 396
2 hop test: loss 0.7545835971832275, score:{'roc_auc': 0.5013727013727014, 'MRR': 0.7349137931034483}
edge type: 6, random_score: {'roc_auc': 0.6658249158249159, 'MRR': 0.9612068965517241}, score: {'roc_auc': 0.5013727013727014, 'MRR': 0.7349137931034483}
ROC_AUC: 0.5013727013727014
Sec neigh test: score list: defaultdict(<class 'list'>, {'roc_auc': [0.5013727013727014], 'MRR': [0.7349137931034483]})
Random test: score list: defaultdict(<class 'list'>, {'roc_auc': [0.6658249158249159], 'MRR': [0.9612068965517241]})
Sec neigh test:average score: defaultdict(<class 'list'>, {'roc_auc': 0.5014, 'MRR': 0.7349})
Random test: average score: defaultdict(<class 'list'>, {'roc_auc': 0.6658, 'MRR': 0.9612})
Completed: amazon_style_ccc_features_securebert_fold_1 (rep 5)

--------------------------------------
Running model: GCN
Dataset: amazon_style_ccc_features_securebert_fold_2
Repetition: 5
--------------------------------------
use device: cpu
Namespace(data='amazon_style_ccc_features_securebert_fold_2', model_path='model.pt', train_iter_n=50, cuda=0, checkpoint='', epochs=100, patience=3, n_layers=2, n_heads=[4], dropout=0.5, model='GCN', lr=0.0001, weight_decay=0.0, batch_size=1024, edge_sample_ratio=1, test_with_CPU=False, decoder='dismult', feat_type=1)
args.feat_type 1
sys_path ['/home/simonettos/homhetgnn/HGB/LP/benchmark/methods/GNN', '/home/simonettos/homhetgnn/sbatches', '/home/simonettos/homhetgnn/HGB/LP/benchmark/methods/baseline', '/home/simonettos/homhetgnn/HGB/LP/benchmark', '/home/simonettos/homhetgnn/HGB/LP/benchmark/methods/GNN', '/home/simonettos/homhetgnn/HGB/LP/benchmark/methods/GNN/utils', '/home/simonettos/homhetgnn/HGB/LP/benchmark/methods/GNN/models', '/deepstore/software/anaconda3/2022.05/lib/python39.zip', '/deepstore/software/anaconda3/2022.05/lib/python3.9', '/deepstore/software/anaconda3/2022.05/lib/python3.9/lib-dynload', '/home/simonettos/homhetgnn/gpuvenv/lib/python3.9/site-packages', '../../', '../../']
Data path: /home/simonettos/homhetgnn/HGB/LP/benchmark/data/amazon_style_ccc_features_securebert_fold_2
Loading nodes from /home/simonettos/homhetgnn/HGB/LP/benchmark/data/amazon_style_ccc_features_securebert_fold_2/node.dat
edge types: dict_keys([5, 8, 6, 4, 7, 3, 2, 0, 10, 1, 9])
Getting training negative samples for edge types: [6]
nodes.shift keys: [0, 1, 2]
nodes.count keys: [0, 1, 2]
links.meta: {5: (0, 2), 8: (2, 2), 6: (2, 1), 4: (2, 2), 7: (1, 1), 3: (1, 1), 2: (2, 2), 0: (1, 1), 10: (2, 2), 1: (2, 2), 9: (2, 2)}
t_type about to use: 1
h_type: 2
shift dict: {0: 0, 1: 19264, 2: 19822}
count dict: Counter({0: 19264, 2: 940, 1: 558})
Generated 905 negative samples for edge type 6
Info: load amazon_style_ccc_features_securebert_fold_2 from original data and generate /home/simonettos/homhetgnn/HGB/LP/benchmark/data/amazon_style_ccc_features_securebert_fold_2/dl_pickle 
edge types: [6]
dataset: amazon_style_ccc_features_securebert_fold_2, eval_type: 6
epoch 0 | batch 0 |train loss 0.6870297193527222
Valid: loss 0.7392736077308655, score:{'roc_auc': 0.581945889698231, 'MRR': 0.824468085106383}
Saving model
epoch 0 | batch 1 |train loss 0.7667797207832336
epoch 1 | batch 0 |train loss 0.6871373653411865
Valid: loss 0.827102780342102, score:{'roc_auc': 0.6563475546305932, 'MRR': 0.8546099290780141}
EarlyStopping counter: 1 out of 3
epoch 1 | batch 1 |train loss 0.6767892837524414
epoch 2 | batch 0 |train loss 0.7097236514091492
Valid: loss 0.7049527168273926, score:{'roc_auc': 0.6698751300728408, 'MRR': 0.8652482269503545}
Saving model
epoch 2 | batch 1 |train loss 0.598406970500946
epoch 3 | batch 0 |train loss 0.6319171190261841
Valid: loss 0.6678265929222107, score:{'roc_auc': 0.6545265348595214, 'MRR': 0.8659574468085107}
Saving model
epoch 3 | batch 1 |train loss 0.6308871507644653
epoch 4 | batch 0 |train loss 0.6320359706878662
Valid: loss 0.6420914530754089, score:{'roc_auc': 0.6768990634755463, 'MRR': 0.8765957446808511}
Saving model
epoch 4 | batch 1 |train loss 0.5848699808120728
epoch 5 | batch 0 |train loss 0.5966027975082397
Valid: loss 0.6481969952583313, score:{'roc_auc': 0.682882414151925, 'MRR': 0.8546099290780141}
EarlyStopping counter: 1 out of 3
epoch 5 | batch 1 |train loss 0.5644344687461853
epoch 6 | batch 0 |train loss 0.6084491014480591
Valid: loss 0.6567692756652832, score:{'roc_auc': 0.6862643080124871, 'MRR': 0.8652482269503545}
EarlyStopping counter: 2 out of 3
epoch 6 | batch 1 |train loss 0.5675883889198303
epoch 7 | batch 0 |train loss 0.5910450220108032
Valid: loss 0.63862144947052, score:{'roc_auc': 0.7023933402705516, 'MRR': 0.8553191489361702}
Saving model
epoch 7 | batch 1 |train loss 0.5463469624519348
epoch 8 | batch 0 |train loss 0.5682806968688965
Valid: loss 0.6330673098564148, score:{'roc_auc': 0.7047346514047866, 'MRR': 0.8659574468085107}
Saving model
epoch 8 | batch 1 |train loss 0.5501455068588257
epoch 9 | batch 0 |train loss 0.5719243288040161
Valid: loss 0.6483650803565979, score:{'roc_auc': 0.7023933402705516, 'MRR': 0.8776595744680851}
EarlyStopping counter: 1 out of 3
epoch 9 | batch 1 |train loss 0.5580567121505737
epoch 10 | batch 0 |train loss 0.5769056677818298
Valid: loss 0.654263436794281, score:{'roc_auc': 0.7073361082206034, 'MRR': 0.8765957446808511}
EarlyStopping counter: 2 out of 3
epoch 10 | batch 1 |train loss 0.5553680062294006
epoch 11 | batch 0 |train loss 0.569277286529541
Valid: loss 0.6383194327354431, score:{'roc_auc': 0.712799167533819, 'MRR': 0.8659574468085107}
Meta keys: dict_keys([6])
Data keys: dict_keys([6])
Edge type: 6, Meta: (2, 1)
Average links per head: 3.52
Median: 2.0, Min: 1, Max: 22
len test_list[0] 489
len test_list[1] 489
len test_label 489
2 hop test: loss 0.6383194327354431, score:{'roc_auc': 0.5095687376626853, 'MRR': 0.7576338928856914}
(array([0, 1]), array([243, 246]))
[0.27601132 0.43883136 0.5752858  0.55643445 0.6877614  0.34823337
 0.38835698 0.28172824 0.5376341  0.8513019  0.10478822 0.06399339
 0.38227627 0.78710073 0.82995003 0.1576251  0.15473877 0.18138266
 0.6959359  0.7862643 ]
Average links per head full random test: 1.49
Medianfull random test: 1.0, Min: 1, Max: 12
len test_list[0]full random test 492
len test_list[1]full random test 492
len test_label full random test 492
2 hop test: loss 0.6383194327354431, score:{'roc_auc': 0.5095687376626853, 'MRR': 0.7576338928856914}
edge type: 6, random_score: {'roc_auc': 0.7030041641879834, 'MRR': 0.9700239808153476}, score: {'roc_auc': 0.5095687376626853, 'MRR': 0.7576338928856914}
ROC_AUC: 0.5095687376626853
Sec neigh test: score list: defaultdict(<class 'list'>, {'roc_auc': [0.5095687376626853], 'MRR': [0.7576338928856914]})
Random test: score list: defaultdict(<class 'list'>, {'roc_auc': [0.7030041641879834], 'MRR': [0.9700239808153476]})
Sec neigh test:average score: defaultdict(<class 'list'>, {'roc_auc': 0.5096, 'MRR': 0.7576})
Random test: average score: defaultdict(<class 'list'>, {'roc_auc': 0.703, 'MRR': 0.97})
Completed: amazon_style_ccc_features_securebert_fold_2 (rep 5)

--------------------------------------
Running model: GCN
Dataset: amazon_style_ccc_features_securebert_fold_3
Repetition: 5
--------------------------------------
use device: cpu
Namespace(data='amazon_style_ccc_features_securebert_fold_3', model_path='model.pt', train_iter_n=50, cuda=0, checkpoint='', epochs=100, patience=3, n_layers=2, n_heads=[4], dropout=0.5, model='GCN', lr=0.0001, weight_decay=0.0, batch_size=1024, edge_sample_ratio=1, test_with_CPU=False, decoder='dismult', feat_type=1)
args.feat_type 1
sys_path ['/home/simonettos/homhetgnn/HGB/LP/benchmark/methods/GNN', '/home/simonettos/homhetgnn/sbatches', '/home/simonettos/homhetgnn/HGB/LP/benchmark/methods/baseline', '/home/simonettos/homhetgnn/HGB/LP/benchmark', '/home/simonettos/homhetgnn/HGB/LP/benchmark/methods/GNN', '/home/simonettos/homhetgnn/HGB/LP/benchmark/methods/GNN/utils', '/home/simonettos/homhetgnn/HGB/LP/benchmark/methods/GNN/models', '/deepstore/software/anaconda3/2022.05/lib/python39.zip', '/deepstore/software/anaconda3/2022.05/lib/python3.9', '/deepstore/software/anaconda3/2022.05/lib/python3.9/lib-dynload', '/home/simonettos/homhetgnn/gpuvenv/lib/python3.9/site-packages', '../../', '../../']
Data path: /home/simonettos/homhetgnn/HGB/LP/benchmark/data/amazon_style_ccc_features_securebert_fold_3
Loading nodes from /home/simonettos/homhetgnn/HGB/LP/benchmark/data/amazon_style_ccc_features_securebert_fold_3/node.dat
edge types: dict_keys([5, 8, 6, 4, 7, 3, 2, 0, 10, 1, 9])
Getting training negative samples for edge types: [6]
nodes.shift keys: [0, 1, 2]
nodes.count keys: [0, 1, 2]
links.meta: {5: (0, 2), 8: (2, 2), 6: (2, 1), 4: (2, 2), 7: (1, 1), 3: (1, 1), 2: (2, 2), 0: (1, 1), 10: (2, 2), 1: (2, 2), 9: (2, 2)}
t_type about to use: 1
h_type: 2
shift dict: {0: 0, 1: 19264, 2: 19822}
count dict: Counter({0: 19264, 2: 940, 1: 558})
Generated 897 negative samples for edge type 6
Info: load amazon_style_ccc_features_securebert_fold_3 from original data and generate /home/simonettos/homhetgnn/HGB/LP/benchmark/data/amazon_style_ccc_features_securebert_fold_3/dl_pickle 
edge types: [6]
dataset: amazon_style_ccc_features_securebert_fold_3, eval_type: 6
epoch 0 | batch 0 |train loss 0.7099690437316895
Valid: loss 1.3456116914749146, score:{'roc_auc': 0.5505102040816326, 'MRR': 0.8643790849673203}
Saving model
epoch 0 | batch 1 |train loss 0.8936832547187805
epoch 1 | batch 0 |train loss 0.7240123152732849
Valid: loss 0.731908917427063, score:{'roc_auc': 0.5994897959183673, 'MRR': 0.8633986928104574}
Saving model
epoch 1 | batch 1 |train loss 0.6800707578659058
epoch 2 | batch 0 |train loss 0.9284523129463196
Valid: loss 0.7015011310577393, score:{'roc_auc': 0.6288775510204081, 'MRR': 0.85359477124183}
Saving model
epoch 2 | batch 1 |train loss 0.6372897028923035
epoch 3 | batch 0 |train loss 0.6695690155029297
Valid: loss 0.8153594732284546, score:{'roc_auc': 0.6158163265306122, 'MRR': 0.8545751633986929}
EarlyStopping counter: 1 out of 3
epoch 3 | batch 1 |train loss 0.5919532179832458
epoch 4 | batch 0 |train loss 0.6654012799263
Valid: loss 0.8327311873435974, score:{'roc_auc': 0.6033673469387755, 'MRR': 0.8545751633986929}
EarlyStopping counter: 2 out of 3
epoch 4 | batch 1 |train loss 0.596207320690155
epoch 5 | batch 0 |train loss 0.621292769908905
Valid: loss 0.691969633102417, score:{'roc_auc': 0.6266326530612245, 'MRR': 0.8643790849673203}
Saving model
epoch 5 | batch 1 |train loss 0.5815609097480774
epoch 6 | batch 0 |train loss 0.5896022915840149
Valid: loss 0.6503728628158569, score:{'roc_auc': 0.6478571428571429, 'MRR': 0.8643790849673203}
Saving model
epoch 6 | batch 1 |train loss 0.5861027836799622
epoch 7 | batch 0 |train loss 0.5925230979919434
Valid: loss 0.633820116519928, score:{'roc_auc': 0.6750000000000002, 'MRR': 0.85359477124183}
Saving model
epoch 7 | batch 1 |train loss 0.5699115991592407
epoch 8 | batch 0 |train loss 0.5810765624046326
Valid: loss 0.6334854960441589, score:{'roc_auc': 0.691734693877551, 'MRR': 0.85359477124183}
Saving model
epoch 8 | batch 1 |train loss 0.5542365312576294
epoch 9 | batch 0 |train loss 0.5947623252868652
Valid: loss 0.6642380952835083, score:{'roc_auc': 0.6790816326530613, 'MRR': 0.8437908496732026}
EarlyStopping counter: 1 out of 3
epoch 9 | batch 1 |train loss 0.5576779842376709
epoch 10 | batch 0 |train loss 0.5986303687095642
Valid: loss 0.6768836975097656, score:{'roc_auc': 0.681530612244898, 'MRR': 0.8437908496732026}
EarlyStopping counter: 2 out of 3
epoch 10 | batch 1 |train loss 0.5594275593757629
epoch 11 | batch 0 |train loss 0.5834321975708008
Valid: loss 0.6689814329147339, score:{'roc_auc': 0.6809183673469388, 'MRR': 0.8741830065359477}
Meta keys: dict_keys([6])
Data keys: dict_keys([6])
Edge type: 6, Meta: (2, 1)
Average links per head: 3.48
Median: 2.0, Min: 2, Max: 22
len test_list[0] 490
len test_list[1] 490
len test_label 490
2 hop test: loss 0.6689814329147339, score:{'roc_auc': 0.5747438567263641, 'MRR': 0.7815602836879432}
(array([0, 1]), array([245, 245]))
[0.5095241  0.777488   0.7310766  0.7200422  0.7280923  0.87064373
 0.769808   0.7415161  0.7332859  0.6399978  0.16693829 0.49696076
 0.9362888  0.48561782 0.18467106 0.20404255 0.40337682 0.29632288
 0.48474985 0.54574287]
Average links per head full random test: 1.48
Medianfull random test: 1.0, Min: 1, Max: 12
len test_list[0]full random test 490
len test_list[1]full random test 490
len test_label full random test 490
2 hop test: loss 0.6689814329147339, score:{'roc_auc': 0.5747438567263641, 'MRR': 0.7815602836879432}
edge type: 6, random_score: {'roc_auc': 0.727180341524365, 'MRR': 0.9680851063829787}, score: {'roc_auc': 0.5747438567263641, 'MRR': 0.7815602836879432}
ROC_AUC: 0.5747438567263641
Sec neigh test: score list: defaultdict(<class 'list'>, {'roc_auc': [0.5747438567263641], 'MRR': [0.7815602836879432]})
Random test: score list: defaultdict(<class 'list'>, {'roc_auc': [0.727180341524365], 'MRR': [0.9680851063829787]})
Sec neigh test:average score: defaultdict(<class 'list'>, {'roc_auc': 0.5747, 'MRR': 0.7816})
Random test: average score: defaultdict(<class 'list'>, {'roc_auc': 0.7272, 'MRR': 0.9681})
Completed: amazon_style_ccc_features_securebert_fold_3 (rep 5)

--------------------------------------
Running model: GCN
Dataset: amazon_style_ccc_features_securebert_fold_4
Repetition: 5
--------------------------------------
use device: cpu
Namespace(data='amazon_style_ccc_features_securebert_fold_4', model_path='model.pt', train_iter_n=50, cuda=0, checkpoint='', epochs=100, patience=3, n_layers=2, n_heads=[4], dropout=0.5, model='GCN', lr=0.0001, weight_decay=0.0, batch_size=1024, edge_sample_ratio=1, test_with_CPU=False, decoder='dismult', feat_type=1)
args.feat_type 1
sys_path ['/home/simonettos/homhetgnn/HGB/LP/benchmark/methods/GNN', '/home/simonettos/homhetgnn/sbatches', '/home/simonettos/homhetgnn/HGB/LP/benchmark/methods/baseline', '/home/simonettos/homhetgnn/HGB/LP/benchmark', '/home/simonettos/homhetgnn/HGB/LP/benchmark/methods/GNN', '/home/simonettos/homhetgnn/HGB/LP/benchmark/methods/GNN/utils', '/home/simonettos/homhetgnn/HGB/LP/benchmark/methods/GNN/models', '/deepstore/software/anaconda3/2022.05/lib/python39.zip', '/deepstore/software/anaconda3/2022.05/lib/python3.9', '/deepstore/software/anaconda3/2022.05/lib/python3.9/lib-dynload', '/home/simonettos/homhetgnn/gpuvenv/lib/python3.9/site-packages', '../../', '../../']
Data path: /home/simonettos/homhetgnn/HGB/LP/benchmark/data/amazon_style_ccc_features_securebert_fold_4
Loading nodes from /home/simonettos/homhetgnn/HGB/LP/benchmark/data/amazon_style_ccc_features_securebert_fold_4/node.dat
edge types: dict_keys([5, 8, 6, 4, 7, 3, 2, 0, 10, 1, 9])
Getting training negative samples for edge types: [6]
nodes.shift keys: [0, 1, 2]
nodes.count keys: [0, 1, 2]
links.meta: {5: (0, 2), 8: (2, 2), 6: (2, 1), 4: (2, 2), 7: (1, 1), 3: (1, 1), 2: (2, 2), 0: (1, 1), 10: (2, 2), 1: (2, 2), 9: (2, 2)}
t_type about to use: 1
h_type: 2
shift dict: {0: 0, 1: 19264, 2: 19822}
count dict: Counter({0: 19264, 2: 940, 1: 558})
Generated 871 negative samples for edge type 6
Info: load amazon_style_ccc_features_securebert_fold_4 from original data and generate /home/simonettos/homhetgnn/HGB/LP/benchmark/data/amazon_style_ccc_features_securebert_fold_4/dl_pickle 
edge types: [6]
dataset: amazon_style_ccc_features_securebert_fold_4, eval_type: 6
epoch 0 | batch 0 |train loss 0.705510675907135
Valid: loss 0.7588410377502441, score:{'roc_auc': 0.5326222222222221, 'MRR': 0.7893081761006289}
Saving model
epoch 0 | batch 1 |train loss 0.6122259497642517
epoch 1 | batch 0 |train loss 0.7760175466537476
Valid: loss 0.8974881768226624, score:{'roc_auc': 0.5553777777777777, 'MRR': 0.7893081761006289}
EarlyStopping counter: 1 out of 3
epoch 1 | batch 1 |train loss 0.5770639181137085
epoch 2 | batch 0 |train loss 0.6775451898574829
Valid: loss 0.9424061179161072, score:{'roc_auc': 0.5249777777777778, 'MRR': 0.7987421383647798}
EarlyStopping counter: 2 out of 3
epoch 2 | batch 1 |train loss 0.5950624942779541
epoch 3 | batch 0 |train loss 0.6205295324325562
Valid: loss 0.8644378781318665, score:{'roc_auc': 0.5523555555555556, 'MRR': 0.7893081761006289}
Meta keys: dict_keys([6])
Data keys: dict_keys([6])
Edge type: 6, Meta: (2, 1)
Average links per head: 3.69
Median: 2.0, Min: 1, Max: 32
len test_list[0] 531
len test_list[1] 531
len test_label 531
2 hop test: loss 0.8644378781318665, score:{'roc_auc': 0.48692013051496674, 'MRR': 0.7508101851851853}
(array([0, 1]), array([265, 266]))
[0.47438705 0.5266335  0.6204444  0.309972   0.20189908 0.2325872
 0.9577099  0.9348139  0.95360655 0.84785056 0.79109055 0.85289085
 0.11973184 0.9394541  0.6972584  0.8139285  0.9565902  0.6705534
 0.46516195 0.7149494 ]
Average links per head full random test: 1.55
Medianfull random test: 1.0, Min: 1, Max: 17
len test_list[0]full random test 532
len test_list[1]full random test 532
len test_label full random test 532
2 hop test: loss 0.8644378781318665, score:{'roc_auc': 0.48692013051496674, 'MRR': 0.7508101851851853}
edge type: 6, random_score: {'roc_auc': 0.625091865000848, 'MRR': 0.9571759259259258}, score: {'roc_auc': 0.48692013051496674, 'MRR': 0.7508101851851853}
ROC_AUC: 0.48692013051496674
Sec neigh test: score list: defaultdict(<class 'list'>, {'roc_auc': [0.48692013051496674], 'MRR': [0.7508101851851853]})
Random test: score list: defaultdict(<class 'list'>, {'roc_auc': [0.625091865000848], 'MRR': [0.9571759259259258]})
Sec neigh test:average score: defaultdict(<class 'list'>, {'roc_auc': 0.4869, 'MRR': 0.7508})
Random test: average score: defaultdict(<class 'list'>, {'roc_auc': 0.6251, 'MRR': 0.9572})
Completed: amazon_style_ccc_features_securebert_fold_4 (rep 5)

--------------------------------------
Running model: GCN
Dataset: amazon_style_ccc_features_securebert_fold_5
Repetition: 5
--------------------------------------
use device: cpu
Namespace(data='amazon_style_ccc_features_securebert_fold_5', model_path='model.pt', train_iter_n=50, cuda=0, checkpoint='', epochs=100, patience=3, n_layers=2, n_heads=[4], dropout=0.5, model='GCN', lr=0.0001, weight_decay=0.0, batch_size=1024, edge_sample_ratio=1, test_with_CPU=False, decoder='dismult', feat_type=1)
args.feat_type 1
sys_path ['/home/simonettos/homhetgnn/HGB/LP/benchmark/methods/GNN', '/home/simonettos/homhetgnn/sbatches', '/home/simonettos/homhetgnn/HGB/LP/benchmark/methods/baseline', '/home/simonettos/homhetgnn/HGB/LP/benchmark', '/home/simonettos/homhetgnn/HGB/LP/benchmark/methods/GNN', '/home/simonettos/homhetgnn/HGB/LP/benchmark/methods/GNN/utils', '/home/simonettos/homhetgnn/HGB/LP/benchmark/methods/GNN/models', '/deepstore/software/anaconda3/2022.05/lib/python39.zip', '/deepstore/software/anaconda3/2022.05/lib/python3.9', '/deepstore/software/anaconda3/2022.05/lib/python3.9/lib-dynload', '/home/simonettos/homhetgnn/gpuvenv/lib/python3.9/site-packages', '../../', '../../']
Data path: /home/simonettos/homhetgnn/HGB/LP/benchmark/data/amazon_style_ccc_features_securebert_fold_5
Loading nodes from /home/simonettos/homhetgnn/HGB/LP/benchmark/data/amazon_style_ccc_features_securebert_fold_5/node.dat
edge types: dict_keys([5, 8, 6, 4, 7, 3, 2, 0, 10, 1, 9])
Getting training negative samples for edge types: [6]
nodes.shift keys: [0, 1, 2]
nodes.count keys: [0, 1, 2]
links.meta: {5: (0, 2), 8: (2, 2), 6: (2, 1), 4: (2, 2), 7: (1, 1), 3: (1, 1), 2: (2, 2), 0: (1, 1), 10: (2, 2), 1: (2, 2), 9: (2, 2)}
t_type about to use: 1
h_type: 2
shift dict: {0: 0, 1: 19264, 2: 19822}
count dict: Counter({0: 19264, 2: 940, 1: 558})
Generated 881 negative samples for edge type 6
Info: load amazon_style_ccc_features_securebert_fold_5 from original data and generate /home/simonettos/homhetgnn/HGB/LP/benchmark/data/amazon_style_ccc_features_securebert_fold_5/dl_pickle 
edge types: [6]
dataset: amazon_style_ccc_features_securebert_fold_5, eval_type: 6
epoch 0 | batch 0 |train loss 0.7010149955749512
Valid: loss 0.801947295665741, score:{'roc_auc': 0.5525931336742146, 'MRR': 0.8375}
Saving model
epoch 0 | batch 1 |train loss 0.6919328570365906
epoch 1 | batch 0 |train loss 0.6498093008995056
Valid: loss 1.0570698976516724, score:{'roc_auc': 0.6068298027757487, 'MRR': 0.8416666666666666}
EarlyStopping counter: 1 out of 3
epoch 1 | batch 1 |train loss 0.6795785427093506
epoch 2 | batch 0 |train loss 0.5961231589317322
Valid: loss 0.7978006601333618, score:{'roc_auc': 0.6048210372534696, 'MRR': 0.8395833333333332}
Saving model
epoch 2 | batch 1 |train loss 0.7211736440658569
epoch 3 | batch 0 |train loss 0.6103267669677734
Valid: loss 0.7639009356498718, score:{'roc_auc': 0.6079254930606283, 'MRR': 0.8520833333333332}
Saving model
epoch 3 | batch 1 |train loss 0.7073005437850952
epoch 4 | batch 0 |train loss 0.5531492233276367
Valid: loss 0.7988343834877014, score:{'roc_auc': 0.6135865595325054, 'MRR': 0.8541666666666666}
EarlyStopping counter: 1 out of 3
epoch 4 | batch 1 |train loss 0.5719171166419983
epoch 5 | batch 0 |train loss 0.5538763403892517
Valid: loss 0.7991619110107422, score:{'roc_auc': 0.6159605551497442, 'MRR': 0.8541666666666666}
EarlyStopping counter: 2 out of 3
epoch 5 | batch 1 |train loss 0.5788317918777466
epoch 6 | batch 0 |train loss 0.5460177063941956
Valid: loss 0.7799844741821289, score:{'roc_auc': 0.6364134404674945, 'MRR': 0.8666666666666666}
Meta keys: dict_keys([6])
Data keys: dict_keys([6])
Edge type: 6, Meta: (2, 1)
Average links per head: 3.23
Median: 2.0, Min: 1, Max: 20
len test_list[0] 514
len test_list[1] 514
len test_label 514
2 hop test: loss 0.7799844741821289, score:{'roc_auc': 0.5321735707364341, 'MRR': 0.7575122292103424}
(array([0, 1]), array([256, 258]))
[0.7153231  0.571173   0.49285975 0.3825659  0.3791392  0.6710606
 0.51365787 0.5771538  0.99099195 0.9593683  0.90066326 0.21880716
 0.71119636 0.99735    0.7659952  0.22074513 0.92169195 0.9777439
 0.28181428 0.38227144]
Average links per head full random test: 1.46
Medianfull random test: 1.0, Min: 1, Max: 11
len test_list[0]full random test 516
len test_list[1]full random test 516
len test_label full random test 516
2 hop test: loss 0.7799844741821289, score:{'roc_auc': 0.5321735707364341, 'MRR': 0.7575122292103424}
edge type: 6, random_score: {'roc_auc': 0.7007241151373116, 'MRR': 0.9622641509433962}, score: {'roc_auc': 0.5321735707364341, 'MRR': 0.7575122292103424}
ROC_AUC: 0.5321735707364341
Sec neigh test: score list: defaultdict(<class 'list'>, {'roc_auc': [0.5321735707364341], 'MRR': [0.7575122292103424]})
Random test: score list: defaultdict(<class 'list'>, {'roc_auc': [0.7007241151373116], 'MRR': [0.9622641509433962]})
Sec neigh test:average score: defaultdict(<class 'list'>, {'roc_auc': 0.5322, 'MRR': 0.7575})
Random test: average score: defaultdict(<class 'list'>, {'roc_auc': 0.7007, 'MRR': 0.9623})
Completed: amazon_style_ccc_features_securebert_fold_5 (rep 5)

=== Repetition 6/6 ===
--------------------------------------
Running model: GCN
Dataset: amazon_style_ccc_features_securebert_fold_1
Repetition: 6
--------------------------------------
use device: cpu
Namespace(data='amazon_style_ccc_features_securebert_fold_1', model_path='model.pt', train_iter_n=50, cuda=0, checkpoint='', epochs=100, patience=3, n_layers=2, n_heads=[4], dropout=0.5, model='GCN', lr=0.0001, weight_decay=0.0, batch_size=1024, edge_sample_ratio=1, test_with_CPU=False, decoder='dismult', feat_type=1)
args.feat_type 1
sys_path ['/home/simonettos/homhetgnn/HGB/LP/benchmark/methods/GNN', '/home/simonettos/homhetgnn/sbatches', '/home/simonettos/homhetgnn/HGB/LP/benchmark/methods/baseline', '/home/simonettos/homhetgnn/HGB/LP/benchmark', '/home/simonettos/homhetgnn/HGB/LP/benchmark/methods/GNN', '/home/simonettos/homhetgnn/HGB/LP/benchmark/methods/GNN/utils', '/home/simonettos/homhetgnn/HGB/LP/benchmark/methods/GNN/models', '/deepstore/software/anaconda3/2022.05/lib/python39.zip', '/deepstore/software/anaconda3/2022.05/lib/python3.9', '/deepstore/software/anaconda3/2022.05/lib/python3.9/lib-dynload', '/home/simonettos/homhetgnn/gpuvenv/lib/python3.9/site-packages', '../../', '../../']
Data path: /home/simonettos/homhetgnn/HGB/LP/benchmark/data/amazon_style_ccc_features_securebert_fold_1
Loading nodes from /home/simonettos/homhetgnn/HGB/LP/benchmark/data/amazon_style_ccc_features_securebert_fold_1/node.dat
edge types: dict_keys([5, 6, 4, 3, 7, 2, 1, 8, 0, 9, 10])
Getting training negative samples for edge types: [6]
nodes.shift keys: [0, 1, 2]
nodes.count keys: [0, 1, 2]
links.meta: {5: (0, 2), 6: (2, 1), 4: (2, 2), 3: (1, 1), 7: (1, 1), 2: (2, 2), 1: (2, 2), 8: (2, 2), 0: (1, 1), 9: (2, 2), 10: (2, 2)}
t_type about to use: 1
h_type: 2
shift dict: {0: 0, 1: 19264, 2: 19822}
count dict: Counter({0: 19264, 2: 940, 1: 558})
Generated 932 negative samples for edge type 6
Info: load amazon_style_ccc_features_securebert_fold_1 from original data and generate /home/simonettos/homhetgnn/HGB/LP/benchmark/data/amazon_style_ccc_features_securebert_fold_1/dl_pickle 
edge types: [6]
dataset: amazon_style_ccc_features_securebert_fold_1, eval_type: 6
epoch 0 | batch 0 |train loss 0.6891652345657349
Valid: loss 0.8994349837303162, score:{'roc_auc': 0.5662552052349792, 'MRR': 0.8660714285714286}
Saving model
epoch 0 | batch 1 |train loss 1.1349635124206543
epoch 1 | batch 0 |train loss 0.7546409964561462
Valid: loss 0.7222386598587036, score:{'roc_auc': 0.7225609756097562, 'MRR': 0.8660714285714286}
Saving model
epoch 1 | batch 1 |train loss 0.7111879587173462
epoch 2 | batch 0 |train loss 0.7764377593994141
Valid: loss 0.7482226490974426, score:{'roc_auc': 0.7215199286139203, 'MRR': 0.8571428571428571}
EarlyStopping counter: 1 out of 3
epoch 2 | batch 1 |train loss 0.7383623123168945
epoch 3 | batch 0 |train loss 0.6664549112319946
Valid: loss 0.6198542714118958, score:{'roc_auc': 0.7488845925044616, 'MRR': 0.8571428571428571}
Saving model
epoch 3 | batch 1 |train loss 0.5978894829750061
epoch 4 | batch 0 |train loss 0.6319902539253235
Valid: loss 0.6066411137580872, score:{'roc_auc': 0.7366894705532421, 'MRR': 0.863095238095238}
Saving model
epoch 4 | batch 1 |train loss 0.6113876104354858
epoch 5 | batch 0 |train loss 0.6477841734886169
Valid: loss 0.5987988114356995, score:{'roc_auc': 0.7521564544913742, 'MRR': 0.863095238095238}
Saving model
epoch 5 | batch 1 |train loss 0.590082049369812
epoch 6 | batch 0 |train loss 0.5906702876091003
Valid: loss 0.5978285670280457, score:{'roc_auc': 0.7575104104699584, 'MRR': 0.863095238095238}
Saving model
epoch 6 | batch 1 |train loss 0.5644856691360474
epoch 7 | batch 0 |train loss 0.5860954523086548
Valid: loss 0.6147451400756836, score:{'roc_auc': 0.7392177275431292, 'MRR': 0.863095238095238}
EarlyStopping counter: 1 out of 3
epoch 7 | batch 1 |train loss 0.5806845426559448
epoch 8 | batch 0 |train loss 0.585899829864502
Valid: loss 0.6135181188583374, score:{'roc_auc': 0.7485871505056515, 'MRR': 0.863095238095238}
EarlyStopping counter: 2 out of 3
epoch 8 | batch 1 |train loss 0.5703709721565247
epoch 9 | batch 0 |train loss 0.5728824138641357
Valid: loss 0.6061922907829285, score:{'roc_auc': 0.7604848304580607, 'MRR': 0.8541666666666666}
Meta keys: dict_keys([6])
Data keys: dict_keys([6])
Edge type: 6, Meta: (2, 1)
Average links per head: 3.39
Median: 2.0, Min: 1, Max: 26
len test_list[0] 393
len test_list[1] 393
len test_label 393
2 hop test: loss 0.6061922907829285, score:{'roc_auc': 0.5262367262367262, 'MRR': 0.7308908045977012}
(array([0, 1]), array([195, 198]))
[0.62025213 0.51588774 0.55463266 0.6305711  0.8243035  0.65384245
 0.6008473  0.5329094  0.680898   0.41891924 0.5968321  0.4899609
 0.23324755 0.2000355  0.27234924 0.60907996 0.23284376 0.40790552
 0.7430618  0.8150488 ]
Average links per head full random test: 1.42
Medianfull random test: 1.0, Min: 1, Max: 14
len test_list[0]full random test 396
len test_list[1]full random test 396
len test_label full random test 396
2 hop test: loss 0.6061922907829285, score:{'roc_auc': 0.5262367262367262, 'MRR': 0.7308908045977012}
edge type: 6, random_score: {'roc_auc': 0.6464646464646465, 'MRR': 0.9612068965517241}, score: {'roc_auc': 0.5262367262367262, 'MRR': 0.7308908045977012}
ROC_AUC: 0.5262367262367262
Sec neigh test: score list: defaultdict(<class 'list'>, {'roc_auc': [0.5262367262367262], 'MRR': [0.7308908045977012]})
Random test: score list: defaultdict(<class 'list'>, {'roc_auc': [0.6464646464646465], 'MRR': [0.9612068965517241]})
Sec neigh test:average score: defaultdict(<class 'list'>, {'roc_auc': 0.5262, 'MRR': 0.7309})
Random test: average score: defaultdict(<class 'list'>, {'roc_auc': 0.6465, 'MRR': 0.9612})
Completed: amazon_style_ccc_features_securebert_fold_1 (rep 6)

--------------------------------------
Running model: GCN
Dataset: amazon_style_ccc_features_securebert_fold_2
Repetition: 6
--------------------------------------
use device: cpu
Namespace(data='amazon_style_ccc_features_securebert_fold_2', model_path='model.pt', train_iter_n=50, cuda=0, checkpoint='', epochs=100, patience=3, n_layers=2, n_heads=[4], dropout=0.5, model='GCN', lr=0.0001, weight_decay=0.0, batch_size=1024, edge_sample_ratio=1, test_with_CPU=False, decoder='dismult', feat_type=1)
args.feat_type 1
sys_path ['/home/simonettos/homhetgnn/HGB/LP/benchmark/methods/GNN', '/home/simonettos/homhetgnn/sbatches', '/home/simonettos/homhetgnn/HGB/LP/benchmark/methods/baseline', '/home/simonettos/homhetgnn/HGB/LP/benchmark', '/home/simonettos/homhetgnn/HGB/LP/benchmark/methods/GNN', '/home/simonettos/homhetgnn/HGB/LP/benchmark/methods/GNN/utils', '/home/simonettos/homhetgnn/HGB/LP/benchmark/methods/GNN/models', '/deepstore/software/anaconda3/2022.05/lib/python39.zip', '/deepstore/software/anaconda3/2022.05/lib/python3.9', '/deepstore/software/anaconda3/2022.05/lib/python3.9/lib-dynload', '/home/simonettos/homhetgnn/gpuvenv/lib/python3.9/site-packages', '../../', '../../']
Data path: /home/simonettos/homhetgnn/HGB/LP/benchmark/data/amazon_style_ccc_features_securebert_fold_2
Loading nodes from /home/simonettos/homhetgnn/HGB/LP/benchmark/data/amazon_style_ccc_features_securebert_fold_2/node.dat
edge types: dict_keys([5, 8, 6, 4, 7, 3, 2, 0, 10, 1, 9])
Getting training negative samples for edge types: [6]
nodes.shift keys: [0, 1, 2]
nodes.count keys: [0, 1, 2]
links.meta: {5: (0, 2), 8: (2, 2), 6: (2, 1), 4: (2, 2), 7: (1, 1), 3: (1, 1), 2: (2, 2), 0: (1, 1), 10: (2, 2), 1: (2, 2), 9: (2, 2)}
t_type about to use: 1
h_type: 2
shift dict: {0: 0, 1: 19264, 2: 19822}
count dict: Counter({0: 19264, 2: 940, 1: 558})
Generated 901 negative samples for edge type 6
Info: load amazon_style_ccc_features_securebert_fold_2 from original data and generate /home/simonettos/homhetgnn/HGB/LP/benchmark/data/amazon_style_ccc_features_securebert_fold_2/dl_pickle 
edge types: [6]
dataset: amazon_style_ccc_features_securebert_fold_2, eval_type: 6
epoch 0 | batch 0 |train loss 0.7002720832824707
Valid: loss 0.7081806659698486, score:{'roc_auc': 0.6003213957759412, 'MRR': 0.8074534161490682}
Saving model
epoch 0 | batch 1 |train loss 0.6213144063949585
epoch 1 | batch 0 |train loss 0.7238014936447144
Valid: loss 0.8654912114143372, score:{'roc_auc': 0.6400367309458218, 'MRR': 0.7971014492753623}
EarlyStopping counter: 1 out of 3
epoch 1 | batch 1 |train loss 0.5948448777198792
epoch 2 | batch 0 |train loss 0.755022406578064
Valid: loss 0.8135709762573242, score:{'roc_auc': 0.6051423324150598, 'MRR': 0.8074534161490682}
EarlyStopping counter: 2 out of 3
epoch 2 | batch 1 |train loss 0.6241660118103027
epoch 3 | batch 0 |train loss 0.6136702299118042
Valid: loss 0.869104266166687, score:{'roc_auc': 0.6432506887052343, 'MRR': 0.786231884057971}
Meta keys: dict_keys([6])
Data keys: dict_keys([6])
Edge type: 6, Meta: (2, 1)
Average links per head: 3.52
Median: 2.0, Min: 1, Max: 22
len test_list[0] 489
len test_list[1] 489
len test_label 489
2 hop test: loss 0.869104266166687, score:{'roc_auc': 0.46821573154003143, 'MRR': 0.7664868105515587}
(array([0, 1]), array([243, 246]))
[0.43495616 0.47202265 0.56952584 0.5726144  0.5781449  0.50470525
 0.6432214  0.44165492 0.7685918  0.9352989  0.19239965 0.14889278
 0.54351825 0.94390166 0.97388226 0.24388489 0.24682255 0.2809031
 0.972549   0.70057786]
Average links per head full random test: 1.49
Medianfull random test: 1.0, Min: 1, Max: 12
len test_list[0]full random test 492
len test_list[1]full random test 492
len test_label full random test 492
2 hop test: loss 0.869104266166687, score:{'roc_auc': 0.46821573154003143, 'MRR': 0.7664868105515587}
edge type: 6, random_score: {'roc_auc': 0.6378808910040319, 'MRR': 0.961630695443645}, score: {'roc_auc': 0.46821573154003143, 'MRR': 0.7664868105515587}
ROC_AUC: 0.46821573154003143
Sec neigh test: score list: defaultdict(<class 'list'>, {'roc_auc': [0.46821573154003143], 'MRR': [0.7664868105515587]})
Random test: score list: defaultdict(<class 'list'>, {'roc_auc': [0.6378808910040319], 'MRR': [0.961630695443645]})
Sec neigh test:average score: defaultdict(<class 'list'>, {'roc_auc': 0.4682, 'MRR': 0.7665})
Random test: average score: defaultdict(<class 'list'>, {'roc_auc': 0.6379, 'MRR': 0.9616})
Completed: amazon_style_ccc_features_securebert_fold_2 (rep 6)

--------------------------------------
Running model: GCN
Dataset: amazon_style_ccc_features_securebert_fold_3
Repetition: 6
--------------------------------------
use device: cpu
Namespace(data='amazon_style_ccc_features_securebert_fold_3', model_path='model.pt', train_iter_n=50, cuda=0, checkpoint='', epochs=100, patience=3, n_layers=2, n_heads=[4], dropout=0.5, model='GCN', lr=0.0001, weight_decay=0.0, batch_size=1024, edge_sample_ratio=1, test_with_CPU=False, decoder='dismult', feat_type=1)
args.feat_type 1
sys_path ['/home/simonettos/homhetgnn/HGB/LP/benchmark/methods/GNN', '/home/simonettos/homhetgnn/sbatches', '/home/simonettos/homhetgnn/HGB/LP/benchmark/methods/baseline', '/home/simonettos/homhetgnn/HGB/LP/benchmark', '/home/simonettos/homhetgnn/HGB/LP/benchmark/methods/GNN', '/home/simonettos/homhetgnn/HGB/LP/benchmark/methods/GNN/utils', '/home/simonettos/homhetgnn/HGB/LP/benchmark/methods/GNN/models', '/deepstore/software/anaconda3/2022.05/lib/python39.zip', '/deepstore/software/anaconda3/2022.05/lib/python3.9', '/deepstore/software/anaconda3/2022.05/lib/python3.9/lib-dynload', '/home/simonettos/homhetgnn/gpuvenv/lib/python3.9/site-packages', '../../', '../../']
Data path: /home/simonettos/homhetgnn/HGB/LP/benchmark/data/amazon_style_ccc_features_securebert_fold_3
Loading nodes from /home/simonettos/homhetgnn/HGB/LP/benchmark/data/amazon_style_ccc_features_securebert_fold_3/node.dat
edge types: dict_keys([5, 8, 6, 4, 7, 3, 2, 0, 10, 1, 9])
Getting training negative samples for edge types: [6]
nodes.shift keys: [0, 1, 2]
nodes.count keys: [0, 1, 2]
links.meta: {5: (0, 2), 8: (2, 2), 6: (2, 1), 4: (2, 2), 7: (1, 1), 3: (1, 1), 2: (2, 2), 0: (1, 1), 10: (2, 2), 1: (2, 2), 9: (2, 2)}
t_type about to use: 1
h_type: 2
shift dict: {0: 0, 1: 19264, 2: 19822}
count dict: Counter({0: 19264, 2: 940, 1: 558})
Generated 900 negative samples for edge type 6
Info: load amazon_style_ccc_features_securebert_fold_3 from original data and generate /home/simonettos/homhetgnn/HGB/LP/benchmark/data/amazon_style_ccc_features_securebert_fold_3/dl_pickle 
edge types: [6]
dataset: amazon_style_ccc_features_securebert_fold_3, eval_type: 6
epoch 0 | batch 0 |train loss 0.6939185857772827
Valid: loss 1.1099649667739868, score:{'roc_auc': 0.5384272666518155, 'MRR': 0.8592592592592594}
Saving model
epoch 0 | batch 1 |train loss 0.9320264458656311
epoch 1 | batch 0 |train loss 0.6246181726455688
Valid: loss 1.0225400924682617, score:{'roc_auc': 0.6088215638226777, 'MRR': 0.8439153439153438}
Saving model
epoch 1 | batch 1 |train loss 0.7719694375991821
epoch 2 | batch 0 |train loss 0.70499587059021
Valid: loss 0.8693893551826477, score:{'roc_auc': 0.636890175985743, 'MRR': 0.8546296296296295}
Saving model
epoch 2 | batch 1 |train loss 0.6828558444976807
epoch 3 | batch 0 |train loss 0.5986948013305664
Valid: loss 0.695780873298645, score:{'roc_auc': 0.6725328580975719, 'MRR': 0.8657407407407406}
Saving model
epoch 3 | batch 1 |train loss 0.6208716034889221
epoch 4 | batch 0 |train loss 0.6356083154678345
Valid: loss 0.7132837772369385, score:{'roc_auc': 0.6580530184896413, 'MRR': 0.8768518518518518}
EarlyStopping counter: 1 out of 3
epoch 4 | batch 1 |train loss 0.6264833807945251
epoch 5 | batch 0 |train loss 0.5875377655029297
Valid: loss 0.6755948662757874, score:{'roc_auc': 0.6520383158832702, 'MRR': 0.8657407407407406}
Saving model
epoch 5 | batch 1 |train loss 0.5806124806404114
epoch 6 | batch 0 |train loss 0.5834970474243164
Valid: loss 0.7458352446556091, score:{'roc_auc': 0.6290933392737803, 'MRR': 0.8435185185185184}
EarlyStopping counter: 1 out of 3
epoch 6 | batch 1 |train loss 0.5898948311805725
epoch 7 | batch 0 |train loss 0.5841242074966431
Valid: loss 0.7366679310798645, score:{'roc_auc': 0.6357763421697483, 'MRR': 0.8435185185185184}
EarlyStopping counter: 2 out of 3
epoch 7 | batch 1 |train loss 0.5808146595954895
epoch 8 | batch 0 |train loss 0.566162109375
Valid: loss 0.7001957893371582, score:{'roc_auc': 0.656048117620851, 'MRR': 0.8435185185185184}
Meta keys: dict_keys([6])
Data keys: dict_keys([6])
Edge type: 6, Meta: (2, 1)
Average links per head: 3.48
Median: 2.0, Min: 2, Max: 22
len test_list[0] 490
len test_list[1] 490
len test_label 490
2 hop test: loss 0.7001957893371582, score:{'roc_auc': 0.5577842565597667, 'MRR': 0.7789598108747046}
(array([0, 1]), array([245, 245]))
[0.5189307  0.6118509  0.66068834 0.6809683  0.6902336  0.34773916
 0.73013425 0.80273175 0.82092476 0.6823094  0.21954405 0.5034489
 0.9734162  0.687661   0.21962743 0.20429151 0.22108829 0.5952323
 0.874131   0.35679746]
Average links per head full random test: 1.48
Medianfull random test: 1.0, Min: 1, Max: 12
len test_list[0]full random test 490
len test_list[1]full random test 490
len test_label full random test 490
2 hop test: loss 0.7001957893371582, score:{'roc_auc': 0.5577842565597667, 'MRR': 0.7789598108747046}
edge type: 6, random_score: {'roc_auc': 0.7006830487296961, 'MRR': 0.9716312056737588}, score: {'roc_auc': 0.5577842565597667, 'MRR': 0.7789598108747046}
ROC_AUC: 0.5577842565597667
Sec neigh test: score list: defaultdict(<class 'list'>, {'roc_auc': [0.5577842565597667], 'MRR': [0.7789598108747046]})
Random test: score list: defaultdict(<class 'list'>, {'roc_auc': [0.7006830487296961], 'MRR': [0.9716312056737588]})
Sec neigh test:average score: defaultdict(<class 'list'>, {'roc_auc': 0.5578, 'MRR': 0.779})
Random test: average score: defaultdict(<class 'list'>, {'roc_auc': 0.7007, 'MRR': 0.9716})
Completed: amazon_style_ccc_features_securebert_fold_3 (rep 6)

--------------------------------------
Running model: GCN
Dataset: amazon_style_ccc_features_securebert_fold_4
Repetition: 6
--------------------------------------
use device: cpu
Namespace(data='amazon_style_ccc_features_securebert_fold_4', model_path='model.pt', train_iter_n=50, cuda=0, checkpoint='', epochs=100, patience=3, n_layers=2, n_heads=[4], dropout=0.5, model='GCN', lr=0.0001, weight_decay=0.0, batch_size=1024, edge_sample_ratio=1, test_with_CPU=False, decoder='dismult', feat_type=1)
args.feat_type 1
sys_path ['/home/simonettos/homhetgnn/HGB/LP/benchmark/methods/GNN', '/home/simonettos/homhetgnn/sbatches', '/home/simonettos/homhetgnn/HGB/LP/benchmark/methods/baseline', '/home/simonettos/homhetgnn/HGB/LP/benchmark', '/home/simonettos/homhetgnn/HGB/LP/benchmark/methods/GNN', '/home/simonettos/homhetgnn/HGB/LP/benchmark/methods/GNN/utils', '/home/simonettos/homhetgnn/HGB/LP/benchmark/methods/GNN/models', '/deepstore/software/anaconda3/2022.05/lib/python39.zip', '/deepstore/software/anaconda3/2022.05/lib/python3.9', '/deepstore/software/anaconda3/2022.05/lib/python3.9/lib-dynload', '/home/simonettos/homhetgnn/gpuvenv/lib/python3.9/site-packages', '../../', '../../']
Data path: /home/simonettos/homhetgnn/HGB/LP/benchmark/data/amazon_style_ccc_features_securebert_fold_4
Loading nodes from /home/simonettos/homhetgnn/HGB/LP/benchmark/data/amazon_style_ccc_features_securebert_fold_4/node.dat
edge types: dict_keys([5, 8, 6, 4, 7, 3, 2, 0, 10, 1, 9])
Getting training negative samples for edge types: [6]
nodes.shift keys: [0, 1, 2]
nodes.count keys: [0, 1, 2]
links.meta: {5: (0, 2), 8: (2, 2), 6: (2, 1), 4: (2, 2), 7: (1, 1), 3: (1, 1), 2: (2, 2), 0: (1, 1), 10: (2, 2), 1: (2, 2), 9: (2, 2)}
t_type about to use: 1
h_type: 2
shift dict: {0: 0, 1: 19264, 2: 19822}
count dict: Counter({0: 19264, 2: 940, 1: 558})
Generated 885 negative samples for edge type 6
Info: load amazon_style_ccc_features_securebert_fold_4 from original data and generate /home/simonettos/homhetgnn/HGB/LP/benchmark/data/amazon_style_ccc_features_securebert_fold_4/dl_pickle 
edge types: [6]
dataset: amazon_style_ccc_features_securebert_fold_4, eval_type: 6
epoch 0 | batch 0 |train loss 0.708305835723877
Valid: loss 0.8478197455406189, score:{'roc_auc': 0.6054823972050524, 'MRR': 0.8953488372093024}
Saving model
epoch 0 | batch 1 |train loss 0.7162709832191467
epoch 1 | batch 0 |train loss 0.6664882898330688
Valid: loss 0.7387394905090332, score:{'roc_auc': 0.6686374630475678, 'MRR': 0.9302325581395349}
Saving model
epoch 1 | batch 1 |train loss 0.6674656867980957
epoch 2 | batch 0 |train loss 0.8357394337654114
Valid: loss 0.7361007928848267, score:{'roc_auc': 0.6852996506315506, 'MRR': 0.9069767441860465}
Saving model
epoch 2 | batch 1 |train loss 0.5710646510124207
epoch 3 | batch 0 |train loss 0.6816355586051941
Valid: loss 0.7999945282936096, score:{'roc_auc': 0.6852996506315505, 'MRR': 0.9069767441860465}
EarlyStopping counter: 1 out of 3
epoch 3 | batch 1 |train loss 0.5910174250602722
epoch 4 | batch 0 |train loss 0.6433529853820801
Valid: loss 0.6704897880554199, score:{'roc_auc': 0.6987368986831498, 'MRR': 0.8953488372093024}
Saving model
epoch 4 | batch 1 |train loss 0.5467086434364319
epoch 5 | batch 0 |train loss 0.5938634872436523
Valid: loss 0.6170513033866882, score:{'roc_auc': 0.733942488578339, 'MRR': 0.9069767441860465}
Saving model
epoch 5 | batch 1 |train loss 0.547909677028656
epoch 6 | batch 0 |train loss 0.6035475134849548
Valid: loss 0.6109029054641724, score:{'roc_auc': 0.7304488040849235, 'MRR': 0.8953488372093024}
Saving model
epoch 6 | batch 1 |train loss 0.5265065431594849
epoch 7 | batch 0 |train loss 0.5617676973342896
Valid: loss 0.6531878113746643, score:{'roc_auc': 0.7094866971244289, 'MRR': 0.8837209302325582}
EarlyStopping counter: 1 out of 3
epoch 7 | batch 1 |train loss 0.5241987109184265
epoch 8 | batch 0 |train loss 0.5868420600891113
Valid: loss 0.6772026419639587, score:{'roc_auc': 0.706799247514109, 'MRR': 0.8837209302325582}
EarlyStopping counter: 2 out of 3
epoch 8 | batch 1 |train loss 0.5323331952095032
epoch 9 | batch 0 |train loss 0.5802134275436401
Valid: loss 0.638801634311676, score:{'roc_auc': 0.7250739048642838, 'MRR': 0.8837209302325582}
Meta keys: dict_keys([6])
Data keys: dict_keys([6])
Edge type: 6, Meta: (2, 1)
Average links per head: 3.69
Median: 2.0, Min: 1, Max: 32
len test_list[0] 531
len test_list[1] 531
len test_label 531
2 hop test: loss 0.638801634311676, score:{'roc_auc': 0.4870336217903249, 'MRR': 0.7311342592592592}
(array([0, 1]), array([265, 266]))
[0.54635036 0.5315822  0.6802335  0.36554196 0.21556729 0.19502674
 0.64566565 0.9211499  0.8013297  0.25291452 0.6303497  0.7031146
 0.12889673 0.82621294 0.67877704 0.6316429  0.8999065  0.7122655
 0.14702483 0.68557566]
Average links per head full random test: 1.55
Medianfull random test: 1.0, Min: 1, Max: 17
len test_list[0]full random test 532
len test_list[1]full random test 532
len test_label full random test 532
2 hop test: loss 0.638801634311676, score:{'roc_auc': 0.4870336217903249, 'MRR': 0.7311342592592592}
edge type: 6, random_score: {'roc_auc': 0.6647351461360167, 'MRR': 0.9618055555555556}, score: {'roc_auc': 0.4870336217903249, 'MRR': 0.7311342592592592}
ROC_AUC: 0.4870336217903249
Sec neigh test: score list: defaultdict(<class 'list'>, {'roc_auc': [0.4870336217903249], 'MRR': [0.7311342592592592]})
Random test: score list: defaultdict(<class 'list'>, {'roc_auc': [0.6647351461360167], 'MRR': [0.9618055555555556]})
Sec neigh test:average score: defaultdict(<class 'list'>, {'roc_auc': 0.487, 'MRR': 0.7311})
Random test: average score: defaultdict(<class 'list'>, {'roc_auc': 0.6647, 'MRR': 0.9618})
Completed: amazon_style_ccc_features_securebert_fold_4 (rep 6)

--------------------------------------
Running model: GCN
Dataset: amazon_style_ccc_features_securebert_fold_5
Repetition: 6
--------------------------------------
use device: cpu
Namespace(data='amazon_style_ccc_features_securebert_fold_5', model_path='model.pt', train_iter_n=50, cuda=0, checkpoint='', epochs=100, patience=3, n_layers=2, n_heads=[4], dropout=0.5, model='GCN', lr=0.0001, weight_decay=0.0, batch_size=1024, edge_sample_ratio=1, test_with_CPU=False, decoder='dismult', feat_type=1)
args.feat_type 1
sys_path ['/home/simonettos/homhetgnn/HGB/LP/benchmark/methods/GNN', '/home/simonettos/homhetgnn/sbatches', '/home/simonettos/homhetgnn/HGB/LP/benchmark/methods/baseline', '/home/simonettos/homhetgnn/HGB/LP/benchmark', '/home/simonettos/homhetgnn/HGB/LP/benchmark/methods/GNN', '/home/simonettos/homhetgnn/HGB/LP/benchmark/methods/GNN/utils', '/home/simonettos/homhetgnn/HGB/LP/benchmark/methods/GNN/models', '/deepstore/software/anaconda3/2022.05/lib/python39.zip', '/deepstore/software/anaconda3/2022.05/lib/python3.9', '/deepstore/software/anaconda3/2022.05/lib/python3.9/lib-dynload', '/home/simonettos/homhetgnn/gpuvenv/lib/python3.9/site-packages', '../../', '../../']
Data path: /home/simonettos/homhetgnn/HGB/LP/benchmark/data/amazon_style_ccc_features_securebert_fold_5
Loading nodes from /home/simonettos/homhetgnn/HGB/LP/benchmark/data/amazon_style_ccc_features_securebert_fold_5/node.dat
edge types: dict_keys([5, 8, 6, 4, 7, 3, 2, 0, 10, 1, 9])
Getting training negative samples for edge types: [6]
nodes.shift keys: [0, 1, 2]
nodes.count keys: [0, 1, 2]
links.meta: {5: (0, 2), 8: (2, 2), 6: (2, 1), 4: (2, 2), 7: (1, 1), 3: (1, 1), 2: (2, 2), 0: (1, 1), 10: (2, 2), 1: (2, 2), 9: (2, 2)}
t_type about to use: 1
h_type: 2
shift dict: {0: 0, 1: 19264, 2: 19822}
count dict: Counter({0: 19264, 2: 940, 1: 558})
Generated 888 negative samples for edge type 6
Info: load amazon_style_ccc_features_securebert_fold_5 from original data and generate /home/simonettos/homhetgnn/HGB/LP/benchmark/data/amazon_style_ccc_features_securebert_fold_5/dl_pickle 
edge types: [6]
dataset: amazon_style_ccc_features_securebert_fold_5, eval_type: 6
epoch 0 | batch 0 |train loss 0.6978028416633606
Valid: loss 0.8189242482185364, score:{'roc_auc': 0.5794163510804188, 'MRR': 0.8138211382113821}
Saving model
epoch 0 | batch 1 |train loss 0.7246503829956055
epoch 1 | batch 0 |train loss 0.6816454529762268
Valid: loss 0.9872586727142334, score:{'roc_auc': 0.5635999108932948, 'MRR': 0.8178861788617886}
EarlyStopping counter: 1 out of 3
epoch 1 | batch 1 |train loss 0.6894406080245972
epoch 2 | batch 0 |train loss 0.6266041994094849
Valid: loss 0.8252963423728943, score:{'roc_auc': 0.6123858320338608, 'MRR': 0.8382113821138212}
EarlyStopping counter: 2 out of 3
epoch 2 | batch 1 |train loss 0.6246498823165894
epoch 3 | batch 0 |train loss 0.6342639923095703
Valid: loss 0.805167555809021, score:{'roc_auc': 0.6036979282691022, 'MRR': 0.8382113821138212}
Saving model
epoch 3 | batch 1 |train loss 0.6140199899673462
epoch 4 | batch 0 |train loss 0.5902249217033386
Valid: loss 0.8167202472686768, score:{'roc_auc': 0.5847627533971931, 'MRR': 0.8016260162601626}
EarlyStopping counter: 1 out of 3
epoch 4 | batch 1 |train loss 0.5868741273880005
epoch 5 | batch 0 |train loss 0.5918012857437134
Valid: loss 0.8213768005371094, score:{'roc_auc': 0.5860993539763867, 'MRR': 0.8016260162601626}
EarlyStopping counter: 2 out of 3
epoch 5 | batch 1 |train loss 0.5757866501808167
epoch 6 | batch 0 |train loss 0.5802493691444397
Valid: loss 0.7792488932609558, score:{'roc_auc': 0.6094898641122746, 'MRR': 0.7772357723577236}
Saving model
epoch 6 | batch 1 |train loss 0.5664740800857544
epoch 7 | batch 0 |train loss 0.5833421945571899
Valid: loss 0.7616314888000488, score:{'roc_auc': 0.6429048785921141, 'MRR': 0.7853658536585366}
Saving model
epoch 7 | batch 1 |train loss 0.561057448387146
epoch 8 | batch 0 |train loss 0.5707839727401733
Valid: loss 0.7719948887825012, score:{'roc_auc': 0.6535976832256628, 'MRR': 0.7853658536585366}
EarlyStopping counter: 1 out of 3
epoch 8 | batch 1 |train loss 0.5596270561218262
epoch 9 | batch 0 |train loss 0.5710895657539368
Valid: loss 0.7835735082626343, score:{'roc_auc': 0.6513700155936735, 'MRR': 0.7853658536585366}
EarlyStopping counter: 2 out of 3
epoch 9 | batch 1 |train loss 0.5630379319190979
epoch 10 | batch 0 |train loss 0.5716924071311951
Valid: loss 0.7720198631286621, score:{'roc_auc': 0.6471374470928938, 'MRR': 0.7853658536585366}
Meta keys: dict_keys([6])
Data keys: dict_keys([6])
Edge type: 6, Meta: (2, 1)
Average links per head: 3.23
Median: 2.0, Min: 1, Max: 20
len test_list[0] 514
len test_list[1] 514
len test_label 514
2 hop test: loss 0.7720198631286621, score:{'roc_auc': 0.5470869670542635, 'MRR': 0.7391684136967156}
(array([0, 1]), array([256, 258]))
[0.7302479  0.53160214 0.48014602 0.32261193 0.2928778  0.66358787
 0.35147873 0.5326443  0.9164262  0.79823846 0.7931716  0.1438563
 0.4354555  0.9500349  0.65803665 0.1303684  0.5362323  0.8669797
 0.19992079 0.23757625]
Average links per head full random test: 1.46
Medianfull random test: 1.0, Min: 1, Max: 11
len test_list[0]full random test 516
len test_list[1]full random test 516
len test_label full random test 516
2 hop test: loss 0.7720198631286621, score:{'roc_auc': 0.5470869670542635, 'MRR': 0.7391684136967156}
edge type: 6, random_score: {'roc_auc': 0.7087915389700139, 'MRR': 0.9549266247379454}, score: {'roc_auc': 0.5470869670542635, 'MRR': 0.7391684136967156}
ROC_AUC: 0.5470869670542635
Sec neigh test: score list: defaultdict(<class 'list'>, {'roc_auc': [0.5470869670542635], 'MRR': [0.7391684136967156]})
Random test: score list: defaultdict(<class 'list'>, {'roc_auc': [0.7087915389700139], 'MRR': [0.9549266247379454]})
Sec neigh test:average score: defaultdict(<class 'list'>, {'roc_auc': 0.5471, 'MRR': 0.7392})
Random test: average score: defaultdict(<class 'list'>, {'roc_auc': 0.7088, 'MRR': 0.9549})
Completed: amazon_style_ccc_features_securebert_fold_5 (rep 6)

All 30 jobs completed.
Setup complete
