Starting GCN batch job with 6 repetitions...
=== Repetition 1/6 ===
--------------------------------------
Running model: GCN
Dataset: amazon_style_ccctt_features_securebert_fold_1
Repetition: 1
--------------------------------------
use device: cpu
Namespace(data='amazon_style_ccctt_features_securebert_fold_1', model_path='model.pt', train_iter_n=50, cuda=0, checkpoint='', epochs=100, patience=3, n_layers=2, n_heads=[4], dropout=0.5, model='GCN', lr=0.0001, weight_decay=0.0, batch_size=1024, edge_sample_ratio=1, test_with_CPU=False, decoder='dismult', feat_type=1)
args.feat_type 1
sys_path ['/home/simonettos/homhetgnn/HGB/LP/benchmark/methods/GNN', '/home/simonettos/homhetgnn/sbatches', '/home/simonettos/homhetgnn/HGB/LP/benchmark/methods/baseline', '/home/simonettos/homhetgnn/HGB/LP/benchmark', '/home/simonettos/homhetgnn/HGB/LP/benchmark/methods/GNN', '/home/simonettos/homhetgnn/HGB/LP/benchmark/methods/GNN/utils', '/home/simonettos/homhetgnn/HGB/LP/benchmark/methods/GNN/models', '/deepstore/software/anaconda3/2022.05/lib/python39.zip', '/deepstore/software/anaconda3/2022.05/lib/python3.9', '/deepstore/software/anaconda3/2022.05/lib/python3.9/lib-dynload', '/home/simonettos/homhetgnn/gpuvenv/lib/python3.9/site-packages', '../../', '../../']
Data path: /home/simonettos/homhetgnn/HGB/LP/benchmark/data/amazon_style_ccctt_features_securebert_fold_1
Loading nodes from /home/simonettos/homhetgnn/HGB/LP/benchmark/data/amazon_style_ccctt_features_securebert_fold_1/node.dat
edge types: dict_keys([6, 5, 7, 12, 2, 8, 9, 3, 4, 10, 1, 0, 11])
Getting training negative samples for edge types: [7]
nodes.shift keys: [0, 1, 2, 3, 4]
nodes.count keys: [0, 1, 2, 3, 4]
links.meta: {6: (2, 4), 5: (4, 4), 7: (4, 3), 12: (1, 0), 2: (4, 4), 8: (3, 3), 9: (4, 4), 3: (3, 1), 4: (3, 3), 10: (4, 4), 1: (4, 4), 0: (3, 3), 11: (4, 4)}
t_type about to use: 3
h_type: 4
shift dict: {0: 0, 1: 14, 2: 813, 3: 20077, 4: 20635}
count dict: Counter({2: 19264, 4: 940, 1: 799, 3: 558, 0: 14})
Generated 904 negative samples for edge type 7
Info: load amazon_style_ccctt_features_securebert_fold_1 from original data and generate /home/simonettos/homhetgnn/HGB/LP/benchmark/data/amazon_style_ccctt_features_securebert_fold_1/dl_pickle 
edge types: [7]
dataset: amazon_style_ccctt_features_securebert_fold_1, eval_type: 7
epoch 0 | batch 0 |train loss 0.6942804455757141
Valid: loss 0.9345871210098267, score:{'roc_auc': 0.6035502958579883, 'MRR': 0.85}
Saving model
epoch 0 | batch 1 |train loss 0.7339221239089966
epoch 1 | batch 0 |train loss 0.6591024398803711
Valid: loss 0.7877199649810791, score:{'roc_auc': 0.6011834319526627, 'MRR': 0.8666666666666667}
Saving model
epoch 1 | batch 1 |train loss 0.7143698930740356
epoch 2 | batch 0 |train loss 0.7209904193878174
Valid: loss 0.813910186290741, score:{'roc_auc': 0.6603550295857988, 'MRR': 0.8407407407407407}
EarlyStopping counter: 1 out of 3
epoch 2 | batch 1 |train loss 0.6106950640678406
epoch 3 | batch 0 |train loss 0.6743236780166626
Valid: loss 0.8324413299560547, score:{'roc_auc': 0.6492307692307692, 'MRR': 0.8388888888888889}
EarlyStopping counter: 2 out of 3
epoch 3 | batch 1 |train loss 0.6079673171043396
epoch 4 | batch 0 |train loss 0.6190619468688965
Valid: loss 0.6884647011756897, score:{'roc_auc': 0.6575147928994082, 'MRR': 0.8611111111111112}
Saving model
epoch 4 | batch 1 |train loss 0.5750487446784973
epoch 5 | batch 0 |train loss 0.5813440084457397
Valid: loss 0.6539315581321716, score:{'roc_auc': 0.674319526627219, 'MRR': 0.8629629629629628}
Saving model
epoch 5 | batch 1 |train loss 0.5916547179222107
epoch 6 | batch 0 |train loss 0.5668359398841858
Valid: loss 0.6396904587745667, score:{'roc_auc': 0.6764497041420118, 'MRR': 0.8555555555555555}
Saving model
epoch 6 | batch 1 |train loss 0.5662668347358704
epoch 7 | batch 0 |train loss 0.5504650473594666
Valid: loss 0.6736966967582703, score:{'roc_auc': 0.6702958579881657, 'MRR': 0.8444444444444444}
EarlyStopping counter: 1 out of 3
epoch 7 | batch 1 |train loss 0.5695355534553528
epoch 8 | batch 0 |train loss 0.5577867031097412
Valid: loss 0.6841949224472046, score:{'roc_auc': 0.6755029585798817, 'MRR': 0.8555555555555555}
EarlyStopping counter: 2 out of 3
epoch 8 | batch 1 |train loss 0.5693241953849792
epoch 9 | batch 0 |train loss 0.5391910076141357
Valid: loss 0.6588233113288879, score:{'roc_auc': 0.6873372781065089, 'MRR': 0.8555555555555555}
Meta keys: dict_keys([7])
Data keys: dict_keys([7])
Edge type: 7, Meta: (4, 3)
Average links per head: 3.32
Median: 2.0, Min: 1, Max: 20
len test_list[0] 485
len test_list[1] 485
len test_label 485
2 hop test: loss 0.6588233113288879, score:{'roc_auc': 0.5411352583069755, 'MRR': 0.7846542726679712}
(array([0, 1]), array([242, 243]))
[0.5092054  0.6074185  0.6527303  0.44661924 0.42895412 0.62354654
 0.37611416 0.5601241  0.5781482  0.91992176 0.6997193  0.20075086
 0.18120621 0.61453813 0.2635162  0.2396016  0.8682964  0.5942599
 0.4685005  0.800542  ]
Average links per head full random test: 1.46
Medianfull random test: 1.0, Min: 1, Max: 11
len test_list[0]full random test 486
len test_list[1]full random test 486
len test_label full random test 486
2 hop test: loss 0.6588233113288879, score:{'roc_auc': 0.5411352583069755, 'MRR': 0.7846542726679712}
edge type: 7, random_score: {'roc_auc': 0.7049569002015276, 'MRR': 0.9554794520547946}, score: {'roc_auc': 0.5411352583069755, 'MRR': 0.7846542726679712}
ROC_AUC: 0.5411352583069755
Sec neigh test: score list: defaultdict(<class 'list'>, {'roc_auc': [0.5411352583069755], 'MRR': [0.7846542726679712]})
Random test: score list: defaultdict(<class 'list'>, {'roc_auc': [0.7049569002015276], 'MRR': [0.9554794520547946]})
Sec neigh test:average score: defaultdict(<class 'list'>, {'roc_auc': 0.5411, 'MRR': 0.7847})
Random test: average score: defaultdict(<class 'list'>, {'roc_auc': 0.705, 'MRR': 0.9555})
Completed: amazon_style_ccctt_features_securebert_fold_1 (rep 1)

--------------------------------------
Running model: GCN
Dataset: amazon_style_ccctt_features_securebert_fold_2
Repetition: 1
--------------------------------------
use device: cpu
Namespace(data='amazon_style_ccctt_features_securebert_fold_2', model_path='model.pt', train_iter_n=50, cuda=0, checkpoint='', epochs=100, patience=3, n_layers=2, n_heads=[4], dropout=0.5, model='GCN', lr=0.0001, weight_decay=0.0, batch_size=1024, edge_sample_ratio=1, test_with_CPU=False, decoder='dismult', feat_type=1)
args.feat_type 1
sys_path ['/home/simonettos/homhetgnn/HGB/LP/benchmark/methods/GNN', '/home/simonettos/homhetgnn/sbatches', '/home/simonettos/homhetgnn/HGB/LP/benchmark/methods/baseline', '/home/simonettos/homhetgnn/HGB/LP/benchmark', '/home/simonettos/homhetgnn/HGB/LP/benchmark/methods/GNN', '/home/simonettos/homhetgnn/HGB/LP/benchmark/methods/GNN/utils', '/home/simonettos/homhetgnn/HGB/LP/benchmark/methods/GNN/models', '/deepstore/software/anaconda3/2022.05/lib/python39.zip', '/deepstore/software/anaconda3/2022.05/lib/python3.9', '/deepstore/software/anaconda3/2022.05/lib/python3.9/lib-dynload', '/home/simonettos/homhetgnn/gpuvenv/lib/python3.9/site-packages', '../../', '../../']
Data path: /home/simonettos/homhetgnn/HGB/LP/benchmark/data/amazon_style_ccctt_features_securebert_fold_2
Loading nodes from /home/simonettos/homhetgnn/HGB/LP/benchmark/data/amazon_style_ccctt_features_securebert_fold_2/node.dat
edge types: dict_keys([7, 6, 5, 12, 4, 8, 3, 0, 2, 9, 1, 10, 11])
Getting training negative samples for edge types: [7]
nodes.shift keys: [0, 1, 2, 3, 4]
nodes.count keys: [0, 1, 2, 3, 4]
links.meta: {7: (4, 3), 6: (2, 4), 5: (4, 4), 12: (1, 0), 4: (3, 3), 8: (3, 3), 3: (3, 1), 0: (3, 3), 2: (4, 4), 9: (4, 4), 1: (4, 4), 10: (4, 4), 11: (4, 4)}
t_type about to use: 3
h_type: 4
shift dict: {0: 0, 1: 14, 2: 813, 3: 20077, 4: 20635}
count dict: Counter({2: 19264, 4: 940, 1: 799, 3: 558, 0: 14})
Generated 888 negative samples for edge type 7
Info: load amazon_style_ccctt_features_securebert_fold_2 from original data and generate /home/simonettos/homhetgnn/HGB/LP/benchmark/data/amazon_style_ccctt_features_securebert_fold_2/dl_pickle 
edge types: [7]
dataset: amazon_style_ccctt_features_securebert_fold_2, eval_type: 7
epoch 0 | batch 0 |train loss 0.6974815726280212
Valid: loss 0.6358728408813477, score:{'roc_auc': 0.6611237087427564, 'MRR': 0.8333333333333334}
Saving model
epoch 0 | batch 1 |train loss 0.6377002596855164
epoch 1 | batch 0 |train loss 0.6149201989173889
Valid: loss 0.6937757134437561, score:{'roc_auc': 0.6797682035777274, 'MRR': 0.8592592592592592}
EarlyStopping counter: 1 out of 3
epoch 1 | batch 1 |train loss 0.6383484601974487
epoch 2 | batch 0 |train loss 0.6498767137527466
Valid: loss 0.6484264731407166, score:{'roc_auc': 0.6890904509952128, 'MRR': 0.8925925925925925}
EarlyStopping counter: 2 out of 3
epoch 2 | batch 1 |train loss 0.5952534675598145
epoch 3 | batch 0 |train loss 0.5909445881843567
Valid: loss 0.62513267993927, score:{'roc_auc': 0.7228521038044846, 'MRR': 0.8851851851851851}
Saving model
epoch 3 | batch 1 |train loss 0.5800575017929077
epoch 4 | batch 0 |train loss 0.5693925619125366
Valid: loss 0.607674777507782, score:{'roc_auc': 0.7336860670194004, 'MRR': 0.8851851851851851}
Saving model
epoch 4 | batch 1 |train loss 0.5675957798957825
epoch 5 | batch 0 |train loss 0.5457893013954163
Valid: loss 0.6287299990653992, score:{'roc_auc': 0.7180650037792894, 'MRR': 0.874074074074074}
EarlyStopping counter: 1 out of 3
epoch 5 | batch 1 |train loss 0.5515811443328857
epoch 6 | batch 0 |train loss 0.5525273084640503
Valid: loss 0.6267421245574951, score:{'roc_auc': 0.727387251196775, 'MRR': 0.8851851851851851}
EarlyStopping counter: 2 out of 3
epoch 6 | batch 1 |train loss 0.553338885307312
epoch 7 | batch 0 |train loss 0.5392307639122009
Valid: loss 0.6200539469718933, score:{'roc_auc': 0.7548500881834216, 'MRR': 0.8851851851851851}
Meta keys: dict_keys([7])
Data keys: dict_keys([7])
Edge type: 7, Meta: (4, 3)
Average links per head: 3.77
Median: 2.0, Min: 1, Max: 26
len test_list[0] 520
len test_list[1] 520
len test_label 520
2 hop test: loss 0.6200539469718933, score:{'roc_auc': 0.5255551117620083, 'MRR': 0.7502415458937198}
(array([0, 1]), array([259, 261]))
[0.6163133  0.5392049  0.42083988 0.5165171  0.67660874 0.7189803
 0.43489212 0.5618859  0.945413   0.68336034 0.69169486 0.8656346
 0.18506543 0.1944728  0.6577793  0.94797015 0.64025205 0.95461524
 0.5908214  0.37051666]
Average links per head full random test: 1.57
Medianfull random test: 1.0, Min: 1, Max: 14
len test_list[0]full random test 522
len test_list[1]full random test 522
len test_label full random test 522
2 hop test: loss 0.6200539469718933, score:{'roc_auc': 0.5255551117620083, 'MRR': 0.7502415458937198}
edge type: 7, random_score: {'roc_auc': 0.6913433449303445, 'MRR': 0.967391304347826}, score: {'roc_auc': 0.5255551117620083, 'MRR': 0.7502415458937198}
ROC_AUC: 0.5255551117620083
Sec neigh test: score list: defaultdict(<class 'list'>, {'roc_auc': [0.5255551117620083], 'MRR': [0.7502415458937198]})
Random test: score list: defaultdict(<class 'list'>, {'roc_auc': [0.6913433449303445], 'MRR': [0.967391304347826]})
Sec neigh test:average score: defaultdict(<class 'list'>, {'roc_auc': 0.5256, 'MRR': 0.7502})
Random test: average score: defaultdict(<class 'list'>, {'roc_auc': 0.6913, 'MRR': 0.9674})
Completed: amazon_style_ccctt_features_securebert_fold_2 (rep 1)

--------------------------------------
Running model: GCN
Dataset: amazon_style_ccctt_features_securebert_fold_3
Repetition: 1
--------------------------------------
use device: cpu
Namespace(data='amazon_style_ccctt_features_securebert_fold_3', model_path='model.pt', train_iter_n=50, cuda=0, checkpoint='', epochs=100, patience=3, n_layers=2, n_heads=[4], dropout=0.5, model='GCN', lr=0.0001, weight_decay=0.0, batch_size=1024, edge_sample_ratio=1, test_with_CPU=False, decoder='dismult', feat_type=1)
args.feat_type 1
sys_path ['/home/simonettos/homhetgnn/HGB/LP/benchmark/methods/GNN', '/home/simonettos/homhetgnn/sbatches', '/home/simonettos/homhetgnn/HGB/LP/benchmark/methods/baseline', '/home/simonettos/homhetgnn/HGB/LP/benchmark', '/home/simonettos/homhetgnn/HGB/LP/benchmark/methods/GNN', '/home/simonettos/homhetgnn/HGB/LP/benchmark/methods/GNN/utils', '/home/simonettos/homhetgnn/HGB/LP/benchmark/methods/GNN/models', '/deepstore/software/anaconda3/2022.05/lib/python39.zip', '/deepstore/software/anaconda3/2022.05/lib/python3.9', '/deepstore/software/anaconda3/2022.05/lib/python3.9/lib-dynload', '/home/simonettos/homhetgnn/gpuvenv/lib/python3.9/site-packages', '../../', '../../']
Data path: /home/simonettos/homhetgnn/HGB/LP/benchmark/data/amazon_style_ccctt_features_securebert_fold_3
Loading nodes from /home/simonettos/homhetgnn/HGB/LP/benchmark/data/amazon_style_ccctt_features_securebert_fold_3/node.dat
edge types: dict_keys([7, 6, 5, 12, 4, 8, 3, 0, 2, 9, 1, 10, 11])
Getting training negative samples for edge types: [7]
nodes.shift keys: [0, 1, 2, 3, 4]
nodes.count keys: [0, 1, 2, 3, 4]
links.meta: {7: (4, 3), 6: (2, 4), 5: (4, 4), 12: (1, 0), 4: (3, 3), 8: (3, 3), 3: (3, 1), 0: (3, 3), 2: (4, 4), 9: (4, 4), 1: (4, 4), 10: (4, 4), 11: (4, 4)}
t_type about to use: 3
h_type: 4
shift dict: {0: 0, 1: 14, 2: 813, 3: 20077, 4: 20635}
count dict: Counter({2: 19264, 4: 940, 1: 799, 3: 558, 0: 14})
Generated 884 negative samples for edge type 7
Info: load amazon_style_ccctt_features_securebert_fold_3 from original data and generate /home/simonettos/homhetgnn/HGB/LP/benchmark/data/amazon_style_ccctt_features_securebert_fold_3/dl_pickle 
edge types: [7]
dataset: amazon_style_ccctt_features_securebert_fold_3, eval_type: 7
epoch 0 | batch 0 |train loss 0.7036571502685547
Valid: loss 0.7023348808288574, score:{'roc_auc': 0.668054110301769, 'MRR': 0.8731060606060607}
Saving model
epoch 0 | batch 1 |train loss 0.641037106513977
epoch 1 | batch 0 |train loss 0.6654852628707886
Valid: loss 0.7506293654441833, score:{'roc_auc': 0.6576482830385016, 'MRR': 0.850378787878788}
EarlyStopping counter: 1 out of 3
epoch 1 | batch 1 |train loss 0.6117531657218933
epoch 2 | batch 0 |train loss 0.7070460319519043
Valid: loss 0.7766861319541931, score:{'roc_auc': 0.6701352757544224, 'MRR': 0.8636363636363636}
EarlyStopping counter: 2 out of 3
epoch 2 | batch 1 |train loss 0.5903411507606506
epoch 3 | batch 0 |train loss 0.677966296672821
Valid: loss 0.7396709322929382, score:{'roc_auc': 0.6925078043704475, 'MRR': 0.850378787878788}
Meta keys: dict_keys([7])
Data keys: dict_keys([7])
Edge type: 7, Meta: (4, 3)
Average links per head: 3.56
Median: 2.0, Min: 1, Max: 34
len test_list[0] 530
len test_list[1] 530
len test_label 530
2 hop test: loss 0.7396709322929382, score:{'roc_auc': 0.512531328320802, 'MRR': 0.7785234899328859}
(array([0, 1]), array([264, 266]))
[0.83567744 0.3549942  0.8238598  0.88125145 0.36432582 0.8259778
 0.14628327 0.8813507  0.72824717 0.55003625 0.9478298  0.5003081
 0.20979756 0.44117758 0.42611197 0.43174207 0.58993876 0.9766234
 0.79518497 0.7128649 ]
Average links per head full random test: 1.49
Medianfull random test: 1.0, Min: 1, Max: 18
len test_list[0]full random test 532
len test_list[1]full random test 532
len test_label full random test 532
2 hop test: loss 0.7396709322929382, score:{'roc_auc': 0.512531328320802, 'MRR': 0.7785234899328859}
edge type: 7, random_score: {'roc_auc': 0.634137034315111, 'MRR': 0.9630872483221476}, score: {'roc_auc': 0.512531328320802, 'MRR': 0.7785234899328859}
ROC_AUC: 0.512531328320802
Sec neigh test: score list: defaultdict(<class 'list'>, {'roc_auc': [0.512531328320802], 'MRR': [0.7785234899328859]})
Random test: score list: defaultdict(<class 'list'>, {'roc_auc': [0.634137034315111], 'MRR': [0.9630872483221476]})
Sec neigh test:average score: defaultdict(<class 'list'>, {'roc_auc': 0.5125, 'MRR': 0.7785})
Random test: average score: defaultdict(<class 'list'>, {'roc_auc': 0.6341, 'MRR': 0.9631})
Completed: amazon_style_ccctt_features_securebert_fold_3 (rep 1)

--------------------------------------
Running model: GCN
Dataset: amazon_style_ccctt_features_securebert_fold_4
Repetition: 1
--------------------------------------
use device: cpu
Namespace(data='amazon_style_ccctt_features_securebert_fold_4', model_path='model.pt', train_iter_n=50, cuda=0, checkpoint='', epochs=100, patience=3, n_layers=2, n_heads=[4], dropout=0.5, model='GCN', lr=0.0001, weight_decay=0.0, batch_size=1024, edge_sample_ratio=1, test_with_CPU=False, decoder='dismult', feat_type=1)
args.feat_type 1
sys_path ['/home/simonettos/homhetgnn/HGB/LP/benchmark/methods/GNN', '/home/simonettos/homhetgnn/sbatches', '/home/simonettos/homhetgnn/HGB/LP/benchmark/methods/baseline', '/home/simonettos/homhetgnn/HGB/LP/benchmark', '/home/simonettos/homhetgnn/HGB/LP/benchmark/methods/GNN', '/home/simonettos/homhetgnn/HGB/LP/benchmark/methods/GNN/utils', '/home/simonettos/homhetgnn/HGB/LP/benchmark/methods/GNN/models', '/deepstore/software/anaconda3/2022.05/lib/python39.zip', '/deepstore/software/anaconda3/2022.05/lib/python3.9', '/deepstore/software/anaconda3/2022.05/lib/python3.9/lib-dynload', '/home/simonettos/homhetgnn/gpuvenv/lib/python3.9/site-packages', '../../', '../../']
Data path: /home/simonettos/homhetgnn/HGB/LP/benchmark/data/amazon_style_ccctt_features_securebert_fold_4
Loading nodes from /home/simonettos/homhetgnn/HGB/LP/benchmark/data/amazon_style_ccctt_features_securebert_fold_4/node.dat
edge types: dict_keys([7, 6, 5, 12, 4, 8, 3, 0, 2, 9, 1, 10, 11])
Getting training negative samples for edge types: [7]
nodes.shift keys: [0, 1, 2, 3, 4]
nodes.count keys: [0, 1, 2, 3, 4]
links.meta: {7: (4, 3), 6: (2, 4), 5: (4, 4), 12: (1, 0), 4: (3, 3), 8: (3, 3), 3: (3, 1), 0: (3, 3), 2: (4, 4), 9: (4, 4), 1: (4, 4), 10: (4, 4), 11: (4, 4)}
t_type about to use: 3
h_type: 4
shift dict: {0: 0, 1: 14, 2: 813, 3: 20077, 4: 20635}
count dict: Counter({2: 19264, 4: 940, 1: 799, 3: 558, 0: 14})
Generated 911 negative samples for edge type 7
Info: load amazon_style_ccctt_features_securebert_fold_4 from original data and generate /home/simonettos/homhetgnn/HGB/LP/benchmark/data/amazon_style_ccctt_features_securebert_fold_4/dl_pickle 
edge types: [7]
dataset: amazon_style_ccctt_features_securebert_fold_4, eval_type: 7
epoch 0 | batch 0 |train loss 0.7063750624656677
Valid: loss 1.0003864765167236, score:{'roc_auc': 0.5254942767950053, 'MRR': 0.8003472222222223}
Saving model
epoch 0 | batch 1 |train loss 0.9151576161384583
epoch 1 | batch 0 |train loss 0.6542558073997498
Valid: loss 0.9382056593894958, score:{'roc_auc': 0.6331945889698232, 'MRR': 0.8159722222222222}
Saving model
epoch 1 | batch 1 |train loss 0.7212518453598022
epoch 2 | batch 0 |train loss 0.7226256132125854
Valid: loss 0.8284274935722351, score:{'roc_auc': 0.6482830385015609, 'MRR': 0.8229166666666666}
Saving model
epoch 2 | batch 1 |train loss 0.6417517066001892
epoch 3 | batch 0 |train loss 0.6069222688674927
Valid: loss 0.7540290951728821, score:{'roc_auc': 0.6311134235171696, 'MRR': 0.8125}
Saving model
epoch 3 | batch 1 |train loss 0.6519574522972107
epoch 4 | batch 0 |train loss 0.6301913857460022
Valid: loss 0.7207749485969543, score:{'roc_auc': 0.6331945889698232, 'MRR': 0.8125}
Saving model
epoch 4 | batch 1 |train loss 0.6234904527664185
epoch 5 | batch 0 |train loss 0.5817009806632996
Valid: loss 0.6943058371543884, score:{'roc_auc': 0.6347554630593133, 'MRR': 0.8333333333333334}
Saving model
epoch 5 | batch 1 |train loss 0.5782319903373718
epoch 6 | batch 0 |train loss 0.5838123559951782
Valid: loss 0.7070621848106384, score:{'roc_auc': 0.6342351716961498, 'MRR': 0.8333333333333334}
EarlyStopping counter: 1 out of 3
epoch 6 | batch 1 |train loss 0.5820302963256836
epoch 7 | batch 0 |train loss 0.5828429460525513
Valid: loss 0.696172297000885, score:{'roc_auc': 0.6576482830385015, 'MRR': 0.8333333333333334}
EarlyStopping counter: 2 out of 3
epoch 7 | batch 1 |train loss 0.5732889771461487
epoch 8 | batch 0 |train loss 0.5813310146331787
Valid: loss 0.7035965323448181, score:{'roc_auc': 0.668054110301769, 'MRR': 0.8229166666666666}
Meta keys: dict_keys([7])
Data keys: dict_keys([7])
Edge type: 7, Meta: (4, 3)
Average links per head: 3.47
Median: 2.0, Min: 1, Max: 20
len test_list[0] 479
len test_list[1] 479
len test_label 479
2 hop test: loss 0.7035965323448181, score:{'roc_auc': 0.49279986052998603, 'MRR': 0.7446859903381643}
(array([0, 1]), array([239, 240]))
[0.5616193  0.642637   0.5151143  0.5784024  0.7073616  0.5383325
 0.7290426  0.13387267 0.8853684  0.84393895 0.82679904 0.6994661
 0.43110162 0.17455062 0.20824651 0.19833365 0.41900328 0.5330039
 0.36100423 0.8922657 ]
Average links per head full random test: 1.50
Medianfull random test: 1.0, Min: 1, Max: 11
len test_list[0]full random test 480
len test_list[1]full random test 480
len test_label full random test 480
2 hop test: loss 0.7035965323448181, score:{'roc_auc': 0.49279986052998603, 'MRR': 0.7446859903381643}
edge type: 7, random_score: {'roc_auc': 0.6374826388888889, 'MRR': 0.9480676328502414}, score: {'roc_auc': 0.49279986052998603, 'MRR': 0.7446859903381643}
ROC_AUC: 0.49279986052998603
Sec neigh test: score list: defaultdict(<class 'list'>, {'roc_auc': [0.49279986052998603], 'MRR': [0.7446859903381643]})
Random test: score list: defaultdict(<class 'list'>, {'roc_auc': [0.6374826388888889], 'MRR': [0.9480676328502414]})
Sec neigh test:average score: defaultdict(<class 'list'>, {'roc_auc': 0.4928, 'MRR': 0.7447})
Random test: average score: defaultdict(<class 'list'>, {'roc_auc': 0.6375, 'MRR': 0.9481})
Completed: amazon_style_ccctt_features_securebert_fold_4 (rep 1)

--------------------------------------
Running model: GCN
Dataset: amazon_style_ccctt_features_securebert_fold_5
Repetition: 1
--------------------------------------
use device: cpu
Namespace(data='amazon_style_ccctt_features_securebert_fold_5', model_path='model.pt', train_iter_n=50, cuda=0, checkpoint='', epochs=100, patience=3, n_layers=2, n_heads=[4], dropout=0.5, model='GCN', lr=0.0001, weight_decay=0.0, batch_size=1024, edge_sample_ratio=1, test_with_CPU=False, decoder='dismult', feat_type=1)
args.feat_type 1
sys_path ['/home/simonettos/homhetgnn/HGB/LP/benchmark/methods/GNN', '/home/simonettos/homhetgnn/sbatches', '/home/simonettos/homhetgnn/HGB/LP/benchmark/methods/baseline', '/home/simonettos/homhetgnn/HGB/LP/benchmark', '/home/simonettos/homhetgnn/HGB/LP/benchmark/methods/GNN', '/home/simonettos/homhetgnn/HGB/LP/benchmark/methods/GNN/utils', '/home/simonettos/homhetgnn/HGB/LP/benchmark/methods/GNN/models', '/deepstore/software/anaconda3/2022.05/lib/python39.zip', '/deepstore/software/anaconda3/2022.05/lib/python3.9', '/deepstore/software/anaconda3/2022.05/lib/python3.9/lib-dynload', '/home/simonettos/homhetgnn/gpuvenv/lib/python3.9/site-packages', '../../', '../../']
Data path: /home/simonettos/homhetgnn/HGB/LP/benchmark/data/amazon_style_ccctt_features_securebert_fold_5
Loading nodes from /home/simonettos/homhetgnn/HGB/LP/benchmark/data/amazon_style_ccctt_features_securebert_fold_5/node.dat
edge types: dict_keys([7, 6, 5, 12, 4, 8, 3, 0, 2, 9, 1, 10, 11])
Getting training negative samples for edge types: [7]
nodes.shift keys: [0, 1, 2, 3, 4]
nodes.count keys: [0, 1, 2, 3, 4]
links.meta: {7: (4, 3), 6: (2, 4), 5: (4, 4), 12: (1, 0), 4: (3, 3), 8: (3, 3), 3: (3, 1), 0: (3, 3), 2: (4, 4), 9: (4, 4), 1: (4, 4), 10: (4, 4), 11: (4, 4)}
t_type about to use: 3
h_type: 4
shift dict: {0: 0, 1: 14, 2: 813, 3: 20077, 4: 20635}
count dict: Counter({2: 19264, 4: 940, 1: 799, 3: 558, 0: 14})
Generated 949 negative samples for edge type 7
Info: load amazon_style_ccctt_features_securebert_fold_5 from original data and generate /home/simonettos/homhetgnn/HGB/LP/benchmark/data/amazon_style_ccctt_features_securebert_fold_5/dl_pickle 
edge types: [7]
dataset: amazon_style_ccctt_features_securebert_fold_5, eval_type: 7
epoch 0 | batch 0 |train loss 0.7097253799438477
Valid: loss 1.0751959085464478, score:{'roc_auc': 0.583176565439398, 'MRR': 0.8457364341085272}
Saving model
epoch 0 | batch 1 |train loss 0.8772419691085815
epoch 1 | batch 0 |train loss 0.6490054130554199
Valid: loss 0.7881682515144348, score:{'roc_auc': 0.6017199677506047, 'MRR': 0.7992248062015505}
Saving model
epoch 1 | batch 1 |train loss 0.7447887063026428
epoch 2 | batch 0 |train loss 0.7025954127311707
Valid: loss 0.7539945244789124, score:{'roc_auc': 0.625100779360387, 'MRR': 0.7992248062015505}
Saving model
epoch 2 | batch 1 |train loss 0.6926212906837463
epoch 3 | batch 0 |train loss 0.6032255291938782
Valid: loss 0.7767090201377869, score:{'roc_auc': 0.6406879871002418, 'MRR': 0.8031007751937984}
EarlyStopping counter: 1 out of 3
epoch 3 | batch 1 |train loss 0.646957278251648
epoch 4 | batch 0 |train loss 0.6141760945320129
Valid: loss 0.7656769752502441, score:{'roc_auc': 0.6409567320612738, 'MRR': 0.8031007751937984}
EarlyStopping counter: 2 out of 3
epoch 4 | batch 1 |train loss 0.6282333731651306
epoch 5 | batch 0 |train loss 0.582352340221405
Valid: loss 0.6698183417320251, score:{'roc_auc': 0.6492878258532652, 'MRR': 0.7914728682170542}
Saving model
epoch 5 | batch 1 |train loss 0.595245897769928
epoch 6 | batch 0 |train loss 0.5619331002235413
Valid: loss 0.6339730620384216, score:{'roc_auc': 0.6852996506315506, 'MRR': 0.8031007751937984}
Saving model
epoch 6 | batch 1 |train loss 0.6008763909339905
epoch 7 | batch 0 |train loss 0.5652642846107483
Valid: loss 0.6309735774993896, score:{'roc_auc': 0.6842246707874228, 'MRR': 0.8031007751937984}
Saving model
epoch 7 | batch 1 |train loss 0.5868282914161682
epoch 8 | batch 0 |train loss 0.5491793751716614
Valid: loss 0.6651710271835327, score:{'roc_auc': 0.6632625638269283, 'MRR': 0.8031007751937984}
EarlyStopping counter: 1 out of 3
epoch 8 | batch 1 |train loss 0.5681952238082886
epoch 9 | batch 0 |train loss 0.5465922355651855
Valid: loss 0.7145317792892456, score:{'roc_auc': 0.6500940607363612, 'MRR': 0.7914728682170542}
EarlyStopping counter: 2 out of 3
epoch 9 | batch 1 |train loss 0.5707927346229553
epoch 10 | batch 0 |train loss 0.5501964688301086
Valid: loss 0.707510232925415, score:{'roc_auc': 0.6519752754635851, 'MRR': 0.7914728682170542}
Meta keys: dict_keys([7])
Data keys: dict_keys([7])
Edge type: 7, Meta: (4, 3)
Average links per head: 3.44
Median: 2.0, Min: 1, Max: 26
len test_list[0] 403
len test_list[1] 403
len test_label 403
2 hop test: loss 0.707510232925415, score:{'roc_auc': 0.537807881773399, 'MRR': 0.7266381766381766}
(array([0, 1]), array([200, 203]))
[0.6194764  0.49854222 0.4716199  0.596442   0.5360645  0.55673265
 0.8410632  0.30706215 0.65293646 0.7902259  0.9220565  0.6217955
 0.803973   0.6516852  0.53728867 0.74019897 0.8713413  0.25488484
 0.45088747 0.23275992]
Average links per head full random test: 1.45
Medianfull random test: 1.0, Min: 1, Max: 14
len test_list[0]full random test 406
len test_list[1]full random test 406
len test_label full random test 406
2 hop test: loss 0.707510232925415, score:{'roc_auc': 0.537807881773399, 'MRR': 0.7266381766381766}
edge type: 7, random_score: {'roc_auc': 0.7327768205974422, 'MRR': 0.9829059829059829}, score: {'roc_auc': 0.537807881773399, 'MRR': 0.7266381766381766}
ROC_AUC: 0.537807881773399
Sec neigh test: score list: defaultdict(<class 'list'>, {'roc_auc': [0.537807881773399], 'MRR': [0.7266381766381766]})
Random test: score list: defaultdict(<class 'list'>, {'roc_auc': [0.7327768205974422], 'MRR': [0.9829059829059829]})
Sec neigh test:average score: defaultdict(<class 'list'>, {'roc_auc': 0.5378, 'MRR': 0.7266})
Random test: average score: defaultdict(<class 'list'>, {'roc_auc': 0.7328, 'MRR': 0.9829})
Completed: amazon_style_ccctt_features_securebert_fold_5 (rep 1)

=== Repetition 2/6 ===
--------------------------------------
Running model: GCN
Dataset: amazon_style_ccctt_features_securebert_fold_1
Repetition: 2
--------------------------------------
use device: cpu
Namespace(data='amazon_style_ccctt_features_securebert_fold_1', model_path='model.pt', train_iter_n=50, cuda=0, checkpoint='', epochs=100, patience=3, n_layers=2, n_heads=[4], dropout=0.5, model='GCN', lr=0.0001, weight_decay=0.0, batch_size=1024, edge_sample_ratio=1, test_with_CPU=False, decoder='dismult', feat_type=1)
args.feat_type 1
sys_path ['/home/simonettos/homhetgnn/HGB/LP/benchmark/methods/GNN', '/home/simonettos/homhetgnn/sbatches', '/home/simonettos/homhetgnn/HGB/LP/benchmark/methods/baseline', '/home/simonettos/homhetgnn/HGB/LP/benchmark', '/home/simonettos/homhetgnn/HGB/LP/benchmark/methods/GNN', '/home/simonettos/homhetgnn/HGB/LP/benchmark/methods/GNN/utils', '/home/simonettos/homhetgnn/HGB/LP/benchmark/methods/GNN/models', '/deepstore/software/anaconda3/2022.05/lib/python39.zip', '/deepstore/software/anaconda3/2022.05/lib/python3.9', '/deepstore/software/anaconda3/2022.05/lib/python3.9/lib-dynload', '/home/simonettos/homhetgnn/gpuvenv/lib/python3.9/site-packages', '../../', '../../']
Data path: /home/simonettos/homhetgnn/HGB/LP/benchmark/data/amazon_style_ccctt_features_securebert_fold_1
Loading nodes from /home/simonettos/homhetgnn/HGB/LP/benchmark/data/amazon_style_ccctt_features_securebert_fold_1/node.dat
edge types: dict_keys([6, 5, 7, 12, 2, 8, 9, 3, 4, 10, 1, 0, 11])
Getting training negative samples for edge types: [7]
nodes.shift keys: [0, 1, 2, 3, 4]
nodes.count keys: [0, 1, 2, 3, 4]
links.meta: {6: (2, 4), 5: (4, 4), 7: (4, 3), 12: (1, 0), 2: (4, 4), 8: (3, 3), 9: (4, 4), 3: (3, 1), 4: (3, 3), 10: (4, 4), 1: (4, 4), 0: (3, 3), 11: (4, 4)}
t_type about to use: 3
h_type: 4
shift dict: {0: 0, 1: 14, 2: 813, 3: 20077, 4: 20635}
count dict: Counter({2: 19264, 4: 940, 1: 799, 3: 558, 0: 14})
Generated 909 negative samples for edge type 7
Info: load amazon_style_ccctt_features_securebert_fold_1 from original data and generate /home/simonettos/homhetgnn/HGB/LP/benchmark/data/amazon_style_ccctt_features_securebert_fold_1/dl_pickle 
edge types: [7]
dataset: amazon_style_ccctt_features_securebert_fold_1, eval_type: 7
epoch 0 | batch 0 |train loss 0.6975860595703125
Valid: loss 1.018061637878418, score:{'roc_auc': 0.5916666666666667, 'MRR': 0.8294573643410852}
Saving model
epoch 0 | batch 1 |train loss 0.7850105166435242
epoch 1 | batch 0 |train loss 0.6253502368927002
Valid: loss 0.8080831170082092, score:{'roc_auc': 0.5847222222222223, 'MRR': 0.8468992248062015}
Saving model
epoch 1 | batch 1 |train loss 0.8113682866096497
epoch 2 | batch 0 |train loss 0.666452169418335
Valid: loss 0.7846012115478516, score:{'roc_auc': 0.6224999999999999, 'MRR': 0.8003875968992248}
Saving model
epoch 2 | batch 1 |train loss 0.6059008240699768
epoch 3 | batch 0 |train loss 0.6149158477783203
Valid: loss 0.8637199401855469, score:{'roc_auc': 0.63, 'MRR': 0.813953488372093}
EarlyStopping counter: 1 out of 3
epoch 3 | batch 1 |train loss 0.608066737651825
epoch 4 | batch 0 |train loss 0.6249482035636902
Valid: loss 0.7531171441078186, score:{'roc_auc': 0.635, 'MRR': 0.8585271317829457}
Saving model
epoch 4 | batch 1 |train loss 0.5704546570777893
epoch 5 | batch 0 |train loss 0.5842803716659546
Valid: loss 0.6527643799781799, score:{'roc_auc': 0.6747222222222222, 'MRR': 0.872093023255814}
Saving model
epoch 5 | batch 1 |train loss 0.5578295588493347
epoch 6 | batch 0 |train loss 0.5877637267112732
Valid: loss 0.6409966945648193, score:{'roc_auc': 0.678611111111111, 'MRR': 0.8468992248062015}
Saving model
epoch 6 | batch 1 |train loss 0.5460166931152344
epoch 7 | batch 0 |train loss 0.5572290420532227
Valid: loss 0.6910969614982605, score:{'roc_auc': 0.6569444444444444, 'MRR': 0.8236434108527131}
EarlyStopping counter: 1 out of 3
epoch 7 | batch 1 |train loss 0.5322542190551758
epoch 8 | batch 0 |train loss 0.5470568537712097
Valid: loss 0.7690508961677551, score:{'roc_auc': 0.6447222222222222, 'MRR': 0.8236434108527131}
EarlyStopping counter: 2 out of 3
epoch 8 | batch 1 |train loss 0.5469719767570496
epoch 9 | batch 0 |train loss 0.5527389049530029
Valid: loss 0.7780864834785461, score:{'roc_auc': 0.6469444444444444, 'MRR': 0.812015503875969}
Meta keys: dict_keys([7])
Data keys: dict_keys([7])
Edge type: 7, Meta: (4, 3)
Average links per head: 3.32
Median: 2.0, Min: 1, Max: 20
len test_list[0] 485
len test_list[1] 485
len test_label 485
2 hop test: loss 0.7780864834785461, score:{'roc_auc': 0.5382273917627453, 'MRR': 0.7939497716894977}
(array([0, 1]), array([242, 243]))
[0.43232733 0.6094654  0.62142056 0.42775849 0.4123957  0.62274027
 0.36175686 0.5329339  0.73484534 0.97850674 0.7617188  0.20980453
 0.23978996 0.4014799  0.25170422 0.21462984 0.97030336 0.8283723
 0.41966096 0.890105  ]
Average links per head full random test: 1.46
Medianfull random test: 1.0, Min: 1, Max: 11
len test_list[0]full random test 486
len test_list[1]full random test 486
len test_label full random test 486
2 hop test: loss 0.7780864834785461, score:{'roc_auc': 0.5382273917627453, 'MRR': 0.7939497716894977}
edge type: 7, random_score: {'roc_auc': 0.742874561804603, 'MRR': 0.9611872146118721}, score: {'roc_auc': 0.5382273917627453, 'MRR': 0.7939497716894977}
ROC_AUC: 0.5382273917627453
Sec neigh test: score list: defaultdict(<class 'list'>, {'roc_auc': [0.5382273917627453], 'MRR': [0.7939497716894977]})
Random test: score list: defaultdict(<class 'list'>, {'roc_auc': [0.742874561804603], 'MRR': [0.9611872146118721]})
Sec neigh test:average score: defaultdict(<class 'list'>, {'roc_auc': 0.5382, 'MRR': 0.7939})
Random test: average score: defaultdict(<class 'list'>, {'roc_auc': 0.7429, 'MRR': 0.9612})
Completed: amazon_style_ccctt_features_securebert_fold_1 (rep 2)

--------------------------------------
Running model: GCN
Dataset: amazon_style_ccctt_features_securebert_fold_2
Repetition: 2
--------------------------------------
use device: cpu
Namespace(data='amazon_style_ccctt_features_securebert_fold_2', model_path='model.pt', train_iter_n=50, cuda=0, checkpoint='', epochs=100, patience=3, n_layers=2, n_heads=[4], dropout=0.5, model='GCN', lr=0.0001, weight_decay=0.0, batch_size=1024, edge_sample_ratio=1, test_with_CPU=False, decoder='dismult', feat_type=1)
args.feat_type 1
sys_path ['/home/simonettos/homhetgnn/HGB/LP/benchmark/methods/GNN', '/home/simonettos/homhetgnn/sbatches', '/home/simonettos/homhetgnn/HGB/LP/benchmark/methods/baseline', '/home/simonettos/homhetgnn/HGB/LP/benchmark', '/home/simonettos/homhetgnn/HGB/LP/benchmark/methods/GNN', '/home/simonettos/homhetgnn/HGB/LP/benchmark/methods/GNN/utils', '/home/simonettos/homhetgnn/HGB/LP/benchmark/methods/GNN/models', '/deepstore/software/anaconda3/2022.05/lib/python39.zip', '/deepstore/software/anaconda3/2022.05/lib/python3.9', '/deepstore/software/anaconda3/2022.05/lib/python3.9/lib-dynload', '/home/simonettos/homhetgnn/gpuvenv/lib/python3.9/site-packages', '../../', '../../']
Data path: /home/simonettos/homhetgnn/HGB/LP/benchmark/data/amazon_style_ccctt_features_securebert_fold_2
Loading nodes from /home/simonettos/homhetgnn/HGB/LP/benchmark/data/amazon_style_ccctt_features_securebert_fold_2/node.dat
edge types: dict_keys([7, 6, 5, 12, 4, 8, 3, 0, 2, 9, 1, 10, 11])
Getting training negative samples for edge types: [7]
nodes.shift keys: [0, 1, 2, 3, 4]
nodes.count keys: [0, 1, 2, 3, 4]
links.meta: {7: (4, 3), 6: (2, 4), 5: (4, 4), 12: (1, 0), 4: (3, 3), 8: (3, 3), 3: (3, 1), 0: (3, 3), 2: (4, 4), 9: (4, 4), 1: (4, 4), 10: (4, 4), 11: (4, 4)}
t_type about to use: 3
h_type: 4
shift dict: {0: 0, 1: 14, 2: 813, 3: 20077, 4: 20635}
count dict: Counter({2: 19264, 4: 940, 1: 799, 3: 558, 0: 14})
Generated 894 negative samples for edge type 7
Info: load amazon_style_ccctt_features_securebert_fold_2 from original data and generate /home/simonettos/homhetgnn/HGB/LP/benchmark/data/amazon_style_ccctt_features_securebert_fold_2/dl_pickle 
edge types: [7]
dataset: amazon_style_ccctt_features_securebert_fold_2, eval_type: 7
epoch 0 | batch 0 |train loss 0.6918355226516724
Valid: loss 0.9015196561813354, score:{'roc_auc': 0.5589412126808249, 'MRR': 0.8311965811965814}
Saving model
epoch 0 | batch 1 |train loss 1.1417357921600342
epoch 1 | batch 0 |train loss 0.6380831003189087
Valid: loss 0.924826443195343, score:{'roc_auc': 0.6383502616189596, 'MRR': 0.8632478632478632}
EarlyStopping counter: 1 out of 3
epoch 1 | batch 1 |train loss 0.7412283420562744
epoch 2 | batch 0 |train loss 0.7958189845085144
Valid: loss 0.807524561882019, score:{'roc_auc': 0.6635887965527856, 'MRR': 0.873931623931624}
Saving model
epoch 2 | batch 1 |train loss 0.6740724444389343
epoch 3 | batch 0 |train loss 0.6041581630706787
Valid: loss 0.6565647721290588, score:{'roc_auc': 0.688211757463835, 'MRR': 0.8354700854700855}
Saving model
epoch 3 | batch 1 |train loss 0.6225761771202087
epoch 4 | batch 0 |train loss 0.6459922790527344
Valid: loss 0.6492941379547119, score:{'roc_auc': 0.6989843028624193, 'MRR': 0.8482905982905984}
Saving model
epoch 4 | batch 1 |train loss 0.6418157815933228
epoch 5 | batch 0 |train loss 0.5772542357444763
Valid: loss 0.6300241947174072, score:{'roc_auc': 0.6986765158510311, 'MRR': 0.8611111111111109}
Saving model
epoch 5 | batch 1 |train loss 0.5800814032554626
epoch 6 | batch 0 |train loss 0.5641726851463318
Valid: loss 0.6802973747253418, score:{'roc_auc': 0.6783625730994153, 'MRR': 0.8482905982905982}
EarlyStopping counter: 1 out of 3
epoch 6 | batch 1 |train loss 0.573234498500824
epoch 7 | batch 0 |train loss 0.5787196755409241
Valid: loss 0.696692705154419, score:{'roc_auc': 0.6857494613727301, 'MRR': 0.8482905982905982}
EarlyStopping counter: 2 out of 3
epoch 7 | batch 1 |train loss 0.5689728856086731
epoch 8 | batch 0 |train loss 0.5533406138420105
Valid: loss 0.6820423007011414, score:{'roc_auc': 0.6965220067713143, 'MRR': 0.8611111111111109}
Meta keys: dict_keys([7])
Data keys: dict_keys([7])
Edge type: 7, Meta: (4, 3)
Average links per head: 3.77
Median: 2.0, Min: 1, Max: 26
len test_list[0] 520
len test_list[1] 520
len test_label 520
2 hop test: loss 0.6820423007011414, score:{'roc_auc': 0.5174632760839657, 'MRR': 0.7481884057971014}
(array([0, 1]), array([259, 261]))
[0.6913121  0.66806096 0.49111146 0.5087949  0.6352296  0.64133126
 0.45942304 0.5567601  0.88827103 0.6690312  0.55712235 0.85155857
 0.28638992 0.21460721 0.29492345 0.90052    0.632855   0.95456713
 0.6888427  0.2804541 ]
Average links per head full random test: 1.57
Medianfull random test: 1.0, Min: 1, Max: 14
len test_list[0]full random test 522
len test_list[1]full random test 522
len test_label full random test 522
2 hop test: loss 0.6820423007011414, score:{'roc_auc': 0.5174632760839657, 'MRR': 0.7481884057971014}
edge type: 7, random_score: {'roc_auc': 0.6632903216335638, 'MRR': 0.9782608695652174}, score: {'roc_auc': 0.5174632760839657, 'MRR': 0.7481884057971014}
ROC_AUC: 0.5174632760839657
Sec neigh test: score list: defaultdict(<class 'list'>, {'roc_auc': [0.5174632760839657], 'MRR': [0.7481884057971014]})
Random test: score list: defaultdict(<class 'list'>, {'roc_auc': [0.6632903216335638], 'MRR': [0.9782608695652174]})
Sec neigh test:average score: defaultdict(<class 'list'>, {'roc_auc': 0.5175, 'MRR': 0.7482})
Random test: average score: defaultdict(<class 'list'>, {'roc_auc': 0.6633, 'MRR': 0.9783})
Completed: amazon_style_ccctt_features_securebert_fold_2 (rep 2)

--------------------------------------
Running model: GCN
Dataset: amazon_style_ccctt_features_securebert_fold_3
Repetition: 2
--------------------------------------
use device: cpu
Namespace(data='amazon_style_ccctt_features_securebert_fold_3', model_path='model.pt', train_iter_n=50, cuda=0, checkpoint='', epochs=100, patience=3, n_layers=2, n_heads=[4], dropout=0.5, model='GCN', lr=0.0001, weight_decay=0.0, batch_size=1024, edge_sample_ratio=1, test_with_CPU=False, decoder='dismult', feat_type=1)
args.feat_type 1
sys_path ['/home/simonettos/homhetgnn/HGB/LP/benchmark/methods/GNN', '/home/simonettos/homhetgnn/sbatches', '/home/simonettos/homhetgnn/HGB/LP/benchmark/methods/baseline', '/home/simonettos/homhetgnn/HGB/LP/benchmark', '/home/simonettos/homhetgnn/HGB/LP/benchmark/methods/GNN', '/home/simonettos/homhetgnn/HGB/LP/benchmark/methods/GNN/utils', '/home/simonettos/homhetgnn/HGB/LP/benchmark/methods/GNN/models', '/deepstore/software/anaconda3/2022.05/lib/python39.zip', '/deepstore/software/anaconda3/2022.05/lib/python3.9', '/deepstore/software/anaconda3/2022.05/lib/python3.9/lib-dynload', '/home/simonettos/homhetgnn/gpuvenv/lib/python3.9/site-packages', '../../', '../../']
Data path: /home/simonettos/homhetgnn/HGB/LP/benchmark/data/amazon_style_ccctt_features_securebert_fold_3
Loading nodes from /home/simonettos/homhetgnn/HGB/LP/benchmark/data/amazon_style_ccctt_features_securebert_fold_3/node.dat
edge types: dict_keys([7, 6, 5, 12, 4, 8, 3, 0, 2, 9, 1, 10, 11])
Getting training negative samples for edge types: [7]
nodes.shift keys: [0, 1, 2, 3, 4]
nodes.count keys: [0, 1, 2, 3, 4]
links.meta: {7: (4, 3), 6: (2, 4), 5: (4, 4), 12: (1, 0), 4: (3, 3), 8: (3, 3), 3: (3, 1), 0: (3, 3), 2: (4, 4), 9: (4, 4), 1: (4, 4), 10: (4, 4), 11: (4, 4)}
t_type about to use: 3
h_type: 4
shift dict: {0: 0, 1: 14, 2: 813, 3: 20077, 4: 20635}
count dict: Counter({2: 19264, 4: 940, 1: 799, 3: 558, 0: 14})
Generated 880 negative samples for edge type 7
Info: load amazon_style_ccctt_features_securebert_fold_3 from original data and generate /home/simonettos/homhetgnn/HGB/LP/benchmark/data/amazon_style_ccctt_features_securebert_fold_3/dl_pickle 
edge types: [7]
dataset: amazon_style_ccctt_features_securebert_fold_3, eval_type: 7
epoch 0 | batch 0 |train loss 0.6981317400932312
Valid: loss 0.7700812220573425, score:{'roc_auc': 0.605257116620753, 'MRR': 0.8604651162790697}
Saving model
epoch 0 | batch 1 |train loss 0.7758018374443054
epoch 1 | batch 0 |train loss 0.641077995300293
Valid: loss 0.9676719307899475, score:{'roc_auc': 0.611455463728191, 'MRR': 0.8333333333333334}
EarlyStopping counter: 1 out of 3
epoch 1 | batch 1 |train loss 0.7490153908729553
epoch 2 | batch 0 |train loss 0.6635367274284363
Valid: loss 0.7604730725288391, score:{'roc_auc': 0.6284435261707989, 'MRR': 0.8604651162790697}
Saving model
epoch 2 | batch 1 |train loss 0.6389791369438171
epoch 3 | batch 0 |train loss 0.6004894375801086
Valid: loss 0.6762215495109558, score:{'roc_auc': 0.6709136822773186, 'MRR': 0.872093023255814}
Saving model
epoch 3 | batch 1 |train loss 0.6363883018493652
epoch 4 | batch 0 |train loss 0.6043271422386169
Valid: loss 0.6422604918479919, score:{'roc_auc': 0.6702249770431589, 'MRR': 0.872093023255814}
Saving model
epoch 4 | batch 1 |train loss 0.5868892669677734
epoch 5 | batch 0 |train loss 0.56464684009552
Valid: loss 0.6718707084655762, score:{'roc_auc': 0.6587465564738292, 'MRR': 0.8488372093023255}
EarlyStopping counter: 1 out of 3
epoch 5 | batch 1 |train loss 0.5609904527664185
epoch 6 | batch 0 |train loss 0.5725607872009277
Valid: loss 0.699354350566864, score:{'roc_auc': 0.6543847566574837, 'MRR': 0.8488372093023255}
EarlyStopping counter: 2 out of 3
epoch 6 | batch 1 |train loss 0.563888669013977
epoch 7 | batch 0 |train loss 0.5647254586219788
Valid: loss 0.6695010662078857, score:{'roc_auc': 0.684228650137741, 'MRR': 0.8604651162790697}
Meta keys: dict_keys([7])
Data keys: dict_keys([7])
Edge type: 7, Meta: (4, 3)
Average links per head: 3.56
Median: 2.0, Min: 1, Max: 34
len test_list[0] 530
len test_list[1] 530
len test_label 530
2 hop test: loss 0.6695010662078857, score:{'roc_auc': 0.5263727500569606, 'MRR': 0.7645413870246084}
(array([0, 1]), array([264, 266]))
[0.8065902  0.21292038 0.8091829  0.75916773 0.2487867  0.6988518
 0.3072677  0.85665935 0.9308729  0.75442195 0.6833596  0.64038944
 0.48823515 0.71293986 0.29219392 0.23127882 0.39155075 0.9764614
 0.7254876  0.5945203 ]
Average links per head full random test: 1.49
Medianfull random test: 1.0, Min: 1, Max: 18
len test_list[0]full random test 532
len test_list[1]full random test 532
len test_label full random test 532
2 hop test: loss 0.6695010662078857, score:{'roc_auc': 0.5263727500569606, 'MRR': 0.7645413870246084}
edge type: 7, random_score: {'roc_auc': 0.6912487986884506, 'MRR': 0.9697986577181208}, score: {'roc_auc': 0.5263727500569606, 'MRR': 0.7645413870246084}
ROC_AUC: 0.5263727500569606
Sec neigh test: score list: defaultdict(<class 'list'>, {'roc_auc': [0.5263727500569606], 'MRR': [0.7645413870246084]})
Random test: score list: defaultdict(<class 'list'>, {'roc_auc': [0.6912487986884506], 'MRR': [0.9697986577181208]})
Sec neigh test:average score: defaultdict(<class 'list'>, {'roc_auc': 0.5264, 'MRR': 0.7645})
Random test: average score: defaultdict(<class 'list'>, {'roc_auc': 0.6912, 'MRR': 0.9698})
Completed: amazon_style_ccctt_features_securebert_fold_3 (rep 2)

--------------------------------------
Running model: GCN
Dataset: amazon_style_ccctt_features_securebert_fold_4
Repetition: 2
--------------------------------------
use device: cpu
Namespace(data='amazon_style_ccctt_features_securebert_fold_4', model_path='model.pt', train_iter_n=50, cuda=0, checkpoint='', epochs=100, patience=3, n_layers=2, n_heads=[4], dropout=0.5, model='GCN', lr=0.0001, weight_decay=0.0, batch_size=1024, edge_sample_ratio=1, test_with_CPU=False, decoder='dismult', feat_type=1)
args.feat_type 1
sys_path ['/home/simonettos/homhetgnn/HGB/LP/benchmark/methods/GNN', '/home/simonettos/homhetgnn/sbatches', '/home/simonettos/homhetgnn/HGB/LP/benchmark/methods/baseline', '/home/simonettos/homhetgnn/HGB/LP/benchmark', '/home/simonettos/homhetgnn/HGB/LP/benchmark/methods/GNN', '/home/simonettos/homhetgnn/HGB/LP/benchmark/methods/GNN/utils', '/home/simonettos/homhetgnn/HGB/LP/benchmark/methods/GNN/models', '/deepstore/software/anaconda3/2022.05/lib/python39.zip', '/deepstore/software/anaconda3/2022.05/lib/python3.9', '/deepstore/software/anaconda3/2022.05/lib/python3.9/lib-dynload', '/home/simonettos/homhetgnn/gpuvenv/lib/python3.9/site-packages', '../../', '../../']
Data path: /home/simonettos/homhetgnn/HGB/LP/benchmark/data/amazon_style_ccctt_features_securebert_fold_4
Loading nodes from /home/simonettos/homhetgnn/HGB/LP/benchmark/data/amazon_style_ccctt_features_securebert_fold_4/node.dat
edge types: dict_keys([7, 6, 5, 12, 4, 8, 3, 0, 2, 9, 1, 10, 11])
Getting training negative samples for edge types: [7]
nodes.shift keys: [0, 1, 2, 3, 4]
nodes.count keys: [0, 1, 2, 3, 4]
links.meta: {7: (4, 3), 6: (2, 4), 5: (4, 4), 12: (1, 0), 4: (3, 3), 8: (3, 3), 3: (3, 1), 0: (3, 3), 2: (4, 4), 9: (4, 4), 1: (4, 4), 10: (4, 4), 11: (4, 4)}
t_type about to use: 3
h_type: 4
shift dict: {0: 0, 1: 14, 2: 813, 3: 20077, 4: 20635}
count dict: Counter({2: 19264, 4: 940, 1: 799, 3: 558, 0: 14})
Generated 910 negative samples for edge type 7
Info: load amazon_style_ccctt_features_securebert_fold_4 from original data and generate /home/simonettos/homhetgnn/HGB/LP/benchmark/data/amazon_style_ccctt_features_securebert_fold_4/dl_pickle 
edge types: [7]
dataset: amazon_style_ccctt_features_securebert_fold_4, eval_type: 7
epoch 0 | batch 0 |train loss 0.7095075249671936
Valid: loss 1.0929796695709229, score:{'roc_auc': 0.5301083396321491, 'MRR': 0.7810077519379846}
Saving model
epoch 0 | batch 1 |train loss 0.9329048991203308
epoch 1 | batch 0 |train loss 0.6618865728378296
Valid: loss 0.8151944875717163, score:{'roc_auc': 0.563114134542706, 'MRR': 0.7953488372093024}
Saving model
epoch 1 | batch 1 |train loss 0.7297217845916748
epoch 2 | batch 0 |train loss 0.7996774315834045
Valid: loss 0.7740157842636108, score:{'roc_auc': 0.5933484504913077, 'MRR': 0.8069767441860466}
Saving model
epoch 2 | batch 1 |train loss 0.6518124341964722
epoch 3 | batch 0 |train loss 0.7075636386871338
Valid: loss 0.8171735405921936, score:{'roc_auc': 0.6069538926681786, 'MRR': 0.7926356589147288}
EarlyStopping counter: 1 out of 3
epoch 3 | batch 1 |train loss 0.6375566124916077
epoch 4 | batch 0 |train loss 0.6380401253700256
Valid: loss 0.7825793027877808, score:{'roc_auc': 0.599143361048123, 'MRR': 0.8158914728682171}
EarlyStopping counter: 2 out of 3
epoch 4 | batch 1 |train loss 0.6285777688026428
epoch 5 | batch 0 |train loss 0.5940744876861572
Valid: loss 0.6796662211418152, score:{'roc_auc': 0.6283698664651045, 'MRR': 0.8391472868217055}
Saving model
epoch 5 | batch 1 |train loss 0.5918841361999512
epoch 6 | batch 0 |train loss 0.5997896194458008
Valid: loss 0.6627103090286255, score:{'roc_auc': 0.6449987402368356, 'MRR': 0.8430232558139535}
Saving model
epoch 6 | batch 1 |train loss 0.6035752892494202
epoch 7 | batch 0 |train loss 0.5879786610603333
Valid: loss 0.6600114107131958, score:{'roc_auc': 0.654572940287226, 'MRR': 0.8275193798449613}
Saving model
epoch 7 | batch 1 |train loss 0.5826885104179382
epoch 8 | batch 0 |train loss 0.5721045732498169
Valid: loss 0.7002981305122375, score:{'roc_auc': 0.6457545981355505, 'MRR': 0.8391472868217055}
EarlyStopping counter: 1 out of 3
epoch 8 | batch 1 |train loss 0.5698158144950867
epoch 9 | batch 0 |train loss 0.5822229385375977
Valid: loss 0.7394506335258484, score:{'roc_auc': 0.6399596875787352, 'MRR': 0.8197674418604651}
EarlyStopping counter: 2 out of 3
epoch 9 | batch 1 |train loss 0.5731361508369446
epoch 10 | batch 0 |train loss 0.5745630860328674
Valid: loss 0.7250520586967468, score:{'roc_auc': 0.6412194507432603, 'MRR': 0.804263565891473}
Meta keys: dict_keys([7])
Data keys: dict_keys([7])
Edge type: 7, Meta: (4, 3)
Average links per head: 3.47
Median: 2.0, Min: 1, Max: 20
len test_list[0] 479
len test_list[1] 479
len test_label 479
2 hop test: loss 0.7250520586967468, score:{'roc_auc': 0.49105648535564855, 'MRR': 0.7572463768115942}
(array([0, 1]), array([239, 240]))
[0.62020564 0.6398959  0.51418746 0.55938435 0.70510274 0.5965964
 0.7191251  0.25440267 0.8241758  0.73123974 0.8036683  0.7412714
 0.5651403  0.5197181  0.28107324 0.31437105 0.599989   0.740146
 0.437736   0.34773818]
Average links per head full random test: 1.50
Medianfull random test: 1.0, Min: 1, Max: 11
len test_list[0]full random test 480
len test_list[1]full random test 480
len test_label full random test 480
2 hop test: loss 0.7250520586967468, score:{'roc_auc': 0.49105648535564855, 'MRR': 0.7572463768115942}
edge type: 7, random_score: {'roc_auc': 0.6901909722222221, 'MRR': 0.967391304347826}, score: {'roc_auc': 0.49105648535564855, 'MRR': 0.7572463768115942}
ROC_AUC: 0.49105648535564855
Sec neigh test: score list: defaultdict(<class 'list'>, {'roc_auc': [0.49105648535564855], 'MRR': [0.7572463768115942]})
Random test: score list: defaultdict(<class 'list'>, {'roc_auc': [0.6901909722222221], 'MRR': [0.967391304347826]})
Sec neigh test:average score: defaultdict(<class 'list'>, {'roc_auc': 0.4911, 'MRR': 0.7572})
Random test: average score: defaultdict(<class 'list'>, {'roc_auc': 0.6902, 'MRR': 0.9674})
Completed: amazon_style_ccctt_features_securebert_fold_4 (rep 2)

--------------------------------------
Running model: GCN
Dataset: amazon_style_ccctt_features_securebert_fold_5
Repetition: 2
--------------------------------------
use device: cpu
Namespace(data='amazon_style_ccctt_features_securebert_fold_5', model_path='model.pt', train_iter_n=50, cuda=0, checkpoint='', epochs=100, patience=3, n_layers=2, n_heads=[4], dropout=0.5, model='GCN', lr=0.0001, weight_decay=0.0, batch_size=1024, edge_sample_ratio=1, test_with_CPU=False, decoder='dismult', feat_type=1)
args.feat_type 1
sys_path ['/home/simonettos/homhetgnn/HGB/LP/benchmark/methods/GNN', '/home/simonettos/homhetgnn/sbatches', '/home/simonettos/homhetgnn/HGB/LP/benchmark/methods/baseline', '/home/simonettos/homhetgnn/HGB/LP/benchmark', '/home/simonettos/homhetgnn/HGB/LP/benchmark/methods/GNN', '/home/simonettos/homhetgnn/HGB/LP/benchmark/methods/GNN/utils', '/home/simonettos/homhetgnn/HGB/LP/benchmark/methods/GNN/models', '/deepstore/software/anaconda3/2022.05/lib/python39.zip', '/deepstore/software/anaconda3/2022.05/lib/python3.9', '/deepstore/software/anaconda3/2022.05/lib/python3.9/lib-dynload', '/home/simonettos/homhetgnn/gpuvenv/lib/python3.9/site-packages', '../../', '../../']
Data path: /home/simonettos/homhetgnn/HGB/LP/benchmark/data/amazon_style_ccctt_features_securebert_fold_5
Loading nodes from /home/simonettos/homhetgnn/HGB/LP/benchmark/data/amazon_style_ccctt_features_securebert_fold_5/node.dat
edge types: dict_keys([7, 6, 5, 12, 4, 8, 3, 0, 2, 9, 1, 10, 11])
Getting training negative samples for edge types: [7]
nodes.shift keys: [0, 1, 2, 3, 4]
nodes.count keys: [0, 1, 2, 3, 4]
links.meta: {7: (4, 3), 6: (2, 4), 5: (4, 4), 12: (1, 0), 4: (3, 3), 8: (3, 3), 3: (3, 1), 0: (3, 3), 2: (4, 4), 9: (4, 4), 1: (4, 4), 10: (4, 4), 11: (4, 4)}
t_type about to use: 3
h_type: 4
shift dict: {0: 0, 1: 14, 2: 813, 3: 20077, 4: 20635}
count dict: Counter({2: 19264, 4: 940, 1: 799, 3: 558, 0: 14})
Generated 942 negative samples for edge type 7
Info: load amazon_style_ccctt_features_securebert_fold_5 from original data and generate /home/simonettos/homhetgnn/HGB/LP/benchmark/data/amazon_style_ccctt_features_securebert_fold_5/dl_pickle 
edge types: [7]
dataset: amazon_style_ccctt_features_securebert_fold_5, eval_type: 7
epoch 0 | batch 0 |train loss 0.7054834961891174
Valid: loss 0.6575980186462402, score:{'roc_auc': 0.6900951557093427, 'MRR': 0.8413461538461539}
Saving model
epoch 0 | batch 1 |train loss 0.6837078928947449
epoch 1 | batch 0 |train loss 0.6664594411849976
Valid: loss 1.034747838973999, score:{'roc_auc': 0.6360294117647058, 'MRR': 0.8429487179487178}
EarlyStopping counter: 1 out of 3
epoch 1 | batch 1 |train loss 0.7059088349342346
epoch 2 | batch 0 |train loss 0.6209860444068909
Valid: loss 0.7500519752502441, score:{'roc_auc': 0.6630622837370244, 'MRR': 0.8371794871794871}
EarlyStopping counter: 2 out of 3
epoch 2 | batch 1 |train loss 0.6353861689567566
epoch 3 | batch 0 |train loss 0.6395392417907715
Valid: loss 0.6898603439331055, score:{'roc_auc': 0.6784169550173009, 'MRR': 0.8477564102564104}
Meta keys: dict_keys([7])
Data keys: dict_keys([7])
Edge type: 7, Meta: (4, 3)
Average links per head: 3.44
Median: 2.0, Min: 1, Max: 26
len test_list[0] 403
len test_list[1] 403
len test_label 403
2 hop test: loss 0.6898603439331055, score:{'roc_auc': 0.47470443349753694, 'MRR': 0.7529304029304029}
(array([0, 1]), array([200, 203]))
[0.45320672 0.44865248 0.5702893  0.5924779  0.836584   0.5591403
 0.97448313 0.8057162  0.94358826 0.948141   0.992065   0.9048579
 0.9713329  0.89864445 0.8497867  0.9475212  0.9879288  0.8709499
 0.54817003 0.5742337 ]
Average links per head full random test: 1.45
Medianfull random test: 1.0, Min: 1, Max: 14
len test_list[0]full random test 406
len test_list[1]full random test 406
len test_label full random test 406
2 hop test: loss 0.6898603439331055, score:{'roc_auc': 0.47470443349753694, 'MRR': 0.7529304029304029}
edge type: 7, random_score: {'roc_auc': 0.7218083428377297, 'MRR': 0.9658119658119658}, score: {'roc_auc': 0.47470443349753694, 'MRR': 0.7529304029304029}
ROC_AUC: 0.47470443349753694
Sec neigh test: score list: defaultdict(<class 'list'>, {'roc_auc': [0.47470443349753694], 'MRR': [0.7529304029304029]})
Random test: score list: defaultdict(<class 'list'>, {'roc_auc': [0.7218083428377297], 'MRR': [0.9658119658119658]})
Sec neigh test:average score: defaultdict(<class 'list'>, {'roc_auc': 0.4747, 'MRR': 0.7529})
Random test: average score: defaultdict(<class 'list'>, {'roc_auc': 0.7218, 'MRR': 0.9658})
Completed: amazon_style_ccctt_features_securebert_fold_5 (rep 2)

=== Repetition 3/6 ===
--------------------------------------
Running model: GCN
Dataset: amazon_style_ccctt_features_securebert_fold_1
Repetition: 3
--------------------------------------
use device: cpu
Namespace(data='amazon_style_ccctt_features_securebert_fold_1', model_path='model.pt', train_iter_n=50, cuda=0, checkpoint='', epochs=100, patience=3, n_layers=2, n_heads=[4], dropout=0.5, model='GCN', lr=0.0001, weight_decay=0.0, batch_size=1024, edge_sample_ratio=1, test_with_CPU=False, decoder='dismult', feat_type=1)
args.feat_type 1
sys_path ['/home/simonettos/homhetgnn/HGB/LP/benchmark/methods/GNN', '/home/simonettos/homhetgnn/sbatches', '/home/simonettos/homhetgnn/HGB/LP/benchmark/methods/baseline', '/home/simonettos/homhetgnn/HGB/LP/benchmark', '/home/simonettos/homhetgnn/HGB/LP/benchmark/methods/GNN', '/home/simonettos/homhetgnn/HGB/LP/benchmark/methods/GNN/utils', '/home/simonettos/homhetgnn/HGB/LP/benchmark/methods/GNN/models', '/deepstore/software/anaconda3/2022.05/lib/python39.zip', '/deepstore/software/anaconda3/2022.05/lib/python3.9', '/deepstore/software/anaconda3/2022.05/lib/python3.9/lib-dynload', '/home/simonettos/homhetgnn/gpuvenv/lib/python3.9/site-packages', '../../', '../../']
Data path: /home/simonettos/homhetgnn/HGB/LP/benchmark/data/amazon_style_ccctt_features_securebert_fold_1
Loading nodes from /home/simonettos/homhetgnn/HGB/LP/benchmark/data/amazon_style_ccctt_features_securebert_fold_1/node.dat
edge types: dict_keys([6, 5, 7, 12, 2, 8, 9, 3, 4, 10, 1, 0, 11])
Getting training negative samples for edge types: [7]
nodes.shift keys: [0, 1, 2, 3, 4]
nodes.count keys: [0, 1, 2, 3, 4]
links.meta: {6: (2, 4), 5: (4, 4), 7: (4, 3), 12: (1, 0), 2: (4, 4), 8: (3, 3), 9: (4, 4), 3: (3, 1), 4: (3, 3), 10: (4, 4), 1: (4, 4), 0: (3, 3), 11: (4, 4)}
t_type about to use: 3
h_type: 4
shift dict: {0: 0, 1: 14, 2: 813, 3: 20077, 4: 20635}
count dict: Counter({2: 19264, 4: 940, 1: 799, 3: 558, 0: 14})
Generated 899 negative samples for edge type 7
Info: load amazon_style_ccctt_features_securebert_fold_1 from original data and generate /home/simonettos/homhetgnn/HGB/LP/benchmark/data/amazon_style_ccctt_features_securebert_fold_1/dl_pickle 
edge types: [7]
dataset: amazon_style_ccctt_features_securebert_fold_1, eval_type: 7
epoch 0 | batch 0 |train loss 0.6803305745124817
Valid: loss 0.8618691563606262, score:{'roc_auc': 0.6395918367346938, 'MRR': 0.7986111111111112}
Saving model
epoch 0 | batch 1 |train loss 0.6625251770019531
epoch 1 | batch 0 |train loss 0.7352488040924072
Valid: loss 0.7972840070724487, score:{'roc_auc': 0.6312244897959183, 'MRR': 0.7888888888888889}
Saving model
epoch 1 | batch 1 |train loss 0.6271381378173828
epoch 2 | batch 0 |train loss 0.6384407877922058
Valid: loss 1.0223255157470703, score:{'roc_auc': 0.6151020408163266, 'MRR': 0.8038194444444445}
EarlyStopping counter: 1 out of 3
epoch 2 | batch 1 |train loss 0.6627180576324463
epoch 3 | batch 0 |train loss 0.6102533340454102
Valid: loss 0.8121899366378784, score:{'roc_auc': 0.6181632653061223, 'MRR': 0.8090277777777778}
EarlyStopping counter: 2 out of 3
epoch 3 | batch 1 |train loss 0.5952450633049011
epoch 4 | batch 0 |train loss 0.5869042873382568
Valid: loss 0.714993417263031, score:{'roc_auc': 0.6061224489795918, 'MRR': 0.8246527777777778}
Saving model
epoch 4 | batch 1 |train loss 0.6053994297981262
epoch 5 | batch 0 |train loss 0.570617139339447
Valid: loss 0.705172061920166, score:{'roc_auc': 0.6357142857142858, 'MRR': 0.8003472222222223}
Saving model
epoch 5 | batch 1 |train loss 0.5702710151672363
epoch 6 | batch 0 |train loss 0.5648406744003296
Valid: loss 0.7566502094268799, score:{'roc_auc': 0.636734693877551, 'MRR': 0.7934027777777778}
EarlyStopping counter: 1 out of 3
epoch 6 | batch 1 |train loss 0.5814821124076843
epoch 7 | batch 0 |train loss 0.5591691136360168
Valid: loss 0.7337101101875305, score:{'roc_auc': 0.6426530612244897, 'MRR': 0.8038194444444445}
EarlyStopping counter: 2 out of 3
epoch 7 | batch 1 |train loss 0.5614635944366455
epoch 8 | batch 0 |train loss 0.5477564930915833
Valid: loss 0.7029592394828796, score:{'roc_auc': 0.640408163265306, 'MRR': 0.8038194444444445}
Saving model
epoch 8 | batch 1 |train loss 0.5614700317382812
epoch 9 | batch 0 |train loss 0.5460108518600464
Valid: loss 0.6992348432540894, score:{'roc_auc': 0.643061224489796, 'MRR': 0.7934027777777778}
Saving model
epoch 9 | batch 1 |train loss 0.5728744268417358
epoch 10 | batch 0 |train loss 0.5475053191184998
Valid: loss 0.6966447830200195, score:{'roc_auc': 0.6551020408163266, 'MRR': 0.8038194444444445}
Saving model
epoch 10 | batch 1 |train loss 0.5546213984489441
epoch 11 | batch 0 |train loss 0.5412179827690125
Valid: loss 0.7076727747917175, score:{'roc_auc': 0.6544897959183673, 'MRR': 0.8038194444444445}
EarlyStopping counter: 1 out of 3
epoch 11 | batch 1 |train loss 0.5474971532821655
epoch 12 | batch 0 |train loss 0.5364136695861816
Valid: loss 0.7139078378677368, score:{'roc_auc': 0.6359183673469387, 'MRR': 0.8038194444444445}
EarlyStopping counter: 2 out of 3
epoch 12 | batch 1 |train loss 0.5472634434700012
epoch 13 | batch 0 |train loss 0.5353032350540161
Valid: loss 0.7257441878318787, score:{'roc_auc': 0.6383673469387755, 'MRR': 0.810763888888889}
Meta keys: dict_keys([7])
Data keys: dict_keys([7])
Edge type: 7, Meta: (4, 3)
Average links per head: 3.32
Median: 2.0, Min: 1, Max: 20
len test_list[0] 485
len test_list[1] 485
len test_label 485
2 hop test: loss 0.7257441878318787, score:{'roc_auc': 0.5435499778934123, 'MRR': 0.7728962818003914}
(array([0, 1]), array([242, 243]))
[0.3916471  0.6131149  0.6389957  0.38569707 0.3531299  0.60028833
 0.30583793 0.5293444  0.4532562  0.8623567  0.79227704 0.03571944
 0.03687215 0.76090246 0.130119   0.08034351 0.9270784  0.52392405
 0.4338501  0.17791303]
Average links per head full random test: 1.46
Medianfull random test: 1.0, Min: 1, Max: 11
len test_list[0]full random test 486
len test_list[1]full random test 486
len test_label full random test 486
2 hop test: loss 0.7257441878318787, score:{'roc_auc': 0.5435499778934123, 'MRR': 0.7728962818003914}
edge type: 7, random_score: {'roc_auc': 0.722958898541889, 'MRR': 0.9657534246575342}, score: {'roc_auc': 0.5435499778934123, 'MRR': 0.7728962818003914}
ROC_AUC: 0.5435499778934123
Sec neigh test: score list: defaultdict(<class 'list'>, {'roc_auc': [0.5435499778934123], 'MRR': [0.7728962818003914]})
Random test: score list: defaultdict(<class 'list'>, {'roc_auc': [0.722958898541889], 'MRR': [0.9657534246575342]})
Sec neigh test:average score: defaultdict(<class 'list'>, {'roc_auc': 0.5435, 'MRR': 0.7729})
Random test: average score: defaultdict(<class 'list'>, {'roc_auc': 0.723, 'MRR': 0.9658})
Completed: amazon_style_ccctt_features_securebert_fold_1 (rep 3)

--------------------------------------
Running model: GCN
Dataset: amazon_style_ccctt_features_securebert_fold_2
Repetition: 3
--------------------------------------
use device: cpu
Namespace(data='amazon_style_ccctt_features_securebert_fold_2', model_path='model.pt', train_iter_n=50, cuda=0, checkpoint='', epochs=100, patience=3, n_layers=2, n_heads=[4], dropout=0.5, model='GCN', lr=0.0001, weight_decay=0.0, batch_size=1024, edge_sample_ratio=1, test_with_CPU=False, decoder='dismult', feat_type=1)
args.feat_type 1
sys_path ['/home/simonettos/homhetgnn/HGB/LP/benchmark/methods/GNN', '/home/simonettos/homhetgnn/sbatches', '/home/simonettos/homhetgnn/HGB/LP/benchmark/methods/baseline', '/home/simonettos/homhetgnn/HGB/LP/benchmark', '/home/simonettos/homhetgnn/HGB/LP/benchmark/methods/GNN', '/home/simonettos/homhetgnn/HGB/LP/benchmark/methods/GNN/utils', '/home/simonettos/homhetgnn/HGB/LP/benchmark/methods/GNN/models', '/deepstore/software/anaconda3/2022.05/lib/python39.zip', '/deepstore/software/anaconda3/2022.05/lib/python3.9', '/deepstore/software/anaconda3/2022.05/lib/python3.9/lib-dynload', '/home/simonettos/homhetgnn/gpuvenv/lib/python3.9/site-packages', '../../', '../../']
Data path: /home/simonettos/homhetgnn/HGB/LP/benchmark/data/amazon_style_ccctt_features_securebert_fold_2
Loading nodes from /home/simonettos/homhetgnn/HGB/LP/benchmark/data/amazon_style_ccctt_features_securebert_fold_2/node.dat
edge types: dict_keys([7, 6, 5, 12, 4, 8, 3, 0, 2, 9, 1, 10, 11])
Getting training negative samples for edge types: [7]
nodes.shift keys: [0, 1, 2, 3, 4]
nodes.count keys: [0, 1, 2, 3, 4]
links.meta: {7: (4, 3), 6: (2, 4), 5: (4, 4), 12: (1, 0), 4: (3, 3), 8: (3, 3), 3: (3, 1), 0: (3, 3), 2: (4, 4), 9: (4, 4), 1: (4, 4), 10: (4, 4), 11: (4, 4)}
t_type about to use: 3
h_type: 4
shift dict: {0: 0, 1: 14, 2: 813, 3: 20077, 4: 20635}
count dict: Counter({2: 19264, 4: 940, 1: 799, 3: 558, 0: 14})
Generated 891 negative samples for edge type 7
Info: load amazon_style_ccctt_features_securebert_fold_2 from original data and generate /home/simonettos/homhetgnn/HGB/LP/benchmark/data/amazon_style_ccctt_features_securebert_fold_2/dl_pickle 
edge types: [7]
dataset: amazon_style_ccctt_features_securebert_fold_2, eval_type: 7
epoch 0 | batch 0 |train loss 0.6852320432662964
Valid: loss 1.0027638673782349, score:{'roc_auc': 0.5449999999999999, 'MRR': 0.7697368421052632}
Saving model
epoch 0 | batch 1 |train loss 0.8947405219078064
epoch 1 | batch 0 |train loss 0.6337548494338989
Valid: loss 0.8317852020263672, score:{'roc_auc': 0.5694444444444444, 'MRR': 0.8736842105263158}
Saving model
epoch 1 | batch 1 |train loss 0.7910410165786743
epoch 2 | batch 0 |train loss 0.7693936824798584
Valid: loss 0.7402954697608948, score:{'roc_auc': 0.6172222222222222, 'MRR': 0.8618421052631579}
Saving model
epoch 2 | batch 1 |train loss 0.6323890089988708
epoch 3 | batch 0 |train loss 0.6114632487297058
Valid: loss 0.8015954494476318, score:{'roc_auc': 0.6127777777777778, 'MRR': 0.8486842105263158}
EarlyStopping counter: 1 out of 3
epoch 3 | batch 1 |train loss 0.6572661995887756
epoch 4 | batch 0 |train loss 0.6097231507301331
Valid: loss 0.7453626990318298, score:{'roc_auc': 0.6186111111111111, 'MRR': 0.8486842105263158}
EarlyStopping counter: 2 out of 3
epoch 4 | batch 1 |train loss 0.6158487796783447
epoch 5 | batch 0 |train loss 0.5572913885116577
Valid: loss 0.6818580627441406, score:{'roc_auc': 0.6411111111111112, 'MRR': 0.8618421052631579}
Saving model
epoch 5 | batch 1 |train loss 0.5856013298034668
epoch 6 | batch 0 |train loss 0.5687853097915649
Valid: loss 0.6764753460884094, score:{'roc_auc': 0.6588888888888889, 'MRR': 0.8605263157894738}
Saving model
epoch 6 | batch 1 |train loss 0.5880983471870422
epoch 7 | batch 0 |train loss 0.5610127449035645
Valid: loss 0.6751489639282227, score:{'roc_auc': 0.6747222222222221, 'MRR': 0.8736842105263158}
Saving model
epoch 7 | batch 1 |train loss 0.5726295113563538
epoch 8 | batch 0 |train loss 0.5409430265426636
Valid: loss 0.7026053667068481, score:{'roc_auc': 0.6761111111111111, 'MRR': 0.8736842105263158}
EarlyStopping counter: 1 out of 3
epoch 8 | batch 1 |train loss 0.5708876848220825
epoch 9 | batch 0 |train loss 0.5381720662117004
Valid: loss 0.7271477580070496, score:{'roc_auc': 0.6730555555555555, 'MRR': 0.875}
EarlyStopping counter: 2 out of 3
epoch 9 | batch 1 |train loss 0.578108549118042
epoch 10 | batch 0 |train loss 0.5265800952911377
Valid: loss 0.7137237191200256, score:{'roc_auc': 0.6691666666666667, 'MRR': 0.8618421052631579}
Meta keys: dict_keys([7])
Data keys: dict_keys([7])
Edge type: 7, Meta: (4, 3)
Average links per head: 3.77
Median: 2.0, Min: 1, Max: 26
len test_list[0] 520
len test_list[1] 520
len test_label 520
2 hop test: loss 0.7137237191200256, score:{'roc_auc': 0.5266202162753886, 'MRR': 0.753864734299517}
(array([0, 1]), array([259, 261]))
[0.7706592  0.7438404  0.4487042  0.5465044  0.62690556 0.7227015
 0.4027278  0.5559933  0.90760714 0.5762569  0.72148764 0.7033889
 0.36101773 0.22397602 0.45473483 0.8940583  0.7547061  0.927409
 0.7857282  0.37771028]
Average links per head full random test: 1.57
Medianfull random test: 1.0, Min: 1, Max: 14
len test_list[0]full random test 522
len test_list[1]full random test 522
len test_label full random test 522
2 hop test: loss 0.7137237191200256, score:{'roc_auc': 0.5266202162753886, 'MRR': 0.753864734299517}
edge type: 7, random_score: {'roc_auc': 0.6983162314117526, 'MRR': 0.9818840579710145}, score: {'roc_auc': 0.5266202162753886, 'MRR': 0.753864734299517}
ROC_AUC: 0.5266202162753886
Sec neigh test: score list: defaultdict(<class 'list'>, {'roc_auc': [0.5266202162753886], 'MRR': [0.753864734299517]})
Random test: score list: defaultdict(<class 'list'>, {'roc_auc': [0.6983162314117526], 'MRR': [0.9818840579710145]})
Sec neigh test:average score: defaultdict(<class 'list'>, {'roc_auc': 0.5266, 'MRR': 0.7539})
Random test: average score: defaultdict(<class 'list'>, {'roc_auc': 0.6983, 'MRR': 0.9819})
Completed: amazon_style_ccctt_features_securebert_fold_2 (rep 3)

--------------------------------------
Running model: GCN
Dataset: amazon_style_ccctt_features_securebert_fold_3
Repetition: 3
--------------------------------------
use device: cpu
Namespace(data='amazon_style_ccctt_features_securebert_fold_3', model_path='model.pt', train_iter_n=50, cuda=0, checkpoint='', epochs=100, patience=3, n_layers=2, n_heads=[4], dropout=0.5, model='GCN', lr=0.0001, weight_decay=0.0, batch_size=1024, edge_sample_ratio=1, test_with_CPU=False, decoder='dismult', feat_type=1)
args.feat_type 1
sys_path ['/home/simonettos/homhetgnn/HGB/LP/benchmark/methods/GNN', '/home/simonettos/homhetgnn/sbatches', '/home/simonettos/homhetgnn/HGB/LP/benchmark/methods/baseline', '/home/simonettos/homhetgnn/HGB/LP/benchmark', '/home/simonettos/homhetgnn/HGB/LP/benchmark/methods/GNN', '/home/simonettos/homhetgnn/HGB/LP/benchmark/methods/GNN/utils', '/home/simonettos/homhetgnn/HGB/LP/benchmark/methods/GNN/models', '/deepstore/software/anaconda3/2022.05/lib/python39.zip', '/deepstore/software/anaconda3/2022.05/lib/python3.9', '/deepstore/software/anaconda3/2022.05/lib/python3.9/lib-dynload', '/home/simonettos/homhetgnn/gpuvenv/lib/python3.9/site-packages', '../../', '../../']
Data path: /home/simonettos/homhetgnn/HGB/LP/benchmark/data/amazon_style_ccctt_features_securebert_fold_3
Loading nodes from /home/simonettos/homhetgnn/HGB/LP/benchmark/data/amazon_style_ccctt_features_securebert_fold_3/node.dat
edge types: dict_keys([7, 6, 5, 12, 4, 8, 3, 0, 2, 9, 1, 10, 11])
Getting training negative samples for edge types: [7]
nodes.shift keys: [0, 1, 2, 3, 4]
nodes.count keys: [0, 1, 2, 3, 4]
links.meta: {7: (4, 3), 6: (2, 4), 5: (4, 4), 12: (1, 0), 4: (3, 3), 8: (3, 3), 3: (3, 1), 0: (3, 3), 2: (4, 4), 9: (4, 4), 1: (4, 4), 10: (4, 4), 11: (4, 4)}
t_type about to use: 3
h_type: 4
shift dict: {0: 0, 1: 14, 2: 813, 3: 20077, 4: 20635}
count dict: Counter({2: 19264, 4: 940, 1: 799, 3: 558, 0: 14})
Generated 892 negative samples for edge type 7
Info: load amazon_style_ccctt_features_securebert_fold_3 from original data and generate /home/simonettos/homhetgnn/HGB/LP/benchmark/data/amazon_style_ccctt_features_securebert_fold_3/dl_pickle 
edge types: [7]
dataset: amazon_style_ccctt_features_securebert_fold_3, eval_type: 7
epoch 0 | batch 0 |train loss 0.7253211140632629
Valid: loss 0.8685833215713501, score:{'roc_auc': 0.5332647462277091, 'MRR': 0.8791666666666667}
Saving model
epoch 0 | batch 1 |train loss 0.9376173615455627
epoch 1 | batch 0 |train loss 0.7015888690948486
Valid: loss 0.7409778833389282, score:{'roc_auc': 0.6316872427983539, 'MRR': 0.8458333333333334}
Saving model
epoch 1 | batch 1 |train loss 0.6446797847747803
epoch 2 | batch 0 |train loss 0.8148323893547058
Valid: loss 0.7997733354568481, score:{'roc_auc': 0.6268861454046639, 'MRR': 0.8458333333333332}
EarlyStopping counter: 1 out of 3
epoch 2 | batch 1 |train loss 0.6616405844688416
epoch 3 | batch 0 |train loss 0.6964733600616455
Valid: loss 0.6709564924240112, score:{'roc_auc': 0.6618655692729767, 'MRR': 0.8416666666666666}
Saving model
epoch 3 | batch 1 |train loss 0.5773435235023499
epoch 4 | batch 0 |train loss 0.6237262487411499
Valid: loss 0.6629409790039062, score:{'roc_auc': 0.6704389574759946, 'MRR': 0.8416666666666666}
Saving model
epoch 4 | batch 1 |train loss 0.6028949022293091
epoch 5 | batch 0 |train loss 0.6434980630874634
Valid: loss 0.6424112915992737, score:{'roc_auc': 0.6937585733882029, 'MRR': 0.8625}
Saving model
epoch 5 | batch 1 |train loss 0.5775709748268127
epoch 6 | batch 0 |train loss 0.5930466055870056
Valid: loss 0.6390584111213684, score:{'roc_auc': 0.6838134430727024, 'MRR': 0.8875}
Saving model
epoch 6 | batch 1 |train loss 0.5593982338905334
epoch 7 | batch 0 |train loss 0.5829260349273682
Valid: loss 0.6567063331604004, score:{'roc_auc': 0.6742112482853223, 'MRR': 0.875}
EarlyStopping counter: 1 out of 3
epoch 7 | batch 1 |train loss 0.5544279217720032
epoch 8 | batch 0 |train loss 0.5818571448326111
Valid: loss 0.6693763136863708, score:{'roc_auc': 0.686556927297668, 'MRR': 0.875}
EarlyStopping counter: 2 out of 3
epoch 8 | batch 1 |train loss 0.5510930418968201
epoch 9 | batch 0 |train loss 0.5797710418701172
Valid: loss 0.6671649217605591, score:{'roc_auc': 0.6889574759945131, 'MRR': 0.8625}
Meta keys: dict_keys([7])
Data keys: dict_keys([7])
Edge type: 7, Meta: (4, 3)
Average links per head: 3.56
Median: 2.0, Min: 1, Max: 34
len test_list[0] 530
len test_list[1] 530
len test_label 530
2 hop test: loss 0.6671649217605591, score:{'roc_auc': 0.5370813397129187, 'MRR': 0.756152125279642}
(array([0, 1]), array([264, 266]))
[0.7913948  0.2499722  0.78303427 0.78657055 0.30638996 0.3176198
 0.0563836  0.81504583 0.9031149  0.6880839  0.89373296 0.19131589
 0.08994777 0.76520365 0.31847954 0.2905488  0.3789592  0.86942714
 0.6203045  0.53953195]
Average links per head full random test: 1.49
Medianfull random test: 1.0, Min: 1, Max: 18
len test_list[0]full random test 532
len test_list[1]full random test 532
len test_label full random test 532
2 hop test: loss 0.6671649217605591, score:{'roc_auc': 0.5370813397129187, 'MRR': 0.756152125279642}
edge type: 7, random_score: {'roc_auc': 0.6491180959918594, 'MRR': 0.9664429530201343}, score: {'roc_auc': 0.5370813397129187, 'MRR': 0.756152125279642}
ROC_AUC: 0.5370813397129187
Sec neigh test: score list: defaultdict(<class 'list'>, {'roc_auc': [0.5370813397129187], 'MRR': [0.756152125279642]})
Random test: score list: defaultdict(<class 'list'>, {'roc_auc': [0.6491180959918594], 'MRR': [0.9664429530201343]})
Sec neigh test:average score: defaultdict(<class 'list'>, {'roc_auc': 0.5371, 'MRR': 0.7562})
Random test: average score: defaultdict(<class 'list'>, {'roc_auc': 0.6491, 'MRR': 0.9664})
Completed: amazon_style_ccctt_features_securebert_fold_3 (rep 3)

--------------------------------------
Running model: GCN
Dataset: amazon_style_ccctt_features_securebert_fold_4
Repetition: 3
--------------------------------------
use device: cpu
Namespace(data='amazon_style_ccctt_features_securebert_fold_4', model_path='model.pt', train_iter_n=50, cuda=0, checkpoint='', epochs=100, patience=3, n_layers=2, n_heads=[4], dropout=0.5, model='GCN', lr=0.0001, weight_decay=0.0, batch_size=1024, edge_sample_ratio=1, test_with_CPU=False, decoder='dismult', feat_type=1)
args.feat_type 1
sys_path ['/home/simonettos/homhetgnn/HGB/LP/benchmark/methods/GNN', '/home/simonettos/homhetgnn/sbatches', '/home/simonettos/homhetgnn/HGB/LP/benchmark/methods/baseline', '/home/simonettos/homhetgnn/HGB/LP/benchmark', '/home/simonettos/homhetgnn/HGB/LP/benchmark/methods/GNN', '/home/simonettos/homhetgnn/HGB/LP/benchmark/methods/GNN/utils', '/home/simonettos/homhetgnn/HGB/LP/benchmark/methods/GNN/models', '/deepstore/software/anaconda3/2022.05/lib/python39.zip', '/deepstore/software/anaconda3/2022.05/lib/python3.9', '/deepstore/software/anaconda3/2022.05/lib/python3.9/lib-dynload', '/home/simonettos/homhetgnn/gpuvenv/lib/python3.9/site-packages', '../../', '../../']
Data path: /home/simonettos/homhetgnn/HGB/LP/benchmark/data/amazon_style_ccctt_features_securebert_fold_4
Loading nodes from /home/simonettos/homhetgnn/HGB/LP/benchmark/data/amazon_style_ccctt_features_securebert_fold_4/node.dat
edge types: dict_keys([7, 6, 5, 12, 4, 8, 3, 0, 2, 9, 1, 10, 11])
Getting training negative samples for edge types: [7]
nodes.shift keys: [0, 1, 2, 3, 4]
nodes.count keys: [0, 1, 2, 3, 4]
links.meta: {7: (4, 3), 6: (2, 4), 5: (4, 4), 12: (1, 0), 4: (3, 3), 8: (3, 3), 3: (3, 1), 0: (3, 3), 2: (4, 4), 9: (4, 4), 1: (4, 4), 10: (4, 4), 11: (4, 4)}
t_type about to use: 3
h_type: 4
shift dict: {0: 0, 1: 14, 2: 813, 3: 20077, 4: 20635}
count dict: Counter({2: 19264, 4: 940, 1: 799, 3: 558, 0: 14})
Generated 905 negative samples for edge type 7
Info: load amazon_style_ccctt_features_securebert_fold_4 from original data and generate /home/simonettos/homhetgnn/HGB/LP/benchmark/data/amazon_style_ccctt_features_securebert_fold_4/dl_pickle 
edge types: [7]
dataset: amazon_style_ccctt_features_securebert_fold_4, eval_type: 7
epoch 0 | batch 0 |train loss 0.703042209148407
Valid: loss 0.7457184791564941, score:{'roc_auc': 0.5752595155709342, 'MRR': 0.8368794326241134}
Saving model
epoch 0 | batch 1 |train loss 0.8527998924255371
epoch 1 | batch 0 |train loss 0.6995024085044861
Valid: loss 0.7674040198326111, score:{'roc_auc': 0.6245674740484428, 'MRR': 0.826241134751773}
EarlyStopping counter: 1 out of 3
epoch 1 | batch 1 |train loss 0.847112238407135
epoch 2 | batch 0 |train loss 0.6317551136016846
Valid: loss 0.712295413017273, score:{'roc_auc': 0.6619809688581315, 'MRR': 0.8386524822695035}
Saving model
epoch 2 | batch 1 |train loss 0.7528761029243469
epoch 3 | batch 0 |train loss 0.6381421685218811
Valid: loss 0.705732524394989, score:{'roc_auc': 0.6533304498269896, 'MRR': 0.8553191489361702}
Saving model
epoch 3 | batch 1 |train loss 0.7494939565658569
epoch 4 | batch 0 |train loss 0.5812437534332275
Valid: loss 0.6661808490753174, score:{'roc_auc': 0.6708477508650519, 'MRR': 0.8457446808510638}
Saving model
epoch 4 | batch 1 |train loss 0.5859470963478088
epoch 5 | batch 0 |train loss 0.5894322991371155
Valid: loss 0.6612226963043213, score:{'roc_auc': 0.6773356401384083, 'MRR': 0.8351063829787234}
Saving model
epoch 5 | batch 1 |train loss 0.5843414664268494
epoch 6 | batch 0 |train loss 0.5778683423995972
Valid: loss 0.6322618126869202, score:{'roc_auc': 0.7045847750865051, 'MRR': 0.824468085106383}
Saving model
epoch 6 | batch 1 |train loss 0.5603853464126587
epoch 7 | batch 0 |train loss 0.5731216669082642
Valid: loss 0.6275473833084106, score:{'roc_auc': 0.7115051903114187, 'MRR': 0.8127659574468086}
Saving model
epoch 7 | batch 1 |train loss 0.556161105632782
epoch 8 | batch 0 |train loss 0.5600597858428955
Valid: loss 0.6473546624183655, score:{'roc_auc': 0.7048010380622837, 'MRR': 0.8340425531914895}
EarlyStopping counter: 1 out of 3
epoch 8 | batch 1 |train loss 0.5338811278343201
epoch 9 | batch 0 |train loss 0.5527287125587463
Valid: loss 0.6816266179084778, score:{'roc_auc': 0.7006920415224913, 'MRR': 0.8304964539007091}
EarlyStopping counter: 2 out of 3
epoch 9 | batch 1 |train loss 0.5503002405166626
epoch 10 | batch 0 |train loss 0.5601480007171631
Valid: loss 0.6775169372558594, score:{'roc_auc': 0.7039359861591695, 'MRR': 0.8304964539007091}
Meta keys: dict_keys([7])
Data keys: dict_keys([7])
Edge type: 7, Meta: (4, 3)
Average links per head: 3.47
Median: 2.0, Min: 1, Max: 20
len test_list[0] 479
len test_list[1] 479
len test_label 479
2 hop test: loss 0.6775169372558594, score:{'roc_auc': 0.49388075313807533, 'MRR': 0.7582125603864734}
(array([0, 1]), array([239, 240]))
[0.5285823  0.6252402  0.532869   0.5595246  0.71401256 0.63518393
 0.75980437 0.28590125 0.8464541  0.77720636 0.83578813 0.6902986
 0.55679667 0.33306262 0.30986324 0.23827791 0.5439663  0.792498
 0.4375211  0.88412106]
Average links per head full random test: 1.50
Medianfull random test: 1.0, Min: 1, Max: 11
len test_list[0]full random test 480
len test_list[1]full random test 480
len test_label full random test 480
2 hop test: loss 0.6775169372558594, score:{'roc_auc': 0.49388075313807533, 'MRR': 0.7582125603864734}
edge type: 7, random_score: {'roc_auc': 0.6892361111111112, 'MRR': 0.9516908212560385}, score: {'roc_auc': 0.49388075313807533, 'MRR': 0.7582125603864734}
ROC_AUC: 0.49388075313807533
Sec neigh test: score list: defaultdict(<class 'list'>, {'roc_auc': [0.49388075313807533], 'MRR': [0.7582125603864734]})
Random test: score list: defaultdict(<class 'list'>, {'roc_auc': [0.6892361111111112], 'MRR': [0.9516908212560385]})
Sec neigh test:average score: defaultdict(<class 'list'>, {'roc_auc': 0.4939, 'MRR': 0.7582})
Random test: average score: defaultdict(<class 'list'>, {'roc_auc': 0.6892, 'MRR': 0.9517})
Completed: amazon_style_ccctt_features_securebert_fold_4 (rep 3)

--------------------------------------
Running model: GCN
Dataset: amazon_style_ccctt_features_securebert_fold_5
Repetition: 3
--------------------------------------
use device: cpu
Namespace(data='amazon_style_ccctt_features_securebert_fold_5', model_path='model.pt', train_iter_n=50, cuda=0, checkpoint='', epochs=100, patience=3, n_layers=2, n_heads=[4], dropout=0.5, model='GCN', lr=0.0001, weight_decay=0.0, batch_size=1024, edge_sample_ratio=1, test_with_CPU=False, decoder='dismult', feat_type=1)
args.feat_type 1
sys_path ['/home/simonettos/homhetgnn/HGB/LP/benchmark/methods/GNN', '/home/simonettos/homhetgnn/sbatches', '/home/simonettos/homhetgnn/HGB/LP/benchmark/methods/baseline', '/home/simonettos/homhetgnn/HGB/LP/benchmark', '/home/simonettos/homhetgnn/HGB/LP/benchmark/methods/GNN', '/home/simonettos/homhetgnn/HGB/LP/benchmark/methods/GNN/utils', '/home/simonettos/homhetgnn/HGB/LP/benchmark/methods/GNN/models', '/deepstore/software/anaconda3/2022.05/lib/python39.zip', '/deepstore/software/anaconda3/2022.05/lib/python3.9', '/deepstore/software/anaconda3/2022.05/lib/python3.9/lib-dynload', '/home/simonettos/homhetgnn/gpuvenv/lib/python3.9/site-packages', '../../', '../../']
Data path: /home/simonettos/homhetgnn/HGB/LP/benchmark/data/amazon_style_ccctt_features_securebert_fold_5
Loading nodes from /home/simonettos/homhetgnn/HGB/LP/benchmark/data/amazon_style_ccctt_features_securebert_fold_5/node.dat
edge types: dict_keys([7, 6, 5, 12, 4, 8, 3, 0, 2, 9, 1, 10, 11])
Getting training negative samples for edge types: [7]
nodes.shift keys: [0, 1, 2, 3, 4]
nodes.count keys: [0, 1, 2, 3, 4]
links.meta: {7: (4, 3), 6: (2, 4), 5: (4, 4), 12: (1, 0), 4: (3, 3), 8: (3, 3), 3: (3, 1), 0: (3, 3), 2: (4, 4), 9: (4, 4), 1: (4, 4), 10: (4, 4), 11: (4, 4)}
t_type about to use: 3
h_type: 4
shift dict: {0: 0, 1: 14, 2: 813, 3: 20077, 4: 20635}
count dict: Counter({2: 19264, 4: 940, 1: 799, 3: 558, 0: 14})
Generated 953 negative samples for edge type 7
Info: load amazon_style_ccctt_features_securebert_fold_5 from original data and generate /home/simonettos/homhetgnn/HGB/LP/benchmark/data/amazon_style_ccctt_features_securebert_fold_5/dl_pickle 
edge types: [7]
dataset: amazon_style_ccctt_features_securebert_fold_5, eval_type: 7
epoch 0 | batch 0 |train loss 0.6811384558677673
Valid: loss 1.1943000555038452, score:{'roc_auc': 0.5537088334872269, 'MRR': 0.8125}
Saving model
epoch 0 | batch 1 |train loss 0.8470448851585388
epoch 1 | batch 0 |train loss 0.6381784081459045
Valid: loss 0.9510287642478943, score:{'roc_auc': 0.6491228070175439, 'MRR': 0.85}
Saving model
epoch 1 | batch 1 |train loss 0.8602291345596313
epoch 2 | batch 0 |train loss 0.6984655857086182
Valid: loss 0.8610827922821045, score:{'roc_auc': 0.6429670667897815, 'MRR': 0.7916666666666666}
Saving model
epoch 2 | batch 1 |train loss 0.714599609375
epoch 3 | batch 0 |train loss 0.6401287913322449
Valid: loss 0.9557900428771973, score:{'roc_auc': 0.6272699292089874, 'MRR': 0.7916666666666666}
EarlyStopping counter: 1 out of 3
epoch 3 | batch 1 |train loss 0.6518428921699524
epoch 4 | batch 0 |train loss 0.657450258731842
Valid: loss 0.8602014780044556, score:{'roc_auc': 0.6244998461064943, 'MRR': 0.7958333333333333}
Saving model
epoch 4 | batch 1 |train loss 0.612138032913208
epoch 5 | batch 0 |train loss 0.5937677621841431
Valid: loss 0.7106584906578064, score:{'roc_auc': 0.6361957525392429, 'MRR': 0.7916666666666666}
Saving model
epoch 5 | batch 1 |train loss 0.5760868787765503
epoch 6 | batch 0 |train loss 0.5867586135864258
Valid: loss 0.7109911441802979, score:{'roc_auc': 0.651892890120037, 'MRR': 0.7791666666666666}
EarlyStopping counter: 1 out of 3
epoch 6 | batch 1 |train loss 0.6008386015892029
epoch 7 | batch 0 |train loss 0.5857285857200623
Valid: loss 0.6835008859634399, score:{'roc_auc': 0.6565096952908588, 'MRR': 0.7958333333333333}
Saving model
epoch 7 | batch 1 |train loss 0.5751829147338867
epoch 8 | batch 0 |train loss 0.5531398057937622
Valid: loss 0.7049820423126221, score:{'roc_auc': 0.6608187134502924, 'MRR': 0.7666666666666666}
EarlyStopping counter: 1 out of 3
epoch 8 | batch 1 |train loss 0.5594884157180786
epoch 9 | batch 0 |train loss 0.5633560419082642
Valid: loss 0.7453195452690125, score:{'roc_auc': 0.6626654355186212, 'MRR': 0.7916666666666666}
EarlyStopping counter: 2 out of 3
epoch 9 | batch 1 |train loss 0.5682856440544128
epoch 10 | batch 0 |train loss 0.5625795722007751
Valid: loss 0.742870569229126, score:{'roc_auc': 0.6675900277008311, 'MRR': 0.7916666666666666}
Meta keys: dict_keys([7])
Data keys: dict_keys([7])
Edge type: 7, Meta: (4, 3)
Average links per head: 3.44
Median: 2.0, Min: 1, Max: 26
len test_list[0] 403
len test_list[1] 403
len test_label 403
2 hop test: loss 0.742870569229126, score:{'roc_auc': 0.5063546798029557, 'MRR': 0.7484330484330484}
(array([0, 1]), array([200, 203]))
[0.5157144  0.43082228 0.52276045 0.6525595  0.5769541  0.6219266
 0.8890656  0.36844236 0.7579146  0.822574   0.9665504  0.66739905
 0.69649786 0.6963589  0.30538034 0.77565557 0.91864634 0.61724156
 0.30943933 0.2924655 ]
Average links per head full random test: 1.45
Medianfull random test: 1.0, Min: 1, Max: 14
len test_list[0]full random test 406
len test_list[1]full random test 406
len test_label full random test 406
2 hop test: loss 0.742870569229126, score:{'roc_auc': 0.5063546798029557, 'MRR': 0.7484330484330484}
edge type: 7, random_score: {'roc_auc': 0.6986580601324954, 'MRR': 0.9743589743589743}, score: {'roc_auc': 0.5063546798029557, 'MRR': 0.7484330484330484}
ROC_AUC: 0.5063546798029557
Sec neigh test: score list: defaultdict(<class 'list'>, {'roc_auc': [0.5063546798029557], 'MRR': [0.7484330484330484]})
Random test: score list: defaultdict(<class 'list'>, {'roc_auc': [0.6986580601324954], 'MRR': [0.9743589743589743]})
Sec neigh test:average score: defaultdict(<class 'list'>, {'roc_auc': 0.5064, 'MRR': 0.7484})
Random test: average score: defaultdict(<class 'list'>, {'roc_auc': 0.6987, 'MRR': 0.9744})
Completed: amazon_style_ccctt_features_securebert_fold_5 (rep 3)

=== Repetition 4/6 ===
--------------------------------------
Running model: GCN
Dataset: amazon_style_ccctt_features_securebert_fold_1
Repetition: 4
--------------------------------------
use device: cpu
Namespace(data='amazon_style_ccctt_features_securebert_fold_1', model_path='model.pt', train_iter_n=50, cuda=0, checkpoint='', epochs=100, patience=3, n_layers=2, n_heads=[4], dropout=0.5, model='GCN', lr=0.0001, weight_decay=0.0, batch_size=1024, edge_sample_ratio=1, test_with_CPU=False, decoder='dismult', feat_type=1)
args.feat_type 1
sys_path ['/home/simonettos/homhetgnn/HGB/LP/benchmark/methods/GNN', '/home/simonettos/homhetgnn/sbatches', '/home/simonettos/homhetgnn/HGB/LP/benchmark/methods/baseline', '/home/simonettos/homhetgnn/HGB/LP/benchmark', '/home/simonettos/homhetgnn/HGB/LP/benchmark/methods/GNN', '/home/simonettos/homhetgnn/HGB/LP/benchmark/methods/GNN/utils', '/home/simonettos/homhetgnn/HGB/LP/benchmark/methods/GNN/models', '/deepstore/software/anaconda3/2022.05/lib/python39.zip', '/deepstore/software/anaconda3/2022.05/lib/python3.9', '/deepstore/software/anaconda3/2022.05/lib/python3.9/lib-dynload', '/home/simonettos/homhetgnn/gpuvenv/lib/python3.9/site-packages', '../../', '../../']
Data path: /home/simonettos/homhetgnn/HGB/LP/benchmark/data/amazon_style_ccctt_features_securebert_fold_1
Loading nodes from /home/simonettos/homhetgnn/HGB/LP/benchmark/data/amazon_style_ccctt_features_securebert_fold_1/node.dat
edge types: dict_keys([6, 5, 7, 12, 2, 8, 9, 3, 4, 10, 1, 0, 11])
Getting training negative samples for edge types: [7]
nodes.shift keys: [0, 1, 2, 3, 4]
nodes.count keys: [0, 1, 2, 3, 4]
links.meta: {6: (2, 4), 5: (4, 4), 7: (4, 3), 12: (1, 0), 2: (4, 4), 8: (3, 3), 9: (4, 4), 3: (3, 1), 4: (3, 3), 10: (4, 4), 1: (4, 4), 0: (3, 3), 11: (4, 4)}
t_type about to use: 3
h_type: 4
shift dict: {0: 0, 1: 14, 2: 813, 3: 20077, 4: 20635}
count dict: Counter({2: 19264, 4: 940, 1: 799, 3: 558, 0: 14})
Generated 903 negative samples for edge type 7
Info: load amazon_style_ccctt_features_securebert_fold_1 from original data and generate /home/simonettos/homhetgnn/HGB/LP/benchmark/data/amazon_style_ccctt_features_securebert_fold_1/dl_pickle 
edge types: [7]
dataset: amazon_style_ccctt_features_securebert_fold_1, eval_type: 7
epoch 0 | batch 0 |train loss 0.6972599029541016
Valid: loss 0.7739670872688293, score:{'roc_auc': 0.5985996326905418, 'MRR': 0.8055555555555555}
Saving model
epoch 0 | batch 1 |train loss 0.6555920243263245
epoch 1 | batch 0 |train loss 0.7347905039787292
Valid: loss 0.914364218711853, score:{'roc_auc': 0.5942378328741965, 'MRR': 0.8353174603174602}
EarlyStopping counter: 1 out of 3
epoch 1 | batch 1 |train loss 0.6455031037330627
epoch 2 | batch 0 |train loss 0.7605951428413391
Valid: loss 0.8099770545959473, score:{'roc_auc': 0.633494031221304, 'MRR': 0.8333333333333334}
EarlyStopping counter: 2 out of 3
epoch 2 | batch 1 |train loss 0.6462752819061279
epoch 3 | batch 0 |train loss 0.6418006420135498
Valid: loss 0.7709252834320068, score:{'roc_auc': 0.607552800734619, 'MRR': 0.846031746031746}
Saving model
epoch 3 | batch 1 |train loss 0.5909883379936218
epoch 4 | batch 0 |train loss 0.6109347343444824
Valid: loss 0.7644579410552979, score:{'roc_auc': 0.5988292011019284, 'MRR': 0.8174603174603173}
Saving model
epoch 4 | batch 1 |train loss 0.6094874143600464
epoch 5 | batch 0 |train loss 0.5903652906417847
Valid: loss 0.6921035647392273, score:{'roc_auc': 0.6348714416896235, 'MRR': 0.8174603174603173}
Saving model
epoch 5 | batch 1 |train loss 0.5976228713989258
epoch 6 | batch 0 |train loss 0.5859933495521545
Valid: loss 0.6746904850006104, score:{'roc_auc': 0.6587465564738292, 'MRR': 0.8174603174603173}
Saving model
epoch 6 | batch 1 |train loss 0.5912899971008301
epoch 7 | batch 0 |train loss 0.5659212470054626
Valid: loss 0.6923992037773132, score:{'roc_auc': 0.6426767676767677, 'MRR': 0.8301587301587302}
EarlyStopping counter: 1 out of 3
epoch 7 | batch 1 |train loss 0.5762059092521667
epoch 8 | batch 0 |train loss 0.5689496994018555
Valid: loss 0.712902843952179, score:{'roc_auc': 0.6465794306703397, 'MRR': 0.8301587301587302}
EarlyStopping counter: 2 out of 3
epoch 8 | batch 1 |train loss 0.5859531164169312
epoch 9 | batch 0 |train loss 0.5683144330978394
Valid: loss 0.7025707364082336, score:{'roc_auc': 0.6516299357208448, 'MRR': 0.8353174603174602}
Meta keys: dict_keys([7])
Data keys: dict_keys([7])
Edge type: 7, Meta: (4, 3)
Average links per head: 3.32
Median: 2.0, Min: 1, Max: 20
len test_list[0] 485
len test_list[1] 485
len test_label 485
2 hop test: loss 0.7025707364082336, score:{'roc_auc': 0.5394007414209434, 'MRR': 0.7827788649706457}
(array([0, 1]), array([242, 243]))
[0.40909246 0.5062793  0.5951786  0.4426149  0.43401486 0.5868257
 0.40591577 0.5361352  0.62191063 0.92431056 0.7207243  0.33463672
 0.25865552 0.6009439  0.38049525 0.31728765 0.87745833 0.6277624
 0.51389045 0.81966794]
Average links per head full random test: 1.46
Medianfull random test: 1.0, Min: 1, Max: 11
len test_list[0]full random test 486
len test_list[1]full random test 486
len test_label full random test 486
2 hop test: loss 0.7025707364082336, score:{'roc_auc': 0.5394007414209434, 'MRR': 0.7827788649706457}
edge type: 7, random_score: {'roc_auc': 0.7388440109061966, 'MRR': 0.9577625570776255}, score: {'roc_auc': 0.5394007414209434, 'MRR': 0.7827788649706457}
ROC_AUC: 0.5394007414209434
Sec neigh test: score list: defaultdict(<class 'list'>, {'roc_auc': [0.5394007414209434], 'MRR': [0.7827788649706457]})
Random test: score list: defaultdict(<class 'list'>, {'roc_auc': [0.7388440109061966], 'MRR': [0.9577625570776255]})
Sec neigh test:average score: defaultdict(<class 'list'>, {'roc_auc': 0.5394, 'MRR': 0.7828})
Random test: average score: defaultdict(<class 'list'>, {'roc_auc': 0.7388, 'MRR': 0.9578})
Completed: amazon_style_ccctt_features_securebert_fold_1 (rep 4)

--------------------------------------
Running model: GCN
Dataset: amazon_style_ccctt_features_securebert_fold_2
Repetition: 4
--------------------------------------
use device: cpu
Namespace(data='amazon_style_ccctt_features_securebert_fold_2', model_path='model.pt', train_iter_n=50, cuda=0, checkpoint='', epochs=100, patience=3, n_layers=2, n_heads=[4], dropout=0.5, model='GCN', lr=0.0001, weight_decay=0.0, batch_size=1024, edge_sample_ratio=1, test_with_CPU=False, decoder='dismult', feat_type=1)
args.feat_type 1
sys_path ['/home/simonettos/homhetgnn/HGB/LP/benchmark/methods/GNN', '/home/simonettos/homhetgnn/sbatches', '/home/simonettos/homhetgnn/HGB/LP/benchmark/methods/baseline', '/home/simonettos/homhetgnn/HGB/LP/benchmark', '/home/simonettos/homhetgnn/HGB/LP/benchmark/methods/GNN', '/home/simonettos/homhetgnn/HGB/LP/benchmark/methods/GNN/utils', '/home/simonettos/homhetgnn/HGB/LP/benchmark/methods/GNN/models', '/deepstore/software/anaconda3/2022.05/lib/python39.zip', '/deepstore/software/anaconda3/2022.05/lib/python3.9', '/deepstore/software/anaconda3/2022.05/lib/python3.9/lib-dynload', '/home/simonettos/homhetgnn/gpuvenv/lib/python3.9/site-packages', '../../', '../../']
Data path: /home/simonettos/homhetgnn/HGB/LP/benchmark/data/amazon_style_ccctt_features_securebert_fold_2
Loading nodes from /home/simonettos/homhetgnn/HGB/LP/benchmark/data/amazon_style_ccctt_features_securebert_fold_2/node.dat
edge types: dict_keys([7, 6, 5, 12, 4, 8, 3, 0, 2, 9, 1, 10, 11])
Getting training negative samples for edge types: [7]
nodes.shift keys: [0, 1, 2, 3, 4]
nodes.count keys: [0, 1, 2, 3, 4]
links.meta: {7: (4, 3), 6: (2, 4), 5: (4, 4), 12: (1, 0), 4: (3, 3), 8: (3, 3), 3: (3, 1), 0: (3, 3), 2: (4, 4), 9: (4, 4), 1: (4, 4), 10: (4, 4), 11: (4, 4)}
t_type about to use: 3
h_type: 4
shift dict: {0: 0, 1: 14, 2: 813, 3: 20077, 4: 20635}
count dict: Counter({2: 19264, 4: 940, 1: 799, 3: 558, 0: 14})
Generated 894 negative samples for edge type 7
Info: load amazon_style_ccctt_features_securebert_fold_2 from original data and generate /home/simonettos/homhetgnn/HGB/LP/benchmark/data/amazon_style_ccctt_features_securebert_fold_2/dl_pickle 
edge types: [7]
dataset: amazon_style_ccctt_features_securebert_fold_2, eval_type: 7
epoch 0 | batch 0 |train loss 0.6932380199432373
Valid: loss 0.687467098236084, score:{'roc_auc': 0.6552785472453063, 'MRR': 0.8687943262411348}
Saving model
epoch 0 | batch 1 |train loss 0.6883776783943176
epoch 1 | batch 0 |train loss 0.6831250190734863
Valid: loss 1.278666615486145, score:{'roc_auc': 0.6682056017236073, 'MRR': 0.8687943262411348}
EarlyStopping counter: 1 out of 3
epoch 1 | batch 1 |train loss 0.8250640630722046
epoch 2 | batch 0 |train loss 0.6226779222488403
Valid: loss 0.8190457820892334, score:{'roc_auc': 0.6808248691905202, 'MRR': 0.8687943262411348}
EarlyStopping counter: 2 out of 3
epoch 2 | batch 1 |train loss 0.6496471166610718
epoch 3 | batch 0 |train loss 0.6481500864028931
Valid: loss 0.7068559527397156, score:{'roc_auc': 0.6608187134502925, 'MRR': 0.8794326241134752}
Meta keys: dict_keys([7])
Data keys: dict_keys([7])
Edge type: 7, Meta: (4, 3)
Average links per head: 3.77
Median: 2.0, Min: 1, Max: 26
len test_list[0] 520
len test_list[1] 520
len test_label 520
2 hop test: loss 0.7068559527397156, score:{'roc_auc': 0.4683353304042959, 'MRR': 0.7146135265700484}
(array([0, 1]), array([259, 261]))
[0.52041775 0.51596904 0.49283433 0.5227997  0.5776714  0.6315586
 0.5466312  0.5454223  0.9895957  0.83237165 0.9446797  0.93917334
 0.6723124  0.38295674 0.89030296 0.9745368  0.9531916  0.9664832
 0.93542206 0.6308816 ]
Average links per head full random test: 1.57
Medianfull random test: 1.0, Min: 1, Max: 14
len test_list[0]full random test 522
len test_list[1]full random test 522
len test_label full random test 522
2 hop test: loss 0.7068559527397156, score:{'roc_auc': 0.4683353304042959, 'MRR': 0.7146135265700484}
edge type: 7, random_score: {'roc_auc': 0.6837392287253564, 'MRR': 0.9710144927536232}, score: {'roc_auc': 0.4683353304042959, 'MRR': 0.7146135265700484}
ROC_AUC: 0.4683353304042959
Sec neigh test: score list: defaultdict(<class 'list'>, {'roc_auc': [0.4683353304042959], 'MRR': [0.7146135265700484]})
Random test: score list: defaultdict(<class 'list'>, {'roc_auc': [0.6837392287253564], 'MRR': [0.9710144927536232]})
Sec neigh test:average score: defaultdict(<class 'list'>, {'roc_auc': 0.4683, 'MRR': 0.7146})
Random test: average score: defaultdict(<class 'list'>, {'roc_auc': 0.6837, 'MRR': 0.971})
Completed: amazon_style_ccctt_features_securebert_fold_2 (rep 4)

--------------------------------------
Running model: GCN
Dataset: amazon_style_ccctt_features_securebert_fold_3
Repetition: 4
--------------------------------------
use device: cpu
Namespace(data='amazon_style_ccctt_features_securebert_fold_3', model_path='model.pt', train_iter_n=50, cuda=0, checkpoint='', epochs=100, patience=3, n_layers=2, n_heads=[4], dropout=0.5, model='GCN', lr=0.0001, weight_decay=0.0, batch_size=1024, edge_sample_ratio=1, test_with_CPU=False, decoder='dismult', feat_type=1)
args.feat_type 1
sys_path ['/home/simonettos/homhetgnn/HGB/LP/benchmark/methods/GNN', '/home/simonettos/homhetgnn/sbatches', '/home/simonettos/homhetgnn/HGB/LP/benchmark/methods/baseline', '/home/simonettos/homhetgnn/HGB/LP/benchmark', '/home/simonettos/homhetgnn/HGB/LP/benchmark/methods/GNN', '/home/simonettos/homhetgnn/HGB/LP/benchmark/methods/GNN/utils', '/home/simonettos/homhetgnn/HGB/LP/benchmark/methods/GNN/models', '/deepstore/software/anaconda3/2022.05/lib/python39.zip', '/deepstore/software/anaconda3/2022.05/lib/python3.9', '/deepstore/software/anaconda3/2022.05/lib/python3.9/lib-dynload', '/home/simonettos/homhetgnn/gpuvenv/lib/python3.9/site-packages', '../../', '../../']
Data path: /home/simonettos/homhetgnn/HGB/LP/benchmark/data/amazon_style_ccctt_features_securebert_fold_3
Loading nodes from /home/simonettos/homhetgnn/HGB/LP/benchmark/data/amazon_style_ccctt_features_securebert_fold_3/node.dat
edge types: dict_keys([7, 6, 5, 12, 4, 8, 3, 0, 2, 9, 1, 10, 11])
Getting training negative samples for edge types: [7]
nodes.shift keys: [0, 1, 2, 3, 4]
nodes.count keys: [0, 1, 2, 3, 4]
links.meta: {7: (4, 3), 6: (2, 4), 5: (4, 4), 12: (1, 0), 4: (3, 3), 8: (3, 3), 3: (3, 1), 0: (3, 3), 2: (4, 4), 9: (4, 4), 1: (4, 4), 10: (4, 4), 11: (4, 4)}
t_type about to use: 3
h_type: 4
shift dict: {0: 0, 1: 14, 2: 813, 3: 20077, 4: 20635}
count dict: Counter({2: 19264, 4: 940, 1: 799, 3: 558, 0: 14})
Generated 872 negative samples for edge type 7
Info: load amazon_style_ccctt_features_securebert_fold_3 from original data and generate /home/simonettos/homhetgnn/HGB/LP/benchmark/data/amazon_style_ccctt_features_securebert_fold_3/dl_pickle 
edge types: [7]
dataset: amazon_style_ccctt_features_securebert_fold_3, eval_type: 7
epoch 0 | batch 0 |train loss 0.6821667551994324
Valid: loss 0.694699764251709, score:{'roc_auc': 0.6659970781592403, 'MRR': 0.8213836477987421}
Saving model
epoch 0 | batch 1 |train loss 0.6598650813102722
epoch 1 | batch 0 |train loss 0.6376183032989502
Valid: loss 0.7475254535675049, score:{'roc_auc': 0.631117604090577, 'MRR': 0.8632075471698113}
EarlyStopping counter: 1 out of 3
epoch 1 | batch 1 |train loss 0.707094132900238
epoch 2 | batch 0 |train loss 0.610005259513855
Valid: loss 0.8162561655044556, score:{'roc_auc': 0.6515704894083272, 'MRR': 0.8113207547169812}
EarlyStopping counter: 2 out of 3
epoch 2 | batch 1 |train loss 0.6168168187141418
epoch 3 | batch 0 |train loss 0.6025434732437134
Valid: loss 0.6496706008911133, score:{'roc_auc': 0.6806062819576333, 'MRR': 0.8113207547169812}
Saving model
epoch 3 | batch 1 |train loss 0.5830333828926086
epoch 4 | batch 0 |train loss 0.5903614163398743
Valid: loss 0.6508167386054993, score:{'roc_auc': 0.6826150474799123, 'MRR': 0.8207547169811321}
EarlyStopping counter: 1 out of 3
epoch 4 | batch 1 |train loss 0.5868405103683472
epoch 5 | batch 0 |train loss 0.551363468170166
Valid: loss 0.6788511276245117, score:{'roc_auc': 0.6879108838568299, 'MRR': 0.8490566037735849}
EarlyStopping counter: 2 out of 3
epoch 5 | batch 1 |train loss 0.5646073222160339
epoch 6 | batch 0 |train loss 0.5710808634757996
Valid: loss 0.7093637585639954, score:{'roc_auc': 0.6910153396639883, 'MRR': 0.8591194968553458}
Meta keys: dict_keys([7])
Data keys: dict_keys([7])
Edge type: 7, Meta: (4, 3)
Average links per head: 3.56
Median: 2.0, Min: 1, Max: 34
len test_list[0] 530
len test_list[1] 530
len test_label 530
2 hop test: loss 0.7093637585639954, score:{'roc_auc': 0.5344896331738438, 'MRR': 0.7527964205816554}
(array([0, 1]), array([264, 266]))
[0.812961   0.11852849 0.8385807  0.68646204 0.18874489 0.23003265
 0.13558148 0.5457028  0.9158665  0.6086551  0.9388746  0.3031008
 0.12447394 0.7602022  0.17070934 0.17370483 0.25550354 0.98450667
 0.63443935 0.4133149 ]
Average links per head full random test: 1.49
Medianfull random test: 1.0, Min: 1, Max: 18
len test_list[0]full random test 532
len test_list[1]full random test 532
len test_label full random test 532
2 hop test: loss 0.7093637585639954, score:{'roc_auc': 0.5344896331738438, 'MRR': 0.7527964205816554}
edge type: 7, random_score: {'roc_auc': 0.6525806998699757, 'MRR': 0.9697986577181208}, score: {'roc_auc': 0.5344896331738438, 'MRR': 0.7527964205816554}
ROC_AUC: 0.5344896331738438
Sec neigh test: score list: defaultdict(<class 'list'>, {'roc_auc': [0.5344896331738438], 'MRR': [0.7527964205816554]})
Random test: score list: defaultdict(<class 'list'>, {'roc_auc': [0.6525806998699757], 'MRR': [0.9697986577181208]})
Sec neigh test:average score: defaultdict(<class 'list'>, {'roc_auc': 0.5345, 'MRR': 0.7528})
Random test: average score: defaultdict(<class 'list'>, {'roc_auc': 0.6526, 'MRR': 0.9698})
Completed: amazon_style_ccctt_features_securebert_fold_3 (rep 4)

--------------------------------------
Running model: GCN
Dataset: amazon_style_ccctt_features_securebert_fold_4
Repetition: 4
--------------------------------------
use device: cpu
Namespace(data='amazon_style_ccctt_features_securebert_fold_4', model_path='model.pt', train_iter_n=50, cuda=0, checkpoint='', epochs=100, patience=3, n_layers=2, n_heads=[4], dropout=0.5, model='GCN', lr=0.0001, weight_decay=0.0, batch_size=1024, edge_sample_ratio=1, test_with_CPU=False, decoder='dismult', feat_type=1)
args.feat_type 1
sys_path ['/home/simonettos/homhetgnn/HGB/LP/benchmark/methods/GNN', '/home/simonettos/homhetgnn/sbatches', '/home/simonettos/homhetgnn/HGB/LP/benchmark/methods/baseline', '/home/simonettos/homhetgnn/HGB/LP/benchmark', '/home/simonettos/homhetgnn/HGB/LP/benchmark/methods/GNN', '/home/simonettos/homhetgnn/HGB/LP/benchmark/methods/GNN/utils', '/home/simonettos/homhetgnn/HGB/LP/benchmark/methods/GNN/models', '/deepstore/software/anaconda3/2022.05/lib/python39.zip', '/deepstore/software/anaconda3/2022.05/lib/python3.9', '/deepstore/software/anaconda3/2022.05/lib/python3.9/lib-dynload', '/home/simonettos/homhetgnn/gpuvenv/lib/python3.9/site-packages', '../../', '../../']
Data path: /home/simonettos/homhetgnn/HGB/LP/benchmark/data/amazon_style_ccctt_features_securebert_fold_4
Loading nodes from /home/simonettos/homhetgnn/HGB/LP/benchmark/data/amazon_style_ccctt_features_securebert_fold_4/node.dat
edge types: dict_keys([7, 6, 5, 12, 4, 8, 3, 0, 2, 9, 1, 10, 11])
Getting training negative samples for edge types: [7]
nodes.shift keys: [0, 1, 2, 3, 4]
nodes.count keys: [0, 1, 2, 3, 4]
links.meta: {7: (4, 3), 6: (2, 4), 5: (4, 4), 12: (1, 0), 4: (3, 3), 8: (3, 3), 3: (3, 1), 0: (3, 3), 2: (4, 4), 9: (4, 4), 1: (4, 4), 10: (4, 4), 11: (4, 4)}
t_type about to use: 3
h_type: 4
shift dict: {0: 0, 1: 14, 2: 813, 3: 20077, 4: 20635}
count dict: Counter({2: 19264, 4: 940, 1: 799, 3: 558, 0: 14})
Generated 919 negative samples for edge type 7
Info: load amazon_style_ccctt_features_securebert_fold_4 from original data and generate /home/simonettos/homhetgnn/HGB/LP/benchmark/data/amazon_style_ccctt_features_securebert_fold_4/dl_pickle 
edge types: [7]
dataset: amazon_style_ccctt_features_securebert_fold_4, eval_type: 7
epoch 0 | batch 0 |train loss 0.7045564651489258
Valid: loss 0.7008585929870605, score:{'roc_auc': 0.5925925925925927, 'MRR': 0.8290598290598289}
Saving model
epoch 0 | batch 1 |train loss 0.6874404549598694
epoch 1 | batch 0 |train loss 0.6556286811828613
Valid: loss 0.800315797328949, score:{'roc_auc': 0.6570644718792866, 'MRR': 0.8418803418803418}
EarlyStopping counter: 1 out of 3
epoch 1 | batch 1 |train loss 0.6675081849098206
epoch 2 | batch 0 |train loss 0.6014180183410645
Valid: loss 0.667444109916687, score:{'roc_auc': 0.7002743484224966, 'MRR': 0.8803418803418802}
Saving model
epoch 2 | batch 1 |train loss 0.6251450777053833
epoch 3 | batch 0 |train loss 0.6132627129554749
Valid: loss 0.67780601978302, score:{'roc_auc': 0.6817558299039781, 'MRR': 0.8782051282051282}
EarlyStopping counter: 1 out of 3
epoch 3 | batch 1 |train loss 0.5873602032661438
epoch 4 | batch 0 |train loss 0.5773382186889648
Valid: loss 0.7020518183708191, score:{'roc_auc': 0.6683813443072703, 'MRR': 0.8910256410256411}
EarlyStopping counter: 2 out of 3
epoch 4 | batch 1 |train loss 0.5932422876358032
epoch 5 | batch 0 |train loss 0.5682134032249451
Valid: loss 0.6507073640823364, score:{'roc_auc': 0.6923868312757202, 'MRR': 0.893162393162393}
Saving model
epoch 5 | batch 1 |train loss 0.5642783045768738
epoch 6 | batch 0 |train loss 0.5577518343925476
Valid: loss 0.6172881722450256, score:{'roc_auc': 0.7297668038408779, 'MRR': 0.9102564102564102}
Saving model
epoch 6 | batch 1 |train loss 0.5538908839225769
epoch 7 | batch 0 |train loss 0.5501887798309326
Valid: loss 0.6430846452713013, score:{'roc_auc': 0.7187928669410152, 'MRR': 0.8846153846153846}
EarlyStopping counter: 1 out of 3
epoch 7 | batch 1 |train loss 0.5504583120346069
epoch 8 | batch 0 |train loss 0.5397499203681946
Valid: loss 0.6880435347557068, score:{'roc_auc': 0.7078189300411523, 'MRR': 0.8589743589743589}
EarlyStopping counter: 2 out of 3
epoch 8 | batch 1 |train loss 0.5605864524841309
epoch 9 | batch 0 |train loss 0.537686824798584
Valid: loss 0.6641636490821838, score:{'roc_auc': 0.7167352537722909, 'MRR': 0.8589743589743589}
Meta keys: dict_keys([7])
Data keys: dict_keys([7])
Edge type: 7, Meta: (4, 3)
Average links per head: 3.47
Median: 2.0, Min: 1, Max: 20
len test_list[0] 479
len test_list[1] 479
len test_label 479
2 hop test: loss 0.6641636490821838, score:{'roc_auc': 0.48469316596931655, 'MRR': 0.7474637681159421}
(array([0, 1]), array([239, 240]))
[0.6597777  0.6277264  0.5106773  0.5942953  0.80887085 0.6136484
 0.85797566 0.16224562 0.9407779  0.9444215  0.9403393  0.7856999
 0.21180125 0.5703861  0.16832535 0.23632416 0.6121606  0.8991605
 0.35510018 0.23391515]
Average links per head full random test: 1.50
Medianfull random test: 1.0, Min: 1, Max: 11
len test_list[0]full random test 480
len test_list[1]full random test 480
len test_label full random test 480
2 hop test: loss 0.6641636490821838, score:{'roc_auc': 0.48469316596931655, 'MRR': 0.7474637681159421}
edge type: 7, random_score: {'roc_auc': 0.682517361111111, 'MRR': 0.9480676328502414}, score: {'roc_auc': 0.48469316596931655, 'MRR': 0.7474637681159421}
ROC_AUC: 0.48469316596931655
Sec neigh test: score list: defaultdict(<class 'list'>, {'roc_auc': [0.48469316596931655], 'MRR': [0.7474637681159421]})
Random test: score list: defaultdict(<class 'list'>, {'roc_auc': [0.682517361111111], 'MRR': [0.9480676328502414]})
Sec neigh test:average score: defaultdict(<class 'list'>, {'roc_auc': 0.4847, 'MRR': 0.7475})
Random test: average score: defaultdict(<class 'list'>, {'roc_auc': 0.6825, 'MRR': 0.9481})
Completed: amazon_style_ccctt_features_securebert_fold_4 (rep 4)

--------------------------------------
Running model: GCN
Dataset: amazon_style_ccctt_features_securebert_fold_5
Repetition: 4
--------------------------------------
use device: cpu
Namespace(data='amazon_style_ccctt_features_securebert_fold_5', model_path='model.pt', train_iter_n=50, cuda=0, checkpoint='', epochs=100, patience=3, n_layers=2, n_heads=[4], dropout=0.5, model='GCN', lr=0.0001, weight_decay=0.0, batch_size=1024, edge_sample_ratio=1, test_with_CPU=False, decoder='dismult', feat_type=1)
args.feat_type 1
sys_path ['/home/simonettos/homhetgnn/HGB/LP/benchmark/methods/GNN', '/home/simonettos/homhetgnn/sbatches', '/home/simonettos/homhetgnn/HGB/LP/benchmark/methods/baseline', '/home/simonettos/homhetgnn/HGB/LP/benchmark', '/home/simonettos/homhetgnn/HGB/LP/benchmark/methods/GNN', '/home/simonettos/homhetgnn/HGB/LP/benchmark/methods/GNN/utils', '/home/simonettos/homhetgnn/HGB/LP/benchmark/methods/GNN/models', '/deepstore/software/anaconda3/2022.05/lib/python39.zip', '/deepstore/software/anaconda3/2022.05/lib/python3.9', '/deepstore/software/anaconda3/2022.05/lib/python3.9/lib-dynload', '/home/simonettos/homhetgnn/gpuvenv/lib/python3.9/site-packages', '../../', '../../']
Data path: /home/simonettos/homhetgnn/HGB/LP/benchmark/data/amazon_style_ccctt_features_securebert_fold_5
Loading nodes from /home/simonettos/homhetgnn/HGB/LP/benchmark/data/amazon_style_ccctt_features_securebert_fold_5/node.dat
edge types: dict_keys([7, 6, 5, 12, 4, 8, 3, 0, 2, 9, 1, 10, 11])
Getting training negative samples for edge types: [7]
nodes.shift keys: [0, 1, 2, 3, 4]
nodes.count keys: [0, 1, 2, 3, 4]
links.meta: {7: (4, 3), 6: (2, 4), 5: (4, 4), 12: (1, 0), 4: (3, 3), 8: (3, 3), 3: (3, 1), 0: (3, 3), 2: (4, 4), 9: (4, 4), 1: (4, 4), 10: (4, 4), 11: (4, 4)}
t_type about to use: 3
h_type: 4
shift dict: {0: 0, 1: 14, 2: 813, 3: 20077, 4: 20635}
count dict: Counter({2: 19264, 4: 940, 1: 799, 3: 558, 0: 14})
Generated 948 negative samples for edge type 7
Info: load amazon_style_ccctt_features_securebert_fold_5 from original data and generate /home/simonettos/homhetgnn/HGB/LP/benchmark/data/amazon_style_ccctt_features_securebert_fold_5/dl_pickle 
edge types: [7]
dataset: amazon_style_ccctt_features_securebert_fold_5, eval_type: 7
epoch 0 | batch 0 |train loss 0.6930997371673584
Valid: loss 1.016671895980835, score:{'roc_auc': 0.516649323621228, 'MRR': 0.8105820105820105}
Saving model
epoch 0 | batch 1 |train loss 0.8370442986488342
epoch 1 | batch 0 |train loss 0.6478045582771301
Valid: loss 1.068886160850525, score:{'roc_auc': 0.5767429760665973, 'MRR': 0.8007407407407408}
EarlyStopping counter: 1 out of 3
epoch 1 | batch 1 |train loss 0.7091016173362732
epoch 2 | batch 0 |train loss 0.7044035196304321
Valid: loss 0.9397777915000916, score:{'roc_auc': 0.5788241415192508, 'MRR': 0.8222222222222222}
Saving model
epoch 2 | batch 1 |train loss 0.6349651217460632
epoch 3 | batch 0 |train loss 0.6106064319610596
Valid: loss 0.7659423351287842, score:{'roc_auc': 0.5556711758584807, 'MRR': 0.8111111111111111}
Saving model
epoch 3 | batch 1 |train loss 0.613754391670227
epoch 4 | batch 0 |train loss 0.6269384622573853
Valid: loss 0.7512335777282715, score:{'roc_auc': 0.5569719042663891, 'MRR': 0.8118518518518518}
Saving model
epoch 4 | batch 1 |train loss 0.6186640858650208
epoch 5 | batch 0 |train loss 0.5877221822738647
Valid: loss 0.7304630875587463, score:{'roc_auc': 0.577783558792924, 'MRR': 0.8007407407407408}
Saving model
epoch 5 | batch 1 |train loss 0.5786684155464172
epoch 6 | batch 0 |train loss 0.5738500356674194
Valid: loss 0.767833411693573, score:{'roc_auc': 0.5868886576482831, 'MRR': 0.7888888888888889}
EarlyStopping counter: 1 out of 3
epoch 6 | batch 1 |train loss 0.5788390636444092
epoch 7 | batch 0 |train loss 0.5750726461410522
Valid: loss 0.7382494807243347, score:{'roc_auc': 0.5767429760665974, 'MRR': 0.8}
EarlyStopping counter: 2 out of 3
epoch 7 | batch 1 |train loss 0.5719035863876343
epoch 8 | batch 0 |train loss 0.5638507604598999
Valid: loss 0.7395040988922119, score:{'roc_auc': 0.5655567117585848, 'MRR': 0.7888888888888889}
Meta keys: dict_keys([7])
Data keys: dict_keys([7])
Edge type: 7, Meta: (4, 3)
Average links per head: 3.44
Median: 2.0, Min: 1, Max: 26
len test_list[0] 403
len test_list[1] 403
len test_label 403
2 hop test: loss 0.7395040988922119, score:{'roc_auc': 0.5153940886699507, 'MRR': 0.7407407407407407}
(array([0, 1]), array([200, 203]))
[0.526269   0.46873584 0.5422667  0.60684246 0.48235384 0.55188
 0.78210664 0.22256336 0.73938316 0.8730841  0.96992636 0.632541
 0.74141943 0.67941564 0.5761527  0.82732713 0.9507705  0.18927918
 0.4684672  0.1407038 ]
Average links per head full random test: 1.45
Medianfull random test: 1.0, Min: 1, Max: 14
len test_list[0]full random test 406
len test_list[1]full random test 406
len test_label full random test 406
2 hop test: loss 0.7395040988922119, score:{'roc_auc': 0.5153940886699507, 'MRR': 0.7407407407407407}
edge type: 7, random_score: {'roc_auc': 0.6705088694217283, 'MRR': 0.9658119658119658}, score: {'roc_auc': 0.5153940886699507, 'MRR': 0.7407407407407407}
ROC_AUC: 0.5153940886699507
Sec neigh test: score list: defaultdict(<class 'list'>, {'roc_auc': [0.5153940886699507], 'MRR': [0.7407407407407407]})
Random test: score list: defaultdict(<class 'list'>, {'roc_auc': [0.6705088694217283], 'MRR': [0.9658119658119658]})
Sec neigh test:average score: defaultdict(<class 'list'>, {'roc_auc': 0.5154, 'MRR': 0.7407})
Random test: average score: defaultdict(<class 'list'>, {'roc_auc': 0.6705, 'MRR': 0.9658})
Completed: amazon_style_ccctt_features_securebert_fold_5 (rep 4)

=== Repetition 5/6 ===
--------------------------------------
Running model: GCN
Dataset: amazon_style_ccctt_features_securebert_fold_1
Repetition: 5
--------------------------------------
use device: cpu
Namespace(data='amazon_style_ccctt_features_securebert_fold_1', model_path='model.pt', train_iter_n=50, cuda=0, checkpoint='', epochs=100, patience=3, n_layers=2, n_heads=[4], dropout=0.5, model='GCN', lr=0.0001, weight_decay=0.0, batch_size=1024, edge_sample_ratio=1, test_with_CPU=False, decoder='dismult', feat_type=1)
args.feat_type 1
sys_path ['/home/simonettos/homhetgnn/HGB/LP/benchmark/methods/GNN', '/home/simonettos/homhetgnn/sbatches', '/home/simonettos/homhetgnn/HGB/LP/benchmark/methods/baseline', '/home/simonettos/homhetgnn/HGB/LP/benchmark', '/home/simonettos/homhetgnn/HGB/LP/benchmark/methods/GNN', '/home/simonettos/homhetgnn/HGB/LP/benchmark/methods/GNN/utils', '/home/simonettos/homhetgnn/HGB/LP/benchmark/methods/GNN/models', '/deepstore/software/anaconda3/2022.05/lib/python39.zip', '/deepstore/software/anaconda3/2022.05/lib/python3.9', '/deepstore/software/anaconda3/2022.05/lib/python3.9/lib-dynload', '/home/simonettos/homhetgnn/gpuvenv/lib/python3.9/site-packages', '../../', '../../']
Data path: /home/simonettos/homhetgnn/HGB/LP/benchmark/data/amazon_style_ccctt_features_securebert_fold_1
Loading nodes from /home/simonettos/homhetgnn/HGB/LP/benchmark/data/amazon_style_ccctt_features_securebert_fold_1/node.dat
edge types: dict_keys([6, 5, 7, 12, 2, 8, 9, 3, 4, 10, 1, 0, 11])
Getting training negative samples for edge types: [7]
nodes.shift keys: [0, 1, 2, 3, 4]
nodes.count keys: [0, 1, 2, 3, 4]
links.meta: {6: (2, 4), 5: (4, 4), 7: (4, 3), 12: (1, 0), 2: (4, 4), 8: (3, 3), 9: (4, 4), 3: (3, 1), 4: (3, 3), 10: (4, 4), 1: (4, 4), 0: (3, 3), 11: (4, 4)}
t_type about to use: 3
h_type: 4
shift dict: {0: 0, 1: 14, 2: 813, 3: 20077, 4: 20635}
count dict: Counter({2: 19264, 4: 940, 1: 799, 3: 558, 0: 14})
Generated 898 negative samples for edge type 7
Info: load amazon_style_ccctt_features_securebert_fold_1 from original data and generate /home/simonettos/homhetgnn/HGB/LP/benchmark/data/amazon_style_ccctt_features_securebert_fold_1/dl_pickle 
edge types: [7]
dataset: amazon_style_ccctt_features_securebert_fold_1, eval_type: 7
epoch 0 | batch 0 |train loss 0.6981363892555237
Valid: loss 0.9682862162590027, score:{'roc_auc': 0.5441380678436819, 'MRR': 0.8055555555555556}
Saving model
epoch 0 | batch 1 |train loss 0.7149342894554138
epoch 1 | batch 0 |train loss 0.6116355657577515
Valid: loss 0.8782216906547546, score:{'roc_auc': 0.5592144415790518, 'MRR': 0.8333333333333334}
Saving model
epoch 1 | batch 1 |train loss 0.6780627965927124
epoch 2 | batch 0 |train loss 0.6247922778129578
Valid: loss 0.9536028504371643, score:{'roc_auc': 0.5762745487006546, 'MRR': 0.8185185185185184}
EarlyStopping counter: 1 out of 3
epoch 2 | batch 1 |train loss 0.588822066783905
epoch 3 | batch 0 |train loss 0.6288675665855408
Valid: loss 1.0094081163406372, score:{'roc_auc': 0.587383455663559, 'MRR': 0.8185185185185184}
EarlyStopping counter: 2 out of 3
epoch 3 | batch 1 |train loss 0.6023381948471069
epoch 4 | batch 0 |train loss 0.6105285882949829
Valid: loss 0.8441786170005798, score:{'roc_auc': 0.6040468161079151, 'MRR': 0.8296296296296295}
Saving model
epoch 4 | batch 1 |train loss 0.5672997832298279
epoch 5 | batch 0 |train loss 0.5592930316925049
Valid: loss 0.7277180552482605, score:{'roc_auc': 0.6266613767109701, 'MRR': 0.824074074074074}
Saving model
epoch 5 | batch 1 |train loss 0.57087641954422
epoch 6 | batch 0 |train loss 0.5657901763916016
Valid: loss 0.7097530961036682, score:{'roc_auc': 0.6256695100178535, 'MRR': 0.8314814814814814}
Saving model
epoch 6 | batch 1 |train loss 0.5546146035194397
epoch 7 | batch 0 |train loss 0.5421322584152222
Valid: loss 0.7537854909896851, score:{'roc_auc': 0.6276532434040865, 'MRR': 0.8259259259259258}
EarlyStopping counter: 1 out of 3
epoch 7 | batch 1 |train loss 0.535825252532959
epoch 8 | batch 0 |train loss 0.5436311960220337
Valid: loss 0.7932066917419434, score:{'roc_auc': 0.6248760166633605, 'MRR': 0.8296296296296295}
EarlyStopping counter: 2 out of 3
epoch 8 | batch 1 |train loss 0.5440477132797241
epoch 9 | batch 0 |train loss 0.5410631895065308
Valid: loss 0.7688639760017395, score:{'roc_auc': 0.636976790319381, 'MRR': 0.8296296296296295}
Meta keys: dict_keys([7])
Data keys: dict_keys([7])
Edge type: 7, Meta: (4, 3)
Average links per head: 3.32
Median: 2.0, Min: 1, Max: 20
len test_list[0] 485
len test_list[1] 485
len test_label 485
2 hop test: loss 0.7688639760017395, score:{'roc_auc': 0.5188586198687208, 'MRR': 0.7863666014350945}
(array([0, 1]), array([242, 243]))
[0.52413076 0.60541147 0.6549659  0.44743186 0.4262045  0.6403312
 0.39792186 0.5531716  0.7142727  0.9909287  0.8585568  0.10729611
 0.1227002  0.69767946 0.17018384 0.14249052 0.985562   0.77333033
 0.5527476  0.95009625]
Average links per head full random test: 1.46
Medianfull random test: 1.0, Min: 1, Max: 11
len test_list[0]full random test 486
len test_list[1]full random test 486
len test_label full random test 486
2 hop test: loss 0.7688639760017395, score:{'roc_auc': 0.5188586198687208, 'MRR': 0.7863666014350945}
edge type: 7, random_score: {'roc_auc': 0.7103253230367998, 'MRR': 0.9657534246575342}, score: {'roc_auc': 0.5188586198687208, 'MRR': 0.7863666014350945}
ROC_AUC: 0.5188586198687208
Sec neigh test: score list: defaultdict(<class 'list'>, {'roc_auc': [0.5188586198687208], 'MRR': [0.7863666014350945]})
Random test: score list: defaultdict(<class 'list'>, {'roc_auc': [0.7103253230367998], 'MRR': [0.9657534246575342]})
Sec neigh test:average score: defaultdict(<class 'list'>, {'roc_auc': 0.5189, 'MRR': 0.7864})
Random test: average score: defaultdict(<class 'list'>, {'roc_auc': 0.7103, 'MRR': 0.9658})
Completed: amazon_style_ccctt_features_securebert_fold_1 (rep 5)

--------------------------------------
Running model: GCN
Dataset: amazon_style_ccctt_features_securebert_fold_2
Repetition: 5
--------------------------------------
use device: cpu
Namespace(data='amazon_style_ccctt_features_securebert_fold_2', model_path='model.pt', train_iter_n=50, cuda=0, checkpoint='', epochs=100, patience=3, n_layers=2, n_heads=[4], dropout=0.5, model='GCN', lr=0.0001, weight_decay=0.0, batch_size=1024, edge_sample_ratio=1, test_with_CPU=False, decoder='dismult', feat_type=1)
args.feat_type 1
sys_path ['/home/simonettos/homhetgnn/HGB/LP/benchmark/methods/GNN', '/home/simonettos/homhetgnn/sbatches', '/home/simonettos/homhetgnn/HGB/LP/benchmark/methods/baseline', '/home/simonettos/homhetgnn/HGB/LP/benchmark', '/home/simonettos/homhetgnn/HGB/LP/benchmark/methods/GNN', '/home/simonettos/homhetgnn/HGB/LP/benchmark/methods/GNN/utils', '/home/simonettos/homhetgnn/HGB/LP/benchmark/methods/GNN/models', '/deepstore/software/anaconda3/2022.05/lib/python39.zip', '/deepstore/software/anaconda3/2022.05/lib/python3.9', '/deepstore/software/anaconda3/2022.05/lib/python3.9/lib-dynload', '/home/simonettos/homhetgnn/gpuvenv/lib/python3.9/site-packages', '../../', '../../']
Data path: /home/simonettos/homhetgnn/HGB/LP/benchmark/data/amazon_style_ccctt_features_securebert_fold_2
Loading nodes from /home/simonettos/homhetgnn/HGB/LP/benchmark/data/amazon_style_ccctt_features_securebert_fold_2/node.dat
edge types: dict_keys([7, 6, 5, 12, 4, 8, 3, 0, 2, 9, 1, 10, 11])
Getting training negative samples for edge types: [7]
nodes.shift keys: [0, 1, 2, 3, 4]
nodes.count keys: [0, 1, 2, 3, 4]
links.meta: {7: (4, 3), 6: (2, 4), 5: (4, 4), 12: (1, 0), 4: (3, 3), 8: (3, 3), 3: (3, 1), 0: (3, 3), 2: (4, 4), 9: (4, 4), 1: (4, 4), 10: (4, 4), 11: (4, 4)}
t_type about to use: 3
h_type: 4
shift dict: {0: 0, 1: 14, 2: 813, 3: 20077, 4: 20635}
count dict: Counter({2: 19264, 4: 940, 1: 799, 3: 558, 0: 14})
Generated 885 negative samples for edge type 7
Info: load amazon_style_ccctt_features_securebert_fold_2 from original data and generate /home/simonettos/homhetgnn/HGB/LP/benchmark/data/amazon_style_ccctt_features_securebert_fold_2/dl_pickle 
edge types: [7]
dataset: amazon_style_ccctt_features_securebert_fold_2, eval_type: 7
epoch 0 | batch 0 |train loss 0.6948903799057007
Valid: loss 0.7927387952804565, score:{'roc_auc': 0.6255739210284664, 'MRR': 0.8037037037037038}
Saving model
epoch 0 | batch 1 |train loss 0.7065936326980591
epoch 1 | batch 0 |train loss 0.7260675430297852
Valid: loss 0.7498116493225098, score:{'roc_auc': 0.6140955004591367, 'MRR': 0.798148148148148}
Saving model
epoch 1 | batch 1 |train loss 0.6587214469909668
epoch 2 | batch 0 |train loss 0.6420976519584656
Valid: loss 0.8807351589202881, score:{'roc_auc': 0.6363636363636365, 'MRR': 0.8}
EarlyStopping counter: 1 out of 3
epoch 2 | batch 1 |train loss 0.6995232701301575
epoch 3 | batch 0 |train loss 0.6304212808609009
Valid: loss 0.7438755035400391, score:{'roc_auc': 0.6400367309458219, 'MRR': 0.8}
Saving model
epoch 3 | batch 1 |train loss 0.5920711755752563
epoch 4 | batch 0 |train loss 0.5802471041679382
Valid: loss 0.6976578831672668, score:{'roc_auc': 0.6280991735537189, 'MRR': 0.8111111111111111}
Saving model
epoch 4 | batch 1 |train loss 0.6249151229858398
epoch 5 | batch 0 |train loss 0.5835961103439331
Valid: loss 0.6873034834861755, score:{'roc_auc': 0.6460055096418732, 'MRR': 0.8111111111111111}
Saving model
epoch 5 | batch 1 |train loss 0.5717204809188843
epoch 6 | batch 0 |train loss 0.5605530142784119
Valid: loss 0.7412629127502441, score:{'roc_auc': 0.6430211202938476, 'MRR': 0.8111111111111111}
EarlyStopping counter: 1 out of 3
epoch 6 | batch 1 |train loss 0.561268150806427
epoch 7 | batch 0 |train loss 0.5717678070068359
Valid: loss 0.7562460899353027, score:{'roc_auc': 0.6455463728191002, 'MRR': 0.8}
EarlyStopping counter: 2 out of 3
epoch 7 | batch 1 |train loss 0.5588843822479248
epoch 8 | batch 0 |train loss 0.5511143803596497
Valid: loss 0.7270476818084717, score:{'roc_auc': 0.6584022038567493, 'MRR': 0.8037037037037038}
Meta keys: dict_keys([7])
Data keys: dict_keys([7])
Edge type: 7, Meta: (4, 3)
Average links per head: 3.76
Median: 2.0, Min: 1, Max: 26
len test_list[0] 519
len test_list[1] 519
len test_label 519
2 hop test: loss 0.7270476818084717, score:{'roc_auc': 0.5258991951052898, 'MRR': 0.7294685990338163}
(array([0, 1]), array([258, 261]))
[0.6985173  0.72510475 0.4886541  0.48402497 0.64105535 0.6809622
 0.44158173 0.5429309  0.9252592  0.7033533  0.8123096  0.89228135
 0.27716044 0.21149114 0.667766   0.7754822  0.63828844 0.94954926
 0.7453468  0.30804202]
Average links per head full random test: 1.57
Medianfull random test: 1.0, Min: 1, Max: 14
len test_list[0]full random test 522
len test_list[1]full random test 522
len test_label full random test 522
2 hop test: loss 0.7270476818084717, score:{'roc_auc': 0.5258991951052898, 'MRR': 0.7294685990338163}
edge type: 7, random_score: {'roc_auc': 0.689170740300348, 'MRR': 0.9818840579710145}, score: {'roc_auc': 0.5258991951052898, 'MRR': 0.7294685990338163}
ROC_AUC: 0.5258991951052898
Sec neigh test: score list: defaultdict(<class 'list'>, {'roc_auc': [0.5258991951052898], 'MRR': [0.7294685990338163]})
Random test: score list: defaultdict(<class 'list'>, {'roc_auc': [0.689170740300348], 'MRR': [0.9818840579710145]})
Sec neigh test:average score: defaultdict(<class 'list'>, {'roc_auc': 0.5259, 'MRR': 0.7295})
Random test: average score: defaultdict(<class 'list'>, {'roc_auc': 0.6892, 'MRR': 0.9819})
Completed: amazon_style_ccctt_features_securebert_fold_2 (rep 5)

--------------------------------------
Running model: GCN
Dataset: amazon_style_ccctt_features_securebert_fold_3
Repetition: 5
--------------------------------------
use device: cpu
Namespace(data='amazon_style_ccctt_features_securebert_fold_3', model_path='model.pt', train_iter_n=50, cuda=0, checkpoint='', epochs=100, patience=3, n_layers=2, n_heads=[4], dropout=0.5, model='GCN', lr=0.0001, weight_decay=0.0, batch_size=1024, edge_sample_ratio=1, test_with_CPU=False, decoder='dismult', feat_type=1)
args.feat_type 1
sys_path ['/home/simonettos/homhetgnn/HGB/LP/benchmark/methods/GNN', '/home/simonettos/homhetgnn/sbatches', '/home/simonettos/homhetgnn/HGB/LP/benchmark/methods/baseline', '/home/simonettos/homhetgnn/HGB/LP/benchmark', '/home/simonettos/homhetgnn/HGB/LP/benchmark/methods/GNN', '/home/simonettos/homhetgnn/HGB/LP/benchmark/methods/GNN/utils', '/home/simonettos/homhetgnn/HGB/LP/benchmark/methods/GNN/models', '/deepstore/software/anaconda3/2022.05/lib/python39.zip', '/deepstore/software/anaconda3/2022.05/lib/python3.9', '/deepstore/software/anaconda3/2022.05/lib/python3.9/lib-dynload', '/home/simonettos/homhetgnn/gpuvenv/lib/python3.9/site-packages', '../../', '../../']
Data path: /home/simonettos/homhetgnn/HGB/LP/benchmark/data/amazon_style_ccctt_features_securebert_fold_3
Loading nodes from /home/simonettos/homhetgnn/HGB/LP/benchmark/data/amazon_style_ccctt_features_securebert_fold_3/node.dat
edge types: dict_keys([7, 6, 5, 12, 4, 8, 3, 0, 2, 9, 1, 10, 11])
Getting training negative samples for edge types: [7]
nodes.shift keys: [0, 1, 2, 3, 4]
nodes.count keys: [0, 1, 2, 3, 4]
links.meta: {7: (4, 3), 6: (2, 4), 5: (4, 4), 12: (1, 0), 4: (3, 3), 8: (3, 3), 3: (3, 1), 0: (3, 3), 2: (4, 4), 9: (4, 4), 1: (4, 4), 10: (4, 4), 11: (4, 4)}
t_type about to use: 3
h_type: 4
shift dict: {0: 0, 1: 14, 2: 813, 3: 20077, 4: 20635}
count dict: Counter({2: 19264, 4: 940, 1: 799, 3: 558, 0: 14})
Generated 889 negative samples for edge type 7
Info: load amazon_style_ccctt_features_securebert_fold_3 from original data and generate /home/simonettos/homhetgnn/HGB/LP/benchmark/data/amazon_style_ccctt_features_securebert_fold_3/dl_pickle 
edge types: [7]
dataset: amazon_style_ccctt_features_securebert_fold_3, eval_type: 7
epoch 0 | batch 0 |train loss 0.6992967128753662
Valid: loss 0.6437328457832336, score:{'roc_auc': 0.703601108033241, 'MRR': 0.8703703703703703}
Saving model
epoch 0 | batch 1 |train loss 0.7853660583496094
epoch 1 | batch 0 |train loss 0.713054895401001
Valid: loss 0.7311646342277527, score:{'roc_auc': 0.7011388119421361, 'MRR': 0.8518518518518517}
EarlyStopping counter: 1 out of 3
epoch 1 | batch 1 |train loss 0.6961899995803833
epoch 2 | batch 0 |train loss 0.5921305418014526
Valid: loss 0.6895129084587097, score:{'roc_auc': 0.7057556171129579, 'MRR': 0.8611111111111112}
EarlyStopping counter: 2 out of 3
epoch 2 | batch 1 |train loss 0.7936086654663086
epoch 3 | batch 0 |train loss 0.5869313478469849
Valid: loss 0.6179196834564209, score:{'roc_auc': 0.7048322560787935, 'MRR': 0.8611111111111112}
Saving model
epoch 3 | batch 1 |train loss 0.5899030566215515
epoch 4 | batch 0 |train loss 0.5651494860649109
Valid: loss 0.6768124103546143, score:{'roc_auc': 0.6731301939058172, 'MRR': 0.8472222222222222}
EarlyStopping counter: 1 out of 3
epoch 4 | batch 1 |train loss 0.5781411528587341
epoch 5 | batch 0 |train loss 0.5568675994873047
Valid: loss 0.6627563834190369, score:{'roc_auc': 0.6728224068944291, 'MRR': 0.8518518518518517}
EarlyStopping counter: 2 out of 3
epoch 5 | batch 1 |train loss 0.5713221430778503
epoch 6 | batch 0 |train loss 0.5522955060005188
Valid: loss 0.6712738871574402, score:{'roc_auc': 0.6682056017236073, 'MRR': 0.875}
Meta keys: dict_keys([7])
Data keys: dict_keys([7])
Edge type: 7, Meta: (4, 3)
Average links per head: 3.56
Median: 2.0, Min: 1, Max: 34
len test_list[0] 530
len test_list[1] 530
len test_label 530
2 hop test: loss 0.6712738871574402, score:{'roc_auc': 0.5262161084529505, 'MRR': 0.7628635346756153}
(array([0, 1]), array([264, 266]))
[0.7690504  0.07707737 0.7869857  0.7241278  0.11603754 0.49587294
 0.08991996 0.8387741  0.90386885 0.21522407 0.95488757 0.30726317
 0.1484656  0.700689   0.09554923 0.10183174 0.24506436 0.9307876
 0.6441133  0.46451277]
Average links per head full random test: 1.49
Medianfull random test: 1.0, Min: 1, Max: 18
len test_list[0]full random test 532
len test_list[1]full random test 532
len test_label full random test 532
2 hop test: loss 0.6712738871574402, score:{'roc_auc': 0.5262161084529505, 'MRR': 0.7628635346756153}
edge type: 7, random_score: {'roc_auc': 0.6397337328283114, 'MRR': 0.9697986577181208}, score: {'roc_auc': 0.5262161084529505, 'MRR': 0.7628635346756153}
ROC_AUC: 0.5262161084529505
Sec neigh test: score list: defaultdict(<class 'list'>, {'roc_auc': [0.5262161084529505], 'MRR': [0.7628635346756153]})
Random test: score list: defaultdict(<class 'list'>, {'roc_auc': [0.6397337328283114], 'MRR': [0.9697986577181208]})
Sec neigh test:average score: defaultdict(<class 'list'>, {'roc_auc': 0.5262, 'MRR': 0.7629})
Random test: average score: defaultdict(<class 'list'>, {'roc_auc': 0.6397, 'MRR': 0.9698})
Completed: amazon_style_ccctt_features_securebert_fold_3 (rep 5)

--------------------------------------
Running model: GCN
Dataset: amazon_style_ccctt_features_securebert_fold_4
Repetition: 5
--------------------------------------
use device: cpu
Namespace(data='amazon_style_ccctt_features_securebert_fold_4', model_path='model.pt', train_iter_n=50, cuda=0, checkpoint='', epochs=100, patience=3, n_layers=2, n_heads=[4], dropout=0.5, model='GCN', lr=0.0001, weight_decay=0.0, batch_size=1024, edge_sample_ratio=1, test_with_CPU=False, decoder='dismult', feat_type=1)
args.feat_type 1
sys_path ['/home/simonettos/homhetgnn/HGB/LP/benchmark/methods/GNN', '/home/simonettos/homhetgnn/sbatches', '/home/simonettos/homhetgnn/HGB/LP/benchmark/methods/baseline', '/home/simonettos/homhetgnn/HGB/LP/benchmark', '/home/simonettos/homhetgnn/HGB/LP/benchmark/methods/GNN', '/home/simonettos/homhetgnn/HGB/LP/benchmark/methods/GNN/utils', '/home/simonettos/homhetgnn/HGB/LP/benchmark/methods/GNN/models', '/deepstore/software/anaconda3/2022.05/lib/python39.zip', '/deepstore/software/anaconda3/2022.05/lib/python3.9', '/deepstore/software/anaconda3/2022.05/lib/python3.9/lib-dynload', '/home/simonettos/homhetgnn/gpuvenv/lib/python3.9/site-packages', '../../', '../../']
Data path: /home/simonettos/homhetgnn/HGB/LP/benchmark/data/amazon_style_ccctt_features_securebert_fold_4
Loading nodes from /home/simonettos/homhetgnn/HGB/LP/benchmark/data/amazon_style_ccctt_features_securebert_fold_4/node.dat
edge types: dict_keys([7, 6, 5, 12, 4, 8, 3, 0, 2, 9, 1, 10, 11])
Getting training negative samples for edge types: [7]
nodes.shift keys: [0, 1, 2, 3, 4]
nodes.count keys: [0, 1, 2, 3, 4]
links.meta: {7: (4, 3), 6: (2, 4), 5: (4, 4), 12: (1, 0), 4: (3, 3), 8: (3, 3), 3: (3, 1), 0: (3, 3), 2: (4, 4), 9: (4, 4), 1: (4, 4), 10: (4, 4), 11: (4, 4)}
t_type about to use: 3
h_type: 4
shift dict: {0: 0, 1: 14, 2: 813, 3: 20077, 4: 20635}
count dict: Counter({2: 19264, 4: 940, 1: 799, 3: 558, 0: 14})
Generated 913 negative samples for edge type 7
Info: load amazon_style_ccctt_features_securebert_fold_4 from original data and generate /home/simonettos/homhetgnn/HGB/LP/benchmark/data/amazon_style_ccctt_features_securebert_fold_4/dl_pickle 
edge types: [7]
dataset: amazon_style_ccctt_features_securebert_fold_4, eval_type: 7
epoch 0 | batch 0 |train loss 0.6858440637588501
Valid: loss 1.0384777784347534, score:{'roc_auc': 0.5366666666666666, 'MRR': 0.7693798449612403}
Saving model
epoch 0 | batch 1 |train loss 0.8299367427825928
epoch 1 | batch 0 |train loss 0.6374074220657349
Valid: loss 0.804715096950531, score:{'roc_auc': 0.545, 'MRR': 0.8011627906976745}
Saving model
epoch 1 | batch 1 |train loss 0.7331825494766235
epoch 2 | batch 0 |train loss 0.6876991987228394
Valid: loss 0.7438270449638367, score:{'roc_auc': 0.6216666666666666, 'MRR': 0.8197674418604651}
Saving model
epoch 2 | batch 1 |train loss 0.6050541996955872
epoch 3 | batch 0 |train loss 0.6527965664863586
Valid: loss 0.8331053256988525, score:{'roc_auc': 0.6175, 'MRR': 0.8197674418604651}
EarlyStopping counter: 1 out of 3
epoch 3 | batch 1 |train loss 0.6200389266014099
epoch 4 | batch 0 |train loss 0.6546951532363892
Valid: loss 0.7462731599807739, score:{'roc_auc': 0.6566666666666667, 'MRR': 0.8546511627906976}
EarlyStopping counter: 2 out of 3
epoch 4 | batch 1 |train loss 0.589482307434082
epoch 5 | batch 0 |train loss 0.5996302366256714
Valid: loss 0.6468789577484131, score:{'roc_auc': 0.6827777777777778, 'MRR': 0.8565891472868216}
Saving model
epoch 5 | batch 1 |train loss 0.574177622795105
epoch 6 | batch 0 |train loss 0.592124879360199
Valid: loss 0.6561864614486694, score:{'roc_auc': 0.6591666666666667, 'MRR': 0.8158914728682171}
EarlyStopping counter: 1 out of 3
epoch 6 | batch 1 |train loss 0.5746013522148132
epoch 7 | batch 0 |train loss 0.5800551176071167
Valid: loss 0.684673011302948, score:{'roc_auc': 0.6438888888888888, 'MRR': 0.8158914728682171}
EarlyStopping counter: 2 out of 3
epoch 7 | batch 1 |train loss 0.5549579858779907
epoch 8 | batch 0 |train loss 0.5669913291931152
Valid: loss 0.7208911776542664, score:{'roc_auc': 0.64, 'MRR': 0.8147286821705426}
Meta keys: dict_keys([7])
Data keys: dict_keys([7])
Edge type: 7, Meta: (4, 3)
Average links per head: 3.47
Median: 2.0, Min: 1, Max: 20
len test_list[0] 479
len test_list[1] 479
len test_label 479
2 hop test: loss 0.7208911776542664, score:{'roc_auc': 0.4804044630404463, 'MRR': 0.7498792270531401}
(array([0, 1]), array([239, 240]))
[0.57003444 0.63912135 0.5536885  0.5637519  0.8138809  0.6549104
 0.82944953 0.14053385 0.9326315  0.94610226 0.9187788  0.8753787
 0.6117273  0.18617375 0.1503613  0.21669954 0.6610465  0.6172068
 0.40196732 0.9526636 ]
Average links per head full random test: 1.50
Medianfull random test: 1.0, Min: 1, Max: 11
len test_list[0]full random test 480
len test_list[1]full random test 480
len test_label full random test 480
2 hop test: loss 0.7208911776542664, score:{'roc_auc': 0.4804044630404463, 'MRR': 0.7498792270531401}
edge type: 7, random_score: {'roc_auc': 0.6840277777777778, 'MRR': 0.9528985507246377}, score: {'roc_auc': 0.4804044630404463, 'MRR': 0.7498792270531401}
ROC_AUC: 0.4804044630404463
Sec neigh test: score list: defaultdict(<class 'list'>, {'roc_auc': [0.4804044630404463], 'MRR': [0.7498792270531401]})
Random test: score list: defaultdict(<class 'list'>, {'roc_auc': [0.6840277777777778], 'MRR': [0.9528985507246377]})
Sec neigh test:average score: defaultdict(<class 'list'>, {'roc_auc': 0.4804, 'MRR': 0.7499})
Random test: average score: defaultdict(<class 'list'>, {'roc_auc': 0.684, 'MRR': 0.9529})
Completed: amazon_style_ccctt_features_securebert_fold_4 (rep 5)

--------------------------------------
Running model: GCN
Dataset: amazon_style_ccctt_features_securebert_fold_5
Repetition: 5
--------------------------------------
use device: cpu
Namespace(data='amazon_style_ccctt_features_securebert_fold_5', model_path='model.pt', train_iter_n=50, cuda=0, checkpoint='', epochs=100, patience=3, n_layers=2, n_heads=[4], dropout=0.5, model='GCN', lr=0.0001, weight_decay=0.0, batch_size=1024, edge_sample_ratio=1, test_with_CPU=False, decoder='dismult', feat_type=1)
args.feat_type 1
sys_path ['/home/simonettos/homhetgnn/HGB/LP/benchmark/methods/GNN', '/home/simonettos/homhetgnn/sbatches', '/home/simonettos/homhetgnn/HGB/LP/benchmark/methods/baseline', '/home/simonettos/homhetgnn/HGB/LP/benchmark', '/home/simonettos/homhetgnn/HGB/LP/benchmark/methods/GNN', '/home/simonettos/homhetgnn/HGB/LP/benchmark/methods/GNN/utils', '/home/simonettos/homhetgnn/HGB/LP/benchmark/methods/GNN/models', '/deepstore/software/anaconda3/2022.05/lib/python39.zip', '/deepstore/software/anaconda3/2022.05/lib/python3.9', '/deepstore/software/anaconda3/2022.05/lib/python3.9/lib-dynload', '/home/simonettos/homhetgnn/gpuvenv/lib/python3.9/site-packages', '../../', '../../']
Data path: /home/simonettos/homhetgnn/HGB/LP/benchmark/data/amazon_style_ccctt_features_securebert_fold_5
Loading nodes from /home/simonettos/homhetgnn/HGB/LP/benchmark/data/amazon_style_ccctt_features_securebert_fold_5/node.dat
edge types: dict_keys([7, 6, 5, 12, 4, 8, 3, 0, 2, 9, 1, 10, 11])
Getting training negative samples for edge types: [7]
nodes.shift keys: [0, 1, 2, 3, 4]
nodes.count keys: [0, 1, 2, 3, 4]
links.meta: {7: (4, 3), 6: (2, 4), 5: (4, 4), 12: (1, 0), 4: (3, 3), 8: (3, 3), 3: (3, 1), 0: (3, 3), 2: (4, 4), 9: (4, 4), 1: (4, 4), 10: (4, 4), 11: (4, 4)}
t_type about to use: 3
h_type: 4
shift dict: {0: 0, 1: 14, 2: 813, 3: 20077, 4: 20635}
count dict: Counter({2: 19264, 4: 940, 1: 799, 3: 558, 0: 14})
Generated 949 negative samples for edge type 7
Info: load amazon_style_ccctt_features_securebert_fold_5 from original data and generate /home/simonettos/homhetgnn/HGB/LP/benchmark/data/amazon_style_ccctt_features_securebert_fold_5/dl_pickle 
edge types: [7]
dataset: amazon_style_ccctt_features_securebert_fold_5, eval_type: 7
epoch 0 | batch 0 |train loss 0.6833519339561462
Valid: loss 0.898468017578125, score:{'roc_auc': 0.5920451491534534, 'MRR': 0.8687943262411346}
Saving model
epoch 0 | batch 1 |train loss 0.8501526713371277
epoch 1 | batch 0 |train loss 0.60628741979599
Valid: loss 1.0343647003173828, score:{'roc_auc': 0.6963181940338619, 'MRR': 0.8687943262411346}
EarlyStopping counter: 1 out of 3
epoch 1 | batch 1 |train loss 0.7536511421203613
epoch 2 | batch 0 |train loss 0.6700571775436401
Valid: loss 0.9135969877243042, score:{'roc_auc': 0.7049180327868853, 'MRR': 0.8687943262411346}
EarlyStopping counter: 2 out of 3
epoch 2 | batch 1 |train loss 0.6674264073371887
epoch 3 | batch 0 |train loss 0.5932514071464539
Valid: loss 0.7375619411468506, score:{'roc_auc': 0.6691749529696318, 'MRR': 0.8670212765957447}
Saving model
epoch 3 | batch 1 |train loss 0.601150631904602
epoch 4 | batch 0 |train loss 0.6252690553665161
Valid: loss 0.6842557787895203, score:{'roc_auc': 0.6766998118785272, 'MRR': 0.8563829787234043}
Saving model
epoch 4 | batch 1 |train loss 0.5995195508003235
epoch 5 | batch 0 |train loss 0.584225058555603
Valid: loss 0.6747854948043823, score:{'roc_auc': 0.6901370599301263, 'MRR': 0.8475177304964538}
Saving model
epoch 5 | batch 1 |train loss 0.5627050399780273
epoch 6 | batch 0 |train loss 0.5631681680679321
Valid: loss 0.7005436420440674, score:{'roc_auc': 0.7100241870464928, 'MRR': 0.8475177304964538}
EarlyStopping counter: 1 out of 3
epoch 6 | batch 1 |train loss 0.5720474123954773
epoch 7 | batch 0 |train loss 0.5657684803009033
Valid: loss 0.6816543340682983, score:{'roc_auc': 0.7121741467347488, 'MRR': 0.8829787234042553}
EarlyStopping counter: 2 out of 3
epoch 7 | batch 1 |train loss 0.5530484318733215
epoch 8 | batch 0 |train loss 0.5488986968994141
Valid: loss 0.6492105722427368, score:{'roc_auc': 0.7030368180596613, 'MRR': 0.8723404255319149}
Saving model
epoch 8 | batch 1 |train loss 0.5339621305465698
epoch 9 | batch 0 |train loss 0.534938633441925
Valid: loss 0.6569823622703552, score:{'roc_auc': 0.7030368180596613, 'MRR': 0.8687943262411346}
EarlyStopping counter: 1 out of 3
epoch 9 | batch 1 |train loss 0.5316413640975952
epoch 10 | batch 0 |train loss 0.5412265062332153
Valid: loss 0.6939399838447571, score:{'roc_auc': 0.7100241870464928, 'MRR': 0.8670212765957447}
EarlyStopping counter: 2 out of 3
epoch 10 | batch 1 |train loss 0.5274356603622437
epoch 11 | batch 0 |train loss 0.5341259241104126
Valid: loss 0.7118868231773376, score:{'roc_auc': 0.7143241064230046, 'MRR': 0.8670212765957447}
Meta keys: dict_keys([7])
Data keys: dict_keys([7])
Edge type: 7, Meta: (4, 3)
Average links per head: 3.44
Median: 2.0, Min: 1, Max: 26
len test_list[0] 403
len test_list[1] 403
len test_label 403
2 hop test: loss 0.7118868231773376, score:{'roc_auc': 0.5146059113300492, 'MRR': 0.7316239316239316}
(array([0, 1]), array([200, 203]))
[0.4933972  0.39353022 0.47980514 0.60712004 0.38579178 0.5028402
 0.8900807  0.11022927 0.48413515 0.7973768  0.94467956 0.46721634
 0.7562282  0.6176842  0.14202036 0.69177717 0.8386404  0.47987574
 0.12146661 0.09577868]
Average links per head full random test: 1.45
Medianfull random test: 1.0, Min: 1, Max: 14
len test_list[0]full random test 406
len test_list[1]full random test 406
len test_label full random test 406
2 hop test: loss 0.7118868231773376, score:{'roc_auc': 0.5146059113300492, 'MRR': 0.7316239316239316}
edge type: 7, random_score: {'roc_auc': 0.6863791890121089, 'MRR': 0.9658119658119658}, score: {'roc_auc': 0.5146059113300492, 'MRR': 0.7316239316239316}
ROC_AUC: 0.5146059113300492
Sec neigh test: score list: defaultdict(<class 'list'>, {'roc_auc': [0.5146059113300492], 'MRR': [0.7316239316239316]})
Random test: score list: defaultdict(<class 'list'>, {'roc_auc': [0.6863791890121089], 'MRR': [0.9658119658119658]})
Sec neigh test:average score: defaultdict(<class 'list'>, {'roc_auc': 0.5146, 'MRR': 0.7316})
Random test: average score: defaultdict(<class 'list'>, {'roc_auc': 0.6864, 'MRR': 0.9658})
Completed: amazon_style_ccctt_features_securebert_fold_5 (rep 5)

=== Repetition 6/6 ===
--------------------------------------
Running model: GCN
Dataset: amazon_style_ccctt_features_securebert_fold_1
Repetition: 6
--------------------------------------
use device: cpu
Namespace(data='amazon_style_ccctt_features_securebert_fold_1', model_path='model.pt', train_iter_n=50, cuda=0, checkpoint='', epochs=100, patience=3, n_layers=2, n_heads=[4], dropout=0.5, model='GCN', lr=0.0001, weight_decay=0.0, batch_size=1024, edge_sample_ratio=1, test_with_CPU=False, decoder='dismult', feat_type=1)
args.feat_type 1
sys_path ['/home/simonettos/homhetgnn/HGB/LP/benchmark/methods/GNN', '/home/simonettos/homhetgnn/sbatches', '/home/simonettos/homhetgnn/HGB/LP/benchmark/methods/baseline', '/home/simonettos/homhetgnn/HGB/LP/benchmark', '/home/simonettos/homhetgnn/HGB/LP/benchmark/methods/GNN', '/home/simonettos/homhetgnn/HGB/LP/benchmark/methods/GNN/utils', '/home/simonettos/homhetgnn/HGB/LP/benchmark/methods/GNN/models', '/deepstore/software/anaconda3/2022.05/lib/python39.zip', '/deepstore/software/anaconda3/2022.05/lib/python3.9', '/deepstore/software/anaconda3/2022.05/lib/python3.9/lib-dynload', '/home/simonettos/homhetgnn/gpuvenv/lib/python3.9/site-packages', '../../', '../../']
Data path: /home/simonettos/homhetgnn/HGB/LP/benchmark/data/amazon_style_ccctt_features_securebert_fold_1
Loading nodes from /home/simonettos/homhetgnn/HGB/LP/benchmark/data/amazon_style_ccctt_features_securebert_fold_1/node.dat
edge types: dict_keys([6, 5, 7, 12, 2, 8, 9, 3, 4, 10, 1, 0, 11])
Getting training negative samples for edge types: [7]
nodes.shift keys: [0, 1, 2, 3, 4]
nodes.count keys: [0, 1, 2, 3, 4]
links.meta: {6: (2, 4), 5: (4, 4), 7: (4, 3), 12: (1, 0), 2: (4, 4), 8: (3, 3), 9: (4, 4), 3: (3, 1), 4: (3, 3), 10: (4, 4), 1: (4, 4), 0: (3, 3), 11: (4, 4)}
t_type about to use: 3
h_type: 4
shift dict: {0: 0, 1: 14, 2: 813, 3: 20077, 4: 20635}
count dict: Counter({2: 19264, 4: 940, 1: 799, 3: 558, 0: 14})
Generated 902 negative samples for edge type 7
Info: load amazon_style_ccctt_features_securebert_fold_1 from original data and generate /home/simonettos/homhetgnn/HGB/LP/benchmark/data/amazon_style_ccctt_features_securebert_fold_1/dl_pickle 
edge types: [7]
dataset: amazon_style_ccctt_features_securebert_fold_1, eval_type: 7
epoch 0 | batch 0 |train loss 0.6958125233650208
Valid: loss 0.6877164840698242, score:{'roc_auc': 0.6503675651592782, 'MRR': 0.9021739130434783}
Saving model
epoch 0 | batch 1 |train loss 0.6347546577453613
epoch 1 | batch 0 |train loss 0.6528419256210327
Valid: loss 0.7593613862991333, score:{'roc_auc': 0.6788817108487414, 'MRR': 0.8876811594202898}
EarlyStopping counter: 1 out of 3
epoch 1 | batch 1 |train loss 0.5997931361198425
epoch 2 | batch 0 |train loss 0.650992214679718
Valid: loss 0.7390721440315247, score:{'roc_auc': 0.6904655825350857, 'MRR': 0.8876811594202898}
EarlyStopping counter: 2 out of 3
epoch 2 | batch 1 |train loss 0.5871596336364746
epoch 3 | batch 0 |train loss 0.6069818735122681
Valid: loss 0.6303393840789795, score:{'roc_auc': 0.7134105591445756, 'MRR': 0.8768115942028984}
Saving model
epoch 3 | batch 1 |train loss 0.5673917531967163
epoch 4 | batch 0 |train loss 0.5844459533691406
Valid: loss 0.6552702784538269, score:{'roc_auc': 0.7138560926709735, 'MRR': 0.9130434782608695}
EarlyStopping counter: 1 out of 3
epoch 4 | batch 1 |train loss 0.5733466744422913
epoch 5 | batch 0 |train loss 0.5699448585510254
Valid: loss 0.5958201885223389, score:{'roc_auc': 0.7644241479171309, 'MRR': 0.9202898550724636}
Saving model
epoch 5 | batch 1 |train loss 0.5736048817634583
epoch 6 | batch 0 |train loss 0.5785921216011047
Valid: loss 0.6204662322998047, score:{'roc_auc': 0.7535085765203833, 'MRR': 0.9202898550724636}
EarlyStopping counter: 1 out of 3
epoch 6 | batch 1 |train loss 0.5734450817108154
epoch 7 | batch 0 |train loss 0.5634984374046326
Valid: loss 0.5960972905158997, score:{'roc_auc': 0.767320115838717, 'MRR': 0.9202898550724636}
EarlyStopping counter: 2 out of 3
epoch 7 | batch 1 |train loss 0.5632248520851135
epoch 8 | batch 0 |train loss 0.5599746704101562
Valid: loss 0.5925562381744385, score:{'roc_auc': 0.7659835152595232, 'MRR': 0.9202898550724636}
Saving model
epoch 8 | batch 1 |train loss 0.5539223551750183
epoch 9 | batch 0 |train loss 0.552280604839325
Valid: loss 0.6119289994239807, score:{'roc_auc': 0.7508353753619961, 'MRR': 0.9166666666666667}
EarlyStopping counter: 1 out of 3
epoch 9 | batch 1 |train loss 0.5470486283302307
epoch 10 | batch 0 |train loss 0.5486377477645874
Valid: loss 0.5873703956604004, score:{'roc_auc': 0.7564045444419693, 'MRR': 0.9057971014492755}
Saving model
epoch 10 | batch 1 |train loss 0.5420185327529907
epoch 11 | batch 0 |train loss 0.5468230843544006
Valid: loss 0.611318826675415, score:{'roc_auc': 0.7461572733348185, 'MRR': 0.9057971014492755}
EarlyStopping counter: 1 out of 3
epoch 11 | batch 1 |train loss 0.5440574288368225
epoch 12 | batch 0 |train loss 0.5341178774833679
Valid: loss 0.6120051741600037, score:{'roc_auc': 0.7503898418355981, 'MRR': 0.9202898550724639}
EarlyStopping counter: 2 out of 3
epoch 12 | batch 1 |train loss 0.5341072082519531
epoch 13 | batch 0 |train loss 0.5358829498291016
Valid: loss 0.5901786088943481, score:{'roc_auc': 0.7552907106259746, 'MRR': 0.9166666666666667}
Meta keys: dict_keys([7])
Data keys: dict_keys([7])
Edge type: 7, Meta: (4, 3)
Completed: amazon_style_ccctt_features_securebert_fold_1 (rep 6)

--------------------------------------
Running model: GCN
Dataset: amazon_style_ccctt_features_securebert_fold_2
Repetition: 6
--------------------------------------
use device: cpu
Namespace(data='amazon_style_ccctt_features_securebert_fold_2', model_path='model.pt', train_iter_n=50, cuda=0, checkpoint='', epochs=100, patience=3, n_layers=2, n_heads=[4], dropout=0.5, model='GCN', lr=0.0001, weight_decay=0.0, batch_size=1024, edge_sample_ratio=1, test_with_CPU=False, decoder='dismult', feat_type=1)
args.feat_type 1
sys_path ['/home/simonettos/homhetgnn/HGB/LP/benchmark/methods/GNN', '/home/simonettos/homhetgnn/sbatches', '/home/simonettos/homhetgnn/HGB/LP/benchmark/methods/baseline', '/home/simonettos/homhetgnn/HGB/LP/benchmark', '/home/simonettos/homhetgnn/HGB/LP/benchmark/methods/GNN', '/home/simonettos/homhetgnn/HGB/LP/benchmark/methods/GNN/utils', '/home/simonettos/homhetgnn/HGB/LP/benchmark/methods/GNN/models', '/deepstore/software/anaconda3/2022.05/lib/python39.zip', '/deepstore/software/anaconda3/2022.05/lib/python3.9', '/deepstore/software/anaconda3/2022.05/lib/python3.9/lib-dynload', '/home/simonettos/homhetgnn/gpuvenv/lib/python3.9/site-packages', '../../', '../../']
Data path: /home/simonettos/homhetgnn/HGB/LP/benchmark/data/amazon_style_ccctt_features_securebert_fold_2
Loading nodes from /home/simonettos/homhetgnn/HGB/LP/benchmark/data/amazon_style_ccctt_features_securebert_fold_2/node.dat
edge types: dict_keys([7, 6, 5, 12, 4, 8, 3, 0, 2, 9, 1, 10, 11])
Getting training negative samples for edge types: [7]
nodes.shift keys: [0, 1, 2, 3, 4]
nodes.count keys: [0, 1, 2, 3, 4]
links.meta: {7: (4, 3), 6: (2, 4), 5: (4, 4), 12: (1, 0), 4: (3, 3), 8: (3, 3), 3: (3, 1), 0: (3, 3), 2: (4, 4), 9: (4, 4), 1: (4, 4), 10: (4, 4), 11: (4, 4)}
t_type about to use: 3
h_type: 4
shift dict: {0: 0, 1: 14, 2: 813, 3: 20077, 4: 20635}
count dict: Counter({2: 19264, 4: 940, 1: 799, 3: 558, 0: 14})
Generated 890 negative samples for edge type 7
Info: load amazon_style_ccctt_features_securebert_fold_2 from original data and generate /home/simonettos/homhetgnn/HGB/LP/benchmark/data/amazon_style_ccctt_features_securebert_fold_2/dl_pickle 
edge types: [7]
dataset: amazon_style_ccctt_features_securebert_fold_2, eval_type: 7
epoch 0 | batch 0 |train loss 0.6930981278419495
Valid: loss 1.0210063457489014, score:{'roc_auc': 0.5925826390755174, 'MRR': 0.7681159420289854}
Saving model
epoch 0 | batch 1 |train loss 0.9270180463790894
epoch 1 | batch 0 |train loss 0.6630449295043945
Valid: loss 0.6948357224464417, score:{'roc_auc': 0.6748185971513033, 'MRR': 0.8115942028985507}
Saving model
epoch 1 | batch 1 |train loss 0.8520634770393372
epoch 2 | batch 0 |train loss 0.7459045648574829
Valid: loss 0.6458625793457031, score:{'roc_auc': 0.6640687987100242, 'MRR': 0.8224637681159419}
Saving model
epoch 2 | batch 1 |train loss 0.7728943228721619
epoch 3 | batch 0 |train loss 0.6212239861488342
Valid: loss 0.7120230793952942, score:{'roc_auc': 0.6885245901639344, 'MRR': 0.8115942028985507}
EarlyStopping counter: 1 out of 3
epoch 3 | batch 1 |train loss 0.6440652012825012
epoch 4 | batch 0 |train loss 0.6433262228965759
Valid: loss 0.7044955492019653, score:{'roc_auc': 0.6912120397742542, 'MRR': 0.8224637681159419}
EarlyStopping counter: 2 out of 3
epoch 4 | batch 1 |train loss 0.6233025193214417
epoch 5 | batch 0 |train loss 0.5950503945350647
Valid: loss 0.6319946646690369, score:{'roc_auc': 0.7030368180596613, 'MRR': 0.8369565217391305}
Saving model
epoch 5 | batch 1 |train loss 0.585035502910614
epoch 6 | batch 0 |train loss 0.5648387670516968
Valid: loss 0.6153591275215149, score:{'roc_auc': 0.7062617575920452, 'MRR': 0.8260869565217391}
Saving model
epoch 6 | batch 1 |train loss 0.5940592885017395
epoch 7 | batch 0 |train loss 0.5741001963615417
Valid: loss 0.5986354351043701, score:{'roc_auc': 0.7320612738511153, 'MRR': 0.8478260869565217}
Saving model
epoch 7 | batch 1 |train loss 0.5789122581481934
epoch 8 | batch 0 |train loss 0.547124981880188
Valid: loss 0.6029765009880066, score:{'roc_auc': 0.736629938188659, 'MRR': 0.8115942028985507}
EarlyStopping counter: 1 out of 3
epoch 8 | batch 1 |train loss 0.5606910586357117
epoch 9 | batch 0 |train loss 0.5411038398742676
Valid: loss 0.6323515176773071, score:{'roc_auc': 0.7390486428379468, 'MRR': 0.8007246376811593}
EarlyStopping counter: 2 out of 3
epoch 9 | batch 1 |train loss 0.5636007785797119
epoch 10 | batch 0 |train loss 0.5571758151054382
Valid: loss 0.6447001099586487, score:{'roc_auc': 0.7428110722923945, 'MRR': 0.8115942028985507}
Meta keys: dict_keys([7])
Data keys: dict_keys([7])
Edge type: 7, Meta: (4, 3)
Completed: amazon_style_ccctt_features_securebert_fold_2 (rep 6)

--------------------------------------
Running model: GCN
Dataset: amazon_style_ccctt_features_securebert_fold_3
Repetition: 6
--------------------------------------
use device: cpu
Namespace(data='amazon_style_ccctt_features_securebert_fold_3', model_path='model.pt', train_iter_n=50, cuda=0, checkpoint='', epochs=100, patience=3, n_layers=2, n_heads=[4], dropout=0.5, model='GCN', lr=0.0001, weight_decay=0.0, batch_size=1024, edge_sample_ratio=1, test_with_CPU=False, decoder='dismult', feat_type=1)
args.feat_type 1
sys_path ['/home/simonettos/homhetgnn/HGB/LP/benchmark/methods/GNN', '/home/simonettos/homhetgnn/sbatches', '/home/simonettos/homhetgnn/HGB/LP/benchmark/methods/baseline', '/home/simonettos/homhetgnn/HGB/LP/benchmark', '/home/simonettos/homhetgnn/HGB/LP/benchmark/methods/GNN', '/home/simonettos/homhetgnn/HGB/LP/benchmark/methods/GNN/utils', '/home/simonettos/homhetgnn/HGB/LP/benchmark/methods/GNN/models', '/deepstore/software/anaconda3/2022.05/lib/python39.zip', '/deepstore/software/anaconda3/2022.05/lib/python3.9', '/deepstore/software/anaconda3/2022.05/lib/python3.9/lib-dynload', '/home/simonettos/homhetgnn/gpuvenv/lib/python3.9/site-packages', '../../', '../../']
Data path: /home/simonettos/homhetgnn/HGB/LP/benchmark/data/amazon_style_ccctt_features_securebert_fold_3
Loading nodes from /home/simonettos/homhetgnn/HGB/LP/benchmark/data/amazon_style_ccctt_features_securebert_fold_3/node.dat
edge types: dict_keys([7, 6, 5, 12, 4, 8, 3, 0, 2, 9, 1, 10, 11])
Getting training negative samples for edge types: [7]
nodes.shift keys: [0, 1, 2, 3, 4]
nodes.count keys: [0, 1, 2, 3, 4]
links.meta: {7: (4, 3), 6: (2, 4), 5: (4, 4), 12: (1, 0), 4: (3, 3), 8: (3, 3), 3: (3, 1), 0: (3, 3), 2: (4, 4), 9: (4, 4), 1: (4, 4), 10: (4, 4), 11: (4, 4)}
t_type about to use: 3
h_type: 4
shift dict: {0: 0, 1: 14, 2: 813, 3: 20077, 4: 20635}
count dict: Counter({2: 19264, 4: 940, 1: 799, 3: 558, 0: 14})
Generated 884 negative samples for edge type 7
Info: load amazon_style_ccctt_features_securebert_fold_3 from original data and generate /home/simonettos/homhetgnn/HGB/LP/benchmark/data/amazon_style_ccctt_features_securebert_fold_3/dl_pickle 
edge types: [7]
dataset: amazon_style_ccctt_features_securebert_fold_3, eval_type: 7
epoch 0 | batch 0 |train loss 0.6952664852142334
Valid: loss 0.861822247505188, score:{'roc_auc': 0.5850676378772112, 'MRR': 0.8409090909090909}
Saving model
epoch 0 | batch 1 |train loss 0.6918196082115173
epoch 1 | batch 0 |train loss 0.653169572353363
Valid: loss 0.7130762338638306, score:{'roc_auc': 0.6443808532778355, 'MRR': 0.8484848484848484}
Saving model
epoch 1 | batch 1 |train loss 0.6354435086250305
epoch 2 | batch 0 |train loss 0.6203927397727966
Valid: loss 0.9075002074241638, score:{'roc_auc': 0.6152445369406868, 'MRR': 0.8579545454545454}
EarlyStopping counter: 1 out of 3
epoch 2 | batch 1 |train loss 0.590650200843811
epoch 3 | batch 0 |train loss 0.6268599629402161
Valid: loss 0.8536287546157837, score:{'roc_auc': 0.6160249739854319, 'MRR': 0.8579545454545454}
EarlyStopping counter: 2 out of 3
epoch 3 | batch 1 |train loss 0.5704666376113892
epoch 4 | batch 0 |train loss 0.5863441228866577
Valid: loss 0.7126834988594055, score:{'roc_auc': 0.6378772112382933, 'MRR': 0.8465909090909091}
Saving model
epoch 4 | batch 1 |train loss 0.5600718855857849
epoch 5 | batch 0 |train loss 0.557879626750946
Valid: loss 0.702614426612854, score:{'roc_auc': 0.6472424557752341, 'MRR': 0.8712121212121211}
Saving model
epoch 5 | batch 1 |train loss 0.552058756351471
epoch 6 | batch 0 |train loss 0.5590335130691528
Valid: loss 0.7368877530097961, score:{'roc_auc': 0.6316337148803329, 'MRR': 0.875}
EarlyStopping counter: 1 out of 3
epoch 6 | batch 1 |train loss 0.5482162237167358
epoch 7 | batch 0 |train loss 0.5546514987945557
Valid: loss 0.7414860129356384, score:{'roc_auc': 0.6326742976066597, 'MRR': 0.8579545454545454}
EarlyStopping counter: 2 out of 3
epoch 7 | batch 1 |train loss 0.5373279452323914
epoch 8 | batch 0 |train loss 0.5520823001861572
Valid: loss 0.7508595585823059, score:{'roc_auc': 0.6376170655567118, 'MRR': 0.8428030303030304}
Meta keys: dict_keys([7])
Data keys: dict_keys([7])
Edge type: 7, Meta: (4, 3)
Completed: amazon_style_ccctt_features_securebert_fold_3 (rep 6)

--------------------------------------
Running model: GCN
Dataset: amazon_style_ccctt_features_securebert_fold_4
Repetition: 6
--------------------------------------
use device: cpu
Namespace(data='amazon_style_ccctt_features_securebert_fold_4', model_path='model.pt', train_iter_n=50, cuda=0, checkpoint='', epochs=100, patience=3, n_layers=2, n_heads=[4], dropout=0.5, model='GCN', lr=0.0001, weight_decay=0.0, batch_size=1024, edge_sample_ratio=1, test_with_CPU=False, decoder='dismult', feat_type=1)
args.feat_type 1
sys_path ['/home/simonettos/homhetgnn/HGB/LP/benchmark/methods/GNN', '/home/simonettos/homhetgnn/sbatches', '/home/simonettos/homhetgnn/HGB/LP/benchmark/methods/baseline', '/home/simonettos/homhetgnn/HGB/LP/benchmark', '/home/simonettos/homhetgnn/HGB/LP/benchmark/methods/GNN', '/home/simonettos/homhetgnn/HGB/LP/benchmark/methods/GNN/utils', '/home/simonettos/homhetgnn/HGB/LP/benchmark/methods/GNN/models', '/deepstore/software/anaconda3/2022.05/lib/python39.zip', '/deepstore/software/anaconda3/2022.05/lib/python3.9', '/deepstore/software/anaconda3/2022.05/lib/python3.9/lib-dynload', '/home/simonettos/homhetgnn/gpuvenv/lib/python3.9/site-packages', '../../', '../../']
Data path: /home/simonettos/homhetgnn/HGB/LP/benchmark/data/amazon_style_ccctt_features_securebert_fold_4
Loading nodes from /home/simonettos/homhetgnn/HGB/LP/benchmark/data/amazon_style_ccctt_features_securebert_fold_4/node.dat
edge types: dict_keys([7, 6, 5, 12, 4, 8, 3, 0, 2, 9, 1, 10, 11])
Getting training negative samples for edge types: [7]
nodes.shift keys: [0, 1, 2, 3, 4]
nodes.count keys: [0, 1, 2, 3, 4]
links.meta: {7: (4, 3), 6: (2, 4), 5: (4, 4), 12: (1, 0), 4: (3, 3), 8: (3, 3), 3: (3, 1), 0: (3, 3), 2: (4, 4), 9: (4, 4), 1: (4, 4), 10: (4, 4), 11: (4, 4)}
t_type about to use: 3
h_type: 4
shift dict: {0: 0, 1: 14, 2: 813, 3: 20077, 4: 20635}
count dict: Counter({2: 19264, 4: 940, 1: 799, 3: 558, 0: 14})
Generated 920 negative samples for edge type 7
Info: load amazon_style_ccctt_features_securebert_fold_4 from original data and generate /home/simonettos/homhetgnn/HGB/LP/benchmark/data/amazon_style_ccctt_features_securebert_fold_4/dl_pickle 
edge types: [7]
dataset: amazon_style_ccctt_features_securebert_fold_4, eval_type: 7
epoch 0 | batch 0 |train loss 0.6919162273406982
Valid: loss 0.9163892269134521, score:{'roc_auc': 0.6422214311142757, 'MRR': 0.822072072072072}
Saving model
epoch 0 | batch 1 |train loss 0.7068889737129211
epoch 1 | batch 0 |train loss 0.6884162425994873
Valid: loss 0.7704262137413025, score:{'roc_auc': 0.5688857244571022, 'MRR': 0.8355855855855855}
Saving model
epoch 1 | batch 1 |train loss 0.6508380174636841
epoch 2 | batch 0 |train loss 0.637649416923523
Valid: loss 0.8390193581581116, score:{'roc_auc': 0.6514773940904237, 'MRR': 0.8243243243243243}
EarlyStopping counter: 1 out of 3
epoch 2 | batch 1 |train loss 0.6218318343162537
epoch 3 | batch 0 |train loss 0.6211193799972534
Valid: loss 0.6925312280654907, score:{'roc_auc': 0.6571733713065148, 'MRR': 0.8333333333333334}
Saving model
epoch 3 | batch 1 |train loss 0.5770853161811829
epoch 4 | batch 0 |train loss 0.5963002443313599
Valid: loss 0.6433990597724915, score:{'roc_auc': 0.6938412246351016, 'MRR': 0.8423423423423423}
Saving model
epoch 4 | batch 1 |train loss 0.5779732465744019
epoch 5 | batch 0 |train loss 0.5647346377372742
Valid: loss 0.6702989339828491, score:{'roc_auc': 0.6810252758988965, 'MRR': 0.822072072072072}
EarlyStopping counter: 1 out of 3
epoch 5 | batch 1 |train loss 0.5664758086204529
epoch 6 | batch 0 |train loss 0.5627354979515076
Valid: loss 0.6935727000236511, score:{'roc_auc': 0.6778212887148451, 'MRR': 0.8355855855855855}
EarlyStopping counter: 2 out of 3
epoch 6 | batch 1 |train loss 0.5672810077667236
epoch 7 | batch 0 |train loss 0.5515139102935791
Valid: loss 0.6432705521583557, score:{'roc_auc': 0.7020291918832324, 'MRR': 0.8536036036036037}
Saving model
epoch 7 | batch 1 |train loss 0.5546913146972656
epoch 8 | batch 0 |train loss 0.5564607977867126
Valid: loss 0.6156004667282104, score:{'roc_auc': 0.7290850836596654, 'MRR': 0.8693693693693693}
Saving model
epoch 8 | batch 1 |train loss 0.5505114197731018
epoch 9 | batch 0 |train loss 0.5531004071235657
Valid: loss 0.63481605052948, score:{'roc_auc': 0.7301530793876825, 'MRR': 0.8423423423423423}
EarlyStopping counter: 1 out of 3
epoch 9 | batch 1 |train loss 0.5494644045829773
epoch 10 | batch 0 |train loss 0.5482592582702637
Valid: loss 0.6718820333480835, score:{'roc_auc': 0.7226771092915628, 'MRR': 0.8423423423423423}
EarlyStopping counter: 2 out of 3
epoch 10 | batch 1 |train loss 0.5525011420249939
epoch 11 | batch 0 |train loss 0.5377631187438965
Valid: loss 0.6561741232872009, score:{'roc_auc': 0.7216091135635457, 'MRR': 0.8423423423423423}
Meta keys: dict_keys([7])
Data keys: dict_keys([7])
Edge type: 7, Meta: (4, 3)
Average links per head: 3.47
Median: 2.0, Min: 1, Max: 20
len test_list[0] 479
len test_list[1] 479
len test_label 479
2 hop test: loss 0.6561741232872009, score:{'roc_auc': 0.4830020920502092, 'MRR': 0.7480676328502416}
(array([0, 1]), array([239, 240]))
[0.7592997  0.72034925 0.5466003  0.6765461  0.6589572  0.7607383
 0.79008627 0.14587678 0.92888826 0.89062035 0.815902   0.84944886
 0.45044857 0.20817165 0.17327376 0.24837437 0.48822764 0.8041022
 0.4446659  0.9269645 ]
Average links per head full random test: 1.50
Medianfull random test: 1.0, Min: 1, Max: 11
len test_list[0]full random test 480
len test_list[1]full random test 480
len test_label full random test 480
2 hop test: loss 0.6561741232872009, score:{'roc_auc': 0.4830020920502092, 'MRR': 0.7480676328502416}
edge type: 7, random_score: {'roc_auc': 0.6866319444444444, 'MRR': 0.9637681159420289}, score: {'roc_auc': 0.4830020920502092, 'MRR': 0.7480676328502416}
ROC_AUC: 0.4830020920502092
Sec neigh test: score list: defaultdict(<class 'list'>, {'roc_auc': [0.4830020920502092], 'MRR': [0.7480676328502416]})
Random test: score list: defaultdict(<class 'list'>, {'roc_auc': [0.6866319444444444], 'MRR': [0.9637681159420289]})
Sec neigh test:average score: defaultdict(<class 'list'>, {'roc_auc': 0.483, 'MRR': 0.7481})
Random test: average score: defaultdict(<class 'list'>, {'roc_auc': 0.6866, 'MRR': 0.9638})
Completed: amazon_style_ccctt_features_securebert_fold_4 (rep 6)

--------------------------------------
Running model: GCN
Dataset: amazon_style_ccctt_features_securebert_fold_5
Repetition: 6
--------------------------------------
use device: cpu
Namespace(data='amazon_style_ccctt_features_securebert_fold_5', model_path='model.pt', train_iter_n=50, cuda=0, checkpoint='', epochs=100, patience=3, n_layers=2, n_heads=[4], dropout=0.5, model='GCN', lr=0.0001, weight_decay=0.0, batch_size=1024, edge_sample_ratio=1, test_with_CPU=False, decoder='dismult', feat_type=1)
args.feat_type 1
sys_path ['/home/simonettos/homhetgnn/HGB/LP/benchmark/methods/GNN', '/home/simonettos/homhetgnn/sbatches', '/home/simonettos/homhetgnn/HGB/LP/benchmark/methods/baseline', '/home/simonettos/homhetgnn/HGB/LP/benchmark', '/home/simonettos/homhetgnn/HGB/LP/benchmark/methods/GNN', '/home/simonettos/homhetgnn/HGB/LP/benchmark/methods/GNN/utils', '/home/simonettos/homhetgnn/HGB/LP/benchmark/methods/GNN/models', '/deepstore/software/anaconda3/2022.05/lib/python39.zip', '/deepstore/software/anaconda3/2022.05/lib/python3.9', '/deepstore/software/anaconda3/2022.05/lib/python3.9/lib-dynload', '/home/simonettos/homhetgnn/gpuvenv/lib/python3.9/site-packages', '../../', '../../']
Data path: /home/simonettos/homhetgnn/HGB/LP/benchmark/data/amazon_style_ccctt_features_securebert_fold_5
Loading nodes from /home/simonettos/homhetgnn/HGB/LP/benchmark/data/amazon_style_ccctt_features_securebert_fold_5/node.dat
edge types: dict_keys([7, 6, 5, 12, 4, 8, 3, 0, 2, 9, 1, 10, 11])
Getting training negative samples for edge types: [7]
nodes.shift keys: [0, 1, 2, 3, 4]
nodes.count keys: [0, 1, 2, 3, 4]
links.meta: {7: (4, 3), 6: (2, 4), 5: (4, 4), 12: (1, 0), 4: (3, 3), 8: (3, 3), 3: (3, 1), 0: (3, 3), 2: (4, 4), 9: (4, 4), 1: (4, 4), 10: (4, 4), 11: (4, 4)}
t_type about to use: 3
h_type: 4
shift dict: {0: 0, 1: 14, 2: 813, 3: 20077, 4: 20635}
count dict: Counter({2: 19264, 4: 940, 1: 799, 3: 558, 0: 14})
Generated 948 negative samples for edge type 7
Info: load amazon_style_ccctt_features_securebert_fold_5 from original data and generate /home/simonettos/homhetgnn/HGB/LP/benchmark/data/amazon_style_ccctt_features_securebert_fold_5/dl_pickle 
edge types: [7]
dataset: amazon_style_ccctt_features_securebert_fold_5, eval_type: 7
epoch 0 | batch 0 |train loss 0.712729811668396
Valid: loss 0.9105727672576904, score:{'roc_auc': 0.5504682622268471, 'MRR': 0.9042553191489362}
Saving model
epoch 0 | batch 1 |train loss 0.9300412535667419
epoch 1 | batch 0 |train loss 0.6751103401184082
Valid: loss 0.8170943260192871, score:{'roc_auc': 0.6360561914672216, 'MRR': 0.8581560283687942}
Saving model
epoch 1 | batch 1 |train loss 0.6710418462753296
epoch 2 | batch 0 |train loss 0.7726830244064331
Valid: loss 0.8528664708137512, score:{'roc_auc': 0.6295525494276795, 'MRR': 0.8617021276595744}
EarlyStopping counter: 1 out of 3
epoch 2 | batch 1 |train loss 0.6831629276275635
epoch 3 | batch 0 |train loss 0.6651416420936584
Valid: loss 0.7156770825386047, score:{'roc_auc': 0.6344953173777315, 'MRR': 0.8723404255319149}
Saving model
epoch 3 | batch 1 |train loss 0.6038758158683777
epoch 4 | batch 0 |train loss 0.631594181060791
Valid: loss 0.6866834759712219, score:{'roc_auc': 0.6295525494276795, 'MRR': 0.8617021276595744}
Saving model
epoch 4 | batch 1 |train loss 0.6151912808418274
epoch 5 | batch 0 |train loss 0.6300087571144104
Valid: loss 0.6567313075065613, score:{'roc_auc': 0.6638917793964619, 'MRR': 0.8617021276595744}
Saving model
epoch 5 | batch 1 |train loss 0.5963974595069885
epoch 6 | batch 0 |train loss 0.6014072299003601
Valid: loss 0.6598063707351685, score:{'roc_auc': 0.6563475546305932, 'MRR': 0.8368794326241134}
EarlyStopping counter: 1 out of 3
epoch 6 | batch 1 |train loss 0.5705973505973816
epoch 7 | batch 0 |train loss 0.592708170413971
Valid: loss 0.6844823956489563, score:{'roc_auc': 0.6482830385015608, 'MRR': 0.8368794326241134}
EarlyStopping counter: 2 out of 3
epoch 7 | batch 1 |train loss 0.5670133233070374
epoch 8 | batch 0 |train loss 0.5912231206893921
Valid: loss 0.6961319446563721, score:{'roc_auc': 0.644901144640999, 'MRR': 0.8404255319148937}
Meta keys: dict_keys([7])
Data keys: dict_keys([7])
Edge type: 7, Meta: (4, 3)
Completed: amazon_style_ccctt_features_securebert_fold_5 (rep 6)

All 30 jobs completed.
Setup complete
