Starting GAT batch job with 6 repetitions...
=== Repetition 1/6 ===
--------------------------------------
Running model: GAT
Dataset: amazon_style_cct_fold_1
Repetition: 1
--------------------------------------
use device: cpu
Namespace(data='amazon_style_cct_fold_1', model_path='model.pt', train_iter_n=50, cuda=0, checkpoint='', epochs=100, patience=3, n_layers=2, n_heads=[4], dropout=0.5, model='GAT', lr=0.0001, weight_decay=0.0, batch_size=1024, edge_sample_ratio=1, test_with_CPU=False, decoder='dismult', feat_type=0)
args.feat_type 0
sys_path ['/home/simonettos/homhetgnn/HGB/LP/benchmark/methods/GNN', '/home/simonettos/homhetgnn/sbatches', '/home/simonettos/homhetgnn/HGB/LP/benchmark/methods/baseline', '/home/simonettos/homhetgnn/HGB/LP/benchmark', '/home/simonettos/homhetgnn/HGB/LP/benchmark/methods/GNN', '/home/simonettos/homhetgnn/HGB/LP/benchmark/methods/GNN/utils', '/home/simonettos/homhetgnn/HGB/LP/benchmark/methods/GNN/models', '/deepstore/software/anaconda3/2022.05/lib/python39.zip', '/deepstore/software/anaconda3/2022.05/lib/python3.9', '/deepstore/software/anaconda3/2022.05/lib/python3.9/lib-dynload', '/home/simonettos/homhetgnn/gpuvenv/lib/python3.9/site-packages', '../../', '../../']
Data path: /home/simonettos/homhetgnn/HGB/LP/benchmark/data/amazon_style_cct_fold_1
Loading nodes from /home/simonettos/homhetgnn/HGB/LP/benchmark/data/amazon_style_cct_fold_1/node.dat
edge types: dict_keys([6, 5, 7, 1, 0, 4, 3, 2, 8, 9, 10])
Getting training negative samples for edge types: [6]
nodes.shift keys: [0, 1, 2]
nodes.count keys: [0, 1, 2]
links.meta: {6: (1, 0), 5: (1, 1), 7: (0, 0), 1: (1, 1), 0: (0, 0), 4: (0, 0), 3: (0, 2), 2: (1, 1), 8: (1, 1), 9: (1, 1), 10: (1, 1)}
t_type about to use: 0
h_type: 1
shift dict: {0: 0, 1: 558, 2: 1498}
count dict: Counter({1: 940, 0: 558, 2: 188})
Generated 885 negative samples for edge type 6
Info: load amazon_style_cct_fold_1 from original data and generate /home/simonettos/homhetgnn/HGB/LP/benchmark/data/amazon_style_cct_fold_1/dl_pickle 
edge types: [6]
dataset: amazon_style_cct_fold_1, eval_type: 6
epoch 0 | batch 0 |train loss 0.6931726932525635
Valid: loss 0.6930922269821167, score:{'roc_auc': 0.5872802734375, 'MRR': 0.7703703703703705}
Saving model
epoch 0 | batch 1 |train loss 0.6931391954421997
epoch 1 | batch 0 |train loss 0.6931148767471313
Valid: loss 0.6930602788925171, score:{'roc_auc': 0.6541748046875, 'MRR': 0.8296296296296297}
Saving model
epoch 1 | batch 1 |train loss 0.6931170225143433
epoch 2 | batch 0 |train loss 0.6930817365646362
Valid: loss 0.6930277347564697, score:{'roc_auc': 0.715087890625, 'MRR': 0.8666666666666667}
Saving model
epoch 2 | batch 1 |train loss 0.6930223107337952
epoch 3 | batch 0 |train loss 0.6930330991744995
Valid: loss 0.6929938197135925, score:{'roc_auc': 0.747314453125, 'MRR': 0.8888888888888888}
Saving model
epoch 3 | batch 1 |train loss 0.6930232048034668
epoch 4 | batch 0 |train loss 0.6930019855499268
Valid: loss 0.6929576992988586, score:{'roc_auc': 0.764892578125, 'MRR': 0.8888888888888888}
Saving model
epoch 4 | batch 1 |train loss 0.6929589509963989
epoch 5 | batch 0 |train loss 0.6929693818092346
Valid: loss 0.6929186582565308, score:{'roc_auc': 0.7791748046875, 'MRR': 0.8888888888888888}
Saving model
epoch 5 | batch 1 |train loss 0.6929117441177368
epoch 6 | batch 0 |train loss 0.692898690700531
Valid: loss 0.6928750872612, score:{'roc_auc': 0.7841796875, 'MRR': 0.8888888888888888}
Saving model
epoch 6 | batch 1 |train loss 0.6928805112838745
epoch 7 | batch 0 |train loss 0.692884624004364
Valid: loss 0.6928260922431946, score:{'roc_auc': 0.787353515625, 'MRR': 0.8888888888888888}
Saving model
epoch 7 | batch 1 |train loss 0.6928023099899292
epoch 8 | batch 0 |train loss 0.6928011775016785
Valid: loss 0.6927706003189087, score:{'roc_auc': 0.7872314453125, 'MRR': 0.9}
Saving model
epoch 8 | batch 1 |train loss 0.6927327513694763
epoch 9 | batch 0 |train loss 0.6927469372749329
Valid: loss 0.692707896232605, score:{'roc_auc': 0.787353515625, 'MRR': 0.9}
Saving model
epoch 9 | batch 1 |train loss 0.6926737427711487
epoch 10 | batch 0 |train loss 0.6926352381706238
Valid: loss 0.6926361322402954, score:{'roc_auc': 0.785888671875, 'MRR': 0.9074074074074073}
Saving model
epoch 10 | batch 1 |train loss 0.692630410194397
epoch 11 | batch 0 |train loss 0.6925638914108276
Valid: loss 0.6925533413887024, score:{'roc_auc': 0.7843017578125, 'MRR': 0.9074074074074073}
Saving model
epoch 11 | batch 1 |train loss 0.6925264596939087
epoch 12 | batch 0 |train loss 0.6924602389335632
Valid: loss 0.6924576163291931, score:{'roc_auc': 0.782470703125, 'MRR': 0.9074074074074073}
Saving model
epoch 12 | batch 1 |train loss 0.6923966407775879
epoch 13 | batch 0 |train loss 0.6923954486846924
Valid: loss 0.6923465728759766, score:{'roc_auc': 0.78125, 'MRR': 0.9074074074074073}
Saving model
epoch 13 | batch 1 |train loss 0.6923457384109497
epoch 14 | batch 0 |train loss 0.692221462726593
Valid: loss 0.6922183036804199, score:{'roc_auc': 0.778564453125, 'MRR': 0.9185185185185184}
Saving model
epoch 14 | batch 1 |train loss 0.6921335458755493
epoch 15 | batch 0 |train loss 0.6921360492706299
Valid: loss 0.6920700073242188, score:{'roc_auc': 0.778564453125, 'MRR': 0.9185185185185184}
Saving model
epoch 15 | batch 1 |train loss 0.6919610500335693
epoch 16 | batch 0 |train loss 0.6919404864311218
Valid: loss 0.6918982267379761, score:{'roc_auc': 0.778076171875, 'MRR': 0.9074074074074073}
Saving model
epoch 16 | batch 1 |train loss 0.6917491555213928
epoch 17 | batch 0 |train loss 0.6917935013771057
Valid: loss 0.6916990280151367, score:{'roc_auc': 0.779052734375, 'MRR': 0.9074074074074073}
Saving model
epoch 17 | batch 1 |train loss 0.69161057472229
epoch 18 | batch 0 |train loss 0.6914383172988892
Valid: loss 0.6914677023887634, score:{'roc_auc': 0.781005859375, 'MRR': 0.9074074074074073}
Saving model
epoch 18 | batch 1 |train loss 0.6912867426872253
epoch 19 | batch 0 |train loss 0.6911095380783081
Valid: loss 0.6911977529525757, score:{'roc_auc': 0.779052734375, 'MRR': 0.9074074074074073}
Saving model
epoch 19 | batch 1 |train loss 0.6909937262535095
epoch 20 | batch 0 |train loss 0.6910028457641602
Valid: loss 0.690883994102478, score:{'roc_auc': 0.779052734375, 'MRR': 0.9074074074074073}
Saving model
epoch 20 | batch 1 |train loss 0.6905244588851929
epoch 21 | batch 0 |train loss 0.6905505657196045
Valid: loss 0.6905194520950317, score:{'roc_auc': 0.779296875, 'MRR': 0.9074074074074073}
Saving model
epoch 21 | batch 1 |train loss 0.6903253793716431
epoch 22 | batch 0 |train loss 0.6902601718902588
Valid: loss 0.6900973916053772, score:{'roc_auc': 0.779541015625, 'MRR': 0.9074074074074073}
Saving model
epoch 22 | batch 1 |train loss 0.6896967887878418
epoch 23 | batch 0 |train loss 0.6897019743919373
Valid: loss 0.6896071434020996, score:{'roc_auc': 0.77880859375, 'MRR': 0.9074074074074073}
Saving model
epoch 23 | batch 1 |train loss 0.6893962621688843
epoch 24 | batch 0 |train loss 0.6892120242118835
Valid: loss 0.6890401840209961, score:{'roc_auc': 0.779296875, 'MRR': 0.9074074074074073}
Saving model
epoch 24 | batch 1 |train loss 0.6886155009269714
epoch 25 | batch 0 |train loss 0.6882732510566711
Valid: loss 0.6883835196495056, score:{'roc_auc': 0.778564453125, 'MRR': 0.9074074074074073}
Saving model
epoch 25 | batch 1 |train loss 0.6879459619522095
epoch 26 | batch 0 |train loss 0.6876002550125122
Valid: loss 0.6876227855682373, score:{'roc_auc': 0.779541015625, 'MRR': 0.9074074074074073}
Saving model
epoch 26 | batch 1 |train loss 0.687222421169281
epoch 27 | batch 0 |train loss 0.6868458986282349
Valid: loss 0.6867431402206421, score:{'roc_auc': 0.77880859375, 'MRR': 0.9074074074074073}
Saving model
epoch 27 | batch 1 |train loss 0.6861844658851624
epoch 28 | batch 0 |train loss 0.6858041882514954
Valid: loss 0.6857277154922485, score:{'roc_auc': 0.77978515625, 'MRR': 0.9074074074074073}
Saving model
epoch 28 | batch 1 |train loss 0.684715747833252
epoch 29 | batch 0 |train loss 0.6844496726989746
Valid: loss 0.6845545172691345, score:{'roc_auc': 0.77978515625, 'MRR': 0.8962962962962961}
Saving model
epoch 29 | batch 1 |train loss 0.6840101480484009
epoch 30 | batch 0 |train loss 0.6833583116531372
Valid: loss 0.6832039952278137, score:{'roc_auc': 0.780517578125, 'MRR': 0.8962962962962961}
Saving model
epoch 30 | batch 1 |train loss 0.6822909116744995
epoch 31 | batch 0 |train loss 0.6816593408584595
Valid: loss 0.681651771068573, score:{'roc_auc': 0.781005859375, 'MRR': 0.8962962962962961}
Saving model
epoch 31 | batch 1 |train loss 0.6804442405700684
epoch 32 | batch 0 |train loss 0.6801130771636963
Valid: loss 0.6798706650733948, score:{'roc_auc': 0.781982421875, 'MRR': 0.8962962962962961}
Saving model
epoch 32 | batch 1 |train loss 0.6786414980888367
epoch 33 | batch 0 |train loss 0.6777633428573608
Valid: loss 0.6778320670127869, score:{'roc_auc': 0.782958984375, 'MRR': 0.8962962962962961}
Saving model
epoch 33 | batch 1 |train loss 0.6768761873245239
epoch 34 | batch 0 |train loss 0.6752287745475769
Valid: loss 0.6755059957504272, score:{'roc_auc': 0.78369140625, 'MRR': 0.8962962962962961}
Saving model
epoch 34 | batch 1 |train loss 0.6742789149284363
epoch 35 | batch 0 |train loss 0.6730702519416809
Valid: loss 0.672860860824585, score:{'roc_auc': 0.781494140625, 'MRR': 0.8962962962962961}
Saving model
epoch 35 | batch 1 |train loss 0.6711785793304443
epoch 36 | batch 0 |train loss 0.6694654822349548
Valid: loss 0.6698604822158813, score:{'roc_auc': 0.781494140625, 'MRR': 0.8962962962962961}
Saving model
epoch 36 | batch 1 |train loss 0.6675026416778564
epoch 37 | batch 0 |train loss 0.6666709184646606
Valid: loss 0.666467547416687, score:{'roc_auc': 0.782470703125, 'MRR': 0.8962962962962961}
Saving model
epoch 37 | batch 1 |train loss 0.6634064316749573
epoch 38 | batch 0 |train loss 0.6634446382522583
Valid: loss 0.6626520156860352, score:{'roc_auc': 0.782958984375, 'MRR': 0.8962962962962961}
Saving model
epoch 38 | batch 1 |train loss 0.6602238416671753
epoch 39 | batch 0 |train loss 0.6584250926971436
Valid: loss 0.6583834886550903, score:{'roc_auc': 0.78271484375, 'MRR': 0.8962962962962961}
Saving model
epoch 39 | batch 1 |train loss 0.6560437679290771
epoch 40 | batch 0 |train loss 0.6541560292243958
Valid: loss 0.6536293029785156, score:{'roc_auc': 0.783203125, 'MRR': 0.8962962962962961}
Saving model
epoch 40 | batch 1 |train loss 0.6493740081787109
epoch 41 | batch 0 |train loss 0.6474611163139343
Valid: loss 0.6483592987060547, score:{'roc_auc': 0.783447265625, 'MRR': 0.8962962962962961}
Saving model
epoch 41 | batch 1 |train loss 0.6445507407188416
epoch 42 | batch 0 |train loss 0.6420371532440186
Valid: loss 0.642568051815033, score:{'roc_auc': 0.782958984375, 'MRR': 0.8962962962962961}
Saving model
epoch 42 | batch 1 |train loss 0.6384087800979614
epoch 43 | batch 0 |train loss 0.6351599097251892
Valid: loss 0.6362606287002563, score:{'roc_auc': 0.78369140625, 'MRR': 0.8962962962962961}
Saving model
epoch 43 | batch 1 |train loss 0.6320385932922363
epoch 44 | batch 0 |train loss 0.6271258592605591
Valid: loss 0.6294544339179993, score:{'roc_auc': 0.783447265625, 'MRR': 0.8962962962962961}
Saving model
epoch 44 | batch 1 |train loss 0.624573826789856
epoch 45 | batch 0 |train loss 0.6196430325508118
Valid: loss 0.62220299243927, score:{'roc_auc': 0.78369140625, 'MRR': 0.9074074074074073}
Saving model
epoch 45 | batch 1 |train loss 0.614910364151001
epoch 46 | batch 0 |train loss 0.6126220226287842
Valid: loss 0.6145817041397095, score:{'roc_auc': 0.783203125, 'MRR': 0.9074074074074073}
Saving model
epoch 46 | batch 1 |train loss 0.6066392064094543
epoch 47 | batch 0 |train loss 0.6053769588470459
Valid: loss 0.6066851615905762, score:{'roc_auc': 0.78369140625, 'MRR': 0.9074074074074073}
Saving model
epoch 47 | batch 1 |train loss 0.6006203889846802
epoch 48 | batch 0 |train loss 0.5954719185829163
Valid: loss 0.5986639857292175, score:{'roc_auc': 0.7841796875, 'MRR': 0.9074074074074073}
Saving model
epoch 48 | batch 1 |train loss 0.5894757509231567
epoch 49 | batch 0 |train loss 0.5853273272514343
Valid: loss 0.590718150138855, score:{'roc_auc': 0.784423828125, 'MRR': 0.9074074074074073}
Saving model
epoch 49 | batch 1 |train loss 0.582656741142273
epoch 50 | batch 0 |train loss 0.5768625736236572
Valid: loss 0.5831007361412048, score:{'roc_auc': 0.784912109375, 'MRR': 0.9074074074074073}
Saving model
epoch 50 | batch 1 |train loss 0.5746052861213684
epoch 51 | batch 0 |train loss 0.5700163245201111
Valid: loss 0.5759901404380798, score:{'roc_auc': 0.7841796875, 'MRR': 0.9074074074074073}
Saving model
epoch 51 | batch 1 |train loss 0.565035879611969
epoch 52 | batch 0 |train loss 0.5623489022254944
Valid: loss 0.5696431398391724, score:{'roc_auc': 0.7841796875, 'MRR': 0.9074074074074073}
Saving model
epoch 52 | batch 1 |train loss 0.5589048862457275
epoch 53 | batch 0 |train loss 0.5559290647506714
Valid: loss 0.5642803907394409, score:{'roc_auc': 0.78564453125, 'MRR': 0.9074074074074073}
Saving model
epoch 53 | batch 1 |train loss 0.5523377060890198
epoch 54 | batch 0 |train loss 0.5473052859306335
Valid: loss 0.5601574778556824, score:{'roc_auc': 0.785400390625, 'MRR': 0.9074074074074073}
Saving model
epoch 54 | batch 1 |train loss 0.5487015843391418
epoch 55 | batch 0 |train loss 0.5444867014884949
Valid: loss 0.5573393106460571, score:{'roc_auc': 0.7861328125, 'MRR': 0.9074074074074073}
Saving model
epoch 55 | batch 1 |train loss 0.542354941368103
epoch 56 | batch 0 |train loss 0.5410151481628418
Valid: loss 0.5555988550186157, score:{'roc_auc': 0.78759765625, 'MRR': 0.9074074074074073}
Saving model
epoch 56 | batch 1 |train loss 0.5386771559715271
epoch 57 | batch 0 |train loss 0.5341364741325378
Valid: loss 0.5547674298286438, score:{'roc_auc': 0.787353515625, 'MRR': 0.9074074074074073}
Saving model
epoch 57 | batch 1 |train loss 0.5367591381072998
epoch 58 | batch 0 |train loss 0.5290415287017822
Valid: loss 0.5545597672462463, score:{'roc_auc': 0.7880859375, 'MRR': 0.9074074074074073}
Saving model
epoch 58 | batch 1 |train loss 0.5341944098472595
epoch 59 | batch 0 |train loss 0.5317944288253784
Valid: loss 0.554725706577301, score:{'roc_auc': 0.789794921875, 'MRR': 0.9074074074074073}
EarlyStopping counter: 1 out of 3
epoch 59 | batch 1 |train loss 0.5305302739143372
epoch 60 | batch 0 |train loss 0.5283679962158203
Valid: loss 0.5546892285346985, score:{'roc_auc': 0.791259765625, 'MRR': 0.9074074074074073}
EarlyStopping counter: 2 out of 3
epoch 60 | batch 1 |train loss 0.5283811688423157
epoch 61 | batch 0 |train loss 0.5226518511772156
Valid: loss 0.5543045997619629, score:{'roc_auc': 0.79345703125, 'MRR': 0.9074074074074073}
Saving model
epoch 61 | batch 1 |train loss 0.5250759720802307
epoch 62 | batch 0 |train loss 0.5232091546058655
Valid: loss 0.5536717772483826, score:{'roc_auc': 0.794677734375, 'MRR': 0.9074074074074073}
Saving model
epoch 62 | batch 1 |train loss 0.5255260467529297
epoch 63 | batch 0 |train loss 0.5222111940383911
Valid: loss 0.5528410077095032, score:{'roc_auc': 0.79345703125, 'MRR': 0.9074074074074073}
Saving model
epoch 63 | batch 1 |train loss 0.522219181060791
epoch 64 | batch 0 |train loss 0.5179097056388855
Valid: loss 0.551941990852356, score:{'roc_auc': 0.79541015625, 'MRR': 0.9074074074074073}
Saving model
epoch 64 | batch 1 |train loss 0.5186216831207275
epoch 65 | batch 0 |train loss 0.5164632797241211
Valid: loss 0.5509540438652039, score:{'roc_auc': 0.79638671875, 'MRR': 0.9074074074074073}
Saving model
epoch 65 | batch 1 |train loss 0.5185110569000244
epoch 66 | batch 0 |train loss 0.5156561732292175
Valid: loss 0.5498840808868408, score:{'roc_auc': 0.796142578125, 'MRR': 0.9074074074074073}
Saving model
epoch 66 | batch 1 |train loss 0.5164945721626282
epoch 67 | batch 0 |train loss 0.5123623013496399
Valid: loss 0.5486356616020203, score:{'roc_auc': 0.796630859375, 'MRR': 0.9074074074074073}
Saving model
epoch 67 | batch 1 |train loss 0.5145778059959412
epoch 68 | batch 0 |train loss 0.511238157749176
Valid: loss 0.5473195314407349, score:{'roc_auc': 0.797119140625, 'MRR': 0.9074074074074073}
Saving model
epoch 68 | batch 1 |train loss 0.5108091235160828
epoch 69 | batch 0 |train loss 0.5076601505279541
Valid: loss 0.5459479093551636, score:{'roc_auc': 0.79931640625, 'MRR': 0.9074074074074073}
Saving model
epoch 69 | batch 1 |train loss 0.5067340135574341
epoch 70 | batch 0 |train loss 0.50694340467453
Valid: loss 0.5445283055305481, score:{'roc_auc': 0.80126953125, 'MRR': 0.9074074074074073}
Saving model
epoch 70 | batch 1 |train loss 0.5066642165184021
epoch 71 | batch 0 |train loss 0.5046332478523254
Valid: loss 0.5432120561599731, score:{'roc_auc': 0.8017578125, 'MRR': 0.9074074074074073}
Saving model
epoch 71 | batch 1 |train loss 0.5050321817398071
epoch 72 | batch 0 |train loss 0.5056192278862
Valid: loss 0.5420893430709839, score:{'roc_auc': 0.802001953125, 'MRR': 0.9074074074074073}
Saving model
epoch 72 | batch 1 |train loss 0.5042299032211304
epoch 73 | batch 0 |train loss 0.5035574436187744
Valid: loss 0.5411128997802734, score:{'roc_auc': 0.802490234375, 'MRR': 0.9074074074074073}
Saving model
epoch 73 | batch 1 |train loss 0.5017712712287903
epoch 74 | batch 0 |train loss 0.500883936882019
Valid: loss 0.5402486324310303, score:{'roc_auc': 0.802978515625, 'MRR': 0.9074074074074073}
Saving model
epoch 74 | batch 1 |train loss 0.49704504013061523
epoch 75 | batch 0 |train loss 0.49899613857269287
Valid: loss 0.5395463705062866, score:{'roc_auc': 0.803955078125, 'MRR': 0.9074074074074073}
Saving model
epoch 75 | batch 1 |train loss 0.4969484508037567
epoch 76 | batch 0 |train loss 0.49671223759651184
Valid: loss 0.5389441251754761, score:{'roc_auc': 0.804443359375, 'MRR': 0.9074074074074073}
Saving model
epoch 76 | batch 1 |train loss 0.4944504499435425
epoch 77 | batch 0 |train loss 0.4960395395755768
Valid: loss 0.5384516716003418, score:{'roc_auc': 0.805419921875, 'MRR': 0.9074074074074073}
Saving model
epoch 77 | batch 1 |train loss 0.49191975593566895
epoch 78 | batch 0 |train loss 0.4946073889732361
Valid: loss 0.5380872488021851, score:{'roc_auc': 0.805419921875, 'MRR': 0.9074074074074073}
Saving model
epoch 78 | batch 1 |train loss 0.49273860454559326
epoch 79 | batch 0 |train loss 0.48954397439956665
Valid: loss 0.5378053188323975, score:{'roc_auc': 0.80615234375, 'MRR': 0.9074074074074073}
Saving model
epoch 79 | batch 1 |train loss 0.48960593342781067
epoch 80 | batch 0 |train loss 0.49004247784614563
Valid: loss 0.5375385880470276, score:{'roc_auc': 0.805908203125, 'MRR': 0.9074074074074073}
Saving model
epoch 80 | batch 1 |train loss 0.48560625314712524
epoch 81 | batch 0 |train loss 0.48959216475486755
Valid: loss 0.5372586846351624, score:{'roc_auc': 0.80712890625, 'MRR': 0.9074074074074073}
Saving model
epoch 81 | batch 1 |train loss 0.4866991937160492
epoch 82 | batch 0 |train loss 0.4856659471988678
Valid: loss 0.5370675921440125, score:{'roc_auc': 0.807373046875, 'MRR': 0.9074074074074073}
Saving model
epoch 82 | batch 1 |train loss 0.48561951518058777
epoch 83 | batch 0 |train loss 0.48763027787208557
Valid: loss 0.5370042324066162, score:{'roc_auc': 0.8095703125, 'MRR': 0.9074074074074073}
Saving model
epoch 83 | batch 1 |train loss 0.4819696247577667
epoch 84 | batch 0 |train loss 0.4842909574508667
Valid: loss 0.5370867848396301, score:{'roc_auc': 0.807373046875, 'MRR': 0.9074074074074073}
EarlyStopping counter: 1 out of 3
epoch 84 | batch 1 |train loss 0.4830940365791321
epoch 85 | batch 0 |train loss 0.48264747858047485
Valid: loss 0.5371487140655518, score:{'roc_auc': 0.80810546875, 'MRR': 0.9074074074074073}
EarlyStopping counter: 2 out of 3
epoch 85 | batch 1 |train loss 0.4794646203517914
epoch 86 | batch 0 |train loss 0.48010265827178955
Valid: loss 0.5372359156608582, score:{'roc_auc': 0.807373046875, 'MRR': 0.9074074074074073}
Meta keys: dict_keys([6])
Data keys: dict_keys([6])
Edge type: 6, Meta: (1, 0)
Average links per head: 3.41
Median: 2.0, Min: 1, Max: 22
len test_list[0] 525
len test_list[1] 525
len test_label 525
2 hop test: loss 0.5372359156608582, score:{'roc_auc': 0.5793858121444327, 'MRR': 0.7724025974025973}
(array([0, 1]), array([261, 264]))
[0.4710541  0.46616632 0.50104815 0.5555626  0.65130764 0.842963
 0.8398564  0.7194107  0.88678855 0.9007462  0.8628173  0.85248435
 0.81867313 0.9255187  0.93375903 0.24869318 0.92742395 0.5460443
 0.78900284 0.3184769 ]
Average links per head full random test: 1.51
Medianfull random test: 1.0, Min: 1, Max: 11
len test_list[0]full random test 528
len test_list[1]full random test 528
len test_label full random test 528
2 hop test: loss 0.5372359156608582, score:{'roc_auc': 0.5793858121444327, 'MRR': 0.7724025974025973}
edge type: 6, random_score: {'roc_auc': 0.7493830348943985, 'MRR': 0.974025974025974}, score: {'roc_auc': 0.5793858121444327, 'MRR': 0.7724025974025973}
ROC_AUC: 0.5793858121444327
Sec neigh test: score list: defaultdict(<class 'list'>, {'roc_auc': [0.5793858121444327], 'MRR': [0.7724025974025973]})
Random test: score list: defaultdict(<class 'list'>, {'roc_auc': [0.7493830348943985], 'MRR': [0.974025974025974]})
Sec neigh test:average score: defaultdict(<class 'list'>, {'roc_auc': 0.5794, 'MRR': 0.7724})
Random test: average score: defaultdict(<class 'list'>, {'roc_auc': 0.7494, 'MRR': 0.974})
Completed: amazon_style_cct_fold_1 (rep 1)

--------------------------------------
Running model: GAT
Dataset: amazon_style_cct_fold_2
Repetition: 1
--------------------------------------
use device: cpu
Namespace(data='amazon_style_cct_fold_2', model_path='model.pt', train_iter_n=50, cuda=0, checkpoint='', epochs=100, patience=3, n_layers=2, n_heads=[4], dropout=0.5, model='GAT', lr=0.0001, weight_decay=0.0, batch_size=1024, edge_sample_ratio=1, test_with_CPU=False, decoder='dismult', feat_type=0)
args.feat_type 0
sys_path ['/home/simonettos/homhetgnn/HGB/LP/benchmark/methods/GNN', '/home/simonettos/homhetgnn/sbatches', '/home/simonettos/homhetgnn/HGB/LP/benchmark/methods/baseline', '/home/simonettos/homhetgnn/HGB/LP/benchmark', '/home/simonettos/homhetgnn/HGB/LP/benchmark/methods/GNN', '/home/simonettos/homhetgnn/HGB/LP/benchmark/methods/GNN/utils', '/home/simonettos/homhetgnn/HGB/LP/benchmark/methods/GNN/models', '/deepstore/software/anaconda3/2022.05/lib/python39.zip', '/deepstore/software/anaconda3/2022.05/lib/python3.9', '/deepstore/software/anaconda3/2022.05/lib/python3.9/lib-dynload', '/home/simonettos/homhetgnn/gpuvenv/lib/python3.9/site-packages', '../../', '../../']
Data path: /home/simonettos/homhetgnn/HGB/LP/benchmark/data/amazon_style_cct_fold_2
Loading nodes from /home/simonettos/homhetgnn/HGB/LP/benchmark/data/amazon_style_cct_fold_2/node.dat
edge types: dict_keys([3, 6, 5, 4, 7, 2, 0, 8, 1, 10, 9])
Getting training negative samples for edge types: [6]
nodes.shift keys: [0, 1, 2]
nodes.count keys: [0, 1, 2]
links.meta: {3: (0, 2), 6: (1, 0), 5: (1, 1), 4: (0, 0), 7: (0, 0), 2: (1, 1), 0: (0, 0), 8: (1, 1), 1: (1, 1), 10: (1, 1), 9: (1, 1)}
t_type about to use: 0
h_type: 1
shift dict: {0: 0, 1: 558, 2: 1498}
count dict: Counter({1: 940, 0: 558, 2: 188})
Generated 884 negative samples for edge type 6
Info: load amazon_style_cct_fold_2 from original data and generate /home/simonettos/homhetgnn/HGB/LP/benchmark/data/amazon_style_cct_fold_2/dl_pickle 
edge types: [6]
dataset: amazon_style_cct_fold_2, eval_type: 6
epoch 0 | batch 0 |train loss 0.6931602954864502
Valid: loss 0.6931413412094116, score:{'roc_auc': 0.53099173553719, 'MRR': 0.7443181818181818}
Saving model
epoch 0 | batch 1 |train loss 0.6931514143943787
epoch 1 | batch 0 |train loss 0.6931144595146179
Valid: loss 0.6931286454200745, score:{'roc_auc': 0.5554407713498623, 'MRR': 0.75}
Saving model
epoch 1 | batch 1 |train loss 0.693120539188385
epoch 2 | batch 0 |train loss 0.6930520534515381
Valid: loss 0.6931161880493164, score:{'roc_auc': 0.5757575757575757, 'MRR': 0.7840909090909091}
Saving model
epoch 2 | batch 1 |train loss 0.6930947303771973
epoch 3 | batch 0 |train loss 0.6930265426635742
Valid: loss 0.6931031346321106, score:{'roc_auc': 0.5890725436179981, 'MRR': 0.7840909090909091}
Saving model
epoch 3 | batch 1 |train loss 0.6930625438690186
epoch 4 | batch 0 |train loss 0.6929974555969238
Valid: loss 0.6930899024009705, score:{'roc_auc': 0.6070936639118457, 'MRR': 0.7954545454545454}
Saving model
epoch 4 | batch 1 |train loss 0.6930292844772339
epoch 5 | batch 0 |train loss 0.6929613351821899
Valid: loss 0.6930757164955139, score:{'roc_auc': 0.6160468319559228, 'MRR': 0.8068181818181818}
Saving model
epoch 5 | batch 1 |train loss 0.6929625868797302
epoch 6 | batch 0 |train loss 0.6929304003715515
Valid: loss 0.6930601000785828, score:{'roc_auc': 0.6204086317722681, 'MRR': 0.7954545454545454}
Saving model
epoch 6 | batch 1 |train loss 0.6929352283477783
epoch 7 | batch 0 |train loss 0.6928974390029907
Valid: loss 0.6930423974990845, score:{'roc_auc': 0.6178833792470156, 'MRR': 0.7954545454545454}
Saving model
epoch 7 | batch 1 |train loss 0.6928924918174744
epoch 8 | batch 0 |train loss 0.6928329467773438
Valid: loss 0.6930225491523743, score:{'roc_auc': 0.613751147842057, 'MRR': 0.7954545454545454}
Saving model
epoch 8 | batch 1 |train loss 0.6927895545959473
epoch 9 | batch 0 |train loss 0.692759096622467
Valid: loss 0.6930001378059387, score:{'roc_auc': 0.6182277318640954, 'MRR': 0.7727272727272727}
Saving model
epoch 9 | batch 1 |train loss 0.6927668452262878
epoch 10 | batch 0 |train loss 0.6926980018615723
Valid: loss 0.6929745674133301, score:{'roc_auc': 0.6184573002754821, 'MRR': 0.7689393939393938}
Saving model
epoch 10 | batch 1 |train loss 0.6926960349082947
epoch 11 | batch 0 |train loss 0.6926233768463135
Valid: loss 0.6929450631141663, score:{'roc_auc': 0.6168503213957759, 'MRR': 0.7689393939393938}
Saving model
epoch 11 | batch 1 |train loss 0.6926659941673279
epoch 12 | batch 0 |train loss 0.6925073266029358
Valid: loss 0.6929106712341309, score:{'roc_auc': 0.616850321395776, 'MRR': 0.7689393939393938}
Saving model
epoch 12 | batch 1 |train loss 0.6925467252731323
epoch 13 | batch 0 |train loss 0.6923952698707581
Valid: loss 0.6928704977035522, score:{'roc_auc': 0.6161616161616161, 'MRR': 0.7803030303030302}
Saving model
epoch 13 | batch 1 |train loss 0.692409336566925
epoch 14 | batch 0 |train loss 0.6922891139984131
Valid: loss 0.6928232908248901, score:{'roc_auc': 0.6161616161616162, 'MRR': 0.7575757575757575}
Saving model
epoch 14 | batch 1 |train loss 0.6923158168792725
epoch 15 | batch 0 |train loss 0.692176878452301
Valid: loss 0.6927679181098938, score:{'roc_auc': 0.616850321395776, 'MRR': 0.7689393939393938}
Saving model
epoch 15 | batch 1 |train loss 0.692145824432373
epoch 16 | batch 0 |train loss 0.6919671893119812
Valid: loss 0.6927030086517334, score:{'roc_auc': 0.6179981634527089, 'MRR': 0.7803030303030302}
Saving model
epoch 16 | batch 1 |train loss 0.691987156867981
epoch 17 | batch 0 |train loss 0.6918060183525085
Valid: loss 0.6926265358924866, score:{'roc_auc': 0.6175390266299358, 'MRR': 0.7689393939393938}
Saving model
epoch 17 | batch 1 |train loss 0.6918553709983826
epoch 18 | batch 0 |train loss 0.6916456818580627
Valid: loss 0.6925373077392578, score:{'roc_auc': 0.6198347107438017, 'MRR': 0.7689393939393938}
Saving model
epoch 18 | batch 1 |train loss 0.6916142702102661
epoch 19 | batch 0 |train loss 0.6912531852722168
Valid: loss 0.6924331188201904, score:{'roc_auc': 0.6189164370982552, 'MRR': 0.7689393939393938}
Saving model
epoch 19 | batch 1 |train loss 0.6913100481033325
epoch 20 | batch 0 |train loss 0.6910020112991333
Valid: loss 0.6923106908798218, score:{'roc_auc': 0.6189164370982553, 'MRR': 0.7689393939393938}
Saving model
epoch 20 | batch 1 |train loss 0.6911489963531494
epoch 21 | batch 0 |train loss 0.6907046437263489
Valid: loss 0.6921674609184265, score:{'roc_auc': 0.6184573002754822, 'MRR': 0.7689393939393938}
Saving model
epoch 21 | batch 1 |train loss 0.6906662583351135
epoch 22 | batch 0 |train loss 0.6903343200683594
Valid: loss 0.6919994950294495, score:{'roc_auc': 0.6186868686868687, 'MRR': 0.7689393939393938}
Saving model
epoch 22 | batch 1 |train loss 0.6904184222221375
epoch 23 | batch 0 |train loss 0.6897351145744324
Valid: loss 0.6918031573295593, score:{'roc_auc': 0.617998163452709, 'MRR': 0.7803030303030302}
Saving model
epoch 23 | batch 1 |train loss 0.6898210644721985
epoch 24 | batch 0 |train loss 0.6892096400260925
Valid: loss 0.691572368144989, score:{'roc_auc': 0.6214416896235079, 'MRR': 0.7803030303030302}
Saving model
epoch 24 | batch 1 |train loss 0.6892951130867004
epoch 25 | batch 0 |train loss 0.6885051727294922
Valid: loss 0.691302478313446, score:{'roc_auc': 0.6205234159779613, 'MRR': 0.7916666666666665}
Saving model
epoch 25 | batch 1 |train loss 0.6885451674461365
epoch 26 | batch 0 |train loss 0.6876572966575623
Valid: loss 0.6909875273704529, score:{'roc_auc': 0.6244260789715336, 'MRR': 0.7916666666666665}
Saving model
epoch 26 | batch 1 |train loss 0.6877923011779785
epoch 27 | batch 0 |train loss 0.6869049072265625
Valid: loss 0.6906195878982544, score:{'roc_auc': 0.6260330578512397, 'MRR': 0.7916666666666665}
Saving model
epoch 27 | batch 1 |train loss 0.6871965527534485
epoch 28 | batch 0 |train loss 0.6860789060592651
Valid: loss 0.6901932954788208, score:{'roc_auc': 0.6278696051423325, 'MRR': 0.7916666666666665}
Saving model
epoch 28 | batch 1 |train loss 0.6862308979034424
epoch 29 | batch 0 |train loss 0.6846688985824585
Valid: loss 0.6896989941596985, score:{'roc_auc': 0.6285583103764922, 'MRR': 0.7916666666666665}
Saving model
epoch 29 | batch 1 |train loss 0.6852002143859863
epoch 30 | batch 0 |train loss 0.6837199926376343
Valid: loss 0.6891276240348816, score:{'roc_auc': 0.6301652892561984, 'MRR': 0.7916666666666665}
Saving model
epoch 30 | batch 1 |train loss 0.6838045716285706
epoch 31 | batch 0 |train loss 0.6818073987960815
Valid: loss 0.6884691715240479, score:{'roc_auc': 0.6324609733700642, 'MRR': 0.7916666666666665}
Saving model
epoch 31 | batch 1 |train loss 0.6821641325950623
epoch 32 | batch 0 |train loss 0.6805227398872375
Valid: loss 0.6877113580703735, score:{'roc_auc': 0.6349862258953168, 'MRR': 0.7916666666666665}
Saving model
epoch 32 | batch 1 |train loss 0.6800244450569153
epoch 33 | batch 0 |train loss 0.678402841091156
Valid: loss 0.6868414878845215, score:{'roc_auc': 0.6370523415977961, 'MRR': 0.787878787878788}
Saving model
epoch 33 | batch 1 |train loss 0.6782124638557434
epoch 34 | batch 0 |train loss 0.6759892702102661
Valid: loss 0.685847282409668, score:{'roc_auc': 0.6386593204775023, 'MRR': 0.787878787878788}
Saving model
epoch 34 | batch 1 |train loss 0.6762605309486389
epoch 35 | batch 0 |train loss 0.6720252633094788
Valid: loss 0.6847153306007385, score:{'roc_auc': 0.6414141414141415, 'MRR': 0.787878787878788}
Saving model
epoch 35 | batch 1 |train loss 0.6734014749526978
epoch 36 | batch 0 |train loss 0.6701276898384094
Valid: loss 0.6834335327148438, score:{'roc_auc': 0.6432506887052342, 'MRR': 0.7992424242424243}
Saving model
epoch 36 | batch 1 |train loss 0.6706997156143188
epoch 37 | batch 0 |train loss 0.6661996841430664
Valid: loss 0.6819940209388733, score:{'roc_auc': 0.6437098255280074, 'MRR': 0.7992424242424243}
Saving model
epoch 37 | batch 1 |train loss 0.6667508482933044
epoch 38 | batch 0 |train loss 0.6630032062530518
Valid: loss 0.6803839802742004, score:{'roc_auc': 0.6460055096418733, 'MRR': 0.7992424242424243}
Saving model
epoch 38 | batch 1 |train loss 0.6626518368721008
epoch 39 | batch 0 |train loss 0.6588822603225708
Valid: loss 0.6785944104194641, score:{'roc_auc': 0.6485307621671258, 'MRR': 0.7992424242424243}
Saving model
epoch 39 | batch 1 |train loss 0.6585100293159485
epoch 40 | batch 0 |train loss 0.6533454656600952
Valid: loss 0.6766237020492554, score:{'roc_auc': 0.6496786042240589, 'MRR': 0.7992424242424243}
Saving model
epoch 40 | batch 1 |train loss 0.653178334236145
epoch 41 | batch 0 |train loss 0.6468788385391235
Valid: loss 0.6744741201400757, score:{'roc_auc': 0.6526629935720846, 'MRR': 0.7992424242424243}
Saving model
epoch 41 | batch 1 |train loss 0.6483920812606812
epoch 42 | batch 0 |train loss 0.640328049659729
Valid: loss 0.6721631288528442, score:{'roc_auc': 0.6540404040404041, 'MRR': 0.7992424242424243}
Saving model
epoch 42 | batch 1 |train loss 0.6418424248695374
epoch 43 | batch 0 |train loss 0.6346268653869629
Valid: loss 0.6697149276733398, score:{'roc_auc': 0.6554178145087236, 'MRR': 0.8106060606060607}
Saving model
epoch 43 | batch 1 |train loss 0.6354802250862122
epoch 44 | batch 0 |train loss 0.6265892386436462
Valid: loss 0.6671781539916992, score:{'roc_auc': 0.6563360881542699, 'MRR': 0.8106060606060607}
Saving model
epoch 44 | batch 1 |train loss 0.6272544264793396
epoch 45 | batch 0 |train loss 0.6194506883621216
Valid: loss 0.6646244525909424, score:{'roc_auc': 0.6570247933884297, 'MRR': 0.7992424242424243}
Saving model
epoch 45 | batch 1 |train loss 0.6217436194419861
epoch 46 | batch 0 |train loss 0.6120336651802063
Valid: loss 0.6621595621109009, score:{'roc_auc': 0.6574839302112029, 'MRR': 0.7954545454545454}
Saving model
epoch 46 | batch 1 |train loss 0.6099559664726257
epoch 47 | batch 0 |train loss 0.6004610061645508
Valid: loss 0.6599135398864746, score:{'roc_auc': 0.6597796143250689, 'MRR': 0.7954545454545454}
Saving model
epoch 47 | batch 1 |train loss 0.6013659238815308
epoch 48 | batch 0 |train loss 0.5896251201629639
Valid: loss 0.6580511927604675, score:{'roc_auc': 0.6618457300275483, 'MRR': 0.7954545454545454}
Saving model
epoch 48 | batch 1 |train loss 0.5927749276161194
epoch 49 | batch 0 |train loss 0.5806854367256165
Valid: loss 0.6567606329917908, score:{'roc_auc': 0.6613865932047751, 'MRR': 0.7954545454545454}
Saving model
epoch 49 | batch 1 |train loss 0.5830186605453491
epoch 50 | batch 0 |train loss 0.5727143287658691
Valid: loss 0.6562623977661133, score:{'roc_auc': 0.6620752984389348, 'MRR': 0.7954545454545454}
Saving model
epoch 50 | batch 1 |train loss 0.5746045112609863
epoch 51 | batch 0 |train loss 0.5622706413269043
Valid: loss 0.6567941308021545, score:{'roc_auc': 0.662534435261708, 'MRR': 0.7916666666666667}
EarlyStopping counter: 1 out of 3
epoch 51 | batch 1 |train loss 0.5629315376281738
epoch 52 | batch 0 |train loss 0.5506341457366943
Valid: loss 0.6585656404495239, score:{'roc_auc': 0.6618457300275481, 'MRR': 0.7916666666666667}
EarlyStopping counter: 2 out of 3
epoch 52 | batch 1 |train loss 0.5563894510269165
epoch 53 | batch 0 |train loss 0.5453284978866577
Valid: loss 0.6617556214332581, score:{'roc_auc': 0.6646005509641872, 'MRR': 0.7916666666666667}
Meta keys: dict_keys([6])
Data keys: dict_keys([6])
Edge type: 6, Meta: (1, 0)
Average links per head: 3.73
Median: 2.0, Min: 2, Max: 24
len test_list[0] 526
len test_list[1] 526
len test_label 526
2 hop test: loss 0.6617556214332581, score:{'roc_auc': 0.5380011276728015, 'MRR': 0.7695035460992907}
(array([0, 1]), array([263, 263]))
[0.38040233 0.419806   0.6733638  0.68442684 0.32278794 0.3698832
 0.6283873  0.30656853 0.6675311  0.6473117  0.64368457 0.65495867
 0.5825099  0.6188163  0.5602656  0.5002429  0.62842745 0.56629866
 0.6478684  0.5696605 ]
Average links per head full random test: 1.53
Medianfull random test: 1.0, Min: 1, Max: 12
len test_list[0]full random test 526
len test_list[1]full random test 526
len test_label full random test 526
2 hop test: loss 0.6617556214332581, score:{'roc_auc': 0.5380011276728015, 'MRR': 0.7695035460992907}
edge type: 6, random_score: {'roc_auc': 0.7192673018259625, 'MRR': 0.9680851063829787}, score: {'roc_auc': 0.5380011276728015, 'MRR': 0.7695035460992907}
ROC_AUC: 0.5380011276728015
Sec neigh test: score list: defaultdict(<class 'list'>, {'roc_auc': [0.5380011276728015], 'MRR': [0.7695035460992907]})
Random test: score list: defaultdict(<class 'list'>, {'roc_auc': [0.7192673018259625], 'MRR': [0.9680851063829787]})
Sec neigh test:average score: defaultdict(<class 'list'>, {'roc_auc': 0.538, 'MRR': 0.7695})
Random test: average score: defaultdict(<class 'list'>, {'roc_auc': 0.7193, 'MRR': 0.9681})
Completed: amazon_style_cct_fold_2 (rep 1)

--------------------------------------
Running model: GAT
Dataset: amazon_style_cct_fold_3
Repetition: 1
--------------------------------------
use device: cpu
Namespace(data='amazon_style_cct_fold_3', model_path='model.pt', train_iter_n=50, cuda=0, checkpoint='', epochs=100, patience=3, n_layers=2, n_heads=[4], dropout=0.5, model='GAT', lr=0.0001, weight_decay=0.0, batch_size=1024, edge_sample_ratio=1, test_with_CPU=False, decoder='dismult', feat_type=0)
args.feat_type 0
sys_path ['/home/simonettos/homhetgnn/HGB/LP/benchmark/methods/GNN', '/home/simonettos/homhetgnn/sbatches', '/home/simonettos/homhetgnn/HGB/LP/benchmark/methods/baseline', '/home/simonettos/homhetgnn/HGB/LP/benchmark', '/home/simonettos/homhetgnn/HGB/LP/benchmark/methods/GNN', '/home/simonettos/homhetgnn/HGB/LP/benchmark/methods/GNN/utils', '/home/simonettos/homhetgnn/HGB/LP/benchmark/methods/GNN/models', '/deepstore/software/anaconda3/2022.05/lib/python39.zip', '/deepstore/software/anaconda3/2022.05/lib/python3.9', '/deepstore/software/anaconda3/2022.05/lib/python3.9/lib-dynload', '/home/simonettos/homhetgnn/gpuvenv/lib/python3.9/site-packages', '../../', '../../']
Data path: /home/simonettos/homhetgnn/HGB/LP/benchmark/data/amazon_style_cct_fold_3
Loading nodes from /home/simonettos/homhetgnn/HGB/LP/benchmark/data/amazon_style_cct_fold_3/node.dat
edge types: dict_keys([3, 6, 5, 4, 7, 2, 0, 8, 1, 10, 9])
Getting training negative samples for edge types: [6]
nodes.shift keys: [0, 1, 2]
nodes.count keys: [0, 1, 2]
links.meta: {3: (0, 2), 6: (1, 0), 5: (1, 1), 4: (0, 0), 7: (0, 0), 2: (1, 1), 0: (0, 0), 8: (1, 1), 1: (1, 1), 10: (1, 1), 9: (1, 1)}
t_type about to use: 0
h_type: 1
shift dict: {0: 0, 1: 558, 2: 1498}
count dict: Counter({1: 940, 0: 558, 2: 188})
Generated 901 negative samples for edge type 6
Info: load amazon_style_cct_fold_3 from original data and generate /home/simonettos/homhetgnn/HGB/LP/benchmark/data/amazon_style_cct_fold_3/dl_pickle 
edge types: [6]
dataset: amazon_style_cct_fold_3, eval_type: 6
epoch 0 | batch 0 |train loss 0.6931400299072266
Valid: loss 0.6931275129318237, score:{'roc_auc': 0.5466978458049887, 'MRR': 0.7448979591836735}
Saving model
epoch 0 | batch 1 |train loss 0.6930823922157288
epoch 1 | batch 0 |train loss 0.6930785775184631
Valid: loss 0.693111777305603, score:{'roc_auc': 0.5693735827664399, 'MRR': 0.7534013605442178}
Saving model
epoch 1 | batch 1 |train loss 0.6930542588233948
epoch 2 | batch 0 |train loss 0.6930491328239441
Valid: loss 0.693095326423645, score:{'roc_auc': 0.5853883219954648, 'MRR': 0.7363945578231293}
Saving model
epoch 2 | batch 1 |train loss 0.6930107474327087
epoch 3 | batch 0 |train loss 0.6930256485939026
Valid: loss 0.6930777430534363, score:{'roc_auc': 0.6017573696145124, 'MRR': 0.7795918367346939}
Saving model
epoch 3 | batch 1 |train loss 0.6929603815078735
epoch 4 | batch 0 |train loss 0.6929784417152405
Valid: loss 0.6930588483810425, score:{'roc_auc': 0.6132369614512471, 'MRR': 0.7891156462585034}
Saving model
epoch 4 | batch 1 |train loss 0.6929195523262024
epoch 5 | batch 0 |train loss 0.6929352283477783
Valid: loss 0.6930382251739502, score:{'roc_auc': 0.6194727891156462, 'MRR': 0.7993197278911565}
Saving model
epoch 5 | batch 1 |train loss 0.6928733587265015
epoch 6 | batch 0 |train loss 0.6929272413253784
Valid: loss 0.6930155754089355, score:{'roc_auc': 0.6266298185941044, 'MRR': 0.8}
Saving model
epoch 6 | batch 1 |train loss 0.6928227543830872
epoch 7 | batch 0 |train loss 0.6928544044494629
Valid: loss 0.6929901838302612, score:{'roc_auc': 0.6335742630385488, 'MRR': 0.8102040816326531}
Saving model
epoch 7 | batch 1 |train loss 0.6927559971809387
epoch 8 | batch 0 |train loss 0.6927926540374756
Valid: loss 0.6929608583450317, score:{'roc_auc': 0.6358418367346939, 'MRR': 0.8204081632653062}
Saving model
epoch 8 | batch 1 |train loss 0.6927083134651184
epoch 9 | batch 0 |train loss 0.6927595138549805
Valid: loss 0.6929275393486023, score:{'roc_auc': 0.6376842403628118, 'MRR': 0.789795918367347}
Saving model
epoch 9 | batch 1 |train loss 0.6926361918449402
epoch 10 | batch 0 |train loss 0.692669689655304
Valid: loss 0.6928895115852356, score:{'roc_auc': 0.6388180272108844, 'MRR': 0.8}
Saving model
epoch 10 | batch 1 |train loss 0.6925346851348877
epoch 11 | batch 0 |train loss 0.6925574541091919
Valid: loss 0.692845344543457, score:{'roc_auc': 0.6374007936507936, 'MRR': 0.7806122448979592}
Saving model
epoch 11 | batch 1 |train loss 0.6924352049827576
epoch 12 | batch 0 |train loss 0.692506730556488
Valid: loss 0.6927939653396606, score:{'roc_auc': 0.6368339002267575, 'MRR': 0.7772108843537415}
Saving model
epoch 12 | batch 1 |train loss 0.6923391819000244
epoch 13 | batch 0 |train loss 0.69236820936203
Valid: loss 0.6927342414855957, score:{'roc_auc': 0.6382511337868481, 'MRR': 0.7874149659863946}
Saving model
epoch 13 | batch 1 |train loss 0.6922480463981628
epoch 14 | batch 0 |train loss 0.6922259330749512
Valid: loss 0.6926644444465637, score:{'roc_auc': 0.6389597505668935, 'MRR': 0.7874149659863946}
Saving model
epoch 14 | batch 1 |train loss 0.692145049571991
epoch 15 | batch 0 |train loss 0.6921413540840149
Valid: loss 0.6925825476646423, score:{'roc_auc': 0.6408021541950113, 'MRR': 0.7874149659863946}
Saving model
epoch 15 | batch 1 |train loss 0.6919235587120056
epoch 16 | batch 0 |train loss 0.6919322609901428
Valid: loss 0.6924869418144226, score:{'roc_auc': 0.6419359410430839, 'MRR': 0.7965986394557825}
Saving model
epoch 16 | batch 1 |train loss 0.6917033195495605
epoch 17 | batch 0 |train loss 0.6917259693145752
Valid: loss 0.692375123500824, score:{'roc_auc': 0.6423611111111112, 'MRR': 0.7965986394557825}
Saving model
epoch 17 | batch 1 |train loss 0.6914256811141968
epoch 18 | batch 0 |train loss 0.691540002822876
Valid: loss 0.692243754863739, score:{'roc_auc': 0.6416524943310657, 'MRR': 0.7965986394557825}
Saving model
epoch 18 | batch 1 |train loss 0.6912127733230591
epoch 19 | batch 0 |train loss 0.6911849975585938
Valid: loss 0.6920896172523499, score:{'roc_auc': 0.6425028344671201, 'MRR': 0.7965986394557825}
Saving model
epoch 19 | batch 1 |train loss 0.690941333770752
epoch 20 | batch 0 |train loss 0.6909146308898926
Valid: loss 0.691908061504364, score:{'roc_auc': 0.6442035147392291, 'MRR': 0.7863945578231294}
Saving model
epoch 20 | batch 1 |train loss 0.6905879378318787
epoch 21 | batch 0 |train loss 0.6906208992004395
Valid: loss 0.6916942000389099, score:{'roc_auc': 0.6450538548752835, 'MRR': 0.7965986394557825}
Saving model
epoch 21 | batch 1 |train loss 0.6900205016136169
epoch 22 | batch 0 |train loss 0.690264105796814
Valid: loss 0.6914424896240234, score:{'roc_auc': 0.644345238095238, 'MRR': 0.7965986394557825}
Saving model
epoch 22 | batch 1 |train loss 0.6896523833274841
epoch 23 | batch 0 |train loss 0.6896103620529175
Valid: loss 0.6911460757255554, score:{'roc_auc': 0.6450538548752834, 'MRR': 0.7965986394557825}
Saving model
epoch 23 | batch 1 |train loss 0.6890864372253418
epoch 24 | batch 0 |train loss 0.689017117023468
Valid: loss 0.6907972693443298, score:{'roc_auc': 0.6480300453514739, 'MRR': 0.7965986394557825}
Saving model
epoch 24 | batch 1 |train loss 0.6882912516593933
epoch 25 | batch 0 |train loss 0.6883310675621033
Valid: loss 0.6903871893882751, score:{'roc_auc': 0.6487386621315193, 'MRR': 0.7959183673469388}
Saving model
epoch 25 | batch 1 |train loss 0.6875854134559631
epoch 26 | batch 0 |train loss 0.6875054836273193
Valid: loss 0.6899070143699646, score:{'roc_auc': 0.6491638321995465, 'MRR': 0.7959183673469388}
Saving model
epoch 26 | batch 1 |train loss 0.6865048408508301
epoch 27 | batch 0 |train loss 0.6864578723907471
Valid: loss 0.6893435120582581, score:{'roc_auc': 0.6507227891156462, 'MRR': 0.7959183673469388}
Saving model
epoch 27 | batch 1 |train loss 0.6853759288787842
epoch 28 | batch 0 |train loss 0.6855258941650391
Valid: loss 0.6886846423149109, score:{'roc_auc': 0.6527069160997732, 'MRR': 0.7942176870748299}
Saving model
epoch 28 | batch 1 |train loss 0.6844637989997864
epoch 29 | batch 0 |train loss 0.6841059923171997
Valid: loss 0.687916100025177, score:{'roc_auc': 0.6552579365079365, 'MRR': 0.7942176870748299}
Saving model
epoch 29 | batch 1 |train loss 0.6826683282852173
epoch 30 | batch 0 |train loss 0.6832097768783569
Valid: loss 0.6870220899581909, score:{'roc_auc': 0.6575255102040816, 'MRR': 0.7908163265306123}
Saving model
epoch 30 | batch 1 |train loss 0.6809228658676147
epoch 31 | batch 0 |train loss 0.6810321807861328
Valid: loss 0.6859859228134155, score:{'roc_auc': 0.6593679138321995, 'MRR': 0.7908163265306123}
Saving model
epoch 31 | batch 1 |train loss 0.678712010383606
epoch 32 | batch 0 |train loss 0.6793274879455566
Valid: loss 0.6847861409187317, score:{'roc_auc': 0.660359977324263, 'MRR': 0.8010204081632653}
Saving model
epoch 32 | batch 1 |train loss 0.6767064929008484
epoch 33 | batch 0 |train loss 0.6769932508468628
Valid: loss 0.683405339717865, score:{'roc_auc': 0.6622023809523809, 'MRR': 0.8010204081632653}
Saving model
epoch 33 | batch 1 |train loss 0.6742770075798035
epoch 34 | batch 0 |train loss 0.6745169162750244
Valid: loss 0.6818234920501709, score:{'roc_auc': 0.6650368480725624, 'MRR': 0.7976190476190477}
Saving model
epoch 34 | batch 1 |train loss 0.6707890629768372
epoch 35 | batch 0 |train loss 0.6704148054122925
Valid: loss 0.6800169944763184, score:{'roc_auc': 0.6673044217687075, 'MRR': 0.7976190476190477}
Saving model
epoch 35 | batch 1 |train loss 0.667873740196228
epoch 36 | batch 0 |train loss 0.6682189702987671
Valid: loss 0.6779676079750061, score:{'roc_auc': 0.6680130385487528, 'MRR': 0.7874149659863946}
Saving model
epoch 36 | batch 1 |train loss 0.6635071635246277
epoch 37 | batch 0 |train loss 0.6640266180038452
Valid: loss 0.6756570935249329, score:{'roc_auc': 0.6691468253968255, 'MRR': 0.7874149659863946}
Saving model
epoch 37 | batch 1 |train loss 0.658963143825531
epoch 38 | batch 0 |train loss 0.6587258577346802
Valid: loss 0.6730705499649048, score:{'roc_auc': 0.6715561224489796, 'MRR': 0.7874149659863946}
Saving model
epoch 38 | batch 1 |train loss 0.6538770794868469
epoch 39 | batch 0 |train loss 0.6546512246131897
Valid: loss 0.670199990272522, score:{'roc_auc': 0.6729733560090703, 'MRR': 0.7874149659863946}
Saving model
epoch 39 | batch 1 |train loss 0.6494095325469971
epoch 40 | batch 0 |train loss 0.6493716835975647
Valid: loss 0.6670544147491455, score:{'roc_auc': 0.6745323129251701, 'MRR': 0.7874149659863946}
Saving model
epoch 40 | batch 1 |train loss 0.6428836584091187
epoch 41 | batch 0 |train loss 0.6428635716438293
Valid: loss 0.6636409759521484, score:{'roc_auc': 0.6750992063492063, 'MRR': 0.7874149659863946}
Saving model
epoch 41 | batch 1 |train loss 0.6354649662971497
epoch 42 | batch 0 |train loss 0.6356188058853149
Valid: loss 0.6599854826927185, score:{'roc_auc': 0.6772250566893423, 'MRR': 0.7976190476190477}
Saving model
epoch 42 | batch 1 |train loss 0.6302858591079712
epoch 43 | batch 0 |train loss 0.6287241578102112
Valid: loss 0.6561378240585327, score:{'roc_auc': 0.6777919501133787, 'MRR': 0.7976190476190477}
Saving model
epoch 43 | batch 1 |train loss 0.6197278499603271
epoch 44 | batch 0 |train loss 0.6217864155769348
Valid: loss 0.6521602272987366, score:{'roc_auc': 0.6790674603174603, 'MRR': 0.7976190476190477}
Saving model
epoch 44 | batch 1 |train loss 0.611369788646698
epoch 45 | batch 0 |train loss 0.613755464553833
Valid: loss 0.6481519341468811, score:{'roc_auc': 0.6800595238095238, 'MRR': 0.7976190476190477}
Saving model
epoch 45 | batch 1 |train loss 0.6031454801559448
epoch 46 | batch 0 |train loss 0.6048192977905273
Valid: loss 0.6442286372184753, score:{'roc_auc': 0.6806264172335602, 'MRR': 0.7976190476190477}
Saving model
epoch 46 | batch 1 |train loss 0.5938238501548767
epoch 47 | batch 0 |train loss 0.5973829627037048
Valid: loss 0.6405358910560608, score:{'roc_auc': 0.6809098639455783, 'MRR': 0.7976190476190477}
Saving model
epoch 47 | batch 1 |train loss 0.5843160152435303
epoch 48 | batch 0 |train loss 0.5878493189811707
Valid: loss 0.6372464299201965, score:{'roc_auc': 0.6820436507936508, 'MRR': 0.7976190476190477}
Saving model
epoch 48 | batch 1 |train loss 0.5753917694091797
epoch 49 | batch 0 |train loss 0.580742359161377
Valid: loss 0.6345423460006714, score:{'roc_auc': 0.6833191609977325, 'MRR': 0.7976190476190477}
Saving model
epoch 49 | batch 1 |train loss 0.5626772046089172
epoch 50 | batch 0 |train loss 0.5704189538955688
Valid: loss 0.6326028108596802, score:{'roc_auc': 0.6837443310657596, 'MRR': 0.7976190476190477}
Saving model
epoch 50 | batch 1 |train loss 0.5567901730537415
epoch 51 | batch 0 |train loss 0.5645354986190796
Valid: loss 0.6315791010856628, score:{'roc_auc': 0.6853032879818594, 'MRR': 0.8078231292517007}
Saving model
epoch 51 | batch 1 |train loss 0.5467206239700317
epoch 52 | batch 0 |train loss 0.5576642751693726
Valid: loss 0.6315961480140686, score:{'roc_auc': 0.6867205215419501, 'MRR': 0.8078231292517007}
EarlyStopping counter: 1 out of 3
epoch 52 | batch 1 |train loss 0.5388672947883606
epoch 53 | batch 0 |train loss 0.5509045720100403
Valid: loss 0.6326874494552612, score:{'roc_auc': 0.6872874149659863, 'MRR': 0.8078231292517007}
EarlyStopping counter: 2 out of 3
epoch 53 | batch 1 |train loss 0.5337803363800049
epoch 54 | batch 0 |train loss 0.5447806119918823
Valid: loss 0.6347931027412415, score:{'roc_auc': 0.6874291383219956, 'MRR': 0.8078231292517007}
Meta keys: dict_keys([6])
Data keys: dict_keys([6])
Edge type: 6, Meta: (1, 0)
Average links per head: 3.48
Median: 2.0, Min: 1, Max: 24
len test_list[0] 453
len test_list[1] 453
len test_label 453
2 hop test: loss 0.6347931027412415, score:{'roc_auc': 0.5540350877192982, 'MRR': 0.7712271062271062}
(array([0, 1]), array([225, 228]))
[0.21912564 0.31476644 0.4283148  0.4845421  0.68413043 0.589492
 0.6915292  0.4944631  0.7289657  0.6853194  0.7123655  0.71378547
 0.63072366 0.7287513  0.64138603 0.8777848  0.5710688  0.31252432
 0.70905757 0.666064  ]
Average links per head full random test: 1.49
Medianfull random test: 1.0, Min: 1, Max: 12
len test_list[0]full random test 456
len test_list[1]full random test 456
len test_label full random test 456
2 hop test: loss 0.6347931027412415, score:{'roc_auc': 0.5540350877192982, 'MRR': 0.7712271062271062}
edge type: 6, random_score: {'roc_auc': 0.7066789781471221, 'MRR': 0.9846153846153847}, score: {'roc_auc': 0.5540350877192982, 'MRR': 0.7712271062271062}
ROC_AUC: 0.5540350877192982
Sec neigh test: score list: defaultdict(<class 'list'>, {'roc_auc': [0.5540350877192982], 'MRR': [0.7712271062271062]})
Random test: score list: defaultdict(<class 'list'>, {'roc_auc': [0.7066789781471221], 'MRR': [0.9846153846153847]})
Sec neigh test:average score: defaultdict(<class 'list'>, {'roc_auc': 0.554, 'MRR': 0.7712})
Random test: average score: defaultdict(<class 'list'>, {'roc_auc': 0.7067, 'MRR': 0.9846})
Completed: amazon_style_cct_fold_3 (rep 1)

--------------------------------------
Running model: GAT
Dataset: amazon_style_cct_fold_4
Repetition: 1
--------------------------------------
use device: cpu
Namespace(data='amazon_style_cct_fold_4', model_path='model.pt', train_iter_n=50, cuda=0, checkpoint='', epochs=100, patience=3, n_layers=2, n_heads=[4], dropout=0.5, model='GAT', lr=0.0001, weight_decay=0.0, batch_size=1024, edge_sample_ratio=1, test_with_CPU=False, decoder='dismult', feat_type=0)
args.feat_type 0
sys_path ['/home/simonettos/homhetgnn/HGB/LP/benchmark/methods/GNN', '/home/simonettos/homhetgnn/sbatches', '/home/simonettos/homhetgnn/HGB/LP/benchmark/methods/baseline', '/home/simonettos/homhetgnn/HGB/LP/benchmark', '/home/simonettos/homhetgnn/HGB/LP/benchmark/methods/GNN', '/home/simonettos/homhetgnn/HGB/LP/benchmark/methods/GNN/utils', '/home/simonettos/homhetgnn/HGB/LP/benchmark/methods/GNN/models', '/deepstore/software/anaconda3/2022.05/lib/python39.zip', '/deepstore/software/anaconda3/2022.05/lib/python3.9', '/deepstore/software/anaconda3/2022.05/lib/python3.9/lib-dynload', '/home/simonettos/homhetgnn/gpuvenv/lib/python3.9/site-packages', '../../', '../../']
Data path: /home/simonettos/homhetgnn/HGB/LP/benchmark/data/amazon_style_cct_fold_4
Loading nodes from /home/simonettos/homhetgnn/HGB/LP/benchmark/data/amazon_style_cct_fold_4/node.dat
edge types: dict_keys([3, 6, 5, 4, 7, 2, 0, 8, 1, 10, 9])
Getting training negative samples for edge types: [6]
nodes.shift keys: [0, 1, 2]
nodes.count keys: [0, 1, 2]
links.meta: {3: (0, 2), 6: (1, 0), 5: (1, 1), 4: (0, 0), 7: (0, 0), 2: (1, 1), 0: (0, 0), 8: (1, 1), 1: (1, 1), 10: (1, 1), 9: (1, 1)}
t_type about to use: 0
h_type: 1
shift dict: {0: 0, 1: 558, 2: 1498}
count dict: Counter({1: 940, 0: 558, 2: 188})
Generated 921 negative samples for edge type 6
Info: load amazon_style_cct_fold_4 from original data and generate /home/simonettos/homhetgnn/HGB/LP/benchmark/data/amazon_style_cct_fold_4/dl_pickle 
edge types: [6]
dataset: amazon_style_cct_fold_4, eval_type: 6
epoch 0 | batch 0 |train loss 0.6931767463684082
Valid: loss 0.693137526512146, score:{'roc_auc': 0.5220118343195266, 'MRR': 0.7765151515151515}
Saving model
epoch 0 | batch 1 |train loss 0.6931349039077759
epoch 1 | batch 0 |train loss 0.6931119561195374
Valid: loss 0.6931293606758118, score:{'roc_auc': 0.5363313609467455, 'MRR': 0.7992424242424243}
Saving model
epoch 1 | batch 1 |train loss 0.6930645108222961
epoch 2 | batch 0 |train loss 0.6930814981460571
Valid: loss 0.6931215524673462, score:{'roc_auc': 0.5460355029585799, 'MRR': 0.8219696969696969}
Saving model
epoch 2 | batch 1 |train loss 0.693087637424469
epoch 3 | batch 0 |train loss 0.693034291267395
Valid: loss 0.6931138634681702, score:{'roc_auc': 0.5484023668639053, 'MRR': 0.8068181818181818}
Saving model
epoch 3 | batch 1 |train loss 0.6930174231529236
epoch 4 | batch 0 |train loss 0.6929951310157776
Valid: loss 0.6931056976318359, score:{'roc_auc': 0.5523076923076923, 'MRR': 0.7840909090909091}
Saving model
epoch 4 | batch 1 |train loss 0.6929745674133301
epoch 5 | batch 0 |train loss 0.6929888725280762
Valid: loss 0.6930968165397644, score:{'roc_auc': 0.5576331360946745, 'MRR': 0.7954545454545454}
Saving model
epoch 5 | batch 1 |train loss 0.6929716467857361
epoch 6 | batch 0 |train loss 0.6929088830947876
Valid: loss 0.6930872797966003, score:{'roc_auc': 0.5616568047337278, 'MRR': 0.7810606060606061}
Saving model
epoch 6 | batch 1 |train loss 0.6929115056991577
epoch 7 | batch 0 |train loss 0.6928396821022034
Valid: loss 0.6930765509605408, score:{'roc_auc': 0.5659171597633137, 'MRR': 0.7772727272727272}
Saving model
epoch 7 | batch 1 |train loss 0.6928556561470032
epoch 8 | batch 0 |train loss 0.692842423915863
Valid: loss 0.6930645108222961, score:{'roc_auc': 0.5666272189349113, 'MRR': 0.7886363636363636}
Saving model
epoch 8 | batch 1 |train loss 0.6928219199180603
epoch 9 | batch 0 |train loss 0.6927802562713623
Valid: loss 0.6930509209632874, score:{'roc_auc': 0.5667455621301775, 'MRR': 0.8011363636363636}
Saving model
epoch 9 | batch 1 |train loss 0.6927766799926758
epoch 10 | batch 0 |train loss 0.6927254796028137
Valid: loss 0.6930352449417114, score:{'roc_auc': 0.568284023668639, 'MRR': 0.8011363636363636}
Saving model
epoch 10 | batch 1 |train loss 0.69267737865448
epoch 11 | batch 0 |train loss 0.692650318145752
Valid: loss 0.693016529083252, score:{'roc_auc': 0.5701775147928995, 'MRR': 0.8011363636363636}
Saving model
epoch 11 | batch 1 |train loss 0.692574143409729
epoch 12 | batch 0 |train loss 0.6926078200340271
Valid: loss 0.6929945945739746, score:{'roc_auc': 0.570414201183432, 'MRR': 0.7897727272727273}
Saving model
epoch 12 | batch 1 |train loss 0.6924988627433777
epoch 13 | batch 0 |train loss 0.6925027370452881
Valid: loss 0.6929689049720764, score:{'roc_auc': 0.5718343195266272, 'MRR': 0.7897727272727273}
Saving model
epoch 13 | batch 1 |train loss 0.6924335360527039
epoch 14 | batch 0 |train loss 0.6923003792762756
Valid: loss 0.6929381489753723, score:{'roc_auc': 0.5685207100591716, 'MRR': 0.7916666666666667}
Saving model
epoch 14 | batch 1 |train loss 0.6923155188560486
epoch 15 | batch 0 |train loss 0.6922224760055542
Valid: loss 0.6929017901420593, score:{'roc_auc': 0.5668639053254438, 'MRR': 0.7803030303030302}
Saving model
epoch 15 | batch 1 |train loss 0.6921887397766113
epoch 16 | batch 0 |train loss 0.692091703414917
Valid: loss 0.6928592324256897, score:{'roc_auc': 0.5656804733727812, 'MRR': 0.7916666666666667}
Saving model
epoch 16 | batch 1 |train loss 0.6920092701911926
epoch 17 | batch 0 |train loss 0.6920037269592285
Valid: loss 0.6928097009658813, score:{'roc_auc': 0.5659171597633137, 'MRR': 0.8030303030303031}
Saving model
epoch 17 | batch 1 |train loss 0.6918581128120422
epoch 18 | batch 0 |train loss 0.6918359994888306
Valid: loss 0.692751407623291, score:{'roc_auc': 0.5680473372781065, 'MRR': 0.8068181818181818}
Saving model
epoch 18 | batch 1 |train loss 0.6915817260742188
epoch 19 | batch 0 |train loss 0.6916061043739319
Valid: loss 0.6926828026771545, score:{'roc_auc': 0.5697041420118344, 'MRR': 0.8181818181818182}
Saving model
epoch 19 | batch 1 |train loss 0.6913057565689087
epoch 20 | batch 0 |train loss 0.691316545009613
Valid: loss 0.6926017999649048, score:{'roc_auc': 0.570414201183432, 'MRR': 0.8181818181818182}
Saving model
epoch 20 | batch 1 |train loss 0.6910459995269775
epoch 21 | batch 0 |train loss 0.6912319660186768
Valid: loss 0.6925061345100403, score:{'roc_auc': 0.57396449704142, 'MRR': 0.8295454545454546}
Saving model
epoch 21 | batch 1 |train loss 0.6907951235771179
epoch 22 | batch 0 |train loss 0.6907281875610352
Valid: loss 0.6923930048942566, score:{'roc_auc': 0.5810650887573965, 'MRR': 0.8295454545454546}
Saving model
epoch 22 | batch 1 |train loss 0.6903853416442871
epoch 23 | batch 0 |train loss 0.6903203129768372
Valid: loss 0.6922592520713806, score:{'roc_auc': 0.5829585798816568, 'MRR': 0.8295454545454546}
Saving model
epoch 23 | batch 1 |train loss 0.6899089217185974
epoch 24 | batch 0 |train loss 0.6900041103363037
Valid: loss 0.692101240158081, score:{'roc_auc': 0.5869822485207101, 'MRR': 0.8295454545454546}
Saving model
epoch 24 | batch 1 |train loss 0.6894710063934326
epoch 25 | batch 0 |train loss 0.6895022988319397
Valid: loss 0.6919139623641968, score:{'roc_auc': 0.589585798816568, 'MRR': 0.8295454545454546}
Saving model
epoch 25 | batch 1 |train loss 0.6888650059700012
epoch 26 | batch 0 |train loss 0.6888707280158997
Valid: loss 0.6916934847831726, score:{'roc_auc': 0.5912426035502959, 'MRR': 0.8295454545454546}
Saving model
epoch 26 | batch 1 |train loss 0.6882124543190002
epoch 27 | batch 0 |train loss 0.6881489753723145
Valid: loss 0.6914328932762146, score:{'roc_auc': 0.5931360946745563, 'MRR': 0.8295454545454546}
Saving model
epoch 27 | batch 1 |train loss 0.6874567270278931
epoch 28 | batch 0 |train loss 0.6874247193336487
Valid: loss 0.6911271214485168, score:{'roc_auc': 0.5955029585798818, 'MRR': 0.8409090909090909}
Saving model
epoch 28 | batch 1 |train loss 0.6864973306655884
epoch 29 | batch 0 |train loss 0.6863261461257935
Valid: loss 0.690767765045166, score:{'roc_auc': 0.5981065088757397, 'MRR': 0.8409090909090909}
Saving model
epoch 29 | batch 1 |train loss 0.6854137778282166
epoch 30 | batch 0 |train loss 0.6853060722351074
Valid: loss 0.6903457641601562, score:{'roc_auc': 0.6004733727810652, 'MRR': 0.8409090909090909}
Saving model
epoch 30 | batch 1 |train loss 0.6843534111976624
epoch 31 | batch 0 |train loss 0.6843502521514893
Valid: loss 0.6898533701896667, score:{'roc_auc': 0.6011834319526627, 'MRR': 0.8409090909090909}
Saving model
epoch 31 | batch 1 |train loss 0.6829520463943481
epoch 32 | batch 0 |train loss 0.682784378528595
Valid: loss 0.6892795562744141, score:{'roc_auc': 0.6040236686390532, 'MRR': 0.8409090909090909}
Saving model
epoch 32 | batch 1 |train loss 0.6814438700675964
epoch 33 | batch 0 |train loss 0.6809585094451904
Valid: loss 0.6886119842529297, score:{'roc_auc': 0.6056804733727811, 'MRR': 0.8409090909090909}
Saving model
epoch 33 | batch 1 |train loss 0.6795159578323364
epoch 34 | batch 0 |train loss 0.6797068119049072
Valid: loss 0.6878378987312317, score:{'roc_auc': 0.6071005917159764, 'MRR': 0.8409090909090909}
Saving model
epoch 34 | batch 1 |train loss 0.6777693033218384
epoch 35 | batch 0 |train loss 0.6768608093261719
Valid: loss 0.686944305896759, score:{'roc_auc': 0.6097041420118344, 'MRR': 0.8409090909090909}
Saving model
epoch 35 | batch 1 |train loss 0.6746206283569336
epoch 36 | batch 0 |train loss 0.6751617193222046
Valid: loss 0.6859145164489746, score:{'roc_auc': 0.6123076923076923, 'MRR': 0.8409090909090909}
Saving model
epoch 36 | batch 1 |train loss 0.6727981567382812
epoch 37 | batch 0 |train loss 0.6726510524749756
Valid: loss 0.6847324371337891, score:{'roc_auc': 0.6137278106508876, 'MRR': 0.8409090909090909}
Saving model
epoch 37 | batch 1 |train loss 0.6696938276290894
epoch 38 | batch 0 |train loss 0.668510377407074
Valid: loss 0.6833836436271667, score:{'roc_auc': 0.6151479289940829, 'MRR': 0.8409090909090909}
Saving model
epoch 38 | batch 1 |train loss 0.6653175354003906
epoch 39 | batch 0 |train loss 0.6664966940879822
Valid: loss 0.6818536520004272, score:{'roc_auc': 0.6172781065088758, 'MRR': 0.8409090909090909}
Saving model
epoch 39 | batch 1 |train loss 0.6622306704521179
epoch 40 | batch 0 |train loss 0.6618199348449707
Valid: loss 0.6801343560218811, score:{'roc_auc': 0.6198816568047337, 'MRR': 0.8409090909090909}
Saving model
epoch 40 | batch 1 |train loss 0.6576697826385498
epoch 41 | batch 0 |train loss 0.6565701961517334
Valid: loss 0.678214430809021, score:{'roc_auc': 0.6215384615384615, 'MRR': 0.8295454545454547}
Saving model
epoch 41 | batch 1 |train loss 0.6519250273704529
epoch 42 | batch 0 |train loss 0.6536997556686401
Valid: loss 0.6760931611061096, score:{'roc_auc': 0.6234319526627219, 'MRR': 0.8295454545454547}
Saving model
epoch 42 | batch 1 |train loss 0.6468705534934998
epoch 43 | batch 0 |train loss 0.6463547945022583
Valid: loss 0.6737843751907349, score:{'roc_auc': 0.6295857988165681, 'MRR': 0.8295454545454547}
Saving model
epoch 43 | batch 1 |train loss 0.6400756239891052
epoch 44 | batch 0 |train loss 0.6405825614929199
Valid: loss 0.6713098287582397, score:{'roc_auc': 0.6312426035502959, 'MRR': 0.8295454545454547}
Saving model
epoch 44 | batch 1 |train loss 0.6349493265151978
epoch 45 | batch 0 |train loss 0.6330723762512207
Valid: loss 0.6687061786651611, score:{'roc_auc': 0.6326627218934912, 'MRR': 0.8295454545454547}
Saving model
epoch 45 | batch 1 |train loss 0.6256431937217712
epoch 46 | batch 0 |train loss 0.6280161738395691
Valid: loss 0.6660275459289551, score:{'roc_auc': 0.6357396449704142, 'MRR': 0.8295454545454547}
Saving model
epoch 46 | batch 1 |train loss 0.6174735426902771
epoch 47 | batch 0 |train loss 0.6196573376655579
Valid: loss 0.6633566617965698, score:{'roc_auc': 0.637396449704142, 'MRR': 0.8295454545454547}
Saving model
epoch 47 | batch 1 |train loss 0.6111425161361694
epoch 48 | batch 0 |train loss 0.6124566793441772
Valid: loss 0.6607809662818909, score:{'roc_auc': 0.6402366863905326, 'MRR': 0.8295454545454547}
Saving model
epoch 48 | batch 1 |train loss 0.6010630130767822
epoch 49 | batch 0 |train loss 0.6035498380661011
Valid: loss 0.6583945751190186, score:{'roc_auc': 0.6433136094674556, 'MRR': 0.8295454545454547}
Saving model
epoch 49 | batch 1 |train loss 0.5907315015792847
epoch 50 | batch 0 |train loss 0.5964853763580322
Valid: loss 0.6563167572021484, score:{'roc_auc': 0.645680473372781, 'MRR': 0.8181818181818183}
Saving model
epoch 50 | batch 1 |train loss 0.5833955407142639
epoch 51 | batch 0 |train loss 0.5877271890640259
Valid: loss 0.654673159122467, score:{'roc_auc': 0.6468639053254438, 'MRR': 0.8295454545454547}
Saving model
epoch 51 | batch 1 |train loss 0.574251651763916
epoch 52 | batch 0 |train loss 0.5781741738319397
Valid: loss 0.6535524129867554, score:{'roc_auc': 0.6492307692307692, 'MRR': 0.8295454545454547}
Saving model
epoch 52 | batch 1 |train loss 0.5642455816268921
epoch 53 | batch 0 |train loss 0.5743404626846313
Valid: loss 0.6530126929283142, score:{'roc_auc': 0.6539644970414201, 'MRR': 0.8295454545454547}
Saving model
epoch 53 | batch 1 |train loss 0.5581293106079102
epoch 54 | batch 0 |train loss 0.5678074359893799
Valid: loss 0.653113842010498, score:{'roc_auc': 0.6553846153846153, 'MRR': 0.8295454545454547}
EarlyStopping counter: 1 out of 3
epoch 54 | batch 1 |train loss 0.5497634410858154
epoch 55 | batch 0 |train loss 0.5608378648757935
Valid: loss 0.6537793874740601, score:{'roc_auc': 0.6570414201183432, 'MRR': 0.8295454545454547}
EarlyStopping counter: 2 out of 3
epoch 55 | batch 1 |train loss 0.5401027202606201
epoch 56 | batch 0 |train loss 0.555691123008728
Valid: loss 0.6549708843231201, score:{'roc_auc': 0.6601183431952663, 'MRR': 0.8409090909090909}
Meta keys: dict_keys([6])
Data keys: dict_keys([6])
Edge type: 6, Meta: (1, 0)
Average links per head: 3.74
Median: 2.0, Min: 2, Max: 22
len test_list[0] 452
len test_list[1] 452
len test_label 452
2 hop test: loss 0.6549708843231201, score:{'roc_auc': 0.5389028114965934, 'MRR': 0.746831955922865}
(array([0, 1]), array([226, 226]))
[0.29713896 0.316449   0.33834428 0.48239374 0.57515955 0.67438006
 0.24448058 0.5489201  0.65847605 0.70230585 0.72033525 0.76532173
 0.690721   0.45806453 0.27337682 0.7043497  0.77179134 0.59439623
 0.7532404  0.6344575 ]
Average links per head full random test: 1.50
Medianfull random test: 1.0, Min: 1, Max: 11
len test_list[0]full random test 452
len test_list[1]full random test 452
len test_label full random test 452
2 hop test: loss 0.6549708843231201, score:{'roc_auc': 0.5389028114965934, 'MRR': 0.746831955922865}
edge type: 6, random_score: {'roc_auc': 0.697607486882293, 'MRR': 0.9793388429752066}, score: {'roc_auc': 0.5389028114965934, 'MRR': 0.746831955922865}
ROC_AUC: 0.5389028114965934
Sec neigh test: score list: defaultdict(<class 'list'>, {'roc_auc': [0.5389028114965934], 'MRR': [0.746831955922865]})
Random test: score list: defaultdict(<class 'list'>, {'roc_auc': [0.697607486882293], 'MRR': [0.9793388429752066]})
Sec neigh test:average score: defaultdict(<class 'list'>, {'roc_auc': 0.5389, 'MRR': 0.7468})
Random test: average score: defaultdict(<class 'list'>, {'roc_auc': 0.6976, 'MRR': 0.9793})
Completed: amazon_style_cct_fold_4 (rep 1)

--------------------------------------
Running model: GAT
Dataset: amazon_style_cct_fold_5
Repetition: 1
--------------------------------------
use device: cpu
Namespace(data='amazon_style_cct_fold_5', model_path='model.pt', train_iter_n=50, cuda=0, checkpoint='', epochs=100, patience=3, n_layers=2, n_heads=[4], dropout=0.5, model='GAT', lr=0.0001, weight_decay=0.0, batch_size=1024, edge_sample_ratio=1, test_with_CPU=False, decoder='dismult', feat_type=0)
args.feat_type 0
sys_path ['/home/simonettos/homhetgnn/HGB/LP/benchmark/methods/GNN', '/home/simonettos/homhetgnn/sbatches', '/home/simonettos/homhetgnn/HGB/LP/benchmark/methods/baseline', '/home/simonettos/homhetgnn/HGB/LP/benchmark', '/home/simonettos/homhetgnn/HGB/LP/benchmark/methods/GNN', '/home/simonettos/homhetgnn/HGB/LP/benchmark/methods/GNN/utils', '/home/simonettos/homhetgnn/HGB/LP/benchmark/methods/GNN/models', '/deepstore/software/anaconda3/2022.05/lib/python39.zip', '/deepstore/software/anaconda3/2022.05/lib/python3.9', '/deepstore/software/anaconda3/2022.05/lib/python3.9/lib-dynload', '/home/simonettos/homhetgnn/gpuvenv/lib/python3.9/site-packages', '../../', '../../']
Data path: /home/simonettos/homhetgnn/HGB/LP/benchmark/data/amazon_style_cct_fold_5
Loading nodes from /home/simonettos/homhetgnn/HGB/LP/benchmark/data/amazon_style_cct_fold_5/node.dat
edge types: dict_keys([3, 6, 5, 4, 7, 2, 0, 8, 1, 10, 9])
Getting training negative samples for edge types: [6]
nodes.shift keys: [0, 1, 2]
nodes.count keys: [0, 1, 2]
links.meta: {3: (0, 2), 6: (1, 0), 5: (1, 1), 4: (0, 0), 7: (0, 0), 2: (1, 1), 0: (0, 0), 8: (1, 1), 1: (1, 1), 10: (1, 1), 9: (1, 1)}
t_type about to use: 0
h_type: 1
shift dict: {0: 0, 1: 558, 2: 1498}
count dict: Counter({1: 940, 0: 558, 2: 188})
Generated 919 negative samples for edge type 6
Info: load amazon_style_cct_fold_5 from original data and generate /home/simonettos/homhetgnn/HGB/LP/benchmark/data/amazon_style_cct_fold_5/dl_pickle 
edge types: [6]
dataset: amazon_style_cct_fold_5, eval_type: 6
epoch 0 | batch 0 |train loss 0.6931248903274536
Valid: loss 0.6931166052818298, score:{'roc_auc': 0.5365493147003493, 'MRR': 0.7807017543859649}
Saving model
epoch 0 | batch 1 |train loss 0.6931126117706299
epoch 1 | batch 0 |train loss 0.693083643913269
Valid: loss 0.6931045055389404, score:{'roc_auc': 0.5521365224402043, 'MRR': 0.8070175438596491}
Saving model
epoch 1 | batch 1 |train loss 0.6930751800537109
epoch 2 | batch 0 |train loss 0.6930752992630005
Valid: loss 0.6930921673774719, score:{'roc_auc': 0.5752485890889546, 'MRR': 0.8640350877192983}
Saving model
epoch 2 | batch 1 |train loss 0.693057656288147
epoch 3 | batch 0 |train loss 0.6930301189422607
Valid: loss 0.6930800676345825, score:{'roc_auc': 0.5999731255038968, 'MRR': 0.850877192982456}
Saving model
epoch 3 | batch 1 |train loss 0.6930225491523743
epoch 4 | batch 0 |train loss 0.692986011505127
Valid: loss 0.6930670142173767, score:{'roc_auc': 0.6111260413867241, 'MRR': 0.8640350877192982}
Saving model
epoch 4 | batch 1 |train loss 0.6929593682289124
epoch 5 | batch 0 |train loss 0.6929460763931274
Valid: loss 0.6930521726608276, score:{'roc_auc': 0.6203977425423273, 'MRR': 0.837719298245614}
Saving model
epoch 5 | batch 1 |train loss 0.692941427230835
epoch 6 | batch 0 |train loss 0.6929333209991455
Valid: loss 0.6930361986160278, score:{'roc_auc': 0.6285944638538027, 'MRR': 0.8245614035087719}
Saving model
epoch 6 | batch 1 |train loss 0.6929022073745728
epoch 7 | batch 0 |train loss 0.6928299069404602
Valid: loss 0.6930177807807922, score:{'roc_auc': 0.6306100510615427, 'MRR': 0.8114035087719298}
Saving model
epoch 7 | batch 1 |train loss 0.6928622722625732
epoch 8 | batch 0 |train loss 0.6927739381790161
Valid: loss 0.6929971575737, score:{'roc_auc': 0.6289975812953507, 'MRR': 0.8114035087719298}
Saving model
epoch 8 | batch 1 |train loss 0.6927874684333801
epoch 9 | batch 0 |train loss 0.6927710175514221
Valid: loss 0.6929740309715271, score:{'roc_auc': 0.6281913464122548, 'MRR': 0.7982456140350876}
Saving model
epoch 9 | batch 1 |train loss 0.6927019953727722
epoch 10 | batch 0 |train loss 0.6926648020744324
Valid: loss 0.6929473876953125, score:{'roc_auc': 0.6295350712174146, 'MRR': 0.7982456140350876}
Saving model
epoch 10 | batch 1 |train loss 0.692651093006134
epoch 11 | batch 0 |train loss 0.6926426887512207
Valid: loss 0.6929166316986084, score:{'roc_auc': 0.6303413061005106, 'MRR': 0.7850877192982456}
Saving model
epoch 11 | batch 1 |train loss 0.6925234794616699
epoch 12 | batch 0 |train loss 0.6925402879714966
Valid: loss 0.6928810477256775, score:{'roc_auc': 0.6306100510615427, 'MRR': 0.7850877192982456}
Saving model
epoch 12 | batch 1 |train loss 0.6924770474433899
epoch 13 | batch 0 |train loss 0.6923694610595703
Valid: loss 0.6928400993347168, score:{'roc_auc': 0.6302069336199947, 'MRR': 0.7850877192982456}
Saving model
epoch 13 | batch 1 |train loss 0.6923848390579224
epoch 14 | batch 0 |train loss 0.6923379302024841
Valid: loss 0.6927933096885681, score:{'roc_auc': 0.6298038161784466, 'MRR': 0.7850877192982456}
Saving model
epoch 14 | batch 1 |train loss 0.6922277212142944
epoch 15 | batch 0 |train loss 0.692195475101471
Valid: loss 0.6927385330200195, score:{'roc_auc': 0.6330287557108304, 'MRR': 0.7850877192982456}
Saving model
epoch 15 | batch 1 |train loss 0.6921441555023193
epoch 16 | batch 0 |train loss 0.6920900344848633
Valid: loss 0.6926751136779785, score:{'roc_auc': 0.6338349905939263, 'MRR': 0.7850877192982456}
Saving model
epoch 16 | batch 1 |train loss 0.691979706287384
epoch 17 | batch 0 |train loss 0.6918569803237915
Valid: loss 0.6926016807556152, score:{'roc_auc': 0.6311475409836065, 'MRR': 0.7850877192982456}
Saving model
epoch 17 | batch 1 |train loss 0.6916905641555786
epoch 18 | batch 0 |train loss 0.6917084455490112
Valid: loss 0.6925164461135864, score:{'roc_auc': 0.6308787960225746, 'MRR': 0.7719298245614035}
Saving model
epoch 18 | batch 1 |train loss 0.6915786266326904
epoch 19 | batch 0 |train loss 0.6913252472877502
Valid: loss 0.692418098449707, score:{'roc_auc': 0.6284600913732868, 'MRR': 0.7719298245614035}
Saving model
epoch 19 | batch 1 |train loss 0.6911914944648743
epoch 20 | batch 0 |train loss 0.6913201808929443
Valid: loss 0.6923030018806458, score:{'roc_auc': 0.6306100510615426, 'MRR': 0.7719298245614035}
Saving model
epoch 20 | batch 1 |train loss 0.6910685300827026
epoch 21 | batch 0 |train loss 0.6909538507461548
Valid: loss 0.6921694278717041, score:{'roc_auc': 0.6324912657887665, 'MRR': 0.7719298245614035}
Saving model
epoch 21 | batch 1 |train loss 0.6907470226287842
epoch 22 | batch 0 |train loss 0.6904573440551758
Valid: loss 0.6920142769813538, score:{'roc_auc': 0.6330287557108305, 'MRR': 0.7719298245614035}
Saving model
epoch 22 | batch 1 |train loss 0.6903582811355591
epoch 23 | batch 0 |train loss 0.6901595592498779
Valid: loss 0.69183349609375, score:{'roc_auc': 0.6316850309056704, 'MRR': 0.7719298245614035}
Saving model
epoch 23 | batch 1 |train loss 0.6898805499076843
epoch 24 | batch 0 |train loss 0.6897273063659668
Valid: loss 0.6916230916976929, score:{'roc_auc': 0.6316850309056705, 'MRR': 0.7850877192982456}
Saving model
epoch 24 | batch 1 |train loss 0.6893156170845032
epoch 25 | batch 0 |train loss 0.6891827583312988
Valid: loss 0.6913779973983765, score:{'roc_auc': 0.6327600107497985, 'MRR': 0.7850877192982456}
Saving model
epoch 25 | batch 1 |train loss 0.6885712146759033
epoch 26 | batch 0 |train loss 0.6884744763374329
Valid: loss 0.6910918951034546, score:{'roc_auc': 0.6308787960225746, 'MRR': 0.7850877192982456}
Saving model
epoch 26 | batch 1 |train loss 0.6882638931274414
epoch 27 | batch 0 |train loss 0.6876406669616699
Valid: loss 0.6907599568367004, score:{'roc_auc': 0.6306100510615426, 'MRR': 0.7850877192982456}
Saving model
epoch 27 | batch 1 |train loss 0.6873481869697571
epoch 28 | batch 0 |train loss 0.6868540048599243
Valid: loss 0.6903744339942932, score:{'roc_auc': 0.6330287557108304, 'MRR': 0.7850877192982456}
Saving model
epoch 28 | batch 1 |train loss 0.6861843466758728
epoch 29 | batch 0 |train loss 0.6860397458076477
Valid: loss 0.6899263858795166, score:{'roc_auc': 0.6327600107497984, 'MRR': 0.7850877192982456}
Saving model
epoch 29 | batch 1 |train loss 0.6850614547729492
epoch 30 | batch 0 |train loss 0.6845667362213135
Valid: loss 0.6894078254699707, score:{'roc_auc': 0.6332975006718623, 'MRR': 0.7982456140350876}
Saving model
epoch 30 | batch 1 |train loss 0.6839480996131897
epoch 31 | batch 0 |train loss 0.6832807064056396
Valid: loss 0.6888076663017273, score:{'roc_auc': 0.6341037355549584, 'MRR': 0.7982456140350876}
Saving model
epoch 31 | batch 1 |train loss 0.6823701858520508
epoch 32 | batch 0 |train loss 0.6821334362030029
Valid: loss 0.6881158947944641, score:{'roc_auc': 0.6346412254770222, 'MRR': 0.7982456140350876}
Saving model
epoch 32 | batch 1 |train loss 0.6811450719833374
epoch 33 | batch 0 |train loss 0.6804904341697693
Valid: loss 0.6873199343681335, score:{'roc_auc': 0.6370599301263101, 'MRR': 0.7982456140350876}
Saving model
epoch 33 | batch 1 |train loss 0.6789488792419434
epoch 34 | batch 0 |train loss 0.6786810159683228
Valid: loss 0.686408519744873, score:{'roc_auc': 0.6367911851652782, 'MRR': 0.7982456140350876}
Saving model
epoch 34 | batch 1 |train loss 0.6775238513946533
epoch 35 | batch 0 |train loss 0.6764419078826904
Valid: loss 0.6853710412979126, score:{'roc_auc': 0.6373286750873421, 'MRR': 0.7982456140350876}
Saving model
epoch 35 | batch 1 |train loss 0.673233687877655
epoch 36 | batch 0 |train loss 0.6736088991165161
Valid: loss 0.6841883063316345, score:{'roc_auc': 0.638941144853534, 'MRR': 0.7982456140350876}
Saving model
epoch 36 | batch 1 |train loss 0.6715672612190247
epoch 37 | batch 0 |train loss 0.669945240020752
Valid: loss 0.6828444600105286, score:{'roc_auc': 0.6394786347755979, 'MRR': 0.7982456140350876}
Saving model
epoch 37 | batch 1 |train loss 0.6679806113243103
epoch 38 | batch 0 |train loss 0.6671929359436035
Valid: loss 0.6813217997550964, score:{'roc_auc': 0.6405536146197259, 'MRR': 0.7982456140350876}
Saving model
epoch 38 | batch 1 |train loss 0.6636378169059753
epoch 39 | batch 0 |train loss 0.6636381149291992
Valid: loss 0.6796068549156189, score:{'roc_auc': 0.6421660843859178, 'MRR': 0.7982456140350876}
Saving model
epoch 39 | batch 1 |train loss 0.6606432795524597
epoch 40 | batch 0 |train loss 0.6593461036682129
Valid: loss 0.6776906847953796, score:{'roc_auc': 0.6416285944638538, 'MRR': 0.7982456140350876}
Saving model
epoch 40 | batch 1 |train loss 0.6548943519592285
epoch 41 | batch 0 |train loss 0.654832661151886
Valid: loss 0.6755613684654236, score:{'roc_auc': 0.6424348293469497, 'MRR': 0.8114035087719298}
Saving model
epoch 41 | batch 1 |train loss 0.6500406265258789
epoch 42 | batch 0 |train loss 0.6487526297569275
Valid: loss 0.6732234358787537, score:{'roc_auc': 0.6443160440741736, 'MRR': 0.8114035087719298}
Saving model
epoch 42 | batch 1 |train loss 0.6431882977485657
epoch 43 | batch 0 |train loss 0.6423014998435974
Valid: loss 0.6706830859184265, score:{'roc_auc': 0.6456597688793335, 'MRR': 0.8114035087719298}
Saving model
epoch 43 | batch 1 |train loss 0.6379332542419434
epoch 44 | batch 0 |train loss 0.6357394456863403
Valid: loss 0.667970597743988, score:{'roc_auc': 0.6472722386455253, 'MRR': 0.8070175438596491}
Saving model
epoch 44 | batch 1 |train loss 0.6303604245185852
epoch 45 | batch 0 |train loss 0.6283653974533081
Valid: loss 0.6651199460029602, score:{'roc_auc': 0.6491534533727493, 'MRR': 0.8070175438596491}
Saving model
epoch 45 | batch 1 |train loss 0.622183620929718
epoch 46 | batch 0 |train loss 0.6224273443222046
Valid: loss 0.6621987223625183, score:{'roc_auc': 0.6518409029830691, 'MRR': 0.8070175438596491}
Saving model
epoch 46 | batch 1 |train loss 0.613181471824646
epoch 47 | batch 0 |train loss 0.612575113773346
Valid: loss 0.6592931747436523, score:{'roc_auc': 0.653453372749261, 'MRR': 0.8070175438596491}
Saving model
epoch 47 | batch 1 |train loss 0.6013225317001343
epoch 48 | batch 0 |train loss 0.6052570939064026
Valid: loss 0.6565371155738831, score:{'roc_auc': 0.6550658425154527, 'MRR': 0.8070175438596491}
Saving model
epoch 48 | batch 1 |train loss 0.594550371170044
epoch 49 | batch 0 |train loss 0.5958051085472107
Valid: loss 0.6540707349777222, score:{'roc_auc': 0.6561408223595808, 'MRR': 0.8070175438596491}
Saving model
epoch 49 | batch 1 |train loss 0.5819066166877747
epoch 50 | batch 0 |train loss 0.5845597982406616
Valid: loss 0.6520816087722778, score:{'roc_auc': 0.6585595270088686, 'MRR': 0.8070175438596491}
Saving model
epoch 50 | batch 1 |train loss 0.5725993514060974
epoch 51 | batch 0 |train loss 0.575935959815979
Valid: loss 0.6507890224456787, score:{'roc_auc': 0.6593657618919646, 'MRR': 0.8070175438596491}
Saving model
epoch 51 | batch 1 |train loss 0.5622223615646362
epoch 52 | batch 0 |train loss 0.5671612620353699
Valid: loss 0.6504247188568115, score:{'roc_auc': 0.6599032518140284, 'MRR': 0.8070175438596491}
Saving model
epoch 52 | batch 1 |train loss 0.5527087450027466
epoch 53 | batch 0 |train loss 0.5592637062072754
Valid: loss 0.6512292623519897, score:{'roc_auc': 0.6615157215802204, 'MRR': 0.8070175438596491}
EarlyStopping counter: 1 out of 3
epoch 53 | batch 1 |train loss 0.5414305925369263
epoch 54 | batch 0 |train loss 0.5522717833518982
Valid: loss 0.653368353843689, score:{'roc_auc': 0.6617844665412523, 'MRR': 0.8070175438596491}
EarlyStopping counter: 2 out of 3
epoch 54 | batch 1 |train loss 0.5344423651695251
epoch 55 | batch 0 |train loss 0.5426294207572937
Valid: loss 0.6569371223449707, score:{'roc_auc': 0.6612469766191883, 'MRR': 0.8070175438596491}
Meta keys: dict_keys([6])
Data keys: dict_keys([6])
Edge type: 6, Meta: (1, 0)
Average links per head: 3.43
Median: 2.0, Min: 1, Max: 32
len test_list[0] 463
len test_list[1] 463
len test_label 463
2 hop test: loss 0.6569371223449707, score:{'roc_auc': 0.5443366299682777, 'MRR': 0.7871075837742505}
(array([0, 1]), array([230, 233]))
[0.35888997 0.3951577  0.39586306 0.62854564 0.44059393 0.7355033
 0.42742392 0.42750958 0.54866517 0.5471355  0.59936535 0.64758474
 0.6719833  0.62886685 0.6580634  0.62912714 0.74928796 0.5582273
 0.3968475  0.65458125]
Average links per head full random test: 1.52
Medianfull random test: 1.0, Min: 1, Max: 16
len test_list[0]full random test 466
len test_list[1]full random test 466
len test_label full random test 466
2 hop test: loss 0.6569371223449707, score:{'roc_auc': 0.5443366299682777, 'MRR': 0.7871075837742505}
edge type: 6, random_score: {'roc_auc': 0.7103464790289009, 'MRR': 0.9666666666666667}, score: {'roc_auc': 0.5443366299682777, 'MRR': 0.7871075837742505}
ROC_AUC: 0.5443366299682777
Sec neigh test: score list: defaultdict(<class 'list'>, {'roc_auc': [0.5443366299682777], 'MRR': [0.7871075837742505]})
Random test: score list: defaultdict(<class 'list'>, {'roc_auc': [0.7103464790289009], 'MRR': [0.9666666666666667]})
Sec neigh test:average score: defaultdict(<class 'list'>, {'roc_auc': 0.5443, 'MRR': 0.7871})
Random test: average score: defaultdict(<class 'list'>, {'roc_auc': 0.7103, 'MRR': 0.9667})
Completed: amazon_style_cct_fold_5 (rep 1)

=== Repetition 2/6 ===
--------------------------------------
Running model: GAT
Dataset: amazon_style_cct_fold_1
Repetition: 2
--------------------------------------
use device: cpu
Namespace(data='amazon_style_cct_fold_1', model_path='model.pt', train_iter_n=50, cuda=0, checkpoint='', epochs=100, patience=3, n_layers=2, n_heads=[4], dropout=0.5, model='GAT', lr=0.0001, weight_decay=0.0, batch_size=1024, edge_sample_ratio=1, test_with_CPU=False, decoder='dismult', feat_type=0)
args.feat_type 0
sys_path ['/home/simonettos/homhetgnn/HGB/LP/benchmark/methods/GNN', '/home/simonettos/homhetgnn/sbatches', '/home/simonettos/homhetgnn/HGB/LP/benchmark/methods/baseline', '/home/simonettos/homhetgnn/HGB/LP/benchmark', '/home/simonettos/homhetgnn/HGB/LP/benchmark/methods/GNN', '/home/simonettos/homhetgnn/HGB/LP/benchmark/methods/GNN/utils', '/home/simonettos/homhetgnn/HGB/LP/benchmark/methods/GNN/models', '/deepstore/software/anaconda3/2022.05/lib/python39.zip', '/deepstore/software/anaconda3/2022.05/lib/python3.9', '/deepstore/software/anaconda3/2022.05/lib/python3.9/lib-dynload', '/home/simonettos/homhetgnn/gpuvenv/lib/python3.9/site-packages', '../../', '../../']
Data path: /home/simonettos/homhetgnn/HGB/LP/benchmark/data/amazon_style_cct_fold_1
Loading nodes from /home/simonettos/homhetgnn/HGB/LP/benchmark/data/amazon_style_cct_fold_1/node.dat
edge types: dict_keys([6, 5, 7, 1, 0, 4, 3, 2, 8, 9, 10])
Getting training negative samples for edge types: [6]
nodes.shift keys: [0, 1, 2]
nodes.count keys: [0, 1, 2]
links.meta: {6: (1, 0), 5: (1, 1), 7: (0, 0), 1: (1, 1), 0: (0, 0), 4: (0, 0), 3: (0, 2), 2: (1, 1), 8: (1, 1), 9: (1, 1), 10: (1, 1)}
t_type about to use: 0
h_type: 1
shift dict: {0: 0, 1: 558, 2: 1498}
count dict: Counter({1: 940, 0: 558, 2: 188})
Generated 883 negative samples for edge type 6
Info: load amazon_style_cct_fold_1 from original data and generate /home/simonettos/homhetgnn/HGB/LP/benchmark/data/amazon_style_cct_fold_1/dl_pickle 
edge types: [6]
dataset: amazon_style_cct_fold_1, eval_type: 6
epoch 0 | batch 0 |train loss 0.6932063102722168
Valid: loss 0.6931260824203491, score:{'roc_auc': 0.5484389348025711, 'MRR': 0.7269503546099291}
Saving model
epoch 0 | batch 1 |train loss 0.6931556463241577
epoch 1 | batch 0 |train loss 0.6931321024894714
Valid: loss 0.6931066513061523, score:{'roc_auc': 0.5720844811753902, 'MRR': 0.7712765957446809}
Saving model
epoch 1 | batch 1 |train loss 0.6931220889091492
epoch 2 | batch 0 |train loss 0.6930944919586182
Valid: loss 0.6930876970291138, score:{'roc_auc': 0.5899908172635445, 'MRR': 0.7819148936170213}
Saving model
epoch 2 | batch 1 |train loss 0.6930522918701172
epoch 3 | batch 0 |train loss 0.6930550336837769
Valid: loss 0.6930685043334961, score:{'roc_auc': 0.6170798898071627, 'MRR': 0.8156028368794325}
Saving model
epoch 3 | batch 1 |train loss 0.6930132508277893
epoch 4 | batch 0 |train loss 0.6930233836174011
Valid: loss 0.693048894405365, score:{'roc_auc': 0.6255739210284664, 'MRR': 0.826241134751773}
Saving model
epoch 4 | batch 1 |train loss 0.693008303642273
epoch 5 | batch 0 |train loss 0.6929767727851868
Valid: loss 0.693027138710022, score:{'roc_auc': 0.6297061524334251, 'MRR': 0.8156028368794325}
Saving model
epoch 5 | batch 1 |train loss 0.6929442286491394
epoch 6 | batch 0 |train loss 0.6929243206977844
Valid: loss 0.6930028200149536, score:{'roc_auc': 0.6395775941230487, 'MRR': 0.826241134751773}
Saving model
epoch 6 | batch 1 |train loss 0.6929076910018921
epoch 7 | batch 0 |train loss 0.6928919553756714
Valid: loss 0.6929755806922913, score:{'roc_auc': 0.637741046831956, 'MRR': 0.826241134751773}
Saving model
epoch 7 | batch 1 |train loss 0.6928178071975708
epoch 8 | batch 0 |train loss 0.692867636680603
Valid: loss 0.6929448246955872, score:{'roc_auc': 0.639348025711662, 'MRR': 0.8368794326241134}
Saving model
epoch 8 | batch 1 |train loss 0.6928074359893799
epoch 9 | batch 0 |train loss 0.6927692890167236
Valid: loss 0.6929100155830383, score:{'roc_auc': 0.6409550045913683, 'MRR': 0.8226950354609929}
Saving model
epoch 9 | batch 1 |train loss 0.6927415132522583
epoch 10 | batch 0 |train loss 0.6927312016487122
Valid: loss 0.692870020866394, score:{'roc_auc': 0.6407254361799817, 'MRR': 0.8226950354609929}
Saving model
epoch 10 | batch 1 |train loss 0.6926910877227783
epoch 11 | batch 0 |train loss 0.6926742792129517
Valid: loss 0.6928232312202454, score:{'roc_auc': 0.6421028466483012, 'MRR': 0.8226950354609929}
Saving model
epoch 11 | batch 1 |train loss 0.6925592422485352
epoch 12 | batch 0 |train loss 0.6925710439682007
Valid: loss 0.692769467830658, score:{'roc_auc': 0.6425619834710743, 'MRR': 0.8333333333333333}
Saving model
epoch 12 | batch 1 |train loss 0.6924486756324768
epoch 13 | batch 0 |train loss 0.6924503445625305
Valid: loss 0.6927070617675781, score:{'roc_auc': 0.6407254361799816, 'MRR': 0.8333333333333333}
Saving model
epoch 13 | batch 1 |train loss 0.6923310160636902
epoch 14 | batch 0 |train loss 0.6924161314964294
Valid: loss 0.6926338076591492, score:{'roc_auc': 0.6421028466483012, 'MRR': 0.8333333333333333}
Saving model
epoch 14 | batch 1 |train loss 0.692226767539978
epoch 15 | batch 0 |train loss 0.692241907119751
Valid: loss 0.6925480365753174, score:{'roc_auc': 0.6439393939393939, 'MRR': 0.8439716312056738}
Saving model
epoch 15 | batch 1 |train loss 0.6919995546340942
epoch 16 | batch 0 |train loss 0.6921291351318359
Valid: loss 0.692447304725647, score:{'roc_auc': 0.6443985307621671, 'MRR': 0.8333333333333333}
Saving model
epoch 16 | batch 1 |train loss 0.6917884945869446
epoch 17 | batch 0 |train loss 0.6920105218887329
Valid: loss 0.6923293471336365, score:{'roc_auc': 0.6440541781450873, 'MRR': 0.8333333333333333}
Saving model
epoch 17 | batch 1 |train loss 0.6916556358337402
epoch 18 | batch 0 |train loss 0.6917604804039001
Valid: loss 0.6921910643577576, score:{'roc_auc': 0.6469237832874197, 'MRR': 0.8333333333333333}
Saving model
epoch 18 | batch 1 |train loss 0.6914283633232117
epoch 19 | batch 0 |train loss 0.6914696097373962
Valid: loss 0.6920291185379028, score:{'roc_auc': 0.6464646464646464, 'MRR': 0.8333333333333333}
Saving model
epoch 19 | batch 1 |train loss 0.6911984086036682
epoch 20 | batch 0 |train loss 0.6912961006164551
Valid: loss 0.6918392181396484, score:{'roc_auc': 0.6480716253443527, 'MRR': 0.8333333333333333}
Saving model
epoch 20 | batch 1 |train loss 0.6906772255897522
epoch 21 | batch 0 |train loss 0.6909093260765076
Valid: loss 0.6916165351867676, score:{'roc_auc': 0.6503673094582186, 'MRR': 0.8333333333333333}
Saving model
epoch 21 | batch 1 |train loss 0.6904069781303406
epoch 22 | batch 0 |train loss 0.6905351281166077
Valid: loss 0.6913548111915588, score:{'roc_auc': 0.6510560146923783, 'MRR': 0.8439716312056738}
Saving model
epoch 22 | batch 1 |train loss 0.6900381445884705
epoch 23 | batch 0 |train loss 0.6900773048400879
Valid: loss 0.6910476684570312, score:{'roc_auc': 0.650137741046832, 'MRR': 0.8439716312056738}
Saving model
epoch 23 | batch 1 |train loss 0.6893402338027954
epoch 24 | batch 0 |train loss 0.6895908117294312
Valid: loss 0.6906871795654297, score:{'roc_auc': 0.6524334251606979, 'MRR': 0.8439716312056738}
Saving model
epoch 24 | batch 1 |train loss 0.6889343857765198
epoch 25 | batch 0 |train loss 0.688956618309021
Valid: loss 0.6902651786804199, score:{'roc_auc': 0.6522038567493114, 'MRR': 0.8439716312056738}
Saving model
epoch 25 | batch 1 |train loss 0.6879711747169495
epoch 26 | batch 0 |train loss 0.6883577108383179
Valid: loss 0.6897717714309692, score:{'roc_auc': 0.6533516988062442, 'MRR': 0.8439716312056738}
Saving model
epoch 26 | batch 1 |train loss 0.6871665120124817
epoch 27 | batch 0 |train loss 0.6876468658447266
Valid: loss 0.6891950964927673, score:{'roc_auc': 0.6544995408631773, 'MRR': 0.8439716312056738}
Saving model
epoch 27 | batch 1 |train loss 0.686106264591217
epoch 28 | batch 0 |train loss 0.68629390001297
Valid: loss 0.6885216236114502, score:{'roc_auc': 0.6554178145087236, 'MRR': 0.8439716312056738}
Saving model
epoch 28 | batch 1 |train loss 0.6850736737251282
epoch 29 | batch 0 |train loss 0.6855795383453369
Valid: loss 0.6877381205558777, score:{'roc_auc': 0.6565656565656566, 'MRR': 0.8439716312056738}
Saving model
epoch 29 | batch 1 |train loss 0.6839056015014648
epoch 30 | batch 0 |train loss 0.6837576031684875
Valid: loss 0.6868274807929993, score:{'roc_auc': 0.6595500459136822, 'MRR': 0.8439716312056738}
Saving model
epoch 30 | batch 1 |train loss 0.6820043921470642
epoch 31 | batch 0 |train loss 0.682541012763977
Valid: loss 0.6857711672782898, score:{'roc_auc': 0.6604683195592287, 'MRR': 0.8439716312056738}
Saving model
epoch 31 | batch 1 |train loss 0.6800451874732971
epoch 32 | batch 0 |train loss 0.6808915138244629
Valid: loss 0.6845510601997375, score:{'roc_auc': 0.6616161616161617, 'MRR': 0.8439716312056738}
Saving model
epoch 32 | batch 1 |train loss 0.6778215169906616
epoch 33 | batch 0 |train loss 0.6788172721862793
Valid: loss 0.6831491589546204, score:{'roc_auc': 0.662534435261708, 'MRR': 0.8439716312056738}
Saving model
epoch 33 | batch 1 |train loss 0.6753838658332825
epoch 34 | batch 0 |train loss 0.6758745908737183
Valid: loss 0.6815453767776489, score:{'roc_auc': 0.6629935720844812, 'MRR': 0.8333333333333333}
Saving model
epoch 34 | batch 1 |train loss 0.6731864213943481
epoch 35 | batch 0 |train loss 0.6737514734268188
Valid: loss 0.6797219514846802, score:{'roc_auc': 0.662534435261708, 'MRR': 0.8226950354609929}
Saving model
epoch 35 | batch 1 |train loss 0.6685413122177124
epoch 36 | batch 0 |train loss 0.6706763505935669
Valid: loss 0.6776571273803711, score:{'roc_auc': 0.6634527089072544, 'MRR': 0.8226950354609929}
Saving model
epoch 36 | batch 1 |train loss 0.6650773286819458
epoch 37 | batch 0 |train loss 0.6670953035354614
Valid: loss 0.6753366589546204, score:{'roc_auc': 0.6639118457300275, 'MRR': 0.8226950354609929}
Saving model
epoch 37 | batch 1 |train loss 0.6619172096252441
epoch 38 | batch 0 |train loss 0.6627528071403503
Valid: loss 0.6727514863014221, score:{'roc_auc': 0.6655188246097338, 'MRR': 0.8226950354609929}
Saving model
epoch 38 | batch 1 |train loss 0.6560047268867493
epoch 39 | batch 0 |train loss 0.6591660976409912
Valid: loss 0.6699005961418152, score:{'roc_auc': 0.6680440771349864, 'MRR': 0.8226950354609929}
Saving model
epoch 39 | batch 1 |train loss 0.649894654750824
epoch 40 | batch 0 |train loss 0.6539681553840637
Valid: loss 0.6667932868003845, score:{'roc_auc': 0.669880624426079, 'MRR': 0.8226950354609929}
Saving model
epoch 40 | batch 1 |train loss 0.6443750262260437
epoch 41 | batch 0 |train loss 0.6469230651855469
Valid: loss 0.6634457111358643, score:{'roc_auc': 0.6712580348943986, 'MRR': 0.8226950354609929}
Saving model
epoch 41 | batch 1 |train loss 0.6364827752113342
epoch 42 | batch 0 |train loss 0.641714334487915
Valid: loss 0.6599016189575195, score:{'roc_auc': 0.6724058769513316, 'MRR': 0.8333333333333333}
Saving model
epoch 42 | batch 1 |train loss 0.629734992980957
epoch 43 | batch 0 |train loss 0.6370041966438293
Valid: loss 0.6562255024909973, score:{'roc_auc': 0.6735537190082644, 'MRR': 0.8333333333333333}
Saving model
epoch 43 | batch 1 |train loss 0.6222530603408813
epoch 44 | batch 0 |train loss 0.6288390755653381
Valid: loss 0.6525110006332397, score:{'roc_auc': 0.6733241505968778, 'MRR': 0.8226950354609929}
Saving model
epoch 44 | batch 1 |train loss 0.6127981543540955
epoch 45 | batch 0 |train loss 0.6227442026138306
Valid: loss 0.6488542556762695, score:{'roc_auc': 0.6756198347107437, 'MRR': 0.8226950354609929}
Saving model
epoch 45 | batch 1 |train loss 0.6044288277626038
epoch 46 | batch 0 |train loss 0.6136186122894287
Valid: loss 0.6453750729560852, score:{'roc_auc': 0.6774563820018366, 'MRR': 0.8226950354609929}
Saving model
epoch 46 | batch 1 |train loss 0.5945040583610535
epoch 47 | batch 0 |train loss 0.6053823232650757
Valid: loss 0.6422303915023804, score:{'roc_auc': 0.6790633608815427, 'MRR': 0.8226950354609929}
Saving model
epoch 47 | batch 1 |train loss 0.5830905437469482
epoch 48 | batch 0 |train loss 0.5981392860412598
Valid: loss 0.6396023035049438, score:{'roc_auc': 0.6795224977043159, 'MRR': 0.8226950354609929}
Saving model
epoch 48 | batch 1 |train loss 0.5748591423034668
epoch 49 | batch 0 |train loss 0.5915297865867615
Valid: loss 0.637681782245636, score:{'roc_auc': 0.6829660238751148, 'MRR': 0.8226950354609929}
Saving model
epoch 49 | batch 1 |train loss 0.5630200505256653
epoch 50 | batch 0 |train loss 0.5824782848358154
Valid: loss 0.636672854423523, score:{'roc_auc': 0.682277318640955, 'MRR': 0.8226950354609929}
Saving model
epoch 50 | batch 1 |train loss 0.5525457859039307
epoch 51 | batch 0 |train loss 0.5739873051643372
Valid: loss 0.636799693107605, score:{'roc_auc': 0.6838842975206612, 'MRR': 0.8226950354609929}
EarlyStopping counter: 1 out of 3
epoch 51 | batch 1 |train loss 0.5434331893920898
epoch 52 | batch 0 |train loss 0.5652589201927185
Valid: loss 0.6382291316986084, score:{'roc_auc': 0.6868686868686869, 'MRR': 0.8226950354609929}
EarlyStopping counter: 2 out of 3
epoch 52 | batch 1 |train loss 0.532062828540802
epoch 53 | batch 0 |train loss 0.5595443248748779
Valid: loss 0.6409550905227661, score:{'roc_auc': 0.6893939393939393, 'MRR': 0.8333333333333333}
Meta keys: dict_keys([6])
Data keys: dict_keys([6])
Edge type: 6, Meta: (1, 0)
Average links per head: 3.41
Median: 2.0, Min: 1, Max: 22
len test_list[0] 525
len test_list[1] 525
len test_label 525
2 hop test: loss 0.6409550905227661, score:{'roc_auc': 0.5439016602809706, 'MRR': 0.7726190476190475}
(array([0, 1]), array([261, 264]))
[0.37486938 0.33778957 0.41260216 0.47758508 0.65182024 0.6956122
 0.74982077 0.6808828  0.77772623 0.8508549  0.7417827  0.7569383
 0.7537395  0.80449504 0.8074806  0.4285773  0.7969477  0.67900634
 0.64214206 0.5598226 ]
Average links per head full random test: 1.51
Medianfull random test: 1.0, Min: 1, Max: 11
len test_list[0]full random test 528
len test_list[1]full random test 528
len test_label full random test 528
2 hop test: loss 0.6409550905227661, score:{'roc_auc': 0.5439016602809706, 'MRR': 0.7726190476190475}
edge type: 6, random_score: {'roc_auc': 0.7164686639118455, 'MRR': 0.9902597402597403}, score: {'roc_auc': 0.5439016602809706, 'MRR': 0.7726190476190475}
ROC_AUC: 0.5439016602809706
Sec neigh test: score list: defaultdict(<class 'list'>, {'roc_auc': [0.5439016602809706], 'MRR': [0.7726190476190475]})
Random test: score list: defaultdict(<class 'list'>, {'roc_auc': [0.7164686639118455], 'MRR': [0.9902597402597403]})
Sec neigh test:average score: defaultdict(<class 'list'>, {'roc_auc': 0.5439, 'MRR': 0.7726})
Random test: average score: defaultdict(<class 'list'>, {'roc_auc': 0.7165, 'MRR': 0.9903})
Completed: amazon_style_cct_fold_1 (rep 2)

--------------------------------------
Running model: GAT
Dataset: amazon_style_cct_fold_2
Repetition: 2
--------------------------------------
use device: cpu
Namespace(data='amazon_style_cct_fold_2', model_path='model.pt', train_iter_n=50, cuda=0, checkpoint='', epochs=100, patience=3, n_layers=2, n_heads=[4], dropout=0.5, model='GAT', lr=0.0001, weight_decay=0.0, batch_size=1024, edge_sample_ratio=1, test_with_CPU=False, decoder='dismult', feat_type=0)
args.feat_type 0
sys_path ['/home/simonettos/homhetgnn/HGB/LP/benchmark/methods/GNN', '/home/simonettos/homhetgnn/sbatches', '/home/simonettos/homhetgnn/HGB/LP/benchmark/methods/baseline', '/home/simonettos/homhetgnn/HGB/LP/benchmark', '/home/simonettos/homhetgnn/HGB/LP/benchmark/methods/GNN', '/home/simonettos/homhetgnn/HGB/LP/benchmark/methods/GNN/utils', '/home/simonettos/homhetgnn/HGB/LP/benchmark/methods/GNN/models', '/deepstore/software/anaconda3/2022.05/lib/python39.zip', '/deepstore/software/anaconda3/2022.05/lib/python3.9', '/deepstore/software/anaconda3/2022.05/lib/python3.9/lib-dynload', '/home/simonettos/homhetgnn/gpuvenv/lib/python3.9/site-packages', '../../', '../../']
Data path: /home/simonettos/homhetgnn/HGB/LP/benchmark/data/amazon_style_cct_fold_2
Loading nodes from /home/simonettos/homhetgnn/HGB/LP/benchmark/data/amazon_style_cct_fold_2/node.dat
edge types: dict_keys([3, 6, 5, 4, 7, 2, 0, 8, 1, 10, 9])
Getting training negative samples for edge types: [6]
nodes.shift keys: [0, 1, 2]
nodes.count keys: [0, 1, 2]
links.meta: {3: (0, 2), 6: (1, 0), 5: (1, 1), 4: (0, 0), 7: (0, 0), 2: (1, 1), 0: (0, 0), 8: (1, 1), 1: (1, 1), 10: (1, 1), 9: (1, 1)}
t_type about to use: 0
h_type: 1
shift dict: {0: 0, 1: 558, 2: 1498}
count dict: Counter({1: 940, 0: 558, 2: 188})
Generated 885 negative samples for edge type 6
Info: load amazon_style_cct_fold_2 from original data and generate /home/simonettos/homhetgnn/HGB/LP/benchmark/data/amazon_style_cct_fold_2/dl_pickle 
edge types: [6]
dataset: amazon_style_cct_fold_2, eval_type: 6
epoch 0 | batch 0 |train loss 0.6931631565093994
Valid: loss 0.6931482553482056, score:{'roc_auc': 0.533491124260355, 'MRR': 0.8018518518518519}
Saving model
epoch 0 | batch 1 |train loss 0.6931118965148926
epoch 1 | batch 0 |train loss 0.6930862665176392
Valid: loss 0.693117618560791, score:{'roc_auc': 0.5731360946745562, 'MRR': 0.8240740740740742}
Saving model
epoch 1 | batch 1 |train loss 0.6931112408638
epoch 2 | batch 0 |train loss 0.6930419206619263
Valid: loss 0.6930866241455078, score:{'roc_auc': 0.6097041420118343, 'MRR': 0.8351851851851853}
Saving model
epoch 2 | batch 1 |train loss 0.6930467486381531
epoch 3 | batch 0 |train loss 0.6929987668991089
Valid: loss 0.6930534839630127, score:{'roc_auc': 0.6314792899408285, 'MRR': 0.8351851851851853}
Saving model
epoch 3 | batch 1 |train loss 0.6930122971534729
epoch 4 | batch 0 |train loss 0.6929859519004822
Valid: loss 0.6930177211761475, score:{'roc_auc': 0.6436686390532544, 'MRR': 0.8351851851851853}
Saving model
epoch 4 | batch 1 |train loss 0.6929520964622498
epoch 5 | batch 0 |train loss 0.6929218769073486
Valid: loss 0.6929784417152405, score:{'roc_auc': 0.6558579881656805, 'MRR': 0.8462962962962963}
Saving model
epoch 5 | batch 1 |train loss 0.6929110288619995
epoch 6 | batch 0 |train loss 0.692872941493988
Valid: loss 0.6929347515106201, score:{'roc_auc': 0.6641420118343195, 'MRR': 0.8685185185185186}
Saving model
epoch 6 | batch 1 |train loss 0.6928120255470276
epoch 7 | batch 0 |train loss 0.6927878856658936
Valid: loss 0.6928860545158386, score:{'roc_auc': 0.6740828402366864, 'MRR': 0.8685185185185186}
Saving model
epoch 7 | batch 1 |train loss 0.6927427053451538
epoch 8 | batch 0 |train loss 0.6927363872528076
Valid: loss 0.6928302645683289, score:{'roc_auc': 0.6833136094674557, 'MRR': 0.8944444444444445}
Saving model
epoch 8 | batch 1 |train loss 0.6927066445350647
epoch 9 | batch 0 |train loss 0.6926055550575256
Valid: loss 0.6927663683891296, score:{'roc_auc': 0.6907692307692309, 'MRR': 0.8944444444444445}
Saving model
epoch 9 | batch 1 |train loss 0.6924921274185181
epoch 10 | batch 0 |train loss 0.6924920082092285
Valid: loss 0.6926929354667664, score:{'roc_auc': 0.6937278106508876, 'MRR': 0.8944444444444445}
Saving model
epoch 10 | batch 1 |train loss 0.6924774646759033
epoch 11 | batch 0 |train loss 0.692387044429779
Valid: loss 0.6926081776618958, score:{'roc_auc': 0.6963313609467456, 'MRR': 0.9055555555555556}
Saving model
epoch 11 | batch 1 |train loss 0.6923254728317261
epoch 12 | batch 0 |train loss 0.692241370677948
Valid: loss 0.6925100684165955, score:{'roc_auc': 0.7015384615384614, 'MRR': 0.9166666666666666}
Saving model
epoch 12 | batch 1 |train loss 0.6921924352645874
epoch 13 | batch 0 |train loss 0.6920857429504395
Valid: loss 0.6923961639404297, score:{'roc_auc': 0.7022485207100592, 'MRR': 0.9055555555555556}
Saving model
epoch 13 | batch 1 |train loss 0.6920613646507263
epoch 14 | batch 0 |train loss 0.6919752359390259
Valid: loss 0.6922639608383179, score:{'roc_auc': 0.7008284023668638, 'MRR': 0.9055555555555556}
Saving model
epoch 14 | batch 1 |train loss 0.6918662786483765
epoch 15 | batch 0 |train loss 0.6917582154273987
Valid: loss 0.6921105980873108, score:{'roc_auc': 0.7015384615384614, 'MRR': 0.9055555555555556}
Saving model
epoch 15 | batch 1 |train loss 0.6917032599449158
epoch 16 | batch 0 |train loss 0.6916124224662781
Valid: loss 0.6919329166412354, score:{'roc_auc': 0.7015384615384614, 'MRR': 0.9055555555555556}
Saving model
epoch 16 | batch 1 |train loss 0.6914057731628418
epoch 17 | batch 0 |train loss 0.6912851333618164
Valid: loss 0.6917265057563782, score:{'roc_auc': 0.7027218934911243, 'MRR': 0.9055555555555556}
Saving model
epoch 17 | batch 1 |train loss 0.6911757588386536
epoch 18 | batch 0 |train loss 0.691023051738739
Valid: loss 0.691486656665802, score:{'roc_auc': 0.7036686390532545, 'MRR': 0.9055555555555556}
Saving model
epoch 18 | batch 1 |train loss 0.6908330321311951
epoch 19 | batch 0 |train loss 0.6907997727394104
Valid: loss 0.6912077069282532, score:{'roc_auc': 0.7057988165680473, 'MRR': 0.9055555555555556}
Saving model
epoch 19 | batch 1 |train loss 0.6904116272926331
epoch 20 | batch 0 |train loss 0.6904305219650269
Valid: loss 0.6908836364746094, score:{'roc_auc': 0.7067455621301775, 'MRR': 0.8944444444444445}
Saving model
epoch 20 | batch 1 |train loss 0.689920961856842
epoch 21 | batch 0 |train loss 0.6898321509361267
Valid: loss 0.6905065774917603, score:{'roc_auc': 0.7076923076923077, 'MRR': 0.8944444444444445}
Saving model
epoch 21 | batch 1 |train loss 0.689235270023346
epoch 22 | batch 0 |train loss 0.6893520355224609
Valid: loss 0.6900668740272522, score:{'roc_auc': 0.7098224852071006, 'MRR': 0.8944444444444445}
Saving model
epoch 22 | batch 1 |train loss 0.6887403130531311
epoch 23 | batch 0 |train loss 0.6887032985687256
Valid: loss 0.689555823802948, score:{'roc_auc': 0.7110059171597634, 'MRR': 0.8944444444444445}
Saving model
epoch 23 | batch 1 |train loss 0.6882632374763489
epoch 24 | batch 0 |train loss 0.688005268573761
Valid: loss 0.6889630556106567, score:{'roc_auc': 0.7126627218934911, 'MRR': 0.8944444444444445}
Saving model
epoch 24 | batch 1 |train loss 0.6874960660934448
epoch 25 | batch 0 |train loss 0.6872149109840393
Valid: loss 0.6882750391960144, score:{'roc_auc': 0.7131360946745563, 'MRR': 0.8944444444444445}
Saving model
epoch 25 | batch 1 |train loss 0.6868079900741577
epoch 26 | batch 0 |train loss 0.6865526437759399
Valid: loss 0.6874800324440002, score:{'roc_auc': 0.7152662721893492, 'MRR': 0.8944444444444445}
Saving model
epoch 26 | batch 1 |train loss 0.6853789687156677
epoch 27 | batch 0 |train loss 0.6852415204048157
Valid: loss 0.686558723449707, score:{'roc_auc': 0.7162130177514793, 'MRR': 0.8944444444444445}
Saving model
epoch 27 | batch 1 |train loss 0.6843955516815186
epoch 28 | batch 0 |train loss 0.6840787529945374
Valid: loss 0.6854936480522156, score:{'roc_auc': 0.7162130177514793, 'MRR': 0.8944444444444445}
Saving model
epoch 28 | batch 1 |train loss 0.6827782392501831
epoch 29 | batch 0 |train loss 0.6822171211242676
Valid: loss 0.6842632293701172, score:{'roc_auc': 0.7178698224852071, 'MRR': 0.8944444444444445}
Saving model
epoch 29 | batch 1 |train loss 0.6813637614250183
epoch 30 | batch 0 |train loss 0.6806055307388306
Valid: loss 0.6828449368476868, score:{'roc_auc': 0.716923076923077, 'MRR': 0.8944444444444445}
Saving model
epoch 30 | batch 1 |train loss 0.6787004470825195
epoch 31 | batch 0 |train loss 0.6788928508758545
Valid: loss 0.681212306022644, score:{'roc_auc': 0.7171597633136094, 'MRR': 0.8944444444444445}
Saving model
epoch 31 | batch 1 |train loss 0.6773253083229065
epoch 32 | batch 0 |train loss 0.6762876510620117
Valid: loss 0.6793434619903564, score:{'roc_auc': 0.7162130177514792, 'MRR': 0.8944444444444445}
Saving model
epoch 32 | batch 1 |train loss 0.6751973032951355
epoch 33 | batch 0 |train loss 0.6743308305740356
Valid: loss 0.6772114038467407, score:{'roc_auc': 0.7162130177514793, 'MRR': 0.8944444444444445}
Saving model
epoch 33 | batch 1 |train loss 0.6717918515205383
epoch 34 | batch 0 |train loss 0.6709814667701721
Valid: loss 0.6747861504554749, score:{'roc_auc': 0.7176331360946746, 'MRR': 0.8944444444444445}
Saving model
epoch 34 | batch 1 |train loss 0.6690269112586975
epoch 35 | batch 0 |train loss 0.6677984595298767
Valid: loss 0.6720404624938965, score:{'roc_auc': 0.7202366863905326, 'MRR': 0.8944444444444445}
Saving model
epoch 35 | batch 1 |train loss 0.6652539372444153
epoch 36 | batch 0 |train loss 0.6642394065856934
Valid: loss 0.6689503788948059, score:{'roc_auc': 0.7218934911242604, 'MRR': 0.8944444444444445}
Saving model
epoch 36 | batch 1 |train loss 0.6609029769897461
epoch 37 | batch 0 |train loss 0.6605682373046875
Valid: loss 0.6654928922653198, score:{'roc_auc': 0.7235502958579882, 'MRR': 0.8944444444444445}
Saving model
epoch 37 | batch 1 |train loss 0.6558752655982971
epoch 38 | batch 0 |train loss 0.6557912826538086
Valid: loss 0.6616533994674683, score:{'roc_auc': 0.7249704142011835, 'MRR': 0.8944444444444445}
Saving model
epoch 38 | batch 1 |train loss 0.6505574584007263
epoch 39 | batch 0 |train loss 0.6508315205574036
Valid: loss 0.6574251651763916, score:{'roc_auc': 0.7271005917159763, 'MRR': 0.9055555555555556}
Saving model
epoch 39 | batch 1 |train loss 0.6454684734344482
epoch 40 | batch 0 |train loss 0.6443912386894226
Valid: loss 0.6528134346008301, score:{'roc_auc': 0.728284023668639, 'MRR': 0.9055555555555556}
Saving model
epoch 40 | batch 1 |train loss 0.6388011574745178
epoch 41 | batch 0 |train loss 0.6376630663871765
Valid: loss 0.6478365063667297, score:{'roc_auc': 0.7301775147928994, 'MRR': 0.9055555555555556}
Saving model
epoch 41 | batch 1 |train loss 0.631861686706543
epoch 42 | batch 0 |train loss 0.6317797303199768
Valid: loss 0.6425319314002991, score:{'roc_auc': 0.7311242603550296, 'MRR': 0.9055555555555556}
Saving model
epoch 42 | batch 1 |train loss 0.6235655546188354
epoch 43 | batch 0 |train loss 0.6252508163452148
Valid: loss 0.6369602084159851, score:{'roc_auc': 0.7332544378698226, 'MRR': 0.9055555555555556}
Saving model
epoch 43 | batch 1 |train loss 0.6164916753768921
epoch 44 | batch 0 |train loss 0.6175925731658936
Valid: loss 0.6311975717544556, score:{'roc_auc': 0.7349112426035503, 'MRR': 0.9055555555555556}
Saving model
epoch 44 | batch 1 |train loss 0.608319103717804
epoch 45 | batch 0 |train loss 0.6078547239303589
Valid: loss 0.6253425478935242, score:{'roc_auc': 0.7358579881656804, 'MRR': 0.9055555555555556}
Saving model
epoch 45 | batch 1 |train loss 0.5989826917648315
epoch 46 | batch 0 |train loss 0.6005198955535889
Valid: loss 0.6195143461227417, score:{'roc_auc': 0.738224852071006, 'MRR': 0.9055555555555556}
Saving model
epoch 46 | batch 1 |train loss 0.5906966328620911
epoch 47 | batch 0 |train loss 0.5914896726608276
Valid: loss 0.6138619184494019, score:{'roc_auc': 0.7379881656804733, 'MRR': 0.9055555555555556}
Saving model
epoch 47 | batch 1 |train loss 0.581581711769104
epoch 48 | batch 0 |train loss 0.5822020769119263
Valid: loss 0.6085267066955566, score:{'roc_auc': 0.740828402366864, 'MRR': 0.9055555555555556}
Saving model
epoch 48 | batch 1 |train loss 0.572198212146759
epoch 49 | batch 0 |train loss 0.5753663778305054
Valid: loss 0.6036897301673889, score:{'roc_auc': 0.7417751479289941, 'MRR': 0.9055555555555556}
Saving model
epoch 49 | batch 1 |train loss 0.5641608834266663
epoch 50 | batch 0 |train loss 0.5645483732223511
Valid: loss 0.5995259881019592, score:{'roc_auc': 0.7453254437869823, 'MRR': 0.9055555555555556}
Saving model
epoch 50 | batch 1 |train loss 0.5541345477104187
epoch 51 | batch 0 |train loss 0.5596580505371094
Valid: loss 0.5962274670600891, score:{'roc_auc': 0.7474556213017752, 'MRR': 0.9055555555555556}
Saving model
epoch 51 | batch 1 |train loss 0.5467892289161682
epoch 52 | batch 0 |train loss 0.5492876768112183
Valid: loss 0.5939258337020874, score:{'roc_auc': 0.7493491124260355, 'MRR': 0.9055555555555556}
Saving model
epoch 52 | batch 1 |train loss 0.5379671454429626
epoch 53 | batch 0 |train loss 0.541950523853302
Valid: loss 0.5927271842956543, score:{'roc_auc': 0.7510059171597633, 'MRR': 0.9055555555555556}
Saving model
epoch 53 | batch 1 |train loss 0.532304048538208
epoch 54 | batch 0 |train loss 0.5361288189888
Valid: loss 0.5926553010940552, score:{'roc_auc': 0.7538461538461539, 'MRR': 0.9055555555555556}
Saving model
epoch 54 | batch 1 |train loss 0.5234473347663879
epoch 55 | batch 0 |train loss 0.5310997366905212
Valid: loss 0.5936053991317749, score:{'roc_auc': 0.7550295857988166, 'MRR': 0.8944444444444445}
EarlyStopping counter: 1 out of 3
epoch 55 | batch 1 |train loss 0.5190170407295227
epoch 56 | batch 0 |train loss 0.5277194380760193
Valid: loss 0.5953922271728516, score:{'roc_auc': 0.7555029585798816, 'MRR': 0.8944444444444445}
EarlyStopping counter: 2 out of 3
epoch 56 | batch 1 |train loss 0.5132290720939636
epoch 57 | batch 0 |train loss 0.5250816941261292
Valid: loss 0.5977364182472229, score:{'roc_auc': 0.7557396449704142, 'MRR': 0.8944444444444445}
Meta keys: dict_keys([6])
Data keys: dict_keys([6])
Edge type: 6, Meta: (1, 0)
Average links per head: 3.73
Median: 2.0, Min: 2, Max: 24
len test_list[0] 526
len test_list[1] 526
len test_label 526
2 hop test: loss 0.5977364182472229, score:{'roc_auc': 0.5536150587691018, 'MRR': 0.7581560283687944}
(array([0, 1]), array([263, 263]))
[0.33057374 0.36101523 0.6910701  0.76676244 0.55080366 0.6136435
 0.79068136 0.41317815 0.7796511  0.781299   0.7459626  0.76583886
 0.59713817 0.6940072  0.9143025  0.6748984  0.77310395 0.5581409
 0.8123767  0.65127313]
Average links per head full random test: 1.53
Medianfull random test: 1.0, Min: 1, Max: 12
len test_list[0]full random test 526
len test_list[1]full random test 526
len test_label full random test 526
2 hop test: loss 0.5977364182472229, score:{'roc_auc': 0.5536150587691018, 'MRR': 0.7581560283687944}
edge type: 6, random_score: {'roc_auc': 0.7315705012361029, 'MRR': 0.9716312056737588}, score: {'roc_auc': 0.5536150587691018, 'MRR': 0.7581560283687944}
ROC_AUC: 0.5536150587691018
Sec neigh test: score list: defaultdict(<class 'list'>, {'roc_auc': [0.5536150587691018], 'MRR': [0.7581560283687944]})
Random test: score list: defaultdict(<class 'list'>, {'roc_auc': [0.7315705012361029], 'MRR': [0.9716312056737588]})
Sec neigh test:average score: defaultdict(<class 'list'>, {'roc_auc': 0.5536, 'MRR': 0.7582})
Random test: average score: defaultdict(<class 'list'>, {'roc_auc': 0.7316, 'MRR': 0.9716})
Completed: amazon_style_cct_fold_2 (rep 2)

--------------------------------------
Running model: GAT
Dataset: amazon_style_cct_fold_3
Repetition: 2
--------------------------------------
use device: cpu
Namespace(data='amazon_style_cct_fold_3', model_path='model.pt', train_iter_n=50, cuda=0, checkpoint='', epochs=100, patience=3, n_layers=2, n_heads=[4], dropout=0.5, model='GAT', lr=0.0001, weight_decay=0.0, batch_size=1024, edge_sample_ratio=1, test_with_CPU=False, decoder='dismult', feat_type=0)
args.feat_type 0
sys_path ['/home/simonettos/homhetgnn/HGB/LP/benchmark/methods/GNN', '/home/simonettos/homhetgnn/sbatches', '/home/simonettos/homhetgnn/HGB/LP/benchmark/methods/baseline', '/home/simonettos/homhetgnn/HGB/LP/benchmark', '/home/simonettos/homhetgnn/HGB/LP/benchmark/methods/GNN', '/home/simonettos/homhetgnn/HGB/LP/benchmark/methods/GNN/utils', '/home/simonettos/homhetgnn/HGB/LP/benchmark/methods/GNN/models', '/deepstore/software/anaconda3/2022.05/lib/python39.zip', '/deepstore/software/anaconda3/2022.05/lib/python3.9', '/deepstore/software/anaconda3/2022.05/lib/python3.9/lib-dynload', '/home/simonettos/homhetgnn/gpuvenv/lib/python3.9/site-packages', '../../', '../../']
Data path: /home/simonettos/homhetgnn/HGB/LP/benchmark/data/amazon_style_cct_fold_3
Loading nodes from /home/simonettos/homhetgnn/HGB/LP/benchmark/data/amazon_style_cct_fold_3/node.dat
edge types: dict_keys([3, 6, 5, 4, 7, 2, 0, 8, 1, 10, 9])
Getting training negative samples for edge types: [6]
nodes.shift keys: [0, 1, 2]
nodes.count keys: [0, 1, 2]
links.meta: {3: (0, 2), 6: (1, 0), 5: (1, 1), 4: (0, 0), 7: (0, 0), 2: (1, 1), 0: (0, 0), 8: (1, 1), 1: (1, 1), 10: (1, 1), 9: (1, 1)}
t_type about to use: 0
h_type: 1
shift dict: {0: 0, 1: 558, 2: 1498}
count dict: Counter({1: 940, 0: 558, 2: 188})
Generated 923 negative samples for edge type 6
Info: load amazon_style_cct_fold_3 from original data and generate /home/simonettos/homhetgnn/HGB/LP/benchmark/data/amazon_style_cct_fold_3/dl_pickle 
edge types: [6]
dataset: amazon_style_cct_fold_3, eval_type: 6
epoch 0 | batch 0 |train loss 0.6931371092796326
Valid: loss 0.6931597590446472, score:{'roc_auc': 0.4976586888657648, 'MRR': 0.7446808510638298}
Saving model
epoch 0 | batch 1 |train loss 0.6931195259094238
epoch 1 | batch 0 |train loss 0.6930897235870361
Valid: loss 0.6931449770927429, score:{'roc_auc': 0.528095733610822, 'MRR': 0.7446808510638298}
Saving model
epoch 1 | batch 1 |train loss 0.6930729746818542
epoch 2 | batch 0 |train loss 0.693080723285675
Valid: loss 0.6931297779083252, score:{'roc_auc': 0.5465660770031218, 'MRR': 0.7553191489361702}
Saving model
epoch 2 | batch 1 |train loss 0.6930350661277771
epoch 3 | batch 0 |train loss 0.6930525302886963
Valid: loss 0.6931121945381165, score:{'roc_auc': 0.5641259105098856, 'MRR': 0.7801418439716313}
Saving model
epoch 3 | batch 1 |train loss 0.6930084824562073
epoch 4 | batch 0 |train loss 0.6929819583892822
Valid: loss 0.6930922865867615, score:{'roc_auc': 0.5790842872008324, 'MRR': 0.8120567375886526}
Saving model
epoch 4 | batch 1 |train loss 0.6929805874824524
epoch 5 | batch 0 |train loss 0.6929157972335815
Valid: loss 0.6930699944496155, score:{'roc_auc': 0.5928720083246619, 'MRR': 0.822695035460993}
Saving model
epoch 5 | batch 1 |train loss 0.6929379105567932
epoch 6 | batch 0 |train loss 0.6929107308387756
Valid: loss 0.6930436491966248, score:{'roc_auc': 0.6032778355879292, 'MRR': 0.822695035460993}
Saving model
epoch 6 | batch 1 |train loss 0.6929118037223816
epoch 7 | batch 0 |train loss 0.6928638219833374
Valid: loss 0.6930127143859863, score:{'roc_auc': 0.6121227887617066, 'MRR': 0.8014184397163121}
Saving model
epoch 7 | batch 1 |train loss 0.692831814289093
epoch 8 | batch 0 |train loss 0.6928368210792542
Valid: loss 0.6929764151573181, score:{'roc_auc': 0.6230489073881373, 'MRR': 0.7907801418439717}
Saving model
epoch 8 | batch 1 |train loss 0.6927798986434937
epoch 9 | batch 0 |train loss 0.692750096321106
Valid: loss 0.692933201789856, score:{'roc_auc': 0.6329344432882414, 'MRR': 0.8333333333333335}
Saving model
epoch 9 | batch 1 |train loss 0.6926991939544678
epoch 10 | batch 0 |train loss 0.6926831007003784
Valid: loss 0.6928821206092834, score:{'roc_auc': 0.6387877211238293, 'MRR': 0.8333333333333335}
Saving model
epoch 10 | batch 1 |train loss 0.6925725936889648
epoch 11 | batch 0 |train loss 0.6925687193870544
Valid: loss 0.6928223371505737, score:{'roc_auc': 0.6438605619146722, 'MRR': 0.8333333333333335}
Saving model
epoch 11 | batch 1 |train loss 0.6925281882286072
epoch 12 | batch 0 |train loss 0.6924460530281067
Valid: loss 0.6927520036697388, score:{'roc_auc': 0.6488033298647242, 'MRR': 0.8439716312056739}
Saving model
epoch 12 | batch 1 |train loss 0.6923993229866028
epoch 13 | batch 0 |train loss 0.6923243999481201
Valid: loss 0.6926683187484741, score:{'roc_auc': 0.6511446409989593, 'MRR': 0.8439716312056739}
Saving model
epoch 13 | batch 1 |train loss 0.6922118067741394
epoch 14 | batch 0 |train loss 0.6922521591186523
Valid: loss 0.6925686001777649, score:{'roc_auc': 0.653225806451613, 'MRR': 0.8439716312056739}
Saving model
epoch 14 | batch 1 |train loss 0.692082405090332
epoch 15 | batch 0 |train loss 0.6920896768569946
Valid: loss 0.6924502849578857, score:{'roc_auc': 0.6590790842872007, 'MRR': 0.8546099290780143}
Saving model
epoch 15 | batch 1 |train loss 0.6918503642082214
epoch 16 | batch 0 |train loss 0.6919015049934387
Valid: loss 0.6923097372055054, score:{'roc_auc': 0.6620707596253902, 'MRR': 0.8546099290780143}
Saving model
epoch 16 | batch 1 |train loss 0.6916676759719849
epoch 17 | batch 0 |train loss 0.6917089223861694
Valid: loss 0.6921432018280029, score:{'roc_auc': 0.6649323621227887, 'MRR': 0.8546099290780143}
Saving model
epoch 17 | batch 1 |train loss 0.6914326548576355
epoch 18 | batch 0 |train loss 0.6914328932762146
Valid: loss 0.6919466257095337, score:{'roc_auc': 0.6651925078043704, 'MRR': 0.8546099290780143}
Saving model
epoch 18 | batch 1 |train loss 0.6910741329193115
epoch 19 | batch 0 |train loss 0.6912065148353577
Valid: loss 0.6917138695716858, score:{'roc_auc': 0.6675338189386055, 'MRR': 0.8546099290780143}
Saving model
epoch 19 | batch 1 |train loss 0.6907955408096313
epoch 20 | batch 0 |train loss 0.6907392144203186
Valid: loss 0.6914387345314026, score:{'roc_auc': 0.6685744016649324, 'MRR': 0.8546099290780143}
Saving model
epoch 20 | batch 1 |train loss 0.6901921629905701
epoch 21 | batch 0 |train loss 0.6904172897338867
Valid: loss 0.6911113858222961, score:{'roc_auc': 0.6711758584807493, 'MRR': 0.8546099290780143}
Saving model
epoch 21 | batch 1 |train loss 0.6898396015167236
epoch 22 | batch 0 |train loss 0.6900195479393005
Valid: loss 0.6907246112823486, score:{'roc_auc': 0.6753381893860563, 'MRR': 0.8546099290780143}
Saving model
epoch 22 | batch 1 |train loss 0.6892458200454712
epoch 23 | batch 0 |train loss 0.6895452737808228
Valid: loss 0.6902680397033691, score:{'roc_auc': 0.6766389177939646, 'MRR': 0.8546099290780143}
Saving model
epoch 23 | batch 1 |train loss 0.6886215209960938
epoch 24 | batch 0 |train loss 0.6888405084609985
Valid: loss 0.6897299289703369, score:{'roc_auc': 0.6808012486992716, 'MRR': 0.8546099290780143}
Saving model
epoch 24 | batch 1 |train loss 0.6878087520599365
epoch 25 | batch 0 |train loss 0.6879011392593384
Valid: loss 0.6890972852706909, score:{'roc_auc': 0.6832726326742976, 'MRR': 0.8546099290780143}
Saving model
epoch 25 | batch 1 |train loss 0.6868559122085571
epoch 26 | batch 0 |train loss 0.6870228052139282
Valid: loss 0.6883536577224731, score:{'roc_auc': 0.6839229968782518, 'MRR': 0.8581560283687943}
Saving model
epoch 26 | batch 1 |train loss 0.6856580376625061
epoch 27 | batch 0 |train loss 0.686165452003479
Valid: loss 0.6874833703041077, score:{'roc_auc': 0.6870447450572321, 'MRR': 0.8581560283687943}
Saving model
epoch 27 | batch 1 |train loss 0.6845900416374207
epoch 28 | batch 0 |train loss 0.6846806406974792
Valid: loss 0.6864683628082275, score:{'roc_auc': 0.6893860561914671, 'MRR': 0.8687943262411348}
Saving model
epoch 28 | batch 1 |train loss 0.6830435395240784
epoch 29 | batch 0 |train loss 0.6835393905639648
Valid: loss 0.6852890849113464, score:{'roc_auc': 0.6925078043704473, 'MRR': 0.8687943262411348}
Saving model
epoch 29 | batch 1 |train loss 0.6810513138771057
epoch 30 | batch 0 |train loss 0.6817517280578613
Valid: loss 0.6839239001274109, score:{'roc_auc': 0.6927679500520291, 'MRR': 0.8687943262411348}
Saving model
epoch 30 | batch 1 |train loss 0.6792359948158264
epoch 31 | batch 0 |train loss 0.6799501180648804
Valid: loss 0.6823516488075256, score:{'roc_auc': 0.6956295525494276, 'MRR': 0.8687943262411348}
Saving model
epoch 31 | batch 1 |train loss 0.677281379699707
epoch 32 | batch 0 |train loss 0.6777702569961548
Valid: loss 0.6805474162101746, score:{'roc_auc': 0.6966701352757544, 'MRR': 0.8687943262411348}
Saving model
epoch 32 | batch 1 |train loss 0.6743003726005554
epoch 33 | batch 0 |train loss 0.6749478578567505
Valid: loss 0.6784866452217102, score:{'roc_auc': 0.6982310093652446, 'MRR': 0.8687943262411348}
Saving model
epoch 33 | batch 1 |train loss 0.6717389822006226
epoch 34 | batch 0 |train loss 0.672629714012146
Valid: loss 0.6761509776115417, score:{'roc_auc': 0.700312174817898, 'MRR': 0.8687943262411348}
Saving model
epoch 34 | batch 1 |train loss 0.6680808663368225
epoch 35 | batch 0 |train loss 0.6690407991409302
Valid: loss 0.6735221743583679, score:{'roc_auc': 0.7021331945889698, 'MRR': 0.8687943262411348}
Saving model
epoch 35 | batch 1 |train loss 0.664411187171936
epoch 36 | batch 0 |train loss 0.6656008362770081
Valid: loss 0.670583963394165, score:{'roc_auc': 0.7026534859521333, 'MRR': 0.8687943262411348}
Saving model
epoch 36 | batch 1 |train loss 0.6599952578544617
epoch 37 | batch 0 |train loss 0.662250816822052
Valid: loss 0.6673283576965332, score:{'roc_auc': 0.7060353798126952, 'MRR': 0.8687943262411348}
Saving model
epoch 37 | batch 1 |train loss 0.6557737588882446
epoch 38 | batch 0 |train loss 0.6575425267219543
Valid: loss 0.6637548208236694, score:{'roc_auc': 0.7081165452653486, 'MRR': 0.8687943262411348}
Saving model
epoch 38 | batch 1 |train loss 0.650514543056488
epoch 39 | batch 0 |train loss 0.6508405804634094
Valid: loss 0.6598712205886841, score:{'roc_auc': 0.7096774193548387, 'MRR': 0.8652482269503547}
Saving model
epoch 39 | batch 1 |train loss 0.6440302133560181
epoch 40 | batch 0 |train loss 0.6463083028793335
Valid: loss 0.6556999683380127, score:{'roc_auc': 0.7104578563995838, 'MRR': 0.8652482269503547}
Saving model
epoch 40 | batch 1 |train loss 0.6370500922203064
epoch 41 | batch 0 |train loss 0.6398199796676636
Valid: loss 0.6512875556945801, score:{'roc_auc': 0.712799167533819, 'MRR': 0.8652482269503547}
Saving model
epoch 41 | batch 1 |train loss 0.6291130185127258
epoch 42 | batch 0 |train loss 0.6344765424728394
Valid: loss 0.6467106938362122, score:{'roc_auc': 0.7140998959417274, 'MRR': 0.8652482269503547}
Saving model
epoch 42 | batch 1 |train loss 0.621359646320343
epoch 43 | batch 0 |train loss 0.6284134387969971
Valid: loss 0.6420575976371765, score:{'roc_auc': 0.7156607700312175, 'MRR': 0.8652482269503547}
Saving model
epoch 43 | batch 1 |train loss 0.613102376461029
epoch 44 | batch 0 |train loss 0.61846524477005
Valid: loss 0.6374592185020447, score:{'roc_auc': 0.7174817898022893, 'MRR': 0.8652482269503547}
Saving model
epoch 44 | batch 1 |train loss 0.6043474674224854
epoch 45 | batch 0 |train loss 0.6118234395980835
Valid: loss 0.6330869793891907, score:{'roc_auc': 0.7185223725286161, 'MRR': 0.8652482269503547}
Saving model
epoch 45 | batch 1 |train loss 0.5967442989349365
epoch 46 | batch 0 |train loss 0.6044133305549622
Valid: loss 0.6291511654853821, score:{'roc_auc': 0.7193028095733611, 'MRR': 0.8652482269503547}
Saving model
epoch 46 | batch 1 |train loss 0.5871561765670776
epoch 47 | batch 0 |train loss 0.5964072942733765
Valid: loss 0.6258800625801086, score:{'roc_auc': 0.7208636836628513, 'MRR': 0.8652482269503547}
Saving model
epoch 47 | batch 1 |train loss 0.575033962726593
epoch 48 | batch 0 |train loss 0.5875917077064514
Valid: loss 0.6235399842262268, score:{'roc_auc': 0.7198231009365245, 'MRR': 0.8687943262411348}
Saving model
epoch 48 | batch 1 |train loss 0.5658362507820129
epoch 49 | batch 0 |train loss 0.5792921185493469
Valid: loss 0.6224153637886047, score:{'roc_auc': 0.7208636836628513, 'MRR': 0.8687943262411348}
Saving model
epoch 49 | batch 1 |train loss 0.5573846697807312
epoch 50 | batch 0 |train loss 0.5726367235183716
Valid: loss 0.6227556467056274, score:{'roc_auc': 0.7208636836628513, 'MRR': 0.8687943262411348}
EarlyStopping counter: 1 out of 3
epoch 50 | batch 1 |train loss 0.548620879650116
epoch 51 | batch 0 |train loss 0.5659424066543579
Valid: loss 0.6247513294219971, score:{'roc_auc': 0.7213839750260145, 'MRR': 0.8687943262411348}
EarlyStopping counter: 2 out of 3
epoch 51 | batch 1 |train loss 0.5382209420204163
epoch 52 | batch 0 |train loss 0.5581615567207336
Valid: loss 0.6285151839256287, score:{'roc_auc': 0.7213839750260146, 'MRR': 0.8687943262411348}
Meta keys: dict_keys([6])
Data keys: dict_keys([6])
Edge type: 6, Meta: (1, 0)
Average links per head: 3.48
Median: 2.0, Min: 1, Max: 24
len test_list[0] 453
len test_list[1] 453
len test_label 453
2 hop test: loss 0.6285151839256287, score:{'roc_auc': 0.5559259259259259, 'MRR': 0.7258547008547008}
(array([0, 1]), array([225, 228]))
[0.31741026 0.3729695  0.37887606 0.44936085 0.6722882  0.6621134
 0.69660884 0.4921634  0.6787966  0.67999965 0.7309544  0.7285418
 0.6799997  0.63171184 0.42390844 0.8537469  0.52666956 0.39042136
 0.5652396  0.6182277 ]
Average links per head full random test: 1.49
Medianfull random test: 1.0, Min: 1, Max: 12
len test_list[0]full random test 456
len test_list[1]full random test 456
len test_label full random test 456
2 hop test: loss 0.6285151839256287, score:{'roc_auc': 0.5559259259259259, 'MRR': 0.7258547008547008}
edge type: 6, random_score: {'roc_auc': 0.7150661742074484, 'MRR': 0.9807692307692307}, score: {'roc_auc': 0.5559259259259259, 'MRR': 0.7258547008547008}
ROC_AUC: 0.5559259259259259
Sec neigh test: score list: defaultdict(<class 'list'>, {'roc_auc': [0.5559259259259259], 'MRR': [0.7258547008547008]})
Random test: score list: defaultdict(<class 'list'>, {'roc_auc': [0.7150661742074484], 'MRR': [0.9807692307692307]})
Sec neigh test:average score: defaultdict(<class 'list'>, {'roc_auc': 0.5559, 'MRR': 0.7259})
Random test: average score: defaultdict(<class 'list'>, {'roc_auc': 0.7151, 'MRR': 0.9808})
Completed: amazon_style_cct_fold_3 (rep 2)

--------------------------------------
Running model: GAT
Dataset: amazon_style_cct_fold_4
Repetition: 2
--------------------------------------
use device: cpu
Namespace(data='amazon_style_cct_fold_4', model_path='model.pt', train_iter_n=50, cuda=0, checkpoint='', epochs=100, patience=3, n_layers=2, n_heads=[4], dropout=0.5, model='GAT', lr=0.0001, weight_decay=0.0, batch_size=1024, edge_sample_ratio=1, test_with_CPU=False, decoder='dismult', feat_type=0)
args.feat_type 0
sys_path ['/home/simonettos/homhetgnn/HGB/LP/benchmark/methods/GNN', '/home/simonettos/homhetgnn/sbatches', '/home/simonettos/homhetgnn/HGB/LP/benchmark/methods/baseline', '/home/simonettos/homhetgnn/HGB/LP/benchmark', '/home/simonettos/homhetgnn/HGB/LP/benchmark/methods/GNN', '/home/simonettos/homhetgnn/HGB/LP/benchmark/methods/GNN/utils', '/home/simonettos/homhetgnn/HGB/LP/benchmark/methods/GNN/models', '/deepstore/software/anaconda3/2022.05/lib/python39.zip', '/deepstore/software/anaconda3/2022.05/lib/python3.9', '/deepstore/software/anaconda3/2022.05/lib/python3.9/lib-dynload', '/home/simonettos/homhetgnn/gpuvenv/lib/python3.9/site-packages', '../../', '../../']
Data path: /home/simonettos/homhetgnn/HGB/LP/benchmark/data/amazon_style_cct_fold_4
Loading nodes from /home/simonettos/homhetgnn/HGB/LP/benchmark/data/amazon_style_cct_fold_4/node.dat
edge types: dict_keys([3, 6, 5, 4, 7, 2, 0, 8, 1, 10, 9])
Getting training negative samples for edge types: [6]
nodes.shift keys: [0, 1, 2]
nodes.count keys: [0, 1, 2]
links.meta: {3: (0, 2), 6: (1, 0), 5: (1, 1), 4: (0, 0), 7: (0, 0), 2: (1, 1), 0: (0, 0), 8: (1, 1), 1: (1, 1), 10: (1, 1), 9: (1, 1)}
t_type about to use: 0
h_type: 1
shift dict: {0: 0, 1: 558, 2: 1498}
count dict: Counter({1: 940, 0: 558, 2: 188})
Generated 908 negative samples for edge type 6
Info: load amazon_style_cct_fold_4 from original data and generate /home/simonettos/homhetgnn/HGB/LP/benchmark/data/amazon_style_cct_fold_4/dl_pickle 
edge types: [6]
dataset: amazon_style_cct_fold_4, eval_type: 6
epoch 0 | batch 0 |train loss 0.693113386631012
Valid: loss 0.69310462474823, score:{'roc_auc': 0.5818540433925049, 'MRR': 0.7320261437908496}
Saving model
epoch 0 | batch 1 |train loss 0.6931244134902954
epoch 1 | batch 0 |train loss 0.6930773854255676
Valid: loss 0.6930744647979736, score:{'roc_auc': 0.6331360946745563, 'MRR': 0.7941176470588235}
Saving model
epoch 1 | batch 1 |train loss 0.6930298209190369
epoch 2 | batch 0 |train loss 0.6930299401283264
Valid: loss 0.6930434107780457, score:{'roc_auc': 0.6678172255095332, 'MRR': 0.8104575163398693}
Saving model
epoch 2 | batch 1 |train loss 0.6930202841758728
epoch 3 | batch 0 |train loss 0.6929996013641357
Valid: loss 0.6930099725723267, score:{'roc_auc': 0.6903353057199211, 'MRR': 0.8202614379084968}
Saving model
epoch 3 | batch 1 |train loss 0.6929782032966614
epoch 4 | batch 0 |train loss 0.6929713487625122
Valid: loss 0.6929733157157898, score:{'roc_auc': 0.7058678500986193, 'MRR': 0.8267973856209151}
Saving model
epoch 4 | batch 1 |train loss 0.692955732345581
epoch 5 | batch 0 |train loss 0.6928821802139282
Valid: loss 0.6929327845573425, score:{'roc_auc': 0.714086127547666, 'MRR': 0.8366013071895426}
Saving model
epoch 5 | batch 1 |train loss 0.6928615570068359
epoch 6 | batch 0 |train loss 0.6928398609161377
Valid: loss 0.6928881406784058, score:{'roc_auc': 0.7186883629191322, 'MRR': 0.8071895424836603}
Saving model
epoch 6 | batch 1 |train loss 0.6928098797798157
epoch 7 | batch 0 |train loss 0.6927602291107178
Valid: loss 0.6928380131721497, score:{'roc_auc': 0.7190992767915845, 'MRR': 0.8169934640522877}
Saving model
epoch 7 | batch 1 |train loss 0.6926992535591125
epoch 8 | batch 0 |train loss 0.6926878094673157
Valid: loss 0.6927818655967712, score:{'roc_auc': 0.7200032873109796, 'MRR': 0.8202614379084966}
Saving model
epoch 8 | batch 1 |train loss 0.692664384841919
epoch 9 | batch 0 |train loss 0.6926647424697876
Valid: loss 0.6927180290222168, score:{'roc_auc': 0.7187705456936226, 'MRR': 0.8202614379084966}
Saving model
epoch 9 | batch 1 |train loss 0.6925470232963562
epoch 10 | batch 0 |train loss 0.692561686038971
Valid: loss 0.6926450133323669, score:{'roc_auc': 0.717619986850756, 'MRR': 0.8104575163398692}
Saving model
epoch 10 | batch 1 |train loss 0.6924886703491211
epoch 11 | batch 0 |train loss 0.6924228072166443
Valid: loss 0.692561149597168, score:{'roc_auc': 0.7156476002629848, 'MRR': 0.8202614379084966}
Saving model
epoch 11 | batch 1 |train loss 0.6923234462738037
epoch 12 | batch 0 |train loss 0.6922743320465088
Valid: loss 0.6924648284912109, score:{'roc_auc': 0.7158119658119658, 'MRR': 0.8202614379084966}
Saving model
epoch 12 | batch 1 |train loss 0.6923092007637024
epoch 13 | batch 0 |train loss 0.692219614982605
Valid: loss 0.6923545598983765, score:{'roc_auc': 0.7143326758711375, 'MRR': 0.8104575163398692}
Saving model
epoch 13 | batch 1 |train loss 0.6920302510261536
epoch 14 | batch 0 |train loss 0.6920192837715149
Valid: loss 0.6922275424003601, score:{'roc_auc': 0.7126890203813282, 'MRR': 0.8104575163398692}
Saving model
epoch 14 | batch 1 |train loss 0.691897988319397
epoch 15 | batch 0 |train loss 0.6918591260910034
Valid: loss 0.6920812726020813, score:{'roc_auc': 0.7102235371466141, 'MRR': 0.80718954248366}
Saving model
epoch 15 | batch 1 |train loss 0.691684901714325
epoch 16 | batch 0 |train loss 0.6915798187255859
Valid: loss 0.6919123530387878, score:{'roc_auc': 0.7084155161078237, 'MRR': 0.80718954248366}
Saving model
epoch 16 | batch 1 |train loss 0.691308856010437
epoch 17 | batch 0 |train loss 0.6911992430686951
Valid: loss 0.691716194152832, score:{'roc_auc': 0.7082511505588428, 'MRR': 0.80718954248366}
Saving model
epoch 17 | batch 1 |train loss 0.6910073161125183
epoch 18 | batch 0 |train loss 0.691042423248291
Valid: loss 0.69148850440979, score:{'roc_auc': 0.7066074950690335, 'MRR': 0.80718954248366}
Saving model
epoch 18 | batch 1 |train loss 0.6908679008483887
epoch 19 | batch 0 |train loss 0.6906963586807251
Valid: loss 0.6912252902984619, score:{'roc_auc': 0.7057856673241288, 'MRR': 0.80718954248366}
Saving model
epoch 19 | batch 1 |train loss 0.6904528141021729
epoch 20 | batch 0 |train loss 0.6903421878814697
Valid: loss 0.6909205913543701, score:{'roc_auc': 0.7036489151873767, 'MRR': 0.80718954248366}
Saving model
epoch 20 | batch 1 |train loss 0.6898648738861084
epoch 21 | batch 0 |train loss 0.6896560788154602
Valid: loss 0.6905666589736938, score:{'roc_auc': 0.7026627218934911, 'MRR': 0.80718954248366}
Saving model
epoch 21 | batch 1 |train loss 0.6895144581794739
epoch 22 | batch 0 |train loss 0.689182698726654
Valid: loss 0.6901564598083496, score:{'roc_auc': 0.7006903353057199, 'MRR': 0.80718954248366}
Saving model
epoch 22 | batch 1 |train loss 0.6887206435203552
epoch 23 | batch 0 |train loss 0.6884726881980896
Valid: loss 0.6896799206733704, score:{'roc_auc': 0.6999506903353058, 'MRR': 0.80718954248366}
Saving model
epoch 23 | batch 1 |train loss 0.6880090236663818
epoch 24 | batch 0 |train loss 0.6875976920127869
Valid: loss 0.6891266107559204, score:{'roc_auc': 0.700361604207758, 'MRR': 0.7973856209150326}
Saving model
epoch 24 | batch 1 |train loss 0.687597393989563
epoch 25 | batch 0 |train loss 0.6868338584899902
Valid: loss 0.6884870529174805, score:{'roc_auc': 0.6997041420118343, 'MRR': 0.7973856209150326}
Saving model
epoch 25 | batch 1 |train loss 0.6865531802177429
epoch 26 | batch 0 |train loss 0.6856070756912231
Valid: loss 0.6877467632293701, score:{'roc_auc': 0.6980604865220249, 'MRR': 0.7973856209150326}
Saving model
epoch 26 | batch 1 |train loss 0.6854422092437744
epoch 27 | batch 0 |train loss 0.6846980452537537
Valid: loss 0.6868923306465149, score:{'roc_auc': 0.6972386587771203, 'MRR': 0.7875816993464052}
Saving model
epoch 27 | batch 1 |train loss 0.6838511228561401
epoch 28 | batch 0 |train loss 0.6829866766929626
Valid: loss 0.6859069466590881, score:{'roc_auc': 0.6978961209730441, 'MRR': 0.7973856209150326}
Saving model
epoch 28 | batch 1 |train loss 0.6823325753211975
epoch 29 | batch 0 |train loss 0.6818190813064575
Valid: loss 0.6847720742225647, score:{'roc_auc': 0.6990466798159106, 'MRR': 0.7973856209150326}
Saving model
epoch 29 | batch 1 |train loss 0.6809723377227783
epoch 30 | batch 0 |train loss 0.6799858212471008
Valid: loss 0.6834697127342224, score:{'roc_auc': 0.7000328731097961, 'MRR': 0.7973856209150326}
Saving model
epoch 30 | batch 1 |train loss 0.6787203550338745
epoch 31 | batch 0 |train loss 0.6777294874191284
Valid: loss 0.681979775428772, score:{'roc_auc': 0.7010190664036818, 'MRR': 0.7973856209150326}
Saving model
epoch 31 | batch 1 |train loss 0.6763452887535095
epoch 32 | batch 0 |train loss 0.6755088567733765
Valid: loss 0.6802768111228943, score:{'roc_auc': 0.7008547008547009, 'MRR': 0.7973856209150326}
Saving model
epoch 32 | batch 1 |train loss 0.6737484931945801
epoch 33 | batch 0 |train loss 0.6722809076309204
Valid: loss 0.678338348865509, score:{'roc_auc': 0.70069033530572, 'MRR': 0.795751633986928}
Saving model
epoch 33 | batch 1 |train loss 0.6703312993049622
epoch 34 | batch 0 |train loss 0.6693657040596008
Valid: loss 0.6761415004730225, score:{'roc_auc': 0.7024983563445102, 'MRR': 0.795751633986928}
Saving model
epoch 34 | batch 1 |train loss 0.6673460602760315
epoch 35 | batch 0 |train loss 0.6655962467193604
Valid: loss 0.6736645698547363, score:{'roc_auc': 0.7034845496383959, 'MRR': 0.795751633986928}
Saving model
epoch 35 | batch 1 |train loss 0.6631607413291931
epoch 36 | batch 0 |train loss 0.6613814830780029
Valid: loss 0.6708863377571106, score:{'roc_auc': 0.7061143984220908, 'MRR': 0.795751633986928}
Saving model
epoch 36 | batch 1 |train loss 0.6590496897697449
epoch 37 | batch 0 |train loss 0.6573586463928223
Valid: loss 0.6677920818328857, score:{'roc_auc': 0.7061143984220907, 'MRR': 0.795751633986928}
Saving model
epoch 37 | batch 1 |train loss 0.6538107991218567
epoch 38 | batch 0 |train loss 0.6528640985488892
Valid: loss 0.6643716096878052, score:{'roc_auc': 0.7069362261669954, 'MRR': 0.8055555555555555}
Saving model
epoch 38 | batch 1 |train loss 0.6491802334785461
epoch 39 | batch 0 |train loss 0.6462701559066772
Valid: loss 0.6606260538101196, score:{'roc_auc': 0.7089086127547667, 'MRR': 0.8055555555555555}
Saving model
epoch 39 | batch 1 |train loss 0.64300137758255
epoch 40 | batch 0 |train loss 0.6392068862915039
Valid: loss 0.6565613150596619, score:{'roc_auc': 0.7097304404996713, 'MRR': 0.8055555555555555}
Saving model
epoch 40 | batch 1 |train loss 0.6353344321250916
epoch 41 | batch 0 |train loss 0.6317088603973389
Valid: loss 0.6521832942962646, score:{'roc_auc': 0.7105522682445761, 'MRR': 0.8055555555555555}
Saving model
epoch 41 | batch 1 |train loss 0.6283700466156006
epoch 42 | batch 0 |train loss 0.6255272626876831
Valid: loss 0.647540271282196, score:{'roc_auc': 0.7125246548323472, 'MRR': 0.8055555555555555}
Saving model
epoch 42 | batch 1 |train loss 0.6189631819725037
epoch 43 | batch 0 |train loss 0.6185956001281738
Valid: loss 0.6426979303359985, score:{'roc_auc': 0.7141683103221566, 'MRR': 0.8055555555555555}
Saving model
epoch 43 | batch 1 |train loss 0.6099968552589417
epoch 44 | batch 0 |train loss 0.6081216335296631
Valid: loss 0.6377338767051697, score:{'roc_auc': 0.7158119658119658, 'MRR': 0.8153594771241829}
Saving model
epoch 44 | batch 1 |train loss 0.6022630333900452
epoch 45 | batch 0 |train loss 0.5994262099266052
Valid: loss 0.6327505111694336, score:{'roc_auc': 0.7159763313609467, 'MRR': 0.8153594771241829}
Saving model
epoch 45 | batch 1 |train loss 0.592262327671051
epoch 46 | batch 0 |train loss 0.5908725261688232
Valid: loss 0.6278666257858276, score:{'roc_auc': 0.7176199868507561, 'MRR': 0.8153594771241829}
Saving model
epoch 46 | batch 1 |train loss 0.5818299055099487
epoch 47 | batch 0 |train loss 0.5770944356918335
Valid: loss 0.6232478022575378, score:{'roc_auc': 0.7194280078895463, 'MRR': 0.8153594771241829}
Saving model
epoch 47 | batch 1 |train loss 0.5724274516105652
epoch 48 | batch 0 |train loss 0.5699648261070251
Valid: loss 0.6190861463546753, score:{'roc_auc': 0.7209072978303748, 'MRR': 0.8153594771241829}
Saving model
epoch 48 | batch 1 |train loss 0.5609147548675537
epoch 49 | batch 0 |train loss 0.5599905252456665
Valid: loss 0.6155542135238647, score:{'roc_auc': 0.7230440499671269, 'MRR': 0.8186274509803921}
Saving model
epoch 49 | batch 1 |train loss 0.552255392074585
epoch 50 | batch 0 |train loss 0.5522994995117188
Valid: loss 0.612846314907074, score:{'roc_auc': 0.7256738987508218, 'MRR': 0.8186274509803921}
Saving model
epoch 50 | batch 1 |train loss 0.5418908596038818
epoch 51 | batch 0 |train loss 0.5432995557785034
Valid: loss 0.6110870838165283, score:{'roc_auc': 0.7266600920447074, 'MRR': 0.8186274509803921}
Saving model
epoch 51 | batch 1 |train loss 0.5315948724746704
epoch 52 | batch 0 |train loss 0.53395015001297
Valid: loss 0.6104047298431396, score:{'roc_auc': 0.7291255752794215, 'MRR': 0.8186274509803921}
Saving model
epoch 52 | batch 1 |train loss 0.526249885559082
epoch 53 | batch 0 |train loss 0.5289425849914551
Valid: loss 0.6109181642532349, score:{'roc_auc': 0.7306048652202498, 'MRR': 0.8186274509803921}
EarlyStopping counter: 1 out of 3
epoch 53 | batch 1 |train loss 0.5173319578170776
epoch 54 | batch 0 |train loss 0.5226081013679504
Valid: loss 0.6125972270965576, score:{'roc_auc': 0.7319197896120972, 'MRR': 0.8186274509803921}
EarlyStopping counter: 2 out of 3
epoch 54 | batch 1 |train loss 0.5106274485588074
epoch 55 | batch 0 |train loss 0.5194734334945679
Valid: loss 0.6152381896972656, score:{'roc_auc': 0.732905982905983, 'MRR': 0.8186274509803921}
Meta keys: dict_keys([6])
Data keys: dict_keys([6])
Edge type: 6, Meta: (1, 0)
Average links per head: 3.74
Median: 2.0, Min: 2, Max: 22
len test_list[0] 452
len test_list[1] 452
len test_label 452
2 hop test: loss 0.6152381896972656, score:{'roc_auc': 0.5406844702012688, 'MRR': 0.7506887052341598}
(array([0, 1]), array([226, 226]))
[0.4504281  0.45534846 0.3369766  0.424507   0.35701787 0.6475315
 0.20539472 0.58722806 0.690717   0.7503612  0.79644    0.82839525
 0.70687366 0.7082688  0.27068755 0.7869439  0.8093694  0.68313843
 0.7985925  0.60462326]
Average links per head full random test: 1.50
Medianfull random test: 1.0, Min: 1, Max: 11
len test_list[0]full random test 452
len test_list[1]full random test 452
len test_label full random test 452
2 hop test: loss 0.6152381896972656, score:{'roc_auc': 0.5406844702012688, 'MRR': 0.7506887052341598}
edge type: 6, random_score: {'roc_auc': 0.7007988096170412, 'MRR': 0.9752066115702479}, score: {'roc_auc': 0.5406844702012688, 'MRR': 0.7506887052341598}
ROC_AUC: 0.5406844702012688
Sec neigh test: score list: defaultdict(<class 'list'>, {'roc_auc': [0.5406844702012688], 'MRR': [0.7506887052341598]})
Random test: score list: defaultdict(<class 'list'>, {'roc_auc': [0.7007988096170412], 'MRR': [0.9752066115702479]})
Sec neigh test:average score: defaultdict(<class 'list'>, {'roc_auc': 0.5407, 'MRR': 0.7507})
Random test: average score: defaultdict(<class 'list'>, {'roc_auc': 0.7008, 'MRR': 0.9752})
Completed: amazon_style_cct_fold_4 (rep 2)

--------------------------------------
Running model: GAT
Dataset: amazon_style_cct_fold_5
Repetition: 2
--------------------------------------
use device: cpu
Namespace(data='amazon_style_cct_fold_5', model_path='model.pt', train_iter_n=50, cuda=0, checkpoint='', epochs=100, patience=3, n_layers=2, n_heads=[4], dropout=0.5, model='GAT', lr=0.0001, weight_decay=0.0, batch_size=1024, edge_sample_ratio=1, test_with_CPU=False, decoder='dismult', feat_type=0)
args.feat_type 0
sys_path ['/home/simonettos/homhetgnn/HGB/LP/benchmark/methods/GNN', '/home/simonettos/homhetgnn/sbatches', '/home/simonettos/homhetgnn/HGB/LP/benchmark/methods/baseline', '/home/simonettos/homhetgnn/HGB/LP/benchmark', '/home/simonettos/homhetgnn/HGB/LP/benchmark/methods/GNN', '/home/simonettos/homhetgnn/HGB/LP/benchmark/methods/GNN/utils', '/home/simonettos/homhetgnn/HGB/LP/benchmark/methods/GNN/models', '/deepstore/software/anaconda3/2022.05/lib/python39.zip', '/deepstore/software/anaconda3/2022.05/lib/python3.9', '/deepstore/software/anaconda3/2022.05/lib/python3.9/lib-dynload', '/home/simonettos/homhetgnn/gpuvenv/lib/python3.9/site-packages', '../../', '../../']
Data path: /home/simonettos/homhetgnn/HGB/LP/benchmark/data/amazon_style_cct_fold_5
Loading nodes from /home/simonettos/homhetgnn/HGB/LP/benchmark/data/amazon_style_cct_fold_5/node.dat
edge types: dict_keys([3, 6, 5, 4, 7, 2, 0, 8, 1, 10, 9])
Getting training negative samples for edge types: [6]
nodes.shift keys: [0, 1, 2]
nodes.count keys: [0, 1, 2]
links.meta: {3: (0, 2), 6: (1, 0), 5: (1, 1), 4: (0, 0), 7: (0, 0), 2: (1, 1), 0: (0, 0), 8: (1, 1), 1: (1, 1), 10: (1, 1), 9: (1, 1)}
t_type about to use: 0
h_type: 1
shift dict: {0: 0, 1: 558, 2: 1498}
count dict: Counter({1: 940, 0: 558, 2: 188})
Generated 914 negative samples for edge type 6
Info: load amazon_style_cct_fold_5 from original data and generate /home/simonettos/homhetgnn/HGB/LP/benchmark/data/amazon_style_cct_fold_5/dl_pickle 
edge types: [6]
dataset: amazon_style_cct_fold_5, eval_type: 6
epoch 0 | batch 0 |train loss 0.6931523680686951
Valid: loss 0.6932039260864258, score:{'roc_auc': 0.42745638200183655, 'MRR': 0.6932539682539682}
Saving model
epoch 0 | batch 1 |train loss 0.6931123733520508
epoch 1 | batch 0 |train loss 0.6931031346321106
Valid: loss 0.6931766271591187, score:{'roc_auc': 0.4646464646464646, 'MRR': 0.7190476190476192}
Saving model
epoch 1 | batch 1 |train loss 0.6930932998657227
epoch 2 | batch 0 |train loss 0.6930694580078125
Valid: loss 0.6931484341621399, score:{'roc_auc': 0.5037878787878788, 'MRR': 0.7222222222222222}
Saving model
epoch 2 | batch 1 |train loss 0.6930176615715027
epoch 3 | batch 0 |train loss 0.6930286288261414
Valid: loss 0.6931193470954895, score:{'roc_auc': 0.5294995408631772, 'MRR': 0.7499999999999999}
Saving model
epoch 3 | batch 1 |train loss 0.6929515600204468
epoch 4 | batch 0 |train loss 0.6929845809936523
Valid: loss 0.693088173866272, score:{'roc_auc': 0.5604912764003673, 'MRR': 0.742063492063492}
Saving model
epoch 4 | batch 1 |train loss 0.6929068565368652
epoch 5 | batch 0 |train loss 0.6929489374160767
Valid: loss 0.6930540800094604, score:{'roc_auc': 0.5853994490358126, 'MRR': 0.753968253968254}
Saving model
epoch 5 | batch 1 |train loss 0.6928628087043762
epoch 6 | batch 0 |train loss 0.6928894519805908
Valid: loss 0.6930162906646729, score:{'roc_auc': 0.6037649219467401, 'MRR': 0.7499999999999999}
Saving model
epoch 6 | batch 1 |train loss 0.6927869915962219
epoch 7 | batch 0 |train loss 0.6928068399429321
Valid: loss 0.6929736137390137, score:{'roc_auc': 0.6147842056932966, 'MRR': 0.7499999999999999}
Saving model
epoch 7 | batch 1 |train loss 0.6927030682563782
epoch 8 | batch 0 |train loss 0.6927524209022522
Valid: loss 0.6929242610931396, score:{'roc_auc': 0.6216712580348945, 'MRR': 0.7341269841269841}
Saving model
epoch 8 | batch 1 |train loss 0.692604124546051
epoch 9 | batch 0 |train loss 0.6926978826522827
Valid: loss 0.6928666234016418, score:{'roc_auc': 0.632001836547291, 'MRR': 0.746031746031746}
Saving model
epoch 9 | batch 1 |train loss 0.692547082901001
epoch 10 | batch 0 |train loss 0.6925267577171326
Valid: loss 0.6927997469902039, score:{'roc_auc': 0.6414141414141413, 'MRR': 0.7579365079365079}
Saving model
epoch 10 | batch 1 |train loss 0.6923854947090149
epoch 11 | batch 0 |train loss 0.6924468278884888
Valid: loss 0.6927213668823242, score:{'roc_auc': 0.6476124885215794, 'MRR': 0.7579365079365079}
Saving model
epoch 11 | batch 1 |train loss 0.6922993659973145
epoch 12 | batch 0 |train loss 0.6923090219497681
Valid: loss 0.6926296353340149, score:{'roc_auc': 0.6538108356290174, 'MRR': 0.7222222222222222}
Saving model
epoch 12 | batch 1 |train loss 0.6921534538269043
epoch 13 | batch 0 |train loss 0.692089319229126
Valid: loss 0.6925215125083923, score:{'roc_auc': 0.6595500459136822, 'MRR': 0.7222222222222222}
Saving model
epoch 13 | batch 1 |train loss 0.6919702887535095
epoch 14 | batch 0 |train loss 0.691949725151062
Valid: loss 0.6923941373825073, score:{'roc_auc': 0.6639118457300275, 'MRR': 0.7380952380952381}
Saving model
epoch 14 | batch 1 |train loss 0.6916345357894897
epoch 15 | batch 0 |train loss 0.6917890310287476
Valid: loss 0.6922436952590942, score:{'roc_auc': 0.669880624426079, 'MRR': 0.7380952380952381}
Saving model
epoch 15 | batch 1 |train loss 0.6915196776390076
epoch 16 | batch 0 |train loss 0.6915903091430664
Valid: loss 0.6920673251152039, score:{'roc_auc': 0.6742424242424242, 'MRR': 0.7500000000000001}
Saving model
epoch 16 | batch 1 |train loss 0.6911928057670593
epoch 17 | batch 0 |train loss 0.691371500492096
Valid: loss 0.6918596625328064, score:{'roc_auc': 0.6758494031221304, 'MRR': 0.7500000000000001}
Saving model
epoch 17 | batch 1 |train loss 0.690844714641571
epoch 18 | batch 0 |train loss 0.6909480690956116
Valid: loss 0.6916162371635437, score:{'roc_auc': 0.6774563820018364, 'MRR': 0.7619047619047619}
Saving model
epoch 18 | batch 1 |train loss 0.6904782056808472
epoch 19 | batch 0 |train loss 0.690491795539856
Valid: loss 0.691330075263977, score:{'roc_auc': 0.6786042240587695, 'MRR': 0.773809523809524}
Saving model
epoch 19 | batch 1 |train loss 0.6900147199630737
epoch 20 | batch 0 |train loss 0.6901655197143555
Valid: loss 0.6909945011138916, score:{'roc_auc': 0.6792929292929293, 'MRR': 0.7698412698412698}
Saving model
epoch 20 | batch 1 |train loss 0.6897405385971069
epoch 21 | batch 0 |train loss 0.689586877822876
Valid: loss 0.6906008720397949, score:{'roc_auc': 0.6797520661157025, 'MRR': 0.7698412698412698}
Saving model
epoch 21 | batch 1 |train loss 0.6887328624725342
epoch 22 | batch 0 |train loss 0.6889809370040894
Valid: loss 0.690139651298523, score:{'roc_auc': 0.6818181818181819, 'MRR': 0.7817460317460319}
Saving model
epoch 22 | batch 1 |train loss 0.688214898109436
epoch 23 | batch 0 |train loss 0.6881788969039917
Valid: loss 0.6896001696586609, score:{'roc_auc': 0.6843434343434344, 'MRR': 0.7817460317460319}
Saving model
epoch 23 | batch 1 |train loss 0.6873832941055298
epoch 24 | batch 0 |train loss 0.6873239874839783
Valid: loss 0.688970685005188, score:{'roc_auc': 0.6848025711662076, 'MRR': 0.7817460317460319}
Saving model
epoch 24 | batch 1 |train loss 0.6867631673812866
epoch 25 | batch 0 |train loss 0.6862627863883972
Valid: loss 0.6882394552230835, score:{'roc_auc': 0.6845730027548209, 'MRR': 0.7817460317460319}
Saving model
epoch 25 | batch 1 |train loss 0.6850252151489258
epoch 26 | batch 0 |train loss 0.6854433417320251
Valid: loss 0.6873888373374939, score:{'roc_auc': 0.6857208448117539, 'MRR': 0.7817460317460319}
Saving model
epoch 26 | batch 1 |train loss 0.6841269731521606
epoch 27 | batch 0 |train loss 0.6837868094444275
Valid: loss 0.6864039301872253, score:{'roc_auc': 0.6859504132231405, 'MRR': 0.7817460317460319}
Saving model
epoch 27 | batch 1 |train loss 0.6824892163276672
epoch 28 | batch 0 |train loss 0.6823444366455078
Valid: loss 0.6852661967277527, score:{'roc_auc': 0.6873278236914601, 'MRR': 0.7896825396825397}
Saving model
epoch 28 | batch 1 |train loss 0.6804133653640747
epoch 29 | batch 0 |train loss 0.6809905767440796
Valid: loss 0.6839549541473389, score:{'roc_auc': 0.6877869605142333, 'MRR': 0.7896825396825397}
Saving model
epoch 29 | batch 1 |train loss 0.6787776947021484
epoch 30 | batch 0 |train loss 0.6790027618408203
Valid: loss 0.6824515461921692, score:{'roc_auc': 0.6873278236914602, 'MRR': 0.7896825396825397}
Saving model
epoch 30 | batch 1 |train loss 0.6763108968734741
epoch 31 | batch 0 |train loss 0.6761562824249268
Valid: loss 0.6807321310043335, score:{'roc_auc': 0.6868686868686869, 'MRR': 0.7896825396825397}
Saving model
epoch 31 | batch 1 |train loss 0.6734383702278137
epoch 32 | batch 0 |train loss 0.6733612418174744
Valid: loss 0.6787752509117126, score:{'roc_auc': 0.6866391184573003, 'MRR': 0.7777777777777777}
Saving model
epoch 32 | batch 1 |train loss 0.6709086298942566
epoch 33 | batch 0 |train loss 0.6703861355781555
Valid: loss 0.6765604019165039, score:{'roc_auc': 0.6880165289256199, 'MRR': 0.7777777777777777}
Saving model
epoch 33 | batch 1 |train loss 0.6673579216003418
epoch 34 | batch 0 |train loss 0.6672967672348022
Valid: loss 0.6740692853927612, score:{'roc_auc': 0.6887052341597797, 'MRR': 0.7777777777777777}
Saving model
epoch 34 | batch 1 |train loss 0.6636748909950256
epoch 35 | batch 0 |train loss 0.6632232666015625
Valid: loss 0.6712824702262878, score:{'roc_auc': 0.6900826446280992, 'MRR': 0.7777777777777777}
Saving model
epoch 35 | batch 1 |train loss 0.6585143804550171
epoch 36 | batch 0 |train loss 0.6586354970932007
Valid: loss 0.6681845188140869, score:{'roc_auc': 0.6916896235078054, 'MRR': 0.7777777777777777}
Saving model
epoch 36 | batch 1 |train loss 0.6541085243225098
epoch 37 | batch 0 |train loss 0.6541298627853394
Valid: loss 0.6647727489471436, score:{'roc_auc': 0.6937557392102847, 'MRR': 0.7777777777777777}
Saving model
epoch 37 | batch 1 |train loss 0.6491111516952515
epoch 38 | batch 0 |train loss 0.6492011547088623
Valid: loss 0.6610536575317383, score:{'roc_auc': 0.6962809917355373, 'MRR': 0.7777777777777777}
Saving model
epoch 38 | batch 1 |train loss 0.6425979137420654
epoch 39 | batch 0 |train loss 0.6428650617599487
Valid: loss 0.6570411920547485, score:{'roc_auc': 0.6965105601469237, 'MRR': 0.7777777777777777}
Saving model
epoch 39 | batch 1 |train loss 0.6368675231933594
epoch 40 | batch 0 |train loss 0.6368709206581116
Valid: loss 0.6527685523033142, score:{'roc_auc': 0.69811753902663, 'MRR': 0.7777777777777777}
Saving model
epoch 40 | batch 1 |train loss 0.628958523273468
epoch 41 | batch 0 |train loss 0.6308236122131348
Valid: loss 0.6482741236686707, score:{'roc_auc': 0.6988062442607897, 'MRR': 0.7777777777777777}
Saving model
epoch 41 | batch 1 |train loss 0.6218833923339844
epoch 42 | batch 0 |train loss 0.623076856136322
Valid: loss 0.6436200737953186, score:{'roc_auc': 0.7006427915518825, 'MRR': 0.7777777777777777}
Saving model
epoch 42 | batch 1 |train loss 0.6131211519241333
epoch 43 | batch 0 |train loss 0.6157568693161011
Valid: loss 0.638892412185669, score:{'roc_auc': 0.700872359963269, 'MRR': 0.7777777777777777}
Saving model
epoch 43 | batch 1 |train loss 0.6062217354774475
epoch 44 | batch 0 |train loss 0.6048452854156494
Valid: loss 0.6342145204544067, score:{'roc_auc': 0.703168044077135, 'MRR': 0.7777777777777777}
Saving model
epoch 44 | batch 1 |train loss 0.5958696007728577
epoch 45 | batch 0 |train loss 0.5960215330123901
Valid: loss 0.6297271251678467, score:{'roc_auc': 0.7040863177226813, 'MRR': 0.7777777777777777}
Saving model
epoch 45 | batch 1 |train loss 0.5867407321929932
epoch 46 | batch 0 |train loss 0.588676393032074
Valid: loss 0.6256135106086731, score:{'roc_auc': 0.7059228650137741, 'MRR': 0.7777777777777777}
Saving model
epoch 46 | batch 1 |train loss 0.5777632594108582
epoch 47 | batch 0 |train loss 0.5790393352508545
Valid: loss 0.6220660209655762, score:{'roc_auc': 0.7073002754820936, 'MRR': 0.7777777777777777}
Saving model
epoch 47 | batch 1 |train loss 0.5675565600395203
epoch 48 | batch 0 |train loss 0.5696931481361389
Valid: loss 0.6192982792854309, score:{'roc_auc': 0.709366391184573, 'MRR': 0.7777777777777777}
Saving model
epoch 48 | batch 1 |train loss 0.5590278506278992
epoch 49 | batch 0 |train loss 0.5602065324783325
Valid: loss 0.6174994707107544, score:{'roc_auc': 0.7123507805325987, 'MRR': 0.7777777777777777}
Saving model
epoch 49 | batch 1 |train loss 0.5487484335899353
epoch 50 | batch 0 |train loss 0.552356481552124
Valid: loss 0.616836428642273, score:{'roc_auc': 0.7146464646464646, 'MRR': 0.7777777777777777}
Saving model
epoch 50 | batch 1 |train loss 0.5412989854812622
epoch 51 | batch 0 |train loss 0.5454068779945374
Valid: loss 0.6174250841140747, score:{'roc_auc': 0.7157943067033976, 'MRR': 0.7777777777777777}
EarlyStopping counter: 1 out of 3
epoch 51 | batch 1 |train loss 0.5324158668518066
epoch 52 | batch 0 |train loss 0.5378360748291016
Valid: loss 0.6192538142204285, score:{'roc_auc': 0.716712580348944, 'MRR': 0.7777777777777777}
EarlyStopping counter: 2 out of 3
epoch 52 | batch 1 |train loss 0.5267031192779541
epoch 53 | batch 0 |train loss 0.5304974317550659
Valid: loss 0.6222518086433411, score:{'roc_auc': 0.71900826446281, 'MRR': 0.7777777777777777}
Meta keys: dict_keys([6])
Data keys: dict_keys([6])
Edge type: 6, Meta: (1, 0)
Average links per head: 3.43
Median: 2.0, Min: 1, Max: 32
len test_list[0] 463
len test_list[1] 463
len test_label 463
2 hop test: loss 0.6222518086433411, score:{'roc_auc': 0.541537600298563, 'MRR': 0.7695767195767196}
(array([0, 1]), array([230, 233]))
[0.43859118 0.45809674 0.49595636 0.7885226  0.48896357 0.6424109
 0.38788748 0.31588104 0.7138066  0.5132777  0.6314588  0.71537447
 0.7242255  0.6632117  0.7605161  0.72379076 0.8475011  0.6159923
 0.3335742  0.64472663]
Average links per head full random test: 1.52
Medianfull random test: 1.0, Min: 1, Max: 16
len test_list[0]full random test 466
len test_list[1]full random test 466
len test_label full random test 466
2 hop test: loss 0.6222518086433411, score:{'roc_auc': 0.541537600298563, 'MRR': 0.7695767195767196}
edge type: 6, random_score: {'roc_auc': 0.7152461824679033, 'MRR': 0.9592592592592593}, score: {'roc_auc': 0.541537600298563, 'MRR': 0.7695767195767196}
ROC_AUC: 0.541537600298563
Sec neigh test: score list: defaultdict(<class 'list'>, {'roc_auc': [0.541537600298563], 'MRR': [0.7695767195767196]})
Random test: score list: defaultdict(<class 'list'>, {'roc_auc': [0.7152461824679033], 'MRR': [0.9592592592592593]})
Sec neigh test:average score: defaultdict(<class 'list'>, {'roc_auc': 0.5415, 'MRR': 0.7696})
Random test: average score: defaultdict(<class 'list'>, {'roc_auc': 0.7152, 'MRR': 0.9593})
Completed: amazon_style_cct_fold_5 (rep 2)

=== Repetition 3/6 ===
--------------------------------------
Running model: GAT
Dataset: amazon_style_cct_fold_1
Repetition: 3
--------------------------------------
use device: cpu
Namespace(data='amazon_style_cct_fold_1', model_path='model.pt', train_iter_n=50, cuda=0, checkpoint='', epochs=100, patience=3, n_layers=2, n_heads=[4], dropout=0.5, model='GAT', lr=0.0001, weight_decay=0.0, batch_size=1024, edge_sample_ratio=1, test_with_CPU=False, decoder='dismult', feat_type=0)
args.feat_type 0
sys_path ['/home/simonettos/homhetgnn/HGB/LP/benchmark/methods/GNN', '/home/simonettos/homhetgnn/sbatches', '/home/simonettos/homhetgnn/HGB/LP/benchmark/methods/baseline', '/home/simonettos/homhetgnn/HGB/LP/benchmark', '/home/simonettos/homhetgnn/HGB/LP/benchmark/methods/GNN', '/home/simonettos/homhetgnn/HGB/LP/benchmark/methods/GNN/utils', '/home/simonettos/homhetgnn/HGB/LP/benchmark/methods/GNN/models', '/deepstore/software/anaconda3/2022.05/lib/python39.zip', '/deepstore/software/anaconda3/2022.05/lib/python3.9', '/deepstore/software/anaconda3/2022.05/lib/python3.9/lib-dynload', '/home/simonettos/homhetgnn/gpuvenv/lib/python3.9/site-packages', '../../', '../../']
Data path: /home/simonettos/homhetgnn/HGB/LP/benchmark/data/amazon_style_cct_fold_1
Loading nodes from /home/simonettos/homhetgnn/HGB/LP/benchmark/data/amazon_style_cct_fold_1/node.dat
edge types: dict_keys([6, 5, 7, 1, 0, 4, 3, 2, 8, 9, 10])
Getting training negative samples for edge types: [6]
nodes.shift keys: [0, 1, 2]
nodes.count keys: [0, 1, 2]
links.meta: {6: (1, 0), 5: (1, 1), 7: (0, 0), 1: (1, 1), 0: (0, 0), 4: (0, 0), 3: (0, 2), 2: (1, 1), 8: (1, 1), 9: (1, 1), 10: (1, 1)}
t_type about to use: 0
h_type: 1
shift dict: {0: 0, 1: 558, 2: 1498}
count dict: Counter({1: 940, 0: 558, 2: 188})
Generated 884 negative samples for edge type 6
Info: load amazon_style_cct_fold_1 from original data and generate /home/simonettos/homhetgnn/HGB/LP/benchmark/data/amazon_style_cct_fold_1/dl_pickle 
edge types: [6]
dataset: amazon_style_cct_fold_1, eval_type: 6
epoch 0 | batch 0 |train loss 0.6931334137916565
Valid: loss 0.693124532699585, score:{'roc_auc': 0.5463905325443787, 'MRR': 0.7125}
Saving model
epoch 0 | batch 1 |train loss 0.6931119561195374
epoch 1 | batch 0 |train loss 0.6931145191192627
Valid: loss 0.6930919885635376, score:{'roc_auc': 0.5940828402366864, 'MRR': 0.725}
Saving model
epoch 1 | batch 1 |train loss 0.6931036710739136
epoch 2 | batch 0 |train loss 0.693073034286499
Valid: loss 0.6930608749389648, score:{'roc_auc': 0.6376331360946746, 'MRR': 0.8}
Saving model
epoch 2 | batch 1 |train loss 0.6930533051490784
epoch 3 | batch 0 |train loss 0.6930258274078369
Valid: loss 0.6930271983146667, score:{'roc_auc': 0.676094674556213, 'MRR': 0.8375}
Saving model
epoch 3 | batch 1 |train loss 0.6930317282676697
epoch 4 | batch 0 |train loss 0.6930219531059265
Valid: loss 0.6929910778999329, score:{'roc_auc': 0.7053254437869821, 'MRR': 0.8625}
Saving model
epoch 4 | batch 1 |train loss 0.6929706931114197
epoch 5 | batch 0 |train loss 0.6929818987846375
Valid: loss 0.6929513812065125, score:{'roc_auc': 0.7221301775147929, 'MRR': 0.875}
Saving model
epoch 5 | batch 1 |train loss 0.6929354667663574
epoch 6 | batch 0 |train loss 0.6929036378860474
Valid: loss 0.6929072737693787, score:{'roc_auc': 0.7396449704142012, 'MRR': 0.875}
Saving model
epoch 6 | batch 1 |train loss 0.6929141879081726
epoch 7 | batch 0 |train loss 0.6928653120994568
Valid: loss 0.6928585171699524, score:{'roc_auc': 0.7512426035502959, 'MRR': 0.8875}
Saving model
epoch 7 | batch 1 |train loss 0.6928584575653076
epoch 8 | batch 0 |train loss 0.6928284168243408
Valid: loss 0.6928043961524963, score:{'roc_auc': 0.762130177514793, 'MRR': 0.8875}
Saving model
epoch 8 | batch 1 |train loss 0.69282466173172
epoch 9 | batch 0 |train loss 0.6927689909934998
Valid: loss 0.6927434802055359, score:{'roc_auc': 0.7689940828402367, 'MRR': 0.9}
Saving model
epoch 9 | batch 1 |train loss 0.6927623152732849
epoch 10 | batch 0 |train loss 0.6927088499069214
Valid: loss 0.6926737427711487, score:{'roc_auc': 0.7744378698224852, 'MRR': 0.8958333333333333}
Saving model
epoch 10 | batch 1 |train loss 0.6926851272583008
epoch 11 | batch 0 |train loss 0.6926040649414062
Valid: loss 0.6925938129425049, score:{'roc_auc': 0.7796449704142012, 'MRR': 0.8958333333333333}
Saving model
epoch 11 | batch 1 |train loss 0.6926078200340271
epoch 12 | batch 0 |train loss 0.6925426721572876
Valid: loss 0.6925013065338135, score:{'roc_auc': 0.7834319526627219, 'MRR': 0.8958333333333333}
Saving model
epoch 12 | batch 1 |train loss 0.6925029158592224
epoch 13 | batch 0 |train loss 0.6924412846565247
Valid: loss 0.6923945546150208, score:{'roc_auc': 0.7842603550295858, 'MRR': 0.8958333333333333}
Saving model
epoch 13 | batch 1 |train loss 0.6924117803573608
epoch 14 | batch 0 |train loss 0.6923376321792603
Valid: loss 0.6922709941864014, score:{'roc_auc': 0.786508875739645, 'MRR': 0.8958333333333333}
Saving model
epoch 14 | batch 1 |train loss 0.6923108696937561
epoch 15 | batch 0 |train loss 0.6922072768211365
Valid: loss 0.692126989364624, score:{'roc_auc': 0.7884023668639052, 'MRR': 0.8958333333333333}
Saving model
epoch 15 | batch 1 |train loss 0.6921552419662476
epoch 16 | batch 0 |train loss 0.6920545697212219
Valid: loss 0.6919589638710022, score:{'roc_auc': 0.7869822485207101, 'MRR': 0.8958333333333333}
Saving model
epoch 16 | batch 1 |train loss 0.6919280290603638
epoch 17 | batch 0 |train loss 0.6919647455215454
Valid: loss 0.6917629241943359, score:{'roc_auc': 0.7888757396449704, 'MRR': 0.8833333333333332}
Saving model
epoch 17 | batch 1 |train loss 0.691783607006073
epoch 18 | batch 0 |train loss 0.6917046308517456
Valid: loss 0.6915339827537537, score:{'roc_auc': 0.7900591715976332, 'MRR': 0.8833333333333332}
Saving model
epoch 18 | batch 1 |train loss 0.6914901733398438
epoch 19 | batch 0 |train loss 0.6914742588996887
Valid: loss 0.6912657618522644, score:{'roc_auc': 0.7900591715976332, 'MRR': 0.8833333333333332}
Saving model
epoch 19 | batch 1 |train loss 0.6914262771606445
epoch 20 | batch 0 |train loss 0.6911866068840027
Valid: loss 0.6909525990486145, score:{'roc_auc': 0.7900591715976332, 'MRR': 0.8833333333333332}
Saving model
epoch 20 | batch 1 |train loss 0.6909425854682922
epoch 21 | batch 0 |train loss 0.6909021735191345
Valid: loss 0.6905855536460876, score:{'roc_auc': 0.7898224852071006, 'MRR': 0.8833333333333332}
Saving model
epoch 21 | batch 1 |train loss 0.6906834244728088
epoch 22 | batch 0 |train loss 0.6905947923660278
Valid: loss 0.6901577115058899, score:{'roc_auc': 0.7907692307692307, 'MRR': 0.8833333333333332}
Saving model
epoch 22 | batch 1 |train loss 0.6901639103889465
epoch 23 | batch 0 |train loss 0.6900049448013306
Valid: loss 0.6896570324897766, score:{'roc_auc': 0.7917159763313609, 'MRR': 0.8958333333333333}
Saving model
epoch 23 | batch 1 |train loss 0.6896237730979919
epoch 24 | batch 0 |train loss 0.6896697878837585
Valid: loss 0.6890712976455688, score:{'roc_auc': 0.7907692307692308, 'MRR': 0.89375}
Saving model
epoch 24 | batch 1 |train loss 0.6891407370567322
epoch 25 | batch 0 |train loss 0.6889026761054993
Valid: loss 0.6883869171142578, score:{'roc_auc': 0.7920710059171598, 'MRR': 0.89375}
Saving model
epoch 25 | batch 1 |train loss 0.6882877945899963
epoch 26 | batch 0 |train loss 0.6882904171943665
Valid: loss 0.6875866651535034, score:{'roc_auc': 0.7919526627218936, 'MRR': 0.89375}
Saving model
epoch 26 | batch 1 |train loss 0.6875588893890381
epoch 27 | batch 0 |train loss 0.6874892115592957
Valid: loss 0.6866528987884521, score:{'roc_auc': 0.7938461538461539, 'MRR': 0.89375}
Saving model
epoch 27 | batch 1 |train loss 0.6869289875030518
epoch 28 | batch 0 |train loss 0.6864714622497559
Valid: loss 0.6855652928352356, score:{'roc_auc': 0.7938461538461539, 'MRR': 0.89375}
Saving model
epoch 28 | batch 1 |train loss 0.6855065226554871
epoch 29 | batch 0 |train loss 0.685553252696991
Valid: loss 0.6842999458312988, score:{'roc_auc': 0.7978698224852071, 'MRR': 0.90625}
Saving model
epoch 29 | batch 1 |train loss 0.6845203638076782
epoch 30 | batch 0 |train loss 0.6845061779022217
Valid: loss 0.6828312277793884, score:{'roc_auc': 0.799526627218935, 'MRR': 0.90625}
Saving model
epoch 30 | batch 1 |train loss 0.6834196448326111
epoch 31 | batch 0 |train loss 0.6827324628829956
Valid: loss 0.6811303496360779, score:{'roc_auc': 0.8014201183431953, 'MRR': 0.90625}
Saving model
epoch 31 | batch 1 |train loss 0.6811789274215698
epoch 32 | batch 0 |train loss 0.6810303330421448
Valid: loss 0.6791595816612244, score:{'roc_auc': 0.803076923076923, 'MRR': 0.90625}
Saving model
epoch 32 | batch 1 |train loss 0.679466962814331
epoch 33 | batch 0 |train loss 0.6790757775306702
Valid: loss 0.6768836379051208, score:{'roc_auc': 0.8033136094674557, 'MRR': 0.90625}
Saving model
epoch 33 | batch 1 |train loss 0.6772588491439819
epoch 34 | batch 0 |train loss 0.6770526170730591
Valid: loss 0.6742622256278992, score:{'roc_auc': 0.8063905325443788, 'MRR': 0.90625}
Saving model
epoch 34 | batch 1 |train loss 0.6750518679618835
epoch 35 | batch 0 |train loss 0.6741876006126404
Valid: loss 0.6712559461593628, score:{'roc_auc': 0.8073372781065089, 'MRR': 0.90625}
Saving model
epoch 35 | batch 1 |train loss 0.6719586253166199
epoch 36 | batch 0 |train loss 0.6716917157173157
Valid: loss 0.6678203344345093, score:{'roc_auc': 0.8073372781065089, 'MRR': 0.89375}
Saving model
epoch 36 | batch 1 |train loss 0.6687612533569336
epoch 37 | batch 0 |train loss 0.6680676937103271
Valid: loss 0.6639078855514526, score:{'roc_auc': 0.8080473372781065, 'MRR': 0.89375}
Saving model
epoch 37 | batch 1 |train loss 0.6652708053588867
epoch 38 | batch 0 |train loss 0.6644988656044006
Valid: loss 0.6594734787940979, score:{'roc_auc': 0.8097041420118344, 'MRR': 0.89375}
Saving model
epoch 38 | batch 1 |train loss 0.6617487668991089
epoch 39 | batch 0 |train loss 0.6599901914596558
Valid: loss 0.6544737815856934, score:{'roc_auc': 0.8111242603550296, 'MRR': 0.89375}
Saving model
epoch 39 | batch 1 |train loss 0.6562334895133972
epoch 40 | batch 0 |train loss 0.6557426452636719
Valid: loss 0.6488635540008545, score:{'roc_auc': 0.8123076923076923, 'MRR': 0.89375}
Saving model
epoch 40 | batch 1 |train loss 0.6503552794456482
epoch 41 | batch 0 |train loss 0.6507683992385864
Valid: loss 0.642610490322113, score:{'roc_auc': 0.8142011834319526, 'MRR': 0.89375}
Saving model
epoch 41 | batch 1 |train loss 0.6454891562461853
epoch 42 | batch 0 |train loss 0.6427052021026611
Valid: loss 0.6356822848320007, score:{'roc_auc': 0.8132544378698224, 'MRR': 0.89375}
Saving model
epoch 42 | batch 1 |train loss 0.6377750039100647
epoch 43 | batch 0 |train loss 0.6375460028648376
Valid: loss 0.6280727982521057, score:{'roc_auc': 0.81396449704142, 'MRR': 0.89375}
Saving model
epoch 43 | batch 1 |train loss 0.6321089863777161
epoch 44 | batch 0 |train loss 0.6313039064407349
Valid: loss 0.6197858452796936, score:{'roc_auc': 0.8146745562130177, 'MRR': 0.89375}
Saving model
epoch 44 | batch 1 |train loss 0.6240992546081543
epoch 45 | batch 0 |train loss 0.6244271993637085
Valid: loss 0.6108513474464417, score:{'roc_auc': 0.8172781065088757, 'MRR': 0.89375}
Saving model
epoch 45 | batch 1 |train loss 0.6164843440055847
epoch 46 | batch 0 |train loss 0.6152520179748535
Valid: loss 0.6013576984405518, score:{'roc_auc': 0.818698224852071, 'MRR': 0.90625}
Saving model
epoch 46 | batch 1 |train loss 0.606864333152771
epoch 47 | batch 0 |train loss 0.6085630655288696
Valid: loss 0.5913921594619751, score:{'roc_auc': 0.8203550295857989, 'MRR': 0.90625}
Saving model
epoch 47 | batch 1 |train loss 0.5970765948295593
epoch 48 | batch 0 |train loss 0.599371612071991
Valid: loss 0.5811033248901367, score:{'roc_auc': 0.8208284023668639, 'MRR': 0.91875}
Saving model
epoch 48 | batch 1 |train loss 0.5874252319335938
epoch 49 | batch 0 |train loss 0.5892349481582642
Valid: loss 0.5706695318222046, score:{'roc_auc': 0.8213017751479291, 'MRR': 0.91875}
Saving model
epoch 49 | batch 1 |train loss 0.5808539986610413
epoch 50 | batch 0 |train loss 0.5792855024337769
Valid: loss 0.5603663921356201, score:{'roc_auc': 0.8222485207100593, 'MRR': 0.91875}
Saving model
epoch 50 | batch 1 |train loss 0.5697997808456421
epoch 51 | batch 0 |train loss 0.5713819265365601
Valid: loss 0.5504318475723267, score:{'roc_auc': 0.8231952662721893, 'MRR': 0.91875}
Saving model
epoch 51 | batch 1 |train loss 0.5602397918701172
epoch 52 | batch 0 |train loss 0.5618641972541809
Valid: loss 0.5411573648452759, score:{'roc_auc': 0.8253254437869822, 'MRR': 0.91875}
Saving model
epoch 52 | batch 1 |train loss 0.5508657097816467
epoch 53 | batch 0 |train loss 0.5528558492660522
Valid: loss 0.5328377485275269, score:{'roc_auc': 0.8265088757396449, 'MRR': 0.91875}
Saving model
epoch 53 | batch 1 |train loss 0.5413246750831604
epoch 54 | batch 0 |train loss 0.5463547706604004
Valid: loss 0.525731086730957, score:{'roc_auc': 0.8284023668639053, 'MRR': 0.91875}
Saving model
epoch 54 | batch 1 |train loss 0.5338109731674194
epoch 55 | batch 0 |train loss 0.5361900329589844
Valid: loss 0.5200252532958984, score:{'roc_auc': 0.8312426035502958, 'MRR': 0.91875}
Saving model
epoch 55 | batch 1 |train loss 0.5280541777610779
epoch 56 | batch 0 |train loss 0.5304734706878662
Valid: loss 0.5158361196517944, score:{'roc_auc': 0.8326627218934911, 'MRR': 0.91875}
Saving model
epoch 56 | batch 1 |train loss 0.5210480093955994
epoch 57 | batch 0 |train loss 0.5288087129592896
Valid: loss 0.5129982829093933, score:{'roc_auc': 0.8333727810650887, 'MRR': 0.91875}
Saving model
epoch 57 | batch 1 |train loss 0.5178036093711853
epoch 58 | batch 0 |train loss 0.5234379172325134
Valid: loss 0.5112050771713257, score:{'roc_auc': 0.8340828402366864, 'MRR': 0.91875}
Saving model
epoch 58 | batch 1 |train loss 0.5128508806228638
epoch 59 | batch 0 |train loss 0.5228617191314697
Valid: loss 0.5102564692497253, score:{'roc_auc': 0.8362130177514793, 'MRR': 0.91875}
Saving model
epoch 59 | batch 1 |train loss 0.5102824568748474
epoch 60 | batch 0 |train loss 0.5187224745750427
Valid: loss 0.5098004937171936, score:{'roc_auc': 0.8388165680473374, 'MRR': 0.91875}
Saving model
epoch 60 | batch 1 |train loss 0.5091681480407715
epoch 61 | batch 0 |train loss 0.5190699100494385
Valid: loss 0.5094833970069885, score:{'roc_auc': 0.8397633136094674, 'MRR': 0.91875}
Saving model
epoch 61 | batch 1 |train loss 0.5045379996299744
epoch 62 | batch 0 |train loss 0.5140076279640198
Valid: loss 0.5094830393791199, score:{'roc_auc': 0.8402366863905326, 'MRR': 0.91875}
Saving model
epoch 62 | batch 1 |train loss 0.50440514087677
epoch 63 | batch 0 |train loss 0.5133851766586304
Valid: loss 0.509415864944458, score:{'roc_auc': 0.8404733727810652, 'MRR': 0.91875}
Saving model
epoch 63 | batch 1 |train loss 0.5057748556137085
epoch 64 | batch 0 |train loss 0.5120203495025635
Valid: loss 0.5092266798019409, score:{'roc_auc': 0.8418934911242604, 'MRR': 0.91875}
Saving model
epoch 64 | batch 1 |train loss 0.4996764063835144
epoch 65 | batch 0 |train loss 0.5080583095550537
Valid: loss 0.5089592933654785, score:{'roc_auc': 0.8433136094674556, 'MRR': 0.91875}
Saving model
epoch 65 | batch 1 |train loss 0.49976760149002075
epoch 66 | batch 0 |train loss 0.5051561594009399
Valid: loss 0.5083667039871216, score:{'roc_auc': 0.8433136094674556, 'MRR': 0.91875}
Saving model
epoch 66 | batch 1 |train loss 0.49770069122314453
epoch 67 | batch 0 |train loss 0.5039323568344116
Valid: loss 0.5072536468505859, score:{'roc_auc': 0.8437869822485208, 'MRR': 0.91875}
Saving model
epoch 67 | batch 1 |train loss 0.49579453468322754
epoch 68 | batch 0 |train loss 0.5019991397857666
Valid: loss 0.5060732364654541, score:{'roc_auc': 0.8447337278106509, 'MRR': 0.93125}
Saving model
epoch 68 | batch 1 |train loss 0.49341997504234314
epoch 69 | batch 0 |train loss 0.4980165660381317
Valid: loss 0.5050461888313293, score:{'roc_auc': 0.8456804733727811, 'MRR': 0.93125}
Saving model
epoch 69 | batch 1 |train loss 0.48916247487068176
epoch 70 | batch 0 |train loss 0.49805980920791626
Valid: loss 0.5040663480758667, score:{'roc_auc': 0.8459171597633136, 'MRR': 0.93125}
Saving model
epoch 70 | batch 1 |train loss 0.4912418723106384
epoch 71 | batch 0 |train loss 0.4959004521369934
Valid: loss 0.5031765103340149, score:{'roc_auc': 0.8461538461538461, 'MRR': 0.94375}
Saving model
epoch 71 | batch 1 |train loss 0.48717811703681946
epoch 72 | batch 0 |train loss 0.4933103919029236
Valid: loss 0.5024179220199585, score:{'roc_auc': 0.8461538461538461, 'MRR': 0.94375}
Saving model
epoch 72 | batch 1 |train loss 0.48462778329849243
epoch 73 | batch 0 |train loss 0.49229952692985535
Valid: loss 0.5019108653068542, score:{'roc_auc': 0.8454437869822485, 'MRR': 0.94375}
Saving model
epoch 73 | batch 1 |train loss 0.4838479161262512
epoch 74 | batch 0 |train loss 0.4912492036819458
Valid: loss 0.5014539361000061, score:{'roc_auc': 0.8454437869822485, 'MRR': 0.94375}
Saving model
epoch 74 | batch 1 |train loss 0.48285019397735596
epoch 75 | batch 0 |train loss 0.4896877408027649
Valid: loss 0.5011419653892517, score:{'roc_auc': 0.8442603550295857, 'MRR': 0.94375}
Saving model
epoch 75 | batch 1 |train loss 0.47952064871788025
epoch 76 | batch 0 |train loss 0.488082617521286
Valid: loss 0.5009574294090271, score:{'roc_auc': 0.8442603550295857, 'MRR': 0.94375}
Saving model
epoch 76 | batch 1 |train loss 0.47696051001548767
epoch 77 | batch 0 |train loss 0.488525927066803
Valid: loss 0.5008489489555359, score:{'roc_auc': 0.8437869822485208, 'MRR': 0.94375}
Saving model
epoch 77 | batch 1 |train loss 0.4768233895301819
epoch 78 | batch 0 |train loss 0.48593199253082275
Valid: loss 0.5009570717811584, score:{'roc_auc': 0.842603550295858, 'MRR': 0.94375}
EarlyStopping counter: 1 out of 3
epoch 78 | batch 1 |train loss 0.4777287244796753
epoch 79 | batch 0 |train loss 0.4848167300224304
Valid: loss 0.5012650489807129, score:{'roc_auc': 0.8423668639053254, 'MRR': 0.94375}
EarlyStopping counter: 2 out of 3
epoch 79 | batch 1 |train loss 0.4752054512500763
epoch 80 | batch 0 |train loss 0.4824594259262085
Valid: loss 0.5015859603881836, score:{'roc_auc': 0.8421301775147929, 'MRR': 0.94375}
Meta keys: dict_keys([6])
Data keys: dict_keys([6])
Edge type: 6, Meta: (1, 0)
Average links per head: 3.41
Median: 2.0, Min: 1, Max: 22
len test_list[0] 525
len test_list[1] 525
len test_label 525
2 hop test: loss 0.5015859603881836, score:{'roc_auc': 0.5881371183095321, 'MRR': 0.7718614718614719}
(array([0, 1]), array([261, 264]))
[0.55969954 0.5569233  0.5594464  0.54246646 0.6936114  0.8251439
 0.8598685  0.77873135 0.8408131  0.8749775  0.8611727  0.8562131
 0.83405805 0.90138566 0.9182423  0.20125887 0.8872097  0.3957935
 0.7635078  0.36838228]
Average links per head full random test: 1.51
Medianfull random test: 1.0, Min: 1, Max: 11
len test_list[0]full random test 528
len test_list[1]full random test 528
len test_label full random test 528
2 hop test: loss 0.5015859603881836, score:{'roc_auc': 0.5881371183095321, 'MRR': 0.7718614718614719}
edge type: 6, random_score: {'roc_auc': 0.7646206382001837, 'MRR': 0.987012987012987}, score: {'roc_auc': 0.5881371183095321, 'MRR': 0.7718614718614719}
ROC_AUC: 0.5881371183095321
Sec neigh test: score list: defaultdict(<class 'list'>, {'roc_auc': [0.5881371183095321], 'MRR': [0.7718614718614719]})
Random test: score list: defaultdict(<class 'list'>, {'roc_auc': [0.7646206382001837], 'MRR': [0.987012987012987]})
Sec neigh test:average score: defaultdict(<class 'list'>, {'roc_auc': 0.5881, 'MRR': 0.7719})
Random test: average score: defaultdict(<class 'list'>, {'roc_auc': 0.7646, 'MRR': 0.987})
Completed: amazon_style_cct_fold_1 (rep 3)

--------------------------------------
Running model: GAT
Dataset: amazon_style_cct_fold_2
Repetition: 3
--------------------------------------
use device: cpu
Namespace(data='amazon_style_cct_fold_2', model_path='model.pt', train_iter_n=50, cuda=0, checkpoint='', epochs=100, patience=3, n_layers=2, n_heads=[4], dropout=0.5, model='GAT', lr=0.0001, weight_decay=0.0, batch_size=1024, edge_sample_ratio=1, test_with_CPU=False, decoder='dismult', feat_type=0)
args.feat_type 0
sys_path ['/home/simonettos/homhetgnn/HGB/LP/benchmark/methods/GNN', '/home/simonettos/homhetgnn/sbatches', '/home/simonettos/homhetgnn/HGB/LP/benchmark/methods/baseline', '/home/simonettos/homhetgnn/HGB/LP/benchmark', '/home/simonettos/homhetgnn/HGB/LP/benchmark/methods/GNN', '/home/simonettos/homhetgnn/HGB/LP/benchmark/methods/GNN/utils', '/home/simonettos/homhetgnn/HGB/LP/benchmark/methods/GNN/models', '/deepstore/software/anaconda3/2022.05/lib/python39.zip', '/deepstore/software/anaconda3/2022.05/lib/python3.9', '/deepstore/software/anaconda3/2022.05/lib/python3.9/lib-dynload', '/home/simonettos/homhetgnn/gpuvenv/lib/python3.9/site-packages', '../../', '../../']
Data path: /home/simonettos/homhetgnn/HGB/LP/benchmark/data/amazon_style_cct_fold_2
Loading nodes from /home/simonettos/homhetgnn/HGB/LP/benchmark/data/amazon_style_cct_fold_2/node.dat
edge types: dict_keys([3, 6, 5, 4, 7, 2, 0, 8, 1, 10, 9])
Getting training negative samples for edge types: [6]
nodes.shift keys: [0, 1, 2]
nodes.count keys: [0, 1, 2]
links.meta: {3: (0, 2), 6: (1, 0), 5: (1, 1), 4: (0, 0), 7: (0, 0), 2: (1, 1), 0: (0, 0), 8: (1, 1), 1: (1, 1), 10: (1, 1), 9: (1, 1)}
t_type about to use: 0
h_type: 1
shift dict: {0: 0, 1: 558, 2: 1498}
count dict: Counter({1: 940, 0: 558, 2: 188})
Generated 882 negative samples for edge type 6
Info: load amazon_style_cct_fold_2 from original data and generate /home/simonettos/homhetgnn/HGB/LP/benchmark/data/amazon_style_cct_fold_2/dl_pickle 
edge types: [6]
dataset: amazon_style_cct_fold_2, eval_type: 6
epoch 0 | batch 0 |train loss 0.6931617856025696
Valid: loss 0.6931208968162537, score:{'roc_auc': 0.5200043252595156, 'MRR': 0.7537037037037038}
Saving model
epoch 0 | batch 1 |train loss 0.6931493878364563
epoch 1 | batch 0 |train loss 0.6931189298629761
Valid: loss 0.6931040287017822, score:{'roc_auc': 0.5483347750865052, 'MRR': 0.7537037037037038}
Saving model
epoch 1 | batch 1 |train loss 0.693108320236206
epoch 2 | batch 0 |train loss 0.6930723786354065
Valid: loss 0.6930872797966003, score:{'roc_auc': 0.5725562283737025, 'MRR': 0.7896296296296298}
Saving model
epoch 2 | batch 1 |train loss 0.6930552124977112
epoch 3 | batch 0 |train loss 0.6930328607559204
Valid: loss 0.6930689811706543, score:{'roc_auc': 0.6005622837370242, 'MRR': 0.8351851851851853}
Saving model
epoch 3 | batch 1 |train loss 0.6930074095726013
epoch 4 | batch 0 |train loss 0.6929889917373657
Valid: loss 0.6930489540100098, score:{'roc_auc': 0.6252162629757786, 'MRR': 0.8518518518518517}
Saving model
epoch 4 | batch 1 |train loss 0.6929455995559692
epoch 5 | batch 0 |train loss 0.692916214466095
Valid: loss 0.6930269002914429, score:{'roc_auc': 0.6306228373702422, 'MRR': 0.8629629629629628}
Saving model
epoch 5 | batch 1 |train loss 0.6929222345352173
epoch 6 | batch 0 |train loss 0.6928842663764954
Valid: loss 0.693001925945282, score:{'roc_auc': 0.6394896193771625, 'MRR': 0.8518518518518517}
Saving model
epoch 6 | batch 1 |train loss 0.6928449273109436
epoch 7 | batch 0 |train loss 0.692821741104126
Valid: loss 0.6929733157157898, score:{'roc_auc': 0.641219723183391, 'MRR': 0.8407407407407407}
Saving model
epoch 7 | batch 1 |train loss 0.6927557587623596
epoch 8 | batch 0 |train loss 0.6927826404571533
Valid: loss 0.6929402947425842, score:{'roc_auc': 0.643166089965398, 'MRR': 0.8518518518518517}
Saving model
epoch 8 | batch 1 |train loss 0.6926620602607727
epoch 9 | batch 0 |train loss 0.6927179098129272
Valid: loss 0.6929026246070862, score:{'roc_auc': 0.6446799307958477, 'MRR': 0.8407407407407407}
Saving model
epoch 9 | batch 1 |train loss 0.6926138401031494
epoch 10 | batch 0 |train loss 0.6925899982452393
Valid: loss 0.6928583979606628, score:{'roc_auc': 0.6501946366782007, 'MRR': 0.8518518518518517}
Saving model
epoch 10 | batch 1 |train loss 0.6924729347229004
epoch 11 | batch 0 |train loss 0.692495584487915
Valid: loss 0.6928070187568665, score:{'roc_auc': 0.65030276816609, 'MRR': 0.85}
Saving model
epoch 11 | batch 1 |train loss 0.6923760771751404
epoch 12 | batch 0 |train loss 0.6923945546150208
Valid: loss 0.6927468180656433, score:{'roc_auc': 0.6509515570934256, 'MRR': 0.85}
Saving model
epoch 12 | batch 1 |train loss 0.6922886371612549
epoch 13 | batch 0 |train loss 0.6922892928123474
Valid: loss 0.6926770210266113, score:{'roc_auc': 0.6509515570934256, 'MRR': 0.85}
Saving model
epoch 13 | batch 1 |train loss 0.6921231746673584
epoch 14 | batch 0 |train loss 0.6920925974845886
Valid: loss 0.6925951838493347, score:{'roc_auc': 0.653114186851211, 'MRR': 0.8518518518518517}
Saving model
epoch 14 | batch 1 |train loss 0.6920080184936523
epoch 15 | batch 0 |train loss 0.6918887495994568
Valid: loss 0.692499041557312, score:{'roc_auc': 0.6544117647058824, 'MRR': 0.8518518518518517}
Saving model
epoch 15 | batch 1 |train loss 0.6916950345039368
epoch 16 | batch 0 |train loss 0.6916455030441284
Valid: loss 0.6923855543136597, score:{'roc_auc': 0.6574394463667821, 'MRR': 0.8518518518518517}
Saving model
epoch 16 | batch 1 |train loss 0.6915718913078308
epoch 17 | batch 0 |train loss 0.6913957595825195
Valid: loss 0.6922526359558105, score:{'roc_auc': 0.6587370242214532, 'MRR': 0.8518518518518517}
Saving model
epoch 17 | batch 1 |train loss 0.691328227519989
epoch 18 | batch 0 |train loss 0.6911148428916931
Valid: loss 0.6920967698097229, score:{'roc_auc': 0.6606833910034602, 'MRR': 0.8518518518518517}
Saving model
epoch 18 | batch 1 |train loss 0.6908978223800659
epoch 19 | batch 0 |train loss 0.6908159255981445
Valid: loss 0.6919142603874207, score:{'roc_auc': 0.6611159169550174, 'MRR': 0.8518518518518517}
Saving model
epoch 19 | batch 1 |train loss 0.6906258463859558
epoch 20 | batch 0 |train loss 0.6904914379119873
Valid: loss 0.6916999220848083, score:{'roc_auc': 0.6632785467128028, 'MRR': 0.8518518518518517}
Saving model
epoch 20 | batch 1 |train loss 0.6901146769523621
epoch 21 | batch 0 |train loss 0.6899733543395996
Valid: loss 0.6914486289024353, score:{'roc_auc': 0.6660899653979239, 'MRR': 0.8518518518518517}
Saving model
epoch 21 | batch 1 |train loss 0.6897276043891907
epoch 22 | batch 0 |train loss 0.6895626783370972
Valid: loss 0.691154956817627, score:{'roc_auc': 0.6663062283737025, 'MRR': 0.8518518518518517}
Saving model
epoch 22 | batch 1 |train loss 0.689060389995575
epoch 23 | batch 0 |train loss 0.688981294631958
Valid: loss 0.6908122897148132, score:{'roc_auc': 0.6673875432525952, 'MRR': 0.8611111111111112}
Saving model
epoch 23 | batch 1 |train loss 0.6883209347724915
epoch 24 | batch 0 |train loss 0.6881223917007446
Valid: loss 0.6904120445251465, score:{'roc_auc': 0.668901384083045, 'MRR': 0.8611111111111112}
Saving model
epoch 24 | batch 1 |train loss 0.6877463459968567
epoch 25 | batch 0 |train loss 0.6874385476112366
Valid: loss 0.6899452209472656, score:{'roc_auc': 0.6697664359861591, 'MRR': 0.8611111111111112}
Saving model
epoch 25 | batch 1 |train loss 0.6864443421363831
epoch 26 | batch 0 |train loss 0.6863912343978882
Valid: loss 0.6894003748893738, score:{'roc_auc': 0.6719290657439447, 'MRR': 0.8611111111111112}
Saving model
epoch 26 | batch 1 |train loss 0.6855180263519287
epoch 27 | batch 0 |train loss 0.6853976249694824
Valid: loss 0.688766598701477, score:{'roc_auc': 0.6740916955017302, 'MRR': 0.85}
Saving model
epoch 27 | batch 1 |train loss 0.6844534873962402
epoch 28 | batch 0 |train loss 0.6839334964752197
Valid: loss 0.688031017780304, score:{'roc_auc': 0.6745242214532873, 'MRR': 0.85}
Saving model
epoch 28 | batch 1 |train loss 0.682681679725647
epoch 29 | batch 0 |train loss 0.6823156476020813
Valid: loss 0.6871781945228577, score:{'roc_auc': 0.676038062283737, 'MRR': 0.85}
Saving model
epoch 29 | batch 1 |train loss 0.6807643175125122
epoch 30 | batch 0 |train loss 0.6808446049690247
Valid: loss 0.6861928105354309, score:{'roc_auc': 0.6771193771626297, 'MRR': 0.85}
Saving model
epoch 30 | batch 1 |train loss 0.6797690391540527
epoch 31 | batch 0 |train loss 0.6789351105690002
Valid: loss 0.6850608587265015, score:{'roc_auc': 0.6794982698961938, 'MRR': 0.85}
Saving model
epoch 31 | batch 1 |train loss 0.6769434809684753
epoch 32 | batch 0 |train loss 0.6760379076004028
Valid: loss 0.6837607026100159, score:{'roc_auc': 0.6797145328719723, 'MRR': 0.85}
Saving model
epoch 32 | batch 1 |train loss 0.6749916076660156
epoch 33 | batch 0 |train loss 0.673421323299408
Valid: loss 0.682275116443634, score:{'roc_auc': 0.6810121107266437, 'MRR': 0.85}
Saving model
epoch 33 | batch 1 |train loss 0.6714653968811035
epoch 34 | batch 0 |train loss 0.6708738207817078
Valid: loss 0.6805838942527771, score:{'roc_auc': 0.6825259515570935, 'MRR': 0.85}
Saving model
epoch 34 | batch 1 |train loss 0.6686819791793823
epoch 35 | batch 0 |train loss 0.6673867106437683
Valid: loss 0.6786670088768005, score:{'roc_auc': 0.683174740484429, 'MRR': 0.8488888888888889}
Saving model
epoch 35 | batch 1 |train loss 0.665651261806488
epoch 36 | batch 0 |train loss 0.6643871068954468
Valid: loss 0.676508903503418, score:{'roc_auc': 0.6836072664359861, 'MRR': 0.8488888888888889}
Saving model
epoch 36 | batch 1 |train loss 0.6610223054885864
epoch 37 | batch 0 |train loss 0.6599584817886353
Valid: loss 0.6740910410881042, score:{'roc_auc': 0.6851211072664358, 'MRR': 0.8488888888888889}
Saving model
epoch 37 | batch 1 |train loss 0.6559149026870728
epoch 38 | batch 0 |train loss 0.65458744764328
Valid: loss 0.6713994145393372, score:{'roc_auc': 0.6868512110726643, 'MRR': 0.8488888888888889}
Saving model
epoch 38 | batch 1 |train loss 0.649907648563385
epoch 39 | batch 0 |train loss 0.647750735282898
Valid: loss 0.6684269905090332, score:{'roc_auc': 0.6881487889273357, 'MRR': 0.8488888888888889}
Saving model
epoch 39 | batch 1 |train loss 0.6442488431930542
epoch 40 | batch 0 |train loss 0.6431840062141418
Valid: loss 0.6651778221130371, score:{'roc_auc': 0.6894463667820069, 'MRR': 0.8488888888888889}
Saving model
epoch 40 | batch 1 |train loss 0.6388049721717834
epoch 41 | batch 0 |train loss 0.6358898282051086
Valid: loss 0.6616723537445068, score:{'roc_auc': 0.689446366782007, 'MRR': 0.8488888888888889}
Saving model
epoch 41 | batch 1 |train loss 0.6306482553482056
epoch 42 | batch 0 |train loss 0.6280997395515442
Valid: loss 0.6579362750053406, score:{'roc_auc': 0.6905276816608996, 'MRR': 0.8488888888888889}
Saving model
epoch 42 | batch 1 |train loss 0.6244513392448425
epoch 43 | batch 0 |train loss 0.6185599565505981
Valid: loss 0.6540287733078003, score:{'roc_auc': 0.6922577854671281, 'MRR': 0.8488888888888889}
Saving model
epoch 43 | batch 1 |train loss 0.613476037979126
epoch 44 | batch 0 |train loss 0.6100329756736755
Valid: loss 0.6500215530395508, score:{'roc_auc': 0.6946366782006921, 'MRR': 0.8488888888888889}
Saving model
epoch 44 | batch 1 |train loss 0.6053767204284668
epoch 45 | batch 0 |train loss 0.6020073890686035
Valid: loss 0.6460174322128296, score:{'roc_auc': 0.6963667820069204, 'MRR': 0.8488888888888889}
Saving model
epoch 45 | batch 1 |train loss 0.5956531167030334
epoch 46 | batch 0 |train loss 0.5915825366973877
Valid: loss 0.6421571969985962, score:{'roc_auc': 0.6972318339100346, 'MRR': 0.8488888888888889}
Saving model
epoch 46 | batch 1 |train loss 0.585229218006134
epoch 47 | batch 0 |train loss 0.5810022950172424
Valid: loss 0.6386278867721558, score:{'roc_auc': 0.6976643598615917, 'MRR': 0.8488888888888889}
Saving model
epoch 47 | batch 1 |train loss 0.5751761198043823
epoch 48 | batch 0 |train loss 0.5727628469467163
Valid: loss 0.6356263756752014, score:{'roc_auc': 0.6998269896193772, 'MRR': 0.8488888888888889}
Saving model
epoch 48 | batch 1 |train loss 0.5631095767021179
epoch 49 | batch 0 |train loss 0.561518669128418
Valid: loss 0.6333675384521484, score:{'roc_auc': 0.7015570934256055, 'MRR': 0.85}
Saving model
epoch 49 | batch 1 |train loss 0.5560528039932251
epoch 50 | batch 0 |train loss 0.5488111972808838
Valid: loss 0.6321066617965698, score:{'roc_auc': 0.7035034602076125, 'MRR': 0.85}
Saving model
epoch 50 | batch 1 |train loss 0.5442818403244019
epoch 51 | batch 0 |train loss 0.539658784866333
Valid: loss 0.6320252418518066, score:{'roc_auc': 0.7048010380622837, 'MRR': 0.85}
Saving model
epoch 51 | batch 1 |train loss 0.5340205430984497
epoch 52 | batch 0 |train loss 0.5313260555267334
Valid: loss 0.6332728266716003, score:{'roc_auc': 0.7058823529411764, 'MRR': 0.85}
EarlyStopping counter: 1 out of 3
epoch 52 | batch 1 |train loss 0.5258330702781677
epoch 53 | batch 0 |train loss 0.5218209028244019
Valid: loss 0.635951817035675, score:{'roc_auc': 0.7073961937716263, 'MRR': 0.85}
EarlyStopping counter: 2 out of 3
epoch 53 | batch 1 |train loss 0.5150212645530701
epoch 54 | batch 0 |train loss 0.5130341053009033
Valid: loss 0.6400479674339294, score:{'roc_auc': 0.7086937716262975, 'MRR': 0.85}
Meta keys: dict_keys([6])
Data keys: dict_keys([6])
Edge type: 6, Meta: (1, 0)
Average links per head: 3.73
Median: 2.0, Min: 2, Max: 24
len test_list[0] 526
len test_list[1] 526
len test_label 526
2 hop test: loss 0.6400479674339294, score:{'roc_auc': 0.5335916378724573, 'MRR': 0.7591016548463357}
(array([0, 1]), array([263, 263]))
[0.3554153  0.44036964 0.721149   0.7671603  0.49117208 0.5507989
 0.6974826  0.36170802 0.67728907 0.70735127 0.70216674 0.67335194
 0.5426655  0.6310515  0.61844814 0.5679471  0.6830915  0.60067993
 0.69974566 0.6406122 ]
Average links per head full random test: 1.53
Medianfull random test: 1.0, Min: 1, Max: 12
len test_list[0]full random test 526
len test_list[1]full random test 526
len test_label full random test 526
2 hop test: loss 0.6400479674339294, score:{'roc_auc': 0.5335916378724573, 'MRR': 0.7591016548463357}
edge type: 6, random_score: {'roc_auc': 0.7124289782995273, 'MRR': 0.9609929078014184}, score: {'roc_auc': 0.5335916378724573, 'MRR': 0.7591016548463357}
ROC_AUC: 0.5335916378724573
Sec neigh test: score list: defaultdict(<class 'list'>, {'roc_auc': [0.5335916378724573], 'MRR': [0.7591016548463357]})
Random test: score list: defaultdict(<class 'list'>, {'roc_auc': [0.7124289782995273], 'MRR': [0.9609929078014184]})
Sec neigh test:average score: defaultdict(<class 'list'>, {'roc_auc': 0.5336, 'MRR': 0.7591})
Random test: average score: defaultdict(<class 'list'>, {'roc_auc': 0.7124, 'MRR': 0.961})
Completed: amazon_style_cct_fold_2 (rep 3)

--------------------------------------
Running model: GAT
Dataset: amazon_style_cct_fold_3
Repetition: 3
--------------------------------------
use device: cpu
Namespace(data='amazon_style_cct_fold_3', model_path='model.pt', train_iter_n=50, cuda=0, checkpoint='', epochs=100, patience=3, n_layers=2, n_heads=[4], dropout=0.5, model='GAT', lr=0.0001, weight_decay=0.0, batch_size=1024, edge_sample_ratio=1, test_with_CPU=False, decoder='dismult', feat_type=0)
args.feat_type 0
sys_path ['/home/simonettos/homhetgnn/HGB/LP/benchmark/methods/GNN', '/home/simonettos/homhetgnn/sbatches', '/home/simonettos/homhetgnn/HGB/LP/benchmark/methods/baseline', '/home/simonettos/homhetgnn/HGB/LP/benchmark', '/home/simonettos/homhetgnn/HGB/LP/benchmark/methods/GNN', '/home/simonettos/homhetgnn/HGB/LP/benchmark/methods/GNN/utils', '/home/simonettos/homhetgnn/HGB/LP/benchmark/methods/GNN/models', '/deepstore/software/anaconda3/2022.05/lib/python39.zip', '/deepstore/software/anaconda3/2022.05/lib/python3.9', '/deepstore/software/anaconda3/2022.05/lib/python3.9/lib-dynload', '/home/simonettos/homhetgnn/gpuvenv/lib/python3.9/site-packages', '../../', '../../']
Data path: /home/simonettos/homhetgnn/HGB/LP/benchmark/data/amazon_style_cct_fold_3
Loading nodes from /home/simonettos/homhetgnn/HGB/LP/benchmark/data/amazon_style_cct_fold_3/node.dat
edge types: dict_keys([3, 6, 5, 4, 7, 2, 0, 8, 1, 10, 9])
Getting training negative samples for edge types: [6]
nodes.shift keys: [0, 1, 2]
nodes.count keys: [0, 1, 2]
links.meta: {3: (0, 2), 6: (1, 0), 5: (1, 1), 4: (0, 0), 7: (0, 0), 2: (1, 1), 0: (0, 0), 8: (1, 1), 1: (1, 1), 10: (1, 1), 9: (1, 1)}
t_type about to use: 0
h_type: 1
shift dict: {0: 0, 1: 558, 2: 1498}
count dict: Counter({1: 940, 0: 558, 2: 188})
Generated 909 negative samples for edge type 6
Info: load amazon_style_cct_fold_3 from original data and generate /home/simonettos/homhetgnn/HGB/LP/benchmark/data/amazon_style_cct_fold_3/dl_pickle 
edge types: [6]
dataset: amazon_style_cct_fold_3, eval_type: 6
epoch 0 | batch 0 |train loss 0.6932039856910706
Valid: loss 0.6931321024894714, score:{'roc_auc': 0.5257963988919667, 'MRR': 0.7767295597484277}
Saving model
epoch 0 | batch 1 |train loss 0.6931493878364563
epoch 1 | batch 0 |train loss 0.6931701898574829
Valid: loss 0.6931172609329224, score:{'roc_auc': 0.5621537396121883, 'MRR': 0.7735849056603774}
Saving model
epoch 1 | batch 1 |train loss 0.6930999159812927
epoch 2 | batch 0 |train loss 0.6931165456771851
Valid: loss 0.6931039690971375, score:{'roc_auc': 0.5832756232686981, 'MRR': 0.7924528301886793}
Saving model
epoch 2 | batch 1 |train loss 0.6930971741676331
epoch 3 | batch 0 |train loss 0.6930717825889587
Valid: loss 0.693090558052063, score:{'roc_auc': 0.5952216066481995, 'MRR': 0.8207547169811321}
Saving model
epoch 3 | batch 1 |train loss 0.693069338798523
epoch 4 | batch 0 |train loss 0.6930320262908936
Valid: loss 0.6930765509605408, score:{'roc_auc': 0.6096779778393352, 'MRR': 0.8207547169811321}
Saving model
epoch 4 | batch 1 |train loss 0.6929783821105957
epoch 5 | batch 0 |train loss 0.6930047273635864
Valid: loss 0.693061113357544, score:{'roc_auc': 0.6191135734072022, 'MRR': 0.839622641509434}
Saving model
epoch 5 | batch 1 |train loss 0.6929636597633362
epoch 6 | batch 0 |train loss 0.6929651498794556
Valid: loss 0.6930443644523621, score:{'roc_auc': 0.6248268698060941, 'MRR': 0.8301886792452831}
Saving model
epoch 6 | batch 1 |train loss 0.6929108500480652
epoch 7 | batch 0 |train loss 0.6928966641426086
Valid: loss 0.6930258274078369, score:{'roc_auc': 0.626904432132964, 'MRR': 0.839622641509434}
Saving model
epoch 7 | batch 1 |train loss 0.6928991675376892
epoch 8 | batch 0 |train loss 0.6928909420967102
Valid: loss 0.6930049061775208, score:{'roc_auc': 0.6314923822714681, 'MRR': 0.8301886792452831}
Saving model
epoch 8 | batch 1 |train loss 0.6927921772003174
epoch 9 | batch 0 |train loss 0.6927877068519592
Valid: loss 0.692980945110321, score:{'roc_auc': 0.6319252077562327, 'MRR': 0.839622641509434}
Saving model
epoch 9 | batch 1 |train loss 0.6927546262741089
epoch 10 | batch 0 |train loss 0.6927506923675537
Valid: loss 0.6929534673690796, score:{'roc_auc': 0.6320117728531855, 'MRR': 0.8207547169811321}
Saving model
epoch 10 | batch 1 |train loss 0.692691445350647
epoch 11 | batch 0 |train loss 0.6926625967025757
Valid: loss 0.6929215788841248, score:{'roc_auc': 0.6327908587257618, 'MRR': 0.8207547169811321}
Saving model
epoch 11 | batch 1 |train loss 0.6926479339599609
epoch 12 | batch 0 |train loss 0.6925486326217651
Valid: loss 0.6928839683532715, score:{'roc_auc': 0.6345221606648199, 'MRR': 0.8207547169811321}
Saving model
epoch 12 | batch 1 |train loss 0.692584216594696
epoch 13 | batch 0 |train loss 0.6924771070480347
Valid: loss 0.6928402185440063, score:{'roc_auc': 0.6376385041551247, 'MRR': 0.8207547169811321}
Saving model
epoch 13 | batch 1 |train loss 0.6924640536308289
epoch 14 | batch 0 |train loss 0.6924061179161072
Valid: loss 0.692789614200592, score:{'roc_auc': 0.6365997229916898, 'MRR': 0.8113207547169812}
Saving model
epoch 14 | batch 1 |train loss 0.6923912763595581
epoch 15 | batch 0 |train loss 0.6922757029533386
Valid: loss 0.6927305459976196, score:{'roc_auc': 0.6386772853185596, 'MRR': 0.8018867924528302}
Saving model
epoch 15 | batch 1 |train loss 0.692188024520874
epoch 16 | batch 0 |train loss 0.6921350955963135
Valid: loss 0.6926614046096802, score:{'roc_auc': 0.639196675900277, 'MRR': 0.7924528301886793}
Saving model
epoch 16 | batch 1 |train loss 0.6920835375785828
epoch 17 | batch 0 |train loss 0.6919760704040527
Valid: loss 0.692579984664917, score:{'roc_auc': 0.6386772853185595, 'MRR': 0.7924528301886793}
Saving model
epoch 17 | batch 1 |train loss 0.691940188407898
epoch 18 | batch 0 |train loss 0.6917547583580017
Valid: loss 0.6924840211868286, score:{'roc_auc': 0.6391966759002771, 'MRR': 0.8018867924528302}
Saving model
epoch 18 | batch 1 |train loss 0.6917437314987183
epoch 19 | batch 0 |train loss 0.6915579438209534
Valid: loss 0.6923708915710449, score:{'roc_auc': 0.6402354570637119, 'MRR': 0.8018867924528302}
Saving model
epoch 19 | batch 1 |train loss 0.6914637684822083
epoch 20 | batch 0 |train loss 0.6912453770637512
Valid: loss 0.6922374963760376, score:{'roc_auc': 0.6419667590027701, 'MRR': 0.8113207547169812}
Saving model
epoch 20 | batch 1 |train loss 0.6912462115287781
epoch 21 | batch 0 |train loss 0.6908311247825623
Valid: loss 0.6920793652534485, score:{'roc_auc': 0.6417936288088644, 'MRR': 0.8113207547169812}
Saving model
epoch 21 | batch 1 |train loss 0.6909469366073608
epoch 22 | batch 0 |train loss 0.6906145811080933
Valid: loss 0.6918925642967224, score:{'roc_auc': 0.6426592797783933, 'MRR': 0.8018867924528302}
Saving model
epoch 22 | batch 1 |train loss 0.6906550526618958
epoch 23 | batch 0 |train loss 0.6901249885559082
Valid: loss 0.6916725039482117, score:{'roc_auc': 0.6433518005540166, 'MRR': 0.8018867924528302}
Saving model
epoch 23 | batch 1 |train loss 0.6902574896812439
epoch 24 | batch 0 |train loss 0.6898286938667297
Valid: loss 0.6914140582084656, score:{'roc_auc': 0.6440443213296398, 'MRR': 0.8018867924528302}
Saving model
epoch 24 | batch 1 |train loss 0.6898198127746582
epoch 25 | batch 0 |train loss 0.6889890432357788
Valid: loss 0.6911109685897827, score:{'roc_auc': 0.6456024930747921, 'MRR': 0.8018867924528302}
Saving model
epoch 25 | batch 1 |train loss 0.68911212682724
epoch 26 | batch 0 |train loss 0.6882319450378418
Valid: loss 0.6907541155815125, score:{'roc_auc': 0.6468144044321329, 'MRR': 0.8018867924528302}
Saving model
epoch 26 | batch 1 |train loss 0.6882931590080261
epoch 27 | batch 0 |train loss 0.6875753402709961
Valid: loss 0.690334141254425, score:{'roc_auc': 0.6475069252077562, 'MRR': 0.8018867924528302}
Saving model
epoch 27 | batch 1 |train loss 0.6877404451370239
epoch 28 | batch 0 |train loss 0.6868686676025391
Valid: loss 0.689842939376831, score:{'roc_auc': 0.6476800554016621, 'MRR': 0.8018867924528302}
Saving model
epoch 28 | batch 1 |train loss 0.6868936419487
epoch 29 | batch 0 |train loss 0.6856991052627563
Valid: loss 0.6892687678337097, score:{'roc_auc': 0.6501038781163434, 'MRR': 0.8113207547169812}
Saving model
epoch 29 | batch 1 |train loss 0.685776948928833
epoch 30 | batch 0 |train loss 0.6844394207000732
Valid: loss 0.6885994672775269, score:{'roc_auc': 0.6507963988919667, 'MRR': 0.8113207547169812}
Saving model
epoch 30 | batch 1 |train loss 0.6847549676895142
epoch 31 | batch 0 |train loss 0.6828398108482361
Valid: loss 0.6878218054771423, score:{'roc_auc': 0.6521814404432132, 'MRR': 0.8113207547169812}
Saving model
epoch 31 | batch 1 |train loss 0.6830627918243408
epoch 32 | batch 0 |train loss 0.6814902424812317
Valid: loss 0.6869186162948608, score:{'roc_auc': 0.6539127423822715, 'MRR': 0.8113207547169812}
Saving model
epoch 32 | batch 1 |train loss 0.681657075881958
epoch 33 | batch 0 |train loss 0.6792862415313721
Valid: loss 0.6858741641044617, score:{'roc_auc': 0.6559903047091412, 'MRR': 0.8113207547169812}
Saving model
epoch 33 | batch 1 |train loss 0.680160641670227
epoch 34 | batch 0 |train loss 0.6771656274795532
Valid: loss 0.6846697330474854, score:{'roc_auc': 0.6577216066481995, 'MRR': 0.8113207547169812}
Saving model
epoch 34 | batch 1 |train loss 0.6782534718513489
epoch 35 | batch 0 |train loss 0.6741645932197571
Valid: loss 0.6832873821258545, score:{'roc_auc': 0.6587603878116344, 'MRR': 0.8113207547169812}
Saving model
epoch 35 | batch 1 |train loss 0.675601065158844
epoch 36 | batch 0 |train loss 0.6718974113464355
Valid: loss 0.6817082166671753, score:{'roc_auc': 0.6617036011080333, 'MRR': 0.8113207547169812}
Saving model
epoch 36 | batch 1 |train loss 0.6731433868408203
epoch 37 | batch 0 |train loss 0.6691082715988159
Valid: loss 0.6799143552780151, score:{'roc_auc': 0.6625692520775623, 'MRR': 0.8113207547169812}
Saving model
epoch 37 | batch 1 |train loss 0.669784426689148
epoch 38 | batch 0 |train loss 0.6649796366691589
Valid: loss 0.6778877377510071, score:{'roc_auc': 0.6634349030470913, 'MRR': 0.8018867924528302}
Saving model
epoch 38 | batch 1 |train loss 0.6657412648200989
epoch 39 | batch 0 |train loss 0.6601439118385315
Valid: loss 0.6756129264831543, score:{'roc_auc': 0.6651662049861494, 'MRR': 0.8018867924528302}
Saving model
epoch 39 | batch 1 |train loss 0.662173867225647
epoch 40 | batch 0 |train loss 0.6562838554382324
Valid: loss 0.6730778813362122, score:{'roc_auc': 0.6663781163434903, 'MRR': 0.8018867924528302}
Saving model
epoch 40 | batch 1 |train loss 0.6574868559837341
epoch 41 | batch 0 |train loss 0.6503233909606934
Valid: loss 0.6702767610549927, score:{'roc_auc': 0.66845567867036, 'MRR': 0.8018867924528302}
Saving model
epoch 41 | batch 1 |train loss 0.6522046327590942
epoch 42 | batch 0 |train loss 0.6441342234611511
Valid: loss 0.6672155857086182, score:{'roc_auc': 0.6701869806094182, 'MRR': 0.8018867924528302}
Saving model
epoch 42 | batch 1 |train loss 0.6462965607643127
epoch 43 | batch 0 |train loss 0.6363489627838135
Valid: loss 0.6639158725738525, score:{'roc_auc': 0.6726108033240997, 'MRR': 0.8018867924528302}
Saving model
epoch 43 | batch 1 |train loss 0.6406365036964417
epoch 44 | batch 0 |train loss 0.6305071115493774
Valid: loss 0.6604214906692505, score:{'roc_auc': 0.6736495844875346, 'MRR': 0.8018867924528302}
Saving model
epoch 44 | batch 1 |train loss 0.6356701850891113
epoch 45 | batch 0 |train loss 0.6211485862731934
Valid: loss 0.6567849516868591, score:{'roc_auc': 0.674342105263158, 'MRR': 0.8018867924528302}
Saving model
epoch 45 | batch 1 |train loss 0.6267857551574707
epoch 46 | batch 0 |train loss 0.6148385405540466
Valid: loss 0.6530753970146179, score:{'roc_auc': 0.6765927977839334, 'MRR': 0.8018867924528302}
Saving model
epoch 46 | batch 1 |train loss 0.6180490851402283
epoch 47 | batch 0 |train loss 0.604256272315979
Valid: loss 0.6493854522705078, score:{'roc_auc': 0.6786703601108034, 'MRR': 0.8018867924528302}
Saving model
epoch 47 | batch 1 |train loss 0.6128666400909424
epoch 48 | batch 0 |train loss 0.5926763415336609
Valid: loss 0.6458242535591125, score:{'roc_auc': 0.6802285318559558, 'MRR': 0.8018867924528302}
Saving model
epoch 48 | batch 1 |train loss 0.6029131412506104
epoch 49 | batch 0 |train loss 0.5854520797729492
Valid: loss 0.6424998641014099, score:{'roc_auc': 0.6805747922437673, 'MRR': 0.8018867924528302}
Saving model
epoch 49 | batch 1 |train loss 0.5924631357192993
epoch 50 | batch 0 |train loss 0.573567807674408
Valid: loss 0.6395238637924194, score:{'roc_auc': 0.6819598337950139, 'MRR': 0.8018867924528302}
Saving model
epoch 50 | batch 1 |train loss 0.5838988423347473
epoch 51 | batch 0 |train loss 0.561171293258667
Valid: loss 0.6370015144348145, score:{'roc_auc': 0.683691135734072, 'MRR': 0.8018867924528302}
Saving model
epoch 51 | batch 1 |train loss 0.5764925479888916
epoch 52 | batch 0 |train loss 0.5525620579719543
Valid: loss 0.6350310444831848, score:{'roc_auc': 0.685595567867036, 'MRR': 0.8018867924528302}
Saving model
epoch 52 | batch 1 |train loss 0.5671694874763489
epoch 53 | batch 0 |train loss 0.5440078973770142
Valid: loss 0.6336749196052551, score:{'roc_auc': 0.6880193905817173, 'MRR': 0.8018867924528302}
Saving model
epoch 53 | batch 1 |train loss 0.5604879260063171
epoch 54 | batch 0 |train loss 0.534419059753418
Valid: loss 0.6329271197319031, score:{'roc_auc': 0.690270083102493, 'MRR': 0.8018867924528302}
Saving model
epoch 54 | batch 1 |train loss 0.5530200004577637
epoch 55 | batch 0 |train loss 0.5246546268463135
Valid: loss 0.6327520608901978, score:{'roc_auc': 0.6930401662049861, 'MRR': 0.8018867924528302}
Saving model
epoch 55 | batch 1 |train loss 0.5460788011550903
epoch 56 | batch 0 |train loss 0.516740620136261
Valid: loss 0.6331449151039124, score:{'roc_auc': 0.6944252077562327, 'MRR': 0.8113207547169812}
EarlyStopping counter: 1 out of 3
epoch 56 | batch 1 |train loss 0.5404533743858337
epoch 57 | batch 0 |train loss 0.512444794178009
Valid: loss 0.6340635418891907, score:{'roc_auc': 0.6970221606648199, 'MRR': 0.8081761006289309}
EarlyStopping counter: 2 out of 3
epoch 57 | batch 1 |train loss 0.5360234975814819
epoch 58 | batch 0 |train loss 0.5055837631225586
Valid: loss 0.6353250741958618, score:{'roc_auc': 0.6990997229916898, 'MRR': 0.8176100628930818}
Meta keys: dict_keys([6])
Data keys: dict_keys([6])
Edge type: 6, Meta: (1, 0)
Average links per head: 3.48
Median: 2.0, Min: 1, Max: 24
len test_list[0] 453
len test_list[1] 453
len test_label 453
2 hop test: loss 0.6353250741958618, score:{'roc_auc': 0.5683625730994153, 'MRR': 0.7658424908424908}
(array([0, 1]), array([225, 228]))
[0.22453335 0.2964402  0.3562088  0.47925022 0.7101661  0.6623826
 0.76990914 0.5756046  0.8291563  0.7543051  0.7628673  0.75338215
 0.67727834 0.6802273  0.6155231  0.89847034 0.50301045 0.27180052
 0.43980017 0.50510955]
Average links per head full random test: 1.49
Medianfull random test: 1.0, Min: 1, Max: 12
len test_list[0]full random test 456
len test_list[1]full random test 456
len test_label full random test 456
2 hop test: loss 0.6353250741958618, score:{'roc_auc': 0.5683625730994153, 'MRR': 0.7658424908424908}
edge type: 6, random_score: {'roc_auc': 0.7250692520775623, 'MRR': 0.9884615384615385}, score: {'roc_auc': 0.5683625730994153, 'MRR': 0.7658424908424908}
ROC_AUC: 0.5683625730994153
Sec neigh test: score list: defaultdict(<class 'list'>, {'roc_auc': [0.5683625730994153], 'MRR': [0.7658424908424908]})
Random test: score list: defaultdict(<class 'list'>, {'roc_auc': [0.7250692520775623], 'MRR': [0.9884615384615385]})
Sec neigh test:average score: defaultdict(<class 'list'>, {'roc_auc': 0.5684, 'MRR': 0.7658})
Random test: average score: defaultdict(<class 'list'>, {'roc_auc': 0.7251, 'MRR': 0.9885})
Completed: amazon_style_cct_fold_3 (rep 3)

--------------------------------------
Running model: GAT
Dataset: amazon_style_cct_fold_4
Repetition: 3
--------------------------------------
use device: cpu
Namespace(data='amazon_style_cct_fold_4', model_path='model.pt', train_iter_n=50, cuda=0, checkpoint='', epochs=100, patience=3, n_layers=2, n_heads=[4], dropout=0.5, model='GAT', lr=0.0001, weight_decay=0.0, batch_size=1024, edge_sample_ratio=1, test_with_CPU=False, decoder='dismult', feat_type=0)
args.feat_type 0
sys_path ['/home/simonettos/homhetgnn/HGB/LP/benchmark/methods/GNN', '/home/simonettos/homhetgnn/sbatches', '/home/simonettos/homhetgnn/HGB/LP/benchmark/methods/baseline', '/home/simonettos/homhetgnn/HGB/LP/benchmark', '/home/simonettos/homhetgnn/HGB/LP/benchmark/methods/GNN', '/home/simonettos/homhetgnn/HGB/LP/benchmark/methods/GNN/utils', '/home/simonettos/homhetgnn/HGB/LP/benchmark/methods/GNN/models', '/deepstore/software/anaconda3/2022.05/lib/python39.zip', '/deepstore/software/anaconda3/2022.05/lib/python3.9', '/deepstore/software/anaconda3/2022.05/lib/python3.9/lib-dynload', '/home/simonettos/homhetgnn/gpuvenv/lib/python3.9/site-packages', '../../', '../../']
Data path: /home/simonettos/homhetgnn/HGB/LP/benchmark/data/amazon_style_cct_fold_4
Loading nodes from /home/simonettos/homhetgnn/HGB/LP/benchmark/data/amazon_style_cct_fold_4/node.dat
edge types: dict_keys([3, 6, 5, 4, 7, 2, 0, 8, 1, 10, 9])
Getting training negative samples for edge types: [6]
nodes.shift keys: [0, 1, 2]
nodes.count keys: [0, 1, 2]
links.meta: {3: (0, 2), 6: (1, 0), 5: (1, 1), 4: (0, 0), 7: (0, 0), 2: (1, 1), 0: (0, 0), 8: (1, 1), 1: (1, 1), 10: (1, 1), 9: (1, 1)}
t_type about to use: 0
h_type: 1
shift dict: {0: 0, 1: 558, 2: 1498}
count dict: Counter({1: 940, 0: 558, 2: 188})
Generated 915 negative samples for edge type 6
Info: load amazon_style_cct_fold_4 from original data and generate /home/simonettos/homhetgnn/HGB/LP/benchmark/data/amazon_style_cct_fold_4/dl_pickle 
edge types: [6]
dataset: amazon_style_cct_fold_4, eval_type: 6
epoch 0 | batch 0 |train loss 0.693170428276062
Valid: loss 0.6931883096694946, score:{'roc_auc': 0.45020829200555446, 'MRR': 0.730072463768116}
Saving model
epoch 0 | batch 1 |train loss 0.6931178569793701
epoch 1 | batch 0 |train loss 0.6930940747261047
Valid: loss 0.6931703686714172, score:{'roc_auc': 0.4798651061297362, 'MRR': 0.7572463768115941}
Saving model
epoch 1 | batch 1 |train loss 0.6931126117706299
epoch 2 | batch 0 |train loss 0.6931136250495911
Valid: loss 0.6931531429290771, score:{'roc_auc': 0.5008926800238047, 'MRR': 0.7409420289855073}
Saving model
epoch 2 | batch 1 |train loss 0.6931262016296387
epoch 3 | batch 0 |train loss 0.6930493712425232
Valid: loss 0.6931362152099609, score:{'roc_auc': 0.5248958539972228, 'MRR': 0.7789855072463768}
Saving model
epoch 3 | batch 1 |train loss 0.6930323839187622
epoch 4 | batch 0 |train loss 0.693019449710846
Valid: loss 0.6931188106536865, score:{'roc_auc': 0.5412616544336442, 'MRR': 0.7681159420289854}
Saving model
epoch 4 | batch 1 |train loss 0.6930096745491028
epoch 5 | batch 0 |train loss 0.6929808855056763
Valid: loss 0.6931010484695435, score:{'roc_auc': 0.5604046816107915, 'MRR': 0.7971014492753623}
Saving model
epoch 5 | batch 1 |train loss 0.6929699182510376
epoch 6 | batch 0 |train loss 0.6929484605789185
Valid: loss 0.6930821537971497, score:{'roc_auc': 0.5731997619519936, 'MRR': 0.786231884057971}
Saving model
epoch 6 | batch 1 |train loss 0.6929551362991333
epoch 7 | batch 0 |train loss 0.692914605140686
Valid: loss 0.6930615901947021, score:{'roc_auc': 0.5765721087085895, 'MRR': 0.786231884057971}
Saving model
epoch 7 | batch 1 |train loss 0.6928671598434448
epoch 8 | batch 0 |train loss 0.6928548216819763
Valid: loss 0.6930391192436218, score:{'roc_auc': 0.586193215631819, 'MRR': 0.7844202898550724}
Saving model
epoch 8 | batch 1 |train loss 0.6928414106369019
epoch 9 | batch 0 |train loss 0.6928273439407349
Valid: loss 0.6930142045021057, score:{'roc_auc': 0.5923427891291411, 'MRR': 0.7971014492753623}
Saving model
epoch 9 | batch 1 |train loss 0.6927955150604248
epoch 10 | batch 0 |train loss 0.6927911043167114
Valid: loss 0.6929863691329956, score:{'roc_auc': 0.5995834159888911, 'MRR': 0.8043478260869565}
Saving model
epoch 10 | batch 1 |train loss 0.69272381067276
epoch 11 | batch 0 |train loss 0.692668616771698
Valid: loss 0.6929546594619751, score:{'roc_auc': 0.6068240428486411, 'MRR': 0.8297101449275364}
Saving model
epoch 11 | batch 1 |train loss 0.6926345229148865
epoch 12 | batch 0 |train loss 0.6926589012145996
Valid: loss 0.6929183602333069, score:{'roc_auc': 0.6113866296369768, 'MRR': 0.818840579710145}
Saving model
epoch 12 | batch 1 |train loss 0.6926245093345642
epoch 13 | batch 0 |train loss 0.6925304532051086
Valid: loss 0.6928771734237671, score:{'roc_auc': 0.6157508430866891, 'MRR': 0.815217391304348}
Saving model
epoch 13 | batch 1 |train loss 0.6925654411315918
epoch 14 | batch 0 |train loss 0.6924048066139221
Valid: loss 0.692829966545105, score:{'roc_auc': 0.6197183098591548, 'MRR': 0.815217391304348}
Saving model
epoch 14 | batch 1 |train loss 0.6923949122428894
epoch 15 | batch 0 |train loss 0.6923072934150696
Valid: loss 0.6927757263183594, score:{'roc_auc': 0.6219004165840111, 'MRR': 0.815217391304348}
Saving model
epoch 15 | batch 1 |train loss 0.6922906637191772
epoch 16 | batch 0 |train loss 0.6922088265419006
Valid: loss 0.6927130222320557, score:{'roc_auc': 0.623884149970244, 'MRR': 0.815217391304348}
Saving model
epoch 16 | batch 1 |train loss 0.6921683549880981
epoch 17 | batch 0 |train loss 0.6920697689056396
Valid: loss 0.6926401257514954, score:{'roc_auc': 0.6276532434040865, 'MRR': 0.815217391304348}
Saving model
epoch 17 | batch 1 |train loss 0.6919636130332947
epoch 18 | batch 0 |train loss 0.6918579339981079
Valid: loss 0.6925551891326904, score:{'roc_auc': 0.6310255901606824, 'MRR': 0.8260869565217392}
Saving model
epoch 18 | batch 1 |train loss 0.6917646527290344
epoch 19 | batch 0 |train loss 0.6916165351867676
Valid: loss 0.6924558281898499, score:{'roc_auc': 0.6349930569331482, 'MRR': 0.8260869565217392}
Saving model
epoch 19 | batch 1 |train loss 0.6916061043739319
epoch 20 | batch 0 |train loss 0.6913832426071167
Valid: loss 0.692340075969696, score:{'roc_auc': 0.6373735369966276, 'MRR': 0.8369565217391306}
Saving model
epoch 20 | batch 1 |train loss 0.6913600564002991
epoch 21 | batch 0 |train loss 0.6910299062728882
Valid: loss 0.6922045946121216, score:{'roc_auc': 0.639754017060107, 'MRR': 0.8369565217391306}
Saving model
epoch 21 | batch 1 |train loss 0.6910479068756104
epoch 22 | batch 0 |train loss 0.690879225730896
Valid: loss 0.6920461654663086, score:{'roc_auc': 0.6423328704622098, 'MRR': 0.8369565217391306}
Saving model
epoch 22 | batch 1 |train loss 0.6908648014068604
epoch 23 | batch 0 |train loss 0.6904370188713074
Valid: loss 0.6918615698814392, score:{'roc_auc': 0.6433247371553263, 'MRR': 0.8260869565217392}
Saving model
epoch 23 | batch 1 |train loss 0.6904014945030212
epoch 24 | batch 0 |train loss 0.6898840069770813
Valid: loss 0.6916458606719971, score:{'roc_auc': 0.6459035905574291, 'MRR': 0.8260869565217392}
Saving model
epoch 24 | batch 1 |train loss 0.6899555921554565
epoch 25 | batch 0 |train loss 0.6896412372589111
Valid: loss 0.6913950443267822, score:{'roc_auc': 0.6472922039277922, 'MRR': 0.8260869565217392}
Saving model
epoch 25 | batch 1 |train loss 0.6893819570541382
epoch 26 | batch 0 |train loss 0.6889090538024902
Valid: loss 0.6911033987998962, score:{'roc_auc': 0.6472922039277921, 'MRR': 0.8260869565217392}
Saving model
epoch 26 | batch 1 |train loss 0.6889424920082092
epoch 27 | batch 0 |train loss 0.6882655024528503
Valid: loss 0.6907645463943481, score:{'roc_auc': 0.6500694306685182, 'MRR': 0.8260869565217392}
Saving model
epoch 27 | batch 1 |train loss 0.6881133913993835
epoch 28 | batch 0 |train loss 0.6876956224441528
Valid: loss 0.6903724074363708, score:{'roc_auc': 0.6520531640547511, 'MRR': 0.8260869565217392}
Saving model
epoch 28 | batch 1 |train loss 0.6874419450759888
epoch 29 | batch 0 |train loss 0.6868360042572021
Valid: loss 0.6899189949035645, score:{'roc_auc': 0.6524499107319977, 'MRR': 0.8260869565217392}
Saving model
epoch 29 | batch 1 |train loss 0.6867245435714722
epoch 30 | batch 0 |train loss 0.6855688095092773
Valid: loss 0.689395546913147, score:{'roc_auc': 0.6538385241023607, 'MRR': 0.8260869565217392}
Saving model
epoch 30 | batch 1 |train loss 0.6857107281684875
epoch 31 | batch 0 |train loss 0.684272289276123
Valid: loss 0.6887895464897156, score:{'roc_auc': 0.6556238841499702, 'MRR': 0.8260869565217392}
Saving model
epoch 31 | batch 1 |train loss 0.6842669248580933
epoch 32 | batch 0 |train loss 0.6832867860794067
Valid: loss 0.6880892515182495, score:{'roc_auc': 0.6576076175362031, 'MRR': 0.8478260869565218}
Saving model
epoch 32 | batch 1 |train loss 0.6830152869224548
epoch 33 | batch 0 |train loss 0.6816383600234985
Valid: loss 0.6872832179069519, score:{'roc_auc': 0.6601864709383058, 'MRR': 0.8478260869565218}
Saving model
epoch 33 | batch 1 |train loss 0.6813480257987976
epoch 34 | batch 0 |train loss 0.6801580786705017
Valid: loss 0.6863586902618408, score:{'roc_auc': 0.6613767109700457, 'MRR': 0.8478260869565218}
Saving model
epoch 34 | batch 1 |train loss 0.6797081232070923
epoch 35 | batch 0 |train loss 0.6779805421829224
Valid: loss 0.685300350189209, score:{'roc_auc': 0.6641539377107717, 'MRR': 0.8478260869565218}
Saving model
epoch 35 | batch 1 |train loss 0.6771673560142517
epoch 36 | batch 0 |train loss 0.67537921667099
Valid: loss 0.6840916872024536, score:{'roc_auc': 0.6647490577266416, 'MRR': 0.8478260869565218}
Saving model
epoch 36 | batch 1 |train loss 0.6746736764907837
epoch 37 | batch 0 |train loss 0.6730697751045227
Valid: loss 0.6827133297920227, score:{'roc_auc': 0.6663360444356279, 'MRR': 0.8478260869565218}
Saving model
epoch 37 | batch 1 |train loss 0.6726747155189514
epoch 38 | batch 0 |train loss 0.669827938079834
Valid: loss 0.6811478734016418, score:{'roc_auc': 0.6659392977583812, 'MRR': 0.8478260869565218}
Saving model
epoch 38 | batch 1 |train loss 0.6698811054229736
epoch 39 | batch 0 |train loss 0.6667585372924805
Valid: loss 0.6793825030326843, score:{'roc_auc': 0.6655425510811347, 'MRR': 0.8478260869565218}
Saving model
epoch 39 | batch 1 |train loss 0.6654075980186462
epoch 40 | batch 0 |train loss 0.6617050766944885
Valid: loss 0.6773971915245056, score:{'roc_auc': 0.6667327911128744, 'MRR': 0.8478260869565218}
Saving model
epoch 40 | batch 1 |train loss 0.6617109179496765
epoch 41 | batch 0 |train loss 0.6575288772583008
Valid: loss 0.6751771569252014, score:{'roc_auc': 0.6681214044832374, 'MRR': 0.8478260869565218}
Saving model
epoch 41 | batch 1 |train loss 0.6576797366142273
epoch 42 | batch 0 |train loss 0.6527339816093445
Valid: loss 0.6727084517478943, score:{'roc_auc': 0.6697083911922238, 'MRR': 0.8478260869565218}
Saving model
epoch 42 | batch 1 |train loss 0.6535266637802124
epoch 43 | batch 0 |train loss 0.64780193567276
Valid: loss 0.6699885129928589, score:{'roc_auc': 0.6717913112477684, 'MRR': 0.8478260869565218}
Saving model
epoch 43 | batch 1 |train loss 0.6467887163162231
epoch 44 | batch 0 |train loss 0.6414903402328491
Valid: loss 0.6670200824737549, score:{'roc_auc': 0.672981551279508, 'MRR': 0.8369565217391306}
Saving model
epoch 44 | batch 1 |train loss 0.6403260827064514
epoch 45 | batch 0 |train loss 0.635233998298645
Valid: loss 0.6638195514678955, score:{'roc_auc': 0.6736758579646897, 'MRR': 0.8369565217391306}
Saving model
epoch 45 | batch 1 |train loss 0.634721040725708
epoch 46 | batch 0 |train loss 0.6261823177337646
Valid: loss 0.660424530506134, score:{'roc_auc': 0.6748660979964293, 'MRR': 0.8369565217391306}
Saving model
epoch 46 | batch 1 |train loss 0.626410186290741
epoch 47 | batch 0 |train loss 0.6202070713043213
Valid: loss 0.6568865776062012, score:{'roc_auc': 0.6768498313826622, 'MRR': 0.8369565217391306}
Saving model
epoch 47 | batch 1 |train loss 0.6181483268737793
epoch 48 | batch 0 |train loss 0.6124207973480225
Valid: loss 0.6532973051071167, score:{'roc_auc': 0.6784368180916485, 'MRR': 0.8405797101449276}
Saving model
epoch 48 | batch 1 |train loss 0.6119200587272644
epoch 49 | batch 0 |train loss 0.6014050245285034
Valid: loss 0.6497749090194702, score:{'roc_auc': 0.6794286847847649, 'MRR': 0.8405797101449276}
Saving model
epoch 49 | batch 1 |train loss 0.6027958989143372
epoch 50 | batch 0 |train loss 0.5932402014732361
Valid: loss 0.6464625597000122, score:{'roc_auc': 0.6810156714937512, 'MRR': 0.8405797101449276}
Saving model
epoch 50 | batch 1 |train loss 0.5942072868347168
epoch 51 | batch 0 |train loss 0.5848100185394287
Valid: loss 0.6435289978981018, score:{'roc_auc': 0.6828010315413608, 'MRR': 0.8405797101449276}
Saving model
epoch 51 | batch 1 |train loss 0.5838087201118469
epoch 52 | batch 0 |train loss 0.5759626626968384
Valid: loss 0.6411763429641724, score:{'roc_auc': 0.6851815116048403, 'MRR': 0.851449275362319}
Saving model
epoch 52 | batch 1 |train loss 0.5755230784416199
epoch 53 | batch 0 |train loss 0.5647677183151245
Valid: loss 0.6396368741989136, score:{'roc_auc': 0.6861733782979568, 'MRR': 0.851449275362319}
Saving model
epoch 53 | batch 1 |train loss 0.5673692226409912
epoch 54 | batch 0 |train loss 0.5568157434463501
Valid: loss 0.639087975025177, score:{'roc_auc': 0.6853798849434636, 'MRR': 0.8405797101449276}
Saving model
epoch 54 | batch 1 |train loss 0.5594103336334229
epoch 55 | batch 0 |train loss 0.5481212139129639
Valid: loss 0.6397048234939575, score:{'roc_auc': 0.6853798849434636, 'MRR': 0.8297101449275364}
EarlyStopping counter: 1 out of 3
epoch 55 | batch 1 |train loss 0.5511458516120911
epoch 56 | batch 0 |train loss 0.5393308997154236
Valid: loss 0.6415325999259949, score:{'roc_auc': 0.687760365006943, 'MRR': 0.8297101449275364}
EarlyStopping counter: 2 out of 3
epoch 56 | batch 1 |train loss 0.5451064705848694
epoch 57 | batch 0 |train loss 0.5346136689186096
Valid: loss 0.6445422768592834, score:{'roc_auc': 0.6899424717317992, 'MRR': 0.8297101449275364}
Meta keys: dict_keys([6])
Data keys: dict_keys([6])
Edge type: 6, Meta: (1, 0)
Average links per head: 3.74
Median: 2.0, Min: 2, Max: 22
len test_list[0] 452
len test_list[1] 452
len test_label 452
2 hop test: loss 0.6445422768592834, score:{'roc_auc': 0.544502310282716, 'MRR': 0.7509641873278238}
(array([0, 1]), array([226, 226]))
[0.29198605 0.24101159 0.30295116 0.49904767 0.32988146 0.5890183
 0.2110946  0.55086446 0.6626784  0.6849393  0.73308283 0.79284096
 0.625335   0.63038605 0.30305716 0.68796843 0.76660603 0.6492642
 0.68780947 0.6198527 ]
Average links per head full random test: 1.50
Medianfull random test: 1.0, Min: 1, Max: 11
len test_list[0]full random test 452
len test_list[1]full random test 452
len test_label full random test 452
2 hop test: loss 0.6445422768592834, score:{'roc_auc': 0.544502310282716, 'MRR': 0.7509641873278238}
edge type: 6, random_score: {'roc_auc': 0.7127809538726603, 'MRR': 0.9834710743801653}, score: {'roc_auc': 0.544502310282716, 'MRR': 0.7509641873278238}
ROC_AUC: 0.544502310282716
Sec neigh test: score list: defaultdict(<class 'list'>, {'roc_auc': [0.544502310282716], 'MRR': [0.7509641873278238]})
Random test: score list: defaultdict(<class 'list'>, {'roc_auc': [0.7127809538726603], 'MRR': [0.9834710743801653]})
Sec neigh test:average score: defaultdict(<class 'list'>, {'roc_auc': 0.5445, 'MRR': 0.751})
Random test: average score: defaultdict(<class 'list'>, {'roc_auc': 0.7128, 'MRR': 0.9835})
Completed: amazon_style_cct_fold_4 (rep 3)

--------------------------------------
Running model: GAT
Dataset: amazon_style_cct_fold_5
Repetition: 3
--------------------------------------
use device: cpu
Namespace(data='amazon_style_cct_fold_5', model_path='model.pt', train_iter_n=50, cuda=0, checkpoint='', epochs=100, patience=3, n_layers=2, n_heads=[4], dropout=0.5, model='GAT', lr=0.0001, weight_decay=0.0, batch_size=1024, edge_sample_ratio=1, test_with_CPU=False, decoder='dismult', feat_type=0)
args.feat_type 0
sys_path ['/home/simonettos/homhetgnn/HGB/LP/benchmark/methods/GNN', '/home/simonettos/homhetgnn/sbatches', '/home/simonettos/homhetgnn/HGB/LP/benchmark/methods/baseline', '/home/simonettos/homhetgnn/HGB/LP/benchmark', '/home/simonettos/homhetgnn/HGB/LP/benchmark/methods/GNN', '/home/simonettos/homhetgnn/HGB/LP/benchmark/methods/GNN/utils', '/home/simonettos/homhetgnn/HGB/LP/benchmark/methods/GNN/models', '/deepstore/software/anaconda3/2022.05/lib/python39.zip', '/deepstore/software/anaconda3/2022.05/lib/python3.9', '/deepstore/software/anaconda3/2022.05/lib/python3.9/lib-dynload', '/home/simonettos/homhetgnn/gpuvenv/lib/python3.9/site-packages', '../../', '../../']
Data path: /home/simonettos/homhetgnn/HGB/LP/benchmark/data/amazon_style_cct_fold_5
Loading nodes from /home/simonettos/homhetgnn/HGB/LP/benchmark/data/amazon_style_cct_fold_5/node.dat
edge types: dict_keys([3, 6, 5, 4, 7, 2, 0, 8, 1, 10, 9])
Getting training negative samples for edge types: [6]
nodes.shift keys: [0, 1, 2]
nodes.count keys: [0, 1, 2]
links.meta: {3: (0, 2), 6: (1, 0), 5: (1, 1), 4: (0, 0), 7: (0, 0), 2: (1, 1), 0: (0, 0), 8: (1, 1), 1: (1, 1), 10: (1, 1), 9: (1, 1)}
t_type about to use: 0
h_type: 1
shift dict: {0: 0, 1: 558, 2: 1498}
count dict: Counter({1: 940, 0: 558, 2: 188})
Generated 920 negative samples for edge type 6
Info: load amazon_style_cct_fold_5 from original data and generate /home/simonettos/homhetgnn/HGB/LP/benchmark/data/amazon_style_cct_fold_5/dl_pickle 
edge types: [6]
dataset: amazon_style_cct_fold_5, eval_type: 6
epoch 0 | batch 0 |train loss 0.693234920501709
Valid: loss 0.6932066679000854, score:{'roc_auc': 0.39944444444444444, 'MRR': 0.6609848484848485}
Saving model
epoch 0 | batch 1 |train loss 0.6932207942008972
epoch 1 | batch 0 |train loss 0.6931560039520264
Valid: loss 0.6931759119033813, score:{'roc_auc': 0.4622222222222222, 'MRR': 0.6950757575757576}
Saving model
epoch 1 | batch 1 |train loss 0.6931376457214355
epoch 2 | batch 0 |train loss 0.6931053996086121
Valid: loss 0.6931475400924683, score:{'roc_auc': 0.5111111111111111, 'MRR': 0.7007575757575757}
Saving model
epoch 2 | batch 1 |train loss 0.693116307258606
epoch 3 | batch 0 |train loss 0.6930946707725525
Valid: loss 0.6931196451187134, score:{'roc_auc': 0.5561111111111111, 'MRR': 0.75}
Saving model
epoch 3 | batch 1 |train loss 0.6931000351905823
epoch 4 | batch 0 |train loss 0.6930893659591675
Valid: loss 0.6930918097496033, score:{'roc_auc': 0.5925, 'MRR': 0.7613636363636364}
Saving model
epoch 4 | batch 1 |train loss 0.693014919757843
epoch 5 | batch 0 |train loss 0.6930069923400879
Valid: loss 0.6930630803108215, score:{'roc_auc': 0.6180555555555556, 'MRR': 0.7727272727272727}
Saving model
epoch 5 | batch 1 |train loss 0.6930016279220581
epoch 6 | batch 0 |train loss 0.6930043697357178
Valid: loss 0.6930334568023682, score:{'roc_auc': 0.6408333333333334, 'MRR': 0.7840909090909091}
Saving model
epoch 6 | batch 1 |train loss 0.6929712295532227
epoch 7 | batch 0 |train loss 0.6929584741592407
Valid: loss 0.6930015683174133, score:{'roc_auc': 0.6566666666666666, 'MRR': 0.7954545454545456}
Saving model
epoch 7 | batch 1 |train loss 0.6929172277450562
epoch 8 | batch 0 |train loss 0.6929173469543457
Valid: loss 0.6929662823677063, score:{'roc_auc': 0.67, 'MRR': 0.8106060606060606}
Saving model
epoch 8 | batch 1 |train loss 0.6928918957710266
epoch 9 | batch 0 |train loss 0.6928942799568176
Valid: loss 0.6929272413253784, score:{'roc_auc': 0.6768055555555555, 'MRR': 0.8143939393939394}
Saving model
epoch 9 | batch 1 |train loss 0.6928074359893799
epoch 10 | batch 0 |train loss 0.6928437948226929
Valid: loss 0.692883312702179, score:{'roc_auc': 0.6844444444444444, 'MRR': 0.8143939393939394}
Saving model
epoch 10 | batch 1 |train loss 0.6927531361579895
epoch 11 | batch 0 |train loss 0.6927748918533325
Valid: loss 0.6928331255912781, score:{'roc_auc': 0.6869444444444444, 'MRR': 0.8030303030303031}
Saving model
epoch 11 | batch 1 |train loss 0.6927309036254883
epoch 12 | batch 0 |train loss 0.6927244663238525
Valid: loss 0.6927756667137146, score:{'roc_auc': 0.6933333333333334, 'MRR': 0.8030303030303031}
Saving model
epoch 12 | batch 1 |train loss 0.6926685571670532
epoch 13 | batch 0 |train loss 0.6925919651985168
Valid: loss 0.6927093267440796, score:{'roc_auc': 0.6966666666666667, 'MRR': 0.7916666666666667}
Saving model
epoch 13 | batch 1 |train loss 0.6925837397575378
epoch 14 | batch 0 |train loss 0.6925265192985535
Valid: loss 0.692632794380188, score:{'roc_auc': 0.6994444444444444, 'MRR': 0.8030303030303031}
Saving model
epoch 14 | batch 1 |train loss 0.6924721002578735
epoch 15 | batch 0 |train loss 0.6923895478248596
Valid: loss 0.6925432682037354, score:{'roc_auc': 0.7030555555555555, 'MRR': 0.8106060606060606}
Saving model
epoch 15 | batch 1 |train loss 0.692330002784729
epoch 16 | batch 0 |train loss 0.6923291683197021
Valid: loss 0.6924389600753784, score:{'roc_auc': 0.7033333333333334, 'MRR': 0.7992424242424242}
Saving model
epoch 16 | batch 1 |train loss 0.6922526359558105
epoch 17 | batch 0 |train loss 0.6921552419662476
Valid: loss 0.6923168301582336, score:{'roc_auc': 0.7094444444444444, 'MRR': 0.7992424242424242}
Saving model
epoch 17 | batch 1 |train loss 0.6920750737190247
epoch 18 | batch 0 |train loss 0.6920188069343567
Valid: loss 0.6921728849411011, score:{'roc_auc': 0.7122222222222222, 'MRR': 0.7992424242424242}
Saving model
epoch 18 | batch 1 |train loss 0.6918444037437439
epoch 19 | batch 0 |train loss 0.6918673515319824
Valid: loss 0.6920032501220703, score:{'roc_auc': 0.7125, 'MRR': 0.7992424242424242}
Saving model
epoch 19 | batch 1 |train loss 0.6916482448577881
epoch 20 | batch 0 |train loss 0.6916635632514954
Valid: loss 0.6918028593063354, score:{'roc_auc': 0.7141666666666666, 'MRR': 0.7992424242424242}
Saving model
epoch 20 | batch 1 |train loss 0.6914454698562622
epoch 21 | batch 0 |train loss 0.6912623047828674
Valid: loss 0.6915661096572876, score:{'roc_auc': 0.7163888888888889, 'MRR': 0.7992424242424242}
Saving model
epoch 21 | batch 1 |train loss 0.6912914514541626
epoch 22 | batch 0 |train loss 0.6910237073898315
Valid: loss 0.6912869811058044, score:{'roc_auc': 0.7177777777777777, 'MRR': 0.7992424242424242}
Saving model
epoch 22 | batch 1 |train loss 0.6908740401268005
epoch 23 | batch 0 |train loss 0.6906948089599609
Valid: loss 0.69095778465271, score:{'roc_auc': 0.7191666666666666, 'MRR': 0.7992424242424242}
Saving model
epoch 23 | batch 1 |train loss 0.6904009580612183
epoch 24 | batch 0 |train loss 0.6902779340744019
Valid: loss 0.6905688643455505, score:{'roc_auc': 0.7222222222222222, 'MRR': 0.7992424242424242}
Saving model
epoch 24 | batch 1 |train loss 0.6899824738502502
epoch 25 | batch 0 |train loss 0.689777672290802
Valid: loss 0.6901103854179382, score:{'roc_auc': 0.7238888888888888, 'MRR': 0.7992424242424242}
Saving model
epoch 25 | batch 1 |train loss 0.6894894242286682
epoch 26 | batch 0 |train loss 0.689000129699707
Valid: loss 0.6895696520805359, score:{'roc_auc': 0.7255555555555555, 'MRR': 0.8106060606060606}
Saving model
epoch 26 | batch 1 |train loss 0.6886577010154724
epoch 27 | batch 0 |train loss 0.6885307431221008
Valid: loss 0.6889335513114929, score:{'roc_auc': 0.7263888888888889, 'MRR': 0.8106060606060606}
Saving model
epoch 27 | batch 1 |train loss 0.6878997087478638
epoch 28 | batch 0 |train loss 0.6878396272659302
Valid: loss 0.688186526298523, score:{'roc_auc': 0.7277777777777777, 'MRR': 0.8219696969696969}
Saving model
epoch 28 | batch 1 |train loss 0.6870354413986206
epoch 29 | batch 0 |train loss 0.6865400075912476
Valid: loss 0.6873100399971008, score:{'roc_auc': 0.7313888888888889, 'MRR': 0.8333333333333333}
Saving model
epoch 29 | batch 1 |train loss 0.6860635876655579
epoch 30 | batch 0 |train loss 0.6855562925338745
Valid: loss 0.6862832903862, score:{'roc_auc': 0.7338888888888888, 'MRR': 0.8333333333333333}
Saving model
epoch 30 | batch 1 |train loss 0.6849939823150635
epoch 31 | batch 0 |train loss 0.6843235492706299
Valid: loss 0.6850854754447937, score:{'roc_auc': 0.7358333333333333, 'MRR': 0.8333333333333333}
Saving model
epoch 31 | batch 1 |train loss 0.6831750273704529
epoch 32 | batch 0 |train loss 0.6831966042518616
Valid: loss 0.6836903691291809, score:{'roc_auc': 0.7386111111111111, 'MRR': 0.8333333333333333}
Saving model
epoch 32 | batch 1 |train loss 0.6814991235733032
epoch 33 | batch 0 |train loss 0.6814582347869873
Valid: loss 0.6820717453956604, score:{'roc_auc': 0.74, 'MRR': 0.8333333333333333}
Saving model
epoch 33 | batch 1 |train loss 0.6797704696655273
epoch 34 | batch 0 |train loss 0.6791281700134277
Valid: loss 0.6801988482475281, score:{'roc_auc': 0.7422222222222222, 'MRR': 0.8333333333333333}
Saving model
epoch 34 | batch 1 |train loss 0.677392303943634
epoch 35 | batch 0 |train loss 0.6769109964370728
Valid: loss 0.6780391931533813, score:{'roc_auc': 0.7416666666666667, 'MRR': 0.8295454545454546}
Saving model
epoch 35 | batch 1 |train loss 0.6751053929328918
epoch 36 | batch 0 |train loss 0.6743090152740479
Valid: loss 0.6755593419075012, score:{'roc_auc': 0.7416666666666667, 'MRR': 0.8295454545454546}
Saving model
epoch 36 | batch 1 |train loss 0.6714610457420349
epoch 37 | batch 0 |train loss 0.6711260676383972
Valid: loss 0.6727231740951538, score:{'roc_auc': 0.7427777777777778, 'MRR': 0.8295454545454546}
Saving model
epoch 37 | batch 1 |train loss 0.6684672832489014
epoch 38 | batch 0 |train loss 0.6683659553527832
Valid: loss 0.6694968938827515, score:{'roc_auc': 0.7433333333333333, 'MRR': 0.8295454545454546}
Saving model
epoch 38 | batch 1 |train loss 0.6640067100524902
epoch 39 | batch 0 |train loss 0.6636006832122803
Valid: loss 0.665846049785614, score:{'roc_auc': 0.7430555555555556, 'MRR': 0.8295454545454546}
Saving model
epoch 39 | batch 1 |train loss 0.6599409580230713
epoch 40 | batch 0 |train loss 0.659456729888916
Valid: loss 0.6617433428764343, score:{'roc_auc': 0.7447222222222222, 'MRR': 0.8295454545454546}
Saving model
epoch 40 | batch 1 |train loss 0.6554698348045349
epoch 41 | batch 0 |train loss 0.6536256670951843
Valid: loss 0.6571701169013977, score:{'roc_auc': 0.7463888888888889, 'MRR': 0.8295454545454546}
Saving model
epoch 41 | batch 1 |train loss 0.649071216583252
epoch 42 | batch 0 |train loss 0.6486545205116272
Valid: loss 0.6521110534667969, score:{'roc_auc': 0.7480555555555555, 'MRR': 0.8295454545454546}
Saving model
epoch 42 | batch 1 |train loss 0.6433014273643494
epoch 43 | batch 0 |train loss 0.6414604783058167
Valid: loss 0.6465647220611572, score:{'roc_auc': 0.7497222222222222, 'MRR': 0.8409090909090909}
Saving model
epoch 43 | batch 1 |train loss 0.635870635509491
epoch 44 | batch 0 |train loss 0.6337954998016357
Valid: loss 0.6405485272407532, score:{'roc_auc': 0.7511111111111112, 'MRR': 0.8446969696969696}
Saving model
epoch 44 | batch 1 |train loss 0.6275846362113953
epoch 45 | batch 0 |train loss 0.6278572082519531
Valid: loss 0.6341008543968201, score:{'roc_auc': 0.7519444444444444, 'MRR': 0.8446969696969696}
Saving model
epoch 45 | batch 1 |train loss 0.6202256083488464
epoch 46 | batch 0 |train loss 0.6195818781852722
Valid: loss 0.6272752285003662, score:{'roc_auc': 0.7525000000000001, 'MRR': 0.8446969696969696}
Saving model
epoch 46 | batch 1 |train loss 0.6119319796562195
epoch 47 | batch 0 |train loss 0.6088973879814148
Valid: loss 0.6201590299606323, score:{'roc_auc': 0.7522222222222222, 'MRR': 0.8446969696969696}
Saving model
epoch 47 | batch 1 |train loss 0.6004852652549744
epoch 48 | batch 0 |train loss 0.603263258934021
Valid: loss 0.6128644943237305, score:{'roc_auc': 0.7533333333333333, 'MRR': 0.8446969696969696}
Saving model
epoch 48 | batch 1 |train loss 0.5931050777435303
epoch 49 | batch 0 |train loss 0.5912083387374878
Valid: loss 0.6055304408073425, score:{'roc_auc': 0.7536111111111111, 'MRR': 0.8446969696969696}
Saving model
epoch 49 | batch 1 |train loss 0.5820989608764648
epoch 50 | batch 0 |train loss 0.5839203000068665
Valid: loss 0.5983220934867859, score:{'roc_auc': 0.7547222222222222, 'MRR': 0.8446969696969696}
Saving model
epoch 50 | batch 1 |train loss 0.5714886784553528
epoch 51 | batch 0 |train loss 0.5714713931083679
Valid: loss 0.5913883447647095, score:{'roc_auc': 0.7555555555555556, 'MRR': 0.8446969696969696}
Saving model
epoch 51 | batch 1 |train loss 0.5628969669342041
epoch 52 | batch 0 |train loss 0.5617971420288086
Valid: loss 0.5849716663360596, score:{'roc_auc': 0.7569444444444444, 'MRR': 0.8446969696969696}
Saving model
epoch 52 | batch 1 |train loss 0.5504927635192871
epoch 53 | batch 0 |train loss 0.5539983510971069
Valid: loss 0.5792824029922485, score:{'roc_auc': 0.7583333333333333, 'MRR': 0.8446969696969696}
Saving model
epoch 53 | batch 1 |train loss 0.5414944291114807
epoch 54 | batch 0 |train loss 0.5459716320037842
Valid: loss 0.5744696855545044, score:{'roc_auc': 0.7611111111111111, 'MRR': 0.8446969696969696}
Saving model
epoch 54 | batch 1 |train loss 0.5342655181884766
epoch 55 | batch 0 |train loss 0.5377452373504639
Valid: loss 0.5706499814987183, score:{'roc_auc': 0.7613888888888889, 'MRR': 0.8446969696969696}
Saving model
epoch 55 | batch 1 |train loss 0.5271903872489929
epoch 56 | batch 0 |train loss 0.5331363081932068
Valid: loss 0.5679299831390381, score:{'roc_auc': 0.7652777777777777, 'MRR': 0.8446969696969696}
Saving model
epoch 56 | batch 1 |train loss 0.5202933549880981
epoch 57 | batch 0 |train loss 0.526587963104248
Valid: loss 0.5661710500717163, score:{'roc_auc': 0.7672222222222222, 'MRR': 0.8446969696969696}
Saving model
epoch 57 | batch 1 |train loss 0.513764500617981
epoch 58 | batch 0 |train loss 0.5255709886550903
Valid: loss 0.5654500722885132, score:{'roc_auc': 0.7688888888888888, 'MRR': 0.8446969696969696}
Saving model
epoch 58 | batch 1 |train loss 0.5107267498970032
epoch 59 | batch 0 |train loss 0.5202232599258423
Valid: loss 0.5654321908950806, score:{'roc_auc': 0.77, 'MRR': 0.8446969696969696}
Saving model
epoch 59 | batch 1 |train loss 0.5064927339553833
epoch 60 | batch 0 |train loss 0.5204162001609802
Valid: loss 0.5657018423080444, score:{'roc_auc': 0.7716666666666667, 'MRR': 0.8446969696969696}
EarlyStopping counter: 1 out of 3
epoch 60 | batch 1 |train loss 0.505856990814209
epoch 61 | batch 0 |train loss 0.5175568461418152
Valid: loss 0.5657146573066711, score:{'roc_auc': 0.7733333333333333, 'MRR': 0.856060606060606}
EarlyStopping counter: 2 out of 3
epoch 61 | batch 1 |train loss 0.503278374671936
epoch 62 | batch 0 |train loss 0.515402615070343
Valid: loss 0.565416693687439, score:{'roc_auc': 0.775, 'MRR': 0.856060606060606}
Saving model
epoch 62 | batch 1 |train loss 0.4990974962711334
epoch 63 | batch 0 |train loss 0.5137736201286316
Valid: loss 0.564633309841156, score:{'roc_auc': 0.7761111111111111, 'MRR': 0.856060606060606}
Saving model
epoch 63 | batch 1 |train loss 0.4984067678451538
epoch 64 | batch 0 |train loss 0.5147110223770142
Valid: loss 0.5632822513580322, score:{'roc_auc': 0.7775, 'MRR': 0.856060606060606}
Saving model
epoch 64 | batch 1 |train loss 0.4967554807662964
epoch 65 | batch 0 |train loss 0.510201632976532
Valid: loss 0.5610429048538208, score:{'roc_auc': 0.7794444444444444, 'MRR': 0.856060606060606}
Saving model
epoch 65 | batch 1 |train loss 0.4920862913131714
epoch 66 | batch 0 |train loss 0.5090844631195068
Valid: loss 0.558086633682251, score:{'roc_auc': 0.7816666666666666, 'MRR': 0.856060606060606}
Saving model
epoch 66 | batch 1 |train loss 0.4895084500312805
epoch 67 | batch 0 |train loss 0.5072826147079468
Valid: loss 0.5545135736465454, score:{'roc_auc': 0.7844444444444444, 'MRR': 0.856060606060606}
Saving model
epoch 67 | batch 1 |train loss 0.49191924929618835
epoch 68 | batch 0 |train loss 0.5052676200866699
Valid: loss 0.550788938999176, score:{'roc_auc': 0.7883333333333333, 'MRR': 0.856060606060606}
Saving model
epoch 68 | batch 1 |train loss 0.48417946696281433
epoch 69 | batch 0 |train loss 0.504104495048523
Valid: loss 0.5473694205284119, score:{'roc_auc': 0.7902777777777777, 'MRR': 0.856060606060606}
Saving model
epoch 69 | batch 1 |train loss 0.48460882902145386
epoch 70 | batch 0 |train loss 0.5021817684173584
Valid: loss 0.544287383556366, score:{'roc_auc': 0.7919444444444445, 'MRR': 0.856060606060606}
Saving model
epoch 70 | batch 1 |train loss 0.48208892345428467
epoch 71 | batch 0 |train loss 0.4964703917503357
Valid: loss 0.5415934920310974, score:{'roc_auc': 0.7930555555555556, 'MRR': 0.856060606060606}
Saving model
epoch 71 | batch 1 |train loss 0.4796018898487091
epoch 72 | batch 0 |train loss 0.4993830621242523
Valid: loss 0.5393039584159851, score:{'roc_auc': 0.7949999999999999, 'MRR': 0.856060606060606}
Saving model
epoch 72 | batch 1 |train loss 0.47554194927215576
epoch 73 | batch 0 |train loss 0.496207594871521
Valid: loss 0.5369877219200134, score:{'roc_auc': 0.7969444444444445, 'MRR': 0.856060606060606}
Saving model
epoch 73 | batch 1 |train loss 0.47410622239112854
epoch 74 | batch 0 |train loss 0.4932820200920105
Valid: loss 0.5345038771629333, score:{'roc_auc': 0.798888888888889, 'MRR': 0.856060606060606}
Saving model
epoch 74 | batch 1 |train loss 0.4717769920825958
epoch 75 | batch 0 |train loss 0.49198994040489197
Valid: loss 0.5318672060966492, score:{'roc_auc': 0.7991666666666667, 'MRR': 0.856060606060606}
Saving model
epoch 75 | batch 1 |train loss 0.4695291817188263
epoch 76 | batch 0 |train loss 0.4899062216281891
Valid: loss 0.5293559432029724, score:{'roc_auc': 0.8022222222222222, 'MRR': 0.8674242424242423}
Saving model
epoch 76 | batch 1 |train loss 0.46920087933540344
epoch 77 | batch 0 |train loss 0.4907383918762207
Valid: loss 0.5268919467926025, score:{'roc_auc': 0.8044444444444444, 'MRR': 0.8674242424242423}
Saving model
epoch 77 | batch 1 |train loss 0.4662831723690033
epoch 78 | batch 0 |train loss 0.4870664179325104
Valid: loss 0.5245601534843445, score:{'roc_auc': 0.8075, 'MRR': 0.8674242424242423}
Saving model
epoch 78 | batch 1 |train loss 0.46351340413093567
epoch 79 | batch 0 |train loss 0.484328031539917
Valid: loss 0.5222907662391663, score:{'roc_auc': 0.8088888888888889, 'MRR': 0.8674242424242423}
Saving model
epoch 79 | batch 1 |train loss 0.46161404252052307
epoch 80 | batch 0 |train loss 0.48407840728759766
Valid: loss 0.5204229354858398, score:{'roc_auc': 0.8105555555555555, 'MRR': 0.8674242424242423}
Saving model
epoch 80 | batch 1 |train loss 0.4626198709011078
epoch 81 | batch 0 |train loss 0.48306918144226074
Valid: loss 0.5187469720840454, score:{'roc_auc': 0.8133333333333332, 'MRR': 0.8674242424242423}
Saving model
epoch 81 | batch 1 |train loss 0.45771798491477966
epoch 82 | batch 0 |train loss 0.48220115900039673
Valid: loss 0.5174368619918823, score:{'roc_auc': 0.8141666666666667, 'MRR': 0.8674242424242423}
Saving model
epoch 82 | batch 1 |train loss 0.4571308493614197
epoch 83 | batch 0 |train loss 0.4795267581939697
Valid: loss 0.5161746740341187, score:{'roc_auc': 0.815, 'MRR': 0.8674242424242423}
Saving model
epoch 83 | batch 1 |train loss 0.454029381275177
epoch 84 | batch 0 |train loss 0.47625237703323364
Valid: loss 0.5146199464797974, score:{'roc_auc': 0.8158333333333333, 'MRR': 0.8674242424242423}
Saving model
epoch 84 | batch 1 |train loss 0.4527818560600281
epoch 85 | batch 0 |train loss 0.4769275486469269
Valid: loss 0.5129914879798889, score:{'roc_auc': 0.8175, 'MRR': 0.8674242424242423}
Saving model
epoch 85 | batch 1 |train loss 0.4504197835922241
epoch 86 | batch 0 |train loss 0.47578731179237366
Valid: loss 0.5113036036491394, score:{'roc_auc': 0.8194444444444444, 'MRR': 0.8674242424242423}
Saving model
epoch 86 | batch 1 |train loss 0.4493426978588104
epoch 87 | batch 0 |train loss 0.47415345907211304
Valid: loss 0.5093682408332825, score:{'roc_auc': 0.8205555555555555, 'MRR': 0.8674242424242423}
Saving model
epoch 87 | batch 1 |train loss 0.4450388252735138
epoch 88 | batch 0 |train loss 0.4736216962337494
Valid: loss 0.5076131224632263, score:{'roc_auc': 0.821388888888889, 'MRR': 0.8674242424242423}
Saving model
epoch 88 | batch 1 |train loss 0.44508951902389526
epoch 89 | batch 0 |train loss 0.47133374214172363
Valid: loss 0.5059825778007507, score:{'roc_auc': 0.8219444444444445, 'MRR': 0.8674242424242423}
Saving model
epoch 89 | batch 1 |train loss 0.44423896074295044
epoch 90 | batch 0 |train loss 0.46882086992263794
Valid: loss 0.5046870112419128, score:{'roc_auc': 0.8241666666666667, 'MRR': 0.8674242424242423}
Saving model
epoch 90 | batch 1 |train loss 0.44296833872795105
epoch 91 | batch 0 |train loss 0.47007474303245544
Valid: loss 0.5036627054214478, score:{'roc_auc': 0.8241666666666667, 'MRR': 0.8674242424242423}
Saving model
epoch 91 | batch 1 |train loss 0.44076552987098694
epoch 92 | batch 0 |train loss 0.46643295884132385
Valid: loss 0.5031741857528687, score:{'roc_auc': 0.826111111111111, 'MRR': 0.8674242424242423}
Saving model
epoch 92 | batch 1 |train loss 0.441581130027771
epoch 93 | batch 0 |train loss 0.4695504903793335
Valid: loss 0.502575159072876, score:{'roc_auc': 0.8275, 'MRR': 0.8674242424242423}
Saving model
epoch 93 | batch 1 |train loss 0.4411028027534485
epoch 94 | batch 0 |train loss 0.4647500216960907
Valid: loss 0.5016005039215088, score:{'roc_auc': 0.8300000000000001, 'MRR': 0.8674242424242423}
Saving model
epoch 94 | batch 1 |train loss 0.43648940324783325
epoch 95 | batch 0 |train loss 0.46487098932266235
Valid: loss 0.5007766485214233, score:{'roc_auc': 0.8311111111111111, 'MRR': 0.8674242424242423}
Saving model
epoch 95 | batch 1 |train loss 0.4346189796924591
epoch 96 | batch 0 |train loss 0.46371012926101685
Valid: loss 0.5000534653663635, score:{'roc_auc': 0.8330555555555555, 'MRR': 0.8674242424242423}
Saving model
epoch 96 | batch 1 |train loss 0.43661612272262573
epoch 97 | batch 0 |train loss 0.4644259214401245
Valid: loss 0.4989956021308899, score:{'roc_auc': 0.8333333333333333, 'MRR': 0.8674242424242423}
Saving model
epoch 97 | batch 1 |train loss 0.4343191385269165
epoch 98 | batch 0 |train loss 0.4645523130893707
Valid: loss 0.49751630425453186, score:{'roc_auc': 0.8333333333333333, 'MRR': 0.8674242424242423}
Saving model
epoch 98 | batch 1 |train loss 0.43250563740730286
epoch 99 | batch 0 |train loss 0.4631841778755188
Valid: loss 0.495719850063324, score:{'roc_auc': 0.8344444444444443, 'MRR': 0.8787878787878788}
Saving model
epoch 99 | batch 1 |train loss 0.4310022294521332
Meta keys: dict_keys([6])
Data keys: dict_keys([6])
Edge type: 6, Meta: (1, 0)
Average links per head: 3.43
Median: 2.0, Min: 1, Max: 32
len test_list[0] 463
len test_list[1] 463
len test_label 463
2 hop test: loss 0.495719850063324, score:{'roc_auc': 0.5942526590781863, 'MRR': 0.7907407407407407}
(array([0, 1]), array([230, 233]))
[0.8896022  0.6723868  0.40587857 0.86193305 0.20284818 0.712377
 0.4800936  0.4214002  0.68525636 0.20090534 0.7545295  0.88860154
 0.89146566 0.81485313 0.8769648  0.85211486 0.94233966 0.44059518
 0.25935853 0.8630516 ]
Average links per head full random test: 1.52
Medianfull random test: 1.0, Min: 1, Max: 16
len test_list[0]full random test 466
len test_list[1]full random test 466
len test_label full random test 466
2 hop test: loss 0.495719850063324, score:{'roc_auc': 0.5942526590781863, 'MRR': 0.7907407407407407}
edge type: 6, random_score: {'roc_auc': 0.75890143491315, 'MRR': 0.9814814814814815}, score: {'roc_auc': 0.5942526590781863, 'MRR': 0.7907407407407407}
ROC_AUC: 0.5942526590781863
Sec neigh test: score list: defaultdict(<class 'list'>, {'roc_auc': [0.5942526590781863], 'MRR': [0.7907407407407407]})
Random test: score list: defaultdict(<class 'list'>, {'roc_auc': [0.75890143491315], 'MRR': [0.9814814814814815]})
Sec neigh test:average score: defaultdict(<class 'list'>, {'roc_auc': 0.5943, 'MRR': 0.7907})
Random test: average score: defaultdict(<class 'list'>, {'roc_auc': 0.7589, 'MRR': 0.9815})
Completed: amazon_style_cct_fold_5 (rep 3)

=== Repetition 4/6 ===
--------------------------------------
Running model: GAT
Dataset: amazon_style_cct_fold_1
Repetition: 4
--------------------------------------
use device: cpu
Namespace(data='amazon_style_cct_fold_1', model_path='model.pt', train_iter_n=50, cuda=0, checkpoint='', epochs=100, patience=3, n_layers=2, n_heads=[4], dropout=0.5, model='GAT', lr=0.0001, weight_decay=0.0, batch_size=1024, edge_sample_ratio=1, test_with_CPU=False, decoder='dismult', feat_type=0)
args.feat_type 0
sys_path ['/home/simonettos/homhetgnn/HGB/LP/benchmark/methods/GNN', '/home/simonettos/homhetgnn/sbatches', '/home/simonettos/homhetgnn/HGB/LP/benchmark/methods/baseline', '/home/simonettos/homhetgnn/HGB/LP/benchmark', '/home/simonettos/homhetgnn/HGB/LP/benchmark/methods/GNN', '/home/simonettos/homhetgnn/HGB/LP/benchmark/methods/GNN/utils', '/home/simonettos/homhetgnn/HGB/LP/benchmark/methods/GNN/models', '/deepstore/software/anaconda3/2022.05/lib/python39.zip', '/deepstore/software/anaconda3/2022.05/lib/python3.9', '/deepstore/software/anaconda3/2022.05/lib/python3.9/lib-dynload', '/home/simonettos/homhetgnn/gpuvenv/lib/python3.9/site-packages', '../../', '../../']
Data path: /home/simonettos/homhetgnn/HGB/LP/benchmark/data/amazon_style_cct_fold_1
Loading nodes from /home/simonettos/homhetgnn/HGB/LP/benchmark/data/amazon_style_cct_fold_1/node.dat
edge types: dict_keys([6, 5, 7, 1, 0, 4, 3, 2, 8, 9, 10])
Getting training negative samples for edge types: [6]
nodes.shift keys: [0, 1, 2]
nodes.count keys: [0, 1, 2]
links.meta: {6: (1, 0), 5: (1, 1), 7: (0, 0), 1: (1, 1), 0: (0, 0), 4: (0, 0), 3: (0, 2), 2: (1, 1), 8: (1, 1), 9: (1, 1), 10: (1, 1)}
t_type about to use: 0
h_type: 1
shift dict: {0: 0, 1: 558, 2: 1498}
count dict: Counter({1: 940, 0: 558, 2: 188})
Generated 874 negative samples for edge type 6
Info: load amazon_style_cct_fold_1 from original data and generate /home/simonettos/homhetgnn/HGB/LP/benchmark/data/amazon_style_cct_fold_1/dl_pickle 
edge types: [6]
dataset: amazon_style_cct_fold_1, eval_type: 6
epoch 0 | batch 0 |train loss 0.6931694746017456
Valid: loss 0.6931685209274292, score:{'roc_auc': 0.4760888888888889, 'MRR': 0.7009966777408638}
Saving model
epoch 0 | batch 1 |train loss 0.6931197047233582
epoch 1 | batch 0 |train loss 0.6930946111679077
Valid: loss 0.6931419968605042, score:{'roc_auc': 0.5007999999999999, 'MRR': 0.7165005537098561}
Saving model
epoch 1 | batch 1 |train loss 0.6930925846099854
epoch 2 | batch 0 |train loss 0.693077564239502
Valid: loss 0.6931150555610657, score:{'roc_auc': 0.5334222222222222, 'MRR': 0.7513842746400886}
Saving model
epoch 2 | batch 1 |train loss 0.6930612921714783
epoch 3 | batch 0 |train loss 0.6930052638053894
Valid: loss 0.693087100982666, score:{'roc_auc': 0.5582222222222222, 'MRR': 0.7901439645625692}
Saving model
epoch 3 | batch 1 |train loss 0.6929686665534973
epoch 4 | batch 0 |train loss 0.6929580569267273
Valid: loss 0.6930570602416992, score:{'roc_auc': 0.5824, 'MRR': 0.778516057585825}
Saving model
epoch 4 | batch 1 |train loss 0.6929742097854614
epoch 5 | batch 0 |train loss 0.6929090023040771
Valid: loss 0.6930241584777832, score:{'roc_auc': 0.5985777777777777, 'MRR': 0.778516057585825}
Saving model
epoch 5 | batch 1 |train loss 0.692876935005188
epoch 6 | batch 0 |train loss 0.6928701996803284
Valid: loss 0.6929874420166016, score:{'roc_auc': 0.6131555555555556, 'MRR': 0.778516057585825}
Saving model
epoch 6 | batch 1 |train loss 0.6928257346153259
epoch 7 | batch 0 |train loss 0.6928116083145142
Valid: loss 0.6929461359977722, score:{'roc_auc': 0.6252444444444445, 'MRR': 0.7901439645625692}
Saving model
epoch 7 | batch 1 |train loss 0.6927675008773804
epoch 8 | batch 0 |train loss 0.6927067637443542
Valid: loss 0.6928989887237549, score:{'roc_auc': 0.6360888888888888, 'MRR': 0.7901439645625692}
Saving model
epoch 8 | batch 1 |train loss 0.6926693320274353
epoch 9 | batch 0 |train loss 0.6926496624946594
Valid: loss 0.692844808101654, score:{'roc_auc': 0.6433777777777777, 'MRR': 0.7901439645625692}
Saving model
epoch 9 | batch 1 |train loss 0.6925522089004517
epoch 10 | batch 0 |train loss 0.6925219297409058
Valid: loss 0.692782461643219, score:{'roc_auc': 0.6506666666666667, 'MRR': 0.7901439645625692}
Saving model
epoch 10 | batch 1 |train loss 0.6924924850463867
epoch 11 | batch 0 |train loss 0.6924484372138977
Valid: loss 0.6927106380462646, score:{'roc_auc': 0.6517333333333333, 'MRR': 0.7862679955703211}
Saving model
epoch 11 | batch 1 |train loss 0.6923168301582336
epoch 12 | batch 0 |train loss 0.6923510432243347
Valid: loss 0.6926271915435791, score:{'roc_auc': 0.6520888888888889, 'MRR': 0.7751937984496124}
Saving model
epoch 12 | batch 1 |train loss 0.6922455430030823
epoch 13 | batch 0 |train loss 0.6921610832214355
Valid: loss 0.6925302743911743, score:{'roc_auc': 0.6547555555555556, 'MRR': 0.7984496124031009}
Saving model
epoch 13 | batch 1 |train loss 0.6920921206474304
epoch 14 | batch 0 |train loss 0.6920385956764221
Valid: loss 0.6924177408218384, score:{'roc_auc': 0.6563555555555556, 'MRR': 0.7984496124031009}
Saving model
epoch 14 | batch 1 |train loss 0.6918969750404358
epoch 15 | batch 0 |train loss 0.6918718814849854
Valid: loss 0.6922869086265564, score:{'roc_auc': 0.6596444444444445, 'MRR': 0.7984496124031009}
Saving model
epoch 15 | batch 1 |train loss 0.6916929483413696
epoch 16 | batch 0 |train loss 0.6915674805641174
Valid: loss 0.6921350359916687, score:{'roc_auc': 0.6620444444444444, 'MRR': 0.7984496124031009}
Saving model
epoch 16 | batch 1 |train loss 0.6914915442466736
epoch 17 | batch 0 |train loss 0.691372275352478
Valid: loss 0.6919582486152649, score:{'roc_auc': 0.664711111111111, 'MRR': 0.7984496124031009}
Saving model
epoch 17 | batch 1 |train loss 0.6911548376083374
epoch 18 | batch 0 |train loss 0.691002607345581
Valid: loss 0.6917524337768555, score:{'roc_auc': 0.6663111111111111, 'MRR': 0.7984496124031009}
Saving model
epoch 18 | batch 1 |train loss 0.69085693359375
epoch 19 | batch 0 |train loss 0.6908558011054993
Valid: loss 0.691513180732727, score:{'roc_auc': 0.6675555555555557, 'MRR': 0.8100775193798451}
Saving model
epoch 19 | batch 1 |train loss 0.690649688243866
epoch 20 | batch 0 |train loss 0.6903097033500671
Valid: loss 0.6912361979484558, score:{'roc_auc': 0.6682666666666667, 'MRR': 0.8100775193798451}
Saving model
epoch 20 | batch 1 |train loss 0.6900753378868103
epoch 21 | batch 0 |train loss 0.6897724270820618
Valid: loss 0.6909143328666687, score:{'roc_auc': 0.6712888888888889, 'MRR': 0.8100775193798451}
Saving model
epoch 21 | batch 1 |train loss 0.6895179748535156
epoch 22 | batch 0 |train loss 0.6892476081848145
Valid: loss 0.6905406713485718, score:{'roc_auc': 0.6740444444444446, 'MRR': 0.8100775193798451}
Saving model
epoch 22 | batch 1 |train loss 0.6889761686325073
epoch 23 | batch 0 |train loss 0.6887916922569275
Valid: loss 0.6901087164878845, score:{'roc_auc': 0.6748444444444445, 'MRR': 0.8100775193798451}
Saving model
epoch 23 | batch 1 |train loss 0.6882929801940918
epoch 24 | batch 0 |train loss 0.6880806684494019
Valid: loss 0.689610481262207, score:{'roc_auc': 0.6771555555555556, 'MRR': 0.8100775193798451}
Saving model
epoch 24 | batch 1 |train loss 0.6876181960105896
epoch 25 | batch 0 |train loss 0.687035083770752
Valid: loss 0.6890357136726379, score:{'roc_auc': 0.6789333333333333, 'MRR': 0.8217054263565892}
Saving model
epoch 25 | batch 1 |train loss 0.6866006851196289
epoch 26 | batch 0 |train loss 0.6863681077957153
Valid: loss 0.6883737444877625, score:{'roc_auc': 0.6816, 'MRR': 0.8217054263565892}
Saving model
epoch 26 | batch 1 |train loss 0.6855302453041077
epoch 27 | batch 0 |train loss 0.6853874921798706
Valid: loss 0.6876131296157837, score:{'roc_auc': 0.6833777777777779, 'MRR': 0.8217054263565892}
Saving model
epoch 27 | batch 1 |train loss 0.6843172907829285
epoch 28 | batch 0 |train loss 0.6842541694641113
Valid: loss 0.6867402791976929, score:{'roc_auc': 0.6849777777777778, 'MRR': 0.8178294573643412}
Saving model
epoch 28 | batch 1 |train loss 0.6829695105552673
epoch 29 | batch 0 |train loss 0.6824384331703186
Valid: loss 0.6857407689094543, score:{'roc_auc': 0.6867555555555556, 'MRR': 0.8294573643410854}
Saving model
epoch 29 | batch 1 |train loss 0.6815251708030701
epoch 30 | batch 0 |train loss 0.6810590028762817
Valid: loss 0.684597909450531, score:{'roc_auc': 0.6880000000000001, 'MRR': 0.8178294573643412}
Saving model
epoch 30 | batch 1 |train loss 0.6792877912521362
epoch 31 | batch 0 |train loss 0.6791638135910034
Valid: loss 0.6832945346832275, score:{'roc_auc': 0.6888888888888888, 'MRR': 0.8178294573643412}
Saving model
epoch 31 | batch 1 |train loss 0.6780403256416321
epoch 32 | batch 0 |train loss 0.6772085428237915
Valid: loss 0.6818128824234009, score:{'roc_auc': 0.6904888888888889, 'MRR': 0.8178294573643412}
Saving model
epoch 32 | batch 1 |train loss 0.6753301620483398
epoch 33 | batch 0 |train loss 0.6751760244369507
Valid: loss 0.6801311373710632, score:{'roc_auc': 0.6920888888888889, 'MRR': 0.8178294573643412}
Saving model
epoch 33 | batch 1 |train loss 0.6728814244270325
epoch 34 | batch 0 |train loss 0.6720256209373474
Valid: loss 0.678226113319397, score:{'roc_auc': 0.6924444444444445, 'MRR': 0.8294573643410854}
Saving model
epoch 34 | batch 1 |train loss 0.6699461340904236
epoch 35 | batch 0 |train loss 0.6692330837249756
Valid: loss 0.6760718822479248, score:{'roc_auc': 0.6944, 'MRR': 0.8333333333333334}
Saving model
epoch 35 | batch 1 |train loss 0.6667267084121704
epoch 36 | batch 0 |train loss 0.66546231508255
Valid: loss 0.6736458539962769, score:{'roc_auc': 0.6945777777777777, 'MRR': 0.8333333333333334}
Saving model
epoch 36 | batch 1 |train loss 0.6627527475357056
epoch 37 | batch 0 |train loss 0.6618818044662476
Valid: loss 0.6709194183349609, score:{'roc_auc': 0.6949333333333334, 'MRR': 0.8333333333333334}
Saving model
epoch 37 | batch 1 |train loss 0.6577110886573792
epoch 38 | batch 0 |train loss 0.6568571925163269
Valid: loss 0.6678647994995117, score:{'roc_auc': 0.6968888888888889, 'MRR': 0.8333333333333334}
Saving model
epoch 38 | batch 1 |train loss 0.6537554264068604
epoch 39 | batch 0 |train loss 0.6526466608047485
Valid: loss 0.6644625663757324, score:{'roc_auc': 0.6976, 'MRR': 0.8333333333333334}
Saving model
epoch 39 | batch 1 |train loss 0.6495258212089539
epoch 40 | batch 0 |train loss 0.6476919651031494
Valid: loss 0.6607034206390381, score:{'roc_auc': 0.6979555555555556, 'MRR': 0.8333333333333334}
Saving model
epoch 40 | batch 1 |train loss 0.6424155235290527
epoch 41 | batch 0 |train loss 0.642183780670166
Valid: loss 0.6565790176391602, score:{'roc_auc': 0.6990222222222223, 'MRR': 0.8333333333333334}
Saving model
epoch 41 | batch 1 |train loss 0.6371728181838989
epoch 42 | batch 0 |train loss 0.6357274055480957
Valid: loss 0.652107834815979, score:{'roc_auc': 0.7013333333333334, 'MRR': 0.8333333333333334}
Saving model
epoch 42 | batch 1 |train loss 0.6307486295700073
epoch 43 | batch 0 |train loss 0.6283475756645203
Valid: loss 0.6473251581192017, score:{'roc_auc': 0.7022222222222223, 'MRR': 0.8333333333333334}
Saving model
epoch 43 | batch 1 |train loss 0.6204333305358887
epoch 44 | batch 0 |train loss 0.620663583278656
Valid: loss 0.6422861814498901, score:{'roc_auc': 0.7043555555555555, 'MRR': 0.8333333333333334}
Saving model
epoch 44 | batch 1 |train loss 0.611301839351654
epoch 45 | batch 0 |train loss 0.6122888326644897
Valid: loss 0.6370980143547058, score:{'roc_auc': 0.7048888888888889, 'MRR': 0.8333333333333334}
Saving model
epoch 45 | batch 1 |train loss 0.6014649868011475
epoch 46 | batch 0 |train loss 0.6042027473449707
Valid: loss 0.6319215893745422, score:{'roc_auc': 0.7070222222222222, 'MRR': 0.8333333333333334}
Saving model
epoch 46 | batch 1 |train loss 0.5921417474746704
epoch 47 | batch 0 |train loss 0.5934724807739258
Valid: loss 0.6269407868385315, score:{'roc_auc': 0.7088, 'MRR': 0.8333333333333334}
Saving model
epoch 47 | batch 1 |train loss 0.5820783972740173
epoch 48 | batch 0 |train loss 0.5859938263893127
Valid: loss 0.6223989129066467, score:{'roc_auc': 0.7096888888888889, 'MRR': 0.8333333333333334}
Saving model
epoch 48 | batch 1 |train loss 0.5743034482002258
epoch 49 | batch 0 |train loss 0.5785681009292603
Valid: loss 0.6185792684555054, score:{'roc_auc': 0.7100444444444445, 'MRR': 0.8333333333333334}
Saving model
epoch 49 | batch 1 |train loss 0.5603430867195129
epoch 50 | batch 0 |train loss 0.5682423114776611
Valid: loss 0.6157694458961487, score:{'roc_auc': 0.7116444444444445, 'MRR': 0.8333333333333334}
Saving model
epoch 50 | batch 1 |train loss 0.5499831438064575
epoch 51 | batch 0 |train loss 0.5608943700790405
Valid: loss 0.6142189502716064, score:{'roc_auc': 0.7137777777777778, 'MRR': 0.8333333333333334}
Saving model
epoch 51 | batch 1 |train loss 0.5450037717819214
epoch 52 | batch 0 |train loss 0.5521438717842102
Valid: loss 0.6141099333763123, score:{'roc_auc': 0.7153777777777778, 'MRR': 0.8333333333333334}
Saving model
epoch 52 | batch 1 |train loss 0.5353819131851196
epoch 53 | batch 0 |train loss 0.5456957817077637
Valid: loss 0.6154849529266357, score:{'roc_auc': 0.7160888888888889, 'MRR': 0.8333333333333334}
EarlyStopping counter: 1 out of 3
epoch 53 | batch 1 |train loss 0.526561439037323
epoch 54 | batch 0 |train loss 0.5415289998054504
Valid: loss 0.6182873249053955, score:{'roc_auc': 0.7169777777777777, 'MRR': 0.8333333333333334}
EarlyStopping counter: 2 out of 3
epoch 54 | batch 1 |train loss 0.522171676158905
epoch 55 | batch 0 |train loss 0.5379552245140076
Valid: loss 0.6222721934318542, score:{'roc_auc': 0.7175111111111111, 'MRR': 0.8333333333333334}
Meta keys: dict_keys([6])
Data keys: dict_keys([6])
Edge type: 6, Meta: (1, 0)
Average links per head: 3.41
Median: 2.0, Min: 1, Max: 22
len test_list[0] 525
len test_list[1] 525
len test_label 525
2 hop test: loss 0.6222721934318542, score:{'roc_auc': 0.5444821781028677, 'MRR': 0.7591991341991341}
(array([0, 1]), array([261, 264]))
[0.25539657 0.21951832 0.3797419  0.5013328  0.66142184 0.7432882
 0.7332581  0.6860524  0.73320997 0.81059104 0.72529036 0.7349319
 0.71779686 0.73645365 0.76930654 0.40454927 0.7602011  0.592313
 0.7035574  0.52863306]
Average links per head full random test: 1.51
Medianfull random test: 1.0, Min: 1, Max: 11
len test_list[0]full random test 528
len test_list[1]full random test 528
len test_label full random test 528
2 hop test: loss 0.6222721934318542, score:{'roc_auc': 0.5444821781028677, 'MRR': 0.7591991341991341}
edge type: 6, random_score: {'roc_auc': 0.7007001836547291, 'MRR': 0.9805194805194806}, score: {'roc_auc': 0.5444821781028677, 'MRR': 0.7591991341991341}
ROC_AUC: 0.5444821781028677
Sec neigh test: score list: defaultdict(<class 'list'>, {'roc_auc': [0.5444821781028677], 'MRR': [0.7591991341991341]})
Random test: score list: defaultdict(<class 'list'>, {'roc_auc': [0.7007001836547291], 'MRR': [0.9805194805194806]})
Sec neigh test:average score: defaultdict(<class 'list'>, {'roc_auc': 0.5445, 'MRR': 0.7592})
Random test: average score: defaultdict(<class 'list'>, {'roc_auc': 0.7007, 'MRR': 0.9805})
Completed: amazon_style_cct_fold_1 (rep 4)

--------------------------------------
Running model: GAT
Dataset: amazon_style_cct_fold_2
Repetition: 4
--------------------------------------
use device: cpu
Namespace(data='amazon_style_cct_fold_2', model_path='model.pt', train_iter_n=50, cuda=0, checkpoint='', epochs=100, patience=3, n_layers=2, n_heads=[4], dropout=0.5, model='GAT', lr=0.0001, weight_decay=0.0, batch_size=1024, edge_sample_ratio=1, test_with_CPU=False, decoder='dismult', feat_type=0)
args.feat_type 0
sys_path ['/home/simonettos/homhetgnn/HGB/LP/benchmark/methods/GNN', '/home/simonettos/homhetgnn/sbatches', '/home/simonettos/homhetgnn/HGB/LP/benchmark/methods/baseline', '/home/simonettos/homhetgnn/HGB/LP/benchmark', '/home/simonettos/homhetgnn/HGB/LP/benchmark/methods/GNN', '/home/simonettos/homhetgnn/HGB/LP/benchmark/methods/GNN/utils', '/home/simonettos/homhetgnn/HGB/LP/benchmark/methods/GNN/models', '/deepstore/software/anaconda3/2022.05/lib/python39.zip', '/deepstore/software/anaconda3/2022.05/lib/python3.9', '/deepstore/software/anaconda3/2022.05/lib/python3.9/lib-dynload', '/home/simonettos/homhetgnn/gpuvenv/lib/python3.9/site-packages', '../../', '../../']
Data path: /home/simonettos/homhetgnn/HGB/LP/benchmark/data/amazon_style_cct_fold_2
Loading nodes from /home/simonettos/homhetgnn/HGB/LP/benchmark/data/amazon_style_cct_fold_2/node.dat
edge types: dict_keys([3, 6, 5, 4, 7, 2, 0, 8, 1, 10, 9])
Getting training negative samples for edge types: [6]
nodes.shift keys: [0, 1, 2]
nodes.count keys: [0, 1, 2]
links.meta: {3: (0, 2), 6: (1, 0), 5: (1, 1), 4: (0, 0), 7: (0, 0), 2: (1, 1), 0: (0, 0), 8: (1, 1), 1: (1, 1), 10: (1, 1), 9: (1, 1)}
t_type about to use: 0
h_type: 1
shift dict: {0: 0, 1: 558, 2: 1498}
count dict: Counter({1: 940, 0: 558, 2: 188})
Generated 892 negative samples for edge type 6
Info: load amazon_style_cct_fold_2 from original data and generate /home/simonettos/homhetgnn/HGB/LP/benchmark/data/amazon_style_cct_fold_2/dl_pickle 
edge types: [6]
dataset: amazon_style_cct_fold_2, eval_type: 6
epoch 0 | batch 0 |train loss 0.6931366920471191
Valid: loss 0.6931400895118713, score:{'roc_auc': 0.5434007134363852, 'MRR': 0.753968253968254}
Saving model
epoch 0 | batch 1 |train loss 0.6931257843971252
epoch 1 | batch 0 |train loss 0.6931363940238953
Valid: loss 0.6931152939796448, score:{'roc_auc': 0.5746135552913197, 'MRR': 0.7777777777777779}
Saving model
epoch 1 | batch 1 |train loss 0.6930813193321228
epoch 2 | batch 0 |train loss 0.6930886507034302
Valid: loss 0.693090558052063, score:{'roc_auc': 0.6079072532699168, 'MRR': 0.7936507936507937}
Saving model
epoch 2 | batch 1 |train loss 0.6930329203605652
epoch 3 | batch 0 |train loss 0.6930810213088989
Valid: loss 0.6930648684501648, score:{'roc_auc': 0.6313912009512485, 'MRR': 0.8055555555555556}
Saving model
epoch 3 | batch 1 |train loss 0.6930058598518372
epoch 4 | batch 0 |train loss 0.6930279731750488
Valid: loss 0.693036675453186, score:{'roc_auc': 0.6578478002378122, 'MRR': 0.8293650793650794}
Saving model
epoch 4 | batch 1 |train loss 0.6929535865783691
epoch 5 | batch 0 |train loss 0.692971408367157
Valid: loss 0.6930065751075745, score:{'roc_auc': 0.6721165279429251, 'MRR': 0.8333333333333334}
Saving model
epoch 5 | batch 1 |train loss 0.6928850412368774
epoch 6 | batch 0 |train loss 0.6929430365562439
Valid: loss 0.6929733157157898, score:{'roc_auc': 0.6807372175980975, 'MRR': 0.8452380952380952}
Saving model
epoch 6 | batch 1 |train loss 0.6929201483726501
epoch 7 | batch 0 |train loss 0.6928642988204956
Valid: loss 0.6929364800453186, score:{'roc_auc': 0.6902497027348394, 'MRR': 0.8571428571428571}
Saving model
epoch 7 | batch 1 |train loss 0.6928254961967468
epoch 8 | batch 0 |train loss 0.6927991509437561
Valid: loss 0.6928948760032654, score:{'roc_auc': 0.6942627824019024, 'MRR': 0.8571428571428571}
Saving model
epoch 8 | batch 1 |train loss 0.6927289366722107
epoch 9 | batch 0 |train loss 0.692760169506073
Valid: loss 0.6928463578224182, score:{'roc_auc': 0.6985731272294886, 'MRR': 0.8809523809523809}
Saving model
epoch 9 | batch 1 |train loss 0.6926892995834351
epoch 10 | batch 0 |train loss 0.6926668882369995
Valid: loss 0.6927902698516846, score:{'roc_auc': 0.7012485136741974, 'MRR': 0.8809523809523809}
Saving model
epoch 10 | batch 1 |train loss 0.69260174036026
epoch 11 | batch 0 |train loss 0.6925481557846069
Valid: loss 0.6927253603935242, score:{'roc_auc': 0.7057074910820451, 'MRR': 0.8928571428571429}
Saving model
epoch 11 | batch 1 |train loss 0.692522406578064
epoch 12 | batch 0 |train loss 0.6924898624420166
Valid: loss 0.6926511526107788, score:{'roc_auc': 0.7042211652794291, 'MRR': 0.8809523809523809}
Saving model
epoch 12 | batch 1 |train loss 0.6924840211868286
epoch 13 | batch 0 |train loss 0.6923806071281433
Valid: loss 0.6925654411315918, score:{'roc_auc': 0.7024375743162902, 'MRR': 0.8809523809523809}
Saving model
epoch 13 | batch 1 |train loss 0.6922535300254822
epoch 14 | batch 0 |train loss 0.6922469139099121
Valid: loss 0.6924652457237244, score:{'roc_auc': 0.7039239001189062, 'MRR': 0.8809523809523809}
Saving model
epoch 14 | batch 1 |train loss 0.6920446157455444
epoch 15 | batch 0 |train loss 0.6920916438102722
Valid: loss 0.6923477649688721, score:{'roc_auc': 0.7030321046373365, 'MRR': 0.8809523809523809}
Saving model
epoch 15 | batch 1 |train loss 0.6919373869895935
epoch 16 | batch 0 |train loss 0.6918811798095703
Valid: loss 0.6922109723091125, score:{'roc_auc': 0.7024375743162901, 'MRR': 0.8809523809523809}
Saving model
epoch 16 | batch 1 |train loss 0.6917387843132019
epoch 17 | batch 0 |train loss 0.6916879415512085
Valid: loss 0.6920504570007324, score:{'roc_auc': 0.702140309155767, 'MRR': 0.8809523809523809}
Saving model
epoch 17 | batch 1 |train loss 0.6915941834449768
epoch 18 | batch 0 |train loss 0.6913855075836182
Valid: loss 0.6918631196022034, score:{'roc_auc': 0.702140309155767, 'MRR': 0.8809523809523809}
Saving model
epoch 18 | batch 1 |train loss 0.6912160515785217
epoch 19 | batch 0 |train loss 0.6912207007408142
Valid: loss 0.6916439533233643, score:{'roc_auc': 0.7003567181926279, 'MRR': 0.8690476190476191}
Saving model
epoch 19 | batch 1 |train loss 0.6909966468811035
epoch 20 | batch 0 |train loss 0.690855085849762
Valid: loss 0.6913880109786987, score:{'roc_auc': 0.6994649227110583, 'MRR': 0.8690476190476191}
Saving model
epoch 20 | batch 1 |train loss 0.6904301047325134
epoch 21 | batch 0 |train loss 0.69032883644104
Valid: loss 0.6910877823829651, score:{'roc_auc': 0.7000594530321046, 'MRR': 0.8690476190476191}
Saving model
epoch 21 | batch 1 |train loss 0.6902246475219727
epoch 22 | batch 0 |train loss 0.6899604201316833
Valid: loss 0.6907365918159485, score:{'roc_auc': 0.7003567181926279, 'MRR': 0.8571428571428571}
Saving model
epoch 22 | batch 1 |train loss 0.6896487474441528
epoch 23 | batch 0 |train loss 0.6895936131477356
Valid: loss 0.6903257966041565, score:{'roc_auc': 0.7012485136741974, 'MRR': 0.8690476190476191}
Saving model
epoch 23 | batch 1 |train loss 0.6891176700592041
epoch 24 | batch 0 |train loss 0.6887450814247131
Valid: loss 0.6898465752601624, score:{'roc_auc': 0.7039239001189062, 'MRR': 0.8690476190476191}
Saving model
epoch 24 | batch 1 |train loss 0.6882795095443726
epoch 25 | batch 0 |train loss 0.6878900527954102
Valid: loss 0.6892869472503662, score:{'roc_auc': 0.703923900118906, 'MRR': 0.8690476190476191}
Saving model
epoch 25 | batch 1 |train loss 0.6874465346336365
epoch 26 | batch 0 |train loss 0.6871597766876221
Valid: loss 0.6886346936225891, score:{'roc_auc': 0.703923900118906, 'MRR': 0.8690476190476191}
Saving model
epoch 26 | batch 1 |train loss 0.686898410320282
epoch 27 | batch 0 |train loss 0.6862595677375793
Valid: loss 0.6878780722618103, score:{'roc_auc': 0.7045184304399524, 'MRR': 0.8690476190476191}
Saving model
epoch 27 | batch 1 |train loss 0.6856124997138977
epoch 28 | batch 0 |train loss 0.68495112657547
Valid: loss 0.6869995594024658, score:{'roc_auc': 0.7042211652794291, 'MRR': 0.8690476190476191}
Saving model
epoch 28 | batch 1 |train loss 0.6841957569122314
epoch 29 | batch 0 |train loss 0.6836718916893005
Valid: loss 0.6859824657440186, score:{'roc_auc': 0.7045184304399524, 'MRR': 0.8690476190476191}
Saving model
epoch 29 | batch 1 |train loss 0.6831255555152893
epoch 30 | batch 0 |train loss 0.6822459697723389
Valid: loss 0.6848083734512329, score:{'roc_auc': 0.7060047562425683, 'MRR': 0.8650793650793651}
Saving model
epoch 30 | batch 1 |train loss 0.6814175844192505
epoch 31 | batch 0 |train loss 0.6802484393119812
Valid: loss 0.683455765247345, score:{'roc_auc': 0.7054102259215219, 'MRR': 0.8531746031746033}
Saving model
epoch 31 | batch 1 |train loss 0.6791910529136658
epoch 32 | batch 0 |train loss 0.6782598495483398
Valid: loss 0.6819002628326416, score:{'roc_auc': 0.7048156956004756, 'MRR': 0.8531746031746033}
Saving model
epoch 32 | batch 1 |train loss 0.6775100827217102
epoch 33 | batch 0 |train loss 0.6755817532539368
Valid: loss 0.6801197528839111, score:{'roc_auc': 0.7060047562425683, 'MRR': 0.8531746031746033}
Saving model
epoch 33 | batch 1 |train loss 0.6741390228271484
epoch 34 | batch 0 |train loss 0.6730372309684753
Valid: loss 0.6780855655670166, score:{'roc_auc': 0.7057074910820452, 'MRR': 0.8650793650793651}
Saving model
epoch 34 | batch 1 |train loss 0.6711783409118652
epoch 35 | batch 0 |train loss 0.6694020628929138
Valid: loss 0.6757731437683105, score:{'roc_auc': 0.7077883472057075, 'MRR': 0.8650793650793651}
Saving model
epoch 35 | batch 1 |train loss 0.6683294177055359
epoch 36 | batch 0 |train loss 0.6667770147323608
Valid: loss 0.6731587052345276, score:{'roc_auc': 0.710166468489893, 'MRR': 0.8650793650793651}
Saving model
epoch 36 | batch 1 |train loss 0.6644622087478638
epoch 37 | batch 0 |train loss 0.6624648571014404
Valid: loss 0.6702187061309814, score:{'roc_auc': 0.7116527942925089, 'MRR': 0.8650793650793651}
Saving model
epoch 37 | batch 1 |train loss 0.6600244045257568
epoch 38 | batch 0 |train loss 0.6570206880569458
Valid: loss 0.6669300198554993, score:{'roc_auc': 0.7137336504161712, 'MRR': 0.8769841269841271}
Saving model
epoch 38 | batch 1 |train loss 0.6557808518409729
epoch 39 | batch 0 |train loss 0.652859091758728
Valid: loss 0.6632800102233887, score:{'roc_auc': 0.714922711058264, 'MRR': 0.8769841269841271}
Saving model
epoch 39 | batch 1 |train loss 0.6507353782653809
epoch 40 | batch 0 |train loss 0.6470235586166382
Valid: loss 0.6592610478401184, score:{'roc_auc': 0.7164090368608799, 'MRR': 0.8769841269841271}
Saving model
epoch 40 | batch 1 |train loss 0.644187867641449
epoch 41 | batch 0 |train loss 0.6405044198036194
Valid: loss 0.6548774242401123, score:{'roc_auc': 0.718192627824019, 'MRR': 0.8769841269841271}
Saving model
epoch 41 | batch 1 |train loss 0.638302743434906
epoch 42 | batch 0 |train loss 0.6326515078544617
Valid: loss 0.6501488089561462, score:{'roc_auc': 0.7196789536266349, 'MRR': 0.8769841269841271}
Saving model
epoch 42 | batch 1 |train loss 0.6305636763572693
epoch 43 | batch 0 |train loss 0.627267599105835
Valid: loss 0.645112156867981, score:{'roc_auc': 0.7220570749108204, 'MRR': 0.8769841269841271}
Saving model
epoch 43 | batch 1 |train loss 0.6234251260757446
epoch 44 | batch 0 |train loss 0.6183822751045227
Valid: loss 0.6398359537124634, score:{'roc_auc': 0.7220570749108204, 'MRR': 0.8769841269841271}
Saving model
epoch 44 | batch 1 |train loss 0.6158122420310974
epoch 45 | batch 0 |train loss 0.6095177531242371
Valid: loss 0.6344126462936401, score:{'roc_auc': 0.72294887039239, 'MRR': 0.8769841269841271}
Saving model
epoch 45 | batch 1 |train loss 0.607597291469574
epoch 46 | batch 0 |train loss 0.6003222465515137
Valid: loss 0.6289482116699219, score:{'roc_auc': 0.7241379310344828, 'MRR': 0.8769841269841271}
Saving model
epoch 46 | batch 1 |train loss 0.598678708076477
epoch 47 | batch 0 |train loss 0.5911476612091064
Valid: loss 0.6235925555229187, score:{'roc_auc': 0.7256242568370986, 'MRR': 0.8769841269841271}
Saving model
epoch 47 | batch 1 |train loss 0.590057909488678
epoch 48 | batch 0 |train loss 0.5829221606254578
Valid: loss 0.6185107231140137, score:{'roc_auc': 0.7274078478002378, 'MRR': 0.8769841269841271}
Saving model
epoch 48 | batch 1 |train loss 0.5807796120643616
epoch 49 | batch 0 |train loss 0.5728574991226196
Valid: loss 0.6138826608657837, score:{'roc_auc': 0.7288941736028537, 'MRR': 0.8769841269841271}
Saving model
epoch 49 | batch 1 |train loss 0.5734758973121643
epoch 50 | batch 0 |train loss 0.5637341737747192
Valid: loss 0.609855055809021, score:{'roc_auc': 0.7291914387633768, 'MRR': 0.8769841269841271}
Saving model
epoch 50 | batch 1 |train loss 0.5659124255180359
epoch 51 | batch 0 |train loss 0.5537909269332886
Valid: loss 0.6065852642059326, score:{'roc_auc': 0.7282996432818075, 'MRR': 0.8769841269841271}
Saving model
epoch 51 | batch 1 |train loss 0.5542851686477661
epoch 52 | batch 0 |train loss 0.5452855229377747
Valid: loss 0.6042020916938782, score:{'roc_auc': 0.7300832342449464, 'MRR': 0.8769841269841271}
Saving model
epoch 52 | batch 1 |train loss 0.5483444929122925
epoch 53 | batch 0 |train loss 0.5386287569999695
Valid: loss 0.6027199029922485, score:{'roc_auc': 0.7318668252080855, 'MRR': 0.8769841269841271}
Saving model
epoch 53 | batch 1 |train loss 0.5434780120849609
epoch 54 | batch 0 |train loss 0.5326311588287354
Valid: loss 0.6021612286567688, score:{'roc_auc': 0.7327586206896551, 'MRR': 0.8769841269841271}
Saving model
epoch 54 | batch 1 |train loss 0.5375139713287354
epoch 55 | batch 0 |train loss 0.5297280550003052
Valid: loss 0.6023347973823547, score:{'roc_auc': 0.7348394768133174, 'MRR': 0.8769841269841271}
EarlyStopping counter: 1 out of 3
epoch 55 | batch 1 |train loss 0.5328009724617004
epoch 56 | batch 0 |train loss 0.5263397693634033
Valid: loss 0.6031116247177124, score:{'roc_auc': 0.7363258026159334, 'MRR': 0.8769841269841271}
EarlyStopping counter: 2 out of 3
epoch 56 | batch 1 |train loss 0.5319254994392395
epoch 57 | batch 0 |train loss 0.5249223709106445
Valid: loss 0.604202926158905, score:{'roc_auc': 0.7381093935790726, 'MRR': 0.8769841269841271}
Meta keys: dict_keys([6])
Data keys: dict_keys([6])
Edge type: 6, Meta: (1, 0)
Average links per head: 3.73
Median: 2.0, Min: 2, Max: 24
len test_list[0] 526
len test_list[1] 526
len test_label 526
2 hop test: loss 0.604202926158905, score:{'roc_auc': 0.5236594428139774, 'MRR': 0.749645390070922}
(array([0, 1]), array([263, 263]))
[0.25752068 0.43112448 0.7218051  0.7899685  0.34958068 0.41562015
 0.7364149  0.23186728 0.7332491  0.7723626  0.78115165 0.70180136
 0.6610636  0.7288322  0.73127556 0.4372441  0.684816   0.5987145
 0.79158056 0.6129341 ]
Average links per head full random test: 1.53
Medianfull random test: 1.0, Min: 1, Max: 12
len test_list[0]full random test 526
len test_list[1]full random test 526
len test_label full random test 526
2 hop test: loss 0.604202926158905, score:{'roc_auc': 0.5236594428139774, 'MRR': 0.749645390070922}
edge type: 6, random_score: {'roc_auc': 0.720250401191285, 'MRR': 0.9716312056737588}, score: {'roc_auc': 0.5236594428139774, 'MRR': 0.749645390070922}
ROC_AUC: 0.5236594428139774
Sec neigh test: score list: defaultdict(<class 'list'>, {'roc_auc': [0.5236594428139774], 'MRR': [0.749645390070922]})
Random test: score list: defaultdict(<class 'list'>, {'roc_auc': [0.720250401191285], 'MRR': [0.9716312056737588]})
Sec neigh test:average score: defaultdict(<class 'list'>, {'roc_auc': 0.5237, 'MRR': 0.7496})
Random test: average score: defaultdict(<class 'list'>, {'roc_auc': 0.7203, 'MRR': 0.9716})
Completed: amazon_style_cct_fold_2 (rep 4)

--------------------------------------
Running model: GAT
Dataset: amazon_style_cct_fold_3
Repetition: 4
--------------------------------------
use device: cpu
Namespace(data='amazon_style_cct_fold_3', model_path='model.pt', train_iter_n=50, cuda=0, checkpoint='', epochs=100, patience=3, n_layers=2, n_heads=[4], dropout=0.5, model='GAT', lr=0.0001, weight_decay=0.0, batch_size=1024, edge_sample_ratio=1, test_with_CPU=False, decoder='dismult', feat_type=0)
args.feat_type 0
sys_path ['/home/simonettos/homhetgnn/HGB/LP/benchmark/methods/GNN', '/home/simonettos/homhetgnn/sbatches', '/home/simonettos/homhetgnn/HGB/LP/benchmark/methods/baseline', '/home/simonettos/homhetgnn/HGB/LP/benchmark', '/home/simonettos/homhetgnn/HGB/LP/benchmark/methods/GNN', '/home/simonettos/homhetgnn/HGB/LP/benchmark/methods/GNN/utils', '/home/simonettos/homhetgnn/HGB/LP/benchmark/methods/GNN/models', '/deepstore/software/anaconda3/2022.05/lib/python39.zip', '/deepstore/software/anaconda3/2022.05/lib/python3.9', '/deepstore/software/anaconda3/2022.05/lib/python3.9/lib-dynload', '/home/simonettos/homhetgnn/gpuvenv/lib/python3.9/site-packages', '../../', '../../']
Data path: /home/simonettos/homhetgnn/HGB/LP/benchmark/data/amazon_style_cct_fold_3
Loading nodes from /home/simonettos/homhetgnn/HGB/LP/benchmark/data/amazon_style_cct_fold_3/node.dat
edge types: dict_keys([3, 6, 5, 4, 7, 2, 0, 8, 1, 10, 9])
Getting training negative samples for edge types: [6]
nodes.shift keys: [0, 1, 2]
nodes.count keys: [0, 1, 2]
links.meta: {3: (0, 2), 6: (1, 0), 5: (1, 1), 4: (0, 0), 7: (0, 0), 2: (1, 1), 0: (0, 0), 8: (1, 1), 1: (1, 1), 10: (1, 1), 9: (1, 1)}
t_type about to use: 0
h_type: 1
shift dict: {0: 0, 1: 558, 2: 1498}
count dict: Counter({1: 940, 0: 558, 2: 188})
Generated 923 negative samples for edge type 6
Info: load amazon_style_cct_fold_3 from original data and generate /home/simonettos/homhetgnn/HGB/LP/benchmark/data/amazon_style_cct_fold_3/dl_pickle 
edge types: [6]
dataset: amazon_style_cct_fold_3, eval_type: 6
epoch 0 | batch 0 |train loss 0.6931430101394653
Valid: loss 0.6931231021881104, score:{'roc_auc': 0.508324661810614, 'MRR': 0.6956521739130433}
Saving model
epoch 0 | batch 1 |train loss 0.6931173205375671
epoch 1 | batch 0 |train loss 0.6931174993515015
Valid: loss 0.693108856678009, score:{'roc_auc': 0.5447450572320499, 'MRR': 0.7355072463768115}
Saving model
epoch 1 | batch 1 |train loss 0.6930750012397766
epoch 2 | batch 0 |train loss 0.6931020021438599
Valid: loss 0.6930936574935913, score:{'roc_auc': 0.5749219562955254, 'MRR': 0.7572463768115941}
Saving model
epoch 2 | batch 1 |train loss 0.6930558085441589
epoch 3 | batch 0 |train loss 0.6930404305458069
Valid: loss 0.6930782794952393, score:{'roc_auc': 0.6010665972944849, 'MRR': 0.8115942028985508}
Saving model
epoch 3 | batch 1 |train loss 0.6929740309715271
epoch 4 | batch 0 |train loss 0.6929820775985718
Valid: loss 0.6930629014968872, score:{'roc_auc': 0.6256503642039541, 'MRR': 0.8115942028985508}
Saving model
epoch 4 | batch 1 |train loss 0.6929600238800049
epoch 5 | batch 0 |train loss 0.6929463148117065
Valid: loss 0.693045973777771, score:{'roc_auc': 0.6404786680541104, 'MRR': 0.8007246376811594}
Saving model
epoch 5 | batch 1 |train loss 0.6928943991661072
epoch 6 | batch 0 |train loss 0.6929197907447815
Valid: loss 0.6930264830589294, score:{'roc_auc': 0.6514047866805411, 'MRR': 0.8115942028985508}
Saving model
epoch 6 | batch 1 |train loss 0.6928635239601135
epoch 7 | batch 0 |train loss 0.6928753852844238
Valid: loss 0.6930045485496521, score:{'roc_auc': 0.6573881373569198, 'MRR': 0.8170289855072465}
Saving model
epoch 7 | batch 1 |train loss 0.6927815675735474
epoch 8 | batch 0 |train loss 0.6928105354309082
Valid: loss 0.6929803490638733, score:{'roc_auc': 0.6566077003121749, 'MRR': 0.8170289855072465}
Saving model
epoch 8 | batch 1 |train loss 0.6927191615104675
epoch 9 | batch 0 |train loss 0.6927231550216675
Valid: loss 0.6929535269737244, score:{'roc_auc': 0.6528355879292403, 'MRR': 0.8170289855072465}
Saving model
epoch 9 | batch 1 |train loss 0.6926649808883667
epoch 10 | batch 0 |train loss 0.6926608681678772
Valid: loss 0.6929228901863098, score:{'roc_auc': 0.6542663891779398, 'MRR': 0.838768115942029}
Saving model
epoch 10 | batch 1 |train loss 0.6925732493400574
epoch 11 | batch 0 |train loss 0.6925458908081055
Valid: loss 0.6928881406784058, score:{'roc_auc': 0.6501040582726326, 'MRR': 0.838768115942029}
Saving model
epoch 11 | batch 1 |train loss 0.6924717426300049
epoch 12 | batch 0 |train loss 0.6924847364425659
Valid: loss 0.6928489208221436, score:{'roc_auc': 0.6450312174817898, 'MRR': 0.8278985507246377}
Saving model
epoch 12 | batch 1 |train loss 0.6923635601997375
epoch 13 | batch 0 |train loss 0.6922876238822937
Valid: loss 0.6928039789199829, score:{'roc_auc': 0.6402185223725286, 'MRR': 0.8170289855072465}
Saving model
epoch 13 | batch 1 |train loss 0.6921615600585938
epoch 14 | batch 0 |train loss 0.6922979950904846
Valid: loss 0.6927521824836731, score:{'roc_auc': 0.6394380853277836, 'MRR': 0.8061594202898551}
Saving model
epoch 14 | batch 1 |train loss 0.6920853853225708
epoch 15 | batch 0 |train loss 0.6920009851455688
Valid: loss 0.6926921606063843, score:{'roc_auc': 0.6369667013527576, 'MRR': 0.7952898550724639}
Saving model
epoch 15 | batch 1 |train loss 0.6918371915817261
epoch 16 | batch 0 |train loss 0.6917774677276611
Valid: loss 0.6926228404045105, score:{'roc_auc': 0.6316337148803329, 'MRR': 0.7952898550724639}
Saving model
epoch 16 | batch 1 |train loss 0.6916928887367249
epoch 17 | batch 0 |train loss 0.6916573643684387
Valid: loss 0.6925426721572876, score:{'roc_auc': 0.6290322580645162, 'MRR': 0.7942028985507248}
Saving model
epoch 17 | batch 1 |train loss 0.6913812756538391
epoch 18 | batch 0 |train loss 0.6913001537322998
Valid: loss 0.6924492120742798, score:{'roc_auc': 0.627471383975026, 'MRR': 0.7833333333333334}
Saving model
epoch 18 | batch 1 |train loss 0.6911572217941284
epoch 19 | batch 0 |train loss 0.6911264061927795
Valid: loss 0.6923410892486572, score:{'roc_auc': 0.6230489073881373, 'MRR': 0.7833333333333334}
Saving model
epoch 19 | batch 1 |train loss 0.6908342242240906
epoch 20 | batch 0 |train loss 0.6907411813735962
Valid: loss 0.692215085029602, score:{'roc_auc': 0.6212278876170655, 'MRR': 0.7833333333333334}
Saving model
epoch 20 | batch 1 |train loss 0.690460741519928
epoch 21 | batch 0 |train loss 0.6902437210083008
Valid: loss 0.6920680999755859, score:{'roc_auc': 0.6191467221644121, 'MRR': 0.7833333333333334}
Saving model
epoch 21 | batch 1 |train loss 0.6899896860122681
epoch 22 | batch 0 |train loss 0.6898858547210693
Valid: loss 0.6918967962265015, score:{'roc_auc': 0.6188865764828304, 'MRR': 0.7833333333333334}
Saving model
epoch 22 | batch 1 |train loss 0.6895647048950195
epoch 23 | batch 0 |train loss 0.6893336772918701
Valid: loss 0.6916969418525696, score:{'roc_auc': 0.6178459937565036, 'MRR': 0.7833333333333334}
Saving model
epoch 23 | batch 1 |train loss 0.6889321208000183
epoch 24 | batch 0 |train loss 0.6887189149856567
Valid: loss 0.6914638876914978, score:{'roc_auc': 0.6170655567117586, 'MRR': 0.7833333333333334}
Saving model
epoch 24 | batch 1 |train loss 0.6879549622535706
epoch 25 | batch 0 |train loss 0.6877475380897522
Valid: loss 0.6911922693252563, score:{'roc_auc': 0.6175858480749219, 'MRR': 0.7833333333333334}
Saving model
epoch 25 | batch 1 |train loss 0.6874030232429504
epoch 26 | batch 0 |train loss 0.6869139671325684
Valid: loss 0.6908762454986572, score:{'roc_auc': 0.617585848074922, 'MRR': 0.7833333333333334}
Saving model
epoch 26 | batch 1 |train loss 0.686360776424408
epoch 27 | batch 0 |train loss 0.6860402822494507
Valid: loss 0.6905102133750916, score:{'roc_auc': 0.6165452653485951, 'MRR': 0.7833333333333334}
Saving model
epoch 27 | batch 1 |train loss 0.685389518737793
epoch 28 | batch 0 |train loss 0.6848442554473877
Valid: loss 0.6900878548622131, score:{'roc_auc': 0.6155046826222685, 'MRR': 0.7833333333333334}
Saving model
epoch 28 | batch 1 |train loss 0.6839399337768555
epoch 29 | batch 0 |train loss 0.6837344169616699
Valid: loss 0.6896004676818848, score:{'roc_auc': 0.6160249739854319, 'MRR': 0.7833333333333334}
Saving model
epoch 29 | batch 1 |train loss 0.6826177835464478
epoch 30 | batch 0 |train loss 0.6815309524536133
Valid: loss 0.6890397667884827, score:{'roc_auc': 0.6155046826222684, 'MRR': 0.782608695652174}
Saving model
epoch 30 | batch 1 |train loss 0.6809989213943481
epoch 31 | batch 0 |train loss 0.6799070239067078
Valid: loss 0.6883965730667114, score:{'roc_auc': 0.6162851196670135, 'MRR': 0.782608695652174}
Saving model
epoch 31 | batch 1 |train loss 0.6790837049484253
epoch 32 | batch 0 |train loss 0.6776099801063538
Valid: loss 0.6876592040061951, score:{'roc_auc': 0.6165452653485952, 'MRR': 0.782608695652174}
Saving model
epoch 32 | batch 1 |train loss 0.676479160785675
epoch 33 | batch 0 |train loss 0.6755807399749756
Valid: loss 0.6868196129798889, score:{'roc_auc': 0.617585848074922, 'MRR': 0.782608695652174}
Saving model
epoch 33 | batch 1 |train loss 0.67427659034729
epoch 34 | batch 0 |train loss 0.6724039912223816
Valid: loss 0.6858692169189453, score:{'roc_auc': 0.6183662851196671, 'MRR': 0.782608695652174}
Saving model
epoch 34 | batch 1 |train loss 0.671123743057251
epoch 35 | batch 0 |train loss 0.6686121821403503
Valid: loss 0.6847978234291077, score:{'roc_auc': 0.6188865764828304, 'MRR': 0.782608695652174}
Saving model
epoch 35 | batch 1 |train loss 0.6681883335113525
epoch 36 | batch 0 |train loss 0.6655174493789673
Valid: loss 0.6836007237434387, score:{'roc_auc': 0.6191467221644121, 'MRR': 0.782608695652174}
Saving model
epoch 36 | batch 1 |train loss 0.663875162601471
epoch 37 | batch 0 |train loss 0.6628762483596802
Valid: loss 0.6822772026062012, score:{'roc_auc': 0.619146722164412, 'MRR': 0.782608695652174}
Saving model
epoch 37 | batch 1 |train loss 0.660057783126831
epoch 38 | batch 0 |train loss 0.6566913723945618
Valid: loss 0.6808319091796875, score:{'roc_auc': 0.6199271592091572, 'MRR': 0.7789855072463767}
Saving model
epoch 38 | batch 1 |train loss 0.6547949314117432
epoch 39 | batch 0 |train loss 0.6514289379119873
Valid: loss 0.6792733669281006, score:{'roc_auc': 0.6209677419354839, 'MRR': 0.7789855072463767}
Saving model
epoch 39 | batch 1 |train loss 0.6494116187095642
epoch 40 | batch 0 |train loss 0.6463644504547119
Valid: loss 0.6776295304298401, score:{'roc_auc': 0.6217481789802288, 'MRR': 0.7789855072463767}
Saving model
epoch 40 | batch 1 |train loss 0.6437913775444031
epoch 41 | batch 0 |train loss 0.6386273503303528
Valid: loss 0.6759357452392578, score:{'roc_auc': 0.6230489073881373, 'MRR': 0.7789855072463767}
Saving model
epoch 41 | batch 1 |train loss 0.6364065408706665
epoch 42 | batch 0 |train loss 0.6327542066574097
Valid: loss 0.6742472648620605, score:{'roc_auc': 0.6235691987513008, 'MRR': 0.7898550724637682}
Saving model
epoch 42 | batch 1 |train loss 0.6308778524398804
epoch 43 | batch 0 |train loss 0.6238804459571838
Valid: loss 0.6726445555686951, score:{'roc_auc': 0.6246097814776275, 'MRR': 0.7898550724637682}
Saving model
epoch 43 | batch 1 |train loss 0.6224039793014526
epoch 44 | batch 0 |train loss 0.614716112613678
Valid: loss 0.6712329983711243, score:{'roc_auc': 0.6251300728407909, 'MRR': 0.7898550724637682}
Saving model
epoch 44 | batch 1 |train loss 0.614590585231781
epoch 45 | batch 0 |train loss 0.6066250801086426
Valid: loss 0.6701316833496094, score:{'roc_auc': 0.6266909469302808, 'MRR': 0.7898550724637682}
Saving model
epoch 45 | batch 1 |train loss 0.6064415574073792
epoch 46 | batch 0 |train loss 0.5992672443389893
Valid: loss 0.6694861650466919, score:{'roc_auc': 0.627471383975026, 'MRR': 0.7898550724637682}
Saving model
epoch 46 | batch 1 |train loss 0.5956167578697205
epoch 47 | batch 0 |train loss 0.5881513357162476
Valid: loss 0.6694671511650085, score:{'roc_auc': 0.6287721123829344, 'MRR': 0.7898550724637682}
Saving model
epoch 47 | batch 1 |train loss 0.5894666314125061
epoch 48 | batch 0 |train loss 0.5771769881248474
Valid: loss 0.6702472567558289, score:{'roc_auc': 0.6305931321540063, 'MRR': 0.7898550724637682}
EarlyStopping counter: 1 out of 3
epoch 48 | batch 1 |train loss 0.5799928307533264
epoch 49 | batch 0 |train loss 0.5703543424606323
Valid: loss 0.6719933748245239, score:{'roc_auc': 0.6326742976066597, 'MRR': 0.7898550724637682}
EarlyStopping counter: 2 out of 3
epoch 49 | batch 1 |train loss 0.5726045966148376
epoch 50 | batch 0 |train loss 0.5596331357955933
Valid: loss 0.6748356223106384, score:{'roc_auc': 0.6342351716961498, 'MRR': 0.7898550724637682}
Meta keys: dict_keys([6])
Data keys: dict_keys([6])
Edge type: 6, Meta: (1, 0)
Average links per head: 3.48
Median: 2.0, Min: 1, Max: 24
len test_list[0] 453
len test_list[1] 453
len test_label 453
2 hop test: loss 0.6748356223106384, score:{'roc_auc': 0.5547368421052631, 'MRR': 0.7486538461538461}
(array([0, 1]), array([225, 228]))
[0.35820964 0.38139024 0.3555611  0.40114093 0.635108   0.6056545
 0.59938574 0.5199581  0.6885024  0.6598842  0.6656665  0.6705961
 0.60503495 0.6210567  0.5286829  0.7933565  0.49953046 0.37403777
 0.6478409  0.6369557 ]
Average links per head full random test: 1.49
Medianfull random test: 1.0, Min: 1, Max: 12
len test_list[0]full random test 456
len test_list[1]full random test 456
len test_label full random test 456
2 hop test: loss 0.6748356223106384, score:{'roc_auc': 0.5547368421052631, 'MRR': 0.7486538461538461}
edge type: 6, random_score: {'roc_auc': 0.6924630655586335, 'MRR': 0.9807692307692307}, score: {'roc_auc': 0.5547368421052631, 'MRR': 0.7486538461538461}
ROC_AUC: 0.5547368421052631
Sec neigh test: score list: defaultdict(<class 'list'>, {'roc_auc': [0.5547368421052631], 'MRR': [0.7486538461538461]})
Random test: score list: defaultdict(<class 'list'>, {'roc_auc': [0.6924630655586335], 'MRR': [0.9807692307692307]})
Sec neigh test:average score: defaultdict(<class 'list'>, {'roc_auc': 0.5547, 'MRR': 0.7487})
Random test: average score: defaultdict(<class 'list'>, {'roc_auc': 0.6925, 'MRR': 0.9808})
Completed: amazon_style_cct_fold_3 (rep 4)

--------------------------------------
Running model: GAT
Dataset: amazon_style_cct_fold_4
Repetition: 4
--------------------------------------
use device: cpu
Namespace(data='amazon_style_cct_fold_4', model_path='model.pt', train_iter_n=50, cuda=0, checkpoint='', epochs=100, patience=3, n_layers=2, n_heads=[4], dropout=0.5, model='GAT', lr=0.0001, weight_decay=0.0, batch_size=1024, edge_sample_ratio=1, test_with_CPU=False, decoder='dismult', feat_type=0)
args.feat_type 0
sys_path ['/home/simonettos/homhetgnn/HGB/LP/benchmark/methods/GNN', '/home/simonettos/homhetgnn/sbatches', '/home/simonettos/homhetgnn/HGB/LP/benchmark/methods/baseline', '/home/simonettos/homhetgnn/HGB/LP/benchmark', '/home/simonettos/homhetgnn/HGB/LP/benchmark/methods/GNN', '/home/simonettos/homhetgnn/HGB/LP/benchmark/methods/GNN/utils', '/home/simonettos/homhetgnn/HGB/LP/benchmark/methods/GNN/models', '/deepstore/software/anaconda3/2022.05/lib/python39.zip', '/deepstore/software/anaconda3/2022.05/lib/python3.9', '/deepstore/software/anaconda3/2022.05/lib/python3.9/lib-dynload', '/home/simonettos/homhetgnn/gpuvenv/lib/python3.9/site-packages', '../../', '../../']
Data path: /home/simonettos/homhetgnn/HGB/LP/benchmark/data/amazon_style_cct_fold_4
Loading nodes from /home/simonettos/homhetgnn/HGB/LP/benchmark/data/amazon_style_cct_fold_4/node.dat
edge types: dict_keys([3, 6, 5, 4, 7, 2, 0, 8, 1, 10, 9])
Getting training negative samples for edge types: [6]
nodes.shift keys: [0, 1, 2]
nodes.count keys: [0, 1, 2]
links.meta: {3: (0, 2), 6: (1, 0), 5: (1, 1), 4: (0, 0), 7: (0, 0), 2: (1, 1), 0: (0, 0), 8: (1, 1), 1: (1, 1), 10: (1, 1), 9: (1, 1)}
t_type about to use: 0
h_type: 1
shift dict: {0: 0, 1: 558, 2: 1498}
count dict: Counter({1: 940, 0: 558, 2: 188})
Generated 933 negative samples for edge type 6
Info: load amazon_style_cct_fold_4 from original data and generate /home/simonettos/homhetgnn/HGB/LP/benchmark/data/amazon_style_cct_fold_4/dl_pickle 
edge types: [6]
dataset: amazon_style_cct_fold_4, eval_type: 6
epoch 0 | batch 0 |train loss 0.6931095123291016
Valid: loss 0.6930880546569824, score:{'roc_auc': 0.6251334994660022, 'MRR': 0.8255813953488372}
Saving model
epoch 0 | batch 1 |train loss 0.6930971145629883
epoch 1 | batch 0 |train loss 0.6930809617042542
Valid: loss 0.693060040473938, score:{'roc_auc': 0.6794232823068708, 'MRR': 0.8837209302325582}
Saving model
epoch 1 | batch 1 |train loss 0.6930571794509888
epoch 2 | batch 0 |train loss 0.6930338740348816
Valid: loss 0.6930311918258667, score:{'roc_auc': 0.6945532217871129, 'MRR': 0.8953488372093024}
Saving model
epoch 2 | batch 1 |train loss 0.693022608757019
epoch 3 | batch 0 |train loss 0.6930059790611267
Valid: loss 0.6930005550384521, score:{'roc_auc': 0.7052331790672839, 'MRR': 0.9069767441860465}
Saving model
epoch 3 | batch 1 |train loss 0.6929724216461182
epoch 4 | batch 0 |train loss 0.6929832696914673
Valid: loss 0.6929680705070496, score:{'roc_auc': 0.7169811320754718, 'MRR': 0.9069767441860465}
Saving model
epoch 4 | batch 1 |train loss 0.6929301023483276
epoch 5 | batch 0 |train loss 0.6929226517677307
Valid: loss 0.6929323673248291, score:{'roc_auc': 0.727127091491634, 'MRR': 0.9302325581395349}
Saving model
epoch 5 | batch 1 |train loss 0.6929025650024414
epoch 6 | batch 0 |train loss 0.692898154258728
Valid: loss 0.6928918957710266, score:{'roc_auc': 0.7321110715557138, 'MRR': 0.9302325581395349}
Saving model
epoch 6 | batch 1 |train loss 0.6928523778915405
epoch 7 | batch 0 |train loss 0.6928409337997437
Valid: loss 0.6928461790084839, score:{'roc_auc': 0.7386970452118191, 'MRR': 0.9418604651162791}
Saving model
epoch 7 | batch 1 |train loss 0.6927794218063354
epoch 8 | batch 0 |train loss 0.6927832961082458
Valid: loss 0.6927940845489502, score:{'roc_auc': 0.7454610181559275, 'MRR': 0.9069767441860465}
Saving model
epoch 8 | batch 1 |train loss 0.6927526593208313
epoch 9 | batch 0 |train loss 0.6927332282066345
Valid: loss 0.6927347183227539, score:{'roc_auc': 0.7504449982200072, 'MRR': 0.9069767441860465}
Saving model
epoch 9 | batch 1 |train loss 0.6926825046539307
epoch 10 | batch 0 |train loss 0.6926279067993164
Valid: loss 0.6926664710044861, score:{'roc_auc': 0.7550729797080813, 'MRR': 0.9186046511627907}
Saving model
epoch 10 | batch 1 |train loss 0.6925984025001526
epoch 11 | batch 0 |train loss 0.6925647258758545
Valid: loss 0.692587673664093, score:{'roc_auc': 0.7568529725881097, 'MRR': 0.9186046511627907}
Saving model
epoch 11 | batch 1 |train loss 0.6925017833709717
epoch 12 | batch 0 |train loss 0.6924378871917725
Valid: loss 0.6924968361854553, score:{'roc_auc': 0.7572089711641153, 'MRR': 0.9186046511627907}
Saving model
epoch 12 | batch 1 |train loss 0.6923769116401672
epoch 13 | batch 0 |train loss 0.692352294921875
Valid: loss 0.6923915147781372, score:{'roc_auc': 0.7605909576361695, 'MRR': 0.9186046511627907}
Saving model
epoch 13 | batch 1 |train loss 0.69232577085495
epoch 14 | batch 0 |train loss 0.6922913193702698
Valid: loss 0.6922698616981506, score:{'roc_auc': 0.7614809540761838, 'MRR': 0.8953488372093024}
Saving model
epoch 14 | batch 1 |train loss 0.6921692490577698
epoch 15 | batch 0 |train loss 0.6920775771141052
Valid: loss 0.6921283006668091, score:{'roc_auc': 0.7621929512281952, 'MRR': 0.8953488372093024}
Saving model
epoch 15 | batch 1 |train loss 0.6919917464256287
epoch 16 | batch 0 |train loss 0.6918928027153015
Valid: loss 0.691963791847229, score:{'roc_auc': 0.760056959772161, 'MRR': 0.8953488372093024}
Saving model
epoch 16 | batch 1 |train loss 0.6918227672576904
epoch 17 | batch 0 |train loss 0.6917507648468018
Valid: loss 0.6917720437049866, score:{'roc_auc': 0.7572089711641155, 'MRR': 0.9069767441860465}
Saving model
epoch 17 | batch 1 |train loss 0.6916685104370117
epoch 18 | batch 0 |train loss 0.6915118098258972
Valid: loss 0.6915490031242371, score:{'roc_auc': 0.7572089711641153, 'MRR': 0.9069767441860465}
Saving model
epoch 18 | batch 1 |train loss 0.6913884282112122
epoch 19 | batch 0 |train loss 0.6912500858306885
Valid: loss 0.6912891268730164, score:{'roc_auc': 0.7547169811320755, 'MRR': 0.9069767441860465}
Saving model
epoch 19 | batch 1 |train loss 0.6910709738731384
epoch 20 | batch 0 |train loss 0.6909647583961487
Valid: loss 0.6909851431846619, score:{'roc_auc': 0.7536489854040584, 'MRR': 0.8953488372093024}
Saving model
epoch 20 | batch 1 |train loss 0.6905772686004639
epoch 21 | batch 0 |train loss 0.6906383037567139
Valid: loss 0.6906290650367737, score:{'roc_auc': 0.7540049839800641, 'MRR': 0.8953488372093024}
Saving model
epoch 21 | batch 1 |train loss 0.690195620059967
epoch 22 | batch 0 |train loss 0.6900652647018433
Valid: loss 0.6902115941047668, score:{'roc_auc': 0.7529369882520469, 'MRR': 0.8953488372093024}
Saving model
epoch 22 | batch 1 |train loss 0.6898006200790405
epoch 23 | batch 0 |train loss 0.689723014831543
Valid: loss 0.6897249817848206, score:{'roc_auc': 0.7532929868280527, 'MRR': 0.8953488372093024}
Saving model
epoch 23 | batch 1 |train loss 0.6893803477287292
epoch 24 | batch 0 |train loss 0.6889511346817017
Valid: loss 0.6891586184501648, score:{'roc_auc': 0.7543609825560696, 'MRR': 0.9069767441860465}
Saving model
epoch 24 | batch 1 |train loss 0.6886375546455383
epoch 25 | batch 0 |train loss 0.688494861125946
Valid: loss 0.6884974837303162, score:{'roc_auc': 0.7515129939480242, 'MRR': 0.9069767441860465}
Saving model
epoch 25 | batch 1 |train loss 0.6878894567489624
epoch 26 | batch 0 |train loss 0.6876357793807983
Valid: loss 0.6877284646034241, score:{'roc_auc': 0.7504449982200072, 'MRR': 0.9186046511627907}
Saving model
epoch 26 | batch 1 |train loss 0.6869949102401733
epoch 27 | batch 0 |train loss 0.6868287324905396
Valid: loss 0.6868354082107544, score:{'roc_auc': 0.7500889996440014, 'MRR': 0.9186046511627907}
Saving model
epoch 27 | batch 1 |train loss 0.6859829425811768
epoch 28 | batch 0 |train loss 0.6856211423873901
Valid: loss 0.6858002543449402, score:{'roc_auc': 0.7500889996440014, 'MRR': 0.9186046511627907}
Saving model
epoch 28 | batch 1 |train loss 0.6849154233932495
epoch 29 | batch 0 |train loss 0.6847879886627197
Valid: loss 0.6846024990081787, score:{'roc_auc': 0.7479530081879672, 'MRR': 0.9186046511627907}
Saving model
epoch 29 | batch 1 |train loss 0.683268129825592
epoch 30 | batch 0 |train loss 0.6834547519683838
Valid: loss 0.683222234249115, score:{'roc_auc': 0.7475970096119615, 'MRR': 0.9186046511627907}
Saving model
epoch 30 | batch 1 |train loss 0.6822102665901184
epoch 31 | batch 0 |train loss 0.6814131736755371
Valid: loss 0.6816360354423523, score:{'roc_auc': 0.7472410110359559, 'MRR': 0.9186046511627907}
Saving model
epoch 31 | batch 1 |train loss 0.6807417869567871
epoch 32 | batch 0 |train loss 0.6799114942550659
Valid: loss 0.6798186898231506, score:{'roc_auc': 0.7465290138839445, 'MRR': 0.9186046511627907}
Saving model
epoch 32 | batch 1 |train loss 0.6781408786773682
epoch 33 | batch 0 |train loss 0.6776332259178162
Valid: loss 0.6777401566505432, score:{'roc_auc': 0.7475970096119615, 'MRR': 0.9186046511627907}
Saving model
epoch 33 | batch 1 |train loss 0.6757599115371704
epoch 34 | batch 0 |train loss 0.6751675605773926
Valid: loss 0.6753711104393005, score:{'roc_auc': 0.7486650053399786, 'MRR': 0.9186046511627907}
Saving model
epoch 34 | batch 1 |train loss 0.6731698513031006
epoch 35 | batch 0 |train loss 0.6721473336219788
Valid: loss 0.6726869344711304, score:{'roc_auc': 0.7490210039159844, 'MRR': 0.9186046511627907}
Saving model
epoch 35 | batch 1 |train loss 0.6698062419891357
epoch 36 | batch 0 |train loss 0.6692742109298706
Valid: loss 0.6696600914001465, score:{'roc_auc': 0.7472410110359559, 'MRR': 0.9186046511627907}
Saving model
epoch 36 | batch 1 |train loss 0.6671384572982788
epoch 37 | batch 0 |train loss 0.6661720871925354
Valid: loss 0.6662729978561401, score:{'roc_auc': 0.7479530081879673, 'MRR': 0.9186046511627907}
Saving model
epoch 37 | batch 1 |train loss 0.6621590852737427
epoch 38 | batch 0 |train loss 0.6617369055747986
Valid: loss 0.6624992489814758, score:{'roc_auc': 0.7465290138839444, 'MRR': 0.9186046511627907}
Saving model
epoch 38 | batch 1 |train loss 0.6584868431091309
epoch 39 | batch 0 |train loss 0.6568237543106079
Valid: loss 0.6583306193351746, score:{'roc_auc': 0.7475970096119615, 'MRR': 0.9186046511627907}
Saving model
epoch 39 | batch 1 |train loss 0.6535286903381348
epoch 40 | batch 0 |train loss 0.6525652408599854
Valid: loss 0.6537662148475647, score:{'roc_auc': 0.748309006763973, 'MRR': 0.9186046511627907}
Saving model
epoch 40 | batch 1 |train loss 0.6485977172851562
epoch 41 | batch 0 |train loss 0.6476379632949829
Valid: loss 0.6488149166107178, score:{'roc_auc': 0.74937700249199, 'MRR': 0.9186046511627907}
Saving model
epoch 41 | batch 1 |train loss 0.6412843465805054
epoch 42 | batch 0 |train loss 0.6406441926956177
Valid: loss 0.6434956789016724, score:{'roc_auc': 0.7504449982200071, 'MRR': 0.9186046511627907}
Saving model
epoch 42 | batch 1 |train loss 0.6347706317901611
epoch 43 | batch 0 |train loss 0.6343351006507874
Valid: loss 0.6378453969955444, score:{'roc_auc': 0.7508009967960129, 'MRR': 0.9186046511627907}
Saving model
epoch 43 | batch 1 |train loss 0.6283090114593506
epoch 44 | batch 0 |train loss 0.6288626790046692
Valid: loss 0.6319283246994019, score:{'roc_auc': 0.7497330010679958, 'MRR': 0.9186046511627907}
Saving model
epoch 44 | batch 1 |train loss 0.6206280589103699
epoch 45 | batch 0 |train loss 0.6202660799026489
Valid: loss 0.6258233189582825, score:{'roc_auc': 0.7500889996440014, 'MRR': 0.9186046511627907}
Saving model
epoch 45 | batch 1 |train loss 0.6117110848426819
epoch 46 | batch 0 |train loss 0.6143864989280701
Valid: loss 0.6196240782737732, score:{'roc_auc': 0.7497330010679957, 'MRR': 0.9186046511627907}
Saving model
epoch 46 | batch 1 |train loss 0.6031341552734375
epoch 47 | batch 0 |train loss 0.6056195497512817
Valid: loss 0.6134525537490845, score:{'roc_auc': 0.7508009967960129, 'MRR': 0.9186046511627907}
Saving model
epoch 47 | batch 1 |train loss 0.5983404517173767
epoch 48 | batch 0 |train loss 0.5947248339653015
Valid: loss 0.6074766516685486, score:{'roc_auc': 0.7525809896760413, 'MRR': 0.9069767441860465}
Saving model
epoch 48 | batch 1 |train loss 0.586686372756958
epoch 49 | batch 0 |train loss 0.5896643400192261
Valid: loss 0.6018599271774292, score:{'roc_auc': 0.7547169811320754, 'MRR': 0.9069767441860465}
Saving model
epoch 49 | batch 1 |train loss 0.5785265564918518
epoch 50 | batch 0 |train loss 0.5799576044082642
Valid: loss 0.5967921018600464, score:{'roc_auc': 0.7564969740121039, 'MRR': 0.9147286821705425}
Saving model
epoch 50 | batch 1 |train loss 0.568060576915741
epoch 51 | batch 0 |train loss 0.5721139907836914
Valid: loss 0.5924654006958008, score:{'roc_auc': 0.7561409754360982, 'MRR': 0.9147286821705425}
Saving model
epoch 51 | batch 1 |train loss 0.5622535943984985
epoch 52 | batch 0 |train loss 0.5670770406723022
Valid: loss 0.5890791416168213, score:{'roc_auc': 0.757564969740121, 'MRR': 0.9147286821705425}
Saving model
epoch 52 | batch 1 |train loss 0.5533679723739624
epoch 53 | batch 0 |train loss 0.5585494041442871
Valid: loss 0.5867787003517151, score:{'roc_auc': 0.7582769668921324, 'MRR': 0.9147286821705425}
Saving model
epoch 53 | batch 1 |train loss 0.5480835437774658
epoch 54 | batch 0 |train loss 0.5536779761314392
Valid: loss 0.5856146812438965, score:{'roc_auc': 0.7597009611961552, 'MRR': 0.9147286821705425}
Saving model
epoch 54 | batch 1 |train loss 0.5432813763618469
epoch 55 | batch 0 |train loss 0.547410786151886
Valid: loss 0.5855674743652344, score:{'roc_auc': 0.761124955500178, 'MRR': 0.9147286821705425}
Saving model
epoch 55 | batch 1 |train loss 0.5347686409950256
epoch 56 | batch 0 |train loss 0.5415414571762085
Valid: loss 0.5865154266357422, score:{'roc_auc': 0.7611249555001781, 'MRR': 0.9147286821705425}
EarlyStopping counter: 1 out of 3
epoch 56 | batch 1 |train loss 0.5309030413627625
epoch 57 | batch 0 |train loss 0.5404989719390869
Valid: loss 0.5882443785667419, score:{'roc_auc': 0.761124955500178, 'MRR': 0.9147286821705425}
EarlyStopping counter: 2 out of 3
epoch 57 | batch 1 |train loss 0.5260584354400635
epoch 58 | batch 0 |train loss 0.5376667976379395
Valid: loss 0.5904240608215332, score:{'roc_auc': 0.7604129583481667, 'MRR': 0.9147286821705425}
Meta keys: dict_keys([6])
Data keys: dict_keys([6])
Edge type: 6, Meta: (1, 0)
Average links per head: 3.74
Median: 2.0, Min: 2, Max: 22
len test_list[0] 452
len test_list[1] 452
len test_label 452
2 hop test: loss 0.5904240608215332, score:{'roc_auc': 0.540586576865847, 'MRR': 0.7486225895316805}
(array([0, 1]), array([226, 226]))
[0.30915272 0.25631237 0.36340195 0.30051643 0.42332405 0.66318864
 0.10066424 0.60629743 0.72873116 0.75320876 0.7675847  0.850713
 0.6929609  0.66908276 0.27523127 0.76532656 0.8389541  0.68300253
 0.7774279  0.584459  ]
Average links per head full random test: 1.50
Medianfull random test: 1.0, Min: 1, Max: 11
len test_list[0]full random test 452
len test_list[1]full random test 452
len test_label full random test 452
2 hop test: loss 0.5904240608215332, score:{'roc_auc': 0.540586576865847, 'MRR': 0.7486225895316805}
edge type: 6, random_score: {'roc_auc': 0.7238429007753152, 'MRR': 0.9793388429752066}, score: {'roc_auc': 0.540586576865847, 'MRR': 0.7486225895316805}
ROC_AUC: 0.540586576865847
Sec neigh test: score list: defaultdict(<class 'list'>, {'roc_auc': [0.540586576865847], 'MRR': [0.7486225895316805]})
Random test: score list: defaultdict(<class 'list'>, {'roc_auc': [0.7238429007753152], 'MRR': [0.9793388429752066]})
Sec neigh test:average score: defaultdict(<class 'list'>, {'roc_auc': 0.5406, 'MRR': 0.7486})
Random test: average score: defaultdict(<class 'list'>, {'roc_auc': 0.7238, 'MRR': 0.9793})
Completed: amazon_style_cct_fold_4 (rep 4)

--------------------------------------
Running model: GAT
Dataset: amazon_style_cct_fold_5
Repetition: 4
--------------------------------------
use device: cpu
Namespace(data='amazon_style_cct_fold_5', model_path='model.pt', train_iter_n=50, cuda=0, checkpoint='', epochs=100, patience=3, n_layers=2, n_heads=[4], dropout=0.5, model='GAT', lr=0.0001, weight_decay=0.0, batch_size=1024, edge_sample_ratio=1, test_with_CPU=False, decoder='dismult', feat_type=0)
args.feat_type 0
sys_path ['/home/simonettos/homhetgnn/HGB/LP/benchmark/methods/GNN', '/home/simonettos/homhetgnn/sbatches', '/home/simonettos/homhetgnn/HGB/LP/benchmark/methods/baseline', '/home/simonettos/homhetgnn/HGB/LP/benchmark', '/home/simonettos/homhetgnn/HGB/LP/benchmark/methods/GNN', '/home/simonettos/homhetgnn/HGB/LP/benchmark/methods/GNN/utils', '/home/simonettos/homhetgnn/HGB/LP/benchmark/methods/GNN/models', '/deepstore/software/anaconda3/2022.05/lib/python39.zip', '/deepstore/software/anaconda3/2022.05/lib/python3.9', '/deepstore/software/anaconda3/2022.05/lib/python3.9/lib-dynload', '/home/simonettos/homhetgnn/gpuvenv/lib/python3.9/site-packages', '../../', '../../']
Data path: /home/simonettos/homhetgnn/HGB/LP/benchmark/data/amazon_style_cct_fold_5
Loading nodes from /home/simonettos/homhetgnn/HGB/LP/benchmark/data/amazon_style_cct_fold_5/node.dat
edge types: dict_keys([3, 6, 5, 4, 7, 2, 0, 8, 1, 10, 9])
Getting training negative samples for edge types: [6]
nodes.shift keys: [0, 1, 2]
nodes.count keys: [0, 1, 2]
links.meta: {3: (0, 2), 6: (1, 0), 5: (1, 1), 4: (0, 0), 7: (0, 0), 2: (1, 1), 0: (0, 0), 8: (1, 1), 1: (1, 1), 10: (1, 1), 9: (1, 1)}
t_type about to use: 0
h_type: 1
shift dict: {0: 0, 1: 558, 2: 1498}
count dict: Counter({1: 940, 0: 558, 2: 188})
Generated 922 negative samples for edge type 6
Info: load amazon_style_cct_fold_5 from original data and generate /home/simonettos/homhetgnn/HGB/LP/benchmark/data/amazon_style_cct_fold_5/dl_pickle 
edge types: [6]
dataset: amazon_style_cct_fold_5, eval_type: 6
epoch 0 | batch 0 |train loss 0.6931747794151306
Valid: loss 0.6930956244468689, score:{'roc_auc': 0.5549940546967895, 'MRR': 0.7960526315789473}
Saving model
epoch 0 | batch 1 |train loss 0.6931398510932922
epoch 1 | batch 0 |train loss 0.6931136846542358
Valid: loss 0.6930705904960632, score:{'roc_auc': 0.5917063020214031, 'MRR': 0.8289473684210527}
Saving model
epoch 1 | batch 1 |train loss 0.6931238174438477
epoch 2 | batch 0 |train loss 0.6930800080299377
Valid: loss 0.6930446028709412, score:{'roc_auc': 0.6221759809750297, 'MRR': 0.8508771929824562}
Saving model
epoch 2 | batch 1 |train loss 0.6930282115936279
epoch 3 | batch 0 |train loss 0.6930381059646606
Valid: loss 0.6930171251296997, score:{'roc_auc': 0.6407550535077289, 'MRR': 0.8771929824561404}
Saving model
epoch 3 | batch 1 |train loss 0.6929951906204224
epoch 4 | batch 0 |train loss 0.6929674744606018
Valid: loss 0.6929872632026672, score:{'roc_auc': 0.6493757431629013, 'MRR': 0.8903508771929823}
Saving model
epoch 4 | batch 1 |train loss 0.6929168701171875
epoch 5 | batch 0 |train loss 0.6928952932357788
Valid: loss 0.6929540038108826, score:{'roc_auc': 0.6596313912009513, 'MRR': 0.8640350877192982}
Saving model
epoch 5 | batch 1 |train loss 0.6928786635398865
epoch 6 | batch 0 |train loss 0.6928362846374512
Valid: loss 0.6929168105125427, score:{'roc_auc': 0.6620095124851367, 'MRR': 0.850877192982456}
Saving model
epoch 6 | batch 1 |train loss 0.6927964091300964
epoch 7 | batch 0 |train loss 0.6928205490112305
Valid: loss 0.6928746700286865, score:{'roc_auc': 0.6623067776456598, 'MRR': 0.850877192982456}
Saving model
epoch 7 | batch 1 |train loss 0.6927232146263123
epoch 8 | batch 0 |train loss 0.6927076578140259
Valid: loss 0.6928260922431946, score:{'roc_auc': 0.6658739595719381, 'MRR': 0.850877192982456}
Saving model
epoch 8 | batch 1 |train loss 0.6926352381706238
epoch 9 | batch 0 |train loss 0.6926157474517822
Valid: loss 0.69277024269104, score:{'roc_auc': 0.6667657550535077, 'MRR': 0.8114035087719298}
Saving model
epoch 9 | batch 1 |train loss 0.6925692558288574
epoch 10 | batch 0 |train loss 0.6924176812171936
Valid: loss 0.6927056908607483, score:{'roc_auc': 0.665576694411415, 'MRR': 0.8114035087719298}
Saving model
epoch 10 | batch 1 |train loss 0.6924484372138977
epoch 11 | batch 0 |train loss 0.6923201084136963
Valid: loss 0.6926309466362, score:{'roc_auc': 0.6676575505350774, 'MRR': 0.8245614035087719}
Saving model
epoch 11 | batch 1 |train loss 0.6922918558120728
epoch 12 | batch 0 |train loss 0.6922913789749146
Valid: loss 0.6925441026687622, score:{'roc_auc': 0.667063020214031, 'MRR': 0.8245614035087719}
Saving model
epoch 12 | batch 1 |train loss 0.6921343803405762
epoch 13 | batch 0 |train loss 0.6920617818832397
Valid: loss 0.692443311214447, score:{'roc_auc': 0.6652794292508917, 'MRR': 0.8245614035087719}
Saving model
epoch 13 | batch 1 |train loss 0.6920130252838135
epoch 14 | batch 0 |train loss 0.6918429136276245
Valid: loss 0.6923261284828186, score:{'roc_auc': 0.6679548156956006, 'MRR': 0.8245614035087719}
Saving model
epoch 14 | batch 1 |train loss 0.6917272806167603
epoch 15 | batch 0 |train loss 0.6917712688446045
Valid: loss 0.6921896934509277, score:{'roc_auc': 0.6694411414982164, 'MRR': 0.8245614035087719}
Saving model
epoch 15 | batch 1 |train loss 0.6915540099143982
epoch 16 | batch 0 |train loss 0.6914223432540894
Valid: loss 0.6920307874679565, score:{'roc_auc': 0.6721165279429251, 'MRR': 0.8245614035087719}
Saving model
epoch 16 | batch 1 |train loss 0.6912344694137573
epoch 17 | batch 0 |train loss 0.6910628080368042
Valid: loss 0.6918450593948364, score:{'roc_auc': 0.6736028537455411, 'MRR': 0.8245614035087719}
Saving model
epoch 17 | batch 1 |train loss 0.6909876465797424
epoch 18 | batch 0 |train loss 0.6906511783599854
Valid: loss 0.6916276216506958, score:{'roc_auc': 0.6739001189060642, 'MRR': 0.837719298245614}
Saving model
epoch 18 | batch 1 |train loss 0.6905832886695862
epoch 19 | batch 0 |train loss 0.6903912425041199
Valid: loss 0.6913745403289795, score:{'roc_auc': 0.6733055885850178, 'MRR': 0.837719298245614}
Saving model
epoch 19 | batch 1 |train loss 0.6901431083679199
epoch 20 | batch 0 |train loss 0.6899368166923523
Valid: loss 0.6910792589187622, score:{'roc_auc': 0.6741973840665875, 'MRR': 0.8245614035087719}
Saving model
epoch 20 | batch 1 |train loss 0.6896862983703613
epoch 21 | batch 0 |train loss 0.6894127130508423
Valid: loss 0.6907354593276978, score:{'roc_auc': 0.6780618311533887, 'MRR': 0.8245614035087719}
Saving model
epoch 21 | batch 1 |train loss 0.6890150308609009
epoch 22 | batch 0 |train loss 0.6888200044631958
Valid: loss 0.6903344392776489, score:{'roc_auc': 0.6792508917954816, 'MRR': 0.8245614035087719}
Saving model
epoch 22 | batch 1 |train loss 0.6885657906532288
epoch 23 | batch 0 |train loss 0.6880843043327332
Valid: loss 0.6898685693740845, score:{'roc_auc': 0.6795481569560048, 'MRR': 0.8245614035087719}
Saving model
epoch 23 | batch 1 |train loss 0.6876402497291565
epoch 24 | batch 0 |train loss 0.6870821118354797
Valid: loss 0.6893265843391418, score:{'roc_auc': 0.6825208085612365, 'MRR': 0.8245614035087719}
Saving model
epoch 24 | batch 1 |train loss 0.6866548657417297
epoch 25 | batch 0 |train loss 0.6861821413040161
Valid: loss 0.6886969804763794, score:{'roc_auc': 0.6834126040428062, 'MRR': 0.8245614035087719}
Saving model
epoch 25 | batch 1 |train loss 0.685683012008667
epoch 26 | batch 0 |train loss 0.6853153109550476
Valid: loss 0.6879664659500122, score:{'roc_auc': 0.6819262782401903, 'MRR': 0.8245614035087719}
Saving model
epoch 26 | batch 1 |train loss 0.6841603517532349
epoch 27 | batch 0 |train loss 0.6837582588195801
Valid: loss 0.6871199607849121, score:{'roc_auc': 0.6828180737217597, 'MRR': 0.837719298245614}
Saving model
epoch 27 | batch 1 |train loss 0.6835470199584961
epoch 28 | batch 0 |train loss 0.6823697686195374
Valid: loss 0.6861439347267151, score:{'roc_auc': 0.6869797859690845, 'MRR': 0.837719298245614}
Saving model
epoch 28 | batch 1 |train loss 0.6815927028656006
epoch 29 | batch 0 |train loss 0.6807609796524048
Valid: loss 0.6850196719169617, score:{'roc_auc': 0.6881688466111772, 'MRR': 0.837719298245614}
Saving model
epoch 29 | batch 1 |train loss 0.679818332195282
epoch 30 | batch 0 |train loss 0.6793286204338074
Valid: loss 0.6837301850318909, score:{'roc_auc': 0.6896551724137931, 'MRR': 0.837719298245614}
Saving model
epoch 30 | batch 1 |train loss 0.6781651973724365
epoch 31 | batch 0 |train loss 0.6766689419746399
Valid: loss 0.6822522878646851, score:{'roc_auc': 0.6890606420927468, 'MRR': 0.837719298245614}
Saving model
epoch 31 | batch 1 |train loss 0.6752356290817261
epoch 32 | batch 0 |train loss 0.6744253635406494
Valid: loss 0.6805636286735535, score:{'roc_auc': 0.6908442330558858, 'MRR': 0.837719298245614}
Saving model
epoch 32 | batch 1 |train loss 0.6734841465950012
epoch 33 | batch 0 |train loss 0.6715349555015564
Valid: loss 0.6786453127861023, score:{'roc_auc': 0.6935196195005946, 'MRR': 0.837719298245614}
Saving model
epoch 33 | batch 1 |train loss 0.6698595285415649
epoch 34 | batch 0 |train loss 0.6680840849876404
Valid: loss 0.6764721870422363, score:{'roc_auc': 0.6938168846611177, 'MRR': 0.837719298245614}
Saving model
epoch 34 | batch 1 |train loss 0.6658746600151062
epoch 35 | batch 0 |train loss 0.6642153263092041
Valid: loss 0.6740216016769409, score:{'roc_auc': 0.69589774078478, 'MRR': 0.837719298245614}
Saving model
epoch 35 | batch 1 |train loss 0.6623054146766663
epoch 36 | batch 0 |train loss 0.6602720022201538
Valid: loss 0.6712753772735596, score:{'roc_auc': 0.6973840665873959, 'MRR': 0.837719298245614}
Saving model
epoch 36 | batch 1 |train loss 0.6594801545143127
epoch 37 | batch 0 |train loss 0.6558656096458435
Valid: loss 0.6682230830192566, score:{'roc_auc': 0.6997621878715815, 'MRR': 0.837719298245614}
Saving model
epoch 37 | batch 1 |train loss 0.6538145542144775
epoch 38 | batch 0 |train loss 0.6497814059257507
Valid: loss 0.6648558974266052, score:{'roc_auc': 0.7018430439952438, 'MRR': 0.8421052631578947}
Saving model
epoch 38 | batch 1 |train loss 0.6478075981140137
epoch 39 | batch 0 |train loss 0.6454612016677856
Valid: loss 0.6611719727516174, score:{'roc_auc': 0.7027348394768133, 'MRR': 0.8421052631578947}
Saving model
epoch 39 | batch 1 |train loss 0.6427285671234131
epoch 40 | batch 0 |train loss 0.6397041082382202
Valid: loss 0.6571934223175049, score:{'roc_auc': 0.7045184304399524, 'MRR': 0.8421052631578947}
Saving model
epoch 40 | batch 1 |train loss 0.6360610127449036
epoch 41 | batch 0 |train loss 0.631630539894104
Valid: loss 0.6529420018196106, score:{'roc_auc': 0.7068965517241379, 'MRR': 0.8421052631578947}
Saving model
epoch 41 | batch 1 |train loss 0.6268196105957031
epoch 42 | batch 0 |train loss 0.6262897849082947
Valid: loss 0.6484619379043579, score:{'roc_auc': 0.7086801426872771, 'MRR': 0.8421052631578947}
Saving model
epoch 42 | batch 1 |train loss 0.6194956302642822
epoch 43 | batch 0 |train loss 0.6157971620559692
Valid: loss 0.6438278555870056, score:{'roc_auc': 0.7113555291319857, 'MRR': 0.8421052631578947}
Saving model
epoch 43 | batch 1 |train loss 0.61320561170578
epoch 44 | batch 0 |train loss 0.6101647615432739
Valid: loss 0.6391333341598511, score:{'roc_auc': 0.7119500594530321, 'MRR': 0.8421052631578947}
Saving model
epoch 44 | batch 1 |train loss 0.603742778301239
epoch 45 | batch 0 |train loss 0.599196195602417
Valid: loss 0.6344913244247437, score:{'roc_auc': 0.7146254458977408, 'MRR': 0.8421052631578947}
Saving model
epoch 45 | batch 1 |train loss 0.5945953130722046
epoch 46 | batch 0 |train loss 0.5897501707077026
Valid: loss 0.6300475001335144, score:{'roc_auc': 0.7164090368608799, 'MRR': 0.8421052631578947}
Saving model
epoch 46 | batch 1 |train loss 0.5851790904998779
epoch 47 | batch 0 |train loss 0.5794947147369385
Valid: loss 0.6259674429893494, score:{'roc_auc': 0.7184898929845422, 'MRR': 0.8421052631578947}
Saving model
epoch 47 | batch 1 |train loss 0.5770529508590698
epoch 48 | batch 0 |train loss 0.5704466104507446
Valid: loss 0.6224220395088196, score:{'roc_auc': 0.718192627824019, 'MRR': 0.8421052631578947}
Saving model
epoch 48 | batch 1 |train loss 0.5679959058761597
epoch 49 | batch 0 |train loss 0.5623596906661987
Valid: loss 0.6196027398109436, score:{'roc_auc': 0.7175980975029725, 'MRR': 0.8421052631578947}
Saving model
epoch 49 | batch 1 |train loss 0.5599368810653687
epoch 50 | batch 0 |train loss 0.552565336227417
Valid: loss 0.617680013179779, score:{'roc_auc': 0.7187871581450654, 'MRR': 0.8421052631578947}
Saving model
epoch 50 | batch 1 |train loss 0.5493565797805786
epoch 51 | batch 0 |train loss 0.5456146597862244
Valid: loss 0.6167840361595154, score:{'roc_auc': 0.7211652794292509, 'MRR': 0.8552631578947368}
Saving model
epoch 51 | batch 1 |train loss 0.5431419014930725
epoch 52 | batch 0 |train loss 0.5387232303619385
Valid: loss 0.6169937252998352, score:{'roc_auc': 0.7214625445897741, 'MRR': 0.8552631578947368}
EarlyStopping counter: 1 out of 3
epoch 52 | batch 1 |train loss 0.5339170694351196
epoch 53 | batch 0 |train loss 0.5339741706848145
Valid: loss 0.6182442307472229, score:{'roc_auc': 0.7229488703923901, 'MRR': 0.8552631578947368}
EarlyStopping counter: 2 out of 3
epoch 53 | batch 1 |train loss 0.5316420197486877
epoch 54 | batch 0 |train loss 0.5265527963638306
Valid: loss 0.6204801797866821, score:{'roc_auc': 0.7226516052318668, 'MRR': 0.8552631578947368}
Meta keys: dict_keys([6])
Data keys: dict_keys([6])
Edge type: 6, Meta: (1, 0)
Average links per head: 3.43
Median: 2.0, Min: 1, Max: 32
len test_list[0] 463
len test_list[1] 463
len test_label 463
2 hop test: loss 0.6204801797866821, score:{'roc_auc': 0.5401754058593021, 'MRR': 0.8066666666666668}
(array([0, 1]), array([230, 233]))
[0.33557206 0.3955746  0.41609877 0.76729923 0.46669266 0.61708105
 0.47688872 0.4115852  0.506792   0.25051716 0.6218055  0.6033981
 0.6909107  0.6905707  0.60269725 0.654816   0.7975775  0.5985607
 0.58284867 0.6228905 ]
Average links per head full random test: 1.52
Medianfull random test: 1.0, Min: 1, Max: 16
len test_list[0]full random test 466
len test_list[1]full random test 466
len test_label full random test 466
2 hop test: loss 0.6204801797866821, score:{'roc_auc': 0.5401754058593021, 'MRR': 0.8066666666666668}
edge type: 6, random_score: {'roc_auc': 0.7185801911989538, 'MRR': 0.9703703703703703}, score: {'roc_auc': 0.5401754058593021, 'MRR': 0.8066666666666668}
ROC_AUC: 0.5401754058593021
Sec neigh test: score list: defaultdict(<class 'list'>, {'roc_auc': [0.5401754058593021], 'MRR': [0.8066666666666668]})
Random test: score list: defaultdict(<class 'list'>, {'roc_auc': [0.7185801911989538], 'MRR': [0.9703703703703703]})
Sec neigh test:average score: defaultdict(<class 'list'>, {'roc_auc': 0.5402, 'MRR': 0.8067})
Random test: average score: defaultdict(<class 'list'>, {'roc_auc': 0.7186, 'MRR': 0.9704})
Completed: amazon_style_cct_fold_5 (rep 4)

=== Repetition 5/6 ===
--------------------------------------
Running model: GAT
Dataset: amazon_style_cct_fold_1
Repetition: 5
--------------------------------------
use device: cpu
Namespace(data='amazon_style_cct_fold_1', model_path='model.pt', train_iter_n=50, cuda=0, checkpoint='', epochs=100, patience=3, n_layers=2, n_heads=[4], dropout=0.5, model='GAT', lr=0.0001, weight_decay=0.0, batch_size=1024, edge_sample_ratio=1, test_with_CPU=False, decoder='dismult', feat_type=0)
args.feat_type 0
sys_path ['/home/simonettos/homhetgnn/HGB/LP/benchmark/methods/GNN', '/home/simonettos/homhetgnn/sbatches', '/home/simonettos/homhetgnn/HGB/LP/benchmark/methods/baseline', '/home/simonettos/homhetgnn/HGB/LP/benchmark', '/home/simonettos/homhetgnn/HGB/LP/benchmark/methods/GNN', '/home/simonettos/homhetgnn/HGB/LP/benchmark/methods/GNN/utils', '/home/simonettos/homhetgnn/HGB/LP/benchmark/methods/GNN/models', '/deepstore/software/anaconda3/2022.05/lib/python39.zip', '/deepstore/software/anaconda3/2022.05/lib/python3.9', '/deepstore/software/anaconda3/2022.05/lib/python3.9/lib-dynload', '/home/simonettos/homhetgnn/gpuvenv/lib/python3.9/site-packages', '../../', '../../']
Data path: /home/simonettos/homhetgnn/HGB/LP/benchmark/data/amazon_style_cct_fold_1
Loading nodes from /home/simonettos/homhetgnn/HGB/LP/benchmark/data/amazon_style_cct_fold_1/node.dat
edge types: dict_keys([6, 5, 7, 1, 0, 4, 3, 2, 8, 9, 10])
Getting training negative samples for edge types: [6]
nodes.shift keys: [0, 1, 2]
nodes.count keys: [0, 1, 2]
links.meta: {6: (1, 0), 5: (1, 1), 7: (0, 0), 1: (1, 1), 0: (0, 0), 4: (0, 0), 3: (0, 2), 2: (1, 1), 8: (1, 1), 9: (1, 1), 10: (1, 1)}
t_type about to use: 0
h_type: 1
shift dict: {0: 0, 1: 558, 2: 1498}
count dict: Counter({1: 940, 0: 558, 2: 188})
Generated 874 negative samples for edge type 6
Info: load amazon_style_cct_fold_1 from original data and generate /home/simonettos/homhetgnn/HGB/LP/benchmark/data/amazon_style_cct_fold_1/dl_pickle 
edge types: [6]
dataset: amazon_style_cct_fold_1, eval_type: 6
epoch 0 | batch 0 |train loss 0.693132758140564
Valid: loss 0.6931667923927307, score:{'roc_auc': 0.4491555555555556, 'MRR': 0.7118518518518518}
Saving model
epoch 0 | batch 1 |train loss 0.6930983066558838
epoch 1 | batch 0 |train loss 0.6930877566337585
Valid: loss 0.6931464076042175, score:{'roc_auc': 0.4792888888888889, 'MRR': 0.735925925925926}
Saving model
epoch 1 | batch 1 |train loss 0.6930655241012573
epoch 2 | batch 0 |train loss 0.6930865049362183
Valid: loss 0.6931248307228088, score:{'roc_auc': 0.5089777777777778, 'MRR': 0.7425925925925926}
Saving model
epoch 2 | batch 1 |train loss 0.6930603384971619
epoch 3 | batch 0 |train loss 0.6930078268051147
Valid: loss 0.6931014060974121, score:{'roc_auc': 0.5348444444444445, 'MRR': 0.7777777777777778}
Saving model
epoch 3 | batch 1 |train loss 0.6929739713668823
epoch 4 | batch 0 |train loss 0.6929548382759094
Valid: loss 0.6930761933326721, score:{'roc_auc': 0.5582222222222222, 'MRR': 0.7925925925925925}
Saving model
epoch 4 | batch 1 |train loss 0.6929595470428467
epoch 5 | batch 0 |train loss 0.6929523944854736
Valid: loss 0.6930489540100098, score:{'roc_auc': 0.5750222222222222, 'MRR': 0.7814814814814814}
Saving model
epoch 5 | batch 1 |train loss 0.6929116249084473
epoch 6 | batch 0 |train loss 0.6928882598876953
Valid: loss 0.6930187940597534, score:{'roc_auc': 0.5888, 'MRR': 0.7851851851851852}
Saving model
epoch 6 | batch 1 |train loss 0.6928890347480774
epoch 7 | batch 0 |train loss 0.6928266882896423
Valid: loss 0.6929852962493896, score:{'roc_auc': 0.6011555555555556, 'MRR': 0.8111111111111111}
Saving model
epoch 7 | batch 1 |train loss 0.6928373575210571
epoch 8 | batch 0 |train loss 0.6927767992019653
Valid: loss 0.6929470896720886, score:{'roc_auc': 0.6148444444444444, 'MRR': 0.8333333333333334}
Saving model
epoch 8 | batch 1 |train loss 0.6927518248558044
epoch 9 | batch 0 |train loss 0.6927183866500854
Valid: loss 0.6929028034210205, score:{'roc_auc': 0.6245333333333333, 'MRR': 0.8555555555555555}
Saving model
epoch 9 | batch 1 |train loss 0.6927034854888916
epoch 10 | batch 0 |train loss 0.6926306486129761
Valid: loss 0.6928514242172241, score:{'roc_auc': 0.6350222222222223, 'MRR': 0.8555555555555555}
Saving model
epoch 10 | batch 1 |train loss 0.6925474405288696
epoch 11 | batch 0 |train loss 0.6925759315490723
Valid: loss 0.6927910447120667, score:{'roc_auc': 0.6437333333333333, 'MRR': 0.8555555555555555}
Saving model
epoch 11 | batch 1 |train loss 0.6924933791160583
epoch 12 | batch 0 |train loss 0.6924426555633545
Valid: loss 0.6927207708358765, score:{'roc_auc': 0.6501333333333333, 'MRR': 0.8555555555555555}
Saving model
epoch 12 | batch 1 |train loss 0.6923057436943054
epoch 13 | batch 0 |train loss 0.6924097537994385
Valid: loss 0.6926382184028625, score:{'roc_auc': 0.6579555555555556, 'MRR': 0.8555555555555555}
Saving model
epoch 13 | batch 1 |train loss 0.6922653317451477
epoch 14 | batch 0 |train loss 0.6922363638877869
Valid: loss 0.6925416588783264, score:{'roc_auc': 0.6647111111111111, 'MRR': 0.8555555555555555}
Saving model
epoch 14 | batch 1 |train loss 0.692119300365448
epoch 15 | batch 0 |train loss 0.6920422315597534
Valid: loss 0.692427396774292, score:{'roc_auc': 0.6693333333333333, 'MRR': 0.8555555555555555}
Saving model
epoch 15 | batch 1 |train loss 0.691927433013916
epoch 16 | batch 0 |train loss 0.691892683506012
Valid: loss 0.6922927498817444, score:{'roc_auc': 0.6744888888888889, 'MRR': 0.8444444444444444}
Saving model
epoch 16 | batch 1 |train loss 0.6916916966438293
epoch 17 | batch 0 |train loss 0.6916001439094543
Valid: loss 0.6921335458755493, score:{'roc_auc': 0.6778666666666666, 'MRR': 0.8518518518518519}
Saving model
epoch 17 | batch 1 |train loss 0.691552460193634
epoch 18 | batch 0 |train loss 0.6914405226707458
Valid: loss 0.6919465065002441, score:{'roc_auc': 0.6799999999999999, 'MRR': 0.8518518518518519}
Saving model
epoch 18 | batch 1 |train loss 0.691146969795227
epoch 19 | batch 0 |train loss 0.6911413073539734
Valid: loss 0.6917259693145752, score:{'roc_auc': 0.6844444444444444, 'MRR': 0.8518518518518519}
Saving model
epoch 19 | batch 1 |train loss 0.6908606886863708
epoch 20 | batch 0 |train loss 0.690809428691864
Valid: loss 0.6914653778076172, score:{'roc_auc': 0.6865777777777777, 'MRR': 0.862962962962963}
Saving model
epoch 20 | batch 1 |train loss 0.6906221508979797
epoch 21 | batch 0 |train loss 0.6904522776603699
Valid: loss 0.6911587715148926, score:{'roc_auc': 0.6874666666666667, 'MRR': 0.862962962962963}
Saving model
epoch 21 | batch 1 |train loss 0.6900580525398254
epoch 22 | batch 0 |train loss 0.6897575855255127
Valid: loss 0.6907972693443298, score:{'roc_auc': 0.6912, 'MRR': 0.8518518518518519}
Saving model
epoch 22 | batch 1 |train loss 0.6895674467086792
epoch 23 | batch 0 |train loss 0.6892637610435486
Valid: loss 0.6903715133666992, score:{'roc_auc': 0.6917333333333333, 'MRR': 0.8518518518518519}
Saving model
epoch 23 | batch 1 |train loss 0.6889119148254395
epoch 24 | batch 0 |train loss 0.6888344287872314
Valid: loss 0.6898711323738098, score:{'roc_auc': 0.6938666666666666, 'MRR': 0.8518518518518519}
Saving model
epoch 24 | batch 1 |train loss 0.6881095170974731
epoch 25 | batch 0 |train loss 0.6877201199531555
Valid: loss 0.6892829537391663, score:{'roc_auc': 0.6968888888888889, 'MRR': 0.8518518518518519}
Saving model
epoch 25 | batch 1 |train loss 0.6873747110366821
epoch 26 | batch 0 |train loss 0.6872664093971252
Valid: loss 0.6885940432548523, score:{'roc_auc': 0.6972444444444444, 'MRR': 0.8518518518518519}
Saving model
epoch 26 | batch 1 |train loss 0.6863672137260437
epoch 27 | batch 0 |train loss 0.6861613988876343
Valid: loss 0.6877894401550293, score:{'roc_auc': 0.6977777777777778, 'MRR': 0.8518518518518519}
Saving model
epoch 27 | batch 1 |train loss 0.6850237846374512
epoch 28 | batch 0 |train loss 0.6850290894508362
Valid: loss 0.6868506073951721, score:{'roc_auc': 0.700088888888889, 'MRR': 0.8518518518518519}
Saving model
epoch 28 | batch 1 |train loss 0.6837463974952698
epoch 29 | batch 0 |train loss 0.6837002038955688
Valid: loss 0.6857578158378601, score:{'roc_auc': 0.7009777777777777, 'MRR': 0.8518518518518519}
Saving model
epoch 29 | batch 1 |train loss 0.6819220781326294
epoch 30 | batch 0 |train loss 0.681718647480011
Valid: loss 0.6844872236251831, score:{'roc_auc': 0.7018666666666666, 'MRR': 0.8481481481481482}
Saving model
epoch 30 | batch 1 |train loss 0.6809772253036499
epoch 31 | batch 0 |train loss 0.6802443265914917
Valid: loss 0.683020293712616, score:{'roc_auc': 0.7024, 'MRR': 0.8481481481481482}
Saving model
epoch 31 | batch 1 |train loss 0.6780570149421692
epoch 32 | batch 0 |train loss 0.6774964928627014
Valid: loss 0.6813282370567322, score:{'roc_auc': 0.7041777777777777, 'MRR': 0.8481481481481482}
Saving model
epoch 32 | batch 1 |train loss 0.6764705181121826
epoch 33 | batch 0 |train loss 0.6752488017082214
Valid: loss 0.679387092590332, score:{'roc_auc': 0.7050666666666667, 'MRR': 0.8481481481481482}
Saving model
epoch 33 | batch 1 |train loss 0.6735448837280273
epoch 34 | batch 0 |train loss 0.6729451417922974
Valid: loss 0.6771693229675293, score:{'roc_auc': 0.7064888888888888, 'MRR': 0.8481481481481482}
Saving model
epoch 34 | batch 1 |train loss 0.6703618764877319
epoch 35 | batch 0 |train loss 0.6694132089614868
Valid: loss 0.6746509671211243, score:{'roc_auc': 0.7084444444444445, 'MRR': 0.8481481481481482}
Saving model
epoch 35 | batch 1 |train loss 0.6658962368965149
epoch 36 | batch 0 |train loss 0.664878249168396
Valid: loss 0.6717998385429382, score:{'roc_auc': 0.7105777777777778, 'MRR': 0.8481481481481482}
Saving model
epoch 36 | batch 1 |train loss 0.6627665758132935
epoch 37 | batch 0 |train loss 0.6610673666000366
Valid: loss 0.6685980558395386, score:{'roc_auc': 0.7118222222222221, 'MRR': 0.8370370370370371}
Saving model
epoch 37 | batch 1 |train loss 0.6577910780906677
epoch 38 | batch 0 |train loss 0.6565524339675903
Valid: loss 0.6650282740592957, score:{'roc_auc': 0.7139555555555557, 'MRR': 0.8259259259259261}
Saving model
epoch 38 | batch 1 |train loss 0.6524609327316284
epoch 39 | batch 0 |train loss 0.6514455676078796
Valid: loss 0.661085307598114, score:{'roc_auc': 0.7152000000000001, 'MRR': 0.8259259259259261}
Saving model
epoch 39 | batch 1 |train loss 0.6479662656784058
epoch 40 | batch 0 |train loss 0.6450914144515991
Valid: loss 0.6567733287811279, score:{'roc_auc': 0.716088888888889, 'MRR': 0.8259259259259261}
Saving model
epoch 40 | batch 1 |train loss 0.640143871307373
epoch 41 | batch 0 |train loss 0.6389140486717224
Valid: loss 0.6521047949790955, score:{'roc_auc': 0.7176888888888888, 'MRR': 0.8148148148148149}
Saving model
epoch 41 | batch 1 |train loss 0.6350070834159851
epoch 42 | batch 0 |train loss 0.6335511803627014
Valid: loss 0.6471239328384399, score:{'roc_auc': 0.7184, 'MRR': 0.8148148148148149}
Saving model
epoch 42 | batch 1 |train loss 0.6254980564117432
epoch 43 | batch 0 |train loss 0.6249041557312012
Valid: loss 0.6418826580047607, score:{'roc_auc': 0.7198222222222223, 'MRR': 0.8148148148148149}
Saving model
epoch 43 | batch 1 |train loss 0.6172943711280823
epoch 44 | batch 0 |train loss 0.6179760694503784
Valid: loss 0.6364561915397644, score:{'roc_auc': 0.7219555555555556, 'MRR': 0.8148148148148149}
Saving model
epoch 44 | batch 1 |train loss 0.6080425381660461
epoch 45 | batch 0 |train loss 0.6112607717514038
Valid: loss 0.6309474110603333, score:{'roc_auc': 0.7219555555555556, 'MRR': 0.8148148148148149}
Saving model
epoch 45 | batch 1 |train loss 0.5982277989387512
epoch 46 | batch 0 |train loss 0.6018207669258118
Valid: loss 0.6254957914352417, score:{'roc_auc': 0.7242666666666666, 'MRR': 0.8148148148148149}
Saving model
epoch 46 | batch 1 |train loss 0.5880377888679504
epoch 47 | batch 0 |train loss 0.592322587966919
Valid: loss 0.6202720403671265, score:{'roc_auc': 0.7258666666666667, 'MRR': 0.8148148148148149}
Saving model
epoch 47 | batch 1 |train loss 0.5807061791419983
epoch 48 | batch 0 |train loss 0.5837441086769104
Valid: loss 0.6154673099517822, score:{'roc_auc': 0.7272888888888889, 'MRR': 0.8148148148148149}
Saving model
epoch 48 | batch 1 |train loss 0.5698880553245544
epoch 49 | batch 0 |train loss 0.5734806656837463
Valid: loss 0.6113097667694092, score:{'roc_auc': 0.7294222222222223, 'MRR': 0.8148148148148149}
Saving model
epoch 49 | batch 1 |train loss 0.5604588389396667
epoch 50 | batch 0 |train loss 0.5683577656745911
Valid: loss 0.6079954504966736, score:{'roc_auc': 0.7312, 'MRR': 0.8259259259259261}
Saving model
epoch 50 | batch 1 |train loss 0.5520683526992798
epoch 51 | batch 0 |train loss 0.5589355230331421
Valid: loss 0.6056979298591614, score:{'roc_auc': 0.7343999999999999, 'MRR': 0.8259259259259261}
Saving model
epoch 51 | batch 1 |train loss 0.5413751006126404
epoch 52 | batch 0 |train loss 0.5524371862411499
Valid: loss 0.6045773029327393, score:{'roc_auc': 0.7370666666666666, 'MRR': 0.8259259259259261}
Saving model
epoch 52 | batch 1 |train loss 0.5348129868507385
epoch 53 | batch 0 |train loss 0.5470713376998901
Valid: loss 0.604688823223114, score:{'roc_auc': 0.7367111111111111, 'MRR': 0.8370370370370371}
EarlyStopping counter: 1 out of 3
epoch 53 | batch 1 |train loss 0.5279363989830017
epoch 54 | batch 0 |train loss 0.5401948690414429
Valid: loss 0.6059744954109192, score:{'roc_auc': 0.7379555555555555, 'MRR': 0.8370370370370371}
EarlyStopping counter: 2 out of 3
epoch 54 | batch 1 |train loss 0.5205917954444885
epoch 55 | batch 0 |train loss 0.5346286296844482
Valid: loss 0.6082261800765991, score:{'roc_auc': 0.7395555555555556, 'MRR': 0.8370370370370371}
Meta keys: dict_keys([6])
Data keys: dict_keys([6])
Edge type: 6, Meta: (1, 0)
Average links per head: 3.41
Median: 2.0, Min: 1, Max: 22
len test_list[0] 525
len test_list[1] 525
len test_label 525
2 hop test: loss 0.6082261800765991, score:{'roc_auc': 0.5430744223847672, 'MRR': 0.7574675324675325}
(array([0, 1]), array([261, 264]))
[0.2993906  0.27240282 0.4014285  0.6267976  0.67169315 0.8011425
 0.76604676 0.7260935  0.77188617 0.8427106  0.7750473  0.7765596
 0.74563104 0.814365   0.8580219  0.3728007  0.83897954 0.54350597
 0.690004   0.5061691 ]
Average links per head full random test: 1.51
Medianfull random test: 1.0, Min: 1, Max: 11
len test_list[0]full random test 528
len test_list[1]full random test 528
len test_label full random test 528
2 hop test: loss 0.6082261800765991, score:{'roc_auc': 0.5430744223847672, 'MRR': 0.7574675324675325}
edge type: 6, random_score: {'roc_auc': 0.7203282828282828, 'MRR': 0.987012987012987}, score: {'roc_auc': 0.5430744223847672, 'MRR': 0.7574675324675325}
ROC_AUC: 0.5430744223847672
Sec neigh test: score list: defaultdict(<class 'list'>, {'roc_auc': [0.5430744223847672], 'MRR': [0.7574675324675325]})
Random test: score list: defaultdict(<class 'list'>, {'roc_auc': [0.7203282828282828], 'MRR': [0.987012987012987]})
Sec neigh test:average score: defaultdict(<class 'list'>, {'roc_auc': 0.5431, 'MRR': 0.7575})
Random test: average score: defaultdict(<class 'list'>, {'roc_auc': 0.7203, 'MRR': 0.987})
Completed: amazon_style_cct_fold_1 (rep 5)

--------------------------------------
Running model: GAT
Dataset: amazon_style_cct_fold_2
Repetition: 5
--------------------------------------
use device: cpu
Namespace(data='amazon_style_cct_fold_2', model_path='model.pt', train_iter_n=50, cuda=0, checkpoint='', epochs=100, patience=3, n_layers=2, n_heads=[4], dropout=0.5, model='GAT', lr=0.0001, weight_decay=0.0, batch_size=1024, edge_sample_ratio=1, test_with_CPU=False, decoder='dismult', feat_type=0)
args.feat_type 0
sys_path ['/home/simonettos/homhetgnn/HGB/LP/benchmark/methods/GNN', '/home/simonettos/homhetgnn/sbatches', '/home/simonettos/homhetgnn/HGB/LP/benchmark/methods/baseline', '/home/simonettos/homhetgnn/HGB/LP/benchmark', '/home/simonettos/homhetgnn/HGB/LP/benchmark/methods/GNN', '/home/simonettos/homhetgnn/HGB/LP/benchmark/methods/GNN/utils', '/home/simonettos/homhetgnn/HGB/LP/benchmark/methods/GNN/models', '/deepstore/software/anaconda3/2022.05/lib/python39.zip', '/deepstore/software/anaconda3/2022.05/lib/python3.9', '/deepstore/software/anaconda3/2022.05/lib/python3.9/lib-dynload', '/home/simonettos/homhetgnn/gpuvenv/lib/python3.9/site-packages', '../../', '../../']
Data path: /home/simonettos/homhetgnn/HGB/LP/benchmark/data/amazon_style_cct_fold_2
Loading nodes from /home/simonettos/homhetgnn/HGB/LP/benchmark/data/amazon_style_cct_fold_2/node.dat
edge types: dict_keys([3, 6, 5, 4, 7, 2, 0, 8, 1, 10, 9])
Getting training negative samples for edge types: [6]
nodes.shift keys: [0, 1, 2]
nodes.count keys: [0, 1, 2]
links.meta: {3: (0, 2), 6: (1, 0), 5: (1, 1), 4: (0, 0), 7: (0, 0), 2: (1, 1), 0: (0, 0), 8: (1, 1), 1: (1, 1), 10: (1, 1), 9: (1, 1)}
t_type about to use: 0
h_type: 1
shift dict: {0: 0, 1: 558, 2: 1498}
count dict: Counter({1: 940, 0: 558, 2: 188})
Generated 886 negative samples for edge type 6
Info: load amazon_style_cct_fold_2 from original data and generate /home/simonettos/homhetgnn/HGB/LP/benchmark/data/amazon_style_cct_fold_2/dl_pickle 
edge types: [6]
dataset: amazon_style_cct_fold_2, eval_type: 6
epoch 0 | batch 0 |train loss 0.6931634545326233
Valid: loss 0.6931571960449219, score:{'roc_auc': 0.50390625, 'MRR': 0.7163120567375886}
Saving model
epoch 0 | batch 1 |train loss 0.6931537389755249
epoch 1 | batch 0 |train loss 0.6930994391441345
Valid: loss 0.693131685256958, score:{'roc_auc': 0.5430908203125, 'MRR': 0.7624113475177304}
Saving model
epoch 1 | batch 1 |train loss 0.6931055188179016
epoch 2 | batch 0 |train loss 0.6931145191192627
Valid: loss 0.6931063532829285, score:{'roc_auc': 0.5849609375, 'MRR': 0.8262411347517731}
Saving model
epoch 2 | batch 1 |train loss 0.6930924654006958
epoch 3 | batch 0 |train loss 0.6930466890335083
Valid: loss 0.6930804252624512, score:{'roc_auc': 0.61181640625, 'MRR': 0.8262411347517731}
Saving model
epoch 3 | batch 1 |train loss 0.6930455565452576
epoch 4 | batch 0 |train loss 0.6929997205734253
Valid: loss 0.6930530667304993, score:{'roc_auc': 0.6339111328125, 'MRR': 0.8581560283687943}
Saving model
epoch 4 | batch 1 |train loss 0.692991316318512
epoch 5 | batch 0 |train loss 0.6929819583892822
Valid: loss 0.693024218082428, score:{'roc_auc': 0.6590576171875, 'MRR': 0.8581560283687943}
Saving model
epoch 5 | batch 1 |train loss 0.6930084824562073
epoch 6 | batch 0 |train loss 0.6929093599319458
Valid: loss 0.6929931044578552, score:{'roc_auc': 0.6781005859375, 'MRR': 0.8687943262411348}
Saving model
epoch 6 | batch 1 |train loss 0.6929182410240173
epoch 7 | batch 0 |train loss 0.6928431391716003
Valid: loss 0.6929582953453064, score:{'roc_auc': 0.6881103515625, 'MRR': 0.8794326241134752}
Saving model
epoch 7 | batch 1 |train loss 0.692848801612854
epoch 8 | batch 0 |train loss 0.692832350730896
Valid: loss 0.6929188966751099, score:{'roc_auc': 0.6976318359375, 'MRR': 0.8794326241134752}
Saving model
epoch 8 | batch 1 |train loss 0.6928062438964844
epoch 9 | batch 0 |train loss 0.6927944421768188
Valid: loss 0.6928743720054626, score:{'roc_auc': 0.7076416015625, 'MRR': 0.8794326241134752}
Saving model
epoch 9 | batch 1 |train loss 0.6927285194396973
epoch 10 | batch 0 |train loss 0.6926705837249756
Valid: loss 0.692824125289917, score:{'roc_auc': 0.7127685546875, 'MRR': 0.8794326241134752}
Saving model
epoch 10 | batch 1 |train loss 0.6926819682121277
epoch 11 | batch 0 |train loss 0.6926134824752808
Valid: loss 0.6927671432495117, score:{'roc_auc': 0.7183837890625, 'MRR': 0.8900709219858156}
Saving model
epoch 11 | batch 1 |train loss 0.6925743222236633
epoch 12 | batch 0 |train loss 0.6925061345100403
Valid: loss 0.6927011013031006, score:{'roc_auc': 0.7208251953125, 'MRR': 0.8900709219858156}
Saving model
epoch 12 | batch 1 |train loss 0.6925042867660522
epoch 13 | batch 0 |train loss 0.6924391984939575
Valid: loss 0.6926246881484985, score:{'roc_auc': 0.7252197265625, 'MRR': 0.8900709219858156}
Saving model
epoch 13 | batch 1 |train loss 0.6923986673355103
epoch 14 | batch 0 |train loss 0.6923602223396301
Valid: loss 0.6925362944602966, score:{'roc_auc': 0.7301025390625, 'MRR': 0.8900709219858156}
Saving model
epoch 14 | batch 1 |train loss 0.6922950148582458
epoch 15 | batch 0 |train loss 0.6921380162239075
Valid: loss 0.6924338936805725, score:{'roc_auc': 0.7332763671875, 'MRR': 0.9007092198581561}
Saving model
epoch 15 | batch 1 |train loss 0.6920880675315857
epoch 16 | batch 0 |train loss 0.6920496821403503
Valid: loss 0.6923137307167053, score:{'roc_auc': 0.7340087890625, 'MRR': 0.8900709219858156}
Saving model
epoch 16 | batch 1 |train loss 0.692003071308136
epoch 17 | batch 0 |train loss 0.691856324672699
Valid: loss 0.6921743154525757, score:{'roc_auc': 0.7349853515625, 'MRR': 0.8794326241134752}
Saving model
epoch 17 | batch 1 |train loss 0.6917560696601868
epoch 18 | batch 0 |train loss 0.6916134357452393
Valid: loss 0.6920108199119568, score:{'roc_auc': 0.7366943359375, 'MRR': 0.8794326241134752}
Saving model
epoch 18 | batch 1 |train loss 0.6916017532348633
epoch 19 | batch 0 |train loss 0.6913152933120728
Valid: loss 0.6918198466300964, score:{'roc_auc': 0.7391357421875, 'MRR': 0.8794326241134752}
Saving model
epoch 19 | batch 1 |train loss 0.6912621259689331
epoch 20 | batch 0 |train loss 0.6910963654518127
Valid: loss 0.6915960907936096, score:{'roc_auc': 0.7393798828125, 'MRR': 0.8794326241134752}
Saving model
epoch 20 | batch 1 |train loss 0.6909871697425842
epoch 21 | batch 0 |train loss 0.6907278895378113
Valid: loss 0.691333532333374, score:{'roc_auc': 0.7408447265625, 'MRR': 0.8687943262411346}
Saving model
epoch 21 | batch 1 |train loss 0.6906634569168091
epoch 22 | batch 0 |train loss 0.690443754196167
Valid: loss 0.6910278797149658, score:{'roc_auc': 0.7408447265625, 'MRR': 0.8687943262411346}
Saving model
epoch 22 | batch 1 |train loss 0.6902687549591064
epoch 23 | batch 0 |train loss 0.6898771524429321
Valid: loss 0.690670907497406, score:{'roc_auc': 0.7420654296875, 'MRR': 0.8652482269503545}
Saving model
epoch 23 | batch 1 |train loss 0.689744770526886
epoch 24 | batch 0 |train loss 0.6894326210021973
Valid: loss 0.6902532577514648, score:{'roc_auc': 0.7427978515625, 'MRR': 0.8652482269503545}
Saving model
epoch 24 | batch 1 |train loss 0.6892291307449341
epoch 25 | batch 0 |train loss 0.6887224316596985
Valid: loss 0.6897655129432678, score:{'roc_auc': 0.742431640625, 'MRR': 0.8652482269503545}
Saving model
epoch 25 | batch 1 |train loss 0.6885166168212891
epoch 26 | batch 0 |train loss 0.6880371570587158
Valid: loss 0.6891964673995972, score:{'roc_auc': 0.7415771484375, 'MRR': 0.8546099290780141}
Saving model
epoch 26 | batch 1 |train loss 0.6879066228866577
epoch 27 | batch 0 |train loss 0.6874335408210754
Valid: loss 0.6885324716567993, score:{'roc_auc': 0.7425537109375, 'MRR': 0.8546099290780141}
Saving model
epoch 27 | batch 1 |train loss 0.686909556388855
epoch 28 | batch 0 |train loss 0.6861192584037781
Valid: loss 0.6877573132514954, score:{'roc_auc': 0.7442626953125, 'MRR': 0.8652482269503545}
Saving model
epoch 28 | batch 1 |train loss 0.6858850717544556
epoch 29 | batch 0 |train loss 0.6854173541069031
Valid: loss 0.6868546605110168, score:{'roc_auc': 0.7449951171875, 'MRR': 0.8652482269503545}
Saving model
epoch 29 | batch 1 |train loss 0.6846196055412292
epoch 30 | batch 0 |train loss 0.6839954853057861
Valid: loss 0.685806155204773, score:{'roc_auc': 0.7454833984375, 'MRR': 0.875886524822695}
Saving model
epoch 30 | batch 1 |train loss 0.6838399767875671
epoch 31 | batch 0 |train loss 0.6825367212295532
Valid: loss 0.6845945715904236, score:{'roc_auc': 0.7449951171875, 'MRR': 0.875886524822695}
Saving model
epoch 31 | batch 1 |train loss 0.681469202041626
epoch 32 | batch 0 |train loss 0.6809098124504089
Valid: loss 0.6831901669502258, score:{'roc_auc': 0.7454833984375, 'MRR': 0.875886524822695}
Saving model
epoch 32 | batch 1 |train loss 0.6800083518028259
epoch 33 | batch 0 |train loss 0.678729772567749
Valid: loss 0.6815705895423889, score:{'roc_auc': 0.7462158203125, 'MRR': 0.875886524822695}
Saving model
epoch 33 | batch 1 |train loss 0.6775166392326355
epoch 34 | batch 0 |train loss 0.6765004396438599
Valid: loss 0.6797047257423401, score:{'roc_auc': 0.7457275390625, 'MRR': 0.875886524822695}
Saving model
epoch 34 | batch 1 |train loss 0.6752789616584778
epoch 35 | batch 0 |train loss 0.673902153968811
Valid: loss 0.6775659322738647, score:{'roc_auc': 0.7449951171875, 'MRR': 0.8652482269503545}
Saving model
epoch 35 | batch 1 |train loss 0.672324538230896
epoch 36 | batch 0 |train loss 0.6706866025924683
Valid: loss 0.675119161605835, score:{'roc_auc': 0.7447509765625, 'MRR': 0.8634751773049645}
Saving model
epoch 36 | batch 1 |train loss 0.6689457893371582
epoch 37 | batch 0 |train loss 0.6676315665245056
Valid: loss 0.6723283529281616, score:{'roc_auc': 0.7452392578125, 'MRR': 0.8634751773049645}
Saving model
epoch 37 | batch 1 |train loss 0.6655791401863098
epoch 38 | batch 0 |train loss 0.663393497467041
Valid: loss 0.6691632866859436, score:{'roc_auc': 0.7469482421875, 'MRR': 0.8634751773049645}
Saving model
epoch 38 | batch 1 |train loss 0.660988450050354
epoch 39 | batch 0 |train loss 0.6593372225761414
Valid: loss 0.6655924320220947, score:{'roc_auc': 0.7474365234375, 'MRR': 0.8634751773049645}
Saving model
epoch 39 | batch 1 |train loss 0.657274603843689
epoch 40 | batch 0 |train loss 0.6537261009216309
Valid: loss 0.6615936756134033, score:{'roc_auc': 0.7481689453125, 'MRR': 0.8634751773049645}
Saving model
epoch 40 | batch 1 |train loss 0.6525399684906006
epoch 41 | batch 0 |train loss 0.6478304266929626
Valid: loss 0.6571481227874756, score:{'roc_auc': 0.7503662109375, 'MRR': 0.8634751773049645}
Saving model
epoch 41 | batch 1 |train loss 0.6467163562774658
epoch 42 | batch 0 |train loss 0.6428936719894409
Valid: loss 0.6522457003593445, score:{'roc_auc': 0.7510986328125, 'MRR': 0.8634751773049645}
Saving model
epoch 42 | batch 1 |train loss 0.6425476670265198
epoch 43 | batch 0 |train loss 0.6358938217163086
Valid: loss 0.6468914151191711, score:{'roc_auc': 0.7518310546875, 'MRR': 0.8741134751773049}
Saving model
epoch 43 | batch 1 |train loss 0.634219229221344
epoch 44 | batch 0 |train loss 0.6280473470687866
Valid: loss 0.6410926580429077, score:{'roc_auc': 0.7528076171875, 'MRR': 0.8741134751773049}
Saving model
epoch 44 | batch 1 |train loss 0.6250057816505432
epoch 45 | batch 0 |train loss 0.622425377368927
Valid: loss 0.6348825693130493, score:{'roc_auc': 0.7537841796875, 'MRR': 0.8741134751773049}
Saving model
epoch 45 | batch 1 |train loss 0.6180630922317505
epoch 46 | batch 0 |train loss 0.6127635836601257
Valid: loss 0.6283215284347534, score:{'roc_auc': 0.7554931640625, 'MRR': 0.8847517730496453}
Saving model
epoch 46 | batch 1 |train loss 0.6104085445404053
epoch 47 | batch 0 |train loss 0.6042455434799194
Valid: loss 0.6215055584907532, score:{'roc_auc': 0.7557373046875, 'MRR': 0.8847517730496453}
Saving model
epoch 47 | batch 1 |train loss 0.6012778878211975
epoch 48 | batch 0 |train loss 0.5944927334785461
Valid: loss 0.6145488619804382, score:{'roc_auc': 0.7574462890625, 'MRR': 0.8847517730496453}
Saving model
epoch 48 | batch 1 |train loss 0.5908662676811218
epoch 49 | batch 0 |train loss 0.5852349996566772
Valid: loss 0.6076048612594604, score:{'roc_auc': 0.7581787109375, 'MRR': 0.8847517730496453}
Saving model
epoch 49 | batch 1 |train loss 0.5836164951324463
epoch 50 | batch 0 |train loss 0.5759429931640625
Valid: loss 0.6008596420288086, score:{'roc_auc': 0.7593994140625, 'MRR': 0.8847517730496453}
Saving model
epoch 50 | batch 1 |train loss 0.573828399181366
epoch 51 | batch 0 |train loss 0.5682616233825684
Valid: loss 0.5945476293563843, score:{'roc_auc': 0.7608642578125, 'MRR': 0.8847517730496453}
Saving model
epoch 51 | batch 1 |train loss 0.5655459761619568
epoch 52 | batch 0 |train loss 0.557746171951294
Valid: loss 0.5889117121696472, score:{'roc_auc': 0.7625732421875, 'MRR': 0.8847517730496453}
Saving model
epoch 52 | batch 1 |train loss 0.558036744594574
epoch 53 | batch 0 |train loss 0.5503339171409607
Valid: loss 0.5841401815414429, score:{'roc_auc': 0.7650146484375, 'MRR': 0.8847517730496453}
Saving model
epoch 53 | batch 1 |train loss 0.5498198866844177
epoch 54 | batch 0 |train loss 0.5426324009895325
Valid: loss 0.5804388523101807, score:{'roc_auc': 0.7677001953125, 'MRR': 0.8847517730496453}
Saving model
epoch 54 | batch 1 |train loss 0.5397502183914185
epoch 55 | batch 0 |train loss 0.5384734869003296
Valid: loss 0.5779245495796204, score:{'roc_auc': 0.7681884765625, 'MRR': 0.8847517730496453}
Saving model
epoch 55 | batch 1 |train loss 0.5384238958358765
epoch 56 | batch 0 |train loss 0.5301641821861267
Valid: loss 0.5765879154205322, score:{'roc_auc': 0.7696533203125, 'MRR': 0.8741134751773049}
Saving model
epoch 56 | batch 1 |train loss 0.5338039994239807
epoch 57 | batch 0 |train loss 0.5262805819511414
Valid: loss 0.5762750506401062, score:{'roc_auc': 0.7713623046875, 'MRR': 0.8741134751773049}
Saving model
epoch 57 | batch 1 |train loss 0.5292148590087891
epoch 58 | batch 0 |train loss 0.5233141183853149
Valid: loss 0.5766472816467285, score:{'roc_auc': 0.7716064453125, 'MRR': 0.8741134751773049}
EarlyStopping counter: 1 out of 3
epoch 58 | batch 1 |train loss 0.5260353684425354
epoch 59 | batch 0 |train loss 0.5200405120849609
Valid: loss 0.5773661732673645, score:{'roc_auc': 0.7723388671875, 'MRR': 0.8741134751773049}
EarlyStopping counter: 2 out of 3
epoch 59 | batch 1 |train loss 0.5207101702690125
epoch 60 | batch 0 |train loss 0.5166866183280945
Valid: loss 0.5782023668289185, score:{'roc_auc': 0.7738037109375, 'MRR': 0.8741134751773049}
Meta keys: dict_keys([6])
Data keys: dict_keys([6])
Edge type: 6, Meta: (1, 0)
Average links per head: 3.73
Median: 2.0, Min: 2, Max: 24
len test_list[0] 526
len test_list[1] 526
len test_label 526
2 hop test: loss 0.5782023668289185, score:{'roc_auc': 0.5454466596307594, 'MRR': 0.7368794326241135}
(array([0, 1]), array([263, 263]))
[0.3034826  0.42097208 0.5182542  0.85266244 0.19270872 0.3666429
 0.74601364 0.102123   0.82226527 0.8216994  0.7665874  0.7975698
 0.610023   0.69242775 0.81756127 0.57837474 0.7775513  0.51474863
 0.81807667 0.80120796]
Average links per head full random test: 1.53
Medianfull random test: 1.0, Min: 1, Max: 12
len test_list[0]full random test 526
len test_list[1]full random test 526
len test_label full random test 526
2 hop test: loss 0.5782023668289185, score:{'roc_auc': 0.5454466596307594, 'MRR': 0.7368794326241135}
edge type: 6, random_score: {'roc_auc': 0.7251948127051137, 'MRR': 0.9645390070921985}, score: {'roc_auc': 0.5454466596307594, 'MRR': 0.7368794326241135}
ROC_AUC: 0.5454466596307594
Sec neigh test: score list: defaultdict(<class 'list'>, {'roc_auc': [0.5454466596307594], 'MRR': [0.7368794326241135]})
Random test: score list: defaultdict(<class 'list'>, {'roc_auc': [0.7251948127051137], 'MRR': [0.9645390070921985]})
Sec neigh test:average score: defaultdict(<class 'list'>, {'roc_auc': 0.5454, 'MRR': 0.7369})
Random test: average score: defaultdict(<class 'list'>, {'roc_auc': 0.7252, 'MRR': 0.9645})
Completed: amazon_style_cct_fold_2 (rep 5)

--------------------------------------
Running model: GAT
Dataset: amazon_style_cct_fold_3
Repetition: 5
--------------------------------------
use device: cpu
Namespace(data='amazon_style_cct_fold_3', model_path='model.pt', train_iter_n=50, cuda=0, checkpoint='', epochs=100, patience=3, n_layers=2, n_heads=[4], dropout=0.5, model='GAT', lr=0.0001, weight_decay=0.0, batch_size=1024, edge_sample_ratio=1, test_with_CPU=False, decoder='dismult', feat_type=0)
args.feat_type 0
sys_path ['/home/simonettos/homhetgnn/HGB/LP/benchmark/methods/GNN', '/home/simonettos/homhetgnn/sbatches', '/home/simonettos/homhetgnn/HGB/LP/benchmark/methods/baseline', '/home/simonettos/homhetgnn/HGB/LP/benchmark', '/home/simonettos/homhetgnn/HGB/LP/benchmark/methods/GNN', '/home/simonettos/homhetgnn/HGB/LP/benchmark/methods/GNN/utils', '/home/simonettos/homhetgnn/HGB/LP/benchmark/methods/GNN/models', '/deepstore/software/anaconda3/2022.05/lib/python39.zip', '/deepstore/software/anaconda3/2022.05/lib/python3.9', '/deepstore/software/anaconda3/2022.05/lib/python3.9/lib-dynload', '/home/simonettos/homhetgnn/gpuvenv/lib/python3.9/site-packages', '../../', '../../']
Data path: /home/simonettos/homhetgnn/HGB/LP/benchmark/data/amazon_style_cct_fold_3
Loading nodes from /home/simonettos/homhetgnn/HGB/LP/benchmark/data/amazon_style_cct_fold_3/node.dat
edge types: dict_keys([3, 6, 5, 4, 7, 2, 0, 8, 1, 10, 9])
Getting training negative samples for edge types: [6]
nodes.shift keys: [0, 1, 2]
nodes.count keys: [0, 1, 2]
links.meta: {3: (0, 2), 6: (1, 0), 5: (1, 1), 4: (0, 0), 7: (0, 0), 2: (1, 1), 0: (0, 0), 8: (1, 1), 1: (1, 1), 10: (1, 1), 9: (1, 1)}
t_type about to use: 0
h_type: 1
shift dict: {0: 0, 1: 558, 2: 1498}
count dict: Counter({1: 940, 0: 558, 2: 188})
Generated 921 negative samples for edge type 6
Info: load amazon_style_cct_fold_3 from original data and generate /home/simonettos/homhetgnn/HGB/LP/benchmark/data/amazon_style_cct_fold_3/dl_pickle 
edge types: [6]
dataset: amazon_style_cct_fold_3, eval_type: 6
epoch 0 | batch 0 |train loss 0.6931074261665344
Valid: loss 0.6930629014968872, score:{'roc_auc': 0.628662109375, 'MRR': 0.7753623188405797}
Saving model
epoch 0 | batch 1 |train loss 0.6930900812149048
epoch 1 | batch 0 |train loss 0.6930439472198486
Valid: loss 0.6930274963378906, score:{'roc_auc': 0.662109375, 'MRR': 0.838768115942029}
Saving model
epoch 1 | batch 1 |train loss 0.6930797696113586
epoch 2 | batch 0 |train loss 0.6930161714553833
Valid: loss 0.6929908990859985, score:{'roc_auc': 0.6844482421875, 'MRR': 0.838768115942029}
Saving model
epoch 2 | batch 1 |train loss 0.6930364370346069
epoch 3 | batch 0 |train loss 0.6929851770401001
Valid: loss 0.6929516196250916, score:{'roc_auc': 0.70068359375, 'MRR': 0.838768115942029}
Saving model
epoch 3 | batch 1 |train loss 0.6929933428764343
epoch 4 | batch 0 |train loss 0.6929227113723755
Valid: loss 0.692908525466919, score:{'roc_auc': 0.709228515625, 'MRR': 0.838768115942029}
Saving model
epoch 4 | batch 1 |train loss 0.6929296851158142
epoch 5 | batch 0 |train loss 0.6928917169570923
Valid: loss 0.6928609013557434, score:{'roc_auc': 0.715576171875, 'MRR': 0.838768115942029}
Saving model
epoch 5 | batch 1 |train loss 0.6928515434265137
epoch 6 | batch 0 |train loss 0.6928297281265259
Valid: loss 0.6928070783615112, score:{'roc_auc': 0.7216796875, 'MRR': 0.8278985507246377}
Saving model
epoch 6 | batch 1 |train loss 0.6928098797798157
epoch 7 | batch 0 |train loss 0.6927340030670166
Valid: loss 0.6927465796470642, score:{'roc_auc': 0.7249755859375, 'MRR': 0.8278985507246377}
Saving model
epoch 7 | batch 1 |train loss 0.6927540302276611
epoch 8 | batch 0 |train loss 0.6926504969596863
Valid: loss 0.6926777958869934, score:{'roc_auc': 0.728271484375, 'MRR': 0.8278985507246377}
Saving model
epoch 8 | batch 1 |train loss 0.6926683783531189
epoch 9 | batch 0 |train loss 0.6926255226135254
Valid: loss 0.6925985217094421, score:{'roc_auc': 0.729736328125, 'MRR': 0.8278985507246377}
Saving model
epoch 9 | batch 1 |train loss 0.692585289478302
epoch 10 | batch 0 |train loss 0.6924825310707092
Valid: loss 0.6925069689750671, score:{'roc_auc': 0.7275390625, 'MRR': 0.8278985507246377}
Saving model
epoch 10 | batch 1 |train loss 0.6924903392791748
epoch 11 | batch 0 |train loss 0.6923342943191528
Valid: loss 0.6924010515213013, score:{'roc_auc': 0.72705078125, 'MRR': 0.8278985507246377}
Saving model
epoch 11 | batch 1 |train loss 0.6923167705535889
epoch 12 | batch 0 |train loss 0.6922482252120972
Valid: loss 0.6922783851623535, score:{'roc_auc': 0.729736328125, 'MRR': 0.8315217391304348}
Saving model
epoch 12 | batch 1 |train loss 0.6922009587287903
epoch 13 | batch 0 |train loss 0.6921168565750122
Valid: loss 0.6921361684799194, score:{'roc_auc': 0.732666015625, 'MRR': 0.8206521739130435}
Saving model
epoch 13 | batch 1 |train loss 0.6920902729034424
epoch 14 | batch 0 |train loss 0.691761314868927
Valid: loss 0.6919723749160767, score:{'roc_auc': 0.7305908203125, 'MRR': 0.8206521739130435}
Saving model
epoch 14 | batch 1 |train loss 0.6918753385543823
epoch 15 | batch 0 |train loss 0.6917007565498352
Valid: loss 0.6917815208435059, score:{'roc_auc': 0.730712890625, 'MRR': 0.8097826086956522}
Saving model
epoch 15 | batch 1 |train loss 0.6917060613632202
epoch 16 | batch 0 |train loss 0.6913391947746277
Valid: loss 0.691559910774231, score:{'roc_auc': 0.7314453125, 'MRR': 0.8097826086956522}
Saving model
epoch 16 | batch 1 |train loss 0.6914117932319641
epoch 17 | batch 0 |train loss 0.6911142468452454
Valid: loss 0.6913022398948669, score:{'roc_auc': 0.730224609375, 'MRR': 0.8097826086956522}
Saving model
epoch 17 | batch 1 |train loss 0.6911107897758484
epoch 18 | batch 0 |train loss 0.6908013820648193
Valid: loss 0.6910021901130676, score:{'roc_auc': 0.730224609375, 'MRR': 0.8097826086956522}
Saving model
epoch 18 | batch 1 |train loss 0.69081050157547
epoch 19 | batch 0 |train loss 0.6904826164245605
Valid: loss 0.6906531453132629, score:{'roc_auc': 0.729248046875, 'MRR': 0.8206521739130435}
Saving model
epoch 19 | batch 1 |train loss 0.6902633905410767
epoch 20 | batch 0 |train loss 0.6899722814559937
Valid: loss 0.6902475953102112, score:{'roc_auc': 0.7294921875, 'MRR': 0.8206521739130435}
Saving model
epoch 20 | batch 1 |train loss 0.6898356676101685
epoch 21 | batch 0 |train loss 0.6894296407699585
Valid: loss 0.689776599407196, score:{'roc_auc': 0.728515625, 'MRR': 0.8097826086956522}
Saving model
epoch 21 | batch 1 |train loss 0.6891701221466064
epoch 22 | batch 0 |train loss 0.6886031031608582
Valid: loss 0.6892286539077759, score:{'roc_auc': 0.727294921875, 'MRR': 0.8097826086956522}
Saving model
epoch 22 | batch 1 |train loss 0.688686728477478
epoch 23 | batch 0 |train loss 0.6882045269012451
Valid: loss 0.6885942220687866, score:{'roc_auc': 0.72705078125, 'MRR': 0.8097826086956522}
Saving model
epoch 23 | batch 1 |train loss 0.6879067420959473
epoch 24 | batch 0 |train loss 0.6872546672821045
Valid: loss 0.6878597140312195, score:{'roc_auc': 0.72607421875, 'MRR': 0.8097826086956522}
Saving model
epoch 24 | batch 1 |train loss 0.6869625449180603
epoch 25 | batch 0 |train loss 0.686014711856842
Valid: loss 0.6870101094245911, score:{'roc_auc': 0.7265625, 'MRR': 0.8097826086956522}
Saving model
epoch 25 | batch 1 |train loss 0.6860030889511108
epoch 26 | batch 0 |train loss 0.6847899556159973
Valid: loss 0.6860290765762329, score:{'roc_auc': 0.724365234375, 'MRR': 0.8097826086956522}
Saving model
epoch 26 | batch 1 |train loss 0.684593677520752
epoch 27 | batch 0 |train loss 0.6835898160934448
Valid: loss 0.6849008202552795, score:{'roc_auc': 0.72412109375, 'MRR': 0.8097826086956522}
Saving model
epoch 27 | batch 1 |train loss 0.6835253834724426
epoch 28 | batch 0 |train loss 0.6818056702613831
Valid: loss 0.683606743812561, score:{'roc_auc': 0.72265625, 'MRR': 0.8097826086956522}
Saving model
epoch 28 | batch 1 |train loss 0.682115912437439
epoch 29 | batch 0 |train loss 0.6800260543823242
Valid: loss 0.6821259260177612, score:{'roc_auc': 0.722900390625, 'MRR': 0.8097826086956522}
Saving model
epoch 29 | batch 1 |train loss 0.6800045967102051
epoch 30 | batch 0 |train loss 0.678075909614563
Valid: loss 0.6804336905479431, score:{'roc_auc': 0.7216796875, 'MRR': 0.8097826086956522}
Saving model
epoch 30 | batch 1 |train loss 0.6786966323852539
epoch 31 | batch 0 |train loss 0.6757284998893738
Valid: loss 0.6785140037536621, score:{'roc_auc': 0.722900390625, 'MRR': 0.8097826086956522}
Saving model
epoch 31 | batch 1 |train loss 0.6756129264831543
epoch 32 | batch 0 |train loss 0.6730832457542419
Valid: loss 0.676342785358429, score:{'roc_auc': 0.723876953125, 'MRR': 0.8097826086956522}
Saving model
epoch 32 | batch 1 |train loss 0.6728628873825073
epoch 33 | batch 0 |train loss 0.6699869632720947
Valid: loss 0.6738978624343872, score:{'roc_auc': 0.72607421875, 'MRR': 0.8097826086956522}
Saving model
epoch 33 | batch 1 |train loss 0.669552743434906
epoch 34 | batch 0 |train loss 0.6667706370353699
Valid: loss 0.6711576581001282, score:{'roc_auc': 0.7265625, 'MRR': 0.8097826086956522}
Saving model
epoch 34 | batch 1 |train loss 0.6665382981300354
epoch 35 | batch 0 |train loss 0.662220299243927
Valid: loss 0.6681086421012878, score:{'roc_auc': 0.72607421875, 'MRR': 0.8097826086956522}
Saving model
epoch 35 | batch 1 |train loss 0.6625974774360657
epoch 36 | batch 0 |train loss 0.6581311821937561
Valid: loss 0.6647383570671082, score:{'roc_auc': 0.72607421875, 'MRR': 0.8097826086956522}
Saving model
epoch 36 | batch 1 |train loss 0.6586098670959473
epoch 37 | batch 0 |train loss 0.6531121134757996
Valid: loss 0.6610420942306519, score:{'roc_auc': 0.727783203125, 'MRR': 0.8097826086956522}
Saving model
epoch 37 | batch 1 |train loss 0.653816282749176
epoch 38 | batch 0 |train loss 0.6464207172393799
Valid: loss 0.657024085521698, score:{'roc_auc': 0.729248046875, 'MRR': 0.8097826086956522}
Saving model
epoch 38 | batch 1 |train loss 0.6478247046470642
epoch 39 | batch 0 |train loss 0.6417120695114136
Valid: loss 0.652696430683136, score:{'roc_auc': 0.72900390625, 'MRR': 0.8097826086956522}
Saving model
epoch 39 | batch 1 |train loss 0.6421974897384644
epoch 40 | batch 0 |train loss 0.6343348026275635
Valid: loss 0.6480886936187744, score:{'roc_auc': 0.729736328125, 'MRR': 0.8097826086956522}
Saving model
epoch 40 | batch 1 |train loss 0.6361122727394104
epoch 41 | batch 0 |train loss 0.6267442107200623
Valid: loss 0.643236517906189, score:{'roc_auc': 0.731201171875, 'MRR': 0.8097826086956522}
Saving model
epoch 41 | batch 1 |train loss 0.6289901733398438
epoch 42 | batch 0 |train loss 0.6211550831794739
Valid: loss 0.6381916999816895, score:{'roc_auc': 0.732666015625, 'MRR': 0.8097826086956522}
Saving model
epoch 42 | batch 1 |train loss 0.6216115951538086
epoch 43 | batch 0 |train loss 0.6121979355812073
Valid: loss 0.6330268979072571, score:{'roc_auc': 0.734130859375, 'MRR': 0.8097826086956522}
Saving model
epoch 43 | batch 1 |train loss 0.6135734915733337
epoch 44 | batch 0 |train loss 0.6024467349052429
Valid: loss 0.6278281211853027, score:{'roc_auc': 0.734375, 'MRR': 0.8097826086956522}
Saving model
epoch 44 | batch 1 |train loss 0.6050887107849121
epoch 45 | batch 0 |train loss 0.5958298444747925
Valid: loss 0.622714638710022, score:{'roc_auc': 0.73486328125, 'MRR': 0.8097826086956522}
Saving model
epoch 45 | batch 1 |train loss 0.5966514348983765
epoch 46 | batch 0 |train loss 0.5816190838813782
Valid: loss 0.6178213953971863, score:{'roc_auc': 0.737060546875, 'MRR': 0.8097826086956522}
Saving model
epoch 46 | batch 1 |train loss 0.587516188621521
epoch 47 | batch 0 |train loss 0.5744038224220276
Valid: loss 0.6133177876472473, score:{'roc_auc': 0.73779296875, 'MRR': 0.8097826086956522}
Saving model
epoch 47 | batch 1 |train loss 0.5792868137359619
epoch 48 | batch 0 |train loss 0.5621219873428345
Valid: loss 0.6093838214874268, score:{'roc_auc': 0.73828125, 'MRR': 0.8097826086956522}
Saving model
epoch 48 | batch 1 |train loss 0.5699345469474792
epoch 49 | batch 0 |train loss 0.5538117289543152
Valid: loss 0.6062290668487549, score:{'roc_auc': 0.7392578125, 'MRR': 0.8097826086956522}
Saving model
epoch 49 | batch 1 |train loss 0.560072124004364
epoch 50 | batch 0 |train loss 0.544761061668396
Valid: loss 0.6040130853652954, score:{'roc_auc': 0.740966796875, 'MRR': 0.8097826086956522}
Saving model
epoch 50 | batch 1 |train loss 0.5509293079376221
epoch 51 | batch 0 |train loss 0.5364797115325928
Valid: loss 0.6028866767883301, score:{'roc_auc': 0.740234375, 'MRR': 0.8097826086956522}
Saving model
epoch 51 | batch 1 |train loss 0.5443049073219299
epoch 52 | batch 0 |train loss 0.5258628129959106
Valid: loss 0.6029338240623474, score:{'roc_auc': 0.744384765625, 'MRR': 0.8097826086956522}
EarlyStopping counter: 1 out of 3
epoch 52 | batch 1 |train loss 0.5376150012016296
epoch 53 | batch 0 |train loss 0.5181803703308105
Valid: loss 0.604149580001831, score:{'roc_auc': 0.745361328125, 'MRR': 0.8097826086956522}
EarlyStopping counter: 2 out of 3
epoch 53 | batch 1 |train loss 0.5301064252853394
epoch 54 | batch 0 |train loss 0.511725664138794
Valid: loss 0.6064963340759277, score:{'roc_auc': 0.745849609375, 'MRR': 0.8097826086956522}
Meta keys: dict_keys([6])
Data keys: dict_keys([6])
Edge type: 6, Meta: (1, 0)
Average links per head: 3.48
Median: 2.0, Min: 1, Max: 24
len test_list[0] 453
len test_list[1] 453
len test_label 453
2 hop test: loss 0.6064963340759277, score:{'roc_auc': 0.5763352826510721, 'MRR': 0.735970695970696}
(array([0, 1]), array([225, 228]))
[0.21367987 0.2469529  0.41887134 0.519294   0.7271968  0.67128867
 0.7460358  0.65233135 0.7474029  0.7521776  0.7523277  0.7761427
 0.75247353 0.6944546  0.65685457 0.87372184 0.4654745  0.29945403
 0.41249835 0.5093708 ]
Average links per head full random test: 1.49
Medianfull random test: 1.0, Min: 1, Max: 12
len test_list[0]full random test 456
len test_list[1]full random test 456
len test_label full random test 456
2 hop test: loss 0.6064963340759277, score:{'roc_auc': 0.5763352826510721, 'MRR': 0.735970695970696}
edge type: 6, random_score: {'roc_auc': 0.7340720221606648, 'MRR': 0.9884615384615385}, score: {'roc_auc': 0.5763352826510721, 'MRR': 0.735970695970696}
ROC_AUC: 0.5763352826510721
Sec neigh test: score list: defaultdict(<class 'list'>, {'roc_auc': [0.5763352826510721], 'MRR': [0.735970695970696]})
Random test: score list: defaultdict(<class 'list'>, {'roc_auc': [0.7340720221606648], 'MRR': [0.9884615384615385]})
Sec neigh test:average score: defaultdict(<class 'list'>, {'roc_auc': 0.5763, 'MRR': 0.736})
Random test: average score: defaultdict(<class 'list'>, {'roc_auc': 0.7341, 'MRR': 0.9885})
Completed: amazon_style_cct_fold_3 (rep 5)

--------------------------------------
Running model: GAT
Dataset: amazon_style_cct_fold_4
Repetition: 5
--------------------------------------
use device: cpu
Namespace(data='amazon_style_cct_fold_4', model_path='model.pt', train_iter_n=50, cuda=0, checkpoint='', epochs=100, patience=3, n_layers=2, n_heads=[4], dropout=0.5, model='GAT', lr=0.0001, weight_decay=0.0, batch_size=1024, edge_sample_ratio=1, test_with_CPU=False, decoder='dismult', feat_type=0)
args.feat_type 0
sys_path ['/home/simonettos/homhetgnn/HGB/LP/benchmark/methods/GNN', '/home/simonettos/homhetgnn/sbatches', '/home/simonettos/homhetgnn/HGB/LP/benchmark/methods/baseline', '/home/simonettos/homhetgnn/HGB/LP/benchmark', '/home/simonettos/homhetgnn/HGB/LP/benchmark/methods/GNN', '/home/simonettos/homhetgnn/HGB/LP/benchmark/methods/GNN/utils', '/home/simonettos/homhetgnn/HGB/LP/benchmark/methods/GNN/models', '/deepstore/software/anaconda3/2022.05/lib/python39.zip', '/deepstore/software/anaconda3/2022.05/lib/python3.9', '/deepstore/software/anaconda3/2022.05/lib/python3.9/lib-dynload', '/home/simonettos/homhetgnn/gpuvenv/lib/python3.9/site-packages', '../../', '../../']
Data path: /home/simonettos/homhetgnn/HGB/LP/benchmark/data/amazon_style_cct_fold_4
Loading nodes from /home/simonettos/homhetgnn/HGB/LP/benchmark/data/amazon_style_cct_fold_4/node.dat
edge types: dict_keys([3, 6, 5, 4, 7, 2, 0, 8, 1, 10, 9])
Getting training negative samples for edge types: [6]
nodes.shift keys: [0, 1, 2]
nodes.count keys: [0, 1, 2]
links.meta: {3: (0, 2), 6: (1, 0), 5: (1, 1), 4: (0, 0), 7: (0, 0), 2: (1, 1), 0: (0, 0), 8: (1, 1), 1: (1, 1), 10: (1, 1), 9: (1, 1)}
t_type about to use: 0
h_type: 1
shift dict: {0: 0, 1: 558, 2: 1498}
count dict: Counter({1: 940, 0: 558, 2: 188})
Generated 921 negative samples for edge type 6
Info: load amazon_style_cct_fold_4 from original data and generate /home/simonettos/homhetgnn/HGB/LP/benchmark/data/amazon_style_cct_fold_4/dl_pickle 
edge types: [6]
dataset: amazon_style_cct_fold_4, eval_type: 6
epoch 0 | batch 0 |train loss 0.6931414008140564
Valid: loss 0.6931329965591431, score:{'roc_auc': 0.5436686390532546, 'MRR': 0.7777777777777779}
Saving model
epoch 0 | batch 1 |train loss 0.6931293606758118
epoch 1 | batch 0 |train loss 0.6931362748146057
Valid: loss 0.6931100487709045, score:{'roc_auc': 0.5760946745562131, 'MRR': 0.7777777777777777}
Saving model
epoch 1 | batch 1 |train loss 0.6930832862854004
epoch 2 | batch 0 |train loss 0.693056046962738
Valid: loss 0.6930870413780212, score:{'roc_auc': 0.5969230769230769, 'MRR': 0.7976190476190477}
Saving model
epoch 2 | batch 1 |train loss 0.6930501461029053
epoch 3 | batch 0 |train loss 0.6930241584777832
Valid: loss 0.693063497543335, score:{'roc_auc': 0.6163313609467456, 'MRR': 0.8095238095238095}
Saving model
epoch 3 | batch 1 |train loss 0.6929942965507507
epoch 4 | batch 0 |train loss 0.692979633808136
Valid: loss 0.6930387020111084, score:{'roc_auc': 0.6262721893491124, 'MRR': 0.8095238095238095}
Saving model
epoch 4 | batch 1 |train loss 0.6929792165756226
epoch 5 | batch 0 |train loss 0.6929685473442078
Valid: loss 0.6930119395256042, score:{'roc_auc': 0.6369230769230769, 'MRR': 0.8214285714285714}
Saving model
epoch 5 | batch 1 |train loss 0.6929148435592651
epoch 6 | batch 0 |train loss 0.6929041147232056
Valid: loss 0.6929823756217957, score:{'roc_auc': 0.642603550295858, 'MRR': 0.8214285714285714}
Saving model
epoch 6 | batch 1 |train loss 0.6928352117538452
epoch 7 | batch 0 |train loss 0.6928039193153381
Valid: loss 0.6929491758346558, score:{'roc_auc': 0.6435502958579882, 'MRR': 0.8353174603174602}
Saving model
epoch 7 | batch 1 |train loss 0.6927765011787415
epoch 8 | batch 0 |train loss 0.6927682161331177
Valid: loss 0.69291090965271, score:{'roc_auc': 0.644733727810651, 'MRR': 0.834126984126984}
Saving model
epoch 8 | batch 1 |train loss 0.6926941275596619
epoch 9 | batch 0 |train loss 0.6927142143249512
Valid: loss 0.692866861820221, score:{'roc_auc': 0.648284023668639, 'MRR': 0.834126984126984}
Saving model
epoch 9 | batch 1 |train loss 0.6926290988922119
epoch 10 | batch 0 |train loss 0.6926125288009644
Valid: loss 0.6928157210350037, score:{'roc_auc': 0.6497041420118344, 'MRR': 0.834126984126984}
Saving model
epoch 10 | batch 1 |train loss 0.692548930644989
epoch 11 | batch 0 |train loss 0.6925318241119385
Valid: loss 0.6927562355995178, score:{'roc_auc': 0.6511242603550296, 'MRR': 0.834126984126984}
Saving model
epoch 11 | batch 1 |train loss 0.6924428939819336
epoch 12 | batch 0 |train loss 0.6923237442970276
Valid: loss 0.6926866173744202, score:{'roc_auc': 0.6523076923076924, 'MRR': 0.834126984126984}
Saving model
epoch 12 | batch 1 |train loss 0.6922450661659241
epoch 13 | batch 0 |train loss 0.6922531723976135
Valid: loss 0.6926047205924988, score:{'roc_auc': 0.6508875739644971, 'MRR': 0.8234126984126983}
Saving model
epoch 13 | batch 1 |train loss 0.6920962929725647
epoch 14 | batch 0 |train loss 0.6921204924583435
Valid: loss 0.6925089955329895, score:{'roc_auc': 0.6506508875739645, 'MRR': 0.8234126984126983}
Saving model
epoch 14 | batch 1 |train loss 0.6920218467712402
epoch 15 | batch 0 |train loss 0.6919237375259399
Valid: loss 0.6923968195915222, score:{'roc_auc': 0.6515976331360946, 'MRR': 0.8234126984126983}
Saving model
epoch 15 | batch 1 |train loss 0.6917102336883545
epoch 16 | batch 0 |train loss 0.6918052434921265
Valid: loss 0.6922650337219238, score:{'roc_auc': 0.6527810650887573, 'MRR': 0.8234126984126983}
Saving model
epoch 16 | batch 1 |train loss 0.6915977001190186
epoch 17 | batch 0 |train loss 0.6914822459220886
Valid: loss 0.6921105980873108, score:{'roc_auc': 0.6544378698224852, 'MRR': 0.8234126984126983}
Saving model
epoch 17 | batch 1 |train loss 0.6912605166435242
epoch 18 | batch 0 |train loss 0.6913174390792847
Valid: loss 0.6919291019439697, score:{'roc_auc': 0.6539644970414201, 'MRR': 0.8234126984126983}
Saving model
epoch 18 | batch 1 |train loss 0.6909573674201965
epoch 19 | batch 0 |train loss 0.6908779144287109
Valid: loss 0.6917158365249634, score:{'roc_auc': 0.656094674556213, 'MRR': 0.8234126984126983}
Saving model
epoch 19 | batch 1 |train loss 0.6905941367149353
epoch 20 | batch 0 |train loss 0.6905123591423035
Valid: loss 0.6914652585983276, score:{'roc_auc': 0.6596449704142012, 'MRR': 0.8353174603174602}
Saving model
epoch 20 | batch 1 |train loss 0.6902376413345337
epoch 21 | batch 0 |train loss 0.6901131868362427
Valid: loss 0.691171407699585, score:{'roc_auc': 0.6608284023668638, 'MRR': 0.8353174603174602}
Saving model
epoch 21 | batch 1 |train loss 0.6894504427909851
epoch 22 | batch 0 |train loss 0.6895303726196289
Valid: loss 0.6908265352249146, score:{'roc_auc': 0.6622485207100591, 'MRR': 0.8353174603174602}
Saving model
epoch 22 | batch 1 |train loss 0.6889079213142395
epoch 23 | batch 0 |train loss 0.6888374090194702
Valid: loss 0.6904229521751404, score:{'roc_auc': 0.6634319526627219, 'MRR': 0.8353174603174602}
Saving model
epoch 23 | batch 1 |train loss 0.6882450580596924
epoch 24 | batch 0 |train loss 0.688220739364624
Valid: loss 0.6899510622024536, score:{'roc_auc': 0.6657988165680474, 'MRR': 0.8353174603174602}
Saving model
epoch 24 | batch 1 |train loss 0.6870704889297485
epoch 25 | batch 0 |train loss 0.6870958805084229
Valid: loss 0.6894004344940186, score:{'roc_auc': 0.6672189349112427, 'MRR': 0.8353174603174602}
Saving model
epoch 25 | batch 1 |train loss 0.6864602565765381
epoch 26 | batch 0 |train loss 0.6863019466400146
Valid: loss 0.6887589693069458, score:{'roc_auc': 0.6686390532544381, 'MRR': 0.8353174603174602}
Saving model
epoch 26 | batch 1 |train loss 0.6854210495948792
epoch 27 | batch 0 |train loss 0.6850666403770447
Valid: loss 0.6880143880844116, score:{'roc_auc': 0.6698224852071006, 'MRR': 0.8353174603174602}
Saving model
epoch 27 | batch 1 |train loss 0.6841320991516113
epoch 28 | batch 0 |train loss 0.6836139559745789
Valid: loss 0.6871510744094849, score:{'roc_auc': 0.6726627218934912, 'MRR': 0.8353174603174602}
Saving model
epoch 28 | batch 1 |train loss 0.6823098659515381
epoch 29 | batch 0 |train loss 0.6825762987136841
Valid: loss 0.6861533522605896, score:{'roc_auc': 0.6731360946745564, 'MRR': 0.8353174603174602}
Saving model
epoch 29 | batch 1 |train loss 0.6806758046150208
epoch 30 | batch 0 |train loss 0.6806087493896484
Valid: loss 0.6850048899650574, score:{'roc_auc': 0.672189349112426, 'MRR': 0.8353174603174602}
Saving model
epoch 30 | batch 1 |train loss 0.6786091327667236
epoch 31 | batch 0 |train loss 0.6780748963356018
Valid: loss 0.6836860179901123, score:{'roc_auc': 0.6724260355029585, 'MRR': 0.8353174603174602}
Saving model
epoch 31 | batch 1 |train loss 0.676946759223938
epoch 32 | batch 0 |train loss 0.6757869124412537
Valid: loss 0.6821784973144531, score:{'roc_auc': 0.672189349112426, 'MRR': 0.8353174603174602}
Saving model
epoch 32 | batch 1 |train loss 0.6740536093711853
epoch 33 | batch 0 |train loss 0.6730955243110657
Valid: loss 0.6804614067077637, score:{'roc_auc': 0.6719526627218936, 'MRR': 0.8353174603174602}
Saving model
epoch 33 | batch 1 |train loss 0.6711243987083435
epoch 34 | batch 0 |train loss 0.6702698469161987
Valid: loss 0.6785165071487427, score:{'roc_auc': 0.6724260355029587, 'MRR': 0.8353174603174602}
Saving model
epoch 34 | batch 1 |train loss 0.6670899987220764
epoch 35 | batch 0 |train loss 0.66623455286026
Valid: loss 0.6763219833374023, score:{'roc_auc': 0.6726627218934911, 'MRR': 0.8353174603174602}
Saving model
epoch 35 | batch 1 |train loss 0.66283118724823
epoch 36 | batch 0 |train loss 0.6630160212516785
Valid: loss 0.6738666892051697, score:{'roc_auc': 0.6738461538461539, 'MRR': 0.8353174603174602}
Saving model
epoch 36 | batch 1 |train loss 0.6591737270355225
epoch 37 | batch 0 |train loss 0.6573019027709961
Valid: loss 0.6711417436599731, score:{'roc_auc': 0.6752662721893491, 'MRR': 0.8353174603174602}
Saving model
epoch 37 | batch 1 |train loss 0.6534743309020996
epoch 38 | batch 0 |train loss 0.6531372666358948
Valid: loss 0.6681444048881531, score:{'roc_auc': 0.6755029585798816, 'MRR': 0.8353174603174602}
Saving model
epoch 38 | batch 1 |train loss 0.647016167640686
epoch 39 | batch 0 |train loss 0.6476996541023254
Valid: loss 0.6648788452148438, score:{'roc_auc': 0.6771597633136095, 'MRR': 0.8353174603174602}
Saving model
epoch 39 | batch 1 |train loss 0.6423097252845764
epoch 40 | batch 0 |train loss 0.6407443284988403
Valid: loss 0.6613678336143494, score:{'roc_auc': 0.6788165680473373, 'MRR': 0.8353174603174602}
Saving model
epoch 40 | batch 1 |train loss 0.6342728137969971
epoch 41 | batch 0 |train loss 0.6334097981452942
Valid: loss 0.6576451659202576, score:{'roc_auc': 0.6807100591715977, 'MRR': 0.8353174603174602}
Saving model
epoch 41 | batch 1 |train loss 0.628423273563385
epoch 42 | batch 0 |train loss 0.6263036727905273
Valid: loss 0.6537742018699646, score:{'roc_auc': 0.6818934911242605, 'MRR': 0.8353174603174602}
Saving model
epoch 42 | batch 1 |train loss 0.6203762888908386
epoch 43 | batch 0 |train loss 0.6187868118286133
Valid: loss 0.6498355865478516, score:{'roc_auc': 0.6835502958579882, 'MRR': 0.8353174603174602}
Saving model
epoch 43 | batch 1 |train loss 0.611429750919342
epoch 44 | batch 0 |train loss 0.609971284866333
Valid: loss 0.6459317803382874, score:{'roc_auc': 0.685680473372781, 'MRR': 0.8353174603174602}
Saving model
epoch 44 | batch 1 |train loss 0.6019948720932007
epoch 45 | batch 0 |train loss 0.6015993356704712
Valid: loss 0.6421975493431091, score:{'roc_auc': 0.6866272189349113, 'MRR': 0.8353174603174602}
Saving model
epoch 45 | batch 1 |train loss 0.5906565189361572
epoch 46 | batch 0 |train loss 0.5911672115325928
Valid: loss 0.6387723684310913, score:{'roc_auc': 0.6887573964497041, 'MRR': 0.8353174603174602}
Saving model
epoch 46 | batch 1 |train loss 0.5818256139755249
epoch 47 | batch 0 |train loss 0.5828636288642883
Valid: loss 0.6358117461204529, score:{'roc_auc': 0.6899408284023669, 'MRR': 0.8353174603174602}
Saving model
epoch 47 | batch 1 |train loss 0.5727550387382507
epoch 48 | batch 0 |train loss 0.5757313370704651
Valid: loss 0.633497416973114, score:{'roc_auc': 0.6918343195266272, 'MRR': 0.8353174603174602}
Saving model
epoch 48 | batch 1 |train loss 0.5602066516876221
epoch 49 | batch 0 |train loss 0.5652601718902588
Valid: loss 0.6319634318351746, score:{'roc_auc': 0.6927810650887575, 'MRR': 0.8353174603174602}
Saving model
epoch 49 | batch 1 |train loss 0.552769660949707
epoch 50 | batch 0 |train loss 0.5543493032455444
Valid: loss 0.6313031315803528, score:{'roc_auc': 0.6932544378698225, 'MRR': 0.8353174603174602}
Saving model
epoch 50 | batch 1 |train loss 0.5418913960456848
epoch 51 | batch 0 |train loss 0.5480819940567017
Valid: loss 0.6315571069717407, score:{'roc_auc': 0.6944378698224852, 'MRR': 0.8353174603174602}
EarlyStopping counter: 1 out of 3
epoch 51 | batch 1 |train loss 0.5358432531356812
epoch 52 | batch 0 |train loss 0.5418293476104736
Valid: loss 0.6327216625213623, score:{'roc_auc': 0.69396449704142, 'MRR': 0.8353174603174602}
EarlyStopping counter: 2 out of 3
epoch 52 | batch 1 |train loss 0.5316064357757568
epoch 53 | batch 0 |train loss 0.5343645811080933
Valid: loss 0.6346795558929443, score:{'roc_auc': 0.6953846153846155, 'MRR': 0.8234126984126983}
Meta keys: dict_keys([6])
Data keys: dict_keys([6])
Edge type: 6, Meta: (1, 0)
Average links per head: 3.74
Median: 2.0, Min: 2, Max: 22
len test_list[0] 452
len test_list[1] 452
len test_label 452
2 hop test: loss 0.6346795558929443, score:{'roc_auc': 0.5457945023102827, 'MRR': 0.7568870523415979}
(array([0, 1]), array([226, 226]))
[0.36794758 0.3707376  0.3945843  0.46311685 0.4789065  0.6752697
 0.2629305  0.66265565 0.64740735 0.7134547  0.70764273 0.76225585
 0.68467104 0.56479305 0.26145616 0.7497626  0.80660784 0.64241856
 0.80120105 0.63543445]
Average links per head full random test: 1.50
Medianfull random test: 1.0, Min: 1, Max: 11
len test_list[0]full random test 452
len test_list[1]full random test 452
len test_label full random test 452
2 hop test: loss 0.6346795558929443, score:{'roc_auc': 0.5457945023102827, 'MRR': 0.7568870523415979}
edge type: 6, random_score: {'roc_auc': 0.7085323831153575, 'MRR': 0.9834710743801653}, score: {'roc_auc': 0.5457945023102827, 'MRR': 0.7568870523415979}
ROC_AUC: 0.5457945023102827
Sec neigh test: score list: defaultdict(<class 'list'>, {'roc_auc': [0.5457945023102827], 'MRR': [0.7568870523415979]})
Random test: score list: defaultdict(<class 'list'>, {'roc_auc': [0.7085323831153575], 'MRR': [0.9834710743801653]})
Sec neigh test:average score: defaultdict(<class 'list'>, {'roc_auc': 0.5458, 'MRR': 0.7569})
Random test: average score: defaultdict(<class 'list'>, {'roc_auc': 0.7085, 'MRR': 0.9835})
Completed: amazon_style_cct_fold_4 (rep 5)

--------------------------------------
Running model: GAT
Dataset: amazon_style_cct_fold_5
Repetition: 5
--------------------------------------
use device: cpu
Namespace(data='amazon_style_cct_fold_5', model_path='model.pt', train_iter_n=50, cuda=0, checkpoint='', epochs=100, patience=3, n_layers=2, n_heads=[4], dropout=0.5, model='GAT', lr=0.0001, weight_decay=0.0, batch_size=1024, edge_sample_ratio=1, test_with_CPU=False, decoder='dismult', feat_type=0)
args.feat_type 0
sys_path ['/home/simonettos/homhetgnn/HGB/LP/benchmark/methods/GNN', '/home/simonettos/homhetgnn/sbatches', '/home/simonettos/homhetgnn/HGB/LP/benchmark/methods/baseline', '/home/simonettos/homhetgnn/HGB/LP/benchmark', '/home/simonettos/homhetgnn/HGB/LP/benchmark/methods/GNN', '/home/simonettos/homhetgnn/HGB/LP/benchmark/methods/GNN/utils', '/home/simonettos/homhetgnn/HGB/LP/benchmark/methods/GNN/models', '/deepstore/software/anaconda3/2022.05/lib/python39.zip', '/deepstore/software/anaconda3/2022.05/lib/python3.9', '/deepstore/software/anaconda3/2022.05/lib/python3.9/lib-dynload', '/home/simonettos/homhetgnn/gpuvenv/lib/python3.9/site-packages', '../../', '../../']
Data path: /home/simonettos/homhetgnn/HGB/LP/benchmark/data/amazon_style_cct_fold_5
Loading nodes from /home/simonettos/homhetgnn/HGB/LP/benchmark/data/amazon_style_cct_fold_5/node.dat
edge types: dict_keys([3, 6, 5, 4, 7, 2, 0, 8, 1, 10, 9])
Getting training negative samples for edge types: [6]
nodes.shift keys: [0, 1, 2]
nodes.count keys: [0, 1, 2]
links.meta: {3: (0, 2), 6: (1, 0), 5: (1, 1), 4: (0, 0), 7: (0, 0), 2: (1, 1), 0: (0, 0), 8: (1, 1), 1: (1, 1), 10: (1, 1), 9: (1, 1)}
t_type about to use: 0
h_type: 1
shift dict: {0: 0, 1: 558, 2: 1498}
count dict: Counter({1: 940, 0: 558, 2: 188})
Generated 919 negative samples for edge type 6
Info: load amazon_style_cct_fold_5 from original data and generate /home/simonettos/homhetgnn/HGB/LP/benchmark/data/amazon_style_cct_fold_5/dl_pickle 
edge types: [6]
dataset: amazon_style_cct_fold_5, eval_type: 6
epoch 0 | batch 0 |train loss 0.6931077837944031
Valid: loss 0.6931173205375671, score:{'roc_auc': 0.5658425154528353, 'MRR': 0.7972972972972973}
Saving model
epoch 0 | batch 1 |train loss 0.6931305527687073
epoch 1 | batch 0 |train loss 0.6930826306343079
Valid: loss 0.6931023597717285, score:{'roc_auc': 0.5878796022574577, 'MRR': 0.7972972972972973}
Saving model
epoch 1 | batch 1 |train loss 0.6930710673332214
epoch 2 | batch 0 |train loss 0.6930541396141052
Valid: loss 0.6930856704711914, score:{'roc_auc': 0.5956732061273852, 'MRR': 0.7837837837837838}
Saving model
epoch 2 | batch 1 |train loss 0.693012535572052
epoch 3 | batch 0 |train loss 0.6930248737335205
Valid: loss 0.6930686235427856, score:{'roc_auc': 0.6026605751142166, 'MRR': 0.7837837837837838}
Saving model
epoch 3 | batch 1 |train loss 0.6930313110351562
epoch 4 | batch 0 |train loss 0.6929543614387512
Valid: loss 0.6930503249168396, score:{'roc_auc': 0.6040042999193765, 'MRR': 0.7702702702702703}
Saving model
epoch 4 | batch 1 |train loss 0.6929309964179993
epoch 5 | batch 0 |train loss 0.6929087042808533
Valid: loss 0.693030059337616, score:{'roc_auc': 0.6057511421660844, 'MRR': 0.7567567567567568}
Saving model
epoch 5 | batch 1 |train loss 0.6928927898406982
epoch 6 | batch 0 |train loss 0.6928461194038391
Valid: loss 0.6930075287818909, score:{'roc_auc': 0.6072292394517603, 'MRR': 0.7567567567567568}
Saving model
epoch 6 | batch 1 |train loss 0.6928037405014038
epoch 7 | batch 0 |train loss 0.6927739381790161
Valid: loss 0.6929821372032166, score:{'roc_auc': 0.610454178984144, 'MRR': 0.7567567567567568}
Saving model
epoch 7 | batch 1 |train loss 0.6927432417869568
epoch 8 | batch 0 |train loss 0.6927214860916138
Valid: loss 0.69295334815979, score:{'roc_auc': 0.6107229239451759, 'MRR': 0.7567567567567568}
Saving model
epoch 8 | batch 1 |train loss 0.6926833987236023
epoch 9 | batch 0 |train loss 0.6926419734954834
Valid: loss 0.6929197311401367, score:{'roc_auc': 0.6115291588282721, 'MRR': 0.7702702702702703}
Saving model
epoch 9 | batch 1 |train loss 0.6925252079963684
epoch 10 | batch 0 |train loss 0.6925818920135498
Valid: loss 0.69288170337677, score:{'roc_auc': 0.6104541789841441, 'MRR': 0.7702702702702703}
Saving model
epoch 10 | batch 1 |train loss 0.6924740076065063
epoch 11 | batch 0 |train loss 0.6924684047698975
Valid: loss 0.6928378343582153, score:{'roc_auc': 0.6088417092179521, 'MRR': 0.7702702702702703}
Saving model
epoch 11 | batch 1 |train loss 0.6923664212226868
epoch 12 | batch 0 |train loss 0.6923703551292419
Valid: loss 0.6927872896194458, score:{'roc_auc': 0.6112604138672401, 'MRR': 0.7702702702702703}
Saving model
epoch 12 | batch 1 |train loss 0.6922183036804199
epoch 13 | batch 0 |train loss 0.6921882033348083
Valid: loss 0.6927288770675659, score:{'roc_auc': 0.6104541789841441, 'MRR': 0.7837837837837838}
Saving model
epoch 13 | batch 1 |train loss 0.6920180916786194
epoch 14 | batch 0 |train loss 0.6920742988586426
Valid: loss 0.6926608681678772, score:{'roc_auc': 0.6104541789841441, 'MRR': 0.7837837837837838}
Saving model
epoch 14 | batch 1 |train loss 0.6918920278549194
epoch 15 | batch 0 |train loss 0.6918107271194458
Valid: loss 0.6925811171531677, score:{'roc_auc': 0.6088417092179522, 'MRR': 0.7837837837837838}
Saving model
epoch 15 | batch 1 |train loss 0.691683828830719
epoch 16 | batch 0 |train loss 0.6916709542274475
Valid: loss 0.692488431930542, score:{'roc_auc': 0.6093791991400161, 'MRR': 0.7837837837837838}
Saving model
epoch 16 | batch 1 |train loss 0.6914403438568115
epoch 17 | batch 0 |train loss 0.6913968920707703
Valid: loss 0.6923799514770508, score:{'roc_auc': 0.6099166890620802, 'MRR': 0.7837837837837838}
Saving model
epoch 17 | batch 1 |train loss 0.691135048866272
epoch 18 | batch 0 |train loss 0.6912282705307007
Valid: loss 0.6922528147697449, score:{'roc_auc': 0.6099166890620802, 'MRR': 0.7837837837837838}
Saving model
epoch 18 | batch 1 |train loss 0.6909523606300354
epoch 19 | batch 0 |train loss 0.6908476948738098
Valid: loss 0.6921049356460571, score:{'roc_auc': 0.6099166890620801, 'MRR': 0.7972972972972973}
Saving model
epoch 19 | batch 1 |train loss 0.6903759837150574
epoch 20 | batch 0 |train loss 0.6905022859573364
Valid: loss 0.6919324994087219, score:{'roc_auc': 0.610991668906208, 'MRR': 0.7837837837837838}
Saving model
epoch 20 | batch 1 |train loss 0.6899510622024536
epoch 21 | batch 0 |train loss 0.6899473667144775
Valid: loss 0.691730797290802, score:{'roc_auc': 0.6123353937113679, 'MRR': 0.7837837837837838}
Saving model
epoch 21 | batch 1 |train loss 0.6894592642784119
epoch 22 | batch 0 |train loss 0.6894811391830444
Valid: loss 0.6914950609207153, score:{'roc_auc': 0.6123353937113679, 'MRR': 0.7837837837837838}
Saving model
epoch 22 | batch 1 |train loss 0.6889051795005798
epoch 23 | batch 0 |train loss 0.6888790726661682
Valid: loss 0.691219687461853, score:{'roc_auc': 0.6139478634775598, 'MRR': 0.7837837837837838}
Saving model
epoch 23 | batch 1 |train loss 0.6881251335144043
epoch 24 | batch 0 |train loss 0.6882107257843018
Valid: loss 0.6908989548683167, score:{'roc_auc': 0.6147540983606558, 'MRR': 0.7837837837837838}
Saving model
epoch 24 | batch 1 |train loss 0.6872172951698303
epoch 25 | batch 0 |train loss 0.6874208450317383
Valid: loss 0.690524697303772, score:{'roc_auc': 0.6150228433216877, 'MRR': 0.7792792792792792}
Saving model
epoch 25 | batch 1 |train loss 0.6862471103668213
epoch 26 | batch 0 |train loss 0.6864340901374817
Valid: loss 0.6900891661643982, score:{'roc_auc': 0.6152915882827196, 'MRR': 0.7792792792792792}
Saving model
epoch 26 | batch 1 |train loss 0.6852567195892334
epoch 27 | batch 0 |train loss 0.6852443218231201
Valid: loss 0.6895831823348999, score:{'roc_auc': 0.6160978231658156, 'MRR': 0.7792792792792792}
Saving model
epoch 27 | batch 1 |train loss 0.683800220489502
epoch 28 | batch 0 |train loss 0.6845853328704834
Valid: loss 0.6889975070953369, score:{'roc_auc': 0.6185165278151035, 'MRR': 0.7792792792792792}
Saving model
epoch 28 | batch 1 |train loss 0.6826041340827942
epoch 29 | batch 0 |train loss 0.6827999353408813
Valid: loss 0.6883190274238586, score:{'roc_auc': 0.6198602526202633, 'MRR': 0.7792792792792792}
Saving model
epoch 29 | batch 1 |train loss 0.6811932325363159
epoch 30 | batch 0 |train loss 0.6808578968048096
Valid: loss 0.687535285949707, score:{'roc_auc': 0.6220102123085192, 'MRR': 0.7792792792792792}
Saving model
epoch 30 | batch 1 |train loss 0.6787883043289185
epoch 31 | batch 0 |train loss 0.678995668888092
Valid: loss 0.6866331100463867, score:{'roc_auc': 0.623622682074711, 'MRR': 0.7792792792792792}
Saving model
epoch 31 | batch 1 |train loss 0.67679363489151
epoch 32 | batch 0 |train loss 0.6770064234733582
Valid: loss 0.685599684715271, score:{'roc_auc': 0.625503896801935, 'MRR': 0.7657657657657657}
Saving model
epoch 32 | batch 1 |train loss 0.6743068695068359
epoch 33 | batch 0 |train loss 0.6745297908782959
Valid: loss 0.684422492980957, score:{'roc_auc': 0.6257726417629669, 'MRR': 0.7387387387387387}
Saving model
epoch 33 | batch 1 |train loss 0.6716853976249695
epoch 34 | batch 0 |train loss 0.670966625213623
Valid: loss 0.6830893158912659, score:{'roc_auc': 0.6265788766460628, 'MRR': 0.7342342342342342}
Saving model
epoch 34 | batch 1 |train loss 0.6674779057502747
epoch 35 | batch 0 |train loss 0.668556272983551
Valid: loss 0.681585431098938, score:{'roc_auc': 0.6284600913732867, 'MRR': 0.7342342342342342}
Saving model
epoch 35 | batch 1 |train loss 0.6644192337989807
epoch 36 | batch 0 |train loss 0.6645641922950745
Valid: loss 0.6799081563949585, score:{'roc_auc': 0.6298038161784467, 'MRR': 0.7342342342342342}
Saving model
epoch 36 | batch 1 |train loss 0.6595336198806763
epoch 37 | batch 0 |train loss 0.6602383255958557
Valid: loss 0.6780532598495483, score:{'roc_auc': 0.6308787960225746, 'MRR': 0.7342342342342342}
Saving model
epoch 37 | batch 1 |train loss 0.6548327803611755
epoch 38 | batch 0 |train loss 0.6561242341995239
Valid: loss 0.6760274767875671, score:{'roc_auc': 0.6330287557108304, 'MRR': 0.7342342342342342}
Saving model
epoch 38 | batch 1 |train loss 0.6489759683609009
epoch 39 | batch 0 |train loss 0.649671196937561
Valid: loss 0.6738442182540894, score:{'roc_auc': 0.6349099704380543, 'MRR': 0.7342342342342342}
Saving model
epoch 39 | batch 1 |train loss 0.6443502306938171
epoch 40 | batch 0 |train loss 0.6440656781196594
Valid: loss 0.6715317368507385, score:{'roc_auc': 0.6362536952432142, 'MRR': 0.7342342342342342}
Saving model
epoch 40 | batch 1 |train loss 0.6376514434814453
epoch 41 | batch 0 |train loss 0.6375265121459961
Valid: loss 0.6691346168518066, score:{'roc_auc': 0.6381349099704381, 'MRR': 0.7342342342342342}
Saving model
epoch 41 | batch 1 |train loss 0.6292986869812012
epoch 42 | batch 0 |train loss 0.6301048398017883
Valid: loss 0.6667209267616272, score:{'roc_auc': 0.6400161246976619, 'MRR': 0.7342342342342342}
Saving model
epoch 42 | batch 1 |train loss 0.6212658882141113
epoch 43 | batch 0 |train loss 0.6240081787109375
Valid: loss 0.6643739938735962, score:{'roc_auc': 0.6413598495028218, 'MRR': 0.7342342342342342}
Saving model
epoch 43 | batch 1 |train loss 0.6134114265441895
epoch 44 | batch 0 |train loss 0.6153900623321533
Valid: loss 0.6622154712677002, score:{'roc_auc': 0.6421660843859177, 'MRR': 0.7342342342342342}
Saving model
epoch 44 | batch 1 |train loss 0.6032847762107849
epoch 45 | batch 0 |train loss 0.6084173917770386
Valid: loss 0.6603825688362122, score:{'roc_auc': 0.6445847890352056, 'MRR': 0.7342342342342342}
Saving model
epoch 45 | batch 1 |train loss 0.5941663980484009
epoch 46 | batch 0 |train loss 0.5984244346618652
Valid: loss 0.659046471118927, score:{'roc_auc': 0.6461972588013974, 'MRR': 0.7342342342342342}
Saving model
epoch 46 | batch 1 |train loss 0.5850196480751038
epoch 47 | batch 0 |train loss 0.5910811424255371
Valid: loss 0.6583796143531799, score:{'roc_auc': 0.6488847084117172, 'MRR': 0.7342342342342342}
Saving model
epoch 47 | batch 1 |train loss 0.5774765014648438
epoch 48 | batch 0 |train loss 0.5821678042411804
Valid: loss 0.6585652232170105, score:{'roc_auc': 0.6513034130610051, 'MRR': 0.7342342342342342}
EarlyStopping counter: 1 out of 3
epoch 48 | batch 1 |train loss 0.5663192272186279
epoch 49 | batch 0 |train loss 0.5728834271430969
Valid: loss 0.6598275899887085, score:{'roc_auc': 0.6569470572426767, 'MRR': 0.7342342342342342}
EarlyStopping counter: 2 out of 3
epoch 49 | batch 1 |train loss 0.5592570900917053
epoch 50 | batch 0 |train loss 0.5674062967300415
Valid: loss 0.6623405814170837, score:{'roc_auc': 0.6590970169309326, 'MRR': 0.7342342342342342}
Meta keys: dict_keys([6])
Data keys: dict_keys([6])
Edge type: 6, Meta: (1, 0)
Average links per head: 3.43
Median: 2.0, Min: 1, Max: 32
len test_list[0] 463
len test_list[1] 463
len test_label 463
2 hop test: loss 0.6623405814170837, score:{'roc_auc': 0.5437581638365367, 'MRR': 0.7829629629629629}
(array([0, 1]), array([230, 233]))
[0.41268408 0.40389434 0.55281454 0.7215316  0.44410947 0.6144469
 0.4143336  0.3795409  0.50012845 0.5301909  0.590963   0.59693766
 0.6934348  0.62609553 0.6048673  0.6545886  0.704888   0.55713326
 0.39057517 0.645789  ]
Average links per head full random test: 1.52
Medianfull random test: 1.0, Min: 1, Max: 16
len test_list[0]full random test 466
len test_list[1]full random test 466
len test_label full random test 466
2 hop test: loss 0.6623405814170837, score:{'roc_auc': 0.5437581638365367, 'MRR': 0.7829629629629629}
edge type: 6, random_score: {'roc_auc': 0.7062940927259665, 'MRR': 0.9666666666666667}, score: {'roc_auc': 0.5437581638365367, 'MRR': 0.7829629629629629}
ROC_AUC: 0.5437581638365367
Sec neigh test: score list: defaultdict(<class 'list'>, {'roc_auc': [0.5437581638365367], 'MRR': [0.7829629629629629]})
Random test: score list: defaultdict(<class 'list'>, {'roc_auc': [0.7062940927259665], 'MRR': [0.9666666666666667]})
Sec neigh test:average score: defaultdict(<class 'list'>, {'roc_auc': 0.5438, 'MRR': 0.783})
Random test: average score: defaultdict(<class 'list'>, {'roc_auc': 0.7063, 'MRR': 0.9667})
Completed: amazon_style_cct_fold_5 (rep 5)

=== Repetition 6/6 ===
--------------------------------------
Running model: GAT
Dataset: amazon_style_cct_fold_1
Repetition: 6
--------------------------------------
use device: cpu
Namespace(data='amazon_style_cct_fold_1', model_path='model.pt', train_iter_n=50, cuda=0, checkpoint='', epochs=100, patience=3, n_layers=2, n_heads=[4], dropout=0.5, model='GAT', lr=0.0001, weight_decay=0.0, batch_size=1024, edge_sample_ratio=1, test_with_CPU=False, decoder='dismult', feat_type=0)
args.feat_type 0
sys_path ['/home/simonettos/homhetgnn/HGB/LP/benchmark/methods/GNN', '/home/simonettos/homhetgnn/sbatches', '/home/simonettos/homhetgnn/HGB/LP/benchmark/methods/baseline', '/home/simonettos/homhetgnn/HGB/LP/benchmark', '/home/simonettos/homhetgnn/HGB/LP/benchmark/methods/GNN', '/home/simonettos/homhetgnn/HGB/LP/benchmark/methods/GNN/utils', '/home/simonettos/homhetgnn/HGB/LP/benchmark/methods/GNN/models', '/deepstore/software/anaconda3/2022.05/lib/python39.zip', '/deepstore/software/anaconda3/2022.05/lib/python3.9', '/deepstore/software/anaconda3/2022.05/lib/python3.9/lib-dynload', '/home/simonettos/homhetgnn/gpuvenv/lib/python3.9/site-packages', '../../', '../../']
Data path: /home/simonettos/homhetgnn/HGB/LP/benchmark/data/amazon_style_cct_fold_1
Loading nodes from /home/simonettos/homhetgnn/HGB/LP/benchmark/data/amazon_style_cct_fold_1/node.dat
edge types: dict_keys([6, 5, 7, 1, 0, 4, 3, 2, 8, 9, 10])
Getting training negative samples for edge types: [6]
nodes.shift keys: [0, 1, 2]
nodes.count keys: [0, 1, 2]
links.meta: {6: (1, 0), 5: (1, 1), 7: (0, 0), 1: (1, 1), 0: (0, 0), 4: (0, 0), 3: (0, 2), 2: (1, 1), 8: (1, 1), 9: (1, 1), 10: (1, 1)}
t_type about to use: 0
h_type: 1
shift dict: {0: 0, 1: 558, 2: 1498}
count dict: Counter({1: 940, 0: 558, 2: 188})
Generated 888 negative samples for edge type 6
Info: load amazon_style_cct_fold_1 from original data and generate /home/simonettos/homhetgnn/HGB/LP/benchmark/data/amazon_style_cct_fold_1/dl_pickle 
edge types: [6]
dataset: amazon_style_cct_fold_1, eval_type: 6
epoch 0 | batch 0 |train loss 0.6931172609329224
Valid: loss 0.6931344866752625, score:{'roc_auc': 0.5487772104273045, 'MRR': 0.7789855072463768}
Saving model
epoch 0 | batch 1 |train loss 0.6931650638580322
epoch 1 | batch 0 |train loss 0.6931202411651611
Valid: loss 0.6931131482124329, score:{'roc_auc': 0.5788766460628864, 'MRR': 0.7862318840579711}
Saving model
epoch 1 | batch 1 |train loss 0.6930910348892212
epoch 2 | batch 0 |train loss 0.6930617094039917
Valid: loss 0.6930903792381287, score:{'roc_auc': 0.6036011824778285, 'MRR': 0.7862318840579711}
Saving model
epoch 2 | batch 1 |train loss 0.6930579543113708
epoch 3 | batch 0 |train loss 0.6929976940155029
Valid: loss 0.6930663585662842, score:{'roc_auc': 0.6224133297500671, 'MRR': 0.818840579710145}
Saving model
epoch 3 | batch 1 |train loss 0.6930251717567444
epoch 4 | batch 0 |train loss 0.6929891109466553
Valid: loss 0.6930404901504517, score:{'roc_auc': 0.624428916957807, 'MRR': 0.8333333333333334}
Saving model
epoch 4 | batch 1 |train loss 0.6929739117622375
epoch 5 | batch 0 |train loss 0.6929106712341309
Valid: loss 0.6930118799209595, score:{'roc_auc': 0.6328943832303144, 'MRR': 0.8333333333333334}
Saving model
epoch 5 | batch 1 |train loss 0.6929233074188232
epoch 6 | batch 0 |train loss 0.692886471748352
Valid: loss 0.6929794549942017, score:{'roc_auc': 0.6398817522171458, 'MRR': 0.8442028985507247}
Saving model
epoch 6 | batch 1 |train loss 0.6928742527961731
epoch 7 | batch 0 |train loss 0.6928281784057617
Valid: loss 0.6929424405097961, score:{'roc_auc': 0.6452566514377855, 'MRR': 0.8442028985507247}
Saving model
epoch 7 | batch 1 |train loss 0.6928003430366516
epoch 8 | batch 0 |train loss 0.6927304863929749
Valid: loss 0.6928995847702026, score:{'roc_auc': 0.6490190808922333, 'MRR': 0.8442028985507247}
Saving model
epoch 8 | batch 1 |train loss 0.6927416920661926
epoch 9 | batch 0 |train loss 0.6926604509353638
Valid: loss 0.6928499341011047, score:{'roc_auc': 0.6550658425154529, 'MRR': 0.8442028985507247}
Saving model
epoch 9 | batch 1 |train loss 0.6926374435424805
epoch 10 | batch 0 |train loss 0.6925796270370483
Valid: loss 0.6927921175956726, score:{'roc_auc': 0.6593657618919645, 'MRR': 0.8333333333333334}
Saving model
epoch 10 | batch 1 |train loss 0.6925626993179321
epoch 11 | batch 0 |train loss 0.6924610137939453
Valid: loss 0.6927250027656555, score:{'roc_auc': 0.6643375436710561, 'MRR': 0.8333333333333334}
Saving model
epoch 11 | batch 1 |train loss 0.6924943327903748
epoch 12 | batch 0 |train loss 0.6923742294311523
Valid: loss 0.6926464438438416, score:{'roc_auc': 0.6672937382424079, 'MRR': 0.8442028985507247}
Saving model
epoch 12 | batch 1 |train loss 0.6923515796661377
epoch 13 | batch 0 |train loss 0.6922170519828796
Valid: loss 0.692554771900177, score:{'roc_auc': 0.6697124428916958, 'MRR': 0.8659420289855073}
Saving model
epoch 13 | batch 1 |train loss 0.6921873688697815
epoch 14 | batch 0 |train loss 0.6920337677001953
Valid: loss 0.692447304725647, score:{'roc_auc': 0.6737436173071755, 'MRR': 0.8659420289855073}
Saving model
epoch 14 | batch 1 |train loss 0.6920008659362793
epoch 15 | batch 0 |train loss 0.691921591758728
Valid: loss 0.6923216581344604, score:{'roc_auc': 0.6769685568395591, 'MRR': 0.8659420289855073}
Saving model
epoch 15 | batch 1 |train loss 0.691910445690155
epoch 16 | batch 0 |train loss 0.69172203540802
Valid: loss 0.6921755075454712, score:{'roc_auc': 0.680730986294007, 'MRR': 0.8659420289855073}
Saving model
epoch 16 | batch 1 |train loss 0.6917065382003784
epoch 17 | batch 0 |train loss 0.6914226412773132
Valid: loss 0.6920051574707031, score:{'roc_auc': 0.6834184359043267, 'MRR': 0.855072463768116}
Saving model
epoch 17 | batch 1 |train loss 0.6913480758666992
epoch 18 | batch 0 |train loss 0.6911096572875977
Valid: loss 0.6918062567710876, score:{'roc_auc': 0.6844934157484547, 'MRR': 0.855072463768116}
Saving model
epoch 18 | batch 1 |train loss 0.6911214590072632
epoch 19 | batch 0 |train loss 0.6908246874809265
Valid: loss 0.6915737390518188, score:{'roc_auc': 0.6871808653587745, 'MRR': 0.855072463768116}
Saving model
epoch 19 | batch 1 |train loss 0.6907899975776672
epoch 20 | batch 0 |train loss 0.6904323697090149
Valid: loss 0.6913026571273804, score:{'roc_auc': 0.6901370599301263, 'MRR': 0.855072463768116}
Saving model
epoch 20 | batch 1 |train loss 0.6904280781745911
epoch 21 | batch 0 |train loss 0.6899706721305847
Valid: loss 0.6909867525100708, score:{'roc_auc': 0.6906745498521902, 'MRR': 0.855072463768116}
Saving model
epoch 21 | batch 1 |train loss 0.6900631785392761
epoch 22 | batch 0 |train loss 0.6895948648452759
Valid: loss 0.690619707107544, score:{'roc_auc': 0.6925557645794141, 'MRR': 0.855072463768116}
Saving model
epoch 22 | batch 1 |train loss 0.6896853446960449
epoch 23 | batch 0 |train loss 0.6890206336975098
Valid: loss 0.6901941895484924, score:{'roc_auc': 0.694974469228702, 'MRR': 0.855072463768116}
Saving model
epoch 23 | batch 1 |train loss 0.6889998912811279
epoch 24 | batch 0 |train loss 0.6882463693618774
Valid: loss 0.6896999478340149, score:{'roc_auc': 0.6979306638000538, 'MRR': 0.8659420289855073}
Saving model
epoch 24 | batch 1 |train loss 0.6881925463676453
epoch 25 | batch 0 |train loss 0.6873928904533386
Valid: loss 0.68912672996521, score:{'roc_auc': 0.6998118785272776, 'MRR': 0.8659420289855073}
Saving model
epoch 25 | batch 1 |train loss 0.6876197457313538
epoch 26 | batch 0 |train loss 0.6865739822387695
Valid: loss 0.6884646415710449, score:{'roc_auc': 0.7011556033324375, 'MRR': 0.8659420289855073}
Saving model
epoch 26 | batch 1 |train loss 0.6866915225982666
epoch 27 | batch 0 |train loss 0.6855847835540771
Valid: loss 0.6876997947692871, score:{'roc_auc': 0.7022305831765654, 'MRR': 0.8659420289855073}
Saving model
epoch 27 | batch 1 |train loss 0.6853956580162048
epoch 28 | batch 0 |train loss 0.6844896078109741
Valid: loss 0.6868183016777039, score:{'roc_auc': 0.7030368180596615, 'MRR': 0.8659420289855073}
Saving model
epoch 28 | batch 1 |train loss 0.6846158504486084
epoch 29 | batch 0 |train loss 0.6834458112716675
Valid: loss 0.6858070492744446, score:{'roc_auc': 0.706799247514109, 'MRR': 0.8659420289855073}
Saving model
epoch 29 | batch 1 |train loss 0.6829113960266113
epoch 30 | batch 0 |train loss 0.6815332770347595
Valid: loss 0.6846465468406677, score:{'roc_auc': 0.7078742273582371, 'MRR': 0.8659420289855073}
Saving model
epoch 30 | batch 1 |train loss 0.681463360786438
epoch 31 | batch 0 |train loss 0.680076539516449
Valid: loss 0.6833157539367676, score:{'roc_auc': 0.7094866971244289, 'MRR': 0.8659420289855073}
Saving model
epoch 31 | batch 1 |train loss 0.6798464059829712
epoch 32 | batch 0 |train loss 0.6775464415550232
Valid: loss 0.6817948222160339, score:{'roc_auc': 0.7102929320075249, 'MRR': 0.8659420289855073}
Saving model
epoch 32 | batch 1 |train loss 0.6774497628211975
epoch 33 | batch 0 |train loss 0.6754189729690552
Valid: loss 0.6800609827041626, score:{'roc_auc': 0.7127116366568127, 'MRR': 0.8659420289855073}
Saving model
epoch 33 | batch 1 |train loss 0.6751837730407715
epoch 34 | batch 0 |train loss 0.6726911067962646
Valid: loss 0.6780881285667419, score:{'roc_auc': 0.7135178715399086, 'MRR': 0.855072463768116}
Saving model
epoch 34 | batch 1 |train loss 0.6722543239593506
epoch 35 | batch 0 |train loss 0.6698384284973145
Valid: loss 0.6758519411087036, score:{'roc_auc': 0.7164740661112603, 'MRR': 0.855072463768116}
Saving model
epoch 35 | batch 1 |train loss 0.6696236729621887
epoch 36 | batch 0 |train loss 0.6666300296783447
Valid: loss 0.6733272075653076, score:{'roc_auc': 0.7178177909164203, 'MRR': 0.855072463768116}
Saving model
epoch 36 | batch 1 |train loss 0.6657331585884094
epoch 37 | batch 0 |train loss 0.6624339818954468
Valid: loss 0.6704871654510498, score:{'roc_auc': 0.720773985487772, 'MRR': 0.855072463768116}
Saving model
epoch 37 | batch 1 |train loss 0.6624014377593994
epoch 38 | batch 0 |train loss 0.6583088636398315
Valid: loss 0.6673128604888916, score:{'roc_auc': 0.722655200214996, 'MRR': 0.855072463768116}
Saving model
epoch 38 | batch 1 |train loss 0.6572059988975525
epoch 39 | batch 0 |train loss 0.6534811854362488
Valid: loss 0.6637809872627258, score:{'roc_auc': 0.7248051599032518, 'MRR': 0.855072463768116}
Saving model
epoch 39 | batch 1 |train loss 0.652376115322113
epoch 40 | batch 0 |train loss 0.6486798524856567
Valid: loss 0.659877359867096, score:{'roc_auc': 0.7261488847084118, 'MRR': 0.855072463768116}
Saving model
epoch 40 | batch 1 |train loss 0.6471632122993469
epoch 41 | batch 0 |train loss 0.6412337422370911
Valid: loss 0.6555951833724976, score:{'roc_auc': 0.7269551195915076, 'MRR': 0.855072463768116}
Saving model
epoch 41 | batch 1 |train loss 0.6405324935913086
epoch 42 | batch 0 |train loss 0.6349543929100037
Valid: loss 0.6509526968002319, score:{'roc_auc': 0.7288363343187315, 'MRR': 0.855072463768116}
Saving model
epoch 42 | batch 1 |train loss 0.6336705088615417
epoch 43 | batch 0 |train loss 0.6268328428268433
Valid: loss 0.6459998488426208, score:{'roc_auc': 0.7296425692018275, 'MRR': 0.855072463768116}
Saving model
epoch 43 | batch 1 |train loss 0.6249668598175049
epoch 44 | batch 0 |train loss 0.618587851524353
Valid: loss 0.6408037543296814, score:{'roc_auc': 0.7309862940069874, 'MRR': 0.855072463768116}
Saving model
epoch 44 | batch 1 |train loss 0.6176998615264893
epoch 45 | batch 0 |train loss 0.6104639768600464
Valid: loss 0.6354916095733643, score:{'roc_auc': 0.7304488040849234, 'MRR': 0.855072463768116}
Saving model
epoch 45 | batch 1 |train loss 0.6094382405281067
epoch 46 | batch 0 |train loss 0.6040557622909546
Valid: loss 0.6302047371864319, score:{'roc_auc': 0.7299113141628594, 'MRR': 0.855072463768116}
Saving model
epoch 46 | batch 1 |train loss 0.5998086333274841
epoch 47 | batch 0 |train loss 0.5924452543258667
Valid: loss 0.6251522898674011, score:{'roc_auc': 0.7317925288900834, 'MRR': 0.855072463768116}
Saving model
epoch 47 | batch 1 |train loss 0.5915890336036682
epoch 48 | batch 0 |train loss 0.5850104093551636
Valid: loss 0.6205741763114929, score:{'roc_auc': 0.7315237839290514, 'MRR': 0.855072463768116}
Saving model
epoch 48 | batch 1 |train loss 0.5814826488494873
epoch 49 | batch 0 |train loss 0.5727771520614624
Valid: loss 0.616761326789856, score:{'roc_auc': 0.7317925288900834, 'MRR': 0.855072463768116}
Saving model
epoch 49 | batch 1 |train loss 0.5738321542739868
epoch 50 | batch 0 |train loss 0.567796528339386
Valid: loss 0.6140070557594299, score:{'roc_auc': 0.7312550389680194, 'MRR': 0.855072463768116}
Saving model
epoch 50 | batch 1 |train loss 0.564754068851471
epoch 51 | batch 0 |train loss 0.5571515560150146
Valid: loss 0.6125289797782898, score:{'roc_auc': 0.7317925288900833, 'MRR': 0.855072463768116}
Saving model
epoch 51 | batch 1 |train loss 0.5557538866996765
epoch 52 | batch 0 |train loss 0.5492260456085205
Valid: loss 0.6125264167785645, score:{'roc_auc': 0.7315237839290514, 'MRR': 0.855072463768116}
Saving model
epoch 52 | batch 1 |train loss 0.5468791723251343
epoch 53 | batch 0 |train loss 0.5438085794448853
Valid: loss 0.6140870451927185, score:{'roc_auc': 0.7301800591238915, 'MRR': 0.855072463768116}
EarlyStopping counter: 1 out of 3
epoch 53 | batch 1 |train loss 0.5424628257751465
epoch 54 | batch 0 |train loss 0.5376383662223816
Valid: loss 0.6171641945838928, score:{'roc_auc': 0.7315237839290513, 'MRR': 0.855072463768116}
EarlyStopping counter: 2 out of 3
epoch 54 | batch 1 |train loss 0.5333828926086426
epoch 55 | batch 0 |train loss 0.5338809490203857
Valid: loss 0.621485710144043, score:{'roc_auc': 0.7315237839290513, 'MRR': 0.855072463768116}
Meta keys: dict_keys([6])
Data keys: dict_keys([6])
Edge type: 6, Meta: (1, 0)
Average links per head: 3.41
Median: 2.0, Min: 1, Max: 22
len test_list[0] 525
len test_list[1] 525
len test_label 525
2 hop test: loss 0.621485710144043, score:{'roc_auc': 0.5341852432369674, 'MRR': 0.7558441558441559}
(array([0, 1]), array([261, 264]))
[0.31263697 0.24034919 0.37033346 0.45710984 0.5974668  0.7616524
 0.6903118  0.67420506 0.69294894 0.74802274 0.6943962  0.6911844
 0.6928602  0.7656554  0.7880749  0.4315969  0.7876799  0.4755096
 0.7539166  0.5589739 ]
Average links per head full random test: 1.51
Medianfull random test: 1.0, Min: 1, Max: 11
len test_list[0]full random test 528
len test_list[1]full random test 528
len test_label full random test 528
2 hop test: loss 0.621485710144043, score:{'roc_auc': 0.5341852432369674, 'MRR': 0.7558441558441559}
edge type: 6, random_score: {'roc_auc': 0.7164256198347108, 'MRR': 0.9837662337662337}, score: {'roc_auc': 0.5341852432369674, 'MRR': 0.7558441558441559}
ROC_AUC: 0.5341852432369674
Sec neigh test: score list: defaultdict(<class 'list'>, {'roc_auc': [0.5341852432369674], 'MRR': [0.7558441558441559]})
Random test: score list: defaultdict(<class 'list'>, {'roc_auc': [0.7164256198347108], 'MRR': [0.9837662337662337]})
Sec neigh test:average score: defaultdict(<class 'list'>, {'roc_auc': 0.5342, 'MRR': 0.7558})
Random test: average score: defaultdict(<class 'list'>, {'roc_auc': 0.7164, 'MRR': 0.9838})
Completed: amazon_style_cct_fold_1 (rep 6)

--------------------------------------
Running model: GAT
Dataset: amazon_style_cct_fold_2
Repetition: 6
--------------------------------------
use device: cpu
Namespace(data='amazon_style_cct_fold_2', model_path='model.pt', train_iter_n=50, cuda=0, checkpoint='', epochs=100, patience=3, n_layers=2, n_heads=[4], dropout=0.5, model='GAT', lr=0.0001, weight_decay=0.0, batch_size=1024, edge_sample_ratio=1, test_with_CPU=False, decoder='dismult', feat_type=0)
args.feat_type 0
sys_path ['/home/simonettos/homhetgnn/HGB/LP/benchmark/methods/GNN', '/home/simonettos/homhetgnn/sbatches', '/home/simonettos/homhetgnn/HGB/LP/benchmark/methods/baseline', '/home/simonettos/homhetgnn/HGB/LP/benchmark', '/home/simonettos/homhetgnn/HGB/LP/benchmark/methods/GNN', '/home/simonettos/homhetgnn/HGB/LP/benchmark/methods/GNN/utils', '/home/simonettos/homhetgnn/HGB/LP/benchmark/methods/GNN/models', '/deepstore/software/anaconda3/2022.05/lib/python39.zip', '/deepstore/software/anaconda3/2022.05/lib/python3.9', '/deepstore/software/anaconda3/2022.05/lib/python3.9/lib-dynload', '/home/simonettos/homhetgnn/gpuvenv/lib/python3.9/site-packages', '../../', '../../']
Data path: /home/simonettos/homhetgnn/HGB/LP/benchmark/data/amazon_style_cct_fold_2
Loading nodes from /home/simonettos/homhetgnn/HGB/LP/benchmark/data/amazon_style_cct_fold_2/node.dat
edge types: dict_keys([3, 6, 5, 4, 7, 2, 0, 8, 1, 10, 9])
Getting training negative samples for edge types: [6]
nodes.shift keys: [0, 1, 2]
nodes.count keys: [0, 1, 2]
links.meta: {3: (0, 2), 6: (1, 0), 5: (1, 1), 4: (0, 0), 7: (0, 0), 2: (1, 1), 0: (0, 0), 8: (1, 1), 1: (1, 1), 10: (1, 1), 9: (1, 1)}
t_type about to use: 0
h_type: 1
shift dict: {0: 0, 1: 558, 2: 1498}
count dict: Counter({1: 940, 0: 558, 2: 188})
Generated 889 negative samples for edge type 6
Info: load amazon_style_cct_fold_2 from original data and generate /home/simonettos/homhetgnn/HGB/LP/benchmark/data/amazon_style_cct_fold_2/dl_pickle 
edge types: [6]
dataset: amazon_style_cct_fold_2, eval_type: 6
epoch 0 | batch 0 |train loss 0.6931045651435852
Valid: loss 0.6931310892105103, score:{'roc_auc': 0.528352593388874, 'MRR': 0.7178030303030303}
Saving model
epoch 0 | batch 1 |train loss 0.6931183934211731
epoch 1 | batch 0 |train loss 0.6930720210075378
Valid: loss 0.6931090950965881, score:{'roc_auc': 0.5779360386992743, 'MRR': 0.731060606060606}
Saving model
epoch 1 | batch 1 |train loss 0.6931067109107971
epoch 2 | batch 0 |train loss 0.693083643913269
Valid: loss 0.6930867433547974, score:{'roc_auc': 0.6097823165815641, 'MRR': 0.7462121212121211}
Saving model
epoch 2 | batch 1 |train loss 0.6930386424064636
epoch 3 | batch 0 |train loss 0.6930291056632996
Valid: loss 0.6930636167526245, score:{'roc_auc': 0.639209889814566, 'MRR': 0.7575757575757575}
Saving model
epoch 3 | batch 1 |train loss 0.6930168271064758
epoch 4 | batch 0 |train loss 0.6929847002029419
Valid: loss 0.6930394172668457, score:{'roc_auc': 0.6554689599570008, 'MRR': 0.8030303030303029}
Saving model
epoch 4 | batch 1 |train loss 0.6929683685302734
epoch 5 | batch 0 |train loss 0.6929516792297363
Valid: loss 0.6930132508277893, score:{'roc_auc': 0.6756248320343994, 'MRR': 0.8106060606060606}
Saving model
epoch 5 | batch 1 |train loss 0.6929458975791931
epoch 6 | batch 0 |train loss 0.6929306983947754
Valid: loss 0.6929843425750732, score:{'roc_auc': 0.6836871808653587, 'MRR': 0.8219696969696969}
Saving model
epoch 6 | batch 1 |train loss 0.6928746700286865
epoch 7 | batch 0 |train loss 0.6928728818893433
Valid: loss 0.6929521560668945, score:{'roc_auc': 0.6936307444235421, 'MRR': 0.8257575757575757}
Saving model
epoch 7 | batch 1 |train loss 0.6928310990333557
epoch 8 | batch 0 |train loss 0.692842960357666
Valid: loss 0.6929152607917786, score:{'roc_auc': 0.7007524858908896, 'MRR': 0.8219696969696969}
Saving model
epoch 8 | batch 1 |train loss 0.6927700638771057
epoch 9 | batch 0 |train loss 0.6927648782730103
Valid: loss 0.6928728222846985, score:{'roc_auc': 0.7008868583714055, 'MRR': 0.8143939393939393}
Saving model
epoch 9 | batch 1 |train loss 0.6926993727684021
epoch 10 | batch 0 |train loss 0.6927201151847839
Valid: loss 0.692823588848114, score:{'roc_auc': 0.7024993281375974, 'MRR': 0.8125}
Saving model
epoch 10 | batch 1 |train loss 0.6926468014717102
epoch 11 | batch 0 |train loss 0.6925991773605347
Valid: loss 0.6927663087844849, score:{'roc_auc': 0.7035743079817253, 'MRR': 0.8125}
Saving model
epoch 11 | batch 1 |train loss 0.6925950050354004
epoch 12 | batch 0 |train loss 0.6925317049026489
Valid: loss 0.6926997900009155, score:{'roc_auc': 0.7038430529427573, 'MRR': 0.8125}
Saving model
epoch 12 | batch 1 |train loss 0.6923980116844177
epoch 13 | batch 0 |train loss 0.6924793124198914
Valid: loss 0.6926223039627075, score:{'roc_auc': 0.7014243482934694, 'MRR': 0.8125}
Saving model
epoch 13 | batch 1 |train loss 0.6923748254776001
epoch 14 | batch 0 |train loss 0.6923222541809082
Valid: loss 0.6925325393676758, score:{'roc_auc': 0.7016930932545015, 'MRR': 0.8352272727272727}
Saving model
epoch 14 | batch 1 |train loss 0.6921572685241699
epoch 15 | batch 0 |train loss 0.6922063827514648
Valid: loss 0.6924272179603577, score:{'roc_auc': 0.7030368180596613, 'MRR': 0.8352272727272727}
Saving model
epoch 15 | batch 1 |train loss 0.6921147704124451
epoch 16 | batch 0 |train loss 0.6919771432876587
Valid: loss 0.6923041343688965, score:{'roc_auc': 0.7022305831765654, 'MRR': 0.8352272727272727}
Saving model
epoch 16 | batch 1 |train loss 0.6918906569480896
epoch 17 | batch 0 |train loss 0.6918978691101074
Valid: loss 0.6921592950820923, score:{'roc_auc': 0.7008868583714055, 'MRR': 0.8352272727272727}
Saving model
epoch 17 | batch 1 |train loss 0.6915959715843201
epoch 18 | batch 0 |train loss 0.6916586756706238
Valid: loss 0.6919890642166138, score:{'roc_auc': 0.6995431335662456, 'MRR': 0.8352272727272727}
Saving model
epoch 18 | batch 1 |train loss 0.691431999206543
epoch 19 | batch 0 |train loss 0.6914239525794983
Valid: loss 0.6917893290519714, score:{'roc_auc': 0.6984681537221178, 'MRR': 0.8352272727272727}
Saving model
epoch 19 | batch 1 |train loss 0.6911499500274658
epoch 20 | batch 0 |train loss 0.6911979913711548
Valid: loss 0.6915549039840698, score:{'roc_auc': 0.69604944907283, 'MRR': 0.8352272727272727}
Saving model
epoch 20 | batch 1 |train loss 0.6908061504364014
epoch 21 | batch 0 |train loss 0.6908679008483887
Valid: loss 0.6912798881530762, score:{'roc_auc': 0.694974469228702, 'MRR': 0.8340909090909091}
Saving model
epoch 21 | batch 1 |train loss 0.6903862953186035
epoch 22 | batch 0 |train loss 0.6903858184814453
Valid: loss 0.6909570097923279, score:{'roc_auc': 0.6955119591507659, 'MRR': 0.8227272727272728}
Saving model
epoch 22 | batch 1 |train loss 0.6899086833000183
epoch 23 | batch 0 |train loss 0.6900458335876465
Valid: loss 0.6905781030654907, score:{'roc_auc': 0.6936307444235421, 'MRR': 0.8227272727272728}
Saving model
epoch 23 | batch 1 |train loss 0.6893102526664734
epoch 24 | batch 0 |train loss 0.6893914341926575
Valid: loss 0.6901341676712036, score:{'roc_auc': 0.693630744423542, 'MRR': 0.8340909090909091}
Saving model
epoch 24 | batch 1 |train loss 0.6887089014053345
epoch 25 | batch 0 |train loss 0.6885873675346375
Valid: loss 0.689613401889801, score:{'roc_auc': 0.694436979306638, 'MRR': 0.8340909090909091}
Saving model
epoch 25 | batch 1 |train loss 0.6882032155990601
epoch 26 | batch 0 |train loss 0.6881046295166016
Valid: loss 0.6890059113502502, score:{'roc_auc': 0.693630744423542, 'MRR': 0.8340909090909091}
Saving model
epoch 26 | batch 1 |train loss 0.687180757522583
epoch 27 | batch 0 |train loss 0.68747878074646
Valid: loss 0.688298225402832, score:{'roc_auc': 0.6933619994625101, 'MRR': 0.8352272727272727}
Saving model
epoch 27 | batch 1 |train loss 0.6861714720726013
epoch 28 | batch 0 |train loss 0.6862600445747375
Valid: loss 0.6874740123748779, score:{'roc_auc': 0.69336199946251, 'MRR': 0.8352272727272727}
Saving model
epoch 28 | batch 1 |train loss 0.6847900748252869
epoch 29 | batch 0 |train loss 0.6848909854888916
Valid: loss 0.6865142583847046, score:{'roc_auc': 0.6925557645794141, 'MRR': 0.8352272727272727}
Saving model
epoch 29 | batch 1 |train loss 0.6833261251449585
epoch 30 | batch 0 |train loss 0.6837820410728455
Valid: loss 0.6853997707366943, score:{'roc_auc': 0.6922870196183822, 'MRR': 0.8352272727272727}
Saving model
epoch 30 | batch 1 |train loss 0.681832492351532
epoch 31 | batch 0 |train loss 0.6820752620697021
Valid: loss 0.6841108202934265, score:{'roc_auc': 0.6930932545014781, 'MRR': 0.8352272727272727}
Saving model
epoch 31 | batch 1 |train loss 0.6805725693702698
epoch 32 | batch 0 |train loss 0.6808187961578369
Valid: loss 0.6826272010803223, score:{'roc_auc': 0.6944369793066381, 'MRR': 0.8352272727272727}
Saving model
epoch 32 | batch 1 |train loss 0.6782993674278259
epoch 33 | batch 0 |train loss 0.6780644655227661
Valid: loss 0.6809255480766296, score:{'roc_auc': 0.694168234345606, 'MRR': 0.8352272727272727}
Saving model
epoch 33 | batch 1 |train loss 0.6756209135055542
epoch 34 | batch 0 |train loss 0.6755124926567078
Valid: loss 0.6789762377738953, score:{'roc_auc': 0.694974469228702, 'MRR': 0.8352272727272727}
Saving model
epoch 34 | batch 1 |train loss 0.6722280979156494
epoch 35 | batch 0 |train loss 0.6729803681373596
Valid: loss 0.6767539381980896, score:{'roc_auc': 0.6981994087610857, 'MRR': 0.8352272727272727}
Saving model
epoch 35 | batch 1 |train loss 0.6700981259346008
epoch 36 | batch 0 |train loss 0.670097827911377
Valid: loss 0.6742376089096069, score:{'roc_auc': 0.7011556033324375, 'MRR': 0.8352272727272727}
Saving model
epoch 36 | batch 1 |train loss 0.6666133999824524
epoch 37 | batch 0 |train loss 0.6669325232505798
Valid: loss 0.6714033484458923, score:{'roc_auc': 0.7022305831765654, 'MRR': 0.8352272727272727}
Saving model
epoch 37 | batch 1 |train loss 0.6624094247817993
epoch 38 | batch 0 |train loss 0.6627190709114075
Valid: loss 0.668231189250946, score:{'roc_auc': 0.7043805428648213, 'MRR': 0.8238636363636364}
Saving model
epoch 38 | batch 1 |train loss 0.6572514772415161
epoch 39 | batch 0 |train loss 0.6580313444137573
Valid: loss 0.6647023558616638, score:{'roc_auc': 0.7049180327868853, 'MRR': 0.8238636363636364}
Saving model
epoch 39 | batch 1 |train loss 0.6526511907577515
epoch 40 | batch 0 |train loss 0.6530337333679199
Valid: loss 0.6608134508132935, score:{'roc_auc': 0.7051867777479173, 'MRR': 0.8238636363636364}
Saving model
epoch 40 | batch 1 |train loss 0.6456479430198669
epoch 41 | batch 0 |train loss 0.6483117938041687
Valid: loss 0.65656578540802, score:{'roc_auc': 0.7073367374361731, 'MRR': 0.8238636363636364}
Saving model
epoch 41 | batch 1 |train loss 0.6377076506614685
epoch 42 | batch 0 |train loss 0.6415755152702332
Valid: loss 0.6519774794578552, score:{'roc_auc': 0.708949207202365, 'MRR': 0.8238636363636364}
Saving model
epoch 42 | batch 1 |train loss 0.6320900917053223
epoch 43 | batch 0 |train loss 0.6350754499435425
Valid: loss 0.6470903158187866, score:{'roc_auc': 0.710292932007525, 'MRR': 0.8238636363636364}
Saving model
epoch 43 | batch 1 |train loss 0.6252941489219666
epoch 44 | batch 0 |train loss 0.6285632848739624
Valid: loss 0.6419607400894165, score:{'roc_auc': 0.7129803816178446, 'MRR': 0.8238636363636364}
Saving model
epoch 44 | batch 1 |train loss 0.6161850094795227
epoch 45 | batch 0 |train loss 0.6211534738540649
Valid: loss 0.6366779208183289, score:{'roc_auc': 0.7148615963450685, 'MRR': 0.8238636363636364}
Saving model
epoch 45 | batch 1 |train loss 0.6067940592765808
epoch 46 | batch 0 |train loss 0.6131452322006226
Valid: loss 0.6313450336456299, score:{'roc_auc': 0.7159365761891964, 'MRR': 0.8238636363636364}
Saving model
epoch 46 | batch 1 |train loss 0.6016374826431274
epoch 47 | batch 0 |train loss 0.6058158874511719
Valid: loss 0.626092791557312, score:{'roc_auc': 0.7172803009943564, 'MRR': 0.8238636363636364}
Saving model
epoch 47 | batch 1 |train loss 0.5885929465293884
epoch 48 | batch 0 |train loss 0.5959734916687012
Valid: loss 0.6210684776306152, score:{'roc_auc': 0.7199677506046761, 'MRR': 0.8352272727272727}
Saving model
epoch 48 | batch 1 |train loss 0.5799849033355713
epoch 49 | batch 0 |train loss 0.5873096585273743
Valid: loss 0.616442084312439, score:{'roc_auc': 0.7218489653319001, 'MRR': 0.8238636363636364}
Saving model
epoch 49 | batch 1 |train loss 0.5714535713195801
epoch 50 | batch 0 |train loss 0.580153226852417
Valid: loss 0.6123656034469604, score:{'roc_auc': 0.7231926901370599, 'MRR': 0.8238636363636364}
Saving model
epoch 50 | batch 1 |train loss 0.5588962435722351
epoch 51 | batch 0 |train loss 0.5739331841468811
Valid: loss 0.6089943051338196, score:{'roc_auc': 0.7256113947863477, 'MRR': 0.8238636363636364}
Saving model
epoch 51 | batch 1 |train loss 0.5505200624465942
epoch 52 | batch 0 |train loss 0.5667629241943359
Valid: loss 0.6064566373825073, score:{'roc_auc': 0.7277613544746036, 'MRR': 0.8238636363636364}
Saving model
epoch 52 | batch 1 |train loss 0.5450109839439392
epoch 53 | batch 0 |train loss 0.5594627857208252
Valid: loss 0.6048022508621216, score:{'roc_auc': 0.7291050792797635, 'MRR': 0.8125}
Saving model
epoch 53 | batch 1 |train loss 0.5355053544044495
epoch 54 | batch 0 |train loss 0.553534984588623
Valid: loss 0.603988528251648, score:{'roc_auc': 0.7309862940069873, 'MRR': 0.8125}
Saving model
epoch 54 | batch 1 |train loss 0.5310717225074768
epoch 55 | batch 0 |train loss 0.5493057370185852
Valid: loss 0.6039236783981323, score:{'roc_auc': 0.7331362536952432, 'MRR': 0.8125}
Saving model
epoch 55 | batch 1 |train loss 0.5261342525482178
epoch 56 | batch 0 |train loss 0.5458364486694336
Valid: loss 0.6044290065765381, score:{'roc_auc': 0.735823703305563, 'MRR': 0.8125}
EarlyStopping counter: 1 out of 3
epoch 56 | batch 1 |train loss 0.5178857445716858
epoch 57 | batch 0 |train loss 0.5460637211799622
Valid: loss 0.6051435470581055, score:{'roc_auc': 0.7390486428379467, 'MRR': 0.8125}
EarlyStopping counter: 2 out of 3
epoch 57 | batch 1 |train loss 0.516412079334259
epoch 58 | batch 0 |train loss 0.5420849323272705
Valid: loss 0.6057115197181702, score:{'roc_auc': 0.7403923676431067, 'MRR': 0.8125}
Meta keys: dict_keys([6])
Data keys: dict_keys([6])
Edge type: 6, Meta: (1, 0)
Average links per head: 3.73
Median: 2.0, Min: 2, Max: 24
len test_list[0] 526
len test_list[1] 526
len test_label 526
2 hop test: loss 0.6057115197181702, score:{'roc_auc': 0.5364397345631714, 'MRR': 0.7328605200945626}
(array([0, 1]), array([263, 263]))
[0.31533447 0.42425692 0.7326843  0.81860965 0.27048263 0.43496037
 0.74208504 0.19388163 0.831431   0.83221406 0.8014771  0.83876795
 0.5037307  0.6948265  0.6332897  0.42213655 0.8151242  0.7451757
 0.8357805  0.6417724 ]
Average links per head full random test: 1.53
Medianfull random test: 1.0, Min: 1, Max: 12
len test_list[0]full random test 526
len test_list[1]full random test 526
len test_label full random test 526
2 hop test: loss 0.6057115197181702, score:{'roc_auc': 0.5364397345631714, 'MRR': 0.7328605200945626}
edge type: 6, random_score: {'roc_auc': 0.7293296129769117, 'MRR': 0.9645390070921985}, score: {'roc_auc': 0.5364397345631714, 'MRR': 0.7328605200945626}
ROC_AUC: 0.5364397345631714
Sec neigh test: score list: defaultdict(<class 'list'>, {'roc_auc': [0.5364397345631714], 'MRR': [0.7328605200945626]})
Random test: score list: defaultdict(<class 'list'>, {'roc_auc': [0.7293296129769117], 'MRR': [0.9645390070921985]})
Sec neigh test:average score: defaultdict(<class 'list'>, {'roc_auc': 0.5364, 'MRR': 0.7329})
Random test: average score: defaultdict(<class 'list'>, {'roc_auc': 0.7293, 'MRR': 0.9645})
Completed: amazon_style_cct_fold_2 (rep 6)

--------------------------------------
Running model: GAT
Dataset: amazon_style_cct_fold_3
Repetition: 6
--------------------------------------
use device: cpu
Namespace(data='amazon_style_cct_fold_3', model_path='model.pt', train_iter_n=50, cuda=0, checkpoint='', epochs=100, patience=3, n_layers=2, n_heads=[4], dropout=0.5, model='GAT', lr=0.0001, weight_decay=0.0, batch_size=1024, edge_sample_ratio=1, test_with_CPU=False, decoder='dismult', feat_type=0)
args.feat_type 0
sys_path ['/home/simonettos/homhetgnn/HGB/LP/benchmark/methods/GNN', '/home/simonettos/homhetgnn/sbatches', '/home/simonettos/homhetgnn/HGB/LP/benchmark/methods/baseline', '/home/simonettos/homhetgnn/HGB/LP/benchmark', '/home/simonettos/homhetgnn/HGB/LP/benchmark/methods/GNN', '/home/simonettos/homhetgnn/HGB/LP/benchmark/methods/GNN/utils', '/home/simonettos/homhetgnn/HGB/LP/benchmark/methods/GNN/models', '/deepstore/software/anaconda3/2022.05/lib/python39.zip', '/deepstore/software/anaconda3/2022.05/lib/python3.9', '/deepstore/software/anaconda3/2022.05/lib/python3.9/lib-dynload', '/home/simonettos/homhetgnn/gpuvenv/lib/python3.9/site-packages', '../../', '../../']
Data path: /home/simonettos/homhetgnn/HGB/LP/benchmark/data/amazon_style_cct_fold_3
Loading nodes from /home/simonettos/homhetgnn/HGB/LP/benchmark/data/amazon_style_cct_fold_3/node.dat
edge types: dict_keys([3, 6, 5, 4, 7, 2, 0, 8, 1, 10, 9])
Getting training negative samples for edge types: [6]
nodes.shift keys: [0, 1, 2]
nodes.count keys: [0, 1, 2]
links.meta: {3: (0, 2), 6: (1, 0), 5: (1, 1), 4: (0, 0), 7: (0, 0), 2: (1, 1), 0: (0, 0), 8: (1, 1), 1: (1, 1), 10: (1, 1), 9: (1, 1)}
t_type about to use: 0
h_type: 1
shift dict: {0: 0, 1: 558, 2: 1498}
count dict: Counter({1: 940, 0: 558, 2: 188})
Generated 916 negative samples for edge type 6
Info: load amazon_style_cct_fold_3 from original data and generate /home/simonettos/homhetgnn/HGB/LP/benchmark/data/amazon_style_cct_fold_3/dl_pickle 
edge types: [6]
dataset: amazon_style_cct_fold_3, eval_type: 6
epoch 0 | batch 0 |train loss 0.6931471228599548
Valid: loss 0.6931424140930176, score:{'roc_auc': 0.49338374291115317, 'MRR': 0.7253787878787878}
Saving model
epoch 0 | batch 1 |train loss 0.6931383013725281
epoch 1 | batch 0 |train loss 0.6931307911872864
Valid: loss 0.6931158900260925, score:{'roc_auc': 0.5375971434572568, 'MRR': 0.7518939393939393}
Saving model
epoch 1 | batch 1 |train loss 0.6931197643280029
epoch 2 | batch 0 |train loss 0.6930813193321228
Valid: loss 0.6930903196334839, score:{'roc_auc': 0.5728838479311069, 'MRR': 0.793560606060606}
Saving model
epoch 2 | batch 1 |train loss 0.6930462121963501
epoch 3 | batch 0 |train loss 0.6930327415466309
Valid: loss 0.693062424659729, score:{'roc_auc': 0.6023944549464398, 'MRR': 0.7992424242424242}
Saving model
epoch 3 | batch 1 |train loss 0.6930072903633118
epoch 4 | batch 0 |train loss 0.6929795742034912
Valid: loss 0.6930323839187622, score:{'roc_auc': 0.6265490443184205, 'MRR': 0.7878787878787878}
Saving model
epoch 4 | batch 1 |train loss 0.6929570436477661
epoch 5 | batch 0 |train loss 0.692922830581665
Valid: loss 0.6929997801780701, score:{'roc_auc': 0.6377861793740811, 'MRR': 0.7973484848484848}
Saving model
epoch 5 | batch 1 |train loss 0.6929143667221069
epoch 6 | batch 0 |train loss 0.6929060220718384
Valid: loss 0.6929636001586914, score:{'roc_auc': 0.6465028355387524, 'MRR': 0.8162878787878788}
Saving model
epoch 6 | batch 1 |train loss 0.6928930878639221
epoch 7 | batch 0 |train loss 0.6928345561027527
Valid: loss 0.692923903465271, score:{'roc_auc': 0.6565847511027095, 'MRR': 0.8200757575757577}
Saving model
epoch 7 | batch 1 |train loss 0.6928287148475647
epoch 8 | batch 0 |train loss 0.6927695274353027
Valid: loss 0.6928790807723999, score:{'roc_auc': 0.662045788699853, 'MRR': 0.831439393939394}
Saving model
epoch 8 | batch 1 |train loss 0.6927834153175354
epoch 9 | batch 0 |train loss 0.6926860809326172
Valid: loss 0.6928284168243408, score:{'roc_auc': 0.6675068262969965, 'MRR': 0.8428030303030304}
Saving model
epoch 9 | batch 1 |train loss 0.6927016377449036
epoch 10 | batch 0 |train loss 0.6926317811012268
Valid: loss 0.6927705407142639, score:{'roc_auc': 0.671077504725898, 'MRR': 0.8541666666666667}
Saving model
epoch 10 | batch 1 |train loss 0.6925981044769287
epoch 11 | batch 0 |train loss 0.6925345659255981
Valid: loss 0.6927046179771423, score:{'roc_auc': 0.675908422600294, 'MRR': 0.8541666666666667}
Saving model
epoch 11 | batch 1 |train loss 0.6925323009490967
epoch 12 | batch 0 |train loss 0.692500114440918
Valid: loss 0.6926290988922119, score:{'roc_auc': 0.6788489813064482, 'MRR': 0.8428030303030304}
Saving model
epoch 12 | batch 1 |train loss 0.6923985481262207
epoch 13 | batch 0 |train loss 0.6923038363456726
Valid: loss 0.6925414204597473, score:{'roc_auc': 0.6807393404746902, 'MRR': 0.8428030303030304}
Saving model
epoch 13 | batch 1 |train loss 0.6923225522041321
epoch 14 | batch 0 |train loss 0.692155122756958
Valid: loss 0.6924397945404053, score:{'roc_auc': 0.6807393404746903, 'MRR': 0.8428030303030304}
Saving model
epoch 14 | batch 1 |train loss 0.6921627521514893
epoch 15 | batch 0 |train loss 0.6919924020767212
Valid: loss 0.6923206448554993, score:{'roc_auc': 0.6857802982566688, 'MRR': 0.8428030303030304}
Saving model
epoch 15 | batch 1 |train loss 0.6920735836029053
epoch 16 | batch 0 |train loss 0.6918991208076477
Valid: loss 0.6921820044517517, score:{'roc_auc': 0.6878806973324931, 'MRR': 0.8428030303030304}
Saving model
epoch 16 | batch 1 |train loss 0.6919031143188477
epoch 17 | batch 0 |train loss 0.6916524171829224
Valid: loss 0.6920204758644104, score:{'roc_auc': 0.6906112161310649, 'MRR': 0.8428030303030304}
Saving model
epoch 17 | batch 1 |train loss 0.6916173100471497
epoch 18 | batch 0 |train loss 0.6913478374481201
Valid: loss 0.6918314695358276, score:{'roc_auc': 0.6920814954841419, 'MRR': 0.8428030303030304}
Saving model
epoch 18 | batch 1 |train loss 0.6915372610092163
epoch 19 | batch 0 |train loss 0.6911271214485168
Valid: loss 0.6916107535362244, score:{'roc_auc': 0.6918714555765595, 'MRR': 0.8428030303030304}
Saving model
epoch 19 | batch 1 |train loss 0.6912176012992859
epoch 20 | batch 0 |train loss 0.6907236576080322
Valid: loss 0.6913532018661499, score:{'roc_auc': 0.692081495484142, 'MRR': 0.8428030303030304}
Saving model
epoch 20 | batch 1 |train loss 0.6909475326538086
epoch 21 | batch 0 |train loss 0.690449595451355
Valid: loss 0.691053032875061, score:{'roc_auc': 0.6933417349296366, 'MRR': 0.8541666666666667}
Saving model
epoch 21 | batch 1 |train loss 0.6905822157859802
epoch 22 | batch 0 |train loss 0.6901064515113831
Valid: loss 0.690704345703125, score:{'roc_auc': 0.6943919344675489, 'MRR': 0.8541666666666667}
Saving model
epoch 22 | batch 1 |train loss 0.6899509429931641
epoch 23 | batch 0 |train loss 0.6895368099212646
Valid: loss 0.6902965307235718, score:{'roc_auc': 0.6958622138206259, 'MRR': 0.8541666666666667}
Saving model
epoch 23 | batch 1 |train loss 0.6895458698272705
epoch 24 | batch 0 |train loss 0.6888813376426697
Valid: loss 0.6898212432861328, score:{'roc_auc': 0.6962822936357907, 'MRR': 0.8541666666666667}
Saving model
epoch 24 | batch 1 |train loss 0.6889842748641968
epoch 25 | batch 0 |train loss 0.6884013414382935
Valid: loss 0.6892680525779724, score:{'roc_auc': 0.6983826927116151, 'MRR': 0.8428030303030304}
Saving model
epoch 25 | batch 1 |train loss 0.6881967782974243
epoch 26 | batch 0 |train loss 0.6874167919158936
Valid: loss 0.6886245608329773, score:{'roc_auc': 0.7009031716026045, 'MRR': 0.8200757575757575}
Saving model
epoch 26 | batch 1 |train loss 0.6874364018440247
epoch 27 | batch 0 |train loss 0.6865138411521912
Valid: loss 0.6878787279129028, score:{'roc_auc': 0.7021634110480991, 'MRR': 0.8200757575757575}
Saving model
epoch 27 | batch 1 |train loss 0.6862668991088867
epoch 28 | batch 0 |train loss 0.6852171421051025
Valid: loss 0.687013566493988, score:{'roc_auc': 0.7027935307708465, 'MRR': 0.8200757575757575}
Saving model
epoch 28 | batch 1 |train loss 0.6856139302253723
epoch 29 | batch 0 |train loss 0.6841533184051514
Valid: loss 0.686011552810669, score:{'roc_auc': 0.704473850031506, 'MRR': 0.8200757575757575}
Saving model
epoch 29 | batch 1 |train loss 0.6844185590744019
epoch 30 | batch 0 |train loss 0.6827874779701233
Valid: loss 0.6848558783531189, score:{'roc_auc': 0.7057340894770006, 'MRR': 0.8200757575757575}
Saving model
epoch 30 | batch 1 |train loss 0.6830348968505859
epoch 31 | batch 0 |train loss 0.6809511184692383
Valid: loss 0.6835249662399292, score:{'roc_auc': 0.7061541692921656, 'MRR': 0.8162878787878788}
Saving model
epoch 31 | batch 1 |train loss 0.6813051104545593
epoch 32 | batch 0 |train loss 0.6794184446334839
Valid: loss 0.6819970607757568, score:{'roc_auc': 0.7057340894770007, 'MRR': 0.8162878787878788}
Saving model
epoch 32 | batch 1 |train loss 0.6792708039283752
epoch 33 | batch 0 |train loss 0.6771840453147888
Valid: loss 0.6802487969398499, score:{'roc_auc': 0.7074144087376601, 'MRR': 0.8162878787878788}
Saving model
epoch 33 | batch 1 |train loss 0.6771260499954224
epoch 34 | batch 0 |train loss 0.6742499470710754
Valid: loss 0.6782565712928772, score:{'roc_auc': 0.7080445284604074, 'MRR': 0.8162878787878788}
Saving model
epoch 34 | batch 1 |train loss 0.674940824508667
epoch 35 | batch 0 |train loss 0.6715410947799683
Valid: loss 0.6759921908378601, score:{'roc_auc': 0.70825456836799, 'MRR': 0.8162878787878788}
Saving model
epoch 35 | batch 1 |train loss 0.6719755530357361
epoch 36 | batch 0 |train loss 0.6681369543075562
Valid: loss 0.6734308004379272, score:{'roc_auc': 0.7095148078134845, 'MRR': 0.8162878787878788}
Saving model
epoch 36 | batch 1 |train loss 0.6686492562294006
epoch 37 | batch 0 |train loss 0.6650562286376953
Valid: loss 0.6705509424209595, score:{'roc_auc': 0.7109850871665616, 'MRR': 0.8162878787878788}
Saving model
epoch 37 | batch 1 |train loss 0.6654428839683533
epoch 38 | batch 0 |train loss 0.6597110629081726
Valid: loss 0.6673364043235779, score:{'roc_auc': 0.7124553665196387, 'MRR': 0.8162878787878788}
Saving model
epoch 38 | batch 1 |train loss 0.6609737277030945
epoch 39 | batch 0 |train loss 0.6554200649261475
Valid: loss 0.6637750267982483, score:{'roc_auc': 0.7156059651333754, 'MRR': 0.8162878787878788}
Saving model
epoch 39 | batch 1 |train loss 0.6572837233543396
epoch 40 | batch 0 |train loss 0.6503067016601562
Valid: loss 0.6598613262176514, score:{'roc_auc': 0.7156059651333754, 'MRR': 0.8162878787878788}
Saving model
epoch 40 | batch 1 |train loss 0.6516098976135254
epoch 41 | batch 0 |train loss 0.6452454328536987
Valid: loss 0.655600368976593, score:{'roc_auc': 0.71686620457887, 'MRR': 0.8162878787878788}
Saving model
epoch 41 | batch 1 |train loss 0.6470360159873962
epoch 42 | batch 0 |train loss 0.6383585929870605
Valid: loss 0.6510258316993713, score:{'roc_auc': 0.7177063642091998, 'MRR': 0.8162878787878788}
Saving model
epoch 42 | batch 1 |train loss 0.6397818922996521
epoch 43 | batch 0 |train loss 0.6314362287521362
Valid: loss 0.6461751461029053, score:{'roc_auc': 0.718336483931947, 'MRR': 0.8162878787878788}
Saving model
epoch 43 | batch 1 |train loss 0.6336590051651001
epoch 44 | batch 0 |train loss 0.6234034895896912
Valid: loss 0.6411214470863342, score:{'roc_auc': 0.7191766435622768, 'MRR': 0.8162878787878788}
Saving model
epoch 44 | batch 1 |train loss 0.6277646422386169
epoch 45 | batch 0 |train loss 0.615807056427002
Valid: loss 0.635961651802063, score:{'roc_auc': 0.7210670027305188, 'MRR': 0.8162878787878788}
Saving model
epoch 45 | batch 1 |train loss 0.6198405027389526
epoch 46 | batch 0 |train loss 0.6085489392280579
Valid: loss 0.6308004260063171, score:{'roc_auc': 0.7216971224532661, 'MRR': 0.815151515151515}
Saving model
epoch 46 | batch 1 |train loss 0.6115272641181946
epoch 47 | batch 0 |train loss 0.5988315343856812
Valid: loss 0.6257979869842529, score:{'roc_auc': 0.7229573618987608, 'MRR': 0.8265151515151513}
Saving model
epoch 47 | batch 1 |train loss 0.6035215258598328
epoch 48 | batch 0 |train loss 0.5891547203063965
Valid: loss 0.6211656332015991, score:{'roc_auc': 0.7237975215290906, 'MRR': 0.8265151515151513}
Saving model
epoch 48 | batch 1 |train loss 0.5975844860076904
epoch 49 | batch 0 |train loss 0.5808093547821045
Valid: loss 0.6171303391456604, score:{'roc_auc': 0.7233774417139256, 'MRR': 0.8265151515151513}
Saving model
epoch 49 | batch 1 |train loss 0.5907479524612427
epoch 50 | batch 0 |train loss 0.5726735591888428
Valid: loss 0.613876223564148, score:{'roc_auc': 0.7235874816215081, 'MRR': 0.8265151515151513}
Saving model
epoch 50 | batch 1 |train loss 0.5816344618797302
epoch 51 | batch 0 |train loss 0.5615552067756653
Valid: loss 0.6115983724594116, score:{'roc_auc': 0.7244276412518379, 'MRR': 0.8265151515151513}
Saving model
epoch 51 | batch 1 |train loss 0.5725765228271484
epoch 52 | batch 0 |train loss 0.5546693205833435
Valid: loss 0.6104725003242493, score:{'roc_auc': 0.7263180004200799, 'MRR': 0.8265151515151513}
Saving model
epoch 52 | batch 1 |train loss 0.5677664279937744
epoch 53 | batch 0 |train loss 0.548179030418396
Valid: loss 0.6106899380683899, score:{'roc_auc': 0.727368199957992, 'MRR': 0.8265151515151513}
EarlyStopping counter: 1 out of 3
epoch 53 | batch 1 |train loss 0.562231183052063
epoch 54 | batch 0 |train loss 0.5427064299583435
Valid: loss 0.6122674942016602, score:{'roc_auc': 0.7269481201428272, 'MRR': 0.8265151515151513}
EarlyStopping counter: 2 out of 3
epoch 54 | batch 1 |train loss 0.562130868434906
epoch 55 | batch 0 |train loss 0.5375514030456543
Valid: loss 0.6149664521217346, score:{'roc_auc': 0.727788279773157, 'MRR': 0.8265151515151513}
Meta keys: dict_keys([6])
Data keys: dict_keys([6])
Edge type: 6, Meta: (1, 0)
Average links per head: 3.48
Median: 2.0, Min: 1, Max: 24
len test_list[0] 453
len test_list[1] 453
len test_label 453
2 hop test: loss 0.6149664521217346, score:{'roc_auc': 0.5535477582846005, 'MRR': 0.786996336996337}
(array([0, 1]), array([225, 228]))
[0.2529635  0.31158948 0.27328324 0.443317   0.65238196 0.70205647
 0.77129865 0.4509155  0.7882498  0.7146822  0.75741553 0.7415155
 0.64896536 0.70486015 0.63342166 0.8198126  0.56108576 0.31493902
 0.5707279  0.55712634]
Average links per head full random test: 1.49
Medianfull random test: 1.0, Min: 1, Max: 12
len test_list[0]full random test 456
len test_list[1]full random test 456
len test_label full random test 456
2 hop test: loss 0.6149664521217346, score:{'roc_auc': 0.5535477582846005, 'MRR': 0.786996336996337}
edge type: 6, random_score: {'roc_auc': 0.7343220991074177, 'MRR': 0.9884615384615385}, score: {'roc_auc': 0.5535477582846005, 'MRR': 0.786996336996337}
ROC_AUC: 0.5535477582846005
Sec neigh test: score list: defaultdict(<class 'list'>, {'roc_auc': [0.5535477582846005], 'MRR': [0.786996336996337]})
Random test: score list: defaultdict(<class 'list'>, {'roc_auc': [0.7343220991074177], 'MRR': [0.9884615384615385]})
Sec neigh test:average score: defaultdict(<class 'list'>, {'roc_auc': 0.5535, 'MRR': 0.787})
Random test: average score: defaultdict(<class 'list'>, {'roc_auc': 0.7343, 'MRR': 0.9885})
Completed: amazon_style_cct_fold_3 (rep 6)

--------------------------------------
Running model: GAT
Dataset: amazon_style_cct_fold_4
Repetition: 6
--------------------------------------
use device: cpu
Namespace(data='amazon_style_cct_fold_4', model_path='model.pt', train_iter_n=50, cuda=0, checkpoint='', epochs=100, patience=3, n_layers=2, n_heads=[4], dropout=0.5, model='GAT', lr=0.0001, weight_decay=0.0, batch_size=1024, edge_sample_ratio=1, test_with_CPU=False, decoder='dismult', feat_type=0)
args.feat_type 0
sys_path ['/home/simonettos/homhetgnn/HGB/LP/benchmark/methods/GNN', '/home/simonettos/homhetgnn/sbatches', '/home/simonettos/homhetgnn/HGB/LP/benchmark/methods/baseline', '/home/simonettos/homhetgnn/HGB/LP/benchmark', '/home/simonettos/homhetgnn/HGB/LP/benchmark/methods/GNN', '/home/simonettos/homhetgnn/HGB/LP/benchmark/methods/GNN/utils', '/home/simonettos/homhetgnn/HGB/LP/benchmark/methods/GNN/models', '/deepstore/software/anaconda3/2022.05/lib/python39.zip', '/deepstore/software/anaconda3/2022.05/lib/python3.9', '/deepstore/software/anaconda3/2022.05/lib/python3.9/lib-dynload', '/home/simonettos/homhetgnn/gpuvenv/lib/python3.9/site-packages', '../../', '../../']
Data path: /home/simonettos/homhetgnn/HGB/LP/benchmark/data/amazon_style_cct_fold_4
Loading nodes from /home/simonettos/homhetgnn/HGB/LP/benchmark/data/amazon_style_cct_fold_4/node.dat
edge types: dict_keys([3, 6, 5, 4, 7, 2, 0, 8, 1, 10, 9])
Getting training negative samples for edge types: [6]
nodes.shift keys: [0, 1, 2]
nodes.count keys: [0, 1, 2]
links.meta: {3: (0, 2), 6: (1, 0), 5: (1, 1), 4: (0, 0), 7: (0, 0), 2: (1, 1), 0: (0, 0), 8: (1, 1), 1: (1, 1), 10: (1, 1), 9: (1, 1)}
t_type about to use: 0
h_type: 1
shift dict: {0: 0, 1: 558, 2: 1498}
count dict: Counter({1: 940, 0: 558, 2: 188})
Generated 928 negative samples for edge type 6
Info: load amazon_style_cct_fold_4 from original data and generate /home/simonettos/homhetgnn/HGB/LP/benchmark/data/amazon_style_cct_fold_4/dl_pickle 
edge types: [6]
dataset: amazon_style_cct_fold_4, eval_type: 6
epoch 0 | batch 0 |train loss 0.6931708455085754
Valid: loss 0.6931427717208862, score:{'roc_auc': 0.5205112960760998, 'MRR': 0.7403100775193799}
Saving model
epoch 0 | batch 1 |train loss 0.6931420564651489
epoch 1 | batch 0 |train loss 0.693137526512146
Valid: loss 0.6931159496307373, score:{'roc_auc': 0.5648038049940547, 'MRR': 0.7868217054263564}
Saving model
epoch 1 | batch 1 |train loss 0.6931288242340088
epoch 2 | batch 0 |train loss 0.6931008100509644
Valid: loss 0.693088948726654, score:{'roc_auc': 0.5954221165279429, 'MRR': 0.7751937984496123}
Saving model
epoch 2 | batch 1 |train loss 0.6930857300758362
epoch 3 | batch 0 |train loss 0.6930702328681946
Valid: loss 0.6930612325668335, score:{'roc_auc': 0.6218787158145065, 'MRR': 0.7868217054263564}
Saving model
epoch 3 | batch 1 |train loss 0.6930760741233826
epoch 4 | batch 0 |train loss 0.6930328607559204
Valid: loss 0.6930322051048279, score:{'roc_auc': 0.6420927467300832, 'MRR': 0.7906976744186046}
Saving model
epoch 4 | batch 1 |train loss 0.69300377368927
epoch 5 | batch 0 |train loss 0.692984402179718
Valid: loss 0.6930001974105835, score:{'roc_auc': 0.6617122473246134, 'MRR': 0.7906976744186046}
Saving model
epoch 5 | batch 1 |train loss 0.6929613947868347
epoch 6 | batch 0 |train loss 0.6929291486740112
Valid: loss 0.692964494228363, score:{'roc_auc': 0.6789536266349584, 'MRR': 0.7829457364341086}
Saving model
epoch 6 | batch 1 |train loss 0.6929509043693542
epoch 7 | batch 0 |train loss 0.6929243803024292
Valid: loss 0.6929247379302979, score:{'roc_auc': 0.6923305588585018, 'MRR': 0.8100775193798451}
Saving model
epoch 7 | batch 1 |train loss 0.6928996443748474
epoch 8 | batch 0 |train loss 0.6928430795669556
Valid: loss 0.6928793787956238, score:{'roc_auc': 0.703923900118906, 'MRR': 0.8217054263565892}
Saving model
epoch 8 | batch 1 |train loss 0.6928144097328186
epoch 9 | batch 0 |train loss 0.692794919013977
Valid: loss 0.6928268671035767, score:{'roc_auc': 0.717895362663496, 'MRR': 0.8217054263565892}
Saving model
epoch 9 | batch 1 |train loss 0.6927878856658936
epoch 10 | batch 0 |train loss 0.6927545070648193
Valid: loss 0.6927662491798401, score:{'roc_auc': 0.726218787158145, 'MRR': 0.8449612403100776}
Saving model
epoch 10 | batch 1 |train loss 0.6927174925804138
epoch 11 | batch 0 |train loss 0.6926209926605225
Valid: loss 0.6926958560943604, score:{'roc_auc': 0.7318668252080855, 'MRR': 0.8449612403100776}
Saving model
epoch 11 | batch 1 |train loss 0.6926236748695374
epoch 12 | batch 0 |train loss 0.6925831437110901
Valid: loss 0.6926141977310181, score:{'roc_auc': 0.7398929845422116, 'MRR': 0.8449612403100776}
Saving model
epoch 12 | batch 1 |train loss 0.6925162672996521
epoch 13 | batch 0 |train loss 0.6924847364425659
Valid: loss 0.6925188302993774, score:{'roc_auc': 0.746730083234245, 'MRR': 0.8565891472868218}
Saving model
epoch 13 | batch 1 |train loss 0.6924610733985901
epoch 14 | batch 0 |train loss 0.6923646330833435
Valid: loss 0.6924075484275818, score:{'roc_auc': 0.7538644470868014, 'MRR': 0.8449612403100776}
Saving model
epoch 14 | batch 1 |train loss 0.6923214793205261
epoch 15 | batch 0 |train loss 0.6922720074653625
Valid: loss 0.6922780871391296, score:{'roc_auc': 0.7574316290130797, 'MRR': 0.8565891472868218}
Saving model
epoch 15 | batch 1 |train loss 0.6922093629837036
epoch 16 | batch 0 |train loss 0.6921360492706299
Valid: loss 0.6921267509460449, score:{'roc_auc': 0.7618906064209274, 'MRR': 0.8565891472868218}
Saving model
epoch 16 | batch 1 |train loss 0.6920143365859985
epoch 17 | batch 0 |train loss 0.6918156743049622
Valid: loss 0.6919490098953247, score:{'roc_auc': 0.7654577883472057, 'MRR': 0.8565891472868218}
Saving model
epoch 17 | batch 1 |train loss 0.6919409036636353
epoch 18 | batch 0 |train loss 0.6916978359222412
Valid: loss 0.6917417645454407, score:{'roc_auc': 0.767538644470868, 'MRR': 0.8565891472868218}
Saving model
epoch 18 | batch 1 |train loss 0.6915833353996277
epoch 19 | batch 0 |train loss 0.6914857625961304
Valid: loss 0.6914985775947571, score:{'roc_auc': 0.7699167657550535, 'MRR': 0.8527131782945737}
Saving model
epoch 19 | batch 1 |train loss 0.691322922706604
epoch 20 | batch 0 |train loss 0.6912177801132202
Valid: loss 0.6912148594856262, score:{'roc_auc': 0.7717003567181926, 'MRR': 0.8527131782945737}
Saving model
epoch 20 | batch 1 |train loss 0.6910982728004456
epoch 21 | batch 0 |train loss 0.6908776760101318
Valid: loss 0.6908831596374512, score:{'roc_auc': 0.7725921521997622, 'MRR': 0.8527131782945737}
Saving model
epoch 21 | batch 1 |train loss 0.6906280517578125
epoch 22 | batch 0 |train loss 0.6905543804168701
Valid: loss 0.6904958486557007, score:{'roc_auc': 0.7734839476813318, 'MRR': 0.8643410852713179}
Saving model
epoch 22 | batch 1 |train loss 0.6904138922691345
epoch 23 | batch 0 |train loss 0.6900460124015808
Valid: loss 0.6900447607040405, score:{'roc_auc': 0.7749702734839476, 'MRR': 0.8643410852713179}
Saving model
epoch 23 | batch 1 |train loss 0.6898709535598755
epoch 24 | batch 0 |train loss 0.6895856261253357
Valid: loss 0.6895200610160828, score:{'roc_auc': 0.7740784780023781, 'MRR': 0.8643410852713179}
Saving model
epoch 24 | batch 1 |train loss 0.6892763376235962
epoch 25 | batch 0 |train loss 0.6889218688011169
Valid: loss 0.688909113407135, score:{'roc_auc': 0.7761593341260404, 'MRR': 0.8643410852713179}
Saving model
epoch 25 | batch 1 |train loss 0.6887388825416565
epoch 26 | batch 0 |train loss 0.6880906820297241
Valid: loss 0.6881999373435974, score:{'roc_auc': 0.7794292508917955, 'MRR': 0.8643410852713179}
Saving model
epoch 26 | batch 1 |train loss 0.6879058480262756
epoch 27 | batch 0 |train loss 0.6875167489051819
Valid: loss 0.6873769164085388, score:{'roc_auc': 0.7818073721759811, 'MRR': 0.8643410852713179}
Saving model
epoch 27 | batch 1 |train loss 0.6867879629135132
epoch 28 | batch 0 |train loss 0.6863941550254822
Valid: loss 0.6864230632781982, score:{'roc_auc': 0.7800237812128418, 'MRR': 0.8643410852713179}
Saving model
epoch 28 | batch 1 |train loss 0.6858338713645935
epoch 29 | batch 0 |train loss 0.6859163045883179
Valid: loss 0.6853232979774475, score:{'roc_auc': 0.780321046373365, 'MRR': 0.8527131782945737}
Saving model
epoch 29 | batch 1 |train loss 0.6852864623069763
epoch 30 | batch 0 |train loss 0.6841582655906677
Valid: loss 0.684059202671051, score:{'roc_auc': 0.7812128418549344, 'MRR': 0.8527131782945737}
Saving model
epoch 30 | batch 1 |train loss 0.6838944554328918
epoch 31 | batch 0 |train loss 0.6827412247657776
Valid: loss 0.6826061606407166, score:{'roc_auc': 0.7821046373365041, 'MRR': 0.8527131782945737}
Saving model
epoch 31 | batch 1 |train loss 0.6817871332168579
epoch 32 | batch 0 |train loss 0.6811818480491638
Valid: loss 0.6809349656105042, score:{'roc_auc': 0.7826991676575505, 'MRR': 0.8527131782945737}
Saving model
epoch 32 | batch 1 |train loss 0.680067777633667
epoch 33 | batch 0 |train loss 0.6792857646942139
Valid: loss 0.6790177822113037, score:{'roc_auc': 0.7832936979785968, 'MRR': 0.8527131782945737}
Saving model
epoch 33 | batch 1 |train loss 0.6780650615692139
epoch 34 | batch 0 |train loss 0.6774982810020447
Valid: loss 0.6768254041671753, score:{'roc_auc': 0.7824019024970273, 'MRR': 0.8527131782945737}
Saving model
epoch 34 | batch 1 |train loss 0.6758299469947815
epoch 35 | batch 0 |train loss 0.6745209693908691
Valid: loss 0.6743263602256775, score:{'roc_auc': 0.7824019024970273, 'MRR': 0.8527131782945737}
Saving model
epoch 35 | batch 1 |train loss 0.6731052398681641
epoch 36 | batch 0 |train loss 0.672228217124939
Valid: loss 0.6714858412742615, score:{'roc_auc': 0.7803210463733651, 'MRR': 0.8527131782945737}
Saving model
epoch 36 | batch 1 |train loss 0.6700232625007629
epoch 37 | batch 0 |train loss 0.6684584617614746
Valid: loss 0.6682687401771545, score:{'roc_auc': 0.7803210463733651, 'MRR': 0.8565891472868218}
Saving model
epoch 37 | batch 1 |train loss 0.6671358942985535
epoch 38 | batch 0 |train loss 0.6646597385406494
Valid: loss 0.6646373867988586, score:{'roc_auc': 0.7809155766944115, 'MRR': 0.8565891472868218}
Saving model
epoch 38 | batch 1 |train loss 0.6631819009780884
epoch 39 | batch 0 |train loss 0.6613039970397949
Valid: loss 0.6605533361434937, score:{'roc_auc': 0.7803210463733651, 'MRR': 0.8565891472868218}
Saving model
epoch 39 | batch 1 |train loss 0.6583532094955444
epoch 40 | batch 0 |train loss 0.6563771367073059
Valid: loss 0.6559790372848511, score:{'roc_auc': 0.7806183115338883, 'MRR': 0.868217054263566}
Saving model
epoch 40 | batch 1 |train loss 0.6531847715377808
epoch 41 | batch 0 |train loss 0.6518804430961609
Valid: loss 0.6508877873420715, score:{'roc_auc': 0.7809155766944114, 'MRR': 0.868217054263566}
Saving model
epoch 41 | batch 1 |train loss 0.6481679081916809
epoch 42 | batch 0 |train loss 0.6447159647941589
Valid: loss 0.6452561020851135, score:{'roc_auc': 0.781807372175981, 'MRR': 0.868217054263566}
Saving model
epoch 42 | batch 1 |train loss 0.6420866250991821
epoch 43 | batch 0 |train loss 0.6391242146492004
Valid: loss 0.6390717625617981, score:{'roc_auc': 0.781807372175981, 'MRR': 0.868217054263566}
Saving model
epoch 43 | batch 1 |train loss 0.6356776356697083
epoch 44 | batch 0 |train loss 0.6319659948348999
Valid: loss 0.632347047328949, score:{'roc_auc': 0.7826991676575505, 'MRR': 0.872093023255814}
Saving model
epoch 44 | batch 1 |train loss 0.6270104050636292
epoch 45 | batch 0 |train loss 0.6251698732376099
Valid: loss 0.6251091957092285, score:{'roc_auc': 0.7841854934601664, 'MRR': 0.8604651162790697}
Saving model
epoch 45 | batch 1 |train loss 0.6198669075965881
epoch 46 | batch 0 |train loss 0.6159816384315491
Valid: loss 0.6174309253692627, score:{'roc_auc': 0.7826991676575505, 'MRR': 0.8604651162790697}
Saving model
epoch 46 | batch 1 |train loss 0.611980676651001
epoch 47 | batch 0 |train loss 0.6070913076400757
Valid: loss 0.6094174385070801, score:{'roc_auc': 0.7832936979785968, 'MRR': 0.8604651162790697}
Saving model
epoch 47 | batch 1 |train loss 0.5990506410598755
epoch 48 | batch 0 |train loss 0.5973398685455322
Valid: loss 0.6012285947799683, score:{'roc_auc': 0.7841854934601664, 'MRR': 0.8604651162790697}
Saving model
epoch 48 | batch 1 |train loss 0.5916930437088013
epoch 49 | batch 0 |train loss 0.5879831314086914
Valid: loss 0.5931012630462646, score:{'roc_auc': 0.7844827586206896, 'MRR': 0.8604651162790697}
Saving model
epoch 49 | batch 1 |train loss 0.5806261301040649
epoch 50 | batch 0 |train loss 0.579316258430481
Valid: loss 0.585319459438324, score:{'roc_auc': 0.7856718192627823, 'MRR': 0.8604651162790697}
Saving model
epoch 50 | batch 1 |train loss 0.5694213509559631
epoch 51 | batch 0 |train loss 0.5700421929359436
Valid: loss 0.5782093405723572, score:{'roc_auc': 0.785077288941736, 'MRR': 0.8604651162790697}
Saving model
epoch 51 | batch 1 |train loss 0.5628587007522583
epoch 52 | batch 0 |train loss 0.5610771179199219
Valid: loss 0.5721395015716553, score:{'roc_auc': 0.785077288941736, 'MRR': 0.8604651162790697}
Saving model
epoch 52 | batch 1 |train loss 0.5542895793914795
epoch 53 | batch 0 |train loss 0.5530626773834229
Valid: loss 0.5674602389335632, score:{'roc_auc': 0.7859690844233056, 'MRR': 0.8604651162790697}
Saving model
epoch 53 | batch 1 |train loss 0.5444664359092712
epoch 54 | batch 0 |train loss 0.545479416847229
Valid: loss 0.5645294189453125, score:{'roc_auc': 0.7862663495838287, 'MRR': 0.8488372093023255}
Saving model
epoch 54 | batch 1 |train loss 0.5330520868301392
epoch 55 | batch 0 |train loss 0.5401362776756287
Valid: loss 0.5634059906005859, score:{'roc_auc': 0.7874554102259215, 'MRR': 0.8488372093023255}
Saving model
epoch 55 | batch 1 |train loss 0.527584433555603
epoch 56 | batch 0 |train loss 0.5342363715171814
Valid: loss 0.5641385316848755, score:{'roc_auc': 0.7892390011890605, 'MRR': 0.8488372093023255}
EarlyStopping counter: 1 out of 3
epoch 56 | batch 1 |train loss 0.5235012769699097
epoch 57 | batch 0 |train loss 0.5272893905639648
Valid: loss 0.5665424466133118, score:{'roc_auc': 0.7913198573127229, 'MRR': 0.8488372093023255}
EarlyStopping counter: 2 out of 3
epoch 57 | batch 1 |train loss 0.5184687376022339
epoch 58 | batch 0 |train loss 0.5280256271362305
Valid: loss 0.5701489448547363, score:{'roc_auc': 0.7922116527942925, 'MRR': 0.8488372093023255}
Meta keys: dict_keys([6])
Data keys: dict_keys([6])
Edge type: 6, Meta: (1, 0)
Average links per head: 3.74
Median: 2.0, Min: 2, Max: 22
len test_list[0] 452
len test_list[1] 452
len test_label 452
2 hop test: loss 0.5701489448547363, score:{'roc_auc': 0.5376106194690267, 'MRR': 0.7568870523415978}
(array([0, 1]), array([226, 226]))
[0.19768032 0.18628936 0.30004522 0.46822762 0.36447302 0.63398385
 0.22669376 0.7191877  0.71051645 0.74504346 0.7490897  0.8279337
 0.7100417  0.62049186 0.31677324 0.77165926 0.82754093 0.6301456
 0.76178837 0.48585194]
Average links per head full random test: 1.50
Medianfull random test: 1.0, Min: 1, Max: 11
len test_list[0]full random test 452
len test_list[1]full random test 452
len test_label full random test 452
2 hop test: loss 0.5701489448547363, score:{'roc_auc': 0.5376106194690267, 'MRR': 0.7568870523415978}
edge type: 6, random_score: {'roc_auc': 0.7022672096483671, 'MRR': 0.9834710743801653}, score: {'roc_auc': 0.5376106194690267, 'MRR': 0.7568870523415978}
ROC_AUC: 0.5376106194690267
Sec neigh test: score list: defaultdict(<class 'list'>, {'roc_auc': [0.5376106194690267], 'MRR': [0.7568870523415978]})
Random test: score list: defaultdict(<class 'list'>, {'roc_auc': [0.7022672096483671], 'MRR': [0.9834710743801653]})
Sec neigh test:average score: defaultdict(<class 'list'>, {'roc_auc': 0.5376, 'MRR': 0.7569})
Random test: average score: defaultdict(<class 'list'>, {'roc_auc': 0.7023, 'MRR': 0.9835})
Completed: amazon_style_cct_fold_4 (rep 6)

--------------------------------------
Running model: GAT
Dataset: amazon_style_cct_fold_5
Repetition: 6
--------------------------------------
use device: cpu
Namespace(data='amazon_style_cct_fold_5', model_path='model.pt', train_iter_n=50, cuda=0, checkpoint='', epochs=100, patience=3, n_layers=2, n_heads=[4], dropout=0.5, model='GAT', lr=0.0001, weight_decay=0.0, batch_size=1024, edge_sample_ratio=1, test_with_CPU=False, decoder='dismult', feat_type=0)
args.feat_type 0
sys_path ['/home/simonettos/homhetgnn/HGB/LP/benchmark/methods/GNN', '/home/simonettos/homhetgnn/sbatches', '/home/simonettos/homhetgnn/HGB/LP/benchmark/methods/baseline', '/home/simonettos/homhetgnn/HGB/LP/benchmark', '/home/simonettos/homhetgnn/HGB/LP/benchmark/methods/GNN', '/home/simonettos/homhetgnn/HGB/LP/benchmark/methods/GNN/utils', '/home/simonettos/homhetgnn/HGB/LP/benchmark/methods/GNN/models', '/deepstore/software/anaconda3/2022.05/lib/python39.zip', '/deepstore/software/anaconda3/2022.05/lib/python3.9', '/deepstore/software/anaconda3/2022.05/lib/python3.9/lib-dynload', '/home/simonettos/homhetgnn/gpuvenv/lib/python3.9/site-packages', '../../', '../../']
Data path: /home/simonettos/homhetgnn/HGB/LP/benchmark/data/amazon_style_cct_fold_5
Loading nodes from /home/simonettos/homhetgnn/HGB/LP/benchmark/data/amazon_style_cct_fold_5/node.dat
edge types: dict_keys([3, 6, 5, 4, 7, 2, 0, 8, 1, 10, 9])
Getting training negative samples for edge types: [6]
nodes.shift keys: [0, 1, 2]
nodes.count keys: [0, 1, 2]
links.meta: {3: (0, 2), 6: (1, 0), 5: (1, 1), 4: (0, 0), 7: (0, 0), 2: (1, 1), 0: (0, 0), 8: (1, 1), 1: (1, 1), 10: (1, 1), 9: (1, 1)}
t_type about to use: 0
h_type: 1
shift dict: {0: 0, 1: 558, 2: 1498}
count dict: Counter({1: 940, 0: 558, 2: 188})
Generated 909 negative samples for edge type 6
Info: load amazon_style_cct_fold_5 from original data and generate /home/simonettos/homhetgnn/HGB/LP/benchmark/data/amazon_style_cct_fold_5/dl_pickle 
edge types: [6]
dataset: amazon_style_cct_fold_5, eval_type: 6
epoch 0 | batch 0 |train loss 0.693149209022522
Valid: loss 0.6931436657905579, score:{'roc_auc': 0.5001983733386233, 'MRR': 0.77}
Saving model
epoch 0 | batch 1 |train loss 0.6931269764900208
epoch 1 | batch 0 |train loss 0.6931374073028564
Valid: loss 0.6931145787239075, score:{'roc_auc': 0.5434437611585003, 'MRR': 0.7933333333333333}
Saving model
epoch 1 | batch 1 |train loss 0.6930963397026062
epoch 2 | batch 0 |train loss 0.6930785179138184
Valid: loss 0.6930844783782959, score:{'roc_auc': 0.5859948422931959, 'MRR': 0.8166666666666665}
Saving model
epoch 2 | batch 1 |train loss 0.6930732131004333
epoch 3 | batch 0 |train loss 0.6930222511291504
Valid: loss 0.6930528879165649, score:{'roc_auc': 0.6195199365205316, 'MRR': 0.89}
Saving model
epoch 3 | batch 1 |train loss 0.6930227875709534
epoch 4 | batch 0 |train loss 0.6929839849472046
Valid: loss 0.6930191516876221, score:{'roc_auc': 0.6438206705018845, 'MRR': 0.8666666666666667}
Saving model
epoch 4 | batch 1 |train loss 0.6929921507835388
epoch 5 | batch 0 |train loss 0.6929475665092468
Valid: loss 0.6929824352264404, score:{'roc_auc': 0.6663360444356279, 'MRR': 0.8566666666666667}
Saving model
epoch 5 | batch 1 |train loss 0.6929721236228943
epoch 6 | batch 0 |train loss 0.6928871273994446
Valid: loss 0.6929420828819275, score:{'roc_auc': 0.6802221781392581, 'MRR': 0.8666666666666667}
Saving model
epoch 6 | batch 1 |train loss 0.6929315328598022
epoch 7 | batch 0 |train loss 0.6928388476371765
Valid: loss 0.6928966641426086, score:{'roc_auc': 0.6925213251339021, 'MRR': 0.8766666666666667}
Saving model
epoch 7 | batch 1 |train loss 0.6928601861000061
epoch 8 | batch 0 |train loss 0.6927700042724609
Valid: loss 0.692845344543457, score:{'roc_auc': 0.7032334854195597, 'MRR': 0.8666666666666667}
Saving model
epoch 8 | batch 1 |train loss 0.6927748322486877
epoch 9 | batch 0 |train loss 0.6927443146705627
Valid: loss 0.6927863955497742, score:{'roc_auc': 0.708986312239635, 'MRR': 0.855}
Saving model
epoch 9 | batch 1 |train loss 0.6926940083503723
epoch 10 | batch 0 |train loss 0.6926541924476624
Valid: loss 0.6927187442779541, score:{'roc_auc': 0.714540765721087, 'MRR': 0.855}
Saving model
epoch 10 | batch 1 |train loss 0.6926282048225403
epoch 11 | batch 0 |train loss 0.6925315856933594
Valid: loss 0.6926406621932983, score:{'roc_auc': 0.7187066058321762, 'MRR': 0.855}
Saving model
epoch 11 | batch 1 |train loss 0.6925151944160461
epoch 12 | batch 0 |train loss 0.6924454569816589
Valid: loss 0.6925497651100159, score:{'roc_auc': 0.7198968458639159, 'MRR': 0.8416666666666666}
Saving model
epoch 12 | batch 1 |train loss 0.692436695098877
epoch 13 | batch 0 |train loss 0.6922574043273926
Valid: loss 0.6924435496330261, score:{'roc_auc': 0.7191033525094227, 'MRR': 0.8416666666666666}
Saving model
epoch 13 | batch 1 |train loss 0.692320704460144
epoch 14 | batch 0 |train loss 0.6921296715736389
Valid: loss 0.6923189759254456, score:{'roc_auc': 0.7236659392977584, 'MRR': 0.8416666666666666}
Saving model
epoch 14 | batch 1 |train loss 0.692208468914032
epoch 15 | batch 0 |train loss 0.6919739246368408
Valid: loss 0.6921733617782593, score:{'roc_auc': 0.725451299345368, 'MRR': 0.8416666666666666}
Saving model
epoch 15 | batch 1 |train loss 0.6919717192649841
epoch 16 | batch 0 |train loss 0.6918790340423584
Valid: loss 0.6920026540756226, score:{'roc_auc': 0.7268399127157309, 'MRR': 0.8416666666666666}
Saving model
epoch 16 | batch 1 |train loss 0.6918232440948486
epoch 17 | batch 0 |train loss 0.6916530728340149
Valid: loss 0.6918032765388489, score:{'roc_auc': 0.7279309660781591, 'MRR': 0.8516666666666666}
Saving model
epoch 17 | batch 1 |train loss 0.6915924549102783
epoch 18 | batch 0 |train loss 0.6912307739257812
Valid: loss 0.691568911075592, score:{'roc_auc': 0.7286252727633407, 'MRR': 0.8616666666666666}
Saving model
epoch 18 | batch 1 |train loss 0.6912595629692078
epoch 19 | batch 0 |train loss 0.6910730600357056
Valid: loss 0.6912927627563477, score:{'roc_auc': 0.7298155127950804, 'MRR': 0.8616666666666666}
Saving model
epoch 19 | batch 1 |train loss 0.6909428834915161
epoch 20 | batch 0 |train loss 0.6906036734580994
Valid: loss 0.6909688711166382, score:{'roc_auc': 0.7296171394564571, 'MRR': 0.8616666666666666}
Saving model
epoch 20 | batch 1 |train loss 0.6906499266624451
epoch 21 | batch 0 |train loss 0.690135657787323
Valid: loss 0.6905887126922607, score:{'roc_auc': 0.7317992461813133, 'MRR': 0.8616666666666666}
Saving model
epoch 21 | batch 1 |train loss 0.6901572346687317
epoch 22 | batch 0 |train loss 0.6895984411239624
Valid: loss 0.6901422142982483, score:{'roc_auc': 0.7329894862130529, 'MRR': 0.8716666666666666}
Saving model
epoch 22 | batch 1 |train loss 0.6898443698883057
epoch 23 | batch 0 |train loss 0.6891167759895325
Valid: loss 0.6896200776100159, score:{'roc_auc': 0.7335846062289229, 'MRR': 0.8716666666666666}
Saving model
epoch 23 | batch 1 |train loss 0.689293622970581
epoch 24 | batch 0 |train loss 0.6883635520935059
Valid: loss 0.6890096664428711, score:{'roc_auc': 0.7335846062289227, 'MRR': 0.87}
Saving model
epoch 24 | batch 1 |train loss 0.6882684230804443
epoch 25 | batch 0 |train loss 0.6873252987861633
Valid: loss 0.6882947087287903, score:{'roc_auc': 0.735766712953779, 'MRR': 0.87}
Saving model
epoch 25 | batch 1 |train loss 0.6877227425575256
epoch 26 | batch 0 |train loss 0.6864908933639526
Valid: loss 0.6874600648880005, score:{'roc_auc': 0.7369569529855188, 'MRR': 0.87}
Saving model
epoch 26 | batch 1 |train loss 0.686359167098999
epoch 27 | batch 0 |train loss 0.685555636882782
Valid: loss 0.6864867806434631, score:{'roc_auc': 0.7389406863717516, 'MRR': 0.87}
Saving model
epoch 27 | batch 1 |train loss 0.6850916743278503
epoch 28 | batch 0 |train loss 0.6840807795524597
Valid: loss 0.6853530406951904, score:{'roc_auc': 0.737948819678635, 'MRR': 0.87}
Saving model
epoch 28 | batch 1 |train loss 0.6843023300170898
epoch 29 | batch 0 |train loss 0.6823544502258301
Valid: loss 0.6840378642082214, score:{'roc_auc': 0.7397341797262448, 'MRR': 0.87}
Saving model
epoch 29 | batch 1 |train loss 0.6823968887329102
epoch 30 | batch 0 |train loss 0.6811370253562927
Valid: loss 0.6825157403945923, score:{'roc_auc': 0.7397341797262448, 'MRR': 0.87}
Saving model
epoch 30 | batch 1 |train loss 0.6808328032493591
epoch 31 | batch 0 |train loss 0.6788741946220398
Valid: loss 0.6807621121406555, score:{'roc_auc': 0.7411227930966079, 'MRR': 0.87}
Saving model
epoch 31 | batch 1 |train loss 0.6786672472953796
epoch 32 | batch 0 |train loss 0.6764464378356934
Valid: loss 0.6787481904029846, score:{'roc_auc': 0.7411227930966078, 'MRR': 0.87}
Saving model
epoch 32 | batch 1 |train loss 0.676288366317749
epoch 33 | batch 0 |train loss 0.6739295721054077
Valid: loss 0.6764433979988098, score:{'roc_auc': 0.7409244197579844, 'MRR': 0.87}
Saving model
epoch 33 | batch 1 |train loss 0.673872172832489
epoch 34 | batch 0 |train loss 0.6709735989570618
Valid: loss 0.6738201379776001, score:{'roc_auc': 0.7407260464193612, 'MRR': 0.8690000000000001}
Saving model
epoch 34 | batch 1 |train loss 0.6710967421531677
epoch 35 | batch 0 |train loss 0.6674479246139526
Valid: loss 0.6708489060401917, score:{'roc_auc': 0.741916286451101, 'MRR': 0.879}
Saving model
epoch 35 | batch 1 |train loss 0.667595386505127
epoch 36 | batch 0 |train loss 0.6627622842788696
Valid: loss 0.6675001382827759, score:{'roc_auc': 0.7435032731600872, 'MRR': 0.879}
Saving model
epoch 36 | batch 1 |train loss 0.6629689931869507
epoch 37 | batch 0 |train loss 0.6587830185890198
Valid: loss 0.6637457609176636, score:{'roc_auc': 0.7444951398532037, 'MRR': 0.879}
Saving model
epoch 37 | batch 1 |train loss 0.6590884923934937
epoch 38 | batch 0 |train loss 0.6541285514831543
Valid: loss 0.6595649719238281, score:{'roc_auc': 0.7454870065463202, 'MRR': 0.879}
Saving model
epoch 38 | batch 1 |train loss 0.6538954377174377
epoch 39 | batch 0 |train loss 0.646564245223999
Valid: loss 0.6549475789070129, score:{'roc_auc': 0.7468756199166833, 'MRR': 0.879}
Saving model
epoch 39 | batch 1 |train loss 0.6479507684707642
epoch 40 | batch 0 |train loss 0.6419198513031006
Valid: loss 0.6498942375183105, score:{'roc_auc': 0.7492560999801626, 'MRR': 0.879}
Saving model
epoch 40 | batch 1 |train loss 0.6413659453392029
epoch 41 | batch 0 |train loss 0.6346017718315125
Valid: loss 0.6444171667098999, score:{'roc_auc': 0.7492560999801626, 'MRR': 0.879}
Saving model
epoch 41 | batch 1 |train loss 0.6367626786231995
epoch 42 | batch 0 |train loss 0.6278326511383057
Valid: loss 0.6385446786880493, score:{'roc_auc': 0.7506447133505257, 'MRR': 0.879}
Saving model
epoch 42 | batch 1 |train loss 0.6275204420089722
epoch 43 | batch 0 |train loss 0.618248701095581
Valid: loss 0.6323089003562927, score:{'roc_auc': 0.7518349533822655, 'MRR': 0.879}
Saving model
epoch 43 | batch 1 |train loss 0.6224505305290222
epoch 44 | batch 0 |train loss 0.6117831468582153
Valid: loss 0.6257558465003967, score:{'roc_auc': 0.753620313429875, 'MRR': 0.879}
Saving model
epoch 44 | batch 1 |train loss 0.6135955452919006
epoch 45 | batch 0 |train loss 0.6028791666030884
Valid: loss 0.6189621090888977, score:{'roc_auc': 0.7554056734774846, 'MRR': 0.889}
Saving model
epoch 45 | batch 1 |train loss 0.6044688820838928
epoch 46 | batch 0 |train loss 0.593348503112793
Valid: loss 0.6120208501815796, score:{'roc_auc': 0.7560007934933546, 'MRR': 0.889}
Saving model
epoch 46 | batch 1 |train loss 0.5959745645523071
epoch 47 | batch 0 |train loss 0.5842733383178711
Valid: loss 0.605042576789856, score:{'roc_auc': 0.7573894068637176, 'MRR': 0.889}
Saving model
epoch 47 | batch 1 |train loss 0.5878161191940308
epoch 48 | batch 0 |train loss 0.5755296945571899
Valid: loss 0.5981699228286743, score:{'roc_auc': 0.7593731402499504, 'MRR': 0.889}
Saving model
epoch 48 | batch 1 |train loss 0.5795142650604248
epoch 49 | batch 0 |train loss 0.564983606338501
Valid: loss 0.5915622711181641, score:{'roc_auc': 0.7589763935727039, 'MRR': 0.889}
Saving model
epoch 49 | batch 1 |train loss 0.5711260437965393
epoch 50 | batch 0 |train loss 0.5576347708702087
Valid: loss 0.5853915214538574, score:{'roc_auc': 0.758381273556834, 'MRR': 0.889}
Saving model
epoch 50 | batch 1 |train loss 0.5631667375564575
epoch 51 | batch 0 |train loss 0.5502886176109314
Valid: loss 0.5798596143722534, score:{'roc_auc': 0.7607617536203134, 'MRR': 0.889}
Saving model
epoch 51 | batch 1 |train loss 0.5540997385978699
epoch 52 | batch 0 |train loss 0.540338397026062
Valid: loss 0.5751398801803589, score:{'roc_auc': 0.762547113667923, 'MRR': 0.889}
Saving model
epoch 52 | batch 1 |train loss 0.5458944439888
epoch 53 | batch 0 |train loss 0.5317736864089966
Valid: loss 0.5713626742362976, score:{'roc_auc': 0.7635389803610395, 'MRR': 0.889}
Saving model
epoch 53 | batch 1 |train loss 0.5411577820777893
epoch 54 | batch 0 |train loss 0.5275145769119263
Valid: loss 0.5685415863990784, score:{'roc_auc': 0.7667129537790122, 'MRR': 0.889}
Saving model
epoch 54 | batch 1 |train loss 0.5373290181159973
epoch 55 | batch 0 |train loss 0.5228555202484131
Valid: loss 0.5666470527648926, score:{'roc_auc': 0.768696687165245, 'MRR': 0.889}
Saving model
epoch 55 | batch 1 |train loss 0.5336142778396606
epoch 56 | batch 0 |train loss 0.5228527188301086
Valid: loss 0.5654933452606201, score:{'roc_auc': 0.7708787938901012, 'MRR': 0.889}
Saving model
epoch 56 | batch 1 |train loss 0.5279676914215088
epoch 57 | batch 0 |train loss 0.5163921117782593
Valid: loss 0.5647746324539185, score:{'roc_auc': 0.7710771672287244, 'MRR': 0.889}
Saving model
epoch 57 | batch 1 |train loss 0.5265862941741943
epoch 58 | batch 0 |train loss 0.5131580233573914
Valid: loss 0.5642566680908203, score:{'roc_auc': 0.7750446340011902, 'MRR': 0.889}
Saving model
epoch 58 | batch 1 |train loss 0.5217580795288086
epoch 59 | batch 0 |train loss 0.5149098038673401
Valid: loss 0.5638419389724731, score:{'roc_auc': 0.7766316207101764, 'MRR': 0.889}
Saving model
epoch 59 | batch 1 |train loss 0.5180447101593018
epoch 60 | batch 0 |train loss 0.510325014591217
Valid: loss 0.5633335709571838, score:{'roc_auc': 0.7784169807577861, 'MRR': 0.889}
Saving model
epoch 60 | batch 1 |train loss 0.5172529816627502
epoch 61 | batch 0 |train loss 0.5083153247833252
Valid: loss 0.5624467730522156, score:{'roc_auc': 0.7788137274350326, 'MRR': 0.889}
Saving model
epoch 61 | batch 1 |train loss 0.5144090056419373
epoch 62 | batch 0 |train loss 0.507068395614624
Valid: loss 0.5612346529960632, score:{'roc_auc': 0.7815909541757589, 'MRR': 0.889}
Saving model
epoch 62 | batch 1 |train loss 0.5155077576637268
epoch 63 | batch 0 |train loss 0.506121039390564
Valid: loss 0.5597506165504456, score:{'roc_auc': 0.7833763142233684, 'MRR': 0.899}
Saving model
epoch 63 | batch 1 |train loss 0.5113751888275146
epoch 64 | batch 0 |train loss 0.5050227642059326
Valid: loss 0.558091402053833, score:{'roc_auc': 0.7825828208688752, 'MRR': 0.899}
Saving model
epoch 64 | batch 1 |train loss 0.5083168148994446
epoch 65 | batch 0 |train loss 0.5021953582763672
Valid: loss 0.5562343597412109, score:{'roc_auc': 0.7827811942074985, 'MRR': 0.899}
Saving model
epoch 65 | batch 1 |train loss 0.5043309330940247
epoch 66 | batch 0 |train loss 0.498712956905365
Valid: loss 0.554355263710022, score:{'roc_auc': 0.7839714342392382, 'MRR': 0.899}
Saving model
epoch 66 | batch 1 |train loss 0.5063217282295227
epoch 67 | batch 0 |train loss 0.49726107716560364
Valid: loss 0.5525221228599548, score:{'roc_auc': 0.7861535409640944, 'MRR': 0.905}
Saving model
epoch 67 | batch 1 |train loss 0.5011377334594727
epoch 68 | batch 0 |train loss 0.4946916997432709
Valid: loss 0.5508069396018982, score:{'roc_auc': 0.7905177544138068, 'MRR': 0.915}
Saving model
epoch 68 | batch 1 |train loss 0.49818140268325806
epoch 69 | batch 0 |train loss 0.4925881028175354
Valid: loss 0.5491778254508972, score:{'roc_auc': 0.7934933544931561, 'MRR': 0.905}
Saving model
epoch 69 | batch 1 |train loss 0.49779343605041504
epoch 70 | batch 0 |train loss 0.49163761734962463
Valid: loss 0.5476527810096741, score:{'roc_auc': 0.7952787145407657, 'MRR': 0.905}
Saving model
epoch 70 | batch 1 |train loss 0.49385762214660645
epoch 71 | batch 0 |train loss 0.4923844337463379
Valid: loss 0.5462757349014282, score:{'roc_auc': 0.7948819678635192, 'MRR': 0.915}
Saving model
epoch 71 | batch 1 |train loss 0.4939318299293518
epoch 72 | batch 0 |train loss 0.489843487739563
Valid: loss 0.5451149940490723, score:{'roc_auc': 0.7956754612180122, 'MRR': 0.905}
Saving model
epoch 72 | batch 1 |train loss 0.4902273416519165
epoch 73 | batch 0 |train loss 0.48667460680007935
Valid: loss 0.5441152453422546, score:{'roc_auc': 0.7960722078952589, 'MRR': 0.905}
Saving model
epoch 73 | batch 1 |train loss 0.48789021372795105
epoch 74 | batch 0 |train loss 0.48777341842651367
Valid: loss 0.5433109402656555, score:{'roc_auc': 0.7958738345566355, 'MRR': 0.905}
Saving model
epoch 74 | batch 1 |train loss 0.48734766244888306
epoch 75 | batch 0 |train loss 0.4852783977985382
Valid: loss 0.5426733493804932, score:{'roc_auc': 0.7968657012497521, 'MRR': 0.905}
Saving model
epoch 75 | batch 1 |train loss 0.4873374402523041
epoch 76 | batch 0 |train loss 0.48347529768943787
Valid: loss 0.5421929955482483, score:{'roc_auc': 0.7980559412814917, 'MRR': 0.905}
Saving model
epoch 76 | batch 1 |train loss 0.48412448167800903
epoch 77 | batch 0 |train loss 0.4812774956226349
Valid: loss 0.5418230295181274, score:{'roc_auc': 0.7996429279904781, 'MRR': 0.905}
Saving model
epoch 77 | batch 1 |train loss 0.48198214173316956
epoch 78 | batch 0 |train loss 0.4820917546749115
Valid: loss 0.5415792465209961, score:{'roc_auc': 0.8006347946835946, 'MRR': 0.905}
Saving model
epoch 78 | batch 1 |train loss 0.48002275824546814
epoch 79 | batch 0 |train loss 0.4825790822505951
Valid: loss 0.5415198802947998, score:{'roc_auc': 0.8010315413608411, 'MRR': 0.905}
Saving model
epoch 79 | batch 1 |train loss 0.4805470407009125
epoch 80 | batch 0 |train loss 0.48108750581741333
Valid: loss 0.5414475798606873, score:{'roc_auc': 0.8018250347153343, 'MRR': 0.905}
Saving model
epoch 80 | batch 1 |train loss 0.4785827696323395
epoch 81 | batch 0 |train loss 0.48163312673568726
Valid: loss 0.5413694977760315, score:{'roc_auc': 0.801626661376711, 'MRR': 0.905}
Saving model
epoch 81 | batch 1 |train loss 0.4780375361442566
epoch 82 | batch 0 |train loss 0.4804551303386688
Valid: loss 0.5412676930427551, score:{'roc_auc': 0.8018250347153343, 'MRR': 0.905}
Saving model
epoch 82 | batch 1 |train loss 0.476801335811615
epoch 83 | batch 0 |train loss 0.4797091484069824
Valid: loss 0.5412108302116394, score:{'roc_auc': 0.803015274747074, 'MRR': 0.905}
Saving model
epoch 83 | batch 1 |train loss 0.47548532485961914
epoch 84 | batch 0 |train loss 0.47978752851486206
Valid: loss 0.5412083864212036, score:{'roc_auc': 0.8022217813925808, 'MRR': 0.905}
Saving model
epoch 84 | batch 1 |train loss 0.47378650307655334
epoch 85 | batch 0 |train loss 0.4775048494338989
Valid: loss 0.5412681102752686, score:{'roc_auc': 0.8028169014084507, 'MRR': 0.905}
EarlyStopping counter: 1 out of 3
epoch 85 | batch 1 |train loss 0.47204697132110596
epoch 86 | batch 0 |train loss 0.4781075716018677
Valid: loss 0.5414645671844482, score:{'roc_auc': 0.8026185280698275, 'MRR': 0.895}
EarlyStopping counter: 2 out of 3
epoch 86 | batch 1 |train loss 0.47262436151504517
epoch 87 | batch 0 |train loss 0.47599276900291443
Valid: loss 0.5418009161949158, score:{'roc_auc': 0.8024201547312041, 'MRR': 0.895}
Meta keys: dict_keys([6])
Data keys: dict_keys([6])
Edge type: 6, Meta: (1, 0)
Average links per head: 3.43
Median: 2.0, Min: 1, Max: 32
len test_list[0] 463
len test_list[1] 463
len test_label 463
2 hop test: loss 0.5418009161949158, score:{'roc_auc': 0.6186975181936929, 'MRR': 0.7887125220458554}
(array([0, 1]), array([230, 233]))
[0.69482356 0.64824873 0.293227   0.61601293 0.3490933  0.44352788
 0.3412992  0.34673867 0.68239635 0.42561406 0.6432194  0.86540914
 0.82648516 0.79797304 0.89520586 0.8113387  0.9082755  0.43417153
 0.06814159 0.7745615 ]
Average links per head full random test: 1.52
Medianfull random test: 1.0, Min: 1, Max: 16
len test_list[0]full random test 466
len test_list[1]full random test 466
len test_label full random test 466
2 hop test: loss 0.5418009161949158, score:{'roc_auc': 0.6186975181936929, 'MRR': 0.7887125220458554}
edge type: 6, random_score: {'roc_auc': 0.7797528044355209, 'MRR': 0.9777777777777777}, score: {'roc_auc': 0.6186975181936929, 'MRR': 0.7887125220458554}
ROC_AUC: 0.6186975181936929
Sec neigh test: score list: defaultdict(<class 'list'>, {'roc_auc': [0.6186975181936929], 'MRR': [0.7887125220458554]})
Random test: score list: defaultdict(<class 'list'>, {'roc_auc': [0.7797528044355209], 'MRR': [0.9777777777777777]})
Sec neigh test:average score: defaultdict(<class 'list'>, {'roc_auc': 0.6187, 'MRR': 0.7887})
Random test: average score: defaultdict(<class 'list'>, {'roc_auc': 0.7798, 'MRR': 0.9778})
Completed: amazon_style_cct_fold_5 (rep 6)

All 30 jobs completed.
Setup complete
