Starting SimpleHGN batch job with 6 repetitions...
=== Repetition 1/6 ===
--------------------------------------
Running model: SimpleHGN
Dataset: amazon_style_ccct_features_securebert_fold_1
--------------------------------------
Data path: ../../data/amazon_style_ccct_features_securebert_fold_1
Loading nodes from ../../data/amazon_style_ccct_features_securebert_fold_1/node.dat
edge types: dict_keys([8, 6, 7, 5, 4, 0, 3, 2, 9, 10, 1, 11])
Getting training negative samples for edge types: [7]
nodes.shift keys: [0, 1, 2, 3]
nodes.count keys: [0, 1, 2, 3]
links.meta: {8: (2, 2), 6: (1, 3), 7: (3, 2), 5: (3, 3), 4: (2, 2), 0: (2, 2), 3: (2, 0), 2: (3, 3), 9: (3, 3), 10: (3, 3), 1: (3, 3), 11: (3, 3)}
t_type about to use: 2
h_type: 3
shift dict: {0: 0, 1: 188, 2: 19452, 3: 20010}
count dict: Counter({1: 19264, 3: 940, 2: 558, 0: 188})
Generated 910 negative samples for edge type 7
Features List: [array([[ 0.00445206,  0.01268557,  0.22351578, ..., -0.28678206,
        -0.37460288,  0.18294938],
       [-0.18744846,  0.07075578,  0.0476894 , ..., -0.2232531 ,
        -0.19588573,  0.47988179],
       [-0.17451471, -0.04557271,  0.15712288, ..., -0.05391889,
        -0.20500693,  0.23744845],
       ...,
       [-0.40584856,  0.04715464,  0.24475315, ..., -0.12466257,
        -0.2035536 ,  0.28577447],
       [-0.18835557,  0.03822717,  0.03586731, ..., -0.23435652,
        -0.35453227,  0.38753107],
       [-0.13632202,  0.14362322,  0.08668749, ..., -0.24145249,
        -0.25799868,  0.26464131]]), array([[-0.02302658,  0.0368569 ,  0.00652144, ..., -0.02803515,
        -0.00893309,  0.00342051],
       [-0.01979104,  0.04036582,  0.01475144, ..., -0.00661969,
        -0.01504144,  0.01323287],
       [-0.02346251,  0.03577969,  0.00104941, ..., -0.01948969,
        -0.02273973,  0.01956808],
       ...,
       [ 0.01112562,  0.01252526, -0.00604169, ..., -0.02203615,
        -0.00625044, -0.01684516],
       [-0.02297131,  0.02604213,  0.00098649, ...,  0.00838303,
        -0.00321861, -0.00570687],
       [-0.01075894,  0.00767744, -0.01424407, ..., -0.02184941,
         0.02614397, -0.01134232]]), array([[ 0.00791158, -0.00538086, -0.02676104, ..., -0.01897389,
        -0.01306979, -0.00084801],
       [ 0.01682901, -0.00649696, -0.01921631, ..., -0.01401017,
        -0.0039668 , -0.02202195],
       [ 0.02197852, -0.01403735, -0.05225722, ...,  0.02019661,
         0.00528841,  0.0033033 ],
       ...,
       [ 0.01603197,  0.00716993, -0.01245602, ..., -0.01399604,
        -0.00058955, -0.0256807 ],
       [ 0.01039577,  0.02045547, -0.02146293, ...,  0.01017929,
         0.02390171,  0.00134994],
       [ 0.00462414,  0.0041195 , -0.0135733 , ..., -0.01101827,
         0.00813001,  0.0203817 ]]), array([[ 0.00087804,  0.00658507, -0.02514569, ..., -0.04238372,
         0.00850771, -0.02565438],
       [-0.0006986 ,  0.01542003, -0.03227317, ..., -0.01301633,
         0.01559736, -0.03614859],
       [-0.01135348,  0.00974955, -0.01812623, ..., -0.01920343,
         0.00887381, -0.0152928 ],
       ...,
       [ 0.00701895, -0.01539859, -0.03025482, ..., -0.03644368,
         0.01254067, -0.0236606 ],
       [-0.00414097,  0.00144739, -0.05197839, ...,  0.00216818,
         0.02755725, -0.03143983],
       [ 0.01779867, -0.02493452, -0.0391779 , ..., -0.01159797,
        -0.00619852, -0.02449675]])]
Getting training negative samples for edge types: [7]
nodes.shift keys: [0, 1, 2, 3]
nodes.count keys: [0, 1, 2, 3]
links.meta: {8: (2, 2), 6: (1, 3), 7: (3, 2), 5: (3, 3), 4: (2, 2), 0: (2, 2), 3: (2, 0), 2: (3, 3), 9: (3, 3), 10: (3, 3), 1: (3, 3), 11: (3, 3)}
t_type about to use: 2
h_type: 3
shift dict: {0: 0, 1: 188, 2: 19452, 3: 20010}
count dict: Counter({1: 19264, 3: 940, 2: 558, 0: 188})
Generated 910 negative samples for edge type 7
Epoch 00000, Step00000 | Train_Loss: 0.6930 | Time: 3.0197
Epoch 00000 | Val_Loss 0.6879 | Time(s) 0.0096
Validation loss decreased (inf --> 0.687889).  Saving model ...
Getting training negative samples for edge types: [7]
nodes.shift keys: [0, 1, 2, 3]
nodes.count keys: [0, 1, 2, 3]
links.meta: {8: (2, 2), 6: (1, 3), 7: (3, 2), 5: (3, 3), 4: (2, 2), 0: (2, 2), 3: (2, 0), 2: (3, 3), 9: (3, 3), 10: (3, 3), 1: (3, 3), 11: (3, 3)}
t_type about to use: 2
h_type: 3
shift dict: {0: 0, 1: 188, 2: 19452, 3: 20010}
count dict: Counter({1: 19264, 3: 940, 2: 558, 0: 188})
Generated 910 negative samples for edge type 7
Epoch 00001, Step00000 | Train_Loss: 0.6849 | Time: 0.0318
Epoch 00001 | Val_Loss 0.6745 | Time(s) 0.0292
Validation loss decreased (0.687889 --> 0.674486).  Saving model ...
Getting training negative samples for edge types: [7]
nodes.shift keys: [0, 1, 2, 3]
nodes.count keys: [0, 1, 2, 3]
links.meta: {8: (2, 2), 6: (1, 3), 7: (3, 2), 5: (3, 3), 4: (2, 2), 0: (2, 2), 3: (2, 0), 2: (3, 3), 9: (3, 3), 10: (3, 3), 1: (3, 3), 11: (3, 3)}
t_type about to use: 2
h_type: 3
shift dict: {0: 0, 1: 188, 2: 19452, 3: 20010}
count dict: Counter({1: 19264, 3: 940, 2: 558, 0: 188})
Generated 910 negative samples for edge type 7
Epoch 00002, Step00000 | Train_Loss: 0.6757 | Time: 0.0357
Epoch 00002 | Val_Loss 0.6539 | Time(s) 0.0164
Validation loss decreased (0.674486 --> 0.653940).  Saving model ...
Getting training negative samples for edge types: [7]
nodes.shift keys: [0, 1, 2, 3]
nodes.count keys: [0, 1, 2, 3]
links.meta: {8: (2, 2), 6: (1, 3), 7: (3, 2), 5: (3, 3), 4: (2, 2), 0: (2, 2), 3: (2, 0), 2: (3, 3), 9: (3, 3), 10: (3, 3), 1: (3, 3), 11: (3, 3)}
t_type about to use: 2
h_type: 3
shift dict: {0: 0, 1: 188, 2: 19452, 3: 20010}
count dict: Counter({1: 19264, 3: 940, 2: 558, 0: 188})
Generated 910 negative samples for edge type 7
Epoch 00003, Step00000 | Train_Loss: 0.6651 | Time: 0.0321
Epoch 00003 | Val_Loss 0.6440 | Time(s) 0.0277
Validation loss decreased (0.653940 --> 0.643954).  Saving model ...
Getting training negative samples for edge types: [7]
nodes.shift keys: [0, 1, 2, 3]
nodes.count keys: [0, 1, 2, 3]
links.meta: {8: (2, 2), 6: (1, 3), 7: (3, 2), 5: (3, 3), 4: (2, 2), 0: (2, 2), 3: (2, 0), 2: (3, 3), 9: (3, 3), 10: (3, 3), 1: (3, 3), 11: (3, 3)}
t_type about to use: 2
h_type: 3
shift dict: {0: 0, 1: 188, 2: 19452, 3: 20010}
count dict: Counter({1: 19264, 3: 940, 2: 558, 0: 188})
Generated 910 negative samples for edge type 7
Epoch 00004, Step00000 | Train_Loss: 0.6537 | Time: 0.0513
Epoch 00004 | Val_Loss 0.6357 | Time(s) 0.0117
Validation loss decreased (0.643954 --> 0.635694).  Saving model ...
Getting training negative samples for edge types: [7]
nodes.shift keys: [0, 1, 2, 3]
nodes.count keys: [0, 1, 2, 3]
links.meta: {8: (2, 2), 6: (1, 3), 7: (3, 2), 5: (3, 3), 4: (2, 2), 0: (2, 2), 3: (2, 0), 2: (3, 3), 9: (3, 3), 10: (3, 3), 1: (3, 3), 11: (3, 3)}
t_type about to use: 2
h_type: 3
shift dict: {0: 0, 1: 188, 2: 19452, 3: 20010}
count dict: Counter({1: 19264, 3: 940, 2: 558, 0: 188})
Generated 910 negative samples for edge type 7
Epoch 00005, Step00000 | Train_Loss: 0.6410 | Time: 0.0302
Epoch 00005 | Val_Loss 0.6576 | Time(s) 0.0189
EarlyStopping counter: 1 out of 40
Getting training negative samples for edge types: [7]
nodes.shift keys: [0, 1, 2, 3]
nodes.count keys: [0, 1, 2, 3]
links.meta: {8: (2, 2), 6: (1, 3), 7: (3, 2), 5: (3, 3), 4: (2, 2), 0: (2, 2), 3: (2, 0), 2: (3, 3), 9: (3, 3), 10: (3, 3), 1: (3, 3), 11: (3, 3)}
t_type about to use: 2
h_type: 3
shift dict: {0: 0, 1: 188, 2: 19452, 3: 20010}
count dict: Counter({1: 19264, 3: 940, 2: 558, 0: 188})
Generated 910 negative samples for edge type 7
Epoch 00006, Step00000 | Train_Loss: 0.6275 | Time: 0.0354
Epoch 00006 | Val_Loss 0.6671 | Time(s) 0.0148
EarlyStopping counter: 2 out of 40
Getting training negative samples for edge types: [7]
nodes.shift keys: [0, 1, 2, 3]
nodes.count keys: [0, 1, 2, 3]
links.meta: {8: (2, 2), 6: (1, 3), 7: (3, 2), 5: (3, 3), 4: (2, 2), 0: (2, 2), 3: (2, 0), 2: (3, 3), 9: (3, 3), 10: (3, 3), 1: (3, 3), 11: (3, 3)}
t_type about to use: 2
h_type: 3
shift dict: {0: 0, 1: 188, 2: 19452, 3: 20010}
count dict: Counter({1: 19264, 3: 940, 2: 558, 0: 188})
Generated 910 negative samples for edge type 7
Epoch 00007, Step00000 | Train_Loss: 0.6211 | Time: 0.0438
Epoch 00007 | Val_Loss 0.6422 | Time(s) 0.0098
EarlyStopping counter: 3 out of 40
Getting training negative samples for edge types: [7]
nodes.shift keys: [0, 1, 2, 3]
nodes.count keys: [0, 1, 2, 3]
links.meta: {8: (2, 2), 6: (1, 3), 7: (3, 2), 5: (3, 3), 4: (2, 2), 0: (2, 2), 3: (2, 0), 2: (3, 3), 9: (3, 3), 10: (3, 3), 1: (3, 3), 11: (3, 3)}
t_type about to use: 2
h_type: 3
shift dict: {0: 0, 1: 188, 2: 19452, 3: 20010}
count dict: Counter({1: 19264, 3: 940, 2: 558, 0: 188})
Generated 910 negative samples for edge type 7
Epoch 00008, Step00000 | Train_Loss: 0.6039 | Time: 0.0500
Epoch 00008 | Val_Loss 0.7253 | Time(s) 0.0105
EarlyStopping counter: 4 out of 40
Getting training negative samples for edge types: [7]
nodes.shift keys: [0, 1, 2, 3]
nodes.count keys: [0, 1, 2, 3]
links.meta: {8: (2, 2), 6: (1, 3), 7: (3, 2), 5: (3, 3), 4: (2, 2), 0: (2, 2), 3: (2, 0), 2: (3, 3), 9: (3, 3), 10: (3, 3), 1: (3, 3), 11: (3, 3)}
t_type about to use: 2
h_type: 3
shift dict: {0: 0, 1: 188, 2: 19452, 3: 20010}
count dict: Counter({1: 19264, 3: 940, 2: 558, 0: 188})
Generated 910 negative samples for edge type 7
Epoch 00009, Step00000 | Train_Loss: 0.5948 | Time: 0.0506
Epoch 00009 | Val_Loss 0.6839 | Time(s) 0.0127
EarlyStopping counter: 5 out of 40
Getting training negative samples for edge types: [7]
nodes.shift keys: [0, 1, 2, 3]
nodes.count keys: [0, 1, 2, 3]
links.meta: {8: (2, 2), 6: (1, 3), 7: (3, 2), 5: (3, 3), 4: (2, 2), 0: (2, 2), 3: (2, 0), 2: (3, 3), 9: (3, 3), 10: (3, 3), 1: (3, 3), 11: (3, 3)}
t_type about to use: 2
h_type: 3
shift dict: {0: 0, 1: 188, 2: 19452, 3: 20010}
count dict: Counter({1: 19264, 3: 940, 2: 558, 0: 188})
Generated 910 negative samples for edge type 7
Epoch 00010, Step00000 | Train_Loss: 0.5782 | Time: 0.0330
Epoch 00010 | Val_Loss 0.7087 | Time(s) 0.0231
EarlyStopping counter: 6 out of 40
Getting training negative samples for edge types: [7]
nodes.shift keys: [0, 1, 2, 3]
nodes.count keys: [0, 1, 2, 3]
links.meta: {8: (2, 2), 6: (1, 3), 7: (3, 2), 5: (3, 3), 4: (2, 2), 0: (2, 2), 3: (2, 0), 2: (3, 3), 9: (3, 3), 10: (3, 3), 1: (3, 3), 11: (3, 3)}
t_type about to use: 2
h_type: 3
shift dict: {0: 0, 1: 188, 2: 19452, 3: 20010}
count dict: Counter({1: 19264, 3: 940, 2: 558, 0: 188})
Generated 910 negative samples for edge type 7
Epoch 00011, Step00000 | Train_Loss: 0.5757 | Time: 0.0264
Epoch 00011 | Val_Loss 0.8078 | Time(s) 0.0239
EarlyStopping counter: 7 out of 40
Getting training negative samples for edge types: [7]
nodes.shift keys: [0, 1, 2, 3]
nodes.count keys: [0, 1, 2, 3]
links.meta: {8: (2, 2), 6: (1, 3), 7: (3, 2), 5: (3, 3), 4: (2, 2), 0: (2, 2), 3: (2, 0), 2: (3, 3), 9: (3, 3), 10: (3, 3), 1: (3, 3), 11: (3, 3)}
t_type about to use: 2
h_type: 3
shift dict: {0: 0, 1: 188, 2: 19452, 3: 20010}
count dict: Counter({1: 19264, 3: 940, 2: 558, 0: 188})
Generated 910 negative samples for edge type 7
Epoch 00012, Step00000 | Train_Loss: 0.5654 | Time: 0.0292
Epoch 00012 | Val_Loss 0.8815 | Time(s) 0.0165
EarlyStopping counter: 8 out of 40
Getting training negative samples for edge types: [7]
nodes.shift keys: [0, 1, 2, 3]
nodes.count keys: [0, 1, 2, 3]
links.meta: {8: (2, 2), 6: (1, 3), 7: (3, 2), 5: (3, 3), 4: (2, 2), 0: (2, 2), 3: (2, 0), 2: (3, 3), 9: (3, 3), 10: (3, 3), 1: (3, 3), 11: (3, 3)}
t_type about to use: 2
h_type: 3
shift dict: {0: 0, 1: 188, 2: 19452, 3: 20010}
count dict: Counter({1: 19264, 3: 940, 2: 558, 0: 188})
Generated 910 negative samples for edge type 7
Epoch 00013, Step00000 | Train_Loss: 0.5764 | Time: 0.0422
Epoch 00013 | Val_Loss 0.8802 | Time(s) 0.0166
EarlyStopping counter: 9 out of 40
Getting training negative samples for edge types: [7]
nodes.shift keys: [0, 1, 2, 3]
nodes.count keys: [0, 1, 2, 3]
links.meta: {8: (2, 2), 6: (1, 3), 7: (3, 2), 5: (3, 3), 4: (2, 2), 0: (2, 2), 3: (2, 0), 2: (3, 3), 9: (3, 3), 10: (3, 3), 1: (3, 3), 11: (3, 3)}
t_type about to use: 2
h_type: 3
shift dict: {0: 0, 1: 188, 2: 19452, 3: 20010}
count dict: Counter({1: 19264, 3: 940, 2: 558, 0: 188})
Generated 910 negative samples for edge type 7
Epoch 00014, Step00000 | Train_Loss: 0.5554 | Time: 0.0445
Epoch 00014 | Val_Loss 0.8827 | Time(s) 0.0109
EarlyStopping counter: 10 out of 40
Getting training negative samples for edge types: [7]
nodes.shift keys: [0, 1, 2, 3]
nodes.count keys: [0, 1, 2, 3]
links.meta: {8: (2, 2), 6: (1, 3), 7: (3, 2), 5: (3, 3), 4: (2, 2), 0: (2, 2), 3: (2, 0), 2: (3, 3), 9: (3, 3), 10: (3, 3), 1: (3, 3), 11: (3, 3)}
t_type about to use: 2
h_type: 3
shift dict: {0: 0, 1: 188, 2: 19452, 3: 20010}
count dict: Counter({1: 19264, 3: 940, 2: 558, 0: 188})
Generated 910 negative samples for edge type 7
Epoch 00015, Step00000 | Train_Loss: 0.5727 | Time: 0.0507
Epoch 00015 | Val_Loss 0.9519 | Time(s) 0.0115
EarlyStopping counter: 11 out of 40
Getting training negative samples for edge types: [7]
nodes.shift keys: [0, 1, 2, 3]
nodes.count keys: [0, 1, 2, 3]
links.meta: {8: (2, 2), 6: (1, 3), 7: (3, 2), 5: (3, 3), 4: (2, 2), 0: (2, 2), 3: (2, 0), 2: (3, 3), 9: (3, 3), 10: (3, 3), 1: (3, 3), 11: (3, 3)}
t_type about to use: 2
h_type: 3
shift dict: {0: 0, 1: 188, 2: 19452, 3: 20010}
count dict: Counter({1: 19264, 3: 940, 2: 558, 0: 188})
Generated 910 negative samples for edge type 7
Epoch 00016, Step00000 | Train_Loss: 0.5595 | Time: 0.0523
Epoch 00016 | Val_Loss 0.8699 | Time(s) 0.0153
EarlyStopping counter: 12 out of 40
Getting training negative samples for edge types: [7]
nodes.shift keys: [0, 1, 2, 3]
nodes.count keys: [0, 1, 2, 3]
links.meta: {8: (2, 2), 6: (1, 3), 7: (3, 2), 5: (3, 3), 4: (2, 2), 0: (2, 2), 3: (2, 0), 2: (3, 3), 9: (3, 3), 10: (3, 3), 1: (3, 3), 11: (3, 3)}
t_type about to use: 2
h_type: 3
shift dict: {0: 0, 1: 188, 2: 19452, 3: 20010}
count dict: Counter({1: 19264, 3: 940, 2: 558, 0: 188})
Generated 910 negative samples for edge type 7
Epoch 00017, Step00000 | Train_Loss: 0.5634 | Time: 0.0535
Epoch 00017 | Val_Loss 0.9147 | Time(s) 0.0147
EarlyStopping counter: 13 out of 40
Getting training negative samples for edge types: [7]
nodes.shift keys: [0, 1, 2, 3]
nodes.count keys: [0, 1, 2, 3]
links.meta: {8: (2, 2), 6: (1, 3), 7: (3, 2), 5: (3, 3), 4: (2, 2), 0: (2, 2), 3: (2, 0), 2: (3, 3), 9: (3, 3), 10: (3, 3), 1: (3, 3), 11: (3, 3)}
t_type about to use: 2
h_type: 3
shift dict: {0: 0, 1: 188, 2: 19452, 3: 20010}
count dict: Counter({1: 19264, 3: 940, 2: 558, 0: 188})
Generated 910 negative samples for edge type 7
Epoch 00018, Step00000 | Train_Loss: 0.5657 | Time: 0.0538
Epoch 00018 | Val_Loss 0.8427 | Time(s) 0.0179
EarlyStopping counter: 14 out of 40
Getting training negative samples for edge types: [7]
nodes.shift keys: [0, 1, 2, 3]
nodes.count keys: [0, 1, 2, 3]
links.meta: {8: (2, 2), 6: (1, 3), 7: (3, 2), 5: (3, 3), 4: (2, 2), 0: (2, 2), 3: (2, 0), 2: (3, 3), 9: (3, 3), 10: (3, 3), 1: (3, 3), 11: (3, 3)}
t_type about to use: 2
h_type: 3
shift dict: {0: 0, 1: 188, 2: 19452, 3: 20010}
count dict: Counter({1: 19264, 3: 940, 2: 558, 0: 188})
Generated 910 negative samples for edge type 7
Epoch 00019, Step00000 | Train_Loss: 0.5534 | Time: 0.0539
Epoch 00019 | Val_Loss 0.8446 | Time(s) 0.0153
EarlyStopping counter: 15 out of 40
Getting training negative samples for edge types: [7]
nodes.shift keys: [0, 1, 2, 3]
nodes.count keys: [0, 1, 2, 3]
links.meta: {8: (2, 2), 6: (1, 3), 7: (3, 2), 5: (3, 3), 4: (2, 2), 0: (2, 2), 3: (2, 0), 2: (3, 3), 9: (3, 3), 10: (3, 3), 1: (3, 3), 11: (3, 3)}
t_type about to use: 2
h_type: 3
shift dict: {0: 0, 1: 188, 2: 19452, 3: 20010}
count dict: Counter({1: 19264, 3: 940, 2: 558, 0: 188})
Generated 910 negative samples for edge type 7
Epoch 00020, Step00000 | Train_Loss: 0.5473 | Time: 0.0419
Epoch 00020 | Val_Loss 0.8646 | Time(s) 0.0143
EarlyStopping counter: 16 out of 40
Getting training negative samples for edge types: [7]
nodes.shift keys: [0, 1, 2, 3]
nodes.count keys: [0, 1, 2, 3]
links.meta: {8: (2, 2), 6: (1, 3), 7: (3, 2), 5: (3, 3), 4: (2, 2), 0: (2, 2), 3: (2, 0), 2: (3, 3), 9: (3, 3), 10: (3, 3), 1: (3, 3), 11: (3, 3)}
t_type about to use: 2
h_type: 3
shift dict: {0: 0, 1: 188, 2: 19452, 3: 20010}
count dict: Counter({1: 19264, 3: 940, 2: 558, 0: 188})
Generated 910 negative samples for edge type 7
Epoch 00021, Step00000 | Train_Loss: 0.5561 | Time: 0.0270
Epoch 00021 | Val_Loss 0.9132 | Time(s) 0.0300
EarlyStopping counter: 17 out of 40
Getting training negative samples for edge types: [7]
nodes.shift keys: [0, 1, 2, 3]
nodes.count keys: [0, 1, 2, 3]
links.meta: {8: (2, 2), 6: (1, 3), 7: (3, 2), 5: (3, 3), 4: (2, 2), 0: (2, 2), 3: (2, 0), 2: (3, 3), 9: (3, 3), 10: (3, 3), 1: (3, 3), 11: (3, 3)}
t_type about to use: 2
h_type: 3
shift dict: {0: 0, 1: 188, 2: 19452, 3: 20010}
count dict: Counter({1: 19264, 3: 940, 2: 558, 0: 188})
Generated 910 negative samples for edge type 7
Epoch 00022, Step00000 | Train_Loss: 0.5548 | Time: 0.0278
Epoch 00022 | Val_Loss 0.8650 | Time(s) 0.0252
EarlyStopping counter: 18 out of 40
Getting training negative samples for edge types: [7]
nodes.shift keys: [0, 1, 2, 3]
nodes.count keys: [0, 1, 2, 3]
links.meta: {8: (2, 2), 6: (1, 3), 7: (3, 2), 5: (3, 3), 4: (2, 2), 0: (2, 2), 3: (2, 0), 2: (3, 3), 9: (3, 3), 10: (3, 3), 1: (3, 3), 11: (3, 3)}
t_type about to use: 2
h_type: 3
shift dict: {0: 0, 1: 188, 2: 19452, 3: 20010}
count dict: Counter({1: 19264, 3: 940, 2: 558, 0: 188})
Generated 910 negative samples for edge type 7
Epoch 00023, Step00000 | Train_Loss: 0.5578 | Time: 0.0293
Epoch 00023 | Val_Loss 0.9036 | Time(s) 0.0171
EarlyStopping counter: 19 out of 40
Getting training negative samples for edge types: [7]
nodes.shift keys: [0, 1, 2, 3]
nodes.count keys: [0, 1, 2, 3]
links.meta: {8: (2, 2), 6: (1, 3), 7: (3, 2), 5: (3, 3), 4: (2, 2), 0: (2, 2), 3: (2, 0), 2: (3, 3), 9: (3, 3), 10: (3, 3), 1: (3, 3), 11: (3, 3)}
t_type about to use: 2
h_type: 3
shift dict: {0: 0, 1: 188, 2: 19452, 3: 20010}
count dict: Counter({1: 19264, 3: 940, 2: 558, 0: 188})
Generated 910 negative samples for edge type 7
Epoch 00024, Step00000 | Train_Loss: 0.5595 | Time: 0.0411
Epoch 00024 | Val_Loss 0.8660 | Time(s) 0.0148
EarlyStopping counter: 20 out of 40
Getting training negative samples for edge types: [7]
nodes.shift keys: [0, 1, 2, 3]
nodes.count keys: [0, 1, 2, 3]
links.meta: {8: (2, 2), 6: (1, 3), 7: (3, 2), 5: (3, 3), 4: (2, 2), 0: (2, 2), 3: (2, 0), 2: (3, 3), 9: (3, 3), 10: (3, 3), 1: (3, 3), 11: (3, 3)}
t_type about to use: 2
h_type: 3
shift dict: {0: 0, 1: 188, 2: 19452, 3: 20010}
count dict: Counter({1: 19264, 3: 940, 2: 558, 0: 188})
Generated 910 negative samples for edge type 7
Epoch 00025, Step00000 | Train_Loss: 0.5540 | Time: 0.0449
Epoch 00025 | Val_Loss 0.7793 | Time(s) 0.0126
EarlyStopping counter: 21 out of 40
Getting training negative samples for edge types: [7]
nodes.shift keys: [0, 1, 2, 3]
nodes.count keys: [0, 1, 2, 3]
links.meta: {8: (2, 2), 6: (1, 3), 7: (3, 2), 5: (3, 3), 4: (2, 2), 0: (2, 2), 3: (2, 0), 2: (3, 3), 9: (3, 3), 10: (3, 3), 1: (3, 3), 11: (3, 3)}
t_type about to use: 2
h_type: 3
shift dict: {0: 0, 1: 188, 2: 19452, 3: 20010}
count dict: Counter({1: 19264, 3: 940, 2: 558, 0: 188})
Generated 910 negative samples for edge type 7
Epoch 00026, Step00000 | Train_Loss: 0.5516 | Time: 0.0501
Epoch 00026 | Val_Loss 0.8948 | Time(s) 0.0111
EarlyStopping counter: 22 out of 40
Getting training negative samples for edge types: [7]
nodes.shift keys: [0, 1, 2, 3]
nodes.count keys: [0, 1, 2, 3]
links.meta: {8: (2, 2), 6: (1, 3), 7: (3, 2), 5: (3, 3), 4: (2, 2), 0: (2, 2), 3: (2, 0), 2: (3, 3), 9: (3, 3), 10: (3, 3), 1: (3, 3), 11: (3, 3)}
t_type about to use: 2
h_type: 3
shift dict: {0: 0, 1: 188, 2: 19452, 3: 20010}
count dict: Counter({1: 19264, 3: 940, 2: 558, 0: 188})
Generated 910 negative samples for edge type 7
Epoch 00027, Step00000 | Train_Loss: 0.5312 | Time: 0.0525
Epoch 00027 | Val_Loss 0.8694 | Time(s) 0.0135
EarlyStopping counter: 23 out of 40
Getting training negative samples for edge types: [7]
nodes.shift keys: [0, 1, 2, 3]
nodes.count keys: [0, 1, 2, 3]
links.meta: {8: (2, 2), 6: (1, 3), 7: (3, 2), 5: (3, 3), 4: (2, 2), 0: (2, 2), 3: (2, 0), 2: (3, 3), 9: (3, 3), 10: (3, 3), 1: (3, 3), 11: (3, 3)}
t_type about to use: 2
h_type: 3
shift dict: {0: 0, 1: 188, 2: 19452, 3: 20010}
count dict: Counter({1: 19264, 3: 940, 2: 558, 0: 188})
Generated 910 negative samples for edge type 7
Epoch 00028, Step00000 | Train_Loss: 0.5478 | Time: 0.0519
Epoch 00028 | Val_Loss 0.8210 | Time(s) 0.0167
EarlyStopping counter: 24 out of 40
Getting training negative samples for edge types: [7]
nodes.shift keys: [0, 1, 2, 3]
nodes.count keys: [0, 1, 2, 3]
links.meta: {8: (2, 2), 6: (1, 3), 7: (3, 2), 5: (3, 3), 4: (2, 2), 0: (2, 2), 3: (2, 0), 2: (3, 3), 9: (3, 3), 10: (3, 3), 1: (3, 3), 11: (3, 3)}
t_type about to use: 2
h_type: 3
shift dict: {0: 0, 1: 188, 2: 19452, 3: 20010}
count dict: Counter({1: 19264, 3: 940, 2: 558, 0: 188})
Generated 910 negative samples for edge type 7
Epoch 00029, Step00000 | Train_Loss: 0.5350 | Time: 0.0519
Epoch 00029 | Val_Loss 0.8774 | Time(s) 0.0162
EarlyStopping counter: 25 out of 40
Getting training negative samples for edge types: [7]
nodes.shift keys: [0, 1, 2, 3]
nodes.count keys: [0, 1, 2, 3]
links.meta: {8: (2, 2), 6: (1, 3), 7: (3, 2), 5: (3, 3), 4: (2, 2), 0: (2, 2), 3: (2, 0), 2: (3, 3), 9: (3, 3), 10: (3, 3), 1: (3, 3), 11: (3, 3)}
t_type about to use: 2
h_type: 3
shift dict: {0: 0, 1: 188, 2: 19452, 3: 20010}
count dict: Counter({1: 19264, 3: 940, 2: 558, 0: 188})
Generated 910 negative samples for edge type 7
Epoch 00030, Step00000 | Train_Loss: 0.5450 | Time: 0.0519
Epoch 00030 | Val_Loss 0.9044 | Time(s) 0.0161
EarlyStopping counter: 26 out of 40
Getting training negative samples for edge types: [7]
nodes.shift keys: [0, 1, 2, 3]
nodes.count keys: [0, 1, 2, 3]
links.meta: {8: (2, 2), 6: (1, 3), 7: (3, 2), 5: (3, 3), 4: (2, 2), 0: (2, 2), 3: (2, 0), 2: (3, 3), 9: (3, 3), 10: (3, 3), 1: (3, 3), 11: (3, 3)}
t_type about to use: 2
h_type: 3
shift dict: {0: 0, 1: 188, 2: 19452, 3: 20010}
count dict: Counter({1: 19264, 3: 940, 2: 558, 0: 188})
Generated 910 negative samples for edge type 7
Epoch 00031, Step00000 | Train_Loss: 0.5285 | Time: 0.0403
Epoch 00031 | Val_Loss 0.8627 | Time(s) 0.0168
EarlyStopping counter: 27 out of 40
Getting training negative samples for edge types: [7]
nodes.shift keys: [0, 1, 2, 3]
nodes.count keys: [0, 1, 2, 3]
links.meta: {8: (2, 2), 6: (1, 3), 7: (3, 2), 5: (3, 3), 4: (2, 2), 0: (2, 2), 3: (2, 0), 2: (3, 3), 9: (3, 3), 10: (3, 3), 1: (3, 3), 11: (3, 3)}
t_type about to use: 2
h_type: 3
shift dict: {0: 0, 1: 188, 2: 19452, 3: 20010}
count dict: Counter({1: 19264, 3: 940, 2: 558, 0: 188})
Generated 910 negative samples for edge type 7
Epoch 00032, Step00000 | Train_Loss: 0.5357 | Time: 0.0272
Epoch 00032 | Val_Loss 0.9272 | Time(s) 0.0282
EarlyStopping counter: 28 out of 40
Getting training negative samples for edge types: [7]
nodes.shift keys: [0, 1, 2, 3]
nodes.count keys: [0, 1, 2, 3]
links.meta: {8: (2, 2), 6: (1, 3), 7: (3, 2), 5: (3, 3), 4: (2, 2), 0: (2, 2), 3: (2, 0), 2: (3, 3), 9: (3, 3), 10: (3, 3), 1: (3, 3), 11: (3, 3)}
t_type about to use: 2
h_type: 3
shift dict: {0: 0, 1: 188, 2: 19452, 3: 20010}
count dict: Counter({1: 19264, 3: 940, 2: 558, 0: 188})
Generated 910 negative samples for edge type 7
Epoch 00033, Step00000 | Train_Loss: 0.5405 | Time: 0.0274
Epoch 00033 | Val_Loss 0.9220 | Time(s) 0.0226
EarlyStopping counter: 29 out of 40
Getting training negative samples for edge types: [7]
nodes.shift keys: [0, 1, 2, 3]
nodes.count keys: [0, 1, 2, 3]
links.meta: {8: (2, 2), 6: (1, 3), 7: (3, 2), 5: (3, 3), 4: (2, 2), 0: (2, 2), 3: (2, 0), 2: (3, 3), 9: (3, 3), 10: (3, 3), 1: (3, 3), 11: (3, 3)}
t_type about to use: 2
h_type: 3
shift dict: {0: 0, 1: 188, 2: 19452, 3: 20010}
count dict: Counter({1: 19264, 3: 940, 2: 558, 0: 188})
Generated 910 negative samples for edge type 7
Epoch 00034, Step00000 | Train_Loss: 0.5454 | Time: 0.0328
Epoch 00034 | Val_Loss 0.9917 | Time(s) 0.0150
EarlyStopping counter: 30 out of 40
Getting training negative samples for edge types: [7]
nodes.shift keys: [0, 1, 2, 3]
nodes.count keys: [0, 1, 2, 3]
links.meta: {8: (2, 2), 6: (1, 3), 7: (3, 2), 5: (3, 3), 4: (2, 2), 0: (2, 2), 3: (2, 0), 2: (3, 3), 9: (3, 3), 10: (3, 3), 1: (3, 3), 11: (3, 3)}
t_type about to use: 2
h_type: 3
shift dict: {0: 0, 1: 188, 2: 19452, 3: 20010}
count dict: Counter({1: 19264, 3: 940, 2: 558, 0: 188})
Generated 910 negative samples for edge type 7
Epoch 00035, Step00000 | Train_Loss: 0.5414 | Time: 0.0466
Epoch 00035 | Val_Loss 0.9691 | Time(s) 0.0138
EarlyStopping counter: 31 out of 40
Getting training negative samples for edge types: [7]
nodes.shift keys: [0, 1, 2, 3]
nodes.count keys: [0, 1, 2, 3]
links.meta: {8: (2, 2), 6: (1, 3), 7: (3, 2), 5: (3, 3), 4: (2, 2), 0: (2, 2), 3: (2, 0), 2: (3, 3), 9: (3, 3), 10: (3, 3), 1: (3, 3), 11: (3, 3)}
t_type about to use: 2
h_type: 3
shift dict: {0: 0, 1: 188, 2: 19452, 3: 20010}
count dict: Counter({1: 19264, 3: 940, 2: 558, 0: 188})
Generated 910 negative samples for edge type 7
Epoch 00036, Step00000 | Train_Loss: 0.5311 | Time: 0.0474
Epoch 00036 | Val_Loss 0.9341 | Time(s) 0.0103
EarlyStopping counter: 32 out of 40
Getting training negative samples for edge types: [7]
nodes.shift keys: [0, 1, 2, 3]
nodes.count keys: [0, 1, 2, 3]
links.meta: {8: (2, 2), 6: (1, 3), 7: (3, 2), 5: (3, 3), 4: (2, 2), 0: (2, 2), 3: (2, 0), 2: (3, 3), 9: (3, 3), 10: (3, 3), 1: (3, 3), 11: (3, 3)}
t_type about to use: 2
h_type: 3
shift dict: {0: 0, 1: 188, 2: 19452, 3: 20010}
count dict: Counter({1: 19264, 3: 940, 2: 558, 0: 188})
Generated 910 negative samples for edge type 7
Epoch 00037, Step00000 | Train_Loss: 0.5389 | Time: 0.0519
Epoch 00037 | Val_Loss 0.9756 | Time(s) 0.0145
EarlyStopping counter: 33 out of 40
Getting training negative samples for edge types: [7]
nodes.shift keys: [0, 1, 2, 3]
nodes.count keys: [0, 1, 2, 3]
links.meta: {8: (2, 2), 6: (1, 3), 7: (3, 2), 5: (3, 3), 4: (2, 2), 0: (2, 2), 3: (2, 0), 2: (3, 3), 9: (3, 3), 10: (3, 3), 1: (3, 3), 11: (3, 3)}
t_type about to use: 2
h_type: 3
shift dict: {0: 0, 1: 188, 2: 19452, 3: 20010}
count dict: Counter({1: 19264, 3: 940, 2: 558, 0: 188})
Generated 910 negative samples for edge type 7
Epoch 00038, Step00000 | Train_Loss: 0.5480 | Time: 0.0513
Epoch 00038 | Val_Loss 0.9157 | Time(s) 0.0140
EarlyStopping counter: 34 out of 40
Getting training negative samples for edge types: [7]
nodes.shift keys: [0, 1, 2, 3]
nodes.count keys: [0, 1, 2, 3]
links.meta: {8: (2, 2), 6: (1, 3), 7: (3, 2), 5: (3, 3), 4: (2, 2), 0: (2, 2), 3: (2, 0), 2: (3, 3), 9: (3, 3), 10: (3, 3), 1: (3, 3), 11: (3, 3)}
t_type about to use: 2
h_type: 3
shift dict: {0: 0, 1: 188, 2: 19452, 3: 20010}
count dict: Counter({1: 19264, 3: 940, 2: 558, 0: 188})
Generated 910 negative samples for edge type 7
Epoch 00039, Step00000 | Train_Loss: 0.5481 | Time: 0.0396
Epoch 00039 | Val_Loss 1.0151 | Time(s) 0.0168
EarlyStopping counter: 35 out of 40
Getting training negative samples for edge types: [7]
nodes.shift keys: [0, 1, 2, 3]
nodes.count keys: [0, 1, 2, 3]
links.meta: {8: (2, 2), 6: (1, 3), 7: (3, 2), 5: (3, 3), 4: (2, 2), 0: (2, 2), 3: (2, 0), 2: (3, 3), 9: (3, 3), 10: (3, 3), 1: (3, 3), 11: (3, 3)}
t_type about to use: 2
h_type: 3
shift dict: {0: 0, 1: 188, 2: 19452, 3: 20010}
count dict: Counter({1: 19264, 3: 940, 2: 558, 0: 188})
Generated 910 negative samples for edge type 7
Epoch 00040, Step00000 | Train_Loss: 0.5317 | Time: 0.0287
Epoch 00040 | Val_Loss 0.8371 | Time(s) 0.0301
EarlyStopping counter: 36 out of 40
Getting training negative samples for edge types: [7]
nodes.shift keys: [0, 1, 2, 3]
nodes.count keys: [0, 1, 2, 3]
links.meta: {8: (2, 2), 6: (1, 3), 7: (3, 2), 5: (3, 3), 4: (2, 2), 0: (2, 2), 3: (2, 0), 2: (3, 3), 9: (3, 3), 10: (3, 3), 1: (3, 3), 11: (3, 3)}
t_type about to use: 2
h_type: 3
shift dict: {0: 0, 1: 188, 2: 19452, 3: 20010}
count dict: Counter({1: 19264, 3: 940, 2: 558, 0: 188})
Generated 910 negative samples for edge type 7
Epoch 00041, Step00000 | Train_Loss: 0.5229 | Time: 0.0263
Epoch 00041 | Val_Loss 0.7830 | Time(s) 0.0250
EarlyStopping counter: 37 out of 40
Getting training negative samples for edge types: [7]
nodes.shift keys: [0, 1, 2, 3]
nodes.count keys: [0, 1, 2, 3]
links.meta: {8: (2, 2), 6: (1, 3), 7: (3, 2), 5: (3, 3), 4: (2, 2), 0: (2, 2), 3: (2, 0), 2: (3, 3), 9: (3, 3), 10: (3, 3), 1: (3, 3), 11: (3, 3)}
t_type about to use: 2
h_type: 3
shift dict: {0: 0, 1: 188, 2: 19452, 3: 20010}
count dict: Counter({1: 19264, 3: 940, 2: 558, 0: 188})
Generated 910 negative samples for edge type 7
Epoch 00042, Step00000 | Train_Loss: 0.5344 | Time: 0.0303
Epoch 00042 | Val_Loss 1.0661 | Time(s) 0.0170
EarlyStopping counter: 38 out of 40
Getting training negative samples for edge types: [7]
nodes.shift keys: [0, 1, 2, 3]
nodes.count keys: [0, 1, 2, 3]
links.meta: {8: (2, 2), 6: (1, 3), 7: (3, 2), 5: (3, 3), 4: (2, 2), 0: (2, 2), 3: (2, 0), 2: (3, 3), 9: (3, 3), 10: (3, 3), 1: (3, 3), 11: (3, 3)}
t_type about to use: 2
h_type: 3
shift dict: {0: 0, 1: 188, 2: 19452, 3: 20010}
count dict: Counter({1: 19264, 3: 940, 2: 558, 0: 188})
Generated 910 negative samples for edge type 7
Epoch 00043, Step00000 | Train_Loss: 0.5299 | Time: 0.0415
Epoch 00043 | Val_Loss 1.0447 | Time(s) 0.0172
EarlyStopping counter: 39 out of 40
Getting training negative samples for edge types: [7]
nodes.shift keys: [0, 1, 2, 3]
nodes.count keys: [0, 1, 2, 3]
links.meta: {8: (2, 2), 6: (1, 3), 7: (3, 2), 5: (3, 3), 4: (2, 2), 0: (2, 2), 3: (2, 0), 2: (3, 3), 9: (3, 3), 10: (3, 3), 1: (3, 3), 11: (3, 3)}
t_type about to use: 2
h_type: 3
shift dict: {0: 0, 1: 188, 2: 19452, 3: 20010}
count dict: Counter({1: 19264, 3: 940, 2: 558, 0: 188})
Generated 910 negative samples for edge type 7
Epoch 00044, Step00000 | Train_Loss: 0.5346 | Time: 0.0460
Epoch 00044 | Val_Loss 1.1078 | Time(s) 0.0101
EarlyStopping counter: 40 out of 40
Early stopping!
Early stopping!
Meta keys: dict_keys([7])
Data keys: dict_keys([7])
Edge type: 7, Meta: (3, 2)
{'roc_auc': 0.49657064471879286, 'MRR': 0.7291970802919708}
{'roc_auc': 0.6302054226151164, 'MRR': 0.8047445255474452}
defaultdict(<class 'float'>, {'roc_auc': 0.49657064471879286, 'MRR': 0.7291970802919708})
defaultdict(<class 'float'>, {'roc_auc': 0.6302054226151164, 'MRR': 0.8047445255474452})
Completed: amazon_style_ccct_features_securebert_fold_1

--------------------------------------
Running model: SimpleHGN
Dataset: amazon_style_ccct_features_securebert_fold_2
--------------------------------------
Data path: ../../data/amazon_style_ccct_features_securebert_fold_2
Loading nodes from ../../data/amazon_style_ccct_features_securebert_fold_2/node.dat
edge types: dict_keys([6, 2, 8, 7, 5, 4, 3, 11, 10, 0, 9, 1])
Getting training negative samples for edge types: [7]
nodes.shift keys: [0, 1, 2, 3]
nodes.count keys: [0, 1, 2, 3]
links.meta: {6: (1, 3), 2: (3, 3), 8: (2, 2), 7: (3, 2), 5: (3, 3), 4: (2, 2), 3: (2, 0), 11: (3, 3), 10: (3, 3), 0: (2, 2), 9: (3, 3), 1: (3, 3)}
t_type about to use: 2
h_type: 3
shift dict: {0: 0, 1: 188, 2: 19452, 3: 20010}
count dict: Counter({1: 19264, 3: 940, 2: 558, 0: 188})
Generated 899 negative samples for edge type 7
Features List: [array([[ 0.00445206,  0.01268557,  0.22351578, ..., -0.28678206,
        -0.37460288,  0.18294938],
       [-0.18744846,  0.07075578,  0.0476894 , ..., -0.2232531 ,
        -0.19588573,  0.47988179],
       [-0.17451471, -0.04557271,  0.15712288, ..., -0.05391889,
        -0.20500693,  0.23744845],
       ...,
       [-0.40584856,  0.04715464,  0.24475315, ..., -0.12466257,
        -0.2035536 ,  0.28577447],
       [-0.18835557,  0.03822717,  0.03586731, ..., -0.23435652,
        -0.35453227,  0.38753107],
       [-0.13632202,  0.14362322,  0.08668749, ..., -0.24145249,
        -0.25799868,  0.26464131]]), array([[-0.02302658,  0.0368569 ,  0.00652144, ..., -0.02803515,
        -0.00893309,  0.00342051],
       [-0.01979104,  0.04036582,  0.01475144, ..., -0.00661969,
        -0.01504144,  0.01323287],
       [-0.02346251,  0.03577969,  0.00104941, ..., -0.01948969,
        -0.02273973,  0.01956808],
       ...,
       [ 0.01112562,  0.01252526, -0.00604169, ..., -0.02203615,
        -0.00625044, -0.01684516],
       [-0.02297131,  0.02604213,  0.00098649, ...,  0.00838303,
        -0.00321861, -0.00570687],
       [-0.01075894,  0.00767744, -0.01424407, ..., -0.02184941,
         0.02614397, -0.01134232]]), array([[ 0.00791158, -0.00538086, -0.02676104, ..., -0.01897389,
        -0.01306979, -0.00084801],
       [ 0.01682901, -0.00649696, -0.01921631, ..., -0.01401017,
        -0.0039668 , -0.02202195],
       [ 0.02197852, -0.01403735, -0.05225722, ...,  0.02019661,
         0.00528841,  0.0033033 ],
       ...,
       [ 0.01603197,  0.00716993, -0.01245602, ..., -0.01399604,
        -0.00058955, -0.0256807 ],
       [ 0.01039577,  0.02045547, -0.02146293, ...,  0.01017929,
         0.02390171,  0.00134994],
       [ 0.00462414,  0.0041195 , -0.0135733 , ..., -0.01101827,
         0.00813001,  0.0203817 ]]), array([[ 0.00087804,  0.00658507, -0.02514569, ..., -0.04238372,
         0.00850771, -0.02565438],
       [-0.0006986 ,  0.01542003, -0.03227317, ..., -0.01301633,
         0.01559736, -0.03614859],
       [-0.01135348,  0.00974955, -0.01812623, ..., -0.01920343,
         0.00887381, -0.0152928 ],
       ...,
       [ 0.00701895, -0.01539859, -0.03025482, ..., -0.03644368,
         0.01254067, -0.0236606 ],
       [-0.00414097,  0.00144739, -0.05197839, ...,  0.00216818,
         0.02755725, -0.03143983],
       [ 0.01779867, -0.02493452, -0.0391779 , ..., -0.01159797,
        -0.00619852, -0.02449675]])]
Getting training negative samples for edge types: [7]
nodes.shift keys: [0, 1, 2, 3]
nodes.count keys: [0, 1, 2, 3]
links.meta: {6: (1, 3), 2: (3, 3), 8: (2, 2), 7: (3, 2), 5: (3, 3), 4: (2, 2), 3: (2, 0), 11: (3, 3), 10: (3, 3), 0: (2, 2), 9: (3, 3), 1: (3, 3)}
t_type about to use: 2
h_type: 3
shift dict: {0: 0, 1: 188, 2: 19452, 3: 20010}
count dict: Counter({1: 19264, 3: 940, 2: 558, 0: 188})
Generated 899 negative samples for edge type 7
Epoch 00000, Step00000 | Train_Loss: 0.6938 | Time: 0.7627
Epoch 00000 | Val_Loss 0.6868 | Time(s) 0.0200
Validation loss decreased (inf --> 0.686775).  Saving model ...
Getting training negative samples for edge types: [7]
nodes.shift keys: [0, 1, 2, 3]
nodes.count keys: [0, 1, 2, 3]
links.meta: {6: (1, 3), 2: (3, 3), 8: (2, 2), 7: (3, 2), 5: (3, 3), 4: (2, 2), 3: (2, 0), 11: (3, 3), 10: (3, 3), 0: (2, 2), 9: (3, 3), 1: (3, 3)}
t_type about to use: 2
h_type: 3
shift dict: {0: 0, 1: 188, 2: 19452, 3: 20010}
count dict: Counter({1: 19264, 3: 940, 2: 558, 0: 188})
Generated 899 negative samples for edge type 7
Epoch 00001, Step00000 | Train_Loss: 0.6879 | Time: 0.0370
Epoch 00001 | Val_Loss 0.6780 | Time(s) 0.0279
Validation loss decreased (0.686775 --> 0.677996).  Saving model ...
Getting training negative samples for edge types: [7]
nodes.shift keys: [0, 1, 2, 3]
nodes.count keys: [0, 1, 2, 3]
links.meta: {6: (1, 3), 2: (3, 3), 8: (2, 2), 7: (3, 2), 5: (3, 3), 4: (2, 2), 3: (2, 0), 11: (3, 3), 10: (3, 3), 0: (2, 2), 9: (3, 3), 1: (3, 3)}
t_type about to use: 2
h_type: 3
shift dict: {0: 0, 1: 188, 2: 19452, 3: 20010}
count dict: Counter({1: 19264, 3: 940, 2: 558, 0: 188})
Generated 899 negative samples for edge type 7
Epoch 00002, Step00000 | Train_Loss: 0.6803 | Time: 0.0543
Epoch 00002 | Val_Loss 0.6682 | Time(s) 0.0135
Validation loss decreased (0.677996 --> 0.668220).  Saving model ...
Getting training negative samples for edge types: [7]
nodes.shift keys: [0, 1, 2, 3]
nodes.count keys: [0, 1, 2, 3]
links.meta: {6: (1, 3), 2: (3, 3), 8: (2, 2), 7: (3, 2), 5: (3, 3), 4: (2, 2), 3: (2, 0), 11: (3, 3), 10: (3, 3), 0: (2, 2), 9: (3, 3), 1: (3, 3)}
t_type about to use: 2
h_type: 3
shift dict: {0: 0, 1: 188, 2: 19452, 3: 20010}
count dict: Counter({1: 19264, 3: 940, 2: 558, 0: 188})
Generated 899 negative samples for edge type 7
Epoch 00003, Step00000 | Train_Loss: 0.6715 | Time: 0.0361
Epoch 00003 | Val_Loss 0.6679 | Time(s) 0.0234
Validation loss decreased (0.668220 --> 0.667865).  Saving model ...
Getting training negative samples for edge types: [7]
nodes.shift keys: [0, 1, 2, 3]
nodes.count keys: [0, 1, 2, 3]
links.meta: {6: (1, 3), 2: (3, 3), 8: (2, 2), 7: (3, 2), 5: (3, 3), 4: (2, 2), 3: (2, 0), 11: (3, 3), 10: (3, 3), 0: (2, 2), 9: (3, 3), 1: (3, 3)}
t_type about to use: 2
h_type: 3
shift dict: {0: 0, 1: 188, 2: 19452, 3: 20010}
count dict: Counter({1: 19264, 3: 940, 2: 558, 0: 188})
Generated 899 negative samples for edge type 7
Epoch 00004, Step00000 | Train_Loss: 0.6649 | Time: 0.0409
Epoch 00004 | Val_Loss 0.6588 | Time(s) 0.0163
Validation loss decreased (0.667865 --> 0.658833).  Saving model ...
Getting training negative samples for edge types: [7]
nodes.shift keys: [0, 1, 2, 3]
nodes.count keys: [0, 1, 2, 3]
links.meta: {6: (1, 3), 2: (3, 3), 8: (2, 2), 7: (3, 2), 5: (3, 3), 4: (2, 2), 3: (2, 0), 11: (3, 3), 10: (3, 3), 0: (2, 2), 9: (3, 3), 1: (3, 3)}
t_type about to use: 2
h_type: 3
shift dict: {0: 0, 1: 188, 2: 19452, 3: 20010}
count dict: Counter({1: 19264, 3: 940, 2: 558, 0: 188})
Generated 899 negative samples for edge type 7
Epoch 00005, Step00000 | Train_Loss: 0.6534 | Time: 0.0511
Epoch 00005 | Val_Loss 0.6412 | Time(s) 0.0119
Validation loss decreased (0.658833 --> 0.641241).  Saving model ...
Getting training negative samples for edge types: [7]
nodes.shift keys: [0, 1, 2, 3]
nodes.count keys: [0, 1, 2, 3]
links.meta: {6: (1, 3), 2: (3, 3), 8: (2, 2), 7: (3, 2), 5: (3, 3), 4: (2, 2), 3: (2, 0), 11: (3, 3), 10: (3, 3), 0: (2, 2), 9: (3, 3), 1: (3, 3)}
t_type about to use: 2
h_type: 3
shift dict: {0: 0, 1: 188, 2: 19452, 3: 20010}
count dict: Counter({1: 19264, 3: 940, 2: 558, 0: 188})
Generated 899 negative samples for edge type 7
Epoch 00006, Step00000 | Train_Loss: 0.6438 | Time: 0.0304
Epoch 00006 | Val_Loss 0.6532 | Time(s) 0.0146
EarlyStopping counter: 1 out of 40
Getting training negative samples for edge types: [7]
nodes.shift keys: [0, 1, 2, 3]
nodes.count keys: [0, 1, 2, 3]
links.meta: {6: (1, 3), 2: (3, 3), 8: (2, 2), 7: (3, 2), 5: (3, 3), 4: (2, 2), 3: (2, 0), 11: (3, 3), 10: (3, 3), 0: (2, 2), 9: (3, 3), 1: (3, 3)}
t_type about to use: 2
h_type: 3
shift dict: {0: 0, 1: 188, 2: 19452, 3: 20010}
count dict: Counter({1: 19264, 3: 940, 2: 558, 0: 188})
Generated 899 negative samples for edge type 7
Epoch 00007, Step00000 | Train_Loss: 0.6298 | Time: 0.0433
Epoch 00007 | Val_Loss 0.6302 | Time(s) 0.0096
Validation loss decreased (0.641241 --> 0.630151).  Saving model ...
Getting training negative samples for edge types: [7]
nodes.shift keys: [0, 1, 2, 3]
nodes.count keys: [0, 1, 2, 3]
links.meta: {6: (1, 3), 2: (3, 3), 8: (2, 2), 7: (3, 2), 5: (3, 3), 4: (2, 2), 3: (2, 0), 11: (3, 3), 10: (3, 3), 0: (2, 2), 9: (3, 3), 1: (3, 3)}
t_type about to use: 2
h_type: 3
shift dict: {0: 0, 1: 188, 2: 19452, 3: 20010}
count dict: Counter({1: 19264, 3: 940, 2: 558, 0: 188})
Generated 899 negative samples for edge type 7
Epoch 00008, Step00000 | Train_Loss: 0.6174 | Time: 0.0283
Epoch 00008 | Val_Loss 0.6659 | Time(s) 0.0208
EarlyStopping counter: 1 out of 40
Getting training negative samples for edge types: [7]
nodes.shift keys: [0, 1, 2, 3]
nodes.count keys: [0, 1, 2, 3]
links.meta: {6: (1, 3), 2: (3, 3), 8: (2, 2), 7: (3, 2), 5: (3, 3), 4: (2, 2), 3: (2, 0), 11: (3, 3), 10: (3, 3), 0: (2, 2), 9: (3, 3), 1: (3, 3)}
t_type about to use: 2
h_type: 3
shift dict: {0: 0, 1: 188, 2: 19452, 3: 20010}
count dict: Counter({1: 19264, 3: 940, 2: 558, 0: 188})
Generated 899 negative samples for edge type 7
Epoch 00009, Step00000 | Train_Loss: 0.6085 | Time: 0.0340
Epoch 00009 | Val_Loss 0.6728 | Time(s) 0.0157
EarlyStopping counter: 2 out of 40
Getting training negative samples for edge types: [7]
nodes.shift keys: [0, 1, 2, 3]
nodes.count keys: [0, 1, 2, 3]
links.meta: {6: (1, 3), 2: (3, 3), 8: (2, 2), 7: (3, 2), 5: (3, 3), 4: (2, 2), 3: (2, 0), 11: (3, 3), 10: (3, 3), 0: (2, 2), 9: (3, 3), 1: (3, 3)}
t_type about to use: 2
h_type: 3
shift dict: {0: 0, 1: 188, 2: 19452, 3: 20010}
count dict: Counter({1: 19264, 3: 940, 2: 558, 0: 188})
Generated 899 negative samples for edge type 7
Epoch 00010, Step00000 | Train_Loss: 0.5981 | Time: 0.0465
Epoch 00010 | Val_Loss 0.7058 | Time(s) 0.0096
EarlyStopping counter: 3 out of 40
Getting training negative samples for edge types: [7]
nodes.shift keys: [0, 1, 2, 3]
nodes.count keys: [0, 1, 2, 3]
links.meta: {6: (1, 3), 2: (3, 3), 8: (2, 2), 7: (3, 2), 5: (3, 3), 4: (2, 2), 3: (2, 0), 11: (3, 3), 10: (3, 3), 0: (2, 2), 9: (3, 3), 1: (3, 3)}
t_type about to use: 2
h_type: 3
shift dict: {0: 0, 1: 188, 2: 19452, 3: 20010}
count dict: Counter({1: 19264, 3: 940, 2: 558, 0: 188})
Generated 899 negative samples for edge type 7
Epoch 00011, Step00000 | Train_Loss: 0.5808 | Time: 0.0508
Epoch 00011 | Val_Loss 0.6931 | Time(s) 0.0103
EarlyStopping counter: 4 out of 40
Getting training negative samples for edge types: [7]
nodes.shift keys: [0, 1, 2, 3]
nodes.count keys: [0, 1, 2, 3]
links.meta: {6: (1, 3), 2: (3, 3), 8: (2, 2), 7: (3, 2), 5: (3, 3), 4: (2, 2), 3: (2, 0), 11: (3, 3), 10: (3, 3), 0: (2, 2), 9: (3, 3), 1: (3, 3)}
t_type about to use: 2
h_type: 3
shift dict: {0: 0, 1: 188, 2: 19452, 3: 20010}
count dict: Counter({1: 19264, 3: 940, 2: 558, 0: 188})
Generated 899 negative samples for edge type 7
Epoch 00012, Step00000 | Train_Loss: 0.5783 | Time: 0.0326
Epoch 00012 | Val_Loss 0.7227 | Time(s) 0.0232
EarlyStopping counter: 5 out of 40
Getting training negative samples for edge types: [7]
nodes.shift keys: [0, 1, 2, 3]
nodes.count keys: [0, 1, 2, 3]
links.meta: {6: (1, 3), 2: (3, 3), 8: (2, 2), 7: (3, 2), 5: (3, 3), 4: (2, 2), 3: (2, 0), 11: (3, 3), 10: (3, 3), 0: (2, 2), 9: (3, 3), 1: (3, 3)}
t_type about to use: 2
h_type: 3
shift dict: {0: 0, 1: 188, 2: 19452, 3: 20010}
count dict: Counter({1: 19264, 3: 940, 2: 558, 0: 188})
Generated 899 negative samples for edge type 7
Epoch 00013, Step00000 | Train_Loss: 0.5624 | Time: 0.0291
Epoch 00013 | Val_Loss 0.7575 | Time(s) 0.0268
EarlyStopping counter: 6 out of 40
Getting training negative samples for edge types: [7]
nodes.shift keys: [0, 1, 2, 3]
nodes.count keys: [0, 1, 2, 3]
links.meta: {6: (1, 3), 2: (3, 3), 8: (2, 2), 7: (3, 2), 5: (3, 3), 4: (2, 2), 3: (2, 0), 11: (3, 3), 10: (3, 3), 0: (2, 2), 9: (3, 3), 1: (3, 3)}
t_type about to use: 2
h_type: 3
shift dict: {0: 0, 1: 188, 2: 19452, 3: 20010}
count dict: Counter({1: 19264, 3: 940, 2: 558, 0: 188})
Generated 899 negative samples for edge type 7
Epoch 00014, Step00000 | Train_Loss: 0.5743 | Time: 0.0275
Epoch 00014 | Val_Loss 0.7460 | Time(s) 0.0175
EarlyStopping counter: 7 out of 40
Getting training negative samples for edge types: [7]
nodes.shift keys: [0, 1, 2, 3]
nodes.count keys: [0, 1, 2, 3]
links.meta: {6: (1, 3), 2: (3, 3), 8: (2, 2), 7: (3, 2), 5: (3, 3), 4: (2, 2), 3: (2, 0), 11: (3, 3), 10: (3, 3), 0: (2, 2), 9: (3, 3), 1: (3, 3)}
t_type about to use: 2
h_type: 3
shift dict: {0: 0, 1: 188, 2: 19452, 3: 20010}
count dict: Counter({1: 19264, 3: 940, 2: 558, 0: 188})
Generated 899 negative samples for edge type 7
Epoch 00015, Step00000 | Train_Loss: 0.5545 | Time: 0.0418
Epoch 00015 | Val_Loss 0.8830 | Time(s) 0.0100
EarlyStopping counter: 8 out of 40
Getting training negative samples for edge types: [7]
nodes.shift keys: [0, 1, 2, 3]
nodes.count keys: [0, 1, 2, 3]
links.meta: {6: (1, 3), 2: (3, 3), 8: (2, 2), 7: (3, 2), 5: (3, 3), 4: (2, 2), 3: (2, 0), 11: (3, 3), 10: (3, 3), 0: (2, 2), 9: (3, 3), 1: (3, 3)}
t_type about to use: 2
h_type: 3
shift dict: {0: 0, 1: 188, 2: 19452, 3: 20010}
count dict: Counter({1: 19264, 3: 940, 2: 558, 0: 188})
Generated 899 negative samples for edge type 7
Epoch 00016, Step00000 | Train_Loss: 0.5563 | Time: 0.0477
Epoch 00016 | Val_Loss 0.8925 | Time(s) 0.0113
EarlyStopping counter: 9 out of 40
Getting training negative samples for edge types: [7]
nodes.shift keys: [0, 1, 2, 3]
nodes.count keys: [0, 1, 2, 3]
links.meta: {6: (1, 3), 2: (3, 3), 8: (2, 2), 7: (3, 2), 5: (3, 3), 4: (2, 2), 3: (2, 0), 11: (3, 3), 10: (3, 3), 0: (2, 2), 9: (3, 3), 1: (3, 3)}
t_type about to use: 2
h_type: 3
shift dict: {0: 0, 1: 188, 2: 19452, 3: 20010}
count dict: Counter({1: 19264, 3: 940, 2: 558, 0: 188})
Generated 899 negative samples for edge type 7
Epoch 00017, Step00000 | Train_Loss: 0.5639 | Time: 0.0507
Epoch 00017 | Val_Loss 0.8979 | Time(s) 0.0099
EarlyStopping counter: 10 out of 40
Getting training negative samples for edge types: [7]
nodes.shift keys: [0, 1, 2, 3]
nodes.count keys: [0, 1, 2, 3]
links.meta: {6: (1, 3), 2: (3, 3), 8: (2, 2), 7: (3, 2), 5: (3, 3), 4: (2, 2), 3: (2, 0), 11: (3, 3), 10: (3, 3), 0: (2, 2), 9: (3, 3), 1: (3, 3)}
t_type about to use: 2
h_type: 3
shift dict: {0: 0, 1: 188, 2: 19452, 3: 20010}
count dict: Counter({1: 19264, 3: 940, 2: 558, 0: 188})
Generated 899 negative samples for edge type 7
Epoch 00018, Step00000 | Train_Loss: 0.5644 | Time: 0.0358
Epoch 00018 | Val_Loss 0.9206 | Time(s) 0.0186
EarlyStopping counter: 11 out of 40
Getting training negative samples for edge types: [7]
nodes.shift keys: [0, 1, 2, 3]
nodes.count keys: [0, 1, 2, 3]
links.meta: {6: (1, 3), 2: (3, 3), 8: (2, 2), 7: (3, 2), 5: (3, 3), 4: (2, 2), 3: (2, 0), 11: (3, 3), 10: (3, 3), 0: (2, 2), 9: (3, 3), 1: (3, 3)}
t_type about to use: 2
h_type: 3
shift dict: {0: 0, 1: 188, 2: 19452, 3: 20010}
count dict: Counter({1: 19264, 3: 940, 2: 558, 0: 188})
Generated 899 negative samples for edge type 7
Epoch 00019, Step00000 | Train_Loss: 0.5554 | Time: 0.0297
Epoch 00019 | Val_Loss 0.8191 | Time(s) 0.0266
EarlyStopping counter: 12 out of 40
Getting training negative samples for edge types: [7]
nodes.shift keys: [0, 1, 2, 3]
nodes.count keys: [0, 1, 2, 3]
links.meta: {6: (1, 3), 2: (3, 3), 8: (2, 2), 7: (3, 2), 5: (3, 3), 4: (2, 2), 3: (2, 0), 11: (3, 3), 10: (3, 3), 0: (2, 2), 9: (3, 3), 1: (3, 3)}
t_type about to use: 2
h_type: 3
shift dict: {0: 0, 1: 188, 2: 19452, 3: 20010}
count dict: Counter({1: 19264, 3: 940, 2: 558, 0: 188})
Generated 899 negative samples for edge type 7
Epoch 00020, Step00000 | Train_Loss: 0.5508 | Time: 0.0275
Epoch 00020 | Val_Loss 0.8932 | Time(s) 0.0155
EarlyStopping counter: 13 out of 40
Getting training negative samples for edge types: [7]
nodes.shift keys: [0, 1, 2, 3]
nodes.count keys: [0, 1, 2, 3]
links.meta: {6: (1, 3), 2: (3, 3), 8: (2, 2), 7: (3, 2), 5: (3, 3), 4: (2, 2), 3: (2, 0), 11: (3, 3), 10: (3, 3), 0: (2, 2), 9: (3, 3), 1: (3, 3)}
t_type about to use: 2
h_type: 3
shift dict: {0: 0, 1: 188, 2: 19452, 3: 20010}
count dict: Counter({1: 19264, 3: 940, 2: 558, 0: 188})
Generated 899 negative samples for edge type 7
Epoch 00021, Step00000 | Train_Loss: 0.5561 | Time: 0.0422
Epoch 00021 | Val_Loss 0.8820 | Time(s) 0.0098
EarlyStopping counter: 14 out of 40
Getting training negative samples for edge types: [7]
nodes.shift keys: [0, 1, 2, 3]
nodes.count keys: [0, 1, 2, 3]
links.meta: {6: (1, 3), 2: (3, 3), 8: (2, 2), 7: (3, 2), 5: (3, 3), 4: (2, 2), 3: (2, 0), 11: (3, 3), 10: (3, 3), 0: (2, 2), 9: (3, 3), 1: (3, 3)}
t_type about to use: 2
h_type: 3
shift dict: {0: 0, 1: 188, 2: 19452, 3: 20010}
count dict: Counter({1: 19264, 3: 940, 2: 558, 0: 188})
Generated 899 negative samples for edge type 7
Epoch 00022, Step00000 | Train_Loss: 0.5565 | Time: 0.0510
Epoch 00022 | Val_Loss 0.9277 | Time(s) 0.0095
EarlyStopping counter: 15 out of 40
Getting training negative samples for edge types: [7]
nodes.shift keys: [0, 1, 2, 3]
nodes.count keys: [0, 1, 2, 3]
links.meta: {6: (1, 3), 2: (3, 3), 8: (2, 2), 7: (3, 2), 5: (3, 3), 4: (2, 2), 3: (2, 0), 11: (3, 3), 10: (3, 3), 0: (2, 2), 9: (3, 3), 1: (3, 3)}
t_type about to use: 2
h_type: 3
shift dict: {0: 0, 1: 188, 2: 19452, 3: 20010}
count dict: Counter({1: 19264, 3: 940, 2: 558, 0: 188})
Generated 899 negative samples for edge type 7
Epoch 00023, Step00000 | Train_Loss: 0.5585 | Time: 0.0508
Epoch 00023 | Val_Loss 0.8521 | Time(s) 0.0092
EarlyStopping counter: 16 out of 40
Getting training negative samples for edge types: [7]
nodes.shift keys: [0, 1, 2, 3]
nodes.count keys: [0, 1, 2, 3]
links.meta: {6: (1, 3), 2: (3, 3), 8: (2, 2), 7: (3, 2), 5: (3, 3), 4: (2, 2), 3: (2, 0), 11: (3, 3), 10: (3, 3), 0: (2, 2), 9: (3, 3), 1: (3, 3)}
t_type about to use: 2
h_type: 3
shift dict: {0: 0, 1: 188, 2: 19452, 3: 20010}
count dict: Counter({1: 19264, 3: 940, 2: 558, 0: 188})
Generated 899 negative samples for edge type 7
Epoch 00024, Step00000 | Train_Loss: 0.5439 | Time: 0.0327
Epoch 00024 | Val_Loss 0.8153 | Time(s) 0.0228
EarlyStopping counter: 17 out of 40
Getting training negative samples for edge types: [7]
nodes.shift keys: [0, 1, 2, 3]
nodes.count keys: [0, 1, 2, 3]
links.meta: {6: (1, 3), 2: (3, 3), 8: (2, 2), 7: (3, 2), 5: (3, 3), 4: (2, 2), 3: (2, 0), 11: (3, 3), 10: (3, 3), 0: (2, 2), 9: (3, 3), 1: (3, 3)}
t_type about to use: 2
h_type: 3
shift dict: {0: 0, 1: 188, 2: 19452, 3: 20010}
count dict: Counter({1: 19264, 3: 940, 2: 558, 0: 188})
Generated 899 negative samples for edge type 7
Epoch 00025, Step00000 | Train_Loss: 0.5492 | Time: 0.0260
Epoch 00025 | Val_Loss 0.8519 | Time(s) 0.0244
EarlyStopping counter: 18 out of 40
Getting training negative samples for edge types: [7]
nodes.shift keys: [0, 1, 2, 3]
nodes.count keys: [0, 1, 2, 3]
links.meta: {6: (1, 3), 2: (3, 3), 8: (2, 2), 7: (3, 2), 5: (3, 3), 4: (2, 2), 3: (2, 0), 11: (3, 3), 10: (3, 3), 0: (2, 2), 9: (3, 3), 1: (3, 3)}
t_type about to use: 2
h_type: 3
shift dict: {0: 0, 1: 188, 2: 19452, 3: 20010}
count dict: Counter({1: 19264, 3: 940, 2: 558, 0: 188})
Generated 899 negative samples for edge type 7
Epoch 00026, Step00000 | Train_Loss: 0.5430 | Time: 0.0271
Epoch 00026 | Val_Loss 0.8293 | Time(s) 0.0137
EarlyStopping counter: 19 out of 40
Getting training negative samples for edge types: [7]
nodes.shift keys: [0, 1, 2, 3]
nodes.count keys: [0, 1, 2, 3]
links.meta: {6: (1, 3), 2: (3, 3), 8: (2, 2), 7: (3, 2), 5: (3, 3), 4: (2, 2), 3: (2, 0), 11: (3, 3), 10: (3, 3), 0: (2, 2), 9: (3, 3), 1: (3, 3)}
t_type about to use: 2
h_type: 3
shift dict: {0: 0, 1: 188, 2: 19452, 3: 20010}
count dict: Counter({1: 19264, 3: 940, 2: 558, 0: 188})
Generated 899 negative samples for edge type 7
Epoch 00027, Step00000 | Train_Loss: 0.5383 | Time: 0.0439
Epoch 00027 | Val_Loss 0.9163 | Time(s) 0.0094
EarlyStopping counter: 20 out of 40
Getting training negative samples for edge types: [7]
nodes.shift keys: [0, 1, 2, 3]
nodes.count keys: [0, 1, 2, 3]
links.meta: {6: (1, 3), 2: (3, 3), 8: (2, 2), 7: (3, 2), 5: (3, 3), 4: (2, 2), 3: (2, 0), 11: (3, 3), 10: (3, 3), 0: (2, 2), 9: (3, 3), 1: (3, 3)}
t_type about to use: 2
h_type: 3
shift dict: {0: 0, 1: 188, 2: 19452, 3: 20010}
count dict: Counter({1: 19264, 3: 940, 2: 558, 0: 188})
Generated 899 negative samples for edge type 7
Epoch 00028, Step00000 | Train_Loss: 0.5235 | Time: 0.0498
Epoch 00028 | Val_Loss 0.8518 | Time(s) 0.0106
EarlyStopping counter: 21 out of 40
Getting training negative samples for edge types: [7]
nodes.shift keys: [0, 1, 2, 3]
nodes.count keys: [0, 1, 2, 3]
links.meta: {6: (1, 3), 2: (3, 3), 8: (2, 2), 7: (3, 2), 5: (3, 3), 4: (2, 2), 3: (2, 0), 11: (3, 3), 10: (3, 3), 0: (2, 2), 9: (3, 3), 1: (3, 3)}
t_type about to use: 2
h_type: 3
shift dict: {0: 0, 1: 188, 2: 19452, 3: 20010}
count dict: Counter({1: 19264, 3: 940, 2: 558, 0: 188})
Generated 899 negative samples for edge type 7
Epoch 00029, Step00000 | Train_Loss: 0.5281 | Time: 0.0496
Epoch 00029 | Val_Loss 0.8444 | Time(s) 0.0093
EarlyStopping counter: 22 out of 40
Getting training negative samples for edge types: [7]
nodes.shift keys: [0, 1, 2, 3]
nodes.count keys: [0, 1, 2, 3]
links.meta: {6: (1, 3), 2: (3, 3), 8: (2, 2), 7: (3, 2), 5: (3, 3), 4: (2, 2), 3: (2, 0), 11: (3, 3), 10: (3, 3), 0: (2, 2), 9: (3, 3), 1: (3, 3)}
t_type about to use: 2
h_type: 3
shift dict: {0: 0, 1: 188, 2: 19452, 3: 20010}
count dict: Counter({1: 19264, 3: 940, 2: 558, 0: 188})
Generated 899 negative samples for edge type 7
Epoch 00030, Step00000 | Train_Loss: 0.5344 | Time: 0.0307
Epoch 00030 | Val_Loss 0.8861 | Time(s) 0.0272
EarlyStopping counter: 23 out of 40
Getting training negative samples for edge types: [7]
nodes.shift keys: [0, 1, 2, 3]
nodes.count keys: [0, 1, 2, 3]
links.meta: {6: (1, 3), 2: (3, 3), 8: (2, 2), 7: (3, 2), 5: (3, 3), 4: (2, 2), 3: (2, 0), 11: (3, 3), 10: (3, 3), 0: (2, 2), 9: (3, 3), 1: (3, 3)}
t_type about to use: 2
h_type: 3
shift dict: {0: 0, 1: 188, 2: 19452, 3: 20010}
count dict: Counter({1: 19264, 3: 940, 2: 558, 0: 188})
Generated 899 negative samples for edge type 7
Epoch 00031, Step00000 | Train_Loss: 0.5471 | Time: 0.0259
Epoch 00031 | Val_Loss 0.8958 | Time(s) 0.0159
EarlyStopping counter: 24 out of 40
Getting training negative samples for edge types: [7]
nodes.shift keys: [0, 1, 2, 3]
nodes.count keys: [0, 1, 2, 3]
links.meta: {6: (1, 3), 2: (3, 3), 8: (2, 2), 7: (3, 2), 5: (3, 3), 4: (2, 2), 3: (2, 0), 11: (3, 3), 10: (3, 3), 0: (2, 2), 9: (3, 3), 1: (3, 3)}
t_type about to use: 2
h_type: 3
shift dict: {0: 0, 1: 188, 2: 19452, 3: 20010}
count dict: Counter({1: 19264, 3: 940, 2: 558, 0: 188})
Generated 899 negative samples for edge type 7
Epoch 00032, Step00000 | Train_Loss: 0.5248 | Time: 0.0388
Epoch 00032 | Val_Loss 0.8627 | Time(s) 0.0195
EarlyStopping counter: 25 out of 40
Getting training negative samples for edge types: [7]
nodes.shift keys: [0, 1, 2, 3]
nodes.count keys: [0, 1, 2, 3]
links.meta: {6: (1, 3), 2: (3, 3), 8: (2, 2), 7: (3, 2), 5: (3, 3), 4: (2, 2), 3: (2, 0), 11: (3, 3), 10: (3, 3), 0: (2, 2), 9: (3, 3), 1: (3, 3)}
t_type about to use: 2
h_type: 3
shift dict: {0: 0, 1: 188, 2: 19452, 3: 20010}
count dict: Counter({1: 19264, 3: 940, 2: 558, 0: 188})
Generated 899 negative samples for edge type 7
Epoch 00033, Step00000 | Train_Loss: 0.5376 | Time: 0.0454
Epoch 00033 | Val_Loss 0.7872 | Time(s) 0.0091
EarlyStopping counter: 26 out of 40
Getting training negative samples for edge types: [7]
nodes.shift keys: [0, 1, 2, 3]
nodes.count keys: [0, 1, 2, 3]
links.meta: {6: (1, 3), 2: (3, 3), 8: (2, 2), 7: (3, 2), 5: (3, 3), 4: (2, 2), 3: (2, 0), 11: (3, 3), 10: (3, 3), 0: (2, 2), 9: (3, 3), 1: (3, 3)}
t_type about to use: 2
h_type: 3
shift dict: {0: 0, 1: 188, 2: 19452, 3: 20010}
count dict: Counter({1: 19264, 3: 940, 2: 558, 0: 188})
Generated 899 negative samples for edge type 7
Epoch 00034, Step00000 | Train_Loss: 0.5263 | Time: 0.0506
Epoch 00034 | Val_Loss 0.8631 | Time(s) 0.0099
EarlyStopping counter: 27 out of 40
Getting training negative samples for edge types: [7]
nodes.shift keys: [0, 1, 2, 3]
nodes.count keys: [0, 1, 2, 3]
links.meta: {6: (1, 3), 2: (3, 3), 8: (2, 2), 7: (3, 2), 5: (3, 3), 4: (2, 2), 3: (2, 0), 11: (3, 3), 10: (3, 3), 0: (2, 2), 9: (3, 3), 1: (3, 3)}
t_type about to use: 2
h_type: 3
shift dict: {0: 0, 1: 188, 2: 19452, 3: 20010}
count dict: Counter({1: 19264, 3: 940, 2: 558, 0: 188})
Generated 899 negative samples for edge type 7
Epoch 00035, Step00000 | Train_Loss: 0.5243 | Time: 0.0323
Epoch 00035 | Val_Loss 0.8618 | Time(s) 0.0254
EarlyStopping counter: 28 out of 40
Getting training negative samples for edge types: [7]
nodes.shift keys: [0, 1, 2, 3]
nodes.count keys: [0, 1, 2, 3]
links.meta: {6: (1, 3), 2: (3, 3), 8: (2, 2), 7: (3, 2), 5: (3, 3), 4: (2, 2), 3: (2, 0), 11: (3, 3), 10: (3, 3), 0: (2, 2), 9: (3, 3), 1: (3, 3)}
t_type about to use: 2
h_type: 3
shift dict: {0: 0, 1: 188, 2: 19452, 3: 20010}
count dict: Counter({1: 19264, 3: 940, 2: 558, 0: 188})
Generated 899 negative samples for edge type 7
Epoch 00036, Step00000 | Train_Loss: 0.5093 | Time: 0.0273
Epoch 00036 | Val_Loss 0.7711 | Time(s) 0.0200
EarlyStopping counter: 29 out of 40
Getting training negative samples for edge types: [7]
nodes.shift keys: [0, 1, 2, 3]
nodes.count keys: [0, 1, 2, 3]
links.meta: {6: (1, 3), 2: (3, 3), 8: (2, 2), 7: (3, 2), 5: (3, 3), 4: (2, 2), 3: (2, 0), 11: (3, 3), 10: (3, 3), 0: (2, 2), 9: (3, 3), 1: (3, 3)}
t_type about to use: 2
h_type: 3
shift dict: {0: 0, 1: 188, 2: 19452, 3: 20010}
count dict: Counter({1: 19264, 3: 940, 2: 558, 0: 188})
Generated 899 negative samples for edge type 7
Epoch 00037, Step00000 | Train_Loss: 0.5151 | Time: 0.0334
Epoch 00037 | Val_Loss 0.8204 | Time(s) 0.0135
EarlyStopping counter: 30 out of 40
Getting training negative samples for edge types: [7]
nodes.shift keys: [0, 1, 2, 3]
nodes.count keys: [0, 1, 2, 3]
links.meta: {6: (1, 3), 2: (3, 3), 8: (2, 2), 7: (3, 2), 5: (3, 3), 4: (2, 2), 3: (2, 0), 11: (3, 3), 10: (3, 3), 0: (2, 2), 9: (3, 3), 1: (3, 3)}
t_type about to use: 2
h_type: 3
shift dict: {0: 0, 1: 188, 2: 19452, 3: 20010}
count dict: Counter({1: 19264, 3: 940, 2: 558, 0: 188})
Generated 899 negative samples for edge type 7
Epoch 00038, Step00000 | Train_Loss: 0.5247 | Time: 0.0452
Epoch 00038 | Val_Loss 0.8265 | Time(s) 0.0094
EarlyStopping counter: 31 out of 40
Getting training negative samples for edge types: [7]
nodes.shift keys: [0, 1, 2, 3]
nodes.count keys: [0, 1, 2, 3]
links.meta: {6: (1, 3), 2: (3, 3), 8: (2, 2), 7: (3, 2), 5: (3, 3), 4: (2, 2), 3: (2, 0), 11: (3, 3), 10: (3, 3), 0: (2, 2), 9: (3, 3), 1: (3, 3)}
t_type about to use: 2
h_type: 3
shift dict: {0: 0, 1: 188, 2: 19452, 3: 20010}
count dict: Counter({1: 19264, 3: 940, 2: 558, 0: 188})
Generated 899 negative samples for edge type 7
Epoch 00039, Step00000 | Train_Loss: 0.5152 | Time: 0.0503
Epoch 00039 | Val_Loss 0.9498 | Time(s) 0.0106
EarlyStopping counter: 32 out of 40
Getting training negative samples for edge types: [7]
nodes.shift keys: [0, 1, 2, 3]
nodes.count keys: [0, 1, 2, 3]
links.meta: {6: (1, 3), 2: (3, 3), 8: (2, 2), 7: (3, 2), 5: (3, 3), 4: (2, 2), 3: (2, 0), 11: (3, 3), 10: (3, 3), 0: (2, 2), 9: (3, 3), 1: (3, 3)}
t_type about to use: 2
h_type: 3
shift dict: {0: 0, 1: 188, 2: 19452, 3: 20010}
count dict: Counter({1: 19264, 3: 940, 2: 558, 0: 188})
Generated 899 negative samples for edge type 7
Epoch 00040, Step00000 | Train_Loss: 0.4985 | Time: 0.0332
Epoch 00040 | Val_Loss 0.8093 | Time(s) 0.0262
EarlyStopping counter: 33 out of 40
Getting training negative samples for edge types: [7]
nodes.shift keys: [0, 1, 2, 3]
nodes.count keys: [0, 1, 2, 3]
links.meta: {6: (1, 3), 2: (3, 3), 8: (2, 2), 7: (3, 2), 5: (3, 3), 4: (2, 2), 3: (2, 0), 11: (3, 3), 10: (3, 3), 0: (2, 2), 9: (3, 3), 1: (3, 3)}
t_type about to use: 2
h_type: 3
shift dict: {0: 0, 1: 188, 2: 19452, 3: 20010}
count dict: Counter({1: 19264, 3: 940, 2: 558, 0: 188})
Generated 899 negative samples for edge type 7
Epoch 00041, Step00000 | Train_Loss: 0.5052 | Time: 0.0260
Epoch 00041 | Val_Loss 0.8369 | Time(s) 0.0197
EarlyStopping counter: 34 out of 40
Getting training negative samples for edge types: [7]
nodes.shift keys: [0, 1, 2, 3]
nodes.count keys: [0, 1, 2, 3]
links.meta: {6: (1, 3), 2: (3, 3), 8: (2, 2), 7: (3, 2), 5: (3, 3), 4: (2, 2), 3: (2, 0), 11: (3, 3), 10: (3, 3), 0: (2, 2), 9: (3, 3), 1: (3, 3)}
t_type about to use: 2
h_type: 3
shift dict: {0: 0, 1: 188, 2: 19452, 3: 20010}
count dict: Counter({1: 19264, 3: 940, 2: 558, 0: 188})
Generated 899 negative samples for edge type 7
Epoch 00042, Step00000 | Train_Loss: 0.5044 | Time: 0.0328
Epoch 00042 | Val_Loss 0.9085 | Time(s) 0.0138
EarlyStopping counter: 35 out of 40
Getting training negative samples for edge types: [7]
nodes.shift keys: [0, 1, 2, 3]
nodes.count keys: [0, 1, 2, 3]
links.meta: {6: (1, 3), 2: (3, 3), 8: (2, 2), 7: (3, 2), 5: (3, 3), 4: (2, 2), 3: (2, 0), 11: (3, 3), 10: (3, 3), 0: (2, 2), 9: (3, 3), 1: (3, 3)}
t_type about to use: 2
h_type: 3
shift dict: {0: 0, 1: 188, 2: 19452, 3: 20010}
count dict: Counter({1: 19264, 3: 940, 2: 558, 0: 188})
Generated 899 negative samples for edge type 7
Epoch 00043, Step00000 | Train_Loss: 0.4975 | Time: 0.0451
Epoch 00043 | Val_Loss 0.8005 | Time(s) 0.0096
EarlyStopping counter: 36 out of 40
Getting training negative samples for edge types: [7]
nodes.shift keys: [0, 1, 2, 3]
nodes.count keys: [0, 1, 2, 3]
links.meta: {6: (1, 3), 2: (3, 3), 8: (2, 2), 7: (3, 2), 5: (3, 3), 4: (2, 2), 3: (2, 0), 11: (3, 3), 10: (3, 3), 0: (2, 2), 9: (3, 3), 1: (3, 3)}
t_type about to use: 2
h_type: 3
shift dict: {0: 0, 1: 188, 2: 19452, 3: 20010}
count dict: Counter({1: 19264, 3: 940, 2: 558, 0: 188})
Generated 899 negative samples for edge type 7
Epoch 00044, Step00000 | Train_Loss: 0.4942 | Time: 0.0507
Epoch 00044 | Val_Loss 0.9183 | Time(s) 0.0102
EarlyStopping counter: 37 out of 40
Getting training negative samples for edge types: [7]
nodes.shift keys: [0, 1, 2, 3]
nodes.count keys: [0, 1, 2, 3]
links.meta: {6: (1, 3), 2: (3, 3), 8: (2, 2), 7: (3, 2), 5: (3, 3), 4: (2, 2), 3: (2, 0), 11: (3, 3), 10: (3, 3), 0: (2, 2), 9: (3, 3), 1: (3, 3)}
t_type about to use: 2
h_type: 3
shift dict: {0: 0, 1: 188, 2: 19452, 3: 20010}
count dict: Counter({1: 19264, 3: 940, 2: 558, 0: 188})
Generated 899 negative samples for edge type 7
Epoch 00045, Step00000 | Train_Loss: 0.4909 | Time: 0.0326
Epoch 00045 | Val_Loss 0.8017 | Time(s) 0.0229
EarlyStopping counter: 38 out of 40
Getting training negative samples for edge types: [7]
nodes.shift keys: [0, 1, 2, 3]
nodes.count keys: [0, 1, 2, 3]
links.meta: {6: (1, 3), 2: (3, 3), 8: (2, 2), 7: (3, 2), 5: (3, 3), 4: (2, 2), 3: (2, 0), 11: (3, 3), 10: (3, 3), 0: (2, 2), 9: (3, 3), 1: (3, 3)}
t_type about to use: 2
h_type: 3
shift dict: {0: 0, 1: 188, 2: 19452, 3: 20010}
count dict: Counter({1: 19264, 3: 940, 2: 558, 0: 188})
Generated 899 negative samples for edge type 7
Epoch 00046, Step00000 | Train_Loss: 0.4917 | Time: 0.0256
Epoch 00046 | Val_Loss 0.8161 | Time(s) 0.0201
EarlyStopping counter: 39 out of 40
Getting training negative samples for edge types: [7]
nodes.shift keys: [0, 1, 2, 3]
nodes.count keys: [0, 1, 2, 3]
links.meta: {6: (1, 3), 2: (3, 3), 8: (2, 2), 7: (3, 2), 5: (3, 3), 4: (2, 2), 3: (2, 0), 11: (3, 3), 10: (3, 3), 0: (2, 2), 9: (3, 3), 1: (3, 3)}
t_type about to use: 2
h_type: 3
shift dict: {0: 0, 1: 188, 2: 19452, 3: 20010}
count dict: Counter({1: 19264, 3: 940, 2: 558, 0: 188})
Generated 899 negative samples for edge type 7
Epoch 00047, Step00000 | Train_Loss: 0.4990 | Time: 0.0322
Epoch 00047 | Val_Loss 0.8683 | Time(s) 0.0133
EarlyStopping counter: 40 out of 40
Early stopping!
Early stopping!
Meta keys: dict_keys([7])
Data keys: dict_keys([7])
Edge type: 7, Meta: (3, 2)
{'roc_auc': 0.5536304222924446, 'MRR': 0.7699004975124377}
{'roc_auc': 0.6556126113185865, 'MRR': 0.8130597014925374}
defaultdict(<class 'float'>, {'roc_auc': 0.5536304222924446, 'MRR': 0.7699004975124377})
defaultdict(<class 'float'>, {'roc_auc': 0.6556126113185865, 'MRR': 0.8130597014925374})
Completed: amazon_style_ccct_features_securebert_fold_2

--------------------------------------
Running model: SimpleHGN
Dataset: amazon_style_ccct_features_securebert_fold_3
--------------------------------------
Data path: ../../data/amazon_style_ccct_features_securebert_fold_3
Loading nodes from ../../data/amazon_style_ccct_features_securebert_fold_3/node.dat
edge types: dict_keys([6, 2, 8, 7, 5, 4, 3, 11, 10, 0, 9, 1])
Getting training negative samples for edge types: [7]
nodes.shift keys: [0, 1, 2, 3]
nodes.count keys: [0, 1, 2, 3]
links.meta: {6: (1, 3), 2: (3, 3), 8: (2, 2), 7: (3, 2), 5: (3, 3), 4: (2, 2), 3: (2, 0), 11: (3, 3), 10: (3, 3), 0: (2, 2), 9: (3, 3), 1: (3, 3)}
t_type about to use: 2
h_type: 3
shift dict: {0: 0, 1: 188, 2: 19452, 3: 20010}
count dict: Counter({1: 19264, 3: 940, 2: 558, 0: 188})
Generated 902 negative samples for edge type 7
Features List: [array([[ 0.00445206,  0.01268557,  0.22351578, ..., -0.28678206,
        -0.37460288,  0.18294938],
       [-0.18744846,  0.07075578,  0.0476894 , ..., -0.2232531 ,
        -0.19588573,  0.47988179],
       [-0.17451471, -0.04557271,  0.15712288, ..., -0.05391889,
        -0.20500693,  0.23744845],
       ...,
       [-0.40584856,  0.04715464,  0.24475315, ..., -0.12466257,
        -0.2035536 ,  0.28577447],
       [-0.18835557,  0.03822717,  0.03586731, ..., -0.23435652,
        -0.35453227,  0.38753107],
       [-0.13632202,  0.14362322,  0.08668749, ..., -0.24145249,
        -0.25799868,  0.26464131]]), array([[-0.02302658,  0.0368569 ,  0.00652144, ..., -0.02803515,
        -0.00893309,  0.00342051],
       [-0.01979104,  0.04036582,  0.01475144, ..., -0.00661969,
        -0.01504144,  0.01323287],
       [-0.02346251,  0.03577969,  0.00104941, ..., -0.01948969,
        -0.02273973,  0.01956808],
       ...,
       [ 0.01112562,  0.01252526, -0.00604169, ..., -0.02203615,
        -0.00625044, -0.01684516],
       [-0.02297131,  0.02604213,  0.00098649, ...,  0.00838303,
        -0.00321861, -0.00570687],
       [-0.01075894,  0.00767744, -0.01424407, ..., -0.02184941,
         0.02614397, -0.01134232]]), array([[ 0.00791158, -0.00538086, -0.02676104, ..., -0.01897389,
        -0.01306979, -0.00084801],
       [ 0.01682901, -0.00649696, -0.01921631, ..., -0.01401017,
        -0.0039668 , -0.02202195],
       [ 0.02197852, -0.01403735, -0.05225722, ...,  0.02019661,
         0.00528841,  0.0033033 ],
       ...,
       [ 0.01603197,  0.00716993, -0.01245602, ..., -0.01399604,
        -0.00058955, -0.0256807 ],
       [ 0.01039577,  0.02045547, -0.02146293, ...,  0.01017929,
         0.02390171,  0.00134994],
       [ 0.00462414,  0.0041195 , -0.0135733 , ..., -0.01101827,
         0.00813001,  0.0203817 ]]), array([[ 0.00087804,  0.00658507, -0.02514569, ..., -0.04238372,
         0.00850771, -0.02565438],
       [-0.0006986 ,  0.01542003, -0.03227317, ..., -0.01301633,
         0.01559736, -0.03614859],
       [-0.01135348,  0.00974955, -0.01812623, ..., -0.01920343,
         0.00887381, -0.0152928 ],
       ...,
       [ 0.00701895, -0.01539859, -0.03025482, ..., -0.03644368,
         0.01254067, -0.0236606 ],
       [-0.00414097,  0.00144739, -0.05197839, ...,  0.00216818,
         0.02755725, -0.03143983],
       [ 0.01779867, -0.02493452, -0.0391779 , ..., -0.01159797,
        -0.00619852, -0.02449675]])]
Getting training negative samples for edge types: [7]
nodes.shift keys: [0, 1, 2, 3]
nodes.count keys: [0, 1, 2, 3]
links.meta: {6: (1, 3), 2: (3, 3), 8: (2, 2), 7: (3, 2), 5: (3, 3), 4: (2, 2), 3: (2, 0), 11: (3, 3), 10: (3, 3), 0: (2, 2), 9: (3, 3), 1: (3, 3)}
t_type about to use: 2
h_type: 3
shift dict: {0: 0, 1: 188, 2: 19452, 3: 20010}
count dict: Counter({1: 19264, 3: 940, 2: 558, 0: 188})
Generated 902 negative samples for edge type 7
Epoch 00000, Step00000 | Train_Loss: 0.6924 | Time: 1.4357
Epoch 00000 | Val_Loss 0.6924 | Time(s) 0.0092
Validation loss decreased (inf --> 0.692388).  Saving model ...
Getting training negative samples for edge types: [7]
nodes.shift keys: [0, 1, 2, 3]
nodes.count keys: [0, 1, 2, 3]
links.meta: {6: (1, 3), 2: (3, 3), 8: (2, 2), 7: (3, 2), 5: (3, 3), 4: (2, 2), 3: (2, 0), 11: (3, 3), 10: (3, 3), 0: (2, 2), 9: (3, 3), 1: (3, 3)}
t_type about to use: 2
h_type: 3
shift dict: {0: 0, 1: 188, 2: 19452, 3: 20010}
count dict: Counter({1: 19264, 3: 940, 2: 558, 0: 188})
Generated 902 negative samples for edge type 7
Epoch 00001, Step00000 | Train_Loss: 0.6862 | Time: 0.0296
Epoch 00001 | Val_Loss 0.6805 | Time(s) 0.0300
Validation loss decreased (0.692388 --> 0.680535).  Saving model ...
Getting training negative samples for edge types: [7]
nodes.shift keys: [0, 1, 2, 3]
nodes.count keys: [0, 1, 2, 3]
links.meta: {6: (1, 3), 2: (3, 3), 8: (2, 2), 7: (3, 2), 5: (3, 3), 4: (2, 2), 3: (2, 0), 11: (3, 3), 10: (3, 3), 0: (2, 2), 9: (3, 3), 1: (3, 3)}
t_type about to use: 2
h_type: 3
shift dict: {0: 0, 1: 188, 2: 19452, 3: 20010}
count dict: Counter({1: 19264, 3: 940, 2: 558, 0: 188})
Generated 902 negative samples for edge type 7
Epoch 00002, Step00000 | Train_Loss: 0.6782 | Time: 0.0510
Epoch 00002 | Val_Loss 0.6819 | Time(s) 0.0108
EarlyStopping counter: 1 out of 40
Getting training negative samples for edge types: [7]
nodes.shift keys: [0, 1, 2, 3]
nodes.count keys: [0, 1, 2, 3]
links.meta: {6: (1, 3), 2: (3, 3), 8: (2, 2), 7: (3, 2), 5: (3, 3), 4: (2, 2), 3: (2, 0), 11: (3, 3), 10: (3, 3), 0: (2, 2), 9: (3, 3), 1: (3, 3)}
t_type about to use: 2
h_type: 3
shift dict: {0: 0, 1: 188, 2: 19452, 3: 20010}
count dict: Counter({1: 19264, 3: 940, 2: 558, 0: 188})
Generated 902 negative samples for edge type 7
Epoch 00003, Step00000 | Train_Loss: 0.6714 | Time: 0.0402
Epoch 00003 | Val_Loss 0.6595 | Time(s) 0.0161
Validation loss decreased (0.680535 --> 0.659455).  Saving model ...
Getting training negative samples for edge types: [7]
nodes.shift keys: [0, 1, 2, 3]
nodes.count keys: [0, 1, 2, 3]
links.meta: {6: (1, 3), 2: (3, 3), 8: (2, 2), 7: (3, 2), 5: (3, 3), 4: (2, 2), 3: (2, 0), 11: (3, 3), 10: (3, 3), 0: (2, 2), 9: (3, 3), 1: (3, 3)}
t_type about to use: 2
h_type: 3
shift dict: {0: 0, 1: 188, 2: 19452, 3: 20010}
count dict: Counter({1: 19264, 3: 940, 2: 558, 0: 188})
Generated 902 negative samples for edge type 7
Epoch 00004, Step00000 | Train_Loss: 0.6594 | Time: 0.0528
Epoch 00004 | Val_Loss 0.6656 | Time(s) 0.0133
EarlyStopping counter: 1 out of 40
Getting training negative samples for edge types: [7]
nodes.shift keys: [0, 1, 2, 3]
nodes.count keys: [0, 1, 2, 3]
links.meta: {6: (1, 3), 2: (3, 3), 8: (2, 2), 7: (3, 2), 5: (3, 3), 4: (2, 2), 3: (2, 0), 11: (3, 3), 10: (3, 3), 0: (2, 2), 9: (3, 3), 1: (3, 3)}
t_type about to use: 2
h_type: 3
shift dict: {0: 0, 1: 188, 2: 19452, 3: 20010}
count dict: Counter({1: 19264, 3: 940, 2: 558, 0: 188})
Generated 902 negative samples for edge type 7
Epoch 00005, Step00000 | Train_Loss: 0.6485 | Time: 0.0393
Epoch 00005 | Val_Loss 0.6618 | Time(s) 0.0166
EarlyStopping counter: 2 out of 40
Getting training negative samples for edge types: [7]
nodes.shift keys: [0, 1, 2, 3]
nodes.count keys: [0, 1, 2, 3]
links.meta: {6: (1, 3), 2: (3, 3), 8: (2, 2), 7: (3, 2), 5: (3, 3), 4: (2, 2), 3: (2, 0), 11: (3, 3), 10: (3, 3), 0: (2, 2), 9: (3, 3), 1: (3, 3)}
t_type about to use: 2
h_type: 3
shift dict: {0: 0, 1: 188, 2: 19452, 3: 20010}
count dict: Counter({1: 19264, 3: 940, 2: 558, 0: 188})
Generated 902 negative samples for edge type 7
Epoch 00006, Step00000 | Train_Loss: 0.6285 | Time: 0.0276
Epoch 00006 | Val_Loss 0.7039 | Time(s) 0.0247
EarlyStopping counter: 3 out of 40
Getting training negative samples for edge types: [7]
nodes.shift keys: [0, 1, 2, 3]
nodes.count keys: [0, 1, 2, 3]
links.meta: {6: (1, 3), 2: (3, 3), 8: (2, 2), 7: (3, 2), 5: (3, 3), 4: (2, 2), 3: (2, 0), 11: (3, 3), 10: (3, 3), 0: (2, 2), 9: (3, 3), 1: (3, 3)}
t_type about to use: 2
h_type: 3
shift dict: {0: 0, 1: 188, 2: 19452, 3: 20010}
count dict: Counter({1: 19264, 3: 940, 2: 558, 0: 188})
Generated 902 negative samples for edge type 7
Epoch 00007, Step00000 | Train_Loss: 0.6174 | Time: 0.0281
Epoch 00007 | Val_Loss 0.6836 | Time(s) 0.0149
EarlyStopping counter: 4 out of 40
Getting training negative samples for edge types: [7]
nodes.shift keys: [0, 1, 2, 3]
nodes.count keys: [0, 1, 2, 3]
links.meta: {6: (1, 3), 2: (3, 3), 8: (2, 2), 7: (3, 2), 5: (3, 3), 4: (2, 2), 3: (2, 0), 11: (3, 3), 10: (3, 3), 0: (2, 2), 9: (3, 3), 1: (3, 3)}
t_type about to use: 2
h_type: 3
shift dict: {0: 0, 1: 188, 2: 19452, 3: 20010}
count dict: Counter({1: 19264, 3: 940, 2: 558, 0: 188})
Generated 902 negative samples for edge type 7
Epoch 00008, Step00000 | Train_Loss: 0.6112 | Time: 0.0458
Epoch 00008 | Val_Loss 0.7373 | Time(s) 0.0134
EarlyStopping counter: 5 out of 40
Getting training negative samples for edge types: [7]
nodes.shift keys: [0, 1, 2, 3]
nodes.count keys: [0, 1, 2, 3]
links.meta: {6: (1, 3), 2: (3, 3), 8: (2, 2), 7: (3, 2), 5: (3, 3), 4: (2, 2), 3: (2, 0), 11: (3, 3), 10: (3, 3), 0: (2, 2), 9: (3, 3), 1: (3, 3)}
t_type about to use: 2
h_type: 3
shift dict: {0: 0, 1: 188, 2: 19452, 3: 20010}
count dict: Counter({1: 19264, 3: 940, 2: 558, 0: 188})
Generated 902 negative samples for edge type 7
Epoch 00009, Step00000 | Train_Loss: 0.6038 | Time: 0.0504
Epoch 00009 | Val_Loss 0.7161 | Time(s) 0.0093
EarlyStopping counter: 6 out of 40
Getting training negative samples for edge types: [7]
nodes.shift keys: [0, 1, 2, 3]
nodes.count keys: [0, 1, 2, 3]
links.meta: {6: (1, 3), 2: (3, 3), 8: (2, 2), 7: (3, 2), 5: (3, 3), 4: (2, 2), 3: (2, 0), 11: (3, 3), 10: (3, 3), 0: (2, 2), 9: (3, 3), 1: (3, 3)}
t_type about to use: 2
h_type: 3
shift dict: {0: 0, 1: 188, 2: 19452, 3: 20010}
count dict: Counter({1: 19264, 3: 940, 2: 558, 0: 188})
Generated 902 negative samples for edge type 7
Epoch 00010, Step00000 | Train_Loss: 0.5944 | Time: 0.0377
Epoch 00010 | Val_Loss 0.8004 | Time(s) 0.0230
EarlyStopping counter: 7 out of 40
Getting training negative samples for edge types: [7]
nodes.shift keys: [0, 1, 2, 3]
nodes.count keys: [0, 1, 2, 3]
links.meta: {6: (1, 3), 2: (3, 3), 8: (2, 2), 7: (3, 2), 5: (3, 3), 4: (2, 2), 3: (2, 0), 11: (3, 3), 10: (3, 3), 0: (2, 2), 9: (3, 3), 1: (3, 3)}
t_type about to use: 2
h_type: 3
shift dict: {0: 0, 1: 188, 2: 19452, 3: 20010}
count dict: Counter({1: 19264, 3: 940, 2: 558, 0: 188})
Generated 902 negative samples for edge type 7
Epoch 00011, Step00000 | Train_Loss: 0.5768 | Time: 0.0264
Epoch 00011 | Val_Loss 0.8250 | Time(s) 0.0201
EarlyStopping counter: 8 out of 40
Getting training negative samples for edge types: [7]
nodes.shift keys: [0, 1, 2, 3]
nodes.count keys: [0, 1, 2, 3]
links.meta: {6: (1, 3), 2: (3, 3), 8: (2, 2), 7: (3, 2), 5: (3, 3), 4: (2, 2), 3: (2, 0), 11: (3, 3), 10: (3, 3), 0: (2, 2), 9: (3, 3), 1: (3, 3)}
t_type about to use: 2
h_type: 3
shift dict: {0: 0, 1: 188, 2: 19452, 3: 20010}
count dict: Counter({1: 19264, 3: 940, 2: 558, 0: 188})
Generated 902 negative samples for edge type 7
Epoch 00012, Step00000 | Train_Loss: 0.5610 | Time: 0.0336
Epoch 00012 | Val_Loss 0.9107 | Time(s) 0.0139
EarlyStopping counter: 9 out of 40
Getting training negative samples for edge types: [7]
nodes.shift keys: [0, 1, 2, 3]
nodes.count keys: [0, 1, 2, 3]
links.meta: {6: (1, 3), 2: (3, 3), 8: (2, 2), 7: (3, 2), 5: (3, 3), 4: (2, 2), 3: (2, 0), 11: (3, 3), 10: (3, 3), 0: (2, 2), 9: (3, 3), 1: (3, 3)}
t_type about to use: 2
h_type: 3
shift dict: {0: 0, 1: 188, 2: 19452, 3: 20010}
count dict: Counter({1: 19264, 3: 940, 2: 558, 0: 188})
Generated 902 negative samples for edge type 7
Epoch 00013, Step00000 | Train_Loss: 0.5785 | Time: 0.0459
Epoch 00013 | Val_Loss 0.9666 | Time(s) 0.0106
EarlyStopping counter: 10 out of 40
Getting training negative samples for edge types: [7]
nodes.shift keys: [0, 1, 2, 3]
nodes.count keys: [0, 1, 2, 3]
links.meta: {6: (1, 3), 2: (3, 3), 8: (2, 2), 7: (3, 2), 5: (3, 3), 4: (2, 2), 3: (2, 0), 11: (3, 3), 10: (3, 3), 0: (2, 2), 9: (3, 3), 1: (3, 3)}
t_type about to use: 2
h_type: 3
shift dict: {0: 0, 1: 188, 2: 19452, 3: 20010}
count dict: Counter({1: 19264, 3: 940, 2: 558, 0: 188})
Generated 902 negative samples for edge type 7
Epoch 00014, Step00000 | Train_Loss: 0.5749 | Time: 0.0517
Epoch 00014 | Val_Loss 0.9511 | Time(s) 0.0102
EarlyStopping counter: 11 out of 40
Getting training negative samples for edge types: [7]
nodes.shift keys: [0, 1, 2, 3]
nodes.count keys: [0, 1, 2, 3]
links.meta: {6: (1, 3), 2: (3, 3), 8: (2, 2), 7: (3, 2), 5: (3, 3), 4: (2, 2), 3: (2, 0), 11: (3, 3), 10: (3, 3), 0: (2, 2), 9: (3, 3), 1: (3, 3)}
t_type about to use: 2
h_type: 3
shift dict: {0: 0, 1: 188, 2: 19452, 3: 20010}
count dict: Counter({1: 19264, 3: 940, 2: 558, 0: 188})
Generated 902 negative samples for edge type 7
Epoch 00015, Step00000 | Train_Loss: 0.5433 | Time: 0.0331
Epoch 00015 | Val_Loss 0.9622 | Time(s) 0.0236
EarlyStopping counter: 12 out of 40
Getting training negative samples for edge types: [7]
nodes.shift keys: [0, 1, 2, 3]
nodes.count keys: [0, 1, 2, 3]
links.meta: {6: (1, 3), 2: (3, 3), 8: (2, 2), 7: (3, 2), 5: (3, 3), 4: (2, 2), 3: (2, 0), 11: (3, 3), 10: (3, 3), 0: (2, 2), 9: (3, 3), 1: (3, 3)}
t_type about to use: 2
h_type: 3
shift dict: {0: 0, 1: 188, 2: 19452, 3: 20010}
count dict: Counter({1: 19264, 3: 940, 2: 558, 0: 188})
Generated 902 negative samples for edge type 7
Epoch 00016, Step00000 | Train_Loss: 0.5511 | Time: 0.0265
Epoch 00016 | Val_Loss 1.0762 | Time(s) 0.0244
EarlyStopping counter: 13 out of 40
Getting training negative samples for edge types: [7]
nodes.shift keys: [0, 1, 2, 3]
nodes.count keys: [0, 1, 2, 3]
links.meta: {6: (1, 3), 2: (3, 3), 8: (2, 2), 7: (3, 2), 5: (3, 3), 4: (2, 2), 3: (2, 0), 11: (3, 3), 10: (3, 3), 0: (2, 2), 9: (3, 3), 1: (3, 3)}
t_type about to use: 2
h_type: 3
shift dict: {0: 0, 1: 188, 2: 19452, 3: 20010}
count dict: Counter({1: 19264, 3: 940, 2: 558, 0: 188})
Generated 902 negative samples for edge type 7
Epoch 00017, Step00000 | Train_Loss: 0.5315 | Time: 0.0280
Epoch 00017 | Val_Loss 1.0159 | Time(s) 0.0235
EarlyStopping counter: 14 out of 40
Getting training negative samples for edge types: [7]
nodes.shift keys: [0, 1, 2, 3]
nodes.count keys: [0, 1, 2, 3]
links.meta: {6: (1, 3), 2: (3, 3), 8: (2, 2), 7: (3, 2), 5: (3, 3), 4: (2, 2), 3: (2, 0), 11: (3, 3), 10: (3, 3), 0: (2, 2), 9: (3, 3), 1: (3, 3)}
t_type about to use: 2
h_type: 3
shift dict: {0: 0, 1: 188, 2: 19452, 3: 20010}
count dict: Counter({1: 19264, 3: 940, 2: 558, 0: 188})
Generated 902 negative samples for edge type 7
Epoch 00018, Step00000 | Train_Loss: 0.5572 | Time: 0.0295
Epoch 00018 | Val_Loss 1.1399 | Time(s) 0.0093
EarlyStopping counter: 15 out of 40
Getting training negative samples for edge types: [7]
nodes.shift keys: [0, 1, 2, 3]
nodes.count keys: [0, 1, 2, 3]
links.meta: {6: (1, 3), 2: (3, 3), 8: (2, 2), 7: (3, 2), 5: (3, 3), 4: (2, 2), 3: (2, 0), 11: (3, 3), 10: (3, 3), 0: (2, 2), 9: (3, 3), 1: (3, 3)}
t_type about to use: 2
h_type: 3
shift dict: {0: 0, 1: 188, 2: 19452, 3: 20010}
count dict: Counter({1: 19264, 3: 940, 2: 558, 0: 188})
Generated 902 negative samples for edge type 7
Epoch 00019, Step00000 | Train_Loss: 0.5508 | Time: 0.0271
Epoch 00019 | Val_Loss 1.0187 | Time(s) 0.0094
EarlyStopping counter: 16 out of 40
Getting training negative samples for edge types: [7]
nodes.shift keys: [0, 1, 2, 3]
nodes.count keys: [0, 1, 2, 3]
links.meta: {6: (1, 3), 2: (3, 3), 8: (2, 2), 7: (3, 2), 5: (3, 3), 4: (2, 2), 3: (2, 0), 11: (3, 3), 10: (3, 3), 0: (2, 2), 9: (3, 3), 1: (3, 3)}
t_type about to use: 2
h_type: 3
shift dict: {0: 0, 1: 188, 2: 19452, 3: 20010}
count dict: Counter({1: 19264, 3: 940, 2: 558, 0: 188})
Generated 902 negative samples for edge type 7
Epoch 00020, Step00000 | Train_Loss: 0.5624 | Time: 0.0265
Epoch 00020 | Val_Loss 0.9686 | Time(s) 0.0118
EarlyStopping counter: 17 out of 40
Getting training negative samples for edge types: [7]
nodes.shift keys: [0, 1, 2, 3]
nodes.count keys: [0, 1, 2, 3]
links.meta: {6: (1, 3), 2: (3, 3), 8: (2, 2), 7: (3, 2), 5: (3, 3), 4: (2, 2), 3: (2, 0), 11: (3, 3), 10: (3, 3), 0: (2, 2), 9: (3, 3), 1: (3, 3)}
t_type about to use: 2
h_type: 3
shift dict: {0: 0, 1: 188, 2: 19452, 3: 20010}
count dict: Counter({1: 19264, 3: 940, 2: 558, 0: 188})
Generated 902 negative samples for edge type 7
Epoch 00021, Step00000 | Train_Loss: 0.5327 | Time: 0.0290
Epoch 00021 | Val_Loss 1.0715 | Time(s) 0.0092
EarlyStopping counter: 18 out of 40
Getting training negative samples for edge types: [7]
nodes.shift keys: [0, 1, 2, 3]
nodes.count keys: [0, 1, 2, 3]
links.meta: {6: (1, 3), 2: (3, 3), 8: (2, 2), 7: (3, 2), 5: (3, 3), 4: (2, 2), 3: (2, 0), 11: (3, 3), 10: (3, 3), 0: (2, 2), 9: (3, 3), 1: (3, 3)}
t_type about to use: 2
h_type: 3
shift dict: {0: 0, 1: 188, 2: 19452, 3: 20010}
count dict: Counter({1: 19264, 3: 940, 2: 558, 0: 188})
Generated 902 negative samples for edge type 7
Epoch 00022, Step00000 | Train_Loss: 0.5420 | Time: 0.0269
Epoch 00022 | Val_Loss 0.9857 | Time(s) 0.0098
EarlyStopping counter: 19 out of 40
Getting training negative samples for edge types: [7]
nodes.shift keys: [0, 1, 2, 3]
nodes.count keys: [0, 1, 2, 3]
links.meta: {6: (1, 3), 2: (3, 3), 8: (2, 2), 7: (3, 2), 5: (3, 3), 4: (2, 2), 3: (2, 0), 11: (3, 3), 10: (3, 3), 0: (2, 2), 9: (3, 3), 1: (3, 3)}
t_type about to use: 2
h_type: 3
shift dict: {0: 0, 1: 188, 2: 19452, 3: 20010}
count dict: Counter({1: 19264, 3: 940, 2: 558, 0: 188})
Generated 902 negative samples for edge type 7
Epoch 00023, Step00000 | Train_Loss: 0.5473 | Time: 0.0266
Epoch 00023 | Val_Loss 0.8787 | Time(s) 0.0117
EarlyStopping counter: 20 out of 40
Getting training negative samples for edge types: [7]
nodes.shift keys: [0, 1, 2, 3]
nodes.count keys: [0, 1, 2, 3]
links.meta: {6: (1, 3), 2: (3, 3), 8: (2, 2), 7: (3, 2), 5: (3, 3), 4: (2, 2), 3: (2, 0), 11: (3, 3), 10: (3, 3), 0: (2, 2), 9: (3, 3), 1: (3, 3)}
t_type about to use: 2
h_type: 3
shift dict: {0: 0, 1: 188, 2: 19452, 3: 20010}
count dict: Counter({1: 19264, 3: 940, 2: 558, 0: 188})
Generated 902 negative samples for edge type 7
Epoch 00024, Step00000 | Train_Loss: 0.5302 | Time: 0.0263
Epoch 00024 | Val_Loss 0.9632 | Time(s) 0.0115
EarlyStopping counter: 21 out of 40
Getting training negative samples for edge types: [7]
nodes.shift keys: [0, 1, 2, 3]
nodes.count keys: [0, 1, 2, 3]
links.meta: {6: (1, 3), 2: (3, 3), 8: (2, 2), 7: (3, 2), 5: (3, 3), 4: (2, 2), 3: (2, 0), 11: (3, 3), 10: (3, 3), 0: (2, 2), 9: (3, 3), 1: (3, 3)}
t_type about to use: 2
h_type: 3
shift dict: {0: 0, 1: 188, 2: 19452, 3: 20010}
count dict: Counter({1: 19264, 3: 940, 2: 558, 0: 188})
Generated 902 negative samples for edge type 7
Epoch 00025, Step00000 | Train_Loss: 0.5304 | Time: 0.0267
Epoch 00025 | Val_Loss 0.9700 | Time(s) 0.0120
EarlyStopping counter: 22 out of 40
Getting training negative samples for edge types: [7]
nodes.shift keys: [0, 1, 2, 3]
nodes.count keys: [0, 1, 2, 3]
links.meta: {6: (1, 3), 2: (3, 3), 8: (2, 2), 7: (3, 2), 5: (3, 3), 4: (2, 2), 3: (2, 0), 11: (3, 3), 10: (3, 3), 0: (2, 2), 9: (3, 3), 1: (3, 3)}
t_type about to use: 2
h_type: 3
shift dict: {0: 0, 1: 188, 2: 19452, 3: 20010}
count dict: Counter({1: 19264, 3: 940, 2: 558, 0: 188})
Generated 902 negative samples for edge type 7
Epoch 00026, Step00000 | Train_Loss: 0.5451 | Time: 0.0270
Epoch 00026 | Val_Loss 0.9805 | Time(s) 0.0121
EarlyStopping counter: 23 out of 40
Getting training negative samples for edge types: [7]
nodes.shift keys: [0, 1, 2, 3]
nodes.count keys: [0, 1, 2, 3]
links.meta: {6: (1, 3), 2: (3, 3), 8: (2, 2), 7: (3, 2), 5: (3, 3), 4: (2, 2), 3: (2, 0), 11: (3, 3), 10: (3, 3), 0: (2, 2), 9: (3, 3), 1: (3, 3)}
t_type about to use: 2
h_type: 3
shift dict: {0: 0, 1: 188, 2: 19452, 3: 20010}
count dict: Counter({1: 19264, 3: 940, 2: 558, 0: 188})
Generated 902 negative samples for edge type 7
Epoch 00027, Step00000 | Train_Loss: 0.5450 | Time: 0.0269
Epoch 00027 | Val_Loss 0.9056 | Time(s) 0.0121
EarlyStopping counter: 24 out of 40
Getting training negative samples for edge types: [7]
nodes.shift keys: [0, 1, 2, 3]
nodes.count keys: [0, 1, 2, 3]
links.meta: {6: (1, 3), 2: (3, 3), 8: (2, 2), 7: (3, 2), 5: (3, 3), 4: (2, 2), 3: (2, 0), 11: (3, 3), 10: (3, 3), 0: (2, 2), 9: (3, 3), 1: (3, 3)}
t_type about to use: 2
h_type: 3
shift dict: {0: 0, 1: 188, 2: 19452, 3: 20010}
count dict: Counter({1: 19264, 3: 940, 2: 558, 0: 188})
Generated 902 negative samples for edge type 7
Epoch 00028, Step00000 | Train_Loss: 0.5380 | Time: 0.0274
Epoch 00028 | Val_Loss 0.9381 | Time(s) 0.0121
EarlyStopping counter: 25 out of 40
Getting training negative samples for edge types: [7]
nodes.shift keys: [0, 1, 2, 3]
nodes.count keys: [0, 1, 2, 3]
links.meta: {6: (1, 3), 2: (3, 3), 8: (2, 2), 7: (3, 2), 5: (3, 3), 4: (2, 2), 3: (2, 0), 11: (3, 3), 10: (3, 3), 0: (2, 2), 9: (3, 3), 1: (3, 3)}
t_type about to use: 2
h_type: 3
shift dict: {0: 0, 1: 188, 2: 19452, 3: 20010}
count dict: Counter({1: 19264, 3: 940, 2: 558, 0: 188})
Generated 902 negative samples for edge type 7
Epoch 00029, Step00000 | Train_Loss: 0.5268 | Time: 0.0272
Epoch 00029 | Val_Loss 1.0106 | Time(s) 0.0097
EarlyStopping counter: 26 out of 40
Getting training negative samples for edge types: [7]
nodes.shift keys: [0, 1, 2, 3]
nodes.count keys: [0, 1, 2, 3]
links.meta: {6: (1, 3), 2: (3, 3), 8: (2, 2), 7: (3, 2), 5: (3, 3), 4: (2, 2), 3: (2, 0), 11: (3, 3), 10: (3, 3), 0: (2, 2), 9: (3, 3), 1: (3, 3)}
t_type about to use: 2
h_type: 3
shift dict: {0: 0, 1: 188, 2: 19452, 3: 20010}
count dict: Counter({1: 19264, 3: 940, 2: 558, 0: 188})
Generated 902 negative samples for edge type 7
Epoch 00030, Step00000 | Train_Loss: 0.5319 | Time: 0.0260
Epoch 00030 | Val_Loss 0.9296 | Time(s) 0.0099
EarlyStopping counter: 27 out of 40
Getting training negative samples for edge types: [7]
nodes.shift keys: [0, 1, 2, 3]
nodes.count keys: [0, 1, 2, 3]
links.meta: {6: (1, 3), 2: (3, 3), 8: (2, 2), 7: (3, 2), 5: (3, 3), 4: (2, 2), 3: (2, 0), 11: (3, 3), 10: (3, 3), 0: (2, 2), 9: (3, 3), 1: (3, 3)}
t_type about to use: 2
h_type: 3
shift dict: {0: 0, 1: 188, 2: 19452, 3: 20010}
count dict: Counter({1: 19264, 3: 940, 2: 558, 0: 188})
Generated 902 negative samples for edge type 7
Epoch 00031, Step00000 | Train_Loss: 0.5333 | Time: 0.0267
Epoch 00031 | Val_Loss 0.8994 | Time(s) 0.0098
EarlyStopping counter: 28 out of 40
Getting training negative samples for edge types: [7]
nodes.shift keys: [0, 1, 2, 3]
nodes.count keys: [0, 1, 2, 3]
links.meta: {6: (1, 3), 2: (3, 3), 8: (2, 2), 7: (3, 2), 5: (3, 3), 4: (2, 2), 3: (2, 0), 11: (3, 3), 10: (3, 3), 0: (2, 2), 9: (3, 3), 1: (3, 3)}
t_type about to use: 2
h_type: 3
shift dict: {0: 0, 1: 188, 2: 19452, 3: 20010}
count dict: Counter({1: 19264, 3: 940, 2: 558, 0: 188})
Generated 902 negative samples for edge type 7
Epoch 00032, Step00000 | Train_Loss: 0.5313 | Time: 0.0283
Epoch 00032 | Val_Loss 0.8981 | Time(s) 0.0094
EarlyStopping counter: 29 out of 40
Getting training negative samples for edge types: [7]
nodes.shift keys: [0, 1, 2, 3]
nodes.count keys: [0, 1, 2, 3]
links.meta: {6: (1, 3), 2: (3, 3), 8: (2, 2), 7: (3, 2), 5: (3, 3), 4: (2, 2), 3: (2, 0), 11: (3, 3), 10: (3, 3), 0: (2, 2), 9: (3, 3), 1: (3, 3)}
t_type about to use: 2
h_type: 3
shift dict: {0: 0, 1: 188, 2: 19452, 3: 20010}
count dict: Counter({1: 19264, 3: 940, 2: 558, 0: 188})
Generated 902 negative samples for edge type 7
Epoch 00033, Step00000 | Train_Loss: 0.5227 | Time: 0.0269
Epoch 00033 | Val_Loss 1.0051 | Time(s) 0.0094
EarlyStopping counter: 30 out of 40
Getting training negative samples for edge types: [7]
nodes.shift keys: [0, 1, 2, 3]
nodes.count keys: [0, 1, 2, 3]
links.meta: {6: (1, 3), 2: (3, 3), 8: (2, 2), 7: (3, 2), 5: (3, 3), 4: (2, 2), 3: (2, 0), 11: (3, 3), 10: (3, 3), 0: (2, 2), 9: (3, 3), 1: (3, 3)}
t_type about to use: 2
h_type: 3
shift dict: {0: 0, 1: 188, 2: 19452, 3: 20010}
count dict: Counter({1: 19264, 3: 940, 2: 558, 0: 188})
Generated 902 negative samples for edge type 7
Epoch 00034, Step00000 | Train_Loss: 0.5230 | Time: 0.0265
Epoch 00034 | Val_Loss 0.9780 | Time(s) 0.0120
EarlyStopping counter: 31 out of 40
Getting training negative samples for edge types: [7]
nodes.shift keys: [0, 1, 2, 3]
nodes.count keys: [0, 1, 2, 3]
links.meta: {6: (1, 3), 2: (3, 3), 8: (2, 2), 7: (3, 2), 5: (3, 3), 4: (2, 2), 3: (2, 0), 11: (3, 3), 10: (3, 3), 0: (2, 2), 9: (3, 3), 1: (3, 3)}
t_type about to use: 2
h_type: 3
shift dict: {0: 0, 1: 188, 2: 19452, 3: 20010}
count dict: Counter({1: 19264, 3: 940, 2: 558, 0: 188})
Generated 902 negative samples for edge type 7
Epoch 00035, Step00000 | Train_Loss: 0.5185 | Time: 0.0321
Epoch 00035 | Val_Loss 0.9614 | Time(s) 0.0099
EarlyStopping counter: 32 out of 40
Getting training negative samples for edge types: [7]
nodes.shift keys: [0, 1, 2, 3]
nodes.count keys: [0, 1, 2, 3]
links.meta: {6: (1, 3), 2: (3, 3), 8: (2, 2), 7: (3, 2), 5: (3, 3), 4: (2, 2), 3: (2, 0), 11: (3, 3), 10: (3, 3), 0: (2, 2), 9: (3, 3), 1: (3, 3)}
t_type about to use: 2
h_type: 3
shift dict: {0: 0, 1: 188, 2: 19452, 3: 20010}
count dict: Counter({1: 19264, 3: 940, 2: 558, 0: 188})
Generated 902 negative samples for edge type 7
Epoch 00036, Step00000 | Train_Loss: 0.5222 | Time: 0.0292
Epoch 00036 | Val_Loss 1.0439 | Time(s) 0.0138
EarlyStopping counter: 33 out of 40
Getting training negative samples for edge types: [7]
nodes.shift keys: [0, 1, 2, 3]
nodes.count keys: [0, 1, 2, 3]
links.meta: {6: (1, 3), 2: (3, 3), 8: (2, 2), 7: (3, 2), 5: (3, 3), 4: (2, 2), 3: (2, 0), 11: (3, 3), 10: (3, 3), 0: (2, 2), 9: (3, 3), 1: (3, 3)}
t_type about to use: 2
h_type: 3
shift dict: {0: 0, 1: 188, 2: 19452, 3: 20010}
count dict: Counter({1: 19264, 3: 940, 2: 558, 0: 188})
Generated 902 negative samples for edge type 7
Epoch 00037, Step00000 | Train_Loss: 0.5196 | Time: 0.0331
Epoch 00037 | Val_Loss 0.9553 | Time(s) 0.0128
EarlyStopping counter: 34 out of 40
Getting training negative samples for edge types: [7]
nodes.shift keys: [0, 1, 2, 3]
nodes.count keys: [0, 1, 2, 3]
links.meta: {6: (1, 3), 2: (3, 3), 8: (2, 2), 7: (3, 2), 5: (3, 3), 4: (2, 2), 3: (2, 0), 11: (3, 3), 10: (3, 3), 0: (2, 2), 9: (3, 3), 1: (3, 3)}
t_type about to use: 2
h_type: 3
shift dict: {0: 0, 1: 188, 2: 19452, 3: 20010}
count dict: Counter({1: 19264, 3: 940, 2: 558, 0: 188})
Generated 902 negative samples for edge type 7
Epoch 00038, Step00000 | Train_Loss: 0.5129 | Time: 0.0330
Epoch 00038 | Val_Loss 0.9092 | Time(s) 0.0120
EarlyStopping counter: 35 out of 40
Getting training negative samples for edge types: [7]
nodes.shift keys: [0, 1, 2, 3]
nodes.count keys: [0, 1, 2, 3]
links.meta: {6: (1, 3), 2: (3, 3), 8: (2, 2), 7: (3, 2), 5: (3, 3), 4: (2, 2), 3: (2, 0), 11: (3, 3), 10: (3, 3), 0: (2, 2), 9: (3, 3), 1: (3, 3)}
t_type about to use: 2
h_type: 3
shift dict: {0: 0, 1: 188, 2: 19452, 3: 20010}
count dict: Counter({1: 19264, 3: 940, 2: 558, 0: 188})
Generated 902 negative samples for edge type 7
Epoch 00039, Step00000 | Train_Loss: 0.5329 | Time: 0.0331
Epoch 00039 | Val_Loss 0.9484 | Time(s) 0.0126
EarlyStopping counter: 36 out of 40
Getting training negative samples for edge types: [7]
nodes.shift keys: [0, 1, 2, 3]
nodes.count keys: [0, 1, 2, 3]
links.meta: {6: (1, 3), 2: (3, 3), 8: (2, 2), 7: (3, 2), 5: (3, 3), 4: (2, 2), 3: (2, 0), 11: (3, 3), 10: (3, 3), 0: (2, 2), 9: (3, 3), 1: (3, 3)}
t_type about to use: 2
h_type: 3
shift dict: {0: 0, 1: 188, 2: 19452, 3: 20010}
count dict: Counter({1: 19264, 3: 940, 2: 558, 0: 188})
Generated 902 negative samples for edge type 7
Epoch 00040, Step00000 | Train_Loss: 0.5038 | Time: 0.0340
Epoch 00040 | Val_Loss 0.9270 | Time(s) 0.0129
EarlyStopping counter: 37 out of 40
Getting training negative samples for edge types: [7]
nodes.shift keys: [0, 1, 2, 3]
nodes.count keys: [0, 1, 2, 3]
links.meta: {6: (1, 3), 2: (3, 3), 8: (2, 2), 7: (3, 2), 5: (3, 3), 4: (2, 2), 3: (2, 0), 11: (3, 3), 10: (3, 3), 0: (2, 2), 9: (3, 3), 1: (3, 3)}
t_type about to use: 2
h_type: 3
shift dict: {0: 0, 1: 188, 2: 19452, 3: 20010}
count dict: Counter({1: 19264, 3: 940, 2: 558, 0: 188})
Generated 902 negative samples for edge type 7
Epoch 00041, Step00000 | Train_Loss: 0.4904 | Time: 0.0328
Epoch 00041 | Val_Loss 0.9837 | Time(s) 0.0134
EarlyStopping counter: 38 out of 40
Getting training negative samples for edge types: [7]
nodes.shift keys: [0, 1, 2, 3]
nodes.count keys: [0, 1, 2, 3]
links.meta: {6: (1, 3), 2: (3, 3), 8: (2, 2), 7: (3, 2), 5: (3, 3), 4: (2, 2), 3: (2, 0), 11: (3, 3), 10: (3, 3), 0: (2, 2), 9: (3, 3), 1: (3, 3)}
t_type about to use: 2
h_type: 3
shift dict: {0: 0, 1: 188, 2: 19452, 3: 20010}
count dict: Counter({1: 19264, 3: 940, 2: 558, 0: 188})
Generated 902 negative samples for edge type 7
Epoch 00042, Step00000 | Train_Loss: 0.5066 | Time: 0.0330
Epoch 00042 | Val_Loss 1.0074 | Time(s) 0.0137
EarlyStopping counter: 39 out of 40
Getting training negative samples for edge types: [7]
nodes.shift keys: [0, 1, 2, 3]
nodes.count keys: [0, 1, 2, 3]
links.meta: {6: (1, 3), 2: (3, 3), 8: (2, 2), 7: (3, 2), 5: (3, 3), 4: (2, 2), 3: (2, 0), 11: (3, 3), 10: (3, 3), 0: (2, 2), 9: (3, 3), 1: (3, 3)}
t_type about to use: 2
h_type: 3
shift dict: {0: 0, 1: 188, 2: 19452, 3: 20010}
count dict: Counter({1: 19264, 3: 940, 2: 558, 0: 188})
Generated 902 negative samples for edge type 7
Epoch 00043, Step00000 | Train_Loss: 0.4990 | Time: 0.0338
Epoch 00043 | Val_Loss 1.0230 | Time(s) 0.0130
EarlyStopping counter: 40 out of 40
Early stopping!
Early stopping!
Meta keys: dict_keys([7])
Data keys: dict_keys([7])
Edge type: 7, Meta: (3, 2)
{'roc_auc': 0.5144275623084099, 'MRR': 0.738834422657952}
{'roc_auc': 0.6351543393482715, 'MRR': 0.8130252100840336}
defaultdict(<class 'float'>, {'roc_auc': 0.5144275623084099, 'MRR': 0.738834422657952})
defaultdict(<class 'float'>, {'roc_auc': 0.6351543393482715, 'MRR': 0.8130252100840336})
Completed: amazon_style_ccct_features_securebert_fold_3

--------------------------------------
Running model: SimpleHGN
Dataset: amazon_style_ccct_features_securebert_fold_4
--------------------------------------
Data path: ../../data/amazon_style_ccct_features_securebert_fold_4
Loading nodes from ../../data/amazon_style_ccct_features_securebert_fold_4/node.dat
edge types: dict_keys([6, 2, 8, 7, 5, 4, 3, 11, 10, 0, 9, 1])
Getting training negative samples for edge types: [7]
nodes.shift keys: [0, 1, 2, 3]
nodes.count keys: [0, 1, 2, 3]
links.meta: {6: (1, 3), 2: (3, 3), 8: (2, 2), 7: (3, 2), 5: (3, 3), 4: (2, 2), 3: (2, 0), 11: (3, 3), 10: (3, 3), 0: (2, 2), 9: (3, 3), 1: (3, 3)}
t_type about to use: 2
h_type: 3
shift dict: {0: 0, 1: 188, 2: 19452, 3: 20010}
count dict: Counter({1: 19264, 3: 940, 2: 558, 0: 188})
Generated 896 negative samples for edge type 7
Features List: [array([[ 0.00445206,  0.01268557,  0.22351578, ..., -0.28678206,
        -0.37460288,  0.18294938],
       [-0.18744846,  0.07075578,  0.0476894 , ..., -0.2232531 ,
        -0.19588573,  0.47988179],
       [-0.17451471, -0.04557271,  0.15712288, ..., -0.05391889,
        -0.20500693,  0.23744845],
       ...,
       [-0.40584856,  0.04715464,  0.24475315, ..., -0.12466257,
        -0.2035536 ,  0.28577447],
       [-0.18835557,  0.03822717,  0.03586731, ..., -0.23435652,
        -0.35453227,  0.38753107],
       [-0.13632202,  0.14362322,  0.08668749, ..., -0.24145249,
        -0.25799868,  0.26464131]]), array([[-0.02302658,  0.0368569 ,  0.00652144, ..., -0.02803515,
        -0.00893309,  0.00342051],
       [-0.01979104,  0.04036582,  0.01475144, ..., -0.00661969,
        -0.01504144,  0.01323287],
       [-0.02346251,  0.03577969,  0.00104941, ..., -0.01948969,
        -0.02273973,  0.01956808],
       ...,
       [ 0.01112562,  0.01252526, -0.00604169, ..., -0.02203615,
        -0.00625044, -0.01684516],
       [-0.02297131,  0.02604213,  0.00098649, ...,  0.00838303,
        -0.00321861, -0.00570687],
       [-0.01075894,  0.00767744, -0.01424407, ..., -0.02184941,
         0.02614397, -0.01134232]]), array([[ 0.00791158, -0.00538086, -0.02676104, ..., -0.01897389,
        -0.01306979, -0.00084801],
       [ 0.01682901, -0.00649696, -0.01921631, ..., -0.01401017,
        -0.0039668 , -0.02202195],
       [ 0.02197852, -0.01403735, -0.05225722, ...,  0.02019661,
         0.00528841,  0.0033033 ],
       ...,
       [ 0.01603197,  0.00716993, -0.01245602, ..., -0.01399604,
        -0.00058955, -0.0256807 ],
       [ 0.01039577,  0.02045547, -0.02146293, ...,  0.01017929,
         0.02390171,  0.00134994],
       [ 0.00462414,  0.0041195 , -0.0135733 , ..., -0.01101827,
         0.00813001,  0.0203817 ]]), array([[ 0.00087804,  0.00658507, -0.02514569, ..., -0.04238372,
         0.00850771, -0.02565438],
       [-0.0006986 ,  0.01542003, -0.03227317, ..., -0.01301633,
         0.01559736, -0.03614859],
       [-0.01135348,  0.00974955, -0.01812623, ..., -0.01920343,
         0.00887381, -0.0152928 ],
       ...,
       [ 0.00701895, -0.01539859, -0.03025482, ..., -0.03644368,
         0.01254067, -0.0236606 ],
       [-0.00414097,  0.00144739, -0.05197839, ...,  0.00216818,
         0.02755725, -0.03143983],
       [ 0.01779867, -0.02493452, -0.0391779 , ..., -0.01159797,
        -0.00619852, -0.02449675]])]
Getting training negative samples for edge types: [7]
nodes.shift keys: [0, 1, 2, 3]
nodes.count keys: [0, 1, 2, 3]
links.meta: {6: (1, 3), 2: (3, 3), 8: (2, 2), 7: (3, 2), 5: (3, 3), 4: (2, 2), 3: (2, 0), 11: (3, 3), 10: (3, 3), 0: (2, 2), 9: (3, 3), 1: (3, 3)}
t_type about to use: 2
h_type: 3
shift dict: {0: 0, 1: 188, 2: 19452, 3: 20010}
count dict: Counter({1: 19264, 3: 940, 2: 558, 0: 188})
Generated 896 negative samples for edge type 7
Epoch 00000, Step00000 | Train_Loss: 0.6948 | Time: 0.6876
Epoch 00000 | Val_Loss 0.6909 | Time(s) 0.0101
Validation loss decreased (inf --> 0.690893).  Saving model ...
Getting training negative samples for edge types: [7]
nodes.shift keys: [0, 1, 2, 3]
nodes.count keys: [0, 1, 2, 3]
links.meta: {6: (1, 3), 2: (3, 3), 8: (2, 2), 7: (3, 2), 5: (3, 3), 4: (2, 2), 3: (2, 0), 11: (3, 3), 10: (3, 3), 0: (2, 2), 9: (3, 3), 1: (3, 3)}
t_type about to use: 2
h_type: 3
shift dict: {0: 0, 1: 188, 2: 19452, 3: 20010}
count dict: Counter({1: 19264, 3: 940, 2: 558, 0: 188})
Generated 896 negative samples for edge type 7
Epoch 00001, Step00000 | Train_Loss: 0.6881 | Time: 0.0329
Epoch 00001 | Val_Loss 0.6799 | Time(s) 0.0119
Validation loss decreased (0.690893 --> 0.679869).  Saving model ...
Getting training negative samples for edge types: [7]
nodes.shift keys: [0, 1, 2, 3]
nodes.count keys: [0, 1, 2, 3]
links.meta: {6: (1, 3), 2: (3, 3), 8: (2, 2), 7: (3, 2), 5: (3, 3), 4: (2, 2), 3: (2, 0), 11: (3, 3), 10: (3, 3), 0: (2, 2), 9: (3, 3), 1: (3, 3)}
t_type about to use: 2
h_type: 3
shift dict: {0: 0, 1: 188, 2: 19452, 3: 20010}
count dict: Counter({1: 19264, 3: 940, 2: 558, 0: 188})
Generated 896 negative samples for edge type 7
Epoch 00002, Step00000 | Train_Loss: 0.6807 | Time: 0.0311
Epoch 00002 | Val_Loss 0.6728 | Time(s) 0.0125
Validation loss decreased (0.679869 --> 0.672803).  Saving model ...
Getting training negative samples for edge types: [7]
nodes.shift keys: [0, 1, 2, 3]
nodes.count keys: [0, 1, 2, 3]
links.meta: {6: (1, 3), 2: (3, 3), 8: (2, 2), 7: (3, 2), 5: (3, 3), 4: (2, 2), 3: (2, 0), 11: (3, 3), 10: (3, 3), 0: (2, 2), 9: (3, 3), 1: (3, 3)}
t_type about to use: 2
h_type: 3
shift dict: {0: 0, 1: 188, 2: 19452, 3: 20010}
count dict: Counter({1: 19264, 3: 940, 2: 558, 0: 188})
Generated 896 negative samples for edge type 7
Epoch 00003, Step00000 | Train_Loss: 0.6743 | Time: 0.0308
Epoch 00003 | Val_Loss 0.6758 | Time(s) 0.0107
EarlyStopping counter: 1 out of 40
Getting training negative samples for edge types: [7]
nodes.shift keys: [0, 1, 2, 3]
nodes.count keys: [0, 1, 2, 3]
links.meta: {6: (1, 3), 2: (3, 3), 8: (2, 2), 7: (3, 2), 5: (3, 3), 4: (2, 2), 3: (2, 0), 11: (3, 3), 10: (3, 3), 0: (2, 2), 9: (3, 3), 1: (3, 3)}
t_type about to use: 2
h_type: 3
shift dict: {0: 0, 1: 188, 2: 19452, 3: 20010}
count dict: Counter({1: 19264, 3: 940, 2: 558, 0: 188})
Generated 896 negative samples for edge type 7
Epoch 00004, Step00000 | Train_Loss: 0.6667 | Time: 0.0294
Epoch 00004 | Val_Loss 0.6687 | Time(s) 0.0104
Validation loss decreased (0.672803 --> 0.668729).  Saving model ...
Getting training negative samples for edge types: [7]
nodes.shift keys: [0, 1, 2, 3]
nodes.count keys: [0, 1, 2, 3]
links.meta: {6: (1, 3), 2: (3, 3), 8: (2, 2), 7: (3, 2), 5: (3, 3), 4: (2, 2), 3: (2, 0), 11: (3, 3), 10: (3, 3), 0: (2, 2), 9: (3, 3), 1: (3, 3)}
t_type about to use: 2
h_type: 3
shift dict: {0: 0, 1: 188, 2: 19452, 3: 20010}
count dict: Counter({1: 19264, 3: 940, 2: 558, 0: 188})
Generated 896 negative samples for edge type 7
Epoch 00005, Step00000 | Train_Loss: 0.6546 | Time: 0.0277
Epoch 00005 | Val_Loss 0.7066 | Time(s) 0.0100
EarlyStopping counter: 1 out of 40
Getting training negative samples for edge types: [7]
nodes.shift keys: [0, 1, 2, 3]
nodes.count keys: [0, 1, 2, 3]
links.meta: {6: (1, 3), 2: (3, 3), 8: (2, 2), 7: (3, 2), 5: (3, 3), 4: (2, 2), 3: (2, 0), 11: (3, 3), 10: (3, 3), 0: (2, 2), 9: (3, 3), 1: (3, 3)}
t_type about to use: 2
h_type: 3
shift dict: {0: 0, 1: 188, 2: 19452, 3: 20010}
count dict: Counter({1: 19264, 3: 940, 2: 558, 0: 188})
Generated 896 negative samples for edge type 7
Epoch 00006, Step00000 | Train_Loss: 0.6420 | Time: 0.0281
Epoch 00006 | Val_Loss 0.7046 | Time(s) 0.0111
EarlyStopping counter: 2 out of 40
Getting training negative samples for edge types: [7]
nodes.shift keys: [0, 1, 2, 3]
nodes.count keys: [0, 1, 2, 3]
links.meta: {6: (1, 3), 2: (3, 3), 8: (2, 2), 7: (3, 2), 5: (3, 3), 4: (2, 2), 3: (2, 0), 11: (3, 3), 10: (3, 3), 0: (2, 2), 9: (3, 3), 1: (3, 3)}
t_type about to use: 2
h_type: 3
shift dict: {0: 0, 1: 188, 2: 19452, 3: 20010}
count dict: Counter({1: 19264, 3: 940, 2: 558, 0: 188})
Generated 896 negative samples for edge type 7
Epoch 00007, Step00000 | Train_Loss: 0.6356 | Time: 0.0292
Epoch 00007 | Val_Loss 0.6765 | Time(s) 0.0108
EarlyStopping counter: 3 out of 40
Getting training negative samples for edge types: [7]
nodes.shift keys: [0, 1, 2, 3]
nodes.count keys: [0, 1, 2, 3]
links.meta: {6: (1, 3), 2: (3, 3), 8: (2, 2), 7: (3, 2), 5: (3, 3), 4: (2, 2), 3: (2, 0), 11: (3, 3), 10: (3, 3), 0: (2, 2), 9: (3, 3), 1: (3, 3)}
t_type about to use: 2
h_type: 3
shift dict: {0: 0, 1: 188, 2: 19452, 3: 20010}
count dict: Counter({1: 19264, 3: 940, 2: 558, 0: 188})
Generated 896 negative samples for edge type 7
Epoch 00008, Step00000 | Train_Loss: 0.6208 | Time: 0.0282
Epoch 00008 | Val_Loss 0.6867 | Time(s) 0.0097
EarlyStopping counter: 4 out of 40
Getting training negative samples for edge types: [7]
nodes.shift keys: [0, 1, 2, 3]
nodes.count keys: [0, 1, 2, 3]
links.meta: {6: (1, 3), 2: (3, 3), 8: (2, 2), 7: (3, 2), 5: (3, 3), 4: (2, 2), 3: (2, 0), 11: (3, 3), 10: (3, 3), 0: (2, 2), 9: (3, 3), 1: (3, 3)}
t_type about to use: 2
h_type: 3
shift dict: {0: 0, 1: 188, 2: 19452, 3: 20010}
count dict: Counter({1: 19264, 3: 940, 2: 558, 0: 188})
Generated 896 negative samples for edge type 7
Epoch 00009, Step00000 | Train_Loss: 0.6051 | Time: 0.0261
Epoch 00009 | Val_Loss 0.7054 | Time(s) 0.0101
EarlyStopping counter: 5 out of 40
Getting training negative samples for edge types: [7]
nodes.shift keys: [0, 1, 2, 3]
nodes.count keys: [0, 1, 2, 3]
links.meta: {6: (1, 3), 2: (3, 3), 8: (2, 2), 7: (3, 2), 5: (3, 3), 4: (2, 2), 3: (2, 0), 11: (3, 3), 10: (3, 3), 0: (2, 2), 9: (3, 3), 1: (3, 3)}
t_type about to use: 2
h_type: 3
shift dict: {0: 0, 1: 188, 2: 19452, 3: 20010}
count dict: Counter({1: 19264, 3: 940, 2: 558, 0: 188})
Generated 896 negative samples for edge type 7
Epoch 00010, Step00000 | Train_Loss: 0.5906 | Time: 0.0264
Epoch 00010 | Val_Loss 0.7162 | Time(s) 0.0109
EarlyStopping counter: 6 out of 40
Getting training negative samples for edge types: [7]
nodes.shift keys: [0, 1, 2, 3]
nodes.count keys: [0, 1, 2, 3]
links.meta: {6: (1, 3), 2: (3, 3), 8: (2, 2), 7: (3, 2), 5: (3, 3), 4: (2, 2), 3: (2, 0), 11: (3, 3), 10: (3, 3), 0: (2, 2), 9: (3, 3), 1: (3, 3)}
t_type about to use: 2
h_type: 3
shift dict: {0: 0, 1: 188, 2: 19452, 3: 20010}
count dict: Counter({1: 19264, 3: 940, 2: 558, 0: 188})
Generated 896 negative samples for edge type 7
Epoch 00011, Step00000 | Train_Loss: 0.5908 | Time: 0.0281
Epoch 00011 | Val_Loss 0.9152 | Time(s) 0.0140
EarlyStopping counter: 7 out of 40
Getting training negative samples for edge types: [7]
nodes.shift keys: [0, 1, 2, 3]
nodes.count keys: [0, 1, 2, 3]
links.meta: {6: (1, 3), 2: (3, 3), 8: (2, 2), 7: (3, 2), 5: (3, 3), 4: (2, 2), 3: (2, 0), 11: (3, 3), 10: (3, 3), 0: (2, 2), 9: (3, 3), 1: (3, 3)}
t_type about to use: 2
h_type: 3
shift dict: {0: 0, 1: 188, 2: 19452, 3: 20010}
count dict: Counter({1: 19264, 3: 940, 2: 558, 0: 188})
Generated 896 negative samples for edge type 7
Epoch 00012, Step00000 | Train_Loss: 0.5891 | Time: 0.0317
Epoch 00012 | Val_Loss 0.8461 | Time(s) 0.0131
EarlyStopping counter: 8 out of 40
Getting training negative samples for edge types: [7]
nodes.shift keys: [0, 1, 2, 3]
nodes.count keys: [0, 1, 2, 3]
links.meta: {6: (1, 3), 2: (3, 3), 8: (2, 2), 7: (3, 2), 5: (3, 3), 4: (2, 2), 3: (2, 0), 11: (3, 3), 10: (3, 3), 0: (2, 2), 9: (3, 3), 1: (3, 3)}
t_type about to use: 2
h_type: 3
shift dict: {0: 0, 1: 188, 2: 19452, 3: 20010}
count dict: Counter({1: 19264, 3: 940, 2: 558, 0: 188})
Generated 896 negative samples for edge type 7
Epoch 00013, Step00000 | Train_Loss: 0.5821 | Time: 0.0318
Epoch 00013 | Val_Loss 0.9201 | Time(s) 0.0127
EarlyStopping counter: 9 out of 40
Getting training negative samples for edge types: [7]
nodes.shift keys: [0, 1, 2, 3]
nodes.count keys: [0, 1, 2, 3]
links.meta: {6: (1, 3), 2: (3, 3), 8: (2, 2), 7: (3, 2), 5: (3, 3), 4: (2, 2), 3: (2, 0), 11: (3, 3), 10: (3, 3), 0: (2, 2), 9: (3, 3), 1: (3, 3)}
t_type about to use: 2
h_type: 3
shift dict: {0: 0, 1: 188, 2: 19452, 3: 20010}
count dict: Counter({1: 19264, 3: 940, 2: 558, 0: 188})
Generated 896 negative samples for edge type 7
Epoch 00014, Step00000 | Train_Loss: 0.5772 | Time: 0.0332
Epoch 00014 | Val_Loss 0.9623 | Time(s) 0.0140
EarlyStopping counter: 10 out of 40
Getting training negative samples for edge types: [7]
nodes.shift keys: [0, 1, 2, 3]
nodes.count keys: [0, 1, 2, 3]
links.meta: {6: (1, 3), 2: (3, 3), 8: (2, 2), 7: (3, 2), 5: (3, 3), 4: (2, 2), 3: (2, 0), 11: (3, 3), 10: (3, 3), 0: (2, 2), 9: (3, 3), 1: (3, 3)}
t_type about to use: 2
h_type: 3
shift dict: {0: 0, 1: 188, 2: 19452, 3: 20010}
count dict: Counter({1: 19264, 3: 940, 2: 558, 0: 188})
Generated 896 negative samples for edge type 7
Epoch 00015, Step00000 | Train_Loss: 0.5788 | Time: 0.0326
Epoch 00015 | Val_Loss 0.9612 | Time(s) 0.0133
EarlyStopping counter: 11 out of 40
Getting training negative samples for edge types: [7]
nodes.shift keys: [0, 1, 2, 3]
nodes.count keys: [0, 1, 2, 3]
links.meta: {6: (1, 3), 2: (3, 3), 8: (2, 2), 7: (3, 2), 5: (3, 3), 4: (2, 2), 3: (2, 0), 11: (3, 3), 10: (3, 3), 0: (2, 2), 9: (3, 3), 1: (3, 3)}
t_type about to use: 2
h_type: 3
shift dict: {0: 0, 1: 188, 2: 19452, 3: 20010}
count dict: Counter({1: 19264, 3: 940, 2: 558, 0: 188})
Generated 896 negative samples for edge type 7
Epoch 00016, Step00000 | Train_Loss: 0.5723 | Time: 0.0331
Epoch 00016 | Val_Loss 0.9969 | Time(s) 0.0131
EarlyStopping counter: 12 out of 40
Getting training negative samples for edge types: [7]
nodes.shift keys: [0, 1, 2, 3]
nodes.count keys: [0, 1, 2, 3]
links.meta: {6: (1, 3), 2: (3, 3), 8: (2, 2), 7: (3, 2), 5: (3, 3), 4: (2, 2), 3: (2, 0), 11: (3, 3), 10: (3, 3), 0: (2, 2), 9: (3, 3), 1: (3, 3)}
t_type about to use: 2
h_type: 3
shift dict: {0: 0, 1: 188, 2: 19452, 3: 20010}
count dict: Counter({1: 19264, 3: 940, 2: 558, 0: 188})
Generated 896 negative samples for edge type 7
Epoch 00017, Step00000 | Train_Loss: 0.5623 | Time: 0.0339
Epoch 00017 | Val_Loss 1.0392 | Time(s) 0.0132
EarlyStopping counter: 13 out of 40
Getting training negative samples for edge types: [7]
nodes.shift keys: [0, 1, 2, 3]
nodes.count keys: [0, 1, 2, 3]
links.meta: {6: (1, 3), 2: (3, 3), 8: (2, 2), 7: (3, 2), 5: (3, 3), 4: (2, 2), 3: (2, 0), 11: (3, 3), 10: (3, 3), 0: (2, 2), 9: (3, 3), 1: (3, 3)}
t_type about to use: 2
h_type: 3
shift dict: {0: 0, 1: 188, 2: 19452, 3: 20010}
count dict: Counter({1: 19264, 3: 940, 2: 558, 0: 188})
Generated 896 negative samples for edge type 7
Epoch 00018, Step00000 | Train_Loss: 0.5683 | Time: 0.0334
Epoch 00018 | Val_Loss 1.0231 | Time(s) 0.0130
EarlyStopping counter: 14 out of 40
Getting training negative samples for edge types: [7]
nodes.shift keys: [0, 1, 2, 3]
nodes.count keys: [0, 1, 2, 3]
links.meta: {6: (1, 3), 2: (3, 3), 8: (2, 2), 7: (3, 2), 5: (3, 3), 4: (2, 2), 3: (2, 0), 11: (3, 3), 10: (3, 3), 0: (2, 2), 9: (3, 3), 1: (3, 3)}
t_type about to use: 2
h_type: 3
shift dict: {0: 0, 1: 188, 2: 19452, 3: 20010}
count dict: Counter({1: 19264, 3: 940, 2: 558, 0: 188})
Generated 896 negative samples for edge type 7
Epoch 00019, Step00000 | Train_Loss: 0.5499 | Time: 0.0355
Epoch 00019 | Val_Loss 1.1124 | Time(s) 0.0147
EarlyStopping counter: 15 out of 40
Getting training negative samples for edge types: [7]
nodes.shift keys: [0, 1, 2, 3]
nodes.count keys: [0, 1, 2, 3]
links.meta: {6: (1, 3), 2: (3, 3), 8: (2, 2), 7: (3, 2), 5: (3, 3), 4: (2, 2), 3: (2, 0), 11: (3, 3), 10: (3, 3), 0: (2, 2), 9: (3, 3), 1: (3, 3)}
t_type about to use: 2
h_type: 3
shift dict: {0: 0, 1: 188, 2: 19452, 3: 20010}
count dict: Counter({1: 19264, 3: 940, 2: 558, 0: 188})
Generated 896 negative samples for edge type 7
Epoch 00020, Step00000 | Train_Loss: 0.5644 | Time: 0.0333
Epoch 00020 | Val_Loss 0.9992 | Time(s) 0.0123
EarlyStopping counter: 16 out of 40
Getting training negative samples for edge types: [7]
nodes.shift keys: [0, 1, 2, 3]
nodes.count keys: [0, 1, 2, 3]
links.meta: {6: (1, 3), 2: (3, 3), 8: (2, 2), 7: (3, 2), 5: (3, 3), 4: (2, 2), 3: (2, 0), 11: (3, 3), 10: (3, 3), 0: (2, 2), 9: (3, 3), 1: (3, 3)}
t_type about to use: 2
h_type: 3
shift dict: {0: 0, 1: 188, 2: 19452, 3: 20010}
count dict: Counter({1: 19264, 3: 940, 2: 558, 0: 188})
Generated 896 negative samples for edge type 7
Epoch 00021, Step00000 | Train_Loss: 0.5698 | Time: 0.0341
Epoch 00021 | Val_Loss 0.9178 | Time(s) 0.0160
EarlyStopping counter: 17 out of 40
Getting training negative samples for edge types: [7]
nodes.shift keys: [0, 1, 2, 3]
nodes.count keys: [0, 1, 2, 3]
links.meta: {6: (1, 3), 2: (3, 3), 8: (2, 2), 7: (3, 2), 5: (3, 3), 4: (2, 2), 3: (2, 0), 11: (3, 3), 10: (3, 3), 0: (2, 2), 9: (3, 3), 1: (3, 3)}
t_type about to use: 2
h_type: 3
shift dict: {0: 0, 1: 188, 2: 19452, 3: 20010}
count dict: Counter({1: 19264, 3: 940, 2: 558, 0: 188})
Generated 896 negative samples for edge type 7
Epoch 00022, Step00000 | Train_Loss: 0.5507 | Time: 0.0330
Epoch 00022 | Val_Loss 0.9323 | Time(s) 0.0135
EarlyStopping counter: 18 out of 40
Getting training negative samples for edge types: [7]
nodes.shift keys: [0, 1, 2, 3]
nodes.count keys: [0, 1, 2, 3]
links.meta: {6: (1, 3), 2: (3, 3), 8: (2, 2), 7: (3, 2), 5: (3, 3), 4: (2, 2), 3: (2, 0), 11: (3, 3), 10: (3, 3), 0: (2, 2), 9: (3, 3), 1: (3, 3)}
t_type about to use: 2
h_type: 3
shift dict: {0: 0, 1: 188, 2: 19452, 3: 20010}
count dict: Counter({1: 19264, 3: 940, 2: 558, 0: 188})
Generated 896 negative samples for edge type 7
Epoch 00023, Step00000 | Train_Loss: 0.5578 | Time: 0.0325
Epoch 00023 | Val_Loss 0.8942 | Time(s) 0.0139
EarlyStopping counter: 19 out of 40
Getting training negative samples for edge types: [7]
nodes.shift keys: [0, 1, 2, 3]
nodes.count keys: [0, 1, 2, 3]
links.meta: {6: (1, 3), 2: (3, 3), 8: (2, 2), 7: (3, 2), 5: (3, 3), 4: (2, 2), 3: (2, 0), 11: (3, 3), 10: (3, 3), 0: (2, 2), 9: (3, 3), 1: (3, 3)}
t_type about to use: 2
h_type: 3
shift dict: {0: 0, 1: 188, 2: 19452, 3: 20010}
count dict: Counter({1: 19264, 3: 940, 2: 558, 0: 188})
Generated 896 negative samples for edge type 7
Epoch 00024, Step00000 | Train_Loss: 0.5491 | Time: 0.0323
Epoch 00024 | Val_Loss 0.9896 | Time(s) 0.0129
EarlyStopping counter: 20 out of 40
Getting training negative samples for edge types: [7]
nodes.shift keys: [0, 1, 2, 3]
nodes.count keys: [0, 1, 2, 3]
links.meta: {6: (1, 3), 2: (3, 3), 8: (2, 2), 7: (3, 2), 5: (3, 3), 4: (2, 2), 3: (2, 0), 11: (3, 3), 10: (3, 3), 0: (2, 2), 9: (3, 3), 1: (3, 3)}
t_type about to use: 2
h_type: 3
shift dict: {0: 0, 1: 188, 2: 19452, 3: 20010}
count dict: Counter({1: 19264, 3: 940, 2: 558, 0: 188})
Generated 896 negative samples for edge type 7
Epoch 00025, Step00000 | Train_Loss: 0.5575 | Time: 0.0331
Epoch 00025 | Val_Loss 0.9493 | Time(s) 0.0126
EarlyStopping counter: 21 out of 40
Getting training negative samples for edge types: [7]
nodes.shift keys: [0, 1, 2, 3]
nodes.count keys: [0, 1, 2, 3]
links.meta: {6: (1, 3), 2: (3, 3), 8: (2, 2), 7: (3, 2), 5: (3, 3), 4: (2, 2), 3: (2, 0), 11: (3, 3), 10: (3, 3), 0: (2, 2), 9: (3, 3), 1: (3, 3)}
t_type about to use: 2
h_type: 3
shift dict: {0: 0, 1: 188, 2: 19452, 3: 20010}
count dict: Counter({1: 19264, 3: 940, 2: 558, 0: 188})
Generated 896 negative samples for edge type 7
Epoch 00026, Step00000 | Train_Loss: 0.5691 | Time: 0.0330
Epoch 00026 | Val_Loss 0.9856 | Time(s) 0.0126
EarlyStopping counter: 22 out of 40
Getting training negative samples for edge types: [7]
nodes.shift keys: [0, 1, 2, 3]
nodes.count keys: [0, 1, 2, 3]
links.meta: {6: (1, 3), 2: (3, 3), 8: (2, 2), 7: (3, 2), 5: (3, 3), 4: (2, 2), 3: (2, 0), 11: (3, 3), 10: (3, 3), 0: (2, 2), 9: (3, 3), 1: (3, 3)}
t_type about to use: 2
h_type: 3
shift dict: {0: 0, 1: 188, 2: 19452, 3: 20010}
count dict: Counter({1: 19264, 3: 940, 2: 558, 0: 188})
Generated 896 negative samples for edge type 7
Epoch 00027, Step00000 | Train_Loss: 0.5573 | Time: 0.0342
Epoch 00027 | Val_Loss 0.9295 | Time(s) 0.0143
EarlyStopping counter: 23 out of 40
Getting training negative samples for edge types: [7]
nodes.shift keys: [0, 1, 2, 3]
nodes.count keys: [0, 1, 2, 3]
links.meta: {6: (1, 3), 2: (3, 3), 8: (2, 2), 7: (3, 2), 5: (3, 3), 4: (2, 2), 3: (2, 0), 11: (3, 3), 10: (3, 3), 0: (2, 2), 9: (3, 3), 1: (3, 3)}
t_type about to use: 2
h_type: 3
shift dict: {0: 0, 1: 188, 2: 19452, 3: 20010}
count dict: Counter({1: 19264, 3: 940, 2: 558, 0: 188})
Generated 896 negative samples for edge type 7
Epoch 00028, Step00000 | Train_Loss: 0.5374 | Time: 0.0342
Epoch 00028 | Val_Loss 1.0533 | Time(s) 0.0141
EarlyStopping counter: 24 out of 40
Getting training negative samples for edge types: [7]
nodes.shift keys: [0, 1, 2, 3]
nodes.count keys: [0, 1, 2, 3]
links.meta: {6: (1, 3), 2: (3, 3), 8: (2, 2), 7: (3, 2), 5: (3, 3), 4: (2, 2), 3: (2, 0), 11: (3, 3), 10: (3, 3), 0: (2, 2), 9: (3, 3), 1: (3, 3)}
t_type about to use: 2
h_type: 3
shift dict: {0: 0, 1: 188, 2: 19452, 3: 20010}
count dict: Counter({1: 19264, 3: 940, 2: 558, 0: 188})
Generated 896 negative samples for edge type 7
Epoch 00029, Step00000 | Train_Loss: 0.5533 | Time: 0.0330
Epoch 00029 | Val_Loss 1.0500 | Time(s) 0.0135
EarlyStopping counter: 25 out of 40
Getting training negative samples for edge types: [7]
nodes.shift keys: [0, 1, 2, 3]
nodes.count keys: [0, 1, 2, 3]
links.meta: {6: (1, 3), 2: (3, 3), 8: (2, 2), 7: (3, 2), 5: (3, 3), 4: (2, 2), 3: (2, 0), 11: (3, 3), 10: (3, 3), 0: (2, 2), 9: (3, 3), 1: (3, 3)}
t_type about to use: 2
h_type: 3
shift dict: {0: 0, 1: 188, 2: 19452, 3: 20010}
count dict: Counter({1: 19264, 3: 940, 2: 558, 0: 188})
Generated 896 negative samples for edge type 7
Epoch 00030, Step00000 | Train_Loss: 0.5357 | Time: 0.0353
Epoch 00030 | Val_Loss 1.0398 | Time(s) 0.0158
EarlyStopping counter: 26 out of 40
Getting training negative samples for edge types: [7]
nodes.shift keys: [0, 1, 2, 3]
nodes.count keys: [0, 1, 2, 3]
links.meta: {6: (1, 3), 2: (3, 3), 8: (2, 2), 7: (3, 2), 5: (3, 3), 4: (2, 2), 3: (2, 0), 11: (3, 3), 10: (3, 3), 0: (2, 2), 9: (3, 3), 1: (3, 3)}
t_type about to use: 2
h_type: 3
shift dict: {0: 0, 1: 188, 2: 19452, 3: 20010}
count dict: Counter({1: 19264, 3: 940, 2: 558, 0: 188})
Generated 896 negative samples for edge type 7
Epoch 00031, Step00000 | Train_Loss: 0.5609 | Time: 0.0321
Epoch 00031 | Val_Loss 1.0423 | Time(s) 0.0134
EarlyStopping counter: 27 out of 40
Getting training negative samples for edge types: [7]
nodes.shift keys: [0, 1, 2, 3]
nodes.count keys: [0, 1, 2, 3]
links.meta: {6: (1, 3), 2: (3, 3), 8: (2, 2), 7: (3, 2), 5: (3, 3), 4: (2, 2), 3: (2, 0), 11: (3, 3), 10: (3, 3), 0: (2, 2), 9: (3, 3), 1: (3, 3)}
t_type about to use: 2
h_type: 3
shift dict: {0: 0, 1: 188, 2: 19452, 3: 20010}
count dict: Counter({1: 19264, 3: 940, 2: 558, 0: 188})
Generated 896 negative samples for edge type 7
Epoch 00032, Step00000 | Train_Loss: 0.5687 | Time: 0.0323
Epoch 00032 | Val_Loss 1.0741 | Time(s) 0.0133
EarlyStopping counter: 28 out of 40
Getting training negative samples for edge types: [7]
nodes.shift keys: [0, 1, 2, 3]
nodes.count keys: [0, 1, 2, 3]
links.meta: {6: (1, 3), 2: (3, 3), 8: (2, 2), 7: (3, 2), 5: (3, 3), 4: (2, 2), 3: (2, 0), 11: (3, 3), 10: (3, 3), 0: (2, 2), 9: (3, 3), 1: (3, 3)}
t_type about to use: 2
h_type: 3
shift dict: {0: 0, 1: 188, 2: 19452, 3: 20010}
count dict: Counter({1: 19264, 3: 940, 2: 558, 0: 188})
Generated 896 negative samples for edge type 7
Epoch 00033, Step00000 | Train_Loss: 0.5392 | Time: 0.0357
Epoch 00033 | Val_Loss 1.0245 | Time(s) 0.0138
EarlyStopping counter: 29 out of 40
Getting training negative samples for edge types: [7]
nodes.shift keys: [0, 1, 2, 3]
nodes.count keys: [0, 1, 2, 3]
links.meta: {6: (1, 3), 2: (3, 3), 8: (2, 2), 7: (3, 2), 5: (3, 3), 4: (2, 2), 3: (2, 0), 11: (3, 3), 10: (3, 3), 0: (2, 2), 9: (3, 3), 1: (3, 3)}
t_type about to use: 2
h_type: 3
shift dict: {0: 0, 1: 188, 2: 19452, 3: 20010}
count dict: Counter({1: 19264, 3: 940, 2: 558, 0: 188})
Generated 896 negative samples for edge type 7
Epoch 00034, Step00000 | Train_Loss: 0.5375 | Time: 0.0356
Epoch 00034 | Val_Loss 1.0382 | Time(s) 0.0141
EarlyStopping counter: 30 out of 40
Getting training negative samples for edge types: [7]
nodes.shift keys: [0, 1, 2, 3]
nodes.count keys: [0, 1, 2, 3]
links.meta: {6: (1, 3), 2: (3, 3), 8: (2, 2), 7: (3, 2), 5: (3, 3), 4: (2, 2), 3: (2, 0), 11: (3, 3), 10: (3, 3), 0: (2, 2), 9: (3, 3), 1: (3, 3)}
t_type about to use: 2
h_type: 3
shift dict: {0: 0, 1: 188, 2: 19452, 3: 20010}
count dict: Counter({1: 19264, 3: 940, 2: 558, 0: 188})
Generated 896 negative samples for edge type 7
Epoch 00035, Step00000 | Train_Loss: 0.5363 | Time: 0.0335
Epoch 00035 | Val_Loss 1.0996 | Time(s) 0.0136
EarlyStopping counter: 31 out of 40
Getting training negative samples for edge types: [7]
nodes.shift keys: [0, 1, 2, 3]
nodes.count keys: [0, 1, 2, 3]
links.meta: {6: (1, 3), 2: (3, 3), 8: (2, 2), 7: (3, 2), 5: (3, 3), 4: (2, 2), 3: (2, 0), 11: (3, 3), 10: (3, 3), 0: (2, 2), 9: (3, 3), 1: (3, 3)}
t_type about to use: 2
h_type: 3
shift dict: {0: 0, 1: 188, 2: 19452, 3: 20010}
count dict: Counter({1: 19264, 3: 940, 2: 558, 0: 188})
Generated 896 negative samples for edge type 7
Epoch 00036, Step00000 | Train_Loss: 0.5472 | Time: 0.0322
Epoch 00036 | Val_Loss 1.0901 | Time(s) 0.0126
EarlyStopping counter: 32 out of 40
Getting training negative samples for edge types: [7]
nodes.shift keys: [0, 1, 2, 3]
nodes.count keys: [0, 1, 2, 3]
links.meta: {6: (1, 3), 2: (3, 3), 8: (2, 2), 7: (3, 2), 5: (3, 3), 4: (2, 2), 3: (2, 0), 11: (3, 3), 10: (3, 3), 0: (2, 2), 9: (3, 3), 1: (3, 3)}
t_type about to use: 2
h_type: 3
shift dict: {0: 0, 1: 188, 2: 19452, 3: 20010}
count dict: Counter({1: 19264, 3: 940, 2: 558, 0: 188})
Generated 896 negative samples for edge type 7
Epoch 00037, Step00000 | Train_Loss: 0.5448 | Time: 0.0332
Epoch 00037 | Val_Loss 1.1048 | Time(s) 0.0119
EarlyStopping counter: 33 out of 40
Getting training negative samples for edge types: [7]
nodes.shift keys: [0, 1, 2, 3]
nodes.count keys: [0, 1, 2, 3]
links.meta: {6: (1, 3), 2: (3, 3), 8: (2, 2), 7: (3, 2), 5: (3, 3), 4: (2, 2), 3: (2, 0), 11: (3, 3), 10: (3, 3), 0: (2, 2), 9: (3, 3), 1: (3, 3)}
t_type about to use: 2
h_type: 3
shift dict: {0: 0, 1: 188, 2: 19452, 3: 20010}
count dict: Counter({1: 19264, 3: 940, 2: 558, 0: 188})
Generated 896 negative samples for edge type 7
Epoch 00038, Step00000 | Train_Loss: 0.5460 | Time: 0.0335
Epoch 00038 | Val_Loss 1.0524 | Time(s) 0.0126
EarlyStopping counter: 34 out of 40
Getting training negative samples for edge types: [7]
nodes.shift keys: [0, 1, 2, 3]
nodes.count keys: [0, 1, 2, 3]
links.meta: {6: (1, 3), 2: (3, 3), 8: (2, 2), 7: (3, 2), 5: (3, 3), 4: (2, 2), 3: (2, 0), 11: (3, 3), 10: (3, 3), 0: (2, 2), 9: (3, 3), 1: (3, 3)}
t_type about to use: 2
h_type: 3
shift dict: {0: 0, 1: 188, 2: 19452, 3: 20010}
count dict: Counter({1: 19264, 3: 940, 2: 558, 0: 188})
Generated 896 negative samples for edge type 7
Epoch 00039, Step00000 | Train_Loss: 0.5333 | Time: 0.0342
Epoch 00039 | Val_Loss 1.0849 | Time(s) 0.0137
EarlyStopping counter: 35 out of 40
Getting training negative samples for edge types: [7]
nodes.shift keys: [0, 1, 2, 3]
nodes.count keys: [0, 1, 2, 3]
links.meta: {6: (1, 3), 2: (3, 3), 8: (2, 2), 7: (3, 2), 5: (3, 3), 4: (2, 2), 3: (2, 0), 11: (3, 3), 10: (3, 3), 0: (2, 2), 9: (3, 3), 1: (3, 3)}
t_type about to use: 2
h_type: 3
shift dict: {0: 0, 1: 188, 2: 19452, 3: 20010}
count dict: Counter({1: 19264, 3: 940, 2: 558, 0: 188})
Generated 896 negative samples for edge type 7
Epoch 00040, Step00000 | Train_Loss: 0.5420 | Time: 0.0333
Epoch 00040 | Val_Loss 1.1368 | Time(s) 0.0133
EarlyStopping counter: 36 out of 40
Getting training negative samples for edge types: [7]
nodes.shift keys: [0, 1, 2, 3]
nodes.count keys: [0, 1, 2, 3]
links.meta: {6: (1, 3), 2: (3, 3), 8: (2, 2), 7: (3, 2), 5: (3, 3), 4: (2, 2), 3: (2, 0), 11: (3, 3), 10: (3, 3), 0: (2, 2), 9: (3, 3), 1: (3, 3)}
t_type about to use: 2
h_type: 3
shift dict: {0: 0, 1: 188, 2: 19452, 3: 20010}
count dict: Counter({1: 19264, 3: 940, 2: 558, 0: 188})
Generated 896 negative samples for edge type 7
Epoch 00041, Step00000 | Train_Loss: 0.5382 | Time: 0.0317
Epoch 00041 | Val_Loss 1.0864 | Time(s) 0.0124
EarlyStopping counter: 37 out of 40
Getting training negative samples for edge types: [7]
nodes.shift keys: [0, 1, 2, 3]
nodes.count keys: [0, 1, 2, 3]
links.meta: {6: (1, 3), 2: (3, 3), 8: (2, 2), 7: (3, 2), 5: (3, 3), 4: (2, 2), 3: (2, 0), 11: (3, 3), 10: (3, 3), 0: (2, 2), 9: (3, 3), 1: (3, 3)}
t_type about to use: 2
h_type: 3
shift dict: {0: 0, 1: 188, 2: 19452, 3: 20010}
count dict: Counter({1: 19264, 3: 940, 2: 558, 0: 188})
Generated 896 negative samples for edge type 7
Epoch 00042, Step00000 | Train_Loss: 0.5279 | Time: 0.0333
Epoch 00042 | Val_Loss 1.0832 | Time(s) 0.0125
EarlyStopping counter: 38 out of 40
Getting training negative samples for edge types: [7]
nodes.shift keys: [0, 1, 2, 3]
nodes.count keys: [0, 1, 2, 3]
links.meta: {6: (1, 3), 2: (3, 3), 8: (2, 2), 7: (3, 2), 5: (3, 3), 4: (2, 2), 3: (2, 0), 11: (3, 3), 10: (3, 3), 0: (2, 2), 9: (3, 3), 1: (3, 3)}
t_type about to use: 2
h_type: 3
shift dict: {0: 0, 1: 188, 2: 19452, 3: 20010}
count dict: Counter({1: 19264, 3: 940, 2: 558, 0: 188})
Generated 896 negative samples for edge type 7
Epoch 00043, Step00000 | Train_Loss: 0.5361 | Time: 0.0332
Epoch 00043 | Val_Loss 1.0300 | Time(s) 0.0137
EarlyStopping counter: 39 out of 40
Getting training negative samples for edge types: [7]
nodes.shift keys: [0, 1, 2, 3]
nodes.count keys: [0, 1, 2, 3]
links.meta: {6: (1, 3), 2: (3, 3), 8: (2, 2), 7: (3, 2), 5: (3, 3), 4: (2, 2), 3: (2, 0), 11: (3, 3), 10: (3, 3), 0: (2, 2), 9: (3, 3), 1: (3, 3)}
t_type about to use: 2
h_type: 3
shift dict: {0: 0, 1: 188, 2: 19452, 3: 20010}
count dict: Counter({1: 19264, 3: 940, 2: 558, 0: 188})
Generated 896 negative samples for edge type 7
Epoch 00044, Step00000 | Train_Loss: 0.5428 | Time: 0.0350
Epoch 00044 | Val_Loss 1.0170 | Time(s) 0.0137
EarlyStopping counter: 40 out of 40
Early stopping!
Early stopping!
Meta keys: dict_keys([7])
Data keys: dict_keys([7])
Edge type: 7, Meta: (3, 2)
{'roc_auc': 0.5317118622285053, 'MRR': 0.7873563218390804}
{'roc_auc': 0.6641958064157711, 'MRR': 0.8120689655172414}
defaultdict(<class 'float'>, {'roc_auc': 0.5317118622285053, 'MRR': 0.7873563218390804})
defaultdict(<class 'float'>, {'roc_auc': 0.6641958064157711, 'MRR': 0.8120689655172414})
Completed: amazon_style_ccct_features_securebert_fold_4

--------------------------------------
Running model: SimpleHGN
Dataset: amazon_style_ccct_features_securebert_fold_5
--------------------------------------
Data path: ../../data/amazon_style_ccct_features_securebert_fold_5
Loading nodes from ../../data/amazon_style_ccct_features_securebert_fold_5/node.dat
edge types: dict_keys([6, 2, 8, 7, 5, 4, 3, 11, 10, 0, 9, 1])
Getting training negative samples for edge types: [7]
nodes.shift keys: [0, 1, 2, 3]
nodes.count keys: [0, 1, 2, 3]
links.meta: {6: (1, 3), 2: (3, 3), 8: (2, 2), 7: (3, 2), 5: (3, 3), 4: (2, 2), 3: (2, 0), 11: (3, 3), 10: (3, 3), 0: (2, 2), 9: (3, 3), 1: (3, 3)}
t_type about to use: 2
h_type: 3
shift dict: {0: 0, 1: 188, 2: 19452, 3: 20010}
count dict: Counter({1: 19264, 3: 940, 2: 558, 0: 188})
Generated 903 negative samples for edge type 7
Features List: [array([[ 0.00445206,  0.01268557,  0.22351578, ..., -0.28678206,
        -0.37460288,  0.18294938],
       [-0.18744846,  0.07075578,  0.0476894 , ..., -0.2232531 ,
        -0.19588573,  0.47988179],
       [-0.17451471, -0.04557271,  0.15712288, ..., -0.05391889,
        -0.20500693,  0.23744845],
       ...,
       [-0.40584856,  0.04715464,  0.24475315, ..., -0.12466257,
        -0.2035536 ,  0.28577447],
       [-0.18835557,  0.03822717,  0.03586731, ..., -0.23435652,
        -0.35453227,  0.38753107],
       [-0.13632202,  0.14362322,  0.08668749, ..., -0.24145249,
        -0.25799868,  0.26464131]]), array([[-0.02302658,  0.0368569 ,  0.00652144, ..., -0.02803515,
        -0.00893309,  0.00342051],
       [-0.01979104,  0.04036582,  0.01475144, ..., -0.00661969,
        -0.01504144,  0.01323287],
       [-0.02346251,  0.03577969,  0.00104941, ..., -0.01948969,
        -0.02273973,  0.01956808],
       ...,
       [ 0.01112562,  0.01252526, -0.00604169, ..., -0.02203615,
        -0.00625044, -0.01684516],
       [-0.02297131,  0.02604213,  0.00098649, ...,  0.00838303,
        -0.00321861, -0.00570687],
       [-0.01075894,  0.00767744, -0.01424407, ..., -0.02184941,
         0.02614397, -0.01134232]]), array([[ 0.00791158, -0.00538086, -0.02676104, ..., -0.01897389,
        -0.01306979, -0.00084801],
       [ 0.01682901, -0.00649696, -0.01921631, ..., -0.01401017,
        -0.0039668 , -0.02202195],
       [ 0.02197852, -0.01403735, -0.05225722, ...,  0.02019661,
         0.00528841,  0.0033033 ],
       ...,
       [ 0.01603197,  0.00716993, -0.01245602, ..., -0.01399604,
        -0.00058955, -0.0256807 ],
       [ 0.01039577,  0.02045547, -0.02146293, ...,  0.01017929,
         0.02390171,  0.00134994],
       [ 0.00462414,  0.0041195 , -0.0135733 , ..., -0.01101827,
         0.00813001,  0.0203817 ]]), array([[ 0.00087804,  0.00658507, -0.02514569, ..., -0.04238372,
         0.00850771, -0.02565438],
       [-0.0006986 ,  0.01542003, -0.03227317, ..., -0.01301633,
         0.01559736, -0.03614859],
       [-0.01135348,  0.00974955, -0.01812623, ..., -0.01920343,
         0.00887381, -0.0152928 ],
       ...,
       [ 0.00701895, -0.01539859, -0.03025482, ..., -0.03644368,
         0.01254067, -0.0236606 ],
       [-0.00414097,  0.00144739, -0.05197839, ...,  0.00216818,
         0.02755725, -0.03143983],
       [ 0.01779867, -0.02493452, -0.0391779 , ..., -0.01159797,
        -0.00619852, -0.02449675]])]
Getting training negative samples for edge types: [7]
nodes.shift keys: [0, 1, 2, 3]
nodes.count keys: [0, 1, 2, 3]
links.meta: {6: (1, 3), 2: (3, 3), 8: (2, 2), 7: (3, 2), 5: (3, 3), 4: (2, 2), 3: (2, 0), 11: (3, 3), 10: (3, 3), 0: (2, 2), 9: (3, 3), 1: (3, 3)}
t_type about to use: 2
h_type: 3
shift dict: {0: 0, 1: 188, 2: 19452, 3: 20010}
count dict: Counter({1: 19264, 3: 940, 2: 558, 0: 188})
Generated 903 negative samples for edge type 7
Epoch 00000, Step00000 | Train_Loss: 0.6927 | Time: 0.7741
Epoch 00000 | Val_Loss 0.6775 | Time(s) 0.0152
Validation loss decreased (inf --> 0.677534).  Saving model ...
Getting training negative samples for edge types: [7]
nodes.shift keys: [0, 1, 2, 3]
nodes.count keys: [0, 1, 2, 3]
links.meta: {6: (1, 3), 2: (3, 3), 8: (2, 2), 7: (3, 2), 5: (3, 3), 4: (2, 2), 3: (2, 0), 11: (3, 3), 10: (3, 3), 0: (2, 2), 9: (3, 3), 1: (3, 3)}
t_type about to use: 2
h_type: 3
shift dict: {0: 0, 1: 188, 2: 19452, 3: 20010}
count dict: Counter({1: 19264, 3: 940, 2: 558, 0: 188})
Generated 903 negative samples for edge type 7
Epoch 00001, Step00000 | Train_Loss: 0.6836 | Time: 0.0581
Epoch 00001 | Val_Loss 0.6593 | Time(s) 0.0278
Validation loss decreased (0.677534 --> 0.659280).  Saving model ...
Getting training negative samples for edge types: [7]
nodes.shift keys: [0, 1, 2, 3]
nodes.count keys: [0, 1, 2, 3]
links.meta: {6: (1, 3), 2: (3, 3), 8: (2, 2), 7: (3, 2), 5: (3, 3), 4: (2, 2), 3: (2, 0), 11: (3, 3), 10: (3, 3), 0: (2, 2), 9: (3, 3), 1: (3, 3)}
t_type about to use: 2
h_type: 3
shift dict: {0: 0, 1: 188, 2: 19452, 3: 20010}
count dict: Counter({1: 19264, 3: 940, 2: 558, 0: 188})
Generated 903 negative samples for edge type 7
Epoch 00002, Step00000 | Train_Loss: 0.6774 | Time: 0.0498
Epoch 00002 | Val_Loss 0.6421 | Time(s) 0.0109
Validation loss decreased (0.659280 --> 0.642060).  Saving model ...
Getting training negative samples for edge types: [7]
nodes.shift keys: [0, 1, 2, 3]
nodes.count keys: [0, 1, 2, 3]
links.meta: {6: (1, 3), 2: (3, 3), 8: (2, 2), 7: (3, 2), 5: (3, 3), 4: (2, 2), 3: (2, 0), 11: (3, 3), 10: (3, 3), 0: (2, 2), 9: (3, 3), 1: (3, 3)}
t_type about to use: 2
h_type: 3
shift dict: {0: 0, 1: 188, 2: 19452, 3: 20010}
count dict: Counter({1: 19264, 3: 940, 2: 558, 0: 188})
Generated 903 negative samples for edge type 7
Epoch 00003, Step00000 | Train_Loss: 0.6678 | Time: 0.0313
Epoch 00003 | Val_Loss 0.6404 | Time(s) 0.0287
Validation loss decreased (0.642060 --> 0.640445).  Saving model ...
Getting training negative samples for edge types: [7]
nodes.shift keys: [0, 1, 2, 3]
nodes.count keys: [0, 1, 2, 3]
links.meta: {6: (1, 3), 2: (3, 3), 8: (2, 2), 7: (3, 2), 5: (3, 3), 4: (2, 2), 3: (2, 0), 11: (3, 3), 10: (3, 3), 0: (2, 2), 9: (3, 3), 1: (3, 3)}
t_type about to use: 2
h_type: 3
shift dict: {0: 0, 1: 188, 2: 19452, 3: 20010}
count dict: Counter({1: 19264, 3: 940, 2: 558, 0: 188})
Generated 903 negative samples for edge type 7
Epoch 00004, Step00000 | Train_Loss: 0.6502 | Time: 0.0525
Epoch 00004 | Val_Loss 0.6608 | Time(s) 0.0131
EarlyStopping counter: 1 out of 40
Getting training negative samples for edge types: [7]
nodes.shift keys: [0, 1, 2, 3]
nodes.count keys: [0, 1, 2, 3]
links.meta: {6: (1, 3), 2: (3, 3), 8: (2, 2), 7: (3, 2), 5: (3, 3), 4: (2, 2), 3: (2, 0), 11: (3, 3), 10: (3, 3), 0: (2, 2), 9: (3, 3), 1: (3, 3)}
t_type about to use: 2
h_type: 3
shift dict: {0: 0, 1: 188, 2: 19452, 3: 20010}
count dict: Counter({1: 19264, 3: 940, 2: 558, 0: 188})
Generated 903 negative samples for edge type 7
Epoch 00005, Step00000 | Train_Loss: 0.6425 | Time: 0.0516
Epoch 00005 | Val_Loss 0.6883 | Time(s) 0.0147
EarlyStopping counter: 2 out of 40
Getting training negative samples for edge types: [7]
nodes.shift keys: [0, 1, 2, 3]
nodes.count keys: [0, 1, 2, 3]
links.meta: {6: (1, 3), 2: (3, 3), 8: (2, 2), 7: (3, 2), 5: (3, 3), 4: (2, 2), 3: (2, 0), 11: (3, 3), 10: (3, 3), 0: (2, 2), 9: (3, 3), 1: (3, 3)}
t_type about to use: 2
h_type: 3
shift dict: {0: 0, 1: 188, 2: 19452, 3: 20010}
count dict: Counter({1: 19264, 3: 940, 2: 558, 0: 188})
Generated 903 negative samples for edge type 7
Epoch 00006, Step00000 | Train_Loss: 0.6314 | Time: 0.0378
Epoch 00006 | Val_Loss 0.5966 | Time(s) 0.0166
Validation loss decreased (0.640445 --> 0.596557).  Saving model ...
Getting training negative samples for edge types: [7]
nodes.shift keys: [0, 1, 2, 3]
nodes.count keys: [0, 1, 2, 3]
links.meta: {6: (1, 3), 2: (3, 3), 8: (2, 2), 7: (3, 2), 5: (3, 3), 4: (2, 2), 3: (2, 0), 11: (3, 3), 10: (3, 3), 0: (2, 2), 9: (3, 3), 1: (3, 3)}
t_type about to use: 2
h_type: 3
shift dict: {0: 0, 1: 188, 2: 19452, 3: 20010}
count dict: Counter({1: 19264, 3: 940, 2: 558, 0: 188})
Generated 903 negative samples for edge type 7
Epoch 00007, Step00000 | Train_Loss: 0.6154 | Time: 0.0495
Epoch 00007 | Val_Loss 0.7113 | Time(s) 0.0156
EarlyStopping counter: 1 out of 40
Getting training negative samples for edge types: [7]
nodes.shift keys: [0, 1, 2, 3]
nodes.count keys: [0, 1, 2, 3]
links.meta: {6: (1, 3), 2: (3, 3), 8: (2, 2), 7: (3, 2), 5: (3, 3), 4: (2, 2), 3: (2, 0), 11: (3, 3), 10: (3, 3), 0: (2, 2), 9: (3, 3), 1: (3, 3)}
t_type about to use: 2
h_type: 3
shift dict: {0: 0, 1: 188, 2: 19452, 3: 20010}
count dict: Counter({1: 19264, 3: 940, 2: 558, 0: 188})
Generated 903 negative samples for edge type 7
Epoch 00008, Step00000 | Train_Loss: 0.6055 | Time: 0.0490
Epoch 00008 | Val_Loss 0.6824 | Time(s) 0.0103
EarlyStopping counter: 2 out of 40
Getting training negative samples for edge types: [7]
nodes.shift keys: [0, 1, 2, 3]
nodes.count keys: [0, 1, 2, 3]
links.meta: {6: (1, 3), 2: (3, 3), 8: (2, 2), 7: (3, 2), 5: (3, 3), 4: (2, 2), 3: (2, 0), 11: (3, 3), 10: (3, 3), 0: (2, 2), 9: (3, 3), 1: (3, 3)}
t_type about to use: 2
h_type: 3
shift dict: {0: 0, 1: 188, 2: 19452, 3: 20010}
count dict: Counter({1: 19264, 3: 940, 2: 558, 0: 188})
Generated 903 negative samples for edge type 7
Epoch 00009, Step00000 | Train_Loss: 0.5973 | Time: 0.0465
Epoch 00009 | Val_Loss 0.7734 | Time(s) 0.0098
EarlyStopping counter: 3 out of 40
Getting training negative samples for edge types: [7]
nodes.shift keys: [0, 1, 2, 3]
nodes.count keys: [0, 1, 2, 3]
links.meta: {6: (1, 3), 2: (3, 3), 8: (2, 2), 7: (3, 2), 5: (3, 3), 4: (2, 2), 3: (2, 0), 11: (3, 3), 10: (3, 3), 0: (2, 2), 9: (3, 3), 1: (3, 3)}
t_type about to use: 2
h_type: 3
shift dict: {0: 0, 1: 188, 2: 19452, 3: 20010}
count dict: Counter({1: 19264, 3: 940, 2: 558, 0: 188})
Generated 903 negative samples for edge type 7
Epoch 00010, Step00000 | Train_Loss: 0.5931 | Time: 0.0521
Epoch 00010 | Val_Loss 0.8230 | Time(s) 0.0129
EarlyStopping counter: 4 out of 40
Getting training negative samples for edge types: [7]
nodes.shift keys: [0, 1, 2, 3]
nodes.count keys: [0, 1, 2, 3]
links.meta: {6: (1, 3), 2: (3, 3), 8: (2, 2), 7: (3, 2), 5: (3, 3), 4: (2, 2), 3: (2, 0), 11: (3, 3), 10: (3, 3), 0: (2, 2), 9: (3, 3), 1: (3, 3)}
t_type about to use: 2
h_type: 3
shift dict: {0: 0, 1: 188, 2: 19452, 3: 20010}
count dict: Counter({1: 19264, 3: 940, 2: 558, 0: 188})
Generated 903 negative samples for edge type 7
Epoch 00011, Step00000 | Train_Loss: 0.5741 | Time: 0.0513
Epoch 00011 | Val_Loss 0.8320 | Time(s) 0.0097
EarlyStopping counter: 5 out of 40
Getting training negative samples for edge types: [7]
nodes.shift keys: [0, 1, 2, 3]
nodes.count keys: [0, 1, 2, 3]
links.meta: {6: (1, 3), 2: (3, 3), 8: (2, 2), 7: (3, 2), 5: (3, 3), 4: (2, 2), 3: (2, 0), 11: (3, 3), 10: (3, 3), 0: (2, 2), 9: (3, 3), 1: (3, 3)}
t_type about to use: 2
h_type: 3
shift dict: {0: 0, 1: 188, 2: 19452, 3: 20010}
count dict: Counter({1: 19264, 3: 940, 2: 558, 0: 188})
Generated 903 negative samples for edge type 7
Epoch 00012, Step00000 | Train_Loss: 0.5687 | Time: 0.0323
Epoch 00012 | Val_Loss 0.7730 | Time(s) 0.0234
EarlyStopping counter: 6 out of 40
Getting training negative samples for edge types: [7]
nodes.shift keys: [0, 1, 2, 3]
nodes.count keys: [0, 1, 2, 3]
links.meta: {6: (1, 3), 2: (3, 3), 8: (2, 2), 7: (3, 2), 5: (3, 3), 4: (2, 2), 3: (2, 0), 11: (3, 3), 10: (3, 3), 0: (2, 2), 9: (3, 3), 1: (3, 3)}
t_type about to use: 2
h_type: 3
shift dict: {0: 0, 1: 188, 2: 19452, 3: 20010}
count dict: Counter({1: 19264, 3: 940, 2: 558, 0: 188})
Generated 903 negative samples for edge type 7
Epoch 00013, Step00000 | Train_Loss: 0.5624 | Time: 0.0298
Epoch 00013 | Val_Loss 0.9586 | Time(s) 0.0252
EarlyStopping counter: 7 out of 40
Getting training negative samples for edge types: [7]
nodes.shift keys: [0, 1, 2, 3]
nodes.count keys: [0, 1, 2, 3]
links.meta: {6: (1, 3), 2: (3, 3), 8: (2, 2), 7: (3, 2), 5: (3, 3), 4: (2, 2), 3: (2, 0), 11: (3, 3), 10: (3, 3), 0: (2, 2), 9: (3, 3), 1: (3, 3)}
t_type about to use: 2
h_type: 3
shift dict: {0: 0, 1: 188, 2: 19452, 3: 20010}
count dict: Counter({1: 19264, 3: 940, 2: 558, 0: 188})
Generated 903 negative samples for edge type 7
Epoch 00014, Step00000 | Train_Loss: 0.5609 | Time: 0.0345
Epoch 00014 | Val_Loss 0.9079 | Time(s) 0.0312
EarlyStopping counter: 8 out of 40
Getting training negative samples for edge types: [7]
nodes.shift keys: [0, 1, 2, 3]
nodes.count keys: [0, 1, 2, 3]
links.meta: {6: (1, 3), 2: (3, 3), 8: (2, 2), 7: (3, 2), 5: (3, 3), 4: (2, 2), 3: (2, 0), 11: (3, 3), 10: (3, 3), 0: (2, 2), 9: (3, 3), 1: (3, 3)}
t_type about to use: 2
h_type: 3
shift dict: {0: 0, 1: 188, 2: 19452, 3: 20010}
count dict: Counter({1: 19264, 3: 940, 2: 558, 0: 188})
Generated 903 negative samples for edge type 7
Epoch 00015, Step00000 | Train_Loss: 0.5578 | Time: 0.0308
Epoch 00015 | Val_Loss 0.8986 | Time(s) 0.0201
EarlyStopping counter: 9 out of 40
Getting training negative samples for edge types: [7]
nodes.shift keys: [0, 1, 2, 3]
nodes.count keys: [0, 1, 2, 3]
links.meta: {6: (1, 3), 2: (3, 3), 8: (2, 2), 7: (3, 2), 5: (3, 3), 4: (2, 2), 3: (2, 0), 11: (3, 3), 10: (3, 3), 0: (2, 2), 9: (3, 3), 1: (3, 3)}
t_type about to use: 2
h_type: 3
shift dict: {0: 0, 1: 188, 2: 19452, 3: 20010}
count dict: Counter({1: 19264, 3: 940, 2: 558, 0: 188})
Generated 903 negative samples for edge type 7
Epoch 00016, Step00000 | Train_Loss: 0.5467 | Time: 0.0372
Epoch 00016 | Val_Loss 0.9040 | Time(s) 0.0229
EarlyStopping counter: 10 out of 40
Getting training negative samples for edge types: [7]
nodes.shift keys: [0, 1, 2, 3]
nodes.count keys: [0, 1, 2, 3]
links.meta: {6: (1, 3), 2: (3, 3), 8: (2, 2), 7: (3, 2), 5: (3, 3), 4: (2, 2), 3: (2, 0), 11: (3, 3), 10: (3, 3), 0: (2, 2), 9: (3, 3), 1: (3, 3)}
t_type about to use: 2
h_type: 3
shift dict: {0: 0, 1: 188, 2: 19452, 3: 20010}
count dict: Counter({1: 19264, 3: 940, 2: 558, 0: 188})
Generated 903 negative samples for edge type 7
Epoch 00017, Step00000 | Train_Loss: 0.5731 | Time: 0.0331
Epoch 00017 | Val_Loss 0.9219 | Time(s) 0.0151
EarlyStopping counter: 11 out of 40
Getting training negative samples for edge types: [7]
nodes.shift keys: [0, 1, 2, 3]
nodes.count keys: [0, 1, 2, 3]
links.meta: {6: (1, 3), 2: (3, 3), 8: (2, 2), 7: (3, 2), 5: (3, 3), 4: (2, 2), 3: (2, 0), 11: (3, 3), 10: (3, 3), 0: (2, 2), 9: (3, 3), 1: (3, 3)}
t_type about to use: 2
h_type: 3
shift dict: {0: 0, 1: 188, 2: 19452, 3: 20010}
count dict: Counter({1: 19264, 3: 940, 2: 558, 0: 188})
Generated 903 negative samples for edge type 7
Epoch 00018, Step00000 | Train_Loss: 0.5465 | Time: 0.0444
Epoch 00018 | Val_Loss 0.9367 | Time(s) 0.0102
EarlyStopping counter: 12 out of 40
Getting training negative samples for edge types: [7]
nodes.shift keys: [0, 1, 2, 3]
nodes.count keys: [0, 1, 2, 3]
links.meta: {6: (1, 3), 2: (3, 3), 8: (2, 2), 7: (3, 2), 5: (3, 3), 4: (2, 2), 3: (2, 0), 11: (3, 3), 10: (3, 3), 0: (2, 2), 9: (3, 3), 1: (3, 3)}
t_type about to use: 2
h_type: 3
shift dict: {0: 0, 1: 188, 2: 19452, 3: 20010}
count dict: Counter({1: 19264, 3: 940, 2: 558, 0: 188})
Generated 903 negative samples for edge type 7
Epoch 00019, Step00000 | Train_Loss: 0.5512 | Time: 0.0511
Epoch 00019 | Val_Loss 0.8413 | Time(s) 0.0101
EarlyStopping counter: 13 out of 40
Getting training negative samples for edge types: [7]
nodes.shift keys: [0, 1, 2, 3]
nodes.count keys: [0, 1, 2, 3]
links.meta: {6: (1, 3), 2: (3, 3), 8: (2, 2), 7: (3, 2), 5: (3, 3), 4: (2, 2), 3: (2, 0), 11: (3, 3), 10: (3, 3), 0: (2, 2), 9: (3, 3), 1: (3, 3)}
t_type about to use: 2
h_type: 3
shift dict: {0: 0, 1: 188, 2: 19452, 3: 20010}
count dict: Counter({1: 19264, 3: 940, 2: 558, 0: 188})
Generated 903 negative samples for edge type 7
Epoch 00020, Step00000 | Train_Loss: 0.5675 | Time: 0.0392
Epoch 00020 | Val_Loss 0.9507 | Time(s) 0.0165
EarlyStopping counter: 14 out of 40
Getting training negative samples for edge types: [7]
nodes.shift keys: [0, 1, 2, 3]
nodes.count keys: [0, 1, 2, 3]
links.meta: {6: (1, 3), 2: (3, 3), 8: (2, 2), 7: (3, 2), 5: (3, 3), 4: (2, 2), 3: (2, 0), 11: (3, 3), 10: (3, 3), 0: (2, 2), 9: (3, 3), 1: (3, 3)}
t_type about to use: 2
h_type: 3
shift dict: {0: 0, 1: 188, 2: 19452, 3: 20010}
count dict: Counter({1: 19264, 3: 940, 2: 558, 0: 188})
Generated 903 negative samples for edge type 7
Epoch 00021, Step00000 | Train_Loss: 0.5410 | Time: 0.0282
Epoch 00021 | Val_Loss 0.9544 | Time(s) 0.0263
EarlyStopping counter: 15 out of 40
Getting training negative samples for edge types: [7]
nodes.shift keys: [0, 1, 2, 3]
nodes.count keys: [0, 1, 2, 3]
links.meta: {6: (1, 3), 2: (3, 3), 8: (2, 2), 7: (3, 2), 5: (3, 3), 4: (2, 2), 3: (2, 0), 11: (3, 3), 10: (3, 3), 0: (2, 2), 9: (3, 3), 1: (3, 3)}
t_type about to use: 2
h_type: 3
shift dict: {0: 0, 1: 188, 2: 19452, 3: 20010}
count dict: Counter({1: 19264, 3: 940, 2: 558, 0: 188})
Generated 903 negative samples for edge type 7
Epoch 00022, Step00000 | Train_Loss: 0.5586 | Time: 0.0264
Epoch 00022 | Val_Loss 0.9502 | Time(s) 0.0166
EarlyStopping counter: 16 out of 40
Getting training negative samples for edge types: [7]
nodes.shift keys: [0, 1, 2, 3]
nodes.count keys: [0, 1, 2, 3]
links.meta: {6: (1, 3), 2: (3, 3), 8: (2, 2), 7: (3, 2), 5: (3, 3), 4: (2, 2), 3: (2, 0), 11: (3, 3), 10: (3, 3), 0: (2, 2), 9: (3, 3), 1: (3, 3)}
t_type about to use: 2
h_type: 3
shift dict: {0: 0, 1: 188, 2: 19452, 3: 20010}
count dict: Counter({1: 19264, 3: 940, 2: 558, 0: 188})
Generated 903 negative samples for edge type 7
Epoch 00023, Step00000 | Train_Loss: 0.5479 | Time: 0.0393
Epoch 00023 | Val_Loss 0.9376 | Time(s) 0.0100
EarlyStopping counter: 17 out of 40
Getting training negative samples for edge types: [7]
nodes.shift keys: [0, 1, 2, 3]
nodes.count keys: [0, 1, 2, 3]
links.meta: {6: (1, 3), 2: (3, 3), 8: (2, 2), 7: (3, 2), 5: (3, 3), 4: (2, 2), 3: (2, 0), 11: (3, 3), 10: (3, 3), 0: (2, 2), 9: (3, 3), 1: (3, 3)}
t_type about to use: 2
h_type: 3
shift dict: {0: 0, 1: 188, 2: 19452, 3: 20010}
count dict: Counter({1: 19264, 3: 940, 2: 558, 0: 188})
Generated 903 negative samples for edge type 7
Epoch 00024, Step00000 | Train_Loss: 0.5497 | Time: 0.0503
Epoch 00024 | Val_Loss 0.9021 | Time(s) 0.0113
EarlyStopping counter: 18 out of 40
Getting training negative samples for edge types: [7]
nodes.shift keys: [0, 1, 2, 3]
nodes.count keys: [0, 1, 2, 3]
links.meta: {6: (1, 3), 2: (3, 3), 8: (2, 2), 7: (3, 2), 5: (3, 3), 4: (2, 2), 3: (2, 0), 11: (3, 3), 10: (3, 3), 0: (2, 2), 9: (3, 3), 1: (3, 3)}
t_type about to use: 2
h_type: 3
shift dict: {0: 0, 1: 188, 2: 19452, 3: 20010}
count dict: Counter({1: 19264, 3: 940, 2: 558, 0: 188})
Generated 903 negative samples for edge type 7
Epoch 00025, Step00000 | Train_Loss: 0.5500 | Time: 0.0519
Epoch 00025 | Val_Loss 0.8949 | Time(s) 0.0106
EarlyStopping counter: 19 out of 40
Getting training negative samples for edge types: [7]
nodes.shift keys: [0, 1, 2, 3]
nodes.count keys: [0, 1, 2, 3]
links.meta: {6: (1, 3), 2: (3, 3), 8: (2, 2), 7: (3, 2), 5: (3, 3), 4: (2, 2), 3: (2, 0), 11: (3, 3), 10: (3, 3), 0: (2, 2), 9: (3, 3), 1: (3, 3)}
t_type about to use: 2
h_type: 3
shift dict: {0: 0, 1: 188, 2: 19452, 3: 20010}
count dict: Counter({1: 19264, 3: 940, 2: 558, 0: 188})
Generated 903 negative samples for edge type 7
Epoch 00026, Step00000 | Train_Loss: 0.5463 | Time: 0.0324
Epoch 00026 | Val_Loss 0.8305 | Time(s) 0.0234
EarlyStopping counter: 20 out of 40
Getting training negative samples for edge types: [7]
nodes.shift keys: [0, 1, 2, 3]
nodes.count keys: [0, 1, 2, 3]
links.meta: {6: (1, 3), 2: (3, 3), 8: (2, 2), 7: (3, 2), 5: (3, 3), 4: (2, 2), 3: (2, 0), 11: (3, 3), 10: (3, 3), 0: (2, 2), 9: (3, 3), 1: (3, 3)}
t_type about to use: 2
h_type: 3
shift dict: {0: 0, 1: 188, 2: 19452, 3: 20010}
count dict: Counter({1: 19264, 3: 940, 2: 558, 0: 188})
Generated 903 negative samples for edge type 7
Epoch 00027, Step00000 | Train_Loss: 0.5599 | Time: 0.0282
Epoch 00027 | Val_Loss 0.8575 | Time(s) 0.0268
EarlyStopping counter: 21 out of 40
Getting training negative samples for edge types: [7]
nodes.shift keys: [0, 1, 2, 3]
nodes.count keys: [0, 1, 2, 3]
links.meta: {6: (1, 3), 2: (3, 3), 8: (2, 2), 7: (3, 2), 5: (3, 3), 4: (2, 2), 3: (2, 0), 11: (3, 3), 10: (3, 3), 0: (2, 2), 9: (3, 3), 1: (3, 3)}
t_type about to use: 2
h_type: 3
shift dict: {0: 0, 1: 188, 2: 19452, 3: 20010}
count dict: Counter({1: 19264, 3: 940, 2: 558, 0: 188})
Generated 903 negative samples for edge type 7
Epoch 00028, Step00000 | Train_Loss: 0.5473 | Time: 0.0273
Epoch 00028 | Val_Loss 0.8861 | Time(s) 0.0163
EarlyStopping counter: 22 out of 40
Getting training negative samples for edge types: [7]
nodes.shift keys: [0, 1, 2, 3]
nodes.count keys: [0, 1, 2, 3]
links.meta: {6: (1, 3), 2: (3, 3), 8: (2, 2), 7: (3, 2), 5: (3, 3), 4: (2, 2), 3: (2, 0), 11: (3, 3), 10: (3, 3), 0: (2, 2), 9: (3, 3), 1: (3, 3)}
t_type about to use: 2
h_type: 3
shift dict: {0: 0, 1: 188, 2: 19452, 3: 20010}
count dict: Counter({1: 19264, 3: 940, 2: 558, 0: 188})
Generated 903 negative samples for edge type 7
Epoch 00029, Step00000 | Train_Loss: 0.5471 | Time: 0.0378
Epoch 00029 | Val_Loss 0.8768 | Time(s) 0.0162
EarlyStopping counter: 23 out of 40
Getting training negative samples for edge types: [7]
nodes.shift keys: [0, 1, 2, 3]
nodes.count keys: [0, 1, 2, 3]
links.meta: {6: (1, 3), 2: (3, 3), 8: (2, 2), 7: (3, 2), 5: (3, 3), 4: (2, 2), 3: (2, 0), 11: (3, 3), 10: (3, 3), 0: (2, 2), 9: (3, 3), 1: (3, 3)}
t_type about to use: 2
h_type: 3
shift dict: {0: 0, 1: 188, 2: 19452, 3: 20010}
count dict: Counter({1: 19264, 3: 940, 2: 558, 0: 188})
Generated 903 negative samples for edge type 7
Epoch 00030, Step00000 | Train_Loss: 0.5439 | Time: 0.0437
Epoch 00030 | Val_Loss 0.9130 | Time(s) 0.0099
EarlyStopping counter: 24 out of 40
Getting training negative samples for edge types: [7]
nodes.shift keys: [0, 1, 2, 3]
nodes.count keys: [0, 1, 2, 3]
links.meta: {6: (1, 3), 2: (3, 3), 8: (2, 2), 7: (3, 2), 5: (3, 3), 4: (2, 2), 3: (2, 0), 11: (3, 3), 10: (3, 3), 0: (2, 2), 9: (3, 3), 1: (3, 3)}
t_type about to use: 2
h_type: 3
shift dict: {0: 0, 1: 188, 2: 19452, 3: 20010}
count dict: Counter({1: 19264, 3: 940, 2: 558, 0: 188})
Generated 903 negative samples for edge type 7
Epoch 00031, Step00000 | Train_Loss: 0.5348 | Time: 0.0517
Epoch 00031 | Val_Loss 0.8481 | Time(s) 0.0126
EarlyStopping counter: 25 out of 40
Getting training negative samples for edge types: [7]
nodes.shift keys: [0, 1, 2, 3]
nodes.count keys: [0, 1, 2, 3]
links.meta: {6: (1, 3), 2: (3, 3), 8: (2, 2), 7: (3, 2), 5: (3, 3), 4: (2, 2), 3: (2, 0), 11: (3, 3), 10: (3, 3), 0: (2, 2), 9: (3, 3), 1: (3, 3)}
t_type about to use: 2
h_type: 3
shift dict: {0: 0, 1: 188, 2: 19452, 3: 20010}
count dict: Counter({1: 19264, 3: 940, 2: 558, 0: 188})
Generated 903 negative samples for edge type 7
Epoch 00032, Step00000 | Train_Loss: 0.5308 | Time: 0.0523
Epoch 00032 | Val_Loss 0.9333 | Time(s) 0.0118
EarlyStopping counter: 26 out of 40
Getting training negative samples for edge types: [7]
nodes.shift keys: [0, 1, 2, 3]
nodes.count keys: [0, 1, 2, 3]
links.meta: {6: (1, 3), 2: (3, 3), 8: (2, 2), 7: (3, 2), 5: (3, 3), 4: (2, 2), 3: (2, 0), 11: (3, 3), 10: (3, 3), 0: (2, 2), 9: (3, 3), 1: (3, 3)}
t_type about to use: 2
h_type: 3
shift dict: {0: 0, 1: 188, 2: 19452, 3: 20010}
count dict: Counter({1: 19264, 3: 940, 2: 558, 0: 188})
Generated 903 negative samples for edge type 7
Epoch 00033, Step00000 | Train_Loss: 0.5271 | Time: 0.0352
Epoch 00033 | Val_Loss 0.9491 | Time(s) 0.0230
EarlyStopping counter: 27 out of 40
Getting training negative samples for edge types: [7]
nodes.shift keys: [0, 1, 2, 3]
nodes.count keys: [0, 1, 2, 3]
links.meta: {6: (1, 3), 2: (3, 3), 8: (2, 2), 7: (3, 2), 5: (3, 3), 4: (2, 2), 3: (2, 0), 11: (3, 3), 10: (3, 3), 0: (2, 2), 9: (3, 3), 1: (3, 3)}
t_type about to use: 2
h_type: 3
shift dict: {0: 0, 1: 188, 2: 19452, 3: 20010}
count dict: Counter({1: 19264, 3: 940, 2: 558, 0: 188})
Generated 903 negative samples for edge type 7
Epoch 00034, Step00000 | Train_Loss: 0.5349 | Time: 0.0262
Epoch 00034 | Val_Loss 0.9467 | Time(s) 0.0245
EarlyStopping counter: 28 out of 40
Getting training negative samples for edge types: [7]
nodes.shift keys: [0, 1, 2, 3]
nodes.count keys: [0, 1, 2, 3]
links.meta: {6: (1, 3), 2: (3, 3), 8: (2, 2), 7: (3, 2), 5: (3, 3), 4: (2, 2), 3: (2, 0), 11: (3, 3), 10: (3, 3), 0: (2, 2), 9: (3, 3), 1: (3, 3)}
t_type about to use: 2
h_type: 3
shift dict: {0: 0, 1: 188, 2: 19452, 3: 20010}
count dict: Counter({1: 19264, 3: 940, 2: 558, 0: 188})
Generated 903 negative samples for edge type 7
Epoch 00035, Step00000 | Train_Loss: 0.5390 | Time: 0.0283
Epoch 00035 | Val_Loss 0.9724 | Time(s) 0.0205
EarlyStopping counter: 29 out of 40
Getting training negative samples for edge types: [7]
nodes.shift keys: [0, 1, 2, 3]
nodes.count keys: [0, 1, 2, 3]
links.meta: {6: (1, 3), 2: (3, 3), 8: (2, 2), 7: (3, 2), 5: (3, 3), 4: (2, 2), 3: (2, 0), 11: (3, 3), 10: (3, 3), 0: (2, 2), 9: (3, 3), 1: (3, 3)}
t_type about to use: 2
h_type: 3
shift dict: {0: 0, 1: 188, 2: 19452, 3: 20010}
count dict: Counter({1: 19264, 3: 940, 2: 558, 0: 188})
Generated 903 negative samples for edge type 7
Epoch 00036, Step00000 | Train_Loss: 0.5303 | Time: 0.0329
Epoch 00036 | Val_Loss 1.0557 | Time(s) 0.0146
EarlyStopping counter: 30 out of 40
Getting training negative samples for edge types: [7]
nodes.shift keys: [0, 1, 2, 3]
nodes.count keys: [0, 1, 2, 3]
links.meta: {6: (1, 3), 2: (3, 3), 8: (2, 2), 7: (3, 2), 5: (3, 3), 4: (2, 2), 3: (2, 0), 11: (3, 3), 10: (3, 3), 0: (2, 2), 9: (3, 3), 1: (3, 3)}
t_type about to use: 2
h_type: 3
shift dict: {0: 0, 1: 188, 2: 19452, 3: 20010}
count dict: Counter({1: 19264, 3: 940, 2: 558, 0: 188})
Generated 903 negative samples for edge type 7
Epoch 00037, Step00000 | Train_Loss: 0.5324 | Time: 0.0450
Epoch 00037 | Val_Loss 0.9343 | Time(s) 0.0107
EarlyStopping counter: 31 out of 40
Getting training negative samples for edge types: [7]
nodes.shift keys: [0, 1, 2, 3]
nodes.count keys: [0, 1, 2, 3]
links.meta: {6: (1, 3), 2: (3, 3), 8: (2, 2), 7: (3, 2), 5: (3, 3), 4: (2, 2), 3: (2, 0), 11: (3, 3), 10: (3, 3), 0: (2, 2), 9: (3, 3), 1: (3, 3)}
t_type about to use: 2
h_type: 3
shift dict: {0: 0, 1: 188, 2: 19452, 3: 20010}
count dict: Counter({1: 19264, 3: 940, 2: 558, 0: 188})
Generated 903 negative samples for edge type 7
Epoch 00038, Step00000 | Train_Loss: 0.5295 | Time: 0.0491
Epoch 00038 | Val_Loss 0.9367 | Time(s) 0.0125
EarlyStopping counter: 32 out of 40
Getting training negative samples for edge types: [7]
nodes.shift keys: [0, 1, 2, 3]
nodes.count keys: [0, 1, 2, 3]
links.meta: {6: (1, 3), 2: (3, 3), 8: (2, 2), 7: (3, 2), 5: (3, 3), 4: (2, 2), 3: (2, 0), 11: (3, 3), 10: (3, 3), 0: (2, 2), 9: (3, 3), 1: (3, 3)}
t_type about to use: 2
h_type: 3
shift dict: {0: 0, 1: 188, 2: 19452, 3: 20010}
count dict: Counter({1: 19264, 3: 940, 2: 558, 0: 188})
Generated 903 negative samples for edge type 7
Epoch 00039, Step00000 | Train_Loss: 0.5174 | Time: 0.0496
Epoch 00039 | Val_Loss 0.9683 | Time(s) 0.0097
EarlyStopping counter: 33 out of 40
Getting training negative samples for edge types: [7]
nodes.shift keys: [0, 1, 2, 3]
nodes.count keys: [0, 1, 2, 3]
links.meta: {6: (1, 3), 2: (3, 3), 8: (2, 2), 7: (3, 2), 5: (3, 3), 4: (2, 2), 3: (2, 0), 11: (3, 3), 10: (3, 3), 0: (2, 2), 9: (3, 3), 1: (3, 3)}
t_type about to use: 2
h_type: 3
shift dict: {0: 0, 1: 188, 2: 19452, 3: 20010}
count dict: Counter({1: 19264, 3: 940, 2: 558, 0: 188})
Generated 903 negative samples for edge type 7
Epoch 00040, Step00000 | Train_Loss: 0.5205 | Time: 0.0536
Epoch 00040 | Val_Loss 0.9870 | Time(s) 0.0114
EarlyStopping counter: 34 out of 40
Getting training negative samples for edge types: [7]
nodes.shift keys: [0, 1, 2, 3]
nodes.count keys: [0, 1, 2, 3]
links.meta: {6: (1, 3), 2: (3, 3), 8: (2, 2), 7: (3, 2), 5: (3, 3), 4: (2, 2), 3: (2, 0), 11: (3, 3), 10: (3, 3), 0: (2, 2), 9: (3, 3), 1: (3, 3)}
t_type about to use: 2
h_type: 3
shift dict: {0: 0, 1: 188, 2: 19452, 3: 20010}
count dict: Counter({1: 19264, 3: 940, 2: 558, 0: 188})
Generated 903 negative samples for edge type 7
Epoch 00041, Step00000 | Train_Loss: 0.5253 | Time: 0.0333
Epoch 00041 | Val_Loss 0.8564 | Time(s) 0.0260
EarlyStopping counter: 35 out of 40
Getting training negative samples for edge types: [7]
nodes.shift keys: [0, 1, 2, 3]
nodes.count keys: [0, 1, 2, 3]
links.meta: {6: (1, 3), 2: (3, 3), 8: (2, 2), 7: (3, 2), 5: (3, 3), 4: (2, 2), 3: (2, 0), 11: (3, 3), 10: (3, 3), 0: (2, 2), 9: (3, 3), 1: (3, 3)}
t_type about to use: 2
h_type: 3
shift dict: {0: 0, 1: 188, 2: 19452, 3: 20010}
count dict: Counter({1: 19264, 3: 940, 2: 558, 0: 188})
Generated 903 negative samples for edge type 7
Epoch 00042, Step00000 | Train_Loss: 0.5123 | Time: 0.0302
Epoch 00042 | Val_Loss 0.9337 | Time(s) 0.0306
EarlyStopping counter: 36 out of 40
Getting training negative samples for edge types: [7]
nodes.shift keys: [0, 1, 2, 3]
nodes.count keys: [0, 1, 2, 3]
links.meta: {6: (1, 3), 2: (3, 3), 8: (2, 2), 7: (3, 2), 5: (3, 3), 4: (2, 2), 3: (2, 0), 11: (3, 3), 10: (3, 3), 0: (2, 2), 9: (3, 3), 1: (3, 3)}
t_type about to use: 2
h_type: 3
shift dict: {0: 0, 1: 188, 2: 19452, 3: 20010}
count dict: Counter({1: 19264, 3: 940, 2: 558, 0: 188})
Generated 903 negative samples for edge type 7
Epoch 00043, Step00000 | Train_Loss: 0.5127 | Time: 0.0268
Epoch 00043 | Val_Loss 0.9449 | Time(s) 0.0156
EarlyStopping counter: 37 out of 40
Getting training negative samples for edge types: [7]
nodes.shift keys: [0, 1, 2, 3]
nodes.count keys: [0, 1, 2, 3]
links.meta: {6: (1, 3), 2: (3, 3), 8: (2, 2), 7: (3, 2), 5: (3, 3), 4: (2, 2), 3: (2, 0), 11: (3, 3), 10: (3, 3), 0: (2, 2), 9: (3, 3), 1: (3, 3)}
t_type about to use: 2
h_type: 3
shift dict: {0: 0, 1: 188, 2: 19452, 3: 20010}
count dict: Counter({1: 19264, 3: 940, 2: 558, 0: 188})
Generated 903 negative samples for edge type 7
Epoch 00044, Step00000 | Train_Loss: 0.4957 | Time: 0.0392
Epoch 00044 | Val_Loss 0.8729 | Time(s) 0.0101
EarlyStopping counter: 38 out of 40
Getting training negative samples for edge types: [7]
nodes.shift keys: [0, 1, 2, 3]
nodes.count keys: [0, 1, 2, 3]
links.meta: {6: (1, 3), 2: (3, 3), 8: (2, 2), 7: (3, 2), 5: (3, 3), 4: (2, 2), 3: (2, 0), 11: (3, 3), 10: (3, 3), 0: (2, 2), 9: (3, 3), 1: (3, 3)}
t_type about to use: 2
h_type: 3
shift dict: {0: 0, 1: 188, 2: 19452, 3: 20010}
count dict: Counter({1: 19264, 3: 940, 2: 558, 0: 188})
Generated 903 negative samples for edge type 7
Epoch 00045, Step00000 | Train_Loss: 0.5073 | Time: 0.0491
Epoch 00045 | Val_Loss 0.8573 | Time(s) 0.0137
EarlyStopping counter: 39 out of 40
Getting training negative samples for edge types: [7]
nodes.shift keys: [0, 1, 2, 3]
nodes.count keys: [0, 1, 2, 3]
links.meta: {6: (1, 3), 2: (3, 3), 8: (2, 2), 7: (3, 2), 5: (3, 3), 4: (2, 2), 3: (2, 0), 11: (3, 3), 10: (3, 3), 0: (2, 2), 9: (3, 3), 1: (3, 3)}
t_type about to use: 2
h_type: 3
shift dict: {0: 0, 1: 188, 2: 19452, 3: 20010}
count dict: Counter({1: 19264, 3: 940, 2: 558, 0: 188})
Generated 903 negative samples for edge type 7
Epoch 00046, Step00000 | Train_Loss: 0.5016 | Time: 0.0506
Epoch 00046 | Val_Loss 0.8218 | Time(s) 0.0093
EarlyStopping counter: 40 out of 40
Early stopping!
Early stopping!
Meta keys: dict_keys([7])
Data keys: dict_keys([7])
Edge type: 7, Meta: (3, 2)
{'roc_auc': 0.5394708730950006, 'MRR': 0.771882951653944}
{'roc_auc': 0.6490007767813006, 'MRR': 0.8352417302798981}
defaultdict(<class 'float'>, {'roc_auc': 0.5394708730950006, 'MRR': 0.771882951653944})
defaultdict(<class 'float'>, {'roc_auc': 0.6490007767813006, 'MRR': 0.8352417302798981})
Completed: amazon_style_ccct_features_securebert_fold_5

=== Repetition 2/6 ===
--------------------------------------
Running model: SimpleHGN
Dataset: amazon_style_ccct_features_securebert_fold_1
--------------------------------------
Data path: ../../data/amazon_style_ccct_features_securebert_fold_1
Loading nodes from ../../data/amazon_style_ccct_features_securebert_fold_1/node.dat
edge types: dict_keys([8, 6, 7, 5, 4, 0, 3, 2, 9, 10, 1, 11])
Getting training negative samples for edge types: [7]
nodes.shift keys: [0, 1, 2, 3]
nodes.count keys: [0, 1, 2, 3]
links.meta: {8: (2, 2), 6: (1, 3), 7: (3, 2), 5: (3, 3), 4: (2, 2), 0: (2, 2), 3: (2, 0), 2: (3, 3), 9: (3, 3), 10: (3, 3), 1: (3, 3), 11: (3, 3)}
t_type about to use: 2
h_type: 3
shift dict: {0: 0, 1: 188, 2: 19452, 3: 20010}
count dict: Counter({1: 19264, 3: 940, 2: 558, 0: 188})
Generated 910 negative samples for edge type 7
Features List: [array([[ 0.00445206,  0.01268557,  0.22351578, ..., -0.28678206,
        -0.37460288,  0.18294938],
       [-0.18744846,  0.07075578,  0.0476894 , ..., -0.2232531 ,
        -0.19588573,  0.47988179],
       [-0.17451471, -0.04557271,  0.15712288, ..., -0.05391889,
        -0.20500693,  0.23744845],
       ...,
       [-0.40584856,  0.04715464,  0.24475315, ..., -0.12466257,
        -0.2035536 ,  0.28577447],
       [-0.18835557,  0.03822717,  0.03586731, ..., -0.23435652,
        -0.35453227,  0.38753107],
       [-0.13632202,  0.14362322,  0.08668749, ..., -0.24145249,
        -0.25799868,  0.26464131]]), array([[-0.02302658,  0.0368569 ,  0.00652144, ..., -0.02803515,
        -0.00893309,  0.00342051],
       [-0.01979104,  0.04036582,  0.01475144, ..., -0.00661969,
        -0.01504144,  0.01323287],
       [-0.02346251,  0.03577969,  0.00104941, ..., -0.01948969,
        -0.02273973,  0.01956808],
       ...,
       [ 0.01112562,  0.01252526, -0.00604169, ..., -0.02203615,
        -0.00625044, -0.01684516],
       [-0.02297131,  0.02604213,  0.00098649, ...,  0.00838303,
        -0.00321861, -0.00570687],
       [-0.01075894,  0.00767744, -0.01424407, ..., -0.02184941,
         0.02614397, -0.01134232]]), array([[ 0.00791158, -0.00538086, -0.02676104, ..., -0.01897389,
        -0.01306979, -0.00084801],
       [ 0.01682901, -0.00649696, -0.01921631, ..., -0.01401017,
        -0.0039668 , -0.02202195],
       [ 0.02197852, -0.01403735, -0.05225722, ...,  0.02019661,
         0.00528841,  0.0033033 ],
       ...,
       [ 0.01603197,  0.00716993, -0.01245602, ..., -0.01399604,
        -0.00058955, -0.0256807 ],
       [ 0.01039577,  0.02045547, -0.02146293, ...,  0.01017929,
         0.02390171,  0.00134994],
       [ 0.00462414,  0.0041195 , -0.0135733 , ..., -0.01101827,
         0.00813001,  0.0203817 ]]), array([[ 0.00087804,  0.00658507, -0.02514569, ..., -0.04238372,
         0.00850771, -0.02565438],
       [-0.0006986 ,  0.01542003, -0.03227317, ..., -0.01301633,
         0.01559736, -0.03614859],
       [-0.01135348,  0.00974955, -0.01812623, ..., -0.01920343,
         0.00887381, -0.0152928 ],
       ...,
       [ 0.00701895, -0.01539859, -0.03025482, ..., -0.03644368,
         0.01254067, -0.0236606 ],
       [-0.00414097,  0.00144739, -0.05197839, ...,  0.00216818,
         0.02755725, -0.03143983],
       [ 0.01779867, -0.02493452, -0.0391779 , ..., -0.01159797,
        -0.00619852, -0.02449675]])]
Getting training negative samples for edge types: [7]
nodes.shift keys: [0, 1, 2, 3]
nodes.count keys: [0, 1, 2, 3]
links.meta: {8: (2, 2), 6: (1, 3), 7: (3, 2), 5: (3, 3), 4: (2, 2), 0: (2, 2), 3: (2, 0), 2: (3, 3), 9: (3, 3), 10: (3, 3), 1: (3, 3), 11: (3, 3)}
t_type about to use: 2
h_type: 3
shift dict: {0: 0, 1: 188, 2: 19452, 3: 20010}
count dict: Counter({1: 19264, 3: 940, 2: 558, 0: 188})
Generated 910 negative samples for edge type 7
Epoch 00000, Step00000 | Train_Loss: 0.6948 | Time: 0.6360
Epoch 00000 | Val_Loss 0.6865 | Time(s) 0.0092
Validation loss decreased (inf --> 0.686536).  Saving model ...
Getting training negative samples for edge types: [7]
nodes.shift keys: [0, 1, 2, 3]
nodes.count keys: [0, 1, 2, 3]
links.meta: {8: (2, 2), 6: (1, 3), 7: (3, 2), 5: (3, 3), 4: (2, 2), 0: (2, 2), 3: (2, 0), 2: (3, 3), 9: (3, 3), 10: (3, 3), 1: (3, 3), 11: (3, 3)}
t_type about to use: 2
h_type: 3
shift dict: {0: 0, 1: 188, 2: 19452, 3: 20010}
count dict: Counter({1: 19264, 3: 940, 2: 558, 0: 188})
Generated 910 negative samples for edge type 7
Epoch 00001, Step00000 | Train_Loss: 0.6856 | Time: 0.0427
Epoch 00001 | Val_Loss 0.6831 | Time(s) 0.0143
Validation loss decreased (0.686536 --> 0.683068).  Saving model ...
Getting training negative samples for edge types: [7]
nodes.shift keys: [0, 1, 2, 3]
nodes.count keys: [0, 1, 2, 3]
links.meta: {8: (2, 2), 6: (1, 3), 7: (3, 2), 5: (3, 3), 4: (2, 2), 0: (2, 2), 3: (2, 0), 2: (3, 3), 9: (3, 3), 10: (3, 3), 1: (3, 3), 11: (3, 3)}
t_type about to use: 2
h_type: 3
shift dict: {0: 0, 1: 188, 2: 19452, 3: 20010}
count dict: Counter({1: 19264, 3: 940, 2: 558, 0: 188})
Generated 910 negative samples for edge type 7
Epoch 00002, Step00000 | Train_Loss: 0.6762 | Time: 0.0292
Epoch 00002 | Val_Loss 0.6801 | Time(s) 0.0298
Validation loss decreased (0.683068 --> 0.680053).  Saving model ...
Getting training negative samples for edge types: [7]
nodes.shift keys: [0, 1, 2, 3]
nodes.count keys: [0, 1, 2, 3]
links.meta: {8: (2, 2), 6: (1, 3), 7: (3, 2), 5: (3, 3), 4: (2, 2), 0: (2, 2), 3: (2, 0), 2: (3, 3), 9: (3, 3), 10: (3, 3), 1: (3, 3), 11: (3, 3)}
t_type about to use: 2
h_type: 3
shift dict: {0: 0, 1: 188, 2: 19452, 3: 20010}
count dict: Counter({1: 19264, 3: 940, 2: 558, 0: 188})
Generated 910 negative samples for edge type 7
Epoch 00003, Step00000 | Train_Loss: 0.6687 | Time: 0.0517
Epoch 00003 | Val_Loss 0.6734 | Time(s) 0.0143
Validation loss decreased (0.680053 --> 0.673442).  Saving model ...
Getting training negative samples for edge types: [7]
nodes.shift keys: [0, 1, 2, 3]
nodes.count keys: [0, 1, 2, 3]
links.meta: {8: (2, 2), 6: (1, 3), 7: (3, 2), 5: (3, 3), 4: (2, 2), 0: (2, 2), 3: (2, 0), 2: (3, 3), 9: (3, 3), 10: (3, 3), 1: (3, 3), 11: (3, 3)}
t_type about to use: 2
h_type: 3
shift dict: {0: 0, 1: 188, 2: 19452, 3: 20010}
count dict: Counter({1: 19264, 3: 940, 2: 558, 0: 188})
Generated 910 negative samples for edge type 7
Epoch 00004, Step00000 | Train_Loss: 0.6544 | Time: 0.0441
Epoch 00004 | Val_Loss 0.6506 | Time(s) 0.0169
Validation loss decreased (0.673442 --> 0.650650).  Saving model ...
Getting training negative samples for edge types: [7]
nodes.shift keys: [0, 1, 2, 3]
nodes.count keys: [0, 1, 2, 3]
links.meta: {8: (2, 2), 6: (1, 3), 7: (3, 2), 5: (3, 3), 4: (2, 2), 0: (2, 2), 3: (2, 0), 2: (3, 3), 9: (3, 3), 10: (3, 3), 1: (3, 3), 11: (3, 3)}
t_type about to use: 2
h_type: 3
shift dict: {0: 0, 1: 188, 2: 19452, 3: 20010}
count dict: Counter({1: 19264, 3: 940, 2: 558, 0: 188})
Generated 910 negative samples for edge type 7
Epoch 00005, Step00000 | Train_Loss: 0.6436 | Time: 0.0359
Epoch 00005 | Val_Loss 0.6440 | Time(s) 0.0231
Validation loss decreased (0.650650 --> 0.643974).  Saving model ...
Getting training negative samples for edge types: [7]
nodes.shift keys: [0, 1, 2, 3]
nodes.count keys: [0, 1, 2, 3]
links.meta: {8: (2, 2), 6: (1, 3), 7: (3, 2), 5: (3, 3), 4: (2, 2), 0: (2, 2), 3: (2, 0), 2: (3, 3), 9: (3, 3), 10: (3, 3), 1: (3, 3), 11: (3, 3)}
t_type about to use: 2
h_type: 3
shift dict: {0: 0, 1: 188, 2: 19452, 3: 20010}
count dict: Counter({1: 19264, 3: 940, 2: 558, 0: 188})
Generated 910 negative samples for edge type 7
Epoch 00006, Step00000 | Train_Loss: 0.6325 | Time: 0.0520
Epoch 00006 | Val_Loss 0.7101 | Time(s) 0.0129
EarlyStopping counter: 1 out of 40
Getting training negative samples for edge types: [7]
nodes.shift keys: [0, 1, 2, 3]
nodes.count keys: [0, 1, 2, 3]
links.meta: {8: (2, 2), 6: (1, 3), 7: (3, 2), 5: (3, 3), 4: (2, 2), 0: (2, 2), 3: (2, 0), 2: (3, 3), 9: (3, 3), 10: (3, 3), 1: (3, 3), 11: (3, 3)}
t_type about to use: 2
h_type: 3
shift dict: {0: 0, 1: 188, 2: 19452, 3: 20010}
count dict: Counter({1: 19264, 3: 940, 2: 558, 0: 188})
Generated 910 negative samples for edge type 7
Epoch 00007, Step00000 | Train_Loss: 0.6190 | Time: 0.0380
Epoch 00007 | Val_Loss 0.7032 | Time(s) 0.0166
EarlyStopping counter: 2 out of 40
Getting training negative samples for edge types: [7]
nodes.shift keys: [0, 1, 2, 3]
nodes.count keys: [0, 1, 2, 3]
links.meta: {8: (2, 2), 6: (1, 3), 7: (3, 2), 5: (3, 3), 4: (2, 2), 0: (2, 2), 3: (2, 0), 2: (3, 3), 9: (3, 3), 10: (3, 3), 1: (3, 3), 11: (3, 3)}
t_type about to use: 2
h_type: 3
shift dict: {0: 0, 1: 188, 2: 19452, 3: 20010}
count dict: Counter({1: 19264, 3: 940, 2: 558, 0: 188})
Generated 910 negative samples for edge type 7
Epoch 00008, Step00000 | Train_Loss: 0.6123 | Time: 0.0295
Epoch 00008 | Val_Loss 0.6944 | Time(s) 0.0242
EarlyStopping counter: 3 out of 40
Getting training negative samples for edge types: [7]
nodes.shift keys: [0, 1, 2, 3]
nodes.count keys: [0, 1, 2, 3]
links.meta: {8: (2, 2), 6: (1, 3), 7: (3, 2), 5: (3, 3), 4: (2, 2), 0: (2, 2), 3: (2, 0), 2: (3, 3), 9: (3, 3), 10: (3, 3), 1: (3, 3), 11: (3, 3)}
t_type about to use: 2
h_type: 3
shift dict: {0: 0, 1: 188, 2: 19452, 3: 20010}
count dict: Counter({1: 19264, 3: 940, 2: 558, 0: 188})
Generated 910 negative samples for edge type 7
Epoch 00009, Step00000 | Train_Loss: 0.5971 | Time: 0.0289
Epoch 00009 | Val_Loss 0.8524 | Time(s) 0.0151
EarlyStopping counter: 4 out of 40
Getting training negative samples for edge types: [7]
nodes.shift keys: [0, 1, 2, 3]
nodes.count keys: [0, 1, 2, 3]
links.meta: {8: (2, 2), 6: (1, 3), 7: (3, 2), 5: (3, 3), 4: (2, 2), 0: (2, 2), 3: (2, 0), 2: (3, 3), 9: (3, 3), 10: (3, 3), 1: (3, 3), 11: (3, 3)}
t_type about to use: 2
h_type: 3
shift dict: {0: 0, 1: 188, 2: 19452, 3: 20010}
count dict: Counter({1: 19264, 3: 940, 2: 558, 0: 188})
Generated 910 negative samples for edge type 7
Epoch 00010, Step00000 | Train_Loss: 0.5938 | Time: 0.0440
Epoch 00010 | Val_Loss 0.7900 | Time(s) 0.0095
EarlyStopping counter: 5 out of 40
Getting training negative samples for edge types: [7]
nodes.shift keys: [0, 1, 2, 3]
nodes.count keys: [0, 1, 2, 3]
links.meta: {8: (2, 2), 6: (1, 3), 7: (3, 2), 5: (3, 3), 4: (2, 2), 0: (2, 2), 3: (2, 0), 2: (3, 3), 9: (3, 3), 10: (3, 3), 1: (3, 3), 11: (3, 3)}
t_type about to use: 2
h_type: 3
shift dict: {0: 0, 1: 188, 2: 19452, 3: 20010}
count dict: Counter({1: 19264, 3: 940, 2: 558, 0: 188})
Generated 910 negative samples for edge type 7
Epoch 00011, Step00000 | Train_Loss: 0.5908 | Time: 0.0499
Epoch 00011 | Val_Loss 0.8084 | Time(s) 0.0094
EarlyStopping counter: 6 out of 40
Getting training negative samples for edge types: [7]
nodes.shift keys: [0, 1, 2, 3]
nodes.count keys: [0, 1, 2, 3]
links.meta: {8: (2, 2), 6: (1, 3), 7: (3, 2), 5: (3, 3), 4: (2, 2), 0: (2, 2), 3: (2, 0), 2: (3, 3), 9: (3, 3), 10: (3, 3), 1: (3, 3), 11: (3, 3)}
t_type about to use: 2
h_type: 3
shift dict: {0: 0, 1: 188, 2: 19452, 3: 20010}
count dict: Counter({1: 19264, 3: 940, 2: 558, 0: 188})
Generated 910 negative samples for edge type 7
Epoch 00012, Step00000 | Train_Loss: 0.5747 | Time: 0.0512
Epoch 00012 | Val_Loss 0.8329 | Time(s) 0.0110
EarlyStopping counter: 7 out of 40
Getting training negative samples for edge types: [7]
nodes.shift keys: [0, 1, 2, 3]
nodes.count keys: [0, 1, 2, 3]
links.meta: {8: (2, 2), 6: (1, 3), 7: (3, 2), 5: (3, 3), 4: (2, 2), 0: (2, 2), 3: (2, 0), 2: (3, 3), 9: (3, 3), 10: (3, 3), 1: (3, 3), 11: (3, 3)}
t_type about to use: 2
h_type: 3
shift dict: {0: 0, 1: 188, 2: 19452, 3: 20010}
count dict: Counter({1: 19264, 3: 940, 2: 558, 0: 188})
Generated 910 negative samples for edge type 7
Epoch 00013, Step00000 | Train_Loss: 0.5642 | Time: 0.0373
Epoch 00013 | Val_Loss 0.8924 | Time(s) 0.0172
EarlyStopping counter: 8 out of 40
Getting training negative samples for edge types: [7]
nodes.shift keys: [0, 1, 2, 3]
nodes.count keys: [0, 1, 2, 3]
links.meta: {8: (2, 2), 6: (1, 3), 7: (3, 2), 5: (3, 3), 4: (2, 2), 0: (2, 2), 3: (2, 0), 2: (3, 3), 9: (3, 3), 10: (3, 3), 1: (3, 3), 11: (3, 3)}
t_type about to use: 2
h_type: 3
shift dict: {0: 0, 1: 188, 2: 19452, 3: 20010}
count dict: Counter({1: 19264, 3: 940, 2: 558, 0: 188})
Generated 910 negative samples for edge type 7
Epoch 00014, Step00000 | Train_Loss: 0.5730 | Time: 0.0311
Epoch 00014 | Val_Loss 0.9575 | Time(s) 0.0274
EarlyStopping counter: 9 out of 40
Getting training negative samples for edge types: [7]
nodes.shift keys: [0, 1, 2, 3]
nodes.count keys: [0, 1, 2, 3]
links.meta: {8: (2, 2), 6: (1, 3), 7: (3, 2), 5: (3, 3), 4: (2, 2), 0: (2, 2), 3: (2, 0), 2: (3, 3), 9: (3, 3), 10: (3, 3), 1: (3, 3), 11: (3, 3)}
t_type about to use: 2
h_type: 3
shift dict: {0: 0, 1: 188, 2: 19452, 3: 20010}
count dict: Counter({1: 19264, 3: 940, 2: 558, 0: 188})
Generated 910 negative samples for edge type 7
Epoch 00015, Step00000 | Train_Loss: 0.5803 | Time: 0.0266
Epoch 00015 | Val_Loss 0.9157 | Time(s) 0.0203
EarlyStopping counter: 10 out of 40
Getting training negative samples for edge types: [7]
nodes.shift keys: [0, 1, 2, 3]
nodes.count keys: [0, 1, 2, 3]
links.meta: {8: (2, 2), 6: (1, 3), 7: (3, 2), 5: (3, 3), 4: (2, 2), 0: (2, 2), 3: (2, 0), 2: (3, 3), 9: (3, 3), 10: (3, 3), 1: (3, 3), 11: (3, 3)}
t_type about to use: 2
h_type: 3
shift dict: {0: 0, 1: 188, 2: 19452, 3: 20010}
count dict: Counter({1: 19264, 3: 940, 2: 558, 0: 188})
Generated 910 negative samples for edge type 7
Epoch 00016, Step00000 | Train_Loss: 0.5675 | Time: 0.0334
Epoch 00016 | Val_Loss 0.9102 | Time(s) 0.0145
EarlyStopping counter: 11 out of 40
Getting training negative samples for edge types: [7]
nodes.shift keys: [0, 1, 2, 3]
nodes.count keys: [0, 1, 2, 3]
links.meta: {8: (2, 2), 6: (1, 3), 7: (3, 2), 5: (3, 3), 4: (2, 2), 0: (2, 2), 3: (2, 0), 2: (3, 3), 9: (3, 3), 10: (3, 3), 1: (3, 3), 11: (3, 3)}
t_type about to use: 2
h_type: 3
shift dict: {0: 0, 1: 188, 2: 19452, 3: 20010}
count dict: Counter({1: 19264, 3: 940, 2: 558, 0: 188})
Generated 910 negative samples for edge type 7
Epoch 00017, Step00000 | Train_Loss: 0.5571 | Time: 0.0456
Epoch 00017 | Val_Loss 0.9290 | Time(s) 0.0093
EarlyStopping counter: 12 out of 40
Getting training negative samples for edge types: [7]
nodes.shift keys: [0, 1, 2, 3]
nodes.count keys: [0, 1, 2, 3]
links.meta: {8: (2, 2), 6: (1, 3), 7: (3, 2), 5: (3, 3), 4: (2, 2), 0: (2, 2), 3: (2, 0), 2: (3, 3), 9: (3, 3), 10: (3, 3), 1: (3, 3), 11: (3, 3)}
t_type about to use: 2
h_type: 3
shift dict: {0: 0, 1: 188, 2: 19452, 3: 20010}
count dict: Counter({1: 19264, 3: 940, 2: 558, 0: 188})
Generated 910 negative samples for edge type 7
Epoch 00018, Step00000 | Train_Loss: 0.5607 | Time: 0.0510
Epoch 00018 | Val_Loss 0.8668 | Time(s) 0.0092
EarlyStopping counter: 13 out of 40
Getting training negative samples for edge types: [7]
nodes.shift keys: [0, 1, 2, 3]
nodes.count keys: [0, 1, 2, 3]
links.meta: {8: (2, 2), 6: (1, 3), 7: (3, 2), 5: (3, 3), 4: (2, 2), 0: (2, 2), 3: (2, 0), 2: (3, 3), 9: (3, 3), 10: (3, 3), 1: (3, 3), 11: (3, 3)}
t_type about to use: 2
h_type: 3
shift dict: {0: 0, 1: 188, 2: 19452, 3: 20010}
count dict: Counter({1: 19264, 3: 940, 2: 558, 0: 188})
Generated 910 negative samples for edge type 7
Epoch 00019, Step00000 | Train_Loss: 0.5575 | Time: 0.0321
Epoch 00019 | Val_Loss 0.8565 | Time(s) 0.0230
EarlyStopping counter: 14 out of 40
Getting training negative samples for edge types: [7]
nodes.shift keys: [0, 1, 2, 3]
nodes.count keys: [0, 1, 2, 3]
links.meta: {8: (2, 2), 6: (1, 3), 7: (3, 2), 5: (3, 3), 4: (2, 2), 0: (2, 2), 3: (2, 0), 2: (3, 3), 9: (3, 3), 10: (3, 3), 1: (3, 3), 11: (3, 3)}
t_type about to use: 2
h_type: 3
shift dict: {0: 0, 1: 188, 2: 19452, 3: 20010}
count dict: Counter({1: 19264, 3: 940, 2: 558, 0: 188})
Generated 910 negative samples for edge type 7
Epoch 00020, Step00000 | Train_Loss: 0.5548 | Time: 0.0290
Epoch 00020 | Val_Loss 0.8538 | Time(s) 0.0240
EarlyStopping counter: 15 out of 40
Getting training negative samples for edge types: [7]
nodes.shift keys: [0, 1, 2, 3]
nodes.count keys: [0, 1, 2, 3]
links.meta: {8: (2, 2), 6: (1, 3), 7: (3, 2), 5: (3, 3), 4: (2, 2), 0: (2, 2), 3: (2, 0), 2: (3, 3), 9: (3, 3), 10: (3, 3), 1: (3, 3), 11: (3, 3)}
t_type about to use: 2
h_type: 3
shift dict: {0: 0, 1: 188, 2: 19452, 3: 20010}
count dict: Counter({1: 19264, 3: 940, 2: 558, 0: 188})
Generated 910 negative samples for edge type 7
Epoch 00021, Step00000 | Train_Loss: 0.5423 | Time: 0.0307
Epoch 00021 | Val_Loss 0.8236 | Time(s) 0.0160
EarlyStopping counter: 16 out of 40
Getting training negative samples for edge types: [7]
nodes.shift keys: [0, 1, 2, 3]
nodes.count keys: [0, 1, 2, 3]
links.meta: {8: (2, 2), 6: (1, 3), 7: (3, 2), 5: (3, 3), 4: (2, 2), 0: (2, 2), 3: (2, 0), 2: (3, 3), 9: (3, 3), 10: (3, 3), 1: (3, 3), 11: (3, 3)}
t_type about to use: 2
h_type: 3
shift dict: {0: 0, 1: 188, 2: 19452, 3: 20010}
count dict: Counter({1: 19264, 3: 940, 2: 558, 0: 188})
Generated 910 negative samples for edge type 7
Epoch 00022, Step00000 | Train_Loss: 0.5524 | Time: 0.0422
Epoch 00022 | Val_Loss 0.9073 | Time(s) 0.0099
EarlyStopping counter: 17 out of 40
Getting training negative samples for edge types: [7]
nodes.shift keys: [0, 1, 2, 3]
nodes.count keys: [0, 1, 2, 3]
links.meta: {8: (2, 2), 6: (1, 3), 7: (3, 2), 5: (3, 3), 4: (2, 2), 0: (2, 2), 3: (2, 0), 2: (3, 3), 9: (3, 3), 10: (3, 3), 1: (3, 3), 11: (3, 3)}
t_type about to use: 2
h_type: 3
shift dict: {0: 0, 1: 188, 2: 19452, 3: 20010}
count dict: Counter({1: 19264, 3: 940, 2: 558, 0: 188})
Generated 910 negative samples for edge type 7
Epoch 00023, Step00000 | Train_Loss: 0.5417 | Time: 0.0501
Epoch 00023 | Val_Loss 0.9283 | Time(s) 0.0114
EarlyStopping counter: 18 out of 40
Getting training negative samples for edge types: [7]
nodes.shift keys: [0, 1, 2, 3]
nodes.count keys: [0, 1, 2, 3]
links.meta: {8: (2, 2), 6: (1, 3), 7: (3, 2), 5: (3, 3), 4: (2, 2), 0: (2, 2), 3: (2, 0), 2: (3, 3), 9: (3, 3), 10: (3, 3), 1: (3, 3), 11: (3, 3)}
t_type about to use: 2
h_type: 3
shift dict: {0: 0, 1: 188, 2: 19452, 3: 20010}
count dict: Counter({1: 19264, 3: 940, 2: 558, 0: 188})
Generated 910 negative samples for edge type 7
Epoch 00024, Step00000 | Train_Loss: 0.5412 | Time: 0.0513
Epoch 00024 | Val_Loss 0.9282 | Time(s) 0.0097
EarlyStopping counter: 19 out of 40
Getting training negative samples for edge types: [7]
nodes.shift keys: [0, 1, 2, 3]
nodes.count keys: [0, 1, 2, 3]
links.meta: {8: (2, 2), 6: (1, 3), 7: (3, 2), 5: (3, 3), 4: (2, 2), 0: (2, 2), 3: (2, 0), 2: (3, 3), 9: (3, 3), 10: (3, 3), 1: (3, 3), 11: (3, 3)}
t_type about to use: 2
h_type: 3
shift dict: {0: 0, 1: 188, 2: 19452, 3: 20010}
count dict: Counter({1: 19264, 3: 940, 2: 558, 0: 188})
Generated 910 negative samples for edge type 7
Epoch 00025, Step00000 | Train_Loss: 0.5395 | Time: 0.0308
Epoch 00025 | Val_Loss 0.9798 | Time(s) 0.0273
EarlyStopping counter: 20 out of 40
Getting training negative samples for edge types: [7]
nodes.shift keys: [0, 1, 2, 3]
nodes.count keys: [0, 1, 2, 3]
links.meta: {8: (2, 2), 6: (1, 3), 7: (3, 2), 5: (3, 3), 4: (2, 2), 0: (2, 2), 3: (2, 0), 2: (3, 3), 9: (3, 3), 10: (3, 3), 1: (3, 3), 11: (3, 3)}
t_type about to use: 2
h_type: 3
shift dict: {0: 0, 1: 188, 2: 19452, 3: 20010}
count dict: Counter({1: 19264, 3: 940, 2: 558, 0: 188})
Generated 910 negative samples for edge type 7
Epoch 00026, Step00000 | Train_Loss: 0.5431 | Time: 0.0261
Epoch 00026 | Val_Loss 0.9171 | Time(s) 0.0160
EarlyStopping counter: 21 out of 40
Getting training negative samples for edge types: [7]
nodes.shift keys: [0, 1, 2, 3]
nodes.count keys: [0, 1, 2, 3]
links.meta: {8: (2, 2), 6: (1, 3), 7: (3, 2), 5: (3, 3), 4: (2, 2), 0: (2, 2), 3: (2, 0), 2: (3, 3), 9: (3, 3), 10: (3, 3), 1: (3, 3), 11: (3, 3)}
t_type about to use: 2
h_type: 3
shift dict: {0: 0, 1: 188, 2: 19452, 3: 20010}
count dict: Counter({1: 19264, 3: 940, 2: 558, 0: 188})
Generated 910 negative samples for edge type 7
Epoch 00027, Step00000 | Train_Loss: 0.5547 | Time: 0.0453
Epoch 00027 | Val_Loss 0.9474 | Time(s) 0.0097
EarlyStopping counter: 22 out of 40
Getting training negative samples for edge types: [7]
nodes.shift keys: [0, 1, 2, 3]
nodes.count keys: [0, 1, 2, 3]
links.meta: {8: (2, 2), 6: (1, 3), 7: (3, 2), 5: (3, 3), 4: (2, 2), 0: (2, 2), 3: (2, 0), 2: (3, 3), 9: (3, 3), 10: (3, 3), 1: (3, 3), 11: (3, 3)}
t_type about to use: 2
h_type: 3
shift dict: {0: 0, 1: 188, 2: 19452, 3: 20010}
count dict: Counter({1: 19264, 3: 940, 2: 558, 0: 188})
Generated 910 negative samples for edge type 7
Epoch 00028, Step00000 | Train_Loss: 0.5577 | Time: 0.0511
Epoch 00028 | Val_Loss 0.9608 | Time(s) 0.0099
EarlyStopping counter: 23 out of 40
Getting training negative samples for edge types: [7]
nodes.shift keys: [0, 1, 2, 3]
nodes.count keys: [0, 1, 2, 3]
links.meta: {8: (2, 2), 6: (1, 3), 7: (3, 2), 5: (3, 3), 4: (2, 2), 0: (2, 2), 3: (2, 0), 2: (3, 3), 9: (3, 3), 10: (3, 3), 1: (3, 3), 11: (3, 3)}
t_type about to use: 2
h_type: 3
shift dict: {0: 0, 1: 188, 2: 19452, 3: 20010}
count dict: Counter({1: 19264, 3: 940, 2: 558, 0: 188})
Generated 910 negative samples for edge type 7
Epoch 00029, Step00000 | Train_Loss: 0.5364 | Time: 0.0381
Epoch 00029 | Val_Loss 0.9504 | Time(s) 0.0161
EarlyStopping counter: 24 out of 40
Getting training negative samples for edge types: [7]
nodes.shift keys: [0, 1, 2, 3]
nodes.count keys: [0, 1, 2, 3]
links.meta: {8: (2, 2), 6: (1, 3), 7: (3, 2), 5: (3, 3), 4: (2, 2), 0: (2, 2), 3: (2, 0), 2: (3, 3), 9: (3, 3), 10: (3, 3), 1: (3, 3), 11: (3, 3)}
t_type about to use: 2
h_type: 3
shift dict: {0: 0, 1: 188, 2: 19452, 3: 20010}
count dict: Counter({1: 19264, 3: 940, 2: 558, 0: 188})
Generated 910 negative samples for edge type 7
Epoch 00030, Step00000 | Train_Loss: 0.5416 | Time: 0.0274
Epoch 00030 | Val_Loss 1.0142 | Time(s) 0.0242
EarlyStopping counter: 25 out of 40
Getting training negative samples for edge types: [7]
nodes.shift keys: [0, 1, 2, 3]
nodes.count keys: [0, 1, 2, 3]
links.meta: {8: (2, 2), 6: (1, 3), 7: (3, 2), 5: (3, 3), 4: (2, 2), 0: (2, 2), 3: (2, 0), 2: (3, 3), 9: (3, 3), 10: (3, 3), 1: (3, 3), 11: (3, 3)}
t_type about to use: 2
h_type: 3
shift dict: {0: 0, 1: 188, 2: 19452, 3: 20010}
count dict: Counter({1: 19264, 3: 940, 2: 558, 0: 188})
Generated 910 negative samples for edge type 7
Epoch 00031, Step00000 | Train_Loss: 0.5541 | Time: 0.0292
Epoch 00031 | Val_Loss 0.9294 | Time(s) 0.0153
EarlyStopping counter: 26 out of 40
Getting training negative samples for edge types: [7]
nodes.shift keys: [0, 1, 2, 3]
nodes.count keys: [0, 1, 2, 3]
links.meta: {8: (2, 2), 6: (1, 3), 7: (3, 2), 5: (3, 3), 4: (2, 2), 0: (2, 2), 3: (2, 0), 2: (3, 3), 9: (3, 3), 10: (3, 3), 1: (3, 3), 11: (3, 3)}
t_type about to use: 2
h_type: 3
shift dict: {0: 0, 1: 188, 2: 19452, 3: 20010}
count dict: Counter({1: 19264, 3: 940, 2: 558, 0: 188})
Generated 910 negative samples for edge type 7
Epoch 00032, Step00000 | Train_Loss: 0.5400 | Time: 0.0448
Epoch 00032 | Val_Loss 0.9365 | Time(s) 0.0097
EarlyStopping counter: 27 out of 40
Getting training negative samples for edge types: [7]
nodes.shift keys: [0, 1, 2, 3]
nodes.count keys: [0, 1, 2, 3]
links.meta: {8: (2, 2), 6: (1, 3), 7: (3, 2), 5: (3, 3), 4: (2, 2), 0: (2, 2), 3: (2, 0), 2: (3, 3), 9: (3, 3), 10: (3, 3), 1: (3, 3), 11: (3, 3)}
t_type about to use: 2
h_type: 3
shift dict: {0: 0, 1: 188, 2: 19452, 3: 20010}
count dict: Counter({1: 19264, 3: 940, 2: 558, 0: 188})
Generated 910 negative samples for edge type 7
Epoch 00033, Step00000 | Train_Loss: 0.5384 | Time: 0.0517
Epoch 00033 | Val_Loss 0.9239 | Time(s) 0.0119
EarlyStopping counter: 28 out of 40
Getting training negative samples for edge types: [7]
nodes.shift keys: [0, 1, 2, 3]
nodes.count keys: [0, 1, 2, 3]
links.meta: {8: (2, 2), 6: (1, 3), 7: (3, 2), 5: (3, 3), 4: (2, 2), 0: (2, 2), 3: (2, 0), 2: (3, 3), 9: (3, 3), 10: (3, 3), 1: (3, 3), 11: (3, 3)}
t_type about to use: 2
h_type: 3
shift dict: {0: 0, 1: 188, 2: 19452, 3: 20010}
count dict: Counter({1: 19264, 3: 940, 2: 558, 0: 188})
Generated 910 negative samples for edge type 7
Epoch 00034, Step00000 | Train_Loss: 0.5481 | Time: 0.0331
Epoch 00034 | Val_Loss 0.8866 | Time(s) 0.0233
EarlyStopping counter: 29 out of 40
Getting training negative samples for edge types: [7]
nodes.shift keys: [0, 1, 2, 3]
nodes.count keys: [0, 1, 2, 3]
links.meta: {8: (2, 2), 6: (1, 3), 7: (3, 2), 5: (3, 3), 4: (2, 2), 0: (2, 2), 3: (2, 0), 2: (3, 3), 9: (3, 3), 10: (3, 3), 1: (3, 3), 11: (3, 3)}
t_type about to use: 2
h_type: 3
shift dict: {0: 0, 1: 188, 2: 19452, 3: 20010}
count dict: Counter({1: 19264, 3: 940, 2: 558, 0: 188})
Generated 910 negative samples for edge type 7
Epoch 00035, Step00000 | Train_Loss: 0.5312 | Time: 0.0262
Epoch 00035 | Val_Loss 0.9356 | Time(s) 0.0272
EarlyStopping counter: 30 out of 40
Getting training negative samples for edge types: [7]
nodes.shift keys: [0, 1, 2, 3]
nodes.count keys: [0, 1, 2, 3]
links.meta: {8: (2, 2), 6: (1, 3), 7: (3, 2), 5: (3, 3), 4: (2, 2), 0: (2, 2), 3: (2, 0), 2: (3, 3), 9: (3, 3), 10: (3, 3), 1: (3, 3), 11: (3, 3)}
t_type about to use: 2
h_type: 3
shift dict: {0: 0, 1: 188, 2: 19452, 3: 20010}
count dict: Counter({1: 19264, 3: 940, 2: 558, 0: 188})
Generated 910 negative samples for edge type 7
Epoch 00036, Step00000 | Train_Loss: 0.5377 | Time: 0.0277
Epoch 00036 | Val_Loss 0.9212 | Time(s) 0.0145
EarlyStopping counter: 31 out of 40
Getting training negative samples for edge types: [7]
nodes.shift keys: [0, 1, 2, 3]
nodes.count keys: [0, 1, 2, 3]
links.meta: {8: (2, 2), 6: (1, 3), 7: (3, 2), 5: (3, 3), 4: (2, 2), 0: (2, 2), 3: (2, 0), 2: (3, 3), 9: (3, 3), 10: (3, 3), 1: (3, 3), 11: (3, 3)}
t_type about to use: 2
h_type: 3
shift dict: {0: 0, 1: 188, 2: 19452, 3: 20010}
count dict: Counter({1: 19264, 3: 940, 2: 558, 0: 188})
Generated 910 negative samples for edge type 7
Epoch 00037, Step00000 | Train_Loss: 0.5298 | Time: 0.0443
Epoch 00037 | Val_Loss 0.8816 | Time(s) 0.0100
EarlyStopping counter: 32 out of 40
Getting training negative samples for edge types: [7]
nodes.shift keys: [0, 1, 2, 3]
nodes.count keys: [0, 1, 2, 3]
links.meta: {8: (2, 2), 6: (1, 3), 7: (3, 2), 5: (3, 3), 4: (2, 2), 0: (2, 2), 3: (2, 0), 2: (3, 3), 9: (3, 3), 10: (3, 3), 1: (3, 3), 11: (3, 3)}
t_type about to use: 2
h_type: 3
shift dict: {0: 0, 1: 188, 2: 19452, 3: 20010}
count dict: Counter({1: 19264, 3: 940, 2: 558, 0: 188})
Generated 910 negative samples for edge type 7
Epoch 00038, Step00000 | Train_Loss: 0.5442 | Time: 0.0518
Epoch 00038 | Val_Loss 0.8930 | Time(s) 0.0100
EarlyStopping counter: 33 out of 40
Getting training negative samples for edge types: [7]
nodes.shift keys: [0, 1, 2, 3]
nodes.count keys: [0, 1, 2, 3]
links.meta: {8: (2, 2), 6: (1, 3), 7: (3, 2), 5: (3, 3), 4: (2, 2), 0: (2, 2), 3: (2, 0), 2: (3, 3), 9: (3, 3), 10: (3, 3), 1: (3, 3), 11: (3, 3)}
t_type about to use: 2
h_type: 3
shift dict: {0: 0, 1: 188, 2: 19452, 3: 20010}
count dict: Counter({1: 19264, 3: 940, 2: 558, 0: 188})
Generated 910 negative samples for edge type 7
Epoch 00039, Step00000 | Train_Loss: 0.5338 | Time: 0.0321
Epoch 00039 | Val_Loss 0.8791 | Time(s) 0.0254
EarlyStopping counter: 34 out of 40
Getting training negative samples for edge types: [7]
nodes.shift keys: [0, 1, 2, 3]
nodes.count keys: [0, 1, 2, 3]
links.meta: {8: (2, 2), 6: (1, 3), 7: (3, 2), 5: (3, 3), 4: (2, 2), 0: (2, 2), 3: (2, 0), 2: (3, 3), 9: (3, 3), 10: (3, 3), 1: (3, 3), 11: (3, 3)}
t_type about to use: 2
h_type: 3
shift dict: {0: 0, 1: 188, 2: 19452, 3: 20010}
count dict: Counter({1: 19264, 3: 940, 2: 558, 0: 188})
Generated 910 negative samples for edge type 7
Epoch 00040, Step00000 | Train_Loss: 0.5408 | Time: 0.0260
Epoch 00040 | Val_Loss 0.9820 | Time(s) 0.0239
EarlyStopping counter: 35 out of 40
Getting training negative samples for edge types: [7]
nodes.shift keys: [0, 1, 2, 3]
nodes.count keys: [0, 1, 2, 3]
links.meta: {8: (2, 2), 6: (1, 3), 7: (3, 2), 5: (3, 3), 4: (2, 2), 0: (2, 2), 3: (2, 0), 2: (3, 3), 9: (3, 3), 10: (3, 3), 1: (3, 3), 11: (3, 3)}
t_type about to use: 2
h_type: 3
shift dict: {0: 0, 1: 188, 2: 19452, 3: 20010}
count dict: Counter({1: 19264, 3: 940, 2: 558, 0: 188})
Generated 910 negative samples for edge type 7
Epoch 00041, Step00000 | Train_Loss: 0.5413 | Time: 0.0276
Epoch 00041 | Val_Loss 0.8802 | Time(s) 0.0144
EarlyStopping counter: 36 out of 40
Getting training negative samples for edge types: [7]
nodes.shift keys: [0, 1, 2, 3]
nodes.count keys: [0, 1, 2, 3]
links.meta: {8: (2, 2), 6: (1, 3), 7: (3, 2), 5: (3, 3), 4: (2, 2), 0: (2, 2), 3: (2, 0), 2: (3, 3), 9: (3, 3), 10: (3, 3), 1: (3, 3), 11: (3, 3)}
t_type about to use: 2
h_type: 3
shift dict: {0: 0, 1: 188, 2: 19452, 3: 20010}
count dict: Counter({1: 19264, 3: 940, 2: 558, 0: 188})
Generated 910 negative samples for edge type 7
Epoch 00042, Step00000 | Train_Loss: 0.5358 | Time: 0.0430
Epoch 00042 | Val_Loss 0.8932 | Time(s) 0.0112
EarlyStopping counter: 37 out of 40
Getting training negative samples for edge types: [7]
nodes.shift keys: [0, 1, 2, 3]
nodes.count keys: [0, 1, 2, 3]
links.meta: {8: (2, 2), 6: (1, 3), 7: (3, 2), 5: (3, 3), 4: (2, 2), 0: (2, 2), 3: (2, 0), 2: (3, 3), 9: (3, 3), 10: (3, 3), 1: (3, 3), 11: (3, 3)}
t_type about to use: 2
h_type: 3
shift dict: {0: 0, 1: 188, 2: 19452, 3: 20010}
count dict: Counter({1: 19264, 3: 940, 2: 558, 0: 188})
Generated 910 negative samples for edge type 7
Epoch 00043, Step00000 | Train_Loss: 0.5118 | Time: 0.0497
Epoch 00043 | Val_Loss 0.9891 | Time(s) 0.0108
EarlyStopping counter: 38 out of 40
Getting training negative samples for edge types: [7]
nodes.shift keys: [0, 1, 2, 3]
nodes.count keys: [0, 1, 2, 3]
links.meta: {8: (2, 2), 6: (1, 3), 7: (3, 2), 5: (3, 3), 4: (2, 2), 0: (2, 2), 3: (2, 0), 2: (3, 3), 9: (3, 3), 10: (3, 3), 1: (3, 3), 11: (3, 3)}
t_type about to use: 2
h_type: 3
shift dict: {0: 0, 1: 188, 2: 19452, 3: 20010}
count dict: Counter({1: 19264, 3: 940, 2: 558, 0: 188})
Generated 910 negative samples for edge type 7
Epoch 00044, Step00000 | Train_Loss: 0.5379 | Time: 0.0380
Epoch 00044 | Val_Loss 0.8829 | Time(s) 0.0160
EarlyStopping counter: 39 out of 40
Getting training negative samples for edge types: [7]
nodes.shift keys: [0, 1, 2, 3]
nodes.count keys: [0, 1, 2, 3]
links.meta: {8: (2, 2), 6: (1, 3), 7: (3, 2), 5: (3, 3), 4: (2, 2), 0: (2, 2), 3: (2, 0), 2: (3, 3), 9: (3, 3), 10: (3, 3), 1: (3, 3), 11: (3, 3)}
t_type about to use: 2
h_type: 3
shift dict: {0: 0, 1: 188, 2: 19452, 3: 20010}
count dict: Counter({1: 19264, 3: 940, 2: 558, 0: 188})
Generated 910 negative samples for edge type 7
Epoch 00045, Step00000 | Train_Loss: 0.5240 | Time: 0.0258
Epoch 00045 | Val_Loss 0.9529 | Time(s) 0.0225
EarlyStopping counter: 40 out of 40
Early stopping!
Early stopping!
Meta keys: dict_keys([7])
Data keys: dict_keys([7])
Edge type: 7, Meta: (3, 2)
{'roc_auc': 0.4962791495198903, 'MRR': 0.7313868613138685}
{'roc_auc': 0.6078680417957967, 'MRR': 0.805352798053528}
defaultdict(<class 'float'>, {'roc_auc': 0.4962791495198903, 'MRR': 0.7313868613138685})
defaultdict(<class 'float'>, {'roc_auc': 0.6078680417957967, 'MRR': 0.805352798053528})
Completed: amazon_style_ccct_features_securebert_fold_1

--------------------------------------
Running model: SimpleHGN
Dataset: amazon_style_ccct_features_securebert_fold_2
--------------------------------------
Data path: ../../data/amazon_style_ccct_features_securebert_fold_2
Loading nodes from ../../data/amazon_style_ccct_features_securebert_fold_2/node.dat
edge types: dict_keys([6, 2, 8, 7, 5, 4, 3, 11, 10, 0, 9, 1])
Getting training negative samples for edge types: [7]
nodes.shift keys: [0, 1, 2, 3]
nodes.count keys: [0, 1, 2, 3]
links.meta: {6: (1, 3), 2: (3, 3), 8: (2, 2), 7: (3, 2), 5: (3, 3), 4: (2, 2), 3: (2, 0), 11: (3, 3), 10: (3, 3), 0: (2, 2), 9: (3, 3), 1: (3, 3)}
t_type about to use: 2
h_type: 3
shift dict: {0: 0, 1: 188, 2: 19452, 3: 20010}
count dict: Counter({1: 19264, 3: 940, 2: 558, 0: 188})
Generated 903 negative samples for edge type 7
Features List: [array([[ 0.00445206,  0.01268557,  0.22351578, ..., -0.28678206,
        -0.37460288,  0.18294938],
       [-0.18744846,  0.07075578,  0.0476894 , ..., -0.2232531 ,
        -0.19588573,  0.47988179],
       [-0.17451471, -0.04557271,  0.15712288, ..., -0.05391889,
        -0.20500693,  0.23744845],
       ...,
       [-0.40584856,  0.04715464,  0.24475315, ..., -0.12466257,
        -0.2035536 ,  0.28577447],
       [-0.18835557,  0.03822717,  0.03586731, ..., -0.23435652,
        -0.35453227,  0.38753107],
       [-0.13632202,  0.14362322,  0.08668749, ..., -0.24145249,
        -0.25799868,  0.26464131]]), array([[-0.02302658,  0.0368569 ,  0.00652144, ..., -0.02803515,
        -0.00893309,  0.00342051],
       [-0.01979104,  0.04036582,  0.01475144, ..., -0.00661969,
        -0.01504144,  0.01323287],
       [-0.02346251,  0.03577969,  0.00104941, ..., -0.01948969,
        -0.02273973,  0.01956808],
       ...,
       [ 0.01112562,  0.01252526, -0.00604169, ..., -0.02203615,
        -0.00625044, -0.01684516],
       [-0.02297131,  0.02604213,  0.00098649, ...,  0.00838303,
        -0.00321861, -0.00570687],
       [-0.01075894,  0.00767744, -0.01424407, ..., -0.02184941,
         0.02614397, -0.01134232]]), array([[ 0.00791158, -0.00538086, -0.02676104, ..., -0.01897389,
        -0.01306979, -0.00084801],
       [ 0.01682901, -0.00649696, -0.01921631, ..., -0.01401017,
        -0.0039668 , -0.02202195],
       [ 0.02197852, -0.01403735, -0.05225722, ...,  0.02019661,
         0.00528841,  0.0033033 ],
       ...,
       [ 0.01603197,  0.00716993, -0.01245602, ..., -0.01399604,
        -0.00058955, -0.0256807 ],
       [ 0.01039577,  0.02045547, -0.02146293, ...,  0.01017929,
         0.02390171,  0.00134994],
       [ 0.00462414,  0.0041195 , -0.0135733 , ..., -0.01101827,
         0.00813001,  0.0203817 ]]), array([[ 0.00087804,  0.00658507, -0.02514569, ..., -0.04238372,
         0.00850771, -0.02565438],
       [-0.0006986 ,  0.01542003, -0.03227317, ..., -0.01301633,
         0.01559736, -0.03614859],
       [-0.01135348,  0.00974955, -0.01812623, ..., -0.01920343,
         0.00887381, -0.0152928 ],
       ...,
       [ 0.00701895, -0.01539859, -0.03025482, ..., -0.03644368,
         0.01254067, -0.0236606 ],
       [-0.00414097,  0.00144739, -0.05197839, ...,  0.00216818,
         0.02755725, -0.03143983],
       [ 0.01779867, -0.02493452, -0.0391779 , ..., -0.01159797,
        -0.00619852, -0.02449675]])]
Getting training negative samples for edge types: [7]
nodes.shift keys: [0, 1, 2, 3]
nodes.count keys: [0, 1, 2, 3]
links.meta: {6: (1, 3), 2: (3, 3), 8: (2, 2), 7: (3, 2), 5: (3, 3), 4: (2, 2), 3: (2, 0), 11: (3, 3), 10: (3, 3), 0: (2, 2), 9: (3, 3), 1: (3, 3)}
t_type about to use: 2
h_type: 3
shift dict: {0: 0, 1: 188, 2: 19452, 3: 20010}
count dict: Counter({1: 19264, 3: 940, 2: 558, 0: 188})
Generated 903 negative samples for edge type 7
Epoch 00000, Step00000 | Train_Loss: 0.6933 | Time: 0.6720
Epoch 00000 | Val_Loss 0.6870 | Time(s) 0.0265
Validation loss decreased (inf --> 0.687049).  Saving model ...
Getting training negative samples for edge types: [7]
nodes.shift keys: [0, 1, 2, 3]
nodes.count keys: [0, 1, 2, 3]
links.meta: {6: (1, 3), 2: (3, 3), 8: (2, 2), 7: (3, 2), 5: (3, 3), 4: (2, 2), 3: (2, 0), 11: (3, 3), 10: (3, 3), 0: (2, 2), 9: (3, 3), 1: (3, 3)}
t_type about to use: 2
h_type: 3
shift dict: {0: 0, 1: 188, 2: 19452, 3: 20010}
count dict: Counter({1: 19264, 3: 940, 2: 558, 0: 188})
Generated 903 negative samples for edge type 7
Epoch 00001, Step00000 | Train_Loss: 0.6837 | Time: 0.0510
Epoch 00001 | Val_Loss 0.6816 | Time(s) 0.0112
Validation loss decreased (0.687049 --> 0.681644).  Saving model ...
Getting training negative samples for edge types: [7]
nodes.shift keys: [0, 1, 2, 3]
nodes.count keys: [0, 1, 2, 3]
links.meta: {6: (1, 3), 2: (3, 3), 8: (2, 2), 7: (3, 2), 5: (3, 3), 4: (2, 2), 3: (2, 0), 11: (3, 3), 10: (3, 3), 0: (2, 2), 9: (3, 3), 1: (3, 3)}
t_type about to use: 2
h_type: 3
shift dict: {0: 0, 1: 188, 2: 19452, 3: 20010}
count dict: Counter({1: 19264, 3: 940, 2: 558, 0: 188})
Generated 903 negative samples for edge type 7
Epoch 00002, Step00000 | Train_Loss: 0.6743 | Time: 0.0310
Epoch 00002 | Val_Loss 0.6810 | Time(s) 0.0269
Validation loss decreased (0.681644 --> 0.680960).  Saving model ...
Getting training negative samples for edge types: [7]
nodes.shift keys: [0, 1, 2, 3]
nodes.count keys: [0, 1, 2, 3]
links.meta: {6: (1, 3), 2: (3, 3), 8: (2, 2), 7: (3, 2), 5: (3, 3), 4: (2, 2), 3: (2, 0), 11: (3, 3), 10: (3, 3), 0: (2, 2), 9: (3, 3), 1: (3, 3)}
t_type about to use: 2
h_type: 3
shift dict: {0: 0, 1: 188, 2: 19452, 3: 20010}
count dict: Counter({1: 19264, 3: 940, 2: 558, 0: 188})
Generated 903 negative samples for edge type 7
Epoch 00003, Step00000 | Train_Loss: 0.6633 | Time: 0.0559
Epoch 00003 | Val_Loss 0.6624 | Time(s) 0.0117
Validation loss decreased (0.680960 --> 0.662450).  Saving model ...
Getting training negative samples for edge types: [7]
nodes.shift keys: [0, 1, 2, 3]
nodes.count keys: [0, 1, 2, 3]
links.meta: {6: (1, 3), 2: (3, 3), 8: (2, 2), 7: (3, 2), 5: (3, 3), 4: (2, 2), 3: (2, 0), 11: (3, 3), 10: (3, 3), 0: (2, 2), 9: (3, 3), 1: (3, 3)}
t_type about to use: 2
h_type: 3
shift dict: {0: 0, 1: 188, 2: 19452, 3: 20010}
count dict: Counter({1: 19264, 3: 940, 2: 558, 0: 188})
Generated 903 negative samples for edge type 7
Epoch 00004, Step00000 | Train_Loss: 0.6543 | Time: 0.0329
Epoch 00004 | Val_Loss 0.6645 | Time(s) 0.0297
EarlyStopping counter: 1 out of 40
Getting training negative samples for edge types: [7]
nodes.shift keys: [0, 1, 2, 3]
nodes.count keys: [0, 1, 2, 3]
links.meta: {6: (1, 3), 2: (3, 3), 8: (2, 2), 7: (3, 2), 5: (3, 3), 4: (2, 2), 3: (2, 0), 11: (3, 3), 10: (3, 3), 0: (2, 2), 9: (3, 3), 1: (3, 3)}
t_type about to use: 2
h_type: 3
shift dict: {0: 0, 1: 188, 2: 19452, 3: 20010}
count dict: Counter({1: 19264, 3: 940, 2: 558, 0: 188})
Generated 903 negative samples for edge type 7
Epoch 00005, Step00000 | Train_Loss: 0.6409 | Time: 0.0276
Epoch 00005 | Val_Loss 0.6908 | Time(s) 0.0252
EarlyStopping counter: 2 out of 40
Getting training negative samples for edge types: [7]
nodes.shift keys: [0, 1, 2, 3]
nodes.count keys: [0, 1, 2, 3]
links.meta: {6: (1, 3), 2: (3, 3), 8: (2, 2), 7: (3, 2), 5: (3, 3), 4: (2, 2), 3: (2, 0), 11: (3, 3), 10: (3, 3), 0: (2, 2), 9: (3, 3), 1: (3, 3)}
t_type about to use: 2
h_type: 3
shift dict: {0: 0, 1: 188, 2: 19452, 3: 20010}
count dict: Counter({1: 19264, 3: 940, 2: 558, 0: 188})
Generated 903 negative samples for edge type 7
Epoch 00006, Step00000 | Train_Loss: 0.6301 | Time: 0.0284
Epoch 00006 | Val_Loss 0.6534 | Time(s) 0.0142
Validation loss decreased (0.662450 --> 0.653363).  Saving model ...
Getting training negative samples for edge types: [7]
nodes.shift keys: [0, 1, 2, 3]
nodes.count keys: [0, 1, 2, 3]
links.meta: {6: (1, 3), 2: (3, 3), 8: (2, 2), 7: (3, 2), 5: (3, 3), 4: (2, 2), 3: (2, 0), 11: (3, 3), 10: (3, 3), 0: (2, 2), 9: (3, 3), 1: (3, 3)}
t_type about to use: 2
h_type: 3
shift dict: {0: 0, 1: 188, 2: 19452, 3: 20010}
count dict: Counter({1: 19264, 3: 940, 2: 558, 0: 188})
Generated 903 negative samples for edge type 7
Epoch 00007, Step00000 | Train_Loss: 0.6064 | Time: 0.0295
Epoch 00007 | Val_Loss 0.6822 | Time(s) 0.0218
EarlyStopping counter: 1 out of 40
Getting training negative samples for edge types: [7]
nodes.shift keys: [0, 1, 2, 3]
nodes.count keys: [0, 1, 2, 3]
links.meta: {6: (1, 3), 2: (3, 3), 8: (2, 2), 7: (3, 2), 5: (3, 3), 4: (2, 2), 3: (2, 0), 11: (3, 3), 10: (3, 3), 0: (2, 2), 9: (3, 3), 1: (3, 3)}
t_type about to use: 2
h_type: 3
shift dict: {0: 0, 1: 188, 2: 19452, 3: 20010}
count dict: Counter({1: 19264, 3: 940, 2: 558, 0: 188})
Generated 903 negative samples for edge type 7
Epoch 00008, Step00000 | Train_Loss: 0.5995 | Time: 0.0333
Epoch 00008 | Val_Loss 0.6679 | Time(s) 0.0146
EarlyStopping counter: 2 out of 40
Getting training negative samples for edge types: [7]
nodes.shift keys: [0, 1, 2, 3]
nodes.count keys: [0, 1, 2, 3]
links.meta: {6: (1, 3), 2: (3, 3), 8: (2, 2), 7: (3, 2), 5: (3, 3), 4: (2, 2), 3: (2, 0), 11: (3, 3), 10: (3, 3), 0: (2, 2), 9: (3, 3), 1: (3, 3)}
t_type about to use: 2
h_type: 3
shift dict: {0: 0, 1: 188, 2: 19452, 3: 20010}
count dict: Counter({1: 19264, 3: 940, 2: 558, 0: 188})
Generated 903 negative samples for edge type 7
Epoch 00009, Step00000 | Train_Loss: 0.5885 | Time: 0.0459
Epoch 00009 | Val_Loss 0.7457 | Time(s) 0.0106
EarlyStopping counter: 3 out of 40
Getting training negative samples for edge types: [7]
nodes.shift keys: [0, 1, 2, 3]
nodes.count keys: [0, 1, 2, 3]
links.meta: {6: (1, 3), 2: (3, 3), 8: (2, 2), 7: (3, 2), 5: (3, 3), 4: (2, 2), 3: (2, 0), 11: (3, 3), 10: (3, 3), 0: (2, 2), 9: (3, 3), 1: (3, 3)}
t_type about to use: 2
h_type: 3
shift dict: {0: 0, 1: 188, 2: 19452, 3: 20010}
count dict: Counter({1: 19264, 3: 940, 2: 558, 0: 188})
Generated 903 negative samples for edge type 7
Epoch 00010, Step00000 | Train_Loss: 0.5816 | Time: 0.0515
Epoch 00010 | Val_Loss 0.7139 | Time(s) 0.0099
EarlyStopping counter: 4 out of 40
Getting training negative samples for edge types: [7]
nodes.shift keys: [0, 1, 2, 3]
nodes.count keys: [0, 1, 2, 3]
links.meta: {6: (1, 3), 2: (3, 3), 8: (2, 2), 7: (3, 2), 5: (3, 3), 4: (2, 2), 3: (2, 0), 11: (3, 3), 10: (3, 3), 0: (2, 2), 9: (3, 3), 1: (3, 3)}
t_type about to use: 2
h_type: 3
shift dict: {0: 0, 1: 188, 2: 19452, 3: 20010}
count dict: Counter({1: 19264, 3: 940, 2: 558, 0: 188})
Generated 903 negative samples for edge type 7
Epoch 00011, Step00000 | Train_Loss: 0.5706 | Time: 0.0317
Epoch 00011 | Val_Loss 0.7574 | Time(s) 0.0269
EarlyStopping counter: 5 out of 40
Getting training negative samples for edge types: [7]
nodes.shift keys: [0, 1, 2, 3]
nodes.count keys: [0, 1, 2, 3]
links.meta: {6: (1, 3), 2: (3, 3), 8: (2, 2), 7: (3, 2), 5: (3, 3), 4: (2, 2), 3: (2, 0), 11: (3, 3), 10: (3, 3), 0: (2, 2), 9: (3, 3), 1: (3, 3)}
t_type about to use: 2
h_type: 3
shift dict: {0: 0, 1: 188, 2: 19452, 3: 20010}
count dict: Counter({1: 19264, 3: 940, 2: 558, 0: 188})
Generated 903 negative samples for edge type 7
Epoch 00012, Step00000 | Train_Loss: 0.5837 | Time: 0.0300
Epoch 00012 | Val_Loss 0.8486 | Time(s) 0.0249
EarlyStopping counter: 6 out of 40
Getting training negative samples for edge types: [7]
nodes.shift keys: [0, 1, 2, 3]
nodes.count keys: [0, 1, 2, 3]
links.meta: {6: (1, 3), 2: (3, 3), 8: (2, 2), 7: (3, 2), 5: (3, 3), 4: (2, 2), 3: (2, 0), 11: (3, 3), 10: (3, 3), 0: (2, 2), 9: (3, 3), 1: (3, 3)}
t_type about to use: 2
h_type: 3
shift dict: {0: 0, 1: 188, 2: 19452, 3: 20010}
count dict: Counter({1: 19264, 3: 940, 2: 558, 0: 188})
Generated 903 negative samples for edge type 7
Epoch 00013, Step00000 | Train_Loss: 0.5725 | Time: 0.0297
Epoch 00013 | Val_Loss 0.8784 | Time(s) 0.0166
EarlyStopping counter: 7 out of 40
Getting training negative samples for edge types: [7]
nodes.shift keys: [0, 1, 2, 3]
nodes.count keys: [0, 1, 2, 3]
links.meta: {6: (1, 3), 2: (3, 3), 8: (2, 2), 7: (3, 2), 5: (3, 3), 4: (2, 2), 3: (2, 0), 11: (3, 3), 10: (3, 3), 0: (2, 2), 9: (3, 3), 1: (3, 3)}
t_type about to use: 2
h_type: 3
shift dict: {0: 0, 1: 188, 2: 19452, 3: 20010}
count dict: Counter({1: 19264, 3: 940, 2: 558, 0: 188})
Generated 903 negative samples for edge type 7
Epoch 00014, Step00000 | Train_Loss: 0.5603 | Time: 0.0427
Epoch 00014 | Val_Loss 0.9385 | Time(s) 0.0123
EarlyStopping counter: 8 out of 40
Getting training negative samples for edge types: [7]
nodes.shift keys: [0, 1, 2, 3]
nodes.count keys: [0, 1, 2, 3]
links.meta: {6: (1, 3), 2: (3, 3), 8: (2, 2), 7: (3, 2), 5: (3, 3), 4: (2, 2), 3: (2, 0), 11: (3, 3), 10: (3, 3), 0: (2, 2), 9: (3, 3), 1: (3, 3)}
t_type about to use: 2
h_type: 3
shift dict: {0: 0, 1: 188, 2: 19452, 3: 20010}
count dict: Counter({1: 19264, 3: 940, 2: 558, 0: 188})
Generated 903 negative samples for edge type 7
Epoch 00015, Step00000 | Train_Loss: 0.5627 | Time: 0.0501
Epoch 00015 | Val_Loss 0.8272 | Time(s) 0.0098
EarlyStopping counter: 9 out of 40
Getting training negative samples for edge types: [7]
nodes.shift keys: [0, 1, 2, 3]
nodes.count keys: [0, 1, 2, 3]
links.meta: {6: (1, 3), 2: (3, 3), 8: (2, 2), 7: (3, 2), 5: (3, 3), 4: (2, 2), 3: (2, 0), 11: (3, 3), 10: (3, 3), 0: (2, 2), 9: (3, 3), 1: (3, 3)}
t_type about to use: 2
h_type: 3
shift dict: {0: 0, 1: 188, 2: 19452, 3: 20010}
count dict: Counter({1: 19264, 3: 940, 2: 558, 0: 188})
Generated 903 negative samples for edge type 7
Epoch 00016, Step00000 | Train_Loss: 0.5517 | Time: 0.0532
Epoch 00016 | Val_Loss 0.8853 | Time(s) 0.0109
EarlyStopping counter: 10 out of 40
Getting training negative samples for edge types: [7]
nodes.shift keys: [0, 1, 2, 3]
nodes.count keys: [0, 1, 2, 3]
links.meta: {6: (1, 3), 2: (3, 3), 8: (2, 2), 7: (3, 2), 5: (3, 3), 4: (2, 2), 3: (2, 0), 11: (3, 3), 10: (3, 3), 0: (2, 2), 9: (3, 3), 1: (3, 3)}
t_type about to use: 2
h_type: 3
shift dict: {0: 0, 1: 188, 2: 19452, 3: 20010}
count dict: Counter({1: 19264, 3: 940, 2: 558, 0: 188})
Generated 903 negative samples for edge type 7
Epoch 00017, Step00000 | Train_Loss: 0.5494 | Time: 0.0313
Epoch 00017 | Val_Loss 0.9666 | Time(s) 0.0275
EarlyStopping counter: 11 out of 40
Getting training negative samples for edge types: [7]
nodes.shift keys: [0, 1, 2, 3]
nodes.count keys: [0, 1, 2, 3]
links.meta: {6: (1, 3), 2: (3, 3), 8: (2, 2), 7: (3, 2), 5: (3, 3), 4: (2, 2), 3: (2, 0), 11: (3, 3), 10: (3, 3), 0: (2, 2), 9: (3, 3), 1: (3, 3)}
t_type about to use: 2
h_type: 3
shift dict: {0: 0, 1: 188, 2: 19452, 3: 20010}
count dict: Counter({1: 19264, 3: 940, 2: 558, 0: 188})
Generated 903 negative samples for edge type 7
Epoch 00018, Step00000 | Train_Loss: 0.5539 | Time: 0.0300
Epoch 00018 | Val_Loss 0.8704 | Time(s) 0.0235
EarlyStopping counter: 12 out of 40
Getting training negative samples for edge types: [7]
nodes.shift keys: [0, 1, 2, 3]
nodes.count keys: [0, 1, 2, 3]
links.meta: {6: (1, 3), 2: (3, 3), 8: (2, 2), 7: (3, 2), 5: (3, 3), 4: (2, 2), 3: (2, 0), 11: (3, 3), 10: (3, 3), 0: (2, 2), 9: (3, 3), 1: (3, 3)}
t_type about to use: 2
h_type: 3
shift dict: {0: 0, 1: 188, 2: 19452, 3: 20010}
count dict: Counter({1: 19264, 3: 940, 2: 558, 0: 188})
Generated 903 negative samples for edge type 7
Epoch 00019, Step00000 | Train_Loss: 0.5408 | Time: 0.0320
Epoch 00019 | Val_Loss 0.9041 | Time(s) 0.0097
EarlyStopping counter: 13 out of 40
Getting training negative samples for edge types: [7]
nodes.shift keys: [0, 1, 2, 3]
nodes.count keys: [0, 1, 2, 3]
links.meta: {6: (1, 3), 2: (3, 3), 8: (2, 2), 7: (3, 2), 5: (3, 3), 4: (2, 2), 3: (2, 0), 11: (3, 3), 10: (3, 3), 0: (2, 2), 9: (3, 3), 1: (3, 3)}
t_type about to use: 2
h_type: 3
shift dict: {0: 0, 1: 188, 2: 19452, 3: 20010}
count dict: Counter({1: 19264, 3: 940, 2: 558, 0: 188})
Generated 903 negative samples for edge type 7
Epoch 00020, Step00000 | Train_Loss: 0.5626 | Time: 0.0489
Epoch 00020 | Val_Loss 0.8286 | Time(s) 0.0099
EarlyStopping counter: 14 out of 40
Getting training negative samples for edge types: [7]
nodes.shift keys: [0, 1, 2, 3]
nodes.count keys: [0, 1, 2, 3]
links.meta: {6: (1, 3), 2: (3, 3), 8: (2, 2), 7: (3, 2), 5: (3, 3), 4: (2, 2), 3: (2, 0), 11: (3, 3), 10: (3, 3), 0: (2, 2), 9: (3, 3), 1: (3, 3)}
t_type about to use: 2
h_type: 3
shift dict: {0: 0, 1: 188, 2: 19452, 3: 20010}
count dict: Counter({1: 19264, 3: 940, 2: 558, 0: 188})
Generated 903 negative samples for edge type 7
Epoch 00021, Step00000 | Train_Loss: 0.5427 | Time: 0.0378
Epoch 00021 | Val_Loss 0.9375 | Time(s) 0.0166
EarlyStopping counter: 15 out of 40
Getting training negative samples for edge types: [7]
nodes.shift keys: [0, 1, 2, 3]
nodes.count keys: [0, 1, 2, 3]
links.meta: {6: (1, 3), 2: (3, 3), 8: (2, 2), 7: (3, 2), 5: (3, 3), 4: (2, 2), 3: (2, 0), 11: (3, 3), 10: (3, 3), 0: (2, 2), 9: (3, 3), 1: (3, 3)}
t_type about to use: 2
h_type: 3
shift dict: {0: 0, 1: 188, 2: 19452, 3: 20010}
count dict: Counter({1: 19264, 3: 940, 2: 558, 0: 188})
Generated 903 negative samples for edge type 7
Epoch 00022, Step00000 | Train_Loss: 0.5538 | Time: 0.0268
Epoch 00022 | Val_Loss 0.8327 | Time(s) 0.0233
EarlyStopping counter: 16 out of 40
Getting training negative samples for edge types: [7]
nodes.shift keys: [0, 1, 2, 3]
nodes.count keys: [0, 1, 2, 3]
links.meta: {6: (1, 3), 2: (3, 3), 8: (2, 2), 7: (3, 2), 5: (3, 3), 4: (2, 2), 3: (2, 0), 11: (3, 3), 10: (3, 3), 0: (2, 2), 9: (3, 3), 1: (3, 3)}
t_type about to use: 2
h_type: 3
shift dict: {0: 0, 1: 188, 2: 19452, 3: 20010}
count dict: Counter({1: 19264, 3: 940, 2: 558, 0: 188})
Generated 903 negative samples for edge type 7
Epoch 00023, Step00000 | Train_Loss: 0.5467 | Time: 0.0301
Epoch 00023 | Val_Loss 0.8281 | Time(s) 0.0167
EarlyStopping counter: 17 out of 40
Getting training negative samples for edge types: [7]
nodes.shift keys: [0, 1, 2, 3]
nodes.count keys: [0, 1, 2, 3]
links.meta: {6: (1, 3), 2: (3, 3), 8: (2, 2), 7: (3, 2), 5: (3, 3), 4: (2, 2), 3: (2, 0), 11: (3, 3), 10: (3, 3), 0: (2, 2), 9: (3, 3), 1: (3, 3)}
t_type about to use: 2
h_type: 3
shift dict: {0: 0, 1: 188, 2: 19452, 3: 20010}
count dict: Counter({1: 19264, 3: 940, 2: 558, 0: 188})
Generated 903 negative samples for edge type 7
Epoch 00024, Step00000 | Train_Loss: 0.5376 | Time: 0.0422
Epoch 00024 | Val_Loss 0.7786 | Time(s) 0.0114
EarlyStopping counter: 18 out of 40
Getting training negative samples for edge types: [7]
nodes.shift keys: [0, 1, 2, 3]
nodes.count keys: [0, 1, 2, 3]
links.meta: {6: (1, 3), 2: (3, 3), 8: (2, 2), 7: (3, 2), 5: (3, 3), 4: (2, 2), 3: (2, 0), 11: (3, 3), 10: (3, 3), 0: (2, 2), 9: (3, 3), 1: (3, 3)}
t_type about to use: 2
h_type: 3
shift dict: {0: 0, 1: 188, 2: 19452, 3: 20010}
count dict: Counter({1: 19264, 3: 940, 2: 558, 0: 188})
Generated 903 negative samples for edge type 7
Epoch 00025, Step00000 | Train_Loss: 0.5434 | Time: 0.0496
Epoch 00025 | Val_Loss 0.8737 | Time(s) 0.0105
EarlyStopping counter: 19 out of 40
Getting training negative samples for edge types: [7]
nodes.shift keys: [0, 1, 2, 3]
nodes.count keys: [0, 1, 2, 3]
links.meta: {6: (1, 3), 2: (3, 3), 8: (2, 2), 7: (3, 2), 5: (3, 3), 4: (2, 2), 3: (2, 0), 11: (3, 3), 10: (3, 3), 0: (2, 2), 9: (3, 3), 1: (3, 3)}
t_type about to use: 2
h_type: 3
shift dict: {0: 0, 1: 188, 2: 19452, 3: 20010}
count dict: Counter({1: 19264, 3: 940, 2: 558, 0: 188})
Generated 903 negative samples for edge type 7
Epoch 00026, Step00000 | Train_Loss: 0.5385 | Time: 0.0527
Epoch 00026 | Val_Loss 0.8766 | Time(s) 0.0123
EarlyStopping counter: 20 out of 40
Getting training negative samples for edge types: [7]
nodes.shift keys: [0, 1, 2, 3]
nodes.count keys: [0, 1, 2, 3]
links.meta: {6: (1, 3), 2: (3, 3), 8: (2, 2), 7: (3, 2), 5: (3, 3), 4: (2, 2), 3: (2, 0), 11: (3, 3), 10: (3, 3), 0: (2, 2), 9: (3, 3), 1: (3, 3)}
t_type about to use: 2
h_type: 3
shift dict: {0: 0, 1: 188, 2: 19452, 3: 20010}
count dict: Counter({1: 19264, 3: 940, 2: 558, 0: 188})
Generated 903 negative samples for edge type 7
Epoch 00027, Step00000 | Train_Loss: 0.5470 | Time: 0.0332
Epoch 00027 | Val_Loss 0.8605 | Time(s) 0.0265
EarlyStopping counter: 21 out of 40
Getting training negative samples for edge types: [7]
nodes.shift keys: [0, 1, 2, 3]
nodes.count keys: [0, 1, 2, 3]
links.meta: {6: (1, 3), 2: (3, 3), 8: (2, 2), 7: (3, 2), 5: (3, 3), 4: (2, 2), 3: (2, 0), 11: (3, 3), 10: (3, 3), 0: (2, 2), 9: (3, 3), 1: (3, 3)}
t_type about to use: 2
h_type: 3
shift dict: {0: 0, 1: 188, 2: 19452, 3: 20010}
count dict: Counter({1: 19264, 3: 940, 2: 558, 0: 188})
Generated 903 negative samples for edge type 7
Epoch 00028, Step00000 | Train_Loss: 0.5587 | Time: 0.0310
Epoch 00028 | Val_Loss 0.8171 | Time(s) 0.0161
EarlyStopping counter: 22 out of 40
Getting training negative samples for edge types: [7]
nodes.shift keys: [0, 1, 2, 3]
nodes.count keys: [0, 1, 2, 3]
links.meta: {6: (1, 3), 2: (3, 3), 8: (2, 2), 7: (3, 2), 5: (3, 3), 4: (2, 2), 3: (2, 0), 11: (3, 3), 10: (3, 3), 0: (2, 2), 9: (3, 3), 1: (3, 3)}
t_type about to use: 2
h_type: 3
shift dict: {0: 0, 1: 188, 2: 19452, 3: 20010}
count dict: Counter({1: 19264, 3: 940, 2: 558, 0: 188})
Generated 903 negative samples for edge type 7
Epoch 00029, Step00000 | Train_Loss: 0.5264 | Time: 0.0498
Epoch 00029 | Val_Loss 0.8835 | Time(s) 0.0127
EarlyStopping counter: 23 out of 40
Getting training negative samples for edge types: [7]
nodes.shift keys: [0, 1, 2, 3]
nodes.count keys: [0, 1, 2, 3]
links.meta: {6: (1, 3), 2: (3, 3), 8: (2, 2), 7: (3, 2), 5: (3, 3), 4: (2, 2), 3: (2, 0), 11: (3, 3), 10: (3, 3), 0: (2, 2), 9: (3, 3), 1: (3, 3)}
t_type about to use: 2
h_type: 3
shift dict: {0: 0, 1: 188, 2: 19452, 3: 20010}
count dict: Counter({1: 19264, 3: 940, 2: 558, 0: 188})
Generated 903 negative samples for edge type 7
Epoch 00030, Step00000 | Train_Loss: 0.5477 | Time: 0.0509
Epoch 00030 | Val_Loss 0.8610 | Time(s) 0.0099
EarlyStopping counter: 24 out of 40
Getting training negative samples for edge types: [7]
nodes.shift keys: [0, 1, 2, 3]
nodes.count keys: [0, 1, 2, 3]
links.meta: {6: (1, 3), 2: (3, 3), 8: (2, 2), 7: (3, 2), 5: (3, 3), 4: (2, 2), 3: (2, 0), 11: (3, 3), 10: (3, 3), 0: (2, 2), 9: (3, 3), 1: (3, 3)}
t_type about to use: 2
h_type: 3
shift dict: {0: 0, 1: 188, 2: 19452, 3: 20010}
count dict: Counter({1: 19264, 3: 940, 2: 558, 0: 188})
Generated 903 negative samples for edge type 7
Epoch 00031, Step00000 | Train_Loss: 0.5395 | Time: 0.0409
Epoch 00031 | Val_Loss 0.9016 | Time(s) 0.0138
EarlyStopping counter: 25 out of 40
Getting training negative samples for edge types: [7]
nodes.shift keys: [0, 1, 2, 3]
nodes.count keys: [0, 1, 2, 3]
links.meta: {6: (1, 3), 2: (3, 3), 8: (2, 2), 7: (3, 2), 5: (3, 3), 4: (2, 2), 3: (2, 0), 11: (3, 3), 10: (3, 3), 0: (2, 2), 9: (3, 3), 1: (3, 3)}
t_type about to use: 2
h_type: 3
shift dict: {0: 0, 1: 188, 2: 19452, 3: 20010}
count dict: Counter({1: 19264, 3: 940, 2: 558, 0: 188})
Generated 903 negative samples for edge type 7
Epoch 00032, Step00000 | Train_Loss: 0.5398 | Time: 0.0270
Epoch 00032 | Val_Loss 0.9111 | Time(s) 0.0224
EarlyStopping counter: 26 out of 40
Getting training negative samples for edge types: [7]
nodes.shift keys: [0, 1, 2, 3]
nodes.count keys: [0, 1, 2, 3]
links.meta: {6: (1, 3), 2: (3, 3), 8: (2, 2), 7: (3, 2), 5: (3, 3), 4: (2, 2), 3: (2, 0), 11: (3, 3), 10: (3, 3), 0: (2, 2), 9: (3, 3), 1: (3, 3)}
t_type about to use: 2
h_type: 3
shift dict: {0: 0, 1: 188, 2: 19452, 3: 20010}
count dict: Counter({1: 19264, 3: 940, 2: 558, 0: 188})
Generated 903 negative samples for edge type 7
Epoch 00033, Step00000 | Train_Loss: 0.5550 | Time: 0.0306
Epoch 00033 | Val_Loss 0.8827 | Time(s) 0.0148
EarlyStopping counter: 27 out of 40
Getting training negative samples for edge types: [7]
nodes.shift keys: [0, 1, 2, 3]
nodes.count keys: [0, 1, 2, 3]
links.meta: {6: (1, 3), 2: (3, 3), 8: (2, 2), 7: (3, 2), 5: (3, 3), 4: (2, 2), 3: (2, 0), 11: (3, 3), 10: (3, 3), 0: (2, 2), 9: (3, 3), 1: (3, 3)}
t_type about to use: 2
h_type: 3
shift dict: {0: 0, 1: 188, 2: 19452, 3: 20010}
count dict: Counter({1: 19264, 3: 940, 2: 558, 0: 188})
Generated 903 negative samples for edge type 7
Epoch 00034, Step00000 | Train_Loss: 0.5385 | Time: 0.0454
Epoch 00034 | Val_Loss 0.8923 | Time(s) 0.0099
EarlyStopping counter: 28 out of 40
Getting training negative samples for edge types: [7]
nodes.shift keys: [0, 1, 2, 3]
nodes.count keys: [0, 1, 2, 3]
links.meta: {6: (1, 3), 2: (3, 3), 8: (2, 2), 7: (3, 2), 5: (3, 3), 4: (2, 2), 3: (2, 0), 11: (3, 3), 10: (3, 3), 0: (2, 2), 9: (3, 3), 1: (3, 3)}
t_type about to use: 2
h_type: 3
shift dict: {0: 0, 1: 188, 2: 19452, 3: 20010}
count dict: Counter({1: 19264, 3: 940, 2: 558, 0: 188})
Generated 903 negative samples for edge type 7
Epoch 00035, Step00000 | Train_Loss: 0.5279 | Time: 0.0518
Epoch 00035 | Val_Loss 0.8255 | Time(s) 0.0108
EarlyStopping counter: 29 out of 40
Getting training negative samples for edge types: [7]
nodes.shift keys: [0, 1, 2, 3]
nodes.count keys: [0, 1, 2, 3]
links.meta: {6: (1, 3), 2: (3, 3), 8: (2, 2), 7: (3, 2), 5: (3, 3), 4: (2, 2), 3: (2, 0), 11: (3, 3), 10: (3, 3), 0: (2, 2), 9: (3, 3), 1: (3, 3)}
t_type about to use: 2
h_type: 3
shift dict: {0: 0, 1: 188, 2: 19452, 3: 20010}
count dict: Counter({1: 19264, 3: 940, 2: 558, 0: 188})
Generated 903 negative samples for edge type 7
Epoch 00036, Step00000 | Train_Loss: 0.5375 | Time: 0.0331
Epoch 00036 | Val_Loss 0.9546 | Time(s) 0.0255
EarlyStopping counter: 30 out of 40
Getting training negative samples for edge types: [7]
nodes.shift keys: [0, 1, 2, 3]
nodes.count keys: [0, 1, 2, 3]
links.meta: {6: (1, 3), 2: (3, 3), 8: (2, 2), 7: (3, 2), 5: (3, 3), 4: (2, 2), 3: (2, 0), 11: (3, 3), 10: (3, 3), 0: (2, 2), 9: (3, 3), 1: (3, 3)}
t_type about to use: 2
h_type: 3
shift dict: {0: 0, 1: 188, 2: 19452, 3: 20010}
count dict: Counter({1: 19264, 3: 940, 2: 558, 0: 188})
Generated 903 negative samples for edge type 7
Epoch 00037, Step00000 | Train_Loss: 0.5457 | Time: 0.0283
Epoch 00037 | Val_Loss 0.9073 | Time(s) 0.0227
EarlyStopping counter: 31 out of 40
Getting training negative samples for edge types: [7]
nodes.shift keys: [0, 1, 2, 3]
nodes.count keys: [0, 1, 2, 3]
links.meta: {6: (1, 3), 2: (3, 3), 8: (2, 2), 7: (3, 2), 5: (3, 3), 4: (2, 2), 3: (2, 0), 11: (3, 3), 10: (3, 3), 0: (2, 2), 9: (3, 3), 1: (3, 3)}
t_type about to use: 2
h_type: 3
shift dict: {0: 0, 1: 188, 2: 19452, 3: 20010}
count dict: Counter({1: 19264, 3: 940, 2: 558, 0: 188})
Generated 903 negative samples for edge type 7
Epoch 00038, Step00000 | Train_Loss: 0.5267 | Time: 0.0316
Epoch 00038 | Val_Loss 0.9526 | Time(s) 0.0155
EarlyStopping counter: 32 out of 40
Getting training negative samples for edge types: [7]
nodes.shift keys: [0, 1, 2, 3]
nodes.count keys: [0, 1, 2, 3]
links.meta: {6: (1, 3), 2: (3, 3), 8: (2, 2), 7: (3, 2), 5: (3, 3), 4: (2, 2), 3: (2, 0), 11: (3, 3), 10: (3, 3), 0: (2, 2), 9: (3, 3), 1: (3, 3)}
t_type about to use: 2
h_type: 3
shift dict: {0: 0, 1: 188, 2: 19452, 3: 20010}
count dict: Counter({1: 19264, 3: 940, 2: 558, 0: 188})
Generated 903 negative samples for edge type 7
Epoch 00039, Step00000 | Train_Loss: 0.5311 | Time: 0.0433
Epoch 00039 | Val_Loss 0.9100 | Time(s) 0.0154
EarlyStopping counter: 33 out of 40
Getting training negative samples for edge types: [7]
nodes.shift keys: [0, 1, 2, 3]
nodes.count keys: [0, 1, 2, 3]
links.meta: {6: (1, 3), 2: (3, 3), 8: (2, 2), 7: (3, 2), 5: (3, 3), 4: (2, 2), 3: (2, 0), 11: (3, 3), 10: (3, 3), 0: (2, 2), 9: (3, 3), 1: (3, 3)}
t_type about to use: 2
h_type: 3
shift dict: {0: 0, 1: 188, 2: 19452, 3: 20010}
count dict: Counter({1: 19264, 3: 940, 2: 558, 0: 188})
Generated 903 negative samples for edge type 7
Epoch 00040, Step00000 | Train_Loss: 0.5290 | Time: 0.0463
Epoch 00040 | Val_Loss 0.8704 | Time(s) 0.0097
EarlyStopping counter: 34 out of 40
Getting training negative samples for edge types: [7]
nodes.shift keys: [0, 1, 2, 3]
nodes.count keys: [0, 1, 2, 3]
links.meta: {6: (1, 3), 2: (3, 3), 8: (2, 2), 7: (3, 2), 5: (3, 3), 4: (2, 2), 3: (2, 0), 11: (3, 3), 10: (3, 3), 0: (2, 2), 9: (3, 3), 1: (3, 3)}
t_type about to use: 2
h_type: 3
shift dict: {0: 0, 1: 188, 2: 19452, 3: 20010}
count dict: Counter({1: 19264, 3: 940, 2: 558, 0: 188})
Generated 903 negative samples for edge type 7
Epoch 00041, Step00000 | Train_Loss: 0.5233 | Time: 0.0498
Epoch 00041 | Val_Loss 0.8802 | Time(s) 0.0095
EarlyStopping counter: 35 out of 40
Getting training negative samples for edge types: [7]
nodes.shift keys: [0, 1, 2, 3]
nodes.count keys: [0, 1, 2, 3]
links.meta: {6: (1, 3), 2: (3, 3), 8: (2, 2), 7: (3, 2), 5: (3, 3), 4: (2, 2), 3: (2, 0), 11: (3, 3), 10: (3, 3), 0: (2, 2), 9: (3, 3), 1: (3, 3)}
t_type about to use: 2
h_type: 3
shift dict: {0: 0, 1: 188, 2: 19452, 3: 20010}
count dict: Counter({1: 19264, 3: 940, 2: 558, 0: 188})
Generated 903 negative samples for edge type 7
Epoch 00042, Step00000 | Train_Loss: 0.5487 | Time: 0.0379
Epoch 00042 | Val_Loss 0.7781 | Time(s) 0.0162
EarlyStopping counter: 36 out of 40
Getting training negative samples for edge types: [7]
nodes.shift keys: [0, 1, 2, 3]
nodes.count keys: [0, 1, 2, 3]
links.meta: {6: (1, 3), 2: (3, 3), 8: (2, 2), 7: (3, 2), 5: (3, 3), 4: (2, 2), 3: (2, 0), 11: (3, 3), 10: (3, 3), 0: (2, 2), 9: (3, 3), 1: (3, 3)}
t_type about to use: 2
h_type: 3
shift dict: {0: 0, 1: 188, 2: 19452, 3: 20010}
count dict: Counter({1: 19264, 3: 940, 2: 558, 0: 188})
Generated 903 negative samples for edge type 7
Epoch 00043, Step00000 | Train_Loss: 0.5260 | Time: 0.0261
Epoch 00043 | Val_Loss 0.9206 | Time(s) 0.0198
EarlyStopping counter: 37 out of 40
Getting training negative samples for edge types: [7]
nodes.shift keys: [0, 1, 2, 3]
nodes.count keys: [0, 1, 2, 3]
links.meta: {6: (1, 3), 2: (3, 3), 8: (2, 2), 7: (3, 2), 5: (3, 3), 4: (2, 2), 3: (2, 0), 11: (3, 3), 10: (3, 3), 0: (2, 2), 9: (3, 3), 1: (3, 3)}
t_type about to use: 2
h_type: 3
shift dict: {0: 0, 1: 188, 2: 19452, 3: 20010}
count dict: Counter({1: 19264, 3: 940, 2: 558, 0: 188})
Generated 903 negative samples for edge type 7
Epoch 00044, Step00000 | Train_Loss: 0.5174 | Time: 0.0323
Epoch 00044 | Val_Loss 0.9514 | Time(s) 0.0154
EarlyStopping counter: 38 out of 40
Getting training negative samples for edge types: [7]
nodes.shift keys: [0, 1, 2, 3]
nodes.count keys: [0, 1, 2, 3]
links.meta: {6: (1, 3), 2: (3, 3), 8: (2, 2), 7: (3, 2), 5: (3, 3), 4: (2, 2), 3: (2, 0), 11: (3, 3), 10: (3, 3), 0: (2, 2), 9: (3, 3), 1: (3, 3)}
t_type about to use: 2
h_type: 3
shift dict: {0: 0, 1: 188, 2: 19452, 3: 20010}
count dict: Counter({1: 19264, 3: 940, 2: 558, 0: 188})
Generated 903 negative samples for edge type 7
Epoch 00045, Step00000 | Train_Loss: 0.5353 | Time: 0.0436
Epoch 00045 | Val_Loss 0.9250 | Time(s) 0.0120
EarlyStopping counter: 39 out of 40
Getting training negative samples for edge types: [7]
nodes.shift keys: [0, 1, 2, 3]
nodes.count keys: [0, 1, 2, 3]
links.meta: {6: (1, 3), 2: (3, 3), 8: (2, 2), 7: (3, 2), 5: (3, 3), 4: (2, 2), 3: (2, 0), 11: (3, 3), 10: (3, 3), 0: (2, 2), 9: (3, 3), 1: (3, 3)}
t_type about to use: 2
h_type: 3
shift dict: {0: 0, 1: 188, 2: 19452, 3: 20010}
count dict: Counter({1: 19264, 3: 940, 2: 558, 0: 188})
Generated 903 negative samples for edge type 7
Epoch 00046, Step00000 | Train_Loss: 0.5371 | Time: 0.0509
Epoch 00046 | Val_Loss 0.9613 | Time(s) 0.0098
EarlyStopping counter: 40 out of 40
Early stopping!
Early stopping!
Meta keys: dict_keys([7])
Data keys: dict_keys([7])
Edge type: 7, Meta: (3, 2)
{'roc_auc': 0.5590168055156564, 'MRR': 0.7840796019900497}
{'roc_auc': 0.6741238149956909, 'MRR': 0.8366915422885572}
defaultdict(<class 'float'>, {'roc_auc': 0.5590168055156564, 'MRR': 0.7840796019900497})
defaultdict(<class 'float'>, {'roc_auc': 0.6741238149956909, 'MRR': 0.8366915422885572})
Completed: amazon_style_ccct_features_securebert_fold_2

--------------------------------------
Running model: SimpleHGN
Dataset: amazon_style_ccct_features_securebert_fold_3
--------------------------------------
Data path: ../../data/amazon_style_ccct_features_securebert_fold_3
Loading nodes from ../../data/amazon_style_ccct_features_securebert_fold_3/node.dat
edge types: dict_keys([6, 2, 8, 7, 5, 4, 3, 11, 10, 0, 9, 1])
Getting training negative samples for edge types: [7]
nodes.shift keys: [0, 1, 2, 3]
nodes.count keys: [0, 1, 2, 3]
links.meta: {6: (1, 3), 2: (3, 3), 8: (2, 2), 7: (3, 2), 5: (3, 3), 4: (2, 2), 3: (2, 0), 11: (3, 3), 10: (3, 3), 0: (2, 2), 9: (3, 3), 1: (3, 3)}
t_type about to use: 2
h_type: 3
shift dict: {0: 0, 1: 188, 2: 19452, 3: 20010}
count dict: Counter({1: 19264, 3: 940, 2: 558, 0: 188})
Generated 894 negative samples for edge type 7
Features List: [array([[ 0.00445206,  0.01268557,  0.22351578, ..., -0.28678206,
        -0.37460288,  0.18294938],
       [-0.18744846,  0.07075578,  0.0476894 , ..., -0.2232531 ,
        -0.19588573,  0.47988179],
       [-0.17451471, -0.04557271,  0.15712288, ..., -0.05391889,
        -0.20500693,  0.23744845],
       ...,
       [-0.40584856,  0.04715464,  0.24475315, ..., -0.12466257,
        -0.2035536 ,  0.28577447],
       [-0.18835557,  0.03822717,  0.03586731, ..., -0.23435652,
        -0.35453227,  0.38753107],
       [-0.13632202,  0.14362322,  0.08668749, ..., -0.24145249,
        -0.25799868,  0.26464131]]), array([[-0.02302658,  0.0368569 ,  0.00652144, ..., -0.02803515,
        -0.00893309,  0.00342051],
       [-0.01979104,  0.04036582,  0.01475144, ..., -0.00661969,
        -0.01504144,  0.01323287],
       [-0.02346251,  0.03577969,  0.00104941, ..., -0.01948969,
        -0.02273973,  0.01956808],
       ...,
       [ 0.01112562,  0.01252526, -0.00604169, ..., -0.02203615,
        -0.00625044, -0.01684516],
       [-0.02297131,  0.02604213,  0.00098649, ...,  0.00838303,
        -0.00321861, -0.00570687],
       [-0.01075894,  0.00767744, -0.01424407, ..., -0.02184941,
         0.02614397, -0.01134232]]), array([[ 0.00791158, -0.00538086, -0.02676104, ..., -0.01897389,
        -0.01306979, -0.00084801],
       [ 0.01682901, -0.00649696, -0.01921631, ..., -0.01401017,
        -0.0039668 , -0.02202195],
       [ 0.02197852, -0.01403735, -0.05225722, ...,  0.02019661,
         0.00528841,  0.0033033 ],
       ...,
       [ 0.01603197,  0.00716993, -0.01245602, ..., -0.01399604,
        -0.00058955, -0.0256807 ],
       [ 0.01039577,  0.02045547, -0.02146293, ...,  0.01017929,
         0.02390171,  0.00134994],
       [ 0.00462414,  0.0041195 , -0.0135733 , ..., -0.01101827,
         0.00813001,  0.0203817 ]]), array([[ 0.00087804,  0.00658507, -0.02514569, ..., -0.04238372,
         0.00850771, -0.02565438],
       [-0.0006986 ,  0.01542003, -0.03227317, ..., -0.01301633,
         0.01559736, -0.03614859],
       [-0.01135348,  0.00974955, -0.01812623, ..., -0.01920343,
         0.00887381, -0.0152928 ],
       ...,
       [ 0.00701895, -0.01539859, -0.03025482, ..., -0.03644368,
         0.01254067, -0.0236606 ],
       [-0.00414097,  0.00144739, -0.05197839, ...,  0.00216818,
         0.02755725, -0.03143983],
       [ 0.01779867, -0.02493452, -0.0391779 , ..., -0.01159797,
        -0.00619852, -0.02449675]])]
Getting training negative samples for edge types: [7]
nodes.shift keys: [0, 1, 2, 3]
nodes.count keys: [0, 1, 2, 3]
links.meta: {6: (1, 3), 2: (3, 3), 8: (2, 2), 7: (3, 2), 5: (3, 3), 4: (2, 2), 3: (2, 0), 11: (3, 3), 10: (3, 3), 0: (2, 2), 9: (3, 3), 1: (3, 3)}
t_type about to use: 2
h_type: 3
shift dict: {0: 0, 1: 188, 2: 19452, 3: 20010}
count dict: Counter({1: 19264, 3: 940, 2: 558, 0: 188})
Generated 894 negative samples for edge type 7
Epoch 00000, Step00000 | Train_Loss: 0.6923 | Time: 0.5752
Epoch 00000 | Val_Loss 0.6863 | Time(s) 0.0273
Validation loss decreased (inf --> 0.686340).  Saving model ...
Getting training negative samples for edge types: [7]
nodes.shift keys: [0, 1, 2, 3]
nodes.count keys: [0, 1, 2, 3]
links.meta: {6: (1, 3), 2: (3, 3), 8: (2, 2), 7: (3, 2), 5: (3, 3), 4: (2, 2), 3: (2, 0), 11: (3, 3), 10: (3, 3), 0: (2, 2), 9: (3, 3), 1: (3, 3)}
t_type about to use: 2
h_type: 3
shift dict: {0: 0, 1: 188, 2: 19452, 3: 20010}
count dict: Counter({1: 19264, 3: 940, 2: 558, 0: 188})
Generated 894 negative samples for edge type 7
Epoch 00001, Step00000 | Train_Loss: 0.6850 | Time: 0.0491
Epoch 00001 | Val_Loss 0.6697 | Time(s) 0.0098
Validation loss decreased (0.686340 --> 0.669658).  Saving model ...
Getting training negative samples for edge types: [7]
nodes.shift keys: [0, 1, 2, 3]
nodes.count keys: [0, 1, 2, 3]
links.meta: {6: (1, 3), 2: (3, 3), 8: (2, 2), 7: (3, 2), 5: (3, 3), 4: (2, 2), 3: (2, 0), 11: (3, 3), 10: (3, 3), 0: (2, 2), 9: (3, 3), 1: (3, 3)}
t_type about to use: 2
h_type: 3
shift dict: {0: 0, 1: 188, 2: 19452, 3: 20010}
count dict: Counter({1: 19264, 3: 940, 2: 558, 0: 188})
Generated 894 negative samples for edge type 7
Epoch 00002, Step00000 | Train_Loss: 0.6739 | Time: 0.0291
Epoch 00002 | Val_Loss 0.6593 | Time(s) 0.0154
Validation loss decreased (0.669658 --> 0.659311).  Saving model ...
Getting training negative samples for edge types: [7]
nodes.shift keys: [0, 1, 2, 3]
nodes.count keys: [0, 1, 2, 3]
links.meta: {6: (1, 3), 2: (3, 3), 8: (2, 2), 7: (3, 2), 5: (3, 3), 4: (2, 2), 3: (2, 0), 11: (3, 3), 10: (3, 3), 0: (2, 2), 9: (3, 3), 1: (3, 3)}
t_type about to use: 2
h_type: 3
shift dict: {0: 0, 1: 188, 2: 19452, 3: 20010}
count dict: Counter({1: 19264, 3: 940, 2: 558, 0: 188})
Generated 894 negative samples for edge type 7
Epoch 00003, Step00000 | Train_Loss: 0.6650 | Time: 0.0264
Epoch 00003 | Val_Loss 0.6494 | Time(s) 0.0196
Validation loss decreased (0.659311 --> 0.649404).  Saving model ...
Getting training negative samples for edge types: [7]
nodes.shift keys: [0, 1, 2, 3]
nodes.count keys: [0, 1, 2, 3]
links.meta: {6: (1, 3), 2: (3, 3), 8: (2, 2), 7: (3, 2), 5: (3, 3), 4: (2, 2), 3: (2, 0), 11: (3, 3), 10: (3, 3), 0: (2, 2), 9: (3, 3), 1: (3, 3)}
t_type about to use: 2
h_type: 3
shift dict: {0: 0, 1: 188, 2: 19452, 3: 20010}
count dict: Counter({1: 19264, 3: 940, 2: 558, 0: 188})
Generated 894 negative samples for edge type 7
Epoch 00004, Step00000 | Train_Loss: 0.6548 | Time: 0.0324
Epoch 00004 | Val_Loss 0.6562 | Time(s) 0.0253
EarlyStopping counter: 1 out of 40
Getting training negative samples for edge types: [7]
nodes.shift keys: [0, 1, 2, 3]
nodes.count keys: [0, 1, 2, 3]
links.meta: {6: (1, 3), 2: (3, 3), 8: (2, 2), 7: (3, 2), 5: (3, 3), 4: (2, 2), 3: (2, 0), 11: (3, 3), 10: (3, 3), 0: (2, 2), 9: (3, 3), 1: (3, 3)}
t_type about to use: 2
h_type: 3
shift dict: {0: 0, 1: 188, 2: 19452, 3: 20010}
count dict: Counter({1: 19264, 3: 940, 2: 558, 0: 188})
Generated 894 negative samples for edge type 7
Epoch 00005, Step00000 | Train_Loss: 0.6450 | Time: 0.0252
Epoch 00005 | Val_Loss 0.6469 | Time(s) 0.0203
Validation loss decreased (0.649404 --> 0.646908).  Saving model ...
Getting training negative samples for edge types: [7]
nodes.shift keys: [0, 1, 2, 3]
nodes.count keys: [0, 1, 2, 3]
links.meta: {6: (1, 3), 2: (3, 3), 8: (2, 2), 7: (3, 2), 5: (3, 3), 4: (2, 2), 3: (2, 0), 11: (3, 3), 10: (3, 3), 0: (2, 2), 9: (3, 3), 1: (3, 3)}
t_type about to use: 2
h_type: 3
shift dict: {0: 0, 1: 188, 2: 19452, 3: 20010}
count dict: Counter({1: 19264, 3: 940, 2: 558, 0: 188})
Generated 894 negative samples for edge type 7
Epoch 00006, Step00000 | Train_Loss: 0.6239 | Time: 0.0324
Epoch 00006 | Val_Loss 0.6578 | Time(s) 0.0254
EarlyStopping counter: 1 out of 40
Getting training negative samples for edge types: [7]
nodes.shift keys: [0, 1, 2, 3]
nodes.count keys: [0, 1, 2, 3]
links.meta: {6: (1, 3), 2: (3, 3), 8: (2, 2), 7: (3, 2), 5: (3, 3), 4: (2, 2), 3: (2, 0), 11: (3, 3), 10: (3, 3), 0: (2, 2), 9: (3, 3), 1: (3, 3)}
t_type about to use: 2
h_type: 3
shift dict: {0: 0, 1: 188, 2: 19452, 3: 20010}
count dict: Counter({1: 19264, 3: 940, 2: 558, 0: 188})
Generated 894 negative samples for edge type 7
Epoch 00007, Step00000 | Train_Loss: 0.6118 | Time: 0.0258
Epoch 00007 | Val_Loss 0.6565 | Time(s) 0.0223
EarlyStopping counter: 2 out of 40
Getting training negative samples for edge types: [7]
nodes.shift keys: [0, 1, 2, 3]
nodes.count keys: [0, 1, 2, 3]
links.meta: {6: (1, 3), 2: (3, 3), 8: (2, 2), 7: (3, 2), 5: (3, 3), 4: (2, 2), 3: (2, 0), 11: (3, 3), 10: (3, 3), 0: (2, 2), 9: (3, 3), 1: (3, 3)}
t_type about to use: 2
h_type: 3
shift dict: {0: 0, 1: 188, 2: 19452, 3: 20010}
count dict: Counter({1: 19264, 3: 940, 2: 558, 0: 188})
Generated 894 negative samples for edge type 7
Epoch 00008, Step00000 | Train_Loss: 0.5947 | Time: 0.0312
Epoch 00008 | Val_Loss 0.6615 | Time(s) 0.0148
EarlyStopping counter: 3 out of 40
Getting training negative samples for edge types: [7]
nodes.shift keys: [0, 1, 2, 3]
nodes.count keys: [0, 1, 2, 3]
links.meta: {6: (1, 3), 2: (3, 3), 8: (2, 2), 7: (3, 2), 5: (3, 3), 4: (2, 2), 3: (2, 0), 11: (3, 3), 10: (3, 3), 0: (2, 2), 9: (3, 3), 1: (3, 3)}
t_type about to use: 2
h_type: 3
shift dict: {0: 0, 1: 188, 2: 19452, 3: 20010}
count dict: Counter({1: 19264, 3: 940, 2: 558, 0: 188})
Generated 894 negative samples for edge type 7
Epoch 00009, Step00000 | Train_Loss: 0.5904 | Time: 0.0449
Epoch 00009 | Val_Loss 0.7296 | Time(s) 0.0127
EarlyStopping counter: 4 out of 40
Getting training negative samples for edge types: [7]
nodes.shift keys: [0, 1, 2, 3]
nodes.count keys: [0, 1, 2, 3]
links.meta: {6: (1, 3), 2: (3, 3), 8: (2, 2), 7: (3, 2), 5: (3, 3), 4: (2, 2), 3: (2, 0), 11: (3, 3), 10: (3, 3), 0: (2, 2), 9: (3, 3), 1: (3, 3)}
t_type about to use: 2
h_type: 3
shift dict: {0: 0, 1: 188, 2: 19452, 3: 20010}
count dict: Counter({1: 19264, 3: 940, 2: 558, 0: 188})
Generated 894 negative samples for edge type 7
Epoch 00010, Step00000 | Train_Loss: 0.5759 | Time: 0.0518
Epoch 00010 | Val_Loss 0.7680 | Time(s) 0.0108
EarlyStopping counter: 5 out of 40
Getting training negative samples for edge types: [7]
nodes.shift keys: [0, 1, 2, 3]
nodes.count keys: [0, 1, 2, 3]
links.meta: {6: (1, 3), 2: (3, 3), 8: (2, 2), 7: (3, 2), 5: (3, 3), 4: (2, 2), 3: (2, 0), 11: (3, 3), 10: (3, 3), 0: (2, 2), 9: (3, 3), 1: (3, 3)}
t_type about to use: 2
h_type: 3
shift dict: {0: 0, 1: 188, 2: 19452, 3: 20010}
count dict: Counter({1: 19264, 3: 940, 2: 558, 0: 188})
Generated 894 negative samples for edge type 7
Epoch 00011, Step00000 | Train_Loss: 0.5762 | Time: 0.0319
Epoch 00011 | Val_Loss 0.7877 | Time(s) 0.0255
EarlyStopping counter: 6 out of 40
Getting training negative samples for edge types: [7]
nodes.shift keys: [0, 1, 2, 3]
nodes.count keys: [0, 1, 2, 3]
links.meta: {6: (1, 3), 2: (3, 3), 8: (2, 2), 7: (3, 2), 5: (3, 3), 4: (2, 2), 3: (2, 0), 11: (3, 3), 10: (3, 3), 0: (2, 2), 9: (3, 3), 1: (3, 3)}
t_type about to use: 2
h_type: 3
shift dict: {0: 0, 1: 188, 2: 19452, 3: 20010}
count dict: Counter({1: 19264, 3: 940, 2: 558, 0: 188})
Generated 894 negative samples for edge type 7
Epoch 00012, Step00000 | Train_Loss: 0.5629 | Time: 0.0265
Epoch 00012 | Val_Loss 0.7860 | Time(s) 0.0243
EarlyStopping counter: 7 out of 40
Getting training negative samples for edge types: [7]
nodes.shift keys: [0, 1, 2, 3]
nodes.count keys: [0, 1, 2, 3]
links.meta: {6: (1, 3), 2: (3, 3), 8: (2, 2), 7: (3, 2), 5: (3, 3), 4: (2, 2), 3: (2, 0), 11: (3, 3), 10: (3, 3), 0: (2, 2), 9: (3, 3), 1: (3, 3)}
t_type about to use: 2
h_type: 3
shift dict: {0: 0, 1: 188, 2: 19452, 3: 20010}
count dict: Counter({1: 19264, 3: 940, 2: 558, 0: 188})
Generated 894 negative samples for edge type 7
Epoch 00013, Step00000 | Train_Loss: 0.5822 | Time: 0.0287
Epoch 00013 | Val_Loss 0.7945 | Time(s) 0.0156
EarlyStopping counter: 8 out of 40
Getting training negative samples for edge types: [7]
nodes.shift keys: [0, 1, 2, 3]
nodes.count keys: [0, 1, 2, 3]
links.meta: {6: (1, 3), 2: (3, 3), 8: (2, 2), 7: (3, 2), 5: (3, 3), 4: (2, 2), 3: (2, 0), 11: (3, 3), 10: (3, 3), 0: (2, 2), 9: (3, 3), 1: (3, 3)}
t_type about to use: 2
h_type: 3
shift dict: {0: 0, 1: 188, 2: 19452, 3: 20010}
count dict: Counter({1: 19264, 3: 940, 2: 558, 0: 188})
Generated 894 negative samples for edge type 7
Epoch 00014, Step00000 | Train_Loss: 0.5575 | Time: 0.0438
Epoch 00014 | Val_Loss 0.8304 | Time(s) 0.0098
EarlyStopping counter: 9 out of 40
Getting training negative samples for edge types: [7]
nodes.shift keys: [0, 1, 2, 3]
nodes.count keys: [0, 1, 2, 3]
links.meta: {6: (1, 3), 2: (3, 3), 8: (2, 2), 7: (3, 2), 5: (3, 3), 4: (2, 2), 3: (2, 0), 11: (3, 3), 10: (3, 3), 0: (2, 2), 9: (3, 3), 1: (3, 3)}
t_type about to use: 2
h_type: 3
shift dict: {0: 0, 1: 188, 2: 19452, 3: 20010}
count dict: Counter({1: 19264, 3: 940, 2: 558, 0: 188})
Generated 894 negative samples for edge type 7
Epoch 00015, Step00000 | Train_Loss: 0.5693 | Time: 0.0507
Epoch 00015 | Val_Loss 0.9544 | Time(s) 0.0098
EarlyStopping counter: 10 out of 40
Getting training negative samples for edge types: [7]
nodes.shift keys: [0, 1, 2, 3]
nodes.count keys: [0, 1, 2, 3]
links.meta: {6: (1, 3), 2: (3, 3), 8: (2, 2), 7: (3, 2), 5: (3, 3), 4: (2, 2), 3: (2, 0), 11: (3, 3), 10: (3, 3), 0: (2, 2), 9: (3, 3), 1: (3, 3)}
t_type about to use: 2
h_type: 3
shift dict: {0: 0, 1: 188, 2: 19452, 3: 20010}
count dict: Counter({1: 19264, 3: 940, 2: 558, 0: 188})
Generated 894 negative samples for edge type 7
Epoch 00016, Step00000 | Train_Loss: 0.5595 | Time: 0.0318
Epoch 00016 | Val_Loss 0.8331 | Time(s) 0.0238
EarlyStopping counter: 11 out of 40
Getting training negative samples for edge types: [7]
nodes.shift keys: [0, 1, 2, 3]
nodes.count keys: [0, 1, 2, 3]
links.meta: {6: (1, 3), 2: (3, 3), 8: (2, 2), 7: (3, 2), 5: (3, 3), 4: (2, 2), 3: (2, 0), 11: (3, 3), 10: (3, 3), 0: (2, 2), 9: (3, 3), 1: (3, 3)}
t_type about to use: 2
h_type: 3
shift dict: {0: 0, 1: 188, 2: 19452, 3: 20010}
count dict: Counter({1: 19264, 3: 940, 2: 558, 0: 188})
Generated 894 negative samples for edge type 7
Epoch 00017, Step00000 | Train_Loss: 0.5757 | Time: 0.0282
Epoch 00017 | Val_Loss 0.9421 | Time(s) 0.0240
EarlyStopping counter: 12 out of 40
Getting training negative samples for edge types: [7]
nodes.shift keys: [0, 1, 2, 3]
nodes.count keys: [0, 1, 2, 3]
links.meta: {6: (1, 3), 2: (3, 3), 8: (2, 2), 7: (3, 2), 5: (3, 3), 4: (2, 2), 3: (2, 0), 11: (3, 3), 10: (3, 3), 0: (2, 2), 9: (3, 3), 1: (3, 3)}
t_type about to use: 2
h_type: 3
shift dict: {0: 0, 1: 188, 2: 19452, 3: 20010}
count dict: Counter({1: 19264, 3: 940, 2: 558, 0: 188})
Generated 894 negative samples for edge type 7
Epoch 00018, Step00000 | Train_Loss: 0.5572 | Time: 0.0292
Epoch 00018 | Val_Loss 0.7616 | Time(s) 0.0148
EarlyStopping counter: 13 out of 40
Getting training negative samples for edge types: [7]
nodes.shift keys: [0, 1, 2, 3]
nodes.count keys: [0, 1, 2, 3]
links.meta: {6: (1, 3), 2: (3, 3), 8: (2, 2), 7: (3, 2), 5: (3, 3), 4: (2, 2), 3: (2, 0), 11: (3, 3), 10: (3, 3), 0: (2, 2), 9: (3, 3), 1: (3, 3)}
t_type about to use: 2
h_type: 3
shift dict: {0: 0, 1: 188, 2: 19452, 3: 20010}
count dict: Counter({1: 19264, 3: 940, 2: 558, 0: 188})
Generated 894 negative samples for edge type 7
Epoch 00019, Step00000 | Train_Loss: 0.5517 | Time: 0.0435
Epoch 00019 | Val_Loss 0.8406 | Time(s) 0.0103
EarlyStopping counter: 14 out of 40
Getting training negative samples for edge types: [7]
nodes.shift keys: [0, 1, 2, 3]
nodes.count keys: [0, 1, 2, 3]
links.meta: {6: (1, 3), 2: (3, 3), 8: (2, 2), 7: (3, 2), 5: (3, 3), 4: (2, 2), 3: (2, 0), 11: (3, 3), 10: (3, 3), 0: (2, 2), 9: (3, 3), 1: (3, 3)}
t_type about to use: 2
h_type: 3
shift dict: {0: 0, 1: 188, 2: 19452, 3: 20010}
count dict: Counter({1: 19264, 3: 940, 2: 558, 0: 188})
Generated 894 negative samples for edge type 7
Epoch 00020, Step00000 | Train_Loss: 0.5632 | Time: 0.0507
Epoch 00020 | Val_Loss 0.8447 | Time(s) 0.0103
EarlyStopping counter: 15 out of 40
Getting training negative samples for edge types: [7]
nodes.shift keys: [0, 1, 2, 3]
nodes.count keys: [0, 1, 2, 3]
links.meta: {6: (1, 3), 2: (3, 3), 8: (2, 2), 7: (3, 2), 5: (3, 3), 4: (2, 2), 3: (2, 0), 11: (3, 3), 10: (3, 3), 0: (2, 2), 9: (3, 3), 1: (3, 3)}
t_type about to use: 2
h_type: 3
shift dict: {0: 0, 1: 188, 2: 19452, 3: 20010}
count dict: Counter({1: 19264, 3: 940, 2: 558, 0: 188})
Generated 894 negative samples for edge type 7
Epoch 00021, Step00000 | Train_Loss: 0.5443 | Time: 0.0333
Epoch 00021 | Val_Loss 0.8191 | Time(s) 0.0231
EarlyStopping counter: 16 out of 40
Getting training negative samples for edge types: [7]
nodes.shift keys: [0, 1, 2, 3]
nodes.count keys: [0, 1, 2, 3]
links.meta: {6: (1, 3), 2: (3, 3), 8: (2, 2), 7: (3, 2), 5: (3, 3), 4: (2, 2), 3: (2, 0), 11: (3, 3), 10: (3, 3), 0: (2, 2), 9: (3, 3), 1: (3, 3)}
t_type about to use: 2
h_type: 3
shift dict: {0: 0, 1: 188, 2: 19452, 3: 20010}
count dict: Counter({1: 19264, 3: 940, 2: 558, 0: 188})
Generated 894 negative samples for edge type 7
Epoch 00022, Step00000 | Train_Loss: 0.5606 | Time: 0.0259
Epoch 00022 | Val_Loss 0.7964 | Time(s) 0.0159
EarlyStopping counter: 17 out of 40
Getting training negative samples for edge types: [7]
nodes.shift keys: [0, 1, 2, 3]
nodes.count keys: [0, 1, 2, 3]
links.meta: {6: (1, 3), 2: (3, 3), 8: (2, 2), 7: (3, 2), 5: (3, 3), 4: (2, 2), 3: (2, 0), 11: (3, 3), 10: (3, 3), 0: (2, 2), 9: (3, 3), 1: (3, 3)}
t_type about to use: 2
h_type: 3
shift dict: {0: 0, 1: 188, 2: 19452, 3: 20010}
count dict: Counter({1: 19264, 3: 940, 2: 558, 0: 188})
Generated 894 negative samples for edge type 7
Epoch 00023, Step00000 | Train_Loss: 0.5557 | Time: 0.0404
Epoch 00023 | Val_Loss 0.7881 | Time(s) 0.0116
EarlyStopping counter: 18 out of 40
Getting training negative samples for edge types: [7]
nodes.shift keys: [0, 1, 2, 3]
nodes.count keys: [0, 1, 2, 3]
links.meta: {6: (1, 3), 2: (3, 3), 8: (2, 2), 7: (3, 2), 5: (3, 3), 4: (2, 2), 3: (2, 0), 11: (3, 3), 10: (3, 3), 0: (2, 2), 9: (3, 3), 1: (3, 3)}
t_type about to use: 2
h_type: 3
shift dict: {0: 0, 1: 188, 2: 19452, 3: 20010}
count dict: Counter({1: 19264, 3: 940, 2: 558, 0: 188})
Generated 894 negative samples for edge type 7
Epoch 00024, Step00000 | Train_Loss: 0.5575 | Time: 0.0480
Epoch 00024 | Val_Loss 0.8298 | Time(s) 0.0094
EarlyStopping counter: 19 out of 40
Getting training negative samples for edge types: [7]
nodes.shift keys: [0, 1, 2, 3]
nodes.count keys: [0, 1, 2, 3]
links.meta: {6: (1, 3), 2: (3, 3), 8: (2, 2), 7: (3, 2), 5: (3, 3), 4: (2, 2), 3: (2, 0), 11: (3, 3), 10: (3, 3), 0: (2, 2), 9: (3, 3), 1: (3, 3)}
t_type about to use: 2
h_type: 3
shift dict: {0: 0, 1: 188, 2: 19452, 3: 20010}
count dict: Counter({1: 19264, 3: 940, 2: 558, 0: 188})
Generated 894 negative samples for edge type 7
Epoch 00025, Step00000 | Train_Loss: 0.5632 | Time: 0.0388
Epoch 00025 | Val_Loss 0.8447 | Time(s) 0.0192
EarlyStopping counter: 20 out of 40
Getting training negative samples for edge types: [7]
nodes.shift keys: [0, 1, 2, 3]
nodes.count keys: [0, 1, 2, 3]
links.meta: {6: (1, 3), 2: (3, 3), 8: (2, 2), 7: (3, 2), 5: (3, 3), 4: (2, 2), 3: (2, 0), 11: (3, 3), 10: (3, 3), 0: (2, 2), 9: (3, 3), 1: (3, 3)}
t_type about to use: 2
h_type: 3
shift dict: {0: 0, 1: 188, 2: 19452, 3: 20010}
count dict: Counter({1: 19264, 3: 940, 2: 558, 0: 188})
Generated 894 negative samples for edge type 7
Epoch 00026, Step00000 | Train_Loss: 0.5432 | Time: 0.0263
Epoch 00026 | Val_Loss 0.8546 | Time(s) 0.0207
EarlyStopping counter: 21 out of 40
Getting training negative samples for edge types: [7]
nodes.shift keys: [0, 1, 2, 3]
nodes.count keys: [0, 1, 2, 3]
links.meta: {6: (1, 3), 2: (3, 3), 8: (2, 2), 7: (3, 2), 5: (3, 3), 4: (2, 2), 3: (2, 0), 11: (3, 3), 10: (3, 3), 0: (2, 2), 9: (3, 3), 1: (3, 3)}
t_type about to use: 2
h_type: 3
shift dict: {0: 0, 1: 188, 2: 19452, 3: 20010}
count dict: Counter({1: 19264, 3: 940, 2: 558, 0: 188})
Generated 894 negative samples for edge type 7
Epoch 00027, Step00000 | Train_Loss: 0.5604 | Time: 0.0321
Epoch 00027 | Val_Loss 0.7828 | Time(s) 0.0100
EarlyStopping counter: 22 out of 40
Getting training negative samples for edge types: [7]
nodes.shift keys: [0, 1, 2, 3]
nodes.count keys: [0, 1, 2, 3]
links.meta: {6: (1, 3), 2: (3, 3), 8: (2, 2), 7: (3, 2), 5: (3, 3), 4: (2, 2), 3: (2, 0), 11: (3, 3), 10: (3, 3), 0: (2, 2), 9: (3, 3), 1: (3, 3)}
t_type about to use: 2
h_type: 3
shift dict: {0: 0, 1: 188, 2: 19452, 3: 20010}
count dict: Counter({1: 19264, 3: 940, 2: 558, 0: 188})
Generated 894 negative samples for edge type 7
Epoch 00028, Step00000 | Train_Loss: 0.5414 | Time: 0.0480
Epoch 00028 | Val_Loss 0.8222 | Time(s) 0.0100
EarlyStopping counter: 23 out of 40
Getting training negative samples for edge types: [7]
nodes.shift keys: [0, 1, 2, 3]
nodes.count keys: [0, 1, 2, 3]
links.meta: {6: (1, 3), 2: (3, 3), 8: (2, 2), 7: (3, 2), 5: (3, 3), 4: (2, 2), 3: (2, 0), 11: (3, 3), 10: (3, 3), 0: (2, 2), 9: (3, 3), 1: (3, 3)}
t_type about to use: 2
h_type: 3
shift dict: {0: 0, 1: 188, 2: 19452, 3: 20010}
count dict: Counter({1: 19264, 3: 940, 2: 558, 0: 188})
Generated 894 negative samples for edge type 7
Epoch 00029, Step00000 | Train_Loss: 0.5589 | Time: 0.0505
Epoch 00029 | Val_Loss 0.8183 | Time(s) 0.0101
EarlyStopping counter: 24 out of 40
Getting training negative samples for edge types: [7]
nodes.shift keys: [0, 1, 2, 3]
nodes.count keys: [0, 1, 2, 3]
links.meta: {6: (1, 3), 2: (3, 3), 8: (2, 2), 7: (3, 2), 5: (3, 3), 4: (2, 2), 3: (2, 0), 11: (3, 3), 10: (3, 3), 0: (2, 2), 9: (3, 3), 1: (3, 3)}
t_type about to use: 2
h_type: 3
shift dict: {0: 0, 1: 188, 2: 19452, 3: 20010}
count dict: Counter({1: 19264, 3: 940, 2: 558, 0: 188})
Generated 894 negative samples for edge type 7
Epoch 00030, Step00000 | Train_Loss: 0.5411 | Time: 0.0318
Epoch 00030 | Val_Loss 0.8518 | Time(s) 0.0286
EarlyStopping counter: 25 out of 40
Getting training negative samples for edge types: [7]
nodes.shift keys: [0, 1, 2, 3]
nodes.count keys: [0, 1, 2, 3]
links.meta: {6: (1, 3), 2: (3, 3), 8: (2, 2), 7: (3, 2), 5: (3, 3), 4: (2, 2), 3: (2, 0), 11: (3, 3), 10: (3, 3), 0: (2, 2), 9: (3, 3), 1: (3, 3)}
t_type about to use: 2
h_type: 3
shift dict: {0: 0, 1: 188, 2: 19452, 3: 20010}
count dict: Counter({1: 19264, 3: 940, 2: 558, 0: 188})
Generated 894 negative samples for edge type 7
Epoch 00031, Step00000 | Train_Loss: 0.5475 | Time: 0.0272
Epoch 00031 | Val_Loss 0.8960 | Time(s) 0.0171
EarlyStopping counter: 26 out of 40
Getting training negative samples for edge types: [7]
nodes.shift keys: [0, 1, 2, 3]
nodes.count keys: [0, 1, 2, 3]
links.meta: {6: (1, 3), 2: (3, 3), 8: (2, 2), 7: (3, 2), 5: (3, 3), 4: (2, 2), 3: (2, 0), 11: (3, 3), 10: (3, 3), 0: (2, 2), 9: (3, 3), 1: (3, 3)}
t_type about to use: 2
h_type: 3
shift dict: {0: 0, 1: 188, 2: 19452, 3: 20010}
count dict: Counter({1: 19264, 3: 940, 2: 558, 0: 188})
Generated 894 negative samples for edge type 7
Epoch 00032, Step00000 | Train_Loss: 0.5460 | Time: 0.0406
Epoch 00032 | Val_Loss 0.8778 | Time(s) 0.0095
EarlyStopping counter: 27 out of 40
Getting training negative samples for edge types: [7]
nodes.shift keys: [0, 1, 2, 3]
nodes.count keys: [0, 1, 2, 3]
links.meta: {6: (1, 3), 2: (3, 3), 8: (2, 2), 7: (3, 2), 5: (3, 3), 4: (2, 2), 3: (2, 0), 11: (3, 3), 10: (3, 3), 0: (2, 2), 9: (3, 3), 1: (3, 3)}
t_type about to use: 2
h_type: 3
shift dict: {0: 0, 1: 188, 2: 19452, 3: 20010}
count dict: Counter({1: 19264, 3: 940, 2: 558, 0: 188})
Generated 894 negative samples for edge type 7
Epoch 00033, Step00000 | Train_Loss: 0.5580 | Time: 0.0504
Epoch 00033 | Val_Loss 0.8685 | Time(s) 0.0123
EarlyStopping counter: 28 out of 40
Getting training negative samples for edge types: [7]
nodes.shift keys: [0, 1, 2, 3]
nodes.count keys: [0, 1, 2, 3]
links.meta: {6: (1, 3), 2: (3, 3), 8: (2, 2), 7: (3, 2), 5: (3, 3), 4: (2, 2), 3: (2, 0), 11: (3, 3), 10: (3, 3), 0: (2, 2), 9: (3, 3), 1: (3, 3)}
t_type about to use: 2
h_type: 3
shift dict: {0: 0, 1: 188, 2: 19452, 3: 20010}
count dict: Counter({1: 19264, 3: 940, 2: 558, 0: 188})
Generated 894 negative samples for edge type 7
Epoch 00034, Step00000 | Train_Loss: 0.5370 | Time: 0.0375
Epoch 00034 | Val_Loss 0.8218 | Time(s) 0.0164
EarlyStopping counter: 29 out of 40
Getting training negative samples for edge types: [7]
nodes.shift keys: [0, 1, 2, 3]
nodes.count keys: [0, 1, 2, 3]
links.meta: {6: (1, 3), 2: (3, 3), 8: (2, 2), 7: (3, 2), 5: (3, 3), 4: (2, 2), 3: (2, 0), 11: (3, 3), 10: (3, 3), 0: (2, 2), 9: (3, 3), 1: (3, 3)}
t_type about to use: 2
h_type: 3
shift dict: {0: 0, 1: 188, 2: 19452, 3: 20010}
count dict: Counter({1: 19264, 3: 940, 2: 558, 0: 188})
Generated 894 negative samples for edge type 7
Epoch 00035, Step00000 | Train_Loss: 0.5549 | Time: 0.0268
Epoch 00035 | Val_Loss 0.8515 | Time(s) 0.0222
EarlyStopping counter: 30 out of 40
Getting training negative samples for edge types: [7]
nodes.shift keys: [0, 1, 2, 3]
nodes.count keys: [0, 1, 2, 3]
links.meta: {6: (1, 3), 2: (3, 3), 8: (2, 2), 7: (3, 2), 5: (3, 3), 4: (2, 2), 3: (2, 0), 11: (3, 3), 10: (3, 3), 0: (2, 2), 9: (3, 3), 1: (3, 3)}
t_type about to use: 2
h_type: 3
shift dict: {0: 0, 1: 188, 2: 19452, 3: 20010}
count dict: Counter({1: 19264, 3: 940, 2: 558, 0: 188})
Generated 894 negative samples for edge type 7
Epoch 00036, Step00000 | Train_Loss: 0.5378 | Time: 0.0314
Epoch 00036 | Val_Loss 0.8381 | Time(s) 0.0102
EarlyStopping counter: 31 out of 40
Getting training negative samples for edge types: [7]
nodes.shift keys: [0, 1, 2, 3]
nodes.count keys: [0, 1, 2, 3]
links.meta: {6: (1, 3), 2: (3, 3), 8: (2, 2), 7: (3, 2), 5: (3, 3), 4: (2, 2), 3: (2, 0), 11: (3, 3), 10: (3, 3), 0: (2, 2), 9: (3, 3), 1: (3, 3)}
t_type about to use: 2
h_type: 3
shift dict: {0: 0, 1: 188, 2: 19452, 3: 20010}
count dict: Counter({1: 19264, 3: 940, 2: 558, 0: 188})
Generated 894 negative samples for edge type 7
Epoch 00037, Step00000 | Train_Loss: 0.5388 | Time: 0.0486
Epoch 00037 | Val_Loss 0.7802 | Time(s) 0.0101
EarlyStopping counter: 32 out of 40
Getting training negative samples for edge types: [7]
nodes.shift keys: [0, 1, 2, 3]
nodes.count keys: [0, 1, 2, 3]
links.meta: {6: (1, 3), 2: (3, 3), 8: (2, 2), 7: (3, 2), 5: (3, 3), 4: (2, 2), 3: (2, 0), 11: (3, 3), 10: (3, 3), 0: (2, 2), 9: (3, 3), 1: (3, 3)}
t_type about to use: 2
h_type: 3
shift dict: {0: 0, 1: 188, 2: 19452, 3: 20010}
count dict: Counter({1: 19264, 3: 940, 2: 558, 0: 188})
Generated 894 negative samples for edge type 7
Epoch 00038, Step00000 | Train_Loss: 0.5329 | Time: 0.0357
Epoch 00038 | Val_Loss 0.7996 | Time(s) 0.0186
EarlyStopping counter: 33 out of 40
Getting training negative samples for edge types: [7]
nodes.shift keys: [0, 1, 2, 3]
nodes.count keys: [0, 1, 2, 3]
links.meta: {6: (1, 3), 2: (3, 3), 8: (2, 2), 7: (3, 2), 5: (3, 3), 4: (2, 2), 3: (2, 0), 11: (3, 3), 10: (3, 3), 0: (2, 2), 9: (3, 3), 1: (3, 3)}
t_type about to use: 2
h_type: 3
shift dict: {0: 0, 1: 188, 2: 19452, 3: 20010}
count dict: Counter({1: 19264, 3: 940, 2: 558, 0: 188})
Generated 894 negative samples for edge type 7
Epoch 00039, Step00000 | Train_Loss: 0.5494 | Time: 0.0261
Epoch 00039 | Val_Loss 0.9011 | Time(s) 0.0270
EarlyStopping counter: 34 out of 40
Getting training negative samples for edge types: [7]
nodes.shift keys: [0, 1, 2, 3]
nodes.count keys: [0, 1, 2, 3]
links.meta: {6: (1, 3), 2: (3, 3), 8: (2, 2), 7: (3, 2), 5: (3, 3), 4: (2, 2), 3: (2, 0), 11: (3, 3), 10: (3, 3), 0: (2, 2), 9: (3, 3), 1: (3, 3)}
t_type about to use: 2
h_type: 3
shift dict: {0: 0, 1: 188, 2: 19452, 3: 20010}
count dict: Counter({1: 19264, 3: 940, 2: 558, 0: 188})
Generated 894 negative samples for edge type 7
Epoch 00040, Step00000 | Train_Loss: 0.5369 | Time: 0.0270
Epoch 00040 | Val_Loss 0.9040 | Time(s) 0.0160
EarlyStopping counter: 35 out of 40
Getting training negative samples for edge types: [7]
nodes.shift keys: [0, 1, 2, 3]
nodes.count keys: [0, 1, 2, 3]
links.meta: {6: (1, 3), 2: (3, 3), 8: (2, 2), 7: (3, 2), 5: (3, 3), 4: (2, 2), 3: (2, 0), 11: (3, 3), 10: (3, 3), 0: (2, 2), 9: (3, 3), 1: (3, 3)}
t_type about to use: 2
h_type: 3
shift dict: {0: 0, 1: 188, 2: 19452, 3: 20010}
count dict: Counter({1: 19264, 3: 940, 2: 558, 0: 188})
Generated 894 negative samples for edge type 7
Epoch 00041, Step00000 | Train_Loss: 0.5536 | Time: 0.0455
Epoch 00041 | Val_Loss 0.8877 | Time(s) 0.0101
EarlyStopping counter: 36 out of 40
Getting training negative samples for edge types: [7]
nodes.shift keys: [0, 1, 2, 3]
nodes.count keys: [0, 1, 2, 3]
links.meta: {6: (1, 3), 2: (3, 3), 8: (2, 2), 7: (3, 2), 5: (3, 3), 4: (2, 2), 3: (2, 0), 11: (3, 3), 10: (3, 3), 0: (2, 2), 9: (3, 3), 1: (3, 3)}
t_type about to use: 2
h_type: 3
shift dict: {0: 0, 1: 188, 2: 19452, 3: 20010}
count dict: Counter({1: 19264, 3: 940, 2: 558, 0: 188})
Generated 894 negative samples for edge type 7
Epoch 00042, Step00000 | Train_Loss: 0.5229 | Time: 0.0511
Epoch 00042 | Val_Loss 0.8116 | Time(s) 0.0094
EarlyStopping counter: 37 out of 40
Getting training negative samples for edge types: [7]
nodes.shift keys: [0, 1, 2, 3]
nodes.count keys: [0, 1, 2, 3]
links.meta: {6: (1, 3), 2: (3, 3), 8: (2, 2), 7: (3, 2), 5: (3, 3), 4: (2, 2), 3: (2, 0), 11: (3, 3), 10: (3, 3), 0: (2, 2), 9: (3, 3), 1: (3, 3)}
t_type about to use: 2
h_type: 3
shift dict: {0: 0, 1: 188, 2: 19452, 3: 20010}
count dict: Counter({1: 19264, 3: 940, 2: 558, 0: 188})
Generated 894 negative samples for edge type 7
Epoch 00043, Step00000 | Train_Loss: 0.5301 | Time: 0.0344
Epoch 00043 | Val_Loss 0.8396 | Time(s) 0.0229
EarlyStopping counter: 38 out of 40
Getting training negative samples for edge types: [7]
nodes.shift keys: [0, 1, 2, 3]
nodes.count keys: [0, 1, 2, 3]
links.meta: {6: (1, 3), 2: (3, 3), 8: (2, 2), 7: (3, 2), 5: (3, 3), 4: (2, 2), 3: (2, 0), 11: (3, 3), 10: (3, 3), 0: (2, 2), 9: (3, 3), 1: (3, 3)}
t_type about to use: 2
h_type: 3
shift dict: {0: 0, 1: 188, 2: 19452, 3: 20010}
count dict: Counter({1: 19264, 3: 940, 2: 558, 0: 188})
Generated 894 negative samples for edge type 7
Epoch 00044, Step00000 | Train_Loss: 0.5494 | Time: 0.0263
Epoch 00044 | Val_Loss 0.9049 | Time(s) 0.0157
EarlyStopping counter: 39 out of 40
Getting training negative samples for edge types: [7]
nodes.shift keys: [0, 1, 2, 3]
nodes.count keys: [0, 1, 2, 3]
links.meta: {6: (1, 3), 2: (3, 3), 8: (2, 2), 7: (3, 2), 5: (3, 3), 4: (2, 2), 3: (2, 0), 11: (3, 3), 10: (3, 3), 0: (2, 2), 9: (3, 3), 1: (3, 3)}
t_type about to use: 2
h_type: 3
shift dict: {0: 0, 1: 188, 2: 19452, 3: 20010}
count dict: Counter({1: 19264, 3: 940, 2: 558, 0: 188})
Generated 894 negative samples for edge type 7
Epoch 00045, Step00000 | Train_Loss: 0.5456 | Time: 0.0435
Epoch 00045 | Val_Loss 0.8488 | Time(s) 0.0096
EarlyStopping counter: 40 out of 40
Early stopping!
Early stopping!
Meta keys: dict_keys([7])
Data keys: dict_keys([7])
Edge type: 7, Meta: (3, 2)
{'roc_auc': 0.5222244435559109, 'MRR': 0.7399237472766884}
{'roc_auc': 0.6466554299689338, 'MRR': 0.8117283950617283}
defaultdict(<class 'float'>, {'roc_auc': 0.5222244435559109, 'MRR': 0.7399237472766884})
defaultdict(<class 'float'>, {'roc_auc': 0.6466554299689338, 'MRR': 0.8117283950617283})
Completed: amazon_style_ccct_features_securebert_fold_3

--------------------------------------
Running model: SimpleHGN
Dataset: amazon_style_ccct_features_securebert_fold_4
--------------------------------------
Data path: ../../data/amazon_style_ccct_features_securebert_fold_4
Loading nodes from ../../data/amazon_style_ccct_features_securebert_fold_4/node.dat
edge types: dict_keys([6, 2, 8, 7, 5, 4, 3, 11, 10, 0, 9, 1])
Getting training negative samples for edge types: [7]
nodes.shift keys: [0, 1, 2, 3]
nodes.count keys: [0, 1, 2, 3]
links.meta: {6: (1, 3), 2: (3, 3), 8: (2, 2), 7: (3, 2), 5: (3, 3), 4: (2, 2), 3: (2, 0), 11: (3, 3), 10: (3, 3), 0: (2, 2), 9: (3, 3), 1: (3, 3)}
t_type about to use: 2
h_type: 3
shift dict: {0: 0, 1: 188, 2: 19452, 3: 20010}
count dict: Counter({1: 19264, 3: 940, 2: 558, 0: 188})
Generated 909 negative samples for edge type 7
Features List: [array([[ 0.00445206,  0.01268557,  0.22351578, ..., -0.28678206,
        -0.37460288,  0.18294938],
       [-0.18744846,  0.07075578,  0.0476894 , ..., -0.2232531 ,
        -0.19588573,  0.47988179],
       [-0.17451471, -0.04557271,  0.15712288, ..., -0.05391889,
        -0.20500693,  0.23744845],
       ...,
       [-0.40584856,  0.04715464,  0.24475315, ..., -0.12466257,
        -0.2035536 ,  0.28577447],
       [-0.18835557,  0.03822717,  0.03586731, ..., -0.23435652,
        -0.35453227,  0.38753107],
       [-0.13632202,  0.14362322,  0.08668749, ..., -0.24145249,
        -0.25799868,  0.26464131]]), array([[-0.02302658,  0.0368569 ,  0.00652144, ..., -0.02803515,
        -0.00893309,  0.00342051],
       [-0.01979104,  0.04036582,  0.01475144, ..., -0.00661969,
        -0.01504144,  0.01323287],
       [-0.02346251,  0.03577969,  0.00104941, ..., -0.01948969,
        -0.02273973,  0.01956808],
       ...,
       [ 0.01112562,  0.01252526, -0.00604169, ..., -0.02203615,
        -0.00625044, -0.01684516],
       [-0.02297131,  0.02604213,  0.00098649, ...,  0.00838303,
        -0.00321861, -0.00570687],
       [-0.01075894,  0.00767744, -0.01424407, ..., -0.02184941,
         0.02614397, -0.01134232]]), array([[ 0.00791158, -0.00538086, -0.02676104, ..., -0.01897389,
        -0.01306979, -0.00084801],
       [ 0.01682901, -0.00649696, -0.01921631, ..., -0.01401017,
        -0.0039668 , -0.02202195],
       [ 0.02197852, -0.01403735, -0.05225722, ...,  0.02019661,
         0.00528841,  0.0033033 ],
       ...,
       [ 0.01603197,  0.00716993, -0.01245602, ..., -0.01399604,
        -0.00058955, -0.0256807 ],
       [ 0.01039577,  0.02045547, -0.02146293, ...,  0.01017929,
         0.02390171,  0.00134994],
       [ 0.00462414,  0.0041195 , -0.0135733 , ..., -0.01101827,
         0.00813001,  0.0203817 ]]), array([[ 0.00087804,  0.00658507, -0.02514569, ..., -0.04238372,
         0.00850771, -0.02565438],
       [-0.0006986 ,  0.01542003, -0.03227317, ..., -0.01301633,
         0.01559736, -0.03614859],
       [-0.01135348,  0.00974955, -0.01812623, ..., -0.01920343,
         0.00887381, -0.0152928 ],
       ...,
       [ 0.00701895, -0.01539859, -0.03025482, ..., -0.03644368,
         0.01254067, -0.0236606 ],
       [-0.00414097,  0.00144739, -0.05197839, ...,  0.00216818,
         0.02755725, -0.03143983],
       [ 0.01779867, -0.02493452, -0.0391779 , ..., -0.01159797,
        -0.00619852, -0.02449675]])]
Getting training negative samples for edge types: [7]
nodes.shift keys: [0, 1, 2, 3]
nodes.count keys: [0, 1, 2, 3]
links.meta: {6: (1, 3), 2: (3, 3), 8: (2, 2), 7: (3, 2), 5: (3, 3), 4: (2, 2), 3: (2, 0), 11: (3, 3), 10: (3, 3), 0: (2, 2), 9: (3, 3), 1: (3, 3)}
t_type about to use: 2
h_type: 3
shift dict: {0: 0, 1: 188, 2: 19452, 3: 20010}
count dict: Counter({1: 19264, 3: 940, 2: 558, 0: 188})
Generated 909 negative samples for edge type 7
Epoch 00000, Step00000 | Train_Loss: 0.6929 | Time: 0.5958
Epoch 00000 | Val_Loss 0.6873 | Time(s) 0.0148
Validation loss decreased (inf --> 0.687255).  Saving model ...
Getting training negative samples for edge types: [7]
nodes.shift keys: [0, 1, 2, 3]
nodes.count keys: [0, 1, 2, 3]
links.meta: {6: (1, 3), 2: (3, 3), 8: (2, 2), 7: (3, 2), 5: (3, 3), 4: (2, 2), 3: (2, 0), 11: (3, 3), 10: (3, 3), 0: (2, 2), 9: (3, 3), 1: (3, 3)}
t_type about to use: 2
h_type: 3
shift dict: {0: 0, 1: 188, 2: 19452, 3: 20010}
count dict: Counter({1: 19264, 3: 940, 2: 558, 0: 188})
Generated 909 negative samples for edge type 7
Epoch 00001, Step00000 | Train_Loss: 0.6856 | Time: 0.0380
Epoch 00001 | Val_Loss 0.6711 | Time(s) 0.0148
Validation loss decreased (0.687255 --> 0.671097).  Saving model ...
Getting training negative samples for edge types: [7]
nodes.shift keys: [0, 1, 2, 3]
nodes.count keys: [0, 1, 2, 3]
links.meta: {6: (1, 3), 2: (3, 3), 8: (2, 2), 7: (3, 2), 5: (3, 3), 4: (2, 2), 3: (2, 0), 11: (3, 3), 10: (3, 3), 0: (2, 2), 9: (3, 3), 1: (3, 3)}
t_type about to use: 2
h_type: 3
shift dict: {0: 0, 1: 188, 2: 19452, 3: 20010}
count dict: Counter({1: 19264, 3: 940, 2: 558, 0: 188})
Generated 909 negative samples for edge type 7
Epoch 00002, Step00000 | Train_Loss: 0.6785 | Time: 0.0390
Epoch 00002 | Val_Loss 0.6625 | Time(s) 0.0145
Validation loss decreased (0.671097 --> 0.662506).  Saving model ...
Getting training negative samples for edge types: [7]
nodes.shift keys: [0, 1, 2, 3]
nodes.count keys: [0, 1, 2, 3]
links.meta: {6: (1, 3), 2: (3, 3), 8: (2, 2), 7: (3, 2), 5: (3, 3), 4: (2, 2), 3: (2, 0), 11: (3, 3), 10: (3, 3), 0: (2, 2), 9: (3, 3), 1: (3, 3)}
t_type about to use: 2
h_type: 3
shift dict: {0: 0, 1: 188, 2: 19452, 3: 20010}
count dict: Counter({1: 19264, 3: 940, 2: 558, 0: 188})
Generated 909 negative samples for edge type 7
Epoch 00003, Step00000 | Train_Loss: 0.6700 | Time: 0.0358
Epoch 00003 | Val_Loss 0.6551 | Time(s) 0.0133
Validation loss decreased (0.662506 --> 0.655087).  Saving model ...
Getting training negative samples for edge types: [7]
nodes.shift keys: [0, 1, 2, 3]
nodes.count keys: [0, 1, 2, 3]
links.meta: {6: (1, 3), 2: (3, 3), 8: (2, 2), 7: (3, 2), 5: (3, 3), 4: (2, 2), 3: (2, 0), 11: (3, 3), 10: (3, 3), 0: (2, 2), 9: (3, 3), 1: (3, 3)}
t_type about to use: 2
h_type: 3
shift dict: {0: 0, 1: 188, 2: 19452, 3: 20010}
count dict: Counter({1: 19264, 3: 940, 2: 558, 0: 188})
Generated 909 negative samples for edge type 7
Epoch 00004, Step00000 | Train_Loss: 0.6625 | Time: 0.0326
Epoch 00004 | Val_Loss 0.6688 | Time(s) 0.0135
EarlyStopping counter: 1 out of 40
Getting training negative samples for edge types: [7]
nodes.shift keys: [0, 1, 2, 3]
nodes.count keys: [0, 1, 2, 3]
links.meta: {6: (1, 3), 2: (3, 3), 8: (2, 2), 7: (3, 2), 5: (3, 3), 4: (2, 2), 3: (2, 0), 11: (3, 3), 10: (3, 3), 0: (2, 2), 9: (3, 3), 1: (3, 3)}
t_type about to use: 2
h_type: 3
shift dict: {0: 0, 1: 188, 2: 19452, 3: 20010}
count dict: Counter({1: 19264, 3: 940, 2: 558, 0: 188})
Generated 909 negative samples for edge type 7
Epoch 00005, Step00000 | Train_Loss: 0.6514 | Time: 0.0317
Epoch 00005 | Val_Loss 0.6176 | Time(s) 0.0114
Validation loss decreased (0.655087 --> 0.617560).  Saving model ...
Getting training negative samples for edge types: [7]
nodes.shift keys: [0, 1, 2, 3]
nodes.count keys: [0, 1, 2, 3]
links.meta: {6: (1, 3), 2: (3, 3), 8: (2, 2), 7: (3, 2), 5: (3, 3), 4: (2, 2), 3: (2, 0), 11: (3, 3), 10: (3, 3), 0: (2, 2), 9: (3, 3), 1: (3, 3)}
t_type about to use: 2
h_type: 3
shift dict: {0: 0, 1: 188, 2: 19452, 3: 20010}
count dict: Counter({1: 19264, 3: 940, 2: 558, 0: 188})
Generated 909 negative samples for edge type 7
Epoch 00006, Step00000 | Train_Loss: 0.6390 | Time: 0.0328
Epoch 00006 | Val_Loss 0.6689 | Time(s) 0.0132
EarlyStopping counter: 1 out of 40
Getting training negative samples for edge types: [7]
nodes.shift keys: [0, 1, 2, 3]
nodes.count keys: [0, 1, 2, 3]
links.meta: {6: (1, 3), 2: (3, 3), 8: (2, 2), 7: (3, 2), 5: (3, 3), 4: (2, 2), 3: (2, 0), 11: (3, 3), 10: (3, 3), 0: (2, 2), 9: (3, 3), 1: (3, 3)}
t_type about to use: 2
h_type: 3
shift dict: {0: 0, 1: 188, 2: 19452, 3: 20010}
count dict: Counter({1: 19264, 3: 940, 2: 558, 0: 188})
Generated 909 negative samples for edge type 7
Epoch 00007, Step00000 | Train_Loss: 0.6232 | Time: 0.0337
Epoch 00007 | Val_Loss 0.6522 | Time(s) 0.0130
EarlyStopping counter: 2 out of 40
Getting training negative samples for edge types: [7]
nodes.shift keys: [0, 1, 2, 3]
nodes.count keys: [0, 1, 2, 3]
links.meta: {6: (1, 3), 2: (3, 3), 8: (2, 2), 7: (3, 2), 5: (3, 3), 4: (2, 2), 3: (2, 0), 11: (3, 3), 10: (3, 3), 0: (2, 2), 9: (3, 3), 1: (3, 3)}
t_type about to use: 2
h_type: 3
shift dict: {0: 0, 1: 188, 2: 19452, 3: 20010}
count dict: Counter({1: 19264, 3: 940, 2: 558, 0: 188})
Generated 909 negative samples for edge type 7
Epoch 00008, Step00000 | Train_Loss: 0.6148 | Time: 0.0322
Epoch 00008 | Val_Loss 0.6686 | Time(s) 0.0139
EarlyStopping counter: 3 out of 40
Getting training negative samples for edge types: [7]
nodes.shift keys: [0, 1, 2, 3]
nodes.count keys: [0, 1, 2, 3]
links.meta: {6: (1, 3), 2: (3, 3), 8: (2, 2), 7: (3, 2), 5: (3, 3), 4: (2, 2), 3: (2, 0), 11: (3, 3), 10: (3, 3), 0: (2, 2), 9: (3, 3), 1: (3, 3)}
t_type about to use: 2
h_type: 3
shift dict: {0: 0, 1: 188, 2: 19452, 3: 20010}
count dict: Counter({1: 19264, 3: 940, 2: 558, 0: 188})
Generated 909 negative samples for edge type 7
Epoch 00009, Step00000 | Train_Loss: 0.6178 | Time: 0.0322
Epoch 00009 | Val_Loss 0.6257 | Time(s) 0.0133
EarlyStopping counter: 4 out of 40
Getting training negative samples for edge types: [7]
nodes.shift keys: [0, 1, 2, 3]
nodes.count keys: [0, 1, 2, 3]
links.meta: {6: (1, 3), 2: (3, 3), 8: (2, 2), 7: (3, 2), 5: (3, 3), 4: (2, 2), 3: (2, 0), 11: (3, 3), 10: (3, 3), 0: (2, 2), 9: (3, 3), 1: (3, 3)}
t_type about to use: 2
h_type: 3
shift dict: {0: 0, 1: 188, 2: 19452, 3: 20010}
count dict: Counter({1: 19264, 3: 940, 2: 558, 0: 188})
Generated 909 negative samples for edge type 7
Epoch 00010, Step00000 | Train_Loss: 0.5937 | Time: 0.0318
Epoch 00010 | Val_Loss 0.7186 | Time(s) 0.0122
EarlyStopping counter: 5 out of 40
Getting training negative samples for edge types: [7]
nodes.shift keys: [0, 1, 2, 3]
nodes.count keys: [0, 1, 2, 3]
links.meta: {6: (1, 3), 2: (3, 3), 8: (2, 2), 7: (3, 2), 5: (3, 3), 4: (2, 2), 3: (2, 0), 11: (3, 3), 10: (3, 3), 0: (2, 2), 9: (3, 3), 1: (3, 3)}
t_type about to use: 2
h_type: 3
shift dict: {0: 0, 1: 188, 2: 19452, 3: 20010}
count dict: Counter({1: 19264, 3: 940, 2: 558, 0: 188})
Generated 909 negative samples for edge type 7
Epoch 00011, Step00000 | Train_Loss: 0.5778 | Time: 0.0323
Epoch 00011 | Val_Loss 0.8069 | Time(s) 0.0124
EarlyStopping counter: 6 out of 40
Getting training negative samples for edge types: [7]
nodes.shift keys: [0, 1, 2, 3]
nodes.count keys: [0, 1, 2, 3]
links.meta: {6: (1, 3), 2: (3, 3), 8: (2, 2), 7: (3, 2), 5: (3, 3), 4: (2, 2), 3: (2, 0), 11: (3, 3), 10: (3, 3), 0: (2, 2), 9: (3, 3), 1: (3, 3)}
t_type about to use: 2
h_type: 3
shift dict: {0: 0, 1: 188, 2: 19452, 3: 20010}
count dict: Counter({1: 19264, 3: 940, 2: 558, 0: 188})
Generated 909 negative samples for edge type 7
Epoch 00012, Step00000 | Train_Loss: 0.5976 | Time: 0.0325
Epoch 00012 | Val_Loss 0.7448 | Time(s) 0.0136
EarlyStopping counter: 7 out of 40
Getting training negative samples for edge types: [7]
nodes.shift keys: [0, 1, 2, 3]
nodes.count keys: [0, 1, 2, 3]
links.meta: {6: (1, 3), 2: (3, 3), 8: (2, 2), 7: (3, 2), 5: (3, 3), 4: (2, 2), 3: (2, 0), 11: (3, 3), 10: (3, 3), 0: (2, 2), 9: (3, 3), 1: (3, 3)}
t_type about to use: 2
h_type: 3
shift dict: {0: 0, 1: 188, 2: 19452, 3: 20010}
count dict: Counter({1: 19264, 3: 940, 2: 558, 0: 188})
Generated 909 negative samples for edge type 7
Epoch 00013, Step00000 | Train_Loss: 0.5819 | Time: 0.0328
Epoch 00013 | Val_Loss 0.8165 | Time(s) 0.0137
EarlyStopping counter: 8 out of 40
Getting training negative samples for edge types: [7]
nodes.shift keys: [0, 1, 2, 3]
nodes.count keys: [0, 1, 2, 3]
links.meta: {6: (1, 3), 2: (3, 3), 8: (2, 2), 7: (3, 2), 5: (3, 3), 4: (2, 2), 3: (2, 0), 11: (3, 3), 10: (3, 3), 0: (2, 2), 9: (3, 3), 1: (3, 3)}
t_type about to use: 2
h_type: 3
shift dict: {0: 0, 1: 188, 2: 19452, 3: 20010}
count dict: Counter({1: 19264, 3: 940, 2: 558, 0: 188})
Generated 909 negative samples for edge type 7
Epoch 00014, Step00000 | Train_Loss: 0.5737 | Time: 0.0321
Epoch 00014 | Val_Loss 0.8534 | Time(s) 0.0127
EarlyStopping counter: 9 out of 40
Getting training negative samples for edge types: [7]
nodes.shift keys: [0, 1, 2, 3]
nodes.count keys: [0, 1, 2, 3]
links.meta: {6: (1, 3), 2: (3, 3), 8: (2, 2), 7: (3, 2), 5: (3, 3), 4: (2, 2), 3: (2, 0), 11: (3, 3), 10: (3, 3), 0: (2, 2), 9: (3, 3), 1: (3, 3)}
t_type about to use: 2
h_type: 3
shift dict: {0: 0, 1: 188, 2: 19452, 3: 20010}
count dict: Counter({1: 19264, 3: 940, 2: 558, 0: 188})
Generated 909 negative samples for edge type 7
Epoch 00015, Step00000 | Train_Loss: 0.5706 | Time: 0.0318
Epoch 00015 | Val_Loss 0.8228 | Time(s) 0.0120
EarlyStopping counter: 10 out of 40
Getting training negative samples for edge types: [7]
nodes.shift keys: [0, 1, 2, 3]
nodes.count keys: [0, 1, 2, 3]
links.meta: {6: (1, 3), 2: (3, 3), 8: (2, 2), 7: (3, 2), 5: (3, 3), 4: (2, 2), 3: (2, 0), 11: (3, 3), 10: (3, 3), 0: (2, 2), 9: (3, 3), 1: (3, 3)}
t_type about to use: 2
h_type: 3
shift dict: {0: 0, 1: 188, 2: 19452, 3: 20010}
count dict: Counter({1: 19264, 3: 940, 2: 558, 0: 188})
Generated 909 negative samples for edge type 7
Epoch 00016, Step00000 | Train_Loss: 0.5733 | Time: 0.0325
Epoch 00016 | Val_Loss 0.8663 | Time(s) 0.0127
EarlyStopping counter: 11 out of 40
Getting training negative samples for edge types: [7]
nodes.shift keys: [0, 1, 2, 3]
nodes.count keys: [0, 1, 2, 3]
links.meta: {6: (1, 3), 2: (3, 3), 8: (2, 2), 7: (3, 2), 5: (3, 3), 4: (2, 2), 3: (2, 0), 11: (3, 3), 10: (3, 3), 0: (2, 2), 9: (3, 3), 1: (3, 3)}
t_type about to use: 2
h_type: 3
shift dict: {0: 0, 1: 188, 2: 19452, 3: 20010}
count dict: Counter({1: 19264, 3: 940, 2: 558, 0: 188})
Generated 909 negative samples for edge type 7
Epoch 00017, Step00000 | Train_Loss: 0.5818 | Time: 0.0319
Epoch 00017 | Val_Loss 0.8111 | Time(s) 0.0133
EarlyStopping counter: 12 out of 40
Getting training negative samples for edge types: [7]
nodes.shift keys: [0, 1, 2, 3]
nodes.count keys: [0, 1, 2, 3]
links.meta: {6: (1, 3), 2: (3, 3), 8: (2, 2), 7: (3, 2), 5: (3, 3), 4: (2, 2), 3: (2, 0), 11: (3, 3), 10: (3, 3), 0: (2, 2), 9: (3, 3), 1: (3, 3)}
t_type about to use: 2
h_type: 3
shift dict: {0: 0, 1: 188, 2: 19452, 3: 20010}
count dict: Counter({1: 19264, 3: 940, 2: 558, 0: 188})
Generated 909 negative samples for edge type 7
Epoch 00018, Step00000 | Train_Loss: 0.5488 | Time: 0.0329
Epoch 00018 | Val_Loss 0.8266 | Time(s) 0.0135
EarlyStopping counter: 13 out of 40
Getting training negative samples for edge types: [7]
nodes.shift keys: [0, 1, 2, 3]
nodes.count keys: [0, 1, 2, 3]
links.meta: {6: (1, 3), 2: (3, 3), 8: (2, 2), 7: (3, 2), 5: (3, 3), 4: (2, 2), 3: (2, 0), 11: (3, 3), 10: (3, 3), 0: (2, 2), 9: (3, 3), 1: (3, 3)}
t_type about to use: 2
h_type: 3
shift dict: {0: 0, 1: 188, 2: 19452, 3: 20010}
count dict: Counter({1: 19264, 3: 940, 2: 558, 0: 188})
Generated 909 negative samples for edge type 7
Epoch 00019, Step00000 | Train_Loss: 0.5724 | Time: 0.0328
Epoch 00019 | Val_Loss 0.7891 | Time(s) 0.0129
EarlyStopping counter: 14 out of 40
Getting training negative samples for edge types: [7]
nodes.shift keys: [0, 1, 2, 3]
nodes.count keys: [0, 1, 2, 3]
links.meta: {6: (1, 3), 2: (3, 3), 8: (2, 2), 7: (3, 2), 5: (3, 3), 4: (2, 2), 3: (2, 0), 11: (3, 3), 10: (3, 3), 0: (2, 2), 9: (3, 3), 1: (3, 3)}
t_type about to use: 2
h_type: 3
shift dict: {0: 0, 1: 188, 2: 19452, 3: 20010}
count dict: Counter({1: 19264, 3: 940, 2: 558, 0: 188})
Generated 909 negative samples for edge type 7
Epoch 00020, Step00000 | Train_Loss: 0.5568 | Time: 0.0327
Epoch 00020 | Val_Loss 0.8765 | Time(s) 0.0126
EarlyStopping counter: 15 out of 40
Getting training negative samples for edge types: [7]
nodes.shift keys: [0, 1, 2, 3]
nodes.count keys: [0, 1, 2, 3]
links.meta: {6: (1, 3), 2: (3, 3), 8: (2, 2), 7: (3, 2), 5: (3, 3), 4: (2, 2), 3: (2, 0), 11: (3, 3), 10: (3, 3), 0: (2, 2), 9: (3, 3), 1: (3, 3)}
t_type about to use: 2
h_type: 3
shift dict: {0: 0, 1: 188, 2: 19452, 3: 20010}
count dict: Counter({1: 19264, 3: 940, 2: 558, 0: 188})
Generated 909 negative samples for edge type 7
Epoch 00021, Step00000 | Train_Loss: 0.5644 | Time: 0.0334
Epoch 00021 | Val_Loss 0.7622 | Time(s) 0.0146
EarlyStopping counter: 16 out of 40
Getting training negative samples for edge types: [7]
nodes.shift keys: [0, 1, 2, 3]
nodes.count keys: [0, 1, 2, 3]
links.meta: {6: (1, 3), 2: (3, 3), 8: (2, 2), 7: (3, 2), 5: (3, 3), 4: (2, 2), 3: (2, 0), 11: (3, 3), 10: (3, 3), 0: (2, 2), 9: (3, 3), 1: (3, 3)}
t_type about to use: 2
h_type: 3
shift dict: {0: 0, 1: 188, 2: 19452, 3: 20010}
count dict: Counter({1: 19264, 3: 940, 2: 558, 0: 188})
Generated 909 negative samples for edge type 7
Epoch 00022, Step00000 | Train_Loss: 0.5585 | Time: 0.0322
Epoch 00022 | Val_Loss 0.8467 | Time(s) 0.0134
EarlyStopping counter: 17 out of 40
Getting training negative samples for edge types: [7]
nodes.shift keys: [0, 1, 2, 3]
nodes.count keys: [0, 1, 2, 3]
links.meta: {6: (1, 3), 2: (3, 3), 8: (2, 2), 7: (3, 2), 5: (3, 3), 4: (2, 2), 3: (2, 0), 11: (3, 3), 10: (3, 3), 0: (2, 2), 9: (3, 3), 1: (3, 3)}
t_type about to use: 2
h_type: 3
shift dict: {0: 0, 1: 188, 2: 19452, 3: 20010}
count dict: Counter({1: 19264, 3: 940, 2: 558, 0: 188})
Generated 909 negative samples for edge type 7
Epoch 00023, Step00000 | Train_Loss: 0.5635 | Time: 0.0321
Epoch 00023 | Val_Loss 0.8226 | Time(s) 0.0134
EarlyStopping counter: 18 out of 40
Getting training negative samples for edge types: [7]
nodes.shift keys: [0, 1, 2, 3]
nodes.count keys: [0, 1, 2, 3]
links.meta: {6: (1, 3), 2: (3, 3), 8: (2, 2), 7: (3, 2), 5: (3, 3), 4: (2, 2), 3: (2, 0), 11: (3, 3), 10: (3, 3), 0: (2, 2), 9: (3, 3), 1: (3, 3)}
t_type about to use: 2
h_type: 3
shift dict: {0: 0, 1: 188, 2: 19452, 3: 20010}
count dict: Counter({1: 19264, 3: 940, 2: 558, 0: 188})
Generated 909 negative samples for edge type 7
Epoch 00024, Step00000 | Train_Loss: 0.5787 | Time: 0.0329
Epoch 00024 | Val_Loss 0.8406 | Time(s) 0.0134
EarlyStopping counter: 19 out of 40
Getting training negative samples for edge types: [7]
nodes.shift keys: [0, 1, 2, 3]
nodes.count keys: [0, 1, 2, 3]
links.meta: {6: (1, 3), 2: (3, 3), 8: (2, 2), 7: (3, 2), 5: (3, 3), 4: (2, 2), 3: (2, 0), 11: (3, 3), 10: (3, 3), 0: (2, 2), 9: (3, 3), 1: (3, 3)}
t_type about to use: 2
h_type: 3
shift dict: {0: 0, 1: 188, 2: 19452, 3: 20010}
count dict: Counter({1: 19264, 3: 940, 2: 558, 0: 188})
Generated 909 negative samples for edge type 7
Epoch 00025, Step00000 | Train_Loss: 0.5620 | Time: 0.0332
Epoch 00025 | Val_Loss 0.8314 | Time(s) 0.0136
EarlyStopping counter: 20 out of 40
Getting training negative samples for edge types: [7]
nodes.shift keys: [0, 1, 2, 3]
nodes.count keys: [0, 1, 2, 3]
links.meta: {6: (1, 3), 2: (3, 3), 8: (2, 2), 7: (3, 2), 5: (3, 3), 4: (2, 2), 3: (2, 0), 11: (3, 3), 10: (3, 3), 0: (2, 2), 9: (3, 3), 1: (3, 3)}
t_type about to use: 2
h_type: 3
shift dict: {0: 0, 1: 188, 2: 19452, 3: 20010}
count dict: Counter({1: 19264, 3: 940, 2: 558, 0: 188})
Generated 909 negative samples for edge type 7
Epoch 00026, Step00000 | Train_Loss: 0.5559 | Time: 0.0338
Epoch 00026 | Val_Loss 0.7766 | Time(s) 0.0130
EarlyStopping counter: 21 out of 40
Getting training negative samples for edge types: [7]
nodes.shift keys: [0, 1, 2, 3]
nodes.count keys: [0, 1, 2, 3]
links.meta: {6: (1, 3), 2: (3, 3), 8: (2, 2), 7: (3, 2), 5: (3, 3), 4: (2, 2), 3: (2, 0), 11: (3, 3), 10: (3, 3), 0: (2, 2), 9: (3, 3), 1: (3, 3)}
t_type about to use: 2
h_type: 3
shift dict: {0: 0, 1: 188, 2: 19452, 3: 20010}
count dict: Counter({1: 19264, 3: 940, 2: 558, 0: 188})
Generated 909 negative samples for edge type 7
Epoch 00027, Step00000 | Train_Loss: 0.5576 | Time: 0.0327
Epoch 00027 | Val_Loss 0.7838 | Time(s) 0.0125
EarlyStopping counter: 22 out of 40
Getting training negative samples for edge types: [7]
nodes.shift keys: [0, 1, 2, 3]
nodes.count keys: [0, 1, 2, 3]
links.meta: {6: (1, 3), 2: (3, 3), 8: (2, 2), 7: (3, 2), 5: (3, 3), 4: (2, 2), 3: (2, 0), 11: (3, 3), 10: (3, 3), 0: (2, 2), 9: (3, 3), 1: (3, 3)}
t_type about to use: 2
h_type: 3
shift dict: {0: 0, 1: 188, 2: 19452, 3: 20010}
count dict: Counter({1: 19264, 3: 940, 2: 558, 0: 188})
Generated 909 negative samples for edge type 7
Epoch 00028, Step00000 | Train_Loss: 0.5456 | Time: 0.0319
Epoch 00028 | Val_Loss 0.8459 | Time(s) 0.0128
EarlyStopping counter: 23 out of 40
Getting training negative samples for edge types: [7]
nodes.shift keys: [0, 1, 2, 3]
nodes.count keys: [0, 1, 2, 3]
links.meta: {6: (1, 3), 2: (3, 3), 8: (2, 2), 7: (3, 2), 5: (3, 3), 4: (2, 2), 3: (2, 0), 11: (3, 3), 10: (3, 3), 0: (2, 2), 9: (3, 3), 1: (3, 3)}
t_type about to use: 2
h_type: 3
shift dict: {0: 0, 1: 188, 2: 19452, 3: 20010}
count dict: Counter({1: 19264, 3: 940, 2: 558, 0: 188})
Generated 909 negative samples for edge type 7
Epoch 00029, Step00000 | Train_Loss: 0.5379 | Time: 0.0336
Epoch 00029 | Val_Loss 0.8959 | Time(s) 0.0150
EarlyStopping counter: 24 out of 40
Getting training negative samples for edge types: [7]
nodes.shift keys: [0, 1, 2, 3]
nodes.count keys: [0, 1, 2, 3]
links.meta: {6: (1, 3), 2: (3, 3), 8: (2, 2), 7: (3, 2), 5: (3, 3), 4: (2, 2), 3: (2, 0), 11: (3, 3), 10: (3, 3), 0: (2, 2), 9: (3, 3), 1: (3, 3)}
t_type about to use: 2
h_type: 3
shift dict: {0: 0, 1: 188, 2: 19452, 3: 20010}
count dict: Counter({1: 19264, 3: 940, 2: 558, 0: 188})
Generated 909 negative samples for edge type 7
Epoch 00030, Step00000 | Train_Loss: 0.5439 | Time: 0.0330
Epoch 00030 | Val_Loss 0.8016 | Time(s) 0.0133
EarlyStopping counter: 25 out of 40
Getting training negative samples for edge types: [7]
nodes.shift keys: [0, 1, 2, 3]
nodes.count keys: [0, 1, 2, 3]
links.meta: {6: (1, 3), 2: (3, 3), 8: (2, 2), 7: (3, 2), 5: (3, 3), 4: (2, 2), 3: (2, 0), 11: (3, 3), 10: (3, 3), 0: (2, 2), 9: (3, 3), 1: (3, 3)}
t_type about to use: 2
h_type: 3
shift dict: {0: 0, 1: 188, 2: 19452, 3: 20010}
count dict: Counter({1: 19264, 3: 940, 2: 558, 0: 188})
Generated 909 negative samples for edge type 7
Epoch 00031, Step00000 | Train_Loss: 0.5463 | Time: 0.0327
Epoch 00031 | Val_Loss 0.8468 | Time(s) 0.0142
EarlyStopping counter: 26 out of 40
Getting training negative samples for edge types: [7]
nodes.shift keys: [0, 1, 2, 3]
nodes.count keys: [0, 1, 2, 3]
links.meta: {6: (1, 3), 2: (3, 3), 8: (2, 2), 7: (3, 2), 5: (3, 3), 4: (2, 2), 3: (2, 0), 11: (3, 3), 10: (3, 3), 0: (2, 2), 9: (3, 3), 1: (3, 3)}
t_type about to use: 2
h_type: 3
shift dict: {0: 0, 1: 188, 2: 19452, 3: 20010}
count dict: Counter({1: 19264, 3: 940, 2: 558, 0: 188})
Generated 909 negative samples for edge type 7
Epoch 00032, Step00000 | Train_Loss: 0.5521 | Time: 0.0330
Epoch 00032 | Val_Loss 0.9450 | Time(s) 0.0129
EarlyStopping counter: 27 out of 40
Getting training negative samples for edge types: [7]
nodes.shift keys: [0, 1, 2, 3]
nodes.count keys: [0, 1, 2, 3]
links.meta: {6: (1, 3), 2: (3, 3), 8: (2, 2), 7: (3, 2), 5: (3, 3), 4: (2, 2), 3: (2, 0), 11: (3, 3), 10: (3, 3), 0: (2, 2), 9: (3, 3), 1: (3, 3)}
t_type about to use: 2
h_type: 3
shift dict: {0: 0, 1: 188, 2: 19452, 3: 20010}
count dict: Counter({1: 19264, 3: 940, 2: 558, 0: 188})
Generated 909 negative samples for edge type 7
Epoch 00033, Step00000 | Train_Loss: 0.5512 | Time: 0.0326
Epoch 00033 | Val_Loss 0.8225 | Time(s) 0.0125
EarlyStopping counter: 28 out of 40
Getting training negative samples for edge types: [7]
nodes.shift keys: [0, 1, 2, 3]
nodes.count keys: [0, 1, 2, 3]
links.meta: {6: (1, 3), 2: (3, 3), 8: (2, 2), 7: (3, 2), 5: (3, 3), 4: (2, 2), 3: (2, 0), 11: (3, 3), 10: (3, 3), 0: (2, 2), 9: (3, 3), 1: (3, 3)}
t_type about to use: 2
h_type: 3
shift dict: {0: 0, 1: 188, 2: 19452, 3: 20010}
count dict: Counter({1: 19264, 3: 940, 2: 558, 0: 188})
Generated 909 negative samples for edge type 7
Epoch 00034, Step00000 | Train_Loss: 0.5410 | Time: 0.0330
Epoch 00034 | Val_Loss 0.8188 | Time(s) 0.0131
EarlyStopping counter: 29 out of 40
Getting training negative samples for edge types: [7]
nodes.shift keys: [0, 1, 2, 3]
nodes.count keys: [0, 1, 2, 3]
links.meta: {6: (1, 3), 2: (3, 3), 8: (2, 2), 7: (3, 2), 5: (3, 3), 4: (2, 2), 3: (2, 0), 11: (3, 3), 10: (3, 3), 0: (2, 2), 9: (3, 3), 1: (3, 3)}
t_type about to use: 2
h_type: 3
shift dict: {0: 0, 1: 188, 2: 19452, 3: 20010}
count dict: Counter({1: 19264, 3: 940, 2: 558, 0: 188})
Generated 909 negative samples for edge type 7
Epoch 00035, Step00000 | Train_Loss: 0.5397 | Time: 0.0331
Epoch 00035 | Val_Loss 0.7866 | Time(s) 0.0133
EarlyStopping counter: 30 out of 40
Getting training negative samples for edge types: [7]
nodes.shift keys: [0, 1, 2, 3]
nodes.count keys: [0, 1, 2, 3]
links.meta: {6: (1, 3), 2: (3, 3), 8: (2, 2), 7: (3, 2), 5: (3, 3), 4: (2, 2), 3: (2, 0), 11: (3, 3), 10: (3, 3), 0: (2, 2), 9: (3, 3), 1: (3, 3)}
t_type about to use: 2
h_type: 3
shift dict: {0: 0, 1: 188, 2: 19452, 3: 20010}
count dict: Counter({1: 19264, 3: 940, 2: 558, 0: 188})
Generated 909 negative samples for edge type 7
Epoch 00036, Step00000 | Train_Loss: 0.5420 | Time: 0.0332
Epoch 00036 | Val_Loss 0.7162 | Time(s) 0.0161
EarlyStopping counter: 31 out of 40
Getting training negative samples for edge types: [7]
nodes.shift keys: [0, 1, 2, 3]
nodes.count keys: [0, 1, 2, 3]
links.meta: {6: (1, 3), 2: (3, 3), 8: (2, 2), 7: (3, 2), 5: (3, 3), 4: (2, 2), 3: (2, 0), 11: (3, 3), 10: (3, 3), 0: (2, 2), 9: (3, 3), 1: (3, 3)}
t_type about to use: 2
h_type: 3
shift dict: {0: 0, 1: 188, 2: 19452, 3: 20010}
count dict: Counter({1: 19264, 3: 940, 2: 558, 0: 188})
Generated 909 negative samples for edge type 7
Epoch 00037, Step00000 | Train_Loss: 0.5368 | Time: 0.0332
Epoch 00037 | Val_Loss 0.7088 | Time(s) 0.0129
EarlyStopping counter: 32 out of 40
Getting training negative samples for edge types: [7]
nodes.shift keys: [0, 1, 2, 3]
nodes.count keys: [0, 1, 2, 3]
links.meta: {6: (1, 3), 2: (3, 3), 8: (2, 2), 7: (3, 2), 5: (3, 3), 4: (2, 2), 3: (2, 0), 11: (3, 3), 10: (3, 3), 0: (2, 2), 9: (3, 3), 1: (3, 3)}
t_type about to use: 2
h_type: 3
shift dict: {0: 0, 1: 188, 2: 19452, 3: 20010}
count dict: Counter({1: 19264, 3: 940, 2: 558, 0: 188})
Generated 909 negative samples for edge type 7
Epoch 00038, Step00000 | Train_Loss: 0.5370 | Time: 0.0323
Epoch 00038 | Val_Loss 0.7905 | Time(s) 0.0144
EarlyStopping counter: 33 out of 40
Getting training negative samples for edge types: [7]
nodes.shift keys: [0, 1, 2, 3]
nodes.count keys: [0, 1, 2, 3]
links.meta: {6: (1, 3), 2: (3, 3), 8: (2, 2), 7: (3, 2), 5: (3, 3), 4: (2, 2), 3: (2, 0), 11: (3, 3), 10: (3, 3), 0: (2, 2), 9: (3, 3), 1: (3, 3)}
t_type about to use: 2
h_type: 3
shift dict: {0: 0, 1: 188, 2: 19452, 3: 20010}
count dict: Counter({1: 19264, 3: 940, 2: 558, 0: 188})
Generated 909 negative samples for edge type 7
Epoch 00039, Step00000 | Train_Loss: 0.5335 | Time: 0.0327
Epoch 00039 | Val_Loss 0.8318 | Time(s) 0.0133
EarlyStopping counter: 34 out of 40
Getting training negative samples for edge types: [7]
nodes.shift keys: [0, 1, 2, 3]
nodes.count keys: [0, 1, 2, 3]
links.meta: {6: (1, 3), 2: (3, 3), 8: (2, 2), 7: (3, 2), 5: (3, 3), 4: (2, 2), 3: (2, 0), 11: (3, 3), 10: (3, 3), 0: (2, 2), 9: (3, 3), 1: (3, 3)}
t_type about to use: 2
h_type: 3
shift dict: {0: 0, 1: 188, 2: 19452, 3: 20010}
count dict: Counter({1: 19264, 3: 940, 2: 558, 0: 188})
Generated 909 negative samples for edge type 7
Epoch 00040, Step00000 | Train_Loss: 0.5235 | Time: 0.0326
Epoch 00040 | Val_Loss 0.7220 | Time(s) 0.0137
EarlyStopping counter: 35 out of 40
Getting training negative samples for edge types: [7]
nodes.shift keys: [0, 1, 2, 3]
nodes.count keys: [0, 1, 2, 3]
links.meta: {6: (1, 3), 2: (3, 3), 8: (2, 2), 7: (3, 2), 5: (3, 3), 4: (2, 2), 3: (2, 0), 11: (3, 3), 10: (3, 3), 0: (2, 2), 9: (3, 3), 1: (3, 3)}
t_type about to use: 2
h_type: 3
shift dict: {0: 0, 1: 188, 2: 19452, 3: 20010}
count dict: Counter({1: 19264, 3: 940, 2: 558, 0: 188})
Generated 909 negative samples for edge type 7
Epoch 00041, Step00000 | Train_Loss: 0.5295 | Time: 0.0322
Epoch 00041 | Val_Loss 0.8394 | Time(s) 0.0130
EarlyStopping counter: 36 out of 40
Getting training negative samples for edge types: [7]
nodes.shift keys: [0, 1, 2, 3]
nodes.count keys: [0, 1, 2, 3]
links.meta: {6: (1, 3), 2: (3, 3), 8: (2, 2), 7: (3, 2), 5: (3, 3), 4: (2, 2), 3: (2, 0), 11: (3, 3), 10: (3, 3), 0: (2, 2), 9: (3, 3), 1: (3, 3)}
t_type about to use: 2
h_type: 3
shift dict: {0: 0, 1: 188, 2: 19452, 3: 20010}
count dict: Counter({1: 19264, 3: 940, 2: 558, 0: 188})
Generated 909 negative samples for edge type 7
Epoch 00042, Step00000 | Train_Loss: 0.5259 | Time: 0.0331
Epoch 00042 | Val_Loss 0.7190 | Time(s) 0.0128
EarlyStopping counter: 37 out of 40
Getting training negative samples for edge types: [7]
nodes.shift keys: [0, 1, 2, 3]
nodes.count keys: [0, 1, 2, 3]
links.meta: {6: (1, 3), 2: (3, 3), 8: (2, 2), 7: (3, 2), 5: (3, 3), 4: (2, 2), 3: (2, 0), 11: (3, 3), 10: (3, 3), 0: (2, 2), 9: (3, 3), 1: (3, 3)}
t_type about to use: 2
h_type: 3
shift dict: {0: 0, 1: 188, 2: 19452, 3: 20010}
count dict: Counter({1: 19264, 3: 940, 2: 558, 0: 188})
Generated 909 negative samples for edge type 7
Epoch 00043, Step00000 | Train_Loss: 0.5163 | Time: 0.0333
Epoch 00043 | Val_Loss 0.7994 | Time(s) 0.0129
EarlyStopping counter: 38 out of 40
Getting training negative samples for edge types: [7]
nodes.shift keys: [0, 1, 2, 3]
nodes.count keys: [0, 1, 2, 3]
links.meta: {6: (1, 3), 2: (3, 3), 8: (2, 2), 7: (3, 2), 5: (3, 3), 4: (2, 2), 3: (2, 0), 11: (3, 3), 10: (3, 3), 0: (2, 2), 9: (3, 3), 1: (3, 3)}
t_type about to use: 2
h_type: 3
shift dict: {0: 0, 1: 188, 2: 19452, 3: 20010}
count dict: Counter({1: 19264, 3: 940, 2: 558, 0: 188})
Generated 909 negative samples for edge type 7
Epoch 00044, Step00000 | Train_Loss: 0.5233 | Time: 0.0333
Epoch 00044 | Val_Loss 0.7186 | Time(s) 0.0132
EarlyStopping counter: 39 out of 40
Getting training negative samples for edge types: [7]
nodes.shift keys: [0, 1, 2, 3]
nodes.count keys: [0, 1, 2, 3]
links.meta: {6: (1, 3), 2: (3, 3), 8: (2, 2), 7: (3, 2), 5: (3, 3), 4: (2, 2), 3: (2, 0), 11: (3, 3), 10: (3, 3), 0: (2, 2), 9: (3, 3), 1: (3, 3)}
t_type about to use: 2
h_type: 3
shift dict: {0: 0, 1: 188, 2: 19452, 3: 20010}
count dict: Counter({1: 19264, 3: 940, 2: 558, 0: 188})
Generated 909 negative samples for edge type 7
Epoch 00045, Step00000 | Train_Loss: 0.5310 | Time: 0.0322
Epoch 00045 | Val_Loss 0.6912 | Time(s) 0.0132
EarlyStopping counter: 40 out of 40
Early stopping!
Early stopping!
Meta keys: dict_keys([7])
Data keys: dict_keys([7])
Edge type: 7, Meta: (3, 2)
{'roc_auc': 0.5427644261663025, 'MRR': 0.7645977011494253}
{'roc_auc': 0.6726083712956937, 'MRR': 0.8172413793103448}
defaultdict(<class 'float'>, {'roc_auc': 0.5427644261663025, 'MRR': 0.7645977011494253})
defaultdict(<class 'float'>, {'roc_auc': 0.6726083712956937, 'MRR': 0.8172413793103448})
Completed: amazon_style_ccct_features_securebert_fold_4

--------------------------------------
Running model: SimpleHGN
Dataset: amazon_style_ccct_features_securebert_fold_5
--------------------------------------
Data path: ../../data/amazon_style_ccct_features_securebert_fold_5
Loading nodes from ../../data/amazon_style_ccct_features_securebert_fold_5/node.dat
edge types: dict_keys([6, 2, 8, 7, 5, 4, 3, 11, 10, 0, 9, 1])
Getting training negative samples for edge types: [7]
nodes.shift keys: [0, 1, 2, 3]
nodes.count keys: [0, 1, 2, 3]
links.meta: {6: (1, 3), 2: (3, 3), 8: (2, 2), 7: (3, 2), 5: (3, 3), 4: (2, 2), 3: (2, 0), 11: (3, 3), 10: (3, 3), 0: (2, 2), 9: (3, 3), 1: (3, 3)}
t_type about to use: 2
h_type: 3
shift dict: {0: 0, 1: 188, 2: 19452, 3: 20010}
count dict: Counter({1: 19264, 3: 940, 2: 558, 0: 188})
Generated 894 negative samples for edge type 7
Features List: [array([[ 0.00445206,  0.01268557,  0.22351578, ..., -0.28678206,
        -0.37460288,  0.18294938],
       [-0.18744846,  0.07075578,  0.0476894 , ..., -0.2232531 ,
        -0.19588573,  0.47988179],
       [-0.17451471, -0.04557271,  0.15712288, ..., -0.05391889,
        -0.20500693,  0.23744845],
       ...,
       [-0.40584856,  0.04715464,  0.24475315, ..., -0.12466257,
        -0.2035536 ,  0.28577447],
       [-0.18835557,  0.03822717,  0.03586731, ..., -0.23435652,
        -0.35453227,  0.38753107],
       [-0.13632202,  0.14362322,  0.08668749, ..., -0.24145249,
        -0.25799868,  0.26464131]]), array([[-0.02302658,  0.0368569 ,  0.00652144, ..., -0.02803515,
        -0.00893309,  0.00342051],
       [-0.01979104,  0.04036582,  0.01475144, ..., -0.00661969,
        -0.01504144,  0.01323287],
       [-0.02346251,  0.03577969,  0.00104941, ..., -0.01948969,
        -0.02273973,  0.01956808],
       ...,
       [ 0.01112562,  0.01252526, -0.00604169, ..., -0.02203615,
        -0.00625044, -0.01684516],
       [-0.02297131,  0.02604213,  0.00098649, ...,  0.00838303,
        -0.00321861, -0.00570687],
       [-0.01075894,  0.00767744, -0.01424407, ..., -0.02184941,
         0.02614397, -0.01134232]]), array([[ 0.00791158, -0.00538086, -0.02676104, ..., -0.01897389,
        -0.01306979, -0.00084801],
       [ 0.01682901, -0.00649696, -0.01921631, ..., -0.01401017,
        -0.0039668 , -0.02202195],
       [ 0.02197852, -0.01403735, -0.05225722, ...,  0.02019661,
         0.00528841,  0.0033033 ],
       ...,
       [ 0.01603197,  0.00716993, -0.01245602, ..., -0.01399604,
        -0.00058955, -0.0256807 ],
       [ 0.01039577,  0.02045547, -0.02146293, ...,  0.01017929,
         0.02390171,  0.00134994],
       [ 0.00462414,  0.0041195 , -0.0135733 , ..., -0.01101827,
         0.00813001,  0.0203817 ]]), array([[ 0.00087804,  0.00658507, -0.02514569, ..., -0.04238372,
         0.00850771, -0.02565438],
       [-0.0006986 ,  0.01542003, -0.03227317, ..., -0.01301633,
         0.01559736, -0.03614859],
       [-0.01135348,  0.00974955, -0.01812623, ..., -0.01920343,
         0.00887381, -0.0152928 ],
       ...,
       [ 0.00701895, -0.01539859, -0.03025482, ..., -0.03644368,
         0.01254067, -0.0236606 ],
       [-0.00414097,  0.00144739, -0.05197839, ...,  0.00216818,
         0.02755725, -0.03143983],
       [ 0.01779867, -0.02493452, -0.0391779 , ..., -0.01159797,
        -0.00619852, -0.02449675]])]
Getting training negative samples for edge types: [7]
nodes.shift keys: [0, 1, 2, 3]
nodes.count keys: [0, 1, 2, 3]
links.meta: {6: (1, 3), 2: (3, 3), 8: (2, 2), 7: (3, 2), 5: (3, 3), 4: (2, 2), 3: (2, 0), 11: (3, 3), 10: (3, 3), 0: (2, 2), 9: (3, 3), 1: (3, 3)}
t_type about to use: 2
h_type: 3
shift dict: {0: 0, 1: 188, 2: 19452, 3: 20010}
count dict: Counter({1: 19264, 3: 940, 2: 558, 0: 188})
Generated 894 negative samples for edge type 7
Epoch 00000, Step00000 | Train_Loss: 0.6937 | Time: 0.7694
Epoch 00000 | Val_Loss 0.6852 | Time(s) 0.0261
Validation loss decreased (inf --> 0.685240).  Saving model ...
Getting training negative samples for edge types: [7]
nodes.shift keys: [0, 1, 2, 3]
nodes.count keys: [0, 1, 2, 3]
links.meta: {6: (1, 3), 2: (3, 3), 8: (2, 2), 7: (3, 2), 5: (3, 3), 4: (2, 2), 3: (2, 0), 11: (3, 3), 10: (3, 3), 0: (2, 2), 9: (3, 3), 1: (3, 3)}
t_type about to use: 2
h_type: 3
shift dict: {0: 0, 1: 188, 2: 19452, 3: 20010}
count dict: Counter({1: 19264, 3: 940, 2: 558, 0: 188})
Generated 894 negative samples for edge type 7
Epoch 00001, Step00000 | Train_Loss: 0.6845 | Time: 0.0522
Epoch 00001 | Val_Loss 0.6887 | Time(s) 0.0113
EarlyStopping counter: 1 out of 40
Getting training negative samples for edge types: [7]
nodes.shift keys: [0, 1, 2, 3]
nodes.count keys: [0, 1, 2, 3]
links.meta: {6: (1, 3), 2: (3, 3), 8: (2, 2), 7: (3, 2), 5: (3, 3), 4: (2, 2), 3: (2, 0), 11: (3, 3), 10: (3, 3), 0: (2, 2), 9: (3, 3), 1: (3, 3)}
t_type about to use: 2
h_type: 3
shift dict: {0: 0, 1: 188, 2: 19452, 3: 20010}
count dict: Counter({1: 19264, 3: 940, 2: 558, 0: 188})
Generated 894 negative samples for edge type 7
Epoch 00002, Step00000 | Train_Loss: 0.6741 | Time: 0.0533
Epoch 00002 | Val_Loss 0.6715 | Time(s) 0.0159
Validation loss decreased (0.685240 --> 0.671512).  Saving model ...
Getting training negative samples for edge types: [7]
nodes.shift keys: [0, 1, 2, 3]
nodes.count keys: [0, 1, 2, 3]
links.meta: {6: (1, 3), 2: (3, 3), 8: (2, 2), 7: (3, 2), 5: (3, 3), 4: (2, 2), 3: (2, 0), 11: (3, 3), 10: (3, 3), 0: (2, 2), 9: (3, 3), 1: (3, 3)}
t_type about to use: 2
h_type: 3
shift dict: {0: 0, 1: 188, 2: 19452, 3: 20010}
count dict: Counter({1: 19264, 3: 940, 2: 558, 0: 188})
Generated 894 negative samples for edge type 7
Epoch 00003, Step00000 | Train_Loss: 0.6644 | Time: 0.0388
Epoch 00003 | Val_Loss 0.6693 | Time(s) 0.0181
Validation loss decreased (0.671512 --> 0.669275).  Saving model ...
Getting training negative samples for edge types: [7]
nodes.shift keys: [0, 1, 2, 3]
nodes.count keys: [0, 1, 2, 3]
links.meta: {6: (1, 3), 2: (3, 3), 8: (2, 2), 7: (3, 2), 5: (3, 3), 4: (2, 2), 3: (2, 0), 11: (3, 3), 10: (3, 3), 0: (2, 2), 9: (3, 3), 1: (3, 3)}
t_type about to use: 2
h_type: 3
shift dict: {0: 0, 1: 188, 2: 19452, 3: 20010}
count dict: Counter({1: 19264, 3: 940, 2: 558, 0: 188})
Generated 894 negative samples for edge type 7
Epoch 00004, Step00000 | Train_Loss: 0.6513 | Time: 0.0349
Epoch 00004 | Val_Loss 0.7049 | Time(s) 0.0254
EarlyStopping counter: 1 out of 40
Getting training negative samples for edge types: [7]
nodes.shift keys: [0, 1, 2, 3]
nodes.count keys: [0, 1, 2, 3]
links.meta: {6: (1, 3), 2: (3, 3), 8: (2, 2), 7: (3, 2), 5: (3, 3), 4: (2, 2), 3: (2, 0), 11: (3, 3), 10: (3, 3), 0: (2, 2), 9: (3, 3), 1: (3, 3)}
t_type about to use: 2
h_type: 3
shift dict: {0: 0, 1: 188, 2: 19452, 3: 20010}
count dict: Counter({1: 19264, 3: 940, 2: 558, 0: 188})
Generated 894 negative samples for edge type 7
Epoch 00005, Step00000 | Train_Loss: 0.6365 | Time: 0.0340
Epoch 00005 | Val_Loss 0.6659 | Time(s) 0.0306
Validation loss decreased (0.669275 --> 0.665867).  Saving model ...
Getting training negative samples for edge types: [7]
nodes.shift keys: [0, 1, 2, 3]
nodes.count keys: [0, 1, 2, 3]
links.meta: {6: (1, 3), 2: (3, 3), 8: (2, 2), 7: (3, 2), 5: (3, 3), 4: (2, 2), 3: (2, 0), 11: (3, 3), 10: (3, 3), 0: (2, 2), 9: (3, 3), 1: (3, 3)}
t_type about to use: 2
h_type: 3
shift dict: {0: 0, 1: 188, 2: 19452, 3: 20010}
count dict: Counter({1: 19264, 3: 940, 2: 558, 0: 188})
Generated 894 negative samples for edge type 7
Epoch 00006, Step00000 | Train_Loss: 0.6242 | Time: 0.0540
Epoch 00006 | Val_Loss 0.7032 | Time(s) 0.0130
EarlyStopping counter: 1 out of 40
Getting training negative samples for edge types: [7]
nodes.shift keys: [0, 1, 2, 3]
nodes.count keys: [0, 1, 2, 3]
links.meta: {6: (1, 3), 2: (3, 3), 8: (2, 2), 7: (3, 2), 5: (3, 3), 4: (2, 2), 3: (2, 0), 11: (3, 3), 10: (3, 3), 0: (2, 2), 9: (3, 3), 1: (3, 3)}
t_type about to use: 2
h_type: 3
shift dict: {0: 0, 1: 188, 2: 19452, 3: 20010}
count dict: Counter({1: 19264, 3: 940, 2: 558, 0: 188})
Generated 894 negative samples for edge type 7
Epoch 00007, Step00000 | Train_Loss: 0.6096 | Time: 0.0332
Epoch 00007 | Val_Loss 0.7208 | Time(s) 0.0255
EarlyStopping counter: 2 out of 40
Getting training negative samples for edge types: [7]
nodes.shift keys: [0, 1, 2, 3]
nodes.count keys: [0, 1, 2, 3]
links.meta: {6: (1, 3), 2: (3, 3), 8: (2, 2), 7: (3, 2), 5: (3, 3), 4: (2, 2), 3: (2, 0), 11: (3, 3), 10: (3, 3), 0: (2, 2), 9: (3, 3), 1: (3, 3)}
t_type about to use: 2
h_type: 3
shift dict: {0: 0, 1: 188, 2: 19452, 3: 20010}
count dict: Counter({1: 19264, 3: 940, 2: 558, 0: 188})
Generated 894 negative samples for edge type 7
Epoch 00008, Step00000 | Train_Loss: 0.5921 | Time: 0.0272
Epoch 00008 | Val_Loss 0.7481 | Time(s) 0.0247
EarlyStopping counter: 3 out of 40
Getting training negative samples for edge types: [7]
nodes.shift keys: [0, 1, 2, 3]
nodes.count keys: [0, 1, 2, 3]
links.meta: {6: (1, 3), 2: (3, 3), 8: (2, 2), 7: (3, 2), 5: (3, 3), 4: (2, 2), 3: (2, 0), 11: (3, 3), 10: (3, 3), 0: (2, 2), 9: (3, 3), 1: (3, 3)}
t_type about to use: 2
h_type: 3
shift dict: {0: 0, 1: 188, 2: 19452, 3: 20010}
count dict: Counter({1: 19264, 3: 940, 2: 558, 0: 188})
Generated 894 negative samples for edge type 7
Epoch 00009, Step00000 | Train_Loss: 0.5765 | Time: 0.0286
Epoch 00009 | Val_Loss 0.8430 | Time(s) 0.0151
EarlyStopping counter: 4 out of 40
Getting training negative samples for edge types: [7]
nodes.shift keys: [0, 1, 2, 3]
nodes.count keys: [0, 1, 2, 3]
links.meta: {6: (1, 3), 2: (3, 3), 8: (2, 2), 7: (3, 2), 5: (3, 3), 4: (2, 2), 3: (2, 0), 11: (3, 3), 10: (3, 3), 0: (2, 2), 9: (3, 3), 1: (3, 3)}
t_type about to use: 2
h_type: 3
shift dict: {0: 0, 1: 188, 2: 19452, 3: 20010}
count dict: Counter({1: 19264, 3: 940, 2: 558, 0: 188})
Generated 894 negative samples for edge type 7
Epoch 00010, Step00000 | Train_Loss: 0.5792 | Time: 0.0439
Epoch 00010 | Val_Loss 0.8701 | Time(s) 0.0109
EarlyStopping counter: 5 out of 40
Getting training negative samples for edge types: [7]
nodes.shift keys: [0, 1, 2, 3]
nodes.count keys: [0, 1, 2, 3]
links.meta: {6: (1, 3), 2: (3, 3), 8: (2, 2), 7: (3, 2), 5: (3, 3), 4: (2, 2), 3: (2, 0), 11: (3, 3), 10: (3, 3), 0: (2, 2), 9: (3, 3), 1: (3, 3)}
t_type about to use: 2
h_type: 3
shift dict: {0: 0, 1: 188, 2: 19452, 3: 20010}
count dict: Counter({1: 19264, 3: 940, 2: 558, 0: 188})
Generated 894 negative samples for edge type 7
Epoch 00011, Step00000 | Train_Loss: 0.5666 | Time: 0.0514
Epoch 00011 | Val_Loss 0.8358 | Time(s) 0.0123
EarlyStopping counter: 6 out of 40
Getting training negative samples for edge types: [7]
nodes.shift keys: [0, 1, 2, 3]
nodes.count keys: [0, 1, 2, 3]
links.meta: {6: (1, 3), 2: (3, 3), 8: (2, 2), 7: (3, 2), 5: (3, 3), 4: (2, 2), 3: (2, 0), 11: (3, 3), 10: (3, 3), 0: (2, 2), 9: (3, 3), 1: (3, 3)}
t_type about to use: 2
h_type: 3
shift dict: {0: 0, 1: 188, 2: 19452, 3: 20010}
count dict: Counter({1: 19264, 3: 940, 2: 558, 0: 188})
Generated 894 negative samples for edge type 7
Epoch 00012, Step00000 | Train_Loss: 0.5648 | Time: 0.0501
Epoch 00012 | Val_Loss 0.9134 | Time(s) 0.0094
EarlyStopping counter: 7 out of 40
Getting training negative samples for edge types: [7]
nodes.shift keys: [0, 1, 2, 3]
nodes.count keys: [0, 1, 2, 3]
links.meta: {6: (1, 3), 2: (3, 3), 8: (2, 2), 7: (3, 2), 5: (3, 3), 4: (2, 2), 3: (2, 0), 11: (3, 3), 10: (3, 3), 0: (2, 2), 9: (3, 3), 1: (3, 3)}
t_type about to use: 2
h_type: 3
shift dict: {0: 0, 1: 188, 2: 19452, 3: 20010}
count dict: Counter({1: 19264, 3: 940, 2: 558, 0: 188})
Generated 894 negative samples for edge type 7
Epoch 00013, Step00000 | Train_Loss: 0.5607 | Time: 0.0309
Epoch 00013 | Val_Loss 0.9157 | Time(s) 0.0276
EarlyStopping counter: 8 out of 40
Getting training negative samples for edge types: [7]
nodes.shift keys: [0, 1, 2, 3]
nodes.count keys: [0, 1, 2, 3]
links.meta: {6: (1, 3), 2: (3, 3), 8: (2, 2), 7: (3, 2), 5: (3, 3), 4: (2, 2), 3: (2, 0), 11: (3, 3), 10: (3, 3), 0: (2, 2), 9: (3, 3), 1: (3, 3)}
t_type about to use: 2
h_type: 3
shift dict: {0: 0, 1: 188, 2: 19452, 3: 20010}
count dict: Counter({1: 19264, 3: 940, 2: 558, 0: 188})
Generated 894 negative samples for edge type 7
Epoch 00014, Step00000 | Train_Loss: 0.5560 | Time: 0.0287
Epoch 00014 | Val_Loss 0.9020 | Time(s) 0.0153
EarlyStopping counter: 9 out of 40
Getting training negative samples for edge types: [7]
nodes.shift keys: [0, 1, 2, 3]
nodes.count keys: [0, 1, 2, 3]
links.meta: {6: (1, 3), 2: (3, 3), 8: (2, 2), 7: (3, 2), 5: (3, 3), 4: (2, 2), 3: (2, 0), 11: (3, 3), 10: (3, 3), 0: (2, 2), 9: (3, 3), 1: (3, 3)}
t_type about to use: 2
h_type: 3
shift dict: {0: 0, 1: 188, 2: 19452, 3: 20010}
count dict: Counter({1: 19264, 3: 940, 2: 558, 0: 188})
Generated 894 negative samples for edge type 7
Epoch 00015, Step00000 | Train_Loss: 0.5667 | Time: 0.0453
Epoch 00015 | Val_Loss 0.9420 | Time(s) 0.0184
EarlyStopping counter: 10 out of 40
Getting training negative samples for edge types: [7]
nodes.shift keys: [0, 1, 2, 3]
nodes.count keys: [0, 1, 2, 3]
links.meta: {6: (1, 3), 2: (3, 3), 8: (2, 2), 7: (3, 2), 5: (3, 3), 4: (2, 2), 3: (2, 0), 11: (3, 3), 10: (3, 3), 0: (2, 2), 9: (3, 3), 1: (3, 3)}
t_type about to use: 2
h_type: 3
shift dict: {0: 0, 1: 188, 2: 19452, 3: 20010}
count dict: Counter({1: 19264, 3: 940, 2: 558, 0: 188})
Generated 894 negative samples for edge type 7
Epoch 00016, Step00000 | Train_Loss: 0.5637 | Time: 0.0455
Epoch 00016 | Val_Loss 1.0008 | Time(s) 0.0093
EarlyStopping counter: 11 out of 40
Getting training negative samples for edge types: [7]
nodes.shift keys: [0, 1, 2, 3]
nodes.count keys: [0, 1, 2, 3]
links.meta: {6: (1, 3), 2: (3, 3), 8: (2, 2), 7: (3, 2), 5: (3, 3), 4: (2, 2), 3: (2, 0), 11: (3, 3), 10: (3, 3), 0: (2, 2), 9: (3, 3), 1: (3, 3)}
t_type about to use: 2
h_type: 3
shift dict: {0: 0, 1: 188, 2: 19452, 3: 20010}
count dict: Counter({1: 19264, 3: 940, 2: 558, 0: 188})
Generated 894 negative samples for edge type 7
Epoch 00017, Step00000 | Train_Loss: 0.5374 | Time: 0.0512
Epoch 00017 | Val_Loss 1.0213 | Time(s) 0.0097
EarlyStopping counter: 12 out of 40
Getting training negative samples for edge types: [7]
nodes.shift keys: [0, 1, 2, 3]
nodes.count keys: [0, 1, 2, 3]
links.meta: {6: (1, 3), 2: (3, 3), 8: (2, 2), 7: (3, 2), 5: (3, 3), 4: (2, 2), 3: (2, 0), 11: (3, 3), 10: (3, 3), 0: (2, 2), 9: (3, 3), 1: (3, 3)}
t_type about to use: 2
h_type: 3
shift dict: {0: 0, 1: 188, 2: 19452, 3: 20010}
count dict: Counter({1: 19264, 3: 940, 2: 558, 0: 188})
Generated 894 negative samples for edge type 7
Epoch 00018, Step00000 | Train_Loss: 0.5326 | Time: 0.0339
Epoch 00018 | Val_Loss 0.9794 | Time(s) 0.0256
EarlyStopping counter: 13 out of 40
Getting training negative samples for edge types: [7]
nodes.shift keys: [0, 1, 2, 3]
nodes.count keys: [0, 1, 2, 3]
links.meta: {6: (1, 3), 2: (3, 3), 8: (2, 2), 7: (3, 2), 5: (3, 3), 4: (2, 2), 3: (2, 0), 11: (3, 3), 10: (3, 3), 0: (2, 2), 9: (3, 3), 1: (3, 3)}
t_type about to use: 2
h_type: 3
shift dict: {0: 0, 1: 188, 2: 19452, 3: 20010}
count dict: Counter({1: 19264, 3: 940, 2: 558, 0: 188})
Generated 894 negative samples for edge type 7
Epoch 00019, Step00000 | Train_Loss: 0.5654 | Time: 0.0268
Epoch 00019 | Val_Loss 0.9446 | Time(s) 0.0261
EarlyStopping counter: 14 out of 40
Getting training negative samples for edge types: [7]
nodes.shift keys: [0, 1, 2, 3]
nodes.count keys: [0, 1, 2, 3]
links.meta: {6: (1, 3), 2: (3, 3), 8: (2, 2), 7: (3, 2), 5: (3, 3), 4: (2, 2), 3: (2, 0), 11: (3, 3), 10: (3, 3), 0: (2, 2), 9: (3, 3), 1: (3, 3)}
t_type about to use: 2
h_type: 3
shift dict: {0: 0, 1: 188, 2: 19452, 3: 20010}
count dict: Counter({1: 19264, 3: 940, 2: 558, 0: 188})
Generated 894 negative samples for edge type 7
Epoch 00020, Step00000 | Train_Loss: 0.5550 | Time: 0.0263
Epoch 00020 | Val_Loss 1.0332 | Time(s) 0.0150
EarlyStopping counter: 15 out of 40
Getting training negative samples for edge types: [7]
nodes.shift keys: [0, 1, 2, 3]
nodes.count keys: [0, 1, 2, 3]
links.meta: {6: (1, 3), 2: (3, 3), 8: (2, 2), 7: (3, 2), 5: (3, 3), 4: (2, 2), 3: (2, 0), 11: (3, 3), 10: (3, 3), 0: (2, 2), 9: (3, 3), 1: (3, 3)}
t_type about to use: 2
h_type: 3
shift dict: {0: 0, 1: 188, 2: 19452, 3: 20010}
count dict: Counter({1: 19264, 3: 940, 2: 558, 0: 188})
Generated 894 negative samples for edge type 7
Epoch 00021, Step00000 | Train_Loss: 0.5555 | Time: 0.0432
Epoch 00021 | Val_Loss 1.0306 | Time(s) 0.0094
EarlyStopping counter: 16 out of 40
Getting training negative samples for edge types: [7]
nodes.shift keys: [0, 1, 2, 3]
nodes.count keys: [0, 1, 2, 3]
links.meta: {6: (1, 3), 2: (3, 3), 8: (2, 2), 7: (3, 2), 5: (3, 3), 4: (2, 2), 3: (2, 0), 11: (3, 3), 10: (3, 3), 0: (2, 2), 9: (3, 3), 1: (3, 3)}
t_type about to use: 2
h_type: 3
shift dict: {0: 0, 1: 188, 2: 19452, 3: 20010}
count dict: Counter({1: 19264, 3: 940, 2: 558, 0: 188})
Generated 894 negative samples for edge type 7
Epoch 00022, Step00000 | Train_Loss: 0.5524 | Time: 0.0469
Epoch 00022 | Val_Loss 1.0235 | Time(s) 0.0091
EarlyStopping counter: 17 out of 40
Getting training negative samples for edge types: [7]
nodes.shift keys: [0, 1, 2, 3]
nodes.count keys: [0, 1, 2, 3]
links.meta: {6: (1, 3), 2: (3, 3), 8: (2, 2), 7: (3, 2), 5: (3, 3), 4: (2, 2), 3: (2, 0), 11: (3, 3), 10: (3, 3), 0: (2, 2), 9: (3, 3), 1: (3, 3)}
t_type about to use: 2
h_type: 3
shift dict: {0: 0, 1: 188, 2: 19452, 3: 20010}
count dict: Counter({1: 19264, 3: 940, 2: 558, 0: 188})
Generated 894 negative samples for edge type 7
Epoch 00023, Step00000 | Train_Loss: 0.5435 | Time: 0.0500
Epoch 00023 | Val_Loss 0.9567 | Time(s) 0.0090
EarlyStopping counter: 18 out of 40
Getting training negative samples for edge types: [7]
nodes.shift keys: [0, 1, 2, 3]
nodes.count keys: [0, 1, 2, 3]
links.meta: {6: (1, 3), 2: (3, 3), 8: (2, 2), 7: (3, 2), 5: (3, 3), 4: (2, 2), 3: (2, 0), 11: (3, 3), 10: (3, 3), 0: (2, 2), 9: (3, 3), 1: (3, 3)}
t_type about to use: 2
h_type: 3
shift dict: {0: 0, 1: 188, 2: 19452, 3: 20010}
count dict: Counter({1: 19264, 3: 940, 2: 558, 0: 188})
Generated 894 negative samples for edge type 7
Epoch 00024, Step00000 | Train_Loss: 0.5490 | Time: 0.0311
Epoch 00024 | Val_Loss 1.0153 | Time(s) 0.0252
EarlyStopping counter: 19 out of 40
Getting training negative samples for edge types: [7]
nodes.shift keys: [0, 1, 2, 3]
nodes.count keys: [0, 1, 2, 3]
links.meta: {6: (1, 3), 2: (3, 3), 8: (2, 2), 7: (3, 2), 5: (3, 3), 4: (2, 2), 3: (2, 0), 11: (3, 3), 10: (3, 3), 0: (2, 2), 9: (3, 3), 1: (3, 3)}
t_type about to use: 2
h_type: 3
shift dict: {0: 0, 1: 188, 2: 19452, 3: 20010}
count dict: Counter({1: 19264, 3: 940, 2: 558, 0: 188})
Generated 894 negative samples for edge type 7
Epoch 00025, Step00000 | Train_Loss: 0.5447 | Time: 0.0258
Epoch 00025 | Val_Loss 1.0148 | Time(s) 0.0259
EarlyStopping counter: 20 out of 40
Getting training negative samples for edge types: [7]
nodes.shift keys: [0, 1, 2, 3]
nodes.count keys: [0, 1, 2, 3]
links.meta: {6: (1, 3), 2: (3, 3), 8: (2, 2), 7: (3, 2), 5: (3, 3), 4: (2, 2), 3: (2, 0), 11: (3, 3), 10: (3, 3), 0: (2, 2), 9: (3, 3), 1: (3, 3)}
t_type about to use: 2
h_type: 3
shift dict: {0: 0, 1: 188, 2: 19452, 3: 20010}
count dict: Counter({1: 19264, 3: 940, 2: 558, 0: 188})
Generated 894 negative samples for edge type 7
Epoch 00026, Step00000 | Train_Loss: 0.5446 | Time: 0.0261
Epoch 00026 | Val_Loss 0.9872 | Time(s) 0.0164
EarlyStopping counter: 21 out of 40
Getting training negative samples for edge types: [7]
nodes.shift keys: [0, 1, 2, 3]
nodes.count keys: [0, 1, 2, 3]
links.meta: {6: (1, 3), 2: (3, 3), 8: (2, 2), 7: (3, 2), 5: (3, 3), 4: (2, 2), 3: (2, 0), 11: (3, 3), 10: (3, 3), 0: (2, 2), 9: (3, 3), 1: (3, 3)}
t_type about to use: 2
h_type: 3
shift dict: {0: 0, 1: 188, 2: 19452, 3: 20010}
count dict: Counter({1: 19264, 3: 940, 2: 558, 0: 188})
Generated 894 negative samples for edge type 7
Epoch 00027, Step00000 | Train_Loss: 0.5407 | Time: 0.0433
Epoch 00027 | Val_Loss 0.9752 | Time(s) 0.0096
EarlyStopping counter: 22 out of 40
Getting training negative samples for edge types: [7]
nodes.shift keys: [0, 1, 2, 3]
nodes.count keys: [0, 1, 2, 3]
links.meta: {6: (1, 3), 2: (3, 3), 8: (2, 2), 7: (3, 2), 5: (3, 3), 4: (2, 2), 3: (2, 0), 11: (3, 3), 10: (3, 3), 0: (2, 2), 9: (3, 3), 1: (3, 3)}
t_type about to use: 2
h_type: 3
shift dict: {0: 0, 1: 188, 2: 19452, 3: 20010}
count dict: Counter({1: 19264, 3: 940, 2: 558, 0: 188})
Generated 894 negative samples for edge type 7
Epoch 00028, Step00000 | Train_Loss: 0.5283 | Time: 0.0509
Epoch 00028 | Val_Loss 1.0202 | Time(s) 0.0094
EarlyStopping counter: 23 out of 40
Getting training negative samples for edge types: [7]
nodes.shift keys: [0, 1, 2, 3]
nodes.count keys: [0, 1, 2, 3]
links.meta: {6: (1, 3), 2: (3, 3), 8: (2, 2), 7: (3, 2), 5: (3, 3), 4: (2, 2), 3: (2, 0), 11: (3, 3), 10: (3, 3), 0: (2, 2), 9: (3, 3), 1: (3, 3)}
t_type about to use: 2
h_type: 3
shift dict: {0: 0, 1: 188, 2: 19452, 3: 20010}
count dict: Counter({1: 19264, 3: 940, 2: 558, 0: 188})
Generated 894 negative samples for edge type 7
Epoch 00029, Step00000 | Train_Loss: 0.5434 | Time: 0.0552
Epoch 00029 | Val_Loss 1.0510 | Time(s) 0.0114
EarlyStopping counter: 24 out of 40
Getting training negative samples for edge types: [7]
nodes.shift keys: [0, 1, 2, 3]
nodes.count keys: [0, 1, 2, 3]
links.meta: {6: (1, 3), 2: (3, 3), 8: (2, 2), 7: (3, 2), 5: (3, 3), 4: (2, 2), 3: (2, 0), 11: (3, 3), 10: (3, 3), 0: (2, 2), 9: (3, 3), 1: (3, 3)}
t_type about to use: 2
h_type: 3
shift dict: {0: 0, 1: 188, 2: 19452, 3: 20010}
count dict: Counter({1: 19264, 3: 940, 2: 558, 0: 188})
Generated 894 negative samples for edge type 7
Epoch 00030, Step00000 | Train_Loss: 0.5356 | Time: 0.0304
Epoch 00030 | Val_Loss 1.0268 | Time(s) 0.0274
EarlyStopping counter: 25 out of 40
Getting training negative samples for edge types: [7]
nodes.shift keys: [0, 1, 2, 3]
nodes.count keys: [0, 1, 2, 3]
links.meta: {6: (1, 3), 2: (3, 3), 8: (2, 2), 7: (3, 2), 5: (3, 3), 4: (2, 2), 3: (2, 0), 11: (3, 3), 10: (3, 3), 0: (2, 2), 9: (3, 3), 1: (3, 3)}
t_type about to use: 2
h_type: 3
shift dict: {0: 0, 1: 188, 2: 19452, 3: 20010}
count dict: Counter({1: 19264, 3: 940, 2: 558, 0: 188})
Generated 894 negative samples for edge type 7
Epoch 00031, Step00000 | Train_Loss: 0.5396 | Time: 0.0266
Epoch 00031 | Val_Loss 1.0585 | Time(s) 0.0155
EarlyStopping counter: 26 out of 40
Getting training negative samples for edge types: [7]
nodes.shift keys: [0, 1, 2, 3]
nodes.count keys: [0, 1, 2, 3]
links.meta: {6: (1, 3), 2: (3, 3), 8: (2, 2), 7: (3, 2), 5: (3, 3), 4: (2, 2), 3: (2, 0), 11: (3, 3), 10: (3, 3), 0: (2, 2), 9: (3, 3), 1: (3, 3)}
t_type about to use: 2
h_type: 3
shift dict: {0: 0, 1: 188, 2: 19452, 3: 20010}
count dict: Counter({1: 19264, 3: 940, 2: 558, 0: 188})
Generated 894 negative samples for edge type 7
Epoch 00032, Step00000 | Train_Loss: 0.5202 | Time: 0.0457
Epoch 00032 | Val_Loss 1.0020 | Time(s) 0.0103
EarlyStopping counter: 27 out of 40
Getting training negative samples for edge types: [7]
nodes.shift keys: [0, 1, 2, 3]
nodes.count keys: [0, 1, 2, 3]
links.meta: {6: (1, 3), 2: (3, 3), 8: (2, 2), 7: (3, 2), 5: (3, 3), 4: (2, 2), 3: (2, 0), 11: (3, 3), 10: (3, 3), 0: (2, 2), 9: (3, 3), 1: (3, 3)}
t_type about to use: 2
h_type: 3
shift dict: {0: 0, 1: 188, 2: 19452, 3: 20010}
count dict: Counter({1: 19264, 3: 940, 2: 558, 0: 188})
Generated 894 negative samples for edge type 7
Epoch 00033, Step00000 | Train_Loss: 0.5300 | Time: 0.0394
Epoch 00033 | Val_Loss 0.9820 | Time(s) 0.0162
EarlyStopping counter: 28 out of 40
Getting training negative samples for edge types: [7]
nodes.shift keys: [0, 1, 2, 3]
nodes.count keys: [0, 1, 2, 3]
links.meta: {6: (1, 3), 2: (3, 3), 8: (2, 2), 7: (3, 2), 5: (3, 3), 4: (2, 2), 3: (2, 0), 11: (3, 3), 10: (3, 3), 0: (2, 2), 9: (3, 3), 1: (3, 3)}
t_type about to use: 2
h_type: 3
shift dict: {0: 0, 1: 188, 2: 19452, 3: 20010}
count dict: Counter({1: 19264, 3: 940, 2: 558, 0: 188})
Generated 894 negative samples for edge type 7
Epoch 00034, Step00000 | Train_Loss: 0.5214 | Time: 0.0276
Epoch 00034 | Val_Loss 0.9808 | Time(s) 0.0213
EarlyStopping counter: 29 out of 40
Getting training negative samples for edge types: [7]
nodes.shift keys: [0, 1, 2, 3]
nodes.count keys: [0, 1, 2, 3]
links.meta: {6: (1, 3), 2: (3, 3), 8: (2, 2), 7: (3, 2), 5: (3, 3), 4: (2, 2), 3: (2, 0), 11: (3, 3), 10: (3, 3), 0: (2, 2), 9: (3, 3), 1: (3, 3)}
t_type about to use: 2
h_type: 3
shift dict: {0: 0, 1: 188, 2: 19452, 3: 20010}
count dict: Counter({1: 19264, 3: 940, 2: 558, 0: 188})
Generated 894 negative samples for edge type 7
Epoch 00035, Step00000 | Train_Loss: 0.5356 | Time: 0.0325
Epoch 00035 | Val_Loss 1.0518 | Time(s) 0.0139
EarlyStopping counter: 30 out of 40
Getting training negative samples for edge types: [7]
nodes.shift keys: [0, 1, 2, 3]
nodes.count keys: [0, 1, 2, 3]
links.meta: {6: (1, 3), 2: (3, 3), 8: (2, 2), 7: (3, 2), 5: (3, 3), 4: (2, 2), 3: (2, 0), 11: (3, 3), 10: (3, 3), 0: (2, 2), 9: (3, 3), 1: (3, 3)}
t_type about to use: 2
h_type: 3
shift dict: {0: 0, 1: 188, 2: 19452, 3: 20010}
count dict: Counter({1: 19264, 3: 940, 2: 558, 0: 188})
Generated 894 negative samples for edge type 7
Epoch 00036, Step00000 | Train_Loss: 0.5216 | Time: 0.0448
Epoch 00036 | Val_Loss 1.0513 | Time(s) 0.0095
EarlyStopping counter: 31 out of 40
Getting training negative samples for edge types: [7]
nodes.shift keys: [0, 1, 2, 3]
nodes.count keys: [0, 1, 2, 3]
links.meta: {6: (1, 3), 2: (3, 3), 8: (2, 2), 7: (3, 2), 5: (3, 3), 4: (2, 2), 3: (2, 0), 11: (3, 3), 10: (3, 3), 0: (2, 2), 9: (3, 3), 1: (3, 3)}
t_type about to use: 2
h_type: 3
shift dict: {0: 0, 1: 188, 2: 19452, 3: 20010}
count dict: Counter({1: 19264, 3: 940, 2: 558, 0: 188})
Generated 894 negative samples for edge type 7
Epoch 00037, Step00000 | Train_Loss: 0.5310 | Time: 0.0522
Epoch 00037 | Val_Loss 1.0293 | Time(s) 0.0096
EarlyStopping counter: 32 out of 40
Getting training negative samples for edge types: [7]
nodes.shift keys: [0, 1, 2, 3]
nodes.count keys: [0, 1, 2, 3]
links.meta: {6: (1, 3), 2: (3, 3), 8: (2, 2), 7: (3, 2), 5: (3, 3), 4: (2, 2), 3: (2, 0), 11: (3, 3), 10: (3, 3), 0: (2, 2), 9: (3, 3), 1: (3, 3)}
t_type about to use: 2
h_type: 3
shift dict: {0: 0, 1: 188, 2: 19452, 3: 20010}
count dict: Counter({1: 19264, 3: 940, 2: 558, 0: 188})
Generated 894 negative samples for edge type 7
Epoch 00038, Step00000 | Train_Loss: 0.5132 | Time: 0.0319
Epoch 00038 | Val_Loss 1.0772 | Time(s) 0.0233
EarlyStopping counter: 33 out of 40
Getting training negative samples for edge types: [7]
nodes.shift keys: [0, 1, 2, 3]
nodes.count keys: [0, 1, 2, 3]
links.meta: {6: (1, 3), 2: (3, 3), 8: (2, 2), 7: (3, 2), 5: (3, 3), 4: (2, 2), 3: (2, 0), 11: (3, 3), 10: (3, 3), 0: (2, 2), 9: (3, 3), 1: (3, 3)}
t_type about to use: 2
h_type: 3
shift dict: {0: 0, 1: 188, 2: 19452, 3: 20010}
count dict: Counter({1: 19264, 3: 940, 2: 558, 0: 188})
Generated 894 negative samples for edge type 7
Epoch 00039, Step00000 | Train_Loss: 0.5148 | Time: 0.0285
Epoch 00039 | Val_Loss 1.1356 | Time(s) 0.0270
EarlyStopping counter: 34 out of 40
Getting training negative samples for edge types: [7]
nodes.shift keys: [0, 1, 2, 3]
nodes.count keys: [0, 1, 2, 3]
links.meta: {6: (1, 3), 2: (3, 3), 8: (2, 2), 7: (3, 2), 5: (3, 3), 4: (2, 2), 3: (2, 0), 11: (3, 3), 10: (3, 3), 0: (2, 2), 9: (3, 3), 1: (3, 3)}
t_type about to use: 2
h_type: 3
shift dict: {0: 0, 1: 188, 2: 19452, 3: 20010}
count dict: Counter({1: 19264, 3: 940, 2: 558, 0: 188})
Generated 894 negative samples for edge type 7
Epoch 00040, Step00000 | Train_Loss: 0.5224 | Time: 0.0268
Epoch 00040 | Val_Loss 1.0049 | Time(s) 0.0142
EarlyStopping counter: 35 out of 40
Getting training negative samples for edge types: [7]
nodes.shift keys: [0, 1, 2, 3]
nodes.count keys: [0, 1, 2, 3]
links.meta: {6: (1, 3), 2: (3, 3), 8: (2, 2), 7: (3, 2), 5: (3, 3), 4: (2, 2), 3: (2, 0), 11: (3, 3), 10: (3, 3), 0: (2, 2), 9: (3, 3), 1: (3, 3)}
t_type about to use: 2
h_type: 3
shift dict: {0: 0, 1: 188, 2: 19452, 3: 20010}
count dict: Counter({1: 19264, 3: 940, 2: 558, 0: 188})
Generated 894 negative samples for edge type 7
Epoch 00041, Step00000 | Train_Loss: 0.5060 | Time: 0.0446
Epoch 00041 | Val_Loss 1.0467 | Time(s) 0.0094
EarlyStopping counter: 36 out of 40
Getting training negative samples for edge types: [7]
nodes.shift keys: [0, 1, 2, 3]
nodes.count keys: [0, 1, 2, 3]
links.meta: {6: (1, 3), 2: (3, 3), 8: (2, 2), 7: (3, 2), 5: (3, 3), 4: (2, 2), 3: (2, 0), 11: (3, 3), 10: (3, 3), 0: (2, 2), 9: (3, 3), 1: (3, 3)}
t_type about to use: 2
h_type: 3
shift dict: {0: 0, 1: 188, 2: 19452, 3: 20010}
count dict: Counter({1: 19264, 3: 940, 2: 558, 0: 188})
Generated 894 negative samples for edge type 7
Epoch 00042, Step00000 | Train_Loss: 0.5063 | Time: 0.0503
Epoch 00042 | Val_Loss 1.0105 | Time(s) 0.0092
EarlyStopping counter: 37 out of 40
Getting training negative samples for edge types: [7]
nodes.shift keys: [0, 1, 2, 3]
nodes.count keys: [0, 1, 2, 3]
links.meta: {6: (1, 3), 2: (3, 3), 8: (2, 2), 7: (3, 2), 5: (3, 3), 4: (2, 2), 3: (2, 0), 11: (3, 3), 10: (3, 3), 0: (2, 2), 9: (3, 3), 1: (3, 3)}
t_type about to use: 2
h_type: 3
shift dict: {0: 0, 1: 188, 2: 19452, 3: 20010}
count dict: Counter({1: 19264, 3: 940, 2: 558, 0: 188})
Generated 894 negative samples for edge type 7
Epoch 00043, Step00000 | Train_Loss: 0.5209 | Time: 0.0312
Epoch 00043 | Val_Loss 0.9952 | Time(s) 0.0230
EarlyStopping counter: 38 out of 40
Getting training negative samples for edge types: [7]
nodes.shift keys: [0, 1, 2, 3]
nodes.count keys: [0, 1, 2, 3]
links.meta: {6: (1, 3), 2: (3, 3), 8: (2, 2), 7: (3, 2), 5: (3, 3), 4: (2, 2), 3: (2, 0), 11: (3, 3), 10: (3, 3), 0: (2, 2), 9: (3, 3), 1: (3, 3)}
t_type about to use: 2
h_type: 3
shift dict: {0: 0, 1: 188, 2: 19452, 3: 20010}
count dict: Counter({1: 19264, 3: 940, 2: 558, 0: 188})
Generated 894 negative samples for edge type 7
Epoch 00044, Step00000 | Train_Loss: 0.5087 | Time: 0.0254
Epoch 00044 | Val_Loss 0.9426 | Time(s) 0.0200
EarlyStopping counter: 39 out of 40
Getting training negative samples for edge types: [7]
nodes.shift keys: [0, 1, 2, 3]
nodes.count keys: [0, 1, 2, 3]
links.meta: {6: (1, 3), 2: (3, 3), 8: (2, 2), 7: (3, 2), 5: (3, 3), 4: (2, 2), 3: (2, 0), 11: (3, 3), 10: (3, 3), 0: (2, 2), 9: (3, 3), 1: (3, 3)}
t_type about to use: 2
h_type: 3
shift dict: {0: 0, 1: 188, 2: 19452, 3: 20010}
count dict: Counter({1: 19264, 3: 940, 2: 558, 0: 188})
Generated 894 negative samples for edge type 7
Epoch 00045, Step00000 | Train_Loss: 0.4893 | Time: 0.0322
Epoch 00045 | Val_Loss 0.8699 | Time(s) 0.0149
EarlyStopping counter: 40 out of 40
Early stopping!
Early stopping!
Meta keys: dict_keys([7])
Data keys: dict_keys([7])
Edge type: 7, Meta: (3, 2)
{'roc_auc': 0.5377796688295571, 'MRR': 0.7893129770992366}
{'roc_auc': 0.6514017371654544, 'MRR': 0.8263358778625954}
defaultdict(<class 'float'>, {'roc_auc': 0.5377796688295571, 'MRR': 0.7893129770992366})
defaultdict(<class 'float'>, {'roc_auc': 0.6514017371654544, 'MRR': 0.8263358778625954})
Completed: amazon_style_ccct_features_securebert_fold_5

=== Repetition 3/6 ===
--------------------------------------
Running model: SimpleHGN
Dataset: amazon_style_ccct_features_securebert_fold_1
--------------------------------------
Data path: ../../data/amazon_style_ccct_features_securebert_fold_1
Loading nodes from ../../data/amazon_style_ccct_features_securebert_fold_1/node.dat
edge types: dict_keys([8, 6, 7, 5, 4, 0, 3, 2, 9, 10, 1, 11])
Getting training negative samples for edge types: [7]
nodes.shift keys: [0, 1, 2, 3]
nodes.count keys: [0, 1, 2, 3]
links.meta: {8: (2, 2), 6: (1, 3), 7: (3, 2), 5: (3, 3), 4: (2, 2), 0: (2, 2), 3: (2, 0), 2: (3, 3), 9: (3, 3), 10: (3, 3), 1: (3, 3), 11: (3, 3)}
t_type about to use: 2
h_type: 3
shift dict: {0: 0, 1: 188, 2: 19452, 3: 20010}
count dict: Counter({1: 19264, 3: 940, 2: 558, 0: 188})
Generated 911 negative samples for edge type 7
Features List: [array([[ 0.00445206,  0.01268557,  0.22351578, ..., -0.28678206,
        -0.37460288,  0.18294938],
       [-0.18744846,  0.07075578,  0.0476894 , ..., -0.2232531 ,
        -0.19588573,  0.47988179],
       [-0.17451471, -0.04557271,  0.15712288, ..., -0.05391889,
        -0.20500693,  0.23744845],
       ...,
       [-0.40584856,  0.04715464,  0.24475315, ..., -0.12466257,
        -0.2035536 ,  0.28577447],
       [-0.18835557,  0.03822717,  0.03586731, ..., -0.23435652,
        -0.35453227,  0.38753107],
       [-0.13632202,  0.14362322,  0.08668749, ..., -0.24145249,
        -0.25799868,  0.26464131]]), array([[-0.02302658,  0.0368569 ,  0.00652144, ..., -0.02803515,
        -0.00893309,  0.00342051],
       [-0.01979104,  0.04036582,  0.01475144, ..., -0.00661969,
        -0.01504144,  0.01323287],
       [-0.02346251,  0.03577969,  0.00104941, ..., -0.01948969,
        -0.02273973,  0.01956808],
       ...,
       [ 0.01112562,  0.01252526, -0.00604169, ..., -0.02203615,
        -0.00625044, -0.01684516],
       [-0.02297131,  0.02604213,  0.00098649, ...,  0.00838303,
        -0.00321861, -0.00570687],
       [-0.01075894,  0.00767744, -0.01424407, ..., -0.02184941,
         0.02614397, -0.01134232]]), array([[ 0.00791158, -0.00538086, -0.02676104, ..., -0.01897389,
        -0.01306979, -0.00084801],
       [ 0.01682901, -0.00649696, -0.01921631, ..., -0.01401017,
        -0.0039668 , -0.02202195],
       [ 0.02197852, -0.01403735, -0.05225722, ...,  0.02019661,
         0.00528841,  0.0033033 ],
       ...,
       [ 0.01603197,  0.00716993, -0.01245602, ..., -0.01399604,
        -0.00058955, -0.0256807 ],
       [ 0.01039577,  0.02045547, -0.02146293, ...,  0.01017929,
         0.02390171,  0.00134994],
       [ 0.00462414,  0.0041195 , -0.0135733 , ..., -0.01101827,
         0.00813001,  0.0203817 ]]), array([[ 0.00087804,  0.00658507, -0.02514569, ..., -0.04238372,
         0.00850771, -0.02565438],
       [-0.0006986 ,  0.01542003, -0.03227317, ..., -0.01301633,
         0.01559736, -0.03614859],
       [-0.01135348,  0.00974955, -0.01812623, ..., -0.01920343,
         0.00887381, -0.0152928 ],
       ...,
       [ 0.00701895, -0.01539859, -0.03025482, ..., -0.03644368,
         0.01254067, -0.0236606 ],
       [-0.00414097,  0.00144739, -0.05197839, ...,  0.00216818,
         0.02755725, -0.03143983],
       [ 0.01779867, -0.02493452, -0.0391779 , ..., -0.01159797,
        -0.00619852, -0.02449675]])]
Getting training negative samples for edge types: [7]
nodes.shift keys: [0, 1, 2, 3]
nodes.count keys: [0, 1, 2, 3]
links.meta: {8: (2, 2), 6: (1, 3), 7: (3, 2), 5: (3, 3), 4: (2, 2), 0: (2, 2), 3: (2, 0), 2: (3, 3), 9: (3, 3), 10: (3, 3), 1: (3, 3), 11: (3, 3)}
t_type about to use: 2
h_type: 3
shift dict: {0: 0, 1: 188, 2: 19452, 3: 20010}
count dict: Counter({1: 19264, 3: 940, 2: 558, 0: 188})
Generated 911 negative samples for edge type 7
Epoch 00000, Step00000 | Train_Loss: 0.6945 | Time: 0.5705
Epoch 00000 | Val_Loss 0.6854 | Time(s) 0.0235
Validation loss decreased (inf --> 0.685363).  Saving model ...
Getting training negative samples for edge types: [7]
nodes.shift keys: [0, 1, 2, 3]
nodes.count keys: [0, 1, 2, 3]
links.meta: {8: (2, 2), 6: (1, 3), 7: (3, 2), 5: (3, 3), 4: (2, 2), 0: (2, 2), 3: (2, 0), 2: (3, 3), 9: (3, 3), 10: (3, 3), 1: (3, 3), 11: (3, 3)}
t_type about to use: 2
h_type: 3
shift dict: {0: 0, 1: 188, 2: 19452, 3: 20010}
count dict: Counter({1: 19264, 3: 940, 2: 558, 0: 188})
Generated 911 negative samples for edge type 7
Epoch 00001, Step00000 | Train_Loss: 0.6836 | Time: 0.0509
Epoch 00001 | Val_Loss 0.6854 | Time(s) 0.0161
EarlyStopping counter: 1 out of 40
Getting training negative samples for edge types: [7]
nodes.shift keys: [0, 1, 2, 3]
nodes.count keys: [0, 1, 2, 3]
links.meta: {8: (2, 2), 6: (1, 3), 7: (3, 2), 5: (3, 3), 4: (2, 2), 0: (2, 2), 3: (2, 0), 2: (3, 3), 9: (3, 3), 10: (3, 3), 1: (3, 3), 11: (3, 3)}
t_type about to use: 2
h_type: 3
shift dict: {0: 0, 1: 188, 2: 19452, 3: 20010}
count dict: Counter({1: 19264, 3: 940, 2: 558, 0: 188})
Generated 911 negative samples for edge type 7
Epoch 00002, Step00000 | Train_Loss: 0.6735 | Time: 0.0484
Epoch 00002 | Val_Loss 0.6668 | Time(s) 0.0148
Validation loss decreased (0.685363 --> 0.666763).  Saving model ...
Getting training negative samples for edge types: [7]
nodes.shift keys: [0, 1, 2, 3]
nodes.count keys: [0, 1, 2, 3]
links.meta: {8: (2, 2), 6: (1, 3), 7: (3, 2), 5: (3, 3), 4: (2, 2), 0: (2, 2), 3: (2, 0), 2: (3, 3), 9: (3, 3), 10: (3, 3), 1: (3, 3), 11: (3, 3)}
t_type about to use: 2
h_type: 3
shift dict: {0: 0, 1: 188, 2: 19452, 3: 20010}
count dict: Counter({1: 19264, 3: 940, 2: 558, 0: 188})
Generated 911 negative samples for edge type 7
Epoch 00003, Step00000 | Train_Loss: 0.6650 | Time: 0.0349
Epoch 00003 | Val_Loss 0.6643 | Time(s) 0.0283
Validation loss decreased (0.666763 --> 0.664291).  Saving model ...
Getting training negative samples for edge types: [7]
nodes.shift keys: [0, 1, 2, 3]
nodes.count keys: [0, 1, 2, 3]
links.meta: {8: (2, 2), 6: (1, 3), 7: (3, 2), 5: (3, 3), 4: (2, 2), 0: (2, 2), 3: (2, 0), 2: (3, 3), 9: (3, 3), 10: (3, 3), 1: (3, 3), 11: (3, 3)}
t_type about to use: 2
h_type: 3
shift dict: {0: 0, 1: 188, 2: 19452, 3: 20010}
count dict: Counter({1: 19264, 3: 940, 2: 558, 0: 188})
Generated 911 negative samples for edge type 7
Epoch 00004, Step00000 | Train_Loss: 0.6521 | Time: 0.0522
Epoch 00004 | Val_Loss 0.6826 | Time(s) 0.0107
EarlyStopping counter: 1 out of 40
Getting training negative samples for edge types: [7]
nodes.shift keys: [0, 1, 2, 3]
nodes.count keys: [0, 1, 2, 3]
links.meta: {8: (2, 2), 6: (1, 3), 7: (3, 2), 5: (3, 3), 4: (2, 2), 0: (2, 2), 3: (2, 0), 2: (3, 3), 9: (3, 3), 10: (3, 3), 1: (3, 3), 11: (3, 3)}
t_type about to use: 2
h_type: 3
shift dict: {0: 0, 1: 188, 2: 19452, 3: 20010}
count dict: Counter({1: 19264, 3: 940, 2: 558, 0: 188})
Generated 911 negative samples for edge type 7
Epoch 00005, Step00000 | Train_Loss: 0.6369 | Time: 0.0513
Epoch 00005 | Val_Loss 0.6443 | Time(s) 0.0150
Validation loss decreased (0.664291 --> 0.644316).  Saving model ...
Getting training negative samples for edge types: [7]
nodes.shift keys: [0, 1, 2, 3]
nodes.count keys: [0, 1, 2, 3]
links.meta: {8: (2, 2), 6: (1, 3), 7: (3, 2), 5: (3, 3), 4: (2, 2), 0: (2, 2), 3: (2, 0), 2: (3, 3), 9: (3, 3), 10: (3, 3), 1: (3, 3), 11: (3, 3)}
t_type about to use: 2
h_type: 3
shift dict: {0: 0, 1: 188, 2: 19452, 3: 20010}
count dict: Counter({1: 19264, 3: 940, 2: 558, 0: 188})
Generated 911 negative samples for edge type 7
Epoch 00006, Step00000 | Train_Loss: 0.6270 | Time: 0.0379
Epoch 00006 | Val_Loss 0.6821 | Time(s) 0.0203
EarlyStopping counter: 1 out of 40
Getting training negative samples for edge types: [7]
nodes.shift keys: [0, 1, 2, 3]
nodes.count keys: [0, 1, 2, 3]
links.meta: {8: (2, 2), 6: (1, 3), 7: (3, 2), 5: (3, 3), 4: (2, 2), 0: (2, 2), 3: (2, 0), 2: (3, 3), 9: (3, 3), 10: (3, 3), 1: (3, 3), 11: (3, 3)}
t_type about to use: 2
h_type: 3
shift dict: {0: 0, 1: 188, 2: 19452, 3: 20010}
count dict: Counter({1: 19264, 3: 940, 2: 558, 0: 188})
Generated 911 negative samples for edge type 7
Epoch 00007, Step00000 | Train_Loss: 0.6152 | Time: 0.0367
Epoch 00007 | Val_Loss 0.6767 | Time(s) 0.0171
EarlyStopping counter: 2 out of 40
Getting training negative samples for edge types: [7]
nodes.shift keys: [0, 1, 2, 3]
nodes.count keys: [0, 1, 2, 3]
links.meta: {8: (2, 2), 6: (1, 3), 7: (3, 2), 5: (3, 3), 4: (2, 2), 0: (2, 2), 3: (2, 0), 2: (3, 3), 9: (3, 3), 10: (3, 3), 1: (3, 3), 11: (3, 3)}
t_type about to use: 2
h_type: 3
shift dict: {0: 0, 1: 188, 2: 19452, 3: 20010}
count dict: Counter({1: 19264, 3: 940, 2: 558, 0: 188})
Generated 911 negative samples for edge type 7
Epoch 00008, Step00000 | Train_Loss: 0.6043 | Time: 0.0423
Epoch 00008 | Val_Loss 0.8277 | Time(s) 0.0142
EarlyStopping counter: 3 out of 40
Getting training negative samples for edge types: [7]
nodes.shift keys: [0, 1, 2, 3]
nodes.count keys: [0, 1, 2, 3]
links.meta: {8: (2, 2), 6: (1, 3), 7: (3, 2), 5: (3, 3), 4: (2, 2), 0: (2, 2), 3: (2, 0), 2: (3, 3), 9: (3, 3), 10: (3, 3), 1: (3, 3), 11: (3, 3)}
t_type about to use: 2
h_type: 3
shift dict: {0: 0, 1: 188, 2: 19452, 3: 20010}
count dict: Counter({1: 19264, 3: 940, 2: 558, 0: 188})
Generated 911 negative samples for edge type 7
Epoch 00009, Step00000 | Train_Loss: 0.5900 | Time: 0.0472
Epoch 00009 | Val_Loss 0.7982 | Time(s) 0.0147
EarlyStopping counter: 4 out of 40
Getting training negative samples for edge types: [7]
nodes.shift keys: [0, 1, 2, 3]
nodes.count keys: [0, 1, 2, 3]
links.meta: {8: (2, 2), 6: (1, 3), 7: (3, 2), 5: (3, 3), 4: (2, 2), 0: (2, 2), 3: (2, 0), 2: (3, 3), 9: (3, 3), 10: (3, 3), 1: (3, 3), 11: (3, 3)}
t_type about to use: 2
h_type: 3
shift dict: {0: 0, 1: 188, 2: 19452, 3: 20010}
count dict: Counter({1: 19264, 3: 940, 2: 558, 0: 188})
Generated 911 negative samples for edge type 7
Epoch 00010, Step00000 | Train_Loss: 0.5742 | Time: 0.0448
Epoch 00010 | Val_Loss 0.7891 | Time(s) 0.0114
EarlyStopping counter: 5 out of 40
Getting training negative samples for edge types: [7]
nodes.shift keys: [0, 1, 2, 3]
nodes.count keys: [0, 1, 2, 3]
links.meta: {8: (2, 2), 6: (1, 3), 7: (3, 2), 5: (3, 3), 4: (2, 2), 0: (2, 2), 3: (2, 0), 2: (3, 3), 9: (3, 3), 10: (3, 3), 1: (3, 3), 11: (3, 3)}
t_type about to use: 2
h_type: 3
shift dict: {0: 0, 1: 188, 2: 19452, 3: 20010}
count dict: Counter({1: 19264, 3: 940, 2: 558, 0: 188})
Generated 911 negative samples for edge type 7
Epoch 00011, Step00000 | Train_Loss: 0.5645 | Time: 0.0485
Epoch 00011 | Val_Loss 0.9016 | Time(s) 0.0120
EarlyStopping counter: 6 out of 40
Getting training negative samples for edge types: [7]
nodes.shift keys: [0, 1, 2, 3]
nodes.count keys: [0, 1, 2, 3]
links.meta: {8: (2, 2), 6: (1, 3), 7: (3, 2), 5: (3, 3), 4: (2, 2), 0: (2, 2), 3: (2, 0), 2: (3, 3), 9: (3, 3), 10: (3, 3), 1: (3, 3), 11: (3, 3)}
t_type about to use: 2
h_type: 3
shift dict: {0: 0, 1: 188, 2: 19452, 3: 20010}
count dict: Counter({1: 19264, 3: 940, 2: 558, 0: 188})
Generated 911 negative samples for edge type 7
Epoch 00012, Step00000 | Train_Loss: 0.5539 | Time: 0.0491
Epoch 00012 | Val_Loss 0.9011 | Time(s) 0.0096
EarlyStopping counter: 7 out of 40
Getting training negative samples for edge types: [7]
nodes.shift keys: [0, 1, 2, 3]
nodes.count keys: [0, 1, 2, 3]
links.meta: {8: (2, 2), 6: (1, 3), 7: (3, 2), 5: (3, 3), 4: (2, 2), 0: (2, 2), 3: (2, 0), 2: (3, 3), 9: (3, 3), 10: (3, 3), 1: (3, 3), 11: (3, 3)}
t_type about to use: 2
h_type: 3
shift dict: {0: 0, 1: 188, 2: 19452, 3: 20010}
count dict: Counter({1: 19264, 3: 940, 2: 558, 0: 188})
Generated 911 negative samples for edge type 7
Epoch 00013, Step00000 | Train_Loss: 0.5551 | Time: 0.0513
Epoch 00013 | Val_Loss 0.9339 | Time(s) 0.0112
EarlyStopping counter: 8 out of 40
Getting training negative samples for edge types: [7]
nodes.shift keys: [0, 1, 2, 3]
nodes.count keys: [0, 1, 2, 3]
links.meta: {8: (2, 2), 6: (1, 3), 7: (3, 2), 5: (3, 3), 4: (2, 2), 0: (2, 2), 3: (2, 0), 2: (3, 3), 9: (3, 3), 10: (3, 3), 1: (3, 3), 11: (3, 3)}
t_type about to use: 2
h_type: 3
shift dict: {0: 0, 1: 188, 2: 19452, 3: 20010}
count dict: Counter({1: 19264, 3: 940, 2: 558, 0: 188})
Generated 911 negative samples for edge type 7
Epoch 00014, Step00000 | Train_Loss: 0.5562 | Time: 0.0349
Epoch 00014 | Val_Loss 0.8963 | Time(s) 0.0237
EarlyStopping counter: 9 out of 40
Getting training negative samples for edge types: [7]
nodes.shift keys: [0, 1, 2, 3]
nodes.count keys: [0, 1, 2, 3]
links.meta: {8: (2, 2), 6: (1, 3), 7: (3, 2), 5: (3, 3), 4: (2, 2), 0: (2, 2), 3: (2, 0), 2: (3, 3), 9: (3, 3), 10: (3, 3), 1: (3, 3), 11: (3, 3)}
t_type about to use: 2
h_type: 3
shift dict: {0: 0, 1: 188, 2: 19452, 3: 20010}
count dict: Counter({1: 19264, 3: 940, 2: 558, 0: 188})
Generated 911 negative samples for edge type 7
Epoch 00015, Step00000 | Train_Loss: 0.5472 | Time: 0.0312
Epoch 00015 | Val_Loss 0.8711 | Time(s) 0.0292
EarlyStopping counter: 10 out of 40
Getting training negative samples for edge types: [7]
nodes.shift keys: [0, 1, 2, 3]
nodes.count keys: [0, 1, 2, 3]
links.meta: {8: (2, 2), 6: (1, 3), 7: (3, 2), 5: (3, 3), 4: (2, 2), 0: (2, 2), 3: (2, 0), 2: (3, 3), 9: (3, 3), 10: (3, 3), 1: (3, 3), 11: (3, 3)}
t_type about to use: 2
h_type: 3
shift dict: {0: 0, 1: 188, 2: 19452, 3: 20010}
count dict: Counter({1: 19264, 3: 940, 2: 558, 0: 188})
Generated 911 negative samples for edge type 7
Epoch 00016, Step00000 | Train_Loss: 0.5617 | Time: 0.0304
Epoch 00016 | Val_Loss 0.9558 | Time(s) 0.0226
EarlyStopping counter: 11 out of 40
Getting training negative samples for edge types: [7]
nodes.shift keys: [0, 1, 2, 3]
nodes.count keys: [0, 1, 2, 3]
links.meta: {8: (2, 2), 6: (1, 3), 7: (3, 2), 5: (3, 3), 4: (2, 2), 0: (2, 2), 3: (2, 0), 2: (3, 3), 9: (3, 3), 10: (3, 3), 1: (3, 3), 11: (3, 3)}
t_type about to use: 2
h_type: 3
shift dict: {0: 0, 1: 188, 2: 19452, 3: 20010}
count dict: Counter({1: 19264, 3: 940, 2: 558, 0: 188})
Generated 911 negative samples for edge type 7
Epoch 00017, Step00000 | Train_Loss: 0.5535 | Time: 0.0333
Epoch 00017 | Val_Loss 1.0151 | Time(s) 0.0242
EarlyStopping counter: 12 out of 40
Getting training negative samples for edge types: [7]
nodes.shift keys: [0, 1, 2, 3]
nodes.count keys: [0, 1, 2, 3]
links.meta: {8: (2, 2), 6: (1, 3), 7: (3, 2), 5: (3, 3), 4: (2, 2), 0: (2, 2), 3: (2, 0), 2: (3, 3), 9: (3, 3), 10: (3, 3), 1: (3, 3), 11: (3, 3)}
t_type about to use: 2
h_type: 3
shift dict: {0: 0, 1: 188, 2: 19452, 3: 20010}
count dict: Counter({1: 19264, 3: 940, 2: 558, 0: 188})
Generated 911 negative samples for edge type 7
Epoch 00018, Step00000 | Train_Loss: 0.5689 | Time: 0.0308
Epoch 00018 | Val_Loss 0.9416 | Time(s) 0.0247
EarlyStopping counter: 13 out of 40
Getting training negative samples for edge types: [7]
nodes.shift keys: [0, 1, 2, 3]
nodes.count keys: [0, 1, 2, 3]
links.meta: {8: (2, 2), 6: (1, 3), 7: (3, 2), 5: (3, 3), 4: (2, 2), 0: (2, 2), 3: (2, 0), 2: (3, 3), 9: (3, 3), 10: (3, 3), 1: (3, 3), 11: (3, 3)}
t_type about to use: 2
h_type: 3
shift dict: {0: 0, 1: 188, 2: 19452, 3: 20010}
count dict: Counter({1: 19264, 3: 940, 2: 558, 0: 188})
Generated 911 negative samples for edge type 7
Epoch 00019, Step00000 | Train_Loss: 0.5435 | Time: 0.0319
Epoch 00019 | Val_Loss 0.9912 | Time(s) 0.0256
EarlyStopping counter: 14 out of 40
Getting training negative samples for edge types: [7]
nodes.shift keys: [0, 1, 2, 3]
nodes.count keys: [0, 1, 2, 3]
links.meta: {8: (2, 2), 6: (1, 3), 7: (3, 2), 5: (3, 3), 4: (2, 2), 0: (2, 2), 3: (2, 0), 2: (3, 3), 9: (3, 3), 10: (3, 3), 1: (3, 3), 11: (3, 3)}
t_type about to use: 2
h_type: 3
shift dict: {0: 0, 1: 188, 2: 19452, 3: 20010}
count dict: Counter({1: 19264, 3: 940, 2: 558, 0: 188})
Generated 911 negative samples for edge type 7
Epoch 00020, Step00000 | Train_Loss: 0.5520 | Time: 0.0281
Epoch 00020 | Val_Loss 1.0683 | Time(s) 0.0155
EarlyStopping counter: 15 out of 40
Getting training negative samples for edge types: [7]
nodes.shift keys: [0, 1, 2, 3]
nodes.count keys: [0, 1, 2, 3]
links.meta: {8: (2, 2), 6: (1, 3), 7: (3, 2), 5: (3, 3), 4: (2, 2), 0: (2, 2), 3: (2, 0), 2: (3, 3), 9: (3, 3), 10: (3, 3), 1: (3, 3), 11: (3, 3)}
t_type about to use: 2
h_type: 3
shift dict: {0: 0, 1: 188, 2: 19452, 3: 20010}
count dict: Counter({1: 19264, 3: 940, 2: 558, 0: 188})
Generated 911 negative samples for edge type 7
Epoch 00021, Step00000 | Train_Loss: 0.5386 | Time: 0.0460
Epoch 00021 | Val_Loss 1.0023 | Time(s) 0.0182
EarlyStopping counter: 16 out of 40
Getting training negative samples for edge types: [7]
nodes.shift keys: [0, 1, 2, 3]
nodes.count keys: [0, 1, 2, 3]
links.meta: {8: (2, 2), 6: (1, 3), 7: (3, 2), 5: (3, 3), 4: (2, 2), 0: (2, 2), 3: (2, 0), 2: (3, 3), 9: (3, 3), 10: (3, 3), 1: (3, 3), 11: (3, 3)}
t_type about to use: 2
h_type: 3
shift dict: {0: 0, 1: 188, 2: 19452, 3: 20010}
count dict: Counter({1: 19264, 3: 940, 2: 558, 0: 188})
Generated 911 negative samples for edge type 7
Epoch 00022, Step00000 | Train_Loss: 0.5556 | Time: 0.0430
Epoch 00022 | Val_Loss 0.9896 | Time(s) 0.0100
EarlyStopping counter: 17 out of 40
Getting training negative samples for edge types: [7]
nodes.shift keys: [0, 1, 2, 3]
nodes.count keys: [0, 1, 2, 3]
links.meta: {8: (2, 2), 6: (1, 3), 7: (3, 2), 5: (3, 3), 4: (2, 2), 0: (2, 2), 3: (2, 0), 2: (3, 3), 9: (3, 3), 10: (3, 3), 1: (3, 3), 11: (3, 3)}
t_type about to use: 2
h_type: 3
shift dict: {0: 0, 1: 188, 2: 19452, 3: 20010}
count dict: Counter({1: 19264, 3: 940, 2: 558, 0: 188})
Generated 911 negative samples for edge type 7
Epoch 00023, Step00000 | Train_Loss: 0.5487 | Time: 0.0493
Epoch 00023 | Val_Loss 1.0682 | Time(s) 0.0093
EarlyStopping counter: 18 out of 40
Getting training negative samples for edge types: [7]
nodes.shift keys: [0, 1, 2, 3]
nodes.count keys: [0, 1, 2, 3]
links.meta: {8: (2, 2), 6: (1, 3), 7: (3, 2), 5: (3, 3), 4: (2, 2), 0: (2, 2), 3: (2, 0), 2: (3, 3), 9: (3, 3), 10: (3, 3), 1: (3, 3), 11: (3, 3)}
t_type about to use: 2
h_type: 3
shift dict: {0: 0, 1: 188, 2: 19452, 3: 20010}
count dict: Counter({1: 19264, 3: 940, 2: 558, 0: 188})
Generated 911 negative samples for edge type 7
Epoch 00024, Step00000 | Train_Loss: 0.5379 | Time: 0.0511
Epoch 00024 | Val_Loss 1.0022 | Time(s) 0.0098
EarlyStopping counter: 19 out of 40
Getting training negative samples for edge types: [7]
nodes.shift keys: [0, 1, 2, 3]
nodes.count keys: [0, 1, 2, 3]
links.meta: {8: (2, 2), 6: (1, 3), 7: (3, 2), 5: (3, 3), 4: (2, 2), 0: (2, 2), 3: (2, 0), 2: (3, 3), 9: (3, 3), 10: (3, 3), 1: (3, 3), 11: (3, 3)}
t_type about to use: 2
h_type: 3
shift dict: {0: 0, 1: 188, 2: 19452, 3: 20010}
count dict: Counter({1: 19264, 3: 940, 2: 558, 0: 188})
Generated 911 negative samples for edge type 7
Epoch 00025, Step00000 | Train_Loss: 0.5467 | Time: 0.0374
Epoch 00025 | Val_Loss 0.9562 | Time(s) 0.0176
EarlyStopping counter: 20 out of 40
Getting training negative samples for edge types: [7]
nodes.shift keys: [0, 1, 2, 3]
nodes.count keys: [0, 1, 2, 3]
links.meta: {8: (2, 2), 6: (1, 3), 7: (3, 2), 5: (3, 3), 4: (2, 2), 0: (2, 2), 3: (2, 0), 2: (3, 3), 9: (3, 3), 10: (3, 3), 1: (3, 3), 11: (3, 3)}
t_type about to use: 2
h_type: 3
shift dict: {0: 0, 1: 188, 2: 19452, 3: 20010}
count dict: Counter({1: 19264, 3: 940, 2: 558, 0: 188})
Generated 911 negative samples for edge type 7
Epoch 00026, Step00000 | Train_Loss: 0.5298 | Time: 0.0357
Epoch 00026 | Val_Loss 1.0158 | Time(s) 0.0269
EarlyStopping counter: 21 out of 40
Getting training negative samples for edge types: [7]
nodes.shift keys: [0, 1, 2, 3]
nodes.count keys: [0, 1, 2, 3]
links.meta: {8: (2, 2), 6: (1, 3), 7: (3, 2), 5: (3, 3), 4: (2, 2), 0: (2, 2), 3: (2, 0), 2: (3, 3), 9: (3, 3), 10: (3, 3), 1: (3, 3), 11: (3, 3)}
t_type about to use: 2
h_type: 3
shift dict: {0: 0, 1: 188, 2: 19452, 3: 20010}
count dict: Counter({1: 19264, 3: 940, 2: 558, 0: 188})
Generated 911 negative samples for edge type 7
Epoch 00027, Step00000 | Train_Loss: 0.5375 | Time: 0.0289
Epoch 00027 | Val_Loss 1.0615 | Time(s) 0.0325
EarlyStopping counter: 22 out of 40
Getting training negative samples for edge types: [7]
nodes.shift keys: [0, 1, 2, 3]
nodes.count keys: [0, 1, 2, 3]
links.meta: {8: (2, 2), 6: (1, 3), 7: (3, 2), 5: (3, 3), 4: (2, 2), 0: (2, 2), 3: (2, 0), 2: (3, 3), 9: (3, 3), 10: (3, 3), 1: (3, 3), 11: (3, 3)}
t_type about to use: 2
h_type: 3
shift dict: {0: 0, 1: 188, 2: 19452, 3: 20010}
count dict: Counter({1: 19264, 3: 940, 2: 558, 0: 188})
Generated 911 negative samples for edge type 7
Epoch 00028, Step00000 | Train_Loss: 0.5421 | Time: 0.0282
Epoch 00028 | Val_Loss 0.9681 | Time(s) 0.0245
EarlyStopping counter: 23 out of 40
Getting training negative samples for edge types: [7]
nodes.shift keys: [0, 1, 2, 3]
nodes.count keys: [0, 1, 2, 3]
links.meta: {8: (2, 2), 6: (1, 3), 7: (3, 2), 5: (3, 3), 4: (2, 2), 0: (2, 2), 3: (2, 0), 2: (3, 3), 9: (3, 3), 10: (3, 3), 1: (3, 3), 11: (3, 3)}
t_type about to use: 2
h_type: 3
shift dict: {0: 0, 1: 188, 2: 19452, 3: 20010}
count dict: Counter({1: 19264, 3: 940, 2: 558, 0: 188})
Generated 911 negative samples for edge type 7
Epoch 00029, Step00000 | Train_Loss: 0.5450 | Time: 0.0282
Epoch 00029 | Val_Loss 0.9726 | Time(s) 0.0148
EarlyStopping counter: 24 out of 40
Getting training negative samples for edge types: [7]
nodes.shift keys: [0, 1, 2, 3]
nodes.count keys: [0, 1, 2, 3]
links.meta: {8: (2, 2), 6: (1, 3), 7: (3, 2), 5: (3, 3), 4: (2, 2), 0: (2, 2), 3: (2, 0), 2: (3, 3), 9: (3, 3), 10: (3, 3), 1: (3, 3), 11: (3, 3)}
t_type about to use: 2
h_type: 3
shift dict: {0: 0, 1: 188, 2: 19452, 3: 20010}
count dict: Counter({1: 19264, 3: 940, 2: 558, 0: 188})
Generated 911 negative samples for edge type 7
Epoch 00030, Step00000 | Train_Loss: 0.5239 | Time: 0.0452
Epoch 00030 | Val_Loss 1.0240 | Time(s) 0.0096
EarlyStopping counter: 25 out of 40
Getting training negative samples for edge types: [7]
nodes.shift keys: [0, 1, 2, 3]
nodes.count keys: [0, 1, 2, 3]
links.meta: {8: (2, 2), 6: (1, 3), 7: (3, 2), 5: (3, 3), 4: (2, 2), 0: (2, 2), 3: (2, 0), 2: (3, 3), 9: (3, 3), 10: (3, 3), 1: (3, 3), 11: (3, 3)}
t_type about to use: 2
h_type: 3
shift dict: {0: 0, 1: 188, 2: 19452, 3: 20010}
count dict: Counter({1: 19264, 3: 940, 2: 558, 0: 188})
Generated 911 negative samples for edge type 7
Epoch 00031, Step00000 | Train_Loss: 0.5336 | Time: 0.0516
Epoch 00031 | Val_Loss 1.0512 | Time(s) 0.0121
EarlyStopping counter: 26 out of 40
Getting training negative samples for edge types: [7]
nodes.shift keys: [0, 1, 2, 3]
nodes.count keys: [0, 1, 2, 3]
links.meta: {8: (2, 2), 6: (1, 3), 7: (3, 2), 5: (3, 3), 4: (2, 2), 0: (2, 2), 3: (2, 0), 2: (3, 3), 9: (3, 3), 10: (3, 3), 1: (3, 3), 11: (3, 3)}
t_type about to use: 2
h_type: 3
shift dict: {0: 0, 1: 188, 2: 19452, 3: 20010}
count dict: Counter({1: 19264, 3: 940, 2: 558, 0: 188})
Generated 911 negative samples for edge type 7
Epoch 00032, Step00000 | Train_Loss: 0.5387 | Time: 0.0535
Epoch 00032 | Val_Loss 1.0503 | Time(s) 0.0121
EarlyStopping counter: 27 out of 40
Getting training negative samples for edge types: [7]
nodes.shift keys: [0, 1, 2, 3]
nodes.count keys: [0, 1, 2, 3]
links.meta: {8: (2, 2), 6: (1, 3), 7: (3, 2), 5: (3, 3), 4: (2, 2), 0: (2, 2), 3: (2, 0), 2: (3, 3), 9: (3, 3), 10: (3, 3), 1: (3, 3), 11: (3, 3)}
t_type about to use: 2
h_type: 3
shift dict: {0: 0, 1: 188, 2: 19452, 3: 20010}
count dict: Counter({1: 19264, 3: 940, 2: 558, 0: 188})
Generated 911 negative samples for edge type 7
Epoch 00033, Step00000 | Train_Loss: 0.5263 | Time: 0.0316
Epoch 00033 | Val_Loss 1.0881 | Time(s) 0.0263
EarlyStopping counter: 28 out of 40
Getting training negative samples for edge types: [7]
nodes.shift keys: [0, 1, 2, 3]
nodes.count keys: [0, 1, 2, 3]
links.meta: {8: (2, 2), 6: (1, 3), 7: (3, 2), 5: (3, 3), 4: (2, 2), 0: (2, 2), 3: (2, 0), 2: (3, 3), 9: (3, 3), 10: (3, 3), 1: (3, 3), 11: (3, 3)}
t_type about to use: 2
h_type: 3
shift dict: {0: 0, 1: 188, 2: 19452, 3: 20010}
count dict: Counter({1: 19264, 3: 940, 2: 558, 0: 188})
Generated 911 negative samples for edge type 7
Epoch 00034, Step00000 | Train_Loss: 0.5449 | Time: 0.0289
Epoch 00034 | Val_Loss 1.0732 | Time(s) 0.0267
EarlyStopping counter: 29 out of 40
Getting training negative samples for edge types: [7]
nodes.shift keys: [0, 1, 2, 3]
nodes.count keys: [0, 1, 2, 3]
links.meta: {8: (2, 2), 6: (1, 3), 7: (3, 2), 5: (3, 3), 4: (2, 2), 0: (2, 2), 3: (2, 0), 2: (3, 3), 9: (3, 3), 10: (3, 3), 1: (3, 3), 11: (3, 3)}
t_type about to use: 2
h_type: 3
shift dict: {0: 0, 1: 188, 2: 19452, 3: 20010}
count dict: Counter({1: 19264, 3: 940, 2: 558, 0: 188})
Generated 911 negative samples for edge type 7
Epoch 00035, Step00000 | Train_Loss: 0.5274 | Time: 0.0344
Epoch 00035 | Val_Loss 1.0687 | Time(s) 0.0284
EarlyStopping counter: 30 out of 40
Getting training negative samples for edge types: [7]
nodes.shift keys: [0, 1, 2, 3]
nodes.count keys: [0, 1, 2, 3]
links.meta: {8: (2, 2), 6: (1, 3), 7: (3, 2), 5: (3, 3), 4: (2, 2), 0: (2, 2), 3: (2, 0), 2: (3, 3), 9: (3, 3), 10: (3, 3), 1: (3, 3), 11: (3, 3)}
t_type about to use: 2
h_type: 3
shift dict: {0: 0, 1: 188, 2: 19452, 3: 20010}
count dict: Counter({1: 19264, 3: 940, 2: 558, 0: 188})
Generated 911 negative samples for edge type 7
Epoch 00036, Step00000 | Train_Loss: 0.5227 | Time: 0.0306
Epoch 00036 | Val_Loss 1.0650 | Time(s) 0.0222
EarlyStopping counter: 31 out of 40
Getting training negative samples for edge types: [7]
nodes.shift keys: [0, 1, 2, 3]
nodes.count keys: [0, 1, 2, 3]
links.meta: {8: (2, 2), 6: (1, 3), 7: (3, 2), 5: (3, 3), 4: (2, 2), 0: (2, 2), 3: (2, 0), 2: (3, 3), 9: (3, 3), 10: (3, 3), 1: (3, 3), 11: (3, 3)}
t_type about to use: 2
h_type: 3
shift dict: {0: 0, 1: 188, 2: 19452, 3: 20010}
count dict: Counter({1: 19264, 3: 940, 2: 558, 0: 188})
Generated 911 negative samples for edge type 7
Epoch 00037, Step00000 | Train_Loss: 0.5311 | Time: 0.0335
Epoch 00037 | Val_Loss 1.0291 | Time(s) 0.0158
EarlyStopping counter: 32 out of 40
Getting training negative samples for edge types: [7]
nodes.shift keys: [0, 1, 2, 3]
nodes.count keys: [0, 1, 2, 3]
links.meta: {8: (2, 2), 6: (1, 3), 7: (3, 2), 5: (3, 3), 4: (2, 2), 0: (2, 2), 3: (2, 0), 2: (3, 3), 9: (3, 3), 10: (3, 3), 1: (3, 3), 11: (3, 3)}
t_type about to use: 2
h_type: 3
shift dict: {0: 0, 1: 188, 2: 19452, 3: 20010}
count dict: Counter({1: 19264, 3: 940, 2: 558, 0: 188})
Generated 911 negative samples for edge type 7
Epoch 00038, Step00000 | Train_Loss: 0.5213 | Time: 0.0440
Epoch 00038 | Val_Loss 1.0874 | Time(s) 0.0102
EarlyStopping counter: 33 out of 40
Getting training negative samples for edge types: [7]
nodes.shift keys: [0, 1, 2, 3]
nodes.count keys: [0, 1, 2, 3]
links.meta: {8: (2, 2), 6: (1, 3), 7: (3, 2), 5: (3, 3), 4: (2, 2), 0: (2, 2), 3: (2, 0), 2: (3, 3), 9: (3, 3), 10: (3, 3), 1: (3, 3), 11: (3, 3)}
t_type about to use: 2
h_type: 3
shift dict: {0: 0, 1: 188, 2: 19452, 3: 20010}
count dict: Counter({1: 19264, 3: 940, 2: 558, 0: 188})
Generated 911 negative samples for edge type 7
Epoch 00039, Step00000 | Train_Loss: 0.5074 | Time: 0.0477
Epoch 00039 | Val_Loss 1.0212 | Time(s) 0.0095
EarlyStopping counter: 34 out of 40
Getting training negative samples for edge types: [7]
nodes.shift keys: [0, 1, 2, 3]
nodes.count keys: [0, 1, 2, 3]
links.meta: {8: (2, 2), 6: (1, 3), 7: (3, 2), 5: (3, 3), 4: (2, 2), 0: (2, 2), 3: (2, 0), 2: (3, 3), 9: (3, 3), 10: (3, 3), 1: (3, 3), 11: (3, 3)}
t_type about to use: 2
h_type: 3
shift dict: {0: 0, 1: 188, 2: 19452, 3: 20010}
count dict: Counter({1: 19264, 3: 940, 2: 558, 0: 188})
Generated 911 negative samples for edge type 7
Epoch 00040, Step00000 | Train_Loss: 0.5237 | Time: 0.0515
Epoch 00040 | Val_Loss 1.0367 | Time(s) 0.0139
EarlyStopping counter: 35 out of 40
Getting training negative samples for edge types: [7]
nodes.shift keys: [0, 1, 2, 3]
nodes.count keys: [0, 1, 2, 3]
links.meta: {8: (2, 2), 6: (1, 3), 7: (3, 2), 5: (3, 3), 4: (2, 2), 0: (2, 2), 3: (2, 0), 2: (3, 3), 9: (3, 3), 10: (3, 3), 1: (3, 3), 11: (3, 3)}
t_type about to use: 2
h_type: 3
shift dict: {0: 0, 1: 188, 2: 19452, 3: 20010}
count dict: Counter({1: 19264, 3: 940, 2: 558, 0: 188})
Generated 911 negative samples for edge type 7
Epoch 00041, Step00000 | Train_Loss: 0.5127 | Time: 0.0329
Epoch 00041 | Val_Loss 1.0485 | Time(s) 0.0254
EarlyStopping counter: 36 out of 40
Getting training negative samples for edge types: [7]
nodes.shift keys: [0, 1, 2, 3]
nodes.count keys: [0, 1, 2, 3]
links.meta: {8: (2, 2), 6: (1, 3), 7: (3, 2), 5: (3, 3), 4: (2, 2), 0: (2, 2), 3: (2, 0), 2: (3, 3), 9: (3, 3), 10: (3, 3), 1: (3, 3), 11: (3, 3)}
t_type about to use: 2
h_type: 3
shift dict: {0: 0, 1: 188, 2: 19452, 3: 20010}
count dict: Counter({1: 19264, 3: 940, 2: 558, 0: 188})
Generated 911 negative samples for edge type 7
Epoch 00042, Step00000 | Train_Loss: 0.5200 | Time: 0.0261
Epoch 00042 | Val_Loss 1.0616 | Time(s) 0.0239
EarlyStopping counter: 37 out of 40
Getting training negative samples for edge types: [7]
nodes.shift keys: [0, 1, 2, 3]
nodes.count keys: [0, 1, 2, 3]
links.meta: {8: (2, 2), 6: (1, 3), 7: (3, 2), 5: (3, 3), 4: (2, 2), 0: (2, 2), 3: (2, 0), 2: (3, 3), 9: (3, 3), 10: (3, 3), 1: (3, 3), 11: (3, 3)}
t_type about to use: 2
h_type: 3
shift dict: {0: 0, 1: 188, 2: 19452, 3: 20010}
count dict: Counter({1: 19264, 3: 940, 2: 558, 0: 188})
Generated 911 negative samples for edge type 7
Epoch 00043, Step00000 | Train_Loss: 0.5157 | Time: 0.0281
Epoch 00043 | Val_Loss 1.0970 | Time(s) 0.0189
EarlyStopping counter: 38 out of 40
Getting training negative samples for edge types: [7]
nodes.shift keys: [0, 1, 2, 3]
nodes.count keys: [0, 1, 2, 3]
links.meta: {8: (2, 2), 6: (1, 3), 7: (3, 2), 5: (3, 3), 4: (2, 2), 0: (2, 2), 3: (2, 0), 2: (3, 3), 9: (3, 3), 10: (3, 3), 1: (3, 3), 11: (3, 3)}
t_type about to use: 2
h_type: 3
shift dict: {0: 0, 1: 188, 2: 19452, 3: 20010}
count dict: Counter({1: 19264, 3: 940, 2: 558, 0: 188})
Generated 911 negative samples for edge type 7
Epoch 00044, Step00000 | Train_Loss: 0.5105 | Time: 0.0345
Epoch 00044 | Val_Loss 0.9914 | Time(s) 0.0164
EarlyStopping counter: 39 out of 40
Getting training negative samples for edge types: [7]
nodes.shift keys: [0, 1, 2, 3]
nodes.count keys: [0, 1, 2, 3]
links.meta: {8: (2, 2), 6: (1, 3), 7: (3, 2), 5: (3, 3), 4: (2, 2), 0: (2, 2), 3: (2, 0), 2: (3, 3), 9: (3, 3), 10: (3, 3), 1: (3, 3), 11: (3, 3)}
t_type about to use: 2
h_type: 3
shift dict: {0: 0, 1: 188, 2: 19452, 3: 20010}
count dict: Counter({1: 19264, 3: 940, 2: 558, 0: 188})
Generated 911 negative samples for edge type 7
Epoch 00045, Step00000 | Train_Loss: 0.5022 | Time: 0.0461
Epoch 00045 | Val_Loss 0.9899 | Time(s) 0.0154
EarlyStopping counter: 40 out of 40
Early stopping!
Early stopping!
Meta keys: dict_keys([7])
Data keys: dict_keys([7])
Edge type: 7, Meta: (3, 2)
{'roc_auc': 0.49140946502057614, 'MRR': 0.7484184914841849}
{'roc_auc': 0.608901082152111, 'MRR': 0.7861313868613138}
defaultdict(<class 'float'>, {'roc_auc': 0.49140946502057614, 'MRR': 0.7484184914841849})
defaultdict(<class 'float'>, {'roc_auc': 0.608901082152111, 'MRR': 0.7861313868613138})
Completed: amazon_style_ccct_features_securebert_fold_1

--------------------------------------
Running model: SimpleHGN
Dataset: amazon_style_ccct_features_securebert_fold_2
--------------------------------------
Data path: ../../data/amazon_style_ccct_features_securebert_fold_2
Loading nodes from ../../data/amazon_style_ccct_features_securebert_fold_2/node.dat
edge types: dict_keys([6, 2, 8, 7, 5, 4, 3, 11, 10, 0, 9, 1])
Getting training negative samples for edge types: [7]
nodes.shift keys: [0, 1, 2, 3]
nodes.count keys: [0, 1, 2, 3]
links.meta: {6: (1, 3), 2: (3, 3), 8: (2, 2), 7: (3, 2), 5: (3, 3), 4: (2, 2), 3: (2, 0), 11: (3, 3), 10: (3, 3), 0: (2, 2), 9: (3, 3), 1: (3, 3)}
t_type about to use: 2
h_type: 3
shift dict: {0: 0, 1: 188, 2: 19452, 3: 20010}
count dict: Counter({1: 19264, 3: 940, 2: 558, 0: 188})
Generated 905 negative samples for edge type 7
Features List: [array([[ 0.00445206,  0.01268557,  0.22351578, ..., -0.28678206,
        -0.37460288,  0.18294938],
       [-0.18744846,  0.07075578,  0.0476894 , ..., -0.2232531 ,
        -0.19588573,  0.47988179],
       [-0.17451471, -0.04557271,  0.15712288, ..., -0.05391889,
        -0.20500693,  0.23744845],
       ...,
       [-0.40584856,  0.04715464,  0.24475315, ..., -0.12466257,
        -0.2035536 ,  0.28577447],
       [-0.18835557,  0.03822717,  0.03586731, ..., -0.23435652,
        -0.35453227,  0.38753107],
       [-0.13632202,  0.14362322,  0.08668749, ..., -0.24145249,
        -0.25799868,  0.26464131]]), array([[-0.02302658,  0.0368569 ,  0.00652144, ..., -0.02803515,
        -0.00893309,  0.00342051],
       [-0.01979104,  0.04036582,  0.01475144, ..., -0.00661969,
        -0.01504144,  0.01323287],
       [-0.02346251,  0.03577969,  0.00104941, ..., -0.01948969,
        -0.02273973,  0.01956808],
       ...,
       [ 0.01112562,  0.01252526, -0.00604169, ..., -0.02203615,
        -0.00625044, -0.01684516],
       [-0.02297131,  0.02604213,  0.00098649, ...,  0.00838303,
        -0.00321861, -0.00570687],
       [-0.01075894,  0.00767744, -0.01424407, ..., -0.02184941,
         0.02614397, -0.01134232]]), array([[ 0.00791158, -0.00538086, -0.02676104, ..., -0.01897389,
        -0.01306979, -0.00084801],
       [ 0.01682901, -0.00649696, -0.01921631, ..., -0.01401017,
        -0.0039668 , -0.02202195],
       [ 0.02197852, -0.01403735, -0.05225722, ...,  0.02019661,
         0.00528841,  0.0033033 ],
       ...,
       [ 0.01603197,  0.00716993, -0.01245602, ..., -0.01399604,
        -0.00058955, -0.0256807 ],
       [ 0.01039577,  0.02045547, -0.02146293, ...,  0.01017929,
         0.02390171,  0.00134994],
       [ 0.00462414,  0.0041195 , -0.0135733 , ..., -0.01101827,
         0.00813001,  0.0203817 ]]), array([[ 0.00087804,  0.00658507, -0.02514569, ..., -0.04238372,
         0.00850771, -0.02565438],
       [-0.0006986 ,  0.01542003, -0.03227317, ..., -0.01301633,
         0.01559736, -0.03614859],
       [-0.01135348,  0.00974955, -0.01812623, ..., -0.01920343,
         0.00887381, -0.0152928 ],
       ...,
       [ 0.00701895, -0.01539859, -0.03025482, ..., -0.03644368,
         0.01254067, -0.0236606 ],
       [-0.00414097,  0.00144739, -0.05197839, ...,  0.00216818,
         0.02755725, -0.03143983],
       [ 0.01779867, -0.02493452, -0.0391779 , ..., -0.01159797,
        -0.00619852, -0.02449675]])]
Getting training negative samples for edge types: [7]
nodes.shift keys: [0, 1, 2, 3]
nodes.count keys: [0, 1, 2, 3]
links.meta: {6: (1, 3), 2: (3, 3), 8: (2, 2), 7: (3, 2), 5: (3, 3), 4: (2, 2), 3: (2, 0), 11: (3, 3), 10: (3, 3), 0: (2, 2), 9: (3, 3), 1: (3, 3)}
t_type about to use: 2
h_type: 3
shift dict: {0: 0, 1: 188, 2: 19452, 3: 20010}
count dict: Counter({1: 19264, 3: 940, 2: 558, 0: 188})
Generated 905 negative samples for edge type 7
Epoch 00000, Step00000 | Train_Loss: 0.6959 | Time: 0.5539
Epoch 00000 | Val_Loss 0.6860 | Time(s) 0.0217
Validation loss decreased (inf --> 0.686026).  Saving model ...
Getting training negative samples for edge types: [7]
nodes.shift keys: [0, 1, 2, 3]
nodes.count keys: [0, 1, 2, 3]
links.meta: {6: (1, 3), 2: (3, 3), 8: (2, 2), 7: (3, 2), 5: (3, 3), 4: (2, 2), 3: (2, 0), 11: (3, 3), 10: (3, 3), 0: (2, 2), 9: (3, 3), 1: (3, 3)}
t_type about to use: 2
h_type: 3
shift dict: {0: 0, 1: 188, 2: 19452, 3: 20010}
count dict: Counter({1: 19264, 3: 940, 2: 558, 0: 188})
Generated 905 negative samples for edge type 7
Epoch 00001, Step00000 | Train_Loss: 0.6868 | Time: 0.0431
Epoch 00001 | Val_Loss 0.6786 | Time(s) 0.0141
Validation loss decreased (0.686026 --> 0.678588).  Saving model ...
Getting training negative samples for edge types: [7]
nodes.shift keys: [0, 1, 2, 3]
nodes.count keys: [0, 1, 2, 3]
links.meta: {6: (1, 3), 2: (3, 3), 8: (2, 2), 7: (3, 2), 5: (3, 3), 4: (2, 2), 3: (2, 0), 11: (3, 3), 10: (3, 3), 0: (2, 2), 9: (3, 3), 1: (3, 3)}
t_type about to use: 2
h_type: 3
shift dict: {0: 0, 1: 188, 2: 19452, 3: 20010}
count dict: Counter({1: 19264, 3: 940, 2: 558, 0: 188})
Generated 905 negative samples for edge type 7
Epoch 00002, Step00000 | Train_Loss: 0.6783 | Time: 0.0487
Epoch 00002 | Val_Loss 0.6555 | Time(s) 0.0169
Validation loss decreased (0.678588 --> 0.655490).  Saving model ...
Getting training negative samples for edge types: [7]
nodes.shift keys: [0, 1, 2, 3]
nodes.count keys: [0, 1, 2, 3]
links.meta: {6: (1, 3), 2: (3, 3), 8: (2, 2), 7: (3, 2), 5: (3, 3), 4: (2, 2), 3: (2, 0), 11: (3, 3), 10: (3, 3), 0: (2, 2), 9: (3, 3), 1: (3, 3)}
t_type about to use: 2
h_type: 3
shift dict: {0: 0, 1: 188, 2: 19452, 3: 20010}
count dict: Counter({1: 19264, 3: 940, 2: 558, 0: 188})
Generated 905 negative samples for edge type 7
Epoch 00003, Step00000 | Train_Loss: 0.6686 | Time: 0.0371
Epoch 00003 | Val_Loss 0.6479 | Time(s) 0.0278
Validation loss decreased (0.655490 --> 0.647949).  Saving model ...
Getting training negative samples for edge types: [7]
nodes.shift keys: [0, 1, 2, 3]
nodes.count keys: [0, 1, 2, 3]
links.meta: {6: (1, 3), 2: (3, 3), 8: (2, 2), 7: (3, 2), 5: (3, 3), 4: (2, 2), 3: (2, 0), 11: (3, 3), 10: (3, 3), 0: (2, 2), 9: (3, 3), 1: (3, 3)}
t_type about to use: 2
h_type: 3
shift dict: {0: 0, 1: 188, 2: 19452, 3: 20010}
count dict: Counter({1: 19264, 3: 940, 2: 558, 0: 188})
Generated 905 negative samples for edge type 7
Epoch 00004, Step00000 | Train_Loss: 0.6571 | Time: 0.0517
Epoch 00004 | Val_Loss 0.6485 | Time(s) 0.0141
EarlyStopping counter: 1 out of 40
Getting training negative samples for edge types: [7]
nodes.shift keys: [0, 1, 2, 3]
nodes.count keys: [0, 1, 2, 3]
links.meta: {6: (1, 3), 2: (3, 3), 8: (2, 2), 7: (3, 2), 5: (3, 3), 4: (2, 2), 3: (2, 0), 11: (3, 3), 10: (3, 3), 0: (2, 2), 9: (3, 3), 1: (3, 3)}
t_type about to use: 2
h_type: 3
shift dict: {0: 0, 1: 188, 2: 19452, 3: 20010}
count dict: Counter({1: 19264, 3: 940, 2: 558, 0: 188})
Generated 905 negative samples for edge type 7
Epoch 00005, Step00000 | Train_Loss: 0.6423 | Time: 0.0540
Epoch 00005 | Val_Loss 0.6417 | Time(s) 0.0164
Validation loss decreased (0.647949 --> 0.641700).  Saving model ...
Getting training negative samples for edge types: [7]
nodes.shift keys: [0, 1, 2, 3]
nodes.count keys: [0, 1, 2, 3]
links.meta: {6: (1, 3), 2: (3, 3), 8: (2, 2), 7: (3, 2), 5: (3, 3), 4: (2, 2), 3: (2, 0), 11: (3, 3), 10: (3, 3), 0: (2, 2), 9: (3, 3), 1: (3, 3)}
t_type about to use: 2
h_type: 3
shift dict: {0: 0, 1: 188, 2: 19452, 3: 20010}
count dict: Counter({1: 19264, 3: 940, 2: 558, 0: 188})
Generated 905 negative samples for edge type 7
Epoch 00006, Step00000 | Train_Loss: 0.6336 | Time: 0.0325
Epoch 00006 | Val_Loss 0.6580 | Time(s) 0.0145
EarlyStopping counter: 1 out of 40
Getting training negative samples for edge types: [7]
nodes.shift keys: [0, 1, 2, 3]
nodes.count keys: [0, 1, 2, 3]
links.meta: {6: (1, 3), 2: (3, 3), 8: (2, 2), 7: (3, 2), 5: (3, 3), 4: (2, 2), 3: (2, 0), 11: (3, 3), 10: (3, 3), 0: (2, 2), 9: (3, 3), 1: (3, 3)}
t_type about to use: 2
h_type: 3
shift dict: {0: 0, 1: 188, 2: 19452, 3: 20010}
count dict: Counter({1: 19264, 3: 940, 2: 558, 0: 188})
Generated 905 negative samples for edge type 7
Epoch 00007, Step00000 | Train_Loss: 0.6208 | Time: 0.0445
Epoch 00007 | Val_Loss 0.6663 | Time(s) 0.0099
EarlyStopping counter: 2 out of 40
Getting training negative samples for edge types: [7]
nodes.shift keys: [0, 1, 2, 3]
nodes.count keys: [0, 1, 2, 3]
links.meta: {6: (1, 3), 2: (3, 3), 8: (2, 2), 7: (3, 2), 5: (3, 3), 4: (2, 2), 3: (2, 0), 11: (3, 3), 10: (3, 3), 0: (2, 2), 9: (3, 3), 1: (3, 3)}
t_type about to use: 2
h_type: 3
shift dict: {0: 0, 1: 188, 2: 19452, 3: 20010}
count dict: Counter({1: 19264, 3: 940, 2: 558, 0: 188})
Generated 905 negative samples for edge type 7
Epoch 00008, Step00000 | Train_Loss: 0.6089 | Time: 0.0503
Epoch 00008 | Val_Loss 0.6858 | Time(s) 0.0107
EarlyStopping counter: 3 out of 40
Getting training negative samples for edge types: [7]
nodes.shift keys: [0, 1, 2, 3]
nodes.count keys: [0, 1, 2, 3]
links.meta: {6: (1, 3), 2: (3, 3), 8: (2, 2), 7: (3, 2), 5: (3, 3), 4: (2, 2), 3: (2, 0), 11: (3, 3), 10: (3, 3), 0: (2, 2), 9: (3, 3), 1: (3, 3)}
t_type about to use: 2
h_type: 3
shift dict: {0: 0, 1: 188, 2: 19452, 3: 20010}
count dict: Counter({1: 19264, 3: 940, 2: 558, 0: 188})
Generated 905 negative samples for edge type 7
Epoch 00009, Step00000 | Train_Loss: 0.5992 | Time: 0.0499
Epoch 00009 | Val_Loss 0.7290 | Time(s) 0.0115
EarlyStopping counter: 4 out of 40
Getting training negative samples for edge types: [7]
nodes.shift keys: [0, 1, 2, 3]
nodes.count keys: [0, 1, 2, 3]
links.meta: {6: (1, 3), 2: (3, 3), 8: (2, 2), 7: (3, 2), 5: (3, 3), 4: (2, 2), 3: (2, 0), 11: (3, 3), 10: (3, 3), 0: (2, 2), 9: (3, 3), 1: (3, 3)}
t_type about to use: 2
h_type: 3
shift dict: {0: 0, 1: 188, 2: 19452, 3: 20010}
count dict: Counter({1: 19264, 3: 940, 2: 558, 0: 188})
Generated 905 negative samples for edge type 7
Epoch 00010, Step00000 | Train_Loss: 0.5842 | Time: 0.0513
Epoch 00010 | Val_Loss 0.7139 | Time(s) 0.0114
EarlyStopping counter: 5 out of 40
Getting training negative samples for edge types: [7]
nodes.shift keys: [0, 1, 2, 3]
nodes.count keys: [0, 1, 2, 3]
links.meta: {6: (1, 3), 2: (3, 3), 8: (2, 2), 7: (3, 2), 5: (3, 3), 4: (2, 2), 3: (2, 0), 11: (3, 3), 10: (3, 3), 0: (2, 2), 9: (3, 3), 1: (3, 3)}
t_type about to use: 2
h_type: 3
shift dict: {0: 0, 1: 188, 2: 19452, 3: 20010}
count dict: Counter({1: 19264, 3: 940, 2: 558, 0: 188})
Generated 905 negative samples for edge type 7
Epoch 00011, Step00000 | Train_Loss: 0.5892 | Time: 0.0515
Epoch 00011 | Val_Loss 0.7277 | Time(s) 0.0098
EarlyStopping counter: 6 out of 40
Getting training negative samples for edge types: [7]
nodes.shift keys: [0, 1, 2, 3]
nodes.count keys: [0, 1, 2, 3]
links.meta: {6: (1, 3), 2: (3, 3), 8: (2, 2), 7: (3, 2), 5: (3, 3), 4: (2, 2), 3: (2, 0), 11: (3, 3), 10: (3, 3), 0: (2, 2), 9: (3, 3), 1: (3, 3)}
t_type about to use: 2
h_type: 3
shift dict: {0: 0, 1: 188, 2: 19452, 3: 20010}
count dict: Counter({1: 19264, 3: 940, 2: 558, 0: 188})
Generated 905 negative samples for edge type 7
Epoch 00012, Step00000 | Train_Loss: 0.5679 | Time: 0.0362
Epoch 00012 | Val_Loss 0.8434 | Time(s) 0.0236
EarlyStopping counter: 7 out of 40
Getting training negative samples for edge types: [7]
nodes.shift keys: [0, 1, 2, 3]
nodes.count keys: [0, 1, 2, 3]
links.meta: {6: (1, 3), 2: (3, 3), 8: (2, 2), 7: (3, 2), 5: (3, 3), 4: (2, 2), 3: (2, 0), 11: (3, 3), 10: (3, 3), 0: (2, 2), 9: (3, 3), 1: (3, 3)}
t_type about to use: 2
h_type: 3
shift dict: {0: 0, 1: 188, 2: 19452, 3: 20010}
count dict: Counter({1: 19264, 3: 940, 2: 558, 0: 188})
Generated 905 negative samples for edge type 7
Epoch 00013, Step00000 | Train_Loss: 0.5688 | Time: 0.0302
Epoch 00013 | Val_Loss 0.8655 | Time(s) 0.0284
EarlyStopping counter: 8 out of 40
Getting training negative samples for edge types: [7]
nodes.shift keys: [0, 1, 2, 3]
nodes.count keys: [0, 1, 2, 3]
links.meta: {6: (1, 3), 2: (3, 3), 8: (2, 2), 7: (3, 2), 5: (3, 3), 4: (2, 2), 3: (2, 0), 11: (3, 3), 10: (3, 3), 0: (2, 2), 9: (3, 3), 1: (3, 3)}
t_type about to use: 2
h_type: 3
shift dict: {0: 0, 1: 188, 2: 19452, 3: 20010}
count dict: Counter({1: 19264, 3: 940, 2: 558, 0: 188})
Generated 905 negative samples for edge type 7
Epoch 00014, Step00000 | Train_Loss: 0.5477 | Time: 0.0284
Epoch 00014 | Val_Loss 0.9220 | Time(s) 0.0308
EarlyStopping counter: 9 out of 40
Getting training negative samples for edge types: [7]
nodes.shift keys: [0, 1, 2, 3]
nodes.count keys: [0, 1, 2, 3]
links.meta: {6: (1, 3), 2: (3, 3), 8: (2, 2), 7: (3, 2), 5: (3, 3), 4: (2, 2), 3: (2, 0), 11: (3, 3), 10: (3, 3), 0: (2, 2), 9: (3, 3), 1: (3, 3)}
t_type about to use: 2
h_type: 3
shift dict: {0: 0, 1: 188, 2: 19452, 3: 20010}
count dict: Counter({1: 19264, 3: 940, 2: 558, 0: 188})
Generated 905 negative samples for edge type 7
Epoch 00015, Step00000 | Train_Loss: 0.5606 | Time: 0.0282
Epoch 00015 | Val_Loss 0.8935 | Time(s) 0.0202
EarlyStopping counter: 10 out of 40
Getting training negative samples for edge types: [7]
nodes.shift keys: [0, 1, 2, 3]
nodes.count keys: [0, 1, 2, 3]
links.meta: {6: (1, 3), 2: (3, 3), 8: (2, 2), 7: (3, 2), 5: (3, 3), 4: (2, 2), 3: (2, 0), 11: (3, 3), 10: (3, 3), 0: (2, 2), 9: (3, 3), 1: (3, 3)}
t_type about to use: 2
h_type: 3
shift dict: {0: 0, 1: 188, 2: 19452, 3: 20010}
count dict: Counter({1: 19264, 3: 940, 2: 558, 0: 188})
Generated 905 negative samples for edge type 7
Epoch 00016, Step00000 | Train_Loss: 0.5624 | Time: 0.0338
Epoch 00016 | Val_Loss 1.0017 | Time(s) 0.0149
EarlyStopping counter: 11 out of 40
Getting training negative samples for edge types: [7]
nodes.shift keys: [0, 1, 2, 3]
nodes.count keys: [0, 1, 2, 3]
links.meta: {6: (1, 3), 2: (3, 3), 8: (2, 2), 7: (3, 2), 5: (3, 3), 4: (2, 2), 3: (2, 0), 11: (3, 3), 10: (3, 3), 0: (2, 2), 9: (3, 3), 1: (3, 3)}
t_type about to use: 2
h_type: 3
shift dict: {0: 0, 1: 188, 2: 19452, 3: 20010}
count dict: Counter({1: 19264, 3: 940, 2: 558, 0: 188})
Generated 905 negative samples for edge type 7
Epoch 00017, Step00000 | Train_Loss: 0.5563 | Time: 0.0449
Epoch 00017 | Val_Loss 0.8197 | Time(s) 0.0103
EarlyStopping counter: 12 out of 40
Getting training negative samples for edge types: [7]
nodes.shift keys: [0, 1, 2, 3]
nodes.count keys: [0, 1, 2, 3]
links.meta: {6: (1, 3), 2: (3, 3), 8: (2, 2), 7: (3, 2), 5: (3, 3), 4: (2, 2), 3: (2, 0), 11: (3, 3), 10: (3, 3), 0: (2, 2), 9: (3, 3), 1: (3, 3)}
t_type about to use: 2
h_type: 3
shift dict: {0: 0, 1: 188, 2: 19452, 3: 20010}
count dict: Counter({1: 19264, 3: 940, 2: 558, 0: 188})
Generated 905 negative samples for edge type 7
Epoch 00018, Step00000 | Train_Loss: 0.5554 | Time: 0.0497
Epoch 00018 | Val_Loss 0.8810 | Time(s) 0.0095
EarlyStopping counter: 13 out of 40
Getting training negative samples for edge types: [7]
nodes.shift keys: [0, 1, 2, 3]
nodes.count keys: [0, 1, 2, 3]
links.meta: {6: (1, 3), 2: (3, 3), 8: (2, 2), 7: (3, 2), 5: (3, 3), 4: (2, 2), 3: (2, 0), 11: (3, 3), 10: (3, 3), 0: (2, 2), 9: (3, 3), 1: (3, 3)}
t_type about to use: 2
h_type: 3
shift dict: {0: 0, 1: 188, 2: 19452, 3: 20010}
count dict: Counter({1: 19264, 3: 940, 2: 558, 0: 188})
Generated 905 negative samples for edge type 7
Epoch 00019, Step00000 | Train_Loss: 0.5486 | Time: 0.0376
Epoch 00019 | Val_Loss 0.9650 | Time(s) 0.0188
EarlyStopping counter: 14 out of 40
Getting training negative samples for edge types: [7]
nodes.shift keys: [0, 1, 2, 3]
nodes.count keys: [0, 1, 2, 3]
links.meta: {6: (1, 3), 2: (3, 3), 8: (2, 2), 7: (3, 2), 5: (3, 3), 4: (2, 2), 3: (2, 0), 11: (3, 3), 10: (3, 3), 0: (2, 2), 9: (3, 3), 1: (3, 3)}
t_type about to use: 2
h_type: 3
shift dict: {0: 0, 1: 188, 2: 19452, 3: 20010}
count dict: Counter({1: 19264, 3: 940, 2: 558, 0: 188})
Generated 905 negative samples for edge type 7
Epoch 00020, Step00000 | Train_Loss: 0.5540 | Time: 0.0269
Epoch 00020 | Val_Loss 0.9921 | Time(s) 0.0309
EarlyStopping counter: 15 out of 40
Getting training negative samples for edge types: [7]
nodes.shift keys: [0, 1, 2, 3]
nodes.count keys: [0, 1, 2, 3]
links.meta: {6: (1, 3), 2: (3, 3), 8: (2, 2), 7: (3, 2), 5: (3, 3), 4: (2, 2), 3: (2, 0), 11: (3, 3), 10: (3, 3), 0: (2, 2), 9: (3, 3), 1: (3, 3)}
t_type about to use: 2
h_type: 3
shift dict: {0: 0, 1: 188, 2: 19452, 3: 20010}
count dict: Counter({1: 19264, 3: 940, 2: 558, 0: 188})
Generated 905 negative samples for edge type 7
Epoch 00021, Step00000 | Train_Loss: 0.5438 | Time: 0.0295
Epoch 00021 | Val_Loss 0.9239 | Time(s) 0.0170
EarlyStopping counter: 16 out of 40
Getting training negative samples for edge types: [7]
nodes.shift keys: [0, 1, 2, 3]
nodes.count keys: [0, 1, 2, 3]
links.meta: {6: (1, 3), 2: (3, 3), 8: (2, 2), 7: (3, 2), 5: (3, 3), 4: (2, 2), 3: (2, 0), 11: (3, 3), 10: (3, 3), 0: (2, 2), 9: (3, 3), 1: (3, 3)}
t_type about to use: 2
h_type: 3
shift dict: {0: 0, 1: 188, 2: 19452, 3: 20010}
count dict: Counter({1: 19264, 3: 940, 2: 558, 0: 188})
Generated 905 negative samples for edge type 7
Epoch 00022, Step00000 | Train_Loss: 0.5557 | Time: 0.0403
Epoch 00022 | Val_Loss 0.8173 | Time(s) 0.0095
EarlyStopping counter: 17 out of 40
Getting training negative samples for edge types: [7]
nodes.shift keys: [0, 1, 2, 3]
nodes.count keys: [0, 1, 2, 3]
links.meta: {6: (1, 3), 2: (3, 3), 8: (2, 2), 7: (3, 2), 5: (3, 3), 4: (2, 2), 3: (2, 0), 11: (3, 3), 10: (3, 3), 0: (2, 2), 9: (3, 3), 1: (3, 3)}
t_type about to use: 2
h_type: 3
shift dict: {0: 0, 1: 188, 2: 19452, 3: 20010}
count dict: Counter({1: 19264, 3: 940, 2: 558, 0: 188})
Generated 905 negative samples for edge type 7
Epoch 00023, Step00000 | Train_Loss: 0.5412 | Time: 0.0498
Epoch 00023 | Val_Loss 0.8569 | Time(s) 0.0098
EarlyStopping counter: 18 out of 40
Getting training negative samples for edge types: [7]
nodes.shift keys: [0, 1, 2, 3]
nodes.count keys: [0, 1, 2, 3]
links.meta: {6: (1, 3), 2: (3, 3), 8: (2, 2), 7: (3, 2), 5: (3, 3), 4: (2, 2), 3: (2, 0), 11: (3, 3), 10: (3, 3), 0: (2, 2), 9: (3, 3), 1: (3, 3)}
t_type about to use: 2
h_type: 3
shift dict: {0: 0, 1: 188, 2: 19452, 3: 20010}
count dict: Counter({1: 19264, 3: 940, 2: 558, 0: 188})
Generated 905 negative samples for edge type 7
Epoch 00024, Step00000 | Train_Loss: 0.5578 | Time: 0.0514
Epoch 00024 | Val_Loss 0.9042 | Time(s) 0.0119
EarlyStopping counter: 19 out of 40
Getting training negative samples for edge types: [7]
nodes.shift keys: [0, 1, 2, 3]
nodes.count keys: [0, 1, 2, 3]
links.meta: {6: (1, 3), 2: (3, 3), 8: (2, 2), 7: (3, 2), 5: (3, 3), 4: (2, 2), 3: (2, 0), 11: (3, 3), 10: (3, 3), 0: (2, 2), 9: (3, 3), 1: (3, 3)}
t_type about to use: 2
h_type: 3
shift dict: {0: 0, 1: 188, 2: 19452, 3: 20010}
count dict: Counter({1: 19264, 3: 940, 2: 558, 0: 188})
Generated 905 negative samples for edge type 7
Epoch 00025, Step00000 | Train_Loss: 0.5384 | Time: 0.0333
Epoch 00025 | Val_Loss 0.8646 | Time(s) 0.0232
EarlyStopping counter: 20 out of 40
Getting training negative samples for edge types: [7]
nodes.shift keys: [0, 1, 2, 3]
nodes.count keys: [0, 1, 2, 3]
links.meta: {6: (1, 3), 2: (3, 3), 8: (2, 2), 7: (3, 2), 5: (3, 3), 4: (2, 2), 3: (2, 0), 11: (3, 3), 10: (3, 3), 0: (2, 2), 9: (3, 3), 1: (3, 3)}
t_type about to use: 2
h_type: 3
shift dict: {0: 0, 1: 188, 2: 19452, 3: 20010}
count dict: Counter({1: 19264, 3: 940, 2: 558, 0: 188})
Generated 905 negative samples for edge type 7
Epoch 00026, Step00000 | Train_Loss: 0.5460 | Time: 0.0284
Epoch 00026 | Val_Loss 0.8189 | Time(s) 0.0322
EarlyStopping counter: 21 out of 40
Getting training negative samples for edge types: [7]
nodes.shift keys: [0, 1, 2, 3]
nodes.count keys: [0, 1, 2, 3]
links.meta: {6: (1, 3), 2: (3, 3), 8: (2, 2), 7: (3, 2), 5: (3, 3), 4: (2, 2), 3: (2, 0), 11: (3, 3), 10: (3, 3), 0: (2, 2), 9: (3, 3), 1: (3, 3)}
t_type about to use: 2
h_type: 3
shift dict: {0: 0, 1: 188, 2: 19452, 3: 20010}
count dict: Counter({1: 19264, 3: 940, 2: 558, 0: 188})
Generated 905 negative samples for edge type 7
Epoch 00027, Step00000 | Train_Loss: 0.5505 | Time: 0.0280
Epoch 00027 | Val_Loss 0.8686 | Time(s) 0.0154
EarlyStopping counter: 22 out of 40
Getting training negative samples for edge types: [7]
nodes.shift keys: [0, 1, 2, 3]
nodes.count keys: [0, 1, 2, 3]
links.meta: {6: (1, 3), 2: (3, 3), 8: (2, 2), 7: (3, 2), 5: (3, 3), 4: (2, 2), 3: (2, 0), 11: (3, 3), 10: (3, 3), 0: (2, 2), 9: (3, 3), 1: (3, 3)}
t_type about to use: 2
h_type: 3
shift dict: {0: 0, 1: 188, 2: 19452, 3: 20010}
count dict: Counter({1: 19264, 3: 940, 2: 558, 0: 188})
Generated 905 negative samples for edge type 7
Epoch 00028, Step00000 | Train_Loss: 0.5448 | Time: 0.0369
Epoch 00028 | Val_Loss 0.9510 | Time(s) 0.0164
EarlyStopping counter: 23 out of 40
Getting training negative samples for edge types: [7]
nodes.shift keys: [0, 1, 2, 3]
nodes.count keys: [0, 1, 2, 3]
links.meta: {6: (1, 3), 2: (3, 3), 8: (2, 2), 7: (3, 2), 5: (3, 3), 4: (2, 2), 3: (2, 0), 11: (3, 3), 10: (3, 3), 0: (2, 2), 9: (3, 3), 1: (3, 3)}
t_type about to use: 2
h_type: 3
shift dict: {0: 0, 1: 188, 2: 19452, 3: 20010}
count dict: Counter({1: 19264, 3: 940, 2: 558, 0: 188})
Generated 905 negative samples for edge type 7
Epoch 00029, Step00000 | Train_Loss: 0.5548 | Time: 0.0494
Epoch 00029 | Val_Loss 0.9003 | Time(s) 0.0103
EarlyStopping counter: 24 out of 40
Getting training negative samples for edge types: [7]
nodes.shift keys: [0, 1, 2, 3]
nodes.count keys: [0, 1, 2, 3]
links.meta: {6: (1, 3), 2: (3, 3), 8: (2, 2), 7: (3, 2), 5: (3, 3), 4: (2, 2), 3: (2, 0), 11: (3, 3), 10: (3, 3), 0: (2, 2), 9: (3, 3), 1: (3, 3)}
t_type about to use: 2
h_type: 3
shift dict: {0: 0, 1: 188, 2: 19452, 3: 20010}
count dict: Counter({1: 19264, 3: 940, 2: 558, 0: 188})
Generated 905 negative samples for edge type 7
Epoch 00030, Step00000 | Train_Loss: 0.5456 | Time: 0.0531
Epoch 00030 | Val_Loss 0.9453 | Time(s) 0.0101
EarlyStopping counter: 25 out of 40
Getting training negative samples for edge types: [7]
nodes.shift keys: [0, 1, 2, 3]
nodes.count keys: [0, 1, 2, 3]
links.meta: {6: (1, 3), 2: (3, 3), 8: (2, 2), 7: (3, 2), 5: (3, 3), 4: (2, 2), 3: (2, 0), 11: (3, 3), 10: (3, 3), 0: (2, 2), 9: (3, 3), 1: (3, 3)}
t_type about to use: 2
h_type: 3
shift dict: {0: 0, 1: 188, 2: 19452, 3: 20010}
count dict: Counter({1: 19264, 3: 940, 2: 558, 0: 188})
Generated 905 negative samples for edge type 7
Epoch 00031, Step00000 | Train_Loss: 0.5437 | Time: 0.0511
Epoch 00031 | Val_Loss 0.8705 | Time(s) 0.0097
EarlyStopping counter: 26 out of 40
Getting training negative samples for edge types: [7]
nodes.shift keys: [0, 1, 2, 3]
nodes.count keys: [0, 1, 2, 3]
links.meta: {6: (1, 3), 2: (3, 3), 8: (2, 2), 7: (3, 2), 5: (3, 3), 4: (2, 2), 3: (2, 0), 11: (3, 3), 10: (3, 3), 0: (2, 2), 9: (3, 3), 1: (3, 3)}
t_type about to use: 2
h_type: 3
shift dict: {0: 0, 1: 188, 2: 19452, 3: 20010}
count dict: Counter({1: 19264, 3: 940, 2: 558, 0: 188})
Generated 905 negative samples for edge type 7
Epoch 00032, Step00000 | Train_Loss: 0.5424 | Time: 0.0311
Epoch 00032 | Val_Loss 0.8646 | Time(s) 0.0265
EarlyStopping counter: 27 out of 40
Getting training negative samples for edge types: [7]
nodes.shift keys: [0, 1, 2, 3]
nodes.count keys: [0, 1, 2, 3]
links.meta: {6: (1, 3), 2: (3, 3), 8: (2, 2), 7: (3, 2), 5: (3, 3), 4: (2, 2), 3: (2, 0), 11: (3, 3), 10: (3, 3), 0: (2, 2), 9: (3, 3), 1: (3, 3)}
t_type about to use: 2
h_type: 3
shift dict: {0: 0, 1: 188, 2: 19452, 3: 20010}
count dict: Counter({1: 19264, 3: 940, 2: 558, 0: 188})
Generated 905 negative samples for edge type 7
Epoch 00033, Step00000 | Train_Loss: 0.5476 | Time: 0.0265
Epoch 00033 | Val_Loss 0.9238 | Time(s) 0.0155
EarlyStopping counter: 28 out of 40
Getting training negative samples for edge types: [7]
nodes.shift keys: [0, 1, 2, 3]
nodes.count keys: [0, 1, 2, 3]
links.meta: {6: (1, 3), 2: (3, 3), 8: (2, 2), 7: (3, 2), 5: (3, 3), 4: (2, 2), 3: (2, 0), 11: (3, 3), 10: (3, 3), 0: (2, 2), 9: (3, 3), 1: (3, 3)}
t_type about to use: 2
h_type: 3
shift dict: {0: 0, 1: 188, 2: 19452, 3: 20010}
count dict: Counter({1: 19264, 3: 940, 2: 558, 0: 188})
Generated 905 negative samples for edge type 7
Epoch 00034, Step00000 | Train_Loss: 0.5442 | Time: 0.0384
Epoch 00034 | Val_Loss 0.9880 | Time(s) 0.0105
EarlyStopping counter: 29 out of 40
Getting training negative samples for edge types: [7]
nodes.shift keys: [0, 1, 2, 3]
nodes.count keys: [0, 1, 2, 3]
links.meta: {6: (1, 3), 2: (3, 3), 8: (2, 2), 7: (3, 2), 5: (3, 3), 4: (2, 2), 3: (2, 0), 11: (3, 3), 10: (3, 3), 0: (2, 2), 9: (3, 3), 1: (3, 3)}
t_type about to use: 2
h_type: 3
shift dict: {0: 0, 1: 188, 2: 19452, 3: 20010}
count dict: Counter({1: 19264, 3: 940, 2: 558, 0: 188})
Generated 905 negative samples for edge type 7
Epoch 00035, Step00000 | Train_Loss: 0.5423 | Time: 0.0461
Epoch 00035 | Val_Loss 0.9188 | Time(s) 0.0112
EarlyStopping counter: 30 out of 40
Getting training negative samples for edge types: [7]
nodes.shift keys: [0, 1, 2, 3]
nodes.count keys: [0, 1, 2, 3]
links.meta: {6: (1, 3), 2: (3, 3), 8: (2, 2), 7: (3, 2), 5: (3, 3), 4: (2, 2), 3: (2, 0), 11: (3, 3), 10: (3, 3), 0: (2, 2), 9: (3, 3), 1: (3, 3)}
t_type about to use: 2
h_type: 3
shift dict: {0: 0, 1: 188, 2: 19452, 3: 20010}
count dict: Counter({1: 19264, 3: 940, 2: 558, 0: 188})
Generated 905 negative samples for edge type 7
Epoch 00036, Step00000 | Train_Loss: 0.5470 | Time: 0.0493
Epoch 00036 | Val_Loss 0.8245 | Time(s) 0.0093
EarlyStopping counter: 31 out of 40
Getting training negative samples for edge types: [7]
nodes.shift keys: [0, 1, 2, 3]
nodes.count keys: [0, 1, 2, 3]
links.meta: {6: (1, 3), 2: (3, 3), 8: (2, 2), 7: (3, 2), 5: (3, 3), 4: (2, 2), 3: (2, 0), 11: (3, 3), 10: (3, 3), 0: (2, 2), 9: (3, 3), 1: (3, 3)}
t_type about to use: 2
h_type: 3
shift dict: {0: 0, 1: 188, 2: 19452, 3: 20010}
count dict: Counter({1: 19264, 3: 940, 2: 558, 0: 188})
Generated 905 negative samples for edge type 7
Epoch 00037, Step00000 | Train_Loss: 0.5372 | Time: 0.0373
Epoch 00037 | Val_Loss 0.9304 | Time(s) 0.0159
EarlyStopping counter: 32 out of 40
Getting training negative samples for edge types: [7]
nodes.shift keys: [0, 1, 2, 3]
nodes.count keys: [0, 1, 2, 3]
links.meta: {6: (1, 3), 2: (3, 3), 8: (2, 2), 7: (3, 2), 5: (3, 3), 4: (2, 2), 3: (2, 0), 11: (3, 3), 10: (3, 3), 0: (2, 2), 9: (3, 3), 1: (3, 3)}
t_type about to use: 2
h_type: 3
shift dict: {0: 0, 1: 188, 2: 19452, 3: 20010}
count dict: Counter({1: 19264, 3: 940, 2: 558, 0: 188})
Generated 905 negative samples for edge type 7
Epoch 00038, Step00000 | Train_Loss: 0.5383 | Time: 0.0272
Epoch 00038 | Val_Loss 0.9258 | Time(s) 0.0288
EarlyStopping counter: 33 out of 40
Getting training negative samples for edge types: [7]
nodes.shift keys: [0, 1, 2, 3]
nodes.count keys: [0, 1, 2, 3]
links.meta: {6: (1, 3), 2: (3, 3), 8: (2, 2), 7: (3, 2), 5: (3, 3), 4: (2, 2), 3: (2, 0), 11: (3, 3), 10: (3, 3), 0: (2, 2), 9: (3, 3), 1: (3, 3)}
t_type about to use: 2
h_type: 3
shift dict: {0: 0, 1: 188, 2: 19452, 3: 20010}
count dict: Counter({1: 19264, 3: 940, 2: 558, 0: 188})
Generated 905 negative samples for edge type 7
Epoch 00039, Step00000 | Train_Loss: 0.5385 | Time: 0.0261
Epoch 00039 | Val_Loss 0.9367 | Time(s) 0.0174
EarlyStopping counter: 34 out of 40
Getting training negative samples for edge types: [7]
nodes.shift keys: [0, 1, 2, 3]
nodes.count keys: [0, 1, 2, 3]
links.meta: {6: (1, 3), 2: (3, 3), 8: (2, 2), 7: (3, 2), 5: (3, 3), 4: (2, 2), 3: (2, 0), 11: (3, 3), 10: (3, 3), 0: (2, 2), 9: (3, 3), 1: (3, 3)}
t_type about to use: 2
h_type: 3
shift dict: {0: 0, 1: 188, 2: 19452, 3: 20010}
count dict: Counter({1: 19264, 3: 940, 2: 558, 0: 188})
Generated 905 negative samples for edge type 7
Epoch 00040, Step00000 | Train_Loss: 0.5430 | Time: 0.0413
Epoch 00040 | Val_Loss 0.8083 | Time(s) 0.0112
EarlyStopping counter: 35 out of 40
Getting training negative samples for edge types: [7]
nodes.shift keys: [0, 1, 2, 3]
nodes.count keys: [0, 1, 2, 3]
links.meta: {6: (1, 3), 2: (3, 3), 8: (2, 2), 7: (3, 2), 5: (3, 3), 4: (2, 2), 3: (2, 0), 11: (3, 3), 10: (3, 3), 0: (2, 2), 9: (3, 3), 1: (3, 3)}
t_type about to use: 2
h_type: 3
shift dict: {0: 0, 1: 188, 2: 19452, 3: 20010}
count dict: Counter({1: 19264, 3: 940, 2: 558, 0: 188})
Generated 905 negative samples for edge type 7
Epoch 00041, Step00000 | Train_Loss: 0.5379 | Time: 0.0484
Epoch 00041 | Val_Loss 0.9250 | Time(s) 0.0118
EarlyStopping counter: 36 out of 40
Getting training negative samples for edge types: [7]
nodes.shift keys: [0, 1, 2, 3]
nodes.count keys: [0, 1, 2, 3]
links.meta: {6: (1, 3), 2: (3, 3), 8: (2, 2), 7: (3, 2), 5: (3, 3), 4: (2, 2), 3: (2, 0), 11: (3, 3), 10: (3, 3), 0: (2, 2), 9: (3, 3), 1: (3, 3)}
t_type about to use: 2
h_type: 3
shift dict: {0: 0, 1: 188, 2: 19452, 3: 20010}
count dict: Counter({1: 19264, 3: 940, 2: 558, 0: 188})
Generated 905 negative samples for edge type 7
Epoch 00042, Step00000 | Train_Loss: 0.5325 | Time: 0.0500
Epoch 00042 | Val_Loss 0.8403 | Time(s) 0.0099
EarlyStopping counter: 37 out of 40
Getting training negative samples for edge types: [7]
nodes.shift keys: [0, 1, 2, 3]
nodes.count keys: [0, 1, 2, 3]
links.meta: {6: (1, 3), 2: (3, 3), 8: (2, 2), 7: (3, 2), 5: (3, 3), 4: (2, 2), 3: (2, 0), 11: (3, 3), 10: (3, 3), 0: (2, 2), 9: (3, 3), 1: (3, 3)}
t_type about to use: 2
h_type: 3
shift dict: {0: 0, 1: 188, 2: 19452, 3: 20010}
count dict: Counter({1: 19264, 3: 940, 2: 558, 0: 188})
Generated 905 negative samples for edge type 7
Epoch 00043, Step00000 | Train_Loss: 0.5382 | Time: 0.0427
Epoch 00043 | Val_Loss 0.8370 | Time(s) 0.0129
EarlyStopping counter: 38 out of 40
Getting training negative samples for edge types: [7]
nodes.shift keys: [0, 1, 2, 3]
nodes.count keys: [0, 1, 2, 3]
links.meta: {6: (1, 3), 2: (3, 3), 8: (2, 2), 7: (3, 2), 5: (3, 3), 4: (2, 2), 3: (2, 0), 11: (3, 3), 10: (3, 3), 0: (2, 2), 9: (3, 3), 1: (3, 3)}
t_type about to use: 2
h_type: 3
shift dict: {0: 0, 1: 188, 2: 19452, 3: 20010}
count dict: Counter({1: 19264, 3: 940, 2: 558, 0: 188})
Generated 905 negative samples for edge type 7
Epoch 00044, Step00000 | Train_Loss: 0.5482 | Time: 0.0272
Epoch 00044 | Val_Loss 0.8455 | Time(s) 0.0288
EarlyStopping counter: 39 out of 40
Getting training negative samples for edge types: [7]
nodes.shift keys: [0, 1, 2, 3]
nodes.count keys: [0, 1, 2, 3]
links.meta: {6: (1, 3), 2: (3, 3), 8: (2, 2), 7: (3, 2), 5: (3, 3), 4: (2, 2), 3: (2, 0), 11: (3, 3), 10: (3, 3), 0: (2, 2), 9: (3, 3), 1: (3, 3)}
t_type about to use: 2
h_type: 3
shift dict: {0: 0, 1: 188, 2: 19452, 3: 20010}
count dict: Counter({1: 19264, 3: 940, 2: 558, 0: 188})
Generated 905 negative samples for edge type 7
Epoch 00045, Step00000 | Train_Loss: 0.5337 | Time: 0.0269
Epoch 00045 | Val_Loss 0.8362 | Time(s) 0.0234
EarlyStopping counter: 40 out of 40
Early stopping!
Early stopping!
Meta keys: dict_keys([7])
Data keys: dict_keys([7])
Edge type: 7, Meta: (3, 2)
{'roc_auc': 0.5512424590634875, 'MRR': 0.7713930348258707}
{'roc_auc': 0.6747342717609883, 'MRR': 0.843905472636816}
defaultdict(<class 'float'>, {'roc_auc': 0.5512424590634875, 'MRR': 0.7713930348258707})
defaultdict(<class 'float'>, {'roc_auc': 0.6747342717609883, 'MRR': 0.843905472636816})
Completed: amazon_style_ccct_features_securebert_fold_2

--------------------------------------
Running model: SimpleHGN
Dataset: amazon_style_ccct_features_securebert_fold_3
--------------------------------------
Data path: ../../data/amazon_style_ccct_features_securebert_fold_3
Loading nodes from ../../data/amazon_style_ccct_features_securebert_fold_3/node.dat
edge types: dict_keys([6, 2, 8, 7, 5, 4, 3, 11, 10, 0, 9, 1])
Getting training negative samples for edge types: [7]
nodes.shift keys: [0, 1, 2, 3]
nodes.count keys: [0, 1, 2, 3]
links.meta: {6: (1, 3), 2: (3, 3), 8: (2, 2), 7: (3, 2), 5: (3, 3), 4: (2, 2), 3: (2, 0), 11: (3, 3), 10: (3, 3), 0: (2, 2), 9: (3, 3), 1: (3, 3)}
t_type about to use: 2
h_type: 3
shift dict: {0: 0, 1: 188, 2: 19452, 3: 20010}
count dict: Counter({1: 19264, 3: 940, 2: 558, 0: 188})
Generated 892 negative samples for edge type 7
Features List: [array([[ 0.00445206,  0.01268557,  0.22351578, ..., -0.28678206,
        -0.37460288,  0.18294938],
       [-0.18744846,  0.07075578,  0.0476894 , ..., -0.2232531 ,
        -0.19588573,  0.47988179],
       [-0.17451471, -0.04557271,  0.15712288, ..., -0.05391889,
        -0.20500693,  0.23744845],
       ...,
       [-0.40584856,  0.04715464,  0.24475315, ..., -0.12466257,
        -0.2035536 ,  0.28577447],
       [-0.18835557,  0.03822717,  0.03586731, ..., -0.23435652,
        -0.35453227,  0.38753107],
       [-0.13632202,  0.14362322,  0.08668749, ..., -0.24145249,
        -0.25799868,  0.26464131]]), array([[-0.02302658,  0.0368569 ,  0.00652144, ..., -0.02803515,
        -0.00893309,  0.00342051],
       [-0.01979104,  0.04036582,  0.01475144, ..., -0.00661969,
        -0.01504144,  0.01323287],
       [-0.02346251,  0.03577969,  0.00104941, ..., -0.01948969,
        -0.02273973,  0.01956808],
       ...,
       [ 0.01112562,  0.01252526, -0.00604169, ..., -0.02203615,
        -0.00625044, -0.01684516],
       [-0.02297131,  0.02604213,  0.00098649, ...,  0.00838303,
        -0.00321861, -0.00570687],
       [-0.01075894,  0.00767744, -0.01424407, ..., -0.02184941,
         0.02614397, -0.01134232]]), array([[ 0.00791158, -0.00538086, -0.02676104, ..., -0.01897389,
        -0.01306979, -0.00084801],
       [ 0.01682901, -0.00649696, -0.01921631, ..., -0.01401017,
        -0.0039668 , -0.02202195],
       [ 0.02197852, -0.01403735, -0.05225722, ...,  0.02019661,
         0.00528841,  0.0033033 ],
       ...,
       [ 0.01603197,  0.00716993, -0.01245602, ..., -0.01399604,
        -0.00058955, -0.0256807 ],
       [ 0.01039577,  0.02045547, -0.02146293, ...,  0.01017929,
         0.02390171,  0.00134994],
       [ 0.00462414,  0.0041195 , -0.0135733 , ..., -0.01101827,
         0.00813001,  0.0203817 ]]), array([[ 0.00087804,  0.00658507, -0.02514569, ..., -0.04238372,
         0.00850771, -0.02565438],
       [-0.0006986 ,  0.01542003, -0.03227317, ..., -0.01301633,
         0.01559736, -0.03614859],
       [-0.01135348,  0.00974955, -0.01812623, ..., -0.01920343,
         0.00887381, -0.0152928 ],
       ...,
       [ 0.00701895, -0.01539859, -0.03025482, ..., -0.03644368,
         0.01254067, -0.0236606 ],
       [-0.00414097,  0.00144739, -0.05197839, ...,  0.00216818,
         0.02755725, -0.03143983],
       [ 0.01779867, -0.02493452, -0.0391779 , ..., -0.01159797,
        -0.00619852, -0.02449675]])]
Getting training negative samples for edge types: [7]
nodes.shift keys: [0, 1, 2, 3]
nodes.count keys: [0, 1, 2, 3]
links.meta: {6: (1, 3), 2: (3, 3), 8: (2, 2), 7: (3, 2), 5: (3, 3), 4: (2, 2), 3: (2, 0), 11: (3, 3), 10: (3, 3), 0: (2, 2), 9: (3, 3), 1: (3, 3)}
t_type about to use: 2
h_type: 3
shift dict: {0: 0, 1: 188, 2: 19452, 3: 20010}
count dict: Counter({1: 19264, 3: 940, 2: 558, 0: 188})
Generated 892 negative samples for edge type 7
Epoch 00000, Step00000 | Train_Loss: 0.6926 | Time: 0.5751
Epoch 00000 | Val_Loss 0.6842 | Time(s) 0.0093
Validation loss decreased (inf --> 0.684157).  Saving model ...
Getting training negative samples for edge types: [7]
nodes.shift keys: [0, 1, 2, 3]
nodes.count keys: [0, 1, 2, 3]
links.meta: {6: (1, 3), 2: (3, 3), 8: (2, 2), 7: (3, 2), 5: (3, 3), 4: (2, 2), 3: (2, 0), 11: (3, 3), 10: (3, 3), 0: (2, 2), 9: (3, 3), 1: (3, 3)}
t_type about to use: 2
h_type: 3
shift dict: {0: 0, 1: 188, 2: 19452, 3: 20010}
count dict: Counter({1: 19264, 3: 940, 2: 558, 0: 188})
Generated 892 negative samples for edge type 7
Epoch 00001, Step00000 | Train_Loss: 0.6826 | Time: 0.0375
Epoch 00001 | Val_Loss 0.6759 | Time(s) 0.0261
Validation loss decreased (0.684157 --> 0.675915).  Saving model ...
Getting training negative samples for edge types: [7]
nodes.shift keys: [0, 1, 2, 3]
nodes.count keys: [0, 1, 2, 3]
links.meta: {6: (1, 3), 2: (3, 3), 8: (2, 2), 7: (3, 2), 5: (3, 3), 4: (2, 2), 3: (2, 0), 11: (3, 3), 10: (3, 3), 0: (2, 2), 9: (3, 3), 1: (3, 3)}
t_type about to use: 2
h_type: 3
shift dict: {0: 0, 1: 188, 2: 19452, 3: 20010}
count dict: Counter({1: 19264, 3: 940, 2: 558, 0: 188})
Generated 892 negative samples for edge type 7
Epoch 00002, Step00000 | Train_Loss: 0.6726 | Time: 0.0530
Epoch 00002 | Val_Loss 0.6793 | Time(s) 0.0119
EarlyStopping counter: 1 out of 40
Getting training negative samples for edge types: [7]
nodes.shift keys: [0, 1, 2, 3]
nodes.count keys: [0, 1, 2, 3]
links.meta: {6: (1, 3), 2: (3, 3), 8: (2, 2), 7: (3, 2), 5: (3, 3), 4: (2, 2), 3: (2, 0), 11: (3, 3), 10: (3, 3), 0: (2, 2), 9: (3, 3), 1: (3, 3)}
t_type about to use: 2
h_type: 3
shift dict: {0: 0, 1: 188, 2: 19452, 3: 20010}
count dict: Counter({1: 19264, 3: 940, 2: 558, 0: 188})
Generated 892 negative samples for edge type 7
Epoch 00003, Step00000 | Train_Loss: 0.6596 | Time: 0.0518
Epoch 00003 | Val_Loss 0.6614 | Time(s) 0.0120
Validation loss decreased (0.675915 --> 0.661442).  Saving model ...
Getting training negative samples for edge types: [7]
nodes.shift keys: [0, 1, 2, 3]
nodes.count keys: [0, 1, 2, 3]
links.meta: {6: (1, 3), 2: (3, 3), 8: (2, 2), 7: (3, 2), 5: (3, 3), 4: (2, 2), 3: (2, 0), 11: (3, 3), 10: (3, 3), 0: (2, 2), 9: (3, 3), 1: (3, 3)}
t_type about to use: 2
h_type: 3
shift dict: {0: 0, 1: 188, 2: 19452, 3: 20010}
count dict: Counter({1: 19264, 3: 940, 2: 558, 0: 188})
Generated 892 negative samples for edge type 7
Epoch 00004, Step00000 | Train_Loss: 0.6476 | Time: 0.0399
Epoch 00004 | Val_Loss 0.6747 | Time(s) 0.0157
EarlyStopping counter: 1 out of 40
Getting training negative samples for edge types: [7]
nodes.shift keys: [0, 1, 2, 3]
nodes.count keys: [0, 1, 2, 3]
links.meta: {6: (1, 3), 2: (3, 3), 8: (2, 2), 7: (3, 2), 5: (3, 3), 4: (2, 2), 3: (2, 0), 11: (3, 3), 10: (3, 3), 0: (2, 2), 9: (3, 3), 1: (3, 3)}
t_type about to use: 2
h_type: 3
shift dict: {0: 0, 1: 188, 2: 19452, 3: 20010}
count dict: Counter({1: 19264, 3: 940, 2: 558, 0: 188})
Generated 892 negative samples for edge type 7
Epoch 00005, Step00000 | Train_Loss: 0.6336 | Time: 0.0441
Epoch 00005 | Val_Loss 0.6881 | Time(s) 0.0162
EarlyStopping counter: 2 out of 40
Getting training negative samples for edge types: [7]
nodes.shift keys: [0, 1, 2, 3]
nodes.count keys: [0, 1, 2, 3]
links.meta: {6: (1, 3), 2: (3, 3), 8: (2, 2), 7: (3, 2), 5: (3, 3), 4: (2, 2), 3: (2, 0), 11: (3, 3), 10: (3, 3), 0: (2, 2), 9: (3, 3), 1: (3, 3)}
t_type about to use: 2
h_type: 3
shift dict: {0: 0, 1: 188, 2: 19452, 3: 20010}
count dict: Counter({1: 19264, 3: 940, 2: 558, 0: 188})
Generated 892 negative samples for edge type 7
Epoch 00006, Step00000 | Train_Loss: 0.6152 | Time: 0.0440
Epoch 00006 | Val_Loss 0.7111 | Time(s) 0.0115
EarlyStopping counter: 3 out of 40
Getting training negative samples for edge types: [7]
nodes.shift keys: [0, 1, 2, 3]
nodes.count keys: [0, 1, 2, 3]
links.meta: {6: (1, 3), 2: (3, 3), 8: (2, 2), 7: (3, 2), 5: (3, 3), 4: (2, 2), 3: (2, 0), 11: (3, 3), 10: (3, 3), 0: (2, 2), 9: (3, 3), 1: (3, 3)}
t_type about to use: 2
h_type: 3
shift dict: {0: 0, 1: 188, 2: 19452, 3: 20010}
count dict: Counter({1: 19264, 3: 940, 2: 558, 0: 188})
Generated 892 negative samples for edge type 7
Epoch 00007, Step00000 | Train_Loss: 0.6032 | Time: 0.0502
Epoch 00007 | Val_Loss 0.7339 | Time(s) 0.0098
EarlyStopping counter: 4 out of 40
Getting training negative samples for edge types: [7]
nodes.shift keys: [0, 1, 2, 3]
nodes.count keys: [0, 1, 2, 3]
links.meta: {6: (1, 3), 2: (3, 3), 8: (2, 2), 7: (3, 2), 5: (3, 3), 4: (2, 2), 3: (2, 0), 11: (3, 3), 10: (3, 3), 0: (2, 2), 9: (3, 3), 1: (3, 3)}
t_type about to use: 2
h_type: 3
shift dict: {0: 0, 1: 188, 2: 19452, 3: 20010}
count dict: Counter({1: 19264, 3: 940, 2: 558, 0: 188})
Generated 892 negative samples for edge type 7
Epoch 00008, Step00000 | Train_Loss: 0.5880 | Time: 0.0529
Epoch 00008 | Val_Loss 0.7317 | Time(s) 0.0148
EarlyStopping counter: 5 out of 40
Getting training negative samples for edge types: [7]
nodes.shift keys: [0, 1, 2, 3]
nodes.count keys: [0, 1, 2, 3]
links.meta: {6: (1, 3), 2: (3, 3), 8: (2, 2), 7: (3, 2), 5: (3, 3), 4: (2, 2), 3: (2, 0), 11: (3, 3), 10: (3, 3), 0: (2, 2), 9: (3, 3), 1: (3, 3)}
t_type about to use: 2
h_type: 3
shift dict: {0: 0, 1: 188, 2: 19452, 3: 20010}
count dict: Counter({1: 19264, 3: 940, 2: 558, 0: 188})
Generated 892 negative samples for edge type 7
Epoch 00009, Step00000 | Train_Loss: 0.5938 | Time: 0.0325
Epoch 00009 | Val_Loss 0.7599 | Time(s) 0.0230
EarlyStopping counter: 6 out of 40
Getting training negative samples for edge types: [7]
nodes.shift keys: [0, 1, 2, 3]
nodes.count keys: [0, 1, 2, 3]
links.meta: {6: (1, 3), 2: (3, 3), 8: (2, 2), 7: (3, 2), 5: (3, 3), 4: (2, 2), 3: (2, 0), 11: (3, 3), 10: (3, 3), 0: (2, 2), 9: (3, 3), 1: (3, 3)}
t_type about to use: 2
h_type: 3
shift dict: {0: 0, 1: 188, 2: 19452, 3: 20010}
count dict: Counter({1: 19264, 3: 940, 2: 558, 0: 188})
Generated 892 negative samples for edge type 7
Epoch 00010, Step00000 | Train_Loss: 0.5833 | Time: 0.0287
Epoch 00010 | Val_Loss 0.8323 | Time(s) 0.0309
EarlyStopping counter: 7 out of 40
Getting training negative samples for edge types: [7]
nodes.shift keys: [0, 1, 2, 3]
nodes.count keys: [0, 1, 2, 3]
links.meta: {6: (1, 3), 2: (3, 3), 8: (2, 2), 7: (3, 2), 5: (3, 3), 4: (2, 2), 3: (2, 0), 11: (3, 3), 10: (3, 3), 0: (2, 2), 9: (3, 3), 1: (3, 3)}
t_type about to use: 2
h_type: 3
shift dict: {0: 0, 1: 188, 2: 19452, 3: 20010}
count dict: Counter({1: 19264, 3: 940, 2: 558, 0: 188})
Generated 892 negative samples for edge type 7
Epoch 00011, Step00000 | Train_Loss: 0.5735 | Time: 0.0283
Epoch 00011 | Val_Loss 0.8003 | Time(s) 0.0268
EarlyStopping counter: 8 out of 40
Getting training negative samples for edge types: [7]
nodes.shift keys: [0, 1, 2, 3]
nodes.count keys: [0, 1, 2, 3]
links.meta: {6: (1, 3), 2: (3, 3), 8: (2, 2), 7: (3, 2), 5: (3, 3), 4: (2, 2), 3: (2, 0), 11: (3, 3), 10: (3, 3), 0: (2, 2), 9: (3, 3), 1: (3, 3)}
t_type about to use: 2
h_type: 3
shift dict: {0: 0, 1: 188, 2: 19452, 3: 20010}
count dict: Counter({1: 19264, 3: 940, 2: 558, 0: 188})
Generated 892 negative samples for edge type 7
Epoch 00012, Step00000 | Train_Loss: 0.5839 | Time: 0.0297
Epoch 00012 | Val_Loss 0.9195 | Time(s) 0.0307
EarlyStopping counter: 9 out of 40
Getting training negative samples for edge types: [7]
nodes.shift keys: [0, 1, 2, 3]
nodes.count keys: [0, 1, 2, 3]
links.meta: {6: (1, 3), 2: (3, 3), 8: (2, 2), 7: (3, 2), 5: (3, 3), 4: (2, 2), 3: (2, 0), 11: (3, 3), 10: (3, 3), 0: (2, 2), 9: (3, 3), 1: (3, 3)}
t_type about to use: 2
h_type: 3
shift dict: {0: 0, 1: 188, 2: 19452, 3: 20010}
count dict: Counter({1: 19264, 3: 940, 2: 558, 0: 188})
Generated 892 negative samples for edge type 7
Epoch 00013, Step00000 | Train_Loss: 0.5653 | Time: 0.0268
Epoch 00013 | Val_Loss 0.9303 | Time(s) 0.0198
EarlyStopping counter: 10 out of 40
Getting training negative samples for edge types: [7]
nodes.shift keys: [0, 1, 2, 3]
nodes.count keys: [0, 1, 2, 3]
links.meta: {6: (1, 3), 2: (3, 3), 8: (2, 2), 7: (3, 2), 5: (3, 3), 4: (2, 2), 3: (2, 0), 11: (3, 3), 10: (3, 3), 0: (2, 2), 9: (3, 3), 1: (3, 3)}
t_type about to use: 2
h_type: 3
shift dict: {0: 0, 1: 188, 2: 19452, 3: 20010}
count dict: Counter({1: 19264, 3: 940, 2: 558, 0: 188})
Generated 892 negative samples for edge type 7
Epoch 00014, Step00000 | Train_Loss: 0.5669 | Time: 0.0335
Epoch 00014 | Val_Loss 0.9033 | Time(s) 0.0103
EarlyStopping counter: 11 out of 40
Getting training negative samples for edge types: [7]
nodes.shift keys: [0, 1, 2, 3]
nodes.count keys: [0, 1, 2, 3]
links.meta: {6: (1, 3), 2: (3, 3), 8: (2, 2), 7: (3, 2), 5: (3, 3), 4: (2, 2), 3: (2, 0), 11: (3, 3), 10: (3, 3), 0: (2, 2), 9: (3, 3), 1: (3, 3)}
t_type about to use: 2
h_type: 3
shift dict: {0: 0, 1: 188, 2: 19452, 3: 20010}
count dict: Counter({1: 19264, 3: 940, 2: 558, 0: 188})
Generated 892 negative samples for edge type 7
Epoch 00015, Step00000 | Train_Loss: 0.5663 | Time: 0.0509
Epoch 00015 | Val_Loss 0.8626 | Time(s) 0.0114
EarlyStopping counter: 12 out of 40
Getting training negative samples for edge types: [7]
nodes.shift keys: [0, 1, 2, 3]
nodes.count keys: [0, 1, 2, 3]
links.meta: {6: (1, 3), 2: (3, 3), 8: (2, 2), 7: (3, 2), 5: (3, 3), 4: (2, 2), 3: (2, 0), 11: (3, 3), 10: (3, 3), 0: (2, 2), 9: (3, 3), 1: (3, 3)}
t_type about to use: 2
h_type: 3
shift dict: {0: 0, 1: 188, 2: 19452, 3: 20010}
count dict: Counter({1: 19264, 3: 940, 2: 558, 0: 188})
Generated 892 negative samples for edge type 7
Epoch 00016, Step00000 | Train_Loss: 0.5724 | Time: 0.0449
Epoch 00016 | Val_Loss 0.8964 | Time(s) 0.0120
EarlyStopping counter: 13 out of 40
Getting training negative samples for edge types: [7]
nodes.shift keys: [0, 1, 2, 3]
nodes.count keys: [0, 1, 2, 3]
links.meta: {6: (1, 3), 2: (3, 3), 8: (2, 2), 7: (3, 2), 5: (3, 3), 4: (2, 2), 3: (2, 0), 11: (3, 3), 10: (3, 3), 0: (2, 2), 9: (3, 3), 1: (3, 3)}
t_type about to use: 2
h_type: 3
shift dict: {0: 0, 1: 188, 2: 19452, 3: 20010}
count dict: Counter({1: 19264, 3: 940, 2: 558, 0: 188})
Generated 892 negative samples for edge type 7
Epoch 00017, Step00000 | Train_Loss: 0.5576 | Time: 0.0493
Epoch 00017 | Val_Loss 0.9697 | Time(s) 0.0114
EarlyStopping counter: 14 out of 40
Getting training negative samples for edge types: [7]
nodes.shift keys: [0, 1, 2, 3]
nodes.count keys: [0, 1, 2, 3]
links.meta: {6: (1, 3), 2: (3, 3), 8: (2, 2), 7: (3, 2), 5: (3, 3), 4: (2, 2), 3: (2, 0), 11: (3, 3), 10: (3, 3), 0: (2, 2), 9: (3, 3), 1: (3, 3)}
t_type about to use: 2
h_type: 3
shift dict: {0: 0, 1: 188, 2: 19452, 3: 20010}
count dict: Counter({1: 19264, 3: 940, 2: 558, 0: 188})
Generated 892 negative samples for edge type 7
Epoch 00018, Step00000 | Train_Loss: 0.5524 | Time: 0.0556
Epoch 00018 | Val_Loss 0.9422 | Time(s) 0.0141
EarlyStopping counter: 15 out of 40
Getting training negative samples for edge types: [7]
nodes.shift keys: [0, 1, 2, 3]
nodes.count keys: [0, 1, 2, 3]
links.meta: {6: (1, 3), 2: (3, 3), 8: (2, 2), 7: (3, 2), 5: (3, 3), 4: (2, 2), 3: (2, 0), 11: (3, 3), 10: (3, 3), 0: (2, 2), 9: (3, 3), 1: (3, 3)}
t_type about to use: 2
h_type: 3
shift dict: {0: 0, 1: 188, 2: 19452, 3: 20010}
count dict: Counter({1: 19264, 3: 940, 2: 558, 0: 188})
Generated 892 negative samples for edge type 7
Epoch 00019, Step00000 | Train_Loss: 0.5597 | Time: 0.0315
Epoch 00019 | Val_Loss 0.8684 | Time(s) 0.0230
EarlyStopping counter: 16 out of 40
Getting training negative samples for edge types: [7]
nodes.shift keys: [0, 1, 2, 3]
nodes.count keys: [0, 1, 2, 3]
links.meta: {6: (1, 3), 2: (3, 3), 8: (2, 2), 7: (3, 2), 5: (3, 3), 4: (2, 2), 3: (2, 0), 11: (3, 3), 10: (3, 3), 0: (2, 2), 9: (3, 3), 1: (3, 3)}
t_type about to use: 2
h_type: 3
shift dict: {0: 0, 1: 188, 2: 19452, 3: 20010}
count dict: Counter({1: 19264, 3: 940, 2: 558, 0: 188})
Generated 892 negative samples for edge type 7
Epoch 00020, Step00000 | Train_Loss: 0.5632 | Time: 0.0290
Epoch 00020 | Val_Loss 0.9293 | Time(s) 0.0273
EarlyStopping counter: 17 out of 40
Getting training negative samples for edge types: [7]
nodes.shift keys: [0, 1, 2, 3]
nodes.count keys: [0, 1, 2, 3]
links.meta: {6: (1, 3), 2: (3, 3), 8: (2, 2), 7: (3, 2), 5: (3, 3), 4: (2, 2), 3: (2, 0), 11: (3, 3), 10: (3, 3), 0: (2, 2), 9: (3, 3), 1: (3, 3)}
t_type about to use: 2
h_type: 3
shift dict: {0: 0, 1: 188, 2: 19452, 3: 20010}
count dict: Counter({1: 19264, 3: 940, 2: 558, 0: 188})
Generated 892 negative samples for edge type 7
Epoch 00021, Step00000 | Train_Loss: 0.5360 | Time: 0.0277
Epoch 00021 | Val_Loss 0.8996 | Time(s) 0.0142
EarlyStopping counter: 18 out of 40
Getting training negative samples for edge types: [7]
nodes.shift keys: [0, 1, 2, 3]
nodes.count keys: [0, 1, 2, 3]
links.meta: {6: (1, 3), 2: (3, 3), 8: (2, 2), 7: (3, 2), 5: (3, 3), 4: (2, 2), 3: (2, 0), 11: (3, 3), 10: (3, 3), 0: (2, 2), 9: (3, 3), 1: (3, 3)}
t_type about to use: 2
h_type: 3
shift dict: {0: 0, 1: 188, 2: 19452, 3: 20010}
count dict: Counter({1: 19264, 3: 940, 2: 558, 0: 188})
Generated 892 negative samples for edge type 7
Epoch 00022, Step00000 | Train_Loss: 0.5555 | Time: 0.0433
Epoch 00022 | Val_Loss 0.9080 | Time(s) 0.0095
EarlyStopping counter: 19 out of 40
Getting training negative samples for edge types: [7]
nodes.shift keys: [0, 1, 2, 3]
nodes.count keys: [0, 1, 2, 3]
links.meta: {6: (1, 3), 2: (3, 3), 8: (2, 2), 7: (3, 2), 5: (3, 3), 4: (2, 2), 3: (2, 0), 11: (3, 3), 10: (3, 3), 0: (2, 2), 9: (3, 3), 1: (3, 3)}
t_type about to use: 2
h_type: 3
shift dict: {0: 0, 1: 188, 2: 19452, 3: 20010}
count dict: Counter({1: 19264, 3: 940, 2: 558, 0: 188})
Generated 892 negative samples for edge type 7
Epoch 00023, Step00000 | Train_Loss: 0.5511 | Time: 0.0509
Epoch 00023 | Val_Loss 0.8988 | Time(s) 0.0110
EarlyStopping counter: 20 out of 40
Getting training negative samples for edge types: [7]
nodes.shift keys: [0, 1, 2, 3]
nodes.count keys: [0, 1, 2, 3]
links.meta: {6: (1, 3), 2: (3, 3), 8: (2, 2), 7: (3, 2), 5: (3, 3), 4: (2, 2), 3: (2, 0), 11: (3, 3), 10: (3, 3), 0: (2, 2), 9: (3, 3), 1: (3, 3)}
t_type about to use: 2
h_type: 3
shift dict: {0: 0, 1: 188, 2: 19452, 3: 20010}
count dict: Counter({1: 19264, 3: 940, 2: 558, 0: 188})
Generated 892 negative samples for edge type 7
Epoch 00024, Step00000 | Train_Loss: 0.5457 | Time: 0.0324
Epoch 00024 | Val_Loss 0.8884 | Time(s) 0.0233
EarlyStopping counter: 21 out of 40
Getting training negative samples for edge types: [7]
nodes.shift keys: [0, 1, 2, 3]
nodes.count keys: [0, 1, 2, 3]
links.meta: {6: (1, 3), 2: (3, 3), 8: (2, 2), 7: (3, 2), 5: (3, 3), 4: (2, 2), 3: (2, 0), 11: (3, 3), 10: (3, 3), 0: (2, 2), 9: (3, 3), 1: (3, 3)}
t_type about to use: 2
h_type: 3
shift dict: {0: 0, 1: 188, 2: 19452, 3: 20010}
count dict: Counter({1: 19264, 3: 940, 2: 558, 0: 188})
Generated 892 negative samples for edge type 7
Epoch 00025, Step00000 | Train_Loss: 0.5477 | Time: 0.0272
Epoch 00025 | Val_Loss 0.8698 | Time(s) 0.0265
EarlyStopping counter: 22 out of 40
Getting training negative samples for edge types: [7]
nodes.shift keys: [0, 1, 2, 3]
nodes.count keys: [0, 1, 2, 3]
links.meta: {6: (1, 3), 2: (3, 3), 8: (2, 2), 7: (3, 2), 5: (3, 3), 4: (2, 2), 3: (2, 0), 11: (3, 3), 10: (3, 3), 0: (2, 2), 9: (3, 3), 1: (3, 3)}
t_type about to use: 2
h_type: 3
shift dict: {0: 0, 1: 188, 2: 19452, 3: 20010}
count dict: Counter({1: 19264, 3: 940, 2: 558, 0: 188})
Generated 892 negative samples for edge type 7
Epoch 00026, Step00000 | Train_Loss: 0.5436 | Time: 0.0282
Epoch 00026 | Val_Loss 0.9213 | Time(s) 0.0153
EarlyStopping counter: 23 out of 40
Getting training negative samples for edge types: [7]
nodes.shift keys: [0, 1, 2, 3]
nodes.count keys: [0, 1, 2, 3]
links.meta: {6: (1, 3), 2: (3, 3), 8: (2, 2), 7: (3, 2), 5: (3, 3), 4: (2, 2), 3: (2, 0), 11: (3, 3), 10: (3, 3), 0: (2, 2), 9: (3, 3), 1: (3, 3)}
t_type about to use: 2
h_type: 3
shift dict: {0: 0, 1: 188, 2: 19452, 3: 20010}
count dict: Counter({1: 19264, 3: 940, 2: 558, 0: 188})
Generated 892 negative samples for edge type 7
Epoch 00027, Step00000 | Train_Loss: 0.5475 | Time: 0.0483
Epoch 00027 | Val_Loss 0.8441 | Time(s) 0.0143
EarlyStopping counter: 24 out of 40
Getting training negative samples for edge types: [7]
nodes.shift keys: [0, 1, 2, 3]
nodes.count keys: [0, 1, 2, 3]
links.meta: {6: (1, 3), 2: (3, 3), 8: (2, 2), 7: (3, 2), 5: (3, 3), 4: (2, 2), 3: (2, 0), 11: (3, 3), 10: (3, 3), 0: (2, 2), 9: (3, 3), 1: (3, 3)}
t_type about to use: 2
h_type: 3
shift dict: {0: 0, 1: 188, 2: 19452, 3: 20010}
count dict: Counter({1: 19264, 3: 940, 2: 558, 0: 188})
Generated 892 negative samples for edge type 7
Epoch 00028, Step00000 | Train_Loss: 0.5448 | Time: 0.0440
Epoch 00028 | Val_Loss 0.8665 | Time(s) 0.0096
EarlyStopping counter: 25 out of 40
Getting training negative samples for edge types: [7]
nodes.shift keys: [0, 1, 2, 3]
nodes.count keys: [0, 1, 2, 3]
links.meta: {6: (1, 3), 2: (3, 3), 8: (2, 2), 7: (3, 2), 5: (3, 3), 4: (2, 2), 3: (2, 0), 11: (3, 3), 10: (3, 3), 0: (2, 2), 9: (3, 3), 1: (3, 3)}
t_type about to use: 2
h_type: 3
shift dict: {0: 0, 1: 188, 2: 19452, 3: 20010}
count dict: Counter({1: 19264, 3: 940, 2: 558, 0: 188})
Generated 892 negative samples for edge type 7
Epoch 00029, Step00000 | Train_Loss: 0.5480 | Time: 0.0483
Epoch 00029 | Val_Loss 0.9075 | Time(s) 0.0096
EarlyStopping counter: 26 out of 40
Getting training negative samples for edge types: [7]
nodes.shift keys: [0, 1, 2, 3]
nodes.count keys: [0, 1, 2, 3]
links.meta: {6: (1, 3), 2: (3, 3), 8: (2, 2), 7: (3, 2), 5: (3, 3), 4: (2, 2), 3: (2, 0), 11: (3, 3), 10: (3, 3), 0: (2, 2), 9: (3, 3), 1: (3, 3)}
t_type about to use: 2
h_type: 3
shift dict: {0: 0, 1: 188, 2: 19452, 3: 20010}
count dict: Counter({1: 19264, 3: 940, 2: 558, 0: 188})
Generated 892 negative samples for edge type 7
Epoch 00030, Step00000 | Train_Loss: 0.5369 | Time: 0.0497
Epoch 00030 | Val_Loss 0.9567 | Time(s) 0.0101
EarlyStopping counter: 27 out of 40
Getting training negative samples for edge types: [7]
nodes.shift keys: [0, 1, 2, 3]
nodes.count keys: [0, 1, 2, 3]
links.meta: {6: (1, 3), 2: (3, 3), 8: (2, 2), 7: (3, 2), 5: (3, 3), 4: (2, 2), 3: (2, 0), 11: (3, 3), 10: (3, 3), 0: (2, 2), 9: (3, 3), 1: (3, 3)}
t_type about to use: 2
h_type: 3
shift dict: {0: 0, 1: 188, 2: 19452, 3: 20010}
count dict: Counter({1: 19264, 3: 940, 2: 558, 0: 188})
Generated 892 negative samples for edge type 7
Epoch 00031, Step00000 | Train_Loss: 0.5390 | Time: 0.0520
Epoch 00031 | Val_Loss 0.9680 | Time(s) 0.0110
EarlyStopping counter: 28 out of 40
Getting training negative samples for edge types: [7]
nodes.shift keys: [0, 1, 2, 3]
nodes.count keys: [0, 1, 2, 3]
links.meta: {6: (1, 3), 2: (3, 3), 8: (2, 2), 7: (3, 2), 5: (3, 3), 4: (2, 2), 3: (2, 0), 11: (3, 3), 10: (3, 3), 0: (2, 2), 9: (3, 3), 1: (3, 3)}
t_type about to use: 2
h_type: 3
shift dict: {0: 0, 1: 188, 2: 19452, 3: 20010}
count dict: Counter({1: 19264, 3: 940, 2: 558, 0: 188})
Generated 892 negative samples for edge type 7
Epoch 00032, Step00000 | Train_Loss: 0.5405 | Time: 0.0377
Epoch 00032 | Val_Loss 0.9624 | Time(s) 0.0166
EarlyStopping counter: 29 out of 40
Getting training negative samples for edge types: [7]
nodes.shift keys: [0, 1, 2, 3]
nodes.count keys: [0, 1, 2, 3]
links.meta: {6: (1, 3), 2: (3, 3), 8: (2, 2), 7: (3, 2), 5: (3, 3), 4: (2, 2), 3: (2, 0), 11: (3, 3), 10: (3, 3), 0: (2, 2), 9: (3, 3), 1: (3, 3)}
t_type about to use: 2
h_type: 3
shift dict: {0: 0, 1: 188, 2: 19452, 3: 20010}
count dict: Counter({1: 19264, 3: 940, 2: 558, 0: 188})
Generated 892 negative samples for edge type 7
Epoch 00033, Step00000 | Train_Loss: 0.5372 | Time: 0.0261
Epoch 00033 | Val_Loss 0.9928 | Time(s) 0.0289
EarlyStopping counter: 30 out of 40
Getting training negative samples for edge types: [7]
nodes.shift keys: [0, 1, 2, 3]
nodes.count keys: [0, 1, 2, 3]
links.meta: {6: (1, 3), 2: (3, 3), 8: (2, 2), 7: (3, 2), 5: (3, 3), 4: (2, 2), 3: (2, 0), 11: (3, 3), 10: (3, 3), 0: (2, 2), 9: (3, 3), 1: (3, 3)}
t_type about to use: 2
h_type: 3
shift dict: {0: 0, 1: 188, 2: 19452, 3: 20010}
count dict: Counter({1: 19264, 3: 940, 2: 558, 0: 188})
Generated 892 negative samples for edge type 7
Epoch 00034, Step00000 | Train_Loss: 0.5502 | Time: 0.0270
Epoch 00034 | Val_Loss 0.9548 | Time(s) 0.0264
EarlyStopping counter: 31 out of 40
Getting training negative samples for edge types: [7]
nodes.shift keys: [0, 1, 2, 3]
nodes.count keys: [0, 1, 2, 3]
links.meta: {6: (1, 3), 2: (3, 3), 8: (2, 2), 7: (3, 2), 5: (3, 3), 4: (2, 2), 3: (2, 0), 11: (3, 3), 10: (3, 3), 0: (2, 2), 9: (3, 3), 1: (3, 3)}
t_type about to use: 2
h_type: 3
shift dict: {0: 0, 1: 188, 2: 19452, 3: 20010}
count dict: Counter({1: 19264, 3: 940, 2: 558, 0: 188})
Generated 892 negative samples for edge type 7
Epoch 00035, Step00000 | Train_Loss: 0.5372 | Time: 0.0264
Epoch 00035 | Val_Loss 0.9993 | Time(s) 0.0201
EarlyStopping counter: 32 out of 40
Getting training negative samples for edge types: [7]
nodes.shift keys: [0, 1, 2, 3]
nodes.count keys: [0, 1, 2, 3]
links.meta: {6: (1, 3), 2: (3, 3), 8: (2, 2), 7: (3, 2), 5: (3, 3), 4: (2, 2), 3: (2, 0), 11: (3, 3), 10: (3, 3), 0: (2, 2), 9: (3, 3), 1: (3, 3)}
t_type about to use: 2
h_type: 3
shift dict: {0: 0, 1: 188, 2: 19452, 3: 20010}
count dict: Counter({1: 19264, 3: 940, 2: 558, 0: 188})
Generated 892 negative samples for edge type 7
Epoch 00036, Step00000 | Train_Loss: 0.5322 | Time: 0.0334
Epoch 00036 | Val_Loss 0.9821 | Time(s) 0.0201
EarlyStopping counter: 33 out of 40
Getting training negative samples for edge types: [7]
nodes.shift keys: [0, 1, 2, 3]
nodes.count keys: [0, 1, 2, 3]
links.meta: {6: (1, 3), 2: (3, 3), 8: (2, 2), 7: (3, 2), 5: (3, 3), 4: (2, 2), 3: (2, 0), 11: (3, 3), 10: (3, 3), 0: (2, 2), 9: (3, 3), 1: (3, 3)}
t_type about to use: 2
h_type: 3
shift dict: {0: 0, 1: 188, 2: 19452, 3: 20010}
count dict: Counter({1: 19264, 3: 940, 2: 558, 0: 188})
Generated 892 negative samples for edge type 7
Epoch 00037, Step00000 | Train_Loss: 0.5190 | Time: 0.0328
Epoch 00037 | Val_Loss 1.0218 | Time(s) 0.0142
EarlyStopping counter: 34 out of 40
Getting training negative samples for edge types: [7]
nodes.shift keys: [0, 1, 2, 3]
nodes.count keys: [0, 1, 2, 3]
links.meta: {6: (1, 3), 2: (3, 3), 8: (2, 2), 7: (3, 2), 5: (3, 3), 4: (2, 2), 3: (2, 0), 11: (3, 3), 10: (3, 3), 0: (2, 2), 9: (3, 3), 1: (3, 3)}
t_type about to use: 2
h_type: 3
shift dict: {0: 0, 1: 188, 2: 19452, 3: 20010}
count dict: Counter({1: 19264, 3: 940, 2: 558, 0: 188})
Generated 892 negative samples for edge type 7
Epoch 00038, Step00000 | Train_Loss: 0.5247 | Time: 0.0441
Epoch 00038 | Val_Loss 1.0640 | Time(s) 0.0145
EarlyStopping counter: 35 out of 40
Getting training negative samples for edge types: [7]
nodes.shift keys: [0, 1, 2, 3]
nodes.count keys: [0, 1, 2, 3]
links.meta: {6: (1, 3), 2: (3, 3), 8: (2, 2), 7: (3, 2), 5: (3, 3), 4: (2, 2), 3: (2, 0), 11: (3, 3), 10: (3, 3), 0: (2, 2), 9: (3, 3), 1: (3, 3)}
t_type about to use: 2
h_type: 3
shift dict: {0: 0, 1: 188, 2: 19452, 3: 20010}
count dict: Counter({1: 19264, 3: 940, 2: 558, 0: 188})
Generated 892 negative samples for edge type 7
Epoch 00039, Step00000 | Train_Loss: 0.5265 | Time: 0.0455
Epoch 00039 | Val_Loss 0.9999 | Time(s) 0.0201
EarlyStopping counter: 36 out of 40
Getting training negative samples for edge types: [7]
nodes.shift keys: [0, 1, 2, 3]
nodes.count keys: [0, 1, 2, 3]
links.meta: {6: (1, 3), 2: (3, 3), 8: (2, 2), 7: (3, 2), 5: (3, 3), 4: (2, 2), 3: (2, 0), 11: (3, 3), 10: (3, 3), 0: (2, 2), 9: (3, 3), 1: (3, 3)}
t_type about to use: 2
h_type: 3
shift dict: {0: 0, 1: 188, 2: 19452, 3: 20010}
count dict: Counter({1: 19264, 3: 940, 2: 558, 0: 188})
Generated 892 negative samples for edge type 7
Epoch 00040, Step00000 | Train_Loss: 0.5343 | Time: 0.0320
Epoch 00040 | Val_Loss 0.9529 | Time(s) 0.0140
EarlyStopping counter: 37 out of 40
Getting training negative samples for edge types: [7]
nodes.shift keys: [0, 1, 2, 3]
nodes.count keys: [0, 1, 2, 3]
links.meta: {6: (1, 3), 2: (3, 3), 8: (2, 2), 7: (3, 2), 5: (3, 3), 4: (2, 2), 3: (2, 0), 11: (3, 3), 10: (3, 3), 0: (2, 2), 9: (3, 3), 1: (3, 3)}
t_type about to use: 2
h_type: 3
shift dict: {0: 0, 1: 188, 2: 19452, 3: 20010}
count dict: Counter({1: 19264, 3: 940, 2: 558, 0: 188})
Generated 892 negative samples for edge type 7
Epoch 00041, Step00000 | Train_Loss: 0.5357 | Time: 0.0433
Epoch 00041 | Val_Loss 0.9032 | Time(s) 0.0099
EarlyStopping counter: 38 out of 40
Getting training negative samples for edge types: [7]
nodes.shift keys: [0, 1, 2, 3]
nodes.count keys: [0, 1, 2, 3]
links.meta: {6: (1, 3), 2: (3, 3), 8: (2, 2), 7: (3, 2), 5: (3, 3), 4: (2, 2), 3: (2, 0), 11: (3, 3), 10: (3, 3), 0: (2, 2), 9: (3, 3), 1: (3, 3)}
t_type about to use: 2
h_type: 3
shift dict: {0: 0, 1: 188, 2: 19452, 3: 20010}
count dict: Counter({1: 19264, 3: 940, 2: 558, 0: 188})
Generated 892 negative samples for edge type 7
Epoch 00042, Step00000 | Train_Loss: 0.5421 | Time: 0.0470
Epoch 00042 | Val_Loss 0.9654 | Time(s) 0.0142
EarlyStopping counter: 39 out of 40
Getting training negative samples for edge types: [7]
nodes.shift keys: [0, 1, 2, 3]
nodes.count keys: [0, 1, 2, 3]
links.meta: {6: (1, 3), 2: (3, 3), 8: (2, 2), 7: (3, 2), 5: (3, 3), 4: (2, 2), 3: (2, 0), 11: (3, 3), 10: (3, 3), 0: (2, 2), 9: (3, 3), 1: (3, 3)}
t_type about to use: 2
h_type: 3
shift dict: {0: 0, 1: 188, 2: 19452, 3: 20010}
count dict: Counter({1: 19264, 3: 940, 2: 558, 0: 188})
Generated 892 negative samples for edge type 7
Epoch 00043, Step00000 | Train_Loss: 0.5197 | Time: 0.0433
Epoch 00043 | Val_Loss 0.9382 | Time(s) 0.0094
EarlyStopping counter: 40 out of 40
Early stopping!
Early stopping!
Meta keys: dict_keys([7])
Data keys: dict_keys([7])
Edge type: 7, Meta: (3, 2)
{'roc_auc': 0.5081883913101427, 'MRR': 0.7284858387799565}
{'roc_auc': 0.6320807720272326, 'MRR': 0.823474945533769}
defaultdict(<class 'float'>, {'roc_auc': 0.5081883913101427, 'MRR': 0.7284858387799565})
defaultdict(<class 'float'>, {'roc_auc': 0.6320807720272326, 'MRR': 0.823474945533769})
Completed: amazon_style_ccct_features_securebert_fold_3

--------------------------------------
Running model: SimpleHGN
Dataset: amazon_style_ccct_features_securebert_fold_4
--------------------------------------
Data path: ../../data/amazon_style_ccct_features_securebert_fold_4
Loading nodes from ../../data/amazon_style_ccct_features_securebert_fold_4/node.dat
edge types: dict_keys([6, 2, 8, 7, 5, 4, 3, 11, 10, 0, 9, 1])
Getting training negative samples for edge types: [7]
nodes.shift keys: [0, 1, 2, 3]
nodes.count keys: [0, 1, 2, 3]
links.meta: {6: (1, 3), 2: (3, 3), 8: (2, 2), 7: (3, 2), 5: (3, 3), 4: (2, 2), 3: (2, 0), 11: (3, 3), 10: (3, 3), 0: (2, 2), 9: (3, 3), 1: (3, 3)}
t_type about to use: 2
h_type: 3
shift dict: {0: 0, 1: 188, 2: 19452, 3: 20010}
count dict: Counter({1: 19264, 3: 940, 2: 558, 0: 188})
Generated 904 negative samples for edge type 7
Features List: [array([[ 0.00445206,  0.01268557,  0.22351578, ..., -0.28678206,
        -0.37460288,  0.18294938],
       [-0.18744846,  0.07075578,  0.0476894 , ..., -0.2232531 ,
        -0.19588573,  0.47988179],
       [-0.17451471, -0.04557271,  0.15712288, ..., -0.05391889,
        -0.20500693,  0.23744845],
       ...,
       [-0.40584856,  0.04715464,  0.24475315, ..., -0.12466257,
        -0.2035536 ,  0.28577447],
       [-0.18835557,  0.03822717,  0.03586731, ..., -0.23435652,
        -0.35453227,  0.38753107],
       [-0.13632202,  0.14362322,  0.08668749, ..., -0.24145249,
        -0.25799868,  0.26464131]]), array([[-0.02302658,  0.0368569 ,  0.00652144, ..., -0.02803515,
        -0.00893309,  0.00342051],
       [-0.01979104,  0.04036582,  0.01475144, ..., -0.00661969,
        -0.01504144,  0.01323287],
       [-0.02346251,  0.03577969,  0.00104941, ..., -0.01948969,
        -0.02273973,  0.01956808],
       ...,
       [ 0.01112562,  0.01252526, -0.00604169, ..., -0.02203615,
        -0.00625044, -0.01684516],
       [-0.02297131,  0.02604213,  0.00098649, ...,  0.00838303,
        -0.00321861, -0.00570687],
       [-0.01075894,  0.00767744, -0.01424407, ..., -0.02184941,
         0.02614397, -0.01134232]]), array([[ 0.00791158, -0.00538086, -0.02676104, ..., -0.01897389,
        -0.01306979, -0.00084801],
       [ 0.01682901, -0.00649696, -0.01921631, ..., -0.01401017,
        -0.0039668 , -0.02202195],
       [ 0.02197852, -0.01403735, -0.05225722, ...,  0.02019661,
         0.00528841,  0.0033033 ],
       ...,
       [ 0.01603197,  0.00716993, -0.01245602, ..., -0.01399604,
        -0.00058955, -0.0256807 ],
       [ 0.01039577,  0.02045547, -0.02146293, ...,  0.01017929,
         0.02390171,  0.00134994],
       [ 0.00462414,  0.0041195 , -0.0135733 , ..., -0.01101827,
         0.00813001,  0.0203817 ]]), array([[ 0.00087804,  0.00658507, -0.02514569, ..., -0.04238372,
         0.00850771, -0.02565438],
       [-0.0006986 ,  0.01542003, -0.03227317, ..., -0.01301633,
         0.01559736, -0.03614859],
       [-0.01135348,  0.00974955, -0.01812623, ..., -0.01920343,
         0.00887381, -0.0152928 ],
       ...,
       [ 0.00701895, -0.01539859, -0.03025482, ..., -0.03644368,
         0.01254067, -0.0236606 ],
       [-0.00414097,  0.00144739, -0.05197839, ...,  0.00216818,
         0.02755725, -0.03143983],
       [ 0.01779867, -0.02493452, -0.0391779 , ..., -0.01159797,
        -0.00619852, -0.02449675]])]
Getting training negative samples for edge types: [7]
nodes.shift keys: [0, 1, 2, 3]
nodes.count keys: [0, 1, 2, 3]
links.meta: {6: (1, 3), 2: (3, 3), 8: (2, 2), 7: (3, 2), 5: (3, 3), 4: (2, 2), 3: (2, 0), 11: (3, 3), 10: (3, 3), 0: (2, 2), 9: (3, 3), 1: (3, 3)}
t_type about to use: 2
h_type: 3
shift dict: {0: 0, 1: 188, 2: 19452, 3: 20010}
count dict: Counter({1: 19264, 3: 940, 2: 558, 0: 188})
Generated 904 negative samples for edge type 7
Epoch 00000, Step00000 | Train_Loss: 0.6921 | Time: 0.5738
Epoch 00000 | Val_Loss 0.6898 | Time(s) 0.0130
Validation loss decreased (inf --> 0.689825).  Saving model ...
Getting training negative samples for edge types: [7]
nodes.shift keys: [0, 1, 2, 3]
nodes.count keys: [0, 1, 2, 3]
links.meta: {6: (1, 3), 2: (3, 3), 8: (2, 2), 7: (3, 2), 5: (3, 3), 4: (2, 2), 3: (2, 0), 11: (3, 3), 10: (3, 3), 0: (2, 2), 9: (3, 3), 1: (3, 3)}
t_type about to use: 2
h_type: 3
shift dict: {0: 0, 1: 188, 2: 19452, 3: 20010}
count dict: Counter({1: 19264, 3: 940, 2: 558, 0: 188})
Generated 904 negative samples for edge type 7
Epoch 00001, Step00000 | Train_Loss: 0.6835 | Time: 0.0374
Epoch 00001 | Val_Loss 0.6850 | Time(s) 0.0148
Validation loss decreased (0.689825 --> 0.685022).  Saving model ...
Getting training negative samples for edge types: [7]
nodes.shift keys: [0, 1, 2, 3]
nodes.count keys: [0, 1, 2, 3]
links.meta: {6: (1, 3), 2: (3, 3), 8: (2, 2), 7: (3, 2), 5: (3, 3), 4: (2, 2), 3: (2, 0), 11: (3, 3), 10: (3, 3), 0: (2, 2), 9: (3, 3), 1: (3, 3)}
t_type about to use: 2
h_type: 3
shift dict: {0: 0, 1: 188, 2: 19452, 3: 20010}
count dict: Counter({1: 19264, 3: 940, 2: 558, 0: 188})
Generated 904 negative samples for edge type 7
Epoch 00002, Step00000 | Train_Loss: 0.6737 | Time: 0.0371
Epoch 00002 | Val_Loss 0.6792 | Time(s) 0.0146
Validation loss decreased (0.685022 --> 0.679162).  Saving model ...
Getting training negative samples for edge types: [7]
nodes.shift keys: [0, 1, 2, 3]
nodes.count keys: [0, 1, 2, 3]
links.meta: {6: (1, 3), 2: (3, 3), 8: (2, 2), 7: (3, 2), 5: (3, 3), 4: (2, 2), 3: (2, 0), 11: (3, 3), 10: (3, 3), 0: (2, 2), 9: (3, 3), 1: (3, 3)}
t_type about to use: 2
h_type: 3
shift dict: {0: 0, 1: 188, 2: 19452, 3: 20010}
count dict: Counter({1: 19264, 3: 940, 2: 558, 0: 188})
Generated 904 negative samples for edge type 7
Epoch 00003, Step00000 | Train_Loss: 0.6627 | Time: 0.0330
Epoch 00003 | Val_Loss 0.6974 | Time(s) 0.0127
EarlyStopping counter: 1 out of 40
Getting training negative samples for edge types: [7]
nodes.shift keys: [0, 1, 2, 3]
nodes.count keys: [0, 1, 2, 3]
links.meta: {6: (1, 3), 2: (3, 3), 8: (2, 2), 7: (3, 2), 5: (3, 3), 4: (2, 2), 3: (2, 0), 11: (3, 3), 10: (3, 3), 0: (2, 2), 9: (3, 3), 1: (3, 3)}
t_type about to use: 2
h_type: 3
shift dict: {0: 0, 1: 188, 2: 19452, 3: 20010}
count dict: Counter({1: 19264, 3: 940, 2: 558, 0: 188})
Generated 904 negative samples for edge type 7
Epoch 00004, Step00000 | Train_Loss: 0.6507 | Time: 0.0316
Epoch 00004 | Val_Loss 0.6998 | Time(s) 0.0161
EarlyStopping counter: 2 out of 40
Getting training negative samples for edge types: [7]
nodes.shift keys: [0, 1, 2, 3]
nodes.count keys: [0, 1, 2, 3]
links.meta: {6: (1, 3), 2: (3, 3), 8: (2, 2), 7: (3, 2), 5: (3, 3), 4: (2, 2), 3: (2, 0), 11: (3, 3), 10: (3, 3), 0: (2, 2), 9: (3, 3), 1: (3, 3)}
t_type about to use: 2
h_type: 3
shift dict: {0: 0, 1: 188, 2: 19452, 3: 20010}
count dict: Counter({1: 19264, 3: 940, 2: 558, 0: 188})
Generated 904 negative samples for edge type 7
Epoch 00005, Step00000 | Train_Loss: 0.6406 | Time: 0.0357
Epoch 00005 | Val_Loss 0.6753 | Time(s) 0.0197
Validation loss decreased (0.679162 --> 0.675267).  Saving model ...
Getting training negative samples for edge types: [7]
nodes.shift keys: [0, 1, 2, 3]
nodes.count keys: [0, 1, 2, 3]
links.meta: {6: (1, 3), 2: (3, 3), 8: (2, 2), 7: (3, 2), 5: (3, 3), 4: (2, 2), 3: (2, 0), 11: (3, 3), 10: (3, 3), 0: (2, 2), 9: (3, 3), 1: (3, 3)}
t_type about to use: 2
h_type: 3
shift dict: {0: 0, 1: 188, 2: 19452, 3: 20010}
count dict: Counter({1: 19264, 3: 940, 2: 558, 0: 188})
Generated 904 negative samples for edge type 7
Epoch 00006, Step00000 | Train_Loss: 0.6314 | Time: 0.0350
Epoch 00006 | Val_Loss 0.6679 | Time(s) 0.0136
Validation loss decreased (0.675267 --> 0.667907).  Saving model ...
Getting training negative samples for edge types: [7]
nodes.shift keys: [0, 1, 2, 3]
nodes.count keys: [0, 1, 2, 3]
links.meta: {6: (1, 3), 2: (3, 3), 8: (2, 2), 7: (3, 2), 5: (3, 3), 4: (2, 2), 3: (2, 0), 11: (3, 3), 10: (3, 3), 0: (2, 2), 9: (3, 3), 1: (3, 3)}
t_type about to use: 2
h_type: 3
shift dict: {0: 0, 1: 188, 2: 19452, 3: 20010}
count dict: Counter({1: 19264, 3: 940, 2: 558, 0: 188})
Generated 904 negative samples for edge type 7
Epoch 00007, Step00000 | Train_Loss: 0.6057 | Time: 0.0343
Epoch 00007 | Val_Loss 0.6630 | Time(s) 0.0125
Validation loss decreased (0.667907 --> 0.663049).  Saving model ...
Getting training negative samples for edge types: [7]
nodes.shift keys: [0, 1, 2, 3]
nodes.count keys: [0, 1, 2, 3]
links.meta: {6: (1, 3), 2: (3, 3), 8: (2, 2), 7: (3, 2), 5: (3, 3), 4: (2, 2), 3: (2, 0), 11: (3, 3), 10: (3, 3), 0: (2, 2), 9: (3, 3), 1: (3, 3)}
t_type about to use: 2
h_type: 3
shift dict: {0: 0, 1: 188, 2: 19452, 3: 20010}
count dict: Counter({1: 19264, 3: 940, 2: 558, 0: 188})
Generated 904 negative samples for edge type 7
Epoch 00008, Step00000 | Train_Loss: 0.6082 | Time: 0.0332
Epoch 00008 | Val_Loss 0.8010 | Time(s) 0.0135
EarlyStopping counter: 1 out of 40
Getting training negative samples for edge types: [7]
nodes.shift keys: [0, 1, 2, 3]
nodes.count keys: [0, 1, 2, 3]
links.meta: {6: (1, 3), 2: (3, 3), 8: (2, 2), 7: (3, 2), 5: (3, 3), 4: (2, 2), 3: (2, 0), 11: (3, 3), 10: (3, 3), 0: (2, 2), 9: (3, 3), 1: (3, 3)}
t_type about to use: 2
h_type: 3
shift dict: {0: 0, 1: 188, 2: 19452, 3: 20010}
count dict: Counter({1: 19264, 3: 940, 2: 558, 0: 188})
Generated 904 negative samples for edge type 7
Epoch 00009, Step00000 | Train_Loss: 0.5947 | Time: 0.0337
Epoch 00009 | Val_Loss 0.7770 | Time(s) 0.0146
EarlyStopping counter: 2 out of 40
Getting training negative samples for edge types: [7]
nodes.shift keys: [0, 1, 2, 3]
nodes.count keys: [0, 1, 2, 3]
links.meta: {6: (1, 3), 2: (3, 3), 8: (2, 2), 7: (3, 2), 5: (3, 3), 4: (2, 2), 3: (2, 0), 11: (3, 3), 10: (3, 3), 0: (2, 2), 9: (3, 3), 1: (3, 3)}
t_type about to use: 2
h_type: 3
shift dict: {0: 0, 1: 188, 2: 19452, 3: 20010}
count dict: Counter({1: 19264, 3: 940, 2: 558, 0: 188})
Generated 904 negative samples for edge type 7
Epoch 00010, Step00000 | Train_Loss: 0.5886 | Time: 0.0337
Epoch 00010 | Val_Loss 0.8586 | Time(s) 0.0144
EarlyStopping counter: 3 out of 40
Getting training negative samples for edge types: [7]
nodes.shift keys: [0, 1, 2, 3]
nodes.count keys: [0, 1, 2, 3]
links.meta: {6: (1, 3), 2: (3, 3), 8: (2, 2), 7: (3, 2), 5: (3, 3), 4: (2, 2), 3: (2, 0), 11: (3, 3), 10: (3, 3), 0: (2, 2), 9: (3, 3), 1: (3, 3)}
t_type about to use: 2
h_type: 3
shift dict: {0: 0, 1: 188, 2: 19452, 3: 20010}
count dict: Counter({1: 19264, 3: 940, 2: 558, 0: 188})
Generated 904 negative samples for edge type 7
Epoch 00011, Step00000 | Train_Loss: 0.5794 | Time: 0.0325
Epoch 00011 | Val_Loss 0.9745 | Time(s) 0.0144
EarlyStopping counter: 4 out of 40
Getting training negative samples for edge types: [7]
nodes.shift keys: [0, 1, 2, 3]
nodes.count keys: [0, 1, 2, 3]
links.meta: {6: (1, 3), 2: (3, 3), 8: (2, 2), 7: (3, 2), 5: (3, 3), 4: (2, 2), 3: (2, 0), 11: (3, 3), 10: (3, 3), 0: (2, 2), 9: (3, 3), 1: (3, 3)}
t_type about to use: 2
h_type: 3
shift dict: {0: 0, 1: 188, 2: 19452, 3: 20010}
count dict: Counter({1: 19264, 3: 940, 2: 558, 0: 188})
Generated 904 negative samples for edge type 7
Epoch 00012, Step00000 | Train_Loss: 0.5758 | Time: 0.0325
Epoch 00012 | Val_Loss 0.9563 | Time(s) 0.0139
EarlyStopping counter: 5 out of 40
Getting training negative samples for edge types: [7]
nodes.shift keys: [0, 1, 2, 3]
nodes.count keys: [0, 1, 2, 3]
links.meta: {6: (1, 3), 2: (3, 3), 8: (2, 2), 7: (3, 2), 5: (3, 3), 4: (2, 2), 3: (2, 0), 11: (3, 3), 10: (3, 3), 0: (2, 2), 9: (3, 3), 1: (3, 3)}
t_type about to use: 2
h_type: 3
shift dict: {0: 0, 1: 188, 2: 19452, 3: 20010}
count dict: Counter({1: 19264, 3: 940, 2: 558, 0: 188})
Generated 904 negative samples for edge type 7
Epoch 00013, Step00000 | Train_Loss: 0.5819 | Time: 0.0330
Epoch 00013 | Val_Loss 0.9812 | Time(s) 0.0144
EarlyStopping counter: 6 out of 40
Getting training negative samples for edge types: [7]
nodes.shift keys: [0, 1, 2, 3]
nodes.count keys: [0, 1, 2, 3]
links.meta: {6: (1, 3), 2: (3, 3), 8: (2, 2), 7: (3, 2), 5: (3, 3), 4: (2, 2), 3: (2, 0), 11: (3, 3), 10: (3, 3), 0: (2, 2), 9: (3, 3), 1: (3, 3)}
t_type about to use: 2
h_type: 3
shift dict: {0: 0, 1: 188, 2: 19452, 3: 20010}
count dict: Counter({1: 19264, 3: 940, 2: 558, 0: 188})
Generated 904 negative samples for edge type 7
Epoch 00014, Step00000 | Train_Loss: 0.5746 | Time: 0.0326
Epoch 00014 | Val_Loss 0.9408 | Time(s) 0.0129
EarlyStopping counter: 7 out of 40
Getting training negative samples for edge types: [7]
nodes.shift keys: [0, 1, 2, 3]
nodes.count keys: [0, 1, 2, 3]
links.meta: {6: (1, 3), 2: (3, 3), 8: (2, 2), 7: (3, 2), 5: (3, 3), 4: (2, 2), 3: (2, 0), 11: (3, 3), 10: (3, 3), 0: (2, 2), 9: (3, 3), 1: (3, 3)}
t_type about to use: 2
h_type: 3
shift dict: {0: 0, 1: 188, 2: 19452, 3: 20010}
count dict: Counter({1: 19264, 3: 940, 2: 558, 0: 188})
Generated 904 negative samples for edge type 7
Epoch 00015, Step00000 | Train_Loss: 0.5723 | Time: 0.0321
Epoch 00015 | Val_Loss 1.0176 | Time(s) 0.0122
EarlyStopping counter: 8 out of 40
Getting training negative samples for edge types: [7]
nodes.shift keys: [0, 1, 2, 3]
nodes.count keys: [0, 1, 2, 3]
links.meta: {6: (1, 3), 2: (3, 3), 8: (2, 2), 7: (3, 2), 5: (3, 3), 4: (2, 2), 3: (2, 0), 11: (3, 3), 10: (3, 3), 0: (2, 2), 9: (3, 3), 1: (3, 3)}
t_type about to use: 2
h_type: 3
shift dict: {0: 0, 1: 188, 2: 19452, 3: 20010}
count dict: Counter({1: 19264, 3: 940, 2: 558, 0: 188})
Generated 904 negative samples for edge type 7
Epoch 00016, Step00000 | Train_Loss: 0.5574 | Time: 0.0314
Epoch 00016 | Val_Loss 1.0580 | Time(s) 0.0127
EarlyStopping counter: 9 out of 40
Getting training negative samples for edge types: [7]
nodes.shift keys: [0, 1, 2, 3]
nodes.count keys: [0, 1, 2, 3]
links.meta: {6: (1, 3), 2: (3, 3), 8: (2, 2), 7: (3, 2), 5: (3, 3), 4: (2, 2), 3: (2, 0), 11: (3, 3), 10: (3, 3), 0: (2, 2), 9: (3, 3), 1: (3, 3)}
t_type about to use: 2
h_type: 3
shift dict: {0: 0, 1: 188, 2: 19452, 3: 20010}
count dict: Counter({1: 19264, 3: 940, 2: 558, 0: 188})
Generated 904 negative samples for edge type 7
Epoch 00017, Step00000 | Train_Loss: 0.5478 | Time: 0.0319
Epoch 00017 | Val_Loss 1.1757 | Time(s) 0.0137
EarlyStopping counter: 10 out of 40
Getting training negative samples for edge types: [7]
nodes.shift keys: [0, 1, 2, 3]
nodes.count keys: [0, 1, 2, 3]
links.meta: {6: (1, 3), 2: (3, 3), 8: (2, 2), 7: (3, 2), 5: (3, 3), 4: (2, 2), 3: (2, 0), 11: (3, 3), 10: (3, 3), 0: (2, 2), 9: (3, 3), 1: (3, 3)}
t_type about to use: 2
h_type: 3
shift dict: {0: 0, 1: 188, 2: 19452, 3: 20010}
count dict: Counter({1: 19264, 3: 940, 2: 558, 0: 188})
Generated 904 negative samples for edge type 7
Epoch 00018, Step00000 | Train_Loss: 0.5635 | Time: 0.0331
Epoch 00018 | Val_Loss 1.0582 | Time(s) 0.0135
EarlyStopping counter: 11 out of 40
Getting training negative samples for edge types: [7]
nodes.shift keys: [0, 1, 2, 3]
nodes.count keys: [0, 1, 2, 3]
links.meta: {6: (1, 3), 2: (3, 3), 8: (2, 2), 7: (3, 2), 5: (3, 3), 4: (2, 2), 3: (2, 0), 11: (3, 3), 10: (3, 3), 0: (2, 2), 9: (3, 3), 1: (3, 3)}
t_type about to use: 2
h_type: 3
shift dict: {0: 0, 1: 188, 2: 19452, 3: 20010}
count dict: Counter({1: 19264, 3: 940, 2: 558, 0: 188})
Generated 904 negative samples for edge type 7
Epoch 00019, Step00000 | Train_Loss: 0.5604 | Time: 0.0320
Epoch 00019 | Val_Loss 0.9827 | Time(s) 0.0128
EarlyStopping counter: 12 out of 40
Getting training negative samples for edge types: [7]
nodes.shift keys: [0, 1, 2, 3]
nodes.count keys: [0, 1, 2, 3]
links.meta: {6: (1, 3), 2: (3, 3), 8: (2, 2), 7: (3, 2), 5: (3, 3), 4: (2, 2), 3: (2, 0), 11: (3, 3), 10: (3, 3), 0: (2, 2), 9: (3, 3), 1: (3, 3)}
t_type about to use: 2
h_type: 3
shift dict: {0: 0, 1: 188, 2: 19452, 3: 20010}
count dict: Counter({1: 19264, 3: 940, 2: 558, 0: 188})
Generated 904 negative samples for edge type 7
Epoch 00020, Step00000 | Train_Loss: 0.5567 | Time: 0.0324
Epoch 00020 | Val_Loss 1.0461 | Time(s) 0.0128
EarlyStopping counter: 13 out of 40
Getting training negative samples for edge types: [7]
nodes.shift keys: [0, 1, 2, 3]
nodes.count keys: [0, 1, 2, 3]
links.meta: {6: (1, 3), 2: (3, 3), 8: (2, 2), 7: (3, 2), 5: (3, 3), 4: (2, 2), 3: (2, 0), 11: (3, 3), 10: (3, 3), 0: (2, 2), 9: (3, 3), 1: (3, 3)}
t_type about to use: 2
h_type: 3
shift dict: {0: 0, 1: 188, 2: 19452, 3: 20010}
count dict: Counter({1: 19264, 3: 940, 2: 558, 0: 188})
Generated 904 negative samples for edge type 7
Epoch 00021, Step00000 | Train_Loss: 0.5563 | Time: 0.0321
Epoch 00021 | Val_Loss 1.1509 | Time(s) 0.0120
EarlyStopping counter: 14 out of 40
Getting training negative samples for edge types: [7]
nodes.shift keys: [0, 1, 2, 3]
nodes.count keys: [0, 1, 2, 3]
links.meta: {6: (1, 3), 2: (3, 3), 8: (2, 2), 7: (3, 2), 5: (3, 3), 4: (2, 2), 3: (2, 0), 11: (3, 3), 10: (3, 3), 0: (2, 2), 9: (3, 3), 1: (3, 3)}
t_type about to use: 2
h_type: 3
shift dict: {0: 0, 1: 188, 2: 19452, 3: 20010}
count dict: Counter({1: 19264, 3: 940, 2: 558, 0: 188})
Generated 904 negative samples for edge type 7
Epoch 00022, Step00000 | Train_Loss: 0.5549 | Time: 0.0326
Epoch 00022 | Val_Loss 1.0217 | Time(s) 0.0117
EarlyStopping counter: 15 out of 40
Getting training negative samples for edge types: [7]
nodes.shift keys: [0, 1, 2, 3]
nodes.count keys: [0, 1, 2, 3]
links.meta: {6: (1, 3), 2: (3, 3), 8: (2, 2), 7: (3, 2), 5: (3, 3), 4: (2, 2), 3: (2, 0), 11: (3, 3), 10: (3, 3), 0: (2, 2), 9: (3, 3), 1: (3, 3)}
t_type about to use: 2
h_type: 3
shift dict: {0: 0, 1: 188, 2: 19452, 3: 20010}
count dict: Counter({1: 19264, 3: 940, 2: 558, 0: 188})
Generated 904 negative samples for edge type 7
Epoch 00023, Step00000 | Train_Loss: 0.5356 | Time: 0.0321
Epoch 00023 | Val_Loss 1.0762 | Time(s) 0.0128
EarlyStopping counter: 16 out of 40
Getting training negative samples for edge types: [7]
nodes.shift keys: [0, 1, 2, 3]
nodes.count keys: [0, 1, 2, 3]
links.meta: {6: (1, 3), 2: (3, 3), 8: (2, 2), 7: (3, 2), 5: (3, 3), 4: (2, 2), 3: (2, 0), 11: (3, 3), 10: (3, 3), 0: (2, 2), 9: (3, 3), 1: (3, 3)}
t_type about to use: 2
h_type: 3
shift dict: {0: 0, 1: 188, 2: 19452, 3: 20010}
count dict: Counter({1: 19264, 3: 940, 2: 558, 0: 188})
Generated 904 negative samples for edge type 7
Epoch 00024, Step00000 | Train_Loss: 0.5551 | Time: 0.0327
Epoch 00024 | Val_Loss 1.0593 | Time(s) 0.0130
EarlyStopping counter: 17 out of 40
Getting training negative samples for edge types: [7]
nodes.shift keys: [0, 1, 2, 3]
nodes.count keys: [0, 1, 2, 3]
links.meta: {6: (1, 3), 2: (3, 3), 8: (2, 2), 7: (3, 2), 5: (3, 3), 4: (2, 2), 3: (2, 0), 11: (3, 3), 10: (3, 3), 0: (2, 2), 9: (3, 3), 1: (3, 3)}
t_type about to use: 2
h_type: 3
shift dict: {0: 0, 1: 188, 2: 19452, 3: 20010}
count dict: Counter({1: 19264, 3: 940, 2: 558, 0: 188})
Generated 904 negative samples for edge type 7
Epoch 00025, Step00000 | Train_Loss: 0.5489 | Time: 0.0327
Epoch 00025 | Val_Loss 1.0846 | Time(s) 0.0127
EarlyStopping counter: 18 out of 40
Getting training negative samples for edge types: [7]
nodes.shift keys: [0, 1, 2, 3]
nodes.count keys: [0, 1, 2, 3]
links.meta: {6: (1, 3), 2: (3, 3), 8: (2, 2), 7: (3, 2), 5: (3, 3), 4: (2, 2), 3: (2, 0), 11: (3, 3), 10: (3, 3), 0: (2, 2), 9: (3, 3), 1: (3, 3)}
t_type about to use: 2
h_type: 3
shift dict: {0: 0, 1: 188, 2: 19452, 3: 20010}
count dict: Counter({1: 19264, 3: 940, 2: 558, 0: 188})
Generated 904 negative samples for edge type 7
Epoch 00026, Step00000 | Train_Loss: 0.5429 | Time: 0.0327
Epoch 00026 | Val_Loss 1.0331 | Time(s) 0.0130
EarlyStopping counter: 19 out of 40
Getting training negative samples for edge types: [7]
nodes.shift keys: [0, 1, 2, 3]
nodes.count keys: [0, 1, 2, 3]
links.meta: {6: (1, 3), 2: (3, 3), 8: (2, 2), 7: (3, 2), 5: (3, 3), 4: (2, 2), 3: (2, 0), 11: (3, 3), 10: (3, 3), 0: (2, 2), 9: (3, 3), 1: (3, 3)}
t_type about to use: 2
h_type: 3
shift dict: {0: 0, 1: 188, 2: 19452, 3: 20010}
count dict: Counter({1: 19264, 3: 940, 2: 558, 0: 188})
Generated 904 negative samples for edge type 7
Epoch 00027, Step00000 | Train_Loss: 0.5588 | Time: 0.0326
Epoch 00027 | Val_Loss 1.1497 | Time(s) 0.0115
EarlyStopping counter: 20 out of 40
Getting training negative samples for edge types: [7]
nodes.shift keys: [0, 1, 2, 3]
nodes.count keys: [0, 1, 2, 3]
links.meta: {6: (1, 3), 2: (3, 3), 8: (2, 2), 7: (3, 2), 5: (3, 3), 4: (2, 2), 3: (2, 0), 11: (3, 3), 10: (3, 3), 0: (2, 2), 9: (3, 3), 1: (3, 3)}
t_type about to use: 2
h_type: 3
shift dict: {0: 0, 1: 188, 2: 19452, 3: 20010}
count dict: Counter({1: 19264, 3: 940, 2: 558, 0: 188})
Generated 904 negative samples for edge type 7
Epoch 00028, Step00000 | Train_Loss: 0.5550 | Time: 0.0342
Epoch 00028 | Val_Loss 1.0774 | Time(s) 0.0131
EarlyStopping counter: 21 out of 40
Getting training negative samples for edge types: [7]
nodes.shift keys: [0, 1, 2, 3]
nodes.count keys: [0, 1, 2, 3]
links.meta: {6: (1, 3), 2: (3, 3), 8: (2, 2), 7: (3, 2), 5: (3, 3), 4: (2, 2), 3: (2, 0), 11: (3, 3), 10: (3, 3), 0: (2, 2), 9: (3, 3), 1: (3, 3)}
t_type about to use: 2
h_type: 3
shift dict: {0: 0, 1: 188, 2: 19452, 3: 20010}
count dict: Counter({1: 19264, 3: 940, 2: 558, 0: 188})
Generated 904 negative samples for edge type 7
Epoch 00029, Step00000 | Train_Loss: 0.5574 | Time: 0.0320
Epoch 00029 | Val_Loss 0.9926 | Time(s) 0.0134
EarlyStopping counter: 22 out of 40
Getting training negative samples for edge types: [7]
nodes.shift keys: [0, 1, 2, 3]
nodes.count keys: [0, 1, 2, 3]
links.meta: {6: (1, 3), 2: (3, 3), 8: (2, 2), 7: (3, 2), 5: (3, 3), 4: (2, 2), 3: (2, 0), 11: (3, 3), 10: (3, 3), 0: (2, 2), 9: (3, 3), 1: (3, 3)}
t_type about to use: 2
h_type: 3
shift dict: {0: 0, 1: 188, 2: 19452, 3: 20010}
count dict: Counter({1: 19264, 3: 940, 2: 558, 0: 188})
Generated 904 negative samples for edge type 7
Epoch 00030, Step00000 | Train_Loss: 0.5353 | Time: 0.0324
Epoch 00030 | Val_Loss 1.0583 | Time(s) 0.0128
EarlyStopping counter: 23 out of 40
Getting training negative samples for edge types: [7]
nodes.shift keys: [0, 1, 2, 3]
nodes.count keys: [0, 1, 2, 3]
links.meta: {6: (1, 3), 2: (3, 3), 8: (2, 2), 7: (3, 2), 5: (3, 3), 4: (2, 2), 3: (2, 0), 11: (3, 3), 10: (3, 3), 0: (2, 2), 9: (3, 3), 1: (3, 3)}
t_type about to use: 2
h_type: 3
shift dict: {0: 0, 1: 188, 2: 19452, 3: 20010}
count dict: Counter({1: 19264, 3: 940, 2: 558, 0: 188})
Generated 904 negative samples for edge type 7
Epoch 00031, Step00000 | Train_Loss: 0.5492 | Time: 0.0319
Epoch 00031 | Val_Loss 1.0474 | Time(s) 0.0115
EarlyStopping counter: 24 out of 40
Getting training negative samples for edge types: [7]
nodes.shift keys: [0, 1, 2, 3]
nodes.count keys: [0, 1, 2, 3]
links.meta: {6: (1, 3), 2: (3, 3), 8: (2, 2), 7: (3, 2), 5: (3, 3), 4: (2, 2), 3: (2, 0), 11: (3, 3), 10: (3, 3), 0: (2, 2), 9: (3, 3), 1: (3, 3)}
t_type about to use: 2
h_type: 3
shift dict: {0: 0, 1: 188, 2: 19452, 3: 20010}
count dict: Counter({1: 19264, 3: 940, 2: 558, 0: 188})
Generated 904 negative samples for edge type 7
Epoch 00032, Step00000 | Train_Loss: 0.5408 | Time: 0.0321
Epoch 00032 | Val_Loss 0.9835 | Time(s) 0.0133
EarlyStopping counter: 25 out of 40
Getting training negative samples for edge types: [7]
nodes.shift keys: [0, 1, 2, 3]
nodes.count keys: [0, 1, 2, 3]
links.meta: {6: (1, 3), 2: (3, 3), 8: (2, 2), 7: (3, 2), 5: (3, 3), 4: (2, 2), 3: (2, 0), 11: (3, 3), 10: (3, 3), 0: (2, 2), 9: (3, 3), 1: (3, 3)}
t_type about to use: 2
h_type: 3
shift dict: {0: 0, 1: 188, 2: 19452, 3: 20010}
count dict: Counter({1: 19264, 3: 940, 2: 558, 0: 188})
Generated 904 negative samples for edge type 7
Epoch 00033, Step00000 | Train_Loss: 0.5405 | Time: 0.0320
Epoch 00033 | Val_Loss 1.0116 | Time(s) 0.0133
EarlyStopping counter: 26 out of 40
Getting training negative samples for edge types: [7]
nodes.shift keys: [0, 1, 2, 3]
nodes.count keys: [0, 1, 2, 3]
links.meta: {6: (1, 3), 2: (3, 3), 8: (2, 2), 7: (3, 2), 5: (3, 3), 4: (2, 2), 3: (2, 0), 11: (3, 3), 10: (3, 3), 0: (2, 2), 9: (3, 3), 1: (3, 3)}
t_type about to use: 2
h_type: 3
shift dict: {0: 0, 1: 188, 2: 19452, 3: 20010}
count dict: Counter({1: 19264, 3: 940, 2: 558, 0: 188})
Generated 904 negative samples for edge type 7
Epoch 00034, Step00000 | Train_Loss: 0.5523 | Time: 0.0326
Epoch 00034 | Val_Loss 0.9703 | Time(s) 0.0129
EarlyStopping counter: 27 out of 40
Getting training negative samples for edge types: [7]
nodes.shift keys: [0, 1, 2, 3]
nodes.count keys: [0, 1, 2, 3]
links.meta: {6: (1, 3), 2: (3, 3), 8: (2, 2), 7: (3, 2), 5: (3, 3), 4: (2, 2), 3: (2, 0), 11: (3, 3), 10: (3, 3), 0: (2, 2), 9: (3, 3), 1: (3, 3)}
t_type about to use: 2
h_type: 3
shift dict: {0: 0, 1: 188, 2: 19452, 3: 20010}
count dict: Counter({1: 19264, 3: 940, 2: 558, 0: 188})
Generated 904 negative samples for edge type 7
Epoch 00035, Step00000 | Train_Loss: 0.5337 | Time: 0.0335
Epoch 00035 | Val_Loss 1.0592 | Time(s) 0.0126
EarlyStopping counter: 28 out of 40
Getting training negative samples for edge types: [7]
nodes.shift keys: [0, 1, 2, 3]
nodes.count keys: [0, 1, 2, 3]
links.meta: {6: (1, 3), 2: (3, 3), 8: (2, 2), 7: (3, 2), 5: (3, 3), 4: (2, 2), 3: (2, 0), 11: (3, 3), 10: (3, 3), 0: (2, 2), 9: (3, 3), 1: (3, 3)}
t_type about to use: 2
h_type: 3
shift dict: {0: 0, 1: 188, 2: 19452, 3: 20010}
count dict: Counter({1: 19264, 3: 940, 2: 558, 0: 188})
Generated 904 negative samples for edge type 7
Epoch 00036, Step00000 | Train_Loss: 0.5277 | Time: 0.0335
Epoch 00036 | Val_Loss 1.0339 | Time(s) 0.0124
EarlyStopping counter: 29 out of 40
Getting training negative samples for edge types: [7]
nodes.shift keys: [0, 1, 2, 3]
nodes.count keys: [0, 1, 2, 3]
links.meta: {6: (1, 3), 2: (3, 3), 8: (2, 2), 7: (3, 2), 5: (3, 3), 4: (2, 2), 3: (2, 0), 11: (3, 3), 10: (3, 3), 0: (2, 2), 9: (3, 3), 1: (3, 3)}
t_type about to use: 2
h_type: 3
shift dict: {0: 0, 1: 188, 2: 19452, 3: 20010}
count dict: Counter({1: 19264, 3: 940, 2: 558, 0: 188})
Generated 904 negative samples for edge type 7
Epoch 00037, Step00000 | Train_Loss: 0.5393 | Time: 0.0333
Epoch 00037 | Val_Loss 1.1159 | Time(s) 0.0159
EarlyStopping counter: 30 out of 40
Getting training negative samples for edge types: [7]
nodes.shift keys: [0, 1, 2, 3]
nodes.count keys: [0, 1, 2, 3]
links.meta: {6: (1, 3), 2: (3, 3), 8: (2, 2), 7: (3, 2), 5: (3, 3), 4: (2, 2), 3: (2, 0), 11: (3, 3), 10: (3, 3), 0: (2, 2), 9: (3, 3), 1: (3, 3)}
t_type about to use: 2
h_type: 3
shift dict: {0: 0, 1: 188, 2: 19452, 3: 20010}
count dict: Counter({1: 19264, 3: 940, 2: 558, 0: 188})
Generated 904 negative samples for edge type 7
Epoch 00038, Step00000 | Train_Loss: 0.5114 | Time: 0.0344
Epoch 00038 | Val_Loss 1.0605 | Time(s) 0.0133
EarlyStopping counter: 31 out of 40
Getting training negative samples for edge types: [7]
nodes.shift keys: [0, 1, 2, 3]
nodes.count keys: [0, 1, 2, 3]
links.meta: {6: (1, 3), 2: (3, 3), 8: (2, 2), 7: (3, 2), 5: (3, 3), 4: (2, 2), 3: (2, 0), 11: (3, 3), 10: (3, 3), 0: (2, 2), 9: (3, 3), 1: (3, 3)}
t_type about to use: 2
h_type: 3
shift dict: {0: 0, 1: 188, 2: 19452, 3: 20010}
count dict: Counter({1: 19264, 3: 940, 2: 558, 0: 188})
Generated 904 negative samples for edge type 7
Epoch 00039, Step00000 | Train_Loss: 0.5275 | Time: 0.0349
Epoch 00039 | Val_Loss 1.2007 | Time(s) 0.0138
EarlyStopping counter: 32 out of 40
Getting training negative samples for edge types: [7]
nodes.shift keys: [0, 1, 2, 3]
nodes.count keys: [0, 1, 2, 3]
links.meta: {6: (1, 3), 2: (3, 3), 8: (2, 2), 7: (3, 2), 5: (3, 3), 4: (2, 2), 3: (2, 0), 11: (3, 3), 10: (3, 3), 0: (2, 2), 9: (3, 3), 1: (3, 3)}
t_type about to use: 2
h_type: 3
shift dict: {0: 0, 1: 188, 2: 19452, 3: 20010}
count dict: Counter({1: 19264, 3: 940, 2: 558, 0: 188})
Generated 904 negative samples for edge type 7
Epoch 00040, Step00000 | Train_Loss: 0.5396 | Time: 0.0338
Epoch 00040 | Val_Loss 1.1373 | Time(s) 0.0139
EarlyStopping counter: 33 out of 40
Getting training negative samples for edge types: [7]
nodes.shift keys: [0, 1, 2, 3]
nodes.count keys: [0, 1, 2, 3]
links.meta: {6: (1, 3), 2: (3, 3), 8: (2, 2), 7: (3, 2), 5: (3, 3), 4: (2, 2), 3: (2, 0), 11: (3, 3), 10: (3, 3), 0: (2, 2), 9: (3, 3), 1: (3, 3)}
t_type about to use: 2
h_type: 3
shift dict: {0: 0, 1: 188, 2: 19452, 3: 20010}
count dict: Counter({1: 19264, 3: 940, 2: 558, 0: 188})
Generated 904 negative samples for edge type 7
Epoch 00041, Step00000 | Train_Loss: 0.5213 | Time: 0.0351
Epoch 00041 | Val_Loss 1.2413 | Time(s) 0.0140
EarlyStopping counter: 34 out of 40
Getting training negative samples for edge types: [7]
nodes.shift keys: [0, 1, 2, 3]
nodes.count keys: [0, 1, 2, 3]
links.meta: {6: (1, 3), 2: (3, 3), 8: (2, 2), 7: (3, 2), 5: (3, 3), 4: (2, 2), 3: (2, 0), 11: (3, 3), 10: (3, 3), 0: (2, 2), 9: (3, 3), 1: (3, 3)}
t_type about to use: 2
h_type: 3
shift dict: {0: 0, 1: 188, 2: 19452, 3: 20010}
count dict: Counter({1: 19264, 3: 940, 2: 558, 0: 188})
Generated 904 negative samples for edge type 7
Epoch 00042, Step00000 | Train_Loss: 0.5289 | Time: 0.0320
Epoch 00042 | Val_Loss 1.1516 | Time(s) 0.0138
EarlyStopping counter: 35 out of 40
Getting training negative samples for edge types: [7]
nodes.shift keys: [0, 1, 2, 3]
nodes.count keys: [0, 1, 2, 3]
links.meta: {6: (1, 3), 2: (3, 3), 8: (2, 2), 7: (3, 2), 5: (3, 3), 4: (2, 2), 3: (2, 0), 11: (3, 3), 10: (3, 3), 0: (2, 2), 9: (3, 3), 1: (3, 3)}
t_type about to use: 2
h_type: 3
shift dict: {0: 0, 1: 188, 2: 19452, 3: 20010}
count dict: Counter({1: 19264, 3: 940, 2: 558, 0: 188})
Generated 904 negative samples for edge type 7
Epoch 00043, Step00000 | Train_Loss: 0.5278 | Time: 0.0319
Epoch 00043 | Val_Loss 1.1430 | Time(s) 0.0129
EarlyStopping counter: 36 out of 40
Getting training negative samples for edge types: [7]
nodes.shift keys: [0, 1, 2, 3]
nodes.count keys: [0, 1, 2, 3]
links.meta: {6: (1, 3), 2: (3, 3), 8: (2, 2), 7: (3, 2), 5: (3, 3), 4: (2, 2), 3: (2, 0), 11: (3, 3), 10: (3, 3), 0: (2, 2), 9: (3, 3), 1: (3, 3)}
t_type about to use: 2
h_type: 3
shift dict: {0: 0, 1: 188, 2: 19452, 3: 20010}
count dict: Counter({1: 19264, 3: 940, 2: 558, 0: 188})
Generated 904 negative samples for edge type 7
Epoch 00044, Step00000 | Train_Loss: 0.5310 | Time: 0.0323
Epoch 00044 | Val_Loss 1.0773 | Time(s) 0.0116
EarlyStopping counter: 37 out of 40
Getting training negative samples for edge types: [7]
nodes.shift keys: [0, 1, 2, 3]
nodes.count keys: [0, 1, 2, 3]
links.meta: {6: (1, 3), 2: (3, 3), 8: (2, 2), 7: (3, 2), 5: (3, 3), 4: (2, 2), 3: (2, 0), 11: (3, 3), 10: (3, 3), 0: (2, 2), 9: (3, 3), 1: (3, 3)}
t_type about to use: 2
h_type: 3
shift dict: {0: 0, 1: 188, 2: 19452, 3: 20010}
count dict: Counter({1: 19264, 3: 940, 2: 558, 0: 188})
Generated 904 negative samples for edge type 7
Epoch 00045, Step00000 | Train_Loss: 0.5123 | Time: 0.0321
Epoch 00045 | Val_Loss 1.1556 | Time(s) 0.0135
EarlyStopping counter: 38 out of 40
Getting training negative samples for edge types: [7]
nodes.shift keys: [0, 1, 2, 3]
nodes.count keys: [0, 1, 2, 3]
links.meta: {6: (1, 3), 2: (3, 3), 8: (2, 2), 7: (3, 2), 5: (3, 3), 4: (2, 2), 3: (2, 0), 11: (3, 3), 10: (3, 3), 0: (2, 2), 9: (3, 3), 1: (3, 3)}
t_type about to use: 2
h_type: 3
shift dict: {0: 0, 1: 188, 2: 19452, 3: 20010}
count dict: Counter({1: 19264, 3: 940, 2: 558, 0: 188})
Generated 904 negative samples for edge type 7
Epoch 00046, Step00000 | Train_Loss: 0.5051 | Time: 0.0318
Epoch 00046 | Val_Loss 1.0764 | Time(s) 0.0131
EarlyStopping counter: 39 out of 40
Getting training negative samples for edge types: [7]
nodes.shift keys: [0, 1, 2, 3]
nodes.count keys: [0, 1, 2, 3]
links.meta: {6: (1, 3), 2: (3, 3), 8: (2, 2), 7: (3, 2), 5: (3, 3), 4: (2, 2), 3: (2, 0), 11: (3, 3), 10: (3, 3), 0: (2, 2), 9: (3, 3), 1: (3, 3)}
t_type about to use: 2
h_type: 3
shift dict: {0: 0, 1: 188, 2: 19452, 3: 20010}
count dict: Counter({1: 19264, 3: 940, 2: 558, 0: 188})
Generated 904 negative samples for edge type 7
Epoch 00047, Step00000 | Train_Loss: 0.5137 | Time: 0.0321
Epoch 00047 | Val_Loss 1.0359 | Time(s) 0.0113
EarlyStopping counter: 40 out of 40
Early stopping!
Early stopping!
Meta keys: dict_keys([7])
Data keys: dict_keys([7])
Edge type: 7, Meta: (3, 2)
{'roc_auc': 0.5244184552114124, 'MRR': 0.76}
{'roc_auc': 0.6656878462246631, 'MRR': 0.7879310344827586}
defaultdict(<class 'float'>, {'roc_auc': 0.5244184552114124, 'MRR': 0.76})
defaultdict(<class 'float'>, {'roc_auc': 0.6656878462246631, 'MRR': 0.7879310344827586})
Completed: amazon_style_ccct_features_securebert_fold_4

--------------------------------------
Running model: SimpleHGN
Dataset: amazon_style_ccct_features_securebert_fold_5
--------------------------------------
Data path: ../../data/amazon_style_ccct_features_securebert_fold_5
Loading nodes from ../../data/amazon_style_ccct_features_securebert_fold_5/node.dat
edge types: dict_keys([6, 2, 8, 7, 5, 4, 3, 11, 10, 0, 9, 1])
Getting training negative samples for edge types: [7]
nodes.shift keys: [0, 1, 2, 3]
nodes.count keys: [0, 1, 2, 3]
links.meta: {6: (1, 3), 2: (3, 3), 8: (2, 2), 7: (3, 2), 5: (3, 3), 4: (2, 2), 3: (2, 0), 11: (3, 3), 10: (3, 3), 0: (2, 2), 9: (3, 3), 1: (3, 3)}
t_type about to use: 2
h_type: 3
shift dict: {0: 0, 1: 188, 2: 19452, 3: 20010}
count dict: Counter({1: 19264, 3: 940, 2: 558, 0: 188})
Generated 907 negative samples for edge type 7
Features List: [array([[ 0.00445206,  0.01268557,  0.22351578, ..., -0.28678206,
        -0.37460288,  0.18294938],
       [-0.18744846,  0.07075578,  0.0476894 , ..., -0.2232531 ,
        -0.19588573,  0.47988179],
       [-0.17451471, -0.04557271,  0.15712288, ..., -0.05391889,
        -0.20500693,  0.23744845],
       ...,
       [-0.40584856,  0.04715464,  0.24475315, ..., -0.12466257,
        -0.2035536 ,  0.28577447],
       [-0.18835557,  0.03822717,  0.03586731, ..., -0.23435652,
        -0.35453227,  0.38753107],
       [-0.13632202,  0.14362322,  0.08668749, ..., -0.24145249,
        -0.25799868,  0.26464131]]), array([[-0.02302658,  0.0368569 ,  0.00652144, ..., -0.02803515,
        -0.00893309,  0.00342051],
       [-0.01979104,  0.04036582,  0.01475144, ..., -0.00661969,
        -0.01504144,  0.01323287],
       [-0.02346251,  0.03577969,  0.00104941, ..., -0.01948969,
        -0.02273973,  0.01956808],
       ...,
       [ 0.01112562,  0.01252526, -0.00604169, ..., -0.02203615,
        -0.00625044, -0.01684516],
       [-0.02297131,  0.02604213,  0.00098649, ...,  0.00838303,
        -0.00321861, -0.00570687],
       [-0.01075894,  0.00767744, -0.01424407, ..., -0.02184941,
         0.02614397, -0.01134232]]), array([[ 0.00791158, -0.00538086, -0.02676104, ..., -0.01897389,
        -0.01306979, -0.00084801],
       [ 0.01682901, -0.00649696, -0.01921631, ..., -0.01401017,
        -0.0039668 , -0.02202195],
       [ 0.02197852, -0.01403735, -0.05225722, ...,  0.02019661,
         0.00528841,  0.0033033 ],
       ...,
       [ 0.01603197,  0.00716993, -0.01245602, ..., -0.01399604,
        -0.00058955, -0.0256807 ],
       [ 0.01039577,  0.02045547, -0.02146293, ...,  0.01017929,
         0.02390171,  0.00134994],
       [ 0.00462414,  0.0041195 , -0.0135733 , ..., -0.01101827,
         0.00813001,  0.0203817 ]]), array([[ 0.00087804,  0.00658507, -0.02514569, ..., -0.04238372,
         0.00850771, -0.02565438],
       [-0.0006986 ,  0.01542003, -0.03227317, ..., -0.01301633,
         0.01559736, -0.03614859],
       [-0.01135348,  0.00974955, -0.01812623, ..., -0.01920343,
         0.00887381, -0.0152928 ],
       ...,
       [ 0.00701895, -0.01539859, -0.03025482, ..., -0.03644368,
         0.01254067, -0.0236606 ],
       [-0.00414097,  0.00144739, -0.05197839, ...,  0.00216818,
         0.02755725, -0.03143983],
       [ 0.01779867, -0.02493452, -0.0391779 , ..., -0.01159797,
        -0.00619852, -0.02449675]])]
Getting training negative samples for edge types: [7]
nodes.shift keys: [0, 1, 2, 3]
nodes.count keys: [0, 1, 2, 3]
links.meta: {6: (1, 3), 2: (3, 3), 8: (2, 2), 7: (3, 2), 5: (3, 3), 4: (2, 2), 3: (2, 0), 11: (3, 3), 10: (3, 3), 0: (2, 2), 9: (3, 3), 1: (3, 3)}
t_type about to use: 2
h_type: 3
shift dict: {0: 0, 1: 188, 2: 19452, 3: 20010}
count dict: Counter({1: 19264, 3: 940, 2: 558, 0: 188})
Generated 907 negative samples for edge type 7
Epoch 00000, Step00000 | Train_Loss: 0.6943 | Time: 0.5099
Epoch 00000 | Val_Loss 0.6843 | Time(s) 0.0104
Validation loss decreased (inf --> 0.684302).  Saving model ...
Getting training negative samples for edge types: [7]
nodes.shift keys: [0, 1, 2, 3]
nodes.count keys: [0, 1, 2, 3]
links.meta: {6: (1, 3), 2: (3, 3), 8: (2, 2), 7: (3, 2), 5: (3, 3), 4: (2, 2), 3: (2, 0), 11: (3, 3), 10: (3, 3), 0: (2, 2), 9: (3, 3), 1: (3, 3)}
t_type about to use: 2
h_type: 3
shift dict: {0: 0, 1: 188, 2: 19452, 3: 20010}
count dict: Counter({1: 19264, 3: 940, 2: 558, 0: 188})
Generated 907 negative samples for edge type 7
Epoch 00001, Step00000 | Train_Loss: 0.6844 | Time: 0.0344
Epoch 00001 | Val_Loss 0.6788 | Time(s) 0.0125
Validation loss decreased (0.684302 --> 0.678765).  Saving model ...
Getting training negative samples for edge types: [7]
nodes.shift keys: [0, 1, 2, 3]
nodes.count keys: [0, 1, 2, 3]
links.meta: {6: (1, 3), 2: (3, 3), 8: (2, 2), 7: (3, 2), 5: (3, 3), 4: (2, 2), 3: (2, 0), 11: (3, 3), 10: (3, 3), 0: (2, 2), 9: (3, 3), 1: (3, 3)}
t_type about to use: 2
h_type: 3
shift dict: {0: 0, 1: 188, 2: 19452, 3: 20010}
count dict: Counter({1: 19264, 3: 940, 2: 558, 0: 188})
Generated 907 negative samples for edge type 7
Epoch 00002, Step00000 | Train_Loss: 0.6762 | Time: 0.0312
Epoch 00002 | Val_Loss 0.6903 | Time(s) 0.0112
EarlyStopping counter: 1 out of 40
Getting training negative samples for edge types: [7]
nodes.shift keys: [0, 1, 2, 3]
nodes.count keys: [0, 1, 2, 3]
links.meta: {6: (1, 3), 2: (3, 3), 8: (2, 2), 7: (3, 2), 5: (3, 3), 4: (2, 2), 3: (2, 0), 11: (3, 3), 10: (3, 3), 0: (2, 2), 9: (3, 3), 1: (3, 3)}
t_type about to use: 2
h_type: 3
shift dict: {0: 0, 1: 188, 2: 19452, 3: 20010}
count dict: Counter({1: 19264, 3: 940, 2: 558, 0: 188})
Generated 907 negative samples for edge type 7
Epoch 00003, Step00000 | Train_Loss: 0.6649 | Time: 0.0295
Epoch 00003 | Val_Loss 0.6720 | Time(s) 0.0109
Validation loss decreased (0.678765 --> 0.672033).  Saving model ...
Getting training negative samples for edge types: [7]
nodes.shift keys: [0, 1, 2, 3]
nodes.count keys: [0, 1, 2, 3]
links.meta: {6: (1, 3), 2: (3, 3), 8: (2, 2), 7: (3, 2), 5: (3, 3), 4: (2, 2), 3: (2, 0), 11: (3, 3), 10: (3, 3), 0: (2, 2), 9: (3, 3), 1: (3, 3)}
t_type about to use: 2
h_type: 3
shift dict: {0: 0, 1: 188, 2: 19452, 3: 20010}
count dict: Counter({1: 19264, 3: 940, 2: 558, 0: 188})
Generated 907 negative samples for edge type 7
Epoch 00004, Step00000 | Train_Loss: 0.6530 | Time: 0.0282
Epoch 00004 | Val_Loss 0.6544 | Time(s) 0.0113
Validation loss decreased (0.672033 --> 0.654395).  Saving model ...
Getting training negative samples for edge types: [7]
nodes.shift keys: [0, 1, 2, 3]
nodes.count keys: [0, 1, 2, 3]
links.meta: {6: (1, 3), 2: (3, 3), 8: (2, 2), 7: (3, 2), 5: (3, 3), 4: (2, 2), 3: (2, 0), 11: (3, 3), 10: (3, 3), 0: (2, 2), 9: (3, 3), 1: (3, 3)}
t_type about to use: 2
h_type: 3
shift dict: {0: 0, 1: 188, 2: 19452, 3: 20010}
count dict: Counter({1: 19264, 3: 940, 2: 558, 0: 188})
Generated 907 negative samples for edge type 7
Epoch 00005, Step00000 | Train_Loss: 0.6443 | Time: 0.0303
Epoch 00005 | Val_Loss 0.6552 | Time(s) 0.0121
EarlyStopping counter: 1 out of 40
Getting training negative samples for edge types: [7]
nodes.shift keys: [0, 1, 2, 3]
nodes.count keys: [0, 1, 2, 3]
links.meta: {6: (1, 3), 2: (3, 3), 8: (2, 2), 7: (3, 2), 5: (3, 3), 4: (2, 2), 3: (2, 0), 11: (3, 3), 10: (3, 3), 0: (2, 2), 9: (3, 3), 1: (3, 3)}
t_type about to use: 2
h_type: 3
shift dict: {0: 0, 1: 188, 2: 19452, 3: 20010}
count dict: Counter({1: 19264, 3: 940, 2: 558, 0: 188})
Generated 907 negative samples for edge type 7
Epoch 00006, Step00000 | Train_Loss: 0.6342 | Time: 0.0269
Epoch 00006 | Val_Loss 0.6746 | Time(s) 0.0106
EarlyStopping counter: 2 out of 40
Getting training negative samples for edge types: [7]
nodes.shift keys: [0, 1, 2, 3]
nodes.count keys: [0, 1, 2, 3]
links.meta: {6: (1, 3), 2: (3, 3), 8: (2, 2), 7: (3, 2), 5: (3, 3), 4: (2, 2), 3: (2, 0), 11: (3, 3), 10: (3, 3), 0: (2, 2), 9: (3, 3), 1: (3, 3)}
t_type about to use: 2
h_type: 3
shift dict: {0: 0, 1: 188, 2: 19452, 3: 20010}
count dict: Counter({1: 19264, 3: 940, 2: 558, 0: 188})
Generated 907 negative samples for edge type 7
Epoch 00007, Step00000 | Train_Loss: 0.6268 | Time: 0.0265
Epoch 00007 | Val_Loss 0.6770 | Time(s) 0.0116
EarlyStopping counter: 3 out of 40
Getting training negative samples for edge types: [7]
nodes.shift keys: [0, 1, 2, 3]
nodes.count keys: [0, 1, 2, 3]
links.meta: {6: (1, 3), 2: (3, 3), 8: (2, 2), 7: (3, 2), 5: (3, 3), 4: (2, 2), 3: (2, 0), 11: (3, 3), 10: (3, 3), 0: (2, 2), 9: (3, 3), 1: (3, 3)}
t_type about to use: 2
h_type: 3
shift dict: {0: 0, 1: 188, 2: 19452, 3: 20010}
count dict: Counter({1: 19264, 3: 940, 2: 558, 0: 188})
Generated 907 negative samples for edge type 7
Epoch 00008, Step00000 | Train_Loss: 0.6045 | Time: 0.0274
Epoch 00008 | Val_Loss 0.7609 | Time(s) 0.0126
EarlyStopping counter: 4 out of 40
Getting training negative samples for edge types: [7]
nodes.shift keys: [0, 1, 2, 3]
nodes.count keys: [0, 1, 2, 3]
links.meta: {6: (1, 3), 2: (3, 3), 8: (2, 2), 7: (3, 2), 5: (3, 3), 4: (2, 2), 3: (2, 0), 11: (3, 3), 10: (3, 3), 0: (2, 2), 9: (3, 3), 1: (3, 3)}
t_type about to use: 2
h_type: 3
shift dict: {0: 0, 1: 188, 2: 19452, 3: 20010}
count dict: Counter({1: 19264, 3: 940, 2: 558, 0: 188})
Generated 907 negative samples for edge type 7
Epoch 00009, Step00000 | Train_Loss: 0.5999 | Time: 0.0260
Epoch 00009 | Val_Loss 0.8324 | Time(s) 0.0098
EarlyStopping counter: 5 out of 40
Getting training negative samples for edge types: [7]
nodes.shift keys: [0, 1, 2, 3]
nodes.count keys: [0, 1, 2, 3]
links.meta: {6: (1, 3), 2: (3, 3), 8: (2, 2), 7: (3, 2), 5: (3, 3), 4: (2, 2), 3: (2, 0), 11: (3, 3), 10: (3, 3), 0: (2, 2), 9: (3, 3), 1: (3, 3)}
t_type about to use: 2
h_type: 3
shift dict: {0: 0, 1: 188, 2: 19452, 3: 20010}
count dict: Counter({1: 19264, 3: 940, 2: 558, 0: 188})
Generated 907 negative samples for edge type 7
Epoch 00010, Step00000 | Train_Loss: 0.5939 | Time: 0.0258
Epoch 00010 | Val_Loss 0.8334 | Time(s) 0.0099
EarlyStopping counter: 6 out of 40
Getting training negative samples for edge types: [7]
nodes.shift keys: [0, 1, 2, 3]
nodes.count keys: [0, 1, 2, 3]
links.meta: {6: (1, 3), 2: (3, 3), 8: (2, 2), 7: (3, 2), 5: (3, 3), 4: (2, 2), 3: (2, 0), 11: (3, 3), 10: (3, 3), 0: (2, 2), 9: (3, 3), 1: (3, 3)}
t_type about to use: 2
h_type: 3
shift dict: {0: 0, 1: 188, 2: 19452, 3: 20010}
count dict: Counter({1: 19264, 3: 940, 2: 558, 0: 188})
Generated 907 negative samples for edge type 7
Epoch 00011, Step00000 | Train_Loss: 0.5780 | Time: 0.0267
Epoch 00011 | Val_Loss 0.8502 | Time(s) 0.0098
EarlyStopping counter: 7 out of 40
Getting training negative samples for edge types: [7]
nodes.shift keys: [0, 1, 2, 3]
nodes.count keys: [0, 1, 2, 3]
links.meta: {6: (1, 3), 2: (3, 3), 8: (2, 2), 7: (3, 2), 5: (3, 3), 4: (2, 2), 3: (2, 0), 11: (3, 3), 10: (3, 3), 0: (2, 2), 9: (3, 3), 1: (3, 3)}
t_type about to use: 2
h_type: 3
shift dict: {0: 0, 1: 188, 2: 19452, 3: 20010}
count dict: Counter({1: 19264, 3: 940, 2: 558, 0: 188})
Generated 907 negative samples for edge type 7
Epoch 00012, Step00000 | Train_Loss: 0.5798 | Time: 0.0263
Epoch 00012 | Val_Loss 0.9235 | Time(s) 0.0099
EarlyStopping counter: 8 out of 40
Getting training negative samples for edge types: [7]
nodes.shift keys: [0, 1, 2, 3]
nodes.count keys: [0, 1, 2, 3]
links.meta: {6: (1, 3), 2: (3, 3), 8: (2, 2), 7: (3, 2), 5: (3, 3), 4: (2, 2), 3: (2, 0), 11: (3, 3), 10: (3, 3), 0: (2, 2), 9: (3, 3), 1: (3, 3)}
t_type about to use: 2
h_type: 3
shift dict: {0: 0, 1: 188, 2: 19452, 3: 20010}
count dict: Counter({1: 19264, 3: 940, 2: 558, 0: 188})
Generated 907 negative samples for edge type 7
Epoch 00013, Step00000 | Train_Loss: 0.5822 | Time: 0.0264
Epoch 00013 | Val_Loss 0.8919 | Time(s) 0.0103
EarlyStopping counter: 9 out of 40
Getting training negative samples for edge types: [7]
nodes.shift keys: [0, 1, 2, 3]
nodes.count keys: [0, 1, 2, 3]
links.meta: {6: (1, 3), 2: (3, 3), 8: (2, 2), 7: (3, 2), 5: (3, 3), 4: (2, 2), 3: (2, 0), 11: (3, 3), 10: (3, 3), 0: (2, 2), 9: (3, 3), 1: (3, 3)}
t_type about to use: 2
h_type: 3
shift dict: {0: 0, 1: 188, 2: 19452, 3: 20010}
count dict: Counter({1: 19264, 3: 940, 2: 558, 0: 188})
Generated 907 negative samples for edge type 7
Epoch 00014, Step00000 | Train_Loss: 0.5636 | Time: 0.0267
Epoch 00014 | Val_Loss 0.9943 | Time(s) 0.0108
EarlyStopping counter: 10 out of 40
Getting training negative samples for edge types: [7]
nodes.shift keys: [0, 1, 2, 3]
nodes.count keys: [0, 1, 2, 3]
links.meta: {6: (1, 3), 2: (3, 3), 8: (2, 2), 7: (3, 2), 5: (3, 3), 4: (2, 2), 3: (2, 0), 11: (3, 3), 10: (3, 3), 0: (2, 2), 9: (3, 3), 1: (3, 3)}
t_type about to use: 2
h_type: 3
shift dict: {0: 0, 1: 188, 2: 19452, 3: 20010}
count dict: Counter({1: 19264, 3: 940, 2: 558, 0: 188})
Generated 907 negative samples for edge type 7
Epoch 00015, Step00000 | Train_Loss: 0.5641 | Time: 0.0510
Epoch 00015 | Val_Loss 1.1031 | Time(s) 0.0095
EarlyStopping counter: 11 out of 40
Getting training negative samples for edge types: [7]
nodes.shift keys: [0, 1, 2, 3]
nodes.count keys: [0, 1, 2, 3]
links.meta: {6: (1, 3), 2: (3, 3), 8: (2, 2), 7: (3, 2), 5: (3, 3), 4: (2, 2), 3: (2, 0), 11: (3, 3), 10: (3, 3), 0: (2, 2), 9: (3, 3), 1: (3, 3)}
t_type about to use: 2
h_type: 3
shift dict: {0: 0, 1: 188, 2: 19452, 3: 20010}
count dict: Counter({1: 19264, 3: 940, 2: 558, 0: 188})
Generated 907 negative samples for edge type 7
Epoch 00016, Step00000 | Train_Loss: 0.5705 | Time: 0.0303
Epoch 00016 | Val_Loss 1.0846 | Time(s) 0.0277
EarlyStopping counter: 12 out of 40
Getting training negative samples for edge types: [7]
nodes.shift keys: [0, 1, 2, 3]
nodes.count keys: [0, 1, 2, 3]
links.meta: {6: (1, 3), 2: (3, 3), 8: (2, 2), 7: (3, 2), 5: (3, 3), 4: (2, 2), 3: (2, 0), 11: (3, 3), 10: (3, 3), 0: (2, 2), 9: (3, 3), 1: (3, 3)}
t_type about to use: 2
h_type: 3
shift dict: {0: 0, 1: 188, 2: 19452, 3: 20010}
count dict: Counter({1: 19264, 3: 940, 2: 558, 0: 188})
Generated 907 negative samples for edge type 7
Epoch 00017, Step00000 | Train_Loss: 0.5425 | Time: 0.0274
Epoch 00017 | Val_Loss 1.0625 | Time(s) 0.0146
EarlyStopping counter: 13 out of 40
Getting training negative samples for edge types: [7]
nodes.shift keys: [0, 1, 2, 3]
nodes.count keys: [0, 1, 2, 3]
links.meta: {6: (1, 3), 2: (3, 3), 8: (2, 2), 7: (3, 2), 5: (3, 3), 4: (2, 2), 3: (2, 0), 11: (3, 3), 10: (3, 3), 0: (2, 2), 9: (3, 3), 1: (3, 3)}
t_type about to use: 2
h_type: 3
shift dict: {0: 0, 1: 188, 2: 19452, 3: 20010}
count dict: Counter({1: 19264, 3: 940, 2: 558, 0: 188})
Generated 907 negative samples for edge type 7
Epoch 00018, Step00000 | Train_Loss: 0.5673 | Time: 0.0471
Epoch 00018 | Val_Loss 1.0064 | Time(s) 0.0116
EarlyStopping counter: 14 out of 40
Getting training negative samples for edge types: [7]
nodes.shift keys: [0, 1, 2, 3]
nodes.count keys: [0, 1, 2, 3]
links.meta: {6: (1, 3), 2: (3, 3), 8: (2, 2), 7: (3, 2), 5: (3, 3), 4: (2, 2), 3: (2, 0), 11: (3, 3), 10: (3, 3), 0: (2, 2), 9: (3, 3), 1: (3, 3)}
t_type about to use: 2
h_type: 3
shift dict: {0: 0, 1: 188, 2: 19452, 3: 20010}
count dict: Counter({1: 19264, 3: 940, 2: 558, 0: 188})
Generated 907 negative samples for edge type 7
Epoch 00019, Step00000 | Train_Loss: 0.5498 | Time: 0.0493
Epoch 00019 | Val_Loss 1.0752 | Time(s) 0.0115
EarlyStopping counter: 15 out of 40
Getting training negative samples for edge types: [7]
nodes.shift keys: [0, 1, 2, 3]
nodes.count keys: [0, 1, 2, 3]
links.meta: {6: (1, 3), 2: (3, 3), 8: (2, 2), 7: (3, 2), 5: (3, 3), 4: (2, 2), 3: (2, 0), 11: (3, 3), 10: (3, 3), 0: (2, 2), 9: (3, 3), 1: (3, 3)}
t_type about to use: 2
h_type: 3
shift dict: {0: 0, 1: 188, 2: 19452, 3: 20010}
count dict: Counter({1: 19264, 3: 940, 2: 558, 0: 188})
Generated 907 negative samples for edge type 7
Epoch 00020, Step00000 | Train_Loss: 0.5445 | Time: 0.0509
Epoch 00020 | Val_Loss 1.0402 | Time(s) 0.0099
EarlyStopping counter: 16 out of 40
Getting training negative samples for edge types: [7]
nodes.shift keys: [0, 1, 2, 3]
nodes.count keys: [0, 1, 2, 3]
links.meta: {6: (1, 3), 2: (3, 3), 8: (2, 2), 7: (3, 2), 5: (3, 3), 4: (2, 2), 3: (2, 0), 11: (3, 3), 10: (3, 3), 0: (2, 2), 9: (3, 3), 1: (3, 3)}
t_type about to use: 2
h_type: 3
shift dict: {0: 0, 1: 188, 2: 19452, 3: 20010}
count dict: Counter({1: 19264, 3: 940, 2: 558, 0: 188})
Generated 907 negative samples for edge type 7
Epoch 00021, Step00000 | Train_Loss: 0.5612 | Time: 0.0308
Epoch 00021 | Val_Loss 1.0569 | Time(s) 0.0269
EarlyStopping counter: 17 out of 40
Getting training negative samples for edge types: [7]
nodes.shift keys: [0, 1, 2, 3]
nodes.count keys: [0, 1, 2, 3]
links.meta: {6: (1, 3), 2: (3, 3), 8: (2, 2), 7: (3, 2), 5: (3, 3), 4: (2, 2), 3: (2, 0), 11: (3, 3), 10: (3, 3), 0: (2, 2), 9: (3, 3), 1: (3, 3)}
t_type about to use: 2
h_type: 3
shift dict: {0: 0, 1: 188, 2: 19452, 3: 20010}
count dict: Counter({1: 19264, 3: 940, 2: 558, 0: 188})
Generated 907 negative samples for edge type 7
Epoch 00022, Step00000 | Train_Loss: 0.5533 | Time: 0.0263
Epoch 00022 | Val_Loss 0.9517 | Time(s) 0.0248
EarlyStopping counter: 18 out of 40
Getting training negative samples for edge types: [7]
nodes.shift keys: [0, 1, 2, 3]
nodes.count keys: [0, 1, 2, 3]
links.meta: {6: (1, 3), 2: (3, 3), 8: (2, 2), 7: (3, 2), 5: (3, 3), 4: (2, 2), 3: (2, 0), 11: (3, 3), 10: (3, 3), 0: (2, 2), 9: (3, 3), 1: (3, 3)}
t_type about to use: 2
h_type: 3
shift dict: {0: 0, 1: 188, 2: 19452, 3: 20010}
count dict: Counter({1: 19264, 3: 940, 2: 558, 0: 188})
Generated 907 negative samples for edge type 7
Epoch 00023, Step00000 | Train_Loss: 0.5528 | Time: 0.0286
Epoch 00023 | Val_Loss 0.9547 | Time(s) 0.0161
EarlyStopping counter: 19 out of 40
Getting training negative samples for edge types: [7]
nodes.shift keys: [0, 1, 2, 3]
nodes.count keys: [0, 1, 2, 3]
links.meta: {6: (1, 3), 2: (3, 3), 8: (2, 2), 7: (3, 2), 5: (3, 3), 4: (2, 2), 3: (2, 0), 11: (3, 3), 10: (3, 3), 0: (2, 2), 9: (3, 3), 1: (3, 3)}
t_type about to use: 2
h_type: 3
shift dict: {0: 0, 1: 188, 2: 19452, 3: 20010}
count dict: Counter({1: 19264, 3: 940, 2: 558, 0: 188})
Generated 907 negative samples for edge type 7
Epoch 00024, Step00000 | Train_Loss: 0.5531 | Time: 0.0433
Epoch 00024 | Val_Loss 0.9697 | Time(s) 0.0097
EarlyStopping counter: 20 out of 40
Getting training negative samples for edge types: [7]
nodes.shift keys: [0, 1, 2, 3]
nodes.count keys: [0, 1, 2, 3]
links.meta: {6: (1, 3), 2: (3, 3), 8: (2, 2), 7: (3, 2), 5: (3, 3), 4: (2, 2), 3: (2, 0), 11: (3, 3), 10: (3, 3), 0: (2, 2), 9: (3, 3), 1: (3, 3)}
t_type about to use: 2
h_type: 3
shift dict: {0: 0, 1: 188, 2: 19452, 3: 20010}
count dict: Counter({1: 19264, 3: 940, 2: 558, 0: 188})
Generated 907 negative samples for edge type 7
Epoch 00025, Step00000 | Train_Loss: 0.5542 | Time: 0.0519
Epoch 00025 | Val_Loss 0.9440 | Time(s) 0.0112
EarlyStopping counter: 21 out of 40
Getting training negative samples for edge types: [7]
nodes.shift keys: [0, 1, 2, 3]
nodes.count keys: [0, 1, 2, 3]
links.meta: {6: (1, 3), 2: (3, 3), 8: (2, 2), 7: (3, 2), 5: (3, 3), 4: (2, 2), 3: (2, 0), 11: (3, 3), 10: (3, 3), 0: (2, 2), 9: (3, 3), 1: (3, 3)}
t_type about to use: 2
h_type: 3
shift dict: {0: 0, 1: 188, 2: 19452, 3: 20010}
count dict: Counter({1: 19264, 3: 940, 2: 558, 0: 188})
Generated 907 negative samples for edge type 7
Epoch 00026, Step00000 | Train_Loss: 0.5361 | Time: 0.0308
Epoch 00026 | Val_Loss 0.9718 | Time(s) 0.0272
EarlyStopping counter: 22 out of 40
Getting training negative samples for edge types: [7]
nodes.shift keys: [0, 1, 2, 3]
nodes.count keys: [0, 1, 2, 3]
links.meta: {6: (1, 3), 2: (3, 3), 8: (2, 2), 7: (3, 2), 5: (3, 3), 4: (2, 2), 3: (2, 0), 11: (3, 3), 10: (3, 3), 0: (2, 2), 9: (3, 3), 1: (3, 3)}
t_type about to use: 2
h_type: 3
shift dict: {0: 0, 1: 188, 2: 19452, 3: 20010}
count dict: Counter({1: 19264, 3: 940, 2: 558, 0: 188})
Generated 907 negative samples for edge type 7
Epoch 00027, Step00000 | Train_Loss: 0.5582 | Time: 0.0265
Epoch 00027 | Val_Loss 1.0064 | Time(s) 0.0155
EarlyStopping counter: 23 out of 40
Getting training negative samples for edge types: [7]
nodes.shift keys: [0, 1, 2, 3]
nodes.count keys: [0, 1, 2, 3]
links.meta: {6: (1, 3), 2: (3, 3), 8: (2, 2), 7: (3, 2), 5: (3, 3), 4: (2, 2), 3: (2, 0), 11: (3, 3), 10: (3, 3), 0: (2, 2), 9: (3, 3), 1: (3, 3)}
t_type about to use: 2
h_type: 3
shift dict: {0: 0, 1: 188, 2: 19452, 3: 20010}
count dict: Counter({1: 19264, 3: 940, 2: 558, 0: 188})
Generated 907 negative samples for edge type 7
Epoch 00028, Step00000 | Train_Loss: 0.5375 | Time: 0.0461
Epoch 00028 | Val_Loss 1.0137 | Time(s) 0.0108
EarlyStopping counter: 24 out of 40
Getting training negative samples for edge types: [7]
nodes.shift keys: [0, 1, 2, 3]
nodes.count keys: [0, 1, 2, 3]
links.meta: {6: (1, 3), 2: (3, 3), 8: (2, 2), 7: (3, 2), 5: (3, 3), 4: (2, 2), 3: (2, 0), 11: (3, 3), 10: (3, 3), 0: (2, 2), 9: (3, 3), 1: (3, 3)}
t_type about to use: 2
h_type: 3
shift dict: {0: 0, 1: 188, 2: 19452, 3: 20010}
count dict: Counter({1: 19264, 3: 940, 2: 558, 0: 188})
Generated 907 negative samples for edge type 7
Epoch 00029, Step00000 | Train_Loss: 0.5500 | Time: 0.0507
Epoch 00029 | Val_Loss 1.0212 | Time(s) 0.0099
EarlyStopping counter: 25 out of 40
Getting training negative samples for edge types: [7]
nodes.shift keys: [0, 1, 2, 3]
nodes.count keys: [0, 1, 2, 3]
links.meta: {6: (1, 3), 2: (3, 3), 8: (2, 2), 7: (3, 2), 5: (3, 3), 4: (2, 2), 3: (2, 0), 11: (3, 3), 10: (3, 3), 0: (2, 2), 9: (3, 3), 1: (3, 3)}
t_type about to use: 2
h_type: 3
shift dict: {0: 0, 1: 188, 2: 19452, 3: 20010}
count dict: Counter({1: 19264, 3: 940, 2: 558, 0: 188})
Generated 907 negative samples for edge type 7
Epoch 00030, Step00000 | Train_Loss: 0.5353 | Time: 0.0308
Epoch 00030 | Val_Loss 1.0125 | Time(s) 0.0266
EarlyStopping counter: 26 out of 40
Getting training negative samples for edge types: [7]
nodes.shift keys: [0, 1, 2, 3]
nodes.count keys: [0, 1, 2, 3]
links.meta: {6: (1, 3), 2: (3, 3), 8: (2, 2), 7: (3, 2), 5: (3, 3), 4: (2, 2), 3: (2, 0), 11: (3, 3), 10: (3, 3), 0: (2, 2), 9: (3, 3), 1: (3, 3)}
t_type about to use: 2
h_type: 3
shift dict: {0: 0, 1: 188, 2: 19452, 3: 20010}
count dict: Counter({1: 19264, 3: 940, 2: 558, 0: 188})
Generated 907 negative samples for edge type 7
Epoch 00031, Step00000 | Train_Loss: 0.5393 | Time: 0.0261
Epoch 00031 | Val_Loss 0.9544 | Time(s) 0.0160
EarlyStopping counter: 27 out of 40
Getting training negative samples for edge types: [7]
nodes.shift keys: [0, 1, 2, 3]
nodes.count keys: [0, 1, 2, 3]
links.meta: {6: (1, 3), 2: (3, 3), 8: (2, 2), 7: (3, 2), 5: (3, 3), 4: (2, 2), 3: (2, 0), 11: (3, 3), 10: (3, 3), 0: (2, 2), 9: (3, 3), 1: (3, 3)}
t_type about to use: 2
h_type: 3
shift dict: {0: 0, 1: 188, 2: 19452, 3: 20010}
count dict: Counter({1: 19264, 3: 940, 2: 558, 0: 188})
Generated 907 negative samples for edge type 7
Epoch 00032, Step00000 | Train_Loss: 0.5378 | Time: 0.0392
Epoch 00032 | Val_Loss 1.0111 | Time(s) 0.0115
EarlyStopping counter: 28 out of 40
Getting training negative samples for edge types: [7]
nodes.shift keys: [0, 1, 2, 3]
nodes.count keys: [0, 1, 2, 3]
links.meta: {6: (1, 3), 2: (3, 3), 8: (2, 2), 7: (3, 2), 5: (3, 3), 4: (2, 2), 3: (2, 0), 11: (3, 3), 10: (3, 3), 0: (2, 2), 9: (3, 3), 1: (3, 3)}
t_type about to use: 2
h_type: 3
shift dict: {0: 0, 1: 188, 2: 19452, 3: 20010}
count dict: Counter({1: 19264, 3: 940, 2: 558, 0: 188})
Generated 907 negative samples for edge type 7
Epoch 00033, Step00000 | Train_Loss: 0.5325 | Time: 0.0506
Epoch 00033 | Val_Loss 1.1009 | Time(s) 0.0107
EarlyStopping counter: 29 out of 40
Getting training negative samples for edge types: [7]
nodes.shift keys: [0, 1, 2, 3]
nodes.count keys: [0, 1, 2, 3]
links.meta: {6: (1, 3), 2: (3, 3), 8: (2, 2), 7: (3, 2), 5: (3, 3), 4: (2, 2), 3: (2, 0), 11: (3, 3), 10: (3, 3), 0: (2, 2), 9: (3, 3), 1: (3, 3)}
t_type about to use: 2
h_type: 3
shift dict: {0: 0, 1: 188, 2: 19452, 3: 20010}
count dict: Counter({1: 19264, 3: 940, 2: 558, 0: 188})
Generated 907 negative samples for edge type 7
Epoch 00034, Step00000 | Train_Loss: 0.5365 | Time: 0.0362
Epoch 00034 | Val_Loss 1.0722 | Time(s) 0.0173
EarlyStopping counter: 30 out of 40
Getting training negative samples for edge types: [7]
nodes.shift keys: [0, 1, 2, 3]
nodes.count keys: [0, 1, 2, 3]
links.meta: {6: (1, 3), 2: (3, 3), 8: (2, 2), 7: (3, 2), 5: (3, 3), 4: (2, 2), 3: (2, 0), 11: (3, 3), 10: (3, 3), 0: (2, 2), 9: (3, 3), 1: (3, 3)}
t_type about to use: 2
h_type: 3
shift dict: {0: 0, 1: 188, 2: 19452, 3: 20010}
count dict: Counter({1: 19264, 3: 940, 2: 558, 0: 188})
Generated 907 negative samples for edge type 7
Epoch 00035, Step00000 | Train_Loss: 0.5373 | Time: 0.0259
Epoch 00035 | Val_Loss 1.0872 | Time(s) 0.0246
EarlyStopping counter: 31 out of 40
Getting training negative samples for edge types: [7]
nodes.shift keys: [0, 1, 2, 3]
nodes.count keys: [0, 1, 2, 3]
links.meta: {6: (1, 3), 2: (3, 3), 8: (2, 2), 7: (3, 2), 5: (3, 3), 4: (2, 2), 3: (2, 0), 11: (3, 3), 10: (3, 3), 0: (2, 2), 9: (3, 3), 1: (3, 3)}
t_type about to use: 2
h_type: 3
shift dict: {0: 0, 1: 188, 2: 19452, 3: 20010}
count dict: Counter({1: 19264, 3: 940, 2: 558, 0: 188})
Generated 907 negative samples for edge type 7
Epoch 00036, Step00000 | Train_Loss: 0.5216 | Time: 0.0290
Epoch 00036 | Val_Loss 1.0984 | Time(s) 0.0147
EarlyStopping counter: 32 out of 40
Getting training negative samples for edge types: [7]
nodes.shift keys: [0, 1, 2, 3]
nodes.count keys: [0, 1, 2, 3]
links.meta: {6: (1, 3), 2: (3, 3), 8: (2, 2), 7: (3, 2), 5: (3, 3), 4: (2, 2), 3: (2, 0), 11: (3, 3), 10: (3, 3), 0: (2, 2), 9: (3, 3), 1: (3, 3)}
t_type about to use: 2
h_type: 3
shift dict: {0: 0, 1: 188, 2: 19452, 3: 20010}
count dict: Counter({1: 19264, 3: 940, 2: 558, 0: 188})
Generated 907 negative samples for edge type 7
Epoch 00037, Step00000 | Train_Loss: 0.5302 | Time: 0.0481
Epoch 00037 | Val_Loss 1.1706 | Time(s) 0.0106
EarlyStopping counter: 33 out of 40
Getting training negative samples for edge types: [7]
nodes.shift keys: [0, 1, 2, 3]
nodes.count keys: [0, 1, 2, 3]
links.meta: {6: (1, 3), 2: (3, 3), 8: (2, 2), 7: (3, 2), 5: (3, 3), 4: (2, 2), 3: (2, 0), 11: (3, 3), 10: (3, 3), 0: (2, 2), 9: (3, 3), 1: (3, 3)}
t_type about to use: 2
h_type: 3
shift dict: {0: 0, 1: 188, 2: 19452, 3: 20010}
count dict: Counter({1: 19264, 3: 940, 2: 558, 0: 188})
Generated 907 negative samples for edge type 7
Epoch 00038, Step00000 | Train_Loss: 0.5295 | Time: 0.0503
Epoch 00038 | Val_Loss 1.1319 | Time(s) 0.0107
EarlyStopping counter: 34 out of 40
Getting training negative samples for edge types: [7]
nodes.shift keys: [0, 1, 2, 3]
nodes.count keys: [0, 1, 2, 3]
links.meta: {6: (1, 3), 2: (3, 3), 8: (2, 2), 7: (3, 2), 5: (3, 3), 4: (2, 2), 3: (2, 0), 11: (3, 3), 10: (3, 3), 0: (2, 2), 9: (3, 3), 1: (3, 3)}
t_type about to use: 2
h_type: 3
shift dict: {0: 0, 1: 188, 2: 19452, 3: 20010}
count dict: Counter({1: 19264, 3: 940, 2: 558, 0: 188})
Generated 907 negative samples for edge type 7
Epoch 00039, Step00000 | Train_Loss: 0.5416 | Time: 0.0331
Epoch 00039 | Val_Loss 1.1481 | Time(s) 0.0231
EarlyStopping counter: 35 out of 40
Getting training negative samples for edge types: [7]
nodes.shift keys: [0, 1, 2, 3]
nodes.count keys: [0, 1, 2, 3]
links.meta: {6: (1, 3), 2: (3, 3), 8: (2, 2), 7: (3, 2), 5: (3, 3), 4: (2, 2), 3: (2, 0), 11: (3, 3), 10: (3, 3), 0: (2, 2), 9: (3, 3), 1: (3, 3)}
t_type about to use: 2
h_type: 3
shift dict: {0: 0, 1: 188, 2: 19452, 3: 20010}
count dict: Counter({1: 19264, 3: 940, 2: 558, 0: 188})
Generated 907 negative samples for edge type 7
Epoch 00040, Step00000 | Train_Loss: 0.5205 | Time: 0.0262
Epoch 00040 | Val_Loss 1.1869 | Time(s) 0.0251
EarlyStopping counter: 36 out of 40
Getting training negative samples for edge types: [7]
nodes.shift keys: [0, 1, 2, 3]
nodes.count keys: [0, 1, 2, 3]
links.meta: {6: (1, 3), 2: (3, 3), 8: (2, 2), 7: (3, 2), 5: (3, 3), 4: (2, 2), 3: (2, 0), 11: (3, 3), 10: (3, 3), 0: (2, 2), 9: (3, 3), 1: (3, 3)}
t_type about to use: 2
h_type: 3
shift dict: {0: 0, 1: 188, 2: 19452, 3: 20010}
count dict: Counter({1: 19264, 3: 940, 2: 558, 0: 188})
Generated 907 negative samples for edge type 7
Epoch 00041, Step00000 | Train_Loss: 0.5136 | Time: 0.0275
Epoch 00041 | Val_Loss 1.1144 | Time(s) 0.0141
EarlyStopping counter: 37 out of 40
Getting training negative samples for edge types: [7]
nodes.shift keys: [0, 1, 2, 3]
nodes.count keys: [0, 1, 2, 3]
links.meta: {6: (1, 3), 2: (3, 3), 8: (2, 2), 7: (3, 2), 5: (3, 3), 4: (2, 2), 3: (2, 0), 11: (3, 3), 10: (3, 3), 0: (2, 2), 9: (3, 3), 1: (3, 3)}
t_type about to use: 2
h_type: 3
shift dict: {0: 0, 1: 188, 2: 19452, 3: 20010}
count dict: Counter({1: 19264, 3: 940, 2: 558, 0: 188})
Generated 907 negative samples for edge type 7
Epoch 00042, Step00000 | Train_Loss: 0.5171 | Time: 0.0428
Epoch 00042 | Val_Loss 1.1694 | Time(s) 0.0092
EarlyStopping counter: 38 out of 40
Getting training negative samples for edge types: [7]
nodes.shift keys: [0, 1, 2, 3]
nodes.count keys: [0, 1, 2, 3]
links.meta: {6: (1, 3), 2: (3, 3), 8: (2, 2), 7: (3, 2), 5: (3, 3), 4: (2, 2), 3: (2, 0), 11: (3, 3), 10: (3, 3), 0: (2, 2), 9: (3, 3), 1: (3, 3)}
t_type about to use: 2
h_type: 3
shift dict: {0: 0, 1: 188, 2: 19452, 3: 20010}
count dict: Counter({1: 19264, 3: 940, 2: 558, 0: 188})
Generated 907 negative samples for edge type 7
Epoch 00043, Step00000 | Train_Loss: 0.5043 | Time: 0.0502
Epoch 00043 | Val_Loss 1.0782 | Time(s) 0.0100
EarlyStopping counter: 39 out of 40
Getting training negative samples for edge types: [7]
nodes.shift keys: [0, 1, 2, 3]
nodes.count keys: [0, 1, 2, 3]
links.meta: {6: (1, 3), 2: (3, 3), 8: (2, 2), 7: (3, 2), 5: (3, 3), 4: (2, 2), 3: (2, 0), 11: (3, 3), 10: (3, 3), 0: (2, 2), 9: (3, 3), 1: (3, 3)}
t_type about to use: 2
h_type: 3
shift dict: {0: 0, 1: 188, 2: 19452, 3: 20010}
count dict: Counter({1: 19264, 3: 940, 2: 558, 0: 188})
Generated 907 negative samples for edge type 7
Epoch 00044, Step00000 | Train_Loss: 0.5083 | Time: 0.0356
Epoch 00044 | Val_Loss 1.1332 | Time(s) 0.0229
EarlyStopping counter: 40 out of 40
Early stopping!
Early stopping!
Meta keys: dict_keys([7])
Data keys: dict_keys([7])
Edge type: 7, Meta: (3, 2)
{'roc_auc': 0.5374782824522214, 'MRR': 0.7587786259541985}
{'roc_auc': 0.6371195537038344, 'MRR': 0.8282442748091603}
defaultdict(<class 'float'>, {'roc_auc': 0.5374782824522214, 'MRR': 0.7587786259541985})
defaultdict(<class 'float'>, {'roc_auc': 0.6371195537038344, 'MRR': 0.8282442748091603})
Completed: amazon_style_ccct_features_securebert_fold_5

=== Repetition 4/6 ===
--------------------------------------
Running model: SimpleHGN
Dataset: amazon_style_ccct_features_securebert_fold_1
--------------------------------------
Data path: ../../data/amazon_style_ccct_features_securebert_fold_1
Loading nodes from ../../data/amazon_style_ccct_features_securebert_fold_1/node.dat
edge types: dict_keys([8, 6, 7, 5, 4, 0, 3, 2, 9, 10, 1, 11])
Getting training negative samples for edge types: [7]
nodes.shift keys: [0, 1, 2, 3]
nodes.count keys: [0, 1, 2, 3]
links.meta: {8: (2, 2), 6: (1, 3), 7: (3, 2), 5: (3, 3), 4: (2, 2), 0: (2, 2), 3: (2, 0), 2: (3, 3), 9: (3, 3), 10: (3, 3), 1: (3, 3), 11: (3, 3)}
t_type about to use: 2
h_type: 3
shift dict: {0: 0, 1: 188, 2: 19452, 3: 20010}
count dict: Counter({1: 19264, 3: 940, 2: 558, 0: 188})
Generated 905 negative samples for edge type 7
Features List: [array([[ 0.00445206,  0.01268557,  0.22351578, ..., -0.28678206,
        -0.37460288,  0.18294938],
       [-0.18744846,  0.07075578,  0.0476894 , ..., -0.2232531 ,
        -0.19588573,  0.47988179],
       [-0.17451471, -0.04557271,  0.15712288, ..., -0.05391889,
        -0.20500693,  0.23744845],
       ...,
       [-0.40584856,  0.04715464,  0.24475315, ..., -0.12466257,
        -0.2035536 ,  0.28577447],
       [-0.18835557,  0.03822717,  0.03586731, ..., -0.23435652,
        -0.35453227,  0.38753107],
       [-0.13632202,  0.14362322,  0.08668749, ..., -0.24145249,
        -0.25799868,  0.26464131]]), array([[-0.02302658,  0.0368569 ,  0.00652144, ..., -0.02803515,
        -0.00893309,  0.00342051],
       [-0.01979104,  0.04036582,  0.01475144, ..., -0.00661969,
        -0.01504144,  0.01323287],
       [-0.02346251,  0.03577969,  0.00104941, ..., -0.01948969,
        -0.02273973,  0.01956808],
       ...,
       [ 0.01112562,  0.01252526, -0.00604169, ..., -0.02203615,
        -0.00625044, -0.01684516],
       [-0.02297131,  0.02604213,  0.00098649, ...,  0.00838303,
        -0.00321861, -0.00570687],
       [-0.01075894,  0.00767744, -0.01424407, ..., -0.02184941,
         0.02614397, -0.01134232]]), array([[ 0.00791158, -0.00538086, -0.02676104, ..., -0.01897389,
        -0.01306979, -0.00084801],
       [ 0.01682901, -0.00649696, -0.01921631, ..., -0.01401017,
        -0.0039668 , -0.02202195],
       [ 0.02197852, -0.01403735, -0.05225722, ...,  0.02019661,
         0.00528841,  0.0033033 ],
       ...,
       [ 0.01603197,  0.00716993, -0.01245602, ..., -0.01399604,
        -0.00058955, -0.0256807 ],
       [ 0.01039577,  0.02045547, -0.02146293, ...,  0.01017929,
         0.02390171,  0.00134994],
       [ 0.00462414,  0.0041195 , -0.0135733 , ..., -0.01101827,
         0.00813001,  0.0203817 ]]), array([[ 0.00087804,  0.00658507, -0.02514569, ..., -0.04238372,
         0.00850771, -0.02565438],
       [-0.0006986 ,  0.01542003, -0.03227317, ..., -0.01301633,
         0.01559736, -0.03614859],
       [-0.01135348,  0.00974955, -0.01812623, ..., -0.01920343,
         0.00887381, -0.0152928 ],
       ...,
       [ 0.00701895, -0.01539859, -0.03025482, ..., -0.03644368,
         0.01254067, -0.0236606 ],
       [-0.00414097,  0.00144739, -0.05197839, ...,  0.00216818,
         0.02755725, -0.03143983],
       [ 0.01779867, -0.02493452, -0.0391779 , ..., -0.01159797,
        -0.00619852, -0.02449675]])]
Getting training negative samples for edge types: [7]
nodes.shift keys: [0, 1, 2, 3]
nodes.count keys: [0, 1, 2, 3]
links.meta: {8: (2, 2), 6: (1, 3), 7: (3, 2), 5: (3, 3), 4: (2, 2), 0: (2, 2), 3: (2, 0), 2: (3, 3), 9: (3, 3), 10: (3, 3), 1: (3, 3), 11: (3, 3)}
t_type about to use: 2
h_type: 3
shift dict: {0: 0, 1: 188, 2: 19452, 3: 20010}
count dict: Counter({1: 19264, 3: 940, 2: 558, 0: 188})
Generated 905 negative samples for edge type 7
Epoch 00000, Step00000 | Train_Loss: 0.6920 | Time: 0.6036
Epoch 00000 | Val_Loss 0.6810 | Time(s) 0.0112
Validation loss decreased (inf --> 0.681044).  Saving model ...
Getting training negative samples for edge types: [7]
nodes.shift keys: [0, 1, 2, 3]
nodes.count keys: [0, 1, 2, 3]
links.meta: {8: (2, 2), 6: (1, 3), 7: (3, 2), 5: (3, 3), 4: (2, 2), 0: (2, 2), 3: (2, 0), 2: (3, 3), 9: (3, 3), 10: (3, 3), 1: (3, 3), 11: (3, 3)}
t_type about to use: 2
h_type: 3
shift dict: {0: 0, 1: 188, 2: 19452, 3: 20010}
count dict: Counter({1: 19264, 3: 940, 2: 558, 0: 188})
Generated 905 negative samples for edge type 7
Epoch 00001, Step00000 | Train_Loss: 0.6811 | Time: 0.0398
Epoch 00001 | Val_Loss 0.6704 | Time(s) 0.0330
Validation loss decreased (0.681044 --> 0.670363).  Saving model ...
Getting training negative samples for edge types: [7]
nodes.shift keys: [0, 1, 2, 3]
nodes.count keys: [0, 1, 2, 3]
links.meta: {8: (2, 2), 6: (1, 3), 7: (3, 2), 5: (3, 3), 4: (2, 2), 0: (2, 2), 3: (2, 0), 2: (3, 3), 9: (3, 3), 10: (3, 3), 1: (3, 3), 11: (3, 3)}
t_type about to use: 2
h_type: 3
shift dict: {0: 0, 1: 188, 2: 19452, 3: 20010}
count dict: Counter({1: 19264, 3: 940, 2: 558, 0: 188})
Generated 905 negative samples for edge type 7
Epoch 00002, Step00000 | Train_Loss: 0.6691 | Time: 0.0535
Epoch 00002 | Val_Loss 0.6646 | Time(s) 0.0125
Validation loss decreased (0.670363 --> 0.664555).  Saving model ...
Getting training negative samples for edge types: [7]
nodes.shift keys: [0, 1, 2, 3]
nodes.count keys: [0, 1, 2, 3]
links.meta: {8: (2, 2), 6: (1, 3), 7: (3, 2), 5: (3, 3), 4: (2, 2), 0: (2, 2), 3: (2, 0), 2: (3, 3), 9: (3, 3), 10: (3, 3), 1: (3, 3), 11: (3, 3)}
t_type about to use: 2
h_type: 3
shift dict: {0: 0, 1: 188, 2: 19452, 3: 20010}
count dict: Counter({1: 19264, 3: 940, 2: 558, 0: 188})
Generated 905 negative samples for edge type 7
Epoch 00003, Step00000 | Train_Loss: 0.6583 | Time: 0.0340
Epoch 00003 | Val_Loss 0.6615 | Time(s) 0.0346
Validation loss decreased (0.664555 --> 0.661495).  Saving model ...
Getting training negative samples for edge types: [7]
nodes.shift keys: [0, 1, 2, 3]
nodes.count keys: [0, 1, 2, 3]
links.meta: {8: (2, 2), 6: (1, 3), 7: (3, 2), 5: (3, 3), 4: (2, 2), 0: (2, 2), 3: (2, 0), 2: (3, 3), 9: (3, 3), 10: (3, 3), 1: (3, 3), 11: (3, 3)}
t_type about to use: 2
h_type: 3
shift dict: {0: 0, 1: 188, 2: 19452, 3: 20010}
count dict: Counter({1: 19264, 3: 940, 2: 558, 0: 188})
Generated 905 negative samples for edge type 7
Epoch 00004, Step00000 | Train_Loss: 0.6463 | Time: 0.0558
Epoch 00004 | Val_Loss 0.6666 | Time(s) 0.0145
EarlyStopping counter: 1 out of 40
Getting training negative samples for edge types: [7]
nodes.shift keys: [0, 1, 2, 3]
nodes.count keys: [0, 1, 2, 3]
links.meta: {8: (2, 2), 6: (1, 3), 7: (3, 2), 5: (3, 3), 4: (2, 2), 0: (2, 2), 3: (2, 0), 2: (3, 3), 9: (3, 3), 10: (3, 3), 1: (3, 3), 11: (3, 3)}
t_type about to use: 2
h_type: 3
shift dict: {0: 0, 1: 188, 2: 19452, 3: 20010}
count dict: Counter({1: 19264, 3: 940, 2: 558, 0: 188})
Generated 905 negative samples for edge type 7
Epoch 00005, Step00000 | Train_Loss: 0.6307 | Time: 0.0395
Epoch 00005 | Val_Loss 0.6757 | Time(s) 0.0167
EarlyStopping counter: 2 out of 40
Getting training negative samples for edge types: [7]
nodes.shift keys: [0, 1, 2, 3]
nodes.count keys: [0, 1, 2, 3]
links.meta: {8: (2, 2), 6: (1, 3), 7: (3, 2), 5: (3, 3), 4: (2, 2), 0: (2, 2), 3: (2, 0), 2: (3, 3), 9: (3, 3), 10: (3, 3), 1: (3, 3), 11: (3, 3)}
t_type about to use: 2
h_type: 3
shift dict: {0: 0, 1: 188, 2: 19452, 3: 20010}
count dict: Counter({1: 19264, 3: 940, 2: 558, 0: 188})
Generated 905 negative samples for edge type 7
Epoch 00006, Step00000 | Train_Loss: 0.6138 | Time: 0.0273
Epoch 00006 | Val_Loss 0.7256 | Time(s) 0.0268
EarlyStopping counter: 3 out of 40
Getting training negative samples for edge types: [7]
nodes.shift keys: [0, 1, 2, 3]
nodes.count keys: [0, 1, 2, 3]
links.meta: {8: (2, 2), 6: (1, 3), 7: (3, 2), 5: (3, 3), 4: (2, 2), 0: (2, 2), 3: (2, 0), 2: (3, 3), 9: (3, 3), 10: (3, 3), 1: (3, 3), 11: (3, 3)}
t_type about to use: 2
h_type: 3
shift dict: {0: 0, 1: 188, 2: 19452, 3: 20010}
count dict: Counter({1: 19264, 3: 940, 2: 558, 0: 188})
Generated 905 negative samples for edge type 7
Epoch 00007, Step00000 | Train_Loss: 0.6040 | Time: 0.0281
Epoch 00007 | Val_Loss 0.6965 | Time(s) 0.0216
EarlyStopping counter: 4 out of 40
Getting training negative samples for edge types: [7]
nodes.shift keys: [0, 1, 2, 3]
nodes.count keys: [0, 1, 2, 3]
links.meta: {8: (2, 2), 6: (1, 3), 7: (3, 2), 5: (3, 3), 4: (2, 2), 0: (2, 2), 3: (2, 0), 2: (3, 3), 9: (3, 3), 10: (3, 3), 1: (3, 3), 11: (3, 3)}
t_type about to use: 2
h_type: 3
shift dict: {0: 0, 1: 188, 2: 19452, 3: 20010}
count dict: Counter({1: 19264, 3: 940, 2: 558, 0: 188})
Generated 905 negative samples for edge type 7
Epoch 00008, Step00000 | Train_Loss: 0.5901 | Time: 0.0335
Epoch 00008 | Val_Loss 0.6954 | Time(s) 0.0151
EarlyStopping counter: 5 out of 40
Getting training negative samples for edge types: [7]
nodes.shift keys: [0, 1, 2, 3]
nodes.count keys: [0, 1, 2, 3]
links.meta: {8: (2, 2), 6: (1, 3), 7: (3, 2), 5: (3, 3), 4: (2, 2), 0: (2, 2), 3: (2, 0), 2: (3, 3), 9: (3, 3), 10: (3, 3), 1: (3, 3), 11: (3, 3)}
t_type about to use: 2
h_type: 3
shift dict: {0: 0, 1: 188, 2: 19452, 3: 20010}
count dict: Counter({1: 19264, 3: 940, 2: 558, 0: 188})
Generated 905 negative samples for edge type 7
Epoch 00009, Step00000 | Train_Loss: 0.5702 | Time: 0.0454
Epoch 00009 | Val_Loss 0.7757 | Time(s) 0.0102
EarlyStopping counter: 6 out of 40
Getting training negative samples for edge types: [7]
nodes.shift keys: [0, 1, 2, 3]
nodes.count keys: [0, 1, 2, 3]
links.meta: {8: (2, 2), 6: (1, 3), 7: (3, 2), 5: (3, 3), 4: (2, 2), 0: (2, 2), 3: (2, 0), 2: (3, 3), 9: (3, 3), 10: (3, 3), 1: (3, 3), 11: (3, 3)}
t_type about to use: 2
h_type: 3
shift dict: {0: 0, 1: 188, 2: 19452, 3: 20010}
count dict: Counter({1: 19264, 3: 940, 2: 558, 0: 188})
Generated 905 negative samples for edge type 7
Epoch 00010, Step00000 | Train_Loss: 0.5715 | Time: 0.0490
Epoch 00010 | Val_Loss 0.9344 | Time(s) 0.0102
EarlyStopping counter: 7 out of 40
Getting training negative samples for edge types: [7]
nodes.shift keys: [0, 1, 2, 3]
nodes.count keys: [0, 1, 2, 3]
links.meta: {8: (2, 2), 6: (1, 3), 7: (3, 2), 5: (3, 3), 4: (2, 2), 0: (2, 2), 3: (2, 0), 2: (3, 3), 9: (3, 3), 10: (3, 3), 1: (3, 3), 11: (3, 3)}
t_type about to use: 2
h_type: 3
shift dict: {0: 0, 1: 188, 2: 19452, 3: 20010}
count dict: Counter({1: 19264, 3: 940, 2: 558, 0: 188})
Generated 905 negative samples for edge type 7
Epoch 00011, Step00000 | Train_Loss: 0.5671 | Time: 0.0528
Epoch 00011 | Val_Loss 0.9055 | Time(s) 0.0156
EarlyStopping counter: 8 out of 40
Getting training negative samples for edge types: [7]
nodes.shift keys: [0, 1, 2, 3]
nodes.count keys: [0, 1, 2, 3]
links.meta: {8: (2, 2), 6: (1, 3), 7: (3, 2), 5: (3, 3), 4: (2, 2), 0: (2, 2), 3: (2, 0), 2: (3, 3), 9: (3, 3), 10: (3, 3), 1: (3, 3), 11: (3, 3)}
t_type about to use: 2
h_type: 3
shift dict: {0: 0, 1: 188, 2: 19452, 3: 20010}
count dict: Counter({1: 19264, 3: 940, 2: 558, 0: 188})
Generated 905 negative samples for edge type 7
Epoch 00012, Step00000 | Train_Loss: 0.5735 | Time: 0.0346
Epoch 00012 | Val_Loss 0.8870 | Time(s) 0.0234
EarlyStopping counter: 9 out of 40
Getting training negative samples for edge types: [7]
nodes.shift keys: [0, 1, 2, 3]
nodes.count keys: [0, 1, 2, 3]
links.meta: {8: (2, 2), 6: (1, 3), 7: (3, 2), 5: (3, 3), 4: (2, 2), 0: (2, 2), 3: (2, 0), 2: (3, 3), 9: (3, 3), 10: (3, 3), 1: (3, 3), 11: (3, 3)}
t_type about to use: 2
h_type: 3
shift dict: {0: 0, 1: 188, 2: 19452, 3: 20010}
count dict: Counter({1: 19264, 3: 940, 2: 558, 0: 188})
Generated 905 negative samples for edge type 7
Epoch 00013, Step00000 | Train_Loss: 0.5701 | Time: 0.0269
Epoch 00013 | Val_Loss 0.8871 | Time(s) 0.0311
EarlyStopping counter: 10 out of 40
Getting training negative samples for edge types: [7]
nodes.shift keys: [0, 1, 2, 3]
nodes.count keys: [0, 1, 2, 3]
links.meta: {8: (2, 2), 6: (1, 3), 7: (3, 2), 5: (3, 3), 4: (2, 2), 0: (2, 2), 3: (2, 0), 2: (3, 3), 9: (3, 3), 10: (3, 3), 1: (3, 3), 11: (3, 3)}
t_type about to use: 2
h_type: 3
shift dict: {0: 0, 1: 188, 2: 19452, 3: 20010}
count dict: Counter({1: 19264, 3: 940, 2: 558, 0: 188})
Generated 905 negative samples for edge type 7
Epoch 00014, Step00000 | Train_Loss: 0.5563 | Time: 0.0270
Epoch 00014 | Val_Loss 0.9573 | Time(s) 0.0328
EarlyStopping counter: 11 out of 40
Getting training negative samples for edge types: [7]
nodes.shift keys: [0, 1, 2, 3]
nodes.count keys: [0, 1, 2, 3]
links.meta: {8: (2, 2), 6: (1, 3), 7: (3, 2), 5: (3, 3), 4: (2, 2), 0: (2, 2), 3: (2, 0), 2: (3, 3), 9: (3, 3), 10: (3, 3), 1: (3, 3), 11: (3, 3)}
t_type about to use: 2
h_type: 3
shift dict: {0: 0, 1: 188, 2: 19452, 3: 20010}
count dict: Counter({1: 19264, 3: 940, 2: 558, 0: 188})
Generated 905 negative samples for edge type 7
Epoch 00015, Step00000 | Train_Loss: 0.5571 | Time: 0.0277
Epoch 00015 | Val_Loss 0.9584 | Time(s) 0.0250
EarlyStopping counter: 12 out of 40
Getting training negative samples for edge types: [7]
nodes.shift keys: [0, 1, 2, 3]
nodes.count keys: [0, 1, 2, 3]
links.meta: {8: (2, 2), 6: (1, 3), 7: (3, 2), 5: (3, 3), 4: (2, 2), 0: (2, 2), 3: (2, 0), 2: (3, 3), 9: (3, 3), 10: (3, 3), 1: (3, 3), 11: (3, 3)}
t_type about to use: 2
h_type: 3
shift dict: {0: 0, 1: 188, 2: 19452, 3: 20010}
count dict: Counter({1: 19264, 3: 940, 2: 558, 0: 188})
Generated 905 negative samples for edge type 7
Epoch 00016, Step00000 | Train_Loss: 0.5435 | Time: 0.0299
Epoch 00016 | Val_Loss 0.9685 | Time(s) 0.0217
EarlyStopping counter: 13 out of 40
Getting training negative samples for edge types: [7]
nodes.shift keys: [0, 1, 2, 3]
nodes.count keys: [0, 1, 2, 3]
links.meta: {8: (2, 2), 6: (1, 3), 7: (3, 2), 5: (3, 3), 4: (2, 2), 0: (2, 2), 3: (2, 0), 2: (3, 3), 9: (3, 3), 10: (3, 3), 1: (3, 3), 11: (3, 3)}
t_type about to use: 2
h_type: 3
shift dict: {0: 0, 1: 188, 2: 19452, 3: 20010}
count dict: Counter({1: 19264, 3: 940, 2: 558, 0: 188})
Generated 905 negative samples for edge type 7
Epoch 00017, Step00000 | Train_Loss: 0.5613 | Time: 0.0349
Epoch 00017 | Val_Loss 0.9075 | Time(s) 0.0154
EarlyStopping counter: 14 out of 40
Getting training negative samples for edge types: [7]
nodes.shift keys: [0, 1, 2, 3]
nodes.count keys: [0, 1, 2, 3]
links.meta: {8: (2, 2), 6: (1, 3), 7: (3, 2), 5: (3, 3), 4: (2, 2), 0: (2, 2), 3: (2, 0), 2: (3, 3), 9: (3, 3), 10: (3, 3), 1: (3, 3), 11: (3, 3)}
t_type about to use: 2
h_type: 3
shift dict: {0: 0, 1: 188, 2: 19452, 3: 20010}
count dict: Counter({1: 19264, 3: 940, 2: 558, 0: 188})
Generated 905 negative samples for edge type 7
Epoch 00018, Step00000 | Train_Loss: 0.5400 | Time: 0.0437
Epoch 00018 | Val_Loss 0.9776 | Time(s) 0.0101
EarlyStopping counter: 15 out of 40
Getting training negative samples for edge types: [7]
nodes.shift keys: [0, 1, 2, 3]
nodes.count keys: [0, 1, 2, 3]
links.meta: {8: (2, 2), 6: (1, 3), 7: (3, 2), 5: (3, 3), 4: (2, 2), 0: (2, 2), 3: (2, 0), 2: (3, 3), 9: (3, 3), 10: (3, 3), 1: (3, 3), 11: (3, 3)}
t_type about to use: 2
h_type: 3
shift dict: {0: 0, 1: 188, 2: 19452, 3: 20010}
count dict: Counter({1: 19264, 3: 940, 2: 558, 0: 188})
Generated 905 negative samples for edge type 7
Epoch 00019, Step00000 | Train_Loss: 0.5461 | Time: 0.0505
Epoch 00019 | Val_Loss 0.8967 | Time(s) 0.0108
EarlyStopping counter: 16 out of 40
Getting training negative samples for edge types: [7]
nodes.shift keys: [0, 1, 2, 3]
nodes.count keys: [0, 1, 2, 3]
links.meta: {8: (2, 2), 6: (1, 3), 7: (3, 2), 5: (3, 3), 4: (2, 2), 0: (2, 2), 3: (2, 0), 2: (3, 3), 9: (3, 3), 10: (3, 3), 1: (3, 3), 11: (3, 3)}
t_type about to use: 2
h_type: 3
shift dict: {0: 0, 1: 188, 2: 19452, 3: 20010}
count dict: Counter({1: 19264, 3: 940, 2: 558, 0: 188})
Generated 905 negative samples for edge type 7
Epoch 00020, Step00000 | Train_Loss: 0.5484 | Time: 0.0375
Epoch 00020 | Val_Loss 0.8739 | Time(s) 0.0173
EarlyStopping counter: 17 out of 40
Getting training negative samples for edge types: [7]
nodes.shift keys: [0, 1, 2, 3]
nodes.count keys: [0, 1, 2, 3]
links.meta: {8: (2, 2), 6: (1, 3), 7: (3, 2), 5: (3, 3), 4: (2, 2), 0: (2, 2), 3: (2, 0), 2: (3, 3), 9: (3, 3), 10: (3, 3), 1: (3, 3), 11: (3, 3)}
t_type about to use: 2
h_type: 3
shift dict: {0: 0, 1: 188, 2: 19452, 3: 20010}
count dict: Counter({1: 19264, 3: 940, 2: 558, 0: 188})
Generated 905 negative samples for edge type 7
Epoch 00021, Step00000 | Train_Loss: 0.5449 | Time: 0.0313
Epoch 00021 | Val_Loss 0.8420 | Time(s) 0.0268
EarlyStopping counter: 18 out of 40
Getting training negative samples for edge types: [7]
nodes.shift keys: [0, 1, 2, 3]
nodes.count keys: [0, 1, 2, 3]
links.meta: {8: (2, 2), 6: (1, 3), 7: (3, 2), 5: (3, 3), 4: (2, 2), 0: (2, 2), 3: (2, 0), 2: (3, 3), 9: (3, 3), 10: (3, 3), 1: (3, 3), 11: (3, 3)}
t_type about to use: 2
h_type: 3
shift dict: {0: 0, 1: 188, 2: 19452, 3: 20010}
count dict: Counter({1: 19264, 3: 940, 2: 558, 0: 188})
Generated 905 negative samples for edge type 7
Epoch 00022, Step00000 | Train_Loss: 0.5457 | Time: 0.0278
Epoch 00022 | Val_Loss 0.8483 | Time(s) 0.0160
EarlyStopping counter: 19 out of 40
Getting training negative samples for edge types: [7]
nodes.shift keys: [0, 1, 2, 3]
nodes.count keys: [0, 1, 2, 3]
links.meta: {8: (2, 2), 6: (1, 3), 7: (3, 2), 5: (3, 3), 4: (2, 2), 0: (2, 2), 3: (2, 0), 2: (3, 3), 9: (3, 3), 10: (3, 3), 1: (3, 3), 11: (3, 3)}
t_type about to use: 2
h_type: 3
shift dict: {0: 0, 1: 188, 2: 19452, 3: 20010}
count dict: Counter({1: 19264, 3: 940, 2: 558, 0: 188})
Generated 905 negative samples for edge type 7
Epoch 00023, Step00000 | Train_Loss: 0.5375 | Time: 0.0436
Epoch 00023 | Val_Loss 0.8838 | Time(s) 0.0151
EarlyStopping counter: 20 out of 40
Getting training negative samples for edge types: [7]
nodes.shift keys: [0, 1, 2, 3]
nodes.count keys: [0, 1, 2, 3]
links.meta: {8: (2, 2), 6: (1, 3), 7: (3, 2), 5: (3, 3), 4: (2, 2), 0: (2, 2), 3: (2, 0), 2: (3, 3), 9: (3, 3), 10: (3, 3), 1: (3, 3), 11: (3, 3)}
t_type about to use: 2
h_type: 3
shift dict: {0: 0, 1: 188, 2: 19452, 3: 20010}
count dict: Counter({1: 19264, 3: 940, 2: 558, 0: 188})
Generated 905 negative samples for edge type 7
Epoch 00024, Step00000 | Train_Loss: 0.5361 | Time: 0.0465
Epoch 00024 | Val_Loss 0.9840 | Time(s) 0.0104
EarlyStopping counter: 21 out of 40
Getting training negative samples for edge types: [7]
nodes.shift keys: [0, 1, 2, 3]
nodes.count keys: [0, 1, 2, 3]
links.meta: {8: (2, 2), 6: (1, 3), 7: (3, 2), 5: (3, 3), 4: (2, 2), 0: (2, 2), 3: (2, 0), 2: (3, 3), 9: (3, 3), 10: (3, 3), 1: (3, 3), 11: (3, 3)}
t_type about to use: 2
h_type: 3
shift dict: {0: 0, 1: 188, 2: 19452, 3: 20010}
count dict: Counter({1: 19264, 3: 940, 2: 558, 0: 188})
Generated 905 negative samples for edge type 7
Epoch 00025, Step00000 | Train_Loss: 0.5443 | Time: 0.0493
Epoch 00025 | Val_Loss 0.8265 | Time(s) 0.0111
EarlyStopping counter: 22 out of 40
Getting training negative samples for edge types: [7]
nodes.shift keys: [0, 1, 2, 3]
nodes.count keys: [0, 1, 2, 3]
links.meta: {8: (2, 2), 6: (1, 3), 7: (3, 2), 5: (3, 3), 4: (2, 2), 0: (2, 2), 3: (2, 0), 2: (3, 3), 9: (3, 3), 10: (3, 3), 1: (3, 3), 11: (3, 3)}
t_type about to use: 2
h_type: 3
shift dict: {0: 0, 1: 188, 2: 19452, 3: 20010}
count dict: Counter({1: 19264, 3: 940, 2: 558, 0: 188})
Generated 905 negative samples for edge type 7
Epoch 00026, Step00000 | Train_Loss: 0.5514 | Time: 0.0498
Epoch 00026 | Val_Loss 0.9169 | Time(s) 0.0104
EarlyStopping counter: 23 out of 40
Getting training negative samples for edge types: [7]
nodes.shift keys: [0, 1, 2, 3]
nodes.count keys: [0, 1, 2, 3]
links.meta: {8: (2, 2), 6: (1, 3), 7: (3, 2), 5: (3, 3), 4: (2, 2), 0: (2, 2), 3: (2, 0), 2: (3, 3), 9: (3, 3), 10: (3, 3), 1: (3, 3), 11: (3, 3)}
t_type about to use: 2
h_type: 3
shift dict: {0: 0, 1: 188, 2: 19452, 3: 20010}
count dict: Counter({1: 19264, 3: 940, 2: 558, 0: 188})
Generated 905 negative samples for edge type 7
Epoch 00027, Step00000 | Train_Loss: 0.5341 | Time: 0.0420
Epoch 00027 | Val_Loss 0.8154 | Time(s) 0.0126
EarlyStopping counter: 24 out of 40
Getting training negative samples for edge types: [7]
nodes.shift keys: [0, 1, 2, 3]
nodes.count keys: [0, 1, 2, 3]
links.meta: {8: (2, 2), 6: (1, 3), 7: (3, 2), 5: (3, 3), 4: (2, 2), 0: (2, 2), 3: (2, 0), 2: (3, 3), 9: (3, 3), 10: (3, 3), 1: (3, 3), 11: (3, 3)}
t_type about to use: 2
h_type: 3
shift dict: {0: 0, 1: 188, 2: 19452, 3: 20010}
count dict: Counter({1: 19264, 3: 940, 2: 558, 0: 188})
Generated 905 negative samples for edge type 7
Epoch 00028, Step00000 | Train_Loss: 0.5483 | Time: 0.0264
Epoch 00028 | Val_Loss 0.8647 | Time(s) 0.0286
EarlyStopping counter: 25 out of 40
Getting training negative samples for edge types: [7]
nodes.shift keys: [0, 1, 2, 3]
nodes.count keys: [0, 1, 2, 3]
links.meta: {8: (2, 2), 6: (1, 3), 7: (3, 2), 5: (3, 3), 4: (2, 2), 0: (2, 2), 3: (2, 0), 2: (3, 3), 9: (3, 3), 10: (3, 3), 1: (3, 3), 11: (3, 3)}
t_type about to use: 2
h_type: 3
shift dict: {0: 0, 1: 188, 2: 19452, 3: 20010}
count dict: Counter({1: 19264, 3: 940, 2: 558, 0: 188})
Generated 905 negative samples for edge type 7
Epoch 00029, Step00000 | Train_Loss: 0.5236 | Time: 0.0261
Epoch 00029 | Val_Loss 0.9244 | Time(s) 0.0300
EarlyStopping counter: 26 out of 40
Getting training negative samples for edge types: [7]
nodes.shift keys: [0, 1, 2, 3]
nodes.count keys: [0, 1, 2, 3]
links.meta: {8: (2, 2), 6: (1, 3), 7: (3, 2), 5: (3, 3), 4: (2, 2), 0: (2, 2), 3: (2, 0), 2: (3, 3), 9: (3, 3), 10: (3, 3), 1: (3, 3), 11: (3, 3)}
t_type about to use: 2
h_type: 3
shift dict: {0: 0, 1: 188, 2: 19452, 3: 20010}
count dict: Counter({1: 19264, 3: 940, 2: 558, 0: 188})
Generated 905 negative samples for edge type 7
Epoch 00030, Step00000 | Train_Loss: 0.5258 | Time: 0.0284
Epoch 00030 | Val_Loss 0.8570 | Time(s) 0.0271
EarlyStopping counter: 27 out of 40
Getting training negative samples for edge types: [7]
nodes.shift keys: [0, 1, 2, 3]
nodes.count keys: [0, 1, 2, 3]
links.meta: {8: (2, 2), 6: (1, 3), 7: (3, 2), 5: (3, 3), 4: (2, 2), 0: (2, 2), 3: (2, 0), 2: (3, 3), 9: (3, 3), 10: (3, 3), 1: (3, 3), 11: (3, 3)}
t_type about to use: 2
h_type: 3
shift dict: {0: 0, 1: 188, 2: 19452, 3: 20010}
count dict: Counter({1: 19264, 3: 940, 2: 558, 0: 188})
Generated 905 negative samples for edge type 7
Epoch 00031, Step00000 | Train_Loss: 0.5332 | Time: 0.0275
Epoch 00031 | Val_Loss 0.9401 | Time(s) 0.0213
EarlyStopping counter: 28 out of 40
Getting training negative samples for edge types: [7]
nodes.shift keys: [0, 1, 2, 3]
nodes.count keys: [0, 1, 2, 3]
links.meta: {8: (2, 2), 6: (1, 3), 7: (3, 2), 5: (3, 3), 4: (2, 2), 0: (2, 2), 3: (2, 0), 2: (3, 3), 9: (3, 3), 10: (3, 3), 1: (3, 3), 11: (3, 3)}
t_type about to use: 2
h_type: 3
shift dict: {0: 0, 1: 188, 2: 19452, 3: 20010}
count dict: Counter({1: 19264, 3: 940, 2: 558, 0: 188})
Generated 905 negative samples for edge type 7
Epoch 00032, Step00000 | Train_Loss: 0.5444 | Time: 0.0317
Epoch 00032 | Val_Loss 0.9197 | Time(s) 0.0149
EarlyStopping counter: 29 out of 40
Getting training negative samples for edge types: [7]
nodes.shift keys: [0, 1, 2, 3]
nodes.count keys: [0, 1, 2, 3]
links.meta: {8: (2, 2), 6: (1, 3), 7: (3, 2), 5: (3, 3), 4: (2, 2), 0: (2, 2), 3: (2, 0), 2: (3, 3), 9: (3, 3), 10: (3, 3), 1: (3, 3), 11: (3, 3)}
t_type about to use: 2
h_type: 3
shift dict: {0: 0, 1: 188, 2: 19452, 3: 20010}
count dict: Counter({1: 19264, 3: 940, 2: 558, 0: 188})
Generated 905 negative samples for edge type 7
Epoch 00033, Step00000 | Train_Loss: 0.5244 | Time: 0.0440
Epoch 00033 | Val_Loss 0.9432 | Time(s) 0.0110
EarlyStopping counter: 30 out of 40
Getting training negative samples for edge types: [7]
nodes.shift keys: [0, 1, 2, 3]
nodes.count keys: [0, 1, 2, 3]
links.meta: {8: (2, 2), 6: (1, 3), 7: (3, 2), 5: (3, 3), 4: (2, 2), 0: (2, 2), 3: (2, 0), 2: (3, 3), 9: (3, 3), 10: (3, 3), 1: (3, 3), 11: (3, 3)}
t_type about to use: 2
h_type: 3
shift dict: {0: 0, 1: 188, 2: 19452, 3: 20010}
count dict: Counter({1: 19264, 3: 940, 2: 558, 0: 188})
Generated 905 negative samples for edge type 7
Epoch 00034, Step00000 | Train_Loss: 0.5284 | Time: 0.0509
Epoch 00034 | Val_Loss 1.0268 | Time(s) 0.0106
EarlyStopping counter: 31 out of 40
Getting training negative samples for edge types: [7]
nodes.shift keys: [0, 1, 2, 3]
nodes.count keys: [0, 1, 2, 3]
links.meta: {8: (2, 2), 6: (1, 3), 7: (3, 2), 5: (3, 3), 4: (2, 2), 0: (2, 2), 3: (2, 0), 2: (3, 3), 9: (3, 3), 10: (3, 3), 1: (3, 3), 11: (3, 3)}
t_type about to use: 2
h_type: 3
shift dict: {0: 0, 1: 188, 2: 19452, 3: 20010}
count dict: Counter({1: 19264, 3: 940, 2: 558, 0: 188})
Generated 905 negative samples for edge type 7
Epoch 00035, Step00000 | Train_Loss: 0.5213 | Time: 0.0353
Epoch 00035 | Val_Loss 0.9254 | Time(s) 0.0196
EarlyStopping counter: 32 out of 40
Getting training negative samples for edge types: [7]
nodes.shift keys: [0, 1, 2, 3]
nodes.count keys: [0, 1, 2, 3]
links.meta: {8: (2, 2), 6: (1, 3), 7: (3, 2), 5: (3, 3), 4: (2, 2), 0: (2, 2), 3: (2, 0), 2: (3, 3), 9: (3, 3), 10: (3, 3), 1: (3, 3), 11: (3, 3)}
t_type about to use: 2
h_type: 3
shift dict: {0: 0, 1: 188, 2: 19452, 3: 20010}
count dict: Counter({1: 19264, 3: 940, 2: 558, 0: 188})
Generated 905 negative samples for edge type 7
Epoch 00036, Step00000 | Train_Loss: 0.5229 | Time: 0.0289
Epoch 00036 | Val_Loss 0.8179 | Time(s) 0.0292
EarlyStopping counter: 33 out of 40
Getting training negative samples for edge types: [7]
nodes.shift keys: [0, 1, 2, 3]
nodes.count keys: [0, 1, 2, 3]
links.meta: {8: (2, 2), 6: (1, 3), 7: (3, 2), 5: (3, 3), 4: (2, 2), 0: (2, 2), 3: (2, 0), 2: (3, 3), 9: (3, 3), 10: (3, 3), 1: (3, 3), 11: (3, 3)}
t_type about to use: 2
h_type: 3
shift dict: {0: 0, 1: 188, 2: 19452, 3: 20010}
count dict: Counter({1: 19264, 3: 940, 2: 558, 0: 188})
Generated 905 negative samples for edge type 7
Epoch 00037, Step00000 | Train_Loss: 0.5183 | Time: 0.0272
Epoch 00037 | Val_Loss 1.0212 | Time(s) 0.0206
EarlyStopping counter: 34 out of 40
Getting training negative samples for edge types: [7]
nodes.shift keys: [0, 1, 2, 3]
nodes.count keys: [0, 1, 2, 3]
links.meta: {8: (2, 2), 6: (1, 3), 7: (3, 2), 5: (3, 3), 4: (2, 2), 0: (2, 2), 3: (2, 0), 2: (3, 3), 9: (3, 3), 10: (3, 3), 1: (3, 3), 11: (3, 3)}
t_type about to use: 2
h_type: 3
shift dict: {0: 0, 1: 188, 2: 19452, 3: 20010}
count dict: Counter({1: 19264, 3: 940, 2: 558, 0: 188})
Generated 905 negative samples for edge type 7
Epoch 00038, Step00000 | Train_Loss: 0.5111 | Time: 0.0325
Epoch 00038 | Val_Loss 0.8755 | Time(s) 0.0145
EarlyStopping counter: 35 out of 40
Getting training negative samples for edge types: [7]
nodes.shift keys: [0, 1, 2, 3]
nodes.count keys: [0, 1, 2, 3]
links.meta: {8: (2, 2), 6: (1, 3), 7: (3, 2), 5: (3, 3), 4: (2, 2), 0: (2, 2), 3: (2, 0), 2: (3, 3), 9: (3, 3), 10: (3, 3), 1: (3, 3), 11: (3, 3)}
t_type about to use: 2
h_type: 3
shift dict: {0: 0, 1: 188, 2: 19452, 3: 20010}
count dict: Counter({1: 19264, 3: 940, 2: 558, 0: 188})
Generated 905 negative samples for edge type 7
Epoch 00039, Step00000 | Train_Loss: 0.5005 | Time: 0.0431
Epoch 00039 | Val_Loss 0.9445 | Time(s) 0.0101
EarlyStopping counter: 36 out of 40
Getting training negative samples for edge types: [7]
nodes.shift keys: [0, 1, 2, 3]
nodes.count keys: [0, 1, 2, 3]
links.meta: {8: (2, 2), 6: (1, 3), 7: (3, 2), 5: (3, 3), 4: (2, 2), 0: (2, 2), 3: (2, 0), 2: (3, 3), 9: (3, 3), 10: (3, 3), 1: (3, 3), 11: (3, 3)}
t_type about to use: 2
h_type: 3
shift dict: {0: 0, 1: 188, 2: 19452, 3: 20010}
count dict: Counter({1: 19264, 3: 940, 2: 558, 0: 188})
Generated 905 negative samples for edge type 7
Epoch 00040, Step00000 | Train_Loss: 0.5214 | Time: 0.0502
Epoch 00040 | Val_Loss 0.9949 | Time(s) 0.0129
EarlyStopping counter: 37 out of 40
Getting training negative samples for edge types: [7]
nodes.shift keys: [0, 1, 2, 3]
nodes.count keys: [0, 1, 2, 3]
links.meta: {8: (2, 2), 6: (1, 3), 7: (3, 2), 5: (3, 3), 4: (2, 2), 0: (2, 2), 3: (2, 0), 2: (3, 3), 9: (3, 3), 10: (3, 3), 1: (3, 3), 11: (3, 3)}
t_type about to use: 2
h_type: 3
shift dict: {0: 0, 1: 188, 2: 19452, 3: 20010}
count dict: Counter({1: 19264, 3: 940, 2: 558, 0: 188})
Generated 905 negative samples for edge type 7
Epoch 00041, Step00000 | Train_Loss: 0.5110 | Time: 0.0499
Epoch 00041 | Val_Loss 0.9431 | Time(s) 0.0102
EarlyStopping counter: 38 out of 40
Getting training negative samples for edge types: [7]
nodes.shift keys: [0, 1, 2, 3]
nodes.count keys: [0, 1, 2, 3]
links.meta: {8: (2, 2), 6: (1, 3), 7: (3, 2), 5: (3, 3), 4: (2, 2), 0: (2, 2), 3: (2, 0), 2: (3, 3), 9: (3, 3), 10: (3, 3), 1: (3, 3), 11: (3, 3)}
t_type about to use: 2
h_type: 3
shift dict: {0: 0, 1: 188, 2: 19452, 3: 20010}
count dict: Counter({1: 19264, 3: 940, 2: 558, 0: 188})
Generated 905 negative samples for edge type 7
Epoch 00042, Step00000 | Train_Loss: 0.5152 | Time: 0.0383
Epoch 00042 | Val_Loss 0.8211 | Time(s) 0.0168
EarlyStopping counter: 39 out of 40
Getting training negative samples for edge types: [7]
nodes.shift keys: [0, 1, 2, 3]
nodes.count keys: [0, 1, 2, 3]
links.meta: {8: (2, 2), 6: (1, 3), 7: (3, 2), 5: (3, 3), 4: (2, 2), 0: (2, 2), 3: (2, 0), 2: (3, 3), 9: (3, 3), 10: (3, 3), 1: (3, 3), 11: (3, 3)}
t_type about to use: 2
h_type: 3
shift dict: {0: 0, 1: 188, 2: 19452, 3: 20010}
count dict: Counter({1: 19264, 3: 940, 2: 558, 0: 188})
Generated 905 negative samples for edge type 7
Epoch 00043, Step00000 | Train_Loss: 0.5009 | Time: 0.0280
Epoch 00043 | Val_Loss 0.9466 | Time(s) 0.0269
EarlyStopping counter: 40 out of 40
Early stopping!
Early stopping!
Meta keys: dict_keys([7])
Data keys: dict_keys([7])
Edge type: 7, Meta: (3, 2)
{'roc_auc': 0.500480109739369, 'MRR': 0.7478102189781021}
{'roc_auc': 0.6400616437196226, 'MRR': 0.8077858880778589}
defaultdict(<class 'float'>, {'roc_auc': 0.500480109739369, 'MRR': 0.7478102189781021})
defaultdict(<class 'float'>, {'roc_auc': 0.6400616437196226, 'MRR': 0.8077858880778589})
Completed: amazon_style_ccct_features_securebert_fold_1

--------------------------------------
Running model: SimpleHGN
Dataset: amazon_style_ccct_features_securebert_fold_2
--------------------------------------
Data path: ../../data/amazon_style_ccct_features_securebert_fold_2
Loading nodes from ../../data/amazon_style_ccct_features_securebert_fold_2/node.dat
edge types: dict_keys([6, 2, 8, 7, 5, 4, 3, 11, 10, 0, 9, 1])
Getting training negative samples for edge types: [7]
nodes.shift keys: [0, 1, 2, 3]
nodes.count keys: [0, 1, 2, 3]
links.meta: {6: (1, 3), 2: (3, 3), 8: (2, 2), 7: (3, 2), 5: (3, 3), 4: (2, 2), 3: (2, 0), 11: (3, 3), 10: (3, 3), 0: (2, 2), 9: (3, 3), 1: (3, 3)}
t_type about to use: 2
h_type: 3
shift dict: {0: 0, 1: 188, 2: 19452, 3: 20010}
count dict: Counter({1: 19264, 3: 940, 2: 558, 0: 188})
Generated 914 negative samples for edge type 7
Features List: [array([[ 0.00445206,  0.01268557,  0.22351578, ..., -0.28678206,
        -0.37460288,  0.18294938],
       [-0.18744846,  0.07075578,  0.0476894 , ..., -0.2232531 ,
        -0.19588573,  0.47988179],
       [-0.17451471, -0.04557271,  0.15712288, ..., -0.05391889,
        -0.20500693,  0.23744845],
       ...,
       [-0.40584856,  0.04715464,  0.24475315, ..., -0.12466257,
        -0.2035536 ,  0.28577447],
       [-0.18835557,  0.03822717,  0.03586731, ..., -0.23435652,
        -0.35453227,  0.38753107],
       [-0.13632202,  0.14362322,  0.08668749, ..., -0.24145249,
        -0.25799868,  0.26464131]]), array([[-0.02302658,  0.0368569 ,  0.00652144, ..., -0.02803515,
        -0.00893309,  0.00342051],
       [-0.01979104,  0.04036582,  0.01475144, ..., -0.00661969,
        -0.01504144,  0.01323287],
       [-0.02346251,  0.03577969,  0.00104941, ..., -0.01948969,
        -0.02273973,  0.01956808],
       ...,
       [ 0.01112562,  0.01252526, -0.00604169, ..., -0.02203615,
        -0.00625044, -0.01684516],
       [-0.02297131,  0.02604213,  0.00098649, ...,  0.00838303,
        -0.00321861, -0.00570687],
       [-0.01075894,  0.00767744, -0.01424407, ..., -0.02184941,
         0.02614397, -0.01134232]]), array([[ 0.00791158, -0.00538086, -0.02676104, ..., -0.01897389,
        -0.01306979, -0.00084801],
       [ 0.01682901, -0.00649696, -0.01921631, ..., -0.01401017,
        -0.0039668 , -0.02202195],
       [ 0.02197852, -0.01403735, -0.05225722, ...,  0.02019661,
         0.00528841,  0.0033033 ],
       ...,
       [ 0.01603197,  0.00716993, -0.01245602, ..., -0.01399604,
        -0.00058955, -0.0256807 ],
       [ 0.01039577,  0.02045547, -0.02146293, ...,  0.01017929,
         0.02390171,  0.00134994],
       [ 0.00462414,  0.0041195 , -0.0135733 , ..., -0.01101827,
         0.00813001,  0.0203817 ]]), array([[ 0.00087804,  0.00658507, -0.02514569, ..., -0.04238372,
         0.00850771, -0.02565438],
       [-0.0006986 ,  0.01542003, -0.03227317, ..., -0.01301633,
         0.01559736, -0.03614859],
       [-0.01135348,  0.00974955, -0.01812623, ..., -0.01920343,
         0.00887381, -0.0152928 ],
       ...,
       [ 0.00701895, -0.01539859, -0.03025482, ..., -0.03644368,
         0.01254067, -0.0236606 ],
       [-0.00414097,  0.00144739, -0.05197839, ...,  0.00216818,
         0.02755725, -0.03143983],
       [ 0.01779867, -0.02493452, -0.0391779 , ..., -0.01159797,
        -0.00619852, -0.02449675]])]
Getting training negative samples for edge types: [7]
nodes.shift keys: [0, 1, 2, 3]
nodes.count keys: [0, 1, 2, 3]
links.meta: {6: (1, 3), 2: (3, 3), 8: (2, 2), 7: (3, 2), 5: (3, 3), 4: (2, 2), 3: (2, 0), 11: (3, 3), 10: (3, 3), 0: (2, 2), 9: (3, 3), 1: (3, 3)}
t_type about to use: 2
h_type: 3
shift dict: {0: 0, 1: 188, 2: 19452, 3: 20010}
count dict: Counter({1: 19264, 3: 940, 2: 558, 0: 188})
Generated 914 negative samples for edge type 7
Epoch 00000, Step00000 | Train_Loss: 0.6935 | Time: 0.5955
Epoch 00000 | Val_Loss 0.6861 | Time(s) 0.0094
Validation loss decreased (inf --> 0.686077).  Saving model ...
Getting training negative samples for edge types: [7]
nodes.shift keys: [0, 1, 2, 3]
nodes.count keys: [0, 1, 2, 3]
links.meta: {6: (1, 3), 2: (3, 3), 8: (2, 2), 7: (3, 2), 5: (3, 3), 4: (2, 2), 3: (2, 0), 11: (3, 3), 10: (3, 3), 0: (2, 2), 9: (3, 3), 1: (3, 3)}
t_type about to use: 2
h_type: 3
shift dict: {0: 0, 1: 188, 2: 19452, 3: 20010}
count dict: Counter({1: 19264, 3: 940, 2: 558, 0: 188})
Generated 914 negative samples for edge type 7
Epoch 00001, Step00000 | Train_Loss: 0.6856 | Time: 0.0418
Epoch 00001 | Val_Loss 0.6752 | Time(s) 0.0148
Validation loss decreased (0.686077 --> 0.675184).  Saving model ...
Getting training negative samples for edge types: [7]
nodes.shift keys: [0, 1, 2, 3]
nodes.count keys: [0, 1, 2, 3]
links.meta: {6: (1, 3), 2: (3, 3), 8: (2, 2), 7: (3, 2), 5: (3, 3), 4: (2, 2), 3: (2, 0), 11: (3, 3), 10: (3, 3), 0: (2, 2), 9: (3, 3), 1: (3, 3)}
t_type about to use: 2
h_type: 3
shift dict: {0: 0, 1: 188, 2: 19452, 3: 20010}
count dict: Counter({1: 19264, 3: 940, 2: 558, 0: 188})
Generated 914 negative samples for edge type 7
Epoch 00002, Step00000 | Train_Loss: 0.6762 | Time: 0.0283
Epoch 00002 | Val_Loss 0.6774 | Time(s) 0.0284
EarlyStopping counter: 1 out of 40
Getting training negative samples for edge types: [7]
nodes.shift keys: [0, 1, 2, 3]
nodes.count keys: [0, 1, 2, 3]
links.meta: {6: (1, 3), 2: (3, 3), 8: (2, 2), 7: (3, 2), 5: (3, 3), 4: (2, 2), 3: (2, 0), 11: (3, 3), 10: (3, 3), 0: (2, 2), 9: (3, 3), 1: (3, 3)}
t_type about to use: 2
h_type: 3
shift dict: {0: 0, 1: 188, 2: 19452, 3: 20010}
count dict: Counter({1: 19264, 3: 940, 2: 558, 0: 188})
Generated 914 negative samples for edge type 7
Epoch 00003, Step00000 | Train_Loss: 0.6666 | Time: 0.0275
Epoch 00003 | Val_Loss 0.6788 | Time(s) 0.0163
EarlyStopping counter: 2 out of 40
Getting training negative samples for edge types: [7]
nodes.shift keys: [0, 1, 2, 3]
nodes.count keys: [0, 1, 2, 3]
links.meta: {6: (1, 3), 2: (3, 3), 8: (2, 2), 7: (3, 2), 5: (3, 3), 4: (2, 2), 3: (2, 0), 11: (3, 3), 10: (3, 3), 0: (2, 2), 9: (3, 3), 1: (3, 3)}
t_type about to use: 2
h_type: 3
shift dict: {0: 0, 1: 188, 2: 19452, 3: 20010}
count dict: Counter({1: 19264, 3: 940, 2: 558, 0: 188})
Generated 914 negative samples for edge type 7
Epoch 00004, Step00000 | Train_Loss: 0.6593 | Time: 0.0433
Epoch 00004 | Val_Loss 0.6720 | Time(s) 0.0093
Validation loss decreased (0.675184 --> 0.671967).  Saving model ...
Getting training negative samples for edge types: [7]
nodes.shift keys: [0, 1, 2, 3]
nodes.count keys: [0, 1, 2, 3]
links.meta: {6: (1, 3), 2: (3, 3), 8: (2, 2), 7: (3, 2), 5: (3, 3), 4: (2, 2), 3: (2, 0), 11: (3, 3), 10: (3, 3), 0: (2, 2), 9: (3, 3), 1: (3, 3)}
t_type about to use: 2
h_type: 3
shift dict: {0: 0, 1: 188, 2: 19452, 3: 20010}
count dict: Counter({1: 19264, 3: 940, 2: 558, 0: 188})
Generated 914 negative samples for edge type 7
Epoch 00005, Step00000 | Train_Loss: 0.6465 | Time: 0.0295
Epoch 00005 | Val_Loss 0.6814 | Time(s) 0.0144
EarlyStopping counter: 1 out of 40
Getting training negative samples for edge types: [7]
nodes.shift keys: [0, 1, 2, 3]
nodes.count keys: [0, 1, 2, 3]
links.meta: {6: (1, 3), 2: (3, 3), 8: (2, 2), 7: (3, 2), 5: (3, 3), 4: (2, 2), 3: (2, 0), 11: (3, 3), 10: (3, 3), 0: (2, 2), 9: (3, 3), 1: (3, 3)}
t_type about to use: 2
h_type: 3
shift dict: {0: 0, 1: 188, 2: 19452, 3: 20010}
count dict: Counter({1: 19264, 3: 940, 2: 558, 0: 188})
Generated 914 negative samples for edge type 7
Epoch 00006, Step00000 | Train_Loss: 0.6362 | Time: 0.0445
Epoch 00006 | Val_Loss 0.6778 | Time(s) 0.0098
EarlyStopping counter: 2 out of 40
Getting training negative samples for edge types: [7]
nodes.shift keys: [0, 1, 2, 3]
nodes.count keys: [0, 1, 2, 3]
links.meta: {6: (1, 3), 2: (3, 3), 8: (2, 2), 7: (3, 2), 5: (3, 3), 4: (2, 2), 3: (2, 0), 11: (3, 3), 10: (3, 3), 0: (2, 2), 9: (3, 3), 1: (3, 3)}
t_type about to use: 2
h_type: 3
shift dict: {0: 0, 1: 188, 2: 19452, 3: 20010}
count dict: Counter({1: 19264, 3: 940, 2: 558, 0: 188})
Generated 914 negative samples for edge type 7
Epoch 00007, Step00000 | Train_Loss: 0.6275 | Time: 0.0505
Epoch 00007 | Val_Loss 0.6700 | Time(s) 0.0095
Validation loss decreased (0.671967 --> 0.669957).  Saving model ...
Getting training negative samples for edge types: [7]
nodes.shift keys: [0, 1, 2, 3]
nodes.count keys: [0, 1, 2, 3]
links.meta: {6: (1, 3), 2: (3, 3), 8: (2, 2), 7: (3, 2), 5: (3, 3), 4: (2, 2), 3: (2, 0), 11: (3, 3), 10: (3, 3), 0: (2, 2), 9: (3, 3), 1: (3, 3)}
t_type about to use: 2
h_type: 3
shift dict: {0: 0, 1: 188, 2: 19452, 3: 20010}
count dict: Counter({1: 19264, 3: 940, 2: 558, 0: 188})
Generated 914 negative samples for edge type 7
Epoch 00008, Step00000 | Train_Loss: 0.6089 | Time: 0.0407
Epoch 00008 | Val_Loss 0.7538 | Time(s) 0.0096
EarlyStopping counter: 1 out of 40
Getting training negative samples for edge types: [7]
nodes.shift keys: [0, 1, 2, 3]
nodes.count keys: [0, 1, 2, 3]
links.meta: {6: (1, 3), 2: (3, 3), 8: (2, 2), 7: (3, 2), 5: (3, 3), 4: (2, 2), 3: (2, 0), 11: (3, 3), 10: (3, 3), 0: (2, 2), 9: (3, 3), 1: (3, 3)}
t_type about to use: 2
h_type: 3
shift dict: {0: 0, 1: 188, 2: 19452, 3: 20010}
count dict: Counter({1: 19264, 3: 940, 2: 558, 0: 188})
Generated 914 negative samples for edge type 7
Epoch 00009, Step00000 | Train_Loss: 0.5997 | Time: 0.0496
Epoch 00009 | Val_Loss 0.7576 | Time(s) 0.0105
EarlyStopping counter: 2 out of 40
Getting training negative samples for edge types: [7]
nodes.shift keys: [0, 1, 2, 3]
nodes.count keys: [0, 1, 2, 3]
links.meta: {6: (1, 3), 2: (3, 3), 8: (2, 2), 7: (3, 2), 5: (3, 3), 4: (2, 2), 3: (2, 0), 11: (3, 3), 10: (3, 3), 0: (2, 2), 9: (3, 3), 1: (3, 3)}
t_type about to use: 2
h_type: 3
shift dict: {0: 0, 1: 188, 2: 19452, 3: 20010}
count dict: Counter({1: 19264, 3: 940, 2: 558, 0: 188})
Generated 914 negative samples for edge type 7
Epoch 00010, Step00000 | Train_Loss: 0.5884 | Time: 0.0373
Epoch 00010 | Val_Loss 0.7367 | Time(s) 0.0159
EarlyStopping counter: 3 out of 40
Getting training negative samples for edge types: [7]
nodes.shift keys: [0, 1, 2, 3]
nodes.count keys: [0, 1, 2, 3]
links.meta: {6: (1, 3), 2: (3, 3), 8: (2, 2), 7: (3, 2), 5: (3, 3), 4: (2, 2), 3: (2, 0), 11: (3, 3), 10: (3, 3), 0: (2, 2), 9: (3, 3), 1: (3, 3)}
t_type about to use: 2
h_type: 3
shift dict: {0: 0, 1: 188, 2: 19452, 3: 20010}
count dict: Counter({1: 19264, 3: 940, 2: 558, 0: 188})
Generated 914 negative samples for edge type 7
Epoch 00011, Step00000 | Train_Loss: 0.5831 | Time: 0.0249
Epoch 00011 | Val_Loss 0.8106 | Time(s) 0.0225
EarlyStopping counter: 4 out of 40
Getting training negative samples for edge types: [7]
nodes.shift keys: [0, 1, 2, 3]
nodes.count keys: [0, 1, 2, 3]
links.meta: {6: (1, 3), 2: (3, 3), 8: (2, 2), 7: (3, 2), 5: (3, 3), 4: (2, 2), 3: (2, 0), 11: (3, 3), 10: (3, 3), 0: (2, 2), 9: (3, 3), 1: (3, 3)}
t_type about to use: 2
h_type: 3
shift dict: {0: 0, 1: 188, 2: 19452, 3: 20010}
count dict: Counter({1: 19264, 3: 940, 2: 558, 0: 188})
Generated 914 negative samples for edge type 7
Epoch 00012, Step00000 | Train_Loss: 0.5659 | Time: 0.0286
Epoch 00012 | Val_Loss 0.8609 | Time(s) 0.0164
EarlyStopping counter: 5 out of 40
Getting training negative samples for edge types: [7]
nodes.shift keys: [0, 1, 2, 3]
nodes.count keys: [0, 1, 2, 3]
links.meta: {6: (1, 3), 2: (3, 3), 8: (2, 2), 7: (3, 2), 5: (3, 3), 4: (2, 2), 3: (2, 0), 11: (3, 3), 10: (3, 3), 0: (2, 2), 9: (3, 3), 1: (3, 3)}
t_type about to use: 2
h_type: 3
shift dict: {0: 0, 1: 188, 2: 19452, 3: 20010}
count dict: Counter({1: 19264, 3: 940, 2: 558, 0: 188})
Generated 914 negative samples for edge type 7
Epoch 00013, Step00000 | Train_Loss: 0.5651 | Time: 0.0419
Epoch 00013 | Val_Loss 0.9206 | Time(s) 0.0108
EarlyStopping counter: 6 out of 40
Getting training negative samples for edge types: [7]
nodes.shift keys: [0, 1, 2, 3]
nodes.count keys: [0, 1, 2, 3]
links.meta: {6: (1, 3), 2: (3, 3), 8: (2, 2), 7: (3, 2), 5: (3, 3), 4: (2, 2), 3: (2, 0), 11: (3, 3), 10: (3, 3), 0: (2, 2), 9: (3, 3), 1: (3, 3)}
t_type about to use: 2
h_type: 3
shift dict: {0: 0, 1: 188, 2: 19452, 3: 20010}
count dict: Counter({1: 19264, 3: 940, 2: 558, 0: 188})
Generated 914 negative samples for edge type 7
Epoch 00014, Step00000 | Train_Loss: 0.5705 | Time: 0.0544
Epoch 00014 | Val_Loss 0.9833 | Time(s) 0.0139
EarlyStopping counter: 7 out of 40
Getting training negative samples for edge types: [7]
nodes.shift keys: [0, 1, 2, 3]
nodes.count keys: [0, 1, 2, 3]
links.meta: {6: (1, 3), 2: (3, 3), 8: (2, 2), 7: (3, 2), 5: (3, 3), 4: (2, 2), 3: (2, 0), 11: (3, 3), 10: (3, 3), 0: (2, 2), 9: (3, 3), 1: (3, 3)}
t_type about to use: 2
h_type: 3
shift dict: {0: 0, 1: 188, 2: 19452, 3: 20010}
count dict: Counter({1: 19264, 3: 940, 2: 558, 0: 188})
Generated 914 negative samples for edge type 7
Epoch 00015, Step00000 | Train_Loss: 0.5713 | Time: 0.0463
Epoch 00015 | Val_Loss 0.9138 | Time(s) 0.0103
EarlyStopping counter: 8 out of 40
Getting training negative samples for edge types: [7]
nodes.shift keys: [0, 1, 2, 3]
nodes.count keys: [0, 1, 2, 3]
links.meta: {6: (1, 3), 2: (3, 3), 8: (2, 2), 7: (3, 2), 5: (3, 3), 4: (2, 2), 3: (2, 0), 11: (3, 3), 10: (3, 3), 0: (2, 2), 9: (3, 3), 1: (3, 3)}
t_type about to use: 2
h_type: 3
shift dict: {0: 0, 1: 188, 2: 19452, 3: 20010}
count dict: Counter({1: 19264, 3: 940, 2: 558, 0: 188})
Generated 914 negative samples for edge type 7
Epoch 00016, Step00000 | Train_Loss: 0.5543 | Time: 0.0514
Epoch 00016 | Val_Loss 0.9881 | Time(s) 0.0113
EarlyStopping counter: 9 out of 40
Getting training negative samples for edge types: [7]
nodes.shift keys: [0, 1, 2, 3]
nodes.count keys: [0, 1, 2, 3]
links.meta: {6: (1, 3), 2: (3, 3), 8: (2, 2), 7: (3, 2), 5: (3, 3), 4: (2, 2), 3: (2, 0), 11: (3, 3), 10: (3, 3), 0: (2, 2), 9: (3, 3), 1: (3, 3)}
t_type about to use: 2
h_type: 3
shift dict: {0: 0, 1: 188, 2: 19452, 3: 20010}
count dict: Counter({1: 19264, 3: 940, 2: 558, 0: 188})
Generated 914 negative samples for edge type 7
Epoch 00017, Step00000 | Train_Loss: 0.5650 | Time: 0.0322
Epoch 00017 | Val_Loss 0.8866 | Time(s) 0.0234
EarlyStopping counter: 10 out of 40
Getting training negative samples for edge types: [7]
nodes.shift keys: [0, 1, 2, 3]
nodes.count keys: [0, 1, 2, 3]
links.meta: {6: (1, 3), 2: (3, 3), 8: (2, 2), 7: (3, 2), 5: (3, 3), 4: (2, 2), 3: (2, 0), 11: (3, 3), 10: (3, 3), 0: (2, 2), 9: (3, 3), 1: (3, 3)}
t_type about to use: 2
h_type: 3
shift dict: {0: 0, 1: 188, 2: 19452, 3: 20010}
count dict: Counter({1: 19264, 3: 940, 2: 558, 0: 188})
Generated 914 negative samples for edge type 7
Epoch 00018, Step00000 | Train_Loss: 0.5648 | Time: 0.0270
Epoch 00018 | Val_Loss 0.9407 | Time(s) 0.0204
EarlyStopping counter: 11 out of 40
Getting training negative samples for edge types: [7]
nodes.shift keys: [0, 1, 2, 3]
nodes.count keys: [0, 1, 2, 3]
links.meta: {6: (1, 3), 2: (3, 3), 8: (2, 2), 7: (3, 2), 5: (3, 3), 4: (2, 2), 3: (2, 0), 11: (3, 3), 10: (3, 3), 0: (2, 2), 9: (3, 3), 1: (3, 3)}
t_type about to use: 2
h_type: 3
shift dict: {0: 0, 1: 188, 2: 19452, 3: 20010}
count dict: Counter({1: 19264, 3: 940, 2: 558, 0: 188})
Generated 914 negative samples for edge type 7
Epoch 00019, Step00000 | Train_Loss: 0.5503 | Time: 0.0322
Epoch 00019 | Val_Loss 0.9588 | Time(s) 0.0142
EarlyStopping counter: 12 out of 40
Getting training negative samples for edge types: [7]
nodes.shift keys: [0, 1, 2, 3]
nodes.count keys: [0, 1, 2, 3]
links.meta: {6: (1, 3), 2: (3, 3), 8: (2, 2), 7: (3, 2), 5: (3, 3), 4: (2, 2), 3: (2, 0), 11: (3, 3), 10: (3, 3), 0: (2, 2), 9: (3, 3), 1: (3, 3)}
t_type about to use: 2
h_type: 3
shift dict: {0: 0, 1: 188, 2: 19452, 3: 20010}
count dict: Counter({1: 19264, 3: 940, 2: 558, 0: 188})
Generated 914 negative samples for edge type 7
Epoch 00020, Step00000 | Train_Loss: 0.5538 | Time: 0.0447
Epoch 00020 | Val_Loss 0.9100 | Time(s) 0.0097
EarlyStopping counter: 13 out of 40
Getting training negative samples for edge types: [7]
nodes.shift keys: [0, 1, 2, 3]
nodes.count keys: [0, 1, 2, 3]
links.meta: {6: (1, 3), 2: (3, 3), 8: (2, 2), 7: (3, 2), 5: (3, 3), 4: (2, 2), 3: (2, 0), 11: (3, 3), 10: (3, 3), 0: (2, 2), 9: (3, 3), 1: (3, 3)}
t_type about to use: 2
h_type: 3
shift dict: {0: 0, 1: 188, 2: 19452, 3: 20010}
count dict: Counter({1: 19264, 3: 940, 2: 558, 0: 188})
Generated 914 negative samples for edge type 7
Epoch 00021, Step00000 | Train_Loss: 0.5511 | Time: 0.0507
Epoch 00021 | Val_Loss 0.8706 | Time(s) 0.0097
EarlyStopping counter: 14 out of 40
Getting training negative samples for edge types: [7]
nodes.shift keys: [0, 1, 2, 3]
nodes.count keys: [0, 1, 2, 3]
links.meta: {6: (1, 3), 2: (3, 3), 8: (2, 2), 7: (3, 2), 5: (3, 3), 4: (2, 2), 3: (2, 0), 11: (3, 3), 10: (3, 3), 0: (2, 2), 9: (3, 3), 1: (3, 3)}
t_type about to use: 2
h_type: 3
shift dict: {0: 0, 1: 188, 2: 19452, 3: 20010}
count dict: Counter({1: 19264, 3: 940, 2: 558, 0: 188})
Generated 914 negative samples for edge type 7
Epoch 00022, Step00000 | Train_Loss: 0.5538 | Time: 0.0317
Epoch 00022 | Val_Loss 0.9208 | Time(s) 0.0255
EarlyStopping counter: 15 out of 40
Getting training negative samples for edge types: [7]
nodes.shift keys: [0, 1, 2, 3]
nodes.count keys: [0, 1, 2, 3]
links.meta: {6: (1, 3), 2: (3, 3), 8: (2, 2), 7: (3, 2), 5: (3, 3), 4: (2, 2), 3: (2, 0), 11: (3, 3), 10: (3, 3), 0: (2, 2), 9: (3, 3), 1: (3, 3)}
t_type about to use: 2
h_type: 3
shift dict: {0: 0, 1: 188, 2: 19452, 3: 20010}
count dict: Counter({1: 19264, 3: 940, 2: 558, 0: 188})
Generated 914 negative samples for edge type 7
Epoch 00023, Step00000 | Train_Loss: 0.5436 | Time: 0.0262
Epoch 00023 | Val_Loss 0.8940 | Time(s) 0.0240
EarlyStopping counter: 16 out of 40
Getting training negative samples for edge types: [7]
nodes.shift keys: [0, 1, 2, 3]
nodes.count keys: [0, 1, 2, 3]
links.meta: {6: (1, 3), 2: (3, 3), 8: (2, 2), 7: (3, 2), 5: (3, 3), 4: (2, 2), 3: (2, 0), 11: (3, 3), 10: (3, 3), 0: (2, 2), 9: (3, 3), 1: (3, 3)}
t_type about to use: 2
h_type: 3
shift dict: {0: 0, 1: 188, 2: 19452, 3: 20010}
count dict: Counter({1: 19264, 3: 940, 2: 558, 0: 188})
Generated 914 negative samples for edge type 7
Epoch 00024, Step00000 | Train_Loss: 0.5440 | Time: 0.0272
Epoch 00024 | Val_Loss 0.8189 | Time(s) 0.0139
EarlyStopping counter: 17 out of 40
Getting training negative samples for edge types: [7]
nodes.shift keys: [0, 1, 2, 3]
nodes.count keys: [0, 1, 2, 3]
links.meta: {6: (1, 3), 2: (3, 3), 8: (2, 2), 7: (3, 2), 5: (3, 3), 4: (2, 2), 3: (2, 0), 11: (3, 3), 10: (3, 3), 0: (2, 2), 9: (3, 3), 1: (3, 3)}
t_type about to use: 2
h_type: 3
shift dict: {0: 0, 1: 188, 2: 19452, 3: 20010}
count dict: Counter({1: 19264, 3: 940, 2: 558, 0: 188})
Generated 914 negative samples for edge type 7
Epoch 00025, Step00000 | Train_Loss: 0.5347 | Time: 0.0444
Epoch 00025 | Val_Loss 0.9278 | Time(s) 0.0097
EarlyStopping counter: 18 out of 40
Getting training negative samples for edge types: [7]
nodes.shift keys: [0, 1, 2, 3]
nodes.count keys: [0, 1, 2, 3]
links.meta: {6: (1, 3), 2: (3, 3), 8: (2, 2), 7: (3, 2), 5: (3, 3), 4: (2, 2), 3: (2, 0), 11: (3, 3), 10: (3, 3), 0: (2, 2), 9: (3, 3), 1: (3, 3)}
t_type about to use: 2
h_type: 3
shift dict: {0: 0, 1: 188, 2: 19452, 3: 20010}
count dict: Counter({1: 19264, 3: 940, 2: 558, 0: 188})
Generated 914 negative samples for edge type 7
Epoch 00026, Step00000 | Train_Loss: 0.5435 | Time: 0.0501
Epoch 00026 | Val_Loss 0.8326 | Time(s) 0.0095
EarlyStopping counter: 19 out of 40
Getting training negative samples for edge types: [7]
nodes.shift keys: [0, 1, 2, 3]
nodes.count keys: [0, 1, 2, 3]
links.meta: {6: (1, 3), 2: (3, 3), 8: (2, 2), 7: (3, 2), 5: (3, 3), 4: (2, 2), 3: (2, 0), 11: (3, 3), 10: (3, 3), 0: (2, 2), 9: (3, 3), 1: (3, 3)}
t_type about to use: 2
h_type: 3
shift dict: {0: 0, 1: 188, 2: 19452, 3: 20010}
count dict: Counter({1: 19264, 3: 940, 2: 558, 0: 188})
Generated 914 negative samples for edge type 7
Epoch 00027, Step00000 | Train_Loss: 0.5558 | Time: 0.0311
Epoch 00027 | Val_Loss 1.0443 | Time(s) 0.0262
EarlyStopping counter: 20 out of 40
Getting training negative samples for edge types: [7]
nodes.shift keys: [0, 1, 2, 3]
nodes.count keys: [0, 1, 2, 3]
links.meta: {6: (1, 3), 2: (3, 3), 8: (2, 2), 7: (3, 2), 5: (3, 3), 4: (2, 2), 3: (2, 0), 11: (3, 3), 10: (3, 3), 0: (2, 2), 9: (3, 3), 1: (3, 3)}
t_type about to use: 2
h_type: 3
shift dict: {0: 0, 1: 188, 2: 19452, 3: 20010}
count dict: Counter({1: 19264, 3: 940, 2: 558, 0: 188})
Generated 914 negative samples for edge type 7
Epoch 00028, Step00000 | Train_Loss: 0.5296 | Time: 0.0258
Epoch 00028 | Val_Loss 0.9365 | Time(s) 0.0251
EarlyStopping counter: 21 out of 40
Getting training negative samples for edge types: [7]
nodes.shift keys: [0, 1, 2, 3]
nodes.count keys: [0, 1, 2, 3]
links.meta: {6: (1, 3), 2: (3, 3), 8: (2, 2), 7: (3, 2), 5: (3, 3), 4: (2, 2), 3: (2, 0), 11: (3, 3), 10: (3, 3), 0: (2, 2), 9: (3, 3), 1: (3, 3)}
t_type about to use: 2
h_type: 3
shift dict: {0: 0, 1: 188, 2: 19452, 3: 20010}
count dict: Counter({1: 19264, 3: 940, 2: 558, 0: 188})
Generated 914 negative samples for edge type 7
Epoch 00029, Step00000 | Train_Loss: 0.5471 | Time: 0.0278
Epoch 00029 | Val_Loss 0.9101 | Time(s) 0.0147
EarlyStopping counter: 22 out of 40
Getting training negative samples for edge types: [7]
nodes.shift keys: [0, 1, 2, 3]
nodes.count keys: [0, 1, 2, 3]
links.meta: {6: (1, 3), 2: (3, 3), 8: (2, 2), 7: (3, 2), 5: (3, 3), 4: (2, 2), 3: (2, 0), 11: (3, 3), 10: (3, 3), 0: (2, 2), 9: (3, 3), 1: (3, 3)}
t_type about to use: 2
h_type: 3
shift dict: {0: 0, 1: 188, 2: 19452, 3: 20010}
count dict: Counter({1: 19264, 3: 940, 2: 558, 0: 188})
Generated 914 negative samples for edge type 7
Epoch 00030, Step00000 | Train_Loss: 0.5386 | Time: 0.0447
Epoch 00030 | Val_Loss 0.9526 | Time(s) 0.0100
EarlyStopping counter: 23 out of 40
Getting training negative samples for edge types: [7]
nodes.shift keys: [0, 1, 2, 3]
nodes.count keys: [0, 1, 2, 3]
links.meta: {6: (1, 3), 2: (3, 3), 8: (2, 2), 7: (3, 2), 5: (3, 3), 4: (2, 2), 3: (2, 0), 11: (3, 3), 10: (3, 3), 0: (2, 2), 9: (3, 3), 1: (3, 3)}
t_type about to use: 2
h_type: 3
shift dict: {0: 0, 1: 188, 2: 19452, 3: 20010}
count dict: Counter({1: 19264, 3: 940, 2: 558, 0: 188})
Generated 914 negative samples for edge type 7
Epoch 00031, Step00000 | Train_Loss: 0.5487 | Time: 0.0510
Epoch 00031 | Val_Loss 0.9574 | Time(s) 0.0096
EarlyStopping counter: 24 out of 40
Getting training negative samples for edge types: [7]
nodes.shift keys: [0, 1, 2, 3]
nodes.count keys: [0, 1, 2, 3]
links.meta: {6: (1, 3), 2: (3, 3), 8: (2, 2), 7: (3, 2), 5: (3, 3), 4: (2, 2), 3: (2, 0), 11: (3, 3), 10: (3, 3), 0: (2, 2), 9: (3, 3), 1: (3, 3)}
t_type about to use: 2
h_type: 3
shift dict: {0: 0, 1: 188, 2: 19452, 3: 20010}
count dict: Counter({1: 19264, 3: 940, 2: 558, 0: 188})
Generated 914 negative samples for edge type 7
Epoch 00032, Step00000 | Train_Loss: 0.5379 | Time: 0.0312
Epoch 00032 | Val_Loss 0.9243 | Time(s) 0.0273
EarlyStopping counter: 25 out of 40
Getting training negative samples for edge types: [7]
nodes.shift keys: [0, 1, 2, 3]
nodes.count keys: [0, 1, 2, 3]
links.meta: {6: (1, 3), 2: (3, 3), 8: (2, 2), 7: (3, 2), 5: (3, 3), 4: (2, 2), 3: (2, 0), 11: (3, 3), 10: (3, 3), 0: (2, 2), 9: (3, 3), 1: (3, 3)}
t_type about to use: 2
h_type: 3
shift dict: {0: 0, 1: 188, 2: 19452, 3: 20010}
count dict: Counter({1: 19264, 3: 940, 2: 558, 0: 188})
Generated 914 negative samples for edge type 7
Epoch 00033, Step00000 | Train_Loss: 0.5516 | Time: 0.0263
Epoch 00033 | Val_Loss 0.9549 | Time(s) 0.0233
EarlyStopping counter: 26 out of 40
Getting training negative samples for edge types: [7]
nodes.shift keys: [0, 1, 2, 3]
nodes.count keys: [0, 1, 2, 3]
links.meta: {6: (1, 3), 2: (3, 3), 8: (2, 2), 7: (3, 2), 5: (3, 3), 4: (2, 2), 3: (2, 0), 11: (3, 3), 10: (3, 3), 0: (2, 2), 9: (3, 3), 1: (3, 3)}
t_type about to use: 2
h_type: 3
shift dict: {0: 0, 1: 188, 2: 19452, 3: 20010}
count dict: Counter({1: 19264, 3: 940, 2: 558, 0: 188})
Generated 914 negative samples for edge type 7
Epoch 00034, Step00000 | Train_Loss: 0.5492 | Time: 0.0294
Epoch 00034 | Val_Loss 1.0027 | Time(s) 0.0165
EarlyStopping counter: 27 out of 40
Getting training negative samples for edge types: [7]
nodes.shift keys: [0, 1, 2, 3]
nodes.count keys: [0, 1, 2, 3]
links.meta: {6: (1, 3), 2: (3, 3), 8: (2, 2), 7: (3, 2), 5: (3, 3), 4: (2, 2), 3: (2, 0), 11: (3, 3), 10: (3, 3), 0: (2, 2), 9: (3, 3), 1: (3, 3)}
t_type about to use: 2
h_type: 3
shift dict: {0: 0, 1: 188, 2: 19452, 3: 20010}
count dict: Counter({1: 19264, 3: 940, 2: 558, 0: 188})
Generated 914 negative samples for edge type 7
Epoch 00035, Step00000 | Train_Loss: 0.5357 | Time: 0.0440
Epoch 00035 | Val_Loss 0.9777 | Time(s) 0.0098
EarlyStopping counter: 28 out of 40
Getting training negative samples for edge types: [7]
nodes.shift keys: [0, 1, 2, 3]
nodes.count keys: [0, 1, 2, 3]
links.meta: {6: (1, 3), 2: (3, 3), 8: (2, 2), 7: (3, 2), 5: (3, 3), 4: (2, 2), 3: (2, 0), 11: (3, 3), 10: (3, 3), 0: (2, 2), 9: (3, 3), 1: (3, 3)}
t_type about to use: 2
h_type: 3
shift dict: {0: 0, 1: 188, 2: 19452, 3: 20010}
count dict: Counter({1: 19264, 3: 940, 2: 558, 0: 188})
Generated 914 negative samples for edge type 7
Epoch 00036, Step00000 | Train_Loss: 0.5368 | Time: 0.0514
Epoch 00036 | Val_Loss 0.9882 | Time(s) 0.0106
EarlyStopping counter: 29 out of 40
Getting training negative samples for edge types: [7]
nodes.shift keys: [0, 1, 2, 3]
nodes.count keys: [0, 1, 2, 3]
links.meta: {6: (1, 3), 2: (3, 3), 8: (2, 2), 7: (3, 2), 5: (3, 3), 4: (2, 2), 3: (2, 0), 11: (3, 3), 10: (3, 3), 0: (2, 2), 9: (3, 3), 1: (3, 3)}
t_type about to use: 2
h_type: 3
shift dict: {0: 0, 1: 188, 2: 19452, 3: 20010}
count dict: Counter({1: 19264, 3: 940, 2: 558, 0: 188})
Generated 914 negative samples for edge type 7
Epoch 00037, Step00000 | Train_Loss: 0.5266 | Time: 0.0322
Epoch 00037 | Val_Loss 0.9378 | Time(s) 0.0233
EarlyStopping counter: 30 out of 40
Getting training negative samples for edge types: [7]
nodes.shift keys: [0, 1, 2, 3]
nodes.count keys: [0, 1, 2, 3]
links.meta: {6: (1, 3), 2: (3, 3), 8: (2, 2), 7: (3, 2), 5: (3, 3), 4: (2, 2), 3: (2, 0), 11: (3, 3), 10: (3, 3), 0: (2, 2), 9: (3, 3), 1: (3, 3)}
t_type about to use: 2
h_type: 3
shift dict: {0: 0, 1: 188, 2: 19452, 3: 20010}
count dict: Counter({1: 19264, 3: 940, 2: 558, 0: 188})
Generated 914 negative samples for edge type 7
Epoch 00038, Step00000 | Train_Loss: 0.5248 | Time: 0.0279
Epoch 00038 | Val_Loss 0.8981 | Time(s) 0.0241
EarlyStopping counter: 31 out of 40
Getting training negative samples for edge types: [7]
nodes.shift keys: [0, 1, 2, 3]
nodes.count keys: [0, 1, 2, 3]
links.meta: {6: (1, 3), 2: (3, 3), 8: (2, 2), 7: (3, 2), 5: (3, 3), 4: (2, 2), 3: (2, 0), 11: (3, 3), 10: (3, 3), 0: (2, 2), 9: (3, 3), 1: (3, 3)}
t_type about to use: 2
h_type: 3
shift dict: {0: 0, 1: 188, 2: 19452, 3: 20010}
count dict: Counter({1: 19264, 3: 940, 2: 558, 0: 188})
Generated 914 negative samples for edge type 7
Epoch 00039, Step00000 | Train_Loss: 0.5383 | Time: 0.0291
Epoch 00039 | Val_Loss 1.0436 | Time(s) 0.0139
EarlyStopping counter: 32 out of 40
Getting training negative samples for edge types: [7]
nodes.shift keys: [0, 1, 2, 3]
nodes.count keys: [0, 1, 2, 3]
links.meta: {6: (1, 3), 2: (3, 3), 8: (2, 2), 7: (3, 2), 5: (3, 3), 4: (2, 2), 3: (2, 0), 11: (3, 3), 10: (3, 3), 0: (2, 2), 9: (3, 3), 1: (3, 3)}
t_type about to use: 2
h_type: 3
shift dict: {0: 0, 1: 188, 2: 19452, 3: 20010}
count dict: Counter({1: 19264, 3: 940, 2: 558, 0: 188})
Generated 914 negative samples for edge type 7
Epoch 00040, Step00000 | Train_Loss: 0.5285 | Time: 0.0449
Epoch 00040 | Val_Loss 0.9850 | Time(s) 0.0097
EarlyStopping counter: 33 out of 40
Getting training negative samples for edge types: [7]
nodes.shift keys: [0, 1, 2, 3]
nodes.count keys: [0, 1, 2, 3]
links.meta: {6: (1, 3), 2: (3, 3), 8: (2, 2), 7: (3, 2), 5: (3, 3), 4: (2, 2), 3: (2, 0), 11: (3, 3), 10: (3, 3), 0: (2, 2), 9: (3, 3), 1: (3, 3)}
t_type about to use: 2
h_type: 3
shift dict: {0: 0, 1: 188, 2: 19452, 3: 20010}
count dict: Counter({1: 19264, 3: 940, 2: 558, 0: 188})
Generated 914 negative samples for edge type 7
Epoch 00041, Step00000 | Train_Loss: 0.5239 | Time: 0.0512
Epoch 00041 | Val_Loss 1.0152 | Time(s) 0.0120
EarlyStopping counter: 34 out of 40
Getting training negative samples for edge types: [7]
nodes.shift keys: [0, 1, 2, 3]
nodes.count keys: [0, 1, 2, 3]
links.meta: {6: (1, 3), 2: (3, 3), 8: (2, 2), 7: (3, 2), 5: (3, 3), 4: (2, 2), 3: (2, 0), 11: (3, 3), 10: (3, 3), 0: (2, 2), 9: (3, 3), 1: (3, 3)}
t_type about to use: 2
h_type: 3
shift dict: {0: 0, 1: 188, 2: 19452, 3: 20010}
count dict: Counter({1: 19264, 3: 940, 2: 558, 0: 188})
Generated 914 negative samples for edge type 7
Epoch 00042, Step00000 | Train_Loss: 0.5283 | Time: 0.0325
Epoch 00042 | Val_Loss 0.9091 | Time(s) 0.0235
EarlyStopping counter: 35 out of 40
Getting training negative samples for edge types: [7]
nodes.shift keys: [0, 1, 2, 3]
nodes.count keys: [0, 1, 2, 3]
links.meta: {6: (1, 3), 2: (3, 3), 8: (2, 2), 7: (3, 2), 5: (3, 3), 4: (2, 2), 3: (2, 0), 11: (3, 3), 10: (3, 3), 0: (2, 2), 9: (3, 3), 1: (3, 3)}
t_type about to use: 2
h_type: 3
shift dict: {0: 0, 1: 188, 2: 19452, 3: 20010}
count dict: Counter({1: 19264, 3: 940, 2: 558, 0: 188})
Generated 914 negative samples for edge type 7
Epoch 00043, Step00000 | Train_Loss: 0.5254 | Time: 0.0261
Epoch 00043 | Val_Loss 1.0362 | Time(s) 0.0281
EarlyStopping counter: 36 out of 40
Getting training negative samples for edge types: [7]
nodes.shift keys: [0, 1, 2, 3]
nodes.count keys: [0, 1, 2, 3]
links.meta: {6: (1, 3), 2: (3, 3), 8: (2, 2), 7: (3, 2), 5: (3, 3), 4: (2, 2), 3: (2, 0), 11: (3, 3), 10: (3, 3), 0: (2, 2), 9: (3, 3), 1: (3, 3)}
t_type about to use: 2
h_type: 3
shift dict: {0: 0, 1: 188, 2: 19452, 3: 20010}
count dict: Counter({1: 19264, 3: 940, 2: 558, 0: 188})
Generated 914 negative samples for edge type 7
Epoch 00044, Step00000 | Train_Loss: 0.5148 | Time: 0.0267
Epoch 00044 | Val_Loss 1.0117 | Time(s) 0.0142
EarlyStopping counter: 37 out of 40
Getting training negative samples for edge types: [7]
nodes.shift keys: [0, 1, 2, 3]
nodes.count keys: [0, 1, 2, 3]
links.meta: {6: (1, 3), 2: (3, 3), 8: (2, 2), 7: (3, 2), 5: (3, 3), 4: (2, 2), 3: (2, 0), 11: (3, 3), 10: (3, 3), 0: (2, 2), 9: (3, 3), 1: (3, 3)}
t_type about to use: 2
h_type: 3
shift dict: {0: 0, 1: 188, 2: 19452, 3: 20010}
count dict: Counter({1: 19264, 3: 940, 2: 558, 0: 188})
Generated 914 negative samples for edge type 7
Epoch 00045, Step00000 | Train_Loss: 0.5271 | Time: 0.0443
Epoch 00045 | Val_Loss 1.0693 | Time(s) 0.0096
EarlyStopping counter: 38 out of 40
Getting training negative samples for edge types: [7]
nodes.shift keys: [0, 1, 2, 3]
nodes.count keys: [0, 1, 2, 3]
links.meta: {6: (1, 3), 2: (3, 3), 8: (2, 2), 7: (3, 2), 5: (3, 3), 4: (2, 2), 3: (2, 0), 11: (3, 3), 10: (3, 3), 0: (2, 2), 9: (3, 3), 1: (3, 3)}
t_type about to use: 2
h_type: 3
shift dict: {0: 0, 1: 188, 2: 19452, 3: 20010}
count dict: Counter({1: 19264, 3: 940, 2: 558, 0: 188})
Generated 914 negative samples for edge type 7
Epoch 00046, Step00000 | Train_Loss: 0.5267 | Time: 0.0491
Epoch 00046 | Val_Loss 0.9402 | Time(s) 0.0113
EarlyStopping counter: 39 out of 40
Getting training negative samples for edge types: [7]
nodes.shift keys: [0, 1, 2, 3]
nodes.count keys: [0, 1, 2, 3]
links.meta: {6: (1, 3), 2: (3, 3), 8: (2, 2), 7: (3, 2), 5: (3, 3), 4: (2, 2), 3: (2, 0), 11: (3, 3), 10: (3, 3), 0: (2, 2), 9: (3, 3), 1: (3, 3)}
t_type about to use: 2
h_type: 3
shift dict: {0: 0, 1: 188, 2: 19452, 3: 20010}
count dict: Counter({1: 19264, 3: 940, 2: 558, 0: 188})
Generated 914 negative samples for edge type 7
Epoch 00047, Step00000 | Train_Loss: 0.5099 | Time: 0.0505
Epoch 00047 | Val_Loss 0.9784 | Time(s) 0.0096
EarlyStopping counter: 40 out of 40
Early stopping!
Early stopping!
Meta keys: dict_keys([7])
Data keys: dict_keys([7])
Edge type: 7, Meta: (3, 2)
{'roc_auc': 0.5445094800344729, 'MRR': 0.772636815920398}
{'roc_auc': 0.6580723929905199, 'MRR': 0.801865671641791}
defaultdict(<class 'float'>, {'roc_auc': 0.5445094800344729, 'MRR': 0.772636815920398})
defaultdict(<class 'float'>, {'roc_auc': 0.6580723929905199, 'MRR': 0.801865671641791})
Completed: amazon_style_ccct_features_securebert_fold_2

--------------------------------------
Running model: SimpleHGN
Dataset: amazon_style_ccct_features_securebert_fold_3
--------------------------------------
Data path: ../../data/amazon_style_ccct_features_securebert_fold_3
Loading nodes from ../../data/amazon_style_ccct_features_securebert_fold_3/node.dat
edge types: dict_keys([6, 2, 8, 7, 5, 4, 3, 11, 10, 0, 9, 1])
Getting training negative samples for edge types: [7]
nodes.shift keys: [0, 1, 2, 3]
nodes.count keys: [0, 1, 2, 3]
links.meta: {6: (1, 3), 2: (3, 3), 8: (2, 2), 7: (3, 2), 5: (3, 3), 4: (2, 2), 3: (2, 0), 11: (3, 3), 10: (3, 3), 0: (2, 2), 9: (3, 3), 1: (3, 3)}
t_type about to use: 2
h_type: 3
shift dict: {0: 0, 1: 188, 2: 19452, 3: 20010}
count dict: Counter({1: 19264, 3: 940, 2: 558, 0: 188})
Generated 900 negative samples for edge type 7
Features List: [array([[ 0.00445206,  0.01268557,  0.22351578, ..., -0.28678206,
        -0.37460288,  0.18294938],
       [-0.18744846,  0.07075578,  0.0476894 , ..., -0.2232531 ,
        -0.19588573,  0.47988179],
       [-0.17451471, -0.04557271,  0.15712288, ..., -0.05391889,
        -0.20500693,  0.23744845],
       ...,
       [-0.40584856,  0.04715464,  0.24475315, ..., -0.12466257,
        -0.2035536 ,  0.28577447],
       [-0.18835557,  0.03822717,  0.03586731, ..., -0.23435652,
        -0.35453227,  0.38753107],
       [-0.13632202,  0.14362322,  0.08668749, ..., -0.24145249,
        -0.25799868,  0.26464131]]), array([[-0.02302658,  0.0368569 ,  0.00652144, ..., -0.02803515,
        -0.00893309,  0.00342051],
       [-0.01979104,  0.04036582,  0.01475144, ..., -0.00661969,
        -0.01504144,  0.01323287],
       [-0.02346251,  0.03577969,  0.00104941, ..., -0.01948969,
        -0.02273973,  0.01956808],
       ...,
       [ 0.01112562,  0.01252526, -0.00604169, ..., -0.02203615,
        -0.00625044, -0.01684516],
       [-0.02297131,  0.02604213,  0.00098649, ...,  0.00838303,
        -0.00321861, -0.00570687],
       [-0.01075894,  0.00767744, -0.01424407, ..., -0.02184941,
         0.02614397, -0.01134232]]), array([[ 0.00791158, -0.00538086, -0.02676104, ..., -0.01897389,
        -0.01306979, -0.00084801],
       [ 0.01682901, -0.00649696, -0.01921631, ..., -0.01401017,
        -0.0039668 , -0.02202195],
       [ 0.02197852, -0.01403735, -0.05225722, ...,  0.02019661,
         0.00528841,  0.0033033 ],
       ...,
       [ 0.01603197,  0.00716993, -0.01245602, ..., -0.01399604,
        -0.00058955, -0.0256807 ],
       [ 0.01039577,  0.02045547, -0.02146293, ...,  0.01017929,
         0.02390171,  0.00134994],
       [ 0.00462414,  0.0041195 , -0.0135733 , ..., -0.01101827,
         0.00813001,  0.0203817 ]]), array([[ 0.00087804,  0.00658507, -0.02514569, ..., -0.04238372,
         0.00850771, -0.02565438],
       [-0.0006986 ,  0.01542003, -0.03227317, ..., -0.01301633,
         0.01559736, -0.03614859],
       [-0.01135348,  0.00974955, -0.01812623, ..., -0.01920343,
         0.00887381, -0.0152928 ],
       ...,
       [ 0.00701895, -0.01539859, -0.03025482, ..., -0.03644368,
         0.01254067, -0.0236606 ],
       [-0.00414097,  0.00144739, -0.05197839, ...,  0.00216818,
         0.02755725, -0.03143983],
       [ 0.01779867, -0.02493452, -0.0391779 , ..., -0.01159797,
        -0.00619852, -0.02449675]])]
Getting training negative samples for edge types: [7]
nodes.shift keys: [0, 1, 2, 3]
nodes.count keys: [0, 1, 2, 3]
links.meta: {6: (1, 3), 2: (3, 3), 8: (2, 2), 7: (3, 2), 5: (3, 3), 4: (2, 2), 3: (2, 0), 11: (3, 3), 10: (3, 3), 0: (2, 2), 9: (3, 3), 1: (3, 3)}
t_type about to use: 2
h_type: 3
shift dict: {0: 0, 1: 188, 2: 19452, 3: 20010}
count dict: Counter({1: 19264, 3: 940, 2: 558, 0: 188})
Generated 900 negative samples for edge type 7
Epoch 00000, Step00000 | Train_Loss: 0.6920 | Time: 0.5737
Epoch 00000 | Val_Loss 0.6870 | Time(s) 0.0144
Validation loss decreased (inf --> 0.687022).  Saving model ...
Getting training negative samples for edge types: [7]
nodes.shift keys: [0, 1, 2, 3]
nodes.count keys: [0, 1, 2, 3]
links.meta: {6: (1, 3), 2: (3, 3), 8: (2, 2), 7: (3, 2), 5: (3, 3), 4: (2, 2), 3: (2, 0), 11: (3, 3), 10: (3, 3), 0: (2, 2), 9: (3, 3), 1: (3, 3)}
t_type about to use: 2
h_type: 3
shift dict: {0: 0, 1: 188, 2: 19452, 3: 20010}
count dict: Counter({1: 19264, 3: 940, 2: 558, 0: 188})
Generated 900 negative samples for edge type 7
Epoch 00001, Step00000 | Train_Loss: 0.6839 | Time: 0.0532
Epoch 00001 | Val_Loss 0.6749 | Time(s) 0.0109
Validation loss decreased (0.687022 --> 0.674917).  Saving model ...
Getting training negative samples for edge types: [7]
nodes.shift keys: [0, 1, 2, 3]
nodes.count keys: [0, 1, 2, 3]
links.meta: {6: (1, 3), 2: (3, 3), 8: (2, 2), 7: (3, 2), 5: (3, 3), 4: (2, 2), 3: (2, 0), 11: (3, 3), 10: (3, 3), 0: (2, 2), 9: (3, 3), 1: (3, 3)}
t_type about to use: 2
h_type: 3
shift dict: {0: 0, 1: 188, 2: 19452, 3: 20010}
count dict: Counter({1: 19264, 3: 940, 2: 558, 0: 188})
Generated 900 negative samples for edge type 7
Epoch 00002, Step00000 | Train_Loss: 0.6752 | Time: 0.0482
Epoch 00002 | Val_Loss 0.6758 | Time(s) 0.0192
EarlyStopping counter: 1 out of 40
Getting training negative samples for edge types: [7]
nodes.shift keys: [0, 1, 2, 3]
nodes.count keys: [0, 1, 2, 3]
links.meta: {6: (1, 3), 2: (3, 3), 8: (2, 2), 7: (3, 2), 5: (3, 3), 4: (2, 2), 3: (2, 0), 11: (3, 3), 10: (3, 3), 0: (2, 2), 9: (3, 3), 1: (3, 3)}
t_type about to use: 2
h_type: 3
shift dict: {0: 0, 1: 188, 2: 19452, 3: 20010}
count dict: Counter({1: 19264, 3: 940, 2: 558, 0: 188})
Generated 900 negative samples for edge type 7
Epoch 00003, Step00000 | Train_Loss: 0.6617 | Time: 0.0372
Epoch 00003 | Val_Loss 0.6682 | Time(s) 0.0164
Validation loss decreased (0.674917 --> 0.668241).  Saving model ...
Getting training negative samples for edge types: [7]
nodes.shift keys: [0, 1, 2, 3]
nodes.count keys: [0, 1, 2, 3]
links.meta: {6: (1, 3), 2: (3, 3), 8: (2, 2), 7: (3, 2), 5: (3, 3), 4: (2, 2), 3: (2, 0), 11: (3, 3), 10: (3, 3), 0: (2, 2), 9: (3, 3), 1: (3, 3)}
t_type about to use: 2
h_type: 3
shift dict: {0: 0, 1: 188, 2: 19452, 3: 20010}
count dict: Counter({1: 19264, 3: 940, 2: 558, 0: 188})
Generated 900 negative samples for edge type 7
Epoch 00004, Step00000 | Train_Loss: 0.6507 | Time: 0.0352
Epoch 00004 | Val_Loss 0.6972 | Time(s) 0.0234
EarlyStopping counter: 1 out of 40
Getting training negative samples for edge types: [7]
nodes.shift keys: [0, 1, 2, 3]
nodes.count keys: [0, 1, 2, 3]
links.meta: {6: (1, 3), 2: (3, 3), 8: (2, 2), 7: (3, 2), 5: (3, 3), 4: (2, 2), 3: (2, 0), 11: (3, 3), 10: (3, 3), 0: (2, 2), 9: (3, 3), 1: (3, 3)}
t_type about to use: 2
h_type: 3
shift dict: {0: 0, 1: 188, 2: 19452, 3: 20010}
count dict: Counter({1: 19264, 3: 940, 2: 558, 0: 188})
Generated 900 negative samples for edge type 7
Epoch 00005, Step00000 | Train_Loss: 0.6402 | Time: 0.0294
Epoch 00005 | Val_Loss 0.6709 | Time(s) 0.0295
EarlyStopping counter: 2 out of 40
Getting training negative samples for edge types: [7]
nodes.shift keys: [0, 1, 2, 3]
nodes.count keys: [0, 1, 2, 3]
links.meta: {6: (1, 3), 2: (3, 3), 8: (2, 2), 7: (3, 2), 5: (3, 3), 4: (2, 2), 3: (2, 0), 11: (3, 3), 10: (3, 3), 0: (2, 2), 9: (3, 3), 1: (3, 3)}
t_type about to use: 2
h_type: 3
shift dict: {0: 0, 1: 188, 2: 19452, 3: 20010}
count dict: Counter({1: 19264, 3: 940, 2: 558, 0: 188})
Generated 900 negative samples for edge type 7
Epoch 00006, Step00000 | Train_Loss: 0.6193 | Time: 0.0310
Epoch 00006 | Val_Loss 0.6379 | Time(s) 0.0289
Validation loss decreased (0.668241 --> 0.637899).  Saving model ...
Getting training negative samples for edge types: [7]
nodes.shift keys: [0, 1, 2, 3]
nodes.count keys: [0, 1, 2, 3]
links.meta: {6: (1, 3), 2: (3, 3), 8: (2, 2), 7: (3, 2), 5: (3, 3), 4: (2, 2), 3: (2, 0), 11: (3, 3), 10: (3, 3), 0: (2, 2), 9: (3, 3), 1: (3, 3)}
t_type about to use: 2
h_type: 3
shift dict: {0: 0, 1: 188, 2: 19452, 3: 20010}
count dict: Counter({1: 19264, 3: 940, 2: 558, 0: 188})
Generated 900 negative samples for edge type 7
Epoch 00007, Step00000 | Train_Loss: 0.6118 | Time: 0.0525
Epoch 00007 | Val_Loss 0.6849 | Time(s) 0.0125
EarlyStopping counter: 1 out of 40
Getting training negative samples for edge types: [7]
nodes.shift keys: [0, 1, 2, 3]
nodes.count keys: [0, 1, 2, 3]
links.meta: {6: (1, 3), 2: (3, 3), 8: (2, 2), 7: (3, 2), 5: (3, 3), 4: (2, 2), 3: (2, 0), 11: (3, 3), 10: (3, 3), 0: (2, 2), 9: (3, 3), 1: (3, 3)}
t_type about to use: 2
h_type: 3
shift dict: {0: 0, 1: 188, 2: 19452, 3: 20010}
count dict: Counter({1: 19264, 3: 940, 2: 558, 0: 188})
Generated 900 negative samples for edge type 7
Epoch 00008, Step00000 | Train_Loss: 0.6003 | Time: 0.0511
Epoch 00008 | Val_Loss 0.6851 | Time(s) 0.0144
EarlyStopping counter: 2 out of 40
Getting training negative samples for edge types: [7]
nodes.shift keys: [0, 1, 2, 3]
nodes.count keys: [0, 1, 2, 3]
links.meta: {6: (1, 3), 2: (3, 3), 8: (2, 2), 7: (3, 2), 5: (3, 3), 4: (2, 2), 3: (2, 0), 11: (3, 3), 10: (3, 3), 0: (2, 2), 9: (3, 3), 1: (3, 3)}
t_type about to use: 2
h_type: 3
shift dict: {0: 0, 1: 188, 2: 19452, 3: 20010}
count dict: Counter({1: 19264, 3: 940, 2: 558, 0: 188})
Generated 900 negative samples for edge type 7
Epoch 00009, Step00000 | Train_Loss: 0.5989 | Time: 0.0378
Epoch 00009 | Val_Loss 0.7382 | Time(s) 0.0160
EarlyStopping counter: 3 out of 40
Getting training negative samples for edge types: [7]
nodes.shift keys: [0, 1, 2, 3]
nodes.count keys: [0, 1, 2, 3]
links.meta: {6: (1, 3), 2: (3, 3), 8: (2, 2), 7: (3, 2), 5: (3, 3), 4: (2, 2), 3: (2, 0), 11: (3, 3), 10: (3, 3), 0: (2, 2), 9: (3, 3), 1: (3, 3)}
t_type about to use: 2
h_type: 3
shift dict: {0: 0, 1: 188, 2: 19452, 3: 20010}
count dict: Counter({1: 19264, 3: 940, 2: 558, 0: 188})
Generated 900 negative samples for edge type 7
Epoch 00010, Step00000 | Train_Loss: 0.5852 | Time: 0.0260
Epoch 00010 | Val_Loss 0.8346 | Time(s) 0.0288
EarlyStopping counter: 4 out of 40
Getting training negative samples for edge types: [7]
nodes.shift keys: [0, 1, 2, 3]
nodes.count keys: [0, 1, 2, 3]
links.meta: {6: (1, 3), 2: (3, 3), 8: (2, 2), 7: (3, 2), 5: (3, 3), 4: (2, 2), 3: (2, 0), 11: (3, 3), 10: (3, 3), 0: (2, 2), 9: (3, 3), 1: (3, 3)}
t_type about to use: 2
h_type: 3
shift dict: {0: 0, 1: 188, 2: 19452, 3: 20010}
count dict: Counter({1: 19264, 3: 940, 2: 558, 0: 188})
Generated 900 negative samples for edge type 7
Epoch 00011, Step00000 | Train_Loss: 0.5654 | Time: 0.0253
Epoch 00011 | Val_Loss 0.9142 | Time(s) 0.0262
EarlyStopping counter: 5 out of 40
Getting training negative samples for edge types: [7]
nodes.shift keys: [0, 1, 2, 3]
nodes.count keys: [0, 1, 2, 3]
links.meta: {6: (1, 3), 2: (3, 3), 8: (2, 2), 7: (3, 2), 5: (3, 3), 4: (2, 2), 3: (2, 0), 11: (3, 3), 10: (3, 3), 0: (2, 2), 9: (3, 3), 1: (3, 3)}
t_type about to use: 2
h_type: 3
shift dict: {0: 0, 1: 188, 2: 19452, 3: 20010}
count dict: Counter({1: 19264, 3: 940, 2: 558, 0: 188})
Generated 900 negative samples for edge type 7
Epoch 00012, Step00000 | Train_Loss: 0.5743 | Time: 0.0257
Epoch 00012 | Val_Loss 0.8899 | Time(s) 0.0242
EarlyStopping counter: 6 out of 40
Getting training negative samples for edge types: [7]
nodes.shift keys: [0, 1, 2, 3]
nodes.count keys: [0, 1, 2, 3]
links.meta: {6: (1, 3), 2: (3, 3), 8: (2, 2), 7: (3, 2), 5: (3, 3), 4: (2, 2), 3: (2, 0), 11: (3, 3), 10: (3, 3), 0: (2, 2), 9: (3, 3), 1: (3, 3)}
t_type about to use: 2
h_type: 3
shift dict: {0: 0, 1: 188, 2: 19452, 3: 20010}
count dict: Counter({1: 19264, 3: 940, 2: 558, 0: 188})
Generated 900 negative samples for edge type 7
Epoch 00013, Step00000 | Train_Loss: 0.5584 | Time: 0.0351
Epoch 00013 | Val_Loss 0.9206 | Time(s) 0.0296
EarlyStopping counter: 7 out of 40
Getting training negative samples for edge types: [7]
nodes.shift keys: [0, 1, 2, 3]
nodes.count keys: [0, 1, 2, 3]
links.meta: {6: (1, 3), 2: (3, 3), 8: (2, 2), 7: (3, 2), 5: (3, 3), 4: (2, 2), 3: (2, 0), 11: (3, 3), 10: (3, 3), 0: (2, 2), 9: (3, 3), 1: (3, 3)}
t_type about to use: 2
h_type: 3
shift dict: {0: 0, 1: 188, 2: 19452, 3: 20010}
count dict: Counter({1: 19264, 3: 940, 2: 558, 0: 188})
Generated 900 negative samples for edge type 7
Epoch 00014, Step00000 | Train_Loss: 0.5651 | Time: 0.0279
Epoch 00014 | Val_Loss 0.9444 | Time(s) 0.0311
EarlyStopping counter: 8 out of 40
Getting training negative samples for edge types: [7]
nodes.shift keys: [0, 1, 2, 3]
nodes.count keys: [0, 1, 2, 3]
links.meta: {6: (1, 3), 2: (3, 3), 8: (2, 2), 7: (3, 2), 5: (3, 3), 4: (2, 2), 3: (2, 0), 11: (3, 3), 10: (3, 3), 0: (2, 2), 9: (3, 3), 1: (3, 3)}
t_type about to use: 2
h_type: 3
shift dict: {0: 0, 1: 188, 2: 19452, 3: 20010}
count dict: Counter({1: 19264, 3: 940, 2: 558, 0: 188})
Generated 900 negative samples for edge type 7
Epoch 00015, Step00000 | Train_Loss: 0.5579 | Time: 0.0374
Epoch 00015 | Val_Loss 1.0059 | Time(s) 0.0287
EarlyStopping counter: 9 out of 40
Getting training negative samples for edge types: [7]
nodes.shift keys: [0, 1, 2, 3]
nodes.count keys: [0, 1, 2, 3]
links.meta: {6: (1, 3), 2: (3, 3), 8: (2, 2), 7: (3, 2), 5: (3, 3), 4: (2, 2), 3: (2, 0), 11: (3, 3), 10: (3, 3), 0: (2, 2), 9: (3, 3), 1: (3, 3)}
t_type about to use: 2
h_type: 3
shift dict: {0: 0, 1: 188, 2: 19452, 3: 20010}
count dict: Counter({1: 19264, 3: 940, 2: 558, 0: 188})
Generated 900 negative samples for edge type 7
Epoch 00016, Step00000 | Train_Loss: 0.5405 | Time: 0.0278
Epoch 00016 | Val_Loss 0.9844 | Time(s) 0.0266
EarlyStopping counter: 10 out of 40
Getting training negative samples for edge types: [7]
nodes.shift keys: [0, 1, 2, 3]
nodes.count keys: [0, 1, 2, 3]
links.meta: {6: (1, 3), 2: (3, 3), 8: (2, 2), 7: (3, 2), 5: (3, 3), 4: (2, 2), 3: (2, 0), 11: (3, 3), 10: (3, 3), 0: (2, 2), 9: (3, 3), 1: (3, 3)}
t_type about to use: 2
h_type: 3
shift dict: {0: 0, 1: 188, 2: 19452, 3: 20010}
count dict: Counter({1: 19264, 3: 940, 2: 558, 0: 188})
Generated 900 negative samples for edge type 7
Epoch 00017, Step00000 | Train_Loss: 0.5596 | Time: 0.0275
Epoch 00017 | Val_Loss 0.9835 | Time(s) 0.0253
EarlyStopping counter: 11 out of 40
Getting training negative samples for edge types: [7]
nodes.shift keys: [0, 1, 2, 3]
nodes.count keys: [0, 1, 2, 3]
links.meta: {6: (1, 3), 2: (3, 3), 8: (2, 2), 7: (3, 2), 5: (3, 3), 4: (2, 2), 3: (2, 0), 11: (3, 3), 10: (3, 3), 0: (2, 2), 9: (3, 3), 1: (3, 3)}
t_type about to use: 2
h_type: 3
shift dict: {0: 0, 1: 188, 2: 19452, 3: 20010}
count dict: Counter({1: 19264, 3: 940, 2: 558, 0: 188})
Generated 900 negative samples for edge type 7
Epoch 00018, Step00000 | Train_Loss: 0.5418 | Time: 0.0287
Epoch 00018 | Val_Loss 0.9509 | Time(s) 0.0249
EarlyStopping counter: 12 out of 40
Getting training negative samples for edge types: [7]
nodes.shift keys: [0, 1, 2, 3]
nodes.count keys: [0, 1, 2, 3]
links.meta: {6: (1, 3), 2: (3, 3), 8: (2, 2), 7: (3, 2), 5: (3, 3), 4: (2, 2), 3: (2, 0), 11: (3, 3), 10: (3, 3), 0: (2, 2), 9: (3, 3), 1: (3, 3)}
t_type about to use: 2
h_type: 3
shift dict: {0: 0, 1: 188, 2: 19452, 3: 20010}
count dict: Counter({1: 19264, 3: 940, 2: 558, 0: 188})
Generated 900 negative samples for edge type 7
Epoch 00019, Step00000 | Train_Loss: 0.5456 | Time: 0.0297
Epoch 00019 | Val_Loss 1.0118 | Time(s) 0.0210
EarlyStopping counter: 13 out of 40
Getting training negative samples for edge types: [7]
nodes.shift keys: [0, 1, 2, 3]
nodes.count keys: [0, 1, 2, 3]
links.meta: {6: (1, 3), 2: (3, 3), 8: (2, 2), 7: (3, 2), 5: (3, 3), 4: (2, 2), 3: (2, 0), 11: (3, 3), 10: (3, 3), 0: (2, 2), 9: (3, 3), 1: (3, 3)}
t_type about to use: 2
h_type: 3
shift dict: {0: 0, 1: 188, 2: 19452, 3: 20010}
count dict: Counter({1: 19264, 3: 940, 2: 558, 0: 188})
Generated 900 negative samples for edge type 7
Epoch 00020, Step00000 | Train_Loss: 0.5376 | Time: 0.0358
Epoch 00020 | Val_Loss 1.0253 | Time(s) 0.0152
EarlyStopping counter: 14 out of 40
Getting training negative samples for edge types: [7]
nodes.shift keys: [0, 1, 2, 3]
nodes.count keys: [0, 1, 2, 3]
links.meta: {6: (1, 3), 2: (3, 3), 8: (2, 2), 7: (3, 2), 5: (3, 3), 4: (2, 2), 3: (2, 0), 11: (3, 3), 10: (3, 3), 0: (2, 2), 9: (3, 3), 1: (3, 3)}
t_type about to use: 2
h_type: 3
shift dict: {0: 0, 1: 188, 2: 19452, 3: 20010}
count dict: Counter({1: 19264, 3: 940, 2: 558, 0: 188})
Generated 900 negative samples for edge type 7
Epoch 00021, Step00000 | Train_Loss: 0.5296 | Time: 0.0439
Epoch 00021 | Val_Loss 0.9462 | Time(s) 0.0099
EarlyStopping counter: 15 out of 40
Getting training negative samples for edge types: [7]
nodes.shift keys: [0, 1, 2, 3]
nodes.count keys: [0, 1, 2, 3]
links.meta: {6: (1, 3), 2: (3, 3), 8: (2, 2), 7: (3, 2), 5: (3, 3), 4: (2, 2), 3: (2, 0), 11: (3, 3), 10: (3, 3), 0: (2, 2), 9: (3, 3), 1: (3, 3)}
t_type about to use: 2
h_type: 3
shift dict: {0: 0, 1: 188, 2: 19452, 3: 20010}
count dict: Counter({1: 19264, 3: 940, 2: 558, 0: 188})
Generated 900 negative samples for edge type 7
Epoch 00022, Step00000 | Train_Loss: 0.5460 | Time: 0.0467
Epoch 00022 | Val_Loss 0.9508 | Time(s) 0.0105
EarlyStopping counter: 16 out of 40
Getting training negative samples for edge types: [7]
nodes.shift keys: [0, 1, 2, 3]
nodes.count keys: [0, 1, 2, 3]
links.meta: {6: (1, 3), 2: (3, 3), 8: (2, 2), 7: (3, 2), 5: (3, 3), 4: (2, 2), 3: (2, 0), 11: (3, 3), 10: (3, 3), 0: (2, 2), 9: (3, 3), 1: (3, 3)}
t_type about to use: 2
h_type: 3
shift dict: {0: 0, 1: 188, 2: 19452, 3: 20010}
count dict: Counter({1: 19264, 3: 940, 2: 558, 0: 188})
Generated 900 negative samples for edge type 7
Epoch 00023, Step00000 | Train_Loss: 0.5488 | Time: 0.0501
Epoch 00023 | Val_Loss 0.9742 | Time(s) 0.0096
EarlyStopping counter: 17 out of 40
Getting training negative samples for edge types: [7]
nodes.shift keys: [0, 1, 2, 3]
nodes.count keys: [0, 1, 2, 3]
links.meta: {6: (1, 3), 2: (3, 3), 8: (2, 2), 7: (3, 2), 5: (3, 3), 4: (2, 2), 3: (2, 0), 11: (3, 3), 10: (3, 3), 0: (2, 2), 9: (3, 3), 1: (3, 3)}
t_type about to use: 2
h_type: 3
shift dict: {0: 0, 1: 188, 2: 19452, 3: 20010}
count dict: Counter({1: 19264, 3: 940, 2: 558, 0: 188})
Generated 900 negative samples for edge type 7
Epoch 00024, Step00000 | Train_Loss: 0.5467 | Time: 0.0510
Epoch 00024 | Val_Loss 0.9209 | Time(s) 0.0096
EarlyStopping counter: 18 out of 40
Getting training negative samples for edge types: [7]
nodes.shift keys: [0, 1, 2, 3]
nodes.count keys: [0, 1, 2, 3]
links.meta: {6: (1, 3), 2: (3, 3), 8: (2, 2), 7: (3, 2), 5: (3, 3), 4: (2, 2), 3: (2, 0), 11: (3, 3), 10: (3, 3), 0: (2, 2), 9: (3, 3), 1: (3, 3)}
t_type about to use: 2
h_type: 3
shift dict: {0: 0, 1: 188, 2: 19452, 3: 20010}
count dict: Counter({1: 19264, 3: 940, 2: 558, 0: 188})
Generated 900 negative samples for edge type 7
Epoch 00025, Step00000 | Train_Loss: 0.5445 | Time: 0.0319
Epoch 00025 | Val_Loss 0.8810 | Time(s) 0.0233
EarlyStopping counter: 19 out of 40
Getting training negative samples for edge types: [7]
nodes.shift keys: [0, 1, 2, 3]
nodes.count keys: [0, 1, 2, 3]
links.meta: {6: (1, 3), 2: (3, 3), 8: (2, 2), 7: (3, 2), 5: (3, 3), 4: (2, 2), 3: (2, 0), 11: (3, 3), 10: (3, 3), 0: (2, 2), 9: (3, 3), 1: (3, 3)}
t_type about to use: 2
h_type: 3
shift dict: {0: 0, 1: 188, 2: 19452, 3: 20010}
count dict: Counter({1: 19264, 3: 940, 2: 558, 0: 188})
Generated 900 negative samples for edge type 7
Epoch 00026, Step00000 | Train_Loss: 0.5382 | Time: 0.0257
Epoch 00026 | Val_Loss 0.8750 | Time(s) 0.0265
EarlyStopping counter: 20 out of 40
Getting training negative samples for edge types: [7]
nodes.shift keys: [0, 1, 2, 3]
nodes.count keys: [0, 1, 2, 3]
links.meta: {6: (1, 3), 2: (3, 3), 8: (2, 2), 7: (3, 2), 5: (3, 3), 4: (2, 2), 3: (2, 0), 11: (3, 3), 10: (3, 3), 0: (2, 2), 9: (3, 3), 1: (3, 3)}
t_type about to use: 2
h_type: 3
shift dict: {0: 0, 1: 188, 2: 19452, 3: 20010}
count dict: Counter({1: 19264, 3: 940, 2: 558, 0: 188})
Generated 900 negative samples for edge type 7
Epoch 00027, Step00000 | Train_Loss: 0.5251 | Time: 0.0259
Epoch 00027 | Val_Loss 0.8812 | Time(s) 0.0252
EarlyStopping counter: 21 out of 40
Getting training negative samples for edge types: [7]
nodes.shift keys: [0, 1, 2, 3]
nodes.count keys: [0, 1, 2, 3]
links.meta: {6: (1, 3), 2: (3, 3), 8: (2, 2), 7: (3, 2), 5: (3, 3), 4: (2, 2), 3: (2, 0), 11: (3, 3), 10: (3, 3), 0: (2, 2), 9: (3, 3), 1: (3, 3)}
t_type about to use: 2
h_type: 3
shift dict: {0: 0, 1: 188, 2: 19452, 3: 20010}
count dict: Counter({1: 19264, 3: 940, 2: 558, 0: 188})
Generated 900 negative samples for edge type 7
Epoch 00028, Step00000 | Train_Loss: 0.5316 | Time: 0.0275
Epoch 00028 | Val_Loss 0.8977 | Time(s) 0.0155
EarlyStopping counter: 22 out of 40
Getting training negative samples for edge types: [7]
nodes.shift keys: [0, 1, 2, 3]
nodes.count keys: [0, 1, 2, 3]
links.meta: {6: (1, 3), 2: (3, 3), 8: (2, 2), 7: (3, 2), 5: (3, 3), 4: (2, 2), 3: (2, 0), 11: (3, 3), 10: (3, 3), 0: (2, 2), 9: (3, 3), 1: (3, 3)}
t_type about to use: 2
h_type: 3
shift dict: {0: 0, 1: 188, 2: 19452, 3: 20010}
count dict: Counter({1: 19264, 3: 940, 2: 558, 0: 188})
Generated 900 negative samples for edge type 7
Epoch 00029, Step00000 | Train_Loss: 0.5377 | Time: 0.0429
Epoch 00029 | Val_Loss 0.9918 | Time(s) 0.0148
EarlyStopping counter: 23 out of 40
Getting training negative samples for edge types: [7]
nodes.shift keys: [0, 1, 2, 3]
nodes.count keys: [0, 1, 2, 3]
links.meta: {6: (1, 3), 2: (3, 3), 8: (2, 2), 7: (3, 2), 5: (3, 3), 4: (2, 2), 3: (2, 0), 11: (3, 3), 10: (3, 3), 0: (2, 2), 9: (3, 3), 1: (3, 3)}
t_type about to use: 2
h_type: 3
shift dict: {0: 0, 1: 188, 2: 19452, 3: 20010}
count dict: Counter({1: 19264, 3: 940, 2: 558, 0: 188})
Generated 900 negative samples for edge type 7
Epoch 00030, Step00000 | Train_Loss: 0.5345 | Time: 0.0489
Epoch 00030 | Val_Loss 0.8426 | Time(s) 0.0143
EarlyStopping counter: 24 out of 40
Getting training negative samples for edge types: [7]
nodes.shift keys: [0, 1, 2, 3]
nodes.count keys: [0, 1, 2, 3]
links.meta: {6: (1, 3), 2: (3, 3), 8: (2, 2), 7: (3, 2), 5: (3, 3), 4: (2, 2), 3: (2, 0), 11: (3, 3), 10: (3, 3), 0: (2, 2), 9: (3, 3), 1: (3, 3)}
t_type about to use: 2
h_type: 3
shift dict: {0: 0, 1: 188, 2: 19452, 3: 20010}
count dict: Counter({1: 19264, 3: 940, 2: 558, 0: 188})
Generated 900 negative samples for edge type 7
Epoch 00031, Step00000 | Train_Loss: 0.5092 | Time: 0.0494
Epoch 00031 | Val_Loss 0.9891 | Time(s) 0.0150
EarlyStopping counter: 25 out of 40
Getting training negative samples for edge types: [7]
nodes.shift keys: [0, 1, 2, 3]
nodes.count keys: [0, 1, 2, 3]
links.meta: {6: (1, 3), 2: (3, 3), 8: (2, 2), 7: (3, 2), 5: (3, 3), 4: (2, 2), 3: (2, 0), 11: (3, 3), 10: (3, 3), 0: (2, 2), 9: (3, 3), 1: (3, 3)}
t_type about to use: 2
h_type: 3
shift dict: {0: 0, 1: 188, 2: 19452, 3: 20010}
count dict: Counter({1: 19264, 3: 940, 2: 558, 0: 188})
Generated 900 negative samples for edge type 7
Epoch 00032, Step00000 | Train_Loss: 0.5281 | Time: 0.0444
Epoch 00032 | Val_Loss 1.0393 | Time(s) 0.0116
EarlyStopping counter: 26 out of 40
Getting training negative samples for edge types: [7]
nodes.shift keys: [0, 1, 2, 3]
nodes.count keys: [0, 1, 2, 3]
links.meta: {6: (1, 3), 2: (3, 3), 8: (2, 2), 7: (3, 2), 5: (3, 3), 4: (2, 2), 3: (2, 0), 11: (3, 3), 10: (3, 3), 0: (2, 2), 9: (3, 3), 1: (3, 3)}
t_type about to use: 2
h_type: 3
shift dict: {0: 0, 1: 188, 2: 19452, 3: 20010}
count dict: Counter({1: 19264, 3: 940, 2: 558, 0: 188})
Generated 900 negative samples for edge type 7
Epoch 00033, Step00000 | Train_Loss: 0.5243 | Time: 0.0451
Epoch 00033 | Val_Loss 0.9414 | Time(s) 0.0103
EarlyStopping counter: 27 out of 40
Getting training negative samples for edge types: [7]
nodes.shift keys: [0, 1, 2, 3]
nodes.count keys: [0, 1, 2, 3]
links.meta: {6: (1, 3), 2: (3, 3), 8: (2, 2), 7: (3, 2), 5: (3, 3), 4: (2, 2), 3: (2, 0), 11: (3, 3), 10: (3, 3), 0: (2, 2), 9: (3, 3), 1: (3, 3)}
t_type about to use: 2
h_type: 3
shift dict: {0: 0, 1: 188, 2: 19452, 3: 20010}
count dict: Counter({1: 19264, 3: 940, 2: 558, 0: 188})
Generated 900 negative samples for edge type 7
Epoch 00034, Step00000 | Train_Loss: 0.4987 | Time: 0.0498
Epoch 00034 | Val_Loss 0.9550 | Time(s) 0.0118
EarlyStopping counter: 28 out of 40
Getting training negative samples for edge types: [7]
nodes.shift keys: [0, 1, 2, 3]
nodes.count keys: [0, 1, 2, 3]
links.meta: {6: (1, 3), 2: (3, 3), 8: (2, 2), 7: (3, 2), 5: (3, 3), 4: (2, 2), 3: (2, 0), 11: (3, 3), 10: (3, 3), 0: (2, 2), 9: (3, 3), 1: (3, 3)}
t_type about to use: 2
h_type: 3
shift dict: {0: 0, 1: 188, 2: 19452, 3: 20010}
count dict: Counter({1: 19264, 3: 940, 2: 558, 0: 188})
Generated 900 negative samples for edge type 7
Epoch 00035, Step00000 | Train_Loss: 0.5078 | Time: 0.0508
Epoch 00035 | Val_Loss 0.9062 | Time(s) 0.0104
EarlyStopping counter: 29 out of 40
Getting training negative samples for edge types: [7]
nodes.shift keys: [0, 1, 2, 3]
nodes.count keys: [0, 1, 2, 3]
links.meta: {6: (1, 3), 2: (3, 3), 8: (2, 2), 7: (3, 2), 5: (3, 3), 4: (2, 2), 3: (2, 0), 11: (3, 3), 10: (3, 3), 0: (2, 2), 9: (3, 3), 1: (3, 3)}
t_type about to use: 2
h_type: 3
shift dict: {0: 0, 1: 188, 2: 19452, 3: 20010}
count dict: Counter({1: 19264, 3: 940, 2: 558, 0: 188})
Generated 900 negative samples for edge type 7
Epoch 00036, Step00000 | Train_Loss: 0.5069 | Time: 0.0381
Epoch 00036 | Val_Loss 0.8950 | Time(s) 0.0172
EarlyStopping counter: 30 out of 40
Getting training negative samples for edge types: [7]
nodes.shift keys: [0, 1, 2, 3]
nodes.count keys: [0, 1, 2, 3]
links.meta: {6: (1, 3), 2: (3, 3), 8: (2, 2), 7: (3, 2), 5: (3, 3), 4: (2, 2), 3: (2, 0), 11: (3, 3), 10: (3, 3), 0: (2, 2), 9: (3, 3), 1: (3, 3)}
t_type about to use: 2
h_type: 3
shift dict: {0: 0, 1: 188, 2: 19452, 3: 20010}
count dict: Counter({1: 19264, 3: 940, 2: 558, 0: 188})
Generated 900 negative samples for edge type 7
Epoch 00037, Step00000 | Train_Loss: 0.5028 | Time: 0.0276
Epoch 00037 | Val_Loss 0.9605 | Time(s) 0.0291
EarlyStopping counter: 31 out of 40
Getting training negative samples for edge types: [7]
nodes.shift keys: [0, 1, 2, 3]
nodes.count keys: [0, 1, 2, 3]
links.meta: {6: (1, 3), 2: (3, 3), 8: (2, 2), 7: (3, 2), 5: (3, 3), 4: (2, 2), 3: (2, 0), 11: (3, 3), 10: (3, 3), 0: (2, 2), 9: (3, 3), 1: (3, 3)}
t_type about to use: 2
h_type: 3
shift dict: {0: 0, 1: 188, 2: 19452, 3: 20010}
count dict: Counter({1: 19264, 3: 940, 2: 558, 0: 188})
Generated 900 negative samples for edge type 7
Epoch 00038, Step00000 | Train_Loss: 0.5071 | Time: 0.0278
Epoch 00038 | Val_Loss 0.8986 | Time(s) 0.0270
EarlyStopping counter: 32 out of 40
Getting training negative samples for edge types: [7]
nodes.shift keys: [0, 1, 2, 3]
nodes.count keys: [0, 1, 2, 3]
links.meta: {6: (1, 3), 2: (3, 3), 8: (2, 2), 7: (3, 2), 5: (3, 3), 4: (2, 2), 3: (2, 0), 11: (3, 3), 10: (3, 3), 0: (2, 2), 9: (3, 3), 1: (3, 3)}
t_type about to use: 2
h_type: 3
shift dict: {0: 0, 1: 188, 2: 19452, 3: 20010}
count dict: Counter({1: 19264, 3: 940, 2: 558, 0: 188})
Generated 900 negative samples for edge type 7
Epoch 00039, Step00000 | Train_Loss: 0.4830 | Time: 0.0267
Epoch 00039 | Val_Loss 1.0100 | Time(s) 0.0178
EarlyStopping counter: 33 out of 40
Getting training negative samples for edge types: [7]
nodes.shift keys: [0, 1, 2, 3]
nodes.count keys: [0, 1, 2, 3]
links.meta: {6: (1, 3), 2: (3, 3), 8: (2, 2), 7: (3, 2), 5: (3, 3), 4: (2, 2), 3: (2, 0), 11: (3, 3), 10: (3, 3), 0: (2, 2), 9: (3, 3), 1: (3, 3)}
t_type about to use: 2
h_type: 3
shift dict: {0: 0, 1: 188, 2: 19452, 3: 20010}
count dict: Counter({1: 19264, 3: 940, 2: 558, 0: 188})
Generated 900 negative samples for edge type 7
Epoch 00040, Step00000 | Train_Loss: 0.4943 | Time: 0.0362
Epoch 00040 | Val_Loss 0.9892 | Time(s) 0.0146
EarlyStopping counter: 34 out of 40
Getting training negative samples for edge types: [7]
nodes.shift keys: [0, 1, 2, 3]
nodes.count keys: [0, 1, 2, 3]
links.meta: {6: (1, 3), 2: (3, 3), 8: (2, 2), 7: (3, 2), 5: (3, 3), 4: (2, 2), 3: (2, 0), 11: (3, 3), 10: (3, 3), 0: (2, 2), 9: (3, 3), 1: (3, 3)}
t_type about to use: 2
h_type: 3
shift dict: {0: 0, 1: 188, 2: 19452, 3: 20010}
count dict: Counter({1: 19264, 3: 940, 2: 558, 0: 188})
Generated 900 negative samples for edge type 7
Epoch 00041, Step00000 | Train_Loss: 0.5025 | Time: 0.0447
Epoch 00041 | Val_Loss 1.0460 | Time(s) 0.0096
EarlyStopping counter: 35 out of 40
Getting training negative samples for edge types: [7]
nodes.shift keys: [0, 1, 2, 3]
nodes.count keys: [0, 1, 2, 3]
links.meta: {6: (1, 3), 2: (3, 3), 8: (2, 2), 7: (3, 2), 5: (3, 3), 4: (2, 2), 3: (2, 0), 11: (3, 3), 10: (3, 3), 0: (2, 2), 9: (3, 3), 1: (3, 3)}
t_type about to use: 2
h_type: 3
shift dict: {0: 0, 1: 188, 2: 19452, 3: 20010}
count dict: Counter({1: 19264, 3: 940, 2: 558, 0: 188})
Generated 900 negative samples for edge type 7
Epoch 00042, Step00000 | Train_Loss: 0.4961 | Time: 0.0497
Epoch 00042 | Val_Loss 0.9738 | Time(s) 0.0101
EarlyStopping counter: 36 out of 40
Getting training negative samples for edge types: [7]
nodes.shift keys: [0, 1, 2, 3]
nodes.count keys: [0, 1, 2, 3]
links.meta: {6: (1, 3), 2: (3, 3), 8: (2, 2), 7: (3, 2), 5: (3, 3), 4: (2, 2), 3: (2, 0), 11: (3, 3), 10: (3, 3), 0: (2, 2), 9: (3, 3), 1: (3, 3)}
t_type about to use: 2
h_type: 3
shift dict: {0: 0, 1: 188, 2: 19452, 3: 20010}
count dict: Counter({1: 19264, 3: 940, 2: 558, 0: 188})
Generated 900 negative samples for edge type 7
Epoch 00043, Step00000 | Train_Loss: 0.4898 | Time: 0.0512
Epoch 00043 | Val_Loss 0.8895 | Time(s) 0.0117
EarlyStopping counter: 37 out of 40
Getting training negative samples for edge types: [7]
nodes.shift keys: [0, 1, 2, 3]
nodes.count keys: [0, 1, 2, 3]
links.meta: {6: (1, 3), 2: (3, 3), 8: (2, 2), 7: (3, 2), 5: (3, 3), 4: (2, 2), 3: (2, 0), 11: (3, 3), 10: (3, 3), 0: (2, 2), 9: (3, 3), 1: (3, 3)}
t_type about to use: 2
h_type: 3
shift dict: {0: 0, 1: 188, 2: 19452, 3: 20010}
count dict: Counter({1: 19264, 3: 940, 2: 558, 0: 188})
Generated 900 negative samples for edge type 7
Epoch 00044, Step00000 | Train_Loss: 0.4980 | Time: 0.0385
Epoch 00044 | Val_Loss 0.8911 | Time(s) 0.0161
EarlyStopping counter: 38 out of 40
Getting training negative samples for edge types: [7]
nodes.shift keys: [0, 1, 2, 3]
nodes.count keys: [0, 1, 2, 3]
links.meta: {6: (1, 3), 2: (3, 3), 8: (2, 2), 7: (3, 2), 5: (3, 3), 4: (2, 2), 3: (2, 0), 11: (3, 3), 10: (3, 3), 0: (2, 2), 9: (3, 3), 1: (3, 3)}
t_type about to use: 2
h_type: 3
shift dict: {0: 0, 1: 188, 2: 19452, 3: 20010}
count dict: Counter({1: 19264, 3: 940, 2: 558, 0: 188})
Generated 900 negative samples for edge type 7
Epoch 00045, Step00000 | Train_Loss: 0.4975 | Time: 0.0259
Epoch 00045 | Val_Loss 0.9081 | Time(s) 0.0278
EarlyStopping counter: 39 out of 40
Getting training negative samples for edge types: [7]
nodes.shift keys: [0, 1, 2, 3]
nodes.count keys: [0, 1, 2, 3]
links.meta: {6: (1, 3), 2: (3, 3), 8: (2, 2), 7: (3, 2), 5: (3, 3), 4: (2, 2), 3: (2, 0), 11: (3, 3), 10: (3, 3), 0: (2, 2), 9: (3, 3), 1: (3, 3)}
t_type about to use: 2
h_type: 3
shift dict: {0: 0, 1: 188, 2: 19452, 3: 20010}
count dict: Counter({1: 19264, 3: 940, 2: 558, 0: 188})
Generated 900 negative samples for edge type 7
Epoch 00046, Step00000 | Train_Loss: 0.4869 | Time: 0.0258
Epoch 00046 | Val_Loss 0.8221 | Time(s) 0.0249
EarlyStopping counter: 40 out of 40
Early stopping!
Early stopping!
Meta keys: dict_keys([7])
Data keys: dict_keys([7])
Edge type: 7, Meta: (3, 2)
{'roc_auc': 0.5249733439957351, 'MRR': 0.7498443821973234}
{'roc_auc': 0.6357657479013814, 'MRR': 0.822829131652661}
defaultdict(<class 'float'>, {'roc_auc': 0.5249733439957351, 'MRR': 0.7498443821973234})
defaultdict(<class 'float'>, {'roc_auc': 0.6357657479013814, 'MRR': 0.822829131652661})
Completed: amazon_style_ccct_features_securebert_fold_3

--------------------------------------
Running model: SimpleHGN
Dataset: amazon_style_ccct_features_securebert_fold_4
--------------------------------------
Data path: ../../data/amazon_style_ccct_features_securebert_fold_4
Loading nodes from ../../data/amazon_style_ccct_features_securebert_fold_4/node.dat
edge types: dict_keys([6, 2, 8, 7, 5, 4, 3, 11, 10, 0, 9, 1])
Getting training negative samples for edge types: [7]
nodes.shift keys: [0, 1, 2, 3]
nodes.count keys: [0, 1, 2, 3]
links.meta: {6: (1, 3), 2: (3, 3), 8: (2, 2), 7: (3, 2), 5: (3, 3), 4: (2, 2), 3: (2, 0), 11: (3, 3), 10: (3, 3), 0: (2, 2), 9: (3, 3), 1: (3, 3)}
t_type about to use: 2
h_type: 3
shift dict: {0: 0, 1: 188, 2: 19452, 3: 20010}
count dict: Counter({1: 19264, 3: 940, 2: 558, 0: 188})
Generated 881 negative samples for edge type 7
Features List: [array([[ 0.00445206,  0.01268557,  0.22351578, ..., -0.28678206,
        -0.37460288,  0.18294938],
       [-0.18744846,  0.07075578,  0.0476894 , ..., -0.2232531 ,
        -0.19588573,  0.47988179],
       [-0.17451471, -0.04557271,  0.15712288, ..., -0.05391889,
        -0.20500693,  0.23744845],
       ...,
       [-0.40584856,  0.04715464,  0.24475315, ..., -0.12466257,
        -0.2035536 ,  0.28577447],
       [-0.18835557,  0.03822717,  0.03586731, ..., -0.23435652,
        -0.35453227,  0.38753107],
       [-0.13632202,  0.14362322,  0.08668749, ..., -0.24145249,
        -0.25799868,  0.26464131]]), array([[-0.02302658,  0.0368569 ,  0.00652144, ..., -0.02803515,
        -0.00893309,  0.00342051],
       [-0.01979104,  0.04036582,  0.01475144, ..., -0.00661969,
        -0.01504144,  0.01323287],
       [-0.02346251,  0.03577969,  0.00104941, ..., -0.01948969,
        -0.02273973,  0.01956808],
       ...,
       [ 0.01112562,  0.01252526, -0.00604169, ..., -0.02203615,
        -0.00625044, -0.01684516],
       [-0.02297131,  0.02604213,  0.00098649, ...,  0.00838303,
        -0.00321861, -0.00570687],
       [-0.01075894,  0.00767744, -0.01424407, ..., -0.02184941,
         0.02614397, -0.01134232]]), array([[ 0.00791158, -0.00538086, -0.02676104, ..., -0.01897389,
        -0.01306979, -0.00084801],
       [ 0.01682901, -0.00649696, -0.01921631, ..., -0.01401017,
        -0.0039668 , -0.02202195],
       [ 0.02197852, -0.01403735, -0.05225722, ...,  0.02019661,
         0.00528841,  0.0033033 ],
       ...,
       [ 0.01603197,  0.00716993, -0.01245602, ..., -0.01399604,
        -0.00058955, -0.0256807 ],
       [ 0.01039577,  0.02045547, -0.02146293, ...,  0.01017929,
         0.02390171,  0.00134994],
       [ 0.00462414,  0.0041195 , -0.0135733 , ..., -0.01101827,
         0.00813001,  0.0203817 ]]), array([[ 0.00087804,  0.00658507, -0.02514569, ..., -0.04238372,
         0.00850771, -0.02565438],
       [-0.0006986 ,  0.01542003, -0.03227317, ..., -0.01301633,
         0.01559736, -0.03614859],
       [-0.01135348,  0.00974955, -0.01812623, ..., -0.01920343,
         0.00887381, -0.0152928 ],
       ...,
       [ 0.00701895, -0.01539859, -0.03025482, ..., -0.03644368,
         0.01254067, -0.0236606 ],
       [-0.00414097,  0.00144739, -0.05197839, ...,  0.00216818,
         0.02755725, -0.03143983],
       [ 0.01779867, -0.02493452, -0.0391779 , ..., -0.01159797,
        -0.00619852, -0.02449675]])]
Getting training negative samples for edge types: [7]
nodes.shift keys: [0, 1, 2, 3]
nodes.count keys: [0, 1, 2, 3]
links.meta: {6: (1, 3), 2: (3, 3), 8: (2, 2), 7: (3, 2), 5: (3, 3), 4: (2, 2), 3: (2, 0), 11: (3, 3), 10: (3, 3), 0: (2, 2), 9: (3, 3), 1: (3, 3)}
t_type about to use: 2
h_type: 3
shift dict: {0: 0, 1: 188, 2: 19452, 3: 20010}
count dict: Counter({1: 19264, 3: 940, 2: 558, 0: 188})
Generated 881 negative samples for edge type 7
Epoch 00000, Step00000 | Train_Loss: 0.6914 | Time: 0.5737
Epoch 00000 | Val_Loss 0.6879 | Time(s) 0.0142
Validation loss decreased (inf --> 0.687921).  Saving model ...
Getting training negative samples for edge types: [7]
nodes.shift keys: [0, 1, 2, 3]
nodes.count keys: [0, 1, 2, 3]
links.meta: {6: (1, 3), 2: (3, 3), 8: (2, 2), 7: (3, 2), 5: (3, 3), 4: (2, 2), 3: (2, 0), 11: (3, 3), 10: (3, 3), 0: (2, 2), 9: (3, 3), 1: (3, 3)}
t_type about to use: 2
h_type: 3
shift dict: {0: 0, 1: 188, 2: 19452, 3: 20010}
count dict: Counter({1: 19264, 3: 940, 2: 558, 0: 188})
Generated 881 negative samples for edge type 7
Epoch 00001, Step00000 | Train_Loss: 0.6829 | Time: 0.0383
Epoch 00001 | Val_Loss 0.6870 | Time(s) 0.0161
Validation loss decreased (0.687921 --> 0.687028).  Saving model ...
Getting training negative samples for edge types: [7]
nodes.shift keys: [0, 1, 2, 3]
nodes.count keys: [0, 1, 2, 3]
links.meta: {6: (1, 3), 2: (3, 3), 8: (2, 2), 7: (3, 2), 5: (3, 3), 4: (2, 2), 3: (2, 0), 11: (3, 3), 10: (3, 3), 0: (2, 2), 9: (3, 3), 1: (3, 3)}
t_type about to use: 2
h_type: 3
shift dict: {0: 0, 1: 188, 2: 19452, 3: 20010}
count dict: Counter({1: 19264, 3: 940, 2: 558, 0: 188})
Generated 881 negative samples for edge type 7
Epoch 00002, Step00000 | Train_Loss: 0.6744 | Time: 0.0395
Epoch 00002 | Val_Loss 0.6931 | Time(s) 0.0167
EarlyStopping counter: 1 out of 40
Getting training negative samples for edge types: [7]
nodes.shift keys: [0, 1, 2, 3]
nodes.count keys: [0, 1, 2, 3]
links.meta: {6: (1, 3), 2: (3, 3), 8: (2, 2), 7: (3, 2), 5: (3, 3), 4: (2, 2), 3: (2, 0), 11: (3, 3), 10: (3, 3), 0: (2, 2), 9: (3, 3), 1: (3, 3)}
t_type about to use: 2
h_type: 3
shift dict: {0: 0, 1: 188, 2: 19452, 3: 20010}
count dict: Counter({1: 19264, 3: 940, 2: 558, 0: 188})
Generated 881 negative samples for edge type 7
Epoch 00003, Step00000 | Train_Loss: 0.6655 | Time: 0.0391
Epoch 00003 | Val_Loss 0.6878 | Time(s) 0.0170
EarlyStopping counter: 2 out of 40
Getting training negative samples for edge types: [7]
nodes.shift keys: [0, 1, 2, 3]
nodes.count keys: [0, 1, 2, 3]
links.meta: {6: (1, 3), 2: (3, 3), 8: (2, 2), 7: (3, 2), 5: (3, 3), 4: (2, 2), 3: (2, 0), 11: (3, 3), 10: (3, 3), 0: (2, 2), 9: (3, 3), 1: (3, 3)}
t_type about to use: 2
h_type: 3
shift dict: {0: 0, 1: 188, 2: 19452, 3: 20010}
count dict: Counter({1: 19264, 3: 940, 2: 558, 0: 188})
Generated 881 negative samples for edge type 7
Epoch 00004, Step00000 | Train_Loss: 0.6523 | Time: 0.0347
Epoch 00004 | Val_Loss 0.6664 | Time(s) 0.0132
Validation loss decreased (0.687028 --> 0.666372).  Saving model ...
Getting training negative samples for edge types: [7]
nodes.shift keys: [0, 1, 2, 3]
nodes.count keys: [0, 1, 2, 3]
links.meta: {6: (1, 3), 2: (3, 3), 8: (2, 2), 7: (3, 2), 5: (3, 3), 4: (2, 2), 3: (2, 0), 11: (3, 3), 10: (3, 3), 0: (2, 2), 9: (3, 3), 1: (3, 3)}
t_type about to use: 2
h_type: 3
shift dict: {0: 0, 1: 188, 2: 19452, 3: 20010}
count dict: Counter({1: 19264, 3: 940, 2: 558, 0: 188})
Generated 881 negative samples for edge type 7
Epoch 00005, Step00000 | Train_Loss: 0.6434 | Time: 0.0383
Epoch 00005 | Val_Loss 0.7301 | Time(s) 0.0147
EarlyStopping counter: 1 out of 40
Getting training negative samples for edge types: [7]
nodes.shift keys: [0, 1, 2, 3]
nodes.count keys: [0, 1, 2, 3]
links.meta: {6: (1, 3), 2: (3, 3), 8: (2, 2), 7: (3, 2), 5: (3, 3), 4: (2, 2), 3: (2, 0), 11: (3, 3), 10: (3, 3), 0: (2, 2), 9: (3, 3), 1: (3, 3)}
t_type about to use: 2
h_type: 3
shift dict: {0: 0, 1: 188, 2: 19452, 3: 20010}
count dict: Counter({1: 19264, 3: 940, 2: 558, 0: 188})
Generated 881 negative samples for edge type 7
Epoch 00006, Step00000 | Train_Loss: 0.6357 | Time: 0.0333
Epoch 00006 | Val_Loss 0.7314 | Time(s) 0.0146
EarlyStopping counter: 2 out of 40
Getting training negative samples for edge types: [7]
nodes.shift keys: [0, 1, 2, 3]
nodes.count keys: [0, 1, 2, 3]
links.meta: {6: (1, 3), 2: (3, 3), 8: (2, 2), 7: (3, 2), 5: (3, 3), 4: (2, 2), 3: (2, 0), 11: (3, 3), 10: (3, 3), 0: (2, 2), 9: (3, 3), 1: (3, 3)}
t_type about to use: 2
h_type: 3
shift dict: {0: 0, 1: 188, 2: 19452, 3: 20010}
count dict: Counter({1: 19264, 3: 940, 2: 558, 0: 188})
Generated 881 negative samples for edge type 7
Epoch 00007, Step00000 | Train_Loss: 0.6201 | Time: 0.0351
Epoch 00007 | Val_Loss 0.7702 | Time(s) 0.0159
EarlyStopping counter: 3 out of 40
Getting training negative samples for edge types: [7]
nodes.shift keys: [0, 1, 2, 3]
nodes.count keys: [0, 1, 2, 3]
links.meta: {6: (1, 3), 2: (3, 3), 8: (2, 2), 7: (3, 2), 5: (3, 3), 4: (2, 2), 3: (2, 0), 11: (3, 3), 10: (3, 3), 0: (2, 2), 9: (3, 3), 1: (3, 3)}
t_type about to use: 2
h_type: 3
shift dict: {0: 0, 1: 188, 2: 19452, 3: 20010}
count dict: Counter({1: 19264, 3: 940, 2: 558, 0: 188})
Generated 881 negative samples for edge type 7
Epoch 00008, Step00000 | Train_Loss: 0.6103 | Time: 0.0322
Epoch 00008 | Val_Loss 0.7659 | Time(s) 0.0128
EarlyStopping counter: 4 out of 40
Getting training negative samples for edge types: [7]
nodes.shift keys: [0, 1, 2, 3]
nodes.count keys: [0, 1, 2, 3]
links.meta: {6: (1, 3), 2: (3, 3), 8: (2, 2), 7: (3, 2), 5: (3, 3), 4: (2, 2), 3: (2, 0), 11: (3, 3), 10: (3, 3), 0: (2, 2), 9: (3, 3), 1: (3, 3)}
t_type about to use: 2
h_type: 3
shift dict: {0: 0, 1: 188, 2: 19452, 3: 20010}
count dict: Counter({1: 19264, 3: 940, 2: 558, 0: 188})
Generated 881 negative samples for edge type 7
Epoch 00009, Step00000 | Train_Loss: 0.5987 | Time: 0.0323
Epoch 00009 | Val_Loss 0.8805 | Time(s) 0.0157
EarlyStopping counter: 5 out of 40
Getting training negative samples for edge types: [7]
nodes.shift keys: [0, 1, 2, 3]
nodes.count keys: [0, 1, 2, 3]
links.meta: {6: (1, 3), 2: (3, 3), 8: (2, 2), 7: (3, 2), 5: (3, 3), 4: (2, 2), 3: (2, 0), 11: (3, 3), 10: (3, 3), 0: (2, 2), 9: (3, 3), 1: (3, 3)}
t_type about to use: 2
h_type: 3
shift dict: {0: 0, 1: 188, 2: 19452, 3: 20010}
count dict: Counter({1: 19264, 3: 940, 2: 558, 0: 188})
Generated 881 negative samples for edge type 7
Epoch 00010, Step00000 | Train_Loss: 0.5827 | Time: 0.0331
Epoch 00010 | Val_Loss 0.8659 | Time(s) 0.0133
EarlyStopping counter: 6 out of 40
Getting training negative samples for edge types: [7]
nodes.shift keys: [0, 1, 2, 3]
nodes.count keys: [0, 1, 2, 3]
links.meta: {6: (1, 3), 2: (3, 3), 8: (2, 2), 7: (3, 2), 5: (3, 3), 4: (2, 2), 3: (2, 0), 11: (3, 3), 10: (3, 3), 0: (2, 2), 9: (3, 3), 1: (3, 3)}
t_type about to use: 2
h_type: 3
shift dict: {0: 0, 1: 188, 2: 19452, 3: 20010}
count dict: Counter({1: 19264, 3: 940, 2: 558, 0: 188})
Generated 881 negative samples for edge type 7
Epoch 00011, Step00000 | Train_Loss: 0.5895 | Time: 0.0330
Epoch 00011 | Val_Loss 0.8923 | Time(s) 0.0152
EarlyStopping counter: 7 out of 40
Getting training negative samples for edge types: [7]
nodes.shift keys: [0, 1, 2, 3]
nodes.count keys: [0, 1, 2, 3]
links.meta: {6: (1, 3), 2: (3, 3), 8: (2, 2), 7: (3, 2), 5: (3, 3), 4: (2, 2), 3: (2, 0), 11: (3, 3), 10: (3, 3), 0: (2, 2), 9: (3, 3), 1: (3, 3)}
t_type about to use: 2
h_type: 3
shift dict: {0: 0, 1: 188, 2: 19452, 3: 20010}
count dict: Counter({1: 19264, 3: 940, 2: 558, 0: 188})
Generated 881 negative samples for edge type 7
Epoch 00012, Step00000 | Train_Loss: 0.6032 | Time: 0.0330
Epoch 00012 | Val_Loss 0.8936 | Time(s) 0.0148
EarlyStopping counter: 8 out of 40
Getting training negative samples for edge types: [7]
nodes.shift keys: [0, 1, 2, 3]
nodes.count keys: [0, 1, 2, 3]
links.meta: {6: (1, 3), 2: (3, 3), 8: (2, 2), 7: (3, 2), 5: (3, 3), 4: (2, 2), 3: (2, 0), 11: (3, 3), 10: (3, 3), 0: (2, 2), 9: (3, 3), 1: (3, 3)}
t_type about to use: 2
h_type: 3
shift dict: {0: 0, 1: 188, 2: 19452, 3: 20010}
count dict: Counter({1: 19264, 3: 940, 2: 558, 0: 188})
Generated 881 negative samples for edge type 7
Epoch 00013, Step00000 | Train_Loss: 0.5723 | Time: 0.0339
Epoch 00013 | Val_Loss 0.8744 | Time(s) 0.0164
EarlyStopping counter: 9 out of 40
Getting training negative samples for edge types: [7]
nodes.shift keys: [0, 1, 2, 3]
nodes.count keys: [0, 1, 2, 3]
links.meta: {6: (1, 3), 2: (3, 3), 8: (2, 2), 7: (3, 2), 5: (3, 3), 4: (2, 2), 3: (2, 0), 11: (3, 3), 10: (3, 3), 0: (2, 2), 9: (3, 3), 1: (3, 3)}
t_type about to use: 2
h_type: 3
shift dict: {0: 0, 1: 188, 2: 19452, 3: 20010}
count dict: Counter({1: 19264, 3: 940, 2: 558, 0: 188})
Generated 881 negative samples for edge type 7
Epoch 00014, Step00000 | Train_Loss: 0.5674 | Time: 0.0345
Epoch 00014 | Val_Loss 0.8913 | Time(s) 0.0129
EarlyStopping counter: 10 out of 40
Getting training negative samples for edge types: [7]
nodes.shift keys: [0, 1, 2, 3]
nodes.count keys: [0, 1, 2, 3]
links.meta: {6: (1, 3), 2: (3, 3), 8: (2, 2), 7: (3, 2), 5: (3, 3), 4: (2, 2), 3: (2, 0), 11: (3, 3), 10: (3, 3), 0: (2, 2), 9: (3, 3), 1: (3, 3)}
t_type about to use: 2
h_type: 3
shift dict: {0: 0, 1: 188, 2: 19452, 3: 20010}
count dict: Counter({1: 19264, 3: 940, 2: 558, 0: 188})
Generated 881 negative samples for edge type 7
Epoch 00015, Step00000 | Train_Loss: 0.5720 | Time: 0.0327
Epoch 00015 | Val_Loss 0.9571 | Time(s) 0.0138
EarlyStopping counter: 11 out of 40
Getting training negative samples for edge types: [7]
nodes.shift keys: [0, 1, 2, 3]
nodes.count keys: [0, 1, 2, 3]
links.meta: {6: (1, 3), 2: (3, 3), 8: (2, 2), 7: (3, 2), 5: (3, 3), 4: (2, 2), 3: (2, 0), 11: (3, 3), 10: (3, 3), 0: (2, 2), 9: (3, 3), 1: (3, 3)}
t_type about to use: 2
h_type: 3
shift dict: {0: 0, 1: 188, 2: 19452, 3: 20010}
count dict: Counter({1: 19264, 3: 940, 2: 558, 0: 188})
Generated 881 negative samples for edge type 7
Epoch 00016, Step00000 | Train_Loss: 0.5685 | Time: 0.0341
Epoch 00016 | Val_Loss 0.9350 | Time(s) 0.0148
EarlyStopping counter: 12 out of 40
Getting training negative samples for edge types: [7]
nodes.shift keys: [0, 1, 2, 3]
nodes.count keys: [0, 1, 2, 3]
links.meta: {6: (1, 3), 2: (3, 3), 8: (2, 2), 7: (3, 2), 5: (3, 3), 4: (2, 2), 3: (2, 0), 11: (3, 3), 10: (3, 3), 0: (2, 2), 9: (3, 3), 1: (3, 3)}
t_type about to use: 2
h_type: 3
shift dict: {0: 0, 1: 188, 2: 19452, 3: 20010}
count dict: Counter({1: 19264, 3: 940, 2: 558, 0: 188})
Generated 881 negative samples for edge type 7
Epoch 00017, Step00000 | Train_Loss: 0.5654 | Time: 0.0328
Epoch 00017 | Val_Loss 0.9668 | Time(s) 0.0150
EarlyStopping counter: 13 out of 40
Getting training negative samples for edge types: [7]
nodes.shift keys: [0, 1, 2, 3]
nodes.count keys: [0, 1, 2, 3]
links.meta: {6: (1, 3), 2: (3, 3), 8: (2, 2), 7: (3, 2), 5: (3, 3), 4: (2, 2), 3: (2, 0), 11: (3, 3), 10: (3, 3), 0: (2, 2), 9: (3, 3), 1: (3, 3)}
t_type about to use: 2
h_type: 3
shift dict: {0: 0, 1: 188, 2: 19452, 3: 20010}
count dict: Counter({1: 19264, 3: 940, 2: 558, 0: 188})
Generated 881 negative samples for edge type 7
Epoch 00018, Step00000 | Train_Loss: 0.5680 | Time: 0.0357
Epoch 00018 | Val_Loss 0.9302 | Time(s) 0.0149
EarlyStopping counter: 14 out of 40
Getting training negative samples for edge types: [7]
nodes.shift keys: [0, 1, 2, 3]
nodes.count keys: [0, 1, 2, 3]
links.meta: {6: (1, 3), 2: (3, 3), 8: (2, 2), 7: (3, 2), 5: (3, 3), 4: (2, 2), 3: (2, 0), 11: (3, 3), 10: (3, 3), 0: (2, 2), 9: (3, 3), 1: (3, 3)}
t_type about to use: 2
h_type: 3
shift dict: {0: 0, 1: 188, 2: 19452, 3: 20010}
count dict: Counter({1: 19264, 3: 940, 2: 558, 0: 188})
Generated 881 negative samples for edge type 7
Epoch 00019, Step00000 | Train_Loss: 0.5577 | Time: 0.0323
Epoch 00019 | Val_Loss 0.9788 | Time(s) 0.0136
EarlyStopping counter: 15 out of 40
Getting training negative samples for edge types: [7]
nodes.shift keys: [0, 1, 2, 3]
nodes.count keys: [0, 1, 2, 3]
links.meta: {6: (1, 3), 2: (3, 3), 8: (2, 2), 7: (3, 2), 5: (3, 3), 4: (2, 2), 3: (2, 0), 11: (3, 3), 10: (3, 3), 0: (2, 2), 9: (3, 3), 1: (3, 3)}
t_type about to use: 2
h_type: 3
shift dict: {0: 0, 1: 188, 2: 19452, 3: 20010}
count dict: Counter({1: 19264, 3: 940, 2: 558, 0: 188})
Generated 881 negative samples for edge type 7
Epoch 00020, Step00000 | Train_Loss: 0.5570 | Time: 0.0327
Epoch 00020 | Val_Loss 0.9291 | Time(s) 0.0147
EarlyStopping counter: 16 out of 40
Getting training negative samples for edge types: [7]
nodes.shift keys: [0, 1, 2, 3]
nodes.count keys: [0, 1, 2, 3]
links.meta: {6: (1, 3), 2: (3, 3), 8: (2, 2), 7: (3, 2), 5: (3, 3), 4: (2, 2), 3: (2, 0), 11: (3, 3), 10: (3, 3), 0: (2, 2), 9: (3, 3), 1: (3, 3)}
t_type about to use: 2
h_type: 3
shift dict: {0: 0, 1: 188, 2: 19452, 3: 20010}
count dict: Counter({1: 19264, 3: 940, 2: 558, 0: 188})
Generated 881 negative samples for edge type 7
Epoch 00021, Step00000 | Train_Loss: 0.5399 | Time: 0.0326
Epoch 00021 | Val_Loss 0.9642 | Time(s) 0.0145
EarlyStopping counter: 17 out of 40
Getting training negative samples for edge types: [7]
nodes.shift keys: [0, 1, 2, 3]
nodes.count keys: [0, 1, 2, 3]
links.meta: {6: (1, 3), 2: (3, 3), 8: (2, 2), 7: (3, 2), 5: (3, 3), 4: (2, 2), 3: (2, 0), 11: (3, 3), 10: (3, 3), 0: (2, 2), 9: (3, 3), 1: (3, 3)}
t_type about to use: 2
h_type: 3
shift dict: {0: 0, 1: 188, 2: 19452, 3: 20010}
count dict: Counter({1: 19264, 3: 940, 2: 558, 0: 188})
Generated 881 negative samples for edge type 7
Epoch 00022, Step00000 | Train_Loss: 0.5606 | Time: 0.0327
Epoch 00022 | Val_Loss 0.9677 | Time(s) 0.0145
EarlyStopping counter: 18 out of 40
Getting training negative samples for edge types: [7]
nodes.shift keys: [0, 1, 2, 3]
nodes.count keys: [0, 1, 2, 3]
links.meta: {6: (1, 3), 2: (3, 3), 8: (2, 2), 7: (3, 2), 5: (3, 3), 4: (2, 2), 3: (2, 0), 11: (3, 3), 10: (3, 3), 0: (2, 2), 9: (3, 3), 1: (3, 3)}
t_type about to use: 2
h_type: 3
shift dict: {0: 0, 1: 188, 2: 19452, 3: 20010}
count dict: Counter({1: 19264, 3: 940, 2: 558, 0: 188})
Generated 881 negative samples for edge type 7
Epoch 00023, Step00000 | Train_Loss: 0.5582 | Time: 0.0361
Epoch 00023 | Val_Loss 1.0133 | Time(s) 0.0128
EarlyStopping counter: 19 out of 40
Getting training negative samples for edge types: [7]
nodes.shift keys: [0, 1, 2, 3]
nodes.count keys: [0, 1, 2, 3]
links.meta: {6: (1, 3), 2: (3, 3), 8: (2, 2), 7: (3, 2), 5: (3, 3), 4: (2, 2), 3: (2, 0), 11: (3, 3), 10: (3, 3), 0: (2, 2), 9: (3, 3), 1: (3, 3)}
t_type about to use: 2
h_type: 3
shift dict: {0: 0, 1: 188, 2: 19452, 3: 20010}
count dict: Counter({1: 19264, 3: 940, 2: 558, 0: 188})
Generated 881 negative samples for edge type 7
Epoch 00024, Step00000 | Train_Loss: 0.5507 | Time: 0.0325
Epoch 00024 | Val_Loss 0.9672 | Time(s) 0.0139
EarlyStopping counter: 20 out of 40
Getting training negative samples for edge types: [7]
nodes.shift keys: [0, 1, 2, 3]
nodes.count keys: [0, 1, 2, 3]
links.meta: {6: (1, 3), 2: (3, 3), 8: (2, 2), 7: (3, 2), 5: (3, 3), 4: (2, 2), 3: (2, 0), 11: (3, 3), 10: (3, 3), 0: (2, 2), 9: (3, 3), 1: (3, 3)}
t_type about to use: 2
h_type: 3
shift dict: {0: 0, 1: 188, 2: 19452, 3: 20010}
count dict: Counter({1: 19264, 3: 940, 2: 558, 0: 188})
Generated 881 negative samples for edge type 7
Epoch 00025, Step00000 | Train_Loss: 0.5456 | Time: 0.0321
Epoch 00025 | Val_Loss 0.9403 | Time(s) 0.0141
EarlyStopping counter: 21 out of 40
Getting training negative samples for edge types: [7]
nodes.shift keys: [0, 1, 2, 3]
nodes.count keys: [0, 1, 2, 3]
links.meta: {6: (1, 3), 2: (3, 3), 8: (2, 2), 7: (3, 2), 5: (3, 3), 4: (2, 2), 3: (2, 0), 11: (3, 3), 10: (3, 3), 0: (2, 2), 9: (3, 3), 1: (3, 3)}
t_type about to use: 2
h_type: 3
shift dict: {0: 0, 1: 188, 2: 19452, 3: 20010}
count dict: Counter({1: 19264, 3: 940, 2: 558, 0: 188})
Generated 881 negative samples for edge type 7
Epoch 00026, Step00000 | Train_Loss: 0.5573 | Time: 0.0319
Epoch 00026 | Val_Loss 0.9262 | Time(s) 0.0130
EarlyStopping counter: 22 out of 40
Getting training negative samples for edge types: [7]
nodes.shift keys: [0, 1, 2, 3]
nodes.count keys: [0, 1, 2, 3]
links.meta: {6: (1, 3), 2: (3, 3), 8: (2, 2), 7: (3, 2), 5: (3, 3), 4: (2, 2), 3: (2, 0), 11: (3, 3), 10: (3, 3), 0: (2, 2), 9: (3, 3), 1: (3, 3)}
t_type about to use: 2
h_type: 3
shift dict: {0: 0, 1: 188, 2: 19452, 3: 20010}
count dict: Counter({1: 19264, 3: 940, 2: 558, 0: 188})
Generated 881 negative samples for edge type 7
Epoch 00027, Step00000 | Train_Loss: 0.5488 | Time: 0.0350
Epoch 00027 | Val_Loss 0.9470 | Time(s) 0.0138
EarlyStopping counter: 23 out of 40
Getting training negative samples for edge types: [7]
nodes.shift keys: [0, 1, 2, 3]
nodes.count keys: [0, 1, 2, 3]
links.meta: {6: (1, 3), 2: (3, 3), 8: (2, 2), 7: (3, 2), 5: (3, 3), 4: (2, 2), 3: (2, 0), 11: (3, 3), 10: (3, 3), 0: (2, 2), 9: (3, 3), 1: (3, 3)}
t_type about to use: 2
h_type: 3
shift dict: {0: 0, 1: 188, 2: 19452, 3: 20010}
count dict: Counter({1: 19264, 3: 940, 2: 558, 0: 188})
Generated 881 negative samples for edge type 7
Epoch 00028, Step00000 | Train_Loss: 0.5481 | Time: 0.0325
Epoch 00028 | Val_Loss 1.0513 | Time(s) 0.0137
EarlyStopping counter: 24 out of 40
Getting training negative samples for edge types: [7]
nodes.shift keys: [0, 1, 2, 3]
nodes.count keys: [0, 1, 2, 3]
links.meta: {6: (1, 3), 2: (3, 3), 8: (2, 2), 7: (3, 2), 5: (3, 3), 4: (2, 2), 3: (2, 0), 11: (3, 3), 10: (3, 3), 0: (2, 2), 9: (3, 3), 1: (3, 3)}
t_type about to use: 2
h_type: 3
shift dict: {0: 0, 1: 188, 2: 19452, 3: 20010}
count dict: Counter({1: 19264, 3: 940, 2: 558, 0: 188})
Generated 881 negative samples for edge type 7
Epoch 00029, Step00000 | Train_Loss: 0.5386 | Time: 0.0330
Epoch 00029 | Val_Loss 0.9857 | Time(s) 0.0132
EarlyStopping counter: 25 out of 40
Getting training negative samples for edge types: [7]
nodes.shift keys: [0, 1, 2, 3]
nodes.count keys: [0, 1, 2, 3]
links.meta: {6: (1, 3), 2: (3, 3), 8: (2, 2), 7: (3, 2), 5: (3, 3), 4: (2, 2), 3: (2, 0), 11: (3, 3), 10: (3, 3), 0: (2, 2), 9: (3, 3), 1: (3, 3)}
t_type about to use: 2
h_type: 3
shift dict: {0: 0, 1: 188, 2: 19452, 3: 20010}
count dict: Counter({1: 19264, 3: 940, 2: 558, 0: 188})
Generated 881 negative samples for edge type 7
Epoch 00030, Step00000 | Train_Loss: 0.5272 | Time: 0.0327
Epoch 00030 | Val_Loss 1.0246 | Time(s) 0.0131
EarlyStopping counter: 26 out of 40
Getting training negative samples for edge types: [7]
nodes.shift keys: [0, 1, 2, 3]
nodes.count keys: [0, 1, 2, 3]
links.meta: {6: (1, 3), 2: (3, 3), 8: (2, 2), 7: (3, 2), 5: (3, 3), 4: (2, 2), 3: (2, 0), 11: (3, 3), 10: (3, 3), 0: (2, 2), 9: (3, 3), 1: (3, 3)}
t_type about to use: 2
h_type: 3
shift dict: {0: 0, 1: 188, 2: 19452, 3: 20010}
count dict: Counter({1: 19264, 3: 940, 2: 558, 0: 188})
Generated 881 negative samples for edge type 7
Epoch 00031, Step00000 | Train_Loss: 0.5602 | Time: 0.0327
Epoch 00031 | Val_Loss 1.0224 | Time(s) 0.0135
EarlyStopping counter: 27 out of 40
Getting training negative samples for edge types: [7]
nodes.shift keys: [0, 1, 2, 3]
nodes.count keys: [0, 1, 2, 3]
links.meta: {6: (1, 3), 2: (3, 3), 8: (2, 2), 7: (3, 2), 5: (3, 3), 4: (2, 2), 3: (2, 0), 11: (3, 3), 10: (3, 3), 0: (2, 2), 9: (3, 3), 1: (3, 3)}
t_type about to use: 2
h_type: 3
shift dict: {0: 0, 1: 188, 2: 19452, 3: 20010}
count dict: Counter({1: 19264, 3: 940, 2: 558, 0: 188})
Generated 881 negative samples for edge type 7
Epoch 00032, Step00000 | Train_Loss: 0.5608 | Time: 0.0330
Epoch 00032 | Val_Loss 1.0202 | Time(s) 0.0139
EarlyStopping counter: 28 out of 40
Getting training negative samples for edge types: [7]
nodes.shift keys: [0, 1, 2, 3]
nodes.count keys: [0, 1, 2, 3]
links.meta: {6: (1, 3), 2: (3, 3), 8: (2, 2), 7: (3, 2), 5: (3, 3), 4: (2, 2), 3: (2, 0), 11: (3, 3), 10: (3, 3), 0: (2, 2), 9: (3, 3), 1: (3, 3)}
t_type about to use: 2
h_type: 3
shift dict: {0: 0, 1: 188, 2: 19452, 3: 20010}
count dict: Counter({1: 19264, 3: 940, 2: 558, 0: 188})
Generated 881 negative samples for edge type 7
Epoch 00033, Step00000 | Train_Loss: 0.5341 | Time: 0.0324
Epoch 00033 | Val_Loss 0.9551 | Time(s) 0.0149
EarlyStopping counter: 29 out of 40
Getting training negative samples for edge types: [7]
nodes.shift keys: [0, 1, 2, 3]
nodes.count keys: [0, 1, 2, 3]
links.meta: {6: (1, 3), 2: (3, 3), 8: (2, 2), 7: (3, 2), 5: (3, 3), 4: (2, 2), 3: (2, 0), 11: (3, 3), 10: (3, 3), 0: (2, 2), 9: (3, 3), 1: (3, 3)}
t_type about to use: 2
h_type: 3
shift dict: {0: 0, 1: 188, 2: 19452, 3: 20010}
count dict: Counter({1: 19264, 3: 940, 2: 558, 0: 188})
Generated 881 negative samples for edge type 7
Epoch 00034, Step00000 | Train_Loss: 0.5406 | Time: 0.0320
Epoch 00034 | Val_Loss 1.0147 | Time(s) 0.0141
EarlyStopping counter: 30 out of 40
Getting training negative samples for edge types: [7]
nodes.shift keys: [0, 1, 2, 3]
nodes.count keys: [0, 1, 2, 3]
links.meta: {6: (1, 3), 2: (3, 3), 8: (2, 2), 7: (3, 2), 5: (3, 3), 4: (2, 2), 3: (2, 0), 11: (3, 3), 10: (3, 3), 0: (2, 2), 9: (3, 3), 1: (3, 3)}
t_type about to use: 2
h_type: 3
shift dict: {0: 0, 1: 188, 2: 19452, 3: 20010}
count dict: Counter({1: 19264, 3: 940, 2: 558, 0: 188})
Generated 881 negative samples for edge type 7
Epoch 00035, Step00000 | Train_Loss: 0.5469 | Time: 0.0331
Epoch 00035 | Val_Loss 1.0636 | Time(s) 0.0150
EarlyStopping counter: 31 out of 40
Getting training negative samples for edge types: [7]
nodes.shift keys: [0, 1, 2, 3]
nodes.count keys: [0, 1, 2, 3]
links.meta: {6: (1, 3), 2: (3, 3), 8: (2, 2), 7: (3, 2), 5: (3, 3), 4: (2, 2), 3: (2, 0), 11: (3, 3), 10: (3, 3), 0: (2, 2), 9: (3, 3), 1: (3, 3)}
t_type about to use: 2
h_type: 3
shift dict: {0: 0, 1: 188, 2: 19452, 3: 20010}
count dict: Counter({1: 19264, 3: 940, 2: 558, 0: 188})
Generated 881 negative samples for edge type 7
Epoch 00036, Step00000 | Train_Loss: 0.5573 | Time: 0.0328
Epoch 00036 | Val_Loss 1.0063 | Time(s) 0.0145
EarlyStopping counter: 32 out of 40
Getting training negative samples for edge types: [7]
nodes.shift keys: [0, 1, 2, 3]
nodes.count keys: [0, 1, 2, 3]
links.meta: {6: (1, 3), 2: (3, 3), 8: (2, 2), 7: (3, 2), 5: (3, 3), 4: (2, 2), 3: (2, 0), 11: (3, 3), 10: (3, 3), 0: (2, 2), 9: (3, 3), 1: (3, 3)}
t_type about to use: 2
h_type: 3
shift dict: {0: 0, 1: 188, 2: 19452, 3: 20010}
count dict: Counter({1: 19264, 3: 940, 2: 558, 0: 188})
Generated 881 negative samples for edge type 7
Epoch 00037, Step00000 | Train_Loss: 0.5338 | Time: 0.0328
Epoch 00037 | Val_Loss 0.9408 | Time(s) 0.0133
EarlyStopping counter: 33 out of 40
Getting training negative samples for edge types: [7]
nodes.shift keys: [0, 1, 2, 3]
nodes.count keys: [0, 1, 2, 3]
links.meta: {6: (1, 3), 2: (3, 3), 8: (2, 2), 7: (3, 2), 5: (3, 3), 4: (2, 2), 3: (2, 0), 11: (3, 3), 10: (3, 3), 0: (2, 2), 9: (3, 3), 1: (3, 3)}
t_type about to use: 2
h_type: 3
shift dict: {0: 0, 1: 188, 2: 19452, 3: 20010}
count dict: Counter({1: 19264, 3: 940, 2: 558, 0: 188})
Generated 881 negative samples for edge type 7
Epoch 00038, Step00000 | Train_Loss: 0.5436 | Time: 0.0322
Epoch 00038 | Val_Loss 1.0343 | Time(s) 0.0137
EarlyStopping counter: 34 out of 40
Getting training negative samples for edge types: [7]
nodes.shift keys: [0, 1, 2, 3]
nodes.count keys: [0, 1, 2, 3]
links.meta: {6: (1, 3), 2: (3, 3), 8: (2, 2), 7: (3, 2), 5: (3, 3), 4: (2, 2), 3: (2, 0), 11: (3, 3), 10: (3, 3), 0: (2, 2), 9: (3, 3), 1: (3, 3)}
t_type about to use: 2
h_type: 3
shift dict: {0: 0, 1: 188, 2: 19452, 3: 20010}
count dict: Counter({1: 19264, 3: 940, 2: 558, 0: 188})
Generated 881 negative samples for edge type 7
Epoch 00039, Step00000 | Train_Loss: 0.5317 | Time: 0.0333
Epoch 00039 | Val_Loss 0.9200 | Time(s) 0.0131
EarlyStopping counter: 35 out of 40
Getting training negative samples for edge types: [7]
nodes.shift keys: [0, 1, 2, 3]
nodes.count keys: [0, 1, 2, 3]
links.meta: {6: (1, 3), 2: (3, 3), 8: (2, 2), 7: (3, 2), 5: (3, 3), 4: (2, 2), 3: (2, 0), 11: (3, 3), 10: (3, 3), 0: (2, 2), 9: (3, 3), 1: (3, 3)}
t_type about to use: 2
h_type: 3
shift dict: {0: 0, 1: 188, 2: 19452, 3: 20010}
count dict: Counter({1: 19264, 3: 940, 2: 558, 0: 188})
Generated 881 negative samples for edge type 7
Epoch 00040, Step00000 | Train_Loss: 0.5537 | Time: 0.0335
Epoch 00040 | Val_Loss 0.9925 | Time(s) 0.0155
EarlyStopping counter: 36 out of 40
Getting training negative samples for edge types: [7]
nodes.shift keys: [0, 1, 2, 3]
nodes.count keys: [0, 1, 2, 3]
links.meta: {6: (1, 3), 2: (3, 3), 8: (2, 2), 7: (3, 2), 5: (3, 3), 4: (2, 2), 3: (2, 0), 11: (3, 3), 10: (3, 3), 0: (2, 2), 9: (3, 3), 1: (3, 3)}
t_type about to use: 2
h_type: 3
shift dict: {0: 0, 1: 188, 2: 19452, 3: 20010}
count dict: Counter({1: 19264, 3: 940, 2: 558, 0: 188})
Generated 881 negative samples for edge type 7
Epoch 00041, Step00000 | Train_Loss: 0.5286 | Time: 0.0357
Epoch 00041 | Val_Loss 0.9543 | Time(s) 0.0137
EarlyStopping counter: 37 out of 40
Getting training negative samples for edge types: [7]
nodes.shift keys: [0, 1, 2, 3]
nodes.count keys: [0, 1, 2, 3]
links.meta: {6: (1, 3), 2: (3, 3), 8: (2, 2), 7: (3, 2), 5: (3, 3), 4: (2, 2), 3: (2, 0), 11: (3, 3), 10: (3, 3), 0: (2, 2), 9: (3, 3), 1: (3, 3)}
t_type about to use: 2
h_type: 3
shift dict: {0: 0, 1: 188, 2: 19452, 3: 20010}
count dict: Counter({1: 19264, 3: 940, 2: 558, 0: 188})
Generated 881 negative samples for edge type 7
Epoch 00042, Step00000 | Train_Loss: 0.5279 | Time: 0.0335
Epoch 00042 | Val_Loss 0.8931 | Time(s) 0.0140
EarlyStopping counter: 38 out of 40
Getting training negative samples for edge types: [7]
nodes.shift keys: [0, 1, 2, 3]
nodes.count keys: [0, 1, 2, 3]
links.meta: {6: (1, 3), 2: (3, 3), 8: (2, 2), 7: (3, 2), 5: (3, 3), 4: (2, 2), 3: (2, 0), 11: (3, 3), 10: (3, 3), 0: (2, 2), 9: (3, 3), 1: (3, 3)}
t_type about to use: 2
h_type: 3
shift dict: {0: 0, 1: 188, 2: 19452, 3: 20010}
count dict: Counter({1: 19264, 3: 940, 2: 558, 0: 188})
Generated 881 negative samples for edge type 7
Epoch 00043, Step00000 | Train_Loss: 0.5186 | Time: 0.0334
Epoch 00043 | Val_Loss 0.9912 | Time(s) 0.0136
EarlyStopping counter: 39 out of 40
Getting training negative samples for edge types: [7]
nodes.shift keys: [0, 1, 2, 3]
nodes.count keys: [0, 1, 2, 3]
links.meta: {6: (1, 3), 2: (3, 3), 8: (2, 2), 7: (3, 2), 5: (3, 3), 4: (2, 2), 3: (2, 0), 11: (3, 3), 10: (3, 3), 0: (2, 2), 9: (3, 3), 1: (3, 3)}
t_type about to use: 2
h_type: 3
shift dict: {0: 0, 1: 188, 2: 19452, 3: 20010}
count dict: Counter({1: 19264, 3: 940, 2: 558, 0: 188})
Generated 881 negative samples for edge type 7
Epoch 00044, Step00000 | Train_Loss: 0.5287 | Time: 0.0342
Epoch 00044 | Val_Loss 0.9573 | Time(s) 0.0137
EarlyStopping counter: 40 out of 40
Early stopping!
Early stopping!
Meta keys: dict_keys([7])
Data keys: dict_keys([7])
Edge type: 7, Meta: (3, 2)
{'roc_auc': 0.5348444929957589, 'MRR': 0.778735632183908}
{'roc_auc': 0.6438627958286376, 'MRR': 0.7735632183908046}
defaultdict(<class 'float'>, {'roc_auc': 0.5348444929957589, 'MRR': 0.778735632183908})
defaultdict(<class 'float'>, {'roc_auc': 0.6438627958286376, 'MRR': 0.7735632183908046})
Completed: amazon_style_ccct_features_securebert_fold_4

--------------------------------------
Running model: SimpleHGN
Dataset: amazon_style_ccct_features_securebert_fold_5
--------------------------------------
Data path: ../../data/amazon_style_ccct_features_securebert_fold_5
Loading nodes from ../../data/amazon_style_ccct_features_securebert_fold_5/node.dat
edge types: dict_keys([6, 2, 8, 7, 5, 4, 3, 11, 10, 0, 9, 1])
Getting training negative samples for edge types: [7]
nodes.shift keys: [0, 1, 2, 3]
nodes.count keys: [0, 1, 2, 3]
links.meta: {6: (1, 3), 2: (3, 3), 8: (2, 2), 7: (3, 2), 5: (3, 3), 4: (2, 2), 3: (2, 0), 11: (3, 3), 10: (3, 3), 0: (2, 2), 9: (3, 3), 1: (3, 3)}
t_type about to use: 2
h_type: 3
shift dict: {0: 0, 1: 188, 2: 19452, 3: 20010}
count dict: Counter({1: 19264, 3: 940, 2: 558, 0: 188})
Generated 892 negative samples for edge type 7
Features List: [array([[ 0.00445206,  0.01268557,  0.22351578, ..., -0.28678206,
        -0.37460288,  0.18294938],
       [-0.18744846,  0.07075578,  0.0476894 , ..., -0.2232531 ,
        -0.19588573,  0.47988179],
       [-0.17451471, -0.04557271,  0.15712288, ..., -0.05391889,
        -0.20500693,  0.23744845],
       ...,
       [-0.40584856,  0.04715464,  0.24475315, ..., -0.12466257,
        -0.2035536 ,  0.28577447],
       [-0.18835557,  0.03822717,  0.03586731, ..., -0.23435652,
        -0.35453227,  0.38753107],
       [-0.13632202,  0.14362322,  0.08668749, ..., -0.24145249,
        -0.25799868,  0.26464131]]), array([[-0.02302658,  0.0368569 ,  0.00652144, ..., -0.02803515,
        -0.00893309,  0.00342051],
       [-0.01979104,  0.04036582,  0.01475144, ..., -0.00661969,
        -0.01504144,  0.01323287],
       [-0.02346251,  0.03577969,  0.00104941, ..., -0.01948969,
        -0.02273973,  0.01956808],
       ...,
       [ 0.01112562,  0.01252526, -0.00604169, ..., -0.02203615,
        -0.00625044, -0.01684516],
       [-0.02297131,  0.02604213,  0.00098649, ...,  0.00838303,
        -0.00321861, -0.00570687],
       [-0.01075894,  0.00767744, -0.01424407, ..., -0.02184941,
         0.02614397, -0.01134232]]), array([[ 0.00791158, -0.00538086, -0.02676104, ..., -0.01897389,
        -0.01306979, -0.00084801],
       [ 0.01682901, -0.00649696, -0.01921631, ..., -0.01401017,
        -0.0039668 , -0.02202195],
       [ 0.02197852, -0.01403735, -0.05225722, ...,  0.02019661,
         0.00528841,  0.0033033 ],
       ...,
       [ 0.01603197,  0.00716993, -0.01245602, ..., -0.01399604,
        -0.00058955, -0.0256807 ],
       [ 0.01039577,  0.02045547, -0.02146293, ...,  0.01017929,
         0.02390171,  0.00134994],
       [ 0.00462414,  0.0041195 , -0.0135733 , ..., -0.01101827,
         0.00813001,  0.0203817 ]]), array([[ 0.00087804,  0.00658507, -0.02514569, ..., -0.04238372,
         0.00850771, -0.02565438],
       [-0.0006986 ,  0.01542003, -0.03227317, ..., -0.01301633,
         0.01559736, -0.03614859],
       [-0.01135348,  0.00974955, -0.01812623, ..., -0.01920343,
         0.00887381, -0.0152928 ],
       ...,
       [ 0.00701895, -0.01539859, -0.03025482, ..., -0.03644368,
         0.01254067, -0.0236606 ],
       [-0.00414097,  0.00144739, -0.05197839, ...,  0.00216818,
         0.02755725, -0.03143983],
       [ 0.01779867, -0.02493452, -0.0391779 , ..., -0.01159797,
        -0.00619852, -0.02449675]])]
Getting training negative samples for edge types: [7]
nodes.shift keys: [0, 1, 2, 3]
nodes.count keys: [0, 1, 2, 3]
links.meta: {6: (1, 3), 2: (3, 3), 8: (2, 2), 7: (3, 2), 5: (3, 3), 4: (2, 2), 3: (2, 0), 11: (3, 3), 10: (3, 3), 0: (2, 2), 9: (3, 3), 1: (3, 3)}
t_type about to use: 2
h_type: 3
shift dict: {0: 0, 1: 188, 2: 19452, 3: 20010}
count dict: Counter({1: 19264, 3: 940, 2: 558, 0: 188})
Generated 892 negative samples for edge type 7
Epoch 00000, Step00000 | Train_Loss: 0.6941 | Time: 0.5489
Epoch 00000 | Val_Loss 0.6866 | Time(s) 0.0131
Validation loss decreased (inf --> 0.686582).  Saving model ...
Getting training negative samples for edge types: [7]
nodes.shift keys: [0, 1, 2, 3]
nodes.count keys: [0, 1, 2, 3]
links.meta: {6: (1, 3), 2: (3, 3), 8: (2, 2), 7: (3, 2), 5: (3, 3), 4: (2, 2), 3: (2, 0), 11: (3, 3), 10: (3, 3), 0: (2, 2), 9: (3, 3), 1: (3, 3)}
t_type about to use: 2
h_type: 3
shift dict: {0: 0, 1: 188, 2: 19452, 3: 20010}
count dict: Counter({1: 19264, 3: 940, 2: 558, 0: 188})
Generated 892 negative samples for edge type 7
Epoch 00001, Step00000 | Train_Loss: 0.6838 | Time: 0.0379
Epoch 00001 | Val_Loss 0.6758 | Time(s) 0.0158
Validation loss decreased (0.686582 --> 0.675786).  Saving model ...
Getting training negative samples for edge types: [7]
nodes.shift keys: [0, 1, 2, 3]
nodes.count keys: [0, 1, 2, 3]
links.meta: {6: (1, 3), 2: (3, 3), 8: (2, 2), 7: (3, 2), 5: (3, 3), 4: (2, 2), 3: (2, 0), 11: (3, 3), 10: (3, 3), 0: (2, 2), 9: (3, 3), 1: (3, 3)}
t_type about to use: 2
h_type: 3
shift dict: {0: 0, 1: 188, 2: 19452, 3: 20010}
count dict: Counter({1: 19264, 3: 940, 2: 558, 0: 188})
Generated 892 negative samples for edge type 7
Epoch 00002, Step00000 | Train_Loss: 0.6745 | Time: 0.0386
Epoch 00002 | Val_Loss 0.6630 | Time(s) 0.0155
Validation loss decreased (0.675786 --> 0.662991).  Saving model ...
Getting training negative samples for edge types: [7]
nodes.shift keys: [0, 1, 2, 3]
nodes.count keys: [0, 1, 2, 3]
links.meta: {6: (1, 3), 2: (3, 3), 8: (2, 2), 7: (3, 2), 5: (3, 3), 4: (2, 2), 3: (2, 0), 11: (3, 3), 10: (3, 3), 0: (2, 2), 9: (3, 3), 1: (3, 3)}
t_type about to use: 2
h_type: 3
shift dict: {0: 0, 1: 188, 2: 19452, 3: 20010}
count dict: Counter({1: 19264, 3: 940, 2: 558, 0: 188})
Generated 892 negative samples for edge type 7
Epoch 00003, Step00000 | Train_Loss: 0.6619 | Time: 0.0398
Epoch 00003 | Val_Loss 0.6771 | Time(s) 0.0142
EarlyStopping counter: 1 out of 40
Getting training negative samples for edge types: [7]
nodes.shift keys: [0, 1, 2, 3]
nodes.count keys: [0, 1, 2, 3]
links.meta: {6: (1, 3), 2: (3, 3), 8: (2, 2), 7: (3, 2), 5: (3, 3), 4: (2, 2), 3: (2, 0), 11: (3, 3), 10: (3, 3), 0: (2, 2), 9: (3, 3), 1: (3, 3)}
t_type about to use: 2
h_type: 3
shift dict: {0: 0, 1: 188, 2: 19452, 3: 20010}
count dict: Counter({1: 19264, 3: 940, 2: 558, 0: 188})
Generated 892 negative samples for edge type 7
Epoch 00004, Step00000 | Train_Loss: 0.6507 | Time: 0.0336
Epoch 00004 | Val_Loss 0.6579 | Time(s) 0.0135
Validation loss decreased (0.662991 --> 0.657856).  Saving model ...
Getting training negative samples for edge types: [7]
nodes.shift keys: [0, 1, 2, 3]
nodes.count keys: [0, 1, 2, 3]
links.meta: {6: (1, 3), 2: (3, 3), 8: (2, 2), 7: (3, 2), 5: (3, 3), 4: (2, 2), 3: (2, 0), 11: (3, 3), 10: (3, 3), 0: (2, 2), 9: (3, 3), 1: (3, 3)}
t_type about to use: 2
h_type: 3
shift dict: {0: 0, 1: 188, 2: 19452, 3: 20010}
count dict: Counter({1: 19264, 3: 940, 2: 558, 0: 188})
Generated 892 negative samples for edge type 7
Epoch 00005, Step00000 | Train_Loss: 0.6344 | Time: 0.0342
Epoch 00005 | Val_Loss 0.6869 | Time(s) 0.0137
EarlyStopping counter: 1 out of 40
Getting training negative samples for edge types: [7]
nodes.shift keys: [0, 1, 2, 3]
nodes.count keys: [0, 1, 2, 3]
links.meta: {6: (1, 3), 2: (3, 3), 8: (2, 2), 7: (3, 2), 5: (3, 3), 4: (2, 2), 3: (2, 0), 11: (3, 3), 10: (3, 3), 0: (2, 2), 9: (3, 3), 1: (3, 3)}
t_type about to use: 2
h_type: 3
shift dict: {0: 0, 1: 188, 2: 19452, 3: 20010}
count dict: Counter({1: 19264, 3: 940, 2: 558, 0: 188})
Generated 892 negative samples for edge type 7
Epoch 00006, Step00000 | Train_Loss: 0.6259 | Time: 0.0336
Epoch 00006 | Val_Loss 0.6630 | Time(s) 0.0137
EarlyStopping counter: 2 out of 40
Getting training negative samples for edge types: [7]
nodes.shift keys: [0, 1, 2, 3]
nodes.count keys: [0, 1, 2, 3]
links.meta: {6: (1, 3), 2: (3, 3), 8: (2, 2), 7: (3, 2), 5: (3, 3), 4: (2, 2), 3: (2, 0), 11: (3, 3), 10: (3, 3), 0: (2, 2), 9: (3, 3), 1: (3, 3)}
t_type about to use: 2
h_type: 3
shift dict: {0: 0, 1: 188, 2: 19452, 3: 20010}
count dict: Counter({1: 19264, 3: 940, 2: 558, 0: 188})
Generated 892 negative samples for edge type 7
Epoch 00007, Step00000 | Train_Loss: 0.6094 | Time: 0.0332
Epoch 00007 | Val_Loss 0.7207 | Time(s) 0.0139
EarlyStopping counter: 3 out of 40
Getting training negative samples for edge types: [7]
nodes.shift keys: [0, 1, 2, 3]
nodes.count keys: [0, 1, 2, 3]
links.meta: {6: (1, 3), 2: (3, 3), 8: (2, 2), 7: (3, 2), 5: (3, 3), 4: (2, 2), 3: (2, 0), 11: (3, 3), 10: (3, 3), 0: (2, 2), 9: (3, 3), 1: (3, 3)}
t_type about to use: 2
h_type: 3
shift dict: {0: 0, 1: 188, 2: 19452, 3: 20010}
count dict: Counter({1: 19264, 3: 940, 2: 558, 0: 188})
Generated 892 negative samples for edge type 7
Epoch 00008, Step00000 | Train_Loss: 0.5921 | Time: 0.0331
Epoch 00008 | Val_Loss 0.7403 | Time(s) 0.0149
EarlyStopping counter: 4 out of 40
Getting training negative samples for edge types: [7]
nodes.shift keys: [0, 1, 2, 3]
nodes.count keys: [0, 1, 2, 3]
links.meta: {6: (1, 3), 2: (3, 3), 8: (2, 2), 7: (3, 2), 5: (3, 3), 4: (2, 2), 3: (2, 0), 11: (3, 3), 10: (3, 3), 0: (2, 2), 9: (3, 3), 1: (3, 3)}
t_type about to use: 2
h_type: 3
shift dict: {0: 0, 1: 188, 2: 19452, 3: 20010}
count dict: Counter({1: 19264, 3: 940, 2: 558, 0: 188})
Generated 892 negative samples for edge type 7
Epoch 00009, Step00000 | Train_Loss: 0.5796 | Time: 0.0339
Epoch 00009 | Val_Loss 0.8322 | Time(s) 0.0153
EarlyStopping counter: 5 out of 40
Getting training negative samples for edge types: [7]
nodes.shift keys: [0, 1, 2, 3]
nodes.count keys: [0, 1, 2, 3]
links.meta: {6: (1, 3), 2: (3, 3), 8: (2, 2), 7: (3, 2), 5: (3, 3), 4: (2, 2), 3: (2, 0), 11: (3, 3), 10: (3, 3), 0: (2, 2), 9: (3, 3), 1: (3, 3)}
t_type about to use: 2
h_type: 3
shift dict: {0: 0, 1: 188, 2: 19452, 3: 20010}
count dict: Counter({1: 19264, 3: 940, 2: 558, 0: 188})
Generated 892 negative samples for edge type 7
Epoch 00010, Step00000 | Train_Loss: 0.5809 | Time: 0.0331
Epoch 00010 | Val_Loss 0.8708 | Time(s) 0.0134
EarlyStopping counter: 6 out of 40
Getting training negative samples for edge types: [7]
nodes.shift keys: [0, 1, 2, 3]
nodes.count keys: [0, 1, 2, 3]
links.meta: {6: (1, 3), 2: (3, 3), 8: (2, 2), 7: (3, 2), 5: (3, 3), 4: (2, 2), 3: (2, 0), 11: (3, 3), 10: (3, 3), 0: (2, 2), 9: (3, 3), 1: (3, 3)}
t_type about to use: 2
h_type: 3
shift dict: {0: 0, 1: 188, 2: 19452, 3: 20010}
count dict: Counter({1: 19264, 3: 940, 2: 558, 0: 188})
Generated 892 negative samples for edge type 7
Epoch 00011, Step00000 | Train_Loss: 0.5804 | Time: 0.0324
Epoch 00011 | Val_Loss 0.8758 | Time(s) 0.0141
EarlyStopping counter: 7 out of 40
Getting training negative samples for edge types: [7]
nodes.shift keys: [0, 1, 2, 3]
nodes.count keys: [0, 1, 2, 3]
links.meta: {6: (1, 3), 2: (3, 3), 8: (2, 2), 7: (3, 2), 5: (3, 3), 4: (2, 2), 3: (2, 0), 11: (3, 3), 10: (3, 3), 0: (2, 2), 9: (3, 3), 1: (3, 3)}
t_type about to use: 2
h_type: 3
shift dict: {0: 0, 1: 188, 2: 19452, 3: 20010}
count dict: Counter({1: 19264, 3: 940, 2: 558, 0: 188})
Generated 892 negative samples for edge type 7
Epoch 00012, Step00000 | Train_Loss: 0.5628 | Time: 0.0335
Epoch 00012 | Val_Loss 0.9462 | Time(s) 0.0131
EarlyStopping counter: 8 out of 40
Getting training negative samples for edge types: [7]
nodes.shift keys: [0, 1, 2, 3]
nodes.count keys: [0, 1, 2, 3]
links.meta: {6: (1, 3), 2: (3, 3), 8: (2, 2), 7: (3, 2), 5: (3, 3), 4: (2, 2), 3: (2, 0), 11: (3, 3), 10: (3, 3), 0: (2, 2), 9: (3, 3), 1: (3, 3)}
t_type about to use: 2
h_type: 3
shift dict: {0: 0, 1: 188, 2: 19452, 3: 20010}
count dict: Counter({1: 19264, 3: 940, 2: 558, 0: 188})
Generated 892 negative samples for edge type 7
Epoch 00013, Step00000 | Train_Loss: 0.5697 | Time: 0.0345
Epoch 00013 | Val_Loss 0.9038 | Time(s) 0.0130
EarlyStopping counter: 9 out of 40
Getting training negative samples for edge types: [7]
nodes.shift keys: [0, 1, 2, 3]
nodes.count keys: [0, 1, 2, 3]
links.meta: {6: (1, 3), 2: (3, 3), 8: (2, 2), 7: (3, 2), 5: (3, 3), 4: (2, 2), 3: (2, 0), 11: (3, 3), 10: (3, 3), 0: (2, 2), 9: (3, 3), 1: (3, 3)}
t_type about to use: 2
h_type: 3
shift dict: {0: 0, 1: 188, 2: 19452, 3: 20010}
count dict: Counter({1: 19264, 3: 940, 2: 558, 0: 188})
Generated 892 negative samples for edge type 7
Epoch 00014, Step00000 | Train_Loss: 0.5712 | Time: 0.0324
Epoch 00014 | Val_Loss 0.9651 | Time(s) 0.0126
EarlyStopping counter: 10 out of 40
Getting training negative samples for edge types: [7]
nodes.shift keys: [0, 1, 2, 3]
nodes.count keys: [0, 1, 2, 3]
links.meta: {6: (1, 3), 2: (3, 3), 8: (2, 2), 7: (3, 2), 5: (3, 3), 4: (2, 2), 3: (2, 0), 11: (3, 3), 10: (3, 3), 0: (2, 2), 9: (3, 3), 1: (3, 3)}
t_type about to use: 2
h_type: 3
shift dict: {0: 0, 1: 188, 2: 19452, 3: 20010}
count dict: Counter({1: 19264, 3: 940, 2: 558, 0: 188})
Generated 892 negative samples for edge type 7
Epoch 00015, Step00000 | Train_Loss: 0.5886 | Time: 0.0333
Epoch 00015 | Val_Loss 0.9961 | Time(s) 0.0133
EarlyStopping counter: 11 out of 40
Getting training negative samples for edge types: [7]
nodes.shift keys: [0, 1, 2, 3]
nodes.count keys: [0, 1, 2, 3]
links.meta: {6: (1, 3), 2: (3, 3), 8: (2, 2), 7: (3, 2), 5: (3, 3), 4: (2, 2), 3: (2, 0), 11: (3, 3), 10: (3, 3), 0: (2, 2), 9: (3, 3), 1: (3, 3)}
t_type about to use: 2
h_type: 3
shift dict: {0: 0, 1: 188, 2: 19452, 3: 20010}
count dict: Counter({1: 19264, 3: 940, 2: 558, 0: 188})
Generated 892 negative samples for edge type 7
Epoch 00016, Step00000 | Train_Loss: 0.5696 | Time: 0.0330
Epoch 00016 | Val_Loss 0.9429 | Time(s) 0.0136
EarlyStopping counter: 12 out of 40
Getting training negative samples for edge types: [7]
nodes.shift keys: [0, 1, 2, 3]
nodes.count keys: [0, 1, 2, 3]
links.meta: {6: (1, 3), 2: (3, 3), 8: (2, 2), 7: (3, 2), 5: (3, 3), 4: (2, 2), 3: (2, 0), 11: (3, 3), 10: (3, 3), 0: (2, 2), 9: (3, 3), 1: (3, 3)}
t_type about to use: 2
h_type: 3
shift dict: {0: 0, 1: 188, 2: 19452, 3: 20010}
count dict: Counter({1: 19264, 3: 940, 2: 558, 0: 188})
Generated 892 negative samples for edge type 7
Epoch 00017, Step00000 | Train_Loss: 0.5612 | Time: 0.0332
Epoch 00017 | Val_Loss 0.9472 | Time(s) 0.0138
EarlyStopping counter: 13 out of 40
Getting training negative samples for edge types: [7]
nodes.shift keys: [0, 1, 2, 3]
nodes.count keys: [0, 1, 2, 3]
links.meta: {6: (1, 3), 2: (3, 3), 8: (2, 2), 7: (3, 2), 5: (3, 3), 4: (2, 2), 3: (2, 0), 11: (3, 3), 10: (3, 3), 0: (2, 2), 9: (3, 3), 1: (3, 3)}
t_type about to use: 2
h_type: 3
shift dict: {0: 0, 1: 188, 2: 19452, 3: 20010}
count dict: Counter({1: 19264, 3: 940, 2: 558, 0: 188})
Generated 892 negative samples for edge type 7
Epoch 00018, Step00000 | Train_Loss: 0.5523 | Time: 0.0358
Epoch 00018 | Val_Loss 1.0000 | Time(s) 0.0146
EarlyStopping counter: 14 out of 40
Getting training negative samples for edge types: [7]
nodes.shift keys: [0, 1, 2, 3]
nodes.count keys: [0, 1, 2, 3]
links.meta: {6: (1, 3), 2: (3, 3), 8: (2, 2), 7: (3, 2), 5: (3, 3), 4: (2, 2), 3: (2, 0), 11: (3, 3), 10: (3, 3), 0: (2, 2), 9: (3, 3), 1: (3, 3)}
t_type about to use: 2
h_type: 3
shift dict: {0: 0, 1: 188, 2: 19452, 3: 20010}
count dict: Counter({1: 19264, 3: 940, 2: 558, 0: 188})
Generated 892 negative samples for edge type 7
Epoch 00019, Step00000 | Train_Loss: 0.5493 | Time: 0.0335
Epoch 00019 | Val_Loss 0.9583 | Time(s) 0.0140
EarlyStopping counter: 15 out of 40
Getting training negative samples for edge types: [7]
nodes.shift keys: [0, 1, 2, 3]
nodes.count keys: [0, 1, 2, 3]
links.meta: {6: (1, 3), 2: (3, 3), 8: (2, 2), 7: (3, 2), 5: (3, 3), 4: (2, 2), 3: (2, 0), 11: (3, 3), 10: (3, 3), 0: (2, 2), 9: (3, 3), 1: (3, 3)}
t_type about to use: 2
h_type: 3
shift dict: {0: 0, 1: 188, 2: 19452, 3: 20010}
count dict: Counter({1: 19264, 3: 940, 2: 558, 0: 188})
Generated 892 negative samples for edge type 7
Epoch 00020, Step00000 | Train_Loss: 0.5614 | Time: 0.0325
Epoch 00020 | Val_Loss 0.8910 | Time(s) 0.0137
EarlyStopping counter: 16 out of 40
Getting training negative samples for edge types: [7]
nodes.shift keys: [0, 1, 2, 3]
nodes.count keys: [0, 1, 2, 3]
links.meta: {6: (1, 3), 2: (3, 3), 8: (2, 2), 7: (3, 2), 5: (3, 3), 4: (2, 2), 3: (2, 0), 11: (3, 3), 10: (3, 3), 0: (2, 2), 9: (3, 3), 1: (3, 3)}
t_type about to use: 2
h_type: 3
shift dict: {0: 0, 1: 188, 2: 19452, 3: 20010}
count dict: Counter({1: 19264, 3: 940, 2: 558, 0: 188})
Generated 892 negative samples for edge type 7
Epoch 00021, Step00000 | Train_Loss: 0.5627 | Time: 0.0350
Epoch 00021 | Val_Loss 0.9294 | Time(s) 0.0139
EarlyStopping counter: 17 out of 40
Getting training negative samples for edge types: [7]
nodes.shift keys: [0, 1, 2, 3]
nodes.count keys: [0, 1, 2, 3]
links.meta: {6: (1, 3), 2: (3, 3), 8: (2, 2), 7: (3, 2), 5: (3, 3), 4: (2, 2), 3: (2, 0), 11: (3, 3), 10: (3, 3), 0: (2, 2), 9: (3, 3), 1: (3, 3)}
t_type about to use: 2
h_type: 3
shift dict: {0: 0, 1: 188, 2: 19452, 3: 20010}
count dict: Counter({1: 19264, 3: 940, 2: 558, 0: 188})
Generated 892 negative samples for edge type 7
Epoch 00022, Step00000 | Train_Loss: 0.5529 | Time: 0.0337
Epoch 00022 | Val_Loss 0.9049 | Time(s) 0.0151
EarlyStopping counter: 18 out of 40
Getting training negative samples for edge types: [7]
nodes.shift keys: [0, 1, 2, 3]
nodes.count keys: [0, 1, 2, 3]
links.meta: {6: (1, 3), 2: (3, 3), 8: (2, 2), 7: (3, 2), 5: (3, 3), 4: (2, 2), 3: (2, 0), 11: (3, 3), 10: (3, 3), 0: (2, 2), 9: (3, 3), 1: (3, 3)}
t_type about to use: 2
h_type: 3
shift dict: {0: 0, 1: 188, 2: 19452, 3: 20010}
count dict: Counter({1: 19264, 3: 940, 2: 558, 0: 188})
Generated 892 negative samples for edge type 7
Epoch 00023, Step00000 | Train_Loss: 0.5538 | Time: 0.0344
Epoch 00023 | Val_Loss 0.9081 | Time(s) 0.0138
EarlyStopping counter: 19 out of 40
Getting training negative samples for edge types: [7]
nodes.shift keys: [0, 1, 2, 3]
nodes.count keys: [0, 1, 2, 3]
links.meta: {6: (1, 3), 2: (3, 3), 8: (2, 2), 7: (3, 2), 5: (3, 3), 4: (2, 2), 3: (2, 0), 11: (3, 3), 10: (3, 3), 0: (2, 2), 9: (3, 3), 1: (3, 3)}
t_type about to use: 2
h_type: 3
shift dict: {0: 0, 1: 188, 2: 19452, 3: 20010}
count dict: Counter({1: 19264, 3: 940, 2: 558, 0: 188})
Generated 892 negative samples for edge type 7
Epoch 00024, Step00000 | Train_Loss: 0.5405 | Time: 0.0325
Epoch 00024 | Val_Loss 0.9171 | Time(s) 0.0128
EarlyStopping counter: 20 out of 40
Getting training negative samples for edge types: [7]
nodes.shift keys: [0, 1, 2, 3]
nodes.count keys: [0, 1, 2, 3]
links.meta: {6: (1, 3), 2: (3, 3), 8: (2, 2), 7: (3, 2), 5: (3, 3), 4: (2, 2), 3: (2, 0), 11: (3, 3), 10: (3, 3), 0: (2, 2), 9: (3, 3), 1: (3, 3)}
t_type about to use: 2
h_type: 3
shift dict: {0: 0, 1: 188, 2: 19452, 3: 20010}
count dict: Counter({1: 19264, 3: 940, 2: 558, 0: 188})
Generated 892 negative samples for edge type 7
Epoch 00025, Step00000 | Train_Loss: 0.5427 | Time: 0.0329
Epoch 00025 | Val_Loss 0.9060 | Time(s) 0.0131
EarlyStopping counter: 21 out of 40
Getting training negative samples for edge types: [7]
nodes.shift keys: [0, 1, 2, 3]
nodes.count keys: [0, 1, 2, 3]
links.meta: {6: (1, 3), 2: (3, 3), 8: (2, 2), 7: (3, 2), 5: (3, 3), 4: (2, 2), 3: (2, 0), 11: (3, 3), 10: (3, 3), 0: (2, 2), 9: (3, 3), 1: (3, 3)}
t_type about to use: 2
h_type: 3
shift dict: {0: 0, 1: 188, 2: 19452, 3: 20010}
count dict: Counter({1: 19264, 3: 940, 2: 558, 0: 188})
Generated 892 negative samples for edge type 7
Epoch 00026, Step00000 | Train_Loss: 0.5534 | Time: 0.0325
Epoch 00026 | Val_Loss 0.8982 | Time(s) 0.0123
EarlyStopping counter: 22 out of 40
Getting training negative samples for edge types: [7]
nodes.shift keys: [0, 1, 2, 3]
nodes.count keys: [0, 1, 2, 3]
links.meta: {6: (1, 3), 2: (3, 3), 8: (2, 2), 7: (3, 2), 5: (3, 3), 4: (2, 2), 3: (2, 0), 11: (3, 3), 10: (3, 3), 0: (2, 2), 9: (3, 3), 1: (3, 3)}
t_type about to use: 2
h_type: 3
shift dict: {0: 0, 1: 188, 2: 19452, 3: 20010}
count dict: Counter({1: 19264, 3: 940, 2: 558, 0: 188})
Generated 892 negative samples for edge type 7
Epoch 00027, Step00000 | Train_Loss: 0.5364 | Time: 0.0339
Epoch 00027 | Val_Loss 0.9013 | Time(s) 0.0142
EarlyStopping counter: 23 out of 40
Getting training negative samples for edge types: [7]
nodes.shift keys: [0, 1, 2, 3]
nodes.count keys: [0, 1, 2, 3]
links.meta: {6: (1, 3), 2: (3, 3), 8: (2, 2), 7: (3, 2), 5: (3, 3), 4: (2, 2), 3: (2, 0), 11: (3, 3), 10: (3, 3), 0: (2, 2), 9: (3, 3), 1: (3, 3)}
t_type about to use: 2
h_type: 3
shift dict: {0: 0, 1: 188, 2: 19452, 3: 20010}
count dict: Counter({1: 19264, 3: 940, 2: 558, 0: 188})
Generated 892 negative samples for edge type 7
Epoch 00028, Step00000 | Train_Loss: 0.5467 | Time: 0.0338
Epoch 00028 | Val_Loss 0.9068 | Time(s) 0.0137
EarlyStopping counter: 24 out of 40
Getting training negative samples for edge types: [7]
nodes.shift keys: [0, 1, 2, 3]
nodes.count keys: [0, 1, 2, 3]
links.meta: {6: (1, 3), 2: (3, 3), 8: (2, 2), 7: (3, 2), 5: (3, 3), 4: (2, 2), 3: (2, 0), 11: (3, 3), 10: (3, 3), 0: (2, 2), 9: (3, 3), 1: (3, 3)}
t_type about to use: 2
h_type: 3
shift dict: {0: 0, 1: 188, 2: 19452, 3: 20010}
count dict: Counter({1: 19264, 3: 940, 2: 558, 0: 188})
Generated 892 negative samples for edge type 7
Epoch 00029, Step00000 | Train_Loss: 0.5310 | Time: 0.0346
Epoch 00029 | Val_Loss 1.0557 | Time(s) 0.0140
EarlyStopping counter: 25 out of 40
Getting training negative samples for edge types: [7]
nodes.shift keys: [0, 1, 2, 3]
nodes.count keys: [0, 1, 2, 3]
links.meta: {6: (1, 3), 2: (3, 3), 8: (2, 2), 7: (3, 2), 5: (3, 3), 4: (2, 2), 3: (2, 0), 11: (3, 3), 10: (3, 3), 0: (2, 2), 9: (3, 3), 1: (3, 3)}
t_type about to use: 2
h_type: 3
shift dict: {0: 0, 1: 188, 2: 19452, 3: 20010}
count dict: Counter({1: 19264, 3: 940, 2: 558, 0: 188})
Generated 892 negative samples for edge type 7
Epoch 00030, Step00000 | Train_Loss: 0.5451 | Time: 0.0330
Epoch 00030 | Val_Loss 1.0593 | Time(s) 0.0136
EarlyStopping counter: 26 out of 40
Getting training negative samples for edge types: [7]
nodes.shift keys: [0, 1, 2, 3]
nodes.count keys: [0, 1, 2, 3]
links.meta: {6: (1, 3), 2: (3, 3), 8: (2, 2), 7: (3, 2), 5: (3, 3), 4: (2, 2), 3: (2, 0), 11: (3, 3), 10: (3, 3), 0: (2, 2), 9: (3, 3), 1: (3, 3)}
t_type about to use: 2
h_type: 3
shift dict: {0: 0, 1: 188, 2: 19452, 3: 20010}
count dict: Counter({1: 19264, 3: 940, 2: 558, 0: 188})
Generated 892 negative samples for edge type 7
Epoch 00031, Step00000 | Train_Loss: 0.5297 | Time: 0.0324
Epoch 00031 | Val_Loss 1.0437 | Time(s) 0.0157
EarlyStopping counter: 27 out of 40
Getting training negative samples for edge types: [7]
nodes.shift keys: [0, 1, 2, 3]
nodes.count keys: [0, 1, 2, 3]
links.meta: {6: (1, 3), 2: (3, 3), 8: (2, 2), 7: (3, 2), 5: (3, 3), 4: (2, 2), 3: (2, 0), 11: (3, 3), 10: (3, 3), 0: (2, 2), 9: (3, 3), 1: (3, 3)}
t_type about to use: 2
h_type: 3
shift dict: {0: 0, 1: 188, 2: 19452, 3: 20010}
count dict: Counter({1: 19264, 3: 940, 2: 558, 0: 188})
Generated 892 negative samples for edge type 7
Epoch 00032, Step00000 | Train_Loss: 0.5382 | Time: 0.0330
Epoch 00032 | Val_Loss 0.9459 | Time(s) 0.0139
EarlyStopping counter: 28 out of 40
Getting training negative samples for edge types: [7]
nodes.shift keys: [0, 1, 2, 3]
nodes.count keys: [0, 1, 2, 3]
links.meta: {6: (1, 3), 2: (3, 3), 8: (2, 2), 7: (3, 2), 5: (3, 3), 4: (2, 2), 3: (2, 0), 11: (3, 3), 10: (3, 3), 0: (2, 2), 9: (3, 3), 1: (3, 3)}
t_type about to use: 2
h_type: 3
shift dict: {0: 0, 1: 188, 2: 19452, 3: 20010}
count dict: Counter({1: 19264, 3: 940, 2: 558, 0: 188})
Generated 892 negative samples for edge type 7
Epoch 00033, Step00000 | Train_Loss: 0.5299 | Time: 0.0344
Epoch 00033 | Val_Loss 1.0494 | Time(s) 0.0138
EarlyStopping counter: 29 out of 40
Getting training negative samples for edge types: [7]
nodes.shift keys: [0, 1, 2, 3]
nodes.count keys: [0, 1, 2, 3]
links.meta: {6: (1, 3), 2: (3, 3), 8: (2, 2), 7: (3, 2), 5: (3, 3), 4: (2, 2), 3: (2, 0), 11: (3, 3), 10: (3, 3), 0: (2, 2), 9: (3, 3), 1: (3, 3)}
t_type about to use: 2
h_type: 3
shift dict: {0: 0, 1: 188, 2: 19452, 3: 20010}
count dict: Counter({1: 19264, 3: 940, 2: 558, 0: 188})
Generated 892 negative samples for edge type 7
Epoch 00034, Step00000 | Train_Loss: 0.5422 | Time: 0.0332
Epoch 00034 | Val_Loss 1.0283 | Time(s) 0.0125
EarlyStopping counter: 30 out of 40
Getting training negative samples for edge types: [7]
nodes.shift keys: [0, 1, 2, 3]
nodes.count keys: [0, 1, 2, 3]
links.meta: {6: (1, 3), 2: (3, 3), 8: (2, 2), 7: (3, 2), 5: (3, 3), 4: (2, 2), 3: (2, 0), 11: (3, 3), 10: (3, 3), 0: (2, 2), 9: (3, 3), 1: (3, 3)}
t_type about to use: 2
h_type: 3
shift dict: {0: 0, 1: 188, 2: 19452, 3: 20010}
count dict: Counter({1: 19264, 3: 940, 2: 558, 0: 188})
Generated 892 negative samples for edge type 7
Epoch 00035, Step00000 | Train_Loss: 0.5449 | Time: 0.0332
Epoch 00035 | Val_Loss 1.0514 | Time(s) 0.0119
EarlyStopping counter: 31 out of 40
Getting training negative samples for edge types: [7]
nodes.shift keys: [0, 1, 2, 3]
nodes.count keys: [0, 1, 2, 3]
links.meta: {6: (1, 3), 2: (3, 3), 8: (2, 2), 7: (3, 2), 5: (3, 3), 4: (2, 2), 3: (2, 0), 11: (3, 3), 10: (3, 3), 0: (2, 2), 9: (3, 3), 1: (3, 3)}
t_type about to use: 2
h_type: 3
shift dict: {0: 0, 1: 188, 2: 19452, 3: 20010}
count dict: Counter({1: 19264, 3: 940, 2: 558, 0: 188})
Generated 892 negative samples for edge type 7
Epoch 00036, Step00000 | Train_Loss: 0.5420 | Time: 0.0323
Epoch 00036 | Val_Loss 1.0368 | Time(s) 0.0129
EarlyStopping counter: 32 out of 40
Getting training negative samples for edge types: [7]
nodes.shift keys: [0, 1, 2, 3]
nodes.count keys: [0, 1, 2, 3]
links.meta: {6: (1, 3), 2: (3, 3), 8: (2, 2), 7: (3, 2), 5: (3, 3), 4: (2, 2), 3: (2, 0), 11: (3, 3), 10: (3, 3), 0: (2, 2), 9: (3, 3), 1: (3, 3)}
t_type about to use: 2
h_type: 3
shift dict: {0: 0, 1: 188, 2: 19452, 3: 20010}
count dict: Counter({1: 19264, 3: 940, 2: 558, 0: 188})
Generated 892 negative samples for edge type 7
Epoch 00037, Step00000 | Train_Loss: 0.5320 | Time: 0.0322
Epoch 00037 | Val_Loss 1.0709 | Time(s) 0.0145
EarlyStopping counter: 33 out of 40
Getting training negative samples for edge types: [7]
nodes.shift keys: [0, 1, 2, 3]
nodes.count keys: [0, 1, 2, 3]
links.meta: {6: (1, 3), 2: (3, 3), 8: (2, 2), 7: (3, 2), 5: (3, 3), 4: (2, 2), 3: (2, 0), 11: (3, 3), 10: (3, 3), 0: (2, 2), 9: (3, 3), 1: (3, 3)}
t_type about to use: 2
h_type: 3
shift dict: {0: 0, 1: 188, 2: 19452, 3: 20010}
count dict: Counter({1: 19264, 3: 940, 2: 558, 0: 188})
Generated 892 negative samples for edge type 7
Epoch 00038, Step00000 | Train_Loss: 0.5274 | Time: 0.0333
Epoch 00038 | Val_Loss 1.0387 | Time(s) 0.0137
EarlyStopping counter: 34 out of 40
Getting training negative samples for edge types: [7]
nodes.shift keys: [0, 1, 2, 3]
nodes.count keys: [0, 1, 2, 3]
links.meta: {6: (1, 3), 2: (3, 3), 8: (2, 2), 7: (3, 2), 5: (3, 3), 4: (2, 2), 3: (2, 0), 11: (3, 3), 10: (3, 3), 0: (2, 2), 9: (3, 3), 1: (3, 3)}
t_type about to use: 2
h_type: 3
shift dict: {0: 0, 1: 188, 2: 19452, 3: 20010}
count dict: Counter({1: 19264, 3: 940, 2: 558, 0: 188})
Generated 892 negative samples for edge type 7
Epoch 00039, Step00000 | Train_Loss: 0.5258 | Time: 0.0329
Epoch 00039 | Val_Loss 1.0571 | Time(s) 0.0124
EarlyStopping counter: 35 out of 40
Getting training negative samples for edge types: [7]
nodes.shift keys: [0, 1, 2, 3]
nodes.count keys: [0, 1, 2, 3]
links.meta: {6: (1, 3), 2: (3, 3), 8: (2, 2), 7: (3, 2), 5: (3, 3), 4: (2, 2), 3: (2, 0), 11: (3, 3), 10: (3, 3), 0: (2, 2), 9: (3, 3), 1: (3, 3)}
t_type about to use: 2
h_type: 3
shift dict: {0: 0, 1: 188, 2: 19452, 3: 20010}
count dict: Counter({1: 19264, 3: 940, 2: 558, 0: 188})
Generated 892 negative samples for edge type 7
Epoch 00040, Step00000 | Train_Loss: 0.5138 | Time: 0.0329
Epoch 00040 | Val_Loss 0.9687 | Time(s) 0.0140
EarlyStopping counter: 36 out of 40
Getting training negative samples for edge types: [7]
nodes.shift keys: [0, 1, 2, 3]
nodes.count keys: [0, 1, 2, 3]
links.meta: {6: (1, 3), 2: (3, 3), 8: (2, 2), 7: (3, 2), 5: (3, 3), 4: (2, 2), 3: (2, 0), 11: (3, 3), 10: (3, 3), 0: (2, 2), 9: (3, 3), 1: (3, 3)}
t_type about to use: 2
h_type: 3
shift dict: {0: 0, 1: 188, 2: 19452, 3: 20010}
count dict: Counter({1: 19264, 3: 940, 2: 558, 0: 188})
Generated 892 negative samples for edge type 7
Epoch 00041, Step00000 | Train_Loss: 0.5269 | Time: 0.0347
Epoch 00041 | Val_Loss 0.9977 | Time(s) 0.0128
EarlyStopping counter: 37 out of 40
Getting training negative samples for edge types: [7]
nodes.shift keys: [0, 1, 2, 3]
nodes.count keys: [0, 1, 2, 3]
links.meta: {6: (1, 3), 2: (3, 3), 8: (2, 2), 7: (3, 2), 5: (3, 3), 4: (2, 2), 3: (2, 0), 11: (3, 3), 10: (3, 3), 0: (2, 2), 9: (3, 3), 1: (3, 3)}
t_type about to use: 2
h_type: 3
shift dict: {0: 0, 1: 188, 2: 19452, 3: 20010}
count dict: Counter({1: 19264, 3: 940, 2: 558, 0: 188})
Generated 892 negative samples for edge type 7
Epoch 00042, Step00000 | Train_Loss: 0.5271 | Time: 0.0320
Epoch 00042 | Val_Loss 0.9060 | Time(s) 0.0129
EarlyStopping counter: 38 out of 40
Getting training negative samples for edge types: [7]
nodes.shift keys: [0, 1, 2, 3]
nodes.count keys: [0, 1, 2, 3]
links.meta: {6: (1, 3), 2: (3, 3), 8: (2, 2), 7: (3, 2), 5: (3, 3), 4: (2, 2), 3: (2, 0), 11: (3, 3), 10: (3, 3), 0: (2, 2), 9: (3, 3), 1: (3, 3)}
t_type about to use: 2
h_type: 3
shift dict: {0: 0, 1: 188, 2: 19452, 3: 20010}
count dict: Counter({1: 19264, 3: 940, 2: 558, 0: 188})
Generated 892 negative samples for edge type 7
Epoch 00043, Step00000 | Train_Loss: 0.5350 | Time: 0.0365
Epoch 00043 | Val_Loss 0.9218 | Time(s) 0.0148
EarlyStopping counter: 39 out of 40
Getting training negative samples for edge types: [7]
nodes.shift keys: [0, 1, 2, 3]
nodes.count keys: [0, 1, 2, 3]
links.meta: {6: (1, 3), 2: (3, 3), 8: (2, 2), 7: (3, 2), 5: (3, 3), 4: (2, 2), 3: (2, 0), 11: (3, 3), 10: (3, 3), 0: (2, 2), 9: (3, 3), 1: (3, 3)}
t_type about to use: 2
h_type: 3
shift dict: {0: 0, 1: 188, 2: 19452, 3: 20010}
count dict: Counter({1: 19264, 3: 940, 2: 558, 0: 188})
Generated 892 negative samples for edge type 7
Epoch 00044, Step00000 | Train_Loss: 0.5192 | Time: 0.0333
Epoch 00044 | Val_Loss 0.8779 | Time(s) 0.0140
EarlyStopping counter: 40 out of 40
Early stopping!
Early stopping!
Meta keys: dict_keys([7])
Data keys: dict_keys([7])
Edge type: 7, Meta: (3, 2)
{'roc_auc': 0.5328688437400276, 'MRR': 0.7610687022900763}
{'roc_auc': 0.6494950921545088, 'MRR': 0.8110687022900763}
defaultdict(<class 'float'>, {'roc_auc': 0.5328688437400276, 'MRR': 0.7610687022900763})
defaultdict(<class 'float'>, {'roc_auc': 0.6494950921545088, 'MRR': 0.8110687022900763})
Completed: amazon_style_ccct_features_securebert_fold_5

=== Repetition 5/6 ===
--------------------------------------
Running model: SimpleHGN
Dataset: amazon_style_ccct_features_securebert_fold_1
--------------------------------------
Data path: ../../data/amazon_style_ccct_features_securebert_fold_1
Loading nodes from ../../data/amazon_style_ccct_features_securebert_fold_1/node.dat
edge types: dict_keys([8, 6, 7, 5, 4, 0, 3, 2, 9, 10, 1, 11])
Getting training negative samples for edge types: [7]
nodes.shift keys: [0, 1, 2, 3]
nodes.count keys: [0, 1, 2, 3]
links.meta: {8: (2, 2), 6: (1, 3), 7: (3, 2), 5: (3, 3), 4: (2, 2), 0: (2, 2), 3: (2, 0), 2: (3, 3), 9: (3, 3), 10: (3, 3), 1: (3, 3), 11: (3, 3)}
t_type about to use: 2
h_type: 3
shift dict: {0: 0, 1: 188, 2: 19452, 3: 20010}
count dict: Counter({1: 19264, 3: 940, 2: 558, 0: 188})
Generated 900 negative samples for edge type 7
Features List: [array([[ 0.00445206,  0.01268557,  0.22351578, ..., -0.28678206,
        -0.37460288,  0.18294938],
       [-0.18744846,  0.07075578,  0.0476894 , ..., -0.2232531 ,
        -0.19588573,  0.47988179],
       [-0.17451471, -0.04557271,  0.15712288, ..., -0.05391889,
        -0.20500693,  0.23744845],
       ...,
       [-0.40584856,  0.04715464,  0.24475315, ..., -0.12466257,
        -0.2035536 ,  0.28577447],
       [-0.18835557,  0.03822717,  0.03586731, ..., -0.23435652,
        -0.35453227,  0.38753107],
       [-0.13632202,  0.14362322,  0.08668749, ..., -0.24145249,
        -0.25799868,  0.26464131]]), array([[-0.02302658,  0.0368569 ,  0.00652144, ..., -0.02803515,
        -0.00893309,  0.00342051],
       [-0.01979104,  0.04036582,  0.01475144, ..., -0.00661969,
        -0.01504144,  0.01323287],
       [-0.02346251,  0.03577969,  0.00104941, ..., -0.01948969,
        -0.02273973,  0.01956808],
       ...,
       [ 0.01112562,  0.01252526, -0.00604169, ..., -0.02203615,
        -0.00625044, -0.01684516],
       [-0.02297131,  0.02604213,  0.00098649, ...,  0.00838303,
        -0.00321861, -0.00570687],
       [-0.01075894,  0.00767744, -0.01424407, ..., -0.02184941,
         0.02614397, -0.01134232]]), array([[ 0.00791158, -0.00538086, -0.02676104, ..., -0.01897389,
        -0.01306979, -0.00084801],
       [ 0.01682901, -0.00649696, -0.01921631, ..., -0.01401017,
        -0.0039668 , -0.02202195],
       [ 0.02197852, -0.01403735, -0.05225722, ...,  0.02019661,
         0.00528841,  0.0033033 ],
       ...,
       [ 0.01603197,  0.00716993, -0.01245602, ..., -0.01399604,
        -0.00058955, -0.0256807 ],
       [ 0.01039577,  0.02045547, -0.02146293, ...,  0.01017929,
         0.02390171,  0.00134994],
       [ 0.00462414,  0.0041195 , -0.0135733 , ..., -0.01101827,
         0.00813001,  0.0203817 ]]), array([[ 0.00087804,  0.00658507, -0.02514569, ..., -0.04238372,
         0.00850771, -0.02565438],
       [-0.0006986 ,  0.01542003, -0.03227317, ..., -0.01301633,
         0.01559736, -0.03614859],
       [-0.01135348,  0.00974955, -0.01812623, ..., -0.01920343,
         0.00887381, -0.0152928 ],
       ...,
       [ 0.00701895, -0.01539859, -0.03025482, ..., -0.03644368,
         0.01254067, -0.0236606 ],
       [-0.00414097,  0.00144739, -0.05197839, ...,  0.00216818,
         0.02755725, -0.03143983],
       [ 0.01779867, -0.02493452, -0.0391779 , ..., -0.01159797,
        -0.00619852, -0.02449675]])]
Getting training negative samples for edge types: [7]
nodes.shift keys: [0, 1, 2, 3]
nodes.count keys: [0, 1, 2, 3]
links.meta: {8: (2, 2), 6: (1, 3), 7: (3, 2), 5: (3, 3), 4: (2, 2), 0: (2, 2), 3: (2, 0), 2: (3, 3), 9: (3, 3), 10: (3, 3), 1: (3, 3), 11: (3, 3)}
t_type about to use: 2
h_type: 3
shift dict: {0: 0, 1: 188, 2: 19452, 3: 20010}
count dict: Counter({1: 19264, 3: 940, 2: 558, 0: 188})
Generated 900 negative samples for edge type 7
Epoch 00000, Step00000 | Train_Loss: 0.6928 | Time: 0.6669
Epoch 00000 | Val_Loss 0.6857 | Time(s) 0.0092
Validation loss decreased (inf --> 0.685679).  Saving model ...
Getting training negative samples for edge types: [7]
nodes.shift keys: [0, 1, 2, 3]
nodes.count keys: [0, 1, 2, 3]
links.meta: {8: (2, 2), 6: (1, 3), 7: (3, 2), 5: (3, 3), 4: (2, 2), 0: (2, 2), 3: (2, 0), 2: (3, 3), 9: (3, 3), 10: (3, 3), 1: (3, 3), 11: (3, 3)}
t_type about to use: 2
h_type: 3
shift dict: {0: 0, 1: 188, 2: 19452, 3: 20010}
count dict: Counter({1: 19264, 3: 940, 2: 558, 0: 188})
Generated 900 negative samples for edge type 7
Epoch 00001, Step00000 | Train_Loss: 0.6872 | Time: 0.0293
Epoch 00001 | Val_Loss 0.6835 | Time(s) 0.0260
Validation loss decreased (0.685679 --> 0.683486).  Saving model ...
Getting training negative samples for edge types: [7]
nodes.shift keys: [0, 1, 2, 3]
nodes.count keys: [0, 1, 2, 3]
links.meta: {8: (2, 2), 6: (1, 3), 7: (3, 2), 5: (3, 3), 4: (2, 2), 0: (2, 2), 3: (2, 0), 2: (3, 3), 9: (3, 3), 10: (3, 3), 1: (3, 3), 11: (3, 3)}
t_type about to use: 2
h_type: 3
shift dict: {0: 0, 1: 188, 2: 19452, 3: 20010}
count dict: Counter({1: 19264, 3: 940, 2: 558, 0: 188})
Generated 900 negative samples for edge type 7
Epoch 00002, Step00000 | Train_Loss: 0.6804 | Time: 0.0512
Epoch 00002 | Val_Loss 0.6784 | Time(s) 0.0122
Validation loss decreased (0.683486 --> 0.678407).  Saving model ...
Getting training negative samples for edge types: [7]
nodes.shift keys: [0, 1, 2, 3]
nodes.count keys: [0, 1, 2, 3]
links.meta: {8: (2, 2), 6: (1, 3), 7: (3, 2), 5: (3, 3), 4: (2, 2), 0: (2, 2), 3: (2, 0), 2: (3, 3), 9: (3, 3), 10: (3, 3), 1: (3, 3), 11: (3, 3)}
t_type about to use: 2
h_type: 3
shift dict: {0: 0, 1: 188, 2: 19452, 3: 20010}
count dict: Counter({1: 19264, 3: 940, 2: 558, 0: 188})
Generated 900 negative samples for edge type 7
Epoch 00003, Step00000 | Train_Loss: 0.6733 | Time: 0.0390
Epoch 00003 | Val_Loss 0.6709 | Time(s) 0.0152
Validation loss decreased (0.678407 --> 0.670915).  Saving model ...
Getting training negative samples for edge types: [7]
nodes.shift keys: [0, 1, 2, 3]
nodes.count keys: [0, 1, 2, 3]
links.meta: {8: (2, 2), 6: (1, 3), 7: (3, 2), 5: (3, 3), 4: (2, 2), 0: (2, 2), 3: (2, 0), 2: (3, 3), 9: (3, 3), 10: (3, 3), 1: (3, 3), 11: (3, 3)}
t_type about to use: 2
h_type: 3
shift dict: {0: 0, 1: 188, 2: 19452, 3: 20010}
count dict: Counter({1: 19264, 3: 940, 2: 558, 0: 188})
Generated 900 negative samples for edge type 7
Epoch 00004, Step00000 | Train_Loss: 0.6606 | Time: 0.0293
Epoch 00004 | Val_Loss 0.6606 | Time(s) 0.0285
Validation loss decreased (0.670915 --> 0.660634).  Saving model ...
Getting training negative samples for edge types: [7]
nodes.shift keys: [0, 1, 2, 3]
nodes.count keys: [0, 1, 2, 3]
links.meta: {8: (2, 2), 6: (1, 3), 7: (3, 2), 5: (3, 3), 4: (2, 2), 0: (2, 2), 3: (2, 0), 2: (3, 3), 9: (3, 3), 10: (3, 3), 1: (3, 3), 11: (3, 3)}
t_type about to use: 2
h_type: 3
shift dict: {0: 0, 1: 188, 2: 19452, 3: 20010}
count dict: Counter({1: 19264, 3: 940, 2: 558, 0: 188})
Generated 900 negative samples for edge type 7
Epoch 00005, Step00000 | Train_Loss: 0.6468 | Time: 0.0548
Epoch 00005 | Val_Loss 0.6408 | Time(s) 0.0155
Validation loss decreased (0.660634 --> 0.640770).  Saving model ...
Getting training negative samples for edge types: [7]
nodes.shift keys: [0, 1, 2, 3]
nodes.count keys: [0, 1, 2, 3]
links.meta: {8: (2, 2), 6: (1, 3), 7: (3, 2), 5: (3, 3), 4: (2, 2), 0: (2, 2), 3: (2, 0), 2: (3, 3), 9: (3, 3), 10: (3, 3), 1: (3, 3), 11: (3, 3)}
t_type about to use: 2
h_type: 3
shift dict: {0: 0, 1: 188, 2: 19452, 3: 20010}
count dict: Counter({1: 19264, 3: 940, 2: 558, 0: 188})
Generated 900 negative samples for edge type 7
Epoch 00006, Step00000 | Train_Loss: 0.6389 | Time: 0.0333
Epoch 00006 | Val_Loss 0.6237 | Time(s) 0.0159
Validation loss decreased (0.640770 --> 0.623679).  Saving model ...
Getting training negative samples for edge types: [7]
nodes.shift keys: [0, 1, 2, 3]
nodes.count keys: [0, 1, 2, 3]
links.meta: {8: (2, 2), 6: (1, 3), 7: (3, 2), 5: (3, 3), 4: (2, 2), 0: (2, 2), 3: (2, 0), 2: (3, 3), 9: (3, 3), 10: (3, 3), 1: (3, 3), 11: (3, 3)}
t_type about to use: 2
h_type: 3
shift dict: {0: 0, 1: 188, 2: 19452, 3: 20010}
count dict: Counter({1: 19264, 3: 940, 2: 558, 0: 188})
Generated 900 negative samples for edge type 7
Epoch 00007, Step00000 | Train_Loss: 0.6293 | Time: 0.0281
Epoch 00007 | Val_Loss 0.6371 | Time(s) 0.0291
EarlyStopping counter: 1 out of 40
Getting training negative samples for edge types: [7]
nodes.shift keys: [0, 1, 2, 3]
nodes.count keys: [0, 1, 2, 3]
links.meta: {8: (2, 2), 6: (1, 3), 7: (3, 2), 5: (3, 3), 4: (2, 2), 0: (2, 2), 3: (2, 0), 2: (3, 3), 9: (3, 3), 10: (3, 3), 1: (3, 3), 11: (3, 3)}
t_type about to use: 2
h_type: 3
shift dict: {0: 0, 1: 188, 2: 19452, 3: 20010}
count dict: Counter({1: 19264, 3: 940, 2: 558, 0: 188})
Generated 900 negative samples for edge type 7
Epoch 00008, Step00000 | Train_Loss: 0.6143 | Time: 0.0265
Epoch 00008 | Val_Loss 0.6697 | Time(s) 0.0221
EarlyStopping counter: 2 out of 40
Getting training negative samples for edge types: [7]
nodes.shift keys: [0, 1, 2, 3]
nodes.count keys: [0, 1, 2, 3]
links.meta: {8: (2, 2), 6: (1, 3), 7: (3, 2), 5: (3, 3), 4: (2, 2), 0: (2, 2), 3: (2, 0), 2: (3, 3), 9: (3, 3), 10: (3, 3), 1: (3, 3), 11: (3, 3)}
t_type about to use: 2
h_type: 3
shift dict: {0: 0, 1: 188, 2: 19452, 3: 20010}
count dict: Counter({1: 19264, 3: 940, 2: 558, 0: 188})
Generated 900 negative samples for edge type 7
Epoch 00009, Step00000 | Train_Loss: 0.6020 | Time: 0.0322
Epoch 00009 | Val_Loss 0.6624 | Time(s) 0.0099
EarlyStopping counter: 3 out of 40
Getting training negative samples for edge types: [7]
nodes.shift keys: [0, 1, 2, 3]
nodes.count keys: [0, 1, 2, 3]
links.meta: {8: (2, 2), 6: (1, 3), 7: (3, 2), 5: (3, 3), 4: (2, 2), 0: (2, 2), 3: (2, 0), 2: (3, 3), 9: (3, 3), 10: (3, 3), 1: (3, 3), 11: (3, 3)}
t_type about to use: 2
h_type: 3
shift dict: {0: 0, 1: 188, 2: 19452, 3: 20010}
count dict: Counter({1: 19264, 3: 940, 2: 558, 0: 188})
Generated 900 negative samples for edge type 7
Epoch 00010, Step00000 | Train_Loss: 0.5866 | Time: 0.0457
Epoch 00010 | Val_Loss 0.7841 | Time(s) 0.0109
EarlyStopping counter: 4 out of 40
Getting training negative samples for edge types: [7]
nodes.shift keys: [0, 1, 2, 3]
nodes.count keys: [0, 1, 2, 3]
links.meta: {8: (2, 2), 6: (1, 3), 7: (3, 2), 5: (3, 3), 4: (2, 2), 0: (2, 2), 3: (2, 0), 2: (3, 3), 9: (3, 3), 10: (3, 3), 1: (3, 3), 11: (3, 3)}
t_type about to use: 2
h_type: 3
shift dict: {0: 0, 1: 188, 2: 19452, 3: 20010}
count dict: Counter({1: 19264, 3: 940, 2: 558, 0: 188})
Generated 900 negative samples for edge type 7
Epoch 00011, Step00000 | Train_Loss: 0.5839 | Time: 0.0495
Epoch 00011 | Val_Loss 0.7398 | Time(s) 0.0119
EarlyStopping counter: 5 out of 40
Getting training negative samples for edge types: [7]
nodes.shift keys: [0, 1, 2, 3]
nodes.count keys: [0, 1, 2, 3]
links.meta: {8: (2, 2), 6: (1, 3), 7: (3, 2), 5: (3, 3), 4: (2, 2), 0: (2, 2), 3: (2, 0), 2: (3, 3), 9: (3, 3), 10: (3, 3), 1: (3, 3), 11: (3, 3)}
t_type about to use: 2
h_type: 3
shift dict: {0: 0, 1: 188, 2: 19452, 3: 20010}
count dict: Counter({1: 19264, 3: 940, 2: 558, 0: 188})
Generated 900 negative samples for edge type 7
Epoch 00012, Step00000 | Train_Loss: 0.5674 | Time: 0.0419
Epoch 00012 | Val_Loss 0.7424 | Time(s) 0.0124
EarlyStopping counter: 6 out of 40
Getting training negative samples for edge types: [7]
nodes.shift keys: [0, 1, 2, 3]
nodes.count keys: [0, 1, 2, 3]
links.meta: {8: (2, 2), 6: (1, 3), 7: (3, 2), 5: (3, 3), 4: (2, 2), 0: (2, 2), 3: (2, 0), 2: (3, 3), 9: (3, 3), 10: (3, 3), 1: (3, 3), 11: (3, 3)}
t_type about to use: 2
h_type: 3
shift dict: {0: 0, 1: 188, 2: 19452, 3: 20010}
count dict: Counter({1: 19264, 3: 940, 2: 558, 0: 188})
Generated 900 negative samples for edge type 7
Epoch 00013, Step00000 | Train_Loss: 0.5652 | Time: 0.0260
Epoch 00013 | Val_Loss 0.8699 | Time(s) 0.0307
EarlyStopping counter: 7 out of 40
Getting training negative samples for edge types: [7]
nodes.shift keys: [0, 1, 2, 3]
nodes.count keys: [0, 1, 2, 3]
links.meta: {8: (2, 2), 6: (1, 3), 7: (3, 2), 5: (3, 3), 4: (2, 2), 0: (2, 2), 3: (2, 0), 2: (3, 3), 9: (3, 3), 10: (3, 3), 1: (3, 3), 11: (3, 3)}
t_type about to use: 2
h_type: 3
shift dict: {0: 0, 1: 188, 2: 19452, 3: 20010}
count dict: Counter({1: 19264, 3: 940, 2: 558, 0: 188})
Generated 900 negative samples for edge type 7
Epoch 00014, Step00000 | Train_Loss: 0.5584 | Time: 0.0262
Epoch 00014 | Val_Loss 0.8514 | Time(s) 0.0141
EarlyStopping counter: 8 out of 40
Getting training negative samples for edge types: [7]
nodes.shift keys: [0, 1, 2, 3]
nodes.count keys: [0, 1, 2, 3]
links.meta: {8: (2, 2), 6: (1, 3), 7: (3, 2), 5: (3, 3), 4: (2, 2), 0: (2, 2), 3: (2, 0), 2: (3, 3), 9: (3, 3), 10: (3, 3), 1: (3, 3), 11: (3, 3)}
t_type about to use: 2
h_type: 3
shift dict: {0: 0, 1: 188, 2: 19452, 3: 20010}
count dict: Counter({1: 19264, 3: 940, 2: 558, 0: 188})
Generated 900 negative samples for edge type 7
Epoch 00015, Step00000 | Train_Loss: 0.5370 | Time: 0.0437
Epoch 00015 | Val_Loss 1.1218 | Time(s) 0.0104
EarlyStopping counter: 9 out of 40
Getting training negative samples for edge types: [7]
nodes.shift keys: [0, 1, 2, 3]
nodes.count keys: [0, 1, 2, 3]
links.meta: {8: (2, 2), 6: (1, 3), 7: (3, 2), 5: (3, 3), 4: (2, 2), 0: (2, 2), 3: (2, 0), 2: (3, 3), 9: (3, 3), 10: (3, 3), 1: (3, 3), 11: (3, 3)}
t_type about to use: 2
h_type: 3
shift dict: {0: 0, 1: 188, 2: 19452, 3: 20010}
count dict: Counter({1: 19264, 3: 940, 2: 558, 0: 188})
Generated 900 negative samples for edge type 7
Epoch 00016, Step00000 | Train_Loss: 0.5615 | Time: 0.0495
Epoch 00016 | Val_Loss 0.8976 | Time(s) 0.0115
EarlyStopping counter: 10 out of 40
Getting training negative samples for edge types: [7]
nodes.shift keys: [0, 1, 2, 3]
nodes.count keys: [0, 1, 2, 3]
links.meta: {8: (2, 2), 6: (1, 3), 7: (3, 2), 5: (3, 3), 4: (2, 2), 0: (2, 2), 3: (2, 0), 2: (3, 3), 9: (3, 3), 10: (3, 3), 1: (3, 3), 11: (3, 3)}
t_type about to use: 2
h_type: 3
shift dict: {0: 0, 1: 188, 2: 19452, 3: 20010}
count dict: Counter({1: 19264, 3: 940, 2: 558, 0: 188})
Generated 900 negative samples for edge type 7
Epoch 00017, Step00000 | Train_Loss: 0.5546 | Time: 0.0498
Epoch 00017 | Val_Loss 0.9365 | Time(s) 0.0093
EarlyStopping counter: 11 out of 40
Getting training negative samples for edge types: [7]
nodes.shift keys: [0, 1, 2, 3]
nodes.count keys: [0, 1, 2, 3]
links.meta: {8: (2, 2), 6: (1, 3), 7: (3, 2), 5: (3, 3), 4: (2, 2), 0: (2, 2), 3: (2, 0), 2: (3, 3), 9: (3, 3), 10: (3, 3), 1: (3, 3), 11: (3, 3)}
t_type about to use: 2
h_type: 3
shift dict: {0: 0, 1: 188, 2: 19452, 3: 20010}
count dict: Counter({1: 19264, 3: 940, 2: 558, 0: 188})
Generated 900 negative samples for edge type 7
Epoch 00018, Step00000 | Train_Loss: 0.5460 | Time: 0.0310
Epoch 00018 | Val_Loss 0.9850 | Time(s) 0.0264
EarlyStopping counter: 12 out of 40
Getting training negative samples for edge types: [7]
nodes.shift keys: [0, 1, 2, 3]
nodes.count keys: [0, 1, 2, 3]
links.meta: {8: (2, 2), 6: (1, 3), 7: (3, 2), 5: (3, 3), 4: (2, 2), 0: (2, 2), 3: (2, 0), 2: (3, 3), 9: (3, 3), 10: (3, 3), 1: (3, 3), 11: (3, 3)}
t_type about to use: 2
h_type: 3
shift dict: {0: 0, 1: 188, 2: 19452, 3: 20010}
count dict: Counter({1: 19264, 3: 940, 2: 558, 0: 188})
Generated 900 negative samples for edge type 7
Epoch 00019, Step00000 | Train_Loss: 0.5458 | Time: 0.0254
Epoch 00019 | Val_Loss 1.0023 | Time(s) 0.0141
EarlyStopping counter: 13 out of 40
Getting training negative samples for edge types: [7]
nodes.shift keys: [0, 1, 2, 3]
nodes.count keys: [0, 1, 2, 3]
links.meta: {8: (2, 2), 6: (1, 3), 7: (3, 2), 5: (3, 3), 4: (2, 2), 0: (2, 2), 3: (2, 0), 2: (3, 3), 9: (3, 3), 10: (3, 3), 1: (3, 3), 11: (3, 3)}
t_type about to use: 2
h_type: 3
shift dict: {0: 0, 1: 188, 2: 19452, 3: 20010}
count dict: Counter({1: 19264, 3: 940, 2: 558, 0: 188})
Generated 900 negative samples for edge type 7
Epoch 00020, Step00000 | Train_Loss: 0.5368 | Time: 0.0417
Epoch 00020 | Val_Loss 0.9468 | Time(s) 0.0143
EarlyStopping counter: 14 out of 40
Getting training negative samples for edge types: [7]
nodes.shift keys: [0, 1, 2, 3]
nodes.count keys: [0, 1, 2, 3]
links.meta: {8: (2, 2), 6: (1, 3), 7: (3, 2), 5: (3, 3), 4: (2, 2), 0: (2, 2), 3: (2, 0), 2: (3, 3), 9: (3, 3), 10: (3, 3), 1: (3, 3), 11: (3, 3)}
t_type about to use: 2
h_type: 3
shift dict: {0: 0, 1: 188, 2: 19452, 3: 20010}
count dict: Counter({1: 19264, 3: 940, 2: 558, 0: 188})
Generated 900 negative samples for edge type 7
Epoch 00021, Step00000 | Train_Loss: 0.5537 | Time: 0.0444
Epoch 00021 | Val_Loss 0.9636 | Time(s) 0.0104
EarlyStopping counter: 15 out of 40
Getting training negative samples for edge types: [7]
nodes.shift keys: [0, 1, 2, 3]
nodes.count keys: [0, 1, 2, 3]
links.meta: {8: (2, 2), 6: (1, 3), 7: (3, 2), 5: (3, 3), 4: (2, 2), 0: (2, 2), 3: (2, 0), 2: (3, 3), 9: (3, 3), 10: (3, 3), 1: (3, 3), 11: (3, 3)}
t_type about to use: 2
h_type: 3
shift dict: {0: 0, 1: 188, 2: 19452, 3: 20010}
count dict: Counter({1: 19264, 3: 940, 2: 558, 0: 188})
Generated 900 negative samples for edge type 7
Epoch 00022, Step00000 | Train_Loss: 0.5501 | Time: 0.0501
Epoch 00022 | Val_Loss 0.8999 | Time(s) 0.0116
EarlyStopping counter: 16 out of 40
Getting training negative samples for edge types: [7]
nodes.shift keys: [0, 1, 2, 3]
nodes.count keys: [0, 1, 2, 3]
links.meta: {8: (2, 2), 6: (1, 3), 7: (3, 2), 5: (3, 3), 4: (2, 2), 0: (2, 2), 3: (2, 0), 2: (3, 3), 9: (3, 3), 10: (3, 3), 1: (3, 3), 11: (3, 3)}
t_type about to use: 2
h_type: 3
shift dict: {0: 0, 1: 188, 2: 19452, 3: 20010}
count dict: Counter({1: 19264, 3: 940, 2: 558, 0: 188})
Generated 900 negative samples for edge type 7
Epoch 00023, Step00000 | Train_Loss: 0.5547 | Time: 0.0522
Epoch 00023 | Val_Loss 0.9112 | Time(s) 0.0094
EarlyStopping counter: 17 out of 40
Getting training negative samples for edge types: [7]
nodes.shift keys: [0, 1, 2, 3]
nodes.count keys: [0, 1, 2, 3]
links.meta: {8: (2, 2), 6: (1, 3), 7: (3, 2), 5: (3, 3), 4: (2, 2), 0: (2, 2), 3: (2, 0), 2: (3, 3), 9: (3, 3), 10: (3, 3), 1: (3, 3), 11: (3, 3)}
t_type about to use: 2
h_type: 3
shift dict: {0: 0, 1: 188, 2: 19452, 3: 20010}
count dict: Counter({1: 19264, 3: 940, 2: 558, 0: 188})
Generated 900 negative samples for edge type 7
Epoch 00024, Step00000 | Train_Loss: 0.5426 | Time: 0.0306
Epoch 00024 | Val_Loss 0.9073 | Time(s) 0.0264
EarlyStopping counter: 18 out of 40
Getting training negative samples for edge types: [7]
nodes.shift keys: [0, 1, 2, 3]
nodes.count keys: [0, 1, 2, 3]
links.meta: {8: (2, 2), 6: (1, 3), 7: (3, 2), 5: (3, 3), 4: (2, 2), 0: (2, 2), 3: (2, 0), 2: (3, 3), 9: (3, 3), 10: (3, 3), 1: (3, 3), 11: (3, 3)}
t_type about to use: 2
h_type: 3
shift dict: {0: 0, 1: 188, 2: 19452, 3: 20010}
count dict: Counter({1: 19264, 3: 940, 2: 558, 0: 188})
Generated 900 negative samples for edge type 7
Epoch 00025, Step00000 | Train_Loss: 0.5419 | Time: 0.0266
Epoch 00025 | Val_Loss 1.0415 | Time(s) 0.0154
EarlyStopping counter: 19 out of 40
Getting training negative samples for edge types: [7]
nodes.shift keys: [0, 1, 2, 3]
nodes.count keys: [0, 1, 2, 3]
links.meta: {8: (2, 2), 6: (1, 3), 7: (3, 2), 5: (3, 3), 4: (2, 2), 0: (2, 2), 3: (2, 0), 2: (3, 3), 9: (3, 3), 10: (3, 3), 1: (3, 3), 11: (3, 3)}
t_type about to use: 2
h_type: 3
shift dict: {0: 0, 1: 188, 2: 19452, 3: 20010}
count dict: Counter({1: 19264, 3: 940, 2: 558, 0: 188})
Generated 900 negative samples for edge type 7
Epoch 00026, Step00000 | Train_Loss: 0.5536 | Time: 0.0388
Epoch 00026 | Val_Loss 0.9644 | Time(s) 0.0102
EarlyStopping counter: 20 out of 40
Getting training negative samples for edge types: [7]
nodes.shift keys: [0, 1, 2, 3]
nodes.count keys: [0, 1, 2, 3]
links.meta: {8: (2, 2), 6: (1, 3), 7: (3, 2), 5: (3, 3), 4: (2, 2), 0: (2, 2), 3: (2, 0), 2: (3, 3), 9: (3, 3), 10: (3, 3), 1: (3, 3), 11: (3, 3)}
t_type about to use: 2
h_type: 3
shift dict: {0: 0, 1: 188, 2: 19452, 3: 20010}
count dict: Counter({1: 19264, 3: 940, 2: 558, 0: 188})
Generated 900 negative samples for edge type 7
Epoch 00027, Step00000 | Train_Loss: 0.5382 | Time: 0.0499
Epoch 00027 | Val_Loss 0.9393 | Time(s) 0.0101
EarlyStopping counter: 21 out of 40
Getting training negative samples for edge types: [7]
nodes.shift keys: [0, 1, 2, 3]
nodes.count keys: [0, 1, 2, 3]
links.meta: {8: (2, 2), 6: (1, 3), 7: (3, 2), 5: (3, 3), 4: (2, 2), 0: (2, 2), 3: (2, 0), 2: (3, 3), 9: (3, 3), 10: (3, 3), 1: (3, 3), 11: (3, 3)}
t_type about to use: 2
h_type: 3
shift dict: {0: 0, 1: 188, 2: 19452, 3: 20010}
count dict: Counter({1: 19264, 3: 940, 2: 558, 0: 188})
Generated 900 negative samples for edge type 7
Epoch 00028, Step00000 | Train_Loss: 0.5439 | Time: 0.0523
Epoch 00028 | Val_Loss 0.9169 | Time(s) 0.0097
EarlyStopping counter: 22 out of 40
Getting training negative samples for edge types: [7]
nodes.shift keys: [0, 1, 2, 3]
nodes.count keys: [0, 1, 2, 3]
links.meta: {8: (2, 2), 6: (1, 3), 7: (3, 2), 5: (3, 3), 4: (2, 2), 0: (2, 2), 3: (2, 0), 2: (3, 3), 9: (3, 3), 10: (3, 3), 1: (3, 3), 11: (3, 3)}
t_type about to use: 2
h_type: 3
shift dict: {0: 0, 1: 188, 2: 19452, 3: 20010}
count dict: Counter({1: 19264, 3: 940, 2: 558, 0: 188})
Generated 900 negative samples for edge type 7
Epoch 00029, Step00000 | Train_Loss: 0.5227 | Time: 0.0305
Epoch 00029 | Val_Loss 0.9851 | Time(s) 0.0265
EarlyStopping counter: 23 out of 40
Getting training negative samples for edge types: [7]
nodes.shift keys: [0, 1, 2, 3]
nodes.count keys: [0, 1, 2, 3]
links.meta: {8: (2, 2), 6: (1, 3), 7: (3, 2), 5: (3, 3), 4: (2, 2), 0: (2, 2), 3: (2, 0), 2: (3, 3), 9: (3, 3), 10: (3, 3), 1: (3, 3), 11: (3, 3)}
t_type about to use: 2
h_type: 3
shift dict: {0: 0, 1: 188, 2: 19452, 3: 20010}
count dict: Counter({1: 19264, 3: 940, 2: 558, 0: 188})
Generated 900 negative samples for edge type 7
Epoch 00030, Step00000 | Train_Loss: 0.5394 | Time: 0.0262
Epoch 00030 | Val_Loss 0.9815 | Time(s) 0.0154
EarlyStopping counter: 24 out of 40
Getting training negative samples for edge types: [7]
nodes.shift keys: [0, 1, 2, 3]
nodes.count keys: [0, 1, 2, 3]
links.meta: {8: (2, 2), 6: (1, 3), 7: (3, 2), 5: (3, 3), 4: (2, 2), 0: (2, 2), 3: (2, 0), 2: (3, 3), 9: (3, 3), 10: (3, 3), 1: (3, 3), 11: (3, 3)}
t_type about to use: 2
h_type: 3
shift dict: {0: 0, 1: 188, 2: 19452, 3: 20010}
count dict: Counter({1: 19264, 3: 940, 2: 558, 0: 188})
Generated 900 negative samples for edge type 7
Epoch 00031, Step00000 | Train_Loss: 0.5437 | Time: 0.0367
Epoch 00031 | Val_Loss 0.8882 | Time(s) 0.0109
EarlyStopping counter: 25 out of 40
Getting training negative samples for edge types: [7]
nodes.shift keys: [0, 1, 2, 3]
nodes.count keys: [0, 1, 2, 3]
links.meta: {8: (2, 2), 6: (1, 3), 7: (3, 2), 5: (3, 3), 4: (2, 2), 0: (2, 2), 3: (2, 0), 2: (3, 3), 9: (3, 3), 10: (3, 3), 1: (3, 3), 11: (3, 3)}
t_type about to use: 2
h_type: 3
shift dict: {0: 0, 1: 188, 2: 19452, 3: 20010}
count dict: Counter({1: 19264, 3: 940, 2: 558, 0: 188})
Generated 900 negative samples for edge type 7
Epoch 00032, Step00000 | Train_Loss: 0.5420 | Time: 0.0447
Epoch 00032 | Val_Loss 0.9802 | Time(s) 0.0105
EarlyStopping counter: 26 out of 40
Getting training negative samples for edge types: [7]
nodes.shift keys: [0, 1, 2, 3]
nodes.count keys: [0, 1, 2, 3]
links.meta: {8: (2, 2), 6: (1, 3), 7: (3, 2), 5: (3, 3), 4: (2, 2), 0: (2, 2), 3: (2, 0), 2: (3, 3), 9: (3, 3), 10: (3, 3), 1: (3, 3), 11: (3, 3)}
t_type about to use: 2
h_type: 3
shift dict: {0: 0, 1: 188, 2: 19452, 3: 20010}
count dict: Counter({1: 19264, 3: 940, 2: 558, 0: 188})
Generated 900 negative samples for edge type 7
Epoch 00033, Step00000 | Train_Loss: 0.5397 | Time: 0.0498
Epoch 00033 | Val_Loss 0.9201 | Time(s) 0.0098
EarlyStopping counter: 27 out of 40
Getting training negative samples for edge types: [7]
nodes.shift keys: [0, 1, 2, 3]
nodes.count keys: [0, 1, 2, 3]
links.meta: {8: (2, 2), 6: (1, 3), 7: (3, 2), 5: (3, 3), 4: (2, 2), 0: (2, 2), 3: (2, 0), 2: (3, 3), 9: (3, 3), 10: (3, 3), 1: (3, 3), 11: (3, 3)}
t_type about to use: 2
h_type: 3
shift dict: {0: 0, 1: 188, 2: 19452, 3: 20010}
count dict: Counter({1: 19264, 3: 940, 2: 558, 0: 188})
Generated 900 negative samples for edge type 7
Epoch 00034, Step00000 | Train_Loss: 0.5384 | Time: 0.0379
Epoch 00034 | Val_Loss 0.8986 | Time(s) 0.0161
EarlyStopping counter: 28 out of 40
Getting training negative samples for edge types: [7]
nodes.shift keys: [0, 1, 2, 3]
nodes.count keys: [0, 1, 2, 3]
links.meta: {8: (2, 2), 6: (1, 3), 7: (3, 2), 5: (3, 3), 4: (2, 2), 0: (2, 2), 3: (2, 0), 2: (3, 3), 9: (3, 3), 10: (3, 3), 1: (3, 3), 11: (3, 3)}
t_type about to use: 2
h_type: 3
shift dict: {0: 0, 1: 188, 2: 19452, 3: 20010}
count dict: Counter({1: 19264, 3: 940, 2: 558, 0: 188})
Generated 900 negative samples for edge type 7
Epoch 00035, Step00000 | Train_Loss: 0.5482 | Time: 0.0265
Epoch 00035 | Val_Loss 0.9627 | Time(s) 0.0305
EarlyStopping counter: 29 out of 40
Getting training negative samples for edge types: [7]
nodes.shift keys: [0, 1, 2, 3]
nodes.count keys: [0, 1, 2, 3]
links.meta: {8: (2, 2), 6: (1, 3), 7: (3, 2), 5: (3, 3), 4: (2, 2), 0: (2, 2), 3: (2, 0), 2: (3, 3), 9: (3, 3), 10: (3, 3), 1: (3, 3), 11: (3, 3)}
t_type about to use: 2
h_type: 3
shift dict: {0: 0, 1: 188, 2: 19452, 3: 20010}
count dict: Counter({1: 19264, 3: 940, 2: 558, 0: 188})
Generated 900 negative samples for edge type 7
Epoch 00036, Step00000 | Train_Loss: 0.5310 | Time: 0.0262
Epoch 00036 | Val_Loss 0.9113 | Time(s) 0.0243
EarlyStopping counter: 30 out of 40
Getting training negative samples for edge types: [7]
nodes.shift keys: [0, 1, 2, 3]
nodes.count keys: [0, 1, 2, 3]
links.meta: {8: (2, 2), 6: (1, 3), 7: (3, 2), 5: (3, 3), 4: (2, 2), 0: (2, 2), 3: (2, 0), 2: (3, 3), 9: (3, 3), 10: (3, 3), 1: (3, 3), 11: (3, 3)}
t_type about to use: 2
h_type: 3
shift dict: {0: 0, 1: 188, 2: 19452, 3: 20010}
count dict: Counter({1: 19264, 3: 940, 2: 558, 0: 188})
Generated 900 negative samples for edge type 7
Epoch 00037, Step00000 | Train_Loss: 0.5320 | Time: 0.0285
Epoch 00037 | Val_Loss 0.9917 | Time(s) 0.0138
EarlyStopping counter: 31 out of 40
Getting training negative samples for edge types: [7]
nodes.shift keys: [0, 1, 2, 3]
nodes.count keys: [0, 1, 2, 3]
links.meta: {8: (2, 2), 6: (1, 3), 7: (3, 2), 5: (3, 3), 4: (2, 2), 0: (2, 2), 3: (2, 0), 2: (3, 3), 9: (3, 3), 10: (3, 3), 1: (3, 3), 11: (3, 3)}
t_type about to use: 2
h_type: 3
shift dict: {0: 0, 1: 188, 2: 19452, 3: 20010}
count dict: Counter({1: 19264, 3: 940, 2: 558, 0: 188})
Generated 900 negative samples for edge type 7
Epoch 00038, Step00000 | Train_Loss: 0.5151 | Time: 0.0454
Epoch 00038 | Val_Loss 0.8915 | Time(s) 0.0104
EarlyStopping counter: 32 out of 40
Getting training negative samples for edge types: [7]
nodes.shift keys: [0, 1, 2, 3]
nodes.count keys: [0, 1, 2, 3]
links.meta: {8: (2, 2), 6: (1, 3), 7: (3, 2), 5: (3, 3), 4: (2, 2), 0: (2, 2), 3: (2, 0), 2: (3, 3), 9: (3, 3), 10: (3, 3), 1: (3, 3), 11: (3, 3)}
t_type about to use: 2
h_type: 3
shift dict: {0: 0, 1: 188, 2: 19452, 3: 20010}
count dict: Counter({1: 19264, 3: 940, 2: 558, 0: 188})
Generated 900 negative samples for edge type 7
Epoch 00039, Step00000 | Train_Loss: 0.5207 | Time: 0.0491
Epoch 00039 | Val_Loss 0.9441 | Time(s) 0.0117
EarlyStopping counter: 33 out of 40
Getting training negative samples for edge types: [7]
nodes.shift keys: [0, 1, 2, 3]
nodes.count keys: [0, 1, 2, 3]
links.meta: {8: (2, 2), 6: (1, 3), 7: (3, 2), 5: (3, 3), 4: (2, 2), 0: (2, 2), 3: (2, 0), 2: (3, 3), 9: (3, 3), 10: (3, 3), 1: (3, 3), 11: (3, 3)}
t_type about to use: 2
h_type: 3
shift dict: {0: 0, 1: 188, 2: 19452, 3: 20010}
count dict: Counter({1: 19264, 3: 940, 2: 558, 0: 188})
Generated 900 negative samples for edge type 7
Epoch 00040, Step00000 | Train_Loss: 0.5223 | Time: 0.0507
Epoch 00040 | Val_Loss 0.8771 | Time(s) 0.0103
EarlyStopping counter: 34 out of 40
Getting training negative samples for edge types: [7]
nodes.shift keys: [0, 1, 2, 3]
nodes.count keys: [0, 1, 2, 3]
links.meta: {8: (2, 2), 6: (1, 3), 7: (3, 2), 5: (3, 3), 4: (2, 2), 0: (2, 2), 3: (2, 0), 2: (3, 3), 9: (3, 3), 10: (3, 3), 1: (3, 3), 11: (3, 3)}
t_type about to use: 2
h_type: 3
shift dict: {0: 0, 1: 188, 2: 19452, 3: 20010}
count dict: Counter({1: 19264, 3: 940, 2: 558, 0: 188})
Generated 900 negative samples for edge type 7
Epoch 00041, Step00000 | Train_Loss: 0.5257 | Time: 0.0380
Epoch 00041 | Val_Loss 1.0122 | Time(s) 0.0159
EarlyStopping counter: 35 out of 40
Getting training negative samples for edge types: [7]
nodes.shift keys: [0, 1, 2, 3]
nodes.count keys: [0, 1, 2, 3]
links.meta: {8: (2, 2), 6: (1, 3), 7: (3, 2), 5: (3, 3), 4: (2, 2), 0: (2, 2), 3: (2, 0), 2: (3, 3), 9: (3, 3), 10: (3, 3), 1: (3, 3), 11: (3, 3)}
t_type about to use: 2
h_type: 3
shift dict: {0: 0, 1: 188, 2: 19452, 3: 20010}
count dict: Counter({1: 19264, 3: 940, 2: 558, 0: 188})
Generated 900 negative samples for edge type 7
Epoch 00042, Step00000 | Train_Loss: 0.5222 | Time: 0.0256
Epoch 00042 | Val_Loss 1.0094 | Time(s) 0.0262
EarlyStopping counter: 36 out of 40
Getting training negative samples for edge types: [7]
nodes.shift keys: [0, 1, 2, 3]
nodes.count keys: [0, 1, 2, 3]
links.meta: {8: (2, 2), 6: (1, 3), 7: (3, 2), 5: (3, 3), 4: (2, 2), 0: (2, 2), 3: (2, 0), 2: (3, 3), 9: (3, 3), 10: (3, 3), 1: (3, 3), 11: (3, 3)}
t_type about to use: 2
h_type: 3
shift dict: {0: 0, 1: 188, 2: 19452, 3: 20010}
count dict: Counter({1: 19264, 3: 940, 2: 558, 0: 188})
Generated 900 negative samples for edge type 7
Epoch 00043, Step00000 | Train_Loss: 0.5247 | Time: 0.0257
Epoch 00043 | Val_Loss 1.0166 | Time(s) 0.0144
EarlyStopping counter: 37 out of 40
Getting training negative samples for edge types: [7]
nodes.shift keys: [0, 1, 2, 3]
nodes.count keys: [0, 1, 2, 3]
links.meta: {8: (2, 2), 6: (1, 3), 7: (3, 2), 5: (3, 3), 4: (2, 2), 0: (2, 2), 3: (2, 0), 2: (3, 3), 9: (3, 3), 10: (3, 3), 1: (3, 3), 11: (3, 3)}
t_type about to use: 2
h_type: 3
shift dict: {0: 0, 1: 188, 2: 19452, 3: 20010}
count dict: Counter({1: 19264, 3: 940, 2: 558, 0: 188})
Generated 900 negative samples for edge type 7
Epoch 00044, Step00000 | Train_Loss: 0.5376 | Time: 0.0426
Epoch 00044 | Val_Loss 1.0169 | Time(s) 0.0094
EarlyStopping counter: 38 out of 40
Getting training negative samples for edge types: [7]
nodes.shift keys: [0, 1, 2, 3]
nodes.count keys: [0, 1, 2, 3]
links.meta: {8: (2, 2), 6: (1, 3), 7: (3, 2), 5: (3, 3), 4: (2, 2), 0: (2, 2), 3: (2, 0), 2: (3, 3), 9: (3, 3), 10: (3, 3), 1: (3, 3), 11: (3, 3)}
t_type about to use: 2
h_type: 3
shift dict: {0: 0, 1: 188, 2: 19452, 3: 20010}
count dict: Counter({1: 19264, 3: 940, 2: 558, 0: 188})
Generated 900 negative samples for edge type 7
Epoch 00045, Step00000 | Train_Loss: 0.5305 | Time: 0.0482
Epoch 00045 | Val_Loss 0.9681 | Time(s) 0.0090
EarlyStopping counter: 39 out of 40
Getting training negative samples for edge types: [7]
nodes.shift keys: [0, 1, 2, 3]
nodes.count keys: [0, 1, 2, 3]
links.meta: {8: (2, 2), 6: (1, 3), 7: (3, 2), 5: (3, 3), 4: (2, 2), 0: (2, 2), 3: (2, 0), 2: (3, 3), 9: (3, 3), 10: (3, 3), 1: (3, 3), 11: (3, 3)}
t_type about to use: 2
h_type: 3
shift dict: {0: 0, 1: 188, 2: 19452, 3: 20010}
count dict: Counter({1: 19264, 3: 940, 2: 558, 0: 188})
Generated 900 negative samples for edge type 7
Epoch 00046, Step00000 | Train_Loss: 0.5274 | Time: 0.0503
Epoch 00046 | Val_Loss 1.0315 | Time(s) 0.0104
EarlyStopping counter: 40 out of 40
Early stopping!
Early stopping!
Meta keys: dict_keys([7])
Data keys: dict_keys([7])
Edge type: 7, Meta: (3, 2)
{'roc_auc': 0.5212448559670781, 'MRR': 0.7611922141119222}
{'roc_auc': 0.6498501244728954, 'MRR': 0.8260340632603406}
defaultdict(<class 'float'>, {'roc_auc': 0.5212448559670781, 'MRR': 0.7611922141119222})
defaultdict(<class 'float'>, {'roc_auc': 0.6498501244728954, 'MRR': 0.8260340632603406})
Completed: amazon_style_ccct_features_securebert_fold_1

--------------------------------------
Running model: SimpleHGN
Dataset: amazon_style_ccct_features_securebert_fold_2
--------------------------------------
Data path: ../../data/amazon_style_ccct_features_securebert_fold_2
Loading nodes from ../../data/amazon_style_ccct_features_securebert_fold_2/node.dat
edge types: dict_keys([6, 2, 8, 7, 5, 4, 3, 11, 10, 0, 9, 1])
Getting training negative samples for edge types: [7]
nodes.shift keys: [0, 1, 2, 3]
nodes.count keys: [0, 1, 2, 3]
links.meta: {6: (1, 3), 2: (3, 3), 8: (2, 2), 7: (3, 2), 5: (3, 3), 4: (2, 2), 3: (2, 0), 11: (3, 3), 10: (3, 3), 0: (2, 2), 9: (3, 3), 1: (3, 3)}
t_type about to use: 2
h_type: 3
shift dict: {0: 0, 1: 188, 2: 19452, 3: 20010}
count dict: Counter({1: 19264, 3: 940, 2: 558, 0: 188})
Generated 902 negative samples for edge type 7
Features List: [array([[ 0.00445206,  0.01268557,  0.22351578, ..., -0.28678206,
        -0.37460288,  0.18294938],
       [-0.18744846,  0.07075578,  0.0476894 , ..., -0.2232531 ,
        -0.19588573,  0.47988179],
       [-0.17451471, -0.04557271,  0.15712288, ..., -0.05391889,
        -0.20500693,  0.23744845],
       ...,
       [-0.40584856,  0.04715464,  0.24475315, ..., -0.12466257,
        -0.2035536 ,  0.28577447],
       [-0.18835557,  0.03822717,  0.03586731, ..., -0.23435652,
        -0.35453227,  0.38753107],
       [-0.13632202,  0.14362322,  0.08668749, ..., -0.24145249,
        -0.25799868,  0.26464131]]), array([[-0.02302658,  0.0368569 ,  0.00652144, ..., -0.02803515,
        -0.00893309,  0.00342051],
       [-0.01979104,  0.04036582,  0.01475144, ..., -0.00661969,
        -0.01504144,  0.01323287],
       [-0.02346251,  0.03577969,  0.00104941, ..., -0.01948969,
        -0.02273973,  0.01956808],
       ...,
       [ 0.01112562,  0.01252526, -0.00604169, ..., -0.02203615,
        -0.00625044, -0.01684516],
       [-0.02297131,  0.02604213,  0.00098649, ...,  0.00838303,
        -0.00321861, -0.00570687],
       [-0.01075894,  0.00767744, -0.01424407, ..., -0.02184941,
         0.02614397, -0.01134232]]), array([[ 0.00791158, -0.00538086, -0.02676104, ..., -0.01897389,
        -0.01306979, -0.00084801],
       [ 0.01682901, -0.00649696, -0.01921631, ..., -0.01401017,
        -0.0039668 , -0.02202195],
       [ 0.02197852, -0.01403735, -0.05225722, ...,  0.02019661,
         0.00528841,  0.0033033 ],
       ...,
       [ 0.01603197,  0.00716993, -0.01245602, ..., -0.01399604,
        -0.00058955, -0.0256807 ],
       [ 0.01039577,  0.02045547, -0.02146293, ...,  0.01017929,
         0.02390171,  0.00134994],
       [ 0.00462414,  0.0041195 , -0.0135733 , ..., -0.01101827,
         0.00813001,  0.0203817 ]]), array([[ 0.00087804,  0.00658507, -0.02514569, ..., -0.04238372,
         0.00850771, -0.02565438],
       [-0.0006986 ,  0.01542003, -0.03227317, ..., -0.01301633,
         0.01559736, -0.03614859],
       [-0.01135348,  0.00974955, -0.01812623, ..., -0.01920343,
         0.00887381, -0.0152928 ],
       ...,
       [ 0.00701895, -0.01539859, -0.03025482, ..., -0.03644368,
         0.01254067, -0.0236606 ],
       [-0.00414097,  0.00144739, -0.05197839, ...,  0.00216818,
         0.02755725, -0.03143983],
       [ 0.01779867, -0.02493452, -0.0391779 , ..., -0.01159797,
        -0.00619852, -0.02449675]])]
Getting training negative samples for edge types: [7]
nodes.shift keys: [0, 1, 2, 3]
nodes.count keys: [0, 1, 2, 3]
links.meta: {6: (1, 3), 2: (3, 3), 8: (2, 2), 7: (3, 2), 5: (3, 3), 4: (2, 2), 3: (2, 0), 11: (3, 3), 10: (3, 3), 0: (2, 2), 9: (3, 3), 1: (3, 3)}
t_type about to use: 2
h_type: 3
shift dict: {0: 0, 1: 188, 2: 19452, 3: 20010}
count dict: Counter({1: 19264, 3: 940, 2: 558, 0: 188})
Generated 902 negative samples for edge type 7
Epoch 00000, Step00000 | Train_Loss: 0.6944 | Time: 0.5889
Epoch 00000 | Val_Loss 0.6881 | Time(s) 0.0159
Validation loss decreased (inf --> 0.688127).  Saving model ...
Getting training negative samples for edge types: [7]
nodes.shift keys: [0, 1, 2, 3]
nodes.count keys: [0, 1, 2, 3]
links.meta: {6: (1, 3), 2: (3, 3), 8: (2, 2), 7: (3, 2), 5: (3, 3), 4: (2, 2), 3: (2, 0), 11: (3, 3), 10: (3, 3), 0: (2, 2), 9: (3, 3), 1: (3, 3)}
t_type about to use: 2
h_type: 3
shift dict: {0: 0, 1: 188, 2: 19452, 3: 20010}
count dict: Counter({1: 19264, 3: 940, 2: 558, 0: 188})
Generated 902 negative samples for edge type 7
Epoch 00001, Step00000 | Train_Loss: 0.6842 | Time: 0.0400
Epoch 00001 | Val_Loss 0.6698 | Time(s) 0.0162
Validation loss decreased (0.688127 --> 0.669769).  Saving model ...
Getting training negative samples for edge types: [7]
nodes.shift keys: [0, 1, 2, 3]
nodes.count keys: [0, 1, 2, 3]
links.meta: {6: (1, 3), 2: (3, 3), 8: (2, 2), 7: (3, 2), 5: (3, 3), 4: (2, 2), 3: (2, 0), 11: (3, 3), 10: (3, 3), 0: (2, 2), 9: (3, 3), 1: (3, 3)}
t_type about to use: 2
h_type: 3
shift dict: {0: 0, 1: 188, 2: 19452, 3: 20010}
count dict: Counter({1: 19264, 3: 940, 2: 558, 0: 188})
Generated 902 negative samples for edge type 7
Epoch 00002, Step00000 | Train_Loss: 0.6749 | Time: 0.0520
Epoch 00002 | Val_Loss 0.6704 | Time(s) 0.0173
EarlyStopping counter: 1 out of 40
Getting training negative samples for edge types: [7]
nodes.shift keys: [0, 1, 2, 3]
nodes.count keys: [0, 1, 2, 3]
links.meta: {6: (1, 3), 2: (3, 3), 8: (2, 2), 7: (3, 2), 5: (3, 3), 4: (2, 2), 3: (2, 0), 11: (3, 3), 10: (3, 3), 0: (2, 2), 9: (3, 3), 1: (3, 3)}
t_type about to use: 2
h_type: 3
shift dict: {0: 0, 1: 188, 2: 19452, 3: 20010}
count dict: Counter({1: 19264, 3: 940, 2: 558, 0: 188})
Generated 902 negative samples for edge type 7
Epoch 00003, Step00000 | Train_Loss: 0.6635 | Time: 0.0479
Epoch 00003 | Val_Loss 0.6563 | Time(s) 0.0201
Validation loss decreased (0.669769 --> 0.656335).  Saving model ...
Getting training negative samples for edge types: [7]
nodes.shift keys: [0, 1, 2, 3]
nodes.count keys: [0, 1, 2, 3]
links.meta: {6: (1, 3), 2: (3, 3), 8: (2, 2), 7: (3, 2), 5: (3, 3), 4: (2, 2), 3: (2, 0), 11: (3, 3), 10: (3, 3), 0: (2, 2), 9: (3, 3), 1: (3, 3)}
t_type about to use: 2
h_type: 3
shift dict: {0: 0, 1: 188, 2: 19452, 3: 20010}
count dict: Counter({1: 19264, 3: 940, 2: 558, 0: 188})
Generated 902 negative samples for edge type 7
Epoch 00004, Step00000 | Train_Loss: 0.6518 | Time: 0.0464
Epoch 00004 | Val_Loss 0.6561 | Time(s) 0.0105
Validation loss decreased (0.656335 --> 0.656128).  Saving model ...
Getting training negative samples for edge types: [7]
nodes.shift keys: [0, 1, 2, 3]
nodes.count keys: [0, 1, 2, 3]
links.meta: {6: (1, 3), 2: (3, 3), 8: (2, 2), 7: (3, 2), 5: (3, 3), 4: (2, 2), 3: (2, 0), 11: (3, 3), 10: (3, 3), 0: (2, 2), 9: (3, 3), 1: (3, 3)}
t_type about to use: 2
h_type: 3
shift dict: {0: 0, 1: 188, 2: 19452, 3: 20010}
count dict: Counter({1: 19264, 3: 940, 2: 558, 0: 188})
Generated 902 negative samples for edge type 7
Epoch 00005, Step00000 | Train_Loss: 0.6402 | Time: 0.0476
Epoch 00005 | Val_Loss 0.6910 | Time(s) 0.0156
EarlyStopping counter: 1 out of 40
Getting training negative samples for edge types: [7]
nodes.shift keys: [0, 1, 2, 3]
nodes.count keys: [0, 1, 2, 3]
links.meta: {6: (1, 3), 2: (3, 3), 8: (2, 2), 7: (3, 2), 5: (3, 3), 4: (2, 2), 3: (2, 0), 11: (3, 3), 10: (3, 3), 0: (2, 2), 9: (3, 3), 1: (3, 3)}
t_type about to use: 2
h_type: 3
shift dict: {0: 0, 1: 188, 2: 19452, 3: 20010}
count dict: Counter({1: 19264, 3: 940, 2: 558, 0: 188})
Generated 902 negative samples for edge type 7
Epoch 00006, Step00000 | Train_Loss: 0.6272 | Time: 0.0434
Epoch 00006 | Val_Loss 0.6998 | Time(s) 0.0094
EarlyStopping counter: 2 out of 40
Getting training negative samples for edge types: [7]
nodes.shift keys: [0, 1, 2, 3]
nodes.count keys: [0, 1, 2, 3]
links.meta: {6: (1, 3), 2: (3, 3), 8: (2, 2), 7: (3, 2), 5: (3, 3), 4: (2, 2), 3: (2, 0), 11: (3, 3), 10: (3, 3), 0: (2, 2), 9: (3, 3), 1: (3, 3)}
t_type about to use: 2
h_type: 3
shift dict: {0: 0, 1: 188, 2: 19452, 3: 20010}
count dict: Counter({1: 19264, 3: 940, 2: 558, 0: 188})
Generated 902 negative samples for edge type 7
Epoch 00007, Step00000 | Train_Loss: 0.6036 | Time: 0.0487
Epoch 00007 | Val_Loss 0.6890 | Time(s) 0.0099
EarlyStopping counter: 3 out of 40
Getting training negative samples for edge types: [7]
nodes.shift keys: [0, 1, 2, 3]
nodes.count keys: [0, 1, 2, 3]
links.meta: {6: (1, 3), 2: (3, 3), 8: (2, 2), 7: (3, 2), 5: (3, 3), 4: (2, 2), 3: (2, 0), 11: (3, 3), 10: (3, 3), 0: (2, 2), 9: (3, 3), 1: (3, 3)}
t_type about to use: 2
h_type: 3
shift dict: {0: 0, 1: 188, 2: 19452, 3: 20010}
count dict: Counter({1: 19264, 3: 940, 2: 558, 0: 188})
Generated 902 negative samples for edge type 7
Epoch 00008, Step00000 | Train_Loss: 0.5992 | Time: 0.0498
Epoch 00008 | Val_Loss 0.7433 | Time(s) 0.0091
EarlyStopping counter: 4 out of 40
Getting training negative samples for edge types: [7]
nodes.shift keys: [0, 1, 2, 3]
nodes.count keys: [0, 1, 2, 3]
links.meta: {6: (1, 3), 2: (3, 3), 8: (2, 2), 7: (3, 2), 5: (3, 3), 4: (2, 2), 3: (2, 0), 11: (3, 3), 10: (3, 3), 0: (2, 2), 9: (3, 3), 1: (3, 3)}
t_type about to use: 2
h_type: 3
shift dict: {0: 0, 1: 188, 2: 19452, 3: 20010}
count dict: Counter({1: 19264, 3: 940, 2: 558, 0: 188})
Generated 902 negative samples for edge type 7
Epoch 00009, Step00000 | Train_Loss: 0.5994 | Time: 0.0309
Epoch 00009 | Val_Loss 0.7376 | Time(s) 0.0228
EarlyStopping counter: 5 out of 40
Getting training negative samples for edge types: [7]
nodes.shift keys: [0, 1, 2, 3]
nodes.count keys: [0, 1, 2, 3]
links.meta: {6: (1, 3), 2: (3, 3), 8: (2, 2), 7: (3, 2), 5: (3, 3), 4: (2, 2), 3: (2, 0), 11: (3, 3), 10: (3, 3), 0: (2, 2), 9: (3, 3), 1: (3, 3)}
t_type about to use: 2
h_type: 3
shift dict: {0: 0, 1: 188, 2: 19452, 3: 20010}
count dict: Counter({1: 19264, 3: 940, 2: 558, 0: 188})
Generated 902 negative samples for edge type 7
Epoch 00010, Step00000 | Train_Loss: 0.5821 | Time: 0.0251
Epoch 00010 | Val_Loss 0.8396 | Time(s) 0.0261
EarlyStopping counter: 6 out of 40
Getting training negative samples for edge types: [7]
nodes.shift keys: [0, 1, 2, 3]
nodes.count keys: [0, 1, 2, 3]
links.meta: {6: (1, 3), 2: (3, 3), 8: (2, 2), 7: (3, 2), 5: (3, 3), 4: (2, 2), 3: (2, 0), 11: (3, 3), 10: (3, 3), 0: (2, 2), 9: (3, 3), 1: (3, 3)}
t_type about to use: 2
h_type: 3
shift dict: {0: 0, 1: 188, 2: 19452, 3: 20010}
count dict: Counter({1: 19264, 3: 940, 2: 558, 0: 188})
Generated 902 negative samples for edge type 7
Epoch 00011, Step00000 | Train_Loss: 0.5768 | Time: 0.0256
Epoch 00011 | Val_Loss 0.9143 | Time(s) 0.0146
EarlyStopping counter: 7 out of 40
Getting training negative samples for edge types: [7]
nodes.shift keys: [0, 1, 2, 3]
nodes.count keys: [0, 1, 2, 3]
links.meta: {6: (1, 3), 2: (3, 3), 8: (2, 2), 7: (3, 2), 5: (3, 3), 4: (2, 2), 3: (2, 0), 11: (3, 3), 10: (3, 3), 0: (2, 2), 9: (3, 3), 1: (3, 3)}
t_type about to use: 2
h_type: 3
shift dict: {0: 0, 1: 188, 2: 19452, 3: 20010}
count dict: Counter({1: 19264, 3: 940, 2: 558, 0: 188})
Generated 902 negative samples for edge type 7
Epoch 00012, Step00000 | Train_Loss: 0.5699 | Time: 0.0370
Epoch 00012 | Val_Loss 0.9441 | Time(s) 0.0139
EarlyStopping counter: 8 out of 40
Getting training negative samples for edge types: [7]
nodes.shift keys: [0, 1, 2, 3]
nodes.count keys: [0, 1, 2, 3]
links.meta: {6: (1, 3), 2: (3, 3), 8: (2, 2), 7: (3, 2), 5: (3, 3), 4: (2, 2), 3: (2, 0), 11: (3, 3), 10: (3, 3), 0: (2, 2), 9: (3, 3), 1: (3, 3)}
t_type about to use: 2
h_type: 3
shift dict: {0: 0, 1: 188, 2: 19452, 3: 20010}
count dict: Counter({1: 19264, 3: 940, 2: 558, 0: 188})
Generated 902 negative samples for edge type 7
Epoch 00013, Step00000 | Train_Loss: 0.5565 | Time: 0.0434
Epoch 00013 | Val_Loss 0.8851 | Time(s) 0.0092
EarlyStopping counter: 9 out of 40
Getting training negative samples for edge types: [7]
nodes.shift keys: [0, 1, 2, 3]
nodes.count keys: [0, 1, 2, 3]
links.meta: {6: (1, 3), 2: (3, 3), 8: (2, 2), 7: (3, 2), 5: (3, 3), 4: (2, 2), 3: (2, 0), 11: (3, 3), 10: (3, 3), 0: (2, 2), 9: (3, 3), 1: (3, 3)}
t_type about to use: 2
h_type: 3
shift dict: {0: 0, 1: 188, 2: 19452, 3: 20010}
count dict: Counter({1: 19264, 3: 940, 2: 558, 0: 188})
Generated 902 negative samples for edge type 7
Epoch 00014, Step00000 | Train_Loss: 0.5797 | Time: 0.0485
Epoch 00014 | Val_Loss 0.9097 | Time(s) 0.0088
EarlyStopping counter: 10 out of 40
Getting training negative samples for edge types: [7]
nodes.shift keys: [0, 1, 2, 3]
nodes.count keys: [0, 1, 2, 3]
links.meta: {6: (1, 3), 2: (3, 3), 8: (2, 2), 7: (3, 2), 5: (3, 3), 4: (2, 2), 3: (2, 0), 11: (3, 3), 10: (3, 3), 0: (2, 2), 9: (3, 3), 1: (3, 3)}
t_type about to use: 2
h_type: 3
shift dict: {0: 0, 1: 188, 2: 19452, 3: 20010}
count dict: Counter({1: 19264, 3: 940, 2: 558, 0: 188})
Generated 902 negative samples for edge type 7
Epoch 00015, Step00000 | Train_Loss: 0.5714 | Time: 0.0493
Epoch 00015 | Val_Loss 0.9527 | Time(s) 0.0089
EarlyStopping counter: 11 out of 40
Getting training negative samples for edge types: [7]
nodes.shift keys: [0, 1, 2, 3]
nodes.count keys: [0, 1, 2, 3]
links.meta: {6: (1, 3), 2: (3, 3), 8: (2, 2), 7: (3, 2), 5: (3, 3), 4: (2, 2), 3: (2, 0), 11: (3, 3), 10: (3, 3), 0: (2, 2), 9: (3, 3), 1: (3, 3)}
t_type about to use: 2
h_type: 3
shift dict: {0: 0, 1: 188, 2: 19452, 3: 20010}
count dict: Counter({1: 19264, 3: 940, 2: 558, 0: 188})
Generated 902 negative samples for edge type 7
Epoch 00016, Step00000 | Train_Loss: 0.5631 | Time: 0.0307
Epoch 00016 | Val_Loss 0.9767 | Time(s) 0.0228
EarlyStopping counter: 12 out of 40
Getting training negative samples for edge types: [7]
nodes.shift keys: [0, 1, 2, 3]
nodes.count keys: [0, 1, 2, 3]
links.meta: {6: (1, 3), 2: (3, 3), 8: (2, 2), 7: (3, 2), 5: (3, 3), 4: (2, 2), 3: (2, 0), 11: (3, 3), 10: (3, 3), 0: (2, 2), 9: (3, 3), 1: (3, 3)}
t_type about to use: 2
h_type: 3
shift dict: {0: 0, 1: 188, 2: 19452, 3: 20010}
count dict: Counter({1: 19264, 3: 940, 2: 558, 0: 188})
Generated 902 negative samples for edge type 7
Epoch 00017, Step00000 | Train_Loss: 0.5410 | Time: 0.0253
Epoch 00017 | Val_Loss 0.9060 | Time(s) 0.0261
EarlyStopping counter: 13 out of 40
Getting training negative samples for edge types: [7]
nodes.shift keys: [0, 1, 2, 3]
nodes.count keys: [0, 1, 2, 3]
links.meta: {6: (1, 3), 2: (3, 3), 8: (2, 2), 7: (3, 2), 5: (3, 3), 4: (2, 2), 3: (2, 0), 11: (3, 3), 10: (3, 3), 0: (2, 2), 9: (3, 3), 1: (3, 3)}
t_type about to use: 2
h_type: 3
shift dict: {0: 0, 1: 188, 2: 19452, 3: 20010}
count dict: Counter({1: 19264, 3: 940, 2: 558, 0: 188})
Generated 902 negative samples for edge type 7
Epoch 00018, Step00000 | Train_Loss: 0.5535 | Time: 0.0264
Epoch 00018 | Val_Loss 0.9439 | Time(s) 0.0235
EarlyStopping counter: 14 out of 40
Getting training negative samples for edge types: [7]
nodes.shift keys: [0, 1, 2, 3]
nodes.count keys: [0, 1, 2, 3]
links.meta: {6: (1, 3), 2: (3, 3), 8: (2, 2), 7: (3, 2), 5: (3, 3), 4: (2, 2), 3: (2, 0), 11: (3, 3), 10: (3, 3), 0: (2, 2), 9: (3, 3), 1: (3, 3)}
t_type about to use: 2
h_type: 3
shift dict: {0: 0, 1: 188, 2: 19452, 3: 20010}
count dict: Counter({1: 19264, 3: 940, 2: 558, 0: 188})
Generated 902 negative samples for edge type 7
Epoch 00019, Step00000 | Train_Loss: 0.5553 | Time: 0.0295
Epoch 00019 | Val_Loss 0.9874 | Time(s) 0.0201
EarlyStopping counter: 15 out of 40
Getting training negative samples for edge types: [7]
nodes.shift keys: [0, 1, 2, 3]
nodes.count keys: [0, 1, 2, 3]
links.meta: {6: (1, 3), 2: (3, 3), 8: (2, 2), 7: (3, 2), 5: (3, 3), 4: (2, 2), 3: (2, 0), 11: (3, 3), 10: (3, 3), 0: (2, 2), 9: (3, 3), 1: (3, 3)}
t_type about to use: 2
h_type: 3
shift dict: {0: 0, 1: 188, 2: 19452, 3: 20010}
count dict: Counter({1: 19264, 3: 940, 2: 558, 0: 188})
Generated 902 negative samples for edge type 7
Epoch 00020, Step00000 | Train_Loss: 0.5514 | Time: 0.0333
Epoch 00020 | Val_Loss 1.0026 | Time(s) 0.0147
EarlyStopping counter: 16 out of 40
Getting training negative samples for edge types: [7]
nodes.shift keys: [0, 1, 2, 3]
nodes.count keys: [0, 1, 2, 3]
links.meta: {6: (1, 3), 2: (3, 3), 8: (2, 2), 7: (3, 2), 5: (3, 3), 4: (2, 2), 3: (2, 0), 11: (3, 3), 10: (3, 3), 0: (2, 2), 9: (3, 3), 1: (3, 3)}
t_type about to use: 2
h_type: 3
shift dict: {0: 0, 1: 188, 2: 19452, 3: 20010}
count dict: Counter({1: 19264, 3: 940, 2: 558, 0: 188})
Generated 902 negative samples for edge type 7
Epoch 00021, Step00000 | Train_Loss: 0.5401 | Time: 0.0450
Epoch 00021 | Val_Loss 0.9249 | Time(s) 0.0148
EarlyStopping counter: 17 out of 40
Getting training negative samples for edge types: [7]
nodes.shift keys: [0, 1, 2, 3]
nodes.count keys: [0, 1, 2, 3]
links.meta: {6: (1, 3), 2: (3, 3), 8: (2, 2), 7: (3, 2), 5: (3, 3), 4: (2, 2), 3: (2, 0), 11: (3, 3), 10: (3, 3), 0: (2, 2), 9: (3, 3), 1: (3, 3)}
t_type about to use: 2
h_type: 3
shift dict: {0: 0, 1: 188, 2: 19452, 3: 20010}
count dict: Counter({1: 19264, 3: 940, 2: 558, 0: 188})
Generated 902 negative samples for edge type 7
Epoch 00022, Step00000 | Train_Loss: 0.5607 | Time: 0.0447
Epoch 00022 | Val_Loss 0.9811 | Time(s) 0.0097
EarlyStopping counter: 18 out of 40
Getting training negative samples for edge types: [7]
nodes.shift keys: [0, 1, 2, 3]
nodes.count keys: [0, 1, 2, 3]
links.meta: {6: (1, 3), 2: (3, 3), 8: (2, 2), 7: (3, 2), 5: (3, 3), 4: (2, 2), 3: (2, 0), 11: (3, 3), 10: (3, 3), 0: (2, 2), 9: (3, 3), 1: (3, 3)}
t_type about to use: 2
h_type: 3
shift dict: {0: 0, 1: 188, 2: 19452, 3: 20010}
count dict: Counter({1: 19264, 3: 940, 2: 558, 0: 188})
Generated 902 negative samples for edge type 7
Epoch 00023, Step00000 | Train_Loss: 0.5523 | Time: 0.0498
Epoch 00023 | Val_Loss 0.9649 | Time(s) 0.0099
EarlyStopping counter: 19 out of 40
Getting training negative samples for edge types: [7]
nodes.shift keys: [0, 1, 2, 3]
nodes.count keys: [0, 1, 2, 3]
links.meta: {6: (1, 3), 2: (3, 3), 8: (2, 2), 7: (3, 2), 5: (3, 3), 4: (2, 2), 3: (2, 0), 11: (3, 3), 10: (3, 3), 0: (2, 2), 9: (3, 3), 1: (3, 3)}
t_type about to use: 2
h_type: 3
shift dict: {0: 0, 1: 188, 2: 19452, 3: 20010}
count dict: Counter({1: 19264, 3: 940, 2: 558, 0: 188})
Generated 902 negative samples for edge type 7
Epoch 00024, Step00000 | Train_Loss: 0.5446 | Time: 0.0512
Epoch 00024 | Val_Loss 0.9812 | Time(s) 0.0101
EarlyStopping counter: 20 out of 40
Getting training negative samples for edge types: [7]
nodes.shift keys: [0, 1, 2, 3]
nodes.count keys: [0, 1, 2, 3]
links.meta: {6: (1, 3), 2: (3, 3), 8: (2, 2), 7: (3, 2), 5: (3, 3), 4: (2, 2), 3: (2, 0), 11: (3, 3), 10: (3, 3), 0: (2, 2), 9: (3, 3), 1: (3, 3)}
t_type about to use: 2
h_type: 3
shift dict: {0: 0, 1: 188, 2: 19452, 3: 20010}
count dict: Counter({1: 19264, 3: 940, 2: 558, 0: 188})
Generated 902 negative samples for edge type 7
Epoch 00025, Step00000 | Train_Loss: 0.5498 | Time: 0.0321
Epoch 00025 | Val_Loss 1.0021 | Time(s) 0.0229
EarlyStopping counter: 21 out of 40
Getting training negative samples for edge types: [7]
nodes.shift keys: [0, 1, 2, 3]
nodes.count keys: [0, 1, 2, 3]
links.meta: {6: (1, 3), 2: (3, 3), 8: (2, 2), 7: (3, 2), 5: (3, 3), 4: (2, 2), 3: (2, 0), 11: (3, 3), 10: (3, 3), 0: (2, 2), 9: (3, 3), 1: (3, 3)}
t_type about to use: 2
h_type: 3
shift dict: {0: 0, 1: 188, 2: 19452, 3: 20010}
count dict: Counter({1: 19264, 3: 940, 2: 558, 0: 188})
Generated 902 negative samples for edge type 7
Epoch 00026, Step00000 | Train_Loss: 0.5463 | Time: 0.0260
Epoch 00026 | Val_Loss 0.8914 | Time(s) 0.0297
EarlyStopping counter: 22 out of 40
Getting training negative samples for edge types: [7]
nodes.shift keys: [0, 1, 2, 3]
nodes.count keys: [0, 1, 2, 3]
links.meta: {6: (1, 3), 2: (3, 3), 8: (2, 2), 7: (3, 2), 5: (3, 3), 4: (2, 2), 3: (2, 0), 11: (3, 3), 10: (3, 3), 0: (2, 2), 9: (3, 3), 1: (3, 3)}
t_type about to use: 2
h_type: 3
shift dict: {0: 0, 1: 188, 2: 19452, 3: 20010}
count dict: Counter({1: 19264, 3: 940, 2: 558, 0: 188})
Generated 902 negative samples for edge type 7
Epoch 00027, Step00000 | Train_Loss: 0.5402 | Time: 0.0261
Epoch 00027 | Val_Loss 1.0732 | Time(s) 0.0256
EarlyStopping counter: 23 out of 40
Getting training negative samples for edge types: [7]
nodes.shift keys: [0, 1, 2, 3]
nodes.count keys: [0, 1, 2, 3]
links.meta: {6: (1, 3), 2: (3, 3), 8: (2, 2), 7: (3, 2), 5: (3, 3), 4: (2, 2), 3: (2, 0), 11: (3, 3), 10: (3, 3), 0: (2, 2), 9: (3, 3), 1: (3, 3)}
t_type about to use: 2
h_type: 3
shift dict: {0: 0, 1: 188, 2: 19452, 3: 20010}
count dict: Counter({1: 19264, 3: 940, 2: 558, 0: 188})
Generated 902 negative samples for edge type 7
Epoch 00028, Step00000 | Train_Loss: 0.5505 | Time: 0.0260
Epoch 00028 | Val_Loss 1.0215 | Time(s) 0.0148
EarlyStopping counter: 24 out of 40
Getting training negative samples for edge types: [7]
nodes.shift keys: [0, 1, 2, 3]
nodes.count keys: [0, 1, 2, 3]
links.meta: {6: (1, 3), 2: (3, 3), 8: (2, 2), 7: (3, 2), 5: (3, 3), 4: (2, 2), 3: (2, 0), 11: (3, 3), 10: (3, 3), 0: (2, 2), 9: (3, 3), 1: (3, 3)}
t_type about to use: 2
h_type: 3
shift dict: {0: 0, 1: 188, 2: 19452, 3: 20010}
count dict: Counter({1: 19264, 3: 940, 2: 558, 0: 188})
Generated 902 negative samples for edge type 7
Epoch 00029, Step00000 | Train_Loss: 0.5456 | Time: 0.0365
Epoch 00029 | Val_Loss 0.9677 | Time(s) 0.0139
EarlyStopping counter: 25 out of 40
Getting training negative samples for edge types: [7]
nodes.shift keys: [0, 1, 2, 3]
nodes.count keys: [0, 1, 2, 3]
links.meta: {6: (1, 3), 2: (3, 3), 8: (2, 2), 7: (3, 2), 5: (3, 3), 4: (2, 2), 3: (2, 0), 11: (3, 3), 10: (3, 3), 0: (2, 2), 9: (3, 3), 1: (3, 3)}
t_type about to use: 2
h_type: 3
shift dict: {0: 0, 1: 188, 2: 19452, 3: 20010}
count dict: Counter({1: 19264, 3: 940, 2: 558, 0: 188})
Generated 902 negative samples for edge type 7
Epoch 00030, Step00000 | Train_Loss: 0.5376 | Time: 0.0434
Epoch 00030 | Val_Loss 1.0050 | Time(s) 0.0115
EarlyStopping counter: 26 out of 40
Getting training negative samples for edge types: [7]
nodes.shift keys: [0, 1, 2, 3]
nodes.count keys: [0, 1, 2, 3]
links.meta: {6: (1, 3), 2: (3, 3), 8: (2, 2), 7: (3, 2), 5: (3, 3), 4: (2, 2), 3: (2, 0), 11: (3, 3), 10: (3, 3), 0: (2, 2), 9: (3, 3), 1: (3, 3)}
t_type about to use: 2
h_type: 3
shift dict: {0: 0, 1: 188, 2: 19452, 3: 20010}
count dict: Counter({1: 19264, 3: 940, 2: 558, 0: 188})
Generated 902 negative samples for edge type 7
Epoch 00031, Step00000 | Train_Loss: 0.5364 | Time: 0.0447
Epoch 00031 | Val_Loss 0.9996 | Time(s) 0.0106
EarlyStopping counter: 27 out of 40
Getting training negative samples for edge types: [7]
nodes.shift keys: [0, 1, 2, 3]
nodes.count keys: [0, 1, 2, 3]
links.meta: {6: (1, 3), 2: (3, 3), 8: (2, 2), 7: (3, 2), 5: (3, 3), 4: (2, 2), 3: (2, 0), 11: (3, 3), 10: (3, 3), 0: (2, 2), 9: (3, 3), 1: (3, 3)}
t_type about to use: 2
h_type: 3
shift dict: {0: 0, 1: 188, 2: 19452, 3: 20010}
count dict: Counter({1: 19264, 3: 940, 2: 558, 0: 188})
Generated 902 negative samples for edge type 7
Epoch 00032, Step00000 | Train_Loss: 0.5320 | Time: 0.0484
Epoch 00032 | Val_Loss 1.0494 | Time(s) 0.0107
EarlyStopping counter: 28 out of 40
Getting training negative samples for edge types: [7]
nodes.shift keys: [0, 1, 2, 3]
nodes.count keys: [0, 1, 2, 3]
links.meta: {6: (1, 3), 2: (3, 3), 8: (2, 2), 7: (3, 2), 5: (3, 3), 4: (2, 2), 3: (2, 0), 11: (3, 3), 10: (3, 3), 0: (2, 2), 9: (3, 3), 1: (3, 3)}
t_type about to use: 2
h_type: 3
shift dict: {0: 0, 1: 188, 2: 19452, 3: 20010}
count dict: Counter({1: 19264, 3: 940, 2: 558, 0: 188})
Generated 902 negative samples for edge type 7
Epoch 00033, Step00000 | Train_Loss: 0.5464 | Time: 0.0500
Epoch 00033 | Val_Loss 1.0567 | Time(s) 0.0101
EarlyStopping counter: 29 out of 40
Getting training negative samples for edge types: [7]
nodes.shift keys: [0, 1, 2, 3]
nodes.count keys: [0, 1, 2, 3]
links.meta: {6: (1, 3), 2: (3, 3), 8: (2, 2), 7: (3, 2), 5: (3, 3), 4: (2, 2), 3: (2, 0), 11: (3, 3), 10: (3, 3), 0: (2, 2), 9: (3, 3), 1: (3, 3)}
t_type about to use: 2
h_type: 3
shift dict: {0: 0, 1: 188, 2: 19452, 3: 20010}
count dict: Counter({1: 19264, 3: 940, 2: 558, 0: 188})
Generated 902 negative samples for edge type 7
Epoch 00034, Step00000 | Train_Loss: 0.5550 | Time: 0.0518
Epoch 00034 | Val_Loss 0.9843 | Time(s) 0.0104
EarlyStopping counter: 30 out of 40
Getting training negative samples for edge types: [7]
nodes.shift keys: [0, 1, 2, 3]
nodes.count keys: [0, 1, 2, 3]
links.meta: {6: (1, 3), 2: (3, 3), 8: (2, 2), 7: (3, 2), 5: (3, 3), 4: (2, 2), 3: (2, 0), 11: (3, 3), 10: (3, 3), 0: (2, 2), 9: (3, 3), 1: (3, 3)}
t_type about to use: 2
h_type: 3
shift dict: {0: 0, 1: 188, 2: 19452, 3: 20010}
count dict: Counter({1: 19264, 3: 940, 2: 558, 0: 188})
Generated 902 negative samples for edge type 7
Epoch 00035, Step00000 | Train_Loss: 0.5481 | Time: 0.0355
Epoch 00035 | Val_Loss 1.0239 | Time(s) 0.0191
EarlyStopping counter: 31 out of 40
Getting training negative samples for edge types: [7]
nodes.shift keys: [0, 1, 2, 3]
nodes.count keys: [0, 1, 2, 3]
links.meta: {6: (1, 3), 2: (3, 3), 8: (2, 2), 7: (3, 2), 5: (3, 3), 4: (2, 2), 3: (2, 0), 11: (3, 3), 10: (3, 3), 0: (2, 2), 9: (3, 3), 1: (3, 3)}
t_type about to use: 2
h_type: 3
shift dict: {0: 0, 1: 188, 2: 19452, 3: 20010}
count dict: Counter({1: 19264, 3: 940, 2: 558, 0: 188})
Generated 902 negative samples for edge type 7
Epoch 00036, Step00000 | Train_Loss: 0.5314 | Time: 0.0265
Epoch 00036 | Val_Loss 1.0354 | Time(s) 0.0290
EarlyStopping counter: 32 out of 40
Getting training negative samples for edge types: [7]
nodes.shift keys: [0, 1, 2, 3]
nodes.count keys: [0, 1, 2, 3]
links.meta: {6: (1, 3), 2: (3, 3), 8: (2, 2), 7: (3, 2), 5: (3, 3), 4: (2, 2), 3: (2, 0), 11: (3, 3), 10: (3, 3), 0: (2, 2), 9: (3, 3), 1: (3, 3)}
t_type about to use: 2
h_type: 3
shift dict: {0: 0, 1: 188, 2: 19452, 3: 20010}
count dict: Counter({1: 19264, 3: 940, 2: 558, 0: 188})
Generated 902 negative samples for edge type 7
Epoch 00037, Step00000 | Train_Loss: 0.5525 | Time: 0.0286
Epoch 00037 | Val_Loss 1.0781 | Time(s) 0.0261
EarlyStopping counter: 33 out of 40
Getting training negative samples for edge types: [7]
nodes.shift keys: [0, 1, 2, 3]
nodes.count keys: [0, 1, 2, 3]
links.meta: {6: (1, 3), 2: (3, 3), 8: (2, 2), 7: (3, 2), 5: (3, 3), 4: (2, 2), 3: (2, 0), 11: (3, 3), 10: (3, 3), 0: (2, 2), 9: (3, 3), 1: (3, 3)}
t_type about to use: 2
h_type: 3
shift dict: {0: 0, 1: 188, 2: 19452, 3: 20010}
count dict: Counter({1: 19264, 3: 940, 2: 558, 0: 188})
Generated 902 negative samples for edge type 7
Epoch 00038, Step00000 | Train_Loss: 0.5408 | Time: 0.0308
Epoch 00038 | Val_Loss 0.9145 | Time(s) 0.0301
EarlyStopping counter: 34 out of 40
Getting training negative samples for edge types: [7]
nodes.shift keys: [0, 1, 2, 3]
nodes.count keys: [0, 1, 2, 3]
links.meta: {6: (1, 3), 2: (3, 3), 8: (2, 2), 7: (3, 2), 5: (3, 3), 4: (2, 2), 3: (2, 0), 11: (3, 3), 10: (3, 3), 0: (2, 2), 9: (3, 3), 1: (3, 3)}
t_type about to use: 2
h_type: 3
shift dict: {0: 0, 1: 188, 2: 19452, 3: 20010}
count dict: Counter({1: 19264, 3: 940, 2: 558, 0: 188})
Generated 902 negative samples for edge type 7
Epoch 00039, Step00000 | Train_Loss: 0.5242 | Time: 0.0263
Epoch 00039 | Val_Loss 0.9732 | Time(s) 0.0198
EarlyStopping counter: 35 out of 40
Getting training negative samples for edge types: [7]
nodes.shift keys: [0, 1, 2, 3]
nodes.count keys: [0, 1, 2, 3]
links.meta: {6: (1, 3), 2: (3, 3), 8: (2, 2), 7: (3, 2), 5: (3, 3), 4: (2, 2), 3: (2, 0), 11: (3, 3), 10: (3, 3), 0: (2, 2), 9: (3, 3), 1: (3, 3)}
t_type about to use: 2
h_type: 3
shift dict: {0: 0, 1: 188, 2: 19452, 3: 20010}
count dict: Counter({1: 19264, 3: 940, 2: 558, 0: 188})
Generated 902 negative samples for edge type 7
Epoch 00040, Step00000 | Train_Loss: 0.5368 | Time: 0.0363
Epoch 00040 | Val_Loss 0.9712 | Time(s) 0.0276
EarlyStopping counter: 36 out of 40
Getting training negative samples for edge types: [7]
nodes.shift keys: [0, 1, 2, 3]
nodes.count keys: [0, 1, 2, 3]
links.meta: {6: (1, 3), 2: (3, 3), 8: (2, 2), 7: (3, 2), 5: (3, 3), 4: (2, 2), 3: (2, 0), 11: (3, 3), 10: (3, 3), 0: (2, 2), 9: (3, 3), 1: (3, 3)}
t_type about to use: 2
h_type: 3
shift dict: {0: 0, 1: 188, 2: 19452, 3: 20010}
count dict: Counter({1: 19264, 3: 940, 2: 558, 0: 188})
Generated 902 negative samples for edge type 7
Epoch 00041, Step00000 | Train_Loss: 0.5254 | Time: 0.0273
Epoch 00041 | Val_Loss 1.0065 | Time(s) 0.0202
EarlyStopping counter: 37 out of 40
Getting training negative samples for edge types: [7]
nodes.shift keys: [0, 1, 2, 3]
nodes.count keys: [0, 1, 2, 3]
links.meta: {6: (1, 3), 2: (3, 3), 8: (2, 2), 7: (3, 2), 5: (3, 3), 4: (2, 2), 3: (2, 0), 11: (3, 3), 10: (3, 3), 0: (2, 2), 9: (3, 3), 1: (3, 3)}
t_type about to use: 2
h_type: 3
shift dict: {0: 0, 1: 188, 2: 19452, 3: 20010}
count dict: Counter({1: 19264, 3: 940, 2: 558, 0: 188})
Generated 902 negative samples for edge type 7
Epoch 00042, Step00000 | Train_Loss: 0.5334 | Time: 0.0328
Epoch 00042 | Val_Loss 1.0661 | Time(s) 0.0152
EarlyStopping counter: 38 out of 40
Getting training negative samples for edge types: [7]
nodes.shift keys: [0, 1, 2, 3]
nodes.count keys: [0, 1, 2, 3]
links.meta: {6: (1, 3), 2: (3, 3), 8: (2, 2), 7: (3, 2), 5: (3, 3), 4: (2, 2), 3: (2, 0), 11: (3, 3), 10: (3, 3), 0: (2, 2), 9: (3, 3), 1: (3, 3)}
t_type about to use: 2
h_type: 3
shift dict: {0: 0, 1: 188, 2: 19452, 3: 20010}
count dict: Counter({1: 19264, 3: 940, 2: 558, 0: 188})
Generated 902 negative samples for edge type 7
Epoch 00043, Step00000 | Train_Loss: 0.5322 | Time: 0.0435
Epoch 00043 | Val_Loss 1.0557 | Time(s) 0.0110
EarlyStopping counter: 39 out of 40
Getting training negative samples for edge types: [7]
nodes.shift keys: [0, 1, 2, 3]
nodes.count keys: [0, 1, 2, 3]
links.meta: {6: (1, 3), 2: (3, 3), 8: (2, 2), 7: (3, 2), 5: (3, 3), 4: (2, 2), 3: (2, 0), 11: (3, 3), 10: (3, 3), 0: (2, 2), 9: (3, 3), 1: (3, 3)}
t_type about to use: 2
h_type: 3
shift dict: {0: 0, 1: 188, 2: 19452, 3: 20010}
count dict: Counter({1: 19264, 3: 940, 2: 558, 0: 188})
Generated 902 negative samples for edge type 7
Epoch 00044, Step00000 | Train_Loss: 0.5187 | Time: 0.0474
Epoch 00044 | Val_Loss 1.1140 | Time(s) 0.0100
EarlyStopping counter: 40 out of 40
Early stopping!
Early stopping!
Meta keys: dict_keys([7])
Data keys: dict_keys([7])
Edge type: 7, Meta: (3, 2)
{'roc_auc': 0.5433783395575984, 'MRR': 0.7860696517412935}
{'roc_auc': 0.6531707842573973, 'MRR': 0.8149253731343282}
defaultdict(<class 'float'>, {'roc_auc': 0.5433783395575984, 'MRR': 0.7860696517412935})
defaultdict(<class 'float'>, {'roc_auc': 0.6531707842573973, 'MRR': 0.8149253731343282})
Completed: amazon_style_ccct_features_securebert_fold_2

--------------------------------------
Running model: SimpleHGN
Dataset: amazon_style_ccct_features_securebert_fold_3
--------------------------------------
Data path: ../../data/amazon_style_ccct_features_securebert_fold_3
Loading nodes from ../../data/amazon_style_ccct_features_securebert_fold_3/node.dat
edge types: dict_keys([6, 2, 8, 7, 5, 4, 3, 11, 10, 0, 9, 1])
Getting training negative samples for edge types: [7]
nodes.shift keys: [0, 1, 2, 3]
nodes.count keys: [0, 1, 2, 3]
links.meta: {6: (1, 3), 2: (3, 3), 8: (2, 2), 7: (3, 2), 5: (3, 3), 4: (2, 2), 3: (2, 0), 11: (3, 3), 10: (3, 3), 0: (2, 2), 9: (3, 3), 1: (3, 3)}
t_type about to use: 2
h_type: 3
shift dict: {0: 0, 1: 188, 2: 19452, 3: 20010}
count dict: Counter({1: 19264, 3: 940, 2: 558, 0: 188})
Generated 893 negative samples for edge type 7
Features List: [array([[ 0.00445206,  0.01268557,  0.22351578, ..., -0.28678206,
        -0.37460288,  0.18294938],
       [-0.18744846,  0.07075578,  0.0476894 , ..., -0.2232531 ,
        -0.19588573,  0.47988179],
       [-0.17451471, -0.04557271,  0.15712288, ..., -0.05391889,
        -0.20500693,  0.23744845],
       ...,
       [-0.40584856,  0.04715464,  0.24475315, ..., -0.12466257,
        -0.2035536 ,  0.28577447],
       [-0.18835557,  0.03822717,  0.03586731, ..., -0.23435652,
        -0.35453227,  0.38753107],
       [-0.13632202,  0.14362322,  0.08668749, ..., -0.24145249,
        -0.25799868,  0.26464131]]), array([[-0.02302658,  0.0368569 ,  0.00652144, ..., -0.02803515,
        -0.00893309,  0.00342051],
       [-0.01979104,  0.04036582,  0.01475144, ..., -0.00661969,
        -0.01504144,  0.01323287],
       [-0.02346251,  0.03577969,  0.00104941, ..., -0.01948969,
        -0.02273973,  0.01956808],
       ...,
       [ 0.01112562,  0.01252526, -0.00604169, ..., -0.02203615,
        -0.00625044, -0.01684516],
       [-0.02297131,  0.02604213,  0.00098649, ...,  0.00838303,
        -0.00321861, -0.00570687],
       [-0.01075894,  0.00767744, -0.01424407, ..., -0.02184941,
         0.02614397, -0.01134232]]), array([[ 0.00791158, -0.00538086, -0.02676104, ..., -0.01897389,
        -0.01306979, -0.00084801],
       [ 0.01682901, -0.00649696, -0.01921631, ..., -0.01401017,
        -0.0039668 , -0.02202195],
       [ 0.02197852, -0.01403735, -0.05225722, ...,  0.02019661,
         0.00528841,  0.0033033 ],
       ...,
       [ 0.01603197,  0.00716993, -0.01245602, ..., -0.01399604,
        -0.00058955, -0.0256807 ],
       [ 0.01039577,  0.02045547, -0.02146293, ...,  0.01017929,
         0.02390171,  0.00134994],
       [ 0.00462414,  0.0041195 , -0.0135733 , ..., -0.01101827,
         0.00813001,  0.0203817 ]]), array([[ 0.00087804,  0.00658507, -0.02514569, ..., -0.04238372,
         0.00850771, -0.02565438],
       [-0.0006986 ,  0.01542003, -0.03227317, ..., -0.01301633,
         0.01559736, -0.03614859],
       [-0.01135348,  0.00974955, -0.01812623, ..., -0.01920343,
         0.00887381, -0.0152928 ],
       ...,
       [ 0.00701895, -0.01539859, -0.03025482, ..., -0.03644368,
         0.01254067, -0.0236606 ],
       [-0.00414097,  0.00144739, -0.05197839, ...,  0.00216818,
         0.02755725, -0.03143983],
       [ 0.01779867, -0.02493452, -0.0391779 , ..., -0.01159797,
        -0.00619852, -0.02449675]])]
Getting training negative samples for edge types: [7]
nodes.shift keys: [0, 1, 2, 3]
nodes.count keys: [0, 1, 2, 3]
links.meta: {6: (1, 3), 2: (3, 3), 8: (2, 2), 7: (3, 2), 5: (3, 3), 4: (2, 2), 3: (2, 0), 11: (3, 3), 10: (3, 3), 0: (2, 2), 9: (3, 3), 1: (3, 3)}
t_type about to use: 2
h_type: 3
shift dict: {0: 0, 1: 188, 2: 19452, 3: 20010}
count dict: Counter({1: 19264, 3: 940, 2: 558, 0: 188})
Generated 893 negative samples for edge type 7
Epoch 00000, Step00000 | Train_Loss: 0.6932 | Time: 0.7807
Epoch 00000 | Val_Loss 0.6879 | Time(s) 0.0103
Validation loss decreased (inf --> 0.687899).  Saving model ...
Getting training negative samples for edge types: [7]
nodes.shift keys: [0, 1, 2, 3]
nodes.count keys: [0, 1, 2, 3]
links.meta: {6: (1, 3), 2: (3, 3), 8: (2, 2), 7: (3, 2), 5: (3, 3), 4: (2, 2), 3: (2, 0), 11: (3, 3), 10: (3, 3), 0: (2, 2), 9: (3, 3), 1: (3, 3)}
t_type about to use: 2
h_type: 3
shift dict: {0: 0, 1: 188, 2: 19452, 3: 20010}
count dict: Counter({1: 19264, 3: 940, 2: 558, 0: 188})
Generated 893 negative samples for edge type 7
Epoch 00001, Step00000 | Train_Loss: 0.6868 | Time: 0.0303
Epoch 00001 | Val_Loss 0.6732 | Time(s) 0.0295
Validation loss decreased (0.687899 --> 0.673218).  Saving model ...
Getting training negative samples for edge types: [7]
nodes.shift keys: [0, 1, 2, 3]
nodes.count keys: [0, 1, 2, 3]
links.meta: {6: (1, 3), 2: (3, 3), 8: (2, 2), 7: (3, 2), 5: (3, 3), 4: (2, 2), 3: (2, 0), 11: (3, 3), 10: (3, 3), 0: (2, 2), 9: (3, 3), 1: (3, 3)}
t_type about to use: 2
h_type: 3
shift dict: {0: 0, 1: 188, 2: 19452, 3: 20010}
count dict: Counter({1: 19264, 3: 940, 2: 558, 0: 188})
Generated 893 negative samples for edge type 7
Epoch 00002, Step00000 | Train_Loss: 0.6802 | Time: 0.0506
Epoch 00002 | Val_Loss 0.6695 | Time(s) 0.0120
Validation loss decreased (0.673218 --> 0.669548).  Saving model ...
Getting training negative samples for edge types: [7]
nodes.shift keys: [0, 1, 2, 3]
nodes.count keys: [0, 1, 2, 3]
links.meta: {6: (1, 3), 2: (3, 3), 8: (2, 2), 7: (3, 2), 5: (3, 3), 4: (2, 2), 3: (2, 0), 11: (3, 3), 10: (3, 3), 0: (2, 2), 9: (3, 3), 1: (3, 3)}
t_type about to use: 2
h_type: 3
shift dict: {0: 0, 1: 188, 2: 19452, 3: 20010}
count dict: Counter({1: 19264, 3: 940, 2: 558, 0: 188})
Generated 893 negative samples for edge type 7
Epoch 00003, Step00000 | Train_Loss: 0.6727 | Time: 0.0369
Epoch 00003 | Val_Loss 0.6450 | Time(s) 0.0301
Validation loss decreased (0.669548 --> 0.644980).  Saving model ...
Getting training negative samples for edge types: [7]
nodes.shift keys: [0, 1, 2, 3]
nodes.count keys: [0, 1, 2, 3]
links.meta: {6: (1, 3), 2: (3, 3), 8: (2, 2), 7: (3, 2), 5: (3, 3), 4: (2, 2), 3: (2, 0), 11: (3, 3), 10: (3, 3), 0: (2, 2), 9: (3, 3), 1: (3, 3)}
t_type about to use: 2
h_type: 3
shift dict: {0: 0, 1: 188, 2: 19452, 3: 20010}
count dict: Counter({1: 19264, 3: 940, 2: 558, 0: 188})
Generated 893 negative samples for edge type 7
Epoch 00004, Step00000 | Train_Loss: 0.6643 | Time: 0.0525
Epoch 00004 | Val_Loss 0.6369 | Time(s) 0.0144
Validation loss decreased (0.644980 --> 0.636888).  Saving model ...
Getting training negative samples for edge types: [7]
nodes.shift keys: [0, 1, 2, 3]
nodes.count keys: [0, 1, 2, 3]
links.meta: {6: (1, 3), 2: (3, 3), 8: (2, 2), 7: (3, 2), 5: (3, 3), 4: (2, 2), 3: (2, 0), 11: (3, 3), 10: (3, 3), 0: (2, 2), 9: (3, 3), 1: (3, 3)}
t_type about to use: 2
h_type: 3
shift dict: {0: 0, 1: 188, 2: 19452, 3: 20010}
count dict: Counter({1: 19264, 3: 940, 2: 558, 0: 188})
Generated 893 negative samples for edge type 7
Epoch 00005, Step00000 | Train_Loss: 0.6526 | Time: 0.0427
Epoch 00005 | Val_Loss 0.6381 | Time(s) 0.0280
EarlyStopping counter: 1 out of 40
Getting training negative samples for edge types: [7]
nodes.shift keys: [0, 1, 2, 3]
nodes.count keys: [0, 1, 2, 3]
links.meta: {6: (1, 3), 2: (3, 3), 8: (2, 2), 7: (3, 2), 5: (3, 3), 4: (2, 2), 3: (2, 0), 11: (3, 3), 10: (3, 3), 0: (2, 2), 9: (3, 3), 1: (3, 3)}
t_type about to use: 2
h_type: 3
shift dict: {0: 0, 1: 188, 2: 19452, 3: 20010}
count dict: Counter({1: 19264, 3: 940, 2: 558, 0: 188})
Generated 893 negative samples for edge type 7
Epoch 00006, Step00000 | Train_Loss: 0.6406 | Time: 0.0308
Epoch 00006 | Val_Loss 0.6648 | Time(s) 0.0269
EarlyStopping counter: 2 out of 40
Getting training negative samples for edge types: [7]
nodes.shift keys: [0, 1, 2, 3]
nodes.count keys: [0, 1, 2, 3]
links.meta: {6: (1, 3), 2: (3, 3), 8: (2, 2), 7: (3, 2), 5: (3, 3), 4: (2, 2), 3: (2, 0), 11: (3, 3), 10: (3, 3), 0: (2, 2), 9: (3, 3), 1: (3, 3)}
t_type about to use: 2
h_type: 3
shift dict: {0: 0, 1: 188, 2: 19452, 3: 20010}
count dict: Counter({1: 19264, 3: 940, 2: 558, 0: 188})
Generated 893 negative samples for edge type 7
Epoch 00007, Step00000 | Train_Loss: 0.6298 | Time: 0.0277
Epoch 00007 | Val_Loss 0.6255 | Time(s) 0.0156
Validation loss decreased (0.636888 --> 0.625500).  Saving model ...
Getting training negative samples for edge types: [7]
nodes.shift keys: [0, 1, 2, 3]
nodes.count keys: [0, 1, 2, 3]
links.meta: {6: (1, 3), 2: (3, 3), 8: (2, 2), 7: (3, 2), 5: (3, 3), 4: (2, 2), 3: (2, 0), 11: (3, 3), 10: (3, 3), 0: (2, 2), 9: (3, 3), 1: (3, 3)}
t_type about to use: 2
h_type: 3
shift dict: {0: 0, 1: 188, 2: 19452, 3: 20010}
count dict: Counter({1: 19264, 3: 940, 2: 558, 0: 188})
Generated 893 negative samples for edge type 7
Epoch 00008, Step00000 | Train_Loss: 0.6199 | Time: 0.0336
Epoch 00008 | Val_Loss 0.6465 | Time(s) 0.0231
EarlyStopping counter: 1 out of 40
Getting training negative samples for edge types: [7]
nodes.shift keys: [0, 1, 2, 3]
nodes.count keys: [0, 1, 2, 3]
links.meta: {6: (1, 3), 2: (3, 3), 8: (2, 2), 7: (3, 2), 5: (3, 3), 4: (2, 2), 3: (2, 0), 11: (3, 3), 10: (3, 3), 0: (2, 2), 9: (3, 3), 1: (3, 3)}
t_type about to use: 2
h_type: 3
shift dict: {0: 0, 1: 188, 2: 19452, 3: 20010}
count dict: Counter({1: 19264, 3: 940, 2: 558, 0: 188})
Generated 893 negative samples for edge type 7
Epoch 00009, Step00000 | Train_Loss: 0.6100 | Time: 0.0261
Epoch 00009 | Val_Loss 0.6550 | Time(s) 0.0307
EarlyStopping counter: 2 out of 40
Getting training negative samples for edge types: [7]
nodes.shift keys: [0, 1, 2, 3]
nodes.count keys: [0, 1, 2, 3]
links.meta: {6: (1, 3), 2: (3, 3), 8: (2, 2), 7: (3, 2), 5: (3, 3), 4: (2, 2), 3: (2, 0), 11: (3, 3), 10: (3, 3), 0: (2, 2), 9: (3, 3), 1: (3, 3)}
t_type about to use: 2
h_type: 3
shift dict: {0: 0, 1: 188, 2: 19452, 3: 20010}
count dict: Counter({1: 19264, 3: 940, 2: 558, 0: 188})
Generated 893 negative samples for edge type 7
Epoch 00010, Step00000 | Train_Loss: 0.6038 | Time: 0.0258
Epoch 00010 | Val_Loss 0.6951 | Time(s) 0.0152
EarlyStopping counter: 3 out of 40
Getting training negative samples for edge types: [7]
nodes.shift keys: [0, 1, 2, 3]
nodes.count keys: [0, 1, 2, 3]
links.meta: {6: (1, 3), 2: (3, 3), 8: (2, 2), 7: (3, 2), 5: (3, 3), 4: (2, 2), 3: (2, 0), 11: (3, 3), 10: (3, 3), 0: (2, 2), 9: (3, 3), 1: (3, 3)}
t_type about to use: 2
h_type: 3
shift dict: {0: 0, 1: 188, 2: 19452, 3: 20010}
count dict: Counter({1: 19264, 3: 940, 2: 558, 0: 188})
Generated 893 negative samples for edge type 7
Epoch 00011, Step00000 | Train_Loss: 0.5868 | Time: 0.0365
Epoch 00011 | Val_Loss 0.6541 | Time(s) 0.0111
EarlyStopping counter: 4 out of 40
Getting training negative samples for edge types: [7]
nodes.shift keys: [0, 1, 2, 3]
nodes.count keys: [0, 1, 2, 3]
links.meta: {6: (1, 3), 2: (3, 3), 8: (2, 2), 7: (3, 2), 5: (3, 3), 4: (2, 2), 3: (2, 0), 11: (3, 3), 10: (3, 3), 0: (2, 2), 9: (3, 3), 1: (3, 3)}
t_type about to use: 2
h_type: 3
shift dict: {0: 0, 1: 188, 2: 19452, 3: 20010}
count dict: Counter({1: 19264, 3: 940, 2: 558, 0: 188})
Generated 893 negative samples for edge type 7
Epoch 00012, Step00000 | Train_Loss: 0.5839 | Time: 0.0443
Epoch 00012 | Val_Loss 0.6550 | Time(s) 0.0110
EarlyStopping counter: 5 out of 40
Getting training negative samples for edge types: [7]
nodes.shift keys: [0, 1, 2, 3]
nodes.count keys: [0, 1, 2, 3]
links.meta: {6: (1, 3), 2: (3, 3), 8: (2, 2), 7: (3, 2), 5: (3, 3), 4: (2, 2), 3: (2, 0), 11: (3, 3), 10: (3, 3), 0: (2, 2), 9: (3, 3), 1: (3, 3)}
t_type about to use: 2
h_type: 3
shift dict: {0: 0, 1: 188, 2: 19452, 3: 20010}
count dict: Counter({1: 19264, 3: 940, 2: 558, 0: 188})
Generated 893 negative samples for edge type 7
Epoch 00013, Step00000 | Train_Loss: 0.5708 | Time: 0.0489
Epoch 00013 | Val_Loss 0.7251 | Time(s) 0.0115
EarlyStopping counter: 6 out of 40
Getting training negative samples for edge types: [7]
nodes.shift keys: [0, 1, 2, 3]
nodes.count keys: [0, 1, 2, 3]
links.meta: {6: (1, 3), 2: (3, 3), 8: (2, 2), 7: (3, 2), 5: (3, 3), 4: (2, 2), 3: (2, 0), 11: (3, 3), 10: (3, 3), 0: (2, 2), 9: (3, 3), 1: (3, 3)}
t_type about to use: 2
h_type: 3
shift dict: {0: 0, 1: 188, 2: 19452, 3: 20010}
count dict: Counter({1: 19264, 3: 940, 2: 558, 0: 188})
Generated 893 negative samples for edge type 7
Epoch 00014, Step00000 | Train_Loss: 0.5721 | Time: 0.0499
Epoch 00014 | Val_Loss 0.6561 | Time(s) 0.0102
EarlyStopping counter: 7 out of 40
Getting training negative samples for edge types: [7]
nodes.shift keys: [0, 1, 2, 3]
nodes.count keys: [0, 1, 2, 3]
links.meta: {6: (1, 3), 2: (3, 3), 8: (2, 2), 7: (3, 2), 5: (3, 3), 4: (2, 2), 3: (2, 0), 11: (3, 3), 10: (3, 3), 0: (2, 2), 9: (3, 3), 1: (3, 3)}
t_type about to use: 2
h_type: 3
shift dict: {0: 0, 1: 188, 2: 19452, 3: 20010}
count dict: Counter({1: 19264, 3: 940, 2: 558, 0: 188})
Generated 893 negative samples for edge type 7
Epoch 00015, Step00000 | Train_Loss: 0.5578 | Time: 0.0431
Epoch 00015 | Val_Loss 0.8612 | Time(s) 0.0146
EarlyStopping counter: 8 out of 40
Getting training negative samples for edge types: [7]
nodes.shift keys: [0, 1, 2, 3]
nodes.count keys: [0, 1, 2, 3]
links.meta: {6: (1, 3), 2: (3, 3), 8: (2, 2), 7: (3, 2), 5: (3, 3), 4: (2, 2), 3: (2, 0), 11: (3, 3), 10: (3, 3), 0: (2, 2), 9: (3, 3), 1: (3, 3)}
t_type about to use: 2
h_type: 3
shift dict: {0: 0, 1: 188, 2: 19452, 3: 20010}
count dict: Counter({1: 19264, 3: 940, 2: 558, 0: 188})
Generated 893 negative samples for edge type 7
Epoch 00016, Step00000 | Train_Loss: 0.5672 | Time: 0.0349
Epoch 00016 | Val_Loss 0.8221 | Time(s) 0.0268
EarlyStopping counter: 9 out of 40
Getting training negative samples for edge types: [7]
nodes.shift keys: [0, 1, 2, 3]
nodes.count keys: [0, 1, 2, 3]
links.meta: {6: (1, 3), 2: (3, 3), 8: (2, 2), 7: (3, 2), 5: (3, 3), 4: (2, 2), 3: (2, 0), 11: (3, 3), 10: (3, 3), 0: (2, 2), 9: (3, 3), 1: (3, 3)}
t_type about to use: 2
h_type: 3
shift dict: {0: 0, 1: 188, 2: 19452, 3: 20010}
count dict: Counter({1: 19264, 3: 940, 2: 558, 0: 188})
Generated 893 negative samples for edge type 7
Epoch 00017, Step00000 | Train_Loss: 0.5753 | Time: 0.0271
Epoch 00017 | Val_Loss 0.7856 | Time(s) 0.0243
EarlyStopping counter: 10 out of 40
Getting training negative samples for edge types: [7]
nodes.shift keys: [0, 1, 2, 3]
nodes.count keys: [0, 1, 2, 3]
links.meta: {6: (1, 3), 2: (3, 3), 8: (2, 2), 7: (3, 2), 5: (3, 3), 4: (2, 2), 3: (2, 0), 11: (3, 3), 10: (3, 3), 0: (2, 2), 9: (3, 3), 1: (3, 3)}
t_type about to use: 2
h_type: 3
shift dict: {0: 0, 1: 188, 2: 19452, 3: 20010}
count dict: Counter({1: 19264, 3: 940, 2: 558, 0: 188})
Generated 893 negative samples for edge type 7
Epoch 00018, Step00000 | Train_Loss: 0.5512 | Time: 0.0308
Epoch 00018 | Val_Loss 0.8340 | Time(s) 0.0204
EarlyStopping counter: 11 out of 40
Getting training negative samples for edge types: [7]
nodes.shift keys: [0, 1, 2, 3]
nodes.count keys: [0, 1, 2, 3]
links.meta: {6: (1, 3), 2: (3, 3), 8: (2, 2), 7: (3, 2), 5: (3, 3), 4: (2, 2), 3: (2, 0), 11: (3, 3), 10: (3, 3), 0: (2, 2), 9: (3, 3), 1: (3, 3)}
t_type about to use: 2
h_type: 3
shift dict: {0: 0, 1: 188, 2: 19452, 3: 20010}
count dict: Counter({1: 19264, 3: 940, 2: 558, 0: 188})
Generated 893 negative samples for edge type 7
Epoch 00019, Step00000 | Train_Loss: 0.5516 | Time: 0.0345
Epoch 00019 | Val_Loss 0.7545 | Time(s) 0.0179
EarlyStopping counter: 12 out of 40
Getting training negative samples for edge types: [7]
nodes.shift keys: [0, 1, 2, 3]
nodes.count keys: [0, 1, 2, 3]
links.meta: {6: (1, 3), 2: (3, 3), 8: (2, 2), 7: (3, 2), 5: (3, 3), 4: (2, 2), 3: (2, 0), 11: (3, 3), 10: (3, 3), 0: (2, 2), 9: (3, 3), 1: (3, 3)}
t_type about to use: 2
h_type: 3
shift dict: {0: 0, 1: 188, 2: 19452, 3: 20010}
count dict: Counter({1: 19264, 3: 940, 2: 558, 0: 188})
Generated 893 negative samples for edge type 7
Epoch 00020, Step00000 | Train_Loss: 0.5466 | Time: 0.0464
Epoch 00020 | Val_Loss 0.7898 | Time(s) 0.0101
EarlyStopping counter: 13 out of 40
Getting training negative samples for edge types: [7]
nodes.shift keys: [0, 1, 2, 3]
nodes.count keys: [0, 1, 2, 3]
links.meta: {6: (1, 3), 2: (3, 3), 8: (2, 2), 7: (3, 2), 5: (3, 3), 4: (2, 2), 3: (2, 0), 11: (3, 3), 10: (3, 3), 0: (2, 2), 9: (3, 3), 1: (3, 3)}
t_type about to use: 2
h_type: 3
shift dict: {0: 0, 1: 188, 2: 19452, 3: 20010}
count dict: Counter({1: 19264, 3: 940, 2: 558, 0: 188})
Generated 893 negative samples for edge type 7
Epoch 00021, Step00000 | Train_Loss: 0.5552 | Time: 0.0499
Epoch 00021 | Val_Loss 0.7760 | Time(s) 0.0099
EarlyStopping counter: 14 out of 40
Getting training negative samples for edge types: [7]
nodes.shift keys: [0, 1, 2, 3]
nodes.count keys: [0, 1, 2, 3]
links.meta: {6: (1, 3), 2: (3, 3), 8: (2, 2), 7: (3, 2), 5: (3, 3), 4: (2, 2), 3: (2, 0), 11: (3, 3), 10: (3, 3), 0: (2, 2), 9: (3, 3), 1: (3, 3)}
t_type about to use: 2
h_type: 3
shift dict: {0: 0, 1: 188, 2: 19452, 3: 20010}
count dict: Counter({1: 19264, 3: 940, 2: 558, 0: 188})
Generated 893 negative samples for edge type 7
Epoch 00022, Step00000 | Train_Loss: 0.5477 | Time: 0.0520
Epoch 00022 | Val_Loss 0.7920 | Time(s) 0.0137
EarlyStopping counter: 15 out of 40
Getting training negative samples for edge types: [7]
nodes.shift keys: [0, 1, 2, 3]
nodes.count keys: [0, 1, 2, 3]
links.meta: {6: (1, 3), 2: (3, 3), 8: (2, 2), 7: (3, 2), 5: (3, 3), 4: (2, 2), 3: (2, 0), 11: (3, 3), 10: (3, 3), 0: (2, 2), 9: (3, 3), 1: (3, 3)}
t_type about to use: 2
h_type: 3
shift dict: {0: 0, 1: 188, 2: 19452, 3: 20010}
count dict: Counter({1: 19264, 3: 940, 2: 558, 0: 188})
Generated 893 negative samples for edge type 7
Epoch 00023, Step00000 | Train_Loss: 0.5510 | Time: 0.0432
Epoch 00023 | Val_Loss 0.8131 | Time(s) 0.0130
EarlyStopping counter: 16 out of 40
Getting training negative samples for edge types: [7]
nodes.shift keys: [0, 1, 2, 3]
nodes.count keys: [0, 1, 2, 3]
links.meta: {6: (1, 3), 2: (3, 3), 8: (2, 2), 7: (3, 2), 5: (3, 3), 4: (2, 2), 3: (2, 0), 11: (3, 3), 10: (3, 3), 0: (2, 2), 9: (3, 3), 1: (3, 3)}
t_type about to use: 2
h_type: 3
shift dict: {0: 0, 1: 188, 2: 19452, 3: 20010}
count dict: Counter({1: 19264, 3: 940, 2: 558, 0: 188})
Generated 893 negative samples for edge type 7
Epoch 00024, Step00000 | Train_Loss: 0.5487 | Time: 0.0279
Epoch 00024 | Val_Loss 0.8653 | Time(s) 0.0280
EarlyStopping counter: 17 out of 40
Getting training negative samples for edge types: [7]
nodes.shift keys: [0, 1, 2, 3]
nodes.count keys: [0, 1, 2, 3]
links.meta: {6: (1, 3), 2: (3, 3), 8: (2, 2), 7: (3, 2), 5: (3, 3), 4: (2, 2), 3: (2, 0), 11: (3, 3), 10: (3, 3), 0: (2, 2), 9: (3, 3), 1: (3, 3)}
t_type about to use: 2
h_type: 3
shift dict: {0: 0, 1: 188, 2: 19452, 3: 20010}
count dict: Counter({1: 19264, 3: 940, 2: 558, 0: 188})
Generated 893 negative samples for edge type 7
Epoch 00025, Step00000 | Train_Loss: 0.5366 | Time: 0.0323
Epoch 00025 | Val_Loss 0.7452 | Time(s) 0.0290
EarlyStopping counter: 18 out of 40
Getting training negative samples for edge types: [7]
nodes.shift keys: [0, 1, 2, 3]
nodes.count keys: [0, 1, 2, 3]
links.meta: {6: (1, 3), 2: (3, 3), 8: (2, 2), 7: (3, 2), 5: (3, 3), 4: (2, 2), 3: (2, 0), 11: (3, 3), 10: (3, 3), 0: (2, 2), 9: (3, 3), 1: (3, 3)}
t_type about to use: 2
h_type: 3
shift dict: {0: 0, 1: 188, 2: 19452, 3: 20010}
count dict: Counter({1: 19264, 3: 940, 2: 558, 0: 188})
Generated 893 negative samples for edge type 7
Epoch 00026, Step00000 | Train_Loss: 0.5491 | Time: 0.0286
Epoch 00026 | Val_Loss 0.8043 | Time(s) 0.0327
EarlyStopping counter: 19 out of 40
Getting training negative samples for edge types: [7]
nodes.shift keys: [0, 1, 2, 3]
nodes.count keys: [0, 1, 2, 3]
links.meta: {6: (1, 3), 2: (3, 3), 8: (2, 2), 7: (3, 2), 5: (3, 3), 4: (2, 2), 3: (2, 0), 11: (3, 3), 10: (3, 3), 0: (2, 2), 9: (3, 3), 1: (3, 3)}
t_type about to use: 2
h_type: 3
shift dict: {0: 0, 1: 188, 2: 19452, 3: 20010}
count dict: Counter({1: 19264, 3: 940, 2: 558, 0: 188})
Generated 893 negative samples for edge type 7
Epoch 00027, Step00000 | Train_Loss: 0.5420 | Time: 0.0269
Epoch 00027 | Val_Loss 0.8272 | Time(s) 0.0154
EarlyStopping counter: 20 out of 40
Getting training negative samples for edge types: [7]
nodes.shift keys: [0, 1, 2, 3]
nodes.count keys: [0, 1, 2, 3]
links.meta: {6: (1, 3), 2: (3, 3), 8: (2, 2), 7: (3, 2), 5: (3, 3), 4: (2, 2), 3: (2, 0), 11: (3, 3), 10: (3, 3), 0: (2, 2), 9: (3, 3), 1: (3, 3)}
t_type about to use: 2
h_type: 3
shift dict: {0: 0, 1: 188, 2: 19452, 3: 20010}
count dict: Counter({1: 19264, 3: 940, 2: 558, 0: 188})
Generated 893 negative samples for edge type 7
Epoch 00028, Step00000 | Train_Loss: 0.5614 | Time: 0.0371
Epoch 00028 | Val_Loss 0.7637 | Time(s) 0.0106
EarlyStopping counter: 21 out of 40
Getting training negative samples for edge types: [7]
nodes.shift keys: [0, 1, 2, 3]
nodes.count keys: [0, 1, 2, 3]
links.meta: {6: (1, 3), 2: (3, 3), 8: (2, 2), 7: (3, 2), 5: (3, 3), 4: (2, 2), 3: (2, 0), 11: (3, 3), 10: (3, 3), 0: (2, 2), 9: (3, 3), 1: (3, 3)}
t_type about to use: 2
h_type: 3
shift dict: {0: 0, 1: 188, 2: 19452, 3: 20010}
count dict: Counter({1: 19264, 3: 940, 2: 558, 0: 188})
Generated 893 negative samples for edge type 7
Epoch 00029, Step00000 | Train_Loss: 0.5537 | Time: 0.0487
Epoch 00029 | Val_Loss 0.7539 | Time(s) 0.0098
EarlyStopping counter: 22 out of 40
Getting training negative samples for edge types: [7]
nodes.shift keys: [0, 1, 2, 3]
nodes.count keys: [0, 1, 2, 3]
links.meta: {6: (1, 3), 2: (3, 3), 8: (2, 2), 7: (3, 2), 5: (3, 3), 4: (2, 2), 3: (2, 0), 11: (3, 3), 10: (3, 3), 0: (2, 2), 9: (3, 3), 1: (3, 3)}
t_type about to use: 2
h_type: 3
shift dict: {0: 0, 1: 188, 2: 19452, 3: 20010}
count dict: Counter({1: 19264, 3: 940, 2: 558, 0: 188})
Generated 893 negative samples for edge type 7
Epoch 00030, Step00000 | Train_Loss: 0.5467 | Time: 0.0518
Epoch 00030 | Val_Loss 0.8122 | Time(s) 0.0119
EarlyStopping counter: 23 out of 40
Getting training negative samples for edge types: [7]
nodes.shift keys: [0, 1, 2, 3]
nodes.count keys: [0, 1, 2, 3]
links.meta: {6: (1, 3), 2: (3, 3), 8: (2, 2), 7: (3, 2), 5: (3, 3), 4: (2, 2), 3: (2, 0), 11: (3, 3), 10: (3, 3), 0: (2, 2), 9: (3, 3), 1: (3, 3)}
t_type about to use: 2
h_type: 3
shift dict: {0: 0, 1: 188, 2: 19452, 3: 20010}
count dict: Counter({1: 19264, 3: 940, 2: 558, 0: 188})
Generated 893 negative samples for edge type 7
Epoch 00031, Step00000 | Train_Loss: 0.5346 | Time: 0.0320
Epoch 00031 | Val_Loss 0.7507 | Time(s) 0.0266
EarlyStopping counter: 24 out of 40
Getting training negative samples for edge types: [7]
nodes.shift keys: [0, 1, 2, 3]
nodes.count keys: [0, 1, 2, 3]
links.meta: {6: (1, 3), 2: (3, 3), 8: (2, 2), 7: (3, 2), 5: (3, 3), 4: (2, 2), 3: (2, 0), 11: (3, 3), 10: (3, 3), 0: (2, 2), 9: (3, 3), 1: (3, 3)}
t_type about to use: 2
h_type: 3
shift dict: {0: 0, 1: 188, 2: 19452, 3: 20010}
count dict: Counter({1: 19264, 3: 940, 2: 558, 0: 188})
Generated 893 negative samples for edge type 7
Epoch 00032, Step00000 | Train_Loss: 0.5515 | Time: 0.0275
Epoch 00032 | Val_Loss 0.7901 | Time(s) 0.0267
EarlyStopping counter: 25 out of 40
Getting training negative samples for edge types: [7]
nodes.shift keys: [0, 1, 2, 3]
nodes.count keys: [0, 1, 2, 3]
links.meta: {6: (1, 3), 2: (3, 3), 8: (2, 2), 7: (3, 2), 5: (3, 3), 4: (2, 2), 3: (2, 0), 11: (3, 3), 10: (3, 3), 0: (2, 2), 9: (3, 3), 1: (3, 3)}
t_type about to use: 2
h_type: 3
shift dict: {0: 0, 1: 188, 2: 19452, 3: 20010}
count dict: Counter({1: 19264, 3: 940, 2: 558, 0: 188})
Generated 893 negative samples for edge type 7
Epoch 00033, Step00000 | Train_Loss: 0.5442 | Time: 0.0301
Epoch 00033 | Val_Loss 0.8477 | Time(s) 0.0275
EarlyStopping counter: 26 out of 40
Getting training negative samples for edge types: [7]
nodes.shift keys: [0, 1, 2, 3]
nodes.count keys: [0, 1, 2, 3]
links.meta: {6: (1, 3), 2: (3, 3), 8: (2, 2), 7: (3, 2), 5: (3, 3), 4: (2, 2), 3: (2, 0), 11: (3, 3), 10: (3, 3), 0: (2, 2), 9: (3, 3), 1: (3, 3)}
t_type about to use: 2
h_type: 3
shift dict: {0: 0, 1: 188, 2: 19452, 3: 20010}
count dict: Counter({1: 19264, 3: 940, 2: 558, 0: 188})
Generated 893 negative samples for edge type 7
Epoch 00034, Step00000 | Train_Loss: 0.5388 | Time: 0.0276
Epoch 00034 | Val_Loss 0.8650 | Time(s) 0.0153
EarlyStopping counter: 27 out of 40
Getting training negative samples for edge types: [7]
nodes.shift keys: [0, 1, 2, 3]
nodes.count keys: [0, 1, 2, 3]
links.meta: {6: (1, 3), 2: (3, 3), 8: (2, 2), 7: (3, 2), 5: (3, 3), 4: (2, 2), 3: (2, 0), 11: (3, 3), 10: (3, 3), 0: (2, 2), 9: (3, 3), 1: (3, 3)}
t_type about to use: 2
h_type: 3
shift dict: {0: 0, 1: 188, 2: 19452, 3: 20010}
count dict: Counter({1: 19264, 3: 940, 2: 558, 0: 188})
Generated 893 negative samples for edge type 7
Epoch 00035, Step00000 | Train_Loss: 0.5364 | Time: 0.0443
Epoch 00035 | Val_Loss 0.8867 | Time(s) 0.0134
EarlyStopping counter: 28 out of 40
Getting training negative samples for edge types: [7]
nodes.shift keys: [0, 1, 2, 3]
nodes.count keys: [0, 1, 2, 3]
links.meta: {6: (1, 3), 2: (3, 3), 8: (2, 2), 7: (3, 2), 5: (3, 3), 4: (2, 2), 3: (2, 0), 11: (3, 3), 10: (3, 3), 0: (2, 2), 9: (3, 3), 1: (3, 3)}
t_type about to use: 2
h_type: 3
shift dict: {0: 0, 1: 188, 2: 19452, 3: 20010}
count dict: Counter({1: 19264, 3: 940, 2: 558, 0: 188})
Generated 893 negative samples for edge type 7
Epoch 00036, Step00000 | Train_Loss: 0.5368 | Time: 0.0493
Epoch 00036 | Val_Loss 0.9272 | Time(s) 0.0097
EarlyStopping counter: 29 out of 40
Getting training negative samples for edge types: [7]
nodes.shift keys: [0, 1, 2, 3]
nodes.count keys: [0, 1, 2, 3]
links.meta: {6: (1, 3), 2: (3, 3), 8: (2, 2), 7: (3, 2), 5: (3, 3), 4: (2, 2), 3: (2, 0), 11: (3, 3), 10: (3, 3), 0: (2, 2), 9: (3, 3), 1: (3, 3)}
t_type about to use: 2
h_type: 3
shift dict: {0: 0, 1: 188, 2: 19452, 3: 20010}
count dict: Counter({1: 19264, 3: 940, 2: 558, 0: 188})
Generated 893 negative samples for edge type 7
Epoch 00037, Step00000 | Train_Loss: 0.5428 | Time: 0.0496
Epoch 00037 | Val_Loss 0.8420 | Time(s) 0.0096
EarlyStopping counter: 30 out of 40
Getting training negative samples for edge types: [7]
nodes.shift keys: [0, 1, 2, 3]
nodes.count keys: [0, 1, 2, 3]
links.meta: {6: (1, 3), 2: (3, 3), 8: (2, 2), 7: (3, 2), 5: (3, 3), 4: (2, 2), 3: (2, 0), 11: (3, 3), 10: (3, 3), 0: (2, 2), 9: (3, 3), 1: (3, 3)}
t_type about to use: 2
h_type: 3
shift dict: {0: 0, 1: 188, 2: 19452, 3: 20010}
count dict: Counter({1: 19264, 3: 940, 2: 558, 0: 188})
Generated 893 negative samples for edge type 7
Epoch 00038, Step00000 | Train_Loss: 0.5108 | Time: 0.0475
Epoch 00038 | Val_Loss 0.7496 | Time(s) 0.0095
EarlyStopping counter: 31 out of 40
Getting training negative samples for edge types: [7]
nodes.shift keys: [0, 1, 2, 3]
nodes.count keys: [0, 1, 2, 3]
links.meta: {6: (1, 3), 2: (3, 3), 8: (2, 2), 7: (3, 2), 5: (3, 3), 4: (2, 2), 3: (2, 0), 11: (3, 3), 10: (3, 3), 0: (2, 2), 9: (3, 3), 1: (3, 3)}
t_type about to use: 2
h_type: 3
shift dict: {0: 0, 1: 188, 2: 19452, 3: 20010}
count dict: Counter({1: 19264, 3: 940, 2: 558, 0: 188})
Generated 893 negative samples for edge type 7
Epoch 00039, Step00000 | Train_Loss: 0.5347 | Time: 0.0267
Epoch 00039 | Val_Loss 0.7987 | Time(s) 0.0303
EarlyStopping counter: 32 out of 40
Getting training negative samples for edge types: [7]
nodes.shift keys: [0, 1, 2, 3]
nodes.count keys: [0, 1, 2, 3]
links.meta: {6: (1, 3), 2: (3, 3), 8: (2, 2), 7: (3, 2), 5: (3, 3), 4: (2, 2), 3: (2, 0), 11: (3, 3), 10: (3, 3), 0: (2, 2), 9: (3, 3), 1: (3, 3)}
t_type about to use: 2
h_type: 3
shift dict: {0: 0, 1: 188, 2: 19452, 3: 20010}
count dict: Counter({1: 19264, 3: 940, 2: 558, 0: 188})
Generated 893 negative samples for edge type 7
Epoch 00040, Step00000 | Train_Loss: 0.5318 | Time: 0.0305
Epoch 00040 | Val_Loss 0.8635 | Time(s) 0.0205
EarlyStopping counter: 33 out of 40
Getting training negative samples for edge types: [7]
nodes.shift keys: [0, 1, 2, 3]
nodes.count keys: [0, 1, 2, 3]
links.meta: {6: (1, 3), 2: (3, 3), 8: (2, 2), 7: (3, 2), 5: (3, 3), 4: (2, 2), 3: (2, 0), 11: (3, 3), 10: (3, 3), 0: (2, 2), 9: (3, 3), 1: (3, 3)}
t_type about to use: 2
h_type: 3
shift dict: {0: 0, 1: 188, 2: 19452, 3: 20010}
count dict: Counter({1: 19264, 3: 940, 2: 558, 0: 188})
Generated 893 negative samples for edge type 7
Epoch 00041, Step00000 | Train_Loss: 0.5230 | Time: 0.0329
Epoch 00041 | Val_Loss 0.8449 | Time(s) 0.0106
EarlyStopping counter: 34 out of 40
Getting training negative samples for edge types: [7]
nodes.shift keys: [0, 1, 2, 3]
nodes.count keys: [0, 1, 2, 3]
links.meta: {6: (1, 3), 2: (3, 3), 8: (2, 2), 7: (3, 2), 5: (3, 3), 4: (2, 2), 3: (2, 0), 11: (3, 3), 10: (3, 3), 0: (2, 2), 9: (3, 3), 1: (3, 3)}
t_type about to use: 2
h_type: 3
shift dict: {0: 0, 1: 188, 2: 19452, 3: 20010}
count dict: Counter({1: 19264, 3: 940, 2: 558, 0: 188})
Generated 893 negative samples for edge type 7
Epoch 00042, Step00000 | Train_Loss: 0.5239 | Time: 0.0505
Epoch 00042 | Val_Loss 0.8118 | Time(s) 0.0103
EarlyStopping counter: 35 out of 40
Getting training negative samples for edge types: [7]
nodes.shift keys: [0, 1, 2, 3]
nodes.count keys: [0, 1, 2, 3]
links.meta: {6: (1, 3), 2: (3, 3), 8: (2, 2), 7: (3, 2), 5: (3, 3), 4: (2, 2), 3: (2, 0), 11: (3, 3), 10: (3, 3), 0: (2, 2), 9: (3, 3), 1: (3, 3)}
t_type about to use: 2
h_type: 3
shift dict: {0: 0, 1: 188, 2: 19452, 3: 20010}
count dict: Counter({1: 19264, 3: 940, 2: 558, 0: 188})
Generated 893 negative samples for edge type 7
Epoch 00043, Step00000 | Train_Loss: 0.5327 | Time: 0.0392
Epoch 00043 | Val_Loss 0.8420 | Time(s) 0.0165
EarlyStopping counter: 36 out of 40
Getting training negative samples for edge types: [7]
nodes.shift keys: [0, 1, 2, 3]
nodes.count keys: [0, 1, 2, 3]
links.meta: {6: (1, 3), 2: (3, 3), 8: (2, 2), 7: (3, 2), 5: (3, 3), 4: (2, 2), 3: (2, 0), 11: (3, 3), 10: (3, 3), 0: (2, 2), 9: (3, 3), 1: (3, 3)}
t_type about to use: 2
h_type: 3
shift dict: {0: 0, 1: 188, 2: 19452, 3: 20010}
count dict: Counter({1: 19264, 3: 940, 2: 558, 0: 188})
Generated 893 negative samples for edge type 7
Epoch 00044, Step00000 | Train_Loss: 0.5317 | Time: 0.0266
Epoch 00044 | Val_Loss 0.8121 | Time(s) 0.0265
EarlyStopping counter: 37 out of 40
Getting training negative samples for edge types: [7]
nodes.shift keys: [0, 1, 2, 3]
nodes.count keys: [0, 1, 2, 3]
links.meta: {6: (1, 3), 2: (3, 3), 8: (2, 2), 7: (3, 2), 5: (3, 3), 4: (2, 2), 3: (2, 0), 11: (3, 3), 10: (3, 3), 0: (2, 2), 9: (3, 3), 1: (3, 3)}
t_type about to use: 2
h_type: 3
shift dict: {0: 0, 1: 188, 2: 19452, 3: 20010}
count dict: Counter({1: 19264, 3: 940, 2: 558, 0: 188})
Generated 893 negative samples for edge type 7
Epoch 00045, Step00000 | Train_Loss: 0.5326 | Time: 0.0282
Epoch 00045 | Val_Loss 0.8686 | Time(s) 0.0173
EarlyStopping counter: 38 out of 40
Getting training negative samples for edge types: [7]
nodes.shift keys: [0, 1, 2, 3]
nodes.count keys: [0, 1, 2, 3]
links.meta: {6: (1, 3), 2: (3, 3), 8: (2, 2), 7: (3, 2), 5: (3, 3), 4: (2, 2), 3: (2, 0), 11: (3, 3), 10: (3, 3), 0: (2, 2), 9: (3, 3), 1: (3, 3)}
t_type about to use: 2
h_type: 3
shift dict: {0: 0, 1: 188, 2: 19452, 3: 20010}
count dict: Counter({1: 19264, 3: 940, 2: 558, 0: 188})
Generated 893 negative samples for edge type 7
Epoch 00046, Step00000 | Train_Loss: 0.5251 | Time: 0.0412
Epoch 00046 | Val_Loss 0.8517 | Time(s) 0.0140
EarlyStopping counter: 39 out of 40
Getting training negative samples for edge types: [7]
nodes.shift keys: [0, 1, 2, 3]
nodes.count keys: [0, 1, 2, 3]
links.meta: {6: (1, 3), 2: (3, 3), 8: (2, 2), 7: (3, 2), 5: (3, 3), 4: (2, 2), 3: (2, 0), 11: (3, 3), 10: (3, 3), 0: (2, 2), 9: (3, 3), 1: (3, 3)}
t_type about to use: 2
h_type: 3
shift dict: {0: 0, 1: 188, 2: 19452, 3: 20010}
count dict: Counter({1: 19264, 3: 940, 2: 558, 0: 188})
Generated 893 negative samples for edge type 7
Epoch 00047, Step00000 | Train_Loss: 0.5246 | Time: 0.0448
Epoch 00047 | Val_Loss 0.8119 | Time(s) 0.0094
EarlyStopping counter: 40 out of 40
Early stopping!
Early stopping!
Meta keys: dict_keys([7])
Data keys: dict_keys([7])
Edge type: 7, Meta: (3, 2)
{'roc_auc': 0.5291716646674663, 'MRR': 0.7416744475568006}
{'roc_auc': 0.6639318527331615, 'MRR': 0.8270697167755992}
defaultdict(<class 'float'>, {'roc_auc': 0.5291716646674663, 'MRR': 0.7416744475568006})
defaultdict(<class 'float'>, {'roc_auc': 0.6639318527331615, 'MRR': 0.8270697167755992})
Completed: amazon_style_ccct_features_securebert_fold_3

--------------------------------------
Running model: SimpleHGN
Dataset: amazon_style_ccct_features_securebert_fold_4
--------------------------------------
Data path: ../../data/amazon_style_ccct_features_securebert_fold_4
Loading nodes from ../../data/amazon_style_ccct_features_securebert_fold_4/node.dat
edge types: dict_keys([6, 2, 8, 7, 5, 4, 3, 11, 10, 0, 9, 1])
Getting training negative samples for edge types: [7]
nodes.shift keys: [0, 1, 2, 3]
nodes.count keys: [0, 1, 2, 3]
links.meta: {6: (1, 3), 2: (3, 3), 8: (2, 2), 7: (3, 2), 5: (3, 3), 4: (2, 2), 3: (2, 0), 11: (3, 3), 10: (3, 3), 0: (2, 2), 9: (3, 3), 1: (3, 3)}
t_type about to use: 2
h_type: 3
shift dict: {0: 0, 1: 188, 2: 19452, 3: 20010}
count dict: Counter({1: 19264, 3: 940, 2: 558, 0: 188})
Generated 896 negative samples for edge type 7
Features List: [array([[ 0.00445206,  0.01268557,  0.22351578, ..., -0.28678206,
        -0.37460288,  0.18294938],
       [-0.18744846,  0.07075578,  0.0476894 , ..., -0.2232531 ,
        -0.19588573,  0.47988179],
       [-0.17451471, -0.04557271,  0.15712288, ..., -0.05391889,
        -0.20500693,  0.23744845],
       ...,
       [-0.40584856,  0.04715464,  0.24475315, ..., -0.12466257,
        -0.2035536 ,  0.28577447],
       [-0.18835557,  0.03822717,  0.03586731, ..., -0.23435652,
        -0.35453227,  0.38753107],
       [-0.13632202,  0.14362322,  0.08668749, ..., -0.24145249,
        -0.25799868,  0.26464131]]), array([[-0.02302658,  0.0368569 ,  0.00652144, ..., -0.02803515,
        -0.00893309,  0.00342051],
       [-0.01979104,  0.04036582,  0.01475144, ..., -0.00661969,
        -0.01504144,  0.01323287],
       [-0.02346251,  0.03577969,  0.00104941, ..., -0.01948969,
        -0.02273973,  0.01956808],
       ...,
       [ 0.01112562,  0.01252526, -0.00604169, ..., -0.02203615,
        -0.00625044, -0.01684516],
       [-0.02297131,  0.02604213,  0.00098649, ...,  0.00838303,
        -0.00321861, -0.00570687],
       [-0.01075894,  0.00767744, -0.01424407, ..., -0.02184941,
         0.02614397, -0.01134232]]), array([[ 0.00791158, -0.00538086, -0.02676104, ..., -0.01897389,
        -0.01306979, -0.00084801],
       [ 0.01682901, -0.00649696, -0.01921631, ..., -0.01401017,
        -0.0039668 , -0.02202195],
       [ 0.02197852, -0.01403735, -0.05225722, ...,  0.02019661,
         0.00528841,  0.0033033 ],
       ...,
       [ 0.01603197,  0.00716993, -0.01245602, ..., -0.01399604,
        -0.00058955, -0.0256807 ],
       [ 0.01039577,  0.02045547, -0.02146293, ...,  0.01017929,
         0.02390171,  0.00134994],
       [ 0.00462414,  0.0041195 , -0.0135733 , ..., -0.01101827,
         0.00813001,  0.0203817 ]]), array([[ 0.00087804,  0.00658507, -0.02514569, ..., -0.04238372,
         0.00850771, -0.02565438],
       [-0.0006986 ,  0.01542003, -0.03227317, ..., -0.01301633,
         0.01559736, -0.03614859],
       [-0.01135348,  0.00974955, -0.01812623, ..., -0.01920343,
         0.00887381, -0.0152928 ],
       ...,
       [ 0.00701895, -0.01539859, -0.03025482, ..., -0.03644368,
         0.01254067, -0.0236606 ],
       [-0.00414097,  0.00144739, -0.05197839, ...,  0.00216818,
         0.02755725, -0.03143983],
       [ 0.01779867, -0.02493452, -0.0391779 , ..., -0.01159797,
        -0.00619852, -0.02449675]])]
Getting training negative samples for edge types: [7]
nodes.shift keys: [0, 1, 2, 3]
nodes.count keys: [0, 1, 2, 3]
links.meta: {6: (1, 3), 2: (3, 3), 8: (2, 2), 7: (3, 2), 5: (3, 3), 4: (2, 2), 3: (2, 0), 11: (3, 3), 10: (3, 3), 0: (2, 2), 9: (3, 3), 1: (3, 3)}
t_type about to use: 2
h_type: 3
shift dict: {0: 0, 1: 188, 2: 19452, 3: 20010}
count dict: Counter({1: 19264, 3: 940, 2: 558, 0: 188})
Generated 896 negative samples for edge type 7
Epoch 00000, Step00000 | Train_Loss: 0.6919 | Time: 0.5949
Epoch 00000 | Val_Loss 0.6768 | Time(s) 0.0133
Validation loss decreased (inf --> 0.676777).  Saving model ...
Getting training negative samples for edge types: [7]
nodes.shift keys: [0, 1, 2, 3]
nodes.count keys: [0, 1, 2, 3]
links.meta: {6: (1, 3), 2: (3, 3), 8: (2, 2), 7: (3, 2), 5: (3, 3), 4: (2, 2), 3: (2, 0), 11: (3, 3), 10: (3, 3), 0: (2, 2), 9: (3, 3), 1: (3, 3)}
t_type about to use: 2
h_type: 3
shift dict: {0: 0, 1: 188, 2: 19452, 3: 20010}
count dict: Counter({1: 19264, 3: 940, 2: 558, 0: 188})
Generated 896 negative samples for edge type 7
Epoch 00001, Step00000 | Train_Loss: 0.6844 | Time: 0.0360
Epoch 00001 | Val_Loss 0.6754 | Time(s) 0.0142
Validation loss decreased (0.676777 --> 0.675440).  Saving model ...
Getting training negative samples for edge types: [7]
nodes.shift keys: [0, 1, 2, 3]
nodes.count keys: [0, 1, 2, 3]
links.meta: {6: (1, 3), 2: (3, 3), 8: (2, 2), 7: (3, 2), 5: (3, 3), 4: (2, 2), 3: (2, 0), 11: (3, 3), 10: (3, 3), 0: (2, 2), 9: (3, 3), 1: (3, 3)}
t_type about to use: 2
h_type: 3
shift dict: {0: 0, 1: 188, 2: 19452, 3: 20010}
count dict: Counter({1: 19264, 3: 940, 2: 558, 0: 188})
Generated 896 negative samples for edge type 7
Epoch 00002, Step00000 | Train_Loss: 0.6761 | Time: 0.0358
Epoch 00002 | Val_Loss 0.6667 | Time(s) 0.0147
Validation loss decreased (0.675440 --> 0.666733).  Saving model ...
Getting training negative samples for edge types: [7]
nodes.shift keys: [0, 1, 2, 3]
nodes.count keys: [0, 1, 2, 3]
links.meta: {6: (1, 3), 2: (3, 3), 8: (2, 2), 7: (3, 2), 5: (3, 3), 4: (2, 2), 3: (2, 0), 11: (3, 3), 10: (3, 3), 0: (2, 2), 9: (3, 3), 1: (3, 3)}
t_type about to use: 2
h_type: 3
shift dict: {0: 0, 1: 188, 2: 19452, 3: 20010}
count dict: Counter({1: 19264, 3: 940, 2: 558, 0: 188})
Generated 896 negative samples for edge type 7
Epoch 00003, Step00000 | Train_Loss: 0.6663 | Time: 0.0365
Epoch 00003 | Val_Loss 0.6572 | Time(s) 0.0133
Validation loss decreased (0.666733 --> 0.657177).  Saving model ...
Getting training negative samples for edge types: [7]
nodes.shift keys: [0, 1, 2, 3]
nodes.count keys: [0, 1, 2, 3]
links.meta: {6: (1, 3), 2: (3, 3), 8: (2, 2), 7: (3, 2), 5: (3, 3), 4: (2, 2), 3: (2, 0), 11: (3, 3), 10: (3, 3), 0: (2, 2), 9: (3, 3), 1: (3, 3)}
t_type about to use: 2
h_type: 3
shift dict: {0: 0, 1: 188, 2: 19452, 3: 20010}
count dict: Counter({1: 19264, 3: 940, 2: 558, 0: 188})
Generated 896 negative samples for edge type 7
Epoch 00004, Step00000 | Train_Loss: 0.6577 | Time: 0.0391
Epoch 00004 | Val_Loss 0.6689 | Time(s) 0.0131
EarlyStopping counter: 1 out of 40
Getting training negative samples for edge types: [7]
nodes.shift keys: [0, 1, 2, 3]
nodes.count keys: [0, 1, 2, 3]
links.meta: {6: (1, 3), 2: (3, 3), 8: (2, 2), 7: (3, 2), 5: (3, 3), 4: (2, 2), 3: (2, 0), 11: (3, 3), 10: (3, 3), 0: (2, 2), 9: (3, 3), 1: (3, 3)}
t_type about to use: 2
h_type: 3
shift dict: {0: 0, 1: 188, 2: 19452, 3: 20010}
count dict: Counter({1: 19264, 3: 940, 2: 558, 0: 188})
Generated 896 negative samples for edge type 7
Epoch 00005, Step00000 | Train_Loss: 0.6459 | Time: 0.0335
Epoch 00005 | Val_Loss 0.6840 | Time(s) 0.0133
EarlyStopping counter: 2 out of 40
Getting training negative samples for edge types: [7]
nodes.shift keys: [0, 1, 2, 3]
nodes.count keys: [0, 1, 2, 3]
links.meta: {6: (1, 3), 2: (3, 3), 8: (2, 2), 7: (3, 2), 5: (3, 3), 4: (2, 2), 3: (2, 0), 11: (3, 3), 10: (3, 3), 0: (2, 2), 9: (3, 3), 1: (3, 3)}
t_type about to use: 2
h_type: 3
shift dict: {0: 0, 1: 188, 2: 19452, 3: 20010}
count dict: Counter({1: 19264, 3: 940, 2: 558, 0: 188})
Generated 896 negative samples for edge type 7
Epoch 00006, Step00000 | Train_Loss: 0.6357 | Time: 0.0342
Epoch 00006 | Val_Loss 0.6449 | Time(s) 0.0138
Validation loss decreased (0.657177 --> 0.644949).  Saving model ...
Getting training negative samples for edge types: [7]
nodes.shift keys: [0, 1, 2, 3]
nodes.count keys: [0, 1, 2, 3]
links.meta: {6: (1, 3), 2: (3, 3), 8: (2, 2), 7: (3, 2), 5: (3, 3), 4: (2, 2), 3: (2, 0), 11: (3, 3), 10: (3, 3), 0: (2, 2), 9: (3, 3), 1: (3, 3)}
t_type about to use: 2
h_type: 3
shift dict: {0: 0, 1: 188, 2: 19452, 3: 20010}
count dict: Counter({1: 19264, 3: 940, 2: 558, 0: 188})
Generated 896 negative samples for edge type 7
Epoch 00007, Step00000 | Train_Loss: 0.6188 | Time: 0.0342
Epoch 00007 | Val_Loss 0.6864 | Time(s) 0.0137
EarlyStopping counter: 1 out of 40
Getting training negative samples for edge types: [7]
nodes.shift keys: [0, 1, 2, 3]
nodes.count keys: [0, 1, 2, 3]
links.meta: {6: (1, 3), 2: (3, 3), 8: (2, 2), 7: (3, 2), 5: (3, 3), 4: (2, 2), 3: (2, 0), 11: (3, 3), 10: (3, 3), 0: (2, 2), 9: (3, 3), 1: (3, 3)}
t_type about to use: 2
h_type: 3
shift dict: {0: 0, 1: 188, 2: 19452, 3: 20010}
count dict: Counter({1: 19264, 3: 940, 2: 558, 0: 188})
Generated 896 negative samples for edge type 7
Epoch 00008, Step00000 | Train_Loss: 0.6229 | Time: 0.0336
Epoch 00008 | Val_Loss 0.6826 | Time(s) 0.0133
EarlyStopping counter: 2 out of 40
Getting training negative samples for edge types: [7]
nodes.shift keys: [0, 1, 2, 3]
nodes.count keys: [0, 1, 2, 3]
links.meta: {6: (1, 3), 2: (3, 3), 8: (2, 2), 7: (3, 2), 5: (3, 3), 4: (2, 2), 3: (2, 0), 11: (3, 3), 10: (3, 3), 0: (2, 2), 9: (3, 3), 1: (3, 3)}
t_type about to use: 2
h_type: 3
shift dict: {0: 0, 1: 188, 2: 19452, 3: 20010}
count dict: Counter({1: 19264, 3: 940, 2: 558, 0: 188})
Generated 896 negative samples for edge type 7
Epoch 00009, Step00000 | Train_Loss: 0.6013 | Time: 0.0368
Epoch 00009 | Val_Loss 0.6579 | Time(s) 0.0128
EarlyStopping counter: 3 out of 40
Getting training negative samples for edge types: [7]
nodes.shift keys: [0, 1, 2, 3]
nodes.count keys: [0, 1, 2, 3]
links.meta: {6: (1, 3), 2: (3, 3), 8: (2, 2), 7: (3, 2), 5: (3, 3), 4: (2, 2), 3: (2, 0), 11: (3, 3), 10: (3, 3), 0: (2, 2), 9: (3, 3), 1: (3, 3)}
t_type about to use: 2
h_type: 3
shift dict: {0: 0, 1: 188, 2: 19452, 3: 20010}
count dict: Counter({1: 19264, 3: 940, 2: 558, 0: 188})
Generated 896 negative samples for edge type 7
Epoch 00010, Step00000 | Train_Loss: 0.5906 | Time: 0.0331
Epoch 00010 | Val_Loss 0.7669 | Time(s) 0.0127
EarlyStopping counter: 4 out of 40
Getting training negative samples for edge types: [7]
nodes.shift keys: [0, 1, 2, 3]
nodes.count keys: [0, 1, 2, 3]
links.meta: {6: (1, 3), 2: (3, 3), 8: (2, 2), 7: (3, 2), 5: (3, 3), 4: (2, 2), 3: (2, 0), 11: (3, 3), 10: (3, 3), 0: (2, 2), 9: (3, 3), 1: (3, 3)}
t_type about to use: 2
h_type: 3
shift dict: {0: 0, 1: 188, 2: 19452, 3: 20010}
count dict: Counter({1: 19264, 3: 940, 2: 558, 0: 188})
Generated 896 negative samples for edge type 7
Epoch 00011, Step00000 | Train_Loss: 0.5895 | Time: 0.0364
Epoch 00011 | Val_Loss 0.7012 | Time(s) 0.0124
EarlyStopping counter: 5 out of 40
Getting training negative samples for edge types: [7]
nodes.shift keys: [0, 1, 2, 3]
nodes.count keys: [0, 1, 2, 3]
links.meta: {6: (1, 3), 2: (3, 3), 8: (2, 2), 7: (3, 2), 5: (3, 3), 4: (2, 2), 3: (2, 0), 11: (3, 3), 10: (3, 3), 0: (2, 2), 9: (3, 3), 1: (3, 3)}
t_type about to use: 2
h_type: 3
shift dict: {0: 0, 1: 188, 2: 19452, 3: 20010}
count dict: Counter({1: 19264, 3: 940, 2: 558, 0: 188})
Generated 896 negative samples for edge type 7
Epoch 00012, Step00000 | Train_Loss: 0.5729 | Time: 0.0327
Epoch 00012 | Val_Loss 0.7716 | Time(s) 0.0136
EarlyStopping counter: 6 out of 40
Getting training negative samples for edge types: [7]
nodes.shift keys: [0, 1, 2, 3]
nodes.count keys: [0, 1, 2, 3]
links.meta: {6: (1, 3), 2: (3, 3), 8: (2, 2), 7: (3, 2), 5: (3, 3), 4: (2, 2), 3: (2, 0), 11: (3, 3), 10: (3, 3), 0: (2, 2), 9: (3, 3), 1: (3, 3)}
t_type about to use: 2
h_type: 3
shift dict: {0: 0, 1: 188, 2: 19452, 3: 20010}
count dict: Counter({1: 19264, 3: 940, 2: 558, 0: 188})
Generated 896 negative samples for edge type 7
Epoch 00013, Step00000 | Train_Loss: 0.5865 | Time: 0.0331
Epoch 00013 | Val_Loss 0.8444 | Time(s) 0.0137
EarlyStopping counter: 7 out of 40
Getting training negative samples for edge types: [7]
nodes.shift keys: [0, 1, 2, 3]
nodes.count keys: [0, 1, 2, 3]
links.meta: {6: (1, 3), 2: (3, 3), 8: (2, 2), 7: (3, 2), 5: (3, 3), 4: (2, 2), 3: (2, 0), 11: (3, 3), 10: (3, 3), 0: (2, 2), 9: (3, 3), 1: (3, 3)}
t_type about to use: 2
h_type: 3
shift dict: {0: 0, 1: 188, 2: 19452, 3: 20010}
count dict: Counter({1: 19264, 3: 940, 2: 558, 0: 188})
Generated 896 negative samples for edge type 7
Epoch 00014, Step00000 | Train_Loss: 0.5815 | Time: 0.0330
Epoch 00014 | Val_Loss 0.7070 | Time(s) 0.0126
EarlyStopping counter: 8 out of 40
Getting training negative samples for edge types: [7]
nodes.shift keys: [0, 1, 2, 3]
nodes.count keys: [0, 1, 2, 3]
links.meta: {6: (1, 3), 2: (3, 3), 8: (2, 2), 7: (3, 2), 5: (3, 3), 4: (2, 2), 3: (2, 0), 11: (3, 3), 10: (3, 3), 0: (2, 2), 9: (3, 3), 1: (3, 3)}
t_type about to use: 2
h_type: 3
shift dict: {0: 0, 1: 188, 2: 19452, 3: 20010}
count dict: Counter({1: 19264, 3: 940, 2: 558, 0: 188})
Generated 896 negative samples for edge type 7
Epoch 00015, Step00000 | Train_Loss: 0.5801 | Time: 0.0327
Epoch 00015 | Val_Loss 0.9131 | Time(s) 0.0128
EarlyStopping counter: 9 out of 40
Getting training negative samples for edge types: [7]
nodes.shift keys: [0, 1, 2, 3]
nodes.count keys: [0, 1, 2, 3]
links.meta: {6: (1, 3), 2: (3, 3), 8: (2, 2), 7: (3, 2), 5: (3, 3), 4: (2, 2), 3: (2, 0), 11: (3, 3), 10: (3, 3), 0: (2, 2), 9: (3, 3), 1: (3, 3)}
t_type about to use: 2
h_type: 3
shift dict: {0: 0, 1: 188, 2: 19452, 3: 20010}
count dict: Counter({1: 19264, 3: 940, 2: 558, 0: 188})
Generated 896 negative samples for edge type 7
Epoch 00016, Step00000 | Train_Loss: 0.5746 | Time: 0.0326
Epoch 00016 | Val_Loss 0.7353 | Time(s) 0.0127
EarlyStopping counter: 10 out of 40
Getting training negative samples for edge types: [7]
nodes.shift keys: [0, 1, 2, 3]
nodes.count keys: [0, 1, 2, 3]
links.meta: {6: (1, 3), 2: (3, 3), 8: (2, 2), 7: (3, 2), 5: (3, 3), 4: (2, 2), 3: (2, 0), 11: (3, 3), 10: (3, 3), 0: (2, 2), 9: (3, 3), 1: (3, 3)}
t_type about to use: 2
h_type: 3
shift dict: {0: 0, 1: 188, 2: 19452, 3: 20010}
count dict: Counter({1: 19264, 3: 940, 2: 558, 0: 188})
Generated 896 negative samples for edge type 7
Epoch 00017, Step00000 | Train_Loss: 0.5547 | Time: 0.0316
Epoch 00017 | Val_Loss 0.8111 | Time(s) 0.0127
EarlyStopping counter: 11 out of 40
Getting training negative samples for edge types: [7]
nodes.shift keys: [0, 1, 2, 3]
nodes.count keys: [0, 1, 2, 3]
links.meta: {6: (1, 3), 2: (3, 3), 8: (2, 2), 7: (3, 2), 5: (3, 3), 4: (2, 2), 3: (2, 0), 11: (3, 3), 10: (3, 3), 0: (2, 2), 9: (3, 3), 1: (3, 3)}
t_type about to use: 2
h_type: 3
shift dict: {0: 0, 1: 188, 2: 19452, 3: 20010}
count dict: Counter({1: 19264, 3: 940, 2: 558, 0: 188})
Generated 896 negative samples for edge type 7
Epoch 00018, Step00000 | Train_Loss: 0.5668 | Time: 0.0324
Epoch 00018 | Val_Loss 0.9020 | Time(s) 0.0116
EarlyStopping counter: 12 out of 40
Getting training negative samples for edge types: [7]
nodes.shift keys: [0, 1, 2, 3]
nodes.count keys: [0, 1, 2, 3]
links.meta: {6: (1, 3), 2: (3, 3), 8: (2, 2), 7: (3, 2), 5: (3, 3), 4: (2, 2), 3: (2, 0), 11: (3, 3), 10: (3, 3), 0: (2, 2), 9: (3, 3), 1: (3, 3)}
t_type about to use: 2
h_type: 3
shift dict: {0: 0, 1: 188, 2: 19452, 3: 20010}
count dict: Counter({1: 19264, 3: 940, 2: 558, 0: 188})
Generated 896 negative samples for edge type 7
Epoch 00019, Step00000 | Train_Loss: 0.5649 | Time: 0.0315
Epoch 00019 | Val_Loss 0.8394 | Time(s) 0.0131
EarlyStopping counter: 13 out of 40
Getting training negative samples for edge types: [7]
nodes.shift keys: [0, 1, 2, 3]
nodes.count keys: [0, 1, 2, 3]
links.meta: {6: (1, 3), 2: (3, 3), 8: (2, 2), 7: (3, 2), 5: (3, 3), 4: (2, 2), 3: (2, 0), 11: (3, 3), 10: (3, 3), 0: (2, 2), 9: (3, 3), 1: (3, 3)}
t_type about to use: 2
h_type: 3
shift dict: {0: 0, 1: 188, 2: 19452, 3: 20010}
count dict: Counter({1: 19264, 3: 940, 2: 558, 0: 188})
Generated 896 negative samples for edge type 7
Epoch 00020, Step00000 | Train_Loss: 0.5622 | Time: 0.0316
Epoch 00020 | Val_Loss 0.8814 | Time(s) 0.0135
EarlyStopping counter: 14 out of 40
Getting training negative samples for edge types: [7]
nodes.shift keys: [0, 1, 2, 3]
nodes.count keys: [0, 1, 2, 3]
links.meta: {6: (1, 3), 2: (3, 3), 8: (2, 2), 7: (3, 2), 5: (3, 3), 4: (2, 2), 3: (2, 0), 11: (3, 3), 10: (3, 3), 0: (2, 2), 9: (3, 3), 1: (3, 3)}
t_type about to use: 2
h_type: 3
shift dict: {0: 0, 1: 188, 2: 19452, 3: 20010}
count dict: Counter({1: 19264, 3: 940, 2: 558, 0: 188})
Generated 896 negative samples for edge type 7
Epoch 00021, Step00000 | Train_Loss: 0.5645 | Time: 0.0325
Epoch 00021 | Val_Loss 0.7823 | Time(s) 0.0131
EarlyStopping counter: 15 out of 40
Getting training negative samples for edge types: [7]
nodes.shift keys: [0, 1, 2, 3]
nodes.count keys: [0, 1, 2, 3]
links.meta: {6: (1, 3), 2: (3, 3), 8: (2, 2), 7: (3, 2), 5: (3, 3), 4: (2, 2), 3: (2, 0), 11: (3, 3), 10: (3, 3), 0: (2, 2), 9: (3, 3), 1: (3, 3)}
t_type about to use: 2
h_type: 3
shift dict: {0: 0, 1: 188, 2: 19452, 3: 20010}
count dict: Counter({1: 19264, 3: 940, 2: 558, 0: 188})
Generated 896 negative samples for edge type 7
Epoch 00022, Step00000 | Train_Loss: 0.5588 | Time: 0.0320
Epoch 00022 | Val_Loss 0.8556 | Time(s) 0.0127
EarlyStopping counter: 16 out of 40
Getting training negative samples for edge types: [7]
nodes.shift keys: [0, 1, 2, 3]
nodes.count keys: [0, 1, 2, 3]
links.meta: {6: (1, 3), 2: (3, 3), 8: (2, 2), 7: (3, 2), 5: (3, 3), 4: (2, 2), 3: (2, 0), 11: (3, 3), 10: (3, 3), 0: (2, 2), 9: (3, 3), 1: (3, 3)}
t_type about to use: 2
h_type: 3
shift dict: {0: 0, 1: 188, 2: 19452, 3: 20010}
count dict: Counter({1: 19264, 3: 940, 2: 558, 0: 188})
Generated 896 negative samples for edge type 7
Epoch 00023, Step00000 | Train_Loss: 0.5583 | Time: 0.0327
Epoch 00023 | Val_Loss 0.8567 | Time(s) 0.0133
EarlyStopping counter: 17 out of 40
Getting training negative samples for edge types: [7]
nodes.shift keys: [0, 1, 2, 3]
nodes.count keys: [0, 1, 2, 3]
links.meta: {6: (1, 3), 2: (3, 3), 8: (2, 2), 7: (3, 2), 5: (3, 3), 4: (2, 2), 3: (2, 0), 11: (3, 3), 10: (3, 3), 0: (2, 2), 9: (3, 3), 1: (3, 3)}
t_type about to use: 2
h_type: 3
shift dict: {0: 0, 1: 188, 2: 19452, 3: 20010}
count dict: Counter({1: 19264, 3: 940, 2: 558, 0: 188})
Generated 896 negative samples for edge type 7
Epoch 00024, Step00000 | Train_Loss: 0.5608 | Time: 0.0334
Epoch 00024 | Val_Loss 0.8089 | Time(s) 0.0138
EarlyStopping counter: 18 out of 40
Getting training negative samples for edge types: [7]
nodes.shift keys: [0, 1, 2, 3]
nodes.count keys: [0, 1, 2, 3]
links.meta: {6: (1, 3), 2: (3, 3), 8: (2, 2), 7: (3, 2), 5: (3, 3), 4: (2, 2), 3: (2, 0), 11: (3, 3), 10: (3, 3), 0: (2, 2), 9: (3, 3), 1: (3, 3)}
t_type about to use: 2
h_type: 3
shift dict: {0: 0, 1: 188, 2: 19452, 3: 20010}
count dict: Counter({1: 19264, 3: 940, 2: 558, 0: 188})
Generated 896 negative samples for edge type 7
Epoch 00025, Step00000 | Train_Loss: 0.5722 | Time: 0.0323
Epoch 00025 | Val_Loss 0.8416 | Time(s) 0.0125
EarlyStopping counter: 19 out of 40
Getting training negative samples for edge types: [7]
nodes.shift keys: [0, 1, 2, 3]
nodes.count keys: [0, 1, 2, 3]
links.meta: {6: (1, 3), 2: (3, 3), 8: (2, 2), 7: (3, 2), 5: (3, 3), 4: (2, 2), 3: (2, 0), 11: (3, 3), 10: (3, 3), 0: (2, 2), 9: (3, 3), 1: (3, 3)}
t_type about to use: 2
h_type: 3
shift dict: {0: 0, 1: 188, 2: 19452, 3: 20010}
count dict: Counter({1: 19264, 3: 940, 2: 558, 0: 188})
Generated 896 negative samples for edge type 7
Epoch 00026, Step00000 | Train_Loss: 0.5490 | Time: 0.0324
Epoch 00026 | Val_Loss 0.8824 | Time(s) 0.0127
EarlyStopping counter: 20 out of 40
Getting training negative samples for edge types: [7]
nodes.shift keys: [0, 1, 2, 3]
nodes.count keys: [0, 1, 2, 3]
links.meta: {6: (1, 3), 2: (3, 3), 8: (2, 2), 7: (3, 2), 5: (3, 3), 4: (2, 2), 3: (2, 0), 11: (3, 3), 10: (3, 3), 0: (2, 2), 9: (3, 3), 1: (3, 3)}
t_type about to use: 2
h_type: 3
shift dict: {0: 0, 1: 188, 2: 19452, 3: 20010}
count dict: Counter({1: 19264, 3: 940, 2: 558, 0: 188})
Generated 896 negative samples for edge type 7
Epoch 00027, Step00000 | Train_Loss: 0.5530 | Time: 0.0334
Epoch 00027 | Val_Loss 0.8684 | Time(s) 0.0129
EarlyStopping counter: 21 out of 40
Getting training negative samples for edge types: [7]
nodes.shift keys: [0, 1, 2, 3]
nodes.count keys: [0, 1, 2, 3]
links.meta: {6: (1, 3), 2: (3, 3), 8: (2, 2), 7: (3, 2), 5: (3, 3), 4: (2, 2), 3: (2, 0), 11: (3, 3), 10: (3, 3), 0: (2, 2), 9: (3, 3), 1: (3, 3)}
t_type about to use: 2
h_type: 3
shift dict: {0: 0, 1: 188, 2: 19452, 3: 20010}
count dict: Counter({1: 19264, 3: 940, 2: 558, 0: 188})
Generated 896 negative samples for edge type 7
Epoch 00028, Step00000 | Train_Loss: 0.5607 | Time: 0.0327
Epoch 00028 | Val_Loss 0.8897 | Time(s) 0.0133
EarlyStopping counter: 22 out of 40
Getting training negative samples for edge types: [7]
nodes.shift keys: [0, 1, 2, 3]
nodes.count keys: [0, 1, 2, 3]
links.meta: {6: (1, 3), 2: (3, 3), 8: (2, 2), 7: (3, 2), 5: (3, 3), 4: (2, 2), 3: (2, 0), 11: (3, 3), 10: (3, 3), 0: (2, 2), 9: (3, 3), 1: (3, 3)}
t_type about to use: 2
h_type: 3
shift dict: {0: 0, 1: 188, 2: 19452, 3: 20010}
count dict: Counter({1: 19264, 3: 940, 2: 558, 0: 188})
Generated 896 negative samples for edge type 7
Epoch 00029, Step00000 | Train_Loss: 0.5580 | Time: 0.0335
Epoch 00029 | Val_Loss 0.8019 | Time(s) 0.0132
EarlyStopping counter: 23 out of 40
Getting training negative samples for edge types: [7]
nodes.shift keys: [0, 1, 2, 3]
nodes.count keys: [0, 1, 2, 3]
links.meta: {6: (1, 3), 2: (3, 3), 8: (2, 2), 7: (3, 2), 5: (3, 3), 4: (2, 2), 3: (2, 0), 11: (3, 3), 10: (3, 3), 0: (2, 2), 9: (3, 3), 1: (3, 3)}
t_type about to use: 2
h_type: 3
shift dict: {0: 0, 1: 188, 2: 19452, 3: 20010}
count dict: Counter({1: 19264, 3: 940, 2: 558, 0: 188})
Generated 896 negative samples for edge type 7
Epoch 00030, Step00000 | Train_Loss: 0.5552 | Time: 0.0326
Epoch 00030 | Val_Loss 0.8560 | Time(s) 0.0128
EarlyStopping counter: 24 out of 40
Getting training negative samples for edge types: [7]
nodes.shift keys: [0, 1, 2, 3]
nodes.count keys: [0, 1, 2, 3]
links.meta: {6: (1, 3), 2: (3, 3), 8: (2, 2), 7: (3, 2), 5: (3, 3), 4: (2, 2), 3: (2, 0), 11: (3, 3), 10: (3, 3), 0: (2, 2), 9: (3, 3), 1: (3, 3)}
t_type about to use: 2
h_type: 3
shift dict: {0: 0, 1: 188, 2: 19452, 3: 20010}
count dict: Counter({1: 19264, 3: 940, 2: 558, 0: 188})
Generated 896 negative samples for edge type 7
Epoch 00031, Step00000 | Train_Loss: 0.5606 | Time: 0.0326
Epoch 00031 | Val_Loss 0.8363 | Time(s) 0.0122
EarlyStopping counter: 25 out of 40
Getting training negative samples for edge types: [7]
nodes.shift keys: [0, 1, 2, 3]
nodes.count keys: [0, 1, 2, 3]
links.meta: {6: (1, 3), 2: (3, 3), 8: (2, 2), 7: (3, 2), 5: (3, 3), 4: (2, 2), 3: (2, 0), 11: (3, 3), 10: (3, 3), 0: (2, 2), 9: (3, 3), 1: (3, 3)}
t_type about to use: 2
h_type: 3
shift dict: {0: 0, 1: 188, 2: 19452, 3: 20010}
count dict: Counter({1: 19264, 3: 940, 2: 558, 0: 188})
Generated 896 negative samples for edge type 7
Epoch 00032, Step00000 | Train_Loss: 0.5524 | Time: 0.0324
Epoch 00032 | Val_Loss 0.8664 | Time(s) 0.0127
EarlyStopping counter: 26 out of 40
Getting training negative samples for edge types: [7]
nodes.shift keys: [0, 1, 2, 3]
nodes.count keys: [0, 1, 2, 3]
links.meta: {6: (1, 3), 2: (3, 3), 8: (2, 2), 7: (3, 2), 5: (3, 3), 4: (2, 2), 3: (2, 0), 11: (3, 3), 10: (3, 3), 0: (2, 2), 9: (3, 3), 1: (3, 3)}
t_type about to use: 2
h_type: 3
shift dict: {0: 0, 1: 188, 2: 19452, 3: 20010}
count dict: Counter({1: 19264, 3: 940, 2: 558, 0: 188})
Generated 896 negative samples for edge type 7
Epoch 00033, Step00000 | Train_Loss: 0.5459 | Time: 0.0340
Epoch 00033 | Val_Loss 0.9485 | Time(s) 0.0137
EarlyStopping counter: 27 out of 40
Getting training negative samples for edge types: [7]
nodes.shift keys: [0, 1, 2, 3]
nodes.count keys: [0, 1, 2, 3]
links.meta: {6: (1, 3), 2: (3, 3), 8: (2, 2), 7: (3, 2), 5: (3, 3), 4: (2, 2), 3: (2, 0), 11: (3, 3), 10: (3, 3), 0: (2, 2), 9: (3, 3), 1: (3, 3)}
t_type about to use: 2
h_type: 3
shift dict: {0: 0, 1: 188, 2: 19452, 3: 20010}
count dict: Counter({1: 19264, 3: 940, 2: 558, 0: 188})
Generated 896 negative samples for edge type 7
Epoch 00034, Step00000 | Train_Loss: 0.5408 | Time: 0.0328
Epoch 00034 | Val_Loss 0.9660 | Time(s) 0.0136
EarlyStopping counter: 28 out of 40
Getting training negative samples for edge types: [7]
nodes.shift keys: [0, 1, 2, 3]
nodes.count keys: [0, 1, 2, 3]
links.meta: {6: (1, 3), 2: (3, 3), 8: (2, 2), 7: (3, 2), 5: (3, 3), 4: (2, 2), 3: (2, 0), 11: (3, 3), 10: (3, 3), 0: (2, 2), 9: (3, 3), 1: (3, 3)}
t_type about to use: 2
h_type: 3
shift dict: {0: 0, 1: 188, 2: 19452, 3: 20010}
count dict: Counter({1: 19264, 3: 940, 2: 558, 0: 188})
Generated 896 negative samples for edge type 7
Epoch 00035, Step00000 | Train_Loss: 0.5524 | Time: 0.0339
Epoch 00035 | Val_Loss 0.9481 | Time(s) 0.0135
EarlyStopping counter: 29 out of 40
Getting training negative samples for edge types: [7]
nodes.shift keys: [0, 1, 2, 3]
nodes.count keys: [0, 1, 2, 3]
links.meta: {6: (1, 3), 2: (3, 3), 8: (2, 2), 7: (3, 2), 5: (3, 3), 4: (2, 2), 3: (2, 0), 11: (3, 3), 10: (3, 3), 0: (2, 2), 9: (3, 3), 1: (3, 3)}
t_type about to use: 2
h_type: 3
shift dict: {0: 0, 1: 188, 2: 19452, 3: 20010}
count dict: Counter({1: 19264, 3: 940, 2: 558, 0: 188})
Generated 896 negative samples for edge type 7
Epoch 00036, Step00000 | Train_Loss: 0.5517 | Time: 0.0335
Epoch 00036 | Val_Loss 0.9864 | Time(s) 0.0119
EarlyStopping counter: 30 out of 40
Getting training negative samples for edge types: [7]
nodes.shift keys: [0, 1, 2, 3]
nodes.count keys: [0, 1, 2, 3]
links.meta: {6: (1, 3), 2: (3, 3), 8: (2, 2), 7: (3, 2), 5: (3, 3), 4: (2, 2), 3: (2, 0), 11: (3, 3), 10: (3, 3), 0: (2, 2), 9: (3, 3), 1: (3, 3)}
t_type about to use: 2
h_type: 3
shift dict: {0: 0, 1: 188, 2: 19452, 3: 20010}
count dict: Counter({1: 19264, 3: 940, 2: 558, 0: 188})
Generated 896 negative samples for edge type 7
Epoch 00037, Step00000 | Train_Loss: 0.5475 | Time: 0.0329
Epoch 00037 | Val_Loss 0.8704 | Time(s) 0.0135
EarlyStopping counter: 31 out of 40
Getting training negative samples for edge types: [7]
nodes.shift keys: [0, 1, 2, 3]
nodes.count keys: [0, 1, 2, 3]
links.meta: {6: (1, 3), 2: (3, 3), 8: (2, 2), 7: (3, 2), 5: (3, 3), 4: (2, 2), 3: (2, 0), 11: (3, 3), 10: (3, 3), 0: (2, 2), 9: (3, 3), 1: (3, 3)}
t_type about to use: 2
h_type: 3
shift dict: {0: 0, 1: 188, 2: 19452, 3: 20010}
count dict: Counter({1: 19264, 3: 940, 2: 558, 0: 188})
Generated 896 negative samples for edge type 7
Epoch 00038, Step00000 | Train_Loss: 0.5447 | Time: 0.0336
Epoch 00038 | Val_Loss 0.8677 | Time(s) 0.0122
EarlyStopping counter: 32 out of 40
Getting training negative samples for edge types: [7]
nodes.shift keys: [0, 1, 2, 3]
nodes.count keys: [0, 1, 2, 3]
links.meta: {6: (1, 3), 2: (3, 3), 8: (2, 2), 7: (3, 2), 5: (3, 3), 4: (2, 2), 3: (2, 0), 11: (3, 3), 10: (3, 3), 0: (2, 2), 9: (3, 3), 1: (3, 3)}
t_type about to use: 2
h_type: 3
shift dict: {0: 0, 1: 188, 2: 19452, 3: 20010}
count dict: Counter({1: 19264, 3: 940, 2: 558, 0: 188})
Generated 896 negative samples for edge type 7
Epoch 00039, Step00000 | Train_Loss: 0.5398 | Time: 0.0332
Epoch 00039 | Val_Loss 0.8946 | Time(s) 0.0139
EarlyStopping counter: 33 out of 40
Getting training negative samples for edge types: [7]
nodes.shift keys: [0, 1, 2, 3]
nodes.count keys: [0, 1, 2, 3]
links.meta: {6: (1, 3), 2: (3, 3), 8: (2, 2), 7: (3, 2), 5: (3, 3), 4: (2, 2), 3: (2, 0), 11: (3, 3), 10: (3, 3), 0: (2, 2), 9: (3, 3), 1: (3, 3)}
t_type about to use: 2
h_type: 3
shift dict: {0: 0, 1: 188, 2: 19452, 3: 20010}
count dict: Counter({1: 19264, 3: 940, 2: 558, 0: 188})
Generated 896 negative samples for edge type 7
Epoch 00040, Step00000 | Train_Loss: 0.5258 | Time: 0.0330
Epoch 00040 | Val_Loss 0.8375 | Time(s) 0.0136
EarlyStopping counter: 34 out of 40
Getting training negative samples for edge types: [7]
nodes.shift keys: [0, 1, 2, 3]
nodes.count keys: [0, 1, 2, 3]
links.meta: {6: (1, 3), 2: (3, 3), 8: (2, 2), 7: (3, 2), 5: (3, 3), 4: (2, 2), 3: (2, 0), 11: (3, 3), 10: (3, 3), 0: (2, 2), 9: (3, 3), 1: (3, 3)}
t_type about to use: 2
h_type: 3
shift dict: {0: 0, 1: 188, 2: 19452, 3: 20010}
count dict: Counter({1: 19264, 3: 940, 2: 558, 0: 188})
Generated 896 negative samples for edge type 7
Epoch 00041, Step00000 | Train_Loss: 0.5469 | Time: 0.0317
Epoch 00041 | Val_Loss 0.9528 | Time(s) 0.0123
EarlyStopping counter: 35 out of 40
Getting training negative samples for edge types: [7]
nodes.shift keys: [0, 1, 2, 3]
nodes.count keys: [0, 1, 2, 3]
links.meta: {6: (1, 3), 2: (3, 3), 8: (2, 2), 7: (3, 2), 5: (3, 3), 4: (2, 2), 3: (2, 0), 11: (3, 3), 10: (3, 3), 0: (2, 2), 9: (3, 3), 1: (3, 3)}
t_type about to use: 2
h_type: 3
shift dict: {0: 0, 1: 188, 2: 19452, 3: 20010}
count dict: Counter({1: 19264, 3: 940, 2: 558, 0: 188})
Generated 896 negative samples for edge type 7
Epoch 00042, Step00000 | Train_Loss: 0.5455 | Time: 0.0321
Epoch 00042 | Val_Loss 0.8814 | Time(s) 0.0126
EarlyStopping counter: 36 out of 40
Getting training negative samples for edge types: [7]
nodes.shift keys: [0, 1, 2, 3]
nodes.count keys: [0, 1, 2, 3]
links.meta: {6: (1, 3), 2: (3, 3), 8: (2, 2), 7: (3, 2), 5: (3, 3), 4: (2, 2), 3: (2, 0), 11: (3, 3), 10: (3, 3), 0: (2, 2), 9: (3, 3), 1: (3, 3)}
t_type about to use: 2
h_type: 3
shift dict: {0: 0, 1: 188, 2: 19452, 3: 20010}
count dict: Counter({1: 19264, 3: 940, 2: 558, 0: 188})
Generated 896 negative samples for edge type 7
Epoch 00043, Step00000 | Train_Loss: 0.5453 | Time: 0.0321
Epoch 00043 | Val_Loss 0.8370 | Time(s) 0.0130
EarlyStopping counter: 37 out of 40
Getting training negative samples for edge types: [7]
nodes.shift keys: [0, 1, 2, 3]
nodes.count keys: [0, 1, 2, 3]
links.meta: {6: (1, 3), 2: (3, 3), 8: (2, 2), 7: (3, 2), 5: (3, 3), 4: (2, 2), 3: (2, 0), 11: (3, 3), 10: (3, 3), 0: (2, 2), 9: (3, 3), 1: (3, 3)}
t_type about to use: 2
h_type: 3
shift dict: {0: 0, 1: 188, 2: 19452, 3: 20010}
count dict: Counter({1: 19264, 3: 940, 2: 558, 0: 188})
Generated 896 negative samples for edge type 7
Epoch 00044, Step00000 | Train_Loss: 0.5331 | Time: 0.0324
Epoch 00044 | Val_Loss 0.9194 | Time(s) 0.0126
EarlyStopping counter: 38 out of 40
Getting training negative samples for edge types: [7]
nodes.shift keys: [0, 1, 2, 3]
nodes.count keys: [0, 1, 2, 3]
links.meta: {6: (1, 3), 2: (3, 3), 8: (2, 2), 7: (3, 2), 5: (3, 3), 4: (2, 2), 3: (2, 0), 11: (3, 3), 10: (3, 3), 0: (2, 2), 9: (3, 3), 1: (3, 3)}
t_type about to use: 2
h_type: 3
shift dict: {0: 0, 1: 188, 2: 19452, 3: 20010}
count dict: Counter({1: 19264, 3: 940, 2: 558, 0: 188})
Generated 896 negative samples for edge type 7
Epoch 00045, Step00000 | Train_Loss: 0.5342 | Time: 0.0312
Epoch 00045 | Val_Loss 0.8558 | Time(s) 0.0116
EarlyStopping counter: 39 out of 40
Getting training negative samples for edge types: [7]
nodes.shift keys: [0, 1, 2, 3]
nodes.count keys: [0, 1, 2, 3]
links.meta: {6: (1, 3), 2: (3, 3), 8: (2, 2), 7: (3, 2), 5: (3, 3), 4: (2, 2), 3: (2, 0), 11: (3, 3), 10: (3, 3), 0: (2, 2), 9: (3, 3), 1: (3, 3)}
t_type about to use: 2
h_type: 3
shift dict: {0: 0, 1: 188, 2: 19452, 3: 20010}
count dict: Counter({1: 19264, 3: 940, 2: 558, 0: 188})
Generated 896 negative samples for edge type 7
Epoch 00046, Step00000 | Train_Loss: 0.5174 | Time: 0.0324
Epoch 00046 | Val_Loss 0.8771 | Time(s) 0.0132
EarlyStopping counter: 40 out of 40
Early stopping!
Early stopping!
Meta keys: dict_keys([7])
Data keys: dict_keys([7])
Edge type: 7, Meta: (3, 2)
{'roc_auc': 0.5433266932270916, 'MRR': 0.7605747126436782}
{'roc_auc': 0.6670052856303869, 'MRR': 0.8103448275862069}
defaultdict(<class 'float'>, {'roc_auc': 0.5433266932270916, 'MRR': 0.7605747126436782})
defaultdict(<class 'float'>, {'roc_auc': 0.6670052856303869, 'MRR': 0.8103448275862069})
Completed: amazon_style_ccct_features_securebert_fold_4

--------------------------------------
Running model: SimpleHGN
Dataset: amazon_style_ccct_features_securebert_fold_5
--------------------------------------
Data path: ../../data/amazon_style_ccct_features_securebert_fold_5
Loading nodes from ../../data/amazon_style_ccct_features_securebert_fold_5/node.dat
edge types: dict_keys([6, 2, 8, 7, 5, 4, 3, 11, 10, 0, 9, 1])
Getting training negative samples for edge types: [7]
nodes.shift keys: [0, 1, 2, 3]
nodes.count keys: [0, 1, 2, 3]
links.meta: {6: (1, 3), 2: (3, 3), 8: (2, 2), 7: (3, 2), 5: (3, 3), 4: (2, 2), 3: (2, 0), 11: (3, 3), 10: (3, 3), 0: (2, 2), 9: (3, 3), 1: (3, 3)}
t_type about to use: 2
h_type: 3
shift dict: {0: 0, 1: 188, 2: 19452, 3: 20010}
count dict: Counter({1: 19264, 3: 940, 2: 558, 0: 188})
Generated 905 negative samples for edge type 7
Features List: [array([[ 0.00445206,  0.01268557,  0.22351578, ..., -0.28678206,
        -0.37460288,  0.18294938],
       [-0.18744846,  0.07075578,  0.0476894 , ..., -0.2232531 ,
        -0.19588573,  0.47988179],
       [-0.17451471, -0.04557271,  0.15712288, ..., -0.05391889,
        -0.20500693,  0.23744845],
       ...,
       [-0.40584856,  0.04715464,  0.24475315, ..., -0.12466257,
        -0.2035536 ,  0.28577447],
       [-0.18835557,  0.03822717,  0.03586731, ..., -0.23435652,
        -0.35453227,  0.38753107],
       [-0.13632202,  0.14362322,  0.08668749, ..., -0.24145249,
        -0.25799868,  0.26464131]]), array([[-0.02302658,  0.0368569 ,  0.00652144, ..., -0.02803515,
        -0.00893309,  0.00342051],
       [-0.01979104,  0.04036582,  0.01475144, ..., -0.00661969,
        -0.01504144,  0.01323287],
       [-0.02346251,  0.03577969,  0.00104941, ..., -0.01948969,
        -0.02273973,  0.01956808],
       ...,
       [ 0.01112562,  0.01252526, -0.00604169, ..., -0.02203615,
        -0.00625044, -0.01684516],
       [-0.02297131,  0.02604213,  0.00098649, ...,  0.00838303,
        -0.00321861, -0.00570687],
       [-0.01075894,  0.00767744, -0.01424407, ..., -0.02184941,
         0.02614397, -0.01134232]]), array([[ 0.00791158, -0.00538086, -0.02676104, ..., -0.01897389,
        -0.01306979, -0.00084801],
       [ 0.01682901, -0.00649696, -0.01921631, ..., -0.01401017,
        -0.0039668 , -0.02202195],
       [ 0.02197852, -0.01403735, -0.05225722, ...,  0.02019661,
         0.00528841,  0.0033033 ],
       ...,
       [ 0.01603197,  0.00716993, -0.01245602, ..., -0.01399604,
        -0.00058955, -0.0256807 ],
       [ 0.01039577,  0.02045547, -0.02146293, ...,  0.01017929,
         0.02390171,  0.00134994],
       [ 0.00462414,  0.0041195 , -0.0135733 , ..., -0.01101827,
         0.00813001,  0.0203817 ]]), array([[ 0.00087804,  0.00658507, -0.02514569, ..., -0.04238372,
         0.00850771, -0.02565438],
       [-0.0006986 ,  0.01542003, -0.03227317, ..., -0.01301633,
         0.01559736, -0.03614859],
       [-0.01135348,  0.00974955, -0.01812623, ..., -0.01920343,
         0.00887381, -0.0152928 ],
       ...,
       [ 0.00701895, -0.01539859, -0.03025482, ..., -0.03644368,
         0.01254067, -0.0236606 ],
       [-0.00414097,  0.00144739, -0.05197839, ...,  0.00216818,
         0.02755725, -0.03143983],
       [ 0.01779867, -0.02493452, -0.0391779 , ..., -0.01159797,
        -0.00619852, -0.02449675]])]
Getting training negative samples for edge types: [7]
nodes.shift keys: [0, 1, 2, 3]
nodes.count keys: [0, 1, 2, 3]
links.meta: {6: (1, 3), 2: (3, 3), 8: (2, 2), 7: (3, 2), 5: (3, 3), 4: (2, 2), 3: (2, 0), 11: (3, 3), 10: (3, 3), 0: (2, 2), 9: (3, 3), 1: (3, 3)}
t_type about to use: 2
h_type: 3
shift dict: {0: 0, 1: 188, 2: 19452, 3: 20010}
count dict: Counter({1: 19264, 3: 940, 2: 558, 0: 188})
Generated 905 negative samples for edge type 7
Epoch 00000, Step00000 | Train_Loss: 0.6934 | Time: 0.8058
Epoch 00000 | Val_Loss 0.6913 | Time(s) 0.0135
Validation loss decreased (inf --> 0.691330).  Saving model ...
Getting training negative samples for edge types: [7]
nodes.shift keys: [0, 1, 2, 3]
nodes.count keys: [0, 1, 2, 3]
links.meta: {6: (1, 3), 2: (3, 3), 8: (2, 2), 7: (3, 2), 5: (3, 3), 4: (2, 2), 3: (2, 0), 11: (3, 3), 10: (3, 3), 0: (2, 2), 9: (3, 3), 1: (3, 3)}
t_type about to use: 2
h_type: 3
shift dict: {0: 0, 1: 188, 2: 19452, 3: 20010}
count dict: Counter({1: 19264, 3: 940, 2: 558, 0: 188})
Generated 905 negative samples for edge type 7
Epoch 00001, Step00000 | Train_Loss: 0.6838 | Time: 0.0378
Epoch 00001 | Val_Loss 0.6906 | Time(s) 0.0142
Validation loss decreased (0.691330 --> 0.690639).  Saving model ...
Getting training negative samples for edge types: [7]
nodes.shift keys: [0, 1, 2, 3]
nodes.count keys: [0, 1, 2, 3]
links.meta: {6: (1, 3), 2: (3, 3), 8: (2, 2), 7: (3, 2), 5: (3, 3), 4: (2, 2), 3: (2, 0), 11: (3, 3), 10: (3, 3), 0: (2, 2), 9: (3, 3), 1: (3, 3)}
t_type about to use: 2
h_type: 3
shift dict: {0: 0, 1: 188, 2: 19452, 3: 20010}
count dict: Counter({1: 19264, 3: 940, 2: 558, 0: 188})
Generated 905 negative samples for edge type 7
Epoch 00002, Step00000 | Train_Loss: 0.6752 | Time: 0.0403
Epoch 00002 | Val_Loss 0.6816 | Time(s) 0.0142
Validation loss decreased (0.690639 --> 0.681639).  Saving model ...
Getting training negative samples for edge types: [7]
nodes.shift keys: [0, 1, 2, 3]
nodes.count keys: [0, 1, 2, 3]
links.meta: {6: (1, 3), 2: (3, 3), 8: (2, 2), 7: (3, 2), 5: (3, 3), 4: (2, 2), 3: (2, 0), 11: (3, 3), 10: (3, 3), 0: (2, 2), 9: (3, 3), 1: (3, 3)}
t_type about to use: 2
h_type: 3
shift dict: {0: 0, 1: 188, 2: 19452, 3: 20010}
count dict: Counter({1: 19264, 3: 940, 2: 558, 0: 188})
Generated 905 negative samples for edge type 7
Epoch 00003, Step00000 | Train_Loss: 0.6657 | Time: 0.0401
Epoch 00003 | Val_Loss 0.6744 | Time(s) 0.0161
Validation loss decreased (0.681639 --> 0.674428).  Saving model ...
Getting training negative samples for edge types: [7]
nodes.shift keys: [0, 1, 2, 3]
nodes.count keys: [0, 1, 2, 3]
links.meta: {6: (1, 3), 2: (3, 3), 8: (2, 2), 7: (3, 2), 5: (3, 3), 4: (2, 2), 3: (2, 0), 11: (3, 3), 10: (3, 3), 0: (2, 2), 9: (3, 3), 1: (3, 3)}
t_type about to use: 2
h_type: 3
shift dict: {0: 0, 1: 188, 2: 19452, 3: 20010}
count dict: Counter({1: 19264, 3: 940, 2: 558, 0: 188})
Generated 905 negative samples for edge type 7
Epoch 00004, Step00000 | Train_Loss: 0.6562 | Time: 0.0384
Epoch 00004 | Val_Loss 0.6762 | Time(s) 0.0157
EarlyStopping counter: 1 out of 40
Getting training negative samples for edge types: [7]
nodes.shift keys: [0, 1, 2, 3]
nodes.count keys: [0, 1, 2, 3]
links.meta: {6: (1, 3), 2: (3, 3), 8: (2, 2), 7: (3, 2), 5: (3, 3), 4: (2, 2), 3: (2, 0), 11: (3, 3), 10: (3, 3), 0: (2, 2), 9: (3, 3), 1: (3, 3)}
t_type about to use: 2
h_type: 3
shift dict: {0: 0, 1: 188, 2: 19452, 3: 20010}
count dict: Counter({1: 19264, 3: 940, 2: 558, 0: 188})
Generated 905 negative samples for edge type 7
Epoch 00005, Step00000 | Train_Loss: 0.6392 | Time: 0.0340
Epoch 00005 | Val_Loss 0.6903 | Time(s) 0.0120
EarlyStopping counter: 2 out of 40
Getting training negative samples for edge types: [7]
nodes.shift keys: [0, 1, 2, 3]
nodes.count keys: [0, 1, 2, 3]
links.meta: {6: (1, 3), 2: (3, 3), 8: (2, 2), 7: (3, 2), 5: (3, 3), 4: (2, 2), 3: (2, 0), 11: (3, 3), 10: (3, 3), 0: (2, 2), 9: (3, 3), 1: (3, 3)}
t_type about to use: 2
h_type: 3
shift dict: {0: 0, 1: 188, 2: 19452, 3: 20010}
count dict: Counter({1: 19264, 3: 940, 2: 558, 0: 188})
Generated 905 negative samples for edge type 7
Epoch 00006, Step00000 | Train_Loss: 0.6244 | Time: 0.0332
Epoch 00006 | Val_Loss 0.7091 | Time(s) 0.0134
EarlyStopping counter: 3 out of 40
Getting training negative samples for edge types: [7]
nodes.shift keys: [0, 1, 2, 3]
nodes.count keys: [0, 1, 2, 3]
links.meta: {6: (1, 3), 2: (3, 3), 8: (2, 2), 7: (3, 2), 5: (3, 3), 4: (2, 2), 3: (2, 0), 11: (3, 3), 10: (3, 3), 0: (2, 2), 9: (3, 3), 1: (3, 3)}
t_type about to use: 2
h_type: 3
shift dict: {0: 0, 1: 188, 2: 19452, 3: 20010}
count dict: Counter({1: 19264, 3: 940, 2: 558, 0: 188})
Generated 905 negative samples for edge type 7
Epoch 00007, Step00000 | Train_Loss: 0.6060 | Time: 0.0330
Epoch 00007 | Val_Loss 0.7350 | Time(s) 0.0139
EarlyStopping counter: 4 out of 40
Getting training negative samples for edge types: [7]
nodes.shift keys: [0, 1, 2, 3]
nodes.count keys: [0, 1, 2, 3]
links.meta: {6: (1, 3), 2: (3, 3), 8: (2, 2), 7: (3, 2), 5: (3, 3), 4: (2, 2), 3: (2, 0), 11: (3, 3), 10: (3, 3), 0: (2, 2), 9: (3, 3), 1: (3, 3)}
t_type about to use: 2
h_type: 3
shift dict: {0: 0, 1: 188, 2: 19452, 3: 20010}
count dict: Counter({1: 19264, 3: 940, 2: 558, 0: 188})
Generated 905 negative samples for edge type 7
Epoch 00008, Step00000 | Train_Loss: 0.6069 | Time: 0.0337
Epoch 00008 | Val_Loss 0.7939 | Time(s) 0.0141
EarlyStopping counter: 5 out of 40
Getting training negative samples for edge types: [7]
nodes.shift keys: [0, 1, 2, 3]
nodes.count keys: [0, 1, 2, 3]
links.meta: {6: (1, 3), 2: (3, 3), 8: (2, 2), 7: (3, 2), 5: (3, 3), 4: (2, 2), 3: (2, 0), 11: (3, 3), 10: (3, 3), 0: (2, 2), 9: (3, 3), 1: (3, 3)}
t_type about to use: 2
h_type: 3
shift dict: {0: 0, 1: 188, 2: 19452, 3: 20010}
count dict: Counter({1: 19264, 3: 940, 2: 558, 0: 188})
Generated 905 negative samples for edge type 7
Epoch 00009, Step00000 | Train_Loss: 0.5891 | Time: 0.0334
Epoch 00009 | Val_Loss 0.7369 | Time(s) 0.0145
EarlyStopping counter: 6 out of 40
Getting training negative samples for edge types: [7]
nodes.shift keys: [0, 1, 2, 3]
nodes.count keys: [0, 1, 2, 3]
links.meta: {6: (1, 3), 2: (3, 3), 8: (2, 2), 7: (3, 2), 5: (3, 3), 4: (2, 2), 3: (2, 0), 11: (3, 3), 10: (3, 3), 0: (2, 2), 9: (3, 3), 1: (3, 3)}
t_type about to use: 2
h_type: 3
shift dict: {0: 0, 1: 188, 2: 19452, 3: 20010}
count dict: Counter({1: 19264, 3: 940, 2: 558, 0: 188})
Generated 905 negative samples for edge type 7
Epoch 00010, Step00000 | Train_Loss: 0.5811 | Time: 0.0345
Epoch 00010 | Val_Loss 0.8236 | Time(s) 0.0144
EarlyStopping counter: 7 out of 40
Getting training negative samples for edge types: [7]
nodes.shift keys: [0, 1, 2, 3]
nodes.count keys: [0, 1, 2, 3]
links.meta: {6: (1, 3), 2: (3, 3), 8: (2, 2), 7: (3, 2), 5: (3, 3), 4: (2, 2), 3: (2, 0), 11: (3, 3), 10: (3, 3), 0: (2, 2), 9: (3, 3), 1: (3, 3)}
t_type about to use: 2
h_type: 3
shift dict: {0: 0, 1: 188, 2: 19452, 3: 20010}
count dict: Counter({1: 19264, 3: 940, 2: 558, 0: 188})
Generated 905 negative samples for edge type 7
Epoch 00011, Step00000 | Train_Loss: 0.5741 | Time: 0.0335
Epoch 00011 | Val_Loss 0.8792 | Time(s) 0.0136
EarlyStopping counter: 8 out of 40
Getting training negative samples for edge types: [7]
nodes.shift keys: [0, 1, 2, 3]
nodes.count keys: [0, 1, 2, 3]
links.meta: {6: (1, 3), 2: (3, 3), 8: (2, 2), 7: (3, 2), 5: (3, 3), 4: (2, 2), 3: (2, 0), 11: (3, 3), 10: (3, 3), 0: (2, 2), 9: (3, 3), 1: (3, 3)}
t_type about to use: 2
h_type: 3
shift dict: {0: 0, 1: 188, 2: 19452, 3: 20010}
count dict: Counter({1: 19264, 3: 940, 2: 558, 0: 188})
Generated 905 negative samples for edge type 7
Epoch 00012, Step00000 | Train_Loss: 0.5791 | Time: 0.0340
Epoch 00012 | Val_Loss 0.9017 | Time(s) 0.0132
EarlyStopping counter: 9 out of 40
Getting training negative samples for edge types: [7]
nodes.shift keys: [0, 1, 2, 3]
nodes.count keys: [0, 1, 2, 3]
links.meta: {6: (1, 3), 2: (3, 3), 8: (2, 2), 7: (3, 2), 5: (3, 3), 4: (2, 2), 3: (2, 0), 11: (3, 3), 10: (3, 3), 0: (2, 2), 9: (3, 3), 1: (3, 3)}
t_type about to use: 2
h_type: 3
shift dict: {0: 0, 1: 188, 2: 19452, 3: 20010}
count dict: Counter({1: 19264, 3: 940, 2: 558, 0: 188})
Generated 905 negative samples for edge type 7
Epoch 00013, Step00000 | Train_Loss: 0.5697 | Time: 0.0353
Epoch 00013 | Val_Loss 0.9757 | Time(s) 0.0127
EarlyStopping counter: 10 out of 40
Getting training negative samples for edge types: [7]
nodes.shift keys: [0, 1, 2, 3]
nodes.count keys: [0, 1, 2, 3]
links.meta: {6: (1, 3), 2: (3, 3), 8: (2, 2), 7: (3, 2), 5: (3, 3), 4: (2, 2), 3: (2, 0), 11: (3, 3), 10: (3, 3), 0: (2, 2), 9: (3, 3), 1: (3, 3)}
t_type about to use: 2
h_type: 3
shift dict: {0: 0, 1: 188, 2: 19452, 3: 20010}
count dict: Counter({1: 19264, 3: 940, 2: 558, 0: 188})
Generated 905 negative samples for edge type 7
Epoch 00014, Step00000 | Train_Loss: 0.5756 | Time: 0.0328
Epoch 00014 | Val_Loss 0.9696 | Time(s) 0.0135
EarlyStopping counter: 11 out of 40
Getting training negative samples for edge types: [7]
nodes.shift keys: [0, 1, 2, 3]
nodes.count keys: [0, 1, 2, 3]
links.meta: {6: (1, 3), 2: (3, 3), 8: (2, 2), 7: (3, 2), 5: (3, 3), 4: (2, 2), 3: (2, 0), 11: (3, 3), 10: (3, 3), 0: (2, 2), 9: (3, 3), 1: (3, 3)}
t_type about to use: 2
h_type: 3
shift dict: {0: 0, 1: 188, 2: 19452, 3: 20010}
count dict: Counter({1: 19264, 3: 940, 2: 558, 0: 188})
Generated 905 negative samples for edge type 7
Epoch 00015, Step00000 | Train_Loss: 0.5661 | Time: 0.0347
Epoch 00015 | Val_Loss 0.9751 | Time(s) 0.0167
EarlyStopping counter: 12 out of 40
Getting training negative samples for edge types: [7]
nodes.shift keys: [0, 1, 2, 3]
nodes.count keys: [0, 1, 2, 3]
links.meta: {6: (1, 3), 2: (3, 3), 8: (2, 2), 7: (3, 2), 5: (3, 3), 4: (2, 2), 3: (2, 0), 11: (3, 3), 10: (3, 3), 0: (2, 2), 9: (3, 3), 1: (3, 3)}
t_type about to use: 2
h_type: 3
shift dict: {0: 0, 1: 188, 2: 19452, 3: 20010}
count dict: Counter({1: 19264, 3: 940, 2: 558, 0: 188})
Generated 905 negative samples for edge type 7
Epoch 00016, Step00000 | Train_Loss: 0.5532 | Time: 0.0330
Epoch 00016 | Val_Loss 1.0082 | Time(s) 0.0135
EarlyStopping counter: 13 out of 40
Getting training negative samples for edge types: [7]
nodes.shift keys: [0, 1, 2, 3]
nodes.count keys: [0, 1, 2, 3]
links.meta: {6: (1, 3), 2: (3, 3), 8: (2, 2), 7: (3, 2), 5: (3, 3), 4: (2, 2), 3: (2, 0), 11: (3, 3), 10: (3, 3), 0: (2, 2), 9: (3, 3), 1: (3, 3)}
t_type about to use: 2
h_type: 3
shift dict: {0: 0, 1: 188, 2: 19452, 3: 20010}
count dict: Counter({1: 19264, 3: 940, 2: 558, 0: 188})
Generated 905 negative samples for edge type 7
Epoch 00017, Step00000 | Train_Loss: 0.5557 | Time: 0.0332
Epoch 00017 | Val_Loss 0.9926 | Time(s) 0.0134
EarlyStopping counter: 14 out of 40
Getting training negative samples for edge types: [7]
nodes.shift keys: [0, 1, 2, 3]
nodes.count keys: [0, 1, 2, 3]
links.meta: {6: (1, 3), 2: (3, 3), 8: (2, 2), 7: (3, 2), 5: (3, 3), 4: (2, 2), 3: (2, 0), 11: (3, 3), 10: (3, 3), 0: (2, 2), 9: (3, 3), 1: (3, 3)}
t_type about to use: 2
h_type: 3
shift dict: {0: 0, 1: 188, 2: 19452, 3: 20010}
count dict: Counter({1: 19264, 3: 940, 2: 558, 0: 188})
Generated 905 negative samples for edge type 7
Epoch 00018, Step00000 | Train_Loss: 0.5658 | Time: 0.0335
Epoch 00018 | Val_Loss 0.9471 | Time(s) 0.0131
EarlyStopping counter: 15 out of 40
Getting training negative samples for edge types: [7]
nodes.shift keys: [0, 1, 2, 3]
nodes.count keys: [0, 1, 2, 3]
links.meta: {6: (1, 3), 2: (3, 3), 8: (2, 2), 7: (3, 2), 5: (3, 3), 4: (2, 2), 3: (2, 0), 11: (3, 3), 10: (3, 3), 0: (2, 2), 9: (3, 3), 1: (3, 3)}
t_type about to use: 2
h_type: 3
shift dict: {0: 0, 1: 188, 2: 19452, 3: 20010}
count dict: Counter({1: 19264, 3: 940, 2: 558, 0: 188})
Generated 905 negative samples for edge type 7
Epoch 00019, Step00000 | Train_Loss: 0.5522 | Time: 0.0335
Epoch 00019 | Val_Loss 0.9305 | Time(s) 0.0126
EarlyStopping counter: 16 out of 40
Getting training negative samples for edge types: [7]
nodes.shift keys: [0, 1, 2, 3]
nodes.count keys: [0, 1, 2, 3]
links.meta: {6: (1, 3), 2: (3, 3), 8: (2, 2), 7: (3, 2), 5: (3, 3), 4: (2, 2), 3: (2, 0), 11: (3, 3), 10: (3, 3), 0: (2, 2), 9: (3, 3), 1: (3, 3)}
t_type about to use: 2
h_type: 3
shift dict: {0: 0, 1: 188, 2: 19452, 3: 20010}
count dict: Counter({1: 19264, 3: 940, 2: 558, 0: 188})
Generated 905 negative samples for edge type 7
Epoch 00020, Step00000 | Train_Loss: 0.5538 | Time: 0.0334
Epoch 00020 | Val_Loss 0.9872 | Time(s) 0.0133
EarlyStopping counter: 17 out of 40
Getting training negative samples for edge types: [7]
nodes.shift keys: [0, 1, 2, 3]
nodes.count keys: [0, 1, 2, 3]
links.meta: {6: (1, 3), 2: (3, 3), 8: (2, 2), 7: (3, 2), 5: (3, 3), 4: (2, 2), 3: (2, 0), 11: (3, 3), 10: (3, 3), 0: (2, 2), 9: (3, 3), 1: (3, 3)}
t_type about to use: 2
h_type: 3
shift dict: {0: 0, 1: 188, 2: 19452, 3: 20010}
count dict: Counter({1: 19264, 3: 940, 2: 558, 0: 188})
Generated 905 negative samples for edge type 7
Epoch 00021, Step00000 | Train_Loss: 0.5424 | Time: 0.0339
Epoch 00021 | Val_Loss 1.0035 | Time(s) 0.0130
EarlyStopping counter: 18 out of 40
Getting training negative samples for edge types: [7]
nodes.shift keys: [0, 1, 2, 3]
nodes.count keys: [0, 1, 2, 3]
links.meta: {6: (1, 3), 2: (3, 3), 8: (2, 2), 7: (3, 2), 5: (3, 3), 4: (2, 2), 3: (2, 0), 11: (3, 3), 10: (3, 3), 0: (2, 2), 9: (3, 3), 1: (3, 3)}
t_type about to use: 2
h_type: 3
shift dict: {0: 0, 1: 188, 2: 19452, 3: 20010}
count dict: Counter({1: 19264, 3: 940, 2: 558, 0: 188})
Generated 905 negative samples for edge type 7
Epoch 00022, Step00000 | Train_Loss: 0.5379 | Time: 0.0325
Epoch 00022 | Val_Loss 0.9895 | Time(s) 0.0139
EarlyStopping counter: 19 out of 40
Getting training negative samples for edge types: [7]
nodes.shift keys: [0, 1, 2, 3]
nodes.count keys: [0, 1, 2, 3]
links.meta: {6: (1, 3), 2: (3, 3), 8: (2, 2), 7: (3, 2), 5: (3, 3), 4: (2, 2), 3: (2, 0), 11: (3, 3), 10: (3, 3), 0: (2, 2), 9: (3, 3), 1: (3, 3)}
t_type about to use: 2
h_type: 3
shift dict: {0: 0, 1: 188, 2: 19452, 3: 20010}
count dict: Counter({1: 19264, 3: 940, 2: 558, 0: 188})
Generated 905 negative samples for edge type 7
Epoch 00023, Step00000 | Train_Loss: 0.5418 | Time: 0.0328
Epoch 00023 | Val_Loss 1.0730 | Time(s) 0.0146
EarlyStopping counter: 20 out of 40
Getting training negative samples for edge types: [7]
nodes.shift keys: [0, 1, 2, 3]
nodes.count keys: [0, 1, 2, 3]
links.meta: {6: (1, 3), 2: (3, 3), 8: (2, 2), 7: (3, 2), 5: (3, 3), 4: (2, 2), 3: (2, 0), 11: (3, 3), 10: (3, 3), 0: (2, 2), 9: (3, 3), 1: (3, 3)}
t_type about to use: 2
h_type: 3
shift dict: {0: 0, 1: 188, 2: 19452, 3: 20010}
count dict: Counter({1: 19264, 3: 940, 2: 558, 0: 188})
Generated 905 negative samples for edge type 7
Epoch 00024, Step00000 | Train_Loss: 0.5411 | Time: 0.0334
Epoch 00024 | Val_Loss 1.0027 | Time(s) 0.0130
EarlyStopping counter: 21 out of 40
Getting training negative samples for edge types: [7]
nodes.shift keys: [0, 1, 2, 3]
nodes.count keys: [0, 1, 2, 3]
links.meta: {6: (1, 3), 2: (3, 3), 8: (2, 2), 7: (3, 2), 5: (3, 3), 4: (2, 2), 3: (2, 0), 11: (3, 3), 10: (3, 3), 0: (2, 2), 9: (3, 3), 1: (3, 3)}
t_type about to use: 2
h_type: 3
shift dict: {0: 0, 1: 188, 2: 19452, 3: 20010}
count dict: Counter({1: 19264, 3: 940, 2: 558, 0: 188})
Generated 905 negative samples for edge type 7
Epoch 00025, Step00000 | Train_Loss: 0.5428 | Time: 0.0325
Epoch 00025 | Val_Loss 1.0647 | Time(s) 0.0142
EarlyStopping counter: 22 out of 40
Getting training negative samples for edge types: [7]
nodes.shift keys: [0, 1, 2, 3]
nodes.count keys: [0, 1, 2, 3]
links.meta: {6: (1, 3), 2: (3, 3), 8: (2, 2), 7: (3, 2), 5: (3, 3), 4: (2, 2), 3: (2, 0), 11: (3, 3), 10: (3, 3), 0: (2, 2), 9: (3, 3), 1: (3, 3)}
t_type about to use: 2
h_type: 3
shift dict: {0: 0, 1: 188, 2: 19452, 3: 20010}
count dict: Counter({1: 19264, 3: 940, 2: 558, 0: 188})
Generated 905 negative samples for edge type 7
Epoch 00026, Step00000 | Train_Loss: 0.5332 | Time: 0.0340
Epoch 00026 | Val_Loss 1.0233 | Time(s) 0.0121
EarlyStopping counter: 23 out of 40
Getting training negative samples for edge types: [7]
nodes.shift keys: [0, 1, 2, 3]
nodes.count keys: [0, 1, 2, 3]
links.meta: {6: (1, 3), 2: (3, 3), 8: (2, 2), 7: (3, 2), 5: (3, 3), 4: (2, 2), 3: (2, 0), 11: (3, 3), 10: (3, 3), 0: (2, 2), 9: (3, 3), 1: (3, 3)}
t_type about to use: 2
h_type: 3
shift dict: {0: 0, 1: 188, 2: 19452, 3: 20010}
count dict: Counter({1: 19264, 3: 940, 2: 558, 0: 188})
Generated 905 negative samples for edge type 7
Epoch 00027, Step00000 | Train_Loss: 0.5313 | Time: 0.0319
Epoch 00027 | Val_Loss 1.0384 | Time(s) 0.0125
EarlyStopping counter: 24 out of 40
Getting training negative samples for edge types: [7]
nodes.shift keys: [0, 1, 2, 3]
nodes.count keys: [0, 1, 2, 3]
links.meta: {6: (1, 3), 2: (3, 3), 8: (2, 2), 7: (3, 2), 5: (3, 3), 4: (2, 2), 3: (2, 0), 11: (3, 3), 10: (3, 3), 0: (2, 2), 9: (3, 3), 1: (3, 3)}
t_type about to use: 2
h_type: 3
shift dict: {0: 0, 1: 188, 2: 19452, 3: 20010}
count dict: Counter({1: 19264, 3: 940, 2: 558, 0: 188})
Generated 905 negative samples for edge type 7
Epoch 00028, Step00000 | Train_Loss: 0.5311 | Time: 0.0328
Epoch 00028 | Val_Loss 1.0503 | Time(s) 0.0128
EarlyStopping counter: 25 out of 40
Getting training negative samples for edge types: [7]
nodes.shift keys: [0, 1, 2, 3]
nodes.count keys: [0, 1, 2, 3]
links.meta: {6: (1, 3), 2: (3, 3), 8: (2, 2), 7: (3, 2), 5: (3, 3), 4: (2, 2), 3: (2, 0), 11: (3, 3), 10: (3, 3), 0: (2, 2), 9: (3, 3), 1: (3, 3)}
t_type about to use: 2
h_type: 3
shift dict: {0: 0, 1: 188, 2: 19452, 3: 20010}
count dict: Counter({1: 19264, 3: 940, 2: 558, 0: 188})
Generated 905 negative samples for edge type 7
Epoch 00029, Step00000 | Train_Loss: 0.5388 | Time: 0.0333
Epoch 00029 | Val_Loss 1.0988 | Time(s) 0.0141
EarlyStopping counter: 26 out of 40
Getting training negative samples for edge types: [7]
nodes.shift keys: [0, 1, 2, 3]
nodes.count keys: [0, 1, 2, 3]
links.meta: {6: (1, 3), 2: (3, 3), 8: (2, 2), 7: (3, 2), 5: (3, 3), 4: (2, 2), 3: (2, 0), 11: (3, 3), 10: (3, 3), 0: (2, 2), 9: (3, 3), 1: (3, 3)}
t_type about to use: 2
h_type: 3
shift dict: {0: 0, 1: 188, 2: 19452, 3: 20010}
count dict: Counter({1: 19264, 3: 940, 2: 558, 0: 188})
Generated 905 negative samples for edge type 7
Epoch 00030, Step00000 | Train_Loss: 0.5226 | Time: 0.0333
Epoch 00030 | Val_Loss 1.0813 | Time(s) 0.0140
EarlyStopping counter: 27 out of 40
Getting training negative samples for edge types: [7]
nodes.shift keys: [0, 1, 2, 3]
nodes.count keys: [0, 1, 2, 3]
links.meta: {6: (1, 3), 2: (3, 3), 8: (2, 2), 7: (3, 2), 5: (3, 3), 4: (2, 2), 3: (2, 0), 11: (3, 3), 10: (3, 3), 0: (2, 2), 9: (3, 3), 1: (3, 3)}
t_type about to use: 2
h_type: 3
shift dict: {0: 0, 1: 188, 2: 19452, 3: 20010}
count dict: Counter({1: 19264, 3: 940, 2: 558, 0: 188})
Generated 905 negative samples for edge type 7
Epoch 00031, Step00000 | Train_Loss: 0.5284 | Time: 0.0332
Epoch 00031 | Val_Loss 1.1116 | Time(s) 0.0129
EarlyStopping counter: 28 out of 40
Getting training negative samples for edge types: [7]
nodes.shift keys: [0, 1, 2, 3]
nodes.count keys: [0, 1, 2, 3]
links.meta: {6: (1, 3), 2: (3, 3), 8: (2, 2), 7: (3, 2), 5: (3, 3), 4: (2, 2), 3: (2, 0), 11: (3, 3), 10: (3, 3), 0: (2, 2), 9: (3, 3), 1: (3, 3)}
t_type about to use: 2
h_type: 3
shift dict: {0: 0, 1: 188, 2: 19452, 3: 20010}
count dict: Counter({1: 19264, 3: 940, 2: 558, 0: 188})
Generated 905 negative samples for edge type 7
Epoch 00032, Step00000 | Train_Loss: 0.5376 | Time: 0.0331
Epoch 00032 | Val_Loss 1.1647 | Time(s) 0.0122
EarlyStopping counter: 29 out of 40
Getting training negative samples for edge types: [7]
nodes.shift keys: [0, 1, 2, 3]
nodes.count keys: [0, 1, 2, 3]
links.meta: {6: (1, 3), 2: (3, 3), 8: (2, 2), 7: (3, 2), 5: (3, 3), 4: (2, 2), 3: (2, 0), 11: (3, 3), 10: (3, 3), 0: (2, 2), 9: (3, 3), 1: (3, 3)}
t_type about to use: 2
h_type: 3
shift dict: {0: 0, 1: 188, 2: 19452, 3: 20010}
count dict: Counter({1: 19264, 3: 940, 2: 558, 0: 188})
Generated 905 negative samples for edge type 7
Epoch 00033, Step00000 | Train_Loss: 0.5310 | Time: 0.0327
Epoch 00033 | Val_Loss 1.1068 | Time(s) 0.0126
EarlyStopping counter: 30 out of 40
Getting training negative samples for edge types: [7]
nodes.shift keys: [0, 1, 2, 3]
nodes.count keys: [0, 1, 2, 3]
links.meta: {6: (1, 3), 2: (3, 3), 8: (2, 2), 7: (3, 2), 5: (3, 3), 4: (2, 2), 3: (2, 0), 11: (3, 3), 10: (3, 3), 0: (2, 2), 9: (3, 3), 1: (3, 3)}
t_type about to use: 2
h_type: 3
shift dict: {0: 0, 1: 188, 2: 19452, 3: 20010}
count dict: Counter({1: 19264, 3: 940, 2: 558, 0: 188})
Generated 905 negative samples for edge type 7
Epoch 00034, Step00000 | Train_Loss: 0.5281 | Time: 0.0325
Epoch 00034 | Val_Loss 1.1351 | Time(s) 0.0137
EarlyStopping counter: 31 out of 40
Getting training negative samples for edge types: [7]
nodes.shift keys: [0, 1, 2, 3]
nodes.count keys: [0, 1, 2, 3]
links.meta: {6: (1, 3), 2: (3, 3), 8: (2, 2), 7: (3, 2), 5: (3, 3), 4: (2, 2), 3: (2, 0), 11: (3, 3), 10: (3, 3), 0: (2, 2), 9: (3, 3), 1: (3, 3)}
t_type about to use: 2
h_type: 3
shift dict: {0: 0, 1: 188, 2: 19452, 3: 20010}
count dict: Counter({1: 19264, 3: 940, 2: 558, 0: 188})
Generated 905 negative samples for edge type 7
Epoch 00035, Step00000 | Train_Loss: 0.5231 | Time: 0.0330
Epoch 00035 | Val_Loss 1.1434 | Time(s) 0.0130
EarlyStopping counter: 32 out of 40
Getting training negative samples for edge types: [7]
nodes.shift keys: [0, 1, 2, 3]
nodes.count keys: [0, 1, 2, 3]
links.meta: {6: (1, 3), 2: (3, 3), 8: (2, 2), 7: (3, 2), 5: (3, 3), 4: (2, 2), 3: (2, 0), 11: (3, 3), 10: (3, 3), 0: (2, 2), 9: (3, 3), 1: (3, 3)}
t_type about to use: 2
h_type: 3
shift dict: {0: 0, 1: 188, 2: 19452, 3: 20010}
count dict: Counter({1: 19264, 3: 940, 2: 558, 0: 188})
Generated 905 negative samples for edge type 7
Epoch 00036, Step00000 | Train_Loss: 0.5240 | Time: 0.0322
Epoch 00036 | Val_Loss 1.0172 | Time(s) 0.0125
EarlyStopping counter: 33 out of 40
Getting training negative samples for edge types: [7]
nodes.shift keys: [0, 1, 2, 3]
nodes.count keys: [0, 1, 2, 3]
links.meta: {6: (1, 3), 2: (3, 3), 8: (2, 2), 7: (3, 2), 5: (3, 3), 4: (2, 2), 3: (2, 0), 11: (3, 3), 10: (3, 3), 0: (2, 2), 9: (3, 3), 1: (3, 3)}
t_type about to use: 2
h_type: 3
shift dict: {0: 0, 1: 188, 2: 19452, 3: 20010}
count dict: Counter({1: 19264, 3: 940, 2: 558, 0: 188})
Generated 905 negative samples for edge type 7
Epoch 00037, Step00000 | Train_Loss: 0.5170 | Time: 0.0325
Epoch 00037 | Val_Loss 1.1379 | Time(s) 0.0124
EarlyStopping counter: 34 out of 40
Getting training negative samples for edge types: [7]
nodes.shift keys: [0, 1, 2, 3]
nodes.count keys: [0, 1, 2, 3]
links.meta: {6: (1, 3), 2: (3, 3), 8: (2, 2), 7: (3, 2), 5: (3, 3), 4: (2, 2), 3: (2, 0), 11: (3, 3), 10: (3, 3), 0: (2, 2), 9: (3, 3), 1: (3, 3)}
t_type about to use: 2
h_type: 3
shift dict: {0: 0, 1: 188, 2: 19452, 3: 20010}
count dict: Counter({1: 19264, 3: 940, 2: 558, 0: 188})
Generated 905 negative samples for edge type 7
Epoch 00038, Step00000 | Train_Loss: 0.5171 | Time: 0.0334
Epoch 00038 | Val_Loss 1.0567 | Time(s) 0.0128
EarlyStopping counter: 35 out of 40
Getting training negative samples for edge types: [7]
nodes.shift keys: [0, 1, 2, 3]
nodes.count keys: [0, 1, 2, 3]
links.meta: {6: (1, 3), 2: (3, 3), 8: (2, 2), 7: (3, 2), 5: (3, 3), 4: (2, 2), 3: (2, 0), 11: (3, 3), 10: (3, 3), 0: (2, 2), 9: (3, 3), 1: (3, 3)}
t_type about to use: 2
h_type: 3
shift dict: {0: 0, 1: 188, 2: 19452, 3: 20010}
count dict: Counter({1: 19264, 3: 940, 2: 558, 0: 188})
Generated 905 negative samples for edge type 7
Epoch 00039, Step00000 | Train_Loss: 0.5174 | Time: 0.0329
Epoch 00039 | Val_Loss 0.9623 | Time(s) 0.0135
EarlyStopping counter: 36 out of 40
Getting training negative samples for edge types: [7]
nodes.shift keys: [0, 1, 2, 3]
nodes.count keys: [0, 1, 2, 3]
links.meta: {6: (1, 3), 2: (3, 3), 8: (2, 2), 7: (3, 2), 5: (3, 3), 4: (2, 2), 3: (2, 0), 11: (3, 3), 10: (3, 3), 0: (2, 2), 9: (3, 3), 1: (3, 3)}
t_type about to use: 2
h_type: 3
shift dict: {0: 0, 1: 188, 2: 19452, 3: 20010}
count dict: Counter({1: 19264, 3: 940, 2: 558, 0: 188})
Generated 905 negative samples for edge type 7
Epoch 00040, Step00000 | Train_Loss: 0.5316 | Time: 0.0323
Epoch 00040 | Val_Loss 1.1250 | Time(s) 0.0125
EarlyStopping counter: 37 out of 40
Getting training negative samples for edge types: [7]
nodes.shift keys: [0, 1, 2, 3]
nodes.count keys: [0, 1, 2, 3]
links.meta: {6: (1, 3), 2: (3, 3), 8: (2, 2), 7: (3, 2), 5: (3, 3), 4: (2, 2), 3: (2, 0), 11: (3, 3), 10: (3, 3), 0: (2, 2), 9: (3, 3), 1: (3, 3)}
t_type about to use: 2
h_type: 3
shift dict: {0: 0, 1: 188, 2: 19452, 3: 20010}
count dict: Counter({1: 19264, 3: 940, 2: 558, 0: 188})
Generated 905 negative samples for edge type 7
Epoch 00041, Step00000 | Train_Loss: 0.5193 | Time: 0.0326
Epoch 00041 | Val_Loss 1.1096 | Time(s) 0.0126
EarlyStopping counter: 38 out of 40
Getting training negative samples for edge types: [7]
nodes.shift keys: [0, 1, 2, 3]
nodes.count keys: [0, 1, 2, 3]
links.meta: {6: (1, 3), 2: (3, 3), 8: (2, 2), 7: (3, 2), 5: (3, 3), 4: (2, 2), 3: (2, 0), 11: (3, 3), 10: (3, 3), 0: (2, 2), 9: (3, 3), 1: (3, 3)}
t_type about to use: 2
h_type: 3
shift dict: {0: 0, 1: 188, 2: 19452, 3: 20010}
count dict: Counter({1: 19264, 3: 940, 2: 558, 0: 188})
Generated 905 negative samples for edge type 7
Epoch 00042, Step00000 | Train_Loss: 0.5185 | Time: 0.0335
Epoch 00042 | Val_Loss 1.0937 | Time(s) 0.0138
EarlyStopping counter: 39 out of 40
Getting training negative samples for edge types: [7]
nodes.shift keys: [0, 1, 2, 3]
nodes.count keys: [0, 1, 2, 3]
links.meta: {6: (1, 3), 2: (3, 3), 8: (2, 2), 7: (3, 2), 5: (3, 3), 4: (2, 2), 3: (2, 0), 11: (3, 3), 10: (3, 3), 0: (2, 2), 9: (3, 3), 1: (3, 3)}
t_type about to use: 2
h_type: 3
shift dict: {0: 0, 1: 188, 2: 19452, 3: 20010}
count dict: Counter({1: 19264, 3: 940, 2: 558, 0: 188})
Generated 905 negative samples for edge type 7
Epoch 00043, Step00000 | Train_Loss: 0.5233 | Time: 0.0359
Epoch 00043 | Val_Loss 1.0352 | Time(s) 0.0132
EarlyStopping counter: 40 out of 40
Early stopping!
Early stopping!
Meta keys: dict_keys([7])
Data keys: dict_keys([7])
Edge type: 7, Meta: (3, 2)
{'roc_auc': 0.543045066127717, 'MRR': 0.7721374045801527}
{'roc_auc': 0.6491949721064896, 'MRR': 0.8066157760814249}
defaultdict(<class 'float'>, {'roc_auc': 0.543045066127717, 'MRR': 0.7721374045801527})
defaultdict(<class 'float'>, {'roc_auc': 0.6491949721064896, 'MRR': 0.8066157760814249})
Completed: amazon_style_ccct_features_securebert_fold_5

=== Repetition 6/6 ===
--------------------------------------
Running model: SimpleHGN
Dataset: amazon_style_ccct_features_securebert_fold_1
--------------------------------------
Data path: ../../data/amazon_style_ccct_features_securebert_fold_1
Loading nodes from ../../data/amazon_style_ccct_features_securebert_fold_1/node.dat
edge types: dict_keys([8, 6, 7, 5, 4, 0, 3, 2, 9, 10, 1, 11])
Getting training negative samples for edge types: [7]
nodes.shift keys: [0, 1, 2, 3]
nodes.count keys: [0, 1, 2, 3]
links.meta: {8: (2, 2), 6: (1, 3), 7: (3, 2), 5: (3, 3), 4: (2, 2), 0: (2, 2), 3: (2, 0), 2: (3, 3), 9: (3, 3), 10: (3, 3), 1: (3, 3), 11: (3, 3)}
t_type about to use: 2
h_type: 3
shift dict: {0: 0, 1: 188, 2: 19452, 3: 20010}
count dict: Counter({1: 19264, 3: 940, 2: 558, 0: 188})
Generated 905 negative samples for edge type 7
Features List: [array([[ 0.00445206,  0.01268557,  0.22351578, ..., -0.28678206,
        -0.37460288,  0.18294938],
       [-0.18744846,  0.07075578,  0.0476894 , ..., -0.2232531 ,
        -0.19588573,  0.47988179],
       [-0.17451471, -0.04557271,  0.15712288, ..., -0.05391889,
        -0.20500693,  0.23744845],
       ...,
       [-0.40584856,  0.04715464,  0.24475315, ..., -0.12466257,
        -0.2035536 ,  0.28577447],
       [-0.18835557,  0.03822717,  0.03586731, ..., -0.23435652,
        -0.35453227,  0.38753107],
       [-0.13632202,  0.14362322,  0.08668749, ..., -0.24145249,
        -0.25799868,  0.26464131]]), array([[-0.02302658,  0.0368569 ,  0.00652144, ..., -0.02803515,
        -0.00893309,  0.00342051],
       [-0.01979104,  0.04036582,  0.01475144, ..., -0.00661969,
        -0.01504144,  0.01323287],
       [-0.02346251,  0.03577969,  0.00104941, ..., -0.01948969,
        -0.02273973,  0.01956808],
       ...,
       [ 0.01112562,  0.01252526, -0.00604169, ..., -0.02203615,
        -0.00625044, -0.01684516],
       [-0.02297131,  0.02604213,  0.00098649, ...,  0.00838303,
        -0.00321861, -0.00570687],
       [-0.01075894,  0.00767744, -0.01424407, ..., -0.02184941,
         0.02614397, -0.01134232]]), array([[ 0.00791158, -0.00538086, -0.02676104, ..., -0.01897389,
        -0.01306979, -0.00084801],
       [ 0.01682901, -0.00649696, -0.01921631, ..., -0.01401017,
        -0.0039668 , -0.02202195],
       [ 0.02197852, -0.01403735, -0.05225722, ...,  0.02019661,
         0.00528841,  0.0033033 ],
       ...,
       [ 0.01603197,  0.00716993, -0.01245602, ..., -0.01399604,
        -0.00058955, -0.0256807 ],
       [ 0.01039577,  0.02045547, -0.02146293, ...,  0.01017929,
         0.02390171,  0.00134994],
       [ 0.00462414,  0.0041195 , -0.0135733 , ..., -0.01101827,
         0.00813001,  0.0203817 ]]), array([[ 0.00087804,  0.00658507, -0.02514569, ..., -0.04238372,
         0.00850771, -0.02565438],
       [-0.0006986 ,  0.01542003, -0.03227317, ..., -0.01301633,
         0.01559736, -0.03614859],
       [-0.01135348,  0.00974955, -0.01812623, ..., -0.01920343,
         0.00887381, -0.0152928 ],
       ...,
       [ 0.00701895, -0.01539859, -0.03025482, ..., -0.03644368,
         0.01254067, -0.0236606 ],
       [-0.00414097,  0.00144739, -0.05197839, ...,  0.00216818,
         0.02755725, -0.03143983],
       [ 0.01779867, -0.02493452, -0.0391779 , ..., -0.01159797,
        -0.00619852, -0.02449675]])]
Getting training negative samples for edge types: [7]
nodes.shift keys: [0, 1, 2, 3]
nodes.count keys: [0, 1, 2, 3]
links.meta: {8: (2, 2), 6: (1, 3), 7: (3, 2), 5: (3, 3), 4: (2, 2), 0: (2, 2), 3: (2, 0), 2: (3, 3), 9: (3, 3), 10: (3, 3), 1: (3, 3), 11: (3, 3)}
t_type about to use: 2
h_type: 3
shift dict: {0: 0, 1: 188, 2: 19452, 3: 20010}
count dict: Counter({1: 19264, 3: 940, 2: 558, 0: 188})
Generated 905 negative samples for edge type 7
Epoch 00000, Step00000 | Train_Loss: 0.6936 | Time: 0.6149
Epoch 00000 | Val_Loss 0.6843 | Time(s) 0.0138
Validation loss decreased (inf --> 0.684321).  Saving model ...
Getting training negative samples for edge types: [7]
nodes.shift keys: [0, 1, 2, 3]
nodes.count keys: [0, 1, 2, 3]
links.meta: {8: (2, 2), 6: (1, 3), 7: (3, 2), 5: (3, 3), 4: (2, 2), 0: (2, 2), 3: (2, 0), 2: (3, 3), 9: (3, 3), 10: (3, 3), 1: (3, 3), 11: (3, 3)}
t_type about to use: 2
h_type: 3
shift dict: {0: 0, 1: 188, 2: 19452, 3: 20010}
count dict: Counter({1: 19264, 3: 940, 2: 558, 0: 188})
Generated 905 negative samples for edge type 7
Epoch 00001, Step00000 | Train_Loss: 0.6846 | Time: 0.0475
Epoch 00001 | Val_Loss 0.6754 | Time(s) 0.0322
Validation loss decreased (0.684321 --> 0.675365).  Saving model ...
Getting training negative samples for edge types: [7]
nodes.shift keys: [0, 1, 2, 3]
nodes.count keys: [0, 1, 2, 3]
links.meta: {8: (2, 2), 6: (1, 3), 7: (3, 2), 5: (3, 3), 4: (2, 2), 0: (2, 2), 3: (2, 0), 2: (3, 3), 9: (3, 3), 10: (3, 3), 1: (3, 3), 11: (3, 3)}
t_type about to use: 2
h_type: 3
shift dict: {0: 0, 1: 188, 2: 19452, 3: 20010}
count dict: Counter({1: 19264, 3: 940, 2: 558, 0: 188})
Generated 905 negative samples for edge type 7
Epoch 00002, Step00000 | Train_Loss: 0.6757 | Time: 0.0537
Epoch 00002 | Val_Loss 0.6724 | Time(s) 0.0118
Validation loss decreased (0.675365 --> 0.672409).  Saving model ...
Getting training negative samples for edge types: [7]
nodes.shift keys: [0, 1, 2, 3]
nodes.count keys: [0, 1, 2, 3]
links.meta: {8: (2, 2), 6: (1, 3), 7: (3, 2), 5: (3, 3), 4: (2, 2), 0: (2, 2), 3: (2, 0), 2: (3, 3), 9: (3, 3), 10: (3, 3), 1: (3, 3), 11: (3, 3)}
t_type about to use: 2
h_type: 3
shift dict: {0: 0, 1: 188, 2: 19452, 3: 20010}
count dict: Counter({1: 19264, 3: 940, 2: 558, 0: 188})
Generated 905 negative samples for edge type 7
Epoch 00003, Step00000 | Train_Loss: 0.6635 | Time: 0.0311
Epoch 00003 | Val_Loss 0.6628 | Time(s) 0.0286
Validation loss decreased (0.672409 --> 0.662830).  Saving model ...
Getting training negative samples for edge types: [7]
nodes.shift keys: [0, 1, 2, 3]
nodes.count keys: [0, 1, 2, 3]
links.meta: {8: (2, 2), 6: (1, 3), 7: (3, 2), 5: (3, 3), 4: (2, 2), 0: (2, 2), 3: (2, 0), 2: (3, 3), 9: (3, 3), 10: (3, 3), 1: (3, 3), 11: (3, 3)}
t_type about to use: 2
h_type: 3
shift dict: {0: 0, 1: 188, 2: 19452, 3: 20010}
count dict: Counter({1: 19264, 3: 940, 2: 558, 0: 188})
Generated 905 negative samples for edge type 7
Epoch 00004, Step00000 | Train_Loss: 0.6533 | Time: 0.0506
Epoch 00004 | Val_Loss 0.6447 | Time(s) 0.0098
Validation loss decreased (0.662830 --> 0.644657).  Saving model ...
Getting training negative samples for edge types: [7]
nodes.shift keys: [0, 1, 2, 3]
nodes.count keys: [0, 1, 2, 3]
links.meta: {8: (2, 2), 6: (1, 3), 7: (3, 2), 5: (3, 3), 4: (2, 2), 0: (2, 2), 3: (2, 0), 2: (3, 3), 9: (3, 3), 10: (3, 3), 1: (3, 3), 11: (3, 3)}
t_type about to use: 2
h_type: 3
shift dict: {0: 0, 1: 188, 2: 19452, 3: 20010}
count dict: Counter({1: 19264, 3: 940, 2: 558, 0: 188})
Generated 905 negative samples for edge type 7
Epoch 00005, Step00000 | Train_Loss: 0.6346 | Time: 0.0366
Epoch 00005 | Val_Loss 0.6473 | Time(s) 0.0277
EarlyStopping counter: 1 out of 40
Getting training negative samples for edge types: [7]
nodes.shift keys: [0, 1, 2, 3]
nodes.count keys: [0, 1, 2, 3]
links.meta: {8: (2, 2), 6: (1, 3), 7: (3, 2), 5: (3, 3), 4: (2, 2), 0: (2, 2), 3: (2, 0), 2: (3, 3), 9: (3, 3), 10: (3, 3), 1: (3, 3), 11: (3, 3)}
t_type about to use: 2
h_type: 3
shift dict: {0: 0, 1: 188, 2: 19452, 3: 20010}
count dict: Counter({1: 19264, 3: 940, 2: 558, 0: 188})
Generated 905 negative samples for edge type 7
Epoch 00006, Step00000 | Train_Loss: 0.6283 | Time: 0.0265
Epoch 00006 | Val_Loss 0.6699 | Time(s) 0.0304
EarlyStopping counter: 2 out of 40
Getting training negative samples for edge types: [7]
nodes.shift keys: [0, 1, 2, 3]
nodes.count keys: [0, 1, 2, 3]
links.meta: {8: (2, 2), 6: (1, 3), 7: (3, 2), 5: (3, 3), 4: (2, 2), 0: (2, 2), 3: (2, 0), 2: (3, 3), 9: (3, 3), 10: (3, 3), 1: (3, 3), 11: (3, 3)}
t_type about to use: 2
h_type: 3
shift dict: {0: 0, 1: 188, 2: 19452, 3: 20010}
count dict: Counter({1: 19264, 3: 940, 2: 558, 0: 188})
Generated 905 negative samples for edge type 7
Epoch 00007, Step00000 | Train_Loss: 0.6034 | Time: 0.0289
Epoch 00007 | Val_Loss 0.6535 | Time(s) 0.0309
EarlyStopping counter: 3 out of 40
Getting training negative samples for edge types: [7]
nodes.shift keys: [0, 1, 2, 3]
nodes.count keys: [0, 1, 2, 3]
links.meta: {8: (2, 2), 6: (1, 3), 7: (3, 2), 5: (3, 3), 4: (2, 2), 0: (2, 2), 3: (2, 0), 2: (3, 3), 9: (3, 3), 10: (3, 3), 1: (3, 3), 11: (3, 3)}
t_type about to use: 2
h_type: 3
shift dict: {0: 0, 1: 188, 2: 19452, 3: 20010}
count dict: Counter({1: 19264, 3: 940, 2: 558, 0: 188})
Generated 905 negative samples for edge type 7
Epoch 00008, Step00000 | Train_Loss: 0.5953 | Time: 0.0275
Epoch 00008 | Val_Loss 0.6610 | Time(s) 0.0306
EarlyStopping counter: 4 out of 40
Getting training negative samples for edge types: [7]
nodes.shift keys: [0, 1, 2, 3]
nodes.count keys: [0, 1, 2, 3]
links.meta: {8: (2, 2), 6: (1, 3), 7: (3, 2), 5: (3, 3), 4: (2, 2), 0: (2, 2), 3: (2, 0), 2: (3, 3), 9: (3, 3), 10: (3, 3), 1: (3, 3), 11: (3, 3)}
t_type about to use: 2
h_type: 3
shift dict: {0: 0, 1: 188, 2: 19452, 3: 20010}
count dict: Counter({1: 19264, 3: 940, 2: 558, 0: 188})
Generated 905 negative samples for edge type 7
Epoch 00009, Step00000 | Train_Loss: 0.6030 | Time: 0.0279
Epoch 00009 | Val_Loss 0.7345 | Time(s) 0.0308
EarlyStopping counter: 5 out of 40
Getting training negative samples for edge types: [7]
nodes.shift keys: [0, 1, 2, 3]
nodes.count keys: [0, 1, 2, 3]
links.meta: {8: (2, 2), 6: (1, 3), 7: (3, 2), 5: (3, 3), 4: (2, 2), 0: (2, 2), 3: (2, 0), 2: (3, 3), 9: (3, 3), 10: (3, 3), 1: (3, 3), 11: (3, 3)}
t_type about to use: 2
h_type: 3
shift dict: {0: 0, 1: 188, 2: 19452, 3: 20010}
count dict: Counter({1: 19264, 3: 940, 2: 558, 0: 188})
Generated 905 negative samples for edge type 7
Epoch 00010, Step00000 | Train_Loss: 0.5755 | Time: 0.0271
Epoch 00010 | Val_Loss 0.7243 | Time(s) 0.0267
EarlyStopping counter: 6 out of 40
Getting training negative samples for edge types: [7]
nodes.shift keys: [0, 1, 2, 3]
nodes.count keys: [0, 1, 2, 3]
links.meta: {8: (2, 2), 6: (1, 3), 7: (3, 2), 5: (3, 3), 4: (2, 2), 0: (2, 2), 3: (2, 0), 2: (3, 3), 9: (3, 3), 10: (3, 3), 1: (3, 3), 11: (3, 3)}
t_type about to use: 2
h_type: 3
shift dict: {0: 0, 1: 188, 2: 19452, 3: 20010}
count dict: Counter({1: 19264, 3: 940, 2: 558, 0: 188})
Generated 905 negative samples for edge type 7
Epoch 00011, Step00000 | Train_Loss: 0.5752 | Time: 0.0264
Epoch 00011 | Val_Loss 0.6768 | Time(s) 0.0272
EarlyStopping counter: 7 out of 40
Getting training negative samples for edge types: [7]
nodes.shift keys: [0, 1, 2, 3]
nodes.count keys: [0, 1, 2, 3]
links.meta: {8: (2, 2), 6: (1, 3), 7: (3, 2), 5: (3, 3), 4: (2, 2), 0: (2, 2), 3: (2, 0), 2: (3, 3), 9: (3, 3), 10: (3, 3), 1: (3, 3), 11: (3, 3)}
t_type about to use: 2
h_type: 3
shift dict: {0: 0, 1: 188, 2: 19452, 3: 20010}
count dict: Counter({1: 19264, 3: 940, 2: 558, 0: 188})
Generated 905 negative samples for edge type 7
Epoch 00012, Step00000 | Train_Loss: 0.5707 | Time: 0.0292
Epoch 00012 | Val_Loss 0.9346 | Time(s) 0.0240
EarlyStopping counter: 8 out of 40
Getting training negative samples for edge types: [7]
nodes.shift keys: [0, 1, 2, 3]
nodes.count keys: [0, 1, 2, 3]
links.meta: {8: (2, 2), 6: (1, 3), 7: (3, 2), 5: (3, 3), 4: (2, 2), 0: (2, 2), 3: (2, 0), 2: (3, 3), 9: (3, 3), 10: (3, 3), 1: (3, 3), 11: (3, 3)}
t_type about to use: 2
h_type: 3
shift dict: {0: 0, 1: 188, 2: 19452, 3: 20010}
count dict: Counter({1: 19264, 3: 940, 2: 558, 0: 188})
Generated 905 negative samples for edge type 7
Epoch 00013, Step00000 | Train_Loss: 0.5762 | Time: 0.0337
Epoch 00013 | Val_Loss 0.9017 | Time(s) 0.0271
EarlyStopping counter: 9 out of 40
Getting training negative samples for edge types: [7]
nodes.shift keys: [0, 1, 2, 3]
nodes.count keys: [0, 1, 2, 3]
links.meta: {8: (2, 2), 6: (1, 3), 7: (3, 2), 5: (3, 3), 4: (2, 2), 0: (2, 2), 3: (2, 0), 2: (3, 3), 9: (3, 3), 10: (3, 3), 1: (3, 3), 11: (3, 3)}
t_type about to use: 2
h_type: 3
shift dict: {0: 0, 1: 188, 2: 19452, 3: 20010}
count dict: Counter({1: 19264, 3: 940, 2: 558, 0: 188})
Generated 905 negative samples for edge type 7
Epoch 00014, Step00000 | Train_Loss: 0.5672 | Time: 0.0272
Epoch 00014 | Val_Loss 0.8914 | Time(s) 0.0202
EarlyStopping counter: 10 out of 40
Getting training negative samples for edge types: [7]
nodes.shift keys: [0, 1, 2, 3]
nodes.count keys: [0, 1, 2, 3]
links.meta: {8: (2, 2), 6: (1, 3), 7: (3, 2), 5: (3, 3), 4: (2, 2), 0: (2, 2), 3: (2, 0), 2: (3, 3), 9: (3, 3), 10: (3, 3), 1: (3, 3), 11: (3, 3)}
t_type about to use: 2
h_type: 3
shift dict: {0: 0, 1: 188, 2: 19452, 3: 20010}
count dict: Counter({1: 19264, 3: 940, 2: 558, 0: 188})
Generated 905 negative samples for edge type 7
Epoch 00015, Step00000 | Train_Loss: 0.5603 | Time: 0.0333
Epoch 00015 | Val_Loss 0.8379 | Time(s) 0.0203
EarlyStopping counter: 11 out of 40
Getting training negative samples for edge types: [7]
nodes.shift keys: [0, 1, 2, 3]
nodes.count keys: [0, 1, 2, 3]
links.meta: {8: (2, 2), 6: (1, 3), 7: (3, 2), 5: (3, 3), 4: (2, 2), 0: (2, 2), 3: (2, 0), 2: (3, 3), 9: (3, 3), 10: (3, 3), 1: (3, 3), 11: (3, 3)}
t_type about to use: 2
h_type: 3
shift dict: {0: 0, 1: 188, 2: 19452, 3: 20010}
count dict: Counter({1: 19264, 3: 940, 2: 558, 0: 188})
Generated 905 negative samples for edge type 7
Epoch 00016, Step00000 | Train_Loss: 0.5647 | Time: 0.0340
Epoch 00016 | Val_Loss 0.8406 | Time(s) 0.0204
EarlyStopping counter: 12 out of 40
Getting training negative samples for edge types: [7]
nodes.shift keys: [0, 1, 2, 3]
nodes.count keys: [0, 1, 2, 3]
links.meta: {8: (2, 2), 6: (1, 3), 7: (3, 2), 5: (3, 3), 4: (2, 2), 0: (2, 2), 3: (2, 0), 2: (3, 3), 9: (3, 3), 10: (3, 3), 1: (3, 3), 11: (3, 3)}
t_type about to use: 2
h_type: 3
shift dict: {0: 0, 1: 188, 2: 19452, 3: 20010}
count dict: Counter({1: 19264, 3: 940, 2: 558, 0: 188})
Generated 905 negative samples for edge type 7
Epoch 00017, Step00000 | Train_Loss: 0.5422 | Time: 0.0353
Epoch 00017 | Val_Loss 0.8559 | Time(s) 0.0247
EarlyStopping counter: 13 out of 40
Getting training negative samples for edge types: [7]
nodes.shift keys: [0, 1, 2, 3]
nodes.count keys: [0, 1, 2, 3]
links.meta: {8: (2, 2), 6: (1, 3), 7: (3, 2), 5: (3, 3), 4: (2, 2), 0: (2, 2), 3: (2, 0), 2: (3, 3), 9: (3, 3), 10: (3, 3), 1: (3, 3), 11: (3, 3)}
t_type about to use: 2
h_type: 3
shift dict: {0: 0, 1: 188, 2: 19452, 3: 20010}
count dict: Counter({1: 19264, 3: 940, 2: 558, 0: 188})
Generated 905 negative samples for edge type 7
Epoch 00018, Step00000 | Train_Loss: 0.5564 | Time: 0.0308
Epoch 00018 | Val_Loss 0.8043 | Time(s) 0.0279
EarlyStopping counter: 14 out of 40
Getting training negative samples for edge types: [7]
nodes.shift keys: [0, 1, 2, 3]
nodes.count keys: [0, 1, 2, 3]
links.meta: {8: (2, 2), 6: (1, 3), 7: (3, 2), 5: (3, 3), 4: (2, 2), 0: (2, 2), 3: (2, 0), 2: (3, 3), 9: (3, 3), 10: (3, 3), 1: (3, 3), 11: (3, 3)}
t_type about to use: 2
h_type: 3
shift dict: {0: 0, 1: 188, 2: 19452, 3: 20010}
count dict: Counter({1: 19264, 3: 940, 2: 558, 0: 188})
Generated 905 negative samples for edge type 7
Epoch 00019, Step00000 | Train_Loss: 0.5559 | Time: 0.0265
Epoch 00019 | Val_Loss 0.7864 | Time(s) 0.0273
EarlyStopping counter: 15 out of 40
Getting training negative samples for edge types: [7]
nodes.shift keys: [0, 1, 2, 3]
nodes.count keys: [0, 1, 2, 3]
links.meta: {8: (2, 2), 6: (1, 3), 7: (3, 2), 5: (3, 3), 4: (2, 2), 0: (2, 2), 3: (2, 0), 2: (3, 3), 9: (3, 3), 10: (3, 3), 1: (3, 3), 11: (3, 3)}
t_type about to use: 2
h_type: 3
shift dict: {0: 0, 1: 188, 2: 19452, 3: 20010}
count dict: Counter({1: 19264, 3: 940, 2: 558, 0: 188})
Generated 905 negative samples for edge type 7
Epoch 00020, Step00000 | Train_Loss: 0.5382 | Time: 0.0315
Epoch 00020 | Val_Loss 0.8120 | Time(s) 0.0303
EarlyStopping counter: 16 out of 40
Getting training negative samples for edge types: [7]
nodes.shift keys: [0, 1, 2, 3]
nodes.count keys: [0, 1, 2, 3]
links.meta: {8: (2, 2), 6: (1, 3), 7: (3, 2), 5: (3, 3), 4: (2, 2), 0: (2, 2), 3: (2, 0), 2: (3, 3), 9: (3, 3), 10: (3, 3), 1: (3, 3), 11: (3, 3)}
t_type about to use: 2
h_type: 3
shift dict: {0: 0, 1: 188, 2: 19452, 3: 20010}
count dict: Counter({1: 19264, 3: 940, 2: 558, 0: 188})
Generated 905 negative samples for edge type 7
Epoch 00021, Step00000 | Train_Loss: 0.5428 | Time: 0.0292
Epoch 00021 | Val_Loss 0.7371 | Time(s) 0.0319
EarlyStopping counter: 17 out of 40
Getting training negative samples for edge types: [7]
nodes.shift keys: [0, 1, 2, 3]
nodes.count keys: [0, 1, 2, 3]
links.meta: {8: (2, 2), 6: (1, 3), 7: (3, 2), 5: (3, 3), 4: (2, 2), 0: (2, 2), 3: (2, 0), 2: (3, 3), 9: (3, 3), 10: (3, 3), 1: (3, 3), 11: (3, 3)}
t_type about to use: 2
h_type: 3
shift dict: {0: 0, 1: 188, 2: 19452, 3: 20010}
count dict: Counter({1: 19264, 3: 940, 2: 558, 0: 188})
Generated 905 negative samples for edge type 7
Epoch 00022, Step00000 | Train_Loss: 0.5600 | Time: 0.0279
Epoch 00022 | Val_Loss 0.8234 | Time(s) 0.0305
EarlyStopping counter: 18 out of 40
Getting training negative samples for edge types: [7]
nodes.shift keys: [0, 1, 2, 3]
nodes.count keys: [0, 1, 2, 3]
links.meta: {8: (2, 2), 6: (1, 3), 7: (3, 2), 5: (3, 3), 4: (2, 2), 0: (2, 2), 3: (2, 0), 2: (3, 3), 9: (3, 3), 10: (3, 3), 1: (3, 3), 11: (3, 3)}
t_type about to use: 2
h_type: 3
shift dict: {0: 0, 1: 188, 2: 19452, 3: 20010}
count dict: Counter({1: 19264, 3: 940, 2: 558, 0: 188})
Generated 905 negative samples for edge type 7
Epoch 00023, Step00000 | Train_Loss: 0.5439 | Time: 0.0269
Epoch 00023 | Val_Loss 0.8259 | Time(s) 0.0303
EarlyStopping counter: 19 out of 40
Getting training negative samples for edge types: [7]
nodes.shift keys: [0, 1, 2, 3]
nodes.count keys: [0, 1, 2, 3]
links.meta: {8: (2, 2), 6: (1, 3), 7: (3, 2), 5: (3, 3), 4: (2, 2), 0: (2, 2), 3: (2, 0), 2: (3, 3), 9: (3, 3), 10: (3, 3), 1: (3, 3), 11: (3, 3)}
t_type about to use: 2
h_type: 3
shift dict: {0: 0, 1: 188, 2: 19452, 3: 20010}
count dict: Counter({1: 19264, 3: 940, 2: 558, 0: 188})
Generated 905 negative samples for edge type 7
Epoch 00024, Step00000 | Train_Loss: 0.5377 | Time: 0.0270
Epoch 00024 | Val_Loss 0.8158 | Time(s) 0.0308
EarlyStopping counter: 20 out of 40
Getting training negative samples for edge types: [7]
nodes.shift keys: [0, 1, 2, 3]
nodes.count keys: [0, 1, 2, 3]
links.meta: {8: (2, 2), 6: (1, 3), 7: (3, 2), 5: (3, 3), 4: (2, 2), 0: (2, 2), 3: (2, 0), 2: (3, 3), 9: (3, 3), 10: (3, 3), 1: (3, 3), 11: (3, 3)}
t_type about to use: 2
h_type: 3
shift dict: {0: 0, 1: 188, 2: 19452, 3: 20010}
count dict: Counter({1: 19264, 3: 940, 2: 558, 0: 188})
Generated 905 negative samples for edge type 7
Epoch 00025, Step00000 | Train_Loss: 0.5429 | Time: 0.0280
Epoch 00025 | Val_Loss 0.8762 | Time(s) 0.0318
EarlyStopping counter: 21 out of 40
Getting training negative samples for edge types: [7]
nodes.shift keys: [0, 1, 2, 3]
nodes.count keys: [0, 1, 2, 3]
links.meta: {8: (2, 2), 6: (1, 3), 7: (3, 2), 5: (3, 3), 4: (2, 2), 0: (2, 2), 3: (2, 0), 2: (3, 3), 9: (3, 3), 10: (3, 3), 1: (3, 3), 11: (3, 3)}
t_type about to use: 2
h_type: 3
shift dict: {0: 0, 1: 188, 2: 19452, 3: 20010}
count dict: Counter({1: 19264, 3: 940, 2: 558, 0: 188})
Generated 905 negative samples for edge type 7
Epoch 00026, Step00000 | Train_Loss: 0.5489 | Time: 0.0259
Epoch 00026 | Val_Loss 0.8498 | Time(s) 0.0305
EarlyStopping counter: 22 out of 40
Getting training negative samples for edge types: [7]
nodes.shift keys: [0, 1, 2, 3]
nodes.count keys: [0, 1, 2, 3]
links.meta: {8: (2, 2), 6: (1, 3), 7: (3, 2), 5: (3, 3), 4: (2, 2), 0: (2, 2), 3: (2, 0), 2: (3, 3), 9: (3, 3), 10: (3, 3), 1: (3, 3), 11: (3, 3)}
t_type about to use: 2
h_type: 3
shift dict: {0: 0, 1: 188, 2: 19452, 3: 20010}
count dict: Counter({1: 19264, 3: 940, 2: 558, 0: 188})
Generated 905 negative samples for edge type 7
Epoch 00027, Step00000 | Train_Loss: 0.5604 | Time: 0.0261
Epoch 00027 | Val_Loss 0.8375 | Time(s) 0.0311
EarlyStopping counter: 23 out of 40
Getting training negative samples for edge types: [7]
nodes.shift keys: [0, 1, 2, 3]
nodes.count keys: [0, 1, 2, 3]
links.meta: {8: (2, 2), 6: (1, 3), 7: (3, 2), 5: (3, 3), 4: (2, 2), 0: (2, 2), 3: (2, 0), 2: (3, 3), 9: (3, 3), 10: (3, 3), 1: (3, 3), 11: (3, 3)}
t_type about to use: 2
h_type: 3
shift dict: {0: 0, 1: 188, 2: 19452, 3: 20010}
count dict: Counter({1: 19264, 3: 940, 2: 558, 0: 188})
Generated 905 negative samples for edge type 7
Epoch 00028, Step00000 | Train_Loss: 0.5354 | Time: 0.0279
Epoch 00028 | Val_Loss 0.8325 | Time(s) 0.0319
EarlyStopping counter: 24 out of 40
Getting training negative samples for edge types: [7]
nodes.shift keys: [0, 1, 2, 3]
nodes.count keys: [0, 1, 2, 3]
links.meta: {8: (2, 2), 6: (1, 3), 7: (3, 2), 5: (3, 3), 4: (2, 2), 0: (2, 2), 3: (2, 0), 2: (3, 3), 9: (3, 3), 10: (3, 3), 1: (3, 3), 11: (3, 3)}
t_type about to use: 2
h_type: 3
shift dict: {0: 0, 1: 188, 2: 19452, 3: 20010}
count dict: Counter({1: 19264, 3: 940, 2: 558, 0: 188})
Generated 905 negative samples for edge type 7
Epoch 00029, Step00000 | Train_Loss: 0.5281 | Time: 0.0265
Epoch 00029 | Val_Loss 0.8466 | Time(s) 0.0305
EarlyStopping counter: 25 out of 40
Getting training negative samples for edge types: [7]
nodes.shift keys: [0, 1, 2, 3]
nodes.count keys: [0, 1, 2, 3]
links.meta: {8: (2, 2), 6: (1, 3), 7: (3, 2), 5: (3, 3), 4: (2, 2), 0: (2, 2), 3: (2, 0), 2: (3, 3), 9: (3, 3), 10: (3, 3), 1: (3, 3), 11: (3, 3)}
t_type about to use: 2
h_type: 3
shift dict: {0: 0, 1: 188, 2: 19452, 3: 20010}
count dict: Counter({1: 19264, 3: 940, 2: 558, 0: 188})
Generated 905 negative samples for edge type 7
Epoch 00030, Step00000 | Train_Loss: 0.5520 | Time: 0.0272
Epoch 00030 | Val_Loss 0.8497 | Time(s) 0.0269
EarlyStopping counter: 26 out of 40
Getting training negative samples for edge types: [7]
nodes.shift keys: [0, 1, 2, 3]
nodes.count keys: [0, 1, 2, 3]
links.meta: {8: (2, 2), 6: (1, 3), 7: (3, 2), 5: (3, 3), 4: (2, 2), 0: (2, 2), 3: (2, 0), 2: (3, 3), 9: (3, 3), 10: (3, 3), 1: (3, 3), 11: (3, 3)}
t_type about to use: 2
h_type: 3
shift dict: {0: 0, 1: 188, 2: 19452, 3: 20010}
count dict: Counter({1: 19264, 3: 940, 2: 558, 0: 188})
Generated 905 negative samples for edge type 7
Epoch 00031, Step00000 | Train_Loss: 0.5356 | Time: 0.0273
Epoch 00031 | Val_Loss 0.7559 | Time(s) 0.0203
EarlyStopping counter: 27 out of 40
Getting training negative samples for edge types: [7]
nodes.shift keys: [0, 1, 2, 3]
nodes.count keys: [0, 1, 2, 3]
links.meta: {8: (2, 2), 6: (1, 3), 7: (3, 2), 5: (3, 3), 4: (2, 2), 0: (2, 2), 3: (2, 0), 2: (3, 3), 9: (3, 3), 10: (3, 3), 1: (3, 3), 11: (3, 3)}
t_type about to use: 2
h_type: 3
shift dict: {0: 0, 1: 188, 2: 19452, 3: 20010}
count dict: Counter({1: 19264, 3: 940, 2: 558, 0: 188})
Generated 905 negative samples for edge type 7
Epoch 00032, Step00000 | Train_Loss: 0.5372 | Time: 0.0328
Epoch 00032 | Val_Loss 0.8781 | Time(s) 0.0155
EarlyStopping counter: 28 out of 40
Getting training negative samples for edge types: [7]
nodes.shift keys: [0, 1, 2, 3]
nodes.count keys: [0, 1, 2, 3]
links.meta: {8: (2, 2), 6: (1, 3), 7: (3, 2), 5: (3, 3), 4: (2, 2), 0: (2, 2), 3: (2, 0), 2: (3, 3), 9: (3, 3), 10: (3, 3), 1: (3, 3), 11: (3, 3)}
t_type about to use: 2
h_type: 3
shift dict: {0: 0, 1: 188, 2: 19452, 3: 20010}
count dict: Counter({1: 19264, 3: 940, 2: 558, 0: 188})
Generated 905 negative samples for edge type 7
Epoch 00033, Step00000 | Train_Loss: 0.5399 | Time: 0.0430
Epoch 00033 | Val_Loss 0.8386 | Time(s) 0.0155
EarlyStopping counter: 29 out of 40
Getting training negative samples for edge types: [7]
nodes.shift keys: [0, 1, 2, 3]
nodes.count keys: [0, 1, 2, 3]
links.meta: {8: (2, 2), 6: (1, 3), 7: (3, 2), 5: (3, 3), 4: (2, 2), 0: (2, 2), 3: (2, 0), 2: (3, 3), 9: (3, 3), 10: (3, 3), 1: (3, 3), 11: (3, 3)}
t_type about to use: 2
h_type: 3
shift dict: {0: 0, 1: 188, 2: 19452, 3: 20010}
count dict: Counter({1: 19264, 3: 940, 2: 558, 0: 188})
Generated 905 negative samples for edge type 7
Epoch 00034, Step00000 | Train_Loss: 0.5321 | Time: 0.0425
Epoch 00034 | Val_Loss 0.8002 | Time(s) 0.0151
EarlyStopping counter: 30 out of 40
Getting training negative samples for edge types: [7]
nodes.shift keys: [0, 1, 2, 3]
nodes.count keys: [0, 1, 2, 3]
links.meta: {8: (2, 2), 6: (1, 3), 7: (3, 2), 5: (3, 3), 4: (2, 2), 0: (2, 2), 3: (2, 0), 2: (3, 3), 9: (3, 3), 10: (3, 3), 1: (3, 3), 11: (3, 3)}
t_type about to use: 2
h_type: 3
shift dict: {0: 0, 1: 188, 2: 19452, 3: 20010}
count dict: Counter({1: 19264, 3: 940, 2: 558, 0: 188})
Generated 905 negative samples for edge type 7
Epoch 00035, Step00000 | Train_Loss: 0.5313 | Time: 0.0443
Epoch 00035 | Val_Loss 0.9755 | Time(s) 0.0104
EarlyStopping counter: 31 out of 40
Getting training negative samples for edge types: [7]
nodes.shift keys: [0, 1, 2, 3]
nodes.count keys: [0, 1, 2, 3]
links.meta: {8: (2, 2), 6: (1, 3), 7: (3, 2), 5: (3, 3), 4: (2, 2), 0: (2, 2), 3: (2, 0), 2: (3, 3), 9: (3, 3), 10: (3, 3), 1: (3, 3), 11: (3, 3)}
t_type about to use: 2
h_type: 3
shift dict: {0: 0, 1: 188, 2: 19452, 3: 20010}
count dict: Counter({1: 19264, 3: 940, 2: 558, 0: 188})
Generated 905 negative samples for edge type 7
Epoch 00036, Step00000 | Train_Loss: 0.5344 | Time: 0.0476
Epoch 00036 | Val_Loss 0.7968 | Time(s) 0.0109
EarlyStopping counter: 32 out of 40
Getting training negative samples for edge types: [7]
nodes.shift keys: [0, 1, 2, 3]
nodes.count keys: [0, 1, 2, 3]
links.meta: {8: (2, 2), 6: (1, 3), 7: (3, 2), 5: (3, 3), 4: (2, 2), 0: (2, 2), 3: (2, 0), 2: (3, 3), 9: (3, 3), 10: (3, 3), 1: (3, 3), 11: (3, 3)}
t_type about to use: 2
h_type: 3
shift dict: {0: 0, 1: 188, 2: 19452, 3: 20010}
count dict: Counter({1: 19264, 3: 940, 2: 558, 0: 188})
Generated 905 negative samples for edge type 7
Epoch 00037, Step00000 | Train_Loss: 0.5248 | Time: 0.0480
Epoch 00037 | Val_Loss 0.8871 | Time(s) 0.0108
EarlyStopping counter: 33 out of 40
Getting training negative samples for edge types: [7]
nodes.shift keys: [0, 1, 2, 3]
nodes.count keys: [0, 1, 2, 3]
links.meta: {8: (2, 2), 6: (1, 3), 7: (3, 2), 5: (3, 3), 4: (2, 2), 0: (2, 2), 3: (2, 0), 2: (3, 3), 9: (3, 3), 10: (3, 3), 1: (3, 3), 11: (3, 3)}
t_type about to use: 2
h_type: 3
shift dict: {0: 0, 1: 188, 2: 19452, 3: 20010}
count dict: Counter({1: 19264, 3: 940, 2: 558, 0: 188})
Generated 905 negative samples for edge type 7
Epoch 00038, Step00000 | Train_Loss: 0.5226 | Time: 0.0497
Epoch 00038 | Val_Loss 0.7941 | Time(s) 0.0102
EarlyStopping counter: 34 out of 40
Getting training negative samples for edge types: [7]
nodes.shift keys: [0, 1, 2, 3]
nodes.count keys: [0, 1, 2, 3]
links.meta: {8: (2, 2), 6: (1, 3), 7: (3, 2), 5: (3, 3), 4: (2, 2), 0: (2, 2), 3: (2, 0), 2: (3, 3), 9: (3, 3), 10: (3, 3), 1: (3, 3), 11: (3, 3)}
t_type about to use: 2
h_type: 3
shift dict: {0: 0, 1: 188, 2: 19452, 3: 20010}
count dict: Counter({1: 19264, 3: 940, 2: 558, 0: 188})
Generated 905 negative samples for edge type 7
Epoch 00039, Step00000 | Train_Loss: 0.5246 | Time: 0.0524
Epoch 00039 | Val_Loss 0.8939 | Time(s) 0.0104
EarlyStopping counter: 35 out of 40
Getting training negative samples for edge types: [7]
nodes.shift keys: [0, 1, 2, 3]
nodes.count keys: [0, 1, 2, 3]
links.meta: {8: (2, 2), 6: (1, 3), 7: (3, 2), 5: (3, 3), 4: (2, 2), 0: (2, 2), 3: (2, 0), 2: (3, 3), 9: (3, 3), 10: (3, 3), 1: (3, 3), 11: (3, 3)}
t_type about to use: 2
h_type: 3
shift dict: {0: 0, 1: 188, 2: 19452, 3: 20010}
count dict: Counter({1: 19264, 3: 940, 2: 558, 0: 188})
Generated 905 negative samples for edge type 7
Epoch 00040, Step00000 | Train_Loss: 0.5213 | Time: 0.0514
Epoch 00040 | Val_Loss 0.7555 | Time(s) 0.0105
EarlyStopping counter: 36 out of 40
Getting training negative samples for edge types: [7]
nodes.shift keys: [0, 1, 2, 3]
nodes.count keys: [0, 1, 2, 3]
links.meta: {8: (2, 2), 6: (1, 3), 7: (3, 2), 5: (3, 3), 4: (2, 2), 0: (2, 2), 3: (2, 0), 2: (3, 3), 9: (3, 3), 10: (3, 3), 1: (3, 3), 11: (3, 3)}
t_type about to use: 2
h_type: 3
shift dict: {0: 0, 1: 188, 2: 19452, 3: 20010}
count dict: Counter({1: 19264, 3: 940, 2: 558, 0: 188})
Generated 905 negative samples for edge type 7
Epoch 00041, Step00000 | Train_Loss: 0.5396 | Time: 0.0329
Epoch 00041 | Val_Loss 0.7527 | Time(s) 0.0232
EarlyStopping counter: 37 out of 40
Getting training negative samples for edge types: [7]
nodes.shift keys: [0, 1, 2, 3]
nodes.count keys: [0, 1, 2, 3]
links.meta: {8: (2, 2), 6: (1, 3), 7: (3, 2), 5: (3, 3), 4: (2, 2), 0: (2, 2), 3: (2, 0), 2: (3, 3), 9: (3, 3), 10: (3, 3), 1: (3, 3), 11: (3, 3)}
t_type about to use: 2
h_type: 3
shift dict: {0: 0, 1: 188, 2: 19452, 3: 20010}
count dict: Counter({1: 19264, 3: 940, 2: 558, 0: 188})
Generated 905 negative samples for edge type 7
Epoch 00042, Step00000 | Train_Loss: 0.5213 | Time: 0.0285
Epoch 00042 | Val_Loss 0.8844 | Time(s) 0.0319
EarlyStopping counter: 38 out of 40
Getting training negative samples for edge types: [7]
nodes.shift keys: [0, 1, 2, 3]
nodes.count keys: [0, 1, 2, 3]
links.meta: {8: (2, 2), 6: (1, 3), 7: (3, 2), 5: (3, 3), 4: (2, 2), 0: (2, 2), 3: (2, 0), 2: (3, 3), 9: (3, 3), 10: (3, 3), 1: (3, 3), 11: (3, 3)}
t_type about to use: 2
h_type: 3
shift dict: {0: 0, 1: 188, 2: 19452, 3: 20010}
count dict: Counter({1: 19264, 3: 940, 2: 558, 0: 188})
Generated 905 negative samples for edge type 7
Epoch 00043, Step00000 | Train_Loss: 0.5192 | Time: 0.0281
Epoch 00043 | Val_Loss 0.7486 | Time(s) 0.0308
EarlyStopping counter: 39 out of 40
Getting training negative samples for edge types: [7]
nodes.shift keys: [0, 1, 2, 3]
nodes.count keys: [0, 1, 2, 3]
links.meta: {8: (2, 2), 6: (1, 3), 7: (3, 2), 5: (3, 3), 4: (2, 2), 0: (2, 2), 3: (2, 0), 2: (3, 3), 9: (3, 3), 10: (3, 3), 1: (3, 3), 11: (3, 3)}
t_type about to use: 2
h_type: 3
shift dict: {0: 0, 1: 188, 2: 19452, 3: 20010}
count dict: Counter({1: 19264, 3: 940, 2: 558, 0: 188})
Generated 905 negative samples for edge type 7
Epoch 00044, Step00000 | Train_Loss: 0.5182 | Time: 0.0271
Epoch 00044 | Val_Loss 0.7524 | Time(s) 0.0311
EarlyStopping counter: 40 out of 40
Early stopping!
Early stopping!
Meta keys: dict_keys([7])
Data keys: dict_keys([7])
Edge type: 7, Meta: (3, 2)
{'roc_auc': 0.5111968449931413, 'MRR': 0.7425790754257907}
{'roc_auc': 0.634523870006266, 'MRR': 0.8150851581508515}
defaultdict(<class 'float'>, {'roc_auc': 0.5111968449931413, 'MRR': 0.7425790754257907})
defaultdict(<class 'float'>, {'roc_auc': 0.634523870006266, 'MRR': 0.8150851581508515})
Completed: amazon_style_ccct_features_securebert_fold_1

--------------------------------------
Running model: SimpleHGN
Dataset: amazon_style_ccct_features_securebert_fold_2
--------------------------------------
Data path: ../../data/amazon_style_ccct_features_securebert_fold_2
Loading nodes from ../../data/amazon_style_ccct_features_securebert_fold_2/node.dat
edge types: dict_keys([6, 2, 8, 7, 5, 4, 3, 11, 10, 0, 9, 1])
Getting training negative samples for edge types: [7]
nodes.shift keys: [0, 1, 2, 3]
nodes.count keys: [0, 1, 2, 3]
links.meta: {6: (1, 3), 2: (3, 3), 8: (2, 2), 7: (3, 2), 5: (3, 3), 4: (2, 2), 3: (2, 0), 11: (3, 3), 10: (3, 3), 0: (2, 2), 9: (3, 3), 1: (3, 3)}
t_type about to use: 2
h_type: 3
shift dict: {0: 0, 1: 188, 2: 19452, 3: 20010}
count dict: Counter({1: 19264, 3: 940, 2: 558, 0: 188})
Generated 899 negative samples for edge type 7
Features List: [array([[ 0.00445206,  0.01268557,  0.22351578, ..., -0.28678206,
        -0.37460288,  0.18294938],
       [-0.18744846,  0.07075578,  0.0476894 , ..., -0.2232531 ,
        -0.19588573,  0.47988179],
       [-0.17451471, -0.04557271,  0.15712288, ..., -0.05391889,
        -0.20500693,  0.23744845],
       ...,
       [-0.40584856,  0.04715464,  0.24475315, ..., -0.12466257,
        -0.2035536 ,  0.28577447],
       [-0.18835557,  0.03822717,  0.03586731, ..., -0.23435652,
        -0.35453227,  0.38753107],
       [-0.13632202,  0.14362322,  0.08668749, ..., -0.24145249,
        -0.25799868,  0.26464131]]), array([[-0.02302658,  0.0368569 ,  0.00652144, ..., -0.02803515,
        -0.00893309,  0.00342051],
       [-0.01979104,  0.04036582,  0.01475144, ..., -0.00661969,
        -0.01504144,  0.01323287],
       [-0.02346251,  0.03577969,  0.00104941, ..., -0.01948969,
        -0.02273973,  0.01956808],
       ...,
       [ 0.01112562,  0.01252526, -0.00604169, ..., -0.02203615,
        -0.00625044, -0.01684516],
       [-0.02297131,  0.02604213,  0.00098649, ...,  0.00838303,
        -0.00321861, -0.00570687],
       [-0.01075894,  0.00767744, -0.01424407, ..., -0.02184941,
         0.02614397, -0.01134232]]), array([[ 0.00791158, -0.00538086, -0.02676104, ..., -0.01897389,
        -0.01306979, -0.00084801],
       [ 0.01682901, -0.00649696, -0.01921631, ..., -0.01401017,
        -0.0039668 , -0.02202195],
       [ 0.02197852, -0.01403735, -0.05225722, ...,  0.02019661,
         0.00528841,  0.0033033 ],
       ...,
       [ 0.01603197,  0.00716993, -0.01245602, ..., -0.01399604,
        -0.00058955, -0.0256807 ],
       [ 0.01039577,  0.02045547, -0.02146293, ...,  0.01017929,
         0.02390171,  0.00134994],
       [ 0.00462414,  0.0041195 , -0.0135733 , ..., -0.01101827,
         0.00813001,  0.0203817 ]]), array([[ 0.00087804,  0.00658507, -0.02514569, ..., -0.04238372,
         0.00850771, -0.02565438],
       [-0.0006986 ,  0.01542003, -0.03227317, ..., -0.01301633,
         0.01559736, -0.03614859],
       [-0.01135348,  0.00974955, -0.01812623, ..., -0.01920343,
         0.00887381, -0.0152928 ],
       ...,
       [ 0.00701895, -0.01539859, -0.03025482, ..., -0.03644368,
         0.01254067, -0.0236606 ],
       [-0.00414097,  0.00144739, -0.05197839, ...,  0.00216818,
         0.02755725, -0.03143983],
       [ 0.01779867, -0.02493452, -0.0391779 , ..., -0.01159797,
        -0.00619852, -0.02449675]])]
Getting training negative samples for edge types: [7]
nodes.shift keys: [0, 1, 2, 3]
nodes.count keys: [0, 1, 2, 3]
links.meta: {6: (1, 3), 2: (3, 3), 8: (2, 2), 7: (3, 2), 5: (3, 3), 4: (2, 2), 3: (2, 0), 11: (3, 3), 10: (3, 3), 0: (2, 2), 9: (3, 3), 1: (3, 3)}
t_type about to use: 2
h_type: 3
shift dict: {0: 0, 1: 188, 2: 19452, 3: 20010}
count dict: Counter({1: 19264, 3: 940, 2: 558, 0: 188})
Generated 899 negative samples for edge type 7
Epoch 00000, Step00000 | Train_Loss: 0.6921 | Time: 0.8237
Epoch 00000 | Val_Loss 0.6914 | Time(s) 0.0279
Validation loss decreased (inf --> 0.691367).  Saving model ...
Getting training negative samples for edge types: [7]
nodes.shift keys: [0, 1, 2, 3]
nodes.count keys: [0, 1, 2, 3]
links.meta: {6: (1, 3), 2: (3, 3), 8: (2, 2), 7: (3, 2), 5: (3, 3), 4: (2, 2), 3: (2, 0), 11: (3, 3), 10: (3, 3), 0: (2, 2), 9: (3, 3), 1: (3, 3)}
t_type about to use: 2
h_type: 3
shift dict: {0: 0, 1: 188, 2: 19452, 3: 20010}
count dict: Counter({1: 19264, 3: 940, 2: 558, 0: 188})
Generated 899 negative samples for edge type 7
Epoch 00001, Step00000 | Train_Loss: 0.6863 | Time: 0.0502
Epoch 00001 | Val_Loss 0.6840 | Time(s) 0.0113
Validation loss decreased (0.691367 --> 0.684011).  Saving model ...
Getting training negative samples for edge types: [7]
nodes.shift keys: [0, 1, 2, 3]
nodes.count keys: [0, 1, 2, 3]
links.meta: {6: (1, 3), 2: (3, 3), 8: (2, 2), 7: (3, 2), 5: (3, 3), 4: (2, 2), 3: (2, 0), 11: (3, 3), 10: (3, 3), 0: (2, 2), 9: (3, 3), 1: (3, 3)}
t_type about to use: 2
h_type: 3
shift dict: {0: 0, 1: 188, 2: 19452, 3: 20010}
count dict: Counter({1: 19264, 3: 940, 2: 558, 0: 188})
Generated 899 negative samples for edge type 7
Epoch 00002, Step00000 | Train_Loss: 0.6812 | Time: 0.0303
Epoch 00002 | Val_Loss 0.6863 | Time(s) 0.0320
EarlyStopping counter: 1 out of 40
Getting training negative samples for edge types: [7]
nodes.shift keys: [0, 1, 2, 3]
nodes.count keys: [0, 1, 2, 3]
links.meta: {6: (1, 3), 2: (3, 3), 8: (2, 2), 7: (3, 2), 5: (3, 3), 4: (2, 2), 3: (2, 0), 11: (3, 3), 10: (3, 3), 0: (2, 2), 9: (3, 3), 1: (3, 3)}
t_type about to use: 2
h_type: 3
shift dict: {0: 0, 1: 188, 2: 19452, 3: 20010}
count dict: Counter({1: 19264, 3: 940, 2: 558, 0: 188})
Generated 899 negative samples for edge type 7
Epoch 00003, Step00000 | Train_Loss: 0.6731 | Time: 0.0301
Epoch 00003 | Val_Loss 0.6725 | Time(s) 0.0317
Validation loss decreased (0.684011 --> 0.672547).  Saving model ...
Getting training negative samples for edge types: [7]
nodes.shift keys: [0, 1, 2, 3]
nodes.count keys: [0, 1, 2, 3]
links.meta: {6: (1, 3), 2: (3, 3), 8: (2, 2), 7: (3, 2), 5: (3, 3), 4: (2, 2), 3: (2, 0), 11: (3, 3), 10: (3, 3), 0: (2, 2), 9: (3, 3), 1: (3, 3)}
t_type about to use: 2
h_type: 3
shift dict: {0: 0, 1: 188, 2: 19452, 3: 20010}
count dict: Counter({1: 19264, 3: 940, 2: 558, 0: 188})
Generated 899 negative samples for edge type 7
Epoch 00004, Step00000 | Train_Loss: 0.6648 | Time: 0.0532
Epoch 00004 | Val_Loss 0.6751 | Time(s) 0.0137
EarlyStopping counter: 1 out of 40
Getting training negative samples for edge types: [7]
nodes.shift keys: [0, 1, 2, 3]
nodes.count keys: [0, 1, 2, 3]
links.meta: {6: (1, 3), 2: (3, 3), 8: (2, 2), 7: (3, 2), 5: (3, 3), 4: (2, 2), 3: (2, 0), 11: (3, 3), 10: (3, 3), 0: (2, 2), 9: (3, 3), 1: (3, 3)}
t_type about to use: 2
h_type: 3
shift dict: {0: 0, 1: 188, 2: 19452, 3: 20010}
count dict: Counter({1: 19264, 3: 940, 2: 558, 0: 188})
Generated 899 negative samples for edge type 7
Epoch 00005, Step00000 | Train_Loss: 0.6556 | Time: 0.0383
Epoch 00005 | Val_Loss 0.6661 | Time(s) 0.0163
Validation loss decreased (0.672547 --> 0.666058).  Saving model ...
Getting training negative samples for edge types: [7]
nodes.shift keys: [0, 1, 2, 3]
nodes.count keys: [0, 1, 2, 3]
links.meta: {6: (1, 3), 2: (3, 3), 8: (2, 2), 7: (3, 2), 5: (3, 3), 4: (2, 2), 3: (2, 0), 11: (3, 3), 10: (3, 3), 0: (2, 2), 9: (3, 3), 1: (3, 3)}
t_type about to use: 2
h_type: 3
shift dict: {0: 0, 1: 188, 2: 19452, 3: 20010}
count dict: Counter({1: 19264, 3: 940, 2: 558, 0: 188})
Generated 899 negative samples for edge type 7
Epoch 00006, Step00000 | Train_Loss: 0.6444 | Time: 0.0523
Epoch 00006 | Val_Loss 0.6921 | Time(s) 0.0107
EarlyStopping counter: 1 out of 40
Getting training negative samples for edge types: [7]
nodes.shift keys: [0, 1, 2, 3]
nodes.count keys: [0, 1, 2, 3]
links.meta: {6: (1, 3), 2: (3, 3), 8: (2, 2), 7: (3, 2), 5: (3, 3), 4: (2, 2), 3: (2, 0), 11: (3, 3), 10: (3, 3), 0: (2, 2), 9: (3, 3), 1: (3, 3)}
t_type about to use: 2
h_type: 3
shift dict: {0: 0, 1: 188, 2: 19452, 3: 20010}
count dict: Counter({1: 19264, 3: 940, 2: 558, 0: 188})
Generated 899 negative samples for edge type 7
Epoch 00007, Step00000 | Train_Loss: 0.6313 | Time: 0.0515
Epoch 00007 | Val_Loss 0.6869 | Time(s) 0.0147
EarlyStopping counter: 2 out of 40
Getting training negative samples for edge types: [7]
nodes.shift keys: [0, 1, 2, 3]
nodes.count keys: [0, 1, 2, 3]
links.meta: {6: (1, 3), 2: (3, 3), 8: (2, 2), 7: (3, 2), 5: (3, 3), 4: (2, 2), 3: (2, 0), 11: (3, 3), 10: (3, 3), 0: (2, 2), 9: (3, 3), 1: (3, 3)}
t_type about to use: 2
h_type: 3
shift dict: {0: 0, 1: 188, 2: 19452, 3: 20010}
count dict: Counter({1: 19264, 3: 940, 2: 558, 0: 188})
Generated 899 negative samples for edge type 7
Epoch 00008, Step00000 | Train_Loss: 0.6197 | Time: 0.0428
Epoch 00008 | Val_Loss 0.7654 | Time(s) 0.0142
EarlyStopping counter: 3 out of 40
Getting training negative samples for edge types: [7]
nodes.shift keys: [0, 1, 2, 3]
nodes.count keys: [0, 1, 2, 3]
links.meta: {6: (1, 3), 2: (3, 3), 8: (2, 2), 7: (3, 2), 5: (3, 3), 4: (2, 2), 3: (2, 0), 11: (3, 3), 10: (3, 3), 0: (2, 2), 9: (3, 3), 1: (3, 3)}
t_type about to use: 2
h_type: 3
shift dict: {0: 0, 1: 188, 2: 19452, 3: 20010}
count dict: Counter({1: 19264, 3: 940, 2: 558, 0: 188})
Generated 899 negative samples for edge type 7
Epoch 00009, Step00000 | Train_Loss: 0.6026 | Time: 0.0273
Epoch 00009 | Val_Loss 0.7177 | Time(s) 0.0301
EarlyStopping counter: 4 out of 40
Getting training negative samples for edge types: [7]
nodes.shift keys: [0, 1, 2, 3]
nodes.count keys: [0, 1, 2, 3]
links.meta: {6: (1, 3), 2: (3, 3), 8: (2, 2), 7: (3, 2), 5: (3, 3), 4: (2, 2), 3: (2, 0), 11: (3, 3), 10: (3, 3), 0: (2, 2), 9: (3, 3), 1: (3, 3)}
t_type about to use: 2
h_type: 3
shift dict: {0: 0, 1: 188, 2: 19452, 3: 20010}
count dict: Counter({1: 19264, 3: 940, 2: 558, 0: 188})
Generated 899 negative samples for edge type 7
Epoch 00010, Step00000 | Train_Loss: 0.5944 | Time: 0.0262
Epoch 00010 | Val_Loss 0.7658 | Time(s) 0.0270
EarlyStopping counter: 5 out of 40
Getting training negative samples for edge types: [7]
nodes.shift keys: [0, 1, 2, 3]
nodes.count keys: [0, 1, 2, 3]
links.meta: {6: (1, 3), 2: (3, 3), 8: (2, 2), 7: (3, 2), 5: (3, 3), 4: (2, 2), 3: (2, 0), 11: (3, 3), 10: (3, 3), 0: (2, 2), 9: (3, 3), 1: (3, 3)}
t_type about to use: 2
h_type: 3
shift dict: {0: 0, 1: 188, 2: 19452, 3: 20010}
count dict: Counter({1: 19264, 3: 940, 2: 558, 0: 188})
Generated 899 negative samples for edge type 7
Epoch 00011, Step00000 | Train_Loss: 0.5834 | Time: 0.0262
Epoch 00011 | Val_Loss 0.7474 | Time(s) 0.0194
EarlyStopping counter: 6 out of 40
Getting training negative samples for edge types: [7]
nodes.shift keys: [0, 1, 2, 3]
nodes.count keys: [0, 1, 2, 3]
links.meta: {6: (1, 3), 2: (3, 3), 8: (2, 2), 7: (3, 2), 5: (3, 3), 4: (2, 2), 3: (2, 0), 11: (3, 3), 10: (3, 3), 0: (2, 2), 9: (3, 3), 1: (3, 3)}
t_type about to use: 2
h_type: 3
shift dict: {0: 0, 1: 188, 2: 19452, 3: 20010}
count dict: Counter({1: 19264, 3: 940, 2: 558, 0: 188})
Generated 899 negative samples for edge type 7
Epoch 00012, Step00000 | Train_Loss: 0.5763 | Time: 0.0328
Epoch 00012 | Val_Loss 0.8171 | Time(s) 0.0140
EarlyStopping counter: 7 out of 40
Getting training negative samples for edge types: [7]
nodes.shift keys: [0, 1, 2, 3]
nodes.count keys: [0, 1, 2, 3]
links.meta: {6: (1, 3), 2: (3, 3), 8: (2, 2), 7: (3, 2), 5: (3, 3), 4: (2, 2), 3: (2, 0), 11: (3, 3), 10: (3, 3), 0: (2, 2), 9: (3, 3), 1: (3, 3)}
t_type about to use: 2
h_type: 3
shift dict: {0: 0, 1: 188, 2: 19452, 3: 20010}
count dict: Counter({1: 19264, 3: 940, 2: 558, 0: 188})
Generated 899 negative samples for edge type 7
Epoch 00013, Step00000 | Train_Loss: 0.5657 | Time: 0.0432
Epoch 00013 | Val_Loss 0.9138 | Time(s) 0.0095
EarlyStopping counter: 8 out of 40
Getting training negative samples for edge types: [7]
nodes.shift keys: [0, 1, 2, 3]
nodes.count keys: [0, 1, 2, 3]
links.meta: {6: (1, 3), 2: (3, 3), 8: (2, 2), 7: (3, 2), 5: (3, 3), 4: (2, 2), 3: (2, 0), 11: (3, 3), 10: (3, 3), 0: (2, 2), 9: (3, 3), 1: (3, 3)}
t_type about to use: 2
h_type: 3
shift dict: {0: 0, 1: 188, 2: 19452, 3: 20010}
count dict: Counter({1: 19264, 3: 940, 2: 558, 0: 188})
Generated 899 negative samples for edge type 7
Epoch 00014, Step00000 | Train_Loss: 0.5692 | Time: 0.0486
Epoch 00014 | Val_Loss 0.9487 | Time(s) 0.0096
EarlyStopping counter: 9 out of 40
Getting training negative samples for edge types: [7]
nodes.shift keys: [0, 1, 2, 3]
nodes.count keys: [0, 1, 2, 3]
links.meta: {6: (1, 3), 2: (3, 3), 8: (2, 2), 7: (3, 2), 5: (3, 3), 4: (2, 2), 3: (2, 0), 11: (3, 3), 10: (3, 3), 0: (2, 2), 9: (3, 3), 1: (3, 3)}
t_type about to use: 2
h_type: 3
shift dict: {0: 0, 1: 188, 2: 19452, 3: 20010}
count dict: Counter({1: 19264, 3: 940, 2: 558, 0: 188})
Generated 899 negative samples for edge type 7
Epoch 00015, Step00000 | Train_Loss: 0.5596 | Time: 0.0518
Epoch 00015 | Val_Loss 1.0453 | Time(s) 0.0117
EarlyStopping counter: 10 out of 40
Getting training negative samples for edge types: [7]
nodes.shift keys: [0, 1, 2, 3]
nodes.count keys: [0, 1, 2, 3]
links.meta: {6: (1, 3), 2: (3, 3), 8: (2, 2), 7: (3, 2), 5: (3, 3), 4: (2, 2), 3: (2, 0), 11: (3, 3), 10: (3, 3), 0: (2, 2), 9: (3, 3), 1: (3, 3)}
t_type about to use: 2
h_type: 3
shift dict: {0: 0, 1: 188, 2: 19452, 3: 20010}
count dict: Counter({1: 19264, 3: 940, 2: 558, 0: 188})
Generated 899 negative samples for edge type 7
Epoch 00016, Step00000 | Train_Loss: 0.5676 | Time: 0.0319
Epoch 00016 | Val_Loss 1.0434 | Time(s) 0.0248
EarlyStopping counter: 11 out of 40
Getting training negative samples for edge types: [7]
nodes.shift keys: [0, 1, 2, 3]
nodes.count keys: [0, 1, 2, 3]
links.meta: {6: (1, 3), 2: (3, 3), 8: (2, 2), 7: (3, 2), 5: (3, 3), 4: (2, 2), 3: (2, 0), 11: (3, 3), 10: (3, 3), 0: (2, 2), 9: (3, 3), 1: (3, 3)}
t_type about to use: 2
h_type: 3
shift dict: {0: 0, 1: 188, 2: 19452, 3: 20010}
count dict: Counter({1: 19264, 3: 940, 2: 558, 0: 188})
Generated 899 negative samples for edge type 7
Epoch 00017, Step00000 | Train_Loss: 0.5571 | Time: 0.0387
Epoch 00017 | Val_Loss 1.0842 | Time(s) 0.0268
EarlyStopping counter: 12 out of 40
Getting training negative samples for edge types: [7]
nodes.shift keys: [0, 1, 2, 3]
nodes.count keys: [0, 1, 2, 3]
links.meta: {6: (1, 3), 2: (3, 3), 8: (2, 2), 7: (3, 2), 5: (3, 3), 4: (2, 2), 3: (2, 0), 11: (3, 3), 10: (3, 3), 0: (2, 2), 9: (3, 3), 1: (3, 3)}
t_type about to use: 2
h_type: 3
shift dict: {0: 0, 1: 188, 2: 19452, 3: 20010}
count dict: Counter({1: 19264, 3: 940, 2: 558, 0: 188})
Generated 899 negative samples for edge type 7
Epoch 00018, Step00000 | Train_Loss: 0.5502 | Time: 0.0317
Epoch 00018 | Val_Loss 1.0763 | Time(s) 0.0313
EarlyStopping counter: 13 out of 40
Getting training negative samples for edge types: [7]
nodes.shift keys: [0, 1, 2, 3]
nodes.count keys: [0, 1, 2, 3]
links.meta: {6: (1, 3), 2: (3, 3), 8: (2, 2), 7: (3, 2), 5: (3, 3), 4: (2, 2), 3: (2, 0), 11: (3, 3), 10: (3, 3), 0: (2, 2), 9: (3, 3), 1: (3, 3)}
t_type about to use: 2
h_type: 3
shift dict: {0: 0, 1: 188, 2: 19452, 3: 20010}
count dict: Counter({1: 19264, 3: 940, 2: 558, 0: 188})
Generated 899 negative samples for edge type 7
Epoch 00019, Step00000 | Train_Loss: 0.5363 | Time: 0.0308
Epoch 00019 | Val_Loss 1.0600 | Time(s) 0.0305
EarlyStopping counter: 14 out of 40
Getting training negative samples for edge types: [7]
nodes.shift keys: [0, 1, 2, 3]
nodes.count keys: [0, 1, 2, 3]
links.meta: {6: (1, 3), 2: (3, 3), 8: (2, 2), 7: (3, 2), 5: (3, 3), 4: (2, 2), 3: (2, 0), 11: (3, 3), 10: (3, 3), 0: (2, 2), 9: (3, 3), 1: (3, 3)}
t_type about to use: 2
h_type: 3
shift dict: {0: 0, 1: 188, 2: 19452, 3: 20010}
count dict: Counter({1: 19264, 3: 940, 2: 558, 0: 188})
Generated 899 negative samples for edge type 7
Epoch 00020, Step00000 | Train_Loss: 0.5631 | Time: 0.0278
Epoch 00020 | Val_Loss 1.1102 | Time(s) 0.0160
EarlyStopping counter: 15 out of 40
Getting training negative samples for edge types: [7]
nodes.shift keys: [0, 1, 2, 3]
nodes.count keys: [0, 1, 2, 3]
links.meta: {6: (1, 3), 2: (3, 3), 8: (2, 2), 7: (3, 2), 5: (3, 3), 4: (2, 2), 3: (2, 0), 11: (3, 3), 10: (3, 3), 0: (2, 2), 9: (3, 3), 1: (3, 3)}
t_type about to use: 2
h_type: 3
shift dict: {0: 0, 1: 188, 2: 19452, 3: 20010}
count dict: Counter({1: 19264, 3: 940, 2: 558, 0: 188})
Generated 899 negative samples for edge type 7
Epoch 00021, Step00000 | Train_Loss: 0.5466 | Time: 0.0454
Epoch 00021 | Val_Loss 1.0916 | Time(s) 0.0139
EarlyStopping counter: 16 out of 40
Getting training negative samples for edge types: [7]
nodes.shift keys: [0, 1, 2, 3]
nodes.count keys: [0, 1, 2, 3]
links.meta: {6: (1, 3), 2: (3, 3), 8: (2, 2), 7: (3, 2), 5: (3, 3), 4: (2, 2), 3: (2, 0), 11: (3, 3), 10: (3, 3), 0: (2, 2), 9: (3, 3), 1: (3, 3)}
t_type about to use: 2
h_type: 3
shift dict: {0: 0, 1: 188, 2: 19452, 3: 20010}
count dict: Counter({1: 19264, 3: 940, 2: 558, 0: 188})
Generated 899 negative samples for edge type 7
Epoch 00022, Step00000 | Train_Loss: 0.5421 | Time: 0.0438
Epoch 00022 | Val_Loss 1.1272 | Time(s) 0.0100
EarlyStopping counter: 17 out of 40
Getting training negative samples for edge types: [7]
nodes.shift keys: [0, 1, 2, 3]
nodes.count keys: [0, 1, 2, 3]
links.meta: {6: (1, 3), 2: (3, 3), 8: (2, 2), 7: (3, 2), 5: (3, 3), 4: (2, 2), 3: (2, 0), 11: (3, 3), 10: (3, 3), 0: (2, 2), 9: (3, 3), 1: (3, 3)}
t_type about to use: 2
h_type: 3
shift dict: {0: 0, 1: 188, 2: 19452, 3: 20010}
count dict: Counter({1: 19264, 3: 940, 2: 558, 0: 188})
Generated 899 negative samples for edge type 7
Epoch 00023, Step00000 | Train_Loss: 0.5650 | Time: 0.0500
Epoch 00023 | Val_Loss 1.0398 | Time(s) 0.0115
EarlyStopping counter: 18 out of 40
Getting training negative samples for edge types: [7]
nodes.shift keys: [0, 1, 2, 3]
nodes.count keys: [0, 1, 2, 3]
links.meta: {6: (1, 3), 2: (3, 3), 8: (2, 2), 7: (3, 2), 5: (3, 3), 4: (2, 2), 3: (2, 0), 11: (3, 3), 10: (3, 3), 0: (2, 2), 9: (3, 3), 1: (3, 3)}
t_type about to use: 2
h_type: 3
shift dict: {0: 0, 1: 188, 2: 19452, 3: 20010}
count dict: Counter({1: 19264, 3: 940, 2: 558, 0: 188})
Generated 899 negative samples for edge type 7
Epoch 00024, Step00000 | Train_Loss: 0.5364 | Time: 0.0423
Epoch 00024 | Val_Loss 0.9899 | Time(s) 0.0130
EarlyStopping counter: 19 out of 40
Getting training negative samples for edge types: [7]
nodes.shift keys: [0, 1, 2, 3]
nodes.count keys: [0, 1, 2, 3]
links.meta: {6: (1, 3), 2: (3, 3), 8: (2, 2), 7: (3, 2), 5: (3, 3), 4: (2, 2), 3: (2, 0), 11: (3, 3), 10: (3, 3), 0: (2, 2), 9: (3, 3), 1: (3, 3)}
t_type about to use: 2
h_type: 3
shift dict: {0: 0, 1: 188, 2: 19452, 3: 20010}
count dict: Counter({1: 19264, 3: 940, 2: 558, 0: 188})
Generated 899 negative samples for edge type 7
Epoch 00025, Step00000 | Train_Loss: 0.5432 | Time: 0.0271
Epoch 00025 | Val_Loss 0.9765 | Time(s) 0.0296
EarlyStopping counter: 20 out of 40
Getting training negative samples for edge types: [7]
nodes.shift keys: [0, 1, 2, 3]
nodes.count keys: [0, 1, 2, 3]
links.meta: {6: (1, 3), 2: (3, 3), 8: (2, 2), 7: (3, 2), 5: (3, 3), 4: (2, 2), 3: (2, 0), 11: (3, 3), 10: (3, 3), 0: (2, 2), 9: (3, 3), 1: (3, 3)}
t_type about to use: 2
h_type: 3
shift dict: {0: 0, 1: 188, 2: 19452, 3: 20010}
count dict: Counter({1: 19264, 3: 940, 2: 558, 0: 188})
Generated 899 negative samples for edge type 7
Epoch 00026, Step00000 | Train_Loss: 0.5500 | Time: 0.0272
Epoch 00026 | Val_Loss 1.0278 | Time(s) 0.0248
EarlyStopping counter: 21 out of 40
Getting training negative samples for edge types: [7]
nodes.shift keys: [0, 1, 2, 3]
nodes.count keys: [0, 1, 2, 3]
links.meta: {6: (1, 3), 2: (3, 3), 8: (2, 2), 7: (3, 2), 5: (3, 3), 4: (2, 2), 3: (2, 0), 11: (3, 3), 10: (3, 3), 0: (2, 2), 9: (3, 3), 1: (3, 3)}
t_type about to use: 2
h_type: 3
shift dict: {0: 0, 1: 188, 2: 19452, 3: 20010}
count dict: Counter({1: 19264, 3: 940, 2: 558, 0: 188})
Generated 899 negative samples for edge type 7
Epoch 00027, Step00000 | Train_Loss: 0.5342 | Time: 0.0285
Epoch 00027 | Val_Loss 0.9843 | Time(s) 0.0146
EarlyStopping counter: 22 out of 40
Getting training negative samples for edge types: [7]
nodes.shift keys: [0, 1, 2, 3]
nodes.count keys: [0, 1, 2, 3]
links.meta: {6: (1, 3), 2: (3, 3), 8: (2, 2), 7: (3, 2), 5: (3, 3), 4: (2, 2), 3: (2, 0), 11: (3, 3), 10: (3, 3), 0: (2, 2), 9: (3, 3), 1: (3, 3)}
t_type about to use: 2
h_type: 3
shift dict: {0: 0, 1: 188, 2: 19452, 3: 20010}
count dict: Counter({1: 19264, 3: 940, 2: 558, 0: 188})
Generated 899 negative samples for edge type 7
Epoch 00028, Step00000 | Train_Loss: 0.5301 | Time: 0.0429
Epoch 00028 | Val_Loss 0.9742 | Time(s) 0.0103
EarlyStopping counter: 23 out of 40
Getting training negative samples for edge types: [7]
nodes.shift keys: [0, 1, 2, 3]
nodes.count keys: [0, 1, 2, 3]
links.meta: {6: (1, 3), 2: (3, 3), 8: (2, 2), 7: (3, 2), 5: (3, 3), 4: (2, 2), 3: (2, 0), 11: (3, 3), 10: (3, 3), 0: (2, 2), 9: (3, 3), 1: (3, 3)}
t_type about to use: 2
h_type: 3
shift dict: {0: 0, 1: 188, 2: 19452, 3: 20010}
count dict: Counter({1: 19264, 3: 940, 2: 558, 0: 188})
Generated 899 negative samples for edge type 7
Epoch 00029, Step00000 | Train_Loss: 0.5391 | Time: 0.0487
Epoch 00029 | Val_Loss 1.0342 | Time(s) 0.0125
EarlyStopping counter: 24 out of 40
Getting training negative samples for edge types: [7]
nodes.shift keys: [0, 1, 2, 3]
nodes.count keys: [0, 1, 2, 3]
links.meta: {6: (1, 3), 2: (3, 3), 8: (2, 2), 7: (3, 2), 5: (3, 3), 4: (2, 2), 3: (2, 0), 11: (3, 3), 10: (3, 3), 0: (2, 2), 9: (3, 3), 1: (3, 3)}
t_type about to use: 2
h_type: 3
shift dict: {0: 0, 1: 188, 2: 19452, 3: 20010}
count dict: Counter({1: 19264, 3: 940, 2: 558, 0: 188})
Generated 899 negative samples for edge type 7
Epoch 00030, Step00000 | Train_Loss: 0.5425 | Time: 0.0509
Epoch 00030 | Val_Loss 1.0501 | Time(s) 0.0121
EarlyStopping counter: 25 out of 40
Getting training negative samples for edge types: [7]
nodes.shift keys: [0, 1, 2, 3]
nodes.count keys: [0, 1, 2, 3]
links.meta: {6: (1, 3), 2: (3, 3), 8: (2, 2), 7: (3, 2), 5: (3, 3), 4: (2, 2), 3: (2, 0), 11: (3, 3), 10: (3, 3), 0: (2, 2), 9: (3, 3), 1: (3, 3)}
t_type about to use: 2
h_type: 3
shift dict: {0: 0, 1: 188, 2: 19452, 3: 20010}
count dict: Counter({1: 19264, 3: 940, 2: 558, 0: 188})
Generated 899 negative samples for edge type 7
Epoch 00031, Step00000 | Train_Loss: 0.5248 | Time: 0.0322
Epoch 00031 | Val_Loss 1.0030 | Time(s) 0.0232
EarlyStopping counter: 26 out of 40
Getting training negative samples for edge types: [7]
nodes.shift keys: [0, 1, 2, 3]
nodes.count keys: [0, 1, 2, 3]
links.meta: {6: (1, 3), 2: (3, 3), 8: (2, 2), 7: (3, 2), 5: (3, 3), 4: (2, 2), 3: (2, 0), 11: (3, 3), 10: (3, 3), 0: (2, 2), 9: (3, 3), 1: (3, 3)}
t_type about to use: 2
h_type: 3
shift dict: {0: 0, 1: 188, 2: 19452, 3: 20010}
count dict: Counter({1: 19264, 3: 940, 2: 558, 0: 188})
Generated 899 negative samples for edge type 7
Epoch 00032, Step00000 | Train_Loss: 0.5369 | Time: 0.0273
Epoch 00032 | Val_Loss 1.0466 | Time(s) 0.0265
EarlyStopping counter: 27 out of 40
Getting training negative samples for edge types: [7]
nodes.shift keys: [0, 1, 2, 3]
nodes.count keys: [0, 1, 2, 3]
links.meta: {6: (1, 3), 2: (3, 3), 8: (2, 2), 7: (3, 2), 5: (3, 3), 4: (2, 2), 3: (2, 0), 11: (3, 3), 10: (3, 3), 0: (2, 2), 9: (3, 3), 1: (3, 3)}
t_type about to use: 2
h_type: 3
shift dict: {0: 0, 1: 188, 2: 19452, 3: 20010}
count dict: Counter({1: 19264, 3: 940, 2: 558, 0: 188})
Generated 899 negative samples for edge type 7
Epoch 00033, Step00000 | Train_Loss: 0.5433 | Time: 0.0269
Epoch 00033 | Val_Loss 1.0242 | Time(s) 0.0205
EarlyStopping counter: 28 out of 40
Getting training negative samples for edge types: [7]
nodes.shift keys: [0, 1, 2, 3]
nodes.count keys: [0, 1, 2, 3]
links.meta: {6: (1, 3), 2: (3, 3), 8: (2, 2), 7: (3, 2), 5: (3, 3), 4: (2, 2), 3: (2, 0), 11: (3, 3), 10: (3, 3), 0: (2, 2), 9: (3, 3), 1: (3, 3)}
t_type about to use: 2
h_type: 3
shift dict: {0: 0, 1: 188, 2: 19452, 3: 20010}
count dict: Counter({1: 19264, 3: 940, 2: 558, 0: 188})
Generated 899 negative samples for edge type 7
Epoch 00034, Step00000 | Train_Loss: 0.5386 | Time: 0.0326
Epoch 00034 | Val_Loss 1.1242 | Time(s) 0.0144
EarlyStopping counter: 29 out of 40
Getting training negative samples for edge types: [7]
nodes.shift keys: [0, 1, 2, 3]
nodes.count keys: [0, 1, 2, 3]
links.meta: {6: (1, 3), 2: (3, 3), 8: (2, 2), 7: (3, 2), 5: (3, 3), 4: (2, 2), 3: (2, 0), 11: (3, 3), 10: (3, 3), 0: (2, 2), 9: (3, 3), 1: (3, 3)}
t_type about to use: 2
h_type: 3
shift dict: {0: 0, 1: 188, 2: 19452, 3: 20010}
count dict: Counter({1: 19264, 3: 940, 2: 558, 0: 188})
Generated 899 negative samples for edge type 7
Epoch 00035, Step00000 | Train_Loss: 0.5324 | Time: 0.0444
Epoch 00035 | Val_Loss 1.1374 | Time(s) 0.0102
EarlyStopping counter: 30 out of 40
Getting training negative samples for edge types: [7]
nodes.shift keys: [0, 1, 2, 3]
nodes.count keys: [0, 1, 2, 3]
links.meta: {6: (1, 3), 2: (3, 3), 8: (2, 2), 7: (3, 2), 5: (3, 3), 4: (2, 2), 3: (2, 0), 11: (3, 3), 10: (3, 3), 0: (2, 2), 9: (3, 3), 1: (3, 3)}
t_type about to use: 2
h_type: 3
shift dict: {0: 0, 1: 188, 2: 19452, 3: 20010}
count dict: Counter({1: 19264, 3: 940, 2: 558, 0: 188})
Generated 899 negative samples for edge type 7
Epoch 00036, Step00000 | Train_Loss: 0.5270 | Time: 0.0513
Epoch 00036 | Val_Loss 1.1020 | Time(s) 0.0110
EarlyStopping counter: 31 out of 40
Getting training negative samples for edge types: [7]
nodes.shift keys: [0, 1, 2, 3]
nodes.count keys: [0, 1, 2, 3]
links.meta: {6: (1, 3), 2: (3, 3), 8: (2, 2), 7: (3, 2), 5: (3, 3), 4: (2, 2), 3: (2, 0), 11: (3, 3), 10: (3, 3), 0: (2, 2), 9: (3, 3), 1: (3, 3)}
t_type about to use: 2
h_type: 3
shift dict: {0: 0, 1: 188, 2: 19452, 3: 20010}
count dict: Counter({1: 19264, 3: 940, 2: 558, 0: 188})
Generated 899 negative samples for edge type 7
Epoch 00037, Step00000 | Train_Loss: 0.5314 | Time: 0.0323
Epoch 00037 | Val_Loss 1.1048 | Time(s) 0.0261
EarlyStopping counter: 32 out of 40
Getting training negative samples for edge types: [7]
nodes.shift keys: [0, 1, 2, 3]
nodes.count keys: [0, 1, 2, 3]
links.meta: {6: (1, 3), 2: (3, 3), 8: (2, 2), 7: (3, 2), 5: (3, 3), 4: (2, 2), 3: (2, 0), 11: (3, 3), 10: (3, 3), 0: (2, 2), 9: (3, 3), 1: (3, 3)}
t_type about to use: 2
h_type: 3
shift dict: {0: 0, 1: 188, 2: 19452, 3: 20010}
count dict: Counter({1: 19264, 3: 940, 2: 558, 0: 188})
Generated 899 negative samples for edge type 7
Epoch 00038, Step00000 | Train_Loss: 0.5174 | Time: 0.0265
Epoch 00038 | Val_Loss 1.1234 | Time(s) 0.0301
EarlyStopping counter: 33 out of 40
Getting training negative samples for edge types: [7]
nodes.shift keys: [0, 1, 2, 3]
nodes.count keys: [0, 1, 2, 3]
links.meta: {6: (1, 3), 2: (3, 3), 8: (2, 2), 7: (3, 2), 5: (3, 3), 4: (2, 2), 3: (2, 0), 11: (3, 3), 10: (3, 3), 0: (2, 2), 9: (3, 3), 1: (3, 3)}
t_type about to use: 2
h_type: 3
shift dict: {0: 0, 1: 188, 2: 19452, 3: 20010}
count dict: Counter({1: 19264, 3: 940, 2: 558, 0: 188})
Generated 899 negative samples for edge type 7
Epoch 00039, Step00000 | Train_Loss: 0.5241 | Time: 0.0268
Epoch 00039 | Val_Loss 1.1776 | Time(s) 0.0151
EarlyStopping counter: 34 out of 40
Getting training negative samples for edge types: [7]
nodes.shift keys: [0, 1, 2, 3]
nodes.count keys: [0, 1, 2, 3]
links.meta: {6: (1, 3), 2: (3, 3), 8: (2, 2), 7: (3, 2), 5: (3, 3), 4: (2, 2), 3: (2, 0), 11: (3, 3), 10: (3, 3), 0: (2, 2), 9: (3, 3), 1: (3, 3)}
t_type about to use: 2
h_type: 3
shift dict: {0: 0, 1: 188, 2: 19452, 3: 20010}
count dict: Counter({1: 19264, 3: 940, 2: 558, 0: 188})
Generated 899 negative samples for edge type 7
Epoch 00040, Step00000 | Train_Loss: 0.5096 | Time: 0.0435
Epoch 00040 | Val_Loss 1.0757 | Time(s) 0.0112
EarlyStopping counter: 35 out of 40
Getting training negative samples for edge types: [7]
nodes.shift keys: [0, 1, 2, 3]
nodes.count keys: [0, 1, 2, 3]
links.meta: {6: (1, 3), 2: (3, 3), 8: (2, 2), 7: (3, 2), 5: (3, 3), 4: (2, 2), 3: (2, 0), 11: (3, 3), 10: (3, 3), 0: (2, 2), 9: (3, 3), 1: (3, 3)}
t_type about to use: 2
h_type: 3
shift dict: {0: 0, 1: 188, 2: 19452, 3: 20010}
count dict: Counter({1: 19264, 3: 940, 2: 558, 0: 188})
Generated 899 negative samples for edge type 7
Epoch 00041, Step00000 | Train_Loss: 0.5361 | Time: 0.0500
Epoch 00041 | Val_Loss 1.0435 | Time(s) 0.0129
EarlyStopping counter: 36 out of 40
Getting training negative samples for edge types: [7]
nodes.shift keys: [0, 1, 2, 3]
nodes.count keys: [0, 1, 2, 3]
links.meta: {6: (1, 3), 2: (3, 3), 8: (2, 2), 7: (3, 2), 5: (3, 3), 4: (2, 2), 3: (2, 0), 11: (3, 3), 10: (3, 3), 0: (2, 2), 9: (3, 3), 1: (3, 3)}
t_type about to use: 2
h_type: 3
shift dict: {0: 0, 1: 188, 2: 19452, 3: 20010}
count dict: Counter({1: 19264, 3: 940, 2: 558, 0: 188})
Generated 899 negative samples for edge type 7
Epoch 00042, Step00000 | Train_Loss: 0.5236 | Time: 0.0510
Epoch 00042 | Val_Loss 1.1321 | Time(s) 0.0106
EarlyStopping counter: 37 out of 40
Getting training negative samples for edge types: [7]
nodes.shift keys: [0, 1, 2, 3]
nodes.count keys: [0, 1, 2, 3]
links.meta: {6: (1, 3), 2: (3, 3), 8: (2, 2), 7: (3, 2), 5: (3, 3), 4: (2, 2), 3: (2, 0), 11: (3, 3), 10: (3, 3), 0: (2, 2), 9: (3, 3), 1: (3, 3)}
t_type about to use: 2
h_type: 3
shift dict: {0: 0, 1: 188, 2: 19452, 3: 20010}
count dict: Counter({1: 19264, 3: 940, 2: 558, 0: 188})
Generated 899 negative samples for edge type 7
Epoch 00043, Step00000 | Train_Loss: 0.5172 | Time: 0.0330
Epoch 00043 | Val_Loss 1.0646 | Time(s) 0.0232
EarlyStopping counter: 38 out of 40
Getting training negative samples for edge types: [7]
nodes.shift keys: [0, 1, 2, 3]
nodes.count keys: [0, 1, 2, 3]
links.meta: {6: (1, 3), 2: (3, 3), 8: (2, 2), 7: (3, 2), 5: (3, 3), 4: (2, 2), 3: (2, 0), 11: (3, 3), 10: (3, 3), 0: (2, 2), 9: (3, 3), 1: (3, 3)}
t_type about to use: 2
h_type: 3
shift dict: {0: 0, 1: 188, 2: 19452, 3: 20010}
count dict: Counter({1: 19264, 3: 940, 2: 558, 0: 188})
Generated 899 negative samples for edge type 7
Epoch 00044, Step00000 | Train_Loss: 0.5194 | Time: 0.0263
Epoch 00044 | Val_Loss 1.0333 | Time(s) 0.0266
EarlyStopping counter: 39 out of 40
Getting training negative samples for edge types: [7]
nodes.shift keys: [0, 1, 2, 3]
nodes.count keys: [0, 1, 2, 3]
links.meta: {6: (1, 3), 2: (3, 3), 8: (2, 2), 7: (3, 2), 5: (3, 3), 4: (2, 2), 3: (2, 0), 11: (3, 3), 10: (3, 3), 0: (2, 2), 9: (3, 3), 1: (3, 3)}
t_type about to use: 2
h_type: 3
shift dict: {0: 0, 1: 188, 2: 19452, 3: 20010}
count dict: Counter({1: 19264, 3: 940, 2: 558, 0: 188})
Generated 899 negative samples for edge type 7
Epoch 00045, Step00000 | Train_Loss: 0.5148 | Time: 0.0273
Epoch 00045 | Val_Loss 1.0309 | Time(s) 0.0150
EarlyStopping counter: 40 out of 40
Early stopping!
Early stopping!
Meta keys: dict_keys([7])
Data keys: dict_keys([7])
Edge type: 7, Meta: (3, 2)
{'roc_auc': 0.5382971847170352, 'MRR': 0.7736318407960199}
{'roc_auc': 0.6694376615914966, 'MRR': 0.8379353233830845}
defaultdict(<class 'float'>, {'roc_auc': 0.5382971847170352, 'MRR': 0.7736318407960199})
defaultdict(<class 'float'>, {'roc_auc': 0.6694376615914966, 'MRR': 0.8379353233830845})
Completed: amazon_style_ccct_features_securebert_fold_2

--------------------------------------
Running model: SimpleHGN
Dataset: amazon_style_ccct_features_securebert_fold_3
--------------------------------------
Data path: ../../data/amazon_style_ccct_features_securebert_fold_3
Loading nodes from ../../data/amazon_style_ccct_features_securebert_fold_3/node.dat
edge types: dict_keys([6, 2, 8, 7, 5, 4, 3, 11, 10, 0, 9, 1])
Getting training negative samples for edge types: [7]
nodes.shift keys: [0, 1, 2, 3]
nodes.count keys: [0, 1, 2, 3]
links.meta: {6: (1, 3), 2: (3, 3), 8: (2, 2), 7: (3, 2), 5: (3, 3), 4: (2, 2), 3: (2, 0), 11: (3, 3), 10: (3, 3), 0: (2, 2), 9: (3, 3), 1: (3, 3)}
t_type about to use: 2
h_type: 3
shift dict: {0: 0, 1: 188, 2: 19452, 3: 20010}
count dict: Counter({1: 19264, 3: 940, 2: 558, 0: 188})
Generated 899 negative samples for edge type 7
Features List: [array([[ 0.00445206,  0.01268557,  0.22351578, ..., -0.28678206,
        -0.37460288,  0.18294938],
       [-0.18744846,  0.07075578,  0.0476894 , ..., -0.2232531 ,
        -0.19588573,  0.47988179],
       [-0.17451471, -0.04557271,  0.15712288, ..., -0.05391889,
        -0.20500693,  0.23744845],
       ...,
       [-0.40584856,  0.04715464,  0.24475315, ..., -0.12466257,
        -0.2035536 ,  0.28577447],
       [-0.18835557,  0.03822717,  0.03586731, ..., -0.23435652,
        -0.35453227,  0.38753107],
       [-0.13632202,  0.14362322,  0.08668749, ..., -0.24145249,
        -0.25799868,  0.26464131]]), array([[-0.02302658,  0.0368569 ,  0.00652144, ..., -0.02803515,
        -0.00893309,  0.00342051],
       [-0.01979104,  0.04036582,  0.01475144, ..., -0.00661969,
        -0.01504144,  0.01323287],
       [-0.02346251,  0.03577969,  0.00104941, ..., -0.01948969,
        -0.02273973,  0.01956808],
       ...,
       [ 0.01112562,  0.01252526, -0.00604169, ..., -0.02203615,
        -0.00625044, -0.01684516],
       [-0.02297131,  0.02604213,  0.00098649, ...,  0.00838303,
        -0.00321861, -0.00570687],
       [-0.01075894,  0.00767744, -0.01424407, ..., -0.02184941,
         0.02614397, -0.01134232]]), array([[ 0.00791158, -0.00538086, -0.02676104, ..., -0.01897389,
        -0.01306979, -0.00084801],
       [ 0.01682901, -0.00649696, -0.01921631, ..., -0.01401017,
        -0.0039668 , -0.02202195],
       [ 0.02197852, -0.01403735, -0.05225722, ...,  0.02019661,
         0.00528841,  0.0033033 ],
       ...,
       [ 0.01603197,  0.00716993, -0.01245602, ..., -0.01399604,
        -0.00058955, -0.0256807 ],
       [ 0.01039577,  0.02045547, -0.02146293, ...,  0.01017929,
         0.02390171,  0.00134994],
       [ 0.00462414,  0.0041195 , -0.0135733 , ..., -0.01101827,
         0.00813001,  0.0203817 ]]), array([[ 0.00087804,  0.00658507, -0.02514569, ..., -0.04238372,
         0.00850771, -0.02565438],
       [-0.0006986 ,  0.01542003, -0.03227317, ..., -0.01301633,
         0.01559736, -0.03614859],
       [-0.01135348,  0.00974955, -0.01812623, ..., -0.01920343,
         0.00887381, -0.0152928 ],
       ...,
       [ 0.00701895, -0.01539859, -0.03025482, ..., -0.03644368,
         0.01254067, -0.0236606 ],
       [-0.00414097,  0.00144739, -0.05197839, ...,  0.00216818,
         0.02755725, -0.03143983],
       [ 0.01779867, -0.02493452, -0.0391779 , ..., -0.01159797,
        -0.00619852, -0.02449675]])]
Getting training negative samples for edge types: [7]
nodes.shift keys: [0, 1, 2, 3]
nodes.count keys: [0, 1, 2, 3]
links.meta: {6: (1, 3), 2: (3, 3), 8: (2, 2), 7: (3, 2), 5: (3, 3), 4: (2, 2), 3: (2, 0), 11: (3, 3), 10: (3, 3), 0: (2, 2), 9: (3, 3), 1: (3, 3)}
t_type about to use: 2
h_type: 3
shift dict: {0: 0, 1: 188, 2: 19452, 3: 20010}
count dict: Counter({1: 19264, 3: 940, 2: 558, 0: 188})
Generated 899 negative samples for edge type 7
Epoch 00000, Step00000 | Train_Loss: 0.6927 | Time: 0.6247
Epoch 00000 | Val_Loss 0.6839 | Time(s) 0.0090
Validation loss decreased (inf --> 0.683936).  Saving model ...
Getting training negative samples for edge types: [7]
nodes.shift keys: [0, 1, 2, 3]
nodes.count keys: [0, 1, 2, 3]
links.meta: {6: (1, 3), 2: (3, 3), 8: (2, 2), 7: (3, 2), 5: (3, 3), 4: (2, 2), 3: (2, 0), 11: (3, 3), 10: (3, 3), 0: (2, 2), 9: (3, 3), 1: (3, 3)}
t_type about to use: 2
h_type: 3
shift dict: {0: 0, 1: 188, 2: 19452, 3: 20010}
count dict: Counter({1: 19264, 3: 940, 2: 558, 0: 188})
Generated 899 negative samples for edge type 7
Epoch 00001, Step00000 | Train_Loss: 0.6836 | Time: 0.0369
Epoch 00001 | Val_Loss 0.6791 | Time(s) 0.0265
Validation loss decreased (0.683936 --> 0.679115).  Saving model ...
Getting training negative samples for edge types: [7]
nodes.shift keys: [0, 1, 2, 3]
nodes.count keys: [0, 1, 2, 3]
links.meta: {6: (1, 3), 2: (3, 3), 8: (2, 2), 7: (3, 2), 5: (3, 3), 4: (2, 2), 3: (2, 0), 11: (3, 3), 10: (3, 3), 0: (2, 2), 9: (3, 3), 1: (3, 3)}
t_type about to use: 2
h_type: 3
shift dict: {0: 0, 1: 188, 2: 19452, 3: 20010}
count dict: Counter({1: 19264, 3: 940, 2: 558, 0: 188})
Generated 899 negative samples for edge type 7
Epoch 00002, Step00000 | Train_Loss: 0.6765 | Time: 0.0511
Epoch 00002 | Val_Loss 0.6787 | Time(s) 0.0136
Validation loss decreased (0.679115 --> 0.678719).  Saving model ...
Getting training negative samples for edge types: [7]
nodes.shift keys: [0, 1, 2, 3]
nodes.count keys: [0, 1, 2, 3]
links.meta: {6: (1, 3), 2: (3, 3), 8: (2, 2), 7: (3, 2), 5: (3, 3), 4: (2, 2), 3: (2, 0), 11: (3, 3), 10: (3, 3), 0: (2, 2), 9: (3, 3), 1: (3, 3)}
t_type about to use: 2
h_type: 3
shift dict: {0: 0, 1: 188, 2: 19452, 3: 20010}
count dict: Counter({1: 19264, 3: 940, 2: 558, 0: 188})
Generated 899 negative samples for edge type 7
Epoch 00003, Step00000 | Train_Loss: 0.6617 | Time: 0.0333
Epoch 00003 | Val_Loss 0.6658 | Time(s) 0.0147
Validation loss decreased (0.678719 --> 0.665766).  Saving model ...
Getting training negative samples for edge types: [7]
nodes.shift keys: [0, 1, 2, 3]
nodes.count keys: [0, 1, 2, 3]
links.meta: {6: (1, 3), 2: (3, 3), 8: (2, 2), 7: (3, 2), 5: (3, 3), 4: (2, 2), 3: (2, 0), 11: (3, 3), 10: (3, 3), 0: (2, 2), 9: (3, 3), 1: (3, 3)}
t_type about to use: 2
h_type: 3
shift dict: {0: 0, 1: 188, 2: 19452, 3: 20010}
count dict: Counter({1: 19264, 3: 940, 2: 558, 0: 188})
Generated 899 negative samples for edge type 7
Epoch 00004, Step00000 | Train_Loss: 0.6531 | Time: 0.0303
Epoch 00004 | Val_Loss 0.6839 | Time(s) 0.0287
EarlyStopping counter: 1 out of 40
Getting training negative samples for edge types: [7]
nodes.shift keys: [0, 1, 2, 3]
nodes.count keys: [0, 1, 2, 3]
links.meta: {6: (1, 3), 2: (3, 3), 8: (2, 2), 7: (3, 2), 5: (3, 3), 4: (2, 2), 3: (2, 0), 11: (3, 3), 10: (3, 3), 0: (2, 2), 9: (3, 3), 1: (3, 3)}
t_type about to use: 2
h_type: 3
shift dict: {0: 0, 1: 188, 2: 19452, 3: 20010}
count dict: Counter({1: 19264, 3: 940, 2: 558, 0: 188})
Generated 899 negative samples for edge type 7
Epoch 00005, Step00000 | Train_Loss: 0.6418 | Time: 0.0330
Epoch 00005 | Val_Loss 0.6688 | Time(s) 0.0290
EarlyStopping counter: 2 out of 40
Getting training negative samples for edge types: [7]
nodes.shift keys: [0, 1, 2, 3]
nodes.count keys: [0, 1, 2, 3]
links.meta: {6: (1, 3), 2: (3, 3), 8: (2, 2), 7: (3, 2), 5: (3, 3), 4: (2, 2), 3: (2, 0), 11: (3, 3), 10: (3, 3), 0: (2, 2), 9: (3, 3), 1: (3, 3)}
t_type about to use: 2
h_type: 3
shift dict: {0: 0, 1: 188, 2: 19452, 3: 20010}
count dict: Counter({1: 19264, 3: 940, 2: 558, 0: 188})
Generated 899 negative samples for edge type 7
Epoch 00006, Step00000 | Train_Loss: 0.6283 | Time: 0.0317
Epoch 00006 | Val_Loss 0.6748 | Time(s) 0.0294
EarlyStopping counter: 3 out of 40
Getting training negative samples for edge types: [7]
nodes.shift keys: [0, 1, 2, 3]
nodes.count keys: [0, 1, 2, 3]
links.meta: {6: (1, 3), 2: (3, 3), 8: (2, 2), 7: (3, 2), 5: (3, 3), 4: (2, 2), 3: (2, 0), 11: (3, 3), 10: (3, 3), 0: (2, 2), 9: (3, 3), 1: (3, 3)}
t_type about to use: 2
h_type: 3
shift dict: {0: 0, 1: 188, 2: 19452, 3: 20010}
count dict: Counter({1: 19264, 3: 940, 2: 558, 0: 188})
Generated 899 negative samples for edge type 7
Epoch 00007, Step00000 | Train_Loss: 0.6074 | Time: 0.0271
Epoch 00007 | Val_Loss 0.7786 | Time(s) 0.0201
EarlyStopping counter: 4 out of 40
Getting training negative samples for edge types: [7]
nodes.shift keys: [0, 1, 2, 3]
nodes.count keys: [0, 1, 2, 3]
links.meta: {6: (1, 3), 2: (3, 3), 8: (2, 2), 7: (3, 2), 5: (3, 3), 4: (2, 2), 3: (2, 0), 11: (3, 3), 10: (3, 3), 0: (2, 2), 9: (3, 3), 1: (3, 3)}
t_type about to use: 2
h_type: 3
shift dict: {0: 0, 1: 188, 2: 19452, 3: 20010}
count dict: Counter({1: 19264, 3: 940, 2: 558, 0: 188})
Generated 899 negative samples for edge type 7
Epoch 00008, Step00000 | Train_Loss: 0.5983 | Time: 0.0323
Epoch 00008 | Val_Loss 0.7756 | Time(s) 0.0100
EarlyStopping counter: 5 out of 40
Getting training negative samples for edge types: [7]
nodes.shift keys: [0, 1, 2, 3]
nodes.count keys: [0, 1, 2, 3]
links.meta: {6: (1, 3), 2: (3, 3), 8: (2, 2), 7: (3, 2), 5: (3, 3), 4: (2, 2), 3: (2, 0), 11: (3, 3), 10: (3, 3), 0: (2, 2), 9: (3, 3), 1: (3, 3)}
t_type about to use: 2
h_type: 3
shift dict: {0: 0, 1: 188, 2: 19452, 3: 20010}
count dict: Counter({1: 19264, 3: 940, 2: 558, 0: 188})
Generated 899 negative samples for edge type 7
Epoch 00009, Step00000 | Train_Loss: 0.5909 | Time: 0.0469
Epoch 00009 | Val_Loss 0.7846 | Time(s) 0.0145
EarlyStopping counter: 6 out of 40
Getting training negative samples for edge types: [7]
nodes.shift keys: [0, 1, 2, 3]
nodes.count keys: [0, 1, 2, 3]
links.meta: {6: (1, 3), 2: (3, 3), 8: (2, 2), 7: (3, 2), 5: (3, 3), 4: (2, 2), 3: (2, 0), 11: (3, 3), 10: (3, 3), 0: (2, 2), 9: (3, 3), 1: (3, 3)}
t_type about to use: 2
h_type: 3
shift dict: {0: 0, 1: 188, 2: 19452, 3: 20010}
count dict: Counter({1: 19264, 3: 940, 2: 558, 0: 188})
Generated 899 negative samples for edge type 7
Epoch 00010, Step00000 | Train_Loss: 0.5821 | Time: 0.0495
Epoch 00010 | Val_Loss 0.8704 | Time(s) 0.0092
EarlyStopping counter: 7 out of 40
Getting training negative samples for edge types: [7]
nodes.shift keys: [0, 1, 2, 3]
nodes.count keys: [0, 1, 2, 3]
links.meta: {6: (1, 3), 2: (3, 3), 8: (2, 2), 7: (3, 2), 5: (3, 3), 4: (2, 2), 3: (2, 0), 11: (3, 3), 10: (3, 3), 0: (2, 2), 9: (3, 3), 1: (3, 3)}
t_type about to use: 2
h_type: 3
shift dict: {0: 0, 1: 188, 2: 19452, 3: 20010}
count dict: Counter({1: 19264, 3: 940, 2: 558, 0: 188})
Generated 899 negative samples for edge type 7
Epoch 00011, Step00000 | Train_Loss: 0.5606 | Time: 0.0498
Epoch 00011 | Val_Loss 0.8863 | Time(s) 0.0097
EarlyStopping counter: 8 out of 40
Getting training negative samples for edge types: [7]
nodes.shift keys: [0, 1, 2, 3]
nodes.count keys: [0, 1, 2, 3]
links.meta: {6: (1, 3), 2: (3, 3), 8: (2, 2), 7: (3, 2), 5: (3, 3), 4: (2, 2), 3: (2, 0), 11: (3, 3), 10: (3, 3), 0: (2, 2), 9: (3, 3), 1: (3, 3)}
t_type about to use: 2
h_type: 3
shift dict: {0: 0, 1: 188, 2: 19452, 3: 20010}
count dict: Counter({1: 19264, 3: 940, 2: 558, 0: 188})
Generated 899 negative samples for edge type 7
Epoch 00012, Step00000 | Train_Loss: 0.5699 | Time: 0.0330
Epoch 00012 | Val_Loss 0.9378 | Time(s) 0.0268
EarlyStopping counter: 9 out of 40
Getting training negative samples for edge types: [7]
nodes.shift keys: [0, 1, 2, 3]
nodes.count keys: [0, 1, 2, 3]
links.meta: {6: (1, 3), 2: (3, 3), 8: (2, 2), 7: (3, 2), 5: (3, 3), 4: (2, 2), 3: (2, 0), 11: (3, 3), 10: (3, 3), 0: (2, 2), 9: (3, 3), 1: (3, 3)}
t_type about to use: 2
h_type: 3
shift dict: {0: 0, 1: 188, 2: 19452, 3: 20010}
count dict: Counter({1: 19264, 3: 940, 2: 558, 0: 188})
Generated 899 negative samples for edge type 7
Epoch 00013, Step00000 | Train_Loss: 0.5772 | Time: 0.0289
Epoch 00013 | Val_Loss 0.9543 | Time(s) 0.0244
EarlyStopping counter: 10 out of 40
Getting training negative samples for edge types: [7]
nodes.shift keys: [0, 1, 2, 3]
nodes.count keys: [0, 1, 2, 3]
links.meta: {6: (1, 3), 2: (3, 3), 8: (2, 2), 7: (3, 2), 5: (3, 3), 4: (2, 2), 3: (2, 0), 11: (3, 3), 10: (3, 3), 0: (2, 2), 9: (3, 3), 1: (3, 3)}
t_type about to use: 2
h_type: 3
shift dict: {0: 0, 1: 188, 2: 19452, 3: 20010}
count dict: Counter({1: 19264, 3: 940, 2: 558, 0: 188})
Generated 899 negative samples for edge type 7
Epoch 00014, Step00000 | Train_Loss: 0.5618 | Time: 0.0292
Epoch 00014 | Val_Loss 1.0459 | Time(s) 0.0144
EarlyStopping counter: 11 out of 40
Getting training negative samples for edge types: [7]
nodes.shift keys: [0, 1, 2, 3]
nodes.count keys: [0, 1, 2, 3]
links.meta: {6: (1, 3), 2: (3, 3), 8: (2, 2), 7: (3, 2), 5: (3, 3), 4: (2, 2), 3: (2, 0), 11: (3, 3), 10: (3, 3), 0: (2, 2), 9: (3, 3), 1: (3, 3)}
t_type about to use: 2
h_type: 3
shift dict: {0: 0, 1: 188, 2: 19452, 3: 20010}
count dict: Counter({1: 19264, 3: 940, 2: 558, 0: 188})
Generated 899 negative samples for edge type 7
Epoch 00015, Step00000 | Train_Loss: 0.5467 | Time: 0.0435
Epoch 00015 | Val_Loss 0.9447 | Time(s) 0.0093
EarlyStopping counter: 12 out of 40
Getting training negative samples for edge types: [7]
nodes.shift keys: [0, 1, 2, 3]
nodes.count keys: [0, 1, 2, 3]
links.meta: {6: (1, 3), 2: (3, 3), 8: (2, 2), 7: (3, 2), 5: (3, 3), 4: (2, 2), 3: (2, 0), 11: (3, 3), 10: (3, 3), 0: (2, 2), 9: (3, 3), 1: (3, 3)}
t_type about to use: 2
h_type: 3
shift dict: {0: 0, 1: 188, 2: 19452, 3: 20010}
count dict: Counter({1: 19264, 3: 940, 2: 558, 0: 188})
Generated 899 negative samples for edge type 7
Epoch 00016, Step00000 | Train_Loss: 0.5553 | Time: 0.0501
Epoch 00016 | Val_Loss 1.0399 | Time(s) 0.0099
EarlyStopping counter: 13 out of 40
Getting training negative samples for edge types: [7]
nodes.shift keys: [0, 1, 2, 3]
nodes.count keys: [0, 1, 2, 3]
links.meta: {6: (1, 3), 2: (3, 3), 8: (2, 2), 7: (3, 2), 5: (3, 3), 4: (2, 2), 3: (2, 0), 11: (3, 3), 10: (3, 3), 0: (2, 2), 9: (3, 3), 1: (3, 3)}
t_type about to use: 2
h_type: 3
shift dict: {0: 0, 1: 188, 2: 19452, 3: 20010}
count dict: Counter({1: 19264, 3: 940, 2: 558, 0: 188})
Generated 899 negative samples for edge type 7
Epoch 00017, Step00000 | Train_Loss: 0.5393 | Time: 0.0453
Epoch 00017 | Val_Loss 1.1076 | Time(s) 0.0108
EarlyStopping counter: 14 out of 40
Getting training negative samples for edge types: [7]
nodes.shift keys: [0, 1, 2, 3]
nodes.count keys: [0, 1, 2, 3]
links.meta: {6: (1, 3), 2: (3, 3), 8: (2, 2), 7: (3, 2), 5: (3, 3), 4: (2, 2), 3: (2, 0), 11: (3, 3), 10: (3, 3), 0: (2, 2), 9: (3, 3), 1: (3, 3)}
t_type about to use: 2
h_type: 3
shift dict: {0: 0, 1: 188, 2: 19452, 3: 20010}
count dict: Counter({1: 19264, 3: 940, 2: 558, 0: 188})
Generated 899 negative samples for edge type 7
Epoch 00018, Step00000 | Train_Loss: 0.5460 | Time: 0.0355
Epoch 00018 | Val_Loss 1.0794 | Time(s) 0.0232
EarlyStopping counter: 15 out of 40
Getting training negative samples for edge types: [7]
nodes.shift keys: [0, 1, 2, 3]
nodes.count keys: [0, 1, 2, 3]
links.meta: {6: (1, 3), 2: (3, 3), 8: (2, 2), 7: (3, 2), 5: (3, 3), 4: (2, 2), 3: (2, 0), 11: (3, 3), 10: (3, 3), 0: (2, 2), 9: (3, 3), 1: (3, 3)}
t_type about to use: 2
h_type: 3
shift dict: {0: 0, 1: 188, 2: 19452, 3: 20010}
count dict: Counter({1: 19264, 3: 940, 2: 558, 0: 188})
Generated 899 negative samples for edge type 7
Epoch 00019, Step00000 | Train_Loss: 0.5668 | Time: 0.0265
Epoch 00019 | Val_Loss 1.1517 | Time(s) 0.0268
EarlyStopping counter: 16 out of 40
Getting training negative samples for edge types: [7]
nodes.shift keys: [0, 1, 2, 3]
nodes.count keys: [0, 1, 2, 3]
links.meta: {6: (1, 3), 2: (3, 3), 8: (2, 2), 7: (3, 2), 5: (3, 3), 4: (2, 2), 3: (2, 0), 11: (3, 3), 10: (3, 3), 0: (2, 2), 9: (3, 3), 1: (3, 3)}
t_type about to use: 2
h_type: 3
shift dict: {0: 0, 1: 188, 2: 19452, 3: 20010}
count dict: Counter({1: 19264, 3: 940, 2: 558, 0: 188})
Generated 899 negative samples for edge type 7
Epoch 00020, Step00000 | Train_Loss: 0.5449 | Time: 0.0280
Epoch 00020 | Val_Loss 1.0513 | Time(s) 0.0197
EarlyStopping counter: 17 out of 40
Getting training negative samples for edge types: [7]
nodes.shift keys: [0, 1, 2, 3]
nodes.count keys: [0, 1, 2, 3]
links.meta: {6: (1, 3), 2: (3, 3), 8: (2, 2), 7: (3, 2), 5: (3, 3), 4: (2, 2), 3: (2, 0), 11: (3, 3), 10: (3, 3), 0: (2, 2), 9: (3, 3), 1: (3, 3)}
t_type about to use: 2
h_type: 3
shift dict: {0: 0, 1: 188, 2: 19452, 3: 20010}
count dict: Counter({1: 19264, 3: 940, 2: 558, 0: 188})
Generated 899 negative samples for edge type 7
Epoch 00021, Step00000 | Train_Loss: 0.5504 | Time: 0.0336
Epoch 00021 | Val_Loss 1.0484 | Time(s) 0.0098
EarlyStopping counter: 18 out of 40
Getting training negative samples for edge types: [7]
nodes.shift keys: [0, 1, 2, 3]
nodes.count keys: [0, 1, 2, 3]
links.meta: {6: (1, 3), 2: (3, 3), 8: (2, 2), 7: (3, 2), 5: (3, 3), 4: (2, 2), 3: (2, 0), 11: (3, 3), 10: (3, 3), 0: (2, 2), 9: (3, 3), 1: (3, 3)}
t_type about to use: 2
h_type: 3
shift dict: {0: 0, 1: 188, 2: 19452, 3: 20010}
count dict: Counter({1: 19264, 3: 940, 2: 558, 0: 188})
Generated 899 negative samples for edge type 7
Epoch 00022, Step00000 | Train_Loss: 0.5388 | Time: 0.0500
Epoch 00022 | Val_Loss 1.0599 | Time(s) 0.0122
EarlyStopping counter: 19 out of 40
Getting training negative samples for edge types: [7]
nodes.shift keys: [0, 1, 2, 3]
nodes.count keys: [0, 1, 2, 3]
links.meta: {6: (1, 3), 2: (3, 3), 8: (2, 2), 7: (3, 2), 5: (3, 3), 4: (2, 2), 3: (2, 0), 11: (3, 3), 10: (3, 3), 0: (2, 2), 9: (3, 3), 1: (3, 3)}
t_type about to use: 2
h_type: 3
shift dict: {0: 0, 1: 188, 2: 19452, 3: 20010}
count dict: Counter({1: 19264, 3: 940, 2: 558, 0: 188})
Generated 899 negative samples for edge type 7
Epoch 00023, Step00000 | Train_Loss: 0.5514 | Time: 0.0504
Epoch 00023 | Val_Loss 1.0477 | Time(s) 0.0096
EarlyStopping counter: 20 out of 40
Getting training negative samples for edge types: [7]
nodes.shift keys: [0, 1, 2, 3]
nodes.count keys: [0, 1, 2, 3]
links.meta: {6: (1, 3), 2: (3, 3), 8: (2, 2), 7: (3, 2), 5: (3, 3), 4: (2, 2), 3: (2, 0), 11: (3, 3), 10: (3, 3), 0: (2, 2), 9: (3, 3), 1: (3, 3)}
t_type about to use: 2
h_type: 3
shift dict: {0: 0, 1: 188, 2: 19452, 3: 20010}
count dict: Counter({1: 19264, 3: 940, 2: 558, 0: 188})
Generated 899 negative samples for edge type 7
Epoch 00024, Step00000 | Train_Loss: 0.5341 | Time: 0.0317
Epoch 00024 | Val_Loss 1.0263 | Time(s) 0.0266
EarlyStopping counter: 21 out of 40
Getting training negative samples for edge types: [7]
nodes.shift keys: [0, 1, 2, 3]
nodes.count keys: [0, 1, 2, 3]
links.meta: {6: (1, 3), 2: (3, 3), 8: (2, 2), 7: (3, 2), 5: (3, 3), 4: (2, 2), 3: (2, 0), 11: (3, 3), 10: (3, 3), 0: (2, 2), 9: (3, 3), 1: (3, 3)}
t_type about to use: 2
h_type: 3
shift dict: {0: 0, 1: 188, 2: 19452, 3: 20010}
count dict: Counter({1: 19264, 3: 940, 2: 558, 0: 188})
Generated 899 negative samples for edge type 7
Epoch 00025, Step00000 | Train_Loss: 0.5490 | Time: 0.0268
Epoch 00025 | Val_Loss 1.0437 | Time(s) 0.0098
EarlyStopping counter: 22 out of 40
Getting training negative samples for edge types: [7]
nodes.shift keys: [0, 1, 2, 3]
nodes.count keys: [0, 1, 2, 3]
links.meta: {6: (1, 3), 2: (3, 3), 8: (2, 2), 7: (3, 2), 5: (3, 3), 4: (2, 2), 3: (2, 0), 11: (3, 3), 10: (3, 3), 0: (2, 2), 9: (3, 3), 1: (3, 3)}
t_type about to use: 2
h_type: 3
shift dict: {0: 0, 1: 188, 2: 19452, 3: 20010}
count dict: Counter({1: 19264, 3: 940, 2: 558, 0: 188})
Generated 899 negative samples for edge type 7
Epoch 00026, Step00000 | Train_Loss: 0.5362 | Time: 0.0470
Epoch 00026 | Val_Loss 1.0598 | Time(s) 0.0117
EarlyStopping counter: 23 out of 40
Getting training negative samples for edge types: [7]
nodes.shift keys: [0, 1, 2, 3]
nodes.count keys: [0, 1, 2, 3]
links.meta: {6: (1, 3), 2: (3, 3), 8: (2, 2), 7: (3, 2), 5: (3, 3), 4: (2, 2), 3: (2, 0), 11: (3, 3), 10: (3, 3), 0: (2, 2), 9: (3, 3), 1: (3, 3)}
t_type about to use: 2
h_type: 3
shift dict: {0: 0, 1: 188, 2: 19452, 3: 20010}
count dict: Counter({1: 19264, 3: 940, 2: 558, 0: 188})
Generated 899 negative samples for edge type 7
Epoch 00027, Step00000 | Train_Loss: 0.5389 | Time: 0.0500
Epoch 00027 | Val_Loss 1.1013 | Time(s) 0.0118
EarlyStopping counter: 24 out of 40
Getting training negative samples for edge types: [7]
nodes.shift keys: [0, 1, 2, 3]
nodes.count keys: [0, 1, 2, 3]
links.meta: {6: (1, 3), 2: (3, 3), 8: (2, 2), 7: (3, 2), 5: (3, 3), 4: (2, 2), 3: (2, 0), 11: (3, 3), 10: (3, 3), 0: (2, 2), 9: (3, 3), 1: (3, 3)}
t_type about to use: 2
h_type: 3
shift dict: {0: 0, 1: 188, 2: 19452, 3: 20010}
count dict: Counter({1: 19264, 3: 940, 2: 558, 0: 188})
Generated 899 negative samples for edge type 7
Epoch 00028, Step00000 | Train_Loss: 0.5366 | Time: 0.0507
Epoch 00028 | Val_Loss 1.0267 | Time(s) 0.0099
EarlyStopping counter: 25 out of 40
Getting training negative samples for edge types: [7]
nodes.shift keys: [0, 1, 2, 3]
nodes.count keys: [0, 1, 2, 3]
links.meta: {6: (1, 3), 2: (3, 3), 8: (2, 2), 7: (3, 2), 5: (3, 3), 4: (2, 2), 3: (2, 0), 11: (3, 3), 10: (3, 3), 0: (2, 2), 9: (3, 3), 1: (3, 3)}
t_type about to use: 2
h_type: 3
shift dict: {0: 0, 1: 188, 2: 19452, 3: 20010}
count dict: Counter({1: 19264, 3: 940, 2: 558, 0: 188})
Generated 899 negative samples for edge type 7
Epoch 00029, Step00000 | Train_Loss: 0.5161 | Time: 0.0425
Epoch 00029 | Val_Loss 1.0543 | Time(s) 0.0136
EarlyStopping counter: 26 out of 40
Getting training negative samples for edge types: [7]
nodes.shift keys: [0, 1, 2, 3]
nodes.count keys: [0, 1, 2, 3]
links.meta: {6: (1, 3), 2: (3, 3), 8: (2, 2), 7: (3, 2), 5: (3, 3), 4: (2, 2), 3: (2, 0), 11: (3, 3), 10: (3, 3), 0: (2, 2), 9: (3, 3), 1: (3, 3)}
t_type about to use: 2
h_type: 3
shift dict: {0: 0, 1: 188, 2: 19452, 3: 20010}
count dict: Counter({1: 19264, 3: 940, 2: 558, 0: 188})
Generated 899 negative samples for edge type 7
Epoch 00030, Step00000 | Train_Loss: 0.5537 | Time: 0.0308
Epoch 00030 | Val_Loss 1.0763 | Time(s) 0.0283
EarlyStopping counter: 27 out of 40
Getting training negative samples for edge types: [7]
nodes.shift keys: [0, 1, 2, 3]
nodes.count keys: [0, 1, 2, 3]
links.meta: {6: (1, 3), 2: (3, 3), 8: (2, 2), 7: (3, 2), 5: (3, 3), 4: (2, 2), 3: (2, 0), 11: (3, 3), 10: (3, 3), 0: (2, 2), 9: (3, 3), 1: (3, 3)}
t_type about to use: 2
h_type: 3
shift dict: {0: 0, 1: 188, 2: 19452, 3: 20010}
count dict: Counter({1: 19264, 3: 940, 2: 558, 0: 188})
Generated 899 negative samples for edge type 7
Epoch 00031, Step00000 | Train_Loss: 0.5488 | Time: 0.0268
Epoch 00031 | Val_Loss 1.1629 | Time(s) 0.0266
EarlyStopping counter: 28 out of 40
Getting training negative samples for edge types: [7]
nodes.shift keys: [0, 1, 2, 3]
nodes.count keys: [0, 1, 2, 3]
links.meta: {6: (1, 3), 2: (3, 3), 8: (2, 2), 7: (3, 2), 5: (3, 3), 4: (2, 2), 3: (2, 0), 11: (3, 3), 10: (3, 3), 0: (2, 2), 9: (3, 3), 1: (3, 3)}
t_type about to use: 2
h_type: 3
shift dict: {0: 0, 1: 188, 2: 19452, 3: 20010}
count dict: Counter({1: 19264, 3: 940, 2: 558, 0: 188})
Generated 899 negative samples for edge type 7
Epoch 00032, Step00000 | Train_Loss: 0.5422 | Time: 0.0309
Epoch 00032 | Val_Loss 1.1256 | Time(s) 0.0221
EarlyStopping counter: 29 out of 40
Getting training negative samples for edge types: [7]
nodes.shift keys: [0, 1, 2, 3]
nodes.count keys: [0, 1, 2, 3]
links.meta: {6: (1, 3), 2: (3, 3), 8: (2, 2), 7: (3, 2), 5: (3, 3), 4: (2, 2), 3: (2, 0), 11: (3, 3), 10: (3, 3), 0: (2, 2), 9: (3, 3), 1: (3, 3)}
t_type about to use: 2
h_type: 3
shift dict: {0: 0, 1: 188, 2: 19452, 3: 20010}
count dict: Counter({1: 19264, 3: 940, 2: 558, 0: 188})
Generated 899 negative samples for edge type 7
Epoch 00033, Step00000 | Train_Loss: 0.5379 | Time: 0.0325
Epoch 00033 | Val_Loss 1.1114 | Time(s) 0.0102
EarlyStopping counter: 30 out of 40
Getting training negative samples for edge types: [7]
nodes.shift keys: [0, 1, 2, 3]
nodes.count keys: [0, 1, 2, 3]
links.meta: {6: (1, 3), 2: (3, 3), 8: (2, 2), 7: (3, 2), 5: (3, 3), 4: (2, 2), 3: (2, 0), 11: (3, 3), 10: (3, 3), 0: (2, 2), 9: (3, 3), 1: (3, 3)}
t_type about to use: 2
h_type: 3
shift dict: {0: 0, 1: 188, 2: 19452, 3: 20010}
count dict: Counter({1: 19264, 3: 940, 2: 558, 0: 188})
Generated 899 negative samples for edge type 7
Epoch 00034, Step00000 | Train_Loss: 0.5393 | Time: 0.0487
Epoch 00034 | Val_Loss 1.2260 | Time(s) 0.0096
EarlyStopping counter: 31 out of 40
Getting training negative samples for edge types: [7]
nodes.shift keys: [0, 1, 2, 3]
nodes.count keys: [0, 1, 2, 3]
links.meta: {6: (1, 3), 2: (3, 3), 8: (2, 2), 7: (3, 2), 5: (3, 3), 4: (2, 2), 3: (2, 0), 11: (3, 3), 10: (3, 3), 0: (2, 2), 9: (3, 3), 1: (3, 3)}
t_type about to use: 2
h_type: 3
shift dict: {0: 0, 1: 188, 2: 19452, 3: 20010}
count dict: Counter({1: 19264, 3: 940, 2: 558, 0: 188})
Generated 899 negative samples for edge type 7
Epoch 00035, Step00000 | Train_Loss: 0.5287 | Time: 0.0512
Epoch 00035 | Val_Loss 1.0466 | Time(s) 0.0098
EarlyStopping counter: 32 out of 40
Getting training negative samples for edge types: [7]
nodes.shift keys: [0, 1, 2, 3]
nodes.count keys: [0, 1, 2, 3]
links.meta: {6: (1, 3), 2: (3, 3), 8: (2, 2), 7: (3, 2), 5: (3, 3), 4: (2, 2), 3: (2, 0), 11: (3, 3), 10: (3, 3), 0: (2, 2), 9: (3, 3), 1: (3, 3)}
t_type about to use: 2
h_type: 3
shift dict: {0: 0, 1: 188, 2: 19452, 3: 20010}
count dict: Counter({1: 19264, 3: 940, 2: 558, 0: 188})
Generated 899 negative samples for edge type 7
Epoch 00036, Step00000 | Train_Loss: 0.5295 | Time: 0.0310
Epoch 00036 | Val_Loss 1.0975 | Time(s) 0.0266
EarlyStopping counter: 33 out of 40
Getting training negative samples for edge types: [7]
nodes.shift keys: [0, 1, 2, 3]
nodes.count keys: [0, 1, 2, 3]
links.meta: {6: (1, 3), 2: (3, 3), 8: (2, 2), 7: (3, 2), 5: (3, 3), 4: (2, 2), 3: (2, 0), 11: (3, 3), 10: (3, 3), 0: (2, 2), 9: (3, 3), 1: (3, 3)}
t_type about to use: 2
h_type: 3
shift dict: {0: 0, 1: 188, 2: 19452, 3: 20010}
count dict: Counter({1: 19264, 3: 940, 2: 558, 0: 188})
Generated 899 negative samples for edge type 7
Epoch 00037, Step00000 | Train_Loss: 0.5170 | Time: 0.0283
Epoch 00037 | Val_Loss 1.1243 | Time(s) 0.0326
EarlyStopping counter: 34 out of 40
Getting training negative samples for edge types: [7]
nodes.shift keys: [0, 1, 2, 3]
nodes.count keys: [0, 1, 2, 3]
links.meta: {6: (1, 3), 2: (3, 3), 8: (2, 2), 7: (3, 2), 5: (3, 3), 4: (2, 2), 3: (2, 0), 11: (3, 3), 10: (3, 3), 0: (2, 2), 9: (3, 3), 1: (3, 3)}
t_type about to use: 2
h_type: 3
shift dict: {0: 0, 1: 188, 2: 19452, 3: 20010}
count dict: Counter({1: 19264, 3: 940, 2: 558, 0: 188})
Generated 899 negative samples for edge type 7
Epoch 00038, Step00000 | Train_Loss: 0.5395 | Time: 0.0268
Epoch 00038 | Val_Loss 1.1970 | Time(s) 0.0199
EarlyStopping counter: 35 out of 40
Getting training negative samples for edge types: [7]
nodes.shift keys: [0, 1, 2, 3]
nodes.count keys: [0, 1, 2, 3]
links.meta: {6: (1, 3), 2: (3, 3), 8: (2, 2), 7: (3, 2), 5: (3, 3), 4: (2, 2), 3: (2, 0), 11: (3, 3), 10: (3, 3), 0: (2, 2), 9: (3, 3), 1: (3, 3)}
t_type about to use: 2
h_type: 3
shift dict: {0: 0, 1: 188, 2: 19452, 3: 20010}
count dict: Counter({1: 19264, 3: 940, 2: 558, 0: 188})
Generated 899 negative samples for edge type 7
Epoch 00039, Step00000 | Train_Loss: 0.5262 | Time: 0.0322
Epoch 00039 | Val_Loss 1.1318 | Time(s) 0.0139
EarlyStopping counter: 36 out of 40
Getting training negative samples for edge types: [7]
nodes.shift keys: [0, 1, 2, 3]
nodes.count keys: [0, 1, 2, 3]
links.meta: {6: (1, 3), 2: (3, 3), 8: (2, 2), 7: (3, 2), 5: (3, 3), 4: (2, 2), 3: (2, 0), 11: (3, 3), 10: (3, 3), 0: (2, 2), 9: (3, 3), 1: (3, 3)}
t_type about to use: 2
h_type: 3
shift dict: {0: 0, 1: 188, 2: 19452, 3: 20010}
count dict: Counter({1: 19264, 3: 940, 2: 558, 0: 188})
Generated 899 negative samples for edge type 7
Epoch 00040, Step00000 | Train_Loss: 0.5313 | Time: 0.0439
Epoch 00040 | Val_Loss 1.1021 | Time(s) 0.0101
EarlyStopping counter: 37 out of 40
Getting training negative samples for edge types: [7]
nodes.shift keys: [0, 1, 2, 3]
nodes.count keys: [0, 1, 2, 3]
links.meta: {6: (1, 3), 2: (3, 3), 8: (2, 2), 7: (3, 2), 5: (3, 3), 4: (2, 2), 3: (2, 0), 11: (3, 3), 10: (3, 3), 0: (2, 2), 9: (3, 3), 1: (3, 3)}
t_type about to use: 2
h_type: 3
shift dict: {0: 0, 1: 188, 2: 19452, 3: 20010}
count dict: Counter({1: 19264, 3: 940, 2: 558, 0: 188})
Generated 899 negative samples for edge type 7
Epoch 00041, Step00000 | Train_Loss: 0.5242 | Time: 0.0497
Epoch 00041 | Val_Loss 1.0228 | Time(s) 0.0116
EarlyStopping counter: 38 out of 40
Getting training negative samples for edge types: [7]
nodes.shift keys: [0, 1, 2, 3]
nodes.count keys: [0, 1, 2, 3]
links.meta: {6: (1, 3), 2: (3, 3), 8: (2, 2), 7: (3, 2), 5: (3, 3), 4: (2, 2), 3: (2, 0), 11: (3, 3), 10: (3, 3), 0: (2, 2), 9: (3, 3), 1: (3, 3)}
t_type about to use: 2
h_type: 3
shift dict: {0: 0, 1: 188, 2: 19452, 3: 20010}
count dict: Counter({1: 19264, 3: 940, 2: 558, 0: 188})
Generated 899 negative samples for edge type 7
Epoch 00042, Step00000 | Train_Loss: 0.5393 | Time: 0.0507
Epoch 00042 | Val_Loss 1.0722 | Time(s) 0.0092
EarlyStopping counter: 39 out of 40
Getting training negative samples for edge types: [7]
nodes.shift keys: [0, 1, 2, 3]
nodes.count keys: [0, 1, 2, 3]
links.meta: {6: (1, 3), 2: (3, 3), 8: (2, 2), 7: (3, 2), 5: (3, 3), 4: (2, 2), 3: (2, 0), 11: (3, 3), 10: (3, 3), 0: (2, 2), 9: (3, 3), 1: (3, 3)}
t_type about to use: 2
h_type: 3
shift dict: {0: 0, 1: 188, 2: 19452, 3: 20010}
count dict: Counter({1: 19264, 3: 940, 2: 558, 0: 188})
Generated 899 negative samples for edge type 7
Epoch 00043, Step00000 | Train_Loss: 0.5332 | Time: 0.0311
Epoch 00043 | Val_Loss 1.1199 | Time(s) 0.0260
EarlyStopping counter: 40 out of 40
Early stopping!
Early stopping!
Meta keys: dict_keys([7])
Data keys: dict_keys([7])
Edge type: 7, Meta: (3, 2)
{'roc_auc': 0.5281054244968678, 'MRR': 0.7584422657952069}
{'roc_auc': 0.6503238812875934, 'MRR': 0.8351488743645606}
defaultdict(<class 'float'>, {'roc_auc': 0.5281054244968678, 'MRR': 0.7584422657952069})
defaultdict(<class 'float'>, {'roc_auc': 0.6503238812875934, 'MRR': 0.8351488743645606})
Completed: amazon_style_ccct_features_securebert_fold_3

--------------------------------------
Running model: SimpleHGN
Dataset: amazon_style_ccct_features_securebert_fold_4
--------------------------------------
Data path: ../../data/amazon_style_ccct_features_securebert_fold_4
Loading nodes from ../../data/amazon_style_ccct_features_securebert_fold_4/node.dat
edge types: dict_keys([6, 2, 8, 7, 5, 4, 3, 11, 10, 0, 9, 1])
Getting training negative samples for edge types: [7]
nodes.shift keys: [0, 1, 2, 3]
nodes.count keys: [0, 1, 2, 3]
links.meta: {6: (1, 3), 2: (3, 3), 8: (2, 2), 7: (3, 2), 5: (3, 3), 4: (2, 2), 3: (2, 0), 11: (3, 3), 10: (3, 3), 0: (2, 2), 9: (3, 3), 1: (3, 3)}
t_type about to use: 2
h_type: 3
shift dict: {0: 0, 1: 188, 2: 19452, 3: 20010}
count dict: Counter({1: 19264, 3: 940, 2: 558, 0: 188})
Generated 898 negative samples for edge type 7
Features List: [array([[ 0.00445206,  0.01268557,  0.22351578, ..., -0.28678206,
        -0.37460288,  0.18294938],
       [-0.18744846,  0.07075578,  0.0476894 , ..., -0.2232531 ,
        -0.19588573,  0.47988179],
       [-0.17451471, -0.04557271,  0.15712288, ..., -0.05391889,
        -0.20500693,  0.23744845],
       ...,
       [-0.40584856,  0.04715464,  0.24475315, ..., -0.12466257,
        -0.2035536 ,  0.28577447],
       [-0.18835557,  0.03822717,  0.03586731, ..., -0.23435652,
        -0.35453227,  0.38753107],
       [-0.13632202,  0.14362322,  0.08668749, ..., -0.24145249,
        -0.25799868,  0.26464131]]), array([[-0.02302658,  0.0368569 ,  0.00652144, ..., -0.02803515,
        -0.00893309,  0.00342051],
       [-0.01979104,  0.04036582,  0.01475144, ..., -0.00661969,
        -0.01504144,  0.01323287],
       [-0.02346251,  0.03577969,  0.00104941, ..., -0.01948969,
        -0.02273973,  0.01956808],
       ...,
       [ 0.01112562,  0.01252526, -0.00604169, ..., -0.02203615,
        -0.00625044, -0.01684516],
       [-0.02297131,  0.02604213,  0.00098649, ...,  0.00838303,
        -0.00321861, -0.00570687],
       [-0.01075894,  0.00767744, -0.01424407, ..., -0.02184941,
         0.02614397, -0.01134232]]), array([[ 0.00791158, -0.00538086, -0.02676104, ..., -0.01897389,
        -0.01306979, -0.00084801],
       [ 0.01682901, -0.00649696, -0.01921631, ..., -0.01401017,
        -0.0039668 , -0.02202195],
       [ 0.02197852, -0.01403735, -0.05225722, ...,  0.02019661,
         0.00528841,  0.0033033 ],
       ...,
       [ 0.01603197,  0.00716993, -0.01245602, ..., -0.01399604,
        -0.00058955, -0.0256807 ],
       [ 0.01039577,  0.02045547, -0.02146293, ...,  0.01017929,
         0.02390171,  0.00134994],
       [ 0.00462414,  0.0041195 , -0.0135733 , ..., -0.01101827,
         0.00813001,  0.0203817 ]]), array([[ 0.00087804,  0.00658507, -0.02514569, ..., -0.04238372,
         0.00850771, -0.02565438],
       [-0.0006986 ,  0.01542003, -0.03227317, ..., -0.01301633,
         0.01559736, -0.03614859],
       [-0.01135348,  0.00974955, -0.01812623, ..., -0.01920343,
         0.00887381, -0.0152928 ],
       ...,
       [ 0.00701895, -0.01539859, -0.03025482, ..., -0.03644368,
         0.01254067, -0.0236606 ],
       [-0.00414097,  0.00144739, -0.05197839, ...,  0.00216818,
         0.02755725, -0.03143983],
       [ 0.01779867, -0.02493452, -0.0391779 , ..., -0.01159797,
        -0.00619852, -0.02449675]])]
Getting training negative samples for edge types: [7]
nodes.shift keys: [0, 1, 2, 3]
nodes.count keys: [0, 1, 2, 3]
links.meta: {6: (1, 3), 2: (3, 3), 8: (2, 2), 7: (3, 2), 5: (3, 3), 4: (2, 2), 3: (2, 0), 11: (3, 3), 10: (3, 3), 0: (2, 2), 9: (3, 3), 1: (3, 3)}
t_type about to use: 2
h_type: 3
shift dict: {0: 0, 1: 188, 2: 19452, 3: 20010}
count dict: Counter({1: 19264, 3: 940, 2: 558, 0: 188})
Generated 898 negative samples for edge type 7
Epoch 00000, Step00000 | Train_Loss: 0.6931 | Time: 0.6778
Epoch 00000 | Val_Loss 0.6874 | Time(s) 0.0140
Validation loss decreased (inf --> 0.687449).  Saving model ...
Getting training negative samples for edge types: [7]
nodes.shift keys: [0, 1, 2, 3]
nodes.count keys: [0, 1, 2, 3]
links.meta: {6: (1, 3), 2: (3, 3), 8: (2, 2), 7: (3, 2), 5: (3, 3), 4: (2, 2), 3: (2, 0), 11: (3, 3), 10: (3, 3), 0: (2, 2), 9: (3, 3), 1: (3, 3)}
t_type about to use: 2
h_type: 3
shift dict: {0: 0, 1: 188, 2: 19452, 3: 20010}
count dict: Counter({1: 19264, 3: 940, 2: 558, 0: 188})
Generated 898 negative samples for edge type 7
Epoch 00001, Step00000 | Train_Loss: 0.6825 | Time: 0.0392
Epoch 00001 | Val_Loss 0.6806 | Time(s) 0.0150
Validation loss decreased (0.687449 --> 0.680590).  Saving model ...
Getting training negative samples for edge types: [7]
nodes.shift keys: [0, 1, 2, 3]
nodes.count keys: [0, 1, 2, 3]
links.meta: {6: (1, 3), 2: (3, 3), 8: (2, 2), 7: (3, 2), 5: (3, 3), 4: (2, 2), 3: (2, 0), 11: (3, 3), 10: (3, 3), 0: (2, 2), 9: (3, 3), 1: (3, 3)}
t_type about to use: 2
h_type: 3
shift dict: {0: 0, 1: 188, 2: 19452, 3: 20010}
count dict: Counter({1: 19264, 3: 940, 2: 558, 0: 188})
Generated 898 negative samples for edge type 7
Epoch 00002, Step00000 | Train_Loss: 0.6725 | Time: 0.0389
Epoch 00002 | Val_Loss 0.6776 | Time(s) 0.0138
Validation loss decreased (0.680590 --> 0.677619).  Saving model ...
Getting training negative samples for edge types: [7]
nodes.shift keys: [0, 1, 2, 3]
nodes.count keys: [0, 1, 2, 3]
links.meta: {6: (1, 3), 2: (3, 3), 8: (2, 2), 7: (3, 2), 5: (3, 3), 4: (2, 2), 3: (2, 0), 11: (3, 3), 10: (3, 3), 0: (2, 2), 9: (3, 3), 1: (3, 3)}
t_type about to use: 2
h_type: 3
shift dict: {0: 0, 1: 188, 2: 19452, 3: 20010}
count dict: Counter({1: 19264, 3: 940, 2: 558, 0: 188})
Generated 898 negative samples for edge type 7
Epoch 00003, Step00000 | Train_Loss: 0.6656 | Time: 0.0416
Epoch 00003 | Val_Loss 0.6717 | Time(s) 0.0154
Validation loss decreased (0.677619 --> 0.671689).  Saving model ...
Getting training negative samples for edge types: [7]
nodes.shift keys: [0, 1, 2, 3]
nodes.count keys: [0, 1, 2, 3]
links.meta: {6: (1, 3), 2: (3, 3), 8: (2, 2), 7: (3, 2), 5: (3, 3), 4: (2, 2), 3: (2, 0), 11: (3, 3), 10: (3, 3), 0: (2, 2), 9: (3, 3), 1: (3, 3)}
t_type about to use: 2
h_type: 3
shift dict: {0: 0, 1: 188, 2: 19452, 3: 20010}
count dict: Counter({1: 19264, 3: 940, 2: 558, 0: 188})
Generated 898 negative samples for edge type 7
Epoch 00004, Step00000 | Train_Loss: 0.6511 | Time: 0.0346
Epoch 00004 | Val_Loss 0.6603 | Time(s) 0.0138
Validation loss decreased (0.671689 --> 0.660258).  Saving model ...
Getting training negative samples for edge types: [7]
nodes.shift keys: [0, 1, 2, 3]
nodes.count keys: [0, 1, 2, 3]
links.meta: {6: (1, 3), 2: (3, 3), 8: (2, 2), 7: (3, 2), 5: (3, 3), 4: (2, 2), 3: (2, 0), 11: (3, 3), 10: (3, 3), 0: (2, 2), 9: (3, 3), 1: (3, 3)}
t_type about to use: 2
h_type: 3
shift dict: {0: 0, 1: 188, 2: 19452, 3: 20010}
count dict: Counter({1: 19264, 3: 940, 2: 558, 0: 188})
Generated 898 negative samples for edge type 7
Epoch 00005, Step00000 | Train_Loss: 0.6367 | Time: 0.0335
Epoch 00005 | Val_Loss 0.6982 | Time(s) 0.0123
EarlyStopping counter: 1 out of 40
Getting training negative samples for edge types: [7]
nodes.shift keys: [0, 1, 2, 3]
nodes.count keys: [0, 1, 2, 3]
links.meta: {6: (1, 3), 2: (3, 3), 8: (2, 2), 7: (3, 2), 5: (3, 3), 4: (2, 2), 3: (2, 0), 11: (3, 3), 10: (3, 3), 0: (2, 2), 9: (3, 3), 1: (3, 3)}
t_type about to use: 2
h_type: 3
shift dict: {0: 0, 1: 188, 2: 19452, 3: 20010}
count dict: Counter({1: 19264, 3: 940, 2: 558, 0: 188})
Generated 898 negative samples for edge type 7
Epoch 00006, Step00000 | Train_Loss: 0.6268 | Time: 0.0336
Epoch 00006 | Val_Loss 0.6989 | Time(s) 0.0146
EarlyStopping counter: 2 out of 40
Getting training negative samples for edge types: [7]
nodes.shift keys: [0, 1, 2, 3]
nodes.count keys: [0, 1, 2, 3]
links.meta: {6: (1, 3), 2: (3, 3), 8: (2, 2), 7: (3, 2), 5: (3, 3), 4: (2, 2), 3: (2, 0), 11: (3, 3), 10: (3, 3), 0: (2, 2), 9: (3, 3), 1: (3, 3)}
t_type about to use: 2
h_type: 3
shift dict: {0: 0, 1: 188, 2: 19452, 3: 20010}
count dict: Counter({1: 19264, 3: 940, 2: 558, 0: 188})
Generated 898 negative samples for edge type 7
Epoch 00007, Step00000 | Train_Loss: 0.6147 | Time: 0.0340
Epoch 00007 | Val_Loss 0.7250 | Time(s) 0.0138
EarlyStopping counter: 3 out of 40
Getting training negative samples for edge types: [7]
nodes.shift keys: [0, 1, 2, 3]
nodes.count keys: [0, 1, 2, 3]
links.meta: {6: (1, 3), 2: (3, 3), 8: (2, 2), 7: (3, 2), 5: (3, 3), 4: (2, 2), 3: (2, 0), 11: (3, 3), 10: (3, 3), 0: (2, 2), 9: (3, 3), 1: (3, 3)}
t_type about to use: 2
h_type: 3
shift dict: {0: 0, 1: 188, 2: 19452, 3: 20010}
count dict: Counter({1: 19264, 3: 940, 2: 558, 0: 188})
Generated 898 negative samples for edge type 7
Epoch 00008, Step00000 | Train_Loss: 0.6007 | Time: 0.0338
Epoch 00008 | Val_Loss 0.7360 | Time(s) 0.0144
EarlyStopping counter: 4 out of 40
Getting training negative samples for edge types: [7]
nodes.shift keys: [0, 1, 2, 3]
nodes.count keys: [0, 1, 2, 3]
links.meta: {6: (1, 3), 2: (3, 3), 8: (2, 2), 7: (3, 2), 5: (3, 3), 4: (2, 2), 3: (2, 0), 11: (3, 3), 10: (3, 3), 0: (2, 2), 9: (3, 3), 1: (3, 3)}
t_type about to use: 2
h_type: 3
shift dict: {0: 0, 1: 188, 2: 19452, 3: 20010}
count dict: Counter({1: 19264, 3: 940, 2: 558, 0: 188})
Generated 898 negative samples for edge type 7
Epoch 00009, Step00000 | Train_Loss: 0.5946 | Time: 0.0339
Epoch 00009 | Val_Loss 0.7723 | Time(s) 0.0145
EarlyStopping counter: 5 out of 40
Getting training negative samples for edge types: [7]
nodes.shift keys: [0, 1, 2, 3]
nodes.count keys: [0, 1, 2, 3]
links.meta: {6: (1, 3), 2: (3, 3), 8: (2, 2), 7: (3, 2), 5: (3, 3), 4: (2, 2), 3: (2, 0), 11: (3, 3), 10: (3, 3), 0: (2, 2), 9: (3, 3), 1: (3, 3)}
t_type about to use: 2
h_type: 3
shift dict: {0: 0, 1: 188, 2: 19452, 3: 20010}
count dict: Counter({1: 19264, 3: 940, 2: 558, 0: 188})
Generated 898 negative samples for edge type 7
Epoch 00010, Step00000 | Train_Loss: 0.5911 | Time: 0.0334
Epoch 00010 | Val_Loss 0.8380 | Time(s) 0.0141
EarlyStopping counter: 6 out of 40
Getting training negative samples for edge types: [7]
nodes.shift keys: [0, 1, 2, 3]
nodes.count keys: [0, 1, 2, 3]
links.meta: {6: (1, 3), 2: (3, 3), 8: (2, 2), 7: (3, 2), 5: (3, 3), 4: (2, 2), 3: (2, 0), 11: (3, 3), 10: (3, 3), 0: (2, 2), 9: (3, 3), 1: (3, 3)}
t_type about to use: 2
h_type: 3
shift dict: {0: 0, 1: 188, 2: 19452, 3: 20010}
count dict: Counter({1: 19264, 3: 940, 2: 558, 0: 188})
Generated 898 negative samples for edge type 7
Epoch 00011, Step00000 | Train_Loss: 0.5856 | Time: 0.0326
Epoch 00011 | Val_Loss 0.8144 | Time(s) 0.0129
EarlyStopping counter: 7 out of 40
Getting training negative samples for edge types: [7]
nodes.shift keys: [0, 1, 2, 3]
nodes.count keys: [0, 1, 2, 3]
links.meta: {6: (1, 3), 2: (3, 3), 8: (2, 2), 7: (3, 2), 5: (3, 3), 4: (2, 2), 3: (2, 0), 11: (3, 3), 10: (3, 3), 0: (2, 2), 9: (3, 3), 1: (3, 3)}
t_type about to use: 2
h_type: 3
shift dict: {0: 0, 1: 188, 2: 19452, 3: 20010}
count dict: Counter({1: 19264, 3: 940, 2: 558, 0: 188})
Generated 898 negative samples for edge type 7
Epoch 00012, Step00000 | Train_Loss: 0.5812 | Time: 0.0339
Epoch 00012 | Val_Loss 0.9267 | Time(s) 0.0129
EarlyStopping counter: 8 out of 40
Getting training negative samples for edge types: [7]
nodes.shift keys: [0, 1, 2, 3]
nodes.count keys: [0, 1, 2, 3]
links.meta: {6: (1, 3), 2: (3, 3), 8: (2, 2), 7: (3, 2), 5: (3, 3), 4: (2, 2), 3: (2, 0), 11: (3, 3), 10: (3, 3), 0: (2, 2), 9: (3, 3), 1: (3, 3)}
t_type about to use: 2
h_type: 3
shift dict: {0: 0, 1: 188, 2: 19452, 3: 20010}
count dict: Counter({1: 19264, 3: 940, 2: 558, 0: 188})
Generated 898 negative samples for edge type 7
Epoch 00013, Step00000 | Train_Loss: 0.5701 | Time: 0.0330
Epoch 00013 | Val_Loss 1.0701 | Time(s) 0.0129
EarlyStopping counter: 9 out of 40
Getting training negative samples for edge types: [7]
nodes.shift keys: [0, 1, 2, 3]
nodes.count keys: [0, 1, 2, 3]
links.meta: {6: (1, 3), 2: (3, 3), 8: (2, 2), 7: (3, 2), 5: (3, 3), 4: (2, 2), 3: (2, 0), 11: (3, 3), 10: (3, 3), 0: (2, 2), 9: (3, 3), 1: (3, 3)}
t_type about to use: 2
h_type: 3
shift dict: {0: 0, 1: 188, 2: 19452, 3: 20010}
count dict: Counter({1: 19264, 3: 940, 2: 558, 0: 188})
Generated 898 negative samples for edge type 7
Epoch 00014, Step00000 | Train_Loss: 0.5809 | Time: 0.0346
Epoch 00014 | Val_Loss 0.9237 | Time(s) 0.0143
EarlyStopping counter: 10 out of 40
Getting training negative samples for edge types: [7]
nodes.shift keys: [0, 1, 2, 3]
nodes.count keys: [0, 1, 2, 3]
links.meta: {6: (1, 3), 2: (3, 3), 8: (2, 2), 7: (3, 2), 5: (3, 3), 4: (2, 2), 3: (2, 0), 11: (3, 3), 10: (3, 3), 0: (2, 2), 9: (3, 3), 1: (3, 3)}
t_type about to use: 2
h_type: 3
shift dict: {0: 0, 1: 188, 2: 19452, 3: 20010}
count dict: Counter({1: 19264, 3: 940, 2: 558, 0: 188})
Generated 898 negative samples for edge type 7
Epoch 00015, Step00000 | Train_Loss: 0.5638 | Time: 0.0339
Epoch 00015 | Val_Loss 0.9979 | Time(s) 0.0123
EarlyStopping counter: 11 out of 40
Getting training negative samples for edge types: [7]
nodes.shift keys: [0, 1, 2, 3]
nodes.count keys: [0, 1, 2, 3]
links.meta: {6: (1, 3), 2: (3, 3), 8: (2, 2), 7: (3, 2), 5: (3, 3), 4: (2, 2), 3: (2, 0), 11: (3, 3), 10: (3, 3), 0: (2, 2), 9: (3, 3), 1: (3, 3)}
t_type about to use: 2
h_type: 3
shift dict: {0: 0, 1: 188, 2: 19452, 3: 20010}
count dict: Counter({1: 19264, 3: 940, 2: 558, 0: 188})
Generated 898 negative samples for edge type 7
Epoch 00016, Step00000 | Train_Loss: 0.5676 | Time: 0.0335
Epoch 00016 | Val_Loss 0.9734 | Time(s) 0.0133
EarlyStopping counter: 12 out of 40
Getting training negative samples for edge types: [7]
nodes.shift keys: [0, 1, 2, 3]
nodes.count keys: [0, 1, 2, 3]
links.meta: {6: (1, 3), 2: (3, 3), 8: (2, 2), 7: (3, 2), 5: (3, 3), 4: (2, 2), 3: (2, 0), 11: (3, 3), 10: (3, 3), 0: (2, 2), 9: (3, 3), 1: (3, 3)}
t_type about to use: 2
h_type: 3
shift dict: {0: 0, 1: 188, 2: 19452, 3: 20010}
count dict: Counter({1: 19264, 3: 940, 2: 558, 0: 188})
Generated 898 negative samples for edge type 7
Epoch 00017, Step00000 | Train_Loss: 0.5593 | Time: 0.0340
Epoch 00017 | Val_Loss 0.9176 | Time(s) 0.0136
EarlyStopping counter: 13 out of 40
Getting training negative samples for edge types: [7]
nodes.shift keys: [0, 1, 2, 3]
nodes.count keys: [0, 1, 2, 3]
links.meta: {6: (1, 3), 2: (3, 3), 8: (2, 2), 7: (3, 2), 5: (3, 3), 4: (2, 2), 3: (2, 0), 11: (3, 3), 10: (3, 3), 0: (2, 2), 9: (3, 3), 1: (3, 3)}
t_type about to use: 2
h_type: 3
shift dict: {0: 0, 1: 188, 2: 19452, 3: 20010}
count dict: Counter({1: 19264, 3: 940, 2: 558, 0: 188})
Generated 898 negative samples for edge type 7
Epoch 00018, Step00000 | Train_Loss: 0.5641 | Time: 0.0338
Epoch 00018 | Val_Loss 1.0044 | Time(s) 0.0175
EarlyStopping counter: 14 out of 40
Getting training negative samples for edge types: [7]
nodes.shift keys: [0, 1, 2, 3]
nodes.count keys: [0, 1, 2, 3]
links.meta: {6: (1, 3), 2: (3, 3), 8: (2, 2), 7: (3, 2), 5: (3, 3), 4: (2, 2), 3: (2, 0), 11: (3, 3), 10: (3, 3), 0: (2, 2), 9: (3, 3), 1: (3, 3)}
t_type about to use: 2
h_type: 3
shift dict: {0: 0, 1: 188, 2: 19452, 3: 20010}
count dict: Counter({1: 19264, 3: 940, 2: 558, 0: 188})
Generated 898 negative samples for edge type 7
Epoch 00019, Step00000 | Train_Loss: 0.5597 | Time: 0.0325
Epoch 00019 | Val_Loss 0.9517 | Time(s) 0.0130
EarlyStopping counter: 15 out of 40
Getting training negative samples for edge types: [7]
nodes.shift keys: [0, 1, 2, 3]
nodes.count keys: [0, 1, 2, 3]
links.meta: {6: (1, 3), 2: (3, 3), 8: (2, 2), 7: (3, 2), 5: (3, 3), 4: (2, 2), 3: (2, 0), 11: (3, 3), 10: (3, 3), 0: (2, 2), 9: (3, 3), 1: (3, 3)}
t_type about to use: 2
h_type: 3
shift dict: {0: 0, 1: 188, 2: 19452, 3: 20010}
count dict: Counter({1: 19264, 3: 940, 2: 558, 0: 188})
Generated 898 negative samples for edge type 7
Epoch 00020, Step00000 | Train_Loss: 0.5584 | Time: 0.0324
Epoch 00020 | Val_Loss 0.9951 | Time(s) 0.0138
EarlyStopping counter: 16 out of 40
Getting training negative samples for edge types: [7]
nodes.shift keys: [0, 1, 2, 3]
nodes.count keys: [0, 1, 2, 3]
links.meta: {6: (1, 3), 2: (3, 3), 8: (2, 2), 7: (3, 2), 5: (3, 3), 4: (2, 2), 3: (2, 0), 11: (3, 3), 10: (3, 3), 0: (2, 2), 9: (3, 3), 1: (3, 3)}
t_type about to use: 2
h_type: 3
shift dict: {0: 0, 1: 188, 2: 19452, 3: 20010}
count dict: Counter({1: 19264, 3: 940, 2: 558, 0: 188})
Generated 898 negative samples for edge type 7
Epoch 00021, Step00000 | Train_Loss: 0.5645 | Time: 0.0327
Epoch 00021 | Val_Loss 0.9319 | Time(s) 0.0127
EarlyStopping counter: 17 out of 40
Getting training negative samples for edge types: [7]
nodes.shift keys: [0, 1, 2, 3]
nodes.count keys: [0, 1, 2, 3]
links.meta: {6: (1, 3), 2: (3, 3), 8: (2, 2), 7: (3, 2), 5: (3, 3), 4: (2, 2), 3: (2, 0), 11: (3, 3), 10: (3, 3), 0: (2, 2), 9: (3, 3), 1: (3, 3)}
t_type about to use: 2
h_type: 3
shift dict: {0: 0, 1: 188, 2: 19452, 3: 20010}
count dict: Counter({1: 19264, 3: 940, 2: 558, 0: 188})
Generated 898 negative samples for edge type 7
Epoch 00022, Step00000 | Train_Loss: 0.5540 | Time: 0.0316
Epoch 00022 | Val_Loss 0.9936 | Time(s) 0.0148
EarlyStopping counter: 18 out of 40
Getting training negative samples for edge types: [7]
nodes.shift keys: [0, 1, 2, 3]
nodes.count keys: [0, 1, 2, 3]
links.meta: {6: (1, 3), 2: (3, 3), 8: (2, 2), 7: (3, 2), 5: (3, 3), 4: (2, 2), 3: (2, 0), 11: (3, 3), 10: (3, 3), 0: (2, 2), 9: (3, 3), 1: (3, 3)}
t_type about to use: 2
h_type: 3
shift dict: {0: 0, 1: 188, 2: 19452, 3: 20010}
count dict: Counter({1: 19264, 3: 940, 2: 558, 0: 188})
Generated 898 negative samples for edge type 7
Epoch 00023, Step00000 | Train_Loss: 0.5593 | Time: 0.0327
Epoch 00023 | Val_Loss 0.9426 | Time(s) 0.0117
EarlyStopping counter: 19 out of 40
Getting training negative samples for edge types: [7]
nodes.shift keys: [0, 1, 2, 3]
nodes.count keys: [0, 1, 2, 3]
links.meta: {6: (1, 3), 2: (3, 3), 8: (2, 2), 7: (3, 2), 5: (3, 3), 4: (2, 2), 3: (2, 0), 11: (3, 3), 10: (3, 3), 0: (2, 2), 9: (3, 3), 1: (3, 3)}
t_type about to use: 2
h_type: 3
shift dict: {0: 0, 1: 188, 2: 19452, 3: 20010}
count dict: Counter({1: 19264, 3: 940, 2: 558, 0: 188})
Generated 898 negative samples for edge type 7
Epoch 00024, Step00000 | Train_Loss: 0.5564 | Time: 0.0332
Epoch 00024 | Val_Loss 0.9397 | Time(s) 0.0127
EarlyStopping counter: 20 out of 40
Getting training negative samples for edge types: [7]
nodes.shift keys: [0, 1, 2, 3]
nodes.count keys: [0, 1, 2, 3]
links.meta: {6: (1, 3), 2: (3, 3), 8: (2, 2), 7: (3, 2), 5: (3, 3), 4: (2, 2), 3: (2, 0), 11: (3, 3), 10: (3, 3), 0: (2, 2), 9: (3, 3), 1: (3, 3)}
t_type about to use: 2
h_type: 3
shift dict: {0: 0, 1: 188, 2: 19452, 3: 20010}
count dict: Counter({1: 19264, 3: 940, 2: 558, 0: 188})
Generated 898 negative samples for edge type 7
Epoch 00025, Step00000 | Train_Loss: 0.5642 | Time: 0.0331
Epoch 00025 | Val_Loss 0.9161 | Time(s) 0.0132
EarlyStopping counter: 21 out of 40
Getting training negative samples for edge types: [7]
nodes.shift keys: [0, 1, 2, 3]
nodes.count keys: [0, 1, 2, 3]
links.meta: {6: (1, 3), 2: (3, 3), 8: (2, 2), 7: (3, 2), 5: (3, 3), 4: (2, 2), 3: (2, 0), 11: (3, 3), 10: (3, 3), 0: (2, 2), 9: (3, 3), 1: (3, 3)}
t_type about to use: 2
h_type: 3
shift dict: {0: 0, 1: 188, 2: 19452, 3: 20010}
count dict: Counter({1: 19264, 3: 940, 2: 558, 0: 188})
Generated 898 negative samples for edge type 7
Epoch 00026, Step00000 | Train_Loss: 0.5633 | Time: 0.0322
Epoch 00026 | Val_Loss 0.9201 | Time(s) 0.0125
EarlyStopping counter: 22 out of 40
Getting training negative samples for edge types: [7]
nodes.shift keys: [0, 1, 2, 3]
nodes.count keys: [0, 1, 2, 3]
links.meta: {6: (1, 3), 2: (3, 3), 8: (2, 2), 7: (3, 2), 5: (3, 3), 4: (2, 2), 3: (2, 0), 11: (3, 3), 10: (3, 3), 0: (2, 2), 9: (3, 3), 1: (3, 3)}
t_type about to use: 2
h_type: 3
shift dict: {0: 0, 1: 188, 2: 19452, 3: 20010}
count dict: Counter({1: 19264, 3: 940, 2: 558, 0: 188})
Generated 898 negative samples for edge type 7
Epoch 00027, Step00000 | Train_Loss: 0.5525 | Time: 0.0330
Epoch 00027 | Val_Loss 0.9431 | Time(s) 0.0124
EarlyStopping counter: 23 out of 40
Getting training negative samples for edge types: [7]
nodes.shift keys: [0, 1, 2, 3]
nodes.count keys: [0, 1, 2, 3]
links.meta: {6: (1, 3), 2: (3, 3), 8: (2, 2), 7: (3, 2), 5: (3, 3), 4: (2, 2), 3: (2, 0), 11: (3, 3), 10: (3, 3), 0: (2, 2), 9: (3, 3), 1: (3, 3)}
t_type about to use: 2
h_type: 3
shift dict: {0: 0, 1: 188, 2: 19452, 3: 20010}
count dict: Counter({1: 19264, 3: 940, 2: 558, 0: 188})
Generated 898 negative samples for edge type 7
Epoch 00028, Step00000 | Train_Loss: 0.5414 | Time: 0.0320
Epoch 00028 | Val_Loss 0.9299 | Time(s) 0.0134
EarlyStopping counter: 24 out of 40
Getting training negative samples for edge types: [7]
nodes.shift keys: [0, 1, 2, 3]
nodes.count keys: [0, 1, 2, 3]
links.meta: {6: (1, 3), 2: (3, 3), 8: (2, 2), 7: (3, 2), 5: (3, 3), 4: (2, 2), 3: (2, 0), 11: (3, 3), 10: (3, 3), 0: (2, 2), 9: (3, 3), 1: (3, 3)}
t_type about to use: 2
h_type: 3
shift dict: {0: 0, 1: 188, 2: 19452, 3: 20010}
count dict: Counter({1: 19264, 3: 940, 2: 558, 0: 188})
Generated 898 negative samples for edge type 7
Epoch 00029, Step00000 | Train_Loss: 0.5386 | Time: 0.0323
Epoch 00029 | Val_Loss 0.9949 | Time(s) 0.0121
EarlyStopping counter: 25 out of 40
Getting training negative samples for edge types: [7]
nodes.shift keys: [0, 1, 2, 3]
nodes.count keys: [0, 1, 2, 3]
links.meta: {6: (1, 3), 2: (3, 3), 8: (2, 2), 7: (3, 2), 5: (3, 3), 4: (2, 2), 3: (2, 0), 11: (3, 3), 10: (3, 3), 0: (2, 2), 9: (3, 3), 1: (3, 3)}
t_type about to use: 2
h_type: 3
shift dict: {0: 0, 1: 188, 2: 19452, 3: 20010}
count dict: Counter({1: 19264, 3: 940, 2: 558, 0: 188})
Generated 898 negative samples for edge type 7
Epoch 00030, Step00000 | Train_Loss: 0.5425 | Time: 0.0325
Epoch 00030 | Val_Loss 1.0118 | Time(s) 0.0122
EarlyStopping counter: 26 out of 40
Getting training negative samples for edge types: [7]
nodes.shift keys: [0, 1, 2, 3]
nodes.count keys: [0, 1, 2, 3]
links.meta: {6: (1, 3), 2: (3, 3), 8: (2, 2), 7: (3, 2), 5: (3, 3), 4: (2, 2), 3: (2, 0), 11: (3, 3), 10: (3, 3), 0: (2, 2), 9: (3, 3), 1: (3, 3)}
t_type about to use: 2
h_type: 3
shift dict: {0: 0, 1: 188, 2: 19452, 3: 20010}
count dict: Counter({1: 19264, 3: 940, 2: 558, 0: 188})
Generated 898 negative samples for edge type 7
Epoch 00031, Step00000 | Train_Loss: 0.5396 | Time: 0.0334
Epoch 00031 | Val_Loss 0.9594 | Time(s) 0.0142
EarlyStopping counter: 27 out of 40
Getting training negative samples for edge types: [7]
nodes.shift keys: [0, 1, 2, 3]
nodes.count keys: [0, 1, 2, 3]
links.meta: {6: (1, 3), 2: (3, 3), 8: (2, 2), 7: (3, 2), 5: (3, 3), 4: (2, 2), 3: (2, 0), 11: (3, 3), 10: (3, 3), 0: (2, 2), 9: (3, 3), 1: (3, 3)}
t_type about to use: 2
h_type: 3
shift dict: {0: 0, 1: 188, 2: 19452, 3: 20010}
count dict: Counter({1: 19264, 3: 940, 2: 558, 0: 188})
Generated 898 negative samples for edge type 7
Epoch 00032, Step00000 | Train_Loss: 0.5526 | Time: 0.0324
Epoch 00032 | Val_Loss 1.0614 | Time(s) 0.0138
EarlyStopping counter: 28 out of 40
Getting training negative samples for edge types: [7]
nodes.shift keys: [0, 1, 2, 3]
nodes.count keys: [0, 1, 2, 3]
links.meta: {6: (1, 3), 2: (3, 3), 8: (2, 2), 7: (3, 2), 5: (3, 3), 4: (2, 2), 3: (2, 0), 11: (3, 3), 10: (3, 3), 0: (2, 2), 9: (3, 3), 1: (3, 3)}
t_type about to use: 2
h_type: 3
shift dict: {0: 0, 1: 188, 2: 19452, 3: 20010}
count dict: Counter({1: 19264, 3: 940, 2: 558, 0: 188})
Generated 898 negative samples for edge type 7
Epoch 00033, Step00000 | Train_Loss: 0.5432 | Time: 0.0316
Epoch 00033 | Val_Loss 0.9135 | Time(s) 0.0124
EarlyStopping counter: 29 out of 40
Getting training negative samples for edge types: [7]
nodes.shift keys: [0, 1, 2, 3]
nodes.count keys: [0, 1, 2, 3]
links.meta: {6: (1, 3), 2: (3, 3), 8: (2, 2), 7: (3, 2), 5: (3, 3), 4: (2, 2), 3: (2, 0), 11: (3, 3), 10: (3, 3), 0: (2, 2), 9: (3, 3), 1: (3, 3)}
t_type about to use: 2
h_type: 3
shift dict: {0: 0, 1: 188, 2: 19452, 3: 20010}
count dict: Counter({1: 19264, 3: 940, 2: 558, 0: 188})
Generated 898 negative samples for edge type 7
Epoch 00034, Step00000 | Train_Loss: 0.5552 | Time: 0.0324
Epoch 00034 | Val_Loss 1.0413 | Time(s) 0.0125
EarlyStopping counter: 30 out of 40
Getting training negative samples for edge types: [7]
nodes.shift keys: [0, 1, 2, 3]
nodes.count keys: [0, 1, 2, 3]
links.meta: {6: (1, 3), 2: (3, 3), 8: (2, 2), 7: (3, 2), 5: (3, 3), 4: (2, 2), 3: (2, 0), 11: (3, 3), 10: (3, 3), 0: (2, 2), 9: (3, 3), 1: (3, 3)}
t_type about to use: 2
h_type: 3
shift dict: {0: 0, 1: 188, 2: 19452, 3: 20010}
count dict: Counter({1: 19264, 3: 940, 2: 558, 0: 188})
Generated 898 negative samples for edge type 7
Epoch 00035, Step00000 | Train_Loss: 0.5580 | Time: 0.0330
Epoch 00035 | Val_Loss 0.9456 | Time(s) 0.0129
EarlyStopping counter: 31 out of 40
Getting training negative samples for edge types: [7]
nodes.shift keys: [0, 1, 2, 3]
nodes.count keys: [0, 1, 2, 3]
links.meta: {6: (1, 3), 2: (3, 3), 8: (2, 2), 7: (3, 2), 5: (3, 3), 4: (2, 2), 3: (2, 0), 11: (3, 3), 10: (3, 3), 0: (2, 2), 9: (3, 3), 1: (3, 3)}
t_type about to use: 2
h_type: 3
shift dict: {0: 0, 1: 188, 2: 19452, 3: 20010}
count dict: Counter({1: 19264, 3: 940, 2: 558, 0: 188})
Generated 898 negative samples for edge type 7
Epoch 00036, Step00000 | Train_Loss: 0.5508 | Time: 0.0336
Epoch 00036 | Val_Loss 0.9625 | Time(s) 0.0148
EarlyStopping counter: 32 out of 40
Getting training negative samples for edge types: [7]
nodes.shift keys: [0, 1, 2, 3]
nodes.count keys: [0, 1, 2, 3]
links.meta: {6: (1, 3), 2: (3, 3), 8: (2, 2), 7: (3, 2), 5: (3, 3), 4: (2, 2), 3: (2, 0), 11: (3, 3), 10: (3, 3), 0: (2, 2), 9: (3, 3), 1: (3, 3)}
t_type about to use: 2
h_type: 3
shift dict: {0: 0, 1: 188, 2: 19452, 3: 20010}
count dict: Counter({1: 19264, 3: 940, 2: 558, 0: 188})
Generated 898 negative samples for edge type 7
Epoch 00037, Step00000 | Train_Loss: 0.5484 | Time: 0.0341
Epoch 00037 | Val_Loss 1.0438 | Time(s) 0.0143
EarlyStopping counter: 33 out of 40
Getting training negative samples for edge types: [7]
nodes.shift keys: [0, 1, 2, 3]
nodes.count keys: [0, 1, 2, 3]
links.meta: {6: (1, 3), 2: (3, 3), 8: (2, 2), 7: (3, 2), 5: (3, 3), 4: (2, 2), 3: (2, 0), 11: (3, 3), 10: (3, 3), 0: (2, 2), 9: (3, 3), 1: (3, 3)}
t_type about to use: 2
h_type: 3
shift dict: {0: 0, 1: 188, 2: 19452, 3: 20010}
count dict: Counter({1: 19264, 3: 940, 2: 558, 0: 188})
Generated 898 negative samples for edge type 7
Epoch 00038, Step00000 | Train_Loss: 0.5399 | Time: 0.0331
Epoch 00038 | Val_Loss 1.0725 | Time(s) 0.0141
EarlyStopping counter: 34 out of 40
Getting training negative samples for edge types: [7]
nodes.shift keys: [0, 1, 2, 3]
nodes.count keys: [0, 1, 2, 3]
links.meta: {6: (1, 3), 2: (3, 3), 8: (2, 2), 7: (3, 2), 5: (3, 3), 4: (2, 2), 3: (2, 0), 11: (3, 3), 10: (3, 3), 0: (2, 2), 9: (3, 3), 1: (3, 3)}
t_type about to use: 2
h_type: 3
shift dict: {0: 0, 1: 188, 2: 19452, 3: 20010}
count dict: Counter({1: 19264, 3: 940, 2: 558, 0: 188})
Generated 898 negative samples for edge type 7
Epoch 00039, Step00000 | Train_Loss: 0.5363 | Time: 0.0337
Epoch 00039 | Val_Loss 1.0406 | Time(s) 0.0142
EarlyStopping counter: 35 out of 40
Getting training negative samples for edge types: [7]
nodes.shift keys: [0, 1, 2, 3]
nodes.count keys: [0, 1, 2, 3]
links.meta: {6: (1, 3), 2: (3, 3), 8: (2, 2), 7: (3, 2), 5: (3, 3), 4: (2, 2), 3: (2, 0), 11: (3, 3), 10: (3, 3), 0: (2, 2), 9: (3, 3), 1: (3, 3)}
t_type about to use: 2
h_type: 3
shift dict: {0: 0, 1: 188, 2: 19452, 3: 20010}
count dict: Counter({1: 19264, 3: 940, 2: 558, 0: 188})
Generated 898 negative samples for edge type 7
Epoch 00040, Step00000 | Train_Loss: 0.5284 | Time: 0.0341
Epoch 00040 | Val_Loss 1.0164 | Time(s) 0.0151
EarlyStopping counter: 36 out of 40
Getting training negative samples for edge types: [7]
nodes.shift keys: [0, 1, 2, 3]
nodes.count keys: [0, 1, 2, 3]
links.meta: {6: (1, 3), 2: (3, 3), 8: (2, 2), 7: (3, 2), 5: (3, 3), 4: (2, 2), 3: (2, 0), 11: (3, 3), 10: (3, 3), 0: (2, 2), 9: (3, 3), 1: (3, 3)}
t_type about to use: 2
h_type: 3
shift dict: {0: 0, 1: 188, 2: 19452, 3: 20010}
count dict: Counter({1: 19264, 3: 940, 2: 558, 0: 188})
Generated 898 negative samples for edge type 7
Epoch 00041, Step00000 | Train_Loss: 0.5231 | Time: 0.0343
Epoch 00041 | Val_Loss 1.0451 | Time(s) 0.0144
EarlyStopping counter: 37 out of 40
Getting training negative samples for edge types: [7]
nodes.shift keys: [0, 1, 2, 3]
nodes.count keys: [0, 1, 2, 3]
links.meta: {6: (1, 3), 2: (3, 3), 8: (2, 2), 7: (3, 2), 5: (3, 3), 4: (2, 2), 3: (2, 0), 11: (3, 3), 10: (3, 3), 0: (2, 2), 9: (3, 3), 1: (3, 3)}
t_type about to use: 2
h_type: 3
shift dict: {0: 0, 1: 188, 2: 19452, 3: 20010}
count dict: Counter({1: 19264, 3: 940, 2: 558, 0: 188})
Generated 898 negative samples for edge type 7
Epoch 00042, Step00000 | Train_Loss: 0.5455 | Time: 0.0328
Epoch 00042 | Val_Loss 1.0518 | Time(s) 0.0132
EarlyStopping counter: 38 out of 40
Getting training negative samples for edge types: [7]
nodes.shift keys: [0, 1, 2, 3]
nodes.count keys: [0, 1, 2, 3]
links.meta: {6: (1, 3), 2: (3, 3), 8: (2, 2), 7: (3, 2), 5: (3, 3), 4: (2, 2), 3: (2, 0), 11: (3, 3), 10: (3, 3), 0: (2, 2), 9: (3, 3), 1: (3, 3)}
t_type about to use: 2
h_type: 3
shift dict: {0: 0, 1: 188, 2: 19452, 3: 20010}
count dict: Counter({1: 19264, 3: 940, 2: 558, 0: 188})
Generated 898 negative samples for edge type 7
Epoch 00043, Step00000 | Train_Loss: 0.5436 | Time: 0.0328
Epoch 00043 | Val_Loss 1.0147 | Time(s) 0.0131
EarlyStopping counter: 39 out of 40
Getting training negative samples for edge types: [7]
nodes.shift keys: [0, 1, 2, 3]
nodes.count keys: [0, 1, 2, 3]
links.meta: {6: (1, 3), 2: (3, 3), 8: (2, 2), 7: (3, 2), 5: (3, 3), 4: (2, 2), 3: (2, 0), 11: (3, 3), 10: (3, 3), 0: (2, 2), 9: (3, 3), 1: (3, 3)}
t_type about to use: 2
h_type: 3
shift dict: {0: 0, 1: 188, 2: 19452, 3: 20010}
count dict: Counter({1: 19264, 3: 940, 2: 558, 0: 188})
Generated 898 negative samples for edge type 7
Epoch 00044, Step00000 | Train_Loss: 0.5472 | Time: 0.0353
Epoch 00044 | Val_Loss 0.9556 | Time(s) 0.0137
EarlyStopping counter: 40 out of 40
Early stopping!
Early stopping!
Meta keys: dict_keys([7])
Data keys: dict_keys([7])
Edge type: 7, Meta: (3, 2)
{'roc_auc': 0.51894036756201, 'MRR': 0.7312643678160919}
{'roc_auc': 0.6523388517642578, 'MRR': 0.7781609195402298}
defaultdict(<class 'float'>, {'roc_auc': 0.51894036756201, 'MRR': 0.7312643678160919})
defaultdict(<class 'float'>, {'roc_auc': 0.6523388517642578, 'MRR': 0.7781609195402298})
Completed: amazon_style_ccct_features_securebert_fold_4

--------------------------------------
Running model: SimpleHGN
Dataset: amazon_style_ccct_features_securebert_fold_5
--------------------------------------
Data path: ../../data/amazon_style_ccct_features_securebert_fold_5
Loading nodes from ../../data/amazon_style_ccct_features_securebert_fold_5/node.dat
edge types: dict_keys([6, 2, 8, 7, 5, 4, 3, 11, 10, 0, 9, 1])
Getting training negative samples for edge types: [7]
nodes.shift keys: [0, 1, 2, 3]
nodes.count keys: [0, 1, 2, 3]
links.meta: {6: (1, 3), 2: (3, 3), 8: (2, 2), 7: (3, 2), 5: (3, 3), 4: (2, 2), 3: (2, 0), 11: (3, 3), 10: (3, 3), 0: (2, 2), 9: (3, 3), 1: (3, 3)}
t_type about to use: 2
h_type: 3
shift dict: {0: 0, 1: 188, 2: 19452, 3: 20010}
count dict: Counter({1: 19264, 3: 940, 2: 558, 0: 188})
Generated 913 negative samples for edge type 7
Features List: [array([[ 0.00445206,  0.01268557,  0.22351578, ..., -0.28678206,
        -0.37460288,  0.18294938],
       [-0.18744846,  0.07075578,  0.0476894 , ..., -0.2232531 ,
        -0.19588573,  0.47988179],
       [-0.17451471, -0.04557271,  0.15712288, ..., -0.05391889,
        -0.20500693,  0.23744845],
       ...,
       [-0.40584856,  0.04715464,  0.24475315, ..., -0.12466257,
        -0.2035536 ,  0.28577447],
       [-0.18835557,  0.03822717,  0.03586731, ..., -0.23435652,
        -0.35453227,  0.38753107],
       [-0.13632202,  0.14362322,  0.08668749, ..., -0.24145249,
        -0.25799868,  0.26464131]]), array([[-0.02302658,  0.0368569 ,  0.00652144, ..., -0.02803515,
        -0.00893309,  0.00342051],
       [-0.01979104,  0.04036582,  0.01475144, ..., -0.00661969,
        -0.01504144,  0.01323287],
       [-0.02346251,  0.03577969,  0.00104941, ..., -0.01948969,
        -0.02273973,  0.01956808],
       ...,
       [ 0.01112562,  0.01252526, -0.00604169, ..., -0.02203615,
        -0.00625044, -0.01684516],
       [-0.02297131,  0.02604213,  0.00098649, ...,  0.00838303,
        -0.00321861, -0.00570687],
       [-0.01075894,  0.00767744, -0.01424407, ..., -0.02184941,
         0.02614397, -0.01134232]]), array([[ 0.00791158, -0.00538086, -0.02676104, ..., -0.01897389,
        -0.01306979, -0.00084801],
       [ 0.01682901, -0.00649696, -0.01921631, ..., -0.01401017,
        -0.0039668 , -0.02202195],
       [ 0.02197852, -0.01403735, -0.05225722, ...,  0.02019661,
         0.00528841,  0.0033033 ],
       ...,
       [ 0.01603197,  0.00716993, -0.01245602, ..., -0.01399604,
        -0.00058955, -0.0256807 ],
       [ 0.01039577,  0.02045547, -0.02146293, ...,  0.01017929,
         0.02390171,  0.00134994],
       [ 0.00462414,  0.0041195 , -0.0135733 , ..., -0.01101827,
         0.00813001,  0.0203817 ]]), array([[ 0.00087804,  0.00658507, -0.02514569, ..., -0.04238372,
         0.00850771, -0.02565438],
       [-0.0006986 ,  0.01542003, -0.03227317, ..., -0.01301633,
         0.01559736, -0.03614859],
       [-0.01135348,  0.00974955, -0.01812623, ..., -0.01920343,
         0.00887381, -0.0152928 ],
       ...,
       [ 0.00701895, -0.01539859, -0.03025482, ..., -0.03644368,
         0.01254067, -0.0236606 ],
       [-0.00414097,  0.00144739, -0.05197839, ...,  0.00216818,
         0.02755725, -0.03143983],
       [ 0.01779867, -0.02493452, -0.0391779 , ..., -0.01159797,
        -0.00619852, -0.02449675]])]
Getting training negative samples for edge types: [7]
nodes.shift keys: [0, 1, 2, 3]
nodes.count keys: [0, 1, 2, 3]
links.meta: {6: (1, 3), 2: (3, 3), 8: (2, 2), 7: (3, 2), 5: (3, 3), 4: (2, 2), 3: (2, 0), 11: (3, 3), 10: (3, 3), 0: (2, 2), 9: (3, 3), 1: (3, 3)}
t_type about to use: 2
h_type: 3
shift dict: {0: 0, 1: 188, 2: 19452, 3: 20010}
count dict: Counter({1: 19264, 3: 940, 2: 558, 0: 188})
Generated 913 negative samples for edge type 7
Epoch 00000, Step00000 | Train_Loss: 0.6931 | Time: 0.5688
Epoch 00000 | Val_Loss 0.6887 | Time(s) 0.0137
Validation loss decreased (inf --> 0.688718).  Saving model ...
Getting training negative samples for edge types: [7]
nodes.shift keys: [0, 1, 2, 3]
nodes.count keys: [0, 1, 2, 3]
links.meta: {6: (1, 3), 2: (3, 3), 8: (2, 2), 7: (3, 2), 5: (3, 3), 4: (2, 2), 3: (2, 0), 11: (3, 3), 10: (3, 3), 0: (2, 2), 9: (3, 3), 1: (3, 3)}
t_type about to use: 2
h_type: 3
shift dict: {0: 0, 1: 188, 2: 19452, 3: 20010}
count dict: Counter({1: 19264, 3: 940, 2: 558, 0: 188})
Generated 913 negative samples for edge type 7
Epoch 00001, Step00000 | Train_Loss: 0.6857 | Time: 0.0384
Epoch 00001 | Val_Loss 0.6867 | Time(s) 0.0150
Validation loss decreased (0.688718 --> 0.686736).  Saving model ...
Getting training negative samples for edge types: [7]
nodes.shift keys: [0, 1, 2, 3]
nodes.count keys: [0, 1, 2, 3]
links.meta: {6: (1, 3), 2: (3, 3), 8: (2, 2), 7: (3, 2), 5: (3, 3), 4: (2, 2), 3: (2, 0), 11: (3, 3), 10: (3, 3), 0: (2, 2), 9: (3, 3), 1: (3, 3)}
t_type about to use: 2
h_type: 3
shift dict: {0: 0, 1: 188, 2: 19452, 3: 20010}
count dict: Counter({1: 19264, 3: 940, 2: 558, 0: 188})
Generated 913 negative samples for edge type 7
Epoch 00002, Step00000 | Train_Loss: 0.6770 | Time: 0.0388
Epoch 00002 | Val_Loss 0.6758 | Time(s) 0.0138
Validation loss decreased (0.686736 --> 0.675826).  Saving model ...
Getting training negative samples for edge types: [7]
nodes.shift keys: [0, 1, 2, 3]
nodes.count keys: [0, 1, 2, 3]
links.meta: {6: (1, 3), 2: (3, 3), 8: (2, 2), 7: (3, 2), 5: (3, 3), 4: (2, 2), 3: (2, 0), 11: (3, 3), 10: (3, 3), 0: (2, 2), 9: (3, 3), 1: (3, 3)}
t_type about to use: 2
h_type: 3
shift dict: {0: 0, 1: 188, 2: 19452, 3: 20010}
count dict: Counter({1: 19264, 3: 940, 2: 558, 0: 188})
Generated 913 negative samples for edge type 7
Epoch 00003, Step00000 | Train_Loss: 0.6684 | Time: 0.0342
Epoch 00003 | Val_Loss 0.6655 | Time(s) 0.0132
Validation loss decreased (0.675826 --> 0.665527).  Saving model ...
Getting training negative samples for edge types: [7]
nodes.shift keys: [0, 1, 2, 3]
nodes.count keys: [0, 1, 2, 3]
links.meta: {6: (1, 3), 2: (3, 3), 8: (2, 2), 7: (3, 2), 5: (3, 3), 4: (2, 2), 3: (2, 0), 11: (3, 3), 10: (3, 3), 0: (2, 2), 9: (3, 3), 1: (3, 3)}
t_type about to use: 2
h_type: 3
shift dict: {0: 0, 1: 188, 2: 19452, 3: 20010}
count dict: Counter({1: 19264, 3: 940, 2: 558, 0: 188})
Generated 913 negative samples for edge type 7
Epoch 00004, Step00000 | Train_Loss: 0.6560 | Time: 0.0370
Epoch 00004 | Val_Loss 0.6507 | Time(s) 0.0140
Validation loss decreased (0.665527 --> 0.650671).  Saving model ...
Getting training negative samples for edge types: [7]
nodes.shift keys: [0, 1, 2, 3]
nodes.count keys: [0, 1, 2, 3]
links.meta: {6: (1, 3), 2: (3, 3), 8: (2, 2), 7: (3, 2), 5: (3, 3), 4: (2, 2), 3: (2, 0), 11: (3, 3), 10: (3, 3), 0: (2, 2), 9: (3, 3), 1: (3, 3)}
t_type about to use: 2
h_type: 3
shift dict: {0: 0, 1: 188, 2: 19452, 3: 20010}
count dict: Counter({1: 19264, 3: 940, 2: 558, 0: 188})
Generated 913 negative samples for edge type 7
Epoch 00005, Step00000 | Train_Loss: 0.6382 | Time: 0.0353
Epoch 00005 | Val_Loss 0.6663 | Time(s) 0.0141
EarlyStopping counter: 1 out of 40
Getting training negative samples for edge types: [7]
nodes.shift keys: [0, 1, 2, 3]
nodes.count keys: [0, 1, 2, 3]
links.meta: {6: (1, 3), 2: (3, 3), 8: (2, 2), 7: (3, 2), 5: (3, 3), 4: (2, 2), 3: (2, 0), 11: (3, 3), 10: (3, 3), 0: (2, 2), 9: (3, 3), 1: (3, 3)}
t_type about to use: 2
h_type: 3
shift dict: {0: 0, 1: 188, 2: 19452, 3: 20010}
count dict: Counter({1: 19264, 3: 940, 2: 558, 0: 188})
Generated 913 negative samples for edge type 7
Epoch 00006, Step00000 | Train_Loss: 0.6312 | Time: 0.0324
Epoch 00006 | Val_Loss 0.6351 | Time(s) 0.0122
Validation loss decreased (0.650671 --> 0.635083).  Saving model ...
Getting training negative samples for edge types: [7]
nodes.shift keys: [0, 1, 2, 3]
nodes.count keys: [0, 1, 2, 3]
links.meta: {6: (1, 3), 2: (3, 3), 8: (2, 2), 7: (3, 2), 5: (3, 3), 4: (2, 2), 3: (2, 0), 11: (3, 3), 10: (3, 3), 0: (2, 2), 9: (3, 3), 1: (3, 3)}
t_type about to use: 2
h_type: 3
shift dict: {0: 0, 1: 188, 2: 19452, 3: 20010}
count dict: Counter({1: 19264, 3: 940, 2: 558, 0: 188})
Generated 913 negative samples for edge type 7
Epoch 00007, Step00000 | Train_Loss: 0.6148 | Time: 0.0339
Epoch 00007 | Val_Loss 0.7003 | Time(s) 0.0119
EarlyStopping counter: 1 out of 40
Getting training negative samples for edge types: [7]
nodes.shift keys: [0, 1, 2, 3]
nodes.count keys: [0, 1, 2, 3]
links.meta: {6: (1, 3), 2: (3, 3), 8: (2, 2), 7: (3, 2), 5: (3, 3), 4: (2, 2), 3: (2, 0), 11: (3, 3), 10: (3, 3), 0: (2, 2), 9: (3, 3), 1: (3, 3)}
t_type about to use: 2
h_type: 3
shift dict: {0: 0, 1: 188, 2: 19452, 3: 20010}
count dict: Counter({1: 19264, 3: 940, 2: 558, 0: 188})
Generated 913 negative samples for edge type 7
Epoch 00008, Step00000 | Train_Loss: 0.6102 | Time: 0.0331
Epoch 00008 | Val_Loss 0.6908 | Time(s) 0.0134
EarlyStopping counter: 2 out of 40
Getting training negative samples for edge types: [7]
nodes.shift keys: [0, 1, 2, 3]
nodes.count keys: [0, 1, 2, 3]
links.meta: {6: (1, 3), 2: (3, 3), 8: (2, 2), 7: (3, 2), 5: (3, 3), 4: (2, 2), 3: (2, 0), 11: (3, 3), 10: (3, 3), 0: (2, 2), 9: (3, 3), 1: (3, 3)}
t_type about to use: 2
h_type: 3
shift dict: {0: 0, 1: 188, 2: 19452, 3: 20010}
count dict: Counter({1: 19264, 3: 940, 2: 558, 0: 188})
Generated 913 negative samples for edge type 7
Epoch 00009, Step00000 | Train_Loss: 0.5908 | Time: 0.0348
Epoch 00009 | Val_Loss 0.7771 | Time(s) 0.0134
EarlyStopping counter: 3 out of 40
Getting training negative samples for edge types: [7]
nodes.shift keys: [0, 1, 2, 3]
nodes.count keys: [0, 1, 2, 3]
links.meta: {6: (1, 3), 2: (3, 3), 8: (2, 2), 7: (3, 2), 5: (3, 3), 4: (2, 2), 3: (2, 0), 11: (3, 3), 10: (3, 3), 0: (2, 2), 9: (3, 3), 1: (3, 3)}
t_type about to use: 2
h_type: 3
shift dict: {0: 0, 1: 188, 2: 19452, 3: 20010}
count dict: Counter({1: 19264, 3: 940, 2: 558, 0: 188})
Generated 913 negative samples for edge type 7
Epoch 00010, Step00000 | Train_Loss: 0.5878 | Time: 0.0328
Epoch 00010 | Val_Loss 0.7044 | Time(s) 0.0138
EarlyStopping counter: 4 out of 40
Getting training negative samples for edge types: [7]
nodes.shift keys: [0, 1, 2, 3]
nodes.count keys: [0, 1, 2, 3]
links.meta: {6: (1, 3), 2: (3, 3), 8: (2, 2), 7: (3, 2), 5: (3, 3), 4: (2, 2), 3: (2, 0), 11: (3, 3), 10: (3, 3), 0: (2, 2), 9: (3, 3), 1: (3, 3)}
t_type about to use: 2
h_type: 3
shift dict: {0: 0, 1: 188, 2: 19452, 3: 20010}
count dict: Counter({1: 19264, 3: 940, 2: 558, 0: 188})
Generated 913 negative samples for edge type 7
Epoch 00011, Step00000 | Train_Loss: 0.5856 | Time: 0.0327
Epoch 00011 | Val_Loss 0.8328 | Time(s) 0.0127
EarlyStopping counter: 5 out of 40
Getting training negative samples for edge types: [7]
nodes.shift keys: [0, 1, 2, 3]
nodes.count keys: [0, 1, 2, 3]
links.meta: {6: (1, 3), 2: (3, 3), 8: (2, 2), 7: (3, 2), 5: (3, 3), 4: (2, 2), 3: (2, 0), 11: (3, 3), 10: (3, 3), 0: (2, 2), 9: (3, 3), 1: (3, 3)}
t_type about to use: 2
h_type: 3
shift dict: {0: 0, 1: 188, 2: 19452, 3: 20010}
count dict: Counter({1: 19264, 3: 940, 2: 558, 0: 188})
Generated 913 negative samples for edge type 7
Epoch 00012, Step00000 | Train_Loss: 0.5721 | Time: 0.0334
Epoch 00012 | Val_Loss 0.8007 | Time(s) 0.0125
EarlyStopping counter: 6 out of 40
Getting training negative samples for edge types: [7]
nodes.shift keys: [0, 1, 2, 3]
nodes.count keys: [0, 1, 2, 3]
links.meta: {6: (1, 3), 2: (3, 3), 8: (2, 2), 7: (3, 2), 5: (3, 3), 4: (2, 2), 3: (2, 0), 11: (3, 3), 10: (3, 3), 0: (2, 2), 9: (3, 3), 1: (3, 3)}
t_type about to use: 2
h_type: 3
shift dict: {0: 0, 1: 188, 2: 19452, 3: 20010}
count dict: Counter({1: 19264, 3: 940, 2: 558, 0: 188})
Generated 913 negative samples for edge type 7
Epoch 00013, Step00000 | Train_Loss: 0.5701 | Time: 0.0328
Epoch 00013 | Val_Loss 0.7626 | Time(s) 0.0125
EarlyStopping counter: 7 out of 40
Getting training negative samples for edge types: [7]
nodes.shift keys: [0, 1, 2, 3]
nodes.count keys: [0, 1, 2, 3]
links.meta: {6: (1, 3), 2: (3, 3), 8: (2, 2), 7: (3, 2), 5: (3, 3), 4: (2, 2), 3: (2, 0), 11: (3, 3), 10: (3, 3), 0: (2, 2), 9: (3, 3), 1: (3, 3)}
t_type about to use: 2
h_type: 3
shift dict: {0: 0, 1: 188, 2: 19452, 3: 20010}
count dict: Counter({1: 19264, 3: 940, 2: 558, 0: 188})
Generated 913 negative samples for edge type 7
Epoch 00014, Step00000 | Train_Loss: 0.5706 | Time: 0.0321
Epoch 00014 | Val_Loss 0.9253 | Time(s) 0.0121
EarlyStopping counter: 8 out of 40
Getting training negative samples for edge types: [7]
nodes.shift keys: [0, 1, 2, 3]
nodes.count keys: [0, 1, 2, 3]
links.meta: {6: (1, 3), 2: (3, 3), 8: (2, 2), 7: (3, 2), 5: (3, 3), 4: (2, 2), 3: (2, 0), 11: (3, 3), 10: (3, 3), 0: (2, 2), 9: (3, 3), 1: (3, 3)}
t_type about to use: 2
h_type: 3
shift dict: {0: 0, 1: 188, 2: 19452, 3: 20010}
count dict: Counter({1: 19264, 3: 940, 2: 558, 0: 188})
Generated 913 negative samples for edge type 7
Epoch 00015, Step00000 | Train_Loss: 0.5515 | Time: 0.0322
Epoch 00015 | Val_Loss 0.9928 | Time(s) 0.0127
EarlyStopping counter: 9 out of 40
Getting training negative samples for edge types: [7]
nodes.shift keys: [0, 1, 2, 3]
nodes.count keys: [0, 1, 2, 3]
links.meta: {6: (1, 3), 2: (3, 3), 8: (2, 2), 7: (3, 2), 5: (3, 3), 4: (2, 2), 3: (2, 0), 11: (3, 3), 10: (3, 3), 0: (2, 2), 9: (3, 3), 1: (3, 3)}
t_type about to use: 2
h_type: 3
shift dict: {0: 0, 1: 188, 2: 19452, 3: 20010}
count dict: Counter({1: 19264, 3: 940, 2: 558, 0: 188})
Generated 913 negative samples for edge type 7
Epoch 00016, Step00000 | Train_Loss: 0.5726 | Time: 0.0326
Epoch 00016 | Val_Loss 0.8930 | Time(s) 0.0119
EarlyStopping counter: 10 out of 40
Getting training negative samples for edge types: [7]
nodes.shift keys: [0, 1, 2, 3]
nodes.count keys: [0, 1, 2, 3]
links.meta: {6: (1, 3), 2: (3, 3), 8: (2, 2), 7: (3, 2), 5: (3, 3), 4: (2, 2), 3: (2, 0), 11: (3, 3), 10: (3, 3), 0: (2, 2), 9: (3, 3), 1: (3, 3)}
t_type about to use: 2
h_type: 3
shift dict: {0: 0, 1: 188, 2: 19452, 3: 20010}
count dict: Counter({1: 19264, 3: 940, 2: 558, 0: 188})
Generated 913 negative samples for edge type 7
Epoch 00017, Step00000 | Train_Loss: 0.5700 | Time: 0.0327
Epoch 00017 | Val_Loss 0.8532 | Time(s) 0.0127
EarlyStopping counter: 11 out of 40
Getting training negative samples for edge types: [7]
nodes.shift keys: [0, 1, 2, 3]
nodes.count keys: [0, 1, 2, 3]
links.meta: {6: (1, 3), 2: (3, 3), 8: (2, 2), 7: (3, 2), 5: (3, 3), 4: (2, 2), 3: (2, 0), 11: (3, 3), 10: (3, 3), 0: (2, 2), 9: (3, 3), 1: (3, 3)}
t_type about to use: 2
h_type: 3
shift dict: {0: 0, 1: 188, 2: 19452, 3: 20010}
count dict: Counter({1: 19264, 3: 940, 2: 558, 0: 188})
Generated 913 negative samples for edge type 7
Epoch 00018, Step00000 | Train_Loss: 0.5566 | Time: 0.0325
Epoch 00018 | Val_Loss 0.9732 | Time(s) 0.0134
EarlyStopping counter: 12 out of 40
Getting training negative samples for edge types: [7]
nodes.shift keys: [0, 1, 2, 3]
nodes.count keys: [0, 1, 2, 3]
links.meta: {6: (1, 3), 2: (3, 3), 8: (2, 2), 7: (3, 2), 5: (3, 3), 4: (2, 2), 3: (2, 0), 11: (3, 3), 10: (3, 3), 0: (2, 2), 9: (3, 3), 1: (3, 3)}
t_type about to use: 2
h_type: 3
shift dict: {0: 0, 1: 188, 2: 19452, 3: 20010}
count dict: Counter({1: 19264, 3: 940, 2: 558, 0: 188})
Generated 913 negative samples for edge type 7
Epoch 00019, Step00000 | Train_Loss: 0.5659 | Time: 0.0326
Epoch 00019 | Val_Loss 0.8491 | Time(s) 0.0127
EarlyStopping counter: 13 out of 40
Getting training negative samples for edge types: [7]
nodes.shift keys: [0, 1, 2, 3]
nodes.count keys: [0, 1, 2, 3]
links.meta: {6: (1, 3), 2: (3, 3), 8: (2, 2), 7: (3, 2), 5: (3, 3), 4: (2, 2), 3: (2, 0), 11: (3, 3), 10: (3, 3), 0: (2, 2), 9: (3, 3), 1: (3, 3)}
t_type about to use: 2
h_type: 3
shift dict: {0: 0, 1: 188, 2: 19452, 3: 20010}
count dict: Counter({1: 19264, 3: 940, 2: 558, 0: 188})
Generated 913 negative samples for edge type 7
Epoch 00020, Step00000 | Train_Loss: 0.5535 | Time: 0.0327
Epoch 00020 | Val_Loss 0.9063 | Time(s) 0.0121
EarlyStopping counter: 14 out of 40
Getting training negative samples for edge types: [7]
nodes.shift keys: [0, 1, 2, 3]
nodes.count keys: [0, 1, 2, 3]
links.meta: {6: (1, 3), 2: (3, 3), 8: (2, 2), 7: (3, 2), 5: (3, 3), 4: (2, 2), 3: (2, 0), 11: (3, 3), 10: (3, 3), 0: (2, 2), 9: (3, 3), 1: (3, 3)}
t_type about to use: 2
h_type: 3
shift dict: {0: 0, 1: 188, 2: 19452, 3: 20010}
count dict: Counter({1: 19264, 3: 940, 2: 558, 0: 188})
Generated 913 negative samples for edge type 7
Epoch 00021, Step00000 | Train_Loss: 0.5482 | Time: 0.0326
Epoch 00021 | Val_Loss 0.9651 | Time(s) 0.0124
EarlyStopping counter: 15 out of 40
Getting training negative samples for edge types: [7]
nodes.shift keys: [0, 1, 2, 3]
nodes.count keys: [0, 1, 2, 3]
links.meta: {6: (1, 3), 2: (3, 3), 8: (2, 2), 7: (3, 2), 5: (3, 3), 4: (2, 2), 3: (2, 0), 11: (3, 3), 10: (3, 3), 0: (2, 2), 9: (3, 3), 1: (3, 3)}
t_type about to use: 2
h_type: 3
shift dict: {0: 0, 1: 188, 2: 19452, 3: 20010}
count dict: Counter({1: 19264, 3: 940, 2: 558, 0: 188})
Generated 913 negative samples for edge type 7
Epoch 00022, Step00000 | Train_Loss: 0.5553 | Time: 0.0346
Epoch 00022 | Val_Loss 0.9541 | Time(s) 0.0143
EarlyStopping counter: 16 out of 40
Getting training negative samples for edge types: [7]
nodes.shift keys: [0, 1, 2, 3]
nodes.count keys: [0, 1, 2, 3]
links.meta: {6: (1, 3), 2: (3, 3), 8: (2, 2), 7: (3, 2), 5: (3, 3), 4: (2, 2), 3: (2, 0), 11: (3, 3), 10: (3, 3), 0: (2, 2), 9: (3, 3), 1: (3, 3)}
t_type about to use: 2
h_type: 3
shift dict: {0: 0, 1: 188, 2: 19452, 3: 20010}
count dict: Counter({1: 19264, 3: 940, 2: 558, 0: 188})
Generated 913 negative samples for edge type 7
Epoch 00023, Step00000 | Train_Loss: 0.5471 | Time: 0.0325
Epoch 00023 | Val_Loss 0.8911 | Time(s) 0.0139
EarlyStopping counter: 17 out of 40
Getting training negative samples for edge types: [7]
nodes.shift keys: [0, 1, 2, 3]
nodes.count keys: [0, 1, 2, 3]
links.meta: {6: (1, 3), 2: (3, 3), 8: (2, 2), 7: (3, 2), 5: (3, 3), 4: (2, 2), 3: (2, 0), 11: (3, 3), 10: (3, 3), 0: (2, 2), 9: (3, 3), 1: (3, 3)}
t_type about to use: 2
h_type: 3
shift dict: {0: 0, 1: 188, 2: 19452, 3: 20010}
count dict: Counter({1: 19264, 3: 940, 2: 558, 0: 188})
Generated 913 negative samples for edge type 7
Epoch 00024, Step00000 | Train_Loss: 0.5475 | Time: 0.0330
Epoch 00024 | Val_Loss 0.9268 | Time(s) 0.0129
EarlyStopping counter: 18 out of 40
Getting training negative samples for edge types: [7]
nodes.shift keys: [0, 1, 2, 3]
nodes.count keys: [0, 1, 2, 3]
links.meta: {6: (1, 3), 2: (3, 3), 8: (2, 2), 7: (3, 2), 5: (3, 3), 4: (2, 2), 3: (2, 0), 11: (3, 3), 10: (3, 3), 0: (2, 2), 9: (3, 3), 1: (3, 3)}
t_type about to use: 2
h_type: 3
shift dict: {0: 0, 1: 188, 2: 19452, 3: 20010}
count dict: Counter({1: 19264, 3: 940, 2: 558, 0: 188})
Generated 913 negative samples for edge type 7
Epoch 00025, Step00000 | Train_Loss: 0.5476 | Time: 0.0328
Epoch 00025 | Val_Loss 0.8999 | Time(s) 0.0119
EarlyStopping counter: 19 out of 40
Getting training negative samples for edge types: [7]
nodes.shift keys: [0, 1, 2, 3]
nodes.count keys: [0, 1, 2, 3]
links.meta: {6: (1, 3), 2: (3, 3), 8: (2, 2), 7: (3, 2), 5: (3, 3), 4: (2, 2), 3: (2, 0), 11: (3, 3), 10: (3, 3), 0: (2, 2), 9: (3, 3), 1: (3, 3)}
t_type about to use: 2
h_type: 3
shift dict: {0: 0, 1: 188, 2: 19452, 3: 20010}
count dict: Counter({1: 19264, 3: 940, 2: 558, 0: 188})
Generated 913 negative samples for edge type 7
Epoch 00026, Step00000 | Train_Loss: 0.5400 | Time: 0.0324
Epoch 00026 | Val_Loss 0.9388 | Time(s) 0.0122
EarlyStopping counter: 20 out of 40
Getting training negative samples for edge types: [7]
nodes.shift keys: [0, 1, 2, 3]
nodes.count keys: [0, 1, 2, 3]
links.meta: {6: (1, 3), 2: (3, 3), 8: (2, 2), 7: (3, 2), 5: (3, 3), 4: (2, 2), 3: (2, 0), 11: (3, 3), 10: (3, 3), 0: (2, 2), 9: (3, 3), 1: (3, 3)}
t_type about to use: 2
h_type: 3
shift dict: {0: 0, 1: 188, 2: 19452, 3: 20010}
count dict: Counter({1: 19264, 3: 940, 2: 558, 0: 188})
Generated 913 negative samples for edge type 7
Epoch 00027, Step00000 | Train_Loss: 0.5596 | Time: 0.0345
Epoch 00027 | Val_Loss 0.9614 | Time(s) 0.0124
EarlyStopping counter: 21 out of 40
Getting training negative samples for edge types: [7]
nodes.shift keys: [0, 1, 2, 3]
nodes.count keys: [0, 1, 2, 3]
links.meta: {6: (1, 3), 2: (3, 3), 8: (2, 2), 7: (3, 2), 5: (3, 3), 4: (2, 2), 3: (2, 0), 11: (3, 3), 10: (3, 3), 0: (2, 2), 9: (3, 3), 1: (3, 3)}
t_type about to use: 2
h_type: 3
shift dict: {0: 0, 1: 188, 2: 19452, 3: 20010}
count dict: Counter({1: 19264, 3: 940, 2: 558, 0: 188})
Generated 913 negative samples for edge type 7
Epoch 00028, Step00000 | Train_Loss: 0.5514 | Time: 0.0334
Epoch 00028 | Val_Loss 0.9656 | Time(s) 0.0133
EarlyStopping counter: 22 out of 40
Getting training negative samples for edge types: [7]
nodes.shift keys: [0, 1, 2, 3]
nodes.count keys: [0, 1, 2, 3]
links.meta: {6: (1, 3), 2: (3, 3), 8: (2, 2), 7: (3, 2), 5: (3, 3), 4: (2, 2), 3: (2, 0), 11: (3, 3), 10: (3, 3), 0: (2, 2), 9: (3, 3), 1: (3, 3)}
t_type about to use: 2
h_type: 3
shift dict: {0: 0, 1: 188, 2: 19452, 3: 20010}
count dict: Counter({1: 19264, 3: 940, 2: 558, 0: 188})
Generated 913 negative samples for edge type 7
Epoch 00029, Step00000 | Train_Loss: 0.5482 | Time: 0.0329
Epoch 00029 | Val_Loss 0.8817 | Time(s) 0.0128
EarlyStopping counter: 23 out of 40
Getting training negative samples for edge types: [7]
nodes.shift keys: [0, 1, 2, 3]
nodes.count keys: [0, 1, 2, 3]
links.meta: {6: (1, 3), 2: (3, 3), 8: (2, 2), 7: (3, 2), 5: (3, 3), 4: (2, 2), 3: (2, 0), 11: (3, 3), 10: (3, 3), 0: (2, 2), 9: (3, 3), 1: (3, 3)}
t_type about to use: 2
h_type: 3
shift dict: {0: 0, 1: 188, 2: 19452, 3: 20010}
count dict: Counter({1: 19264, 3: 940, 2: 558, 0: 188})
Generated 913 negative samples for edge type 7
Epoch 00030, Step00000 | Train_Loss: 0.5441 | Time: 0.0328
Epoch 00030 | Val_Loss 0.9714 | Time(s) 0.0127
EarlyStopping counter: 24 out of 40
Getting training negative samples for edge types: [7]
nodes.shift keys: [0, 1, 2, 3]
nodes.count keys: [0, 1, 2, 3]
links.meta: {6: (1, 3), 2: (3, 3), 8: (2, 2), 7: (3, 2), 5: (3, 3), 4: (2, 2), 3: (2, 0), 11: (3, 3), 10: (3, 3), 0: (2, 2), 9: (3, 3), 1: (3, 3)}
t_type about to use: 2
h_type: 3
shift dict: {0: 0, 1: 188, 2: 19452, 3: 20010}
count dict: Counter({1: 19264, 3: 940, 2: 558, 0: 188})
Generated 913 negative samples for edge type 7
Epoch 00031, Step00000 | Train_Loss: 0.5279 | Time: 0.0332
Epoch 00031 | Val_Loss 0.9456 | Time(s) 0.0125
EarlyStopping counter: 25 out of 40
Getting training negative samples for edge types: [7]
nodes.shift keys: [0, 1, 2, 3]
nodes.count keys: [0, 1, 2, 3]
links.meta: {6: (1, 3), 2: (3, 3), 8: (2, 2), 7: (3, 2), 5: (3, 3), 4: (2, 2), 3: (2, 0), 11: (3, 3), 10: (3, 3), 0: (2, 2), 9: (3, 3), 1: (3, 3)}
t_type about to use: 2
h_type: 3
shift dict: {0: 0, 1: 188, 2: 19452, 3: 20010}
count dict: Counter({1: 19264, 3: 940, 2: 558, 0: 188})
Generated 913 negative samples for edge type 7
Epoch 00032, Step00000 | Train_Loss: 0.5319 | Time: 0.0333
Epoch 00032 | Val_Loss 1.0051 | Time(s) 0.0138
EarlyStopping counter: 26 out of 40
Getting training negative samples for edge types: [7]
nodes.shift keys: [0, 1, 2, 3]
nodes.count keys: [0, 1, 2, 3]
links.meta: {6: (1, 3), 2: (3, 3), 8: (2, 2), 7: (3, 2), 5: (3, 3), 4: (2, 2), 3: (2, 0), 11: (3, 3), 10: (3, 3), 0: (2, 2), 9: (3, 3), 1: (3, 3)}
t_type about to use: 2
h_type: 3
shift dict: {0: 0, 1: 188, 2: 19452, 3: 20010}
count dict: Counter({1: 19264, 3: 940, 2: 558, 0: 188})
Generated 913 negative samples for edge type 7
Epoch 00033, Step00000 | Train_Loss: 0.5552 | Time: 0.0333
Epoch 00033 | Val_Loss 0.9431 | Time(s) 0.0149
EarlyStopping counter: 27 out of 40
Getting training negative samples for edge types: [7]
nodes.shift keys: [0, 1, 2, 3]
nodes.count keys: [0, 1, 2, 3]
links.meta: {6: (1, 3), 2: (3, 3), 8: (2, 2), 7: (3, 2), 5: (3, 3), 4: (2, 2), 3: (2, 0), 11: (3, 3), 10: (3, 3), 0: (2, 2), 9: (3, 3), 1: (3, 3)}
t_type about to use: 2
h_type: 3
shift dict: {0: 0, 1: 188, 2: 19452, 3: 20010}
count dict: Counter({1: 19264, 3: 940, 2: 558, 0: 188})
Generated 913 negative samples for edge type 7
Epoch 00034, Step00000 | Train_Loss: 0.5346 | Time: 0.0344
Epoch 00034 | Val_Loss 0.9201 | Time(s) 0.0139
EarlyStopping counter: 28 out of 40
Getting training negative samples for edge types: [7]
nodes.shift keys: [0, 1, 2, 3]
nodes.count keys: [0, 1, 2, 3]
links.meta: {6: (1, 3), 2: (3, 3), 8: (2, 2), 7: (3, 2), 5: (3, 3), 4: (2, 2), 3: (2, 0), 11: (3, 3), 10: (3, 3), 0: (2, 2), 9: (3, 3), 1: (3, 3)}
t_type about to use: 2
h_type: 3
shift dict: {0: 0, 1: 188, 2: 19452, 3: 20010}
count dict: Counter({1: 19264, 3: 940, 2: 558, 0: 188})
Generated 913 negative samples for edge type 7
Epoch 00035, Step00000 | Train_Loss: 0.5322 | Time: 0.0336
Epoch 00035 | Val_Loss 0.8392 | Time(s) 0.0142
EarlyStopping counter: 29 out of 40
Getting training negative samples for edge types: [7]
nodes.shift keys: [0, 1, 2, 3]
nodes.count keys: [0, 1, 2, 3]
links.meta: {6: (1, 3), 2: (3, 3), 8: (2, 2), 7: (3, 2), 5: (3, 3), 4: (2, 2), 3: (2, 0), 11: (3, 3), 10: (3, 3), 0: (2, 2), 9: (3, 3), 1: (3, 3)}
t_type about to use: 2
h_type: 3
shift dict: {0: 0, 1: 188, 2: 19452, 3: 20010}
count dict: Counter({1: 19264, 3: 940, 2: 558, 0: 188})
Generated 913 negative samples for edge type 7
Epoch 00036, Step00000 | Train_Loss: 0.5435 | Time: 0.0336
Epoch 00036 | Val_Loss 0.8934 | Time(s) 0.0142
EarlyStopping counter: 30 out of 40
Getting training negative samples for edge types: [7]
nodes.shift keys: [0, 1, 2, 3]
nodes.count keys: [0, 1, 2, 3]
links.meta: {6: (1, 3), 2: (3, 3), 8: (2, 2), 7: (3, 2), 5: (3, 3), 4: (2, 2), 3: (2, 0), 11: (3, 3), 10: (3, 3), 0: (2, 2), 9: (3, 3), 1: (3, 3)}
t_type about to use: 2
h_type: 3
shift dict: {0: 0, 1: 188, 2: 19452, 3: 20010}
count dict: Counter({1: 19264, 3: 940, 2: 558, 0: 188})
Generated 913 negative samples for edge type 7
Epoch 00037, Step00000 | Train_Loss: 0.5499 | Time: 0.0348
Epoch 00037 | Val_Loss 0.9531 | Time(s) 0.0146
EarlyStopping counter: 31 out of 40
Getting training negative samples for edge types: [7]
nodes.shift keys: [0, 1, 2, 3]
nodes.count keys: [0, 1, 2, 3]
links.meta: {6: (1, 3), 2: (3, 3), 8: (2, 2), 7: (3, 2), 5: (3, 3), 4: (2, 2), 3: (2, 0), 11: (3, 3), 10: (3, 3), 0: (2, 2), 9: (3, 3), 1: (3, 3)}
t_type about to use: 2
h_type: 3
shift dict: {0: 0, 1: 188, 2: 19452, 3: 20010}
count dict: Counter({1: 19264, 3: 940, 2: 558, 0: 188})
Generated 913 negative samples for edge type 7
Epoch 00038, Step00000 | Train_Loss: 0.5374 | Time: 0.0332
Epoch 00038 | Val_Loss 0.9433 | Time(s) 0.0141
EarlyStopping counter: 32 out of 40
Getting training negative samples for edge types: [7]
nodes.shift keys: [0, 1, 2, 3]
nodes.count keys: [0, 1, 2, 3]
links.meta: {6: (1, 3), 2: (3, 3), 8: (2, 2), 7: (3, 2), 5: (3, 3), 4: (2, 2), 3: (2, 0), 11: (3, 3), 10: (3, 3), 0: (2, 2), 9: (3, 3), 1: (3, 3)}
t_type about to use: 2
h_type: 3
shift dict: {0: 0, 1: 188, 2: 19452, 3: 20010}
count dict: Counter({1: 19264, 3: 940, 2: 558, 0: 188})
Generated 913 negative samples for edge type 7
Epoch 00039, Step00000 | Train_Loss: 0.5259 | Time: 0.0331
Epoch 00039 | Val_Loss 0.8925 | Time(s) 0.0141
EarlyStopping counter: 33 out of 40
Getting training negative samples for edge types: [7]
nodes.shift keys: [0, 1, 2, 3]
nodes.count keys: [0, 1, 2, 3]
links.meta: {6: (1, 3), 2: (3, 3), 8: (2, 2), 7: (3, 2), 5: (3, 3), 4: (2, 2), 3: (2, 0), 11: (3, 3), 10: (3, 3), 0: (2, 2), 9: (3, 3), 1: (3, 3)}
t_type about to use: 2
h_type: 3
shift dict: {0: 0, 1: 188, 2: 19452, 3: 20010}
count dict: Counter({1: 19264, 3: 940, 2: 558, 0: 188})
Generated 913 negative samples for edge type 7
Epoch 00040, Step00000 | Train_Loss: 0.5306 | Time: 0.0329
Epoch 00040 | Val_Loss 0.9751 | Time(s) 0.0124
EarlyStopping counter: 34 out of 40
Getting training negative samples for edge types: [7]
nodes.shift keys: [0, 1, 2, 3]
nodes.count keys: [0, 1, 2, 3]
links.meta: {6: (1, 3), 2: (3, 3), 8: (2, 2), 7: (3, 2), 5: (3, 3), 4: (2, 2), 3: (2, 0), 11: (3, 3), 10: (3, 3), 0: (2, 2), 9: (3, 3), 1: (3, 3)}
t_type about to use: 2
h_type: 3
shift dict: {0: 0, 1: 188, 2: 19452, 3: 20010}
count dict: Counter({1: 19264, 3: 940, 2: 558, 0: 188})
Generated 913 negative samples for edge type 7
Epoch 00041, Step00000 | Train_Loss: 0.5294 | Time: 0.0337
Epoch 00041 | Val_Loss 0.9679 | Time(s) 0.0125
EarlyStopping counter: 35 out of 40
Getting training negative samples for edge types: [7]
nodes.shift keys: [0, 1, 2, 3]
nodes.count keys: [0, 1, 2, 3]
links.meta: {6: (1, 3), 2: (3, 3), 8: (2, 2), 7: (3, 2), 5: (3, 3), 4: (2, 2), 3: (2, 0), 11: (3, 3), 10: (3, 3), 0: (2, 2), 9: (3, 3), 1: (3, 3)}
t_type about to use: 2
h_type: 3
shift dict: {0: 0, 1: 188, 2: 19452, 3: 20010}
count dict: Counter({1: 19264, 3: 940, 2: 558, 0: 188})
Generated 913 negative samples for edge type 7
Epoch 00042, Step00000 | Train_Loss: 0.5335 | Time: 0.0336
Epoch 00042 | Val_Loss 0.8544 | Time(s) 0.0129
EarlyStopping counter: 36 out of 40
Getting training negative samples for edge types: [7]
nodes.shift keys: [0, 1, 2, 3]
nodes.count keys: [0, 1, 2, 3]
links.meta: {6: (1, 3), 2: (3, 3), 8: (2, 2), 7: (3, 2), 5: (3, 3), 4: (2, 2), 3: (2, 0), 11: (3, 3), 10: (3, 3), 0: (2, 2), 9: (3, 3), 1: (3, 3)}
t_type about to use: 2
h_type: 3
shift dict: {0: 0, 1: 188, 2: 19452, 3: 20010}
count dict: Counter({1: 19264, 3: 940, 2: 558, 0: 188})
Generated 913 negative samples for edge type 7
Epoch 00043, Step00000 | Train_Loss: 0.5378 | Time: 0.0343
Epoch 00043 | Val_Loss 0.9561 | Time(s) 0.0133
EarlyStopping counter: 37 out of 40
Getting training negative samples for edge types: [7]
nodes.shift keys: [0, 1, 2, 3]
nodes.count keys: [0, 1, 2, 3]
links.meta: {6: (1, 3), 2: (3, 3), 8: (2, 2), 7: (3, 2), 5: (3, 3), 4: (2, 2), 3: (2, 0), 11: (3, 3), 10: (3, 3), 0: (2, 2), 9: (3, 3), 1: (3, 3)}
t_type about to use: 2
h_type: 3
shift dict: {0: 0, 1: 188, 2: 19452, 3: 20010}
count dict: Counter({1: 19264, 3: 940, 2: 558, 0: 188})
Generated 913 negative samples for edge type 7
Epoch 00044, Step00000 | Train_Loss: 0.5293 | Time: 0.0360
Epoch 00044 | Val_Loss 1.0535 | Time(s) 0.0138
EarlyStopping counter: 38 out of 40
Getting training negative samples for edge types: [7]
nodes.shift keys: [0, 1, 2, 3]
nodes.count keys: [0, 1, 2, 3]
links.meta: {6: (1, 3), 2: (3, 3), 8: (2, 2), 7: (3, 2), 5: (3, 3), 4: (2, 2), 3: (2, 0), 11: (3, 3), 10: (3, 3), 0: (2, 2), 9: (3, 3), 1: (3, 3)}
t_type about to use: 2
h_type: 3
shift dict: {0: 0, 1: 188, 2: 19452, 3: 20010}
count dict: Counter({1: 19264, 3: 940, 2: 558, 0: 188})
Generated 913 negative samples for edge type 7
Epoch 00045, Step00000 | Train_Loss: 0.5293 | Time: 0.0350
Epoch 00045 | Val_Loss 1.0527 | Time(s) 0.0118
EarlyStopping counter: 39 out of 40
Getting training negative samples for edge types: [7]
nodes.shift keys: [0, 1, 2, 3]
nodes.count keys: [0, 1, 2, 3]
links.meta: {6: (1, 3), 2: (3, 3), 8: (2, 2), 7: (3, 2), 5: (3, 3), 4: (2, 2), 3: (2, 0), 11: (3, 3), 10: (3, 3), 0: (2, 2), 9: (3, 3), 1: (3, 3)}
t_type about to use: 2
h_type: 3
shift dict: {0: 0, 1: 188, 2: 19452, 3: 20010}
count dict: Counter({1: 19264, 3: 940, 2: 558, 0: 188})
Generated 913 negative samples for edge type 7
Epoch 00046, Step00000 | Train_Loss: 0.5353 | Time: 0.0326
Epoch 00046 | Val_Loss 0.9206 | Time(s) 0.0134
EarlyStopping counter: 40 out of 40
Early stopping!
Early stopping!
Meta keys: dict_keys([7])
Data keys: dict_keys([7])
Edge type: 7, Meta: (3, 2)
{'roc_auc': 0.5349430911605149, 'MRR': 0.77735368956743}
{'roc_auc': 0.6473765976979027, 'MRR': 0.8066157760814249}
defaultdict(<class 'float'>, {'roc_auc': 0.5349430911605149, 'MRR': 0.77735368956743})
defaultdict(<class 'float'>, {'roc_auc': 0.6473765976979027, 'MRR': 0.8066157760814249})
Completed: amazon_style_ccct_features_securebert_fold_5

All jobs completed.
Setup complete
