Starting SimpleHGN batch job with 6 repetitions...
=== Repetition 1/6 ===
--------------------------------------
Running model: SimpleHGN
Dataset: amazon_style_cct_features_securebert_fold_1
--------------------------------------
Data path: ../../data/amazon_style_cct_features_securebert_fold_1
Loading nodes from ../../data/amazon_style_cct_features_securebert_fold_1/node.dat
edge types: dict_keys([6, 3, 5, 7, 4, 8, 0, 2, 1, 9, 10])
Getting training negative samples for edge types: [6]
nodes.shift keys: [0, 1, 2]
nodes.count keys: [0, 1, 2]
links.meta: {6: (2, 1), 3: (1, 0), 5: (2, 2), 7: (1, 1), 4: (1, 1), 8: (2, 2), 0: (1, 1), 2: (2, 2), 1: (2, 2), 9: (2, 2), 10: (2, 2)}
t_type about to use: 1
h_type: 2
shift dict: {0: 0, 1: 188, 2: 746}
count dict: Counter({2: 940, 1: 558, 0: 188})
Generated 919 negative samples for edge type 6
Features List: [array([[ 0.00445206,  0.01268557,  0.22351578, ..., -0.28678206,
        -0.37460288,  0.18294938],
       [-0.18744846,  0.07075578,  0.0476894 , ..., -0.2232531 ,
        -0.19588573,  0.47988179],
       [-0.17451471, -0.04557271,  0.15712288, ..., -0.05391889,
        -0.20500693,  0.23744845],
       ...,
       [-0.40584856,  0.04715464,  0.24475315, ..., -0.12466257,
        -0.2035536 ,  0.28577447],
       [-0.18835557,  0.03822717,  0.03586731, ..., -0.23435652,
        -0.35453227,  0.38753107],
       [-0.13632202,  0.14362322,  0.08668749, ..., -0.24145249,
        -0.25799868,  0.26464131]]), array([[ 0.00791158, -0.00538086, -0.02676104, ..., -0.01897389,
        -0.01306979, -0.00084801],
       [ 0.01682901, -0.00649696, -0.01921631, ..., -0.01401017,
        -0.0039668 , -0.02202195],
       [ 0.02197852, -0.01403735, -0.05225722, ...,  0.02019661,
         0.00528841,  0.0033033 ],
       ...,
       [ 0.01603197,  0.00716993, -0.01245602, ..., -0.01399604,
        -0.00058955, -0.0256807 ],
       [ 0.01039577,  0.02045547, -0.02146293, ...,  0.01017929,
         0.02390171,  0.00134994],
       [ 0.00462414,  0.0041195 , -0.0135733 , ..., -0.01101827,
         0.00813001,  0.0203817 ]]), array([[ 0.00087804,  0.00658507, -0.02514569, ..., -0.04238372,
         0.00850771, -0.02565438],
       [-0.0006986 ,  0.01542003, -0.03227317, ..., -0.01301633,
         0.01559736, -0.03614859],
       [-0.01135348,  0.00974955, -0.01812623, ..., -0.01920343,
         0.00887381, -0.0152928 ],
       ...,
       [ 0.00701895, -0.01539859, -0.03025482, ..., -0.03644368,
         0.01254067, -0.0236606 ],
       [-0.00414097,  0.00144739, -0.05197839, ...,  0.00216818,
         0.02755725, -0.03143983],
       [ 0.01779867, -0.02493452, -0.0391779 , ..., -0.01159797,
        -0.00619852, -0.02449675]])]
Getting training negative samples for edge types: [6]
nodes.shift keys: [0, 1, 2]
nodes.count keys: [0, 1, 2]
links.meta: {6: (2, 1), 3: (1, 0), 5: (2, 2), 7: (1, 1), 4: (1, 1), 8: (2, 2), 0: (1, 1), 2: (2, 2), 1: (2, 2), 9: (2, 2), 10: (2, 2)}
t_type about to use: 1
h_type: 2
shift dict: {0: 0, 1: 188, 2: 746}
count dict: Counter({2: 940, 1: 558, 0: 188})
Generated 919 negative samples for edge type 6
Epoch 00000, Step00000 | Train_Loss: 0.6949 | Time: 4.4655
Epoch 00000 | Val_Loss 0.6868 | Time(s) 0.0334
Validation loss decreased (inf --> 0.686775).  Saving model ...
Getting training negative samples for edge types: [6]
nodes.shift keys: [0, 1, 2]
nodes.count keys: [0, 1, 2]
links.meta: {6: (2, 1), 3: (1, 0), 5: (2, 2), 7: (1, 1), 4: (1, 1), 8: (2, 2), 0: (1, 1), 2: (2, 2), 1: (2, 2), 9: (2, 2), 10: (2, 2)}
t_type about to use: 1
h_type: 2
shift dict: {0: 0, 1: 188, 2: 746}
count dict: Counter({2: 940, 1: 558, 0: 188})
Generated 919 negative samples for edge type 6
Epoch 00001, Step00000 | Train_Loss: 0.6854 | Time: 0.0276
Epoch 00001 | Val_Loss 0.6765 | Time(s) 0.0113
Validation loss decreased (0.686775 --> 0.676520).  Saving model ...
Getting training negative samples for edge types: [6]
nodes.shift keys: [0, 1, 2]
nodes.count keys: [0, 1, 2]
links.meta: {6: (2, 1), 3: (1, 0), 5: (2, 2), 7: (1, 1), 4: (1, 1), 8: (2, 2), 0: (1, 1), 2: (2, 2), 1: (2, 2), 9: (2, 2), 10: (2, 2)}
t_type about to use: 1
h_type: 2
shift dict: {0: 0, 1: 188, 2: 746}
count dict: Counter({2: 940, 1: 558, 0: 188})
Generated 919 negative samples for edge type 6
Epoch 00002, Step00000 | Train_Loss: 0.6752 | Time: 0.0271
Epoch 00002 | Val_Loss 0.6644 | Time(s) 0.0085
Validation loss decreased (0.676520 --> 0.664360).  Saving model ...
Getting training negative samples for edge types: [6]
nodes.shift keys: [0, 1, 2]
nodes.count keys: [0, 1, 2]
links.meta: {6: (2, 1), 3: (1, 0), 5: (2, 2), 7: (1, 1), 4: (1, 1), 8: (2, 2), 0: (1, 1), 2: (2, 2), 1: (2, 2), 9: (2, 2), 10: (2, 2)}
t_type about to use: 1
h_type: 2
shift dict: {0: 0, 1: 188, 2: 746}
count dict: Counter({2: 940, 1: 558, 0: 188})
Generated 919 negative samples for edge type 6
Epoch 00003, Step00000 | Train_Loss: 0.6676 | Time: 0.0269
Epoch 00003 | Val_Loss 0.6684 | Time(s) 0.0086
EarlyStopping counter: 1 out of 40
Getting training negative samples for edge types: [6]
nodes.shift keys: [0, 1, 2]
nodes.count keys: [0, 1, 2]
links.meta: {6: (2, 1), 3: (1, 0), 5: (2, 2), 7: (1, 1), 4: (1, 1), 8: (2, 2), 0: (1, 1), 2: (2, 2), 1: (2, 2), 9: (2, 2), 10: (2, 2)}
t_type about to use: 1
h_type: 2
shift dict: {0: 0, 1: 188, 2: 746}
count dict: Counter({2: 940, 1: 558, 0: 188})
Generated 919 negative samples for edge type 6
Epoch 00004, Step00000 | Train_Loss: 0.6554 | Time: 0.0217
Epoch 00004 | Val_Loss 0.6463 | Time(s) 0.0080
Validation loss decreased (0.664360 --> 0.646324).  Saving model ...
Getting training negative samples for edge types: [6]
nodes.shift keys: [0, 1, 2]
nodes.count keys: [0, 1, 2]
links.meta: {6: (2, 1), 3: (1, 0), 5: (2, 2), 7: (1, 1), 4: (1, 1), 8: (2, 2), 0: (1, 1), 2: (2, 2), 1: (2, 2), 9: (2, 2), 10: (2, 2)}
t_type about to use: 1
h_type: 2
shift dict: {0: 0, 1: 188, 2: 746}
count dict: Counter({2: 940, 1: 558, 0: 188})
Generated 919 negative samples for edge type 6
Epoch 00005, Step00000 | Train_Loss: 0.6449 | Time: 0.0251
Epoch 00005 | Val_Loss 0.6603 | Time(s) 0.0107
EarlyStopping counter: 1 out of 40
Getting training negative samples for edge types: [6]
nodes.shift keys: [0, 1, 2]
nodes.count keys: [0, 1, 2]
links.meta: {6: (2, 1), 3: (1, 0), 5: (2, 2), 7: (1, 1), 4: (1, 1), 8: (2, 2), 0: (1, 1), 2: (2, 2), 1: (2, 2), 9: (2, 2), 10: (2, 2)}
t_type about to use: 1
h_type: 2
shift dict: {0: 0, 1: 188, 2: 746}
count dict: Counter({2: 940, 1: 558, 0: 188})
Generated 919 negative samples for edge type 6
Epoch 00006, Step00000 | Train_Loss: 0.6305 | Time: 0.0217
Epoch 00006 | Val_Loss 0.6414 | Time(s) 0.0082
Validation loss decreased (0.646324 --> 0.641416).  Saving model ...
Getting training negative samples for edge types: [6]
nodes.shift keys: [0, 1, 2]
nodes.count keys: [0, 1, 2]
links.meta: {6: (2, 1), 3: (1, 0), 5: (2, 2), 7: (1, 1), 4: (1, 1), 8: (2, 2), 0: (1, 1), 2: (2, 2), 1: (2, 2), 9: (2, 2), 10: (2, 2)}
t_type about to use: 1
h_type: 2
shift dict: {0: 0, 1: 188, 2: 746}
count dict: Counter({2: 940, 1: 558, 0: 188})
Generated 919 negative samples for edge type 6
Epoch 00007, Step00000 | Train_Loss: 0.6172 | Time: 0.0256
Epoch 00007 | Val_Loss 0.6644 | Time(s) 0.0083
EarlyStopping counter: 1 out of 40
Getting training negative samples for edge types: [6]
nodes.shift keys: [0, 1, 2]
nodes.count keys: [0, 1, 2]
links.meta: {6: (2, 1), 3: (1, 0), 5: (2, 2), 7: (1, 1), 4: (1, 1), 8: (2, 2), 0: (1, 1), 2: (2, 2), 1: (2, 2), 9: (2, 2), 10: (2, 2)}
t_type about to use: 1
h_type: 2
shift dict: {0: 0, 1: 188, 2: 746}
count dict: Counter({2: 940, 1: 558, 0: 188})
Generated 919 negative samples for edge type 6
Epoch 00008, Step00000 | Train_Loss: 0.6100 | Time: 0.0215
Epoch 00008 | Val_Loss 0.6779 | Time(s) 0.0082
EarlyStopping counter: 2 out of 40
Getting training negative samples for edge types: [6]
nodes.shift keys: [0, 1, 2]
nodes.count keys: [0, 1, 2]
links.meta: {6: (2, 1), 3: (1, 0), 5: (2, 2), 7: (1, 1), 4: (1, 1), 8: (2, 2), 0: (1, 1), 2: (2, 2), 1: (2, 2), 9: (2, 2), 10: (2, 2)}
t_type about to use: 1
h_type: 2
shift dict: {0: 0, 1: 188, 2: 746}
count dict: Counter({2: 940, 1: 558, 0: 188})
Generated 919 negative samples for edge type 6
Epoch 00009, Step00000 | Train_Loss: 0.5978 | Time: 0.0207
Epoch 00009 | Val_Loss 0.7531 | Time(s) 0.0081
EarlyStopping counter: 3 out of 40
Getting training negative samples for edge types: [6]
nodes.shift keys: [0, 1, 2]
nodes.count keys: [0, 1, 2]
links.meta: {6: (2, 1), 3: (1, 0), 5: (2, 2), 7: (1, 1), 4: (1, 1), 8: (2, 2), 0: (1, 1), 2: (2, 2), 1: (2, 2), 9: (2, 2), 10: (2, 2)}
t_type about to use: 1
h_type: 2
shift dict: {0: 0, 1: 188, 2: 746}
count dict: Counter({2: 940, 1: 558, 0: 188})
Generated 919 negative samples for edge type 6
Epoch 00010, Step00000 | Train_Loss: 0.5764 | Time: 0.0211
Epoch 00010 | Val_Loss 0.7530 | Time(s) 0.0081
EarlyStopping counter: 4 out of 40
Getting training negative samples for edge types: [6]
nodes.shift keys: [0, 1, 2]
nodes.count keys: [0, 1, 2]
links.meta: {6: (2, 1), 3: (1, 0), 5: (2, 2), 7: (1, 1), 4: (1, 1), 8: (2, 2), 0: (1, 1), 2: (2, 2), 1: (2, 2), 9: (2, 2), 10: (2, 2)}
t_type about to use: 1
h_type: 2
shift dict: {0: 0, 1: 188, 2: 746}
count dict: Counter({2: 940, 1: 558, 0: 188})
Generated 919 negative samples for edge type 6
Epoch 00011, Step00000 | Train_Loss: 0.5822 | Time: 0.0209
Epoch 00011 | Val_Loss 0.6654 | Time(s) 0.0082
EarlyStopping counter: 5 out of 40
Getting training negative samples for edge types: [6]
nodes.shift keys: [0, 1, 2]
nodes.count keys: [0, 1, 2]
links.meta: {6: (2, 1), 3: (1, 0), 5: (2, 2), 7: (1, 1), 4: (1, 1), 8: (2, 2), 0: (1, 1), 2: (2, 2), 1: (2, 2), 9: (2, 2), 10: (2, 2)}
t_type about to use: 1
h_type: 2
shift dict: {0: 0, 1: 188, 2: 746}
count dict: Counter({2: 940, 1: 558, 0: 188})
Generated 919 negative samples for edge type 6
Epoch 00012, Step00000 | Train_Loss: 0.5639 | Time: 0.0208
Epoch 00012 | Val_Loss 0.7515 | Time(s) 0.0081
EarlyStopping counter: 6 out of 40
Getting training negative samples for edge types: [6]
nodes.shift keys: [0, 1, 2]
nodes.count keys: [0, 1, 2]
links.meta: {6: (2, 1), 3: (1, 0), 5: (2, 2), 7: (1, 1), 4: (1, 1), 8: (2, 2), 0: (1, 1), 2: (2, 2), 1: (2, 2), 9: (2, 2), 10: (2, 2)}
t_type about to use: 1
h_type: 2
shift dict: {0: 0, 1: 188, 2: 746}
count dict: Counter({2: 940, 1: 558, 0: 188})
Generated 919 negative samples for edge type 6
Epoch 00013, Step00000 | Train_Loss: 0.5648 | Time: 0.0202
Epoch 00013 | Val_Loss 0.8176 | Time(s) 0.0081
EarlyStopping counter: 7 out of 40
Getting training negative samples for edge types: [6]
nodes.shift keys: [0, 1, 2]
nodes.count keys: [0, 1, 2]
links.meta: {6: (2, 1), 3: (1, 0), 5: (2, 2), 7: (1, 1), 4: (1, 1), 8: (2, 2), 0: (1, 1), 2: (2, 2), 1: (2, 2), 9: (2, 2), 10: (2, 2)}
t_type about to use: 1
h_type: 2
shift dict: {0: 0, 1: 188, 2: 746}
count dict: Counter({2: 940, 1: 558, 0: 188})
Generated 919 negative samples for edge type 6
Epoch 00014, Step00000 | Train_Loss: 0.5633 | Time: 0.0214
Epoch 00014 | Val_Loss 0.8313 | Time(s) 0.0083
EarlyStopping counter: 8 out of 40
Getting training negative samples for edge types: [6]
nodes.shift keys: [0, 1, 2]
nodes.count keys: [0, 1, 2]
links.meta: {6: (2, 1), 3: (1, 0), 5: (2, 2), 7: (1, 1), 4: (1, 1), 8: (2, 2), 0: (1, 1), 2: (2, 2), 1: (2, 2), 9: (2, 2), 10: (2, 2)}
t_type about to use: 1
h_type: 2
shift dict: {0: 0, 1: 188, 2: 746}
count dict: Counter({2: 940, 1: 558, 0: 188})
Generated 919 negative samples for edge type 6
Epoch 00015, Step00000 | Train_Loss: 0.5580 | Time: 0.0198
Epoch 00015 | Val_Loss 0.9017 | Time(s) 0.0080
EarlyStopping counter: 9 out of 40
Getting training negative samples for edge types: [6]
nodes.shift keys: [0, 1, 2]
nodes.count keys: [0, 1, 2]
links.meta: {6: (2, 1), 3: (1, 0), 5: (2, 2), 7: (1, 1), 4: (1, 1), 8: (2, 2), 0: (1, 1), 2: (2, 2), 1: (2, 2), 9: (2, 2), 10: (2, 2)}
t_type about to use: 1
h_type: 2
shift dict: {0: 0, 1: 188, 2: 746}
count dict: Counter({2: 940, 1: 558, 0: 188})
Generated 919 negative samples for edge type 6
Epoch 00016, Step00000 | Train_Loss: 0.5593 | Time: 0.0207
Epoch 00016 | Val_Loss 0.8334 | Time(s) 0.0082
EarlyStopping counter: 10 out of 40
Getting training negative samples for edge types: [6]
nodes.shift keys: [0, 1, 2]
nodes.count keys: [0, 1, 2]
links.meta: {6: (2, 1), 3: (1, 0), 5: (2, 2), 7: (1, 1), 4: (1, 1), 8: (2, 2), 0: (1, 1), 2: (2, 2), 1: (2, 2), 9: (2, 2), 10: (2, 2)}
t_type about to use: 1
h_type: 2
shift dict: {0: 0, 1: 188, 2: 746}
count dict: Counter({2: 940, 1: 558, 0: 188})
Generated 919 negative samples for edge type 6
Epoch 00017, Step00000 | Train_Loss: 0.5433 | Time: 0.0208
Epoch 00017 | Val_Loss 0.9578 | Time(s) 0.0081
EarlyStopping counter: 11 out of 40
Getting training negative samples for edge types: [6]
nodes.shift keys: [0, 1, 2]
nodes.count keys: [0, 1, 2]
links.meta: {6: (2, 1), 3: (1, 0), 5: (2, 2), 7: (1, 1), 4: (1, 1), 8: (2, 2), 0: (1, 1), 2: (2, 2), 1: (2, 2), 9: (2, 2), 10: (2, 2)}
t_type about to use: 1
h_type: 2
shift dict: {0: 0, 1: 188, 2: 746}
count dict: Counter({2: 940, 1: 558, 0: 188})
Generated 919 negative samples for edge type 6
Epoch 00018, Step00000 | Train_Loss: 0.5448 | Time: 0.0204
Epoch 00018 | Val_Loss 0.8606 | Time(s) 0.0081
EarlyStopping counter: 12 out of 40
Getting training negative samples for edge types: [6]
nodes.shift keys: [0, 1, 2]
nodes.count keys: [0, 1, 2]
links.meta: {6: (2, 1), 3: (1, 0), 5: (2, 2), 7: (1, 1), 4: (1, 1), 8: (2, 2), 0: (1, 1), 2: (2, 2), 1: (2, 2), 9: (2, 2), 10: (2, 2)}
t_type about to use: 1
h_type: 2
shift dict: {0: 0, 1: 188, 2: 746}
count dict: Counter({2: 940, 1: 558, 0: 188})
Generated 919 negative samples for edge type 6
Epoch 00019, Step00000 | Train_Loss: 0.5400 | Time: 0.0206
Epoch 00019 | Val_Loss 0.8582 | Time(s) 0.0077
EarlyStopping counter: 13 out of 40
Getting training negative samples for edge types: [6]
nodes.shift keys: [0, 1, 2]
nodes.count keys: [0, 1, 2]
links.meta: {6: (2, 1), 3: (1, 0), 5: (2, 2), 7: (1, 1), 4: (1, 1), 8: (2, 2), 0: (1, 1), 2: (2, 2), 1: (2, 2), 9: (2, 2), 10: (2, 2)}
t_type about to use: 1
h_type: 2
shift dict: {0: 0, 1: 188, 2: 746}
count dict: Counter({2: 940, 1: 558, 0: 188})
Generated 919 negative samples for edge type 6
Epoch 00020, Step00000 | Train_Loss: 0.5600 | Time: 0.0208
Epoch 00020 | Val_Loss 0.9033 | Time(s) 0.0085
EarlyStopping counter: 14 out of 40
Getting training negative samples for edge types: [6]
nodes.shift keys: [0, 1, 2]
nodes.count keys: [0, 1, 2]
links.meta: {6: (2, 1), 3: (1, 0), 5: (2, 2), 7: (1, 1), 4: (1, 1), 8: (2, 2), 0: (1, 1), 2: (2, 2), 1: (2, 2), 9: (2, 2), 10: (2, 2)}
t_type about to use: 1
h_type: 2
shift dict: {0: 0, 1: 188, 2: 746}
count dict: Counter({2: 940, 1: 558, 0: 188})
Generated 919 negative samples for edge type 6
Epoch 00021, Step00000 | Train_Loss: 0.5651 | Time: 0.0211
Epoch 00021 | Val_Loss 0.8703 | Time(s) 0.0080
EarlyStopping counter: 15 out of 40
Getting training negative samples for edge types: [6]
nodes.shift keys: [0, 1, 2]
nodes.count keys: [0, 1, 2]
links.meta: {6: (2, 1), 3: (1, 0), 5: (2, 2), 7: (1, 1), 4: (1, 1), 8: (2, 2), 0: (1, 1), 2: (2, 2), 1: (2, 2), 9: (2, 2), 10: (2, 2)}
t_type about to use: 1
h_type: 2
shift dict: {0: 0, 1: 188, 2: 746}
count dict: Counter({2: 940, 1: 558, 0: 188})
Generated 919 negative samples for edge type 6
Epoch 00022, Step00000 | Train_Loss: 0.5442 | Time: 0.0203
Epoch 00022 | Val_Loss 0.8205 | Time(s) 0.0082
EarlyStopping counter: 16 out of 40
Getting training negative samples for edge types: [6]
nodes.shift keys: [0, 1, 2]
nodes.count keys: [0, 1, 2]
links.meta: {6: (2, 1), 3: (1, 0), 5: (2, 2), 7: (1, 1), 4: (1, 1), 8: (2, 2), 0: (1, 1), 2: (2, 2), 1: (2, 2), 9: (2, 2), 10: (2, 2)}
t_type about to use: 1
h_type: 2
shift dict: {0: 0, 1: 188, 2: 746}
count dict: Counter({2: 940, 1: 558, 0: 188})
Generated 919 negative samples for edge type 6
Epoch 00023, Step00000 | Train_Loss: 0.5422 | Time: 0.0212
Epoch 00023 | Val_Loss 0.8345 | Time(s) 0.0080
EarlyStopping counter: 17 out of 40
Getting training negative samples for edge types: [6]
nodes.shift keys: [0, 1, 2]
nodes.count keys: [0, 1, 2]
links.meta: {6: (2, 1), 3: (1, 0), 5: (2, 2), 7: (1, 1), 4: (1, 1), 8: (2, 2), 0: (1, 1), 2: (2, 2), 1: (2, 2), 9: (2, 2), 10: (2, 2)}
t_type about to use: 1
h_type: 2
shift dict: {0: 0, 1: 188, 2: 746}
count dict: Counter({2: 940, 1: 558, 0: 188})
Generated 919 negative samples for edge type 6
Epoch 00024, Step00000 | Train_Loss: 0.5266 | Time: 0.0208
Epoch 00024 | Val_Loss 0.8992 | Time(s) 0.0083
EarlyStopping counter: 18 out of 40
Getting training negative samples for edge types: [6]
nodes.shift keys: [0, 1, 2]
nodes.count keys: [0, 1, 2]
links.meta: {6: (2, 1), 3: (1, 0), 5: (2, 2), 7: (1, 1), 4: (1, 1), 8: (2, 2), 0: (1, 1), 2: (2, 2), 1: (2, 2), 9: (2, 2), 10: (2, 2)}
t_type about to use: 1
h_type: 2
shift dict: {0: 0, 1: 188, 2: 746}
count dict: Counter({2: 940, 1: 558, 0: 188})
Generated 919 negative samples for edge type 6
Epoch 00025, Step00000 | Train_Loss: 0.5254 | Time: 0.0207
Epoch 00025 | Val_Loss 0.7648 | Time(s) 0.0081
EarlyStopping counter: 19 out of 40
Getting training negative samples for edge types: [6]
nodes.shift keys: [0, 1, 2]
nodes.count keys: [0, 1, 2]
links.meta: {6: (2, 1), 3: (1, 0), 5: (2, 2), 7: (1, 1), 4: (1, 1), 8: (2, 2), 0: (1, 1), 2: (2, 2), 1: (2, 2), 9: (2, 2), 10: (2, 2)}
t_type about to use: 1
h_type: 2
shift dict: {0: 0, 1: 188, 2: 746}
count dict: Counter({2: 940, 1: 558, 0: 188})
Generated 919 negative samples for edge type 6
Epoch 00026, Step00000 | Train_Loss: 0.5287 | Time: 0.0204
Epoch 00026 | Val_Loss 0.7436 | Time(s) 0.0081
EarlyStopping counter: 20 out of 40
Getting training negative samples for edge types: [6]
nodes.shift keys: [0, 1, 2]
nodes.count keys: [0, 1, 2]
links.meta: {6: (2, 1), 3: (1, 0), 5: (2, 2), 7: (1, 1), 4: (1, 1), 8: (2, 2), 0: (1, 1), 2: (2, 2), 1: (2, 2), 9: (2, 2), 10: (2, 2)}
t_type about to use: 1
h_type: 2
shift dict: {0: 0, 1: 188, 2: 746}
count dict: Counter({2: 940, 1: 558, 0: 188})
Generated 919 negative samples for edge type 6
Epoch 00027, Step00000 | Train_Loss: 0.5334 | Time: 0.0206
Epoch 00027 | Val_Loss 0.8783 | Time(s) 0.0083
EarlyStopping counter: 21 out of 40
Getting training negative samples for edge types: [6]
nodes.shift keys: [0, 1, 2]
nodes.count keys: [0, 1, 2]
links.meta: {6: (2, 1), 3: (1, 0), 5: (2, 2), 7: (1, 1), 4: (1, 1), 8: (2, 2), 0: (1, 1), 2: (2, 2), 1: (2, 2), 9: (2, 2), 10: (2, 2)}
t_type about to use: 1
h_type: 2
shift dict: {0: 0, 1: 188, 2: 746}
count dict: Counter({2: 940, 1: 558, 0: 188})
Generated 919 negative samples for edge type 6
Epoch 00028, Step00000 | Train_Loss: 0.5217 | Time: 0.0205
Epoch 00028 | Val_Loss 0.8219 | Time(s) 0.0086
EarlyStopping counter: 22 out of 40
Getting training negative samples for edge types: [6]
nodes.shift keys: [0, 1, 2]
nodes.count keys: [0, 1, 2]
links.meta: {6: (2, 1), 3: (1, 0), 5: (2, 2), 7: (1, 1), 4: (1, 1), 8: (2, 2), 0: (1, 1), 2: (2, 2), 1: (2, 2), 9: (2, 2), 10: (2, 2)}
t_type about to use: 1
h_type: 2
shift dict: {0: 0, 1: 188, 2: 746}
count dict: Counter({2: 940, 1: 558, 0: 188})
Generated 919 negative samples for edge type 6
Epoch 00029, Step00000 | Train_Loss: 0.5267 | Time: 0.0210
Epoch 00029 | Val_Loss 0.6844 | Time(s) 0.0079
EarlyStopping counter: 23 out of 40
Getting training negative samples for edge types: [6]
nodes.shift keys: [0, 1, 2]
nodes.count keys: [0, 1, 2]
links.meta: {6: (2, 1), 3: (1, 0), 5: (2, 2), 7: (1, 1), 4: (1, 1), 8: (2, 2), 0: (1, 1), 2: (2, 2), 1: (2, 2), 9: (2, 2), 10: (2, 2)}
t_type about to use: 1
h_type: 2
shift dict: {0: 0, 1: 188, 2: 746}
count dict: Counter({2: 940, 1: 558, 0: 188})
Generated 919 negative samples for edge type 6
Epoch 00030, Step00000 | Train_Loss: 0.5331 | Time: 0.0199
Epoch 00030 | Val_Loss 0.8810 | Time(s) 0.0081
EarlyStopping counter: 24 out of 40
Getting training negative samples for edge types: [6]
nodes.shift keys: [0, 1, 2]
nodes.count keys: [0, 1, 2]
links.meta: {6: (2, 1), 3: (1, 0), 5: (2, 2), 7: (1, 1), 4: (1, 1), 8: (2, 2), 0: (1, 1), 2: (2, 2), 1: (2, 2), 9: (2, 2), 10: (2, 2)}
t_type about to use: 1
h_type: 2
shift dict: {0: 0, 1: 188, 2: 746}
count dict: Counter({2: 940, 1: 558, 0: 188})
Generated 919 negative samples for edge type 6
Epoch 00031, Step00000 | Train_Loss: 0.5295 | Time: 0.0203
Epoch 00031 | Val_Loss 0.7981 | Time(s) 0.0080
EarlyStopping counter: 25 out of 40
Getting training negative samples for edge types: [6]
nodes.shift keys: [0, 1, 2]
nodes.count keys: [0, 1, 2]
links.meta: {6: (2, 1), 3: (1, 0), 5: (2, 2), 7: (1, 1), 4: (1, 1), 8: (2, 2), 0: (1, 1), 2: (2, 2), 1: (2, 2), 9: (2, 2), 10: (2, 2)}
t_type about to use: 1
h_type: 2
shift dict: {0: 0, 1: 188, 2: 746}
count dict: Counter({2: 940, 1: 558, 0: 188})
Generated 919 negative samples for edge type 6
Epoch 00032, Step00000 | Train_Loss: 0.5145 | Time: 0.0216
Epoch 00032 | Val_Loss 0.9146 | Time(s) 0.0082
EarlyStopping counter: 26 out of 40
Getting training negative samples for edge types: [6]
nodes.shift keys: [0, 1, 2]
nodes.count keys: [0, 1, 2]
links.meta: {6: (2, 1), 3: (1, 0), 5: (2, 2), 7: (1, 1), 4: (1, 1), 8: (2, 2), 0: (1, 1), 2: (2, 2), 1: (2, 2), 9: (2, 2), 10: (2, 2)}
t_type about to use: 1
h_type: 2
shift dict: {0: 0, 1: 188, 2: 746}
count dict: Counter({2: 940, 1: 558, 0: 188})
Generated 919 negative samples for edge type 6
Epoch 00033, Step00000 | Train_Loss: 0.5257 | Time: 0.0206
Epoch 00033 | Val_Loss 0.8625 | Time(s) 0.0084
EarlyStopping counter: 27 out of 40
Getting training negative samples for edge types: [6]
nodes.shift keys: [0, 1, 2]
nodes.count keys: [0, 1, 2]
links.meta: {6: (2, 1), 3: (1, 0), 5: (2, 2), 7: (1, 1), 4: (1, 1), 8: (2, 2), 0: (1, 1), 2: (2, 2), 1: (2, 2), 9: (2, 2), 10: (2, 2)}
t_type about to use: 1
h_type: 2
shift dict: {0: 0, 1: 188, 2: 746}
count dict: Counter({2: 940, 1: 558, 0: 188})
Generated 919 negative samples for edge type 6
Epoch 00034, Step00000 | Train_Loss: 0.5286 | Time: 0.0204
Epoch 00034 | Val_Loss 0.8082 | Time(s) 0.0082
EarlyStopping counter: 28 out of 40
Getting training negative samples for edge types: [6]
nodes.shift keys: [0, 1, 2]
nodes.count keys: [0, 1, 2]
links.meta: {6: (2, 1), 3: (1, 0), 5: (2, 2), 7: (1, 1), 4: (1, 1), 8: (2, 2), 0: (1, 1), 2: (2, 2), 1: (2, 2), 9: (2, 2), 10: (2, 2)}
t_type about to use: 1
h_type: 2
shift dict: {0: 0, 1: 188, 2: 746}
count dict: Counter({2: 940, 1: 558, 0: 188})
Generated 919 negative samples for edge type 6
Epoch 00035, Step00000 | Train_Loss: 0.5173 | Time: 0.0204
Epoch 00035 | Val_Loss 0.7093 | Time(s) 0.0082
EarlyStopping counter: 29 out of 40
Getting training negative samples for edge types: [6]
nodes.shift keys: [0, 1, 2]
nodes.count keys: [0, 1, 2]
links.meta: {6: (2, 1), 3: (1, 0), 5: (2, 2), 7: (1, 1), 4: (1, 1), 8: (2, 2), 0: (1, 1), 2: (2, 2), 1: (2, 2), 9: (2, 2), 10: (2, 2)}
t_type about to use: 1
h_type: 2
shift dict: {0: 0, 1: 188, 2: 746}
count dict: Counter({2: 940, 1: 558, 0: 188})
Generated 919 negative samples for edge type 6
Epoch 00036, Step00000 | Train_Loss: 0.5183 | Time: 0.0205
Epoch 00036 | Val_Loss 0.7610 | Time(s) 0.0085
EarlyStopping counter: 30 out of 40
Getting training negative samples for edge types: [6]
nodes.shift keys: [0, 1, 2]
nodes.count keys: [0, 1, 2]
links.meta: {6: (2, 1), 3: (1, 0), 5: (2, 2), 7: (1, 1), 4: (1, 1), 8: (2, 2), 0: (1, 1), 2: (2, 2), 1: (2, 2), 9: (2, 2), 10: (2, 2)}
t_type about to use: 1
h_type: 2
shift dict: {0: 0, 1: 188, 2: 746}
count dict: Counter({2: 940, 1: 558, 0: 188})
Generated 919 negative samples for edge type 6
Epoch 00037, Step00000 | Train_Loss: 0.5075 | Time: 0.0206
Epoch 00037 | Val_Loss 0.9436 | Time(s) 0.0081
EarlyStopping counter: 31 out of 40
Getting training negative samples for edge types: [6]
nodes.shift keys: [0, 1, 2]
nodes.count keys: [0, 1, 2]
links.meta: {6: (2, 1), 3: (1, 0), 5: (2, 2), 7: (1, 1), 4: (1, 1), 8: (2, 2), 0: (1, 1), 2: (2, 2), 1: (2, 2), 9: (2, 2), 10: (2, 2)}
t_type about to use: 1
h_type: 2
shift dict: {0: 0, 1: 188, 2: 746}
count dict: Counter({2: 940, 1: 558, 0: 188})
Generated 919 negative samples for edge type 6
Epoch 00038, Step00000 | Train_Loss: 0.5078 | Time: 0.0210
Epoch 00038 | Val_Loss 0.7638 | Time(s) 0.0083
EarlyStopping counter: 32 out of 40
Getting training negative samples for edge types: [6]
nodes.shift keys: [0, 1, 2]
nodes.count keys: [0, 1, 2]
links.meta: {6: (2, 1), 3: (1, 0), 5: (2, 2), 7: (1, 1), 4: (1, 1), 8: (2, 2), 0: (1, 1), 2: (2, 2), 1: (2, 2), 9: (2, 2), 10: (2, 2)}
t_type about to use: 1
h_type: 2
shift dict: {0: 0, 1: 188, 2: 746}
count dict: Counter({2: 940, 1: 558, 0: 188})
Generated 919 negative samples for edge type 6
Epoch 00039, Step00000 | Train_Loss: 0.5278 | Time: 0.0203
Epoch 00039 | Val_Loss 0.7686 | Time(s) 0.0087
EarlyStopping counter: 33 out of 40
Getting training negative samples for edge types: [6]
nodes.shift keys: [0, 1, 2]
nodes.count keys: [0, 1, 2]
links.meta: {6: (2, 1), 3: (1, 0), 5: (2, 2), 7: (1, 1), 4: (1, 1), 8: (2, 2), 0: (1, 1), 2: (2, 2), 1: (2, 2), 9: (2, 2), 10: (2, 2)}
t_type about to use: 1
h_type: 2
shift dict: {0: 0, 1: 188, 2: 746}
count dict: Counter({2: 940, 1: 558, 0: 188})
Generated 919 negative samples for edge type 6
Epoch 00040, Step00000 | Train_Loss: 0.5033 | Time: 0.0207
Epoch 00040 | Val_Loss 0.8617 | Time(s) 0.0078
EarlyStopping counter: 34 out of 40
Getting training negative samples for edge types: [6]
nodes.shift keys: [0, 1, 2]
nodes.count keys: [0, 1, 2]
links.meta: {6: (2, 1), 3: (1, 0), 5: (2, 2), 7: (1, 1), 4: (1, 1), 8: (2, 2), 0: (1, 1), 2: (2, 2), 1: (2, 2), 9: (2, 2), 10: (2, 2)}
t_type about to use: 1
h_type: 2
shift dict: {0: 0, 1: 188, 2: 746}
count dict: Counter({2: 940, 1: 558, 0: 188})
Generated 919 negative samples for edge type 6
Epoch 00041, Step00000 | Train_Loss: 0.4969 | Time: 0.0200
Epoch 00041 | Val_Loss 0.8384 | Time(s) 0.0085
EarlyStopping counter: 35 out of 40
Getting training negative samples for edge types: [6]
nodes.shift keys: [0, 1, 2]
nodes.count keys: [0, 1, 2]
links.meta: {6: (2, 1), 3: (1, 0), 5: (2, 2), 7: (1, 1), 4: (1, 1), 8: (2, 2), 0: (1, 1), 2: (2, 2), 1: (2, 2), 9: (2, 2), 10: (2, 2)}
t_type about to use: 1
h_type: 2
shift dict: {0: 0, 1: 188, 2: 746}
count dict: Counter({2: 940, 1: 558, 0: 188})
Generated 919 negative samples for edge type 6
Epoch 00042, Step00000 | Train_Loss: 0.4917 | Time: 0.0204
Epoch 00042 | Val_Loss 0.9558 | Time(s) 0.0079
EarlyStopping counter: 36 out of 40
Getting training negative samples for edge types: [6]
nodes.shift keys: [0, 1, 2]
nodes.count keys: [0, 1, 2]
links.meta: {6: (2, 1), 3: (1, 0), 5: (2, 2), 7: (1, 1), 4: (1, 1), 8: (2, 2), 0: (1, 1), 2: (2, 2), 1: (2, 2), 9: (2, 2), 10: (2, 2)}
t_type about to use: 1
h_type: 2
shift dict: {0: 0, 1: 188, 2: 746}
count dict: Counter({2: 940, 1: 558, 0: 188})
Generated 919 negative samples for edge type 6
Epoch 00043, Step00000 | Train_Loss: 0.4975 | Time: 0.0203
Epoch 00043 | Val_Loss 0.8949 | Time(s) 0.0084
EarlyStopping counter: 37 out of 40
Getting training negative samples for edge types: [6]
nodes.shift keys: [0, 1, 2]
nodes.count keys: [0, 1, 2]
links.meta: {6: (2, 1), 3: (1, 0), 5: (2, 2), 7: (1, 1), 4: (1, 1), 8: (2, 2), 0: (1, 1), 2: (2, 2), 1: (2, 2), 9: (2, 2), 10: (2, 2)}
t_type about to use: 1
h_type: 2
shift dict: {0: 0, 1: 188, 2: 746}
count dict: Counter({2: 940, 1: 558, 0: 188})
Generated 919 negative samples for edge type 6
Epoch 00044, Step00000 | Train_Loss: 0.5081 | Time: 0.0212
Epoch 00044 | Val_Loss 0.8809 | Time(s) 0.0082
EarlyStopping counter: 38 out of 40
Getting training negative samples for edge types: [6]
nodes.shift keys: [0, 1, 2]
nodes.count keys: [0, 1, 2]
links.meta: {6: (2, 1), 3: (1, 0), 5: (2, 2), 7: (1, 1), 4: (1, 1), 8: (2, 2), 0: (1, 1), 2: (2, 2), 1: (2, 2), 9: (2, 2), 10: (2, 2)}
t_type about to use: 1
h_type: 2
shift dict: {0: 0, 1: 188, 2: 746}
count dict: Counter({2: 940, 1: 558, 0: 188})
Generated 919 negative samples for edge type 6
Epoch 00045, Step00000 | Train_Loss: 0.5082 | Time: 0.0203
Epoch 00045 | Val_Loss 0.7922 | Time(s) 0.0083
EarlyStopping counter: 39 out of 40
Getting training negative samples for edge types: [6]
nodes.shift keys: [0, 1, 2]
nodes.count keys: [0, 1, 2]
links.meta: {6: (2, 1), 3: (1, 0), 5: (2, 2), 7: (1, 1), 4: (1, 1), 8: (2, 2), 0: (1, 1), 2: (2, 2), 1: (2, 2), 9: (2, 2), 10: (2, 2)}
t_type about to use: 1
h_type: 2
shift dict: {0: 0, 1: 188, 2: 746}
count dict: Counter({2: 940, 1: 558, 0: 188})
Generated 919 negative samples for edge type 6
Epoch 00046, Step00000 | Train_Loss: 0.4815 | Time: 0.0307
Epoch 00046 | Val_Loss 0.8209 | Time(s) 0.0099
EarlyStopping counter: 40 out of 40
Early stopping!
Early stopping!
Meta keys: dict_keys([6])
Data keys: dict_keys([6])
Edge type: 6, Meta: (2, 1)
{'roc_auc': 0.5223936899862827, 'MRR': 0.755386693684566}
{'roc_auc': 0.6390455384511168, 'MRR': 0.7960992907801419}
defaultdict(<class 'float'>, {'roc_auc': 0.5223936899862827, 'MRR': 0.755386693684566})
defaultdict(<class 'float'>, {'roc_auc': 0.6390455384511168, 'MRR': 0.7960992907801419})
Completed: amazon_style_cct_features_securebert_fold_1

--------------------------------------
Running model: SimpleHGN
Dataset: amazon_style_cct_features_securebert_fold_2
--------------------------------------
Data path: ../../data/amazon_style_cct_features_securebert_fold_2
Loading nodes from ../../data/amazon_style_cct_features_securebert_fold_2/node.dat
edge types: dict_keys([5, 6, 7, 2, 8, 0, 3, 4, 1, 10, 9])
Getting training negative samples for edge types: [6]
nodes.shift keys: [0, 1, 2]
nodes.count keys: [0, 1, 2]
links.meta: {5: (2, 2), 6: (2, 1), 7: (1, 1), 2: (2, 2), 8: (2, 2), 0: (1, 1), 3: (1, 0), 4: (1, 1), 1: (2, 2), 10: (2, 2), 9: (2, 2)}
t_type about to use: 1
h_type: 2
shift dict: {0: 0, 1: 188, 2: 746}
count dict: Counter({2: 940, 1: 558, 0: 188})
Generated 926 negative samples for edge type 6
Features List: [array([[ 0.00445206,  0.01268557,  0.22351578, ..., -0.28678206,
        -0.37460288,  0.18294938],
       [-0.18744846,  0.07075578,  0.0476894 , ..., -0.2232531 ,
        -0.19588573,  0.47988179],
       [-0.17451471, -0.04557271,  0.15712288, ..., -0.05391889,
        -0.20500693,  0.23744845],
       ...,
       [-0.40584856,  0.04715464,  0.24475315, ..., -0.12466257,
        -0.2035536 ,  0.28577447],
       [-0.18835557,  0.03822717,  0.03586731, ..., -0.23435652,
        -0.35453227,  0.38753107],
       [-0.13632202,  0.14362322,  0.08668749, ..., -0.24145249,
        -0.25799868,  0.26464131]]), array([[ 0.00791158, -0.00538086, -0.02676104, ..., -0.01897389,
        -0.01306979, -0.00084801],
       [ 0.01682901, -0.00649696, -0.01921631, ..., -0.01401017,
        -0.0039668 , -0.02202195],
       [ 0.02197852, -0.01403735, -0.05225722, ...,  0.02019661,
         0.00528841,  0.0033033 ],
       ...,
       [ 0.01603197,  0.00716993, -0.01245602, ..., -0.01399604,
        -0.00058955, -0.0256807 ],
       [ 0.01039577,  0.02045547, -0.02146293, ...,  0.01017929,
         0.02390171,  0.00134994],
       [ 0.00462414,  0.0041195 , -0.0135733 , ..., -0.01101827,
         0.00813001,  0.0203817 ]]), array([[ 0.00087804,  0.00658507, -0.02514569, ..., -0.04238372,
         0.00850771, -0.02565438],
       [-0.0006986 ,  0.01542003, -0.03227317, ..., -0.01301633,
         0.01559736, -0.03614859],
       [-0.01135348,  0.00974955, -0.01812623, ..., -0.01920343,
         0.00887381, -0.0152928 ],
       ...,
       [ 0.00701895, -0.01539859, -0.03025482, ..., -0.03644368,
         0.01254067, -0.0236606 ],
       [-0.00414097,  0.00144739, -0.05197839, ...,  0.00216818,
         0.02755725, -0.03143983],
       [ 0.01779867, -0.02493452, -0.0391779 , ..., -0.01159797,
        -0.00619852, -0.02449675]])]
Getting training negative samples for edge types: [6]
nodes.shift keys: [0, 1, 2]
nodes.count keys: [0, 1, 2]
links.meta: {5: (2, 2), 6: (2, 1), 7: (1, 1), 2: (2, 2), 8: (2, 2), 0: (1, 1), 3: (1, 0), 4: (1, 1), 1: (2, 2), 10: (2, 2), 9: (2, 2)}
t_type about to use: 1
h_type: 2
shift dict: {0: 0, 1: 188, 2: 746}
count dict: Counter({2: 940, 1: 558, 0: 188})
Generated 926 negative samples for edge type 6
Epoch 00000, Step00000 | Train_Loss: 0.6937 | Time: 0.8831
Epoch 00000 | Val_Loss 0.6864 | Time(s) 0.0071
Validation loss decreased (inf --> 0.686395).  Saving model ...
Getting training negative samples for edge types: [6]
nodes.shift keys: [0, 1, 2]
nodes.count keys: [0, 1, 2]
links.meta: {5: (2, 2), 6: (2, 1), 7: (1, 1), 2: (2, 2), 8: (2, 2), 0: (1, 1), 3: (1, 0), 4: (1, 1), 1: (2, 2), 10: (2, 2), 9: (2, 2)}
t_type about to use: 1
h_type: 2
shift dict: {0: 0, 1: 188, 2: 746}
count dict: Counter({2: 940, 1: 558, 0: 188})
Generated 926 negative samples for edge type 6
Epoch 00001, Step00000 | Train_Loss: 0.6843 | Time: 0.0220
Epoch 00001 | Val_Loss 0.6838 | Time(s) 0.0080
Validation loss decreased (0.686395 --> 0.683817).  Saving model ...
Getting training negative samples for edge types: [6]
nodes.shift keys: [0, 1, 2]
nodes.count keys: [0, 1, 2]
links.meta: {5: (2, 2), 6: (2, 1), 7: (1, 1), 2: (2, 2), 8: (2, 2), 0: (1, 1), 3: (1, 0), 4: (1, 1), 1: (2, 2), 10: (2, 2), 9: (2, 2)}
t_type about to use: 1
h_type: 2
shift dict: {0: 0, 1: 188, 2: 746}
count dict: Counter({2: 940, 1: 558, 0: 188})
Generated 926 negative samples for edge type 6
Epoch 00002, Step00000 | Train_Loss: 0.6754 | Time: 0.0203
Epoch 00002 | Val_Loss 0.6804 | Time(s) 0.0078
Validation loss decreased (0.683817 --> 0.680423).  Saving model ...
Getting training negative samples for edge types: [6]
nodes.shift keys: [0, 1, 2]
nodes.count keys: [0, 1, 2]
links.meta: {5: (2, 2), 6: (2, 1), 7: (1, 1), 2: (2, 2), 8: (2, 2), 0: (1, 1), 3: (1, 0), 4: (1, 1), 1: (2, 2), 10: (2, 2), 9: (2, 2)}
t_type about to use: 1
h_type: 2
shift dict: {0: 0, 1: 188, 2: 746}
count dict: Counter({2: 940, 1: 558, 0: 188})
Generated 926 negative samples for edge type 6
Epoch 00003, Step00000 | Train_Loss: 0.6657 | Time: 0.0205
Epoch 00003 | Val_Loss 0.6697 | Time(s) 0.0069
Validation loss decreased (0.680423 --> 0.669719).  Saving model ...
Getting training negative samples for edge types: [6]
nodes.shift keys: [0, 1, 2]
nodes.count keys: [0, 1, 2]
links.meta: {5: (2, 2), 6: (2, 1), 7: (1, 1), 2: (2, 2), 8: (2, 2), 0: (1, 1), 3: (1, 0), 4: (1, 1), 1: (2, 2), 10: (2, 2), 9: (2, 2)}
t_type about to use: 1
h_type: 2
shift dict: {0: 0, 1: 188, 2: 746}
count dict: Counter({2: 940, 1: 558, 0: 188})
Generated 926 negative samples for edge type 6
Epoch 00004, Step00000 | Train_Loss: 0.6569 | Time: 0.0285
Epoch 00004 | Val_Loss 0.6725 | Time(s) 0.0084
EarlyStopping counter: 1 out of 40
Getting training negative samples for edge types: [6]
nodes.shift keys: [0, 1, 2]
nodes.count keys: [0, 1, 2]
links.meta: {5: (2, 2), 6: (2, 1), 7: (1, 1), 2: (2, 2), 8: (2, 2), 0: (1, 1), 3: (1, 0), 4: (1, 1), 1: (2, 2), 10: (2, 2), 9: (2, 2)}
t_type about to use: 1
h_type: 2
shift dict: {0: 0, 1: 188, 2: 746}
count dict: Counter({2: 940, 1: 558, 0: 188})
Generated 926 negative samples for edge type 6
Epoch 00005, Step00000 | Train_Loss: 0.6317 | Time: 0.0197
Epoch 00005 | Val_Loss 0.6813 | Time(s) 0.0084
EarlyStopping counter: 2 out of 40
Getting training negative samples for edge types: [6]
nodes.shift keys: [0, 1, 2]
nodes.count keys: [0, 1, 2]
links.meta: {5: (2, 2), 6: (2, 1), 7: (1, 1), 2: (2, 2), 8: (2, 2), 0: (1, 1), 3: (1, 0), 4: (1, 1), 1: (2, 2), 10: (2, 2), 9: (2, 2)}
t_type about to use: 1
h_type: 2
shift dict: {0: 0, 1: 188, 2: 746}
count dict: Counter({2: 940, 1: 558, 0: 188})
Generated 926 negative samples for edge type 6
Epoch 00006, Step00000 | Train_Loss: 0.6231 | Time: 0.0198
Epoch 00006 | Val_Loss 0.7245 | Time(s) 0.0085
EarlyStopping counter: 3 out of 40
Getting training negative samples for edge types: [6]
nodes.shift keys: [0, 1, 2]
nodes.count keys: [0, 1, 2]
links.meta: {5: (2, 2), 6: (2, 1), 7: (1, 1), 2: (2, 2), 8: (2, 2), 0: (1, 1), 3: (1, 0), 4: (1, 1), 1: (2, 2), 10: (2, 2), 9: (2, 2)}
t_type about to use: 1
h_type: 2
shift dict: {0: 0, 1: 188, 2: 746}
count dict: Counter({2: 940, 1: 558, 0: 188})
Generated 926 negative samples for edge type 6
Epoch 00007, Step00000 | Train_Loss: 0.6135 | Time: 0.0217
Epoch 00007 | Val_Loss 0.7355 | Time(s) 0.0081
EarlyStopping counter: 4 out of 40
Getting training negative samples for edge types: [6]
nodes.shift keys: [0, 1, 2]
nodes.count keys: [0, 1, 2]
links.meta: {5: (2, 2), 6: (2, 1), 7: (1, 1), 2: (2, 2), 8: (2, 2), 0: (1, 1), 3: (1, 0), 4: (1, 1), 1: (2, 2), 10: (2, 2), 9: (2, 2)}
t_type about to use: 1
h_type: 2
shift dict: {0: 0, 1: 188, 2: 746}
count dict: Counter({2: 940, 1: 558, 0: 188})
Generated 926 negative samples for edge type 6
Epoch 00008, Step00000 | Train_Loss: 0.6083 | Time: 0.0199
Epoch 00008 | Val_Loss 0.7513 | Time(s) 0.0091
EarlyStopping counter: 5 out of 40
Getting training negative samples for edge types: [6]
nodes.shift keys: [0, 1, 2]
nodes.count keys: [0, 1, 2]
links.meta: {5: (2, 2), 6: (2, 1), 7: (1, 1), 2: (2, 2), 8: (2, 2), 0: (1, 1), 3: (1, 0), 4: (1, 1), 1: (2, 2), 10: (2, 2), 9: (2, 2)}
t_type about to use: 1
h_type: 2
shift dict: {0: 0, 1: 188, 2: 746}
count dict: Counter({2: 940, 1: 558, 0: 188})
Generated 926 negative samples for edge type 6
Epoch 00009, Step00000 | Train_Loss: 0.5911 | Time: 0.0203
Epoch 00009 | Val_Loss 0.7768 | Time(s) 0.0084
EarlyStopping counter: 6 out of 40
Getting training negative samples for edge types: [6]
nodes.shift keys: [0, 1, 2]
nodes.count keys: [0, 1, 2]
links.meta: {5: (2, 2), 6: (2, 1), 7: (1, 1), 2: (2, 2), 8: (2, 2), 0: (1, 1), 3: (1, 0), 4: (1, 1), 1: (2, 2), 10: (2, 2), 9: (2, 2)}
t_type about to use: 1
h_type: 2
shift dict: {0: 0, 1: 188, 2: 746}
count dict: Counter({2: 940, 1: 558, 0: 188})
Generated 926 negative samples for edge type 6
Epoch 00010, Step00000 | Train_Loss: 0.5750 | Time: 0.0204
Epoch 00010 | Val_Loss 0.7882 | Time(s) 0.0084
EarlyStopping counter: 7 out of 40
Getting training negative samples for edge types: [6]
nodes.shift keys: [0, 1, 2]
nodes.count keys: [0, 1, 2]
links.meta: {5: (2, 2), 6: (2, 1), 7: (1, 1), 2: (2, 2), 8: (2, 2), 0: (1, 1), 3: (1, 0), 4: (1, 1), 1: (2, 2), 10: (2, 2), 9: (2, 2)}
t_type about to use: 1
h_type: 2
shift dict: {0: 0, 1: 188, 2: 746}
count dict: Counter({2: 940, 1: 558, 0: 188})
Generated 926 negative samples for edge type 6
Epoch 00011, Step00000 | Train_Loss: 0.5657 | Time: 0.0198
Epoch 00011 | Val_Loss 0.9480 | Time(s) 0.0084
EarlyStopping counter: 8 out of 40
Getting training negative samples for edge types: [6]
nodes.shift keys: [0, 1, 2]
nodes.count keys: [0, 1, 2]
links.meta: {5: (2, 2), 6: (2, 1), 7: (1, 1), 2: (2, 2), 8: (2, 2), 0: (1, 1), 3: (1, 0), 4: (1, 1), 1: (2, 2), 10: (2, 2), 9: (2, 2)}
t_type about to use: 1
h_type: 2
shift dict: {0: 0, 1: 188, 2: 746}
count dict: Counter({2: 940, 1: 558, 0: 188})
Generated 926 negative samples for edge type 6
Epoch 00012, Step00000 | Train_Loss: 0.5742 | Time: 0.0200
Epoch 00012 | Val_Loss 0.9842 | Time(s) 0.0084
EarlyStopping counter: 9 out of 40
Getting training negative samples for edge types: [6]
nodes.shift keys: [0, 1, 2]
nodes.count keys: [0, 1, 2]
links.meta: {5: (2, 2), 6: (2, 1), 7: (1, 1), 2: (2, 2), 8: (2, 2), 0: (1, 1), 3: (1, 0), 4: (1, 1), 1: (2, 2), 10: (2, 2), 9: (2, 2)}
t_type about to use: 1
h_type: 2
shift dict: {0: 0, 1: 188, 2: 746}
count dict: Counter({2: 940, 1: 558, 0: 188})
Generated 926 negative samples for edge type 6
Epoch 00013, Step00000 | Train_Loss: 0.5545 | Time: 0.0210
Epoch 00013 | Val_Loss 0.8983 | Time(s) 0.0082
EarlyStopping counter: 10 out of 40
Getting training negative samples for edge types: [6]
nodes.shift keys: [0, 1, 2]
nodes.count keys: [0, 1, 2]
links.meta: {5: (2, 2), 6: (2, 1), 7: (1, 1), 2: (2, 2), 8: (2, 2), 0: (1, 1), 3: (1, 0), 4: (1, 1), 1: (2, 2), 10: (2, 2), 9: (2, 2)}
t_type about to use: 1
h_type: 2
shift dict: {0: 0, 1: 188, 2: 746}
count dict: Counter({2: 940, 1: 558, 0: 188})
Generated 926 negative samples for edge type 6
Epoch 00014, Step00000 | Train_Loss: 0.5613 | Time: 0.0204
Epoch 00014 | Val_Loss 0.8750 | Time(s) 0.0083
EarlyStopping counter: 11 out of 40
Getting training negative samples for edge types: [6]
nodes.shift keys: [0, 1, 2]
nodes.count keys: [0, 1, 2]
links.meta: {5: (2, 2), 6: (2, 1), 7: (1, 1), 2: (2, 2), 8: (2, 2), 0: (1, 1), 3: (1, 0), 4: (1, 1), 1: (2, 2), 10: (2, 2), 9: (2, 2)}
t_type about to use: 1
h_type: 2
shift dict: {0: 0, 1: 188, 2: 746}
count dict: Counter({2: 940, 1: 558, 0: 188})
Generated 926 negative samples for edge type 6
Epoch 00015, Step00000 | Train_Loss: 0.5497 | Time: 0.0203
Epoch 00015 | Val_Loss 0.9985 | Time(s) 0.0085
EarlyStopping counter: 12 out of 40
Getting training negative samples for edge types: [6]
nodes.shift keys: [0, 1, 2]
nodes.count keys: [0, 1, 2]
links.meta: {5: (2, 2), 6: (2, 1), 7: (1, 1), 2: (2, 2), 8: (2, 2), 0: (1, 1), 3: (1, 0), 4: (1, 1), 1: (2, 2), 10: (2, 2), 9: (2, 2)}
t_type about to use: 1
h_type: 2
shift dict: {0: 0, 1: 188, 2: 746}
count dict: Counter({2: 940, 1: 558, 0: 188})
Generated 926 negative samples for edge type 6
Epoch 00016, Step00000 | Train_Loss: 0.5429 | Time: 0.0204
Epoch 00016 | Val_Loss 1.0448 | Time(s) 0.0084
EarlyStopping counter: 13 out of 40
Getting training negative samples for edge types: [6]
nodes.shift keys: [0, 1, 2]
nodes.count keys: [0, 1, 2]
links.meta: {5: (2, 2), 6: (2, 1), 7: (1, 1), 2: (2, 2), 8: (2, 2), 0: (1, 1), 3: (1, 0), 4: (1, 1), 1: (2, 2), 10: (2, 2), 9: (2, 2)}
t_type about to use: 1
h_type: 2
shift dict: {0: 0, 1: 188, 2: 746}
count dict: Counter({2: 940, 1: 558, 0: 188})
Generated 926 negative samples for edge type 6
Epoch 00017, Step00000 | Train_Loss: 0.5571 | Time: 0.0210
Epoch 00017 | Val_Loss 0.9128 | Time(s) 0.0105
EarlyStopping counter: 14 out of 40
Getting training negative samples for edge types: [6]
nodes.shift keys: [0, 1, 2]
nodes.count keys: [0, 1, 2]
links.meta: {5: (2, 2), 6: (2, 1), 7: (1, 1), 2: (2, 2), 8: (2, 2), 0: (1, 1), 3: (1, 0), 4: (1, 1), 1: (2, 2), 10: (2, 2), 9: (2, 2)}
t_type about to use: 1
h_type: 2
shift dict: {0: 0, 1: 188, 2: 746}
count dict: Counter({2: 940, 1: 558, 0: 188})
Generated 926 negative samples for edge type 6
Epoch 00018, Step00000 | Train_Loss: 0.5511 | Time: 0.0193
Epoch 00018 | Val_Loss 0.9888 | Time(s) 0.0070
EarlyStopping counter: 15 out of 40
Getting training negative samples for edge types: [6]
nodes.shift keys: [0, 1, 2]
nodes.count keys: [0, 1, 2]
links.meta: {5: (2, 2), 6: (2, 1), 7: (1, 1), 2: (2, 2), 8: (2, 2), 0: (1, 1), 3: (1, 0), 4: (1, 1), 1: (2, 2), 10: (2, 2), 9: (2, 2)}
t_type about to use: 1
h_type: 2
shift dict: {0: 0, 1: 188, 2: 746}
count dict: Counter({2: 940, 1: 558, 0: 188})
Generated 926 negative samples for edge type 6
Epoch 00019, Step00000 | Train_Loss: 0.5729 | Time: 0.0196
Epoch 00019 | Val_Loss 0.8826 | Time(s) 0.0082
EarlyStopping counter: 16 out of 40
Getting training negative samples for edge types: [6]
nodes.shift keys: [0, 1, 2]
nodes.count keys: [0, 1, 2]
links.meta: {5: (2, 2), 6: (2, 1), 7: (1, 1), 2: (2, 2), 8: (2, 2), 0: (1, 1), 3: (1, 0), 4: (1, 1), 1: (2, 2), 10: (2, 2), 9: (2, 2)}
t_type about to use: 1
h_type: 2
shift dict: {0: 0, 1: 188, 2: 746}
count dict: Counter({2: 940, 1: 558, 0: 188})
Generated 926 negative samples for edge type 6
Epoch 00020, Step00000 | Train_Loss: 0.5228 | Time: 0.0211
Epoch 00020 | Val_Loss 0.9956 | Time(s) 0.0081
EarlyStopping counter: 17 out of 40
Getting training negative samples for edge types: [6]
nodes.shift keys: [0, 1, 2]
nodes.count keys: [0, 1, 2]
links.meta: {5: (2, 2), 6: (2, 1), 7: (1, 1), 2: (2, 2), 8: (2, 2), 0: (1, 1), 3: (1, 0), 4: (1, 1), 1: (2, 2), 10: (2, 2), 9: (2, 2)}
t_type about to use: 1
h_type: 2
shift dict: {0: 0, 1: 188, 2: 746}
count dict: Counter({2: 940, 1: 558, 0: 188})
Generated 926 negative samples for edge type 6
Epoch 00021, Step00000 | Train_Loss: 0.5420 | Time: 0.0197
Epoch 00021 | Val_Loss 0.9246 | Time(s) 0.0084
EarlyStopping counter: 18 out of 40
Getting training negative samples for edge types: [6]
nodes.shift keys: [0, 1, 2]
nodes.count keys: [0, 1, 2]
links.meta: {5: (2, 2), 6: (2, 1), 7: (1, 1), 2: (2, 2), 8: (2, 2), 0: (1, 1), 3: (1, 0), 4: (1, 1), 1: (2, 2), 10: (2, 2), 9: (2, 2)}
t_type about to use: 1
h_type: 2
shift dict: {0: 0, 1: 188, 2: 746}
count dict: Counter({2: 940, 1: 558, 0: 188})
Generated 926 negative samples for edge type 6
Epoch 00022, Step00000 | Train_Loss: 0.5356 | Time: 0.0200
Epoch 00022 | Val_Loss 0.9371 | Time(s) 0.0082
EarlyStopping counter: 19 out of 40
Getting training negative samples for edge types: [6]
nodes.shift keys: [0, 1, 2]
nodes.count keys: [0, 1, 2]
links.meta: {5: (2, 2), 6: (2, 1), 7: (1, 1), 2: (2, 2), 8: (2, 2), 0: (1, 1), 3: (1, 0), 4: (1, 1), 1: (2, 2), 10: (2, 2), 9: (2, 2)}
t_type about to use: 1
h_type: 2
shift dict: {0: 0, 1: 188, 2: 746}
count dict: Counter({2: 940, 1: 558, 0: 188})
Generated 926 negative samples for edge type 6
Epoch 00023, Step00000 | Train_Loss: 0.5358 | Time: 0.0220
Epoch 00023 | Val_Loss 1.0150 | Time(s) 0.0085
EarlyStopping counter: 20 out of 40
Getting training negative samples for edge types: [6]
nodes.shift keys: [0, 1, 2]
nodes.count keys: [0, 1, 2]
links.meta: {5: (2, 2), 6: (2, 1), 7: (1, 1), 2: (2, 2), 8: (2, 2), 0: (1, 1), 3: (1, 0), 4: (1, 1), 1: (2, 2), 10: (2, 2), 9: (2, 2)}
t_type about to use: 1
h_type: 2
shift dict: {0: 0, 1: 188, 2: 746}
count dict: Counter({2: 940, 1: 558, 0: 188})
Generated 926 negative samples for edge type 6
Epoch 00024, Step00000 | Train_Loss: 0.5292 | Time: 0.0218
Epoch 00024 | Val_Loss 0.8866 | Time(s) 0.0084
EarlyStopping counter: 21 out of 40
Getting training negative samples for edge types: [6]
nodes.shift keys: [0, 1, 2]
nodes.count keys: [0, 1, 2]
links.meta: {5: (2, 2), 6: (2, 1), 7: (1, 1), 2: (2, 2), 8: (2, 2), 0: (1, 1), 3: (1, 0), 4: (1, 1), 1: (2, 2), 10: (2, 2), 9: (2, 2)}
t_type about to use: 1
h_type: 2
shift dict: {0: 0, 1: 188, 2: 746}
count dict: Counter({2: 940, 1: 558, 0: 188})
Generated 926 negative samples for edge type 6
Epoch 00025, Step00000 | Train_Loss: 0.5492 | Time: 0.0194
Epoch 00025 | Val_Loss 0.9516 | Time(s) 0.0082
EarlyStopping counter: 22 out of 40
Getting training negative samples for edge types: [6]
nodes.shift keys: [0, 1, 2]
nodes.count keys: [0, 1, 2]
links.meta: {5: (2, 2), 6: (2, 1), 7: (1, 1), 2: (2, 2), 8: (2, 2), 0: (1, 1), 3: (1, 0), 4: (1, 1), 1: (2, 2), 10: (2, 2), 9: (2, 2)}
t_type about to use: 1
h_type: 2
shift dict: {0: 0, 1: 188, 2: 746}
count dict: Counter({2: 940, 1: 558, 0: 188})
Generated 926 negative samples for edge type 6
Epoch 00026, Step00000 | Train_Loss: 0.5489 | Time: 0.0200
Epoch 00026 | Val_Loss 0.8346 | Time(s) 0.0083
EarlyStopping counter: 23 out of 40
Getting training negative samples for edge types: [6]
nodes.shift keys: [0, 1, 2]
nodes.count keys: [0, 1, 2]
links.meta: {5: (2, 2), 6: (2, 1), 7: (1, 1), 2: (2, 2), 8: (2, 2), 0: (1, 1), 3: (1, 0), 4: (1, 1), 1: (2, 2), 10: (2, 2), 9: (2, 2)}
t_type about to use: 1
h_type: 2
shift dict: {0: 0, 1: 188, 2: 746}
count dict: Counter({2: 940, 1: 558, 0: 188})
Generated 926 negative samples for edge type 6
Epoch 00027, Step00000 | Train_Loss: 0.5282 | Time: 0.0200
Epoch 00027 | Val_Loss 0.8515 | Time(s) 0.0084
EarlyStopping counter: 24 out of 40
Getting training negative samples for edge types: [6]
nodes.shift keys: [0, 1, 2]
nodes.count keys: [0, 1, 2]
links.meta: {5: (2, 2), 6: (2, 1), 7: (1, 1), 2: (2, 2), 8: (2, 2), 0: (1, 1), 3: (1, 0), 4: (1, 1), 1: (2, 2), 10: (2, 2), 9: (2, 2)}
t_type about to use: 1
h_type: 2
shift dict: {0: 0, 1: 188, 2: 746}
count dict: Counter({2: 940, 1: 558, 0: 188})
Generated 926 negative samples for edge type 6
Epoch 00028, Step00000 | Train_Loss: 0.5219 | Time: 0.0201
Epoch 00028 | Val_Loss 0.8821 | Time(s) 0.0084
EarlyStopping counter: 25 out of 40
Getting training negative samples for edge types: [6]
nodes.shift keys: [0, 1, 2]
nodes.count keys: [0, 1, 2]
links.meta: {5: (2, 2), 6: (2, 1), 7: (1, 1), 2: (2, 2), 8: (2, 2), 0: (1, 1), 3: (1, 0), 4: (1, 1), 1: (2, 2), 10: (2, 2), 9: (2, 2)}
t_type about to use: 1
h_type: 2
shift dict: {0: 0, 1: 188, 2: 746}
count dict: Counter({2: 940, 1: 558, 0: 188})
Generated 926 negative samples for edge type 6
Epoch 00029, Step00000 | Train_Loss: 0.5292 | Time: 0.0199
Epoch 00029 | Val_Loss 0.8656 | Time(s) 0.0084
EarlyStopping counter: 26 out of 40
Getting training negative samples for edge types: [6]
nodes.shift keys: [0, 1, 2]
nodes.count keys: [0, 1, 2]
links.meta: {5: (2, 2), 6: (2, 1), 7: (1, 1), 2: (2, 2), 8: (2, 2), 0: (1, 1), 3: (1, 0), 4: (1, 1), 1: (2, 2), 10: (2, 2), 9: (2, 2)}
t_type about to use: 1
h_type: 2
shift dict: {0: 0, 1: 188, 2: 746}
count dict: Counter({2: 940, 1: 558, 0: 188})
Generated 926 negative samples for edge type 6
Epoch 00030, Step00000 | Train_Loss: 0.5092 | Time: 0.0214
Epoch 00030 | Val_Loss 0.8933 | Time(s) 0.0081
EarlyStopping counter: 27 out of 40
Getting training negative samples for edge types: [6]
nodes.shift keys: [0, 1, 2]
nodes.count keys: [0, 1, 2]
links.meta: {5: (2, 2), 6: (2, 1), 7: (1, 1), 2: (2, 2), 8: (2, 2), 0: (1, 1), 3: (1, 0), 4: (1, 1), 1: (2, 2), 10: (2, 2), 9: (2, 2)}
t_type about to use: 1
h_type: 2
shift dict: {0: 0, 1: 188, 2: 746}
count dict: Counter({2: 940, 1: 558, 0: 188})
Generated 926 negative samples for edge type 6
Epoch 00031, Step00000 | Train_Loss: 0.5244 | Time: 0.0209
Epoch 00031 | Val_Loss 0.8087 | Time(s) 0.0083
EarlyStopping counter: 28 out of 40
Getting training negative samples for edge types: [6]
nodes.shift keys: [0, 1, 2]
nodes.count keys: [0, 1, 2]
links.meta: {5: (2, 2), 6: (2, 1), 7: (1, 1), 2: (2, 2), 8: (2, 2), 0: (1, 1), 3: (1, 0), 4: (1, 1), 1: (2, 2), 10: (2, 2), 9: (2, 2)}
t_type about to use: 1
h_type: 2
shift dict: {0: 0, 1: 188, 2: 746}
count dict: Counter({2: 940, 1: 558, 0: 188})
Generated 926 negative samples for edge type 6
Epoch 00032, Step00000 | Train_Loss: 0.5334 | Time: 0.0201
Epoch 00032 | Val_Loss 0.9804 | Time(s) 0.0089
EarlyStopping counter: 29 out of 40
Getting training negative samples for edge types: [6]
nodes.shift keys: [0, 1, 2]
nodes.count keys: [0, 1, 2]
links.meta: {5: (2, 2), 6: (2, 1), 7: (1, 1), 2: (2, 2), 8: (2, 2), 0: (1, 1), 3: (1, 0), 4: (1, 1), 1: (2, 2), 10: (2, 2), 9: (2, 2)}
t_type about to use: 1
h_type: 2
shift dict: {0: 0, 1: 188, 2: 746}
count dict: Counter({2: 940, 1: 558, 0: 188})
Generated 926 negative samples for edge type 6
Epoch 00033, Step00000 | Train_Loss: 0.5167 | Time: 0.0195
Epoch 00033 | Val_Loss 0.9114 | Time(s) 0.0081
EarlyStopping counter: 30 out of 40
Getting training negative samples for edge types: [6]
nodes.shift keys: [0, 1, 2]
nodes.count keys: [0, 1, 2]
links.meta: {5: (2, 2), 6: (2, 1), 7: (1, 1), 2: (2, 2), 8: (2, 2), 0: (1, 1), 3: (1, 0), 4: (1, 1), 1: (2, 2), 10: (2, 2), 9: (2, 2)}
t_type about to use: 1
h_type: 2
shift dict: {0: 0, 1: 188, 2: 746}
count dict: Counter({2: 940, 1: 558, 0: 188})
Generated 926 negative samples for edge type 6
Epoch 00034, Step00000 | Train_Loss: 0.5142 | Time: 0.0197
Epoch 00034 | Val_Loss 0.8815 | Time(s) 0.0082
EarlyStopping counter: 31 out of 40
Getting training negative samples for edge types: [6]
nodes.shift keys: [0, 1, 2]
nodes.count keys: [0, 1, 2]
links.meta: {5: (2, 2), 6: (2, 1), 7: (1, 1), 2: (2, 2), 8: (2, 2), 0: (1, 1), 3: (1, 0), 4: (1, 1), 1: (2, 2), 10: (2, 2), 9: (2, 2)}
t_type about to use: 1
h_type: 2
shift dict: {0: 0, 1: 188, 2: 746}
count dict: Counter({2: 940, 1: 558, 0: 188})
Generated 926 negative samples for edge type 6
Epoch 00035, Step00000 | Train_Loss: 0.5035 | Time: 0.0216
Epoch 00035 | Val_Loss 0.7871 | Time(s) 0.0083
EarlyStopping counter: 32 out of 40
Getting training negative samples for edge types: [6]
nodes.shift keys: [0, 1, 2]
nodes.count keys: [0, 1, 2]
links.meta: {5: (2, 2), 6: (2, 1), 7: (1, 1), 2: (2, 2), 8: (2, 2), 0: (1, 1), 3: (1, 0), 4: (1, 1), 1: (2, 2), 10: (2, 2), 9: (2, 2)}
t_type about to use: 1
h_type: 2
shift dict: {0: 0, 1: 188, 2: 746}
count dict: Counter({2: 940, 1: 558, 0: 188})
Generated 926 negative samples for edge type 6
Epoch 00036, Step00000 | Train_Loss: 0.5195 | Time: 0.0210
Epoch 00036 | Val_Loss 0.8117 | Time(s) 0.0082
EarlyStopping counter: 33 out of 40
Getting training negative samples for edge types: [6]
nodes.shift keys: [0, 1, 2]
nodes.count keys: [0, 1, 2]
links.meta: {5: (2, 2), 6: (2, 1), 7: (1, 1), 2: (2, 2), 8: (2, 2), 0: (1, 1), 3: (1, 0), 4: (1, 1), 1: (2, 2), 10: (2, 2), 9: (2, 2)}
t_type about to use: 1
h_type: 2
shift dict: {0: 0, 1: 188, 2: 746}
count dict: Counter({2: 940, 1: 558, 0: 188})
Generated 926 negative samples for edge type 6
Epoch 00037, Step00000 | Train_Loss: 0.5027 | Time: 0.0196
Epoch 00037 | Val_Loss 0.7726 | Time(s) 0.0083
EarlyStopping counter: 34 out of 40
Getting training negative samples for edge types: [6]
nodes.shift keys: [0, 1, 2]
nodes.count keys: [0, 1, 2]
links.meta: {5: (2, 2), 6: (2, 1), 7: (1, 1), 2: (2, 2), 8: (2, 2), 0: (1, 1), 3: (1, 0), 4: (1, 1), 1: (2, 2), 10: (2, 2), 9: (2, 2)}
t_type about to use: 1
h_type: 2
shift dict: {0: 0, 1: 188, 2: 746}
count dict: Counter({2: 940, 1: 558, 0: 188})
Generated 926 negative samples for edge type 6
Epoch 00038, Step00000 | Train_Loss: 0.4996 | Time: 0.0213
Epoch 00038 | Val_Loss 0.8043 | Time(s) 0.0081
EarlyStopping counter: 35 out of 40
Getting training negative samples for edge types: [6]
nodes.shift keys: [0, 1, 2]
nodes.count keys: [0, 1, 2]
links.meta: {5: (2, 2), 6: (2, 1), 7: (1, 1), 2: (2, 2), 8: (2, 2), 0: (1, 1), 3: (1, 0), 4: (1, 1), 1: (2, 2), 10: (2, 2), 9: (2, 2)}
t_type about to use: 1
h_type: 2
shift dict: {0: 0, 1: 188, 2: 746}
count dict: Counter({2: 940, 1: 558, 0: 188})
Generated 926 negative samples for edge type 6
Epoch 00039, Step00000 | Train_Loss: 0.5105 | Time: 0.0197
Epoch 00039 | Val_Loss 0.8276 | Time(s) 0.0083
EarlyStopping counter: 36 out of 40
Getting training negative samples for edge types: [6]
nodes.shift keys: [0, 1, 2]
nodes.count keys: [0, 1, 2]
links.meta: {5: (2, 2), 6: (2, 1), 7: (1, 1), 2: (2, 2), 8: (2, 2), 0: (1, 1), 3: (1, 0), 4: (1, 1), 1: (2, 2), 10: (2, 2), 9: (2, 2)}
t_type about to use: 1
h_type: 2
shift dict: {0: 0, 1: 188, 2: 746}
count dict: Counter({2: 940, 1: 558, 0: 188})
Generated 926 negative samples for edge type 6
Epoch 00040, Step00000 | Train_Loss: 0.5198 | Time: 0.0197
Epoch 00040 | Val_Loss 0.8616 | Time(s) 0.0084
EarlyStopping counter: 37 out of 40
Getting training negative samples for edge types: [6]
nodes.shift keys: [0, 1, 2]
nodes.count keys: [0, 1, 2]
links.meta: {5: (2, 2), 6: (2, 1), 7: (1, 1), 2: (2, 2), 8: (2, 2), 0: (1, 1), 3: (1, 0), 4: (1, 1), 1: (2, 2), 10: (2, 2), 9: (2, 2)}
t_type about to use: 1
h_type: 2
shift dict: {0: 0, 1: 188, 2: 746}
count dict: Counter({2: 940, 1: 558, 0: 188})
Generated 926 negative samples for edge type 6
Epoch 00041, Step00000 | Train_Loss: 0.4877 | Time: 0.0219
Epoch 00041 | Val_Loss 0.8364 | Time(s) 0.0082
EarlyStopping counter: 38 out of 40
Getting training negative samples for edge types: [6]
nodes.shift keys: [0, 1, 2]
nodes.count keys: [0, 1, 2]
links.meta: {5: (2, 2), 6: (2, 1), 7: (1, 1), 2: (2, 2), 8: (2, 2), 0: (1, 1), 3: (1, 0), 4: (1, 1), 1: (2, 2), 10: (2, 2), 9: (2, 2)}
t_type about to use: 1
h_type: 2
shift dict: {0: 0, 1: 188, 2: 746}
count dict: Counter({2: 940, 1: 558, 0: 188})
Generated 926 negative samples for edge type 6
Epoch 00042, Step00000 | Train_Loss: 0.5036 | Time: 0.0202
Epoch 00042 | Val_Loss 0.8805 | Time(s) 0.0085
EarlyStopping counter: 39 out of 40
Getting training negative samples for edge types: [6]
nodes.shift keys: [0, 1, 2]
nodes.count keys: [0, 1, 2]
links.meta: {5: (2, 2), 6: (2, 1), 7: (1, 1), 2: (2, 2), 8: (2, 2), 0: (1, 1), 3: (1, 0), 4: (1, 1), 1: (2, 2), 10: (2, 2), 9: (2, 2)}
t_type about to use: 1
h_type: 2
shift dict: {0: 0, 1: 188, 2: 746}
count dict: Counter({2: 940, 1: 558, 0: 188})
Generated 926 negative samples for edge type 6
Epoch 00043, Step00000 | Train_Loss: 0.4829 | Time: 0.0196
Epoch 00043 | Val_Loss 0.7391 | Time(s) 0.0083
EarlyStopping counter: 40 out of 40
Early stopping!
Early stopping!
Meta keys: dict_keys([6])
Data keys: dict_keys([6])
Edge type: 6, Meta: (2, 1)
{'roc_auc': 0.5116602010227473, 'MRR': 0.7600260416666667}
{'roc_auc': 0.6389422657000612, 'MRR': 0.8088541666666667}
defaultdict(<class 'float'>, {'roc_auc': 0.5116602010227473, 'MRR': 0.7600260416666667})
defaultdict(<class 'float'>, {'roc_auc': 0.6389422657000612, 'MRR': 0.8088541666666667})
Completed: amazon_style_cct_features_securebert_fold_2

--------------------------------------
Running model: SimpleHGN
Dataset: amazon_style_cct_features_securebert_fold_3
--------------------------------------
Data path: ../../data/amazon_style_cct_features_securebert_fold_3
Loading nodes from ../../data/amazon_style_cct_features_securebert_fold_3/node.dat
edge types: dict_keys([5, 6, 7, 2, 8, 0, 3, 4, 1, 10, 9])
Getting training negative samples for edge types: [6]
nodes.shift keys: [0, 1, 2]
nodes.count keys: [0, 1, 2]
links.meta: {5: (2, 2), 6: (2, 1), 7: (1, 1), 2: (2, 2), 8: (2, 2), 0: (1, 1), 3: (1, 0), 4: (1, 1), 1: (2, 2), 10: (2, 2), 9: (2, 2)}
t_type about to use: 1
h_type: 2
shift dict: {0: 0, 1: 188, 2: 746}
count dict: Counter({2: 940, 1: 558, 0: 188})
Generated 882 negative samples for edge type 6
Features List: [array([[ 0.00445206,  0.01268557,  0.22351578, ..., -0.28678206,
        -0.37460288,  0.18294938],
       [-0.18744846,  0.07075578,  0.0476894 , ..., -0.2232531 ,
        -0.19588573,  0.47988179],
       [-0.17451471, -0.04557271,  0.15712288, ..., -0.05391889,
        -0.20500693,  0.23744845],
       ...,
       [-0.40584856,  0.04715464,  0.24475315, ..., -0.12466257,
        -0.2035536 ,  0.28577447],
       [-0.18835557,  0.03822717,  0.03586731, ..., -0.23435652,
        -0.35453227,  0.38753107],
       [-0.13632202,  0.14362322,  0.08668749, ..., -0.24145249,
        -0.25799868,  0.26464131]]), array([[ 0.00791158, -0.00538086, -0.02676104, ..., -0.01897389,
        -0.01306979, -0.00084801],
       [ 0.01682901, -0.00649696, -0.01921631, ..., -0.01401017,
        -0.0039668 , -0.02202195],
       [ 0.02197852, -0.01403735, -0.05225722, ...,  0.02019661,
         0.00528841,  0.0033033 ],
       ...,
       [ 0.01603197,  0.00716993, -0.01245602, ..., -0.01399604,
        -0.00058955, -0.0256807 ],
       [ 0.01039577,  0.02045547, -0.02146293, ...,  0.01017929,
         0.02390171,  0.00134994],
       [ 0.00462414,  0.0041195 , -0.0135733 , ..., -0.01101827,
         0.00813001,  0.0203817 ]]), array([[ 0.00087804,  0.00658507, -0.02514569, ..., -0.04238372,
         0.00850771, -0.02565438],
       [-0.0006986 ,  0.01542003, -0.03227317, ..., -0.01301633,
         0.01559736, -0.03614859],
       [-0.01135348,  0.00974955, -0.01812623, ..., -0.01920343,
         0.00887381, -0.0152928 ],
       ...,
       [ 0.00701895, -0.01539859, -0.03025482, ..., -0.03644368,
         0.01254067, -0.0236606 ],
       [-0.00414097,  0.00144739, -0.05197839, ...,  0.00216818,
         0.02755725, -0.03143983],
       [ 0.01779867, -0.02493452, -0.0391779 , ..., -0.01159797,
        -0.00619852, -0.02449675]])]
Getting training negative samples for edge types: [6]
nodes.shift keys: [0, 1, 2]
nodes.count keys: [0, 1, 2]
links.meta: {5: (2, 2), 6: (2, 1), 7: (1, 1), 2: (2, 2), 8: (2, 2), 0: (1, 1), 3: (1, 0), 4: (1, 1), 1: (2, 2), 10: (2, 2), 9: (2, 2)}
t_type about to use: 1
h_type: 2
shift dict: {0: 0, 1: 188, 2: 746}
count dict: Counter({2: 940, 1: 558, 0: 188})
Generated 882 negative samples for edge type 6
Epoch 00000, Step00000 | Train_Loss: 0.6933 | Time: 0.6867
Epoch 00000 | Val_Loss 0.6858 | Time(s) 0.0072
Validation loss decreased (inf --> 0.685834).  Saving model ...
Getting training negative samples for edge types: [6]
nodes.shift keys: [0, 1, 2]
nodes.count keys: [0, 1, 2]
links.meta: {5: (2, 2), 6: (2, 1), 7: (1, 1), 2: (2, 2), 8: (2, 2), 0: (1, 1), 3: (1, 0), 4: (1, 1), 1: (2, 2), 10: (2, 2), 9: (2, 2)}
t_type about to use: 1
h_type: 2
shift dict: {0: 0, 1: 188, 2: 746}
count dict: Counter({2: 940, 1: 558, 0: 188})
Generated 882 negative samples for edge type 6
Epoch 00001, Step00000 | Train_Loss: 0.6828 | Time: 0.0291
Epoch 00001 | Val_Loss 0.6736 | Time(s) 0.0083
Validation loss decreased (0.685834 --> 0.673554).  Saving model ...
Getting training negative samples for edge types: [6]
nodes.shift keys: [0, 1, 2]
nodes.count keys: [0, 1, 2]
links.meta: {5: (2, 2), 6: (2, 1), 7: (1, 1), 2: (2, 2), 8: (2, 2), 0: (1, 1), 3: (1, 0), 4: (1, 1), 1: (2, 2), 10: (2, 2), 9: (2, 2)}
t_type about to use: 1
h_type: 2
shift dict: {0: 0, 1: 188, 2: 746}
count dict: Counter({2: 940, 1: 558, 0: 188})
Generated 882 negative samples for edge type 6
Epoch 00002, Step00000 | Train_Loss: 0.6709 | Time: 0.0270
Epoch 00002 | Val_Loss 0.6605 | Time(s) 0.0084
Validation loss decreased (0.673554 --> 0.660507).  Saving model ...
Getting training negative samples for edge types: [6]
nodes.shift keys: [0, 1, 2]
nodes.count keys: [0, 1, 2]
links.meta: {5: (2, 2), 6: (2, 1), 7: (1, 1), 2: (2, 2), 8: (2, 2), 0: (1, 1), 3: (1, 0), 4: (1, 1), 1: (2, 2), 10: (2, 2), 9: (2, 2)}
t_type about to use: 1
h_type: 2
shift dict: {0: 0, 1: 188, 2: 746}
count dict: Counter({2: 940, 1: 558, 0: 188})
Generated 882 negative samples for edge type 6
Epoch 00003, Step00000 | Train_Loss: 0.6645 | Time: 0.0271
Epoch 00003 | Val_Loss 0.6491 | Time(s) 0.0094
Validation loss decreased (0.660507 --> 0.649077).  Saving model ...
Getting training negative samples for edge types: [6]
nodes.shift keys: [0, 1, 2]
nodes.count keys: [0, 1, 2]
links.meta: {5: (2, 2), 6: (2, 1), 7: (1, 1), 2: (2, 2), 8: (2, 2), 0: (1, 1), 3: (1, 0), 4: (1, 1), 1: (2, 2), 10: (2, 2), 9: (2, 2)}
t_type about to use: 1
h_type: 2
shift dict: {0: 0, 1: 188, 2: 746}
count dict: Counter({2: 940, 1: 558, 0: 188})
Generated 882 negative samples for edge type 6
Epoch 00004, Step00000 | Train_Loss: 0.6481 | Time: 0.0270
Epoch 00004 | Val_Loss 0.6745 | Time(s) 0.0087
EarlyStopping counter: 1 out of 40
Getting training negative samples for edge types: [6]
nodes.shift keys: [0, 1, 2]
nodes.count keys: [0, 1, 2]
links.meta: {5: (2, 2), 6: (2, 1), 7: (1, 1), 2: (2, 2), 8: (2, 2), 0: (1, 1), 3: (1, 0), 4: (1, 1), 1: (2, 2), 10: (2, 2), 9: (2, 2)}
t_type about to use: 1
h_type: 2
shift dict: {0: 0, 1: 188, 2: 746}
count dict: Counter({2: 940, 1: 558, 0: 188})
Generated 882 negative samples for edge type 6
Epoch 00005, Step00000 | Train_Loss: 0.6367 | Time: 0.0213
Epoch 00005 | Val_Loss 0.6508 | Time(s) 0.0083
EarlyStopping counter: 2 out of 40
Getting training negative samples for edge types: [6]
nodes.shift keys: [0, 1, 2]
nodes.count keys: [0, 1, 2]
links.meta: {5: (2, 2), 6: (2, 1), 7: (1, 1), 2: (2, 2), 8: (2, 2), 0: (1, 1), 3: (1, 0), 4: (1, 1), 1: (2, 2), 10: (2, 2), 9: (2, 2)}
t_type about to use: 1
h_type: 2
shift dict: {0: 0, 1: 188, 2: 746}
count dict: Counter({2: 940, 1: 558, 0: 188})
Generated 882 negative samples for edge type 6
Epoch 00006, Step00000 | Train_Loss: 0.6221 | Time: 0.0214
Epoch 00006 | Val_Loss 0.6832 | Time(s) 0.0086
EarlyStopping counter: 3 out of 40
Getting training negative samples for edge types: [6]
nodes.shift keys: [0, 1, 2]
nodes.count keys: [0, 1, 2]
links.meta: {5: (2, 2), 6: (2, 1), 7: (1, 1), 2: (2, 2), 8: (2, 2), 0: (1, 1), 3: (1, 0), 4: (1, 1), 1: (2, 2), 10: (2, 2), 9: (2, 2)}
t_type about to use: 1
h_type: 2
shift dict: {0: 0, 1: 188, 2: 746}
count dict: Counter({2: 940, 1: 558, 0: 188})
Generated 882 negative samples for edge type 6
Epoch 00007, Step00000 | Train_Loss: 0.6072 | Time: 0.0201
Epoch 00007 | Val_Loss 0.6992 | Time(s) 0.0084
EarlyStopping counter: 4 out of 40
Getting training negative samples for edge types: [6]
nodes.shift keys: [0, 1, 2]
nodes.count keys: [0, 1, 2]
links.meta: {5: (2, 2), 6: (2, 1), 7: (1, 1), 2: (2, 2), 8: (2, 2), 0: (1, 1), 3: (1, 0), 4: (1, 1), 1: (2, 2), 10: (2, 2), 9: (2, 2)}
t_type about to use: 1
h_type: 2
shift dict: {0: 0, 1: 188, 2: 746}
count dict: Counter({2: 940, 1: 558, 0: 188})
Generated 882 negative samples for edge type 6
Epoch 00008, Step00000 | Train_Loss: 0.5988 | Time: 0.0206
Epoch 00008 | Val_Loss 0.7472 | Time(s) 0.0085
EarlyStopping counter: 5 out of 40
Getting training negative samples for edge types: [6]
nodes.shift keys: [0, 1, 2]
nodes.count keys: [0, 1, 2]
links.meta: {5: (2, 2), 6: (2, 1), 7: (1, 1), 2: (2, 2), 8: (2, 2), 0: (1, 1), 3: (1, 0), 4: (1, 1), 1: (2, 2), 10: (2, 2), 9: (2, 2)}
t_type about to use: 1
h_type: 2
shift dict: {0: 0, 1: 188, 2: 746}
count dict: Counter({2: 940, 1: 558, 0: 188})
Generated 882 negative samples for edge type 6
Epoch 00009, Step00000 | Train_Loss: 0.5766 | Time: 0.0199
Epoch 00009 | Val_Loss 0.7795 | Time(s) 0.0084
EarlyStopping counter: 6 out of 40
Getting training negative samples for edge types: [6]
nodes.shift keys: [0, 1, 2]
nodes.count keys: [0, 1, 2]
links.meta: {5: (2, 2), 6: (2, 1), 7: (1, 1), 2: (2, 2), 8: (2, 2), 0: (1, 1), 3: (1, 0), 4: (1, 1), 1: (2, 2), 10: (2, 2), 9: (2, 2)}
t_type about to use: 1
h_type: 2
shift dict: {0: 0, 1: 188, 2: 746}
count dict: Counter({2: 940, 1: 558, 0: 188})
Generated 882 negative samples for edge type 6
Epoch 00010, Step00000 | Train_Loss: 0.5759 | Time: 0.0206
Epoch 00010 | Val_Loss 0.8037 | Time(s) 0.0083
EarlyStopping counter: 7 out of 40
Getting training negative samples for edge types: [6]
nodes.shift keys: [0, 1, 2]
nodes.count keys: [0, 1, 2]
links.meta: {5: (2, 2), 6: (2, 1), 7: (1, 1), 2: (2, 2), 8: (2, 2), 0: (1, 1), 3: (1, 0), 4: (1, 1), 1: (2, 2), 10: (2, 2), 9: (2, 2)}
t_type about to use: 1
h_type: 2
shift dict: {0: 0, 1: 188, 2: 746}
count dict: Counter({2: 940, 1: 558, 0: 188})
Generated 882 negative samples for edge type 6
Epoch 00011, Step00000 | Train_Loss: 0.5589 | Time: 0.0202
Epoch 00011 | Val_Loss 0.9084 | Time(s) 0.0084
EarlyStopping counter: 8 out of 40
Getting training negative samples for edge types: [6]
nodes.shift keys: [0, 1, 2]
nodes.count keys: [0, 1, 2]
links.meta: {5: (2, 2), 6: (2, 1), 7: (1, 1), 2: (2, 2), 8: (2, 2), 0: (1, 1), 3: (1, 0), 4: (1, 1), 1: (2, 2), 10: (2, 2), 9: (2, 2)}
t_type about to use: 1
h_type: 2
shift dict: {0: 0, 1: 188, 2: 746}
count dict: Counter({2: 940, 1: 558, 0: 188})
Generated 882 negative samples for edge type 6
Epoch 00012, Step00000 | Train_Loss: 0.5578 | Time: 0.0204
Epoch 00012 | Val_Loss 0.8216 | Time(s) 0.0087
EarlyStopping counter: 9 out of 40
Getting training negative samples for edge types: [6]
nodes.shift keys: [0, 1, 2]
nodes.count keys: [0, 1, 2]
links.meta: {5: (2, 2), 6: (2, 1), 7: (1, 1), 2: (2, 2), 8: (2, 2), 0: (1, 1), 3: (1, 0), 4: (1, 1), 1: (2, 2), 10: (2, 2), 9: (2, 2)}
t_type about to use: 1
h_type: 2
shift dict: {0: 0, 1: 188, 2: 746}
count dict: Counter({2: 940, 1: 558, 0: 188})
Generated 882 negative samples for edge type 6
Epoch 00013, Step00000 | Train_Loss: 0.5633 | Time: 0.0227
Epoch 00013 | Val_Loss 0.8954 | Time(s) 0.0095
EarlyStopping counter: 10 out of 40
Getting training negative samples for edge types: [6]
nodes.shift keys: [0, 1, 2]
nodes.count keys: [0, 1, 2]
links.meta: {5: (2, 2), 6: (2, 1), 7: (1, 1), 2: (2, 2), 8: (2, 2), 0: (1, 1), 3: (1, 0), 4: (1, 1), 1: (2, 2), 10: (2, 2), 9: (2, 2)}
t_type about to use: 1
h_type: 2
shift dict: {0: 0, 1: 188, 2: 746}
count dict: Counter({2: 940, 1: 558, 0: 188})
Generated 882 negative samples for edge type 6
Epoch 00014, Step00000 | Train_Loss: 0.5775 | Time: 0.0198
Epoch 00014 | Val_Loss 0.9961 | Time(s) 0.0107
EarlyStopping counter: 11 out of 40
Getting training negative samples for edge types: [6]
nodes.shift keys: [0, 1, 2]
nodes.count keys: [0, 1, 2]
links.meta: {5: (2, 2), 6: (2, 1), 7: (1, 1), 2: (2, 2), 8: (2, 2), 0: (1, 1), 3: (1, 0), 4: (1, 1), 1: (2, 2), 10: (2, 2), 9: (2, 2)}
t_type about to use: 1
h_type: 2
shift dict: {0: 0, 1: 188, 2: 746}
count dict: Counter({2: 940, 1: 558, 0: 188})
Generated 882 negative samples for edge type 6
Epoch 00015, Step00000 | Train_Loss: 0.5525 | Time: 0.0229
Epoch 00015 | Val_Loss 0.9890 | Time(s) 0.0089
EarlyStopping counter: 12 out of 40
Getting training negative samples for edge types: [6]
nodes.shift keys: [0, 1, 2]
nodes.count keys: [0, 1, 2]
links.meta: {5: (2, 2), 6: (2, 1), 7: (1, 1), 2: (2, 2), 8: (2, 2), 0: (1, 1), 3: (1, 0), 4: (1, 1), 1: (2, 2), 10: (2, 2), 9: (2, 2)}
t_type about to use: 1
h_type: 2
shift dict: {0: 0, 1: 188, 2: 746}
count dict: Counter({2: 940, 1: 558, 0: 188})
Generated 882 negative samples for edge type 6
Epoch 00016, Step00000 | Train_Loss: 0.5521 | Time: 0.0216
Epoch 00016 | Val_Loss 0.9710 | Time(s) 0.0084
EarlyStopping counter: 13 out of 40
Getting training negative samples for edge types: [6]
nodes.shift keys: [0, 1, 2]
nodes.count keys: [0, 1, 2]
links.meta: {5: (2, 2), 6: (2, 1), 7: (1, 1), 2: (2, 2), 8: (2, 2), 0: (1, 1), 3: (1, 0), 4: (1, 1), 1: (2, 2), 10: (2, 2), 9: (2, 2)}
t_type about to use: 1
h_type: 2
shift dict: {0: 0, 1: 188, 2: 746}
count dict: Counter({2: 940, 1: 558, 0: 188})
Generated 882 negative samples for edge type 6
Epoch 00017, Step00000 | Train_Loss: 0.5718 | Time: 0.0208
Epoch 00017 | Val_Loss 0.8992 | Time(s) 0.0080
EarlyStopping counter: 14 out of 40
Getting training negative samples for edge types: [6]
nodes.shift keys: [0, 1, 2]
nodes.count keys: [0, 1, 2]
links.meta: {5: (2, 2), 6: (2, 1), 7: (1, 1), 2: (2, 2), 8: (2, 2), 0: (1, 1), 3: (1, 0), 4: (1, 1), 1: (2, 2), 10: (2, 2), 9: (2, 2)}
t_type about to use: 1
h_type: 2
shift dict: {0: 0, 1: 188, 2: 746}
count dict: Counter({2: 940, 1: 558, 0: 188})
Generated 882 negative samples for edge type 6
Epoch 00018, Step00000 | Train_Loss: 0.5448 | Time: 0.0200
Epoch 00018 | Val_Loss 0.9444 | Time(s) 0.0081
EarlyStopping counter: 15 out of 40
Getting training negative samples for edge types: [6]
nodes.shift keys: [0, 1, 2]
nodes.count keys: [0, 1, 2]
links.meta: {5: (2, 2), 6: (2, 1), 7: (1, 1), 2: (2, 2), 8: (2, 2), 0: (1, 1), 3: (1, 0), 4: (1, 1), 1: (2, 2), 10: (2, 2), 9: (2, 2)}
t_type about to use: 1
h_type: 2
shift dict: {0: 0, 1: 188, 2: 746}
count dict: Counter({2: 940, 1: 558, 0: 188})
Generated 882 negative samples for edge type 6
Epoch 00019, Step00000 | Train_Loss: 0.5616 | Time: 0.0211
Epoch 00019 | Val_Loss 0.9901 | Time(s) 0.0084
EarlyStopping counter: 16 out of 40
Getting training negative samples for edge types: [6]
nodes.shift keys: [0, 1, 2]
nodes.count keys: [0, 1, 2]
links.meta: {5: (2, 2), 6: (2, 1), 7: (1, 1), 2: (2, 2), 8: (2, 2), 0: (1, 1), 3: (1, 0), 4: (1, 1), 1: (2, 2), 10: (2, 2), 9: (2, 2)}
t_type about to use: 1
h_type: 2
shift dict: {0: 0, 1: 188, 2: 746}
count dict: Counter({2: 940, 1: 558, 0: 188})
Generated 882 negative samples for edge type 6
Epoch 00020, Step00000 | Train_Loss: 0.5546 | Time: 0.0213
Epoch 00020 | Val_Loss 1.0392 | Time(s) 0.0083
EarlyStopping counter: 17 out of 40
Getting training negative samples for edge types: [6]
nodes.shift keys: [0, 1, 2]
nodes.count keys: [0, 1, 2]
links.meta: {5: (2, 2), 6: (2, 1), 7: (1, 1), 2: (2, 2), 8: (2, 2), 0: (1, 1), 3: (1, 0), 4: (1, 1), 1: (2, 2), 10: (2, 2), 9: (2, 2)}
t_type about to use: 1
h_type: 2
shift dict: {0: 0, 1: 188, 2: 746}
count dict: Counter({2: 940, 1: 558, 0: 188})
Generated 882 negative samples for edge type 6
Epoch 00021, Step00000 | Train_Loss: 0.5580 | Time: 0.0206
Epoch 00021 | Val_Loss 1.0116 | Time(s) 0.0083
EarlyStopping counter: 18 out of 40
Getting training negative samples for edge types: [6]
nodes.shift keys: [0, 1, 2]
nodes.count keys: [0, 1, 2]
links.meta: {5: (2, 2), 6: (2, 1), 7: (1, 1), 2: (2, 2), 8: (2, 2), 0: (1, 1), 3: (1, 0), 4: (1, 1), 1: (2, 2), 10: (2, 2), 9: (2, 2)}
t_type about to use: 1
h_type: 2
shift dict: {0: 0, 1: 188, 2: 746}
count dict: Counter({2: 940, 1: 558, 0: 188})
Generated 882 negative samples for edge type 6
Epoch 00022, Step00000 | Train_Loss: 0.5513 | Time: 0.0196
Epoch 00022 | Val_Loss 1.0197 | Time(s) 0.0085
EarlyStopping counter: 19 out of 40
Getting training negative samples for edge types: [6]
nodes.shift keys: [0, 1, 2]
nodes.count keys: [0, 1, 2]
links.meta: {5: (2, 2), 6: (2, 1), 7: (1, 1), 2: (2, 2), 8: (2, 2), 0: (1, 1), 3: (1, 0), 4: (1, 1), 1: (2, 2), 10: (2, 2), 9: (2, 2)}
t_type about to use: 1
h_type: 2
shift dict: {0: 0, 1: 188, 2: 746}
count dict: Counter({2: 940, 1: 558, 0: 188})
Generated 882 negative samples for edge type 6
Epoch 00023, Step00000 | Train_Loss: 0.5506 | Time: 0.0199
Epoch 00023 | Val_Loss 1.0374 | Time(s) 0.0085
EarlyStopping counter: 20 out of 40
Getting training negative samples for edge types: [6]
nodes.shift keys: [0, 1, 2]
nodes.count keys: [0, 1, 2]
links.meta: {5: (2, 2), 6: (2, 1), 7: (1, 1), 2: (2, 2), 8: (2, 2), 0: (1, 1), 3: (1, 0), 4: (1, 1), 1: (2, 2), 10: (2, 2), 9: (2, 2)}
t_type about to use: 1
h_type: 2
shift dict: {0: 0, 1: 188, 2: 746}
count dict: Counter({2: 940, 1: 558, 0: 188})
Generated 882 negative samples for edge type 6
Epoch 00024, Step00000 | Train_Loss: 0.5587 | Time: 0.0199
Epoch 00024 | Val_Loss 0.9688 | Time(s) 0.0088
EarlyStopping counter: 21 out of 40
Getting training negative samples for edge types: [6]
nodes.shift keys: [0, 1, 2]
nodes.count keys: [0, 1, 2]
links.meta: {5: (2, 2), 6: (2, 1), 7: (1, 1), 2: (2, 2), 8: (2, 2), 0: (1, 1), 3: (1, 0), 4: (1, 1), 1: (2, 2), 10: (2, 2), 9: (2, 2)}
t_type about to use: 1
h_type: 2
shift dict: {0: 0, 1: 188, 2: 746}
count dict: Counter({2: 940, 1: 558, 0: 188})
Generated 882 negative samples for edge type 6
Epoch 00025, Step00000 | Train_Loss: 0.5562 | Time: 0.0203
Epoch 00025 | Val_Loss 0.9787 | Time(s) 0.0086
EarlyStopping counter: 22 out of 40
Getting training negative samples for edge types: [6]
nodes.shift keys: [0, 1, 2]
nodes.count keys: [0, 1, 2]
links.meta: {5: (2, 2), 6: (2, 1), 7: (1, 1), 2: (2, 2), 8: (2, 2), 0: (1, 1), 3: (1, 0), 4: (1, 1), 1: (2, 2), 10: (2, 2), 9: (2, 2)}
t_type about to use: 1
h_type: 2
shift dict: {0: 0, 1: 188, 2: 746}
count dict: Counter({2: 940, 1: 558, 0: 188})
Generated 882 negative samples for edge type 6
Epoch 00026, Step00000 | Train_Loss: 0.5609 | Time: 0.0201
Epoch 00026 | Val_Loss 1.0109 | Time(s) 0.0087
EarlyStopping counter: 23 out of 40
Getting training negative samples for edge types: [6]
nodes.shift keys: [0, 1, 2]
nodes.count keys: [0, 1, 2]
links.meta: {5: (2, 2), 6: (2, 1), 7: (1, 1), 2: (2, 2), 8: (2, 2), 0: (1, 1), 3: (1, 0), 4: (1, 1), 1: (2, 2), 10: (2, 2), 9: (2, 2)}
t_type about to use: 1
h_type: 2
shift dict: {0: 0, 1: 188, 2: 746}
count dict: Counter({2: 940, 1: 558, 0: 188})
Generated 882 negative samples for edge type 6
Epoch 00027, Step00000 | Train_Loss: 0.5512 | Time: 0.0215
Epoch 00027 | Val_Loss 0.9637 | Time(s) 0.0093
EarlyStopping counter: 24 out of 40
Getting training negative samples for edge types: [6]
nodes.shift keys: [0, 1, 2]
nodes.count keys: [0, 1, 2]
links.meta: {5: (2, 2), 6: (2, 1), 7: (1, 1), 2: (2, 2), 8: (2, 2), 0: (1, 1), 3: (1, 0), 4: (1, 1), 1: (2, 2), 10: (2, 2), 9: (2, 2)}
t_type about to use: 1
h_type: 2
shift dict: {0: 0, 1: 188, 2: 746}
count dict: Counter({2: 940, 1: 558, 0: 188})
Generated 882 negative samples for edge type 6
Epoch 00028, Step00000 | Train_Loss: 0.5678 | Time: 0.0201
Epoch 00028 | Val_Loss 0.9658 | Time(s) 0.0081
EarlyStopping counter: 25 out of 40
Getting training negative samples for edge types: [6]
nodes.shift keys: [0, 1, 2]
nodes.count keys: [0, 1, 2]
links.meta: {5: (2, 2), 6: (2, 1), 7: (1, 1), 2: (2, 2), 8: (2, 2), 0: (1, 1), 3: (1, 0), 4: (1, 1), 1: (2, 2), 10: (2, 2), 9: (2, 2)}
t_type about to use: 1
h_type: 2
shift dict: {0: 0, 1: 188, 2: 746}
count dict: Counter({2: 940, 1: 558, 0: 188})
Generated 882 negative samples for edge type 6
Epoch 00029, Step00000 | Train_Loss: 0.5510 | Time: 0.0210
Epoch 00029 | Val_Loss 0.9996 | Time(s) 0.0086
EarlyStopping counter: 26 out of 40
Getting training negative samples for edge types: [6]
nodes.shift keys: [0, 1, 2]
nodes.count keys: [0, 1, 2]
links.meta: {5: (2, 2), 6: (2, 1), 7: (1, 1), 2: (2, 2), 8: (2, 2), 0: (1, 1), 3: (1, 0), 4: (1, 1), 1: (2, 2), 10: (2, 2), 9: (2, 2)}
t_type about to use: 1
h_type: 2
shift dict: {0: 0, 1: 188, 2: 746}
count dict: Counter({2: 940, 1: 558, 0: 188})
Generated 882 negative samples for edge type 6
Epoch 00030, Step00000 | Train_Loss: 0.5485 | Time: 0.0199
Epoch 00030 | Val_Loss 0.9964 | Time(s) 0.0083
EarlyStopping counter: 27 out of 40
Getting training negative samples for edge types: [6]
nodes.shift keys: [0, 1, 2]
nodes.count keys: [0, 1, 2]
links.meta: {5: (2, 2), 6: (2, 1), 7: (1, 1), 2: (2, 2), 8: (2, 2), 0: (1, 1), 3: (1, 0), 4: (1, 1), 1: (2, 2), 10: (2, 2), 9: (2, 2)}
t_type about to use: 1
h_type: 2
shift dict: {0: 0, 1: 188, 2: 746}
count dict: Counter({2: 940, 1: 558, 0: 188})
Generated 882 negative samples for edge type 6
Epoch 00031, Step00000 | Train_Loss: 0.5566 | Time: 0.0198
Epoch 00031 | Val_Loss 0.9812 | Time(s) 0.0085
EarlyStopping counter: 28 out of 40
Getting training negative samples for edge types: [6]
nodes.shift keys: [0, 1, 2]
nodes.count keys: [0, 1, 2]
links.meta: {5: (2, 2), 6: (2, 1), 7: (1, 1), 2: (2, 2), 8: (2, 2), 0: (1, 1), 3: (1, 0), 4: (1, 1), 1: (2, 2), 10: (2, 2), 9: (2, 2)}
t_type about to use: 1
h_type: 2
shift dict: {0: 0, 1: 188, 2: 746}
count dict: Counter({2: 940, 1: 558, 0: 188})
Generated 882 negative samples for edge type 6
Epoch 00032, Step00000 | Train_Loss: 0.5478 | Time: 0.0205
Epoch 00032 | Val_Loss 0.9682 | Time(s) 0.0089
EarlyStopping counter: 29 out of 40
Getting training negative samples for edge types: [6]
nodes.shift keys: [0, 1, 2]
nodes.count keys: [0, 1, 2]
links.meta: {5: (2, 2), 6: (2, 1), 7: (1, 1), 2: (2, 2), 8: (2, 2), 0: (1, 1), 3: (1, 0), 4: (1, 1), 1: (2, 2), 10: (2, 2), 9: (2, 2)}
t_type about to use: 1
h_type: 2
shift dict: {0: 0, 1: 188, 2: 746}
count dict: Counter({2: 940, 1: 558, 0: 188})
Generated 882 negative samples for edge type 6
Epoch 00033, Step00000 | Train_Loss: 0.5391 | Time: 0.0196
Epoch 00033 | Val_Loss 1.0999 | Time(s) 0.0086
EarlyStopping counter: 30 out of 40
Getting training negative samples for edge types: [6]
nodes.shift keys: [0, 1, 2]
nodes.count keys: [0, 1, 2]
links.meta: {5: (2, 2), 6: (2, 1), 7: (1, 1), 2: (2, 2), 8: (2, 2), 0: (1, 1), 3: (1, 0), 4: (1, 1), 1: (2, 2), 10: (2, 2), 9: (2, 2)}
t_type about to use: 1
h_type: 2
shift dict: {0: 0, 1: 188, 2: 746}
count dict: Counter({2: 940, 1: 558, 0: 188})
Generated 882 negative samples for edge type 6
Epoch 00034, Step00000 | Train_Loss: 0.5543 | Time: 0.0196
Epoch 00034 | Val_Loss 1.0707 | Time(s) 0.0082
EarlyStopping counter: 31 out of 40
Getting training negative samples for edge types: [6]
nodes.shift keys: [0, 1, 2]
nodes.count keys: [0, 1, 2]
links.meta: {5: (2, 2), 6: (2, 1), 7: (1, 1), 2: (2, 2), 8: (2, 2), 0: (1, 1), 3: (1, 0), 4: (1, 1), 1: (2, 2), 10: (2, 2), 9: (2, 2)}
t_type about to use: 1
h_type: 2
shift dict: {0: 0, 1: 188, 2: 746}
count dict: Counter({2: 940, 1: 558, 0: 188})
Generated 882 negative samples for edge type 6
Epoch 00035, Step00000 | Train_Loss: 0.5437 | Time: 0.0211
Epoch 00035 | Val_Loss 1.0383 | Time(s) 0.0086
EarlyStopping counter: 32 out of 40
Getting training negative samples for edge types: [6]
nodes.shift keys: [0, 1, 2]
nodes.count keys: [0, 1, 2]
links.meta: {5: (2, 2), 6: (2, 1), 7: (1, 1), 2: (2, 2), 8: (2, 2), 0: (1, 1), 3: (1, 0), 4: (1, 1), 1: (2, 2), 10: (2, 2), 9: (2, 2)}
t_type about to use: 1
h_type: 2
shift dict: {0: 0, 1: 188, 2: 746}
count dict: Counter({2: 940, 1: 558, 0: 188})
Generated 882 negative samples for edge type 6
Epoch 00036, Step00000 | Train_Loss: 0.5346 | Time: 0.0209
Epoch 00036 | Val_Loss 0.9946 | Time(s) 0.0081
EarlyStopping counter: 33 out of 40
Getting training negative samples for edge types: [6]
nodes.shift keys: [0, 1, 2]
nodes.count keys: [0, 1, 2]
links.meta: {5: (2, 2), 6: (2, 1), 7: (1, 1), 2: (2, 2), 8: (2, 2), 0: (1, 1), 3: (1, 0), 4: (1, 1), 1: (2, 2), 10: (2, 2), 9: (2, 2)}
t_type about to use: 1
h_type: 2
shift dict: {0: 0, 1: 188, 2: 746}
count dict: Counter({2: 940, 1: 558, 0: 188})
Generated 882 negative samples for edge type 6
Epoch 00037, Step00000 | Train_Loss: 0.5432 | Time: 0.0197
Epoch 00037 | Val_Loss 1.0544 | Time(s) 0.0083
EarlyStopping counter: 34 out of 40
Getting training negative samples for edge types: [6]
nodes.shift keys: [0, 1, 2]
nodes.count keys: [0, 1, 2]
links.meta: {5: (2, 2), 6: (2, 1), 7: (1, 1), 2: (2, 2), 8: (2, 2), 0: (1, 1), 3: (1, 0), 4: (1, 1), 1: (2, 2), 10: (2, 2), 9: (2, 2)}
t_type about to use: 1
h_type: 2
shift dict: {0: 0, 1: 188, 2: 746}
count dict: Counter({2: 940, 1: 558, 0: 188})
Generated 882 negative samples for edge type 6
Epoch 00038, Step00000 | Train_Loss: 0.5338 | Time: 0.0198
Epoch 00038 | Val_Loss 1.0461 | Time(s) 0.0086
EarlyStopping counter: 35 out of 40
Getting training negative samples for edge types: [6]
nodes.shift keys: [0, 1, 2]
nodes.count keys: [0, 1, 2]
links.meta: {5: (2, 2), 6: (2, 1), 7: (1, 1), 2: (2, 2), 8: (2, 2), 0: (1, 1), 3: (1, 0), 4: (1, 1), 1: (2, 2), 10: (2, 2), 9: (2, 2)}
t_type about to use: 1
h_type: 2
shift dict: {0: 0, 1: 188, 2: 746}
count dict: Counter({2: 940, 1: 558, 0: 188})
Generated 882 negative samples for edge type 6
Epoch 00039, Step00000 | Train_Loss: 0.5385 | Time: 0.0213
Epoch 00039 | Val_Loss 1.0055 | Time(s) 0.0084
EarlyStopping counter: 36 out of 40
Getting training negative samples for edge types: [6]
nodes.shift keys: [0, 1, 2]
nodes.count keys: [0, 1, 2]
links.meta: {5: (2, 2), 6: (2, 1), 7: (1, 1), 2: (2, 2), 8: (2, 2), 0: (1, 1), 3: (1, 0), 4: (1, 1), 1: (2, 2), 10: (2, 2), 9: (2, 2)}
t_type about to use: 1
h_type: 2
shift dict: {0: 0, 1: 188, 2: 746}
count dict: Counter({2: 940, 1: 558, 0: 188})
Generated 882 negative samples for edge type 6
Epoch 00040, Step00000 | Train_Loss: 0.5488 | Time: 0.0197
Epoch 00040 | Val_Loss 1.0516 | Time(s) 0.0085
EarlyStopping counter: 37 out of 40
Getting training negative samples for edge types: [6]
nodes.shift keys: [0, 1, 2]
nodes.count keys: [0, 1, 2]
links.meta: {5: (2, 2), 6: (2, 1), 7: (1, 1), 2: (2, 2), 8: (2, 2), 0: (1, 1), 3: (1, 0), 4: (1, 1), 1: (2, 2), 10: (2, 2), 9: (2, 2)}
t_type about to use: 1
h_type: 2
shift dict: {0: 0, 1: 188, 2: 746}
count dict: Counter({2: 940, 1: 558, 0: 188})
Generated 882 negative samples for edge type 6
Epoch 00041, Step00000 | Train_Loss: 0.5221 | Time: 0.0198
Epoch 00041 | Val_Loss 1.0243 | Time(s) 0.0093
EarlyStopping counter: 38 out of 40
Getting training negative samples for edge types: [6]
nodes.shift keys: [0, 1, 2]
nodes.count keys: [0, 1, 2]
links.meta: {5: (2, 2), 6: (2, 1), 7: (1, 1), 2: (2, 2), 8: (2, 2), 0: (1, 1), 3: (1, 0), 4: (1, 1), 1: (2, 2), 10: (2, 2), 9: (2, 2)}
t_type about to use: 1
h_type: 2
shift dict: {0: 0, 1: 188, 2: 746}
count dict: Counter({2: 940, 1: 558, 0: 188})
Generated 882 negative samples for edge type 6
Epoch 00042, Step00000 | Train_Loss: 0.5284 | Time: 0.0203
Epoch 00042 | Val_Loss 1.0395 | Time(s) 0.0083
EarlyStopping counter: 39 out of 40
Getting training negative samples for edge types: [6]
nodes.shift keys: [0, 1, 2]
nodes.count keys: [0, 1, 2]
links.meta: {5: (2, 2), 6: (2, 1), 7: (1, 1), 2: (2, 2), 8: (2, 2), 0: (1, 1), 3: (1, 0), 4: (1, 1), 1: (2, 2), 10: (2, 2), 9: (2, 2)}
t_type about to use: 1
h_type: 2
shift dict: {0: 0, 1: 188, 2: 746}
count dict: Counter({2: 940, 1: 558, 0: 188})
Generated 882 negative samples for edge type 6
Epoch 00043, Step00000 | Train_Loss: 0.5312 | Time: 0.0201
Epoch 00043 | Val_Loss 1.0717 | Time(s) 0.0085
EarlyStopping counter: 40 out of 40
Early stopping!
Early stopping!
Meta keys: dict_keys([6])
Data keys: dict_keys([6])
Edge type: 6, Meta: (2, 1)
{'roc_auc': 0.5312336110949245, 'MRR': 0.7657777777777778}
{'roc_auc': 0.6538080531437562, 'MRR': 0.7966666666666666}
defaultdict(<class 'float'>, {'roc_auc': 0.5312336110949245, 'MRR': 0.7657777777777778})
defaultdict(<class 'float'>, {'roc_auc': 0.6538080531437562, 'MRR': 0.7966666666666666})
Completed: amazon_style_cct_features_securebert_fold_3

--------------------------------------
Running model: SimpleHGN
Dataset: amazon_style_cct_features_securebert_fold_4
--------------------------------------
Data path: ../../data/amazon_style_cct_features_securebert_fold_4
Loading nodes from ../../data/amazon_style_cct_features_securebert_fold_4/node.dat
edge types: dict_keys([5, 6, 7, 2, 8, 0, 3, 4, 1, 10, 9])
Getting training negative samples for edge types: [6]
nodes.shift keys: [0, 1, 2]
nodes.count keys: [0, 1, 2]
links.meta: {5: (2, 2), 6: (2, 1), 7: (1, 1), 2: (2, 2), 8: (2, 2), 0: (1, 1), 3: (1, 0), 4: (1, 1), 1: (2, 2), 10: (2, 2), 9: (2, 2)}
t_type about to use: 1
h_type: 2
shift dict: {0: 0, 1: 188, 2: 746}
count dict: Counter({2: 940, 1: 558, 0: 188})
Generated 899 negative samples for edge type 6
Features List: [array([[ 0.00445206,  0.01268557,  0.22351578, ..., -0.28678206,
        -0.37460288,  0.18294938],
       [-0.18744846,  0.07075578,  0.0476894 , ..., -0.2232531 ,
        -0.19588573,  0.47988179],
       [-0.17451471, -0.04557271,  0.15712288, ..., -0.05391889,
        -0.20500693,  0.23744845],
       ...,
       [-0.40584856,  0.04715464,  0.24475315, ..., -0.12466257,
        -0.2035536 ,  0.28577447],
       [-0.18835557,  0.03822717,  0.03586731, ..., -0.23435652,
        -0.35453227,  0.38753107],
       [-0.13632202,  0.14362322,  0.08668749, ..., -0.24145249,
        -0.25799868,  0.26464131]]), array([[ 0.00791158, -0.00538086, -0.02676104, ..., -0.01897389,
        -0.01306979, -0.00084801],
       [ 0.01682901, -0.00649696, -0.01921631, ..., -0.01401017,
        -0.0039668 , -0.02202195],
       [ 0.02197852, -0.01403735, -0.05225722, ...,  0.02019661,
         0.00528841,  0.0033033 ],
       ...,
       [ 0.01603197,  0.00716993, -0.01245602, ..., -0.01399604,
        -0.00058955, -0.0256807 ],
       [ 0.01039577,  0.02045547, -0.02146293, ...,  0.01017929,
         0.02390171,  0.00134994],
       [ 0.00462414,  0.0041195 , -0.0135733 , ..., -0.01101827,
         0.00813001,  0.0203817 ]]), array([[ 0.00087804,  0.00658507, -0.02514569, ..., -0.04238372,
         0.00850771, -0.02565438],
       [-0.0006986 ,  0.01542003, -0.03227317, ..., -0.01301633,
         0.01559736, -0.03614859],
       [-0.01135348,  0.00974955, -0.01812623, ..., -0.01920343,
         0.00887381, -0.0152928 ],
       ...,
       [ 0.00701895, -0.01539859, -0.03025482, ..., -0.03644368,
         0.01254067, -0.0236606 ],
       [-0.00414097,  0.00144739, -0.05197839, ...,  0.00216818,
         0.02755725, -0.03143983],
       [ 0.01779867, -0.02493452, -0.0391779 , ..., -0.01159797,
        -0.00619852, -0.02449675]])]
Getting training negative samples for edge types: [6]
nodes.shift keys: [0, 1, 2]
nodes.count keys: [0, 1, 2]
links.meta: {5: (2, 2), 6: (2, 1), 7: (1, 1), 2: (2, 2), 8: (2, 2), 0: (1, 1), 3: (1, 0), 4: (1, 1), 1: (2, 2), 10: (2, 2), 9: (2, 2)}
t_type about to use: 1
h_type: 2
shift dict: {0: 0, 1: 188, 2: 746}
count dict: Counter({2: 940, 1: 558, 0: 188})
Generated 899 negative samples for edge type 6
Epoch 00000, Step00000 | Train_Loss: 0.6933 | Time: 0.5538
Epoch 00000 | Val_Loss 0.6840 | Time(s) 0.0071
Validation loss decreased (inf --> 0.684024).  Saving model ...
Getting training negative samples for edge types: [6]
nodes.shift keys: [0, 1, 2]
nodes.count keys: [0, 1, 2]
links.meta: {5: (2, 2), 6: (2, 1), 7: (1, 1), 2: (2, 2), 8: (2, 2), 0: (1, 1), 3: (1, 0), 4: (1, 1), 1: (2, 2), 10: (2, 2), 9: (2, 2)}
t_type about to use: 1
h_type: 2
shift dict: {0: 0, 1: 188, 2: 746}
count dict: Counter({2: 940, 1: 558, 0: 188})
Generated 899 negative samples for edge type 6
Epoch 00001, Step00000 | Train_Loss: 0.6853 | Time: 0.0241
Epoch 00001 | Val_Loss 0.6888 | Time(s) 0.0087
EarlyStopping counter: 1 out of 40
Getting training negative samples for edge types: [6]
nodes.shift keys: [0, 1, 2]
nodes.count keys: [0, 1, 2]
links.meta: {5: (2, 2), 6: (2, 1), 7: (1, 1), 2: (2, 2), 8: (2, 2), 0: (1, 1), 3: (1, 0), 4: (1, 1), 1: (2, 2), 10: (2, 2), 9: (2, 2)}
t_type about to use: 1
h_type: 2
shift dict: {0: 0, 1: 188, 2: 746}
count dict: Counter({2: 940, 1: 558, 0: 188})
Generated 899 negative samples for edge type 6
Epoch 00002, Step00000 | Train_Loss: 0.6718 | Time: 0.0198
Epoch 00002 | Val_Loss 0.6812 | Time(s) 0.0080
Validation loss decreased (0.684024 --> 0.681196).  Saving model ...
Getting training negative samples for edge types: [6]
nodes.shift keys: [0, 1, 2]
nodes.count keys: [0, 1, 2]
links.meta: {5: (2, 2), 6: (2, 1), 7: (1, 1), 2: (2, 2), 8: (2, 2), 0: (1, 1), 3: (1, 0), 4: (1, 1), 1: (2, 2), 10: (2, 2), 9: (2, 2)}
t_type about to use: 1
h_type: 2
shift dict: {0: 0, 1: 188, 2: 746}
count dict: Counter({2: 940, 1: 558, 0: 188})
Generated 899 negative samples for edge type 6
Epoch 00003, Step00000 | Train_Loss: 0.6633 | Time: 0.0246
Epoch 00003 | Val_Loss 0.6820 | Time(s) 0.0102
EarlyStopping counter: 1 out of 40
Getting training negative samples for edge types: [6]
nodes.shift keys: [0, 1, 2]
nodes.count keys: [0, 1, 2]
links.meta: {5: (2, 2), 6: (2, 1), 7: (1, 1), 2: (2, 2), 8: (2, 2), 0: (1, 1), 3: (1, 0), 4: (1, 1), 1: (2, 2), 10: (2, 2), 9: (2, 2)}
t_type about to use: 1
h_type: 2
shift dict: {0: 0, 1: 188, 2: 746}
count dict: Counter({2: 940, 1: 558, 0: 188})
Generated 899 negative samples for edge type 6
Epoch 00004, Step00000 | Train_Loss: 0.6555 | Time: 0.0243
Epoch 00004 | Val_Loss 0.6813 | Time(s) 0.0081
EarlyStopping counter: 2 out of 40
Getting training negative samples for edge types: [6]
nodes.shift keys: [0, 1, 2]
nodes.count keys: [0, 1, 2]
links.meta: {5: (2, 2), 6: (2, 1), 7: (1, 1), 2: (2, 2), 8: (2, 2), 0: (1, 1), 3: (1, 0), 4: (1, 1), 1: (2, 2), 10: (2, 2), 9: (2, 2)}
t_type about to use: 1
h_type: 2
shift dict: {0: 0, 1: 188, 2: 746}
count dict: Counter({2: 940, 1: 558, 0: 188})
Generated 899 negative samples for edge type 6
Epoch 00005, Step00000 | Train_Loss: 0.6369 | Time: 0.0202
Epoch 00005 | Val_Loss 0.7147 | Time(s) 0.0082
EarlyStopping counter: 3 out of 40
Getting training negative samples for edge types: [6]
nodes.shift keys: [0, 1, 2]
nodes.count keys: [0, 1, 2]
links.meta: {5: (2, 2), 6: (2, 1), 7: (1, 1), 2: (2, 2), 8: (2, 2), 0: (1, 1), 3: (1, 0), 4: (1, 1), 1: (2, 2), 10: (2, 2), 9: (2, 2)}
t_type about to use: 1
h_type: 2
shift dict: {0: 0, 1: 188, 2: 746}
count dict: Counter({2: 940, 1: 558, 0: 188})
Generated 899 negative samples for edge type 6
Epoch 00006, Step00000 | Train_Loss: 0.6283 | Time: 0.0197
Epoch 00006 | Val_Loss 0.7026 | Time(s) 0.0085
EarlyStopping counter: 4 out of 40
Getting training negative samples for edge types: [6]
nodes.shift keys: [0, 1, 2]
nodes.count keys: [0, 1, 2]
links.meta: {5: (2, 2), 6: (2, 1), 7: (1, 1), 2: (2, 2), 8: (2, 2), 0: (1, 1), 3: (1, 0), 4: (1, 1), 1: (2, 2), 10: (2, 2), 9: (2, 2)}
t_type about to use: 1
h_type: 2
shift dict: {0: 0, 1: 188, 2: 746}
count dict: Counter({2: 940, 1: 558, 0: 188})
Generated 899 negative samples for edge type 6
Epoch 00007, Step00000 | Train_Loss: 0.6221 | Time: 0.0204
Epoch 00007 | Val_Loss 0.7697 | Time(s) 0.0084
EarlyStopping counter: 5 out of 40
Getting training negative samples for edge types: [6]
nodes.shift keys: [0, 1, 2]
nodes.count keys: [0, 1, 2]
links.meta: {5: (2, 2), 6: (2, 1), 7: (1, 1), 2: (2, 2), 8: (2, 2), 0: (1, 1), 3: (1, 0), 4: (1, 1), 1: (2, 2), 10: (2, 2), 9: (2, 2)}
t_type about to use: 1
h_type: 2
shift dict: {0: 0, 1: 188, 2: 746}
count dict: Counter({2: 940, 1: 558, 0: 188})
Generated 899 negative samples for edge type 6
Epoch 00008, Step00000 | Train_Loss: 0.5948 | Time: 0.0203
Epoch 00008 | Val_Loss 0.7688 | Time(s) 0.0086
EarlyStopping counter: 6 out of 40
Getting training negative samples for edge types: [6]
nodes.shift keys: [0, 1, 2]
nodes.count keys: [0, 1, 2]
links.meta: {5: (2, 2), 6: (2, 1), 7: (1, 1), 2: (2, 2), 8: (2, 2), 0: (1, 1), 3: (1, 0), 4: (1, 1), 1: (2, 2), 10: (2, 2), 9: (2, 2)}
t_type about to use: 1
h_type: 2
shift dict: {0: 0, 1: 188, 2: 746}
count dict: Counter({2: 940, 1: 558, 0: 188})
Generated 899 negative samples for edge type 6
Epoch 00009, Step00000 | Train_Loss: 0.5930 | Time: 0.0202
Epoch 00009 | Val_Loss 0.7385 | Time(s) 0.0088
EarlyStopping counter: 7 out of 40
Getting training negative samples for edge types: [6]
nodes.shift keys: [0, 1, 2]
nodes.count keys: [0, 1, 2]
links.meta: {5: (2, 2), 6: (2, 1), 7: (1, 1), 2: (2, 2), 8: (2, 2), 0: (1, 1), 3: (1, 0), 4: (1, 1), 1: (2, 2), 10: (2, 2), 9: (2, 2)}
t_type about to use: 1
h_type: 2
shift dict: {0: 0, 1: 188, 2: 746}
count dict: Counter({2: 940, 1: 558, 0: 188})
Generated 899 negative samples for edge type 6
Epoch 00010, Step00000 | Train_Loss: 0.5922 | Time: 0.0203
Epoch 00010 | Val_Loss 0.8759 | Time(s) 0.0085
EarlyStopping counter: 8 out of 40
Getting training negative samples for edge types: [6]
nodes.shift keys: [0, 1, 2]
nodes.count keys: [0, 1, 2]
links.meta: {5: (2, 2), 6: (2, 1), 7: (1, 1), 2: (2, 2), 8: (2, 2), 0: (1, 1), 3: (1, 0), 4: (1, 1), 1: (2, 2), 10: (2, 2), 9: (2, 2)}
t_type about to use: 1
h_type: 2
shift dict: {0: 0, 1: 188, 2: 746}
count dict: Counter({2: 940, 1: 558, 0: 188})
Generated 899 negative samples for edge type 6
Epoch 00011, Step00000 | Train_Loss: 0.5807 | Time: 0.0204
Epoch 00011 | Val_Loss 0.8197 | Time(s) 0.0086
EarlyStopping counter: 9 out of 40
Getting training negative samples for edge types: [6]
nodes.shift keys: [0, 1, 2]
nodes.count keys: [0, 1, 2]
links.meta: {5: (2, 2), 6: (2, 1), 7: (1, 1), 2: (2, 2), 8: (2, 2), 0: (1, 1), 3: (1, 0), 4: (1, 1), 1: (2, 2), 10: (2, 2), 9: (2, 2)}
t_type about to use: 1
h_type: 2
shift dict: {0: 0, 1: 188, 2: 746}
count dict: Counter({2: 940, 1: 558, 0: 188})
Generated 899 negative samples for edge type 6
Epoch 00012, Step00000 | Train_Loss: 0.5604 | Time: 0.0199
Epoch 00012 | Val_Loss 0.9127 | Time(s) 0.0088
EarlyStopping counter: 10 out of 40
Getting training negative samples for edge types: [6]
nodes.shift keys: [0, 1, 2]
nodes.count keys: [0, 1, 2]
links.meta: {5: (2, 2), 6: (2, 1), 7: (1, 1), 2: (2, 2), 8: (2, 2), 0: (1, 1), 3: (1, 0), 4: (1, 1), 1: (2, 2), 10: (2, 2), 9: (2, 2)}
t_type about to use: 1
h_type: 2
shift dict: {0: 0, 1: 188, 2: 746}
count dict: Counter({2: 940, 1: 558, 0: 188})
Generated 899 negative samples for edge type 6
Epoch 00013, Step00000 | Train_Loss: 0.5495 | Time: 0.0200
Epoch 00013 | Val_Loss 0.9805 | Time(s) 0.0085
EarlyStopping counter: 11 out of 40
Getting training negative samples for edge types: [6]
nodes.shift keys: [0, 1, 2]
nodes.count keys: [0, 1, 2]
links.meta: {5: (2, 2), 6: (2, 1), 7: (1, 1), 2: (2, 2), 8: (2, 2), 0: (1, 1), 3: (1, 0), 4: (1, 1), 1: (2, 2), 10: (2, 2), 9: (2, 2)}
t_type about to use: 1
h_type: 2
shift dict: {0: 0, 1: 188, 2: 746}
count dict: Counter({2: 940, 1: 558, 0: 188})
Generated 899 negative samples for edge type 6
Epoch 00014, Step00000 | Train_Loss: 0.5647 | Time: 0.0204
Epoch 00014 | Val_Loss 1.0410 | Time(s) 0.0087
EarlyStopping counter: 12 out of 40
Getting training negative samples for edge types: [6]
nodes.shift keys: [0, 1, 2]
nodes.count keys: [0, 1, 2]
links.meta: {5: (2, 2), 6: (2, 1), 7: (1, 1), 2: (2, 2), 8: (2, 2), 0: (1, 1), 3: (1, 0), 4: (1, 1), 1: (2, 2), 10: (2, 2), 9: (2, 2)}
t_type about to use: 1
h_type: 2
shift dict: {0: 0, 1: 188, 2: 746}
count dict: Counter({2: 940, 1: 558, 0: 188})
Generated 899 negative samples for edge type 6
Epoch 00015, Step00000 | Train_Loss: 0.5584 | Time: 0.0208
Epoch 00015 | Val_Loss 0.9392 | Time(s) 0.0084
EarlyStopping counter: 13 out of 40
Getting training negative samples for edge types: [6]
nodes.shift keys: [0, 1, 2]
nodes.count keys: [0, 1, 2]
links.meta: {5: (2, 2), 6: (2, 1), 7: (1, 1), 2: (2, 2), 8: (2, 2), 0: (1, 1), 3: (1, 0), 4: (1, 1), 1: (2, 2), 10: (2, 2), 9: (2, 2)}
t_type about to use: 1
h_type: 2
shift dict: {0: 0, 1: 188, 2: 746}
count dict: Counter({2: 940, 1: 558, 0: 188})
Generated 899 negative samples for edge type 6
Epoch 00016, Step00000 | Train_Loss: 0.5448 | Time: 0.0199
Epoch 00016 | Val_Loss 0.9764 | Time(s) 0.0086
EarlyStopping counter: 14 out of 40
Getting training negative samples for edge types: [6]
nodes.shift keys: [0, 1, 2]
nodes.count keys: [0, 1, 2]
links.meta: {5: (2, 2), 6: (2, 1), 7: (1, 1), 2: (2, 2), 8: (2, 2), 0: (1, 1), 3: (1, 0), 4: (1, 1), 1: (2, 2), 10: (2, 2), 9: (2, 2)}
t_type about to use: 1
h_type: 2
shift dict: {0: 0, 1: 188, 2: 746}
count dict: Counter({2: 940, 1: 558, 0: 188})
Generated 899 negative samples for edge type 6
Epoch 00017, Step00000 | Train_Loss: 0.5518 | Time: 0.0203
Epoch 00017 | Val_Loss 1.0454 | Time(s) 0.0084
EarlyStopping counter: 15 out of 40
Getting training negative samples for edge types: [6]
nodes.shift keys: [0, 1, 2]
nodes.count keys: [0, 1, 2]
links.meta: {5: (2, 2), 6: (2, 1), 7: (1, 1), 2: (2, 2), 8: (2, 2), 0: (1, 1), 3: (1, 0), 4: (1, 1), 1: (2, 2), 10: (2, 2), 9: (2, 2)}
t_type about to use: 1
h_type: 2
shift dict: {0: 0, 1: 188, 2: 746}
count dict: Counter({2: 940, 1: 558, 0: 188})
Generated 899 negative samples for edge type 6
Epoch 00018, Step00000 | Train_Loss: 0.5481 | Time: 0.0198
Epoch 00018 | Val_Loss 0.9475 | Time(s) 0.0084
EarlyStopping counter: 16 out of 40
Getting training negative samples for edge types: [6]
nodes.shift keys: [0, 1, 2]
nodes.count keys: [0, 1, 2]
links.meta: {5: (2, 2), 6: (2, 1), 7: (1, 1), 2: (2, 2), 8: (2, 2), 0: (1, 1), 3: (1, 0), 4: (1, 1), 1: (2, 2), 10: (2, 2), 9: (2, 2)}
t_type about to use: 1
h_type: 2
shift dict: {0: 0, 1: 188, 2: 746}
count dict: Counter({2: 940, 1: 558, 0: 188})
Generated 899 negative samples for edge type 6
Epoch 00019, Step00000 | Train_Loss: 0.5379 | Time: 0.0213
Epoch 00019 | Val_Loss 0.9041 | Time(s) 0.0083
EarlyStopping counter: 17 out of 40
Getting training negative samples for edge types: [6]
nodes.shift keys: [0, 1, 2]
nodes.count keys: [0, 1, 2]
links.meta: {5: (2, 2), 6: (2, 1), 7: (1, 1), 2: (2, 2), 8: (2, 2), 0: (1, 1), 3: (1, 0), 4: (1, 1), 1: (2, 2), 10: (2, 2), 9: (2, 2)}
t_type about to use: 1
h_type: 2
shift dict: {0: 0, 1: 188, 2: 746}
count dict: Counter({2: 940, 1: 558, 0: 188})
Generated 899 negative samples for edge type 6
Epoch 00020, Step00000 | Train_Loss: 0.5351 | Time: 0.0198
Epoch 00020 | Val_Loss 0.9704 | Time(s) 0.0084
EarlyStopping counter: 18 out of 40
Getting training negative samples for edge types: [6]
nodes.shift keys: [0, 1, 2]
nodes.count keys: [0, 1, 2]
links.meta: {5: (2, 2), 6: (2, 1), 7: (1, 1), 2: (2, 2), 8: (2, 2), 0: (1, 1), 3: (1, 0), 4: (1, 1), 1: (2, 2), 10: (2, 2), 9: (2, 2)}
t_type about to use: 1
h_type: 2
shift dict: {0: 0, 1: 188, 2: 746}
count dict: Counter({2: 940, 1: 558, 0: 188})
Generated 899 negative samples for edge type 6
Epoch 00021, Step00000 | Train_Loss: 0.5337 | Time: 0.0200
Epoch 00021 | Val_Loss 1.0156 | Time(s) 0.0086
EarlyStopping counter: 19 out of 40
Getting training negative samples for edge types: [6]
nodes.shift keys: [0, 1, 2]
nodes.count keys: [0, 1, 2]
links.meta: {5: (2, 2), 6: (2, 1), 7: (1, 1), 2: (2, 2), 8: (2, 2), 0: (1, 1), 3: (1, 0), 4: (1, 1), 1: (2, 2), 10: (2, 2), 9: (2, 2)}
t_type about to use: 1
h_type: 2
shift dict: {0: 0, 1: 188, 2: 746}
count dict: Counter({2: 940, 1: 558, 0: 188})
Generated 899 negative samples for edge type 6
Epoch 00022, Step00000 | Train_Loss: 0.5502 | Time: 0.0204
Epoch 00022 | Val_Loss 1.0162 | Time(s) 0.0094
EarlyStopping counter: 20 out of 40
Getting training negative samples for edge types: [6]
nodes.shift keys: [0, 1, 2]
nodes.count keys: [0, 1, 2]
links.meta: {5: (2, 2), 6: (2, 1), 7: (1, 1), 2: (2, 2), 8: (2, 2), 0: (1, 1), 3: (1, 0), 4: (1, 1), 1: (2, 2), 10: (2, 2), 9: (2, 2)}
t_type about to use: 1
h_type: 2
shift dict: {0: 0, 1: 188, 2: 746}
count dict: Counter({2: 940, 1: 558, 0: 188})
Generated 899 negative samples for edge type 6
Epoch 00023, Step00000 | Train_Loss: 0.5367 | Time: 0.0203
Epoch 00023 | Val_Loss 1.0846 | Time(s) 0.0083
EarlyStopping counter: 21 out of 40
Getting training negative samples for edge types: [6]
nodes.shift keys: [0, 1, 2]
nodes.count keys: [0, 1, 2]
links.meta: {5: (2, 2), 6: (2, 1), 7: (1, 1), 2: (2, 2), 8: (2, 2), 0: (1, 1), 3: (1, 0), 4: (1, 1), 1: (2, 2), 10: (2, 2), 9: (2, 2)}
t_type about to use: 1
h_type: 2
shift dict: {0: 0, 1: 188, 2: 746}
count dict: Counter({2: 940, 1: 558, 0: 188})
Generated 899 negative samples for edge type 6
Epoch 00024, Step00000 | Train_Loss: 0.5368 | Time: 0.0203
Epoch 00024 | Val_Loss 1.0795 | Time(s) 0.0083
EarlyStopping counter: 22 out of 40
Getting training negative samples for edge types: [6]
nodes.shift keys: [0, 1, 2]
nodes.count keys: [0, 1, 2]
links.meta: {5: (2, 2), 6: (2, 1), 7: (1, 1), 2: (2, 2), 8: (2, 2), 0: (1, 1), 3: (1, 0), 4: (1, 1), 1: (2, 2), 10: (2, 2), 9: (2, 2)}
t_type about to use: 1
h_type: 2
shift dict: {0: 0, 1: 188, 2: 746}
count dict: Counter({2: 940, 1: 558, 0: 188})
Generated 899 negative samples for edge type 6
Epoch 00025, Step00000 | Train_Loss: 0.5244 | Time: 0.0200
Epoch 00025 | Val_Loss 1.0206 | Time(s) 0.0091
EarlyStopping counter: 23 out of 40
Getting training negative samples for edge types: [6]
nodes.shift keys: [0, 1, 2]
nodes.count keys: [0, 1, 2]
links.meta: {5: (2, 2), 6: (2, 1), 7: (1, 1), 2: (2, 2), 8: (2, 2), 0: (1, 1), 3: (1, 0), 4: (1, 1), 1: (2, 2), 10: (2, 2), 9: (2, 2)}
t_type about to use: 1
h_type: 2
shift dict: {0: 0, 1: 188, 2: 746}
count dict: Counter({2: 940, 1: 558, 0: 188})
Generated 899 negative samples for edge type 6
Epoch 00026, Step00000 | Train_Loss: 0.5475 | Time: 0.0211
Epoch 00026 | Val_Loss 1.0665 | Time(s) 0.0081
EarlyStopping counter: 24 out of 40
Getting training negative samples for edge types: [6]
nodes.shift keys: [0, 1, 2]
nodes.count keys: [0, 1, 2]
links.meta: {5: (2, 2), 6: (2, 1), 7: (1, 1), 2: (2, 2), 8: (2, 2), 0: (1, 1), 3: (1, 0), 4: (1, 1), 1: (2, 2), 10: (2, 2), 9: (2, 2)}
t_type about to use: 1
h_type: 2
shift dict: {0: 0, 1: 188, 2: 746}
count dict: Counter({2: 940, 1: 558, 0: 188})
Generated 899 negative samples for edge type 6
Epoch 00027, Step00000 | Train_Loss: 0.5331 | Time: 0.0200
Epoch 00027 | Val_Loss 0.9698 | Time(s) 0.0114
EarlyStopping counter: 25 out of 40
Getting training negative samples for edge types: [6]
nodes.shift keys: [0, 1, 2]
nodes.count keys: [0, 1, 2]
links.meta: {5: (2, 2), 6: (2, 1), 7: (1, 1), 2: (2, 2), 8: (2, 2), 0: (1, 1), 3: (1, 0), 4: (1, 1), 1: (2, 2), 10: (2, 2), 9: (2, 2)}
t_type about to use: 1
h_type: 2
shift dict: {0: 0, 1: 188, 2: 746}
count dict: Counter({2: 940, 1: 558, 0: 188})
Generated 899 negative samples for edge type 6
Epoch 00028, Step00000 | Train_Loss: 0.5218 | Time: 0.0211
Epoch 00028 | Val_Loss 1.1468 | Time(s) 0.0070
EarlyStopping counter: 26 out of 40
Getting training negative samples for edge types: [6]
nodes.shift keys: [0, 1, 2]
nodes.count keys: [0, 1, 2]
links.meta: {5: (2, 2), 6: (2, 1), 7: (1, 1), 2: (2, 2), 8: (2, 2), 0: (1, 1), 3: (1, 0), 4: (1, 1), 1: (2, 2), 10: (2, 2), 9: (2, 2)}
t_type about to use: 1
h_type: 2
shift dict: {0: 0, 1: 188, 2: 746}
count dict: Counter({2: 940, 1: 558, 0: 188})
Generated 899 negative samples for edge type 6
Epoch 00029, Step00000 | Train_Loss: 0.5220 | Time: 0.0194
Epoch 00029 | Val_Loss 1.0291 | Time(s) 0.0068
EarlyStopping counter: 27 out of 40
Getting training negative samples for edge types: [6]
nodes.shift keys: [0, 1, 2]
nodes.count keys: [0, 1, 2]
links.meta: {5: (2, 2), 6: (2, 1), 7: (1, 1), 2: (2, 2), 8: (2, 2), 0: (1, 1), 3: (1, 0), 4: (1, 1), 1: (2, 2), 10: (2, 2), 9: (2, 2)}
t_type about to use: 1
h_type: 2
shift dict: {0: 0, 1: 188, 2: 746}
count dict: Counter({2: 940, 1: 558, 0: 188})
Generated 899 negative samples for edge type 6
Epoch 00030, Step00000 | Train_Loss: 0.5395 | Time: 0.0197
Epoch 00030 | Val_Loss 1.1319 | Time(s) 0.0083
EarlyStopping counter: 28 out of 40
Getting training negative samples for edge types: [6]
nodes.shift keys: [0, 1, 2]
nodes.count keys: [0, 1, 2]
links.meta: {5: (2, 2), 6: (2, 1), 7: (1, 1), 2: (2, 2), 8: (2, 2), 0: (1, 1), 3: (1, 0), 4: (1, 1), 1: (2, 2), 10: (2, 2), 9: (2, 2)}
t_type about to use: 1
h_type: 2
shift dict: {0: 0, 1: 188, 2: 746}
count dict: Counter({2: 940, 1: 558, 0: 188})
Generated 899 negative samples for edge type 6
Epoch 00031, Step00000 | Train_Loss: 0.5299 | Time: 0.0210
Epoch 00031 | Val_Loss 1.0403 | Time(s) 0.0082
EarlyStopping counter: 29 out of 40
Getting training negative samples for edge types: [6]
nodes.shift keys: [0, 1, 2]
nodes.count keys: [0, 1, 2]
links.meta: {5: (2, 2), 6: (2, 1), 7: (1, 1), 2: (2, 2), 8: (2, 2), 0: (1, 1), 3: (1, 0), 4: (1, 1), 1: (2, 2), 10: (2, 2), 9: (2, 2)}
t_type about to use: 1
h_type: 2
shift dict: {0: 0, 1: 188, 2: 746}
count dict: Counter({2: 940, 1: 558, 0: 188})
Generated 899 negative samples for edge type 6
Epoch 00032, Step00000 | Train_Loss: 0.5323 | Time: 0.0204
Epoch 00032 | Val_Loss 1.0339 | Time(s) 0.0082
EarlyStopping counter: 30 out of 40
Getting training negative samples for edge types: [6]
nodes.shift keys: [0, 1, 2]
nodes.count keys: [0, 1, 2]
links.meta: {5: (2, 2), 6: (2, 1), 7: (1, 1), 2: (2, 2), 8: (2, 2), 0: (1, 1), 3: (1, 0), 4: (1, 1), 1: (2, 2), 10: (2, 2), 9: (2, 2)}
t_type about to use: 1
h_type: 2
shift dict: {0: 0, 1: 188, 2: 746}
count dict: Counter({2: 940, 1: 558, 0: 188})
Generated 899 negative samples for edge type 6
Epoch 00033, Step00000 | Train_Loss: 0.5084 | Time: 0.0209
Epoch 00033 | Val_Loss 1.0587 | Time(s) 0.0079
EarlyStopping counter: 31 out of 40
Getting training negative samples for edge types: [6]
nodes.shift keys: [0, 1, 2]
nodes.count keys: [0, 1, 2]
links.meta: {5: (2, 2), 6: (2, 1), 7: (1, 1), 2: (2, 2), 8: (2, 2), 0: (1, 1), 3: (1, 0), 4: (1, 1), 1: (2, 2), 10: (2, 2), 9: (2, 2)}
t_type about to use: 1
h_type: 2
shift dict: {0: 0, 1: 188, 2: 746}
count dict: Counter({2: 940, 1: 558, 0: 188})
Generated 899 negative samples for edge type 6
Epoch 00034, Step00000 | Train_Loss: 0.5057 | Time: 0.0213
Epoch 00034 | Val_Loss 1.0715 | Time(s) 0.0081
EarlyStopping counter: 32 out of 40
Getting training negative samples for edge types: [6]
nodes.shift keys: [0, 1, 2]
nodes.count keys: [0, 1, 2]
links.meta: {5: (2, 2), 6: (2, 1), 7: (1, 1), 2: (2, 2), 8: (2, 2), 0: (1, 1), 3: (1, 0), 4: (1, 1), 1: (2, 2), 10: (2, 2), 9: (2, 2)}
t_type about to use: 1
h_type: 2
shift dict: {0: 0, 1: 188, 2: 746}
count dict: Counter({2: 940, 1: 558, 0: 188})
Generated 899 negative samples for edge type 6
Epoch 00035, Step00000 | Train_Loss: 0.5271 | Time: 0.0198
Epoch 00035 | Val_Loss 1.1108 | Time(s) 0.0085
EarlyStopping counter: 33 out of 40
Getting training negative samples for edge types: [6]
nodes.shift keys: [0, 1, 2]
nodes.count keys: [0, 1, 2]
links.meta: {5: (2, 2), 6: (2, 1), 7: (1, 1), 2: (2, 2), 8: (2, 2), 0: (1, 1), 3: (1, 0), 4: (1, 1), 1: (2, 2), 10: (2, 2), 9: (2, 2)}
t_type about to use: 1
h_type: 2
shift dict: {0: 0, 1: 188, 2: 746}
count dict: Counter({2: 940, 1: 558, 0: 188})
Generated 899 negative samples for edge type 6
Epoch 00036, Step00000 | Train_Loss: 0.5205 | Time: 0.0212
Epoch 00036 | Val_Loss 1.0778 | Time(s) 0.0082
EarlyStopping counter: 34 out of 40
Getting training negative samples for edge types: [6]
nodes.shift keys: [0, 1, 2]
nodes.count keys: [0, 1, 2]
links.meta: {5: (2, 2), 6: (2, 1), 7: (1, 1), 2: (2, 2), 8: (2, 2), 0: (1, 1), 3: (1, 0), 4: (1, 1), 1: (2, 2), 10: (2, 2), 9: (2, 2)}
t_type about to use: 1
h_type: 2
shift dict: {0: 0, 1: 188, 2: 746}
count dict: Counter({2: 940, 1: 558, 0: 188})
Generated 899 negative samples for edge type 6
Epoch 00037, Step00000 | Train_Loss: 0.5167 | Time: 0.0207
Epoch 00037 | Val_Loss 1.0303 | Time(s) 0.0082
EarlyStopping counter: 35 out of 40
Getting training negative samples for edge types: [6]
nodes.shift keys: [0, 1, 2]
nodes.count keys: [0, 1, 2]
links.meta: {5: (2, 2), 6: (2, 1), 7: (1, 1), 2: (2, 2), 8: (2, 2), 0: (1, 1), 3: (1, 0), 4: (1, 1), 1: (2, 2), 10: (2, 2), 9: (2, 2)}
t_type about to use: 1
h_type: 2
shift dict: {0: 0, 1: 188, 2: 746}
count dict: Counter({2: 940, 1: 558, 0: 188})
Generated 899 negative samples for edge type 6
Epoch 00038, Step00000 | Train_Loss: 0.4965 | Time: 0.0198
Epoch 00038 | Val_Loss 1.0113 | Time(s) 0.0082
EarlyStopping counter: 36 out of 40
Getting training negative samples for edge types: [6]
nodes.shift keys: [0, 1, 2]
nodes.count keys: [0, 1, 2]
links.meta: {5: (2, 2), 6: (2, 1), 7: (1, 1), 2: (2, 2), 8: (2, 2), 0: (1, 1), 3: (1, 0), 4: (1, 1), 1: (2, 2), 10: (2, 2), 9: (2, 2)}
t_type about to use: 1
h_type: 2
shift dict: {0: 0, 1: 188, 2: 746}
count dict: Counter({2: 940, 1: 558, 0: 188})
Generated 899 negative samples for edge type 6
Epoch 00039, Step00000 | Train_Loss: 0.5051 | Time: 0.0202
Epoch 00039 | Val_Loss 0.9730 | Time(s) 0.0084
EarlyStopping counter: 37 out of 40
Getting training negative samples for edge types: [6]
nodes.shift keys: [0, 1, 2]
nodes.count keys: [0, 1, 2]
links.meta: {5: (2, 2), 6: (2, 1), 7: (1, 1), 2: (2, 2), 8: (2, 2), 0: (1, 1), 3: (1, 0), 4: (1, 1), 1: (2, 2), 10: (2, 2), 9: (2, 2)}
t_type about to use: 1
h_type: 2
shift dict: {0: 0, 1: 188, 2: 746}
count dict: Counter({2: 940, 1: 558, 0: 188})
Generated 899 negative samples for edge type 6
Epoch 00040, Step00000 | Train_Loss: 0.5130 | Time: 0.0197
Epoch 00040 | Val_Loss 1.0484 | Time(s) 0.0084
EarlyStopping counter: 38 out of 40
Getting training negative samples for edge types: [6]
nodes.shift keys: [0, 1, 2]
nodes.count keys: [0, 1, 2]
links.meta: {5: (2, 2), 6: (2, 1), 7: (1, 1), 2: (2, 2), 8: (2, 2), 0: (1, 1), 3: (1, 0), 4: (1, 1), 1: (2, 2), 10: (2, 2), 9: (2, 2)}
t_type about to use: 1
h_type: 2
shift dict: {0: 0, 1: 188, 2: 746}
count dict: Counter({2: 940, 1: 558, 0: 188})
Generated 899 negative samples for edge type 6
Epoch 00041, Step00000 | Train_Loss: 0.4992 | Time: 0.0211
Epoch 00041 | Val_Loss 0.9938 | Time(s) 0.0082
EarlyStopping counter: 39 out of 40
Getting training negative samples for edge types: [6]
nodes.shift keys: [0, 1, 2]
nodes.count keys: [0, 1, 2]
links.meta: {5: (2, 2), 6: (2, 1), 7: (1, 1), 2: (2, 2), 8: (2, 2), 0: (1, 1), 3: (1, 0), 4: (1, 1), 1: (2, 2), 10: (2, 2), 9: (2, 2)}
t_type about to use: 1
h_type: 2
shift dict: {0: 0, 1: 188, 2: 746}
count dict: Counter({2: 940, 1: 558, 0: 188})
Generated 899 negative samples for edge type 6
Epoch 00042, Step00000 | Train_Loss: 0.5022 | Time: 0.0210
Epoch 00042 | Val_Loss 0.9683 | Time(s) 0.0081
EarlyStopping counter: 40 out of 40
Early stopping!
Early stopping!
Meta keys: dict_keys([6])
Data keys: dict_keys([6])
Edge type: 6, Meta: (2, 1)
{'roc_auc': 0.4967179794748768, 'MRR': 0.758912037037037}
{'roc_auc': 0.6052448939123537, 'MRR': 0.7951388888888888}
defaultdict(<class 'float'>, {'roc_auc': 0.4967179794748768, 'MRR': 0.758912037037037})
defaultdict(<class 'float'>, {'roc_auc': 0.6052448939123537, 'MRR': 0.7951388888888888})
Completed: amazon_style_cct_features_securebert_fold_4

--------------------------------------
Running model: SimpleHGN
Dataset: amazon_style_cct_features_securebert_fold_5
--------------------------------------
Data path: ../../data/amazon_style_cct_features_securebert_fold_5
Loading nodes from ../../data/amazon_style_cct_features_securebert_fold_5/node.dat
edge types: dict_keys([5, 6, 7, 2, 8, 0, 3, 4, 1, 10, 9])
Getting training negative samples for edge types: [6]
nodes.shift keys: [0, 1, 2]
nodes.count keys: [0, 1, 2]
links.meta: {5: (2, 2), 6: (2, 1), 7: (1, 1), 2: (2, 2), 8: (2, 2), 0: (1, 1), 3: (1, 0), 4: (1, 1), 1: (2, 2), 10: (2, 2), 9: (2, 2)}
t_type about to use: 1
h_type: 2
shift dict: {0: 0, 1: 188, 2: 746}
count dict: Counter({2: 940, 1: 558, 0: 188})
Generated 888 negative samples for edge type 6
Features List: [array([[ 0.00445206,  0.01268557,  0.22351578, ..., -0.28678206,
        -0.37460288,  0.18294938],
       [-0.18744846,  0.07075578,  0.0476894 , ..., -0.2232531 ,
        -0.19588573,  0.47988179],
       [-0.17451471, -0.04557271,  0.15712288, ..., -0.05391889,
        -0.20500693,  0.23744845],
       ...,
       [-0.40584856,  0.04715464,  0.24475315, ..., -0.12466257,
        -0.2035536 ,  0.28577447],
       [-0.18835557,  0.03822717,  0.03586731, ..., -0.23435652,
        -0.35453227,  0.38753107],
       [-0.13632202,  0.14362322,  0.08668749, ..., -0.24145249,
        -0.25799868,  0.26464131]]), array([[ 0.00791158, -0.00538086, -0.02676104, ..., -0.01897389,
        -0.01306979, -0.00084801],
       [ 0.01682901, -0.00649696, -0.01921631, ..., -0.01401017,
        -0.0039668 , -0.02202195],
       [ 0.02197852, -0.01403735, -0.05225722, ...,  0.02019661,
         0.00528841,  0.0033033 ],
       ...,
       [ 0.01603197,  0.00716993, -0.01245602, ..., -0.01399604,
        -0.00058955, -0.0256807 ],
       [ 0.01039577,  0.02045547, -0.02146293, ...,  0.01017929,
         0.02390171,  0.00134994],
       [ 0.00462414,  0.0041195 , -0.0135733 , ..., -0.01101827,
         0.00813001,  0.0203817 ]]), array([[ 0.00087804,  0.00658507, -0.02514569, ..., -0.04238372,
         0.00850771, -0.02565438],
       [-0.0006986 ,  0.01542003, -0.03227317, ..., -0.01301633,
         0.01559736, -0.03614859],
       [-0.01135348,  0.00974955, -0.01812623, ..., -0.01920343,
         0.00887381, -0.0152928 ],
       ...,
       [ 0.00701895, -0.01539859, -0.03025482, ..., -0.03644368,
         0.01254067, -0.0236606 ],
       [-0.00414097,  0.00144739, -0.05197839, ...,  0.00216818,
         0.02755725, -0.03143983],
       [ 0.01779867, -0.02493452, -0.0391779 , ..., -0.01159797,
        -0.00619852, -0.02449675]])]
Getting training negative samples for edge types: [6]
nodes.shift keys: [0, 1, 2]
nodes.count keys: [0, 1, 2]
links.meta: {5: (2, 2), 6: (2, 1), 7: (1, 1), 2: (2, 2), 8: (2, 2), 0: (1, 1), 3: (1, 0), 4: (1, 1), 1: (2, 2), 10: (2, 2), 9: (2, 2)}
t_type about to use: 1
h_type: 2
shift dict: {0: 0, 1: 188, 2: 746}
count dict: Counter({2: 940, 1: 558, 0: 188})
Generated 888 negative samples for edge type 6
Epoch 00000, Step00000 | Train_Loss: 0.6922 | Time: 0.5206
Epoch 00000 | Val_Loss 0.6876 | Time(s) 0.0072
Validation loss decreased (inf --> 0.687550).  Saving model ...
Getting training negative samples for edge types: [6]
nodes.shift keys: [0, 1, 2]
nodes.count keys: [0, 1, 2]
links.meta: {5: (2, 2), 6: (2, 1), 7: (1, 1), 2: (2, 2), 8: (2, 2), 0: (1, 1), 3: (1, 0), 4: (1, 1), 1: (2, 2), 10: (2, 2), 9: (2, 2)}
t_type about to use: 1
h_type: 2
shift dict: {0: 0, 1: 188, 2: 746}
count dict: Counter({2: 940, 1: 558, 0: 188})
Generated 888 negative samples for edge type 6
Epoch 00001, Step00000 | Train_Loss: 0.6837 | Time: 0.0200
Epoch 00001 | Val_Loss 0.6770 | Time(s) 0.0067
Validation loss decreased (0.687550 --> 0.676997).  Saving model ...
Getting training negative samples for edge types: [6]
nodes.shift keys: [0, 1, 2]
nodes.count keys: [0, 1, 2]
links.meta: {5: (2, 2), 6: (2, 1), 7: (1, 1), 2: (2, 2), 8: (2, 2), 0: (1, 1), 3: (1, 0), 4: (1, 1), 1: (2, 2), 10: (2, 2), 9: (2, 2)}
t_type about to use: 1
h_type: 2
shift dict: {0: 0, 1: 188, 2: 746}
count dict: Counter({2: 940, 1: 558, 0: 188})
Generated 888 negative samples for edge type 6
Epoch 00002, Step00000 | Train_Loss: 0.6753 | Time: 0.0204
Epoch 00002 | Val_Loss 0.6803 | Time(s) 0.0085
EarlyStopping counter: 1 out of 40
Getting training negative samples for edge types: [6]
nodes.shift keys: [0, 1, 2]
nodes.count keys: [0, 1, 2]
links.meta: {5: (2, 2), 6: (2, 1), 7: (1, 1), 2: (2, 2), 8: (2, 2), 0: (1, 1), 3: (1, 0), 4: (1, 1), 1: (2, 2), 10: (2, 2), 9: (2, 2)}
t_type about to use: 1
h_type: 2
shift dict: {0: 0, 1: 188, 2: 746}
count dict: Counter({2: 940, 1: 558, 0: 188})
Generated 888 negative samples for edge type 6
Epoch 00003, Step00000 | Train_Loss: 0.6658 | Time: 0.0198
Epoch 00003 | Val_Loss 0.6649 | Time(s) 0.0083
Validation loss decreased (0.676997 --> 0.664903).  Saving model ...
Getting training negative samples for edge types: [6]
nodes.shift keys: [0, 1, 2]
nodes.count keys: [0, 1, 2]
links.meta: {5: (2, 2), 6: (2, 1), 7: (1, 1), 2: (2, 2), 8: (2, 2), 0: (1, 1), 3: (1, 0), 4: (1, 1), 1: (2, 2), 10: (2, 2), 9: (2, 2)}
t_type about to use: 1
h_type: 2
shift dict: {0: 0, 1: 188, 2: 746}
count dict: Counter({2: 940, 1: 558, 0: 188})
Generated 888 negative samples for edge type 6
Epoch 00004, Step00000 | Train_Loss: 0.6530 | Time: 0.0269
Epoch 00004 | Val_Loss 0.6663 | Time(s) 0.0091
EarlyStopping counter: 1 out of 40
Getting training negative samples for edge types: [6]
nodes.shift keys: [0, 1, 2]
nodes.count keys: [0, 1, 2]
links.meta: {5: (2, 2), 6: (2, 1), 7: (1, 1), 2: (2, 2), 8: (2, 2), 0: (1, 1), 3: (1, 0), 4: (1, 1), 1: (2, 2), 10: (2, 2), 9: (2, 2)}
t_type about to use: 1
h_type: 2
shift dict: {0: 0, 1: 188, 2: 746}
count dict: Counter({2: 940, 1: 558, 0: 188})
Generated 888 negative samples for edge type 6
Epoch 00005, Step00000 | Train_Loss: 0.6411 | Time: 0.0217
Epoch 00005 | Val_Loss 0.6976 | Time(s) 0.0086
EarlyStopping counter: 2 out of 40
Getting training negative samples for edge types: [6]
nodes.shift keys: [0, 1, 2]
nodes.count keys: [0, 1, 2]
links.meta: {5: (2, 2), 6: (2, 1), 7: (1, 1), 2: (2, 2), 8: (2, 2), 0: (1, 1), 3: (1, 0), 4: (1, 1), 1: (2, 2), 10: (2, 2), 9: (2, 2)}
t_type about to use: 1
h_type: 2
shift dict: {0: 0, 1: 188, 2: 746}
count dict: Counter({2: 940, 1: 558, 0: 188})
Generated 888 negative samples for edge type 6
Epoch 00006, Step00000 | Train_Loss: 0.6290 | Time: 0.0203
Epoch 00006 | Val_Loss 0.6854 | Time(s) 0.0091
EarlyStopping counter: 3 out of 40
Getting training negative samples for edge types: [6]
nodes.shift keys: [0, 1, 2]
nodes.count keys: [0, 1, 2]
links.meta: {5: (2, 2), 6: (2, 1), 7: (1, 1), 2: (2, 2), 8: (2, 2), 0: (1, 1), 3: (1, 0), 4: (1, 1), 1: (2, 2), 10: (2, 2), 9: (2, 2)}
t_type about to use: 1
h_type: 2
shift dict: {0: 0, 1: 188, 2: 746}
count dict: Counter({2: 940, 1: 558, 0: 188})
Generated 888 negative samples for edge type 6
Epoch 00007, Step00000 | Train_Loss: 0.6150 | Time: 0.0203
Epoch 00007 | Val_Loss 0.7251 | Time(s) 0.0074
EarlyStopping counter: 4 out of 40
Getting training negative samples for edge types: [6]
nodes.shift keys: [0, 1, 2]
nodes.count keys: [0, 1, 2]
links.meta: {5: (2, 2), 6: (2, 1), 7: (1, 1), 2: (2, 2), 8: (2, 2), 0: (1, 1), 3: (1, 0), 4: (1, 1), 1: (2, 2), 10: (2, 2), 9: (2, 2)}
t_type about to use: 1
h_type: 2
shift dict: {0: 0, 1: 188, 2: 746}
count dict: Counter({2: 940, 1: 558, 0: 188})
Generated 888 negative samples for edge type 6
Epoch 00008, Step00000 | Train_Loss: 0.6043 | Time: 0.0201
Epoch 00008 | Val_Loss 0.7847 | Time(s) 0.0084
EarlyStopping counter: 5 out of 40
Getting training negative samples for edge types: [6]
nodes.shift keys: [0, 1, 2]
nodes.count keys: [0, 1, 2]
links.meta: {5: (2, 2), 6: (2, 1), 7: (1, 1), 2: (2, 2), 8: (2, 2), 0: (1, 1), 3: (1, 0), 4: (1, 1), 1: (2, 2), 10: (2, 2), 9: (2, 2)}
t_type about to use: 1
h_type: 2
shift dict: {0: 0, 1: 188, 2: 746}
count dict: Counter({2: 940, 1: 558, 0: 188})
Generated 888 negative samples for edge type 6
Epoch 00009, Step00000 | Train_Loss: 0.5874 | Time: 0.0207
Epoch 00009 | Val_Loss 0.7784 | Time(s) 0.0089
EarlyStopping counter: 6 out of 40
Getting training negative samples for edge types: [6]
nodes.shift keys: [0, 1, 2]
nodes.count keys: [0, 1, 2]
links.meta: {5: (2, 2), 6: (2, 1), 7: (1, 1), 2: (2, 2), 8: (2, 2), 0: (1, 1), 3: (1, 0), 4: (1, 1), 1: (2, 2), 10: (2, 2), 9: (2, 2)}
t_type about to use: 1
h_type: 2
shift dict: {0: 0, 1: 188, 2: 746}
count dict: Counter({2: 940, 1: 558, 0: 188})
Generated 888 negative samples for edge type 6
Epoch 00010, Step00000 | Train_Loss: 0.5865 | Time: 0.0201
Epoch 00010 | Val_Loss 0.8614 | Time(s) 0.0080
EarlyStopping counter: 7 out of 40
Getting training negative samples for edge types: [6]
nodes.shift keys: [0, 1, 2]
nodes.count keys: [0, 1, 2]
links.meta: {5: (2, 2), 6: (2, 1), 7: (1, 1), 2: (2, 2), 8: (2, 2), 0: (1, 1), 3: (1, 0), 4: (1, 1), 1: (2, 2), 10: (2, 2), 9: (2, 2)}
t_type about to use: 1
h_type: 2
shift dict: {0: 0, 1: 188, 2: 746}
count dict: Counter({2: 940, 1: 558, 0: 188})
Generated 888 negative samples for edge type 6
Epoch 00011, Step00000 | Train_Loss: 0.5845 | Time: 0.0198
Epoch 00011 | Val_Loss 0.8648 | Time(s) 0.0085
EarlyStopping counter: 8 out of 40
Getting training negative samples for edge types: [6]
nodes.shift keys: [0, 1, 2]
nodes.count keys: [0, 1, 2]
links.meta: {5: (2, 2), 6: (2, 1), 7: (1, 1), 2: (2, 2), 8: (2, 2), 0: (1, 1), 3: (1, 0), 4: (1, 1), 1: (2, 2), 10: (2, 2), 9: (2, 2)}
t_type about to use: 1
h_type: 2
shift dict: {0: 0, 1: 188, 2: 746}
count dict: Counter({2: 940, 1: 558, 0: 188})
Generated 888 negative samples for edge type 6
Epoch 00012, Step00000 | Train_Loss: 0.5726 | Time: 0.0211
Epoch 00012 | Val_Loss 0.9659 | Time(s) 0.0083
EarlyStopping counter: 9 out of 40
Getting training negative samples for edge types: [6]
nodes.shift keys: [0, 1, 2]
nodes.count keys: [0, 1, 2]
links.meta: {5: (2, 2), 6: (2, 1), 7: (1, 1), 2: (2, 2), 8: (2, 2), 0: (1, 1), 3: (1, 0), 4: (1, 1), 1: (2, 2), 10: (2, 2), 9: (2, 2)}
t_type about to use: 1
h_type: 2
shift dict: {0: 0, 1: 188, 2: 746}
count dict: Counter({2: 940, 1: 558, 0: 188})
Generated 888 negative samples for edge type 6
Epoch 00013, Step00000 | Train_Loss: 0.5739 | Time: 0.0200
Epoch 00013 | Val_Loss 0.9103 | Time(s) 0.0087
EarlyStopping counter: 10 out of 40
Getting training negative samples for edge types: [6]
nodes.shift keys: [0, 1, 2]
nodes.count keys: [0, 1, 2]
links.meta: {5: (2, 2), 6: (2, 1), 7: (1, 1), 2: (2, 2), 8: (2, 2), 0: (1, 1), 3: (1, 0), 4: (1, 1), 1: (2, 2), 10: (2, 2), 9: (2, 2)}
t_type about to use: 1
h_type: 2
shift dict: {0: 0, 1: 188, 2: 746}
count dict: Counter({2: 940, 1: 558, 0: 188})
Generated 888 negative samples for edge type 6
Epoch 00014, Step00000 | Train_Loss: 0.5582 | Time: 0.0200
Epoch 00014 | Val_Loss 0.9611 | Time(s) 0.0085
EarlyStopping counter: 11 out of 40
Getting training negative samples for edge types: [6]
nodes.shift keys: [0, 1, 2]
nodes.count keys: [0, 1, 2]
links.meta: {5: (2, 2), 6: (2, 1), 7: (1, 1), 2: (2, 2), 8: (2, 2), 0: (1, 1), 3: (1, 0), 4: (1, 1), 1: (2, 2), 10: (2, 2), 9: (2, 2)}
t_type about to use: 1
h_type: 2
shift dict: {0: 0, 1: 188, 2: 746}
count dict: Counter({2: 940, 1: 558, 0: 188})
Generated 888 negative samples for edge type 6
Epoch 00015, Step00000 | Train_Loss: 0.5707 | Time: 0.0212
Epoch 00015 | Val_Loss 0.9922 | Time(s) 0.0083
EarlyStopping counter: 12 out of 40
Getting training negative samples for edge types: [6]
nodes.shift keys: [0, 1, 2]
nodes.count keys: [0, 1, 2]
links.meta: {5: (2, 2), 6: (2, 1), 7: (1, 1), 2: (2, 2), 8: (2, 2), 0: (1, 1), 3: (1, 0), 4: (1, 1), 1: (2, 2), 10: (2, 2), 9: (2, 2)}
t_type about to use: 1
h_type: 2
shift dict: {0: 0, 1: 188, 2: 746}
count dict: Counter({2: 940, 1: 558, 0: 188})
Generated 888 negative samples for edge type 6
Epoch 00016, Step00000 | Train_Loss: 0.5587 | Time: 0.0199
Epoch 00016 | Val_Loss 0.9969 | Time(s) 0.0085
EarlyStopping counter: 13 out of 40
Getting training negative samples for edge types: [6]
nodes.shift keys: [0, 1, 2]
nodes.count keys: [0, 1, 2]
links.meta: {5: (2, 2), 6: (2, 1), 7: (1, 1), 2: (2, 2), 8: (2, 2), 0: (1, 1), 3: (1, 0), 4: (1, 1), 1: (2, 2), 10: (2, 2), 9: (2, 2)}
t_type about to use: 1
h_type: 2
shift dict: {0: 0, 1: 188, 2: 746}
count dict: Counter({2: 940, 1: 558, 0: 188})
Generated 888 negative samples for edge type 6
Epoch 00017, Step00000 | Train_Loss: 0.5682 | Time: 0.0199
Epoch 00017 | Val_Loss 1.0354 | Time(s) 0.0086
EarlyStopping counter: 14 out of 40
Getting training negative samples for edge types: [6]
nodes.shift keys: [0, 1, 2]
nodes.count keys: [0, 1, 2]
links.meta: {5: (2, 2), 6: (2, 1), 7: (1, 1), 2: (2, 2), 8: (2, 2), 0: (1, 1), 3: (1, 0), 4: (1, 1), 1: (2, 2), 10: (2, 2), 9: (2, 2)}
t_type about to use: 1
h_type: 2
shift dict: {0: 0, 1: 188, 2: 746}
count dict: Counter({2: 940, 1: 558, 0: 188})
Generated 888 negative samples for edge type 6
Epoch 00018, Step00000 | Train_Loss: 0.5443 | Time: 0.0215
Epoch 00018 | Val_Loss 0.9737 | Time(s) 0.0085
EarlyStopping counter: 15 out of 40
Getting training negative samples for edge types: [6]
nodes.shift keys: [0, 1, 2]
nodes.count keys: [0, 1, 2]
links.meta: {5: (2, 2), 6: (2, 1), 7: (1, 1), 2: (2, 2), 8: (2, 2), 0: (1, 1), 3: (1, 0), 4: (1, 1), 1: (2, 2), 10: (2, 2), 9: (2, 2)}
t_type about to use: 1
h_type: 2
shift dict: {0: 0, 1: 188, 2: 746}
count dict: Counter({2: 940, 1: 558, 0: 188})
Generated 888 negative samples for edge type 6
Epoch 00019, Step00000 | Train_Loss: 0.5625 | Time: 0.0204
Epoch 00019 | Val_Loss 1.0164 | Time(s) 0.0085
EarlyStopping counter: 16 out of 40
Getting training negative samples for edge types: [6]
nodes.shift keys: [0, 1, 2]
nodes.count keys: [0, 1, 2]
links.meta: {5: (2, 2), 6: (2, 1), 7: (1, 1), 2: (2, 2), 8: (2, 2), 0: (1, 1), 3: (1, 0), 4: (1, 1), 1: (2, 2), 10: (2, 2), 9: (2, 2)}
t_type about to use: 1
h_type: 2
shift dict: {0: 0, 1: 188, 2: 746}
count dict: Counter({2: 940, 1: 558, 0: 188})
Generated 888 negative samples for edge type 6
Epoch 00020, Step00000 | Train_Loss: 0.5565 | Time: 0.0198
Epoch 00020 | Val_Loss 1.1348 | Time(s) 0.0085
EarlyStopping counter: 17 out of 40
Getting training negative samples for edge types: [6]
nodes.shift keys: [0, 1, 2]
nodes.count keys: [0, 1, 2]
links.meta: {5: (2, 2), 6: (2, 1), 7: (1, 1), 2: (2, 2), 8: (2, 2), 0: (1, 1), 3: (1, 0), 4: (1, 1), 1: (2, 2), 10: (2, 2), 9: (2, 2)}
t_type about to use: 1
h_type: 2
shift dict: {0: 0, 1: 188, 2: 746}
count dict: Counter({2: 940, 1: 558, 0: 188})
Generated 888 negative samples for edge type 6
Epoch 00021, Step00000 | Train_Loss: 0.5436 | Time: 0.0202
Epoch 00021 | Val_Loss 1.0603 | Time(s) 0.0086
EarlyStopping counter: 18 out of 40
Getting training negative samples for edge types: [6]
nodes.shift keys: [0, 1, 2]
nodes.count keys: [0, 1, 2]
links.meta: {5: (2, 2), 6: (2, 1), 7: (1, 1), 2: (2, 2), 8: (2, 2), 0: (1, 1), 3: (1, 0), 4: (1, 1), 1: (2, 2), 10: (2, 2), 9: (2, 2)}
t_type about to use: 1
h_type: 2
shift dict: {0: 0, 1: 188, 2: 746}
count dict: Counter({2: 940, 1: 558, 0: 188})
Generated 888 negative samples for edge type 6
Epoch 00022, Step00000 | Train_Loss: 0.5438 | Time: 0.0206
Epoch 00022 | Val_Loss 1.1242 | Time(s) 0.0083
EarlyStopping counter: 19 out of 40
Getting training negative samples for edge types: [6]
nodes.shift keys: [0, 1, 2]
nodes.count keys: [0, 1, 2]
links.meta: {5: (2, 2), 6: (2, 1), 7: (1, 1), 2: (2, 2), 8: (2, 2), 0: (1, 1), 3: (1, 0), 4: (1, 1), 1: (2, 2), 10: (2, 2), 9: (2, 2)}
t_type about to use: 1
h_type: 2
shift dict: {0: 0, 1: 188, 2: 746}
count dict: Counter({2: 940, 1: 558, 0: 188})
Generated 888 negative samples for edge type 6
Epoch 00023, Step00000 | Train_Loss: 0.5478 | Time: 0.0205
Epoch 00023 | Val_Loss 0.9451 | Time(s) 0.0085
EarlyStopping counter: 20 out of 40
Getting training negative samples for edge types: [6]
nodes.shift keys: [0, 1, 2]
nodes.count keys: [0, 1, 2]
links.meta: {5: (2, 2), 6: (2, 1), 7: (1, 1), 2: (2, 2), 8: (2, 2), 0: (1, 1), 3: (1, 0), 4: (1, 1), 1: (2, 2), 10: (2, 2), 9: (2, 2)}
t_type about to use: 1
h_type: 2
shift dict: {0: 0, 1: 188, 2: 746}
count dict: Counter({2: 940, 1: 558, 0: 188})
Generated 888 negative samples for edge type 6
Epoch 00024, Step00000 | Train_Loss: 0.5361 | Time: 0.0196
Epoch 00024 | Val_Loss 1.0431 | Time(s) 0.0085
EarlyStopping counter: 21 out of 40
Getting training negative samples for edge types: [6]
nodes.shift keys: [0, 1, 2]
nodes.count keys: [0, 1, 2]
links.meta: {5: (2, 2), 6: (2, 1), 7: (1, 1), 2: (2, 2), 8: (2, 2), 0: (1, 1), 3: (1, 0), 4: (1, 1), 1: (2, 2), 10: (2, 2), 9: (2, 2)}
t_type about to use: 1
h_type: 2
shift dict: {0: 0, 1: 188, 2: 746}
count dict: Counter({2: 940, 1: 558, 0: 188})
Generated 888 negative samples for edge type 6
Epoch 00025, Step00000 | Train_Loss: 0.5425 | Time: 0.0194
Epoch 00025 | Val_Loss 0.8808 | Time(s) 0.0083
EarlyStopping counter: 22 out of 40
Getting training negative samples for edge types: [6]
nodes.shift keys: [0, 1, 2]
nodes.count keys: [0, 1, 2]
links.meta: {5: (2, 2), 6: (2, 1), 7: (1, 1), 2: (2, 2), 8: (2, 2), 0: (1, 1), 3: (1, 0), 4: (1, 1), 1: (2, 2), 10: (2, 2), 9: (2, 2)}
t_type about to use: 1
h_type: 2
shift dict: {0: 0, 1: 188, 2: 746}
count dict: Counter({2: 940, 1: 558, 0: 188})
Generated 888 negative samples for edge type 6
Epoch 00026, Step00000 | Train_Loss: 0.5543 | Time: 0.0211
Epoch 00026 | Val_Loss 0.9409 | Time(s) 0.0082
EarlyStopping counter: 23 out of 40
Getting training negative samples for edge types: [6]
nodes.shift keys: [0, 1, 2]
nodes.count keys: [0, 1, 2]
links.meta: {5: (2, 2), 6: (2, 1), 7: (1, 1), 2: (2, 2), 8: (2, 2), 0: (1, 1), 3: (1, 0), 4: (1, 1), 1: (2, 2), 10: (2, 2), 9: (2, 2)}
t_type about to use: 1
h_type: 2
shift dict: {0: 0, 1: 188, 2: 746}
count dict: Counter({2: 940, 1: 558, 0: 188})
Generated 888 negative samples for edge type 6
Epoch 00027, Step00000 | Train_Loss: 0.5249 | Time: 0.0208
Epoch 00027 | Val_Loss 0.9169 | Time(s) 0.0082
EarlyStopping counter: 24 out of 40
Getting training negative samples for edge types: [6]
nodes.shift keys: [0, 1, 2]
nodes.count keys: [0, 1, 2]
links.meta: {5: (2, 2), 6: (2, 1), 7: (1, 1), 2: (2, 2), 8: (2, 2), 0: (1, 1), 3: (1, 0), 4: (1, 1), 1: (2, 2), 10: (2, 2), 9: (2, 2)}
t_type about to use: 1
h_type: 2
shift dict: {0: 0, 1: 188, 2: 746}
count dict: Counter({2: 940, 1: 558, 0: 188})
Generated 888 negative samples for edge type 6
Epoch 00028, Step00000 | Train_Loss: 0.5265 | Time: 0.0209
Epoch 00028 | Val_Loss 0.9699 | Time(s) 0.0099
EarlyStopping counter: 25 out of 40
Getting training negative samples for edge types: [6]
nodes.shift keys: [0, 1, 2]
nodes.count keys: [0, 1, 2]
links.meta: {5: (2, 2), 6: (2, 1), 7: (1, 1), 2: (2, 2), 8: (2, 2), 0: (1, 1), 3: (1, 0), 4: (1, 1), 1: (2, 2), 10: (2, 2), 9: (2, 2)}
t_type about to use: 1
h_type: 2
shift dict: {0: 0, 1: 188, 2: 746}
count dict: Counter({2: 940, 1: 558, 0: 188})
Generated 888 negative samples for edge type 6
Epoch 00029, Step00000 | Train_Loss: 0.5356 | Time: 0.0192
Epoch 00029 | Val_Loss 0.8407 | Time(s) 0.0082
EarlyStopping counter: 26 out of 40
Getting training negative samples for edge types: [6]
nodes.shift keys: [0, 1, 2]
nodes.count keys: [0, 1, 2]
links.meta: {5: (2, 2), 6: (2, 1), 7: (1, 1), 2: (2, 2), 8: (2, 2), 0: (1, 1), 3: (1, 0), 4: (1, 1), 1: (2, 2), 10: (2, 2), 9: (2, 2)}
t_type about to use: 1
h_type: 2
shift dict: {0: 0, 1: 188, 2: 746}
count dict: Counter({2: 940, 1: 558, 0: 188})
Generated 888 negative samples for edge type 6
Epoch 00030, Step00000 | Train_Loss: 0.5102 | Time: 0.0207
Epoch 00030 | Val_Loss 0.9243 | Time(s) 0.0083
EarlyStopping counter: 27 out of 40
Getting training negative samples for edge types: [6]
nodes.shift keys: [0, 1, 2]
nodes.count keys: [0, 1, 2]
links.meta: {5: (2, 2), 6: (2, 1), 7: (1, 1), 2: (2, 2), 8: (2, 2), 0: (1, 1), 3: (1, 0), 4: (1, 1), 1: (2, 2), 10: (2, 2), 9: (2, 2)}
t_type about to use: 1
h_type: 2
shift dict: {0: 0, 1: 188, 2: 746}
count dict: Counter({2: 940, 1: 558, 0: 188})
Generated 888 negative samples for edge type 6
Epoch 00031, Step00000 | Train_Loss: 0.5269 | Time: 0.0194
Epoch 00031 | Val_Loss 0.8877 | Time(s) 0.0084
EarlyStopping counter: 28 out of 40
Getting training negative samples for edge types: [6]
nodes.shift keys: [0, 1, 2]
nodes.count keys: [0, 1, 2]
links.meta: {5: (2, 2), 6: (2, 1), 7: (1, 1), 2: (2, 2), 8: (2, 2), 0: (1, 1), 3: (1, 0), 4: (1, 1), 1: (2, 2), 10: (2, 2), 9: (2, 2)}
t_type about to use: 1
h_type: 2
shift dict: {0: 0, 1: 188, 2: 746}
count dict: Counter({2: 940, 1: 558, 0: 188})
Generated 888 negative samples for edge type 6
Epoch 00032, Step00000 | Train_Loss: 0.5370 | Time: 0.0216
Epoch 00032 | Val_Loss 0.9458 | Time(s) 0.0084
EarlyStopping counter: 29 out of 40
Getting training negative samples for edge types: [6]
nodes.shift keys: [0, 1, 2]
nodes.count keys: [0, 1, 2]
links.meta: {5: (2, 2), 6: (2, 1), 7: (1, 1), 2: (2, 2), 8: (2, 2), 0: (1, 1), 3: (1, 0), 4: (1, 1), 1: (2, 2), 10: (2, 2), 9: (2, 2)}
t_type about to use: 1
h_type: 2
shift dict: {0: 0, 1: 188, 2: 746}
count dict: Counter({2: 940, 1: 558, 0: 188})
Generated 888 negative samples for edge type 6
Epoch 00033, Step00000 | Train_Loss: 0.5046 | Time: 0.0200
Epoch 00033 | Val_Loss 0.8989 | Time(s) 0.0086
EarlyStopping counter: 30 out of 40
Getting training negative samples for edge types: [6]
nodes.shift keys: [0, 1, 2]
nodes.count keys: [0, 1, 2]
links.meta: {5: (2, 2), 6: (2, 1), 7: (1, 1), 2: (2, 2), 8: (2, 2), 0: (1, 1), 3: (1, 0), 4: (1, 1), 1: (2, 2), 10: (2, 2), 9: (2, 2)}
t_type about to use: 1
h_type: 2
shift dict: {0: 0, 1: 188, 2: 746}
count dict: Counter({2: 940, 1: 558, 0: 188})
Generated 888 negative samples for edge type 6
Epoch 00034, Step00000 | Train_Loss: 0.5106 | Time: 0.0213
Epoch 00034 | Val_Loss 0.9362 | Time(s) 0.0082
EarlyStopping counter: 31 out of 40
Getting training negative samples for edge types: [6]
nodes.shift keys: [0, 1, 2]
nodes.count keys: [0, 1, 2]
links.meta: {5: (2, 2), 6: (2, 1), 7: (1, 1), 2: (2, 2), 8: (2, 2), 0: (1, 1), 3: (1, 0), 4: (1, 1), 1: (2, 2), 10: (2, 2), 9: (2, 2)}
t_type about to use: 1
h_type: 2
shift dict: {0: 0, 1: 188, 2: 746}
count dict: Counter({2: 940, 1: 558, 0: 188})
Generated 888 negative samples for edge type 6
Epoch 00035, Step00000 | Train_Loss: 0.5081 | Time: 0.0197
Epoch 00035 | Val_Loss 0.8766 | Time(s) 0.0086
EarlyStopping counter: 32 out of 40
Getting training negative samples for edge types: [6]
nodes.shift keys: [0, 1, 2]
nodes.count keys: [0, 1, 2]
links.meta: {5: (2, 2), 6: (2, 1), 7: (1, 1), 2: (2, 2), 8: (2, 2), 0: (1, 1), 3: (1, 0), 4: (1, 1), 1: (2, 2), 10: (2, 2), 9: (2, 2)}
t_type about to use: 1
h_type: 2
shift dict: {0: 0, 1: 188, 2: 746}
count dict: Counter({2: 940, 1: 558, 0: 188})
Generated 888 negative samples for edge type 6
Epoch 00036, Step00000 | Train_Loss: 0.5100 | Time: 0.0208
Epoch 00036 | Val_Loss 0.9430 | Time(s) 0.0083
EarlyStopping counter: 33 out of 40
Getting training negative samples for edge types: [6]
nodes.shift keys: [0, 1, 2]
nodes.count keys: [0, 1, 2]
links.meta: {5: (2, 2), 6: (2, 1), 7: (1, 1), 2: (2, 2), 8: (2, 2), 0: (1, 1), 3: (1, 0), 4: (1, 1), 1: (2, 2), 10: (2, 2), 9: (2, 2)}
t_type about to use: 1
h_type: 2
shift dict: {0: 0, 1: 188, 2: 746}
count dict: Counter({2: 940, 1: 558, 0: 188})
Generated 888 negative samples for edge type 6
Epoch 00037, Step00000 | Train_Loss: 0.5194 | Time: 0.0208
Epoch 00037 | Val_Loss 0.9747 | Time(s) 0.0083
EarlyStopping counter: 34 out of 40
Getting training negative samples for edge types: [6]
nodes.shift keys: [0, 1, 2]
nodes.count keys: [0, 1, 2]
links.meta: {5: (2, 2), 6: (2, 1), 7: (1, 1), 2: (2, 2), 8: (2, 2), 0: (1, 1), 3: (1, 0), 4: (1, 1), 1: (2, 2), 10: (2, 2), 9: (2, 2)}
t_type about to use: 1
h_type: 2
shift dict: {0: 0, 1: 188, 2: 746}
count dict: Counter({2: 940, 1: 558, 0: 188})
Generated 888 negative samples for edge type 6
Epoch 00038, Step00000 | Train_Loss: 0.5092 | Time: 0.0203
Epoch 00038 | Val_Loss 1.0539 | Time(s) 0.0084
EarlyStopping counter: 35 out of 40
Getting training negative samples for edge types: [6]
nodes.shift keys: [0, 1, 2]
nodes.count keys: [0, 1, 2]
links.meta: {5: (2, 2), 6: (2, 1), 7: (1, 1), 2: (2, 2), 8: (2, 2), 0: (1, 1), 3: (1, 0), 4: (1, 1), 1: (2, 2), 10: (2, 2), 9: (2, 2)}
t_type about to use: 1
h_type: 2
shift dict: {0: 0, 1: 188, 2: 746}
count dict: Counter({2: 940, 1: 558, 0: 188})
Generated 888 negative samples for edge type 6
Epoch 00039, Step00000 | Train_Loss: 0.5001 | Time: 0.0198
Epoch 00039 | Val_Loss 0.9753 | Time(s) 0.0084
EarlyStopping counter: 36 out of 40
Getting training negative samples for edge types: [6]
nodes.shift keys: [0, 1, 2]
nodes.count keys: [0, 1, 2]
links.meta: {5: (2, 2), 6: (2, 1), 7: (1, 1), 2: (2, 2), 8: (2, 2), 0: (1, 1), 3: (1, 0), 4: (1, 1), 1: (2, 2), 10: (2, 2), 9: (2, 2)}
t_type about to use: 1
h_type: 2
shift dict: {0: 0, 1: 188, 2: 746}
count dict: Counter({2: 940, 1: 558, 0: 188})
Generated 888 negative samples for edge type 6
Epoch 00040, Step00000 | Train_Loss: 0.5106 | Time: 0.0210
Epoch 00040 | Val_Loss 0.9351 | Time(s) 0.0080
EarlyStopping counter: 37 out of 40
Getting training negative samples for edge types: [6]
nodes.shift keys: [0, 1, 2]
nodes.count keys: [0, 1, 2]
links.meta: {5: (2, 2), 6: (2, 1), 7: (1, 1), 2: (2, 2), 8: (2, 2), 0: (1, 1), 3: (1, 0), 4: (1, 1), 1: (2, 2), 10: (2, 2), 9: (2, 2)}
t_type about to use: 1
h_type: 2
shift dict: {0: 0, 1: 188, 2: 746}
count dict: Counter({2: 940, 1: 558, 0: 188})
Generated 888 negative samples for edge type 6
Epoch 00041, Step00000 | Train_Loss: 0.4958 | Time: 0.0205
Epoch 00041 | Val_Loss 0.9947 | Time(s) 0.0086
EarlyStopping counter: 38 out of 40
Getting training negative samples for edge types: [6]
nodes.shift keys: [0, 1, 2]
nodes.count keys: [0, 1, 2]
links.meta: {5: (2, 2), 6: (2, 1), 7: (1, 1), 2: (2, 2), 8: (2, 2), 0: (1, 1), 3: (1, 0), 4: (1, 1), 1: (2, 2), 10: (2, 2), 9: (2, 2)}
t_type about to use: 1
h_type: 2
shift dict: {0: 0, 1: 188, 2: 746}
count dict: Counter({2: 940, 1: 558, 0: 188})
Generated 888 negative samples for edge type 6
Epoch 00042, Step00000 | Train_Loss: 0.5054 | Time: 0.0201
Epoch 00042 | Val_Loss 1.0148 | Time(s) 0.0083
EarlyStopping counter: 39 out of 40
Getting training negative samples for edge types: [6]
nodes.shift keys: [0, 1, 2]
nodes.count keys: [0, 1, 2]
links.meta: {5: (2, 2), 6: (2, 1), 7: (1, 1), 2: (2, 2), 8: (2, 2), 0: (1, 1), 3: (1, 0), 4: (1, 1), 1: (2, 2), 10: (2, 2), 9: (2, 2)}
t_type about to use: 1
h_type: 2
shift dict: {0: 0, 1: 188, 2: 746}
count dict: Counter({2: 940, 1: 558, 0: 188})
Generated 888 negative samples for edge type 6
Epoch 00043, Step00000 | Train_Loss: 0.5173 | Time: 0.0210
Epoch 00043 | Val_Loss 0.9795 | Time(s) 0.0095
EarlyStopping counter: 40 out of 40
Early stopping!
Early stopping!
Meta keys: dict_keys([6])
Data keys: dict_keys([6])
Edge type: 6, Meta: (2, 1)
{'roc_auc': 0.5257998950957252, 'MRR': 0.750886524822695}
{'roc_auc': 0.6658753902185224, 'MRR': 0.8049645390070922}
defaultdict(<class 'float'>, {'roc_auc': 0.5257998950957252, 'MRR': 0.750886524822695})
defaultdict(<class 'float'>, {'roc_auc': 0.6658753902185224, 'MRR': 0.8049645390070922})
Completed: amazon_style_cct_features_securebert_fold_5

=== Repetition 2/6 ===
--------------------------------------
Running model: SimpleHGN
Dataset: amazon_style_cct_features_securebert_fold_1
--------------------------------------
Data path: ../../data/amazon_style_cct_features_securebert_fold_1
Loading nodes from ../../data/amazon_style_cct_features_securebert_fold_1/node.dat
edge types: dict_keys([6, 3, 5, 7, 4, 8, 0, 2, 1, 9, 10])
Getting training negative samples for edge types: [6]
nodes.shift keys: [0, 1, 2]
nodes.count keys: [0, 1, 2]
links.meta: {6: (2, 1), 3: (1, 0), 5: (2, 2), 7: (1, 1), 4: (1, 1), 8: (2, 2), 0: (1, 1), 2: (2, 2), 1: (2, 2), 9: (2, 2), 10: (2, 2)}
t_type about to use: 1
h_type: 2
shift dict: {0: 0, 1: 188, 2: 746}
count dict: Counter({2: 940, 1: 558, 0: 188})
Generated 903 negative samples for edge type 6
Features List: [array([[ 0.00445206,  0.01268557,  0.22351578, ..., -0.28678206,
        -0.37460288,  0.18294938],
       [-0.18744846,  0.07075578,  0.0476894 , ..., -0.2232531 ,
        -0.19588573,  0.47988179],
       [-0.17451471, -0.04557271,  0.15712288, ..., -0.05391889,
        -0.20500693,  0.23744845],
       ...,
       [-0.40584856,  0.04715464,  0.24475315, ..., -0.12466257,
        -0.2035536 ,  0.28577447],
       [-0.18835557,  0.03822717,  0.03586731, ..., -0.23435652,
        -0.35453227,  0.38753107],
       [-0.13632202,  0.14362322,  0.08668749, ..., -0.24145249,
        -0.25799868,  0.26464131]]), array([[ 0.00791158, -0.00538086, -0.02676104, ..., -0.01897389,
        -0.01306979, -0.00084801],
       [ 0.01682901, -0.00649696, -0.01921631, ..., -0.01401017,
        -0.0039668 , -0.02202195],
       [ 0.02197852, -0.01403735, -0.05225722, ...,  0.02019661,
         0.00528841,  0.0033033 ],
       ...,
       [ 0.01603197,  0.00716993, -0.01245602, ..., -0.01399604,
        -0.00058955, -0.0256807 ],
       [ 0.01039577,  0.02045547, -0.02146293, ...,  0.01017929,
         0.02390171,  0.00134994],
       [ 0.00462414,  0.0041195 , -0.0135733 , ..., -0.01101827,
         0.00813001,  0.0203817 ]]), array([[ 0.00087804,  0.00658507, -0.02514569, ..., -0.04238372,
         0.00850771, -0.02565438],
       [-0.0006986 ,  0.01542003, -0.03227317, ..., -0.01301633,
         0.01559736, -0.03614859],
       [-0.01135348,  0.00974955, -0.01812623, ..., -0.01920343,
         0.00887381, -0.0152928 ],
       ...,
       [ 0.00701895, -0.01539859, -0.03025482, ..., -0.03644368,
         0.01254067, -0.0236606 ],
       [-0.00414097,  0.00144739, -0.05197839, ...,  0.00216818,
         0.02755725, -0.03143983],
       [ 0.01779867, -0.02493452, -0.0391779 , ..., -0.01159797,
        -0.00619852, -0.02449675]])]
Getting training negative samples for edge types: [6]
nodes.shift keys: [0, 1, 2]
nodes.count keys: [0, 1, 2]
links.meta: {6: (2, 1), 3: (1, 0), 5: (2, 2), 7: (1, 1), 4: (1, 1), 8: (2, 2), 0: (1, 1), 2: (2, 2), 1: (2, 2), 9: (2, 2), 10: (2, 2)}
t_type about to use: 1
h_type: 2
shift dict: {0: 0, 1: 188, 2: 746}
count dict: Counter({2: 940, 1: 558, 0: 188})
Generated 903 negative samples for edge type 6
Epoch 00000, Step00000 | Train_Loss: 0.6940 | Time: 0.5187
Epoch 00000 | Val_Loss 0.6869 | Time(s) 0.0069
Validation loss decreased (inf --> 0.686925).  Saving model ...
Getting training negative samples for edge types: [6]
nodes.shift keys: [0, 1, 2]
nodes.count keys: [0, 1, 2]
links.meta: {6: (2, 1), 3: (1, 0), 5: (2, 2), 7: (1, 1), 4: (1, 1), 8: (2, 2), 0: (1, 1), 2: (2, 2), 1: (2, 2), 9: (2, 2), 10: (2, 2)}
t_type about to use: 1
h_type: 2
shift dict: {0: 0, 1: 188, 2: 746}
count dict: Counter({2: 940, 1: 558, 0: 188})
Generated 903 negative samples for edge type 6
Epoch 00001, Step00000 | Train_Loss: 0.6850 | Time: 0.0278
Epoch 00001 | Val_Loss 0.6809 | Time(s) 0.0068
Validation loss decreased (0.686925 --> 0.680871).  Saving model ...
Getting training negative samples for edge types: [6]
nodes.shift keys: [0, 1, 2]
nodes.count keys: [0, 1, 2]
links.meta: {6: (2, 1), 3: (1, 0), 5: (2, 2), 7: (1, 1), 4: (1, 1), 8: (2, 2), 0: (1, 1), 2: (2, 2), 1: (2, 2), 9: (2, 2), 10: (2, 2)}
t_type about to use: 1
h_type: 2
shift dict: {0: 0, 1: 188, 2: 746}
count dict: Counter({2: 940, 1: 558, 0: 188})
Generated 903 negative samples for edge type 6
Epoch 00002, Step00000 | Train_Loss: 0.6743 | Time: 0.0203
Epoch 00002 | Val_Loss 0.6830 | Time(s) 0.0065
EarlyStopping counter: 1 out of 40
Getting training negative samples for edge types: [6]
nodes.shift keys: [0, 1, 2]
nodes.count keys: [0, 1, 2]
links.meta: {6: (2, 1), 3: (1, 0), 5: (2, 2), 7: (1, 1), 4: (1, 1), 8: (2, 2), 0: (1, 1), 2: (2, 2), 1: (2, 2), 9: (2, 2), 10: (2, 2)}
t_type about to use: 1
h_type: 2
shift dict: {0: 0, 1: 188, 2: 746}
count dict: Counter({2: 940, 1: 558, 0: 188})
Generated 903 negative samples for edge type 6
Epoch 00003, Step00000 | Train_Loss: 0.6673 | Time: 0.0202
Epoch 00003 | Val_Loss 0.6808 | Time(s) 0.0079
Validation loss decreased (0.680871 --> 0.680752).  Saving model ...
Getting training negative samples for edge types: [6]
nodes.shift keys: [0, 1, 2]
nodes.count keys: [0, 1, 2]
links.meta: {6: (2, 1), 3: (1, 0), 5: (2, 2), 7: (1, 1), 4: (1, 1), 8: (2, 2), 0: (1, 1), 2: (2, 2), 1: (2, 2), 9: (2, 2), 10: (2, 2)}
t_type about to use: 1
h_type: 2
shift dict: {0: 0, 1: 188, 2: 746}
count dict: Counter({2: 940, 1: 558, 0: 188})
Generated 903 negative samples for edge type 6
Epoch 00004, Step00000 | Train_Loss: 0.6531 | Time: 0.0235
Epoch 00004 | Val_Loss 0.6597 | Time(s) 0.0084
Validation loss decreased (0.680752 --> 0.659698).  Saving model ...
Getting training negative samples for edge types: [6]
nodes.shift keys: [0, 1, 2]
nodes.count keys: [0, 1, 2]
links.meta: {6: (2, 1), 3: (1, 0), 5: (2, 2), 7: (1, 1), 4: (1, 1), 8: (2, 2), 0: (1, 1), 2: (2, 2), 1: (2, 2), 9: (2, 2), 10: (2, 2)}
t_type about to use: 1
h_type: 2
shift dict: {0: 0, 1: 188, 2: 746}
count dict: Counter({2: 940, 1: 558, 0: 188})
Generated 903 negative samples for edge type 6
Epoch 00005, Step00000 | Train_Loss: 0.6466 | Time: 0.0203
Epoch 00005 | Val_Loss 0.6677 | Time(s) 0.0067
EarlyStopping counter: 1 out of 40
Getting training negative samples for edge types: [6]
nodes.shift keys: [0, 1, 2]
nodes.count keys: [0, 1, 2]
links.meta: {6: (2, 1), 3: (1, 0), 5: (2, 2), 7: (1, 1), 4: (1, 1), 8: (2, 2), 0: (1, 1), 2: (2, 2), 1: (2, 2), 9: (2, 2), 10: (2, 2)}
t_type about to use: 1
h_type: 2
shift dict: {0: 0, 1: 188, 2: 746}
count dict: Counter({2: 940, 1: 558, 0: 188})
Generated 903 negative samples for edge type 6
Epoch 00006, Step00000 | Train_Loss: 0.6254 | Time: 0.0196
Epoch 00006 | Val_Loss 0.6992 | Time(s) 0.0065
EarlyStopping counter: 2 out of 40
Getting training negative samples for edge types: [6]
nodes.shift keys: [0, 1, 2]
nodes.count keys: [0, 1, 2]
links.meta: {6: (2, 1), 3: (1, 0), 5: (2, 2), 7: (1, 1), 4: (1, 1), 8: (2, 2), 0: (1, 1), 2: (2, 2), 1: (2, 2), 9: (2, 2), 10: (2, 2)}
t_type about to use: 1
h_type: 2
shift dict: {0: 0, 1: 188, 2: 746}
count dict: Counter({2: 940, 1: 558, 0: 188})
Generated 903 negative samples for edge type 6
Epoch 00007, Step00000 | Train_Loss: 0.6159 | Time: 0.0191
Epoch 00007 | Val_Loss 0.7190 | Time(s) 0.0081
EarlyStopping counter: 3 out of 40
Getting training negative samples for edge types: [6]
nodes.shift keys: [0, 1, 2]
nodes.count keys: [0, 1, 2]
links.meta: {6: (2, 1), 3: (1, 0), 5: (2, 2), 7: (1, 1), 4: (1, 1), 8: (2, 2), 0: (1, 1), 2: (2, 2), 1: (2, 2), 9: (2, 2), 10: (2, 2)}
t_type about to use: 1
h_type: 2
shift dict: {0: 0, 1: 188, 2: 746}
count dict: Counter({2: 940, 1: 558, 0: 188})
Generated 903 negative samples for edge type 6
Epoch 00008, Step00000 | Train_Loss: 0.6103 | Time: 0.0209
Epoch 00008 | Val_Loss 0.7497 | Time(s) 0.0082
EarlyStopping counter: 4 out of 40
Getting training negative samples for edge types: [6]
nodes.shift keys: [0, 1, 2]
nodes.count keys: [0, 1, 2]
links.meta: {6: (2, 1), 3: (1, 0), 5: (2, 2), 7: (1, 1), 4: (1, 1), 8: (2, 2), 0: (1, 1), 2: (2, 2), 1: (2, 2), 9: (2, 2), 10: (2, 2)}
t_type about to use: 1
h_type: 2
shift dict: {0: 0, 1: 188, 2: 746}
count dict: Counter({2: 940, 1: 558, 0: 188})
Generated 903 negative samples for edge type 6
Epoch 00009, Step00000 | Train_Loss: 0.5859 | Time: 0.0215
Epoch 00009 | Val_Loss 0.7591 | Time(s) 0.0082
EarlyStopping counter: 5 out of 40
Getting training negative samples for edge types: [6]
nodes.shift keys: [0, 1, 2]
nodes.count keys: [0, 1, 2]
links.meta: {6: (2, 1), 3: (1, 0), 5: (2, 2), 7: (1, 1), 4: (1, 1), 8: (2, 2), 0: (1, 1), 2: (2, 2), 1: (2, 2), 9: (2, 2), 10: (2, 2)}
t_type about to use: 1
h_type: 2
shift dict: {0: 0, 1: 188, 2: 746}
count dict: Counter({2: 940, 1: 558, 0: 188})
Generated 903 negative samples for edge type 6
Epoch 00010, Step00000 | Train_Loss: 0.5876 | Time: 0.0208
Epoch 00010 | Val_Loss 0.8211 | Time(s) 0.0080
EarlyStopping counter: 6 out of 40
Getting training negative samples for edge types: [6]
nodes.shift keys: [0, 1, 2]
nodes.count keys: [0, 1, 2]
links.meta: {6: (2, 1), 3: (1, 0), 5: (2, 2), 7: (1, 1), 4: (1, 1), 8: (2, 2), 0: (1, 1), 2: (2, 2), 1: (2, 2), 9: (2, 2), 10: (2, 2)}
t_type about to use: 1
h_type: 2
shift dict: {0: 0, 1: 188, 2: 746}
count dict: Counter({2: 940, 1: 558, 0: 188})
Generated 903 negative samples for edge type 6
Epoch 00011, Step00000 | Train_Loss: 0.5815 | Time: 0.0204
Epoch 00011 | Val_Loss 0.7712 | Time(s) 0.0081
EarlyStopping counter: 7 out of 40
Getting training negative samples for edge types: [6]
nodes.shift keys: [0, 1, 2]
nodes.count keys: [0, 1, 2]
links.meta: {6: (2, 1), 3: (1, 0), 5: (2, 2), 7: (1, 1), 4: (1, 1), 8: (2, 2), 0: (1, 1), 2: (2, 2), 1: (2, 2), 9: (2, 2), 10: (2, 2)}
t_type about to use: 1
h_type: 2
shift dict: {0: 0, 1: 188, 2: 746}
count dict: Counter({2: 940, 1: 558, 0: 188})
Generated 903 negative samples for edge type 6
Epoch 00012, Step00000 | Train_Loss: 0.5677 | Time: 0.0197
Epoch 00012 | Val_Loss 0.8841 | Time(s) 0.0083
EarlyStopping counter: 8 out of 40
Getting training negative samples for edge types: [6]
nodes.shift keys: [0, 1, 2]
nodes.count keys: [0, 1, 2]
links.meta: {6: (2, 1), 3: (1, 0), 5: (2, 2), 7: (1, 1), 4: (1, 1), 8: (2, 2), 0: (1, 1), 2: (2, 2), 1: (2, 2), 9: (2, 2), 10: (2, 2)}
t_type about to use: 1
h_type: 2
shift dict: {0: 0, 1: 188, 2: 746}
count dict: Counter({2: 940, 1: 558, 0: 188})
Generated 903 negative samples for edge type 6
Epoch 00013, Step00000 | Train_Loss: 0.5557 | Time: 0.0216
Epoch 00013 | Val_Loss 0.8740 | Time(s) 0.0084
EarlyStopping counter: 9 out of 40
Getting training negative samples for edge types: [6]
nodes.shift keys: [0, 1, 2]
nodes.count keys: [0, 1, 2]
links.meta: {6: (2, 1), 3: (1, 0), 5: (2, 2), 7: (1, 1), 4: (1, 1), 8: (2, 2), 0: (1, 1), 2: (2, 2), 1: (2, 2), 9: (2, 2), 10: (2, 2)}
t_type about to use: 1
h_type: 2
shift dict: {0: 0, 1: 188, 2: 746}
count dict: Counter({2: 940, 1: 558, 0: 188})
Generated 903 negative samples for edge type 6
Epoch 00014, Step00000 | Train_Loss: 0.5667 | Time: 0.0212
Epoch 00014 | Val_Loss 1.0580 | Time(s) 0.0081
EarlyStopping counter: 10 out of 40
Getting training negative samples for edge types: [6]
nodes.shift keys: [0, 1, 2]
nodes.count keys: [0, 1, 2]
links.meta: {6: (2, 1), 3: (1, 0), 5: (2, 2), 7: (1, 1), 4: (1, 1), 8: (2, 2), 0: (1, 1), 2: (2, 2), 1: (2, 2), 9: (2, 2), 10: (2, 2)}
t_type about to use: 1
h_type: 2
shift dict: {0: 0, 1: 188, 2: 746}
count dict: Counter({2: 940, 1: 558, 0: 188})
Generated 903 negative samples for edge type 6
Epoch 00015, Step00000 | Train_Loss: 0.5685 | Time: 0.0196
Epoch 00015 | Val_Loss 0.9865 | Time(s) 0.0085
EarlyStopping counter: 11 out of 40
Getting training negative samples for edge types: [6]
nodes.shift keys: [0, 1, 2]
nodes.count keys: [0, 1, 2]
links.meta: {6: (2, 1), 3: (1, 0), 5: (2, 2), 7: (1, 1), 4: (1, 1), 8: (2, 2), 0: (1, 1), 2: (2, 2), 1: (2, 2), 9: (2, 2), 10: (2, 2)}
t_type about to use: 1
h_type: 2
shift dict: {0: 0, 1: 188, 2: 746}
count dict: Counter({2: 940, 1: 558, 0: 188})
Generated 903 negative samples for edge type 6
Epoch 00016, Step00000 | Train_Loss: 0.5665 | Time: 0.0214
Epoch 00016 | Val_Loss 0.8693 | Time(s) 0.0082
EarlyStopping counter: 12 out of 40
Getting training negative samples for edge types: [6]
nodes.shift keys: [0, 1, 2]
nodes.count keys: [0, 1, 2]
links.meta: {6: (2, 1), 3: (1, 0), 5: (2, 2), 7: (1, 1), 4: (1, 1), 8: (2, 2), 0: (1, 1), 2: (2, 2), 1: (2, 2), 9: (2, 2), 10: (2, 2)}
t_type about to use: 1
h_type: 2
shift dict: {0: 0, 1: 188, 2: 746}
count dict: Counter({2: 940, 1: 558, 0: 188})
Generated 903 negative samples for edge type 6
Epoch 00017, Step00000 | Train_Loss: 0.5584 | Time: 0.0194
Epoch 00017 | Val_Loss 0.9772 | Time(s) 0.0083
EarlyStopping counter: 13 out of 40
Getting training negative samples for edge types: [6]
nodes.shift keys: [0, 1, 2]
nodes.count keys: [0, 1, 2]
links.meta: {6: (2, 1), 3: (1, 0), 5: (2, 2), 7: (1, 1), 4: (1, 1), 8: (2, 2), 0: (1, 1), 2: (2, 2), 1: (2, 2), 9: (2, 2), 10: (2, 2)}
t_type about to use: 1
h_type: 2
shift dict: {0: 0, 1: 188, 2: 746}
count dict: Counter({2: 940, 1: 558, 0: 188})
Generated 903 negative samples for edge type 6
Epoch 00018, Step00000 | Train_Loss: 0.5606 | Time: 0.0220
Epoch 00018 | Val_Loss 0.9567 | Time(s) 0.0081
EarlyStopping counter: 14 out of 40
Getting training negative samples for edge types: [6]
nodes.shift keys: [0, 1, 2]
nodes.count keys: [0, 1, 2]
links.meta: {6: (2, 1), 3: (1, 0), 5: (2, 2), 7: (1, 1), 4: (1, 1), 8: (2, 2), 0: (1, 1), 2: (2, 2), 1: (2, 2), 9: (2, 2), 10: (2, 2)}
t_type about to use: 1
h_type: 2
shift dict: {0: 0, 1: 188, 2: 746}
count dict: Counter({2: 940, 1: 558, 0: 188})
Generated 903 negative samples for edge type 6
Epoch 00019, Step00000 | Train_Loss: 0.5469 | Time: 0.0195
Epoch 00019 | Val_Loss 0.9675 | Time(s) 0.0081
EarlyStopping counter: 15 out of 40
Getting training negative samples for edge types: [6]
nodes.shift keys: [0, 1, 2]
nodes.count keys: [0, 1, 2]
links.meta: {6: (2, 1), 3: (1, 0), 5: (2, 2), 7: (1, 1), 4: (1, 1), 8: (2, 2), 0: (1, 1), 2: (2, 2), 1: (2, 2), 9: (2, 2), 10: (2, 2)}
t_type about to use: 1
h_type: 2
shift dict: {0: 0, 1: 188, 2: 746}
count dict: Counter({2: 940, 1: 558, 0: 188})
Generated 903 negative samples for edge type 6
Epoch 00020, Step00000 | Train_Loss: 0.5601 | Time: 0.0213
Epoch 00020 | Val_Loss 0.9864 | Time(s) 0.0083
EarlyStopping counter: 16 out of 40
Getting training negative samples for edge types: [6]
nodes.shift keys: [0, 1, 2]
nodes.count keys: [0, 1, 2]
links.meta: {6: (2, 1), 3: (1, 0), 5: (2, 2), 7: (1, 1), 4: (1, 1), 8: (2, 2), 0: (1, 1), 2: (2, 2), 1: (2, 2), 9: (2, 2), 10: (2, 2)}
t_type about to use: 1
h_type: 2
shift dict: {0: 0, 1: 188, 2: 746}
count dict: Counter({2: 940, 1: 558, 0: 188})
Generated 903 negative samples for edge type 6
Epoch 00021, Step00000 | Train_Loss: 0.5416 | Time: 0.0198
Epoch 00021 | Val_Loss 1.0129 | Time(s) 0.0085
EarlyStopping counter: 17 out of 40
Getting training negative samples for edge types: [6]
nodes.shift keys: [0, 1, 2]
nodes.count keys: [0, 1, 2]
links.meta: {6: (2, 1), 3: (1, 0), 5: (2, 2), 7: (1, 1), 4: (1, 1), 8: (2, 2), 0: (1, 1), 2: (2, 2), 1: (2, 2), 9: (2, 2), 10: (2, 2)}
t_type about to use: 1
h_type: 2
shift dict: {0: 0, 1: 188, 2: 746}
count dict: Counter({2: 940, 1: 558, 0: 188})
Generated 903 negative samples for edge type 6
Epoch 00022, Step00000 | Train_Loss: 0.5444 | Time: 0.0214
Epoch 00022 | Val_Loss 0.9634 | Time(s) 0.0084
EarlyStopping counter: 18 out of 40
Getting training negative samples for edge types: [6]
nodes.shift keys: [0, 1, 2]
nodes.count keys: [0, 1, 2]
links.meta: {6: (2, 1), 3: (1, 0), 5: (2, 2), 7: (1, 1), 4: (1, 1), 8: (2, 2), 0: (1, 1), 2: (2, 2), 1: (2, 2), 9: (2, 2), 10: (2, 2)}
t_type about to use: 1
h_type: 2
shift dict: {0: 0, 1: 188, 2: 746}
count dict: Counter({2: 940, 1: 558, 0: 188})
Generated 903 negative samples for edge type 6
Epoch 00023, Step00000 | Train_Loss: 0.5438 | Time: 0.0199
Epoch 00023 | Val_Loss 0.9283 | Time(s) 0.0085
EarlyStopping counter: 19 out of 40
Getting training negative samples for edge types: [6]
nodes.shift keys: [0, 1, 2]
nodes.count keys: [0, 1, 2]
links.meta: {6: (2, 1), 3: (1, 0), 5: (2, 2), 7: (1, 1), 4: (1, 1), 8: (2, 2), 0: (1, 1), 2: (2, 2), 1: (2, 2), 9: (2, 2), 10: (2, 2)}
t_type about to use: 1
h_type: 2
shift dict: {0: 0, 1: 188, 2: 746}
count dict: Counter({2: 940, 1: 558, 0: 188})
Generated 903 negative samples for edge type 6
Epoch 00024, Step00000 | Train_Loss: 0.5415 | Time: 0.0198
Epoch 00024 | Val_Loss 0.9651 | Time(s) 0.0085
EarlyStopping counter: 20 out of 40
Getting training negative samples for edge types: [6]
nodes.shift keys: [0, 1, 2]
nodes.count keys: [0, 1, 2]
links.meta: {6: (2, 1), 3: (1, 0), 5: (2, 2), 7: (1, 1), 4: (1, 1), 8: (2, 2), 0: (1, 1), 2: (2, 2), 1: (2, 2), 9: (2, 2), 10: (2, 2)}
t_type about to use: 1
h_type: 2
shift dict: {0: 0, 1: 188, 2: 746}
count dict: Counter({2: 940, 1: 558, 0: 188})
Generated 903 negative samples for edge type 6
Epoch 00025, Step00000 | Train_Loss: 0.5330 | Time: 0.0216
Epoch 00025 | Val_Loss 0.9282 | Time(s) 0.0083
EarlyStopping counter: 21 out of 40
Getting training negative samples for edge types: [6]
nodes.shift keys: [0, 1, 2]
nodes.count keys: [0, 1, 2]
links.meta: {6: (2, 1), 3: (1, 0), 5: (2, 2), 7: (1, 1), 4: (1, 1), 8: (2, 2), 0: (1, 1), 2: (2, 2), 1: (2, 2), 9: (2, 2), 10: (2, 2)}
t_type about to use: 1
h_type: 2
shift dict: {0: 0, 1: 188, 2: 746}
count dict: Counter({2: 940, 1: 558, 0: 188})
Generated 903 negative samples for edge type 6
Epoch 00026, Step00000 | Train_Loss: 0.5588 | Time: 0.0196
Epoch 00026 | Val_Loss 0.9572 | Time(s) 0.0083
EarlyStopping counter: 22 out of 40
Getting training negative samples for edge types: [6]
nodes.shift keys: [0, 1, 2]
nodes.count keys: [0, 1, 2]
links.meta: {6: (2, 1), 3: (1, 0), 5: (2, 2), 7: (1, 1), 4: (1, 1), 8: (2, 2), 0: (1, 1), 2: (2, 2), 1: (2, 2), 9: (2, 2), 10: (2, 2)}
t_type about to use: 1
h_type: 2
shift dict: {0: 0, 1: 188, 2: 746}
count dict: Counter({2: 940, 1: 558, 0: 188})
Generated 903 negative samples for edge type 6
Epoch 00027, Step00000 | Train_Loss: 0.5468 | Time: 0.0209
Epoch 00027 | Val_Loss 0.9336 | Time(s) 0.0084
EarlyStopping counter: 23 out of 40
Getting training negative samples for edge types: [6]
nodes.shift keys: [0, 1, 2]
nodes.count keys: [0, 1, 2]
links.meta: {6: (2, 1), 3: (1, 0), 5: (2, 2), 7: (1, 1), 4: (1, 1), 8: (2, 2), 0: (1, 1), 2: (2, 2), 1: (2, 2), 9: (2, 2), 10: (2, 2)}
t_type about to use: 1
h_type: 2
shift dict: {0: 0, 1: 188, 2: 746}
count dict: Counter({2: 940, 1: 558, 0: 188})
Generated 903 negative samples for edge type 6
Epoch 00028, Step00000 | Train_Loss: 0.5272 | Time: 0.0203
Epoch 00028 | Val_Loss 0.9002 | Time(s) 0.0091
EarlyStopping counter: 24 out of 40
Getting training negative samples for edge types: [6]
nodes.shift keys: [0, 1, 2]
nodes.count keys: [0, 1, 2]
links.meta: {6: (2, 1), 3: (1, 0), 5: (2, 2), 7: (1, 1), 4: (1, 1), 8: (2, 2), 0: (1, 1), 2: (2, 2), 1: (2, 2), 9: (2, 2), 10: (2, 2)}
t_type about to use: 1
h_type: 2
shift dict: {0: 0, 1: 188, 2: 746}
count dict: Counter({2: 940, 1: 558, 0: 188})
Generated 903 negative samples for edge type 6
Epoch 00029, Step00000 | Train_Loss: 0.5353 | Time: 0.0197
Epoch 00029 | Val_Loss 0.8528 | Time(s) 0.0081
EarlyStopping counter: 25 out of 40
Getting training negative samples for edge types: [6]
nodes.shift keys: [0, 1, 2]
nodes.count keys: [0, 1, 2]
links.meta: {6: (2, 1), 3: (1, 0), 5: (2, 2), 7: (1, 1), 4: (1, 1), 8: (2, 2), 0: (1, 1), 2: (2, 2), 1: (2, 2), 9: (2, 2), 10: (2, 2)}
t_type about to use: 1
h_type: 2
shift dict: {0: 0, 1: 188, 2: 746}
count dict: Counter({2: 940, 1: 558, 0: 188})
Generated 903 negative samples for edge type 6
Epoch 00030, Step00000 | Train_Loss: 0.5417 | Time: 0.0199
Epoch 00030 | Val_Loss 0.9248 | Time(s) 0.0083
EarlyStopping counter: 26 out of 40
Getting training negative samples for edge types: [6]
nodes.shift keys: [0, 1, 2]
nodes.count keys: [0, 1, 2]
links.meta: {6: (2, 1), 3: (1, 0), 5: (2, 2), 7: (1, 1), 4: (1, 1), 8: (2, 2), 0: (1, 1), 2: (2, 2), 1: (2, 2), 9: (2, 2), 10: (2, 2)}
t_type about to use: 1
h_type: 2
shift dict: {0: 0, 1: 188, 2: 746}
count dict: Counter({2: 940, 1: 558, 0: 188})
Generated 903 negative samples for edge type 6
Epoch 00031, Step00000 | Train_Loss: 0.5476 | Time: 0.0198
Epoch 00031 | Val_Loss 0.8399 | Time(s) 0.0086
EarlyStopping counter: 27 out of 40
Getting training negative samples for edge types: [6]
nodes.shift keys: [0, 1, 2]
nodes.count keys: [0, 1, 2]
links.meta: {6: (2, 1), 3: (1, 0), 5: (2, 2), 7: (1, 1), 4: (1, 1), 8: (2, 2), 0: (1, 1), 2: (2, 2), 1: (2, 2), 9: (2, 2), 10: (2, 2)}
t_type about to use: 1
h_type: 2
shift dict: {0: 0, 1: 188, 2: 746}
count dict: Counter({2: 940, 1: 558, 0: 188})
Generated 903 negative samples for edge type 6
Epoch 00032, Step00000 | Train_Loss: 0.5331 | Time: 0.0219
Epoch 00032 | Val_Loss 0.9183 | Time(s) 0.0084
EarlyStopping counter: 28 out of 40
Getting training negative samples for edge types: [6]
nodes.shift keys: [0, 1, 2]
nodes.count keys: [0, 1, 2]
links.meta: {6: (2, 1), 3: (1, 0), 5: (2, 2), 7: (1, 1), 4: (1, 1), 8: (2, 2), 0: (1, 1), 2: (2, 2), 1: (2, 2), 9: (2, 2), 10: (2, 2)}
t_type about to use: 1
h_type: 2
shift dict: {0: 0, 1: 188, 2: 746}
count dict: Counter({2: 940, 1: 558, 0: 188})
Generated 903 negative samples for edge type 6
Epoch 00033, Step00000 | Train_Loss: 0.5485 | Time: 0.0197
Epoch 00033 | Val_Loss 0.9471 | Time(s) 0.0086
EarlyStopping counter: 29 out of 40
Getting training negative samples for edge types: [6]
nodes.shift keys: [0, 1, 2]
nodes.count keys: [0, 1, 2]
links.meta: {6: (2, 1), 3: (1, 0), 5: (2, 2), 7: (1, 1), 4: (1, 1), 8: (2, 2), 0: (1, 1), 2: (2, 2), 1: (2, 2), 9: (2, 2), 10: (2, 2)}
t_type about to use: 1
h_type: 2
shift dict: {0: 0, 1: 188, 2: 746}
count dict: Counter({2: 940, 1: 558, 0: 188})
Generated 903 negative samples for edge type 6
Epoch 00034, Step00000 | Train_Loss: 0.5341 | Time: 0.0199
Epoch 00034 | Val_Loss 0.9576 | Time(s) 0.0108
EarlyStopping counter: 30 out of 40
Getting training negative samples for edge types: [6]
nodes.shift keys: [0, 1, 2]
nodes.count keys: [0, 1, 2]
links.meta: {6: (2, 1), 3: (1, 0), 5: (2, 2), 7: (1, 1), 4: (1, 1), 8: (2, 2), 0: (1, 1), 2: (2, 2), 1: (2, 2), 9: (2, 2), 10: (2, 2)}
t_type about to use: 1
h_type: 2
shift dict: {0: 0, 1: 188, 2: 746}
count dict: Counter({2: 940, 1: 558, 0: 188})
Generated 903 negative samples for edge type 6
Epoch 00035, Step00000 | Train_Loss: 0.5299 | Time: 0.0196
Epoch 00035 | Val_Loss 0.8825 | Time(s) 0.0076
EarlyStopping counter: 31 out of 40
Getting training negative samples for edge types: [6]
nodes.shift keys: [0, 1, 2]
nodes.count keys: [0, 1, 2]
links.meta: {6: (2, 1), 3: (1, 0), 5: (2, 2), 7: (1, 1), 4: (1, 1), 8: (2, 2), 0: (1, 1), 2: (2, 2), 1: (2, 2), 9: (2, 2), 10: (2, 2)}
t_type about to use: 1
h_type: 2
shift dict: {0: 0, 1: 188, 2: 746}
count dict: Counter({2: 940, 1: 558, 0: 188})
Generated 903 negative samples for edge type 6
Epoch 00036, Step00000 | Train_Loss: 0.5324 | Time: 0.0196
Epoch 00036 | Val_Loss 0.9238 | Time(s) 0.0085
EarlyStopping counter: 32 out of 40
Getting training negative samples for edge types: [6]
nodes.shift keys: [0, 1, 2]
nodes.count keys: [0, 1, 2]
links.meta: {6: (2, 1), 3: (1, 0), 5: (2, 2), 7: (1, 1), 4: (1, 1), 8: (2, 2), 0: (1, 1), 2: (2, 2), 1: (2, 2), 9: (2, 2), 10: (2, 2)}
t_type about to use: 1
h_type: 2
shift dict: {0: 0, 1: 188, 2: 746}
count dict: Counter({2: 940, 1: 558, 0: 188})
Generated 903 negative samples for edge type 6
Epoch 00037, Step00000 | Train_Loss: 0.5148 | Time: 0.0212
Epoch 00037 | Val_Loss 0.8457 | Time(s) 0.0082
EarlyStopping counter: 33 out of 40
Getting training negative samples for edge types: [6]
nodes.shift keys: [0, 1, 2]
nodes.count keys: [0, 1, 2]
links.meta: {6: (2, 1), 3: (1, 0), 5: (2, 2), 7: (1, 1), 4: (1, 1), 8: (2, 2), 0: (1, 1), 2: (2, 2), 1: (2, 2), 9: (2, 2), 10: (2, 2)}
t_type about to use: 1
h_type: 2
shift dict: {0: 0, 1: 188, 2: 746}
count dict: Counter({2: 940, 1: 558, 0: 188})
Generated 903 negative samples for edge type 6
Epoch 00038, Step00000 | Train_Loss: 0.5448 | Time: 0.0207
Epoch 00038 | Val_Loss 0.9028 | Time(s) 0.0082
EarlyStopping counter: 34 out of 40
Getting training negative samples for edge types: [6]
nodes.shift keys: [0, 1, 2]
nodes.count keys: [0, 1, 2]
links.meta: {6: (2, 1), 3: (1, 0), 5: (2, 2), 7: (1, 1), 4: (1, 1), 8: (2, 2), 0: (1, 1), 2: (2, 2), 1: (2, 2), 9: (2, 2), 10: (2, 2)}
t_type about to use: 1
h_type: 2
shift dict: {0: 0, 1: 188, 2: 746}
count dict: Counter({2: 940, 1: 558, 0: 188})
Generated 903 negative samples for edge type 6
Epoch 00039, Step00000 | Train_Loss: 0.5162 | Time: 0.0202
Epoch 00039 | Val_Loss 0.9430 | Time(s) 0.0084
EarlyStopping counter: 35 out of 40
Getting training negative samples for edge types: [6]
nodes.shift keys: [0, 1, 2]
nodes.count keys: [0, 1, 2]
links.meta: {6: (2, 1), 3: (1, 0), 5: (2, 2), 7: (1, 1), 4: (1, 1), 8: (2, 2), 0: (1, 1), 2: (2, 2), 1: (2, 2), 9: (2, 2), 10: (2, 2)}
t_type about to use: 1
h_type: 2
shift dict: {0: 0, 1: 188, 2: 746}
count dict: Counter({2: 940, 1: 558, 0: 188})
Generated 903 negative samples for edge type 6
Epoch 00040, Step00000 | Train_Loss: 0.5223 | Time: 0.0200
Epoch 00040 | Val_Loss 0.8773 | Time(s) 0.0086
EarlyStopping counter: 36 out of 40
Getting training negative samples for edge types: [6]
nodes.shift keys: [0, 1, 2]
nodes.count keys: [0, 1, 2]
links.meta: {6: (2, 1), 3: (1, 0), 5: (2, 2), 7: (1, 1), 4: (1, 1), 8: (2, 2), 0: (1, 1), 2: (2, 2), 1: (2, 2), 9: (2, 2), 10: (2, 2)}
t_type about to use: 1
h_type: 2
shift dict: {0: 0, 1: 188, 2: 746}
count dict: Counter({2: 940, 1: 558, 0: 188})
Generated 903 negative samples for edge type 6
Epoch 00041, Step00000 | Train_Loss: 0.5304 | Time: 0.0219
Epoch 00041 | Val_Loss 0.9972 | Time(s) 0.0084
EarlyStopping counter: 37 out of 40
Getting training negative samples for edge types: [6]
nodes.shift keys: [0, 1, 2]
nodes.count keys: [0, 1, 2]
links.meta: {6: (2, 1), 3: (1, 0), 5: (2, 2), 7: (1, 1), 4: (1, 1), 8: (2, 2), 0: (1, 1), 2: (2, 2), 1: (2, 2), 9: (2, 2), 10: (2, 2)}
t_type about to use: 1
h_type: 2
shift dict: {0: 0, 1: 188, 2: 746}
count dict: Counter({2: 940, 1: 558, 0: 188})
Generated 903 negative samples for edge type 6
Epoch 00042, Step00000 | Train_Loss: 0.5232 | Time: 0.0195
Epoch 00042 | Val_Loss 0.9263 | Time(s) 0.0083
EarlyStopping counter: 38 out of 40
Getting training negative samples for edge types: [6]
nodes.shift keys: [0, 1, 2]
nodes.count keys: [0, 1, 2]
links.meta: {6: (2, 1), 3: (1, 0), 5: (2, 2), 7: (1, 1), 4: (1, 1), 8: (2, 2), 0: (1, 1), 2: (2, 2), 1: (2, 2), 9: (2, 2), 10: (2, 2)}
t_type about to use: 1
h_type: 2
shift dict: {0: 0, 1: 188, 2: 746}
count dict: Counter({2: 940, 1: 558, 0: 188})
Generated 903 negative samples for edge type 6
Epoch 00043, Step00000 | Train_Loss: 0.5255 | Time: 0.0196
Epoch 00043 | Val_Loss 0.9439 | Time(s) 0.0083
EarlyStopping counter: 39 out of 40
Getting training negative samples for edge types: [6]
nodes.shift keys: [0, 1, 2]
nodes.count keys: [0, 1, 2]
links.meta: {6: (2, 1), 3: (1, 0), 5: (2, 2), 7: (1, 1), 4: (1, 1), 8: (2, 2), 0: (1, 1), 2: (2, 2), 1: (2, 2), 9: (2, 2), 10: (2, 2)}
t_type about to use: 1
h_type: 2
shift dict: {0: 0, 1: 188, 2: 746}
count dict: Counter({2: 940, 1: 558, 0: 188})
Generated 903 negative samples for edge type 6
Epoch 00044, Step00000 | Train_Loss: 0.5275 | Time: 0.0210
Epoch 00044 | Val_Loss 0.8919 | Time(s) 0.0082
EarlyStopping counter: 40 out of 40
Early stopping!
Early stopping!
Meta keys: dict_keys([6])
Data keys: dict_keys([6])
Edge type: 6, Meta: (2, 1)
{'roc_auc': 0.5179869684499314, 'MRR': 0.7660249915569065}
{'roc_auc': 0.6487832139409643, 'MRR': 0.7866430260047281}
defaultdict(<class 'float'>, {'roc_auc': 0.5179869684499314, 'MRR': 0.7660249915569065})
defaultdict(<class 'float'>, {'roc_auc': 0.6487832139409643, 'MRR': 0.7866430260047281})
Completed: amazon_style_cct_features_securebert_fold_1

--------------------------------------
Running model: SimpleHGN
Dataset: amazon_style_cct_features_securebert_fold_2
--------------------------------------
Data path: ../../data/amazon_style_cct_features_securebert_fold_2
Loading nodes from ../../data/amazon_style_cct_features_securebert_fold_2/node.dat
edge types: dict_keys([5, 6, 7, 2, 8, 0, 3, 4, 1, 10, 9])
Getting training negative samples for edge types: [6]
nodes.shift keys: [0, 1, 2]
nodes.count keys: [0, 1, 2]
links.meta: {5: (2, 2), 6: (2, 1), 7: (1, 1), 2: (2, 2), 8: (2, 2), 0: (1, 1), 3: (1, 0), 4: (1, 1), 1: (2, 2), 10: (2, 2), 9: (2, 2)}
t_type about to use: 1
h_type: 2
shift dict: {0: 0, 1: 188, 2: 746}
count dict: Counter({2: 940, 1: 558, 0: 188})
Generated 927 negative samples for edge type 6
Features List: [array([[ 0.00445206,  0.01268557,  0.22351578, ..., -0.28678206,
        -0.37460288,  0.18294938],
       [-0.18744846,  0.07075578,  0.0476894 , ..., -0.2232531 ,
        -0.19588573,  0.47988179],
       [-0.17451471, -0.04557271,  0.15712288, ..., -0.05391889,
        -0.20500693,  0.23744845],
       ...,
       [-0.40584856,  0.04715464,  0.24475315, ..., -0.12466257,
        -0.2035536 ,  0.28577447],
       [-0.18835557,  0.03822717,  0.03586731, ..., -0.23435652,
        -0.35453227,  0.38753107],
       [-0.13632202,  0.14362322,  0.08668749, ..., -0.24145249,
        -0.25799868,  0.26464131]]), array([[ 0.00791158, -0.00538086, -0.02676104, ..., -0.01897389,
        -0.01306979, -0.00084801],
       [ 0.01682901, -0.00649696, -0.01921631, ..., -0.01401017,
        -0.0039668 , -0.02202195],
       [ 0.02197852, -0.01403735, -0.05225722, ...,  0.02019661,
         0.00528841,  0.0033033 ],
       ...,
       [ 0.01603197,  0.00716993, -0.01245602, ..., -0.01399604,
        -0.00058955, -0.0256807 ],
       [ 0.01039577,  0.02045547, -0.02146293, ...,  0.01017929,
         0.02390171,  0.00134994],
       [ 0.00462414,  0.0041195 , -0.0135733 , ..., -0.01101827,
         0.00813001,  0.0203817 ]]), array([[ 0.00087804,  0.00658507, -0.02514569, ..., -0.04238372,
         0.00850771, -0.02565438],
       [-0.0006986 ,  0.01542003, -0.03227317, ..., -0.01301633,
         0.01559736, -0.03614859],
       [-0.01135348,  0.00974955, -0.01812623, ..., -0.01920343,
         0.00887381, -0.0152928 ],
       ...,
       [ 0.00701895, -0.01539859, -0.03025482, ..., -0.03644368,
         0.01254067, -0.0236606 ],
       [-0.00414097,  0.00144739, -0.05197839, ...,  0.00216818,
         0.02755725, -0.03143983],
       [ 0.01779867, -0.02493452, -0.0391779 , ..., -0.01159797,
        -0.00619852, -0.02449675]])]
Getting training negative samples for edge types: [6]
nodes.shift keys: [0, 1, 2]
nodes.count keys: [0, 1, 2]
links.meta: {5: (2, 2), 6: (2, 1), 7: (1, 1), 2: (2, 2), 8: (2, 2), 0: (1, 1), 3: (1, 0), 4: (1, 1), 1: (2, 2), 10: (2, 2), 9: (2, 2)}
t_type about to use: 1
h_type: 2
shift dict: {0: 0, 1: 188, 2: 746}
count dict: Counter({2: 940, 1: 558, 0: 188})
Generated 927 negative samples for edge type 6
Epoch 00000, Step00000 | Train_Loss: 0.6915 | Time: 0.5405
Epoch 00000 | Val_Loss 0.6660 | Time(s) 0.0073
Validation loss decreased (inf --> 0.665988).  Saving model ...
Getting training negative samples for edge types: [6]
nodes.shift keys: [0, 1, 2]
nodes.count keys: [0, 1, 2]
links.meta: {5: (2, 2), 6: (2, 1), 7: (1, 1), 2: (2, 2), 8: (2, 2), 0: (1, 1), 3: (1, 0), 4: (1, 1), 1: (2, 2), 10: (2, 2), 9: (2, 2)}
t_type about to use: 1
h_type: 2
shift dict: {0: 0, 1: 188, 2: 746}
count dict: Counter({2: 940, 1: 558, 0: 188})
Generated 927 negative samples for edge type 6
Epoch 00001, Step00000 | Train_Loss: 0.6802 | Time: 0.0269
Epoch 00001 | Val_Loss 0.6751 | Time(s) 0.0082
EarlyStopping counter: 1 out of 40
Getting training negative samples for edge types: [6]
nodes.shift keys: [0, 1, 2]
nodes.count keys: [0, 1, 2]
links.meta: {5: (2, 2), 6: (2, 1), 7: (1, 1), 2: (2, 2), 8: (2, 2), 0: (1, 1), 3: (1, 0), 4: (1, 1), 1: (2, 2), 10: (2, 2), 9: (2, 2)}
t_type about to use: 1
h_type: 2
shift dict: {0: 0, 1: 188, 2: 746}
count dict: Counter({2: 940, 1: 558, 0: 188})
Generated 927 negative samples for edge type 6
Epoch 00002, Step00000 | Train_Loss: 0.6697 | Time: 0.0199
Epoch 00002 | Val_Loss 0.6673 | Time(s) 0.0085
EarlyStopping counter: 2 out of 40
Getting training negative samples for edge types: [6]
nodes.shift keys: [0, 1, 2]
nodes.count keys: [0, 1, 2]
links.meta: {5: (2, 2), 6: (2, 1), 7: (1, 1), 2: (2, 2), 8: (2, 2), 0: (1, 1), 3: (1, 0), 4: (1, 1), 1: (2, 2), 10: (2, 2), 9: (2, 2)}
t_type about to use: 1
h_type: 2
shift dict: {0: 0, 1: 188, 2: 746}
count dict: Counter({2: 940, 1: 558, 0: 188})
Generated 927 negative samples for edge type 6
Epoch 00003, Step00000 | Train_Loss: 0.6526 | Time: 0.0213
Epoch 00003 | Val_Loss 0.6463 | Time(s) 0.0083
Validation loss decreased (0.665988 --> 0.646252).  Saving model ...
Getting training negative samples for edge types: [6]
nodes.shift keys: [0, 1, 2]
nodes.count keys: [0, 1, 2]
links.meta: {5: (2, 2), 6: (2, 1), 7: (1, 1), 2: (2, 2), 8: (2, 2), 0: (1, 1), 3: (1, 0), 4: (1, 1), 1: (2, 2), 10: (2, 2), 9: (2, 2)}
t_type about to use: 1
h_type: 2
shift dict: {0: 0, 1: 188, 2: 746}
count dict: Counter({2: 940, 1: 558, 0: 188})
Generated 927 negative samples for edge type 6
Epoch 00004, Step00000 | Train_Loss: 0.6471 | Time: 0.0206
Epoch 00004 | Val_Loss 0.6397 | Time(s) 0.0082
Validation loss decreased (0.646252 --> 0.639741).  Saving model ...
Getting training negative samples for edge types: [6]
nodes.shift keys: [0, 1, 2]
nodes.count keys: [0, 1, 2]
links.meta: {5: (2, 2), 6: (2, 1), 7: (1, 1), 2: (2, 2), 8: (2, 2), 0: (1, 1), 3: (1, 0), 4: (1, 1), 1: (2, 2), 10: (2, 2), 9: (2, 2)}
t_type about to use: 1
h_type: 2
shift dict: {0: 0, 1: 188, 2: 746}
count dict: Counter({2: 940, 1: 558, 0: 188})
Generated 927 negative samples for edge type 6
Epoch 00005, Step00000 | Train_Loss: 0.6309 | Time: 0.0201
Epoch 00005 | Val_Loss 0.6622 | Time(s) 0.0067
EarlyStopping counter: 1 out of 40
Getting training negative samples for edge types: [6]
nodes.shift keys: [0, 1, 2]
nodes.count keys: [0, 1, 2]
links.meta: {5: (2, 2), 6: (2, 1), 7: (1, 1), 2: (2, 2), 8: (2, 2), 0: (1, 1), 3: (1, 0), 4: (1, 1), 1: (2, 2), 10: (2, 2), 9: (2, 2)}
t_type about to use: 1
h_type: 2
shift dict: {0: 0, 1: 188, 2: 746}
count dict: Counter({2: 940, 1: 558, 0: 188})
Generated 927 negative samples for edge type 6
Epoch 00006, Step00000 | Train_Loss: 0.6179 | Time: 0.0198
Epoch 00006 | Val_Loss 0.6714 | Time(s) 0.0083
EarlyStopping counter: 2 out of 40
Getting training negative samples for edge types: [6]
nodes.shift keys: [0, 1, 2]
nodes.count keys: [0, 1, 2]
links.meta: {5: (2, 2), 6: (2, 1), 7: (1, 1), 2: (2, 2), 8: (2, 2), 0: (1, 1), 3: (1, 0), 4: (1, 1), 1: (2, 2), 10: (2, 2), 9: (2, 2)}
t_type about to use: 1
h_type: 2
shift dict: {0: 0, 1: 188, 2: 746}
count dict: Counter({2: 940, 1: 558, 0: 188})
Generated 927 negative samples for edge type 6
Epoch 00007, Step00000 | Train_Loss: 0.6104 | Time: 0.0214
Epoch 00007 | Val_Loss 0.7225 | Time(s) 0.0083
EarlyStopping counter: 3 out of 40
Getting training negative samples for edge types: [6]
nodes.shift keys: [0, 1, 2]
nodes.count keys: [0, 1, 2]
links.meta: {5: (2, 2), 6: (2, 1), 7: (1, 1), 2: (2, 2), 8: (2, 2), 0: (1, 1), 3: (1, 0), 4: (1, 1), 1: (2, 2), 10: (2, 2), 9: (2, 2)}
t_type about to use: 1
h_type: 2
shift dict: {0: 0, 1: 188, 2: 746}
count dict: Counter({2: 940, 1: 558, 0: 188})
Generated 927 negative samples for edge type 6
Epoch 00008, Step00000 | Train_Loss: 0.5993 | Time: 0.0198
Epoch 00008 | Val_Loss 0.7142 | Time(s) 0.0084
EarlyStopping counter: 4 out of 40
Getting training negative samples for edge types: [6]
nodes.shift keys: [0, 1, 2]
nodes.count keys: [0, 1, 2]
links.meta: {5: (2, 2), 6: (2, 1), 7: (1, 1), 2: (2, 2), 8: (2, 2), 0: (1, 1), 3: (1, 0), 4: (1, 1), 1: (2, 2), 10: (2, 2), 9: (2, 2)}
t_type about to use: 1
h_type: 2
shift dict: {0: 0, 1: 188, 2: 746}
count dict: Counter({2: 940, 1: 558, 0: 188})
Generated 927 negative samples for edge type 6
Epoch 00009, Step00000 | Train_Loss: 0.5947 | Time: 0.0207
Epoch 00009 | Val_Loss 0.7226 | Time(s) 0.0091
EarlyStopping counter: 5 out of 40
Getting training negative samples for edge types: [6]
nodes.shift keys: [0, 1, 2]
nodes.count keys: [0, 1, 2]
links.meta: {5: (2, 2), 6: (2, 1), 7: (1, 1), 2: (2, 2), 8: (2, 2), 0: (1, 1), 3: (1, 0), 4: (1, 1), 1: (2, 2), 10: (2, 2), 9: (2, 2)}
t_type about to use: 1
h_type: 2
shift dict: {0: 0, 1: 188, 2: 746}
count dict: Counter({2: 940, 1: 558, 0: 188})
Generated 927 negative samples for edge type 6
Epoch 00010, Step00000 | Train_Loss: 0.5752 | Time: 0.0202
Epoch 00010 | Val_Loss 0.7764 | Time(s) 0.0077
EarlyStopping counter: 6 out of 40
Getting training negative samples for edge types: [6]
nodes.shift keys: [0, 1, 2]
nodes.count keys: [0, 1, 2]
links.meta: {5: (2, 2), 6: (2, 1), 7: (1, 1), 2: (2, 2), 8: (2, 2), 0: (1, 1), 3: (1, 0), 4: (1, 1), 1: (2, 2), 10: (2, 2), 9: (2, 2)}
t_type about to use: 1
h_type: 2
shift dict: {0: 0, 1: 188, 2: 746}
count dict: Counter({2: 940, 1: 558, 0: 188})
Generated 927 negative samples for edge type 6
Epoch 00011, Step00000 | Train_Loss: 0.5597 | Time: 0.0198
Epoch 00011 | Val_Loss 0.8833 | Time(s) 0.0081
EarlyStopping counter: 7 out of 40
Getting training negative samples for edge types: [6]
nodes.shift keys: [0, 1, 2]
nodes.count keys: [0, 1, 2]
links.meta: {5: (2, 2), 6: (2, 1), 7: (1, 1), 2: (2, 2), 8: (2, 2), 0: (1, 1), 3: (1, 0), 4: (1, 1), 1: (2, 2), 10: (2, 2), 9: (2, 2)}
t_type about to use: 1
h_type: 2
shift dict: {0: 0, 1: 188, 2: 746}
count dict: Counter({2: 940, 1: 558, 0: 188})
Generated 927 negative samples for edge type 6
Epoch 00012, Step00000 | Train_Loss: 0.5754 | Time: 0.0205
Epoch 00012 | Val_Loss 0.8011 | Time(s) 0.0081
EarlyStopping counter: 8 out of 40
Getting training negative samples for edge types: [6]
nodes.shift keys: [0, 1, 2]
nodes.count keys: [0, 1, 2]
links.meta: {5: (2, 2), 6: (2, 1), 7: (1, 1), 2: (2, 2), 8: (2, 2), 0: (1, 1), 3: (1, 0), 4: (1, 1), 1: (2, 2), 10: (2, 2), 9: (2, 2)}
t_type about to use: 1
h_type: 2
shift dict: {0: 0, 1: 188, 2: 746}
count dict: Counter({2: 940, 1: 558, 0: 188})
Generated 927 negative samples for edge type 6
Epoch 00013, Step00000 | Train_Loss: 0.5733 | Time: 0.0206
Epoch 00013 | Val_Loss 0.8779 | Time(s) 0.0081
EarlyStopping counter: 9 out of 40
Getting training negative samples for edge types: [6]
nodes.shift keys: [0, 1, 2]
nodes.count keys: [0, 1, 2]
links.meta: {5: (2, 2), 6: (2, 1), 7: (1, 1), 2: (2, 2), 8: (2, 2), 0: (1, 1), 3: (1, 0), 4: (1, 1), 1: (2, 2), 10: (2, 2), 9: (2, 2)}
t_type about to use: 1
h_type: 2
shift dict: {0: 0, 1: 188, 2: 746}
count dict: Counter({2: 940, 1: 558, 0: 188})
Generated 927 negative samples for edge type 6
Epoch 00014, Step00000 | Train_Loss: 0.5632 | Time: 0.0211
Epoch 00014 | Val_Loss 0.9337 | Time(s) 0.0082
EarlyStopping counter: 10 out of 40
Getting training negative samples for edge types: [6]
nodes.shift keys: [0, 1, 2]
nodes.count keys: [0, 1, 2]
links.meta: {5: (2, 2), 6: (2, 1), 7: (1, 1), 2: (2, 2), 8: (2, 2), 0: (1, 1), 3: (1, 0), 4: (1, 1), 1: (2, 2), 10: (2, 2), 9: (2, 2)}
t_type about to use: 1
h_type: 2
shift dict: {0: 0, 1: 188, 2: 746}
count dict: Counter({2: 940, 1: 558, 0: 188})
Generated 927 negative samples for edge type 6
Epoch 00015, Step00000 | Train_Loss: 0.5622 | Time: 0.0209
Epoch 00015 | Val_Loss 0.8780 | Time(s) 0.0082
EarlyStopping counter: 11 out of 40
Getting training negative samples for edge types: [6]
nodes.shift keys: [0, 1, 2]
nodes.count keys: [0, 1, 2]
links.meta: {5: (2, 2), 6: (2, 1), 7: (1, 1), 2: (2, 2), 8: (2, 2), 0: (1, 1), 3: (1, 0), 4: (1, 1), 1: (2, 2), 10: (2, 2), 9: (2, 2)}
t_type about to use: 1
h_type: 2
shift dict: {0: 0, 1: 188, 2: 746}
count dict: Counter({2: 940, 1: 558, 0: 188})
Generated 927 negative samples for edge type 6
Epoch 00016, Step00000 | Train_Loss: 0.5596 | Time: 0.0196
Epoch 00016 | Val_Loss 0.9011 | Time(s) 0.0083
EarlyStopping counter: 12 out of 40
Getting training negative samples for edge types: [6]
nodes.shift keys: [0, 1, 2]
nodes.count keys: [0, 1, 2]
links.meta: {5: (2, 2), 6: (2, 1), 7: (1, 1), 2: (2, 2), 8: (2, 2), 0: (1, 1), 3: (1, 0), 4: (1, 1), 1: (2, 2), 10: (2, 2), 9: (2, 2)}
t_type about to use: 1
h_type: 2
shift dict: {0: 0, 1: 188, 2: 746}
count dict: Counter({2: 940, 1: 558, 0: 188})
Generated 927 negative samples for edge type 6
Epoch 00017, Step00000 | Train_Loss: 0.5531 | Time: 0.0213
Epoch 00017 | Val_Loss 0.9899 | Time(s) 0.0082
EarlyStopping counter: 13 out of 40
Getting training negative samples for edge types: [6]
nodes.shift keys: [0, 1, 2]
nodes.count keys: [0, 1, 2]
links.meta: {5: (2, 2), 6: (2, 1), 7: (1, 1), 2: (2, 2), 8: (2, 2), 0: (1, 1), 3: (1, 0), 4: (1, 1), 1: (2, 2), 10: (2, 2), 9: (2, 2)}
t_type about to use: 1
h_type: 2
shift dict: {0: 0, 1: 188, 2: 746}
count dict: Counter({2: 940, 1: 558, 0: 188})
Generated 927 negative samples for edge type 6
Epoch 00018, Step00000 | Train_Loss: 0.5603 | Time: 0.0196
Epoch 00018 | Val_Loss 0.9665 | Time(s) 0.0083
EarlyStopping counter: 14 out of 40
Getting training negative samples for edge types: [6]
nodes.shift keys: [0, 1, 2]
nodes.count keys: [0, 1, 2]
links.meta: {5: (2, 2), 6: (2, 1), 7: (1, 1), 2: (2, 2), 8: (2, 2), 0: (1, 1), 3: (1, 0), 4: (1, 1), 1: (2, 2), 10: (2, 2), 9: (2, 2)}
t_type about to use: 1
h_type: 2
shift dict: {0: 0, 1: 188, 2: 746}
count dict: Counter({2: 940, 1: 558, 0: 188})
Generated 927 negative samples for edge type 6
Epoch 00019, Step00000 | Train_Loss: 0.5458 | Time: 0.0211
Epoch 00019 | Val_Loss 0.8879 | Time(s) 0.0081
EarlyStopping counter: 15 out of 40
Getting training negative samples for edge types: [6]
nodes.shift keys: [0, 1, 2]
nodes.count keys: [0, 1, 2]
links.meta: {5: (2, 2), 6: (2, 1), 7: (1, 1), 2: (2, 2), 8: (2, 2), 0: (1, 1), 3: (1, 0), 4: (1, 1), 1: (2, 2), 10: (2, 2), 9: (2, 2)}
t_type about to use: 1
h_type: 2
shift dict: {0: 0, 1: 188, 2: 746}
count dict: Counter({2: 940, 1: 558, 0: 188})
Generated 927 negative samples for edge type 6
Epoch 00020, Step00000 | Train_Loss: 0.5598 | Time: 0.0207
Epoch 00020 | Val_Loss 0.9560 | Time(s) 0.0083
EarlyStopping counter: 16 out of 40
Getting training negative samples for edge types: [6]
nodes.shift keys: [0, 1, 2]
nodes.count keys: [0, 1, 2]
links.meta: {5: (2, 2), 6: (2, 1), 7: (1, 1), 2: (2, 2), 8: (2, 2), 0: (1, 1), 3: (1, 0), 4: (1, 1), 1: (2, 2), 10: (2, 2), 9: (2, 2)}
t_type about to use: 1
h_type: 2
shift dict: {0: 0, 1: 188, 2: 746}
count dict: Counter({2: 940, 1: 558, 0: 188})
Generated 927 negative samples for edge type 6
Epoch 00021, Step00000 | Train_Loss: 0.5413 | Time: 0.0195
Epoch 00021 | Val_Loss 0.9018 | Time(s) 0.0083
EarlyStopping counter: 17 out of 40
Getting training negative samples for edge types: [6]
nodes.shift keys: [0, 1, 2]
nodes.count keys: [0, 1, 2]
links.meta: {5: (2, 2), 6: (2, 1), 7: (1, 1), 2: (2, 2), 8: (2, 2), 0: (1, 1), 3: (1, 0), 4: (1, 1), 1: (2, 2), 10: (2, 2), 9: (2, 2)}
t_type about to use: 1
h_type: 2
shift dict: {0: 0, 1: 188, 2: 746}
count dict: Counter({2: 940, 1: 558, 0: 188})
Generated 927 negative samples for edge type 6
Epoch 00022, Step00000 | Train_Loss: 0.5386 | Time: 0.0213
Epoch 00022 | Val_Loss 0.9723 | Time(s) 0.0080
EarlyStopping counter: 18 out of 40
Getting training negative samples for edge types: [6]
nodes.shift keys: [0, 1, 2]
nodes.count keys: [0, 1, 2]
links.meta: {5: (2, 2), 6: (2, 1), 7: (1, 1), 2: (2, 2), 8: (2, 2), 0: (1, 1), 3: (1, 0), 4: (1, 1), 1: (2, 2), 10: (2, 2), 9: (2, 2)}
t_type about to use: 1
h_type: 2
shift dict: {0: 0, 1: 188, 2: 746}
count dict: Counter({2: 940, 1: 558, 0: 188})
Generated 927 negative samples for edge type 6
Epoch 00023, Step00000 | Train_Loss: 0.5473 | Time: 0.0205
Epoch 00023 | Val_Loss 0.9306 | Time(s) 0.0080
EarlyStopping counter: 19 out of 40
Getting training negative samples for edge types: [6]
nodes.shift keys: [0, 1, 2]
nodes.count keys: [0, 1, 2]
links.meta: {5: (2, 2), 6: (2, 1), 7: (1, 1), 2: (2, 2), 8: (2, 2), 0: (1, 1), 3: (1, 0), 4: (1, 1), 1: (2, 2), 10: (2, 2), 9: (2, 2)}
t_type about to use: 1
h_type: 2
shift dict: {0: 0, 1: 188, 2: 746}
count dict: Counter({2: 940, 1: 558, 0: 188})
Generated 927 negative samples for edge type 6
Epoch 00024, Step00000 | Train_Loss: 0.5638 | Time: 0.0208
Epoch 00024 | Val_Loss 0.8815 | Time(s) 0.0079
EarlyStopping counter: 20 out of 40
Getting training negative samples for edge types: [6]
nodes.shift keys: [0, 1, 2]
nodes.count keys: [0, 1, 2]
links.meta: {5: (2, 2), 6: (2, 1), 7: (1, 1), 2: (2, 2), 8: (2, 2), 0: (1, 1), 3: (1, 0), 4: (1, 1), 1: (2, 2), 10: (2, 2), 9: (2, 2)}
t_type about to use: 1
h_type: 2
shift dict: {0: 0, 1: 188, 2: 746}
count dict: Counter({2: 940, 1: 558, 0: 188})
Generated 927 negative samples for edge type 6
Epoch 00025, Step00000 | Train_Loss: 0.5543 | Time: 0.0212
Epoch 00025 | Val_Loss 0.9575 | Time(s) 0.0081
EarlyStopping counter: 21 out of 40
Getting training negative samples for edge types: [6]
nodes.shift keys: [0, 1, 2]
nodes.count keys: [0, 1, 2]
links.meta: {5: (2, 2), 6: (2, 1), 7: (1, 1), 2: (2, 2), 8: (2, 2), 0: (1, 1), 3: (1, 0), 4: (1, 1), 1: (2, 2), 10: (2, 2), 9: (2, 2)}
t_type about to use: 1
h_type: 2
shift dict: {0: 0, 1: 188, 2: 746}
count dict: Counter({2: 940, 1: 558, 0: 188})
Generated 927 negative samples for edge type 6
Epoch 00026, Step00000 | Train_Loss: 0.5498 | Time: 0.0196
Epoch 00026 | Val_Loss 0.9900 | Time(s) 0.0079
EarlyStopping counter: 22 out of 40
Getting training negative samples for edge types: [6]
nodes.shift keys: [0, 1, 2]
nodes.count keys: [0, 1, 2]
links.meta: {5: (2, 2), 6: (2, 1), 7: (1, 1), 2: (2, 2), 8: (2, 2), 0: (1, 1), 3: (1, 0), 4: (1, 1), 1: (2, 2), 10: (2, 2), 9: (2, 2)}
t_type about to use: 1
h_type: 2
shift dict: {0: 0, 1: 188, 2: 746}
count dict: Counter({2: 940, 1: 558, 0: 188})
Generated 927 negative samples for edge type 6
Epoch 00027, Step00000 | Train_Loss: 0.5530 | Time: 0.0214
Epoch 00027 | Val_Loss 0.8095 | Time(s) 0.0081
EarlyStopping counter: 23 out of 40
Getting training negative samples for edge types: [6]
nodes.shift keys: [0, 1, 2]
nodes.count keys: [0, 1, 2]
links.meta: {5: (2, 2), 6: (2, 1), 7: (1, 1), 2: (2, 2), 8: (2, 2), 0: (1, 1), 3: (1, 0), 4: (1, 1), 1: (2, 2), 10: (2, 2), 9: (2, 2)}
t_type about to use: 1
h_type: 2
shift dict: {0: 0, 1: 188, 2: 746}
count dict: Counter({2: 940, 1: 558, 0: 188})
Generated 927 negative samples for edge type 6
Epoch 00028, Step00000 | Train_Loss: 0.5318 | Time: 0.0210
Epoch 00028 | Val_Loss 0.8560 | Time(s) 0.0080
EarlyStopping counter: 24 out of 40
Getting training negative samples for edge types: [6]
nodes.shift keys: [0, 1, 2]
nodes.count keys: [0, 1, 2]
links.meta: {5: (2, 2), 6: (2, 1), 7: (1, 1), 2: (2, 2), 8: (2, 2), 0: (1, 1), 3: (1, 0), 4: (1, 1), 1: (2, 2), 10: (2, 2), 9: (2, 2)}
t_type about to use: 1
h_type: 2
shift dict: {0: 0, 1: 188, 2: 746}
count dict: Counter({2: 940, 1: 558, 0: 188})
Generated 927 negative samples for edge type 6
Epoch 00029, Step00000 | Train_Loss: 0.5387 | Time: 0.0207
Epoch 00029 | Val_Loss 0.9220 | Time(s) 0.0080
EarlyStopping counter: 25 out of 40
Getting training negative samples for edge types: [6]
nodes.shift keys: [0, 1, 2]
nodes.count keys: [0, 1, 2]
links.meta: {5: (2, 2), 6: (2, 1), 7: (1, 1), 2: (2, 2), 8: (2, 2), 0: (1, 1), 3: (1, 0), 4: (1, 1), 1: (2, 2), 10: (2, 2), 9: (2, 2)}
t_type about to use: 1
h_type: 2
shift dict: {0: 0, 1: 188, 2: 746}
count dict: Counter({2: 940, 1: 558, 0: 188})
Generated 927 negative samples for edge type 6
Epoch 00030, Step00000 | Train_Loss: 0.5413 | Time: 0.0200
Epoch 00030 | Val_Loss 0.8009 | Time(s) 0.0085
EarlyStopping counter: 26 out of 40
Getting training negative samples for edge types: [6]
nodes.shift keys: [0, 1, 2]
nodes.count keys: [0, 1, 2]
links.meta: {5: (2, 2), 6: (2, 1), 7: (1, 1), 2: (2, 2), 8: (2, 2), 0: (1, 1), 3: (1, 0), 4: (1, 1), 1: (2, 2), 10: (2, 2), 9: (2, 2)}
t_type about to use: 1
h_type: 2
shift dict: {0: 0, 1: 188, 2: 746}
count dict: Counter({2: 940, 1: 558, 0: 188})
Generated 927 negative samples for edge type 6
Epoch 00031, Step00000 | Train_Loss: 0.5349 | Time: 0.0213
Epoch 00031 | Val_Loss 0.8622 | Time(s) 0.0083
EarlyStopping counter: 27 out of 40
Getting training negative samples for edge types: [6]
nodes.shift keys: [0, 1, 2]
nodes.count keys: [0, 1, 2]
links.meta: {5: (2, 2), 6: (2, 1), 7: (1, 1), 2: (2, 2), 8: (2, 2), 0: (1, 1), 3: (1, 0), 4: (1, 1), 1: (2, 2), 10: (2, 2), 9: (2, 2)}
t_type about to use: 1
h_type: 2
shift dict: {0: 0, 1: 188, 2: 746}
count dict: Counter({2: 940, 1: 558, 0: 188})
Generated 927 negative samples for edge type 6
Epoch 00032, Step00000 | Train_Loss: 0.5524 | Time: 0.0199
Epoch 00032 | Val_Loss 0.9847 | Time(s) 0.0085
EarlyStopping counter: 28 out of 40
Getting training negative samples for edge types: [6]
nodes.shift keys: [0, 1, 2]
nodes.count keys: [0, 1, 2]
links.meta: {5: (2, 2), 6: (2, 1), 7: (1, 1), 2: (2, 2), 8: (2, 2), 0: (1, 1), 3: (1, 0), 4: (1, 1), 1: (2, 2), 10: (2, 2), 9: (2, 2)}
t_type about to use: 1
h_type: 2
shift dict: {0: 0, 1: 188, 2: 746}
count dict: Counter({2: 940, 1: 558, 0: 188})
Generated 927 negative samples for edge type 6
Epoch 00033, Step00000 | Train_Loss: 0.5330 | Time: 0.0213
Epoch 00033 | Val_Loss 0.9139 | Time(s) 0.0082
EarlyStopping counter: 29 out of 40
Getting training negative samples for edge types: [6]
nodes.shift keys: [0, 1, 2]
nodes.count keys: [0, 1, 2]
links.meta: {5: (2, 2), 6: (2, 1), 7: (1, 1), 2: (2, 2), 8: (2, 2), 0: (1, 1), 3: (1, 0), 4: (1, 1), 1: (2, 2), 10: (2, 2), 9: (2, 2)}
t_type about to use: 1
h_type: 2
shift dict: {0: 0, 1: 188, 2: 746}
count dict: Counter({2: 940, 1: 558, 0: 188})
Generated 927 negative samples for edge type 6
Epoch 00034, Step00000 | Train_Loss: 0.5309 | Time: 0.0198
Epoch 00034 | Val_Loss 0.9115 | Time(s) 0.0082
EarlyStopping counter: 30 out of 40
Getting training negative samples for edge types: [6]
nodes.shift keys: [0, 1, 2]
nodes.count keys: [0, 1, 2]
links.meta: {5: (2, 2), 6: (2, 1), 7: (1, 1), 2: (2, 2), 8: (2, 2), 0: (1, 1), 3: (1, 0), 4: (1, 1), 1: (2, 2), 10: (2, 2), 9: (2, 2)}
t_type about to use: 1
h_type: 2
shift dict: {0: 0, 1: 188, 2: 746}
count dict: Counter({2: 940, 1: 558, 0: 188})
Generated 927 negative samples for edge type 6
Epoch 00035, Step00000 | Train_Loss: 0.5291 | Time: 0.0215
Epoch 00035 | Val_Loss 0.9378 | Time(s) 0.0081
EarlyStopping counter: 31 out of 40
Getting training negative samples for edge types: [6]
nodes.shift keys: [0, 1, 2]
nodes.count keys: [0, 1, 2]
links.meta: {5: (2, 2), 6: (2, 1), 7: (1, 1), 2: (2, 2), 8: (2, 2), 0: (1, 1), 3: (1, 0), 4: (1, 1), 1: (2, 2), 10: (2, 2), 9: (2, 2)}
t_type about to use: 1
h_type: 2
shift dict: {0: 0, 1: 188, 2: 746}
count dict: Counter({2: 940, 1: 558, 0: 188})
Generated 927 negative samples for edge type 6
Epoch 00036, Step00000 | Train_Loss: 0.5367 | Time: 0.0198
Epoch 00036 | Val_Loss 0.9587 | Time(s) 0.0091
EarlyStopping counter: 32 out of 40
Getting training negative samples for edge types: [6]
nodes.shift keys: [0, 1, 2]
nodes.count keys: [0, 1, 2]
links.meta: {5: (2, 2), 6: (2, 1), 7: (1, 1), 2: (2, 2), 8: (2, 2), 0: (1, 1), 3: (1, 0), 4: (1, 1), 1: (2, 2), 10: (2, 2), 9: (2, 2)}
t_type about to use: 1
h_type: 2
shift dict: {0: 0, 1: 188, 2: 746}
count dict: Counter({2: 940, 1: 558, 0: 188})
Generated 927 negative samples for edge type 6
Epoch 00037, Step00000 | Train_Loss: 0.5328 | Time: 0.0204
Epoch 00037 | Val_Loss 0.9000 | Time(s) 0.0083
EarlyStopping counter: 33 out of 40
Getting training negative samples for edge types: [6]
nodes.shift keys: [0, 1, 2]
nodes.count keys: [0, 1, 2]
links.meta: {5: (2, 2), 6: (2, 1), 7: (1, 1), 2: (2, 2), 8: (2, 2), 0: (1, 1), 3: (1, 0), 4: (1, 1), 1: (2, 2), 10: (2, 2), 9: (2, 2)}
t_type about to use: 1
h_type: 2
shift dict: {0: 0, 1: 188, 2: 746}
count dict: Counter({2: 940, 1: 558, 0: 188})
Generated 927 negative samples for edge type 6
Epoch 00038, Step00000 | Train_Loss: 0.5110 | Time: 0.0202
Epoch 00038 | Val_Loss 0.8525 | Time(s) 0.0084
EarlyStopping counter: 34 out of 40
Getting training negative samples for edge types: [6]
nodes.shift keys: [0, 1, 2]
nodes.count keys: [0, 1, 2]
links.meta: {5: (2, 2), 6: (2, 1), 7: (1, 1), 2: (2, 2), 8: (2, 2), 0: (1, 1), 3: (1, 0), 4: (1, 1), 1: (2, 2), 10: (2, 2), 9: (2, 2)}
t_type about to use: 1
h_type: 2
shift dict: {0: 0, 1: 188, 2: 746}
count dict: Counter({2: 940, 1: 558, 0: 188})
Generated 927 negative samples for edge type 6
Epoch 00039, Step00000 | Train_Loss: 0.5232 | Time: 0.0212
Epoch 00039 | Val_Loss 0.8472 | Time(s) 0.0082
EarlyStopping counter: 35 out of 40
Getting training negative samples for edge types: [6]
nodes.shift keys: [0, 1, 2]
nodes.count keys: [0, 1, 2]
links.meta: {5: (2, 2), 6: (2, 1), 7: (1, 1), 2: (2, 2), 8: (2, 2), 0: (1, 1), 3: (1, 0), 4: (1, 1), 1: (2, 2), 10: (2, 2), 9: (2, 2)}
t_type about to use: 1
h_type: 2
shift dict: {0: 0, 1: 188, 2: 746}
count dict: Counter({2: 940, 1: 558, 0: 188})
Generated 927 negative samples for edge type 6
Epoch 00040, Step00000 | Train_Loss: 0.5269 | Time: 0.0197
Epoch 00040 | Val_Loss 0.8052 | Time(s) 0.0084
EarlyStopping counter: 36 out of 40
Getting training negative samples for edge types: [6]
nodes.shift keys: [0, 1, 2]
nodes.count keys: [0, 1, 2]
links.meta: {5: (2, 2), 6: (2, 1), 7: (1, 1), 2: (2, 2), 8: (2, 2), 0: (1, 1), 3: (1, 0), 4: (1, 1), 1: (2, 2), 10: (2, 2), 9: (2, 2)}
t_type about to use: 1
h_type: 2
shift dict: {0: 0, 1: 188, 2: 746}
count dict: Counter({2: 940, 1: 558, 0: 188})
Generated 927 negative samples for edge type 6
Epoch 00041, Step00000 | Train_Loss: 0.5287 | Time: 0.0209
Epoch 00041 | Val_Loss 0.7946 | Time(s) 0.0083
EarlyStopping counter: 37 out of 40
Getting training negative samples for edge types: [6]
nodes.shift keys: [0, 1, 2]
nodes.count keys: [0, 1, 2]
links.meta: {5: (2, 2), 6: (2, 1), 7: (1, 1), 2: (2, 2), 8: (2, 2), 0: (1, 1), 3: (1, 0), 4: (1, 1), 1: (2, 2), 10: (2, 2), 9: (2, 2)}
t_type about to use: 1
h_type: 2
shift dict: {0: 0, 1: 188, 2: 746}
count dict: Counter({2: 940, 1: 558, 0: 188})
Generated 927 negative samples for edge type 6
Epoch 00042, Step00000 | Train_Loss: 0.5194 | Time: 0.0201
Epoch 00042 | Val_Loss 0.8536 | Time(s) 0.0085
EarlyStopping counter: 38 out of 40
Getting training negative samples for edge types: [6]
nodes.shift keys: [0, 1, 2]
nodes.count keys: [0, 1, 2]
links.meta: {5: (2, 2), 6: (2, 1), 7: (1, 1), 2: (2, 2), 8: (2, 2), 0: (1, 1), 3: (1, 0), 4: (1, 1), 1: (2, 2), 10: (2, 2), 9: (2, 2)}
t_type about to use: 1
h_type: 2
shift dict: {0: 0, 1: 188, 2: 746}
count dict: Counter({2: 940, 1: 558, 0: 188})
Generated 927 negative samples for edge type 6
Epoch 00043, Step00000 | Train_Loss: 0.5170 | Time: 0.0202
Epoch 00043 | Val_Loss 0.8208 | Time(s) 0.0090
EarlyStopping counter: 39 out of 40
Getting training negative samples for edge types: [6]
nodes.shift keys: [0, 1, 2]
nodes.count keys: [0, 1, 2]
links.meta: {5: (2, 2), 6: (2, 1), 7: (1, 1), 2: (2, 2), 8: (2, 2), 0: (1, 1), 3: (1, 0), 4: (1, 1), 1: (2, 2), 10: (2, 2), 9: (2, 2)}
t_type about to use: 1
h_type: 2
shift dict: {0: 0, 1: 188, 2: 746}
count dict: Counter({2: 940, 1: 558, 0: 188})
Generated 927 negative samples for edge type 6
Epoch 00044, Step00000 | Train_Loss: 0.5187 | Time: 0.0201
Epoch 00044 | Val_Loss 0.9222 | Time(s) 0.0082
EarlyStopping counter: 40 out of 40
Early stopping!
Early stopping!
Meta keys: dict_keys([6])
Data keys: dict_keys([6])
Edge type: 6, Meta: (2, 1)
{'roc_auc': 0.5073399753129959, 'MRR': 0.766796875}
{'roc_auc': 0.6287230325792645, 'MRR': 0.7951822916666667}
defaultdict(<class 'float'>, {'roc_auc': 0.5073399753129959, 'MRR': 0.766796875})
defaultdict(<class 'float'>, {'roc_auc': 0.6287230325792645, 'MRR': 0.7951822916666667})
Completed: amazon_style_cct_features_securebert_fold_2

--------------------------------------
Running model: SimpleHGN
Dataset: amazon_style_cct_features_securebert_fold_3
--------------------------------------
Data path: ../../data/amazon_style_cct_features_securebert_fold_3
Loading nodes from ../../data/amazon_style_cct_features_securebert_fold_3/node.dat
edge types: dict_keys([5, 6, 7, 2, 8, 0, 3, 4, 1, 10, 9])
Getting training negative samples for edge types: [6]
nodes.shift keys: [0, 1, 2]
nodes.count keys: [0, 1, 2]
links.meta: {5: (2, 2), 6: (2, 1), 7: (1, 1), 2: (2, 2), 8: (2, 2), 0: (1, 1), 3: (1, 0), 4: (1, 1), 1: (2, 2), 10: (2, 2), 9: (2, 2)}
t_type about to use: 1
h_type: 2
shift dict: {0: 0, 1: 188, 2: 746}
count dict: Counter({2: 940, 1: 558, 0: 188})
Generated 892 negative samples for edge type 6
Features List: [array([[ 0.00445206,  0.01268557,  0.22351578, ..., -0.28678206,
        -0.37460288,  0.18294938],
       [-0.18744846,  0.07075578,  0.0476894 , ..., -0.2232531 ,
        -0.19588573,  0.47988179],
       [-0.17451471, -0.04557271,  0.15712288, ..., -0.05391889,
        -0.20500693,  0.23744845],
       ...,
       [-0.40584856,  0.04715464,  0.24475315, ..., -0.12466257,
        -0.2035536 ,  0.28577447],
       [-0.18835557,  0.03822717,  0.03586731, ..., -0.23435652,
        -0.35453227,  0.38753107],
       [-0.13632202,  0.14362322,  0.08668749, ..., -0.24145249,
        -0.25799868,  0.26464131]]), array([[ 0.00791158, -0.00538086, -0.02676104, ..., -0.01897389,
        -0.01306979, -0.00084801],
       [ 0.01682901, -0.00649696, -0.01921631, ..., -0.01401017,
        -0.0039668 , -0.02202195],
       [ 0.02197852, -0.01403735, -0.05225722, ...,  0.02019661,
         0.00528841,  0.0033033 ],
       ...,
       [ 0.01603197,  0.00716993, -0.01245602, ..., -0.01399604,
        -0.00058955, -0.0256807 ],
       [ 0.01039577,  0.02045547, -0.02146293, ...,  0.01017929,
         0.02390171,  0.00134994],
       [ 0.00462414,  0.0041195 , -0.0135733 , ..., -0.01101827,
         0.00813001,  0.0203817 ]]), array([[ 0.00087804,  0.00658507, -0.02514569, ..., -0.04238372,
         0.00850771, -0.02565438],
       [-0.0006986 ,  0.01542003, -0.03227317, ..., -0.01301633,
         0.01559736, -0.03614859],
       [-0.01135348,  0.00974955, -0.01812623, ..., -0.01920343,
         0.00887381, -0.0152928 ],
       ...,
       [ 0.00701895, -0.01539859, -0.03025482, ..., -0.03644368,
         0.01254067, -0.0236606 ],
       [-0.00414097,  0.00144739, -0.05197839, ...,  0.00216818,
         0.02755725, -0.03143983],
       [ 0.01779867, -0.02493452, -0.0391779 , ..., -0.01159797,
        -0.00619852, -0.02449675]])]
Getting training negative samples for edge types: [6]
nodes.shift keys: [0, 1, 2]
nodes.count keys: [0, 1, 2]
links.meta: {5: (2, 2), 6: (2, 1), 7: (1, 1), 2: (2, 2), 8: (2, 2), 0: (1, 1), 3: (1, 0), 4: (1, 1), 1: (2, 2), 10: (2, 2), 9: (2, 2)}
t_type about to use: 1
h_type: 2
shift dict: {0: 0, 1: 188, 2: 746}
count dict: Counter({2: 940, 1: 558, 0: 188})
Generated 892 negative samples for edge type 6
Epoch 00000, Step00000 | Train_Loss: 0.6929 | Time: 0.5615
Epoch 00000 | Val_Loss 0.6877 | Time(s) 0.0076
Validation loss decreased (inf --> 0.687703).  Saving model ...
Getting training negative samples for edge types: [6]
nodes.shift keys: [0, 1, 2]
nodes.count keys: [0, 1, 2]
links.meta: {5: (2, 2), 6: (2, 1), 7: (1, 1), 2: (2, 2), 8: (2, 2), 0: (1, 1), 3: (1, 0), 4: (1, 1), 1: (2, 2), 10: (2, 2), 9: (2, 2)}
t_type about to use: 1
h_type: 2
shift dict: {0: 0, 1: 188, 2: 746}
count dict: Counter({2: 940, 1: 558, 0: 188})
Generated 892 negative samples for edge type 6
Epoch 00001, Step00000 | Train_Loss: 0.6834 | Time: 0.0234
Epoch 00001 | Val_Loss 0.6892 | Time(s) 0.0086
EarlyStopping counter: 1 out of 40
Getting training negative samples for edge types: [6]
nodes.shift keys: [0, 1, 2]
nodes.count keys: [0, 1, 2]
links.meta: {5: (2, 2), 6: (2, 1), 7: (1, 1), 2: (2, 2), 8: (2, 2), 0: (1, 1), 3: (1, 0), 4: (1, 1), 1: (2, 2), 10: (2, 2), 9: (2, 2)}
t_type about to use: 1
h_type: 2
shift dict: {0: 0, 1: 188, 2: 746}
count dict: Counter({2: 940, 1: 558, 0: 188})
Generated 892 negative samples for edge type 6
Epoch 00002, Step00000 | Train_Loss: 0.6780 | Time: 0.0199
Epoch 00002 | Val_Loss 0.6736 | Time(s) 0.0086
Validation loss decreased (0.687703 --> 0.673601).  Saving model ...
Getting training negative samples for edge types: [6]
nodes.shift keys: [0, 1, 2]
nodes.count keys: [0, 1, 2]
links.meta: {5: (2, 2), 6: (2, 1), 7: (1, 1), 2: (2, 2), 8: (2, 2), 0: (1, 1), 3: (1, 0), 4: (1, 1), 1: (2, 2), 10: (2, 2), 9: (2, 2)}
t_type about to use: 1
h_type: 2
shift dict: {0: 0, 1: 188, 2: 746}
count dict: Counter({2: 940, 1: 558, 0: 188})
Generated 892 negative samples for edge type 6
Epoch 00003, Step00000 | Train_Loss: 0.6664 | Time: 0.0265
Epoch 00003 | Val_Loss 0.6866 | Time(s) 0.0075
EarlyStopping counter: 1 out of 40
Getting training negative samples for edge types: [6]
nodes.shift keys: [0, 1, 2]
nodes.count keys: [0, 1, 2]
links.meta: {5: (2, 2), 6: (2, 1), 7: (1, 1), 2: (2, 2), 8: (2, 2), 0: (1, 1), 3: (1, 0), 4: (1, 1), 1: (2, 2), 10: (2, 2), 9: (2, 2)}
t_type about to use: 1
h_type: 2
shift dict: {0: 0, 1: 188, 2: 746}
count dict: Counter({2: 940, 1: 558, 0: 188})
Generated 892 negative samples for edge type 6
Epoch 00004, Step00000 | Train_Loss: 0.6539 | Time: 0.0197
Epoch 00004 | Val_Loss 0.6960 | Time(s) 0.0082
EarlyStopping counter: 2 out of 40
Getting training negative samples for edge types: [6]
nodes.shift keys: [0, 1, 2]
nodes.count keys: [0, 1, 2]
links.meta: {5: (2, 2), 6: (2, 1), 7: (1, 1), 2: (2, 2), 8: (2, 2), 0: (1, 1), 3: (1, 0), 4: (1, 1), 1: (2, 2), 10: (2, 2), 9: (2, 2)}
t_type about to use: 1
h_type: 2
shift dict: {0: 0, 1: 188, 2: 746}
count dict: Counter({2: 940, 1: 558, 0: 188})
Generated 892 negative samples for edge type 6
Epoch 00005, Step00000 | Train_Loss: 0.6470 | Time: 0.0202
Epoch 00005 | Val_Loss 0.6781 | Time(s) 0.0084
EarlyStopping counter: 3 out of 40
Getting training negative samples for edge types: [6]
nodes.shift keys: [0, 1, 2]
nodes.count keys: [0, 1, 2]
links.meta: {5: (2, 2), 6: (2, 1), 7: (1, 1), 2: (2, 2), 8: (2, 2), 0: (1, 1), 3: (1, 0), 4: (1, 1), 1: (2, 2), 10: (2, 2), 9: (2, 2)}
t_type about to use: 1
h_type: 2
shift dict: {0: 0, 1: 188, 2: 746}
count dict: Counter({2: 940, 1: 558, 0: 188})
Generated 892 negative samples for edge type 6
Epoch 00006, Step00000 | Train_Loss: 0.6371 | Time: 0.0196
Epoch 00006 | Val_Loss 0.7359 | Time(s) 0.0084
EarlyStopping counter: 4 out of 40
Getting training negative samples for edge types: [6]
nodes.shift keys: [0, 1, 2]
nodes.count keys: [0, 1, 2]
links.meta: {5: (2, 2), 6: (2, 1), 7: (1, 1), 2: (2, 2), 8: (2, 2), 0: (1, 1), 3: (1, 0), 4: (1, 1), 1: (2, 2), 10: (2, 2), 9: (2, 2)}
t_type about to use: 1
h_type: 2
shift dict: {0: 0, 1: 188, 2: 746}
count dict: Counter({2: 940, 1: 558, 0: 188})
Generated 892 negative samples for edge type 6
Epoch 00007, Step00000 | Train_Loss: 0.6235 | Time: 0.0219
Epoch 00007 | Val_Loss 0.7112 | Time(s) 0.0084
EarlyStopping counter: 5 out of 40
Getting training negative samples for edge types: [6]
nodes.shift keys: [0, 1, 2]
nodes.count keys: [0, 1, 2]
links.meta: {5: (2, 2), 6: (2, 1), 7: (1, 1), 2: (2, 2), 8: (2, 2), 0: (1, 1), 3: (1, 0), 4: (1, 1), 1: (2, 2), 10: (2, 2), 9: (2, 2)}
t_type about to use: 1
h_type: 2
shift dict: {0: 0, 1: 188, 2: 746}
count dict: Counter({2: 940, 1: 558, 0: 188})
Generated 892 negative samples for edge type 6
Epoch 00008, Step00000 | Train_Loss: 0.6132 | Time: 0.0198
Epoch 00008 | Val_Loss 0.7001 | Time(s) 0.0087
EarlyStopping counter: 6 out of 40
Getting training negative samples for edge types: [6]
nodes.shift keys: [0, 1, 2]
nodes.count keys: [0, 1, 2]
links.meta: {5: (2, 2), 6: (2, 1), 7: (1, 1), 2: (2, 2), 8: (2, 2), 0: (1, 1), 3: (1, 0), 4: (1, 1), 1: (2, 2), 10: (2, 2), 9: (2, 2)}
t_type about to use: 1
h_type: 2
shift dict: {0: 0, 1: 188, 2: 746}
count dict: Counter({2: 940, 1: 558, 0: 188})
Generated 892 negative samples for edge type 6
Epoch 00009, Step00000 | Train_Loss: 0.6081 | Time: 0.0199
Epoch 00009 | Val_Loss 0.7215 | Time(s) 0.0083
EarlyStopping counter: 7 out of 40
Getting training negative samples for edge types: [6]
nodes.shift keys: [0, 1, 2]
nodes.count keys: [0, 1, 2]
links.meta: {5: (2, 2), 6: (2, 1), 7: (1, 1), 2: (2, 2), 8: (2, 2), 0: (1, 1), 3: (1, 0), 4: (1, 1), 1: (2, 2), 10: (2, 2), 9: (2, 2)}
t_type about to use: 1
h_type: 2
shift dict: {0: 0, 1: 188, 2: 746}
count dict: Counter({2: 940, 1: 558, 0: 188})
Generated 892 negative samples for edge type 6
Epoch 00010, Step00000 | Train_Loss: 0.5886 | Time: 0.0196
Epoch 00010 | Val_Loss 0.7631 | Time(s) 0.0084
EarlyStopping counter: 8 out of 40
Getting training negative samples for edge types: [6]
nodes.shift keys: [0, 1, 2]
nodes.count keys: [0, 1, 2]
links.meta: {5: (2, 2), 6: (2, 1), 7: (1, 1), 2: (2, 2), 8: (2, 2), 0: (1, 1), 3: (1, 0), 4: (1, 1), 1: (2, 2), 10: (2, 2), 9: (2, 2)}
t_type about to use: 1
h_type: 2
shift dict: {0: 0, 1: 188, 2: 746}
count dict: Counter({2: 940, 1: 558, 0: 188})
Generated 892 negative samples for edge type 6
Epoch 00011, Step00000 | Train_Loss: 0.5782 | Time: 0.0210
Epoch 00011 | Val_Loss 0.7894 | Time(s) 0.0083
EarlyStopping counter: 9 out of 40
Getting training negative samples for edge types: [6]
nodes.shift keys: [0, 1, 2]
nodes.count keys: [0, 1, 2]
links.meta: {5: (2, 2), 6: (2, 1), 7: (1, 1), 2: (2, 2), 8: (2, 2), 0: (1, 1), 3: (1, 0), 4: (1, 1), 1: (2, 2), 10: (2, 2), 9: (2, 2)}
t_type about to use: 1
h_type: 2
shift dict: {0: 0, 1: 188, 2: 746}
count dict: Counter({2: 940, 1: 558, 0: 188})
Generated 892 negative samples for edge type 6
Epoch 00012, Step00000 | Train_Loss: 0.5877 | Time: 0.0194
Epoch 00012 | Val_Loss 0.8817 | Time(s) 0.0084
EarlyStopping counter: 10 out of 40
Getting training negative samples for edge types: [6]
nodes.shift keys: [0, 1, 2]
nodes.count keys: [0, 1, 2]
links.meta: {5: (2, 2), 6: (2, 1), 7: (1, 1), 2: (2, 2), 8: (2, 2), 0: (1, 1), 3: (1, 0), 4: (1, 1), 1: (2, 2), 10: (2, 2), 9: (2, 2)}
t_type about to use: 1
h_type: 2
shift dict: {0: 0, 1: 188, 2: 746}
count dict: Counter({2: 940, 1: 558, 0: 188})
Generated 892 negative samples for edge type 6
Epoch 00013, Step00000 | Train_Loss: 0.5651 | Time: 0.0212
Epoch 00013 | Val_Loss 0.8562 | Time(s) 0.0083
EarlyStopping counter: 11 out of 40
Getting training negative samples for edge types: [6]
nodes.shift keys: [0, 1, 2]
nodes.count keys: [0, 1, 2]
links.meta: {5: (2, 2), 6: (2, 1), 7: (1, 1), 2: (2, 2), 8: (2, 2), 0: (1, 1), 3: (1, 0), 4: (1, 1), 1: (2, 2), 10: (2, 2), 9: (2, 2)}
t_type about to use: 1
h_type: 2
shift dict: {0: 0, 1: 188, 2: 746}
count dict: Counter({2: 940, 1: 558, 0: 188})
Generated 892 negative samples for edge type 6
Epoch 00014, Step00000 | Train_Loss: 0.5806 | Time: 0.0217
Epoch 00014 | Val_Loss 0.8431 | Time(s) 0.0090
EarlyStopping counter: 12 out of 40
Getting training negative samples for edge types: [6]
nodes.shift keys: [0, 1, 2]
nodes.count keys: [0, 1, 2]
links.meta: {5: (2, 2), 6: (2, 1), 7: (1, 1), 2: (2, 2), 8: (2, 2), 0: (1, 1), 3: (1, 0), 4: (1, 1), 1: (2, 2), 10: (2, 2), 9: (2, 2)}
t_type about to use: 1
h_type: 2
shift dict: {0: 0, 1: 188, 2: 746}
count dict: Counter({2: 940, 1: 558, 0: 188})
Generated 892 negative samples for edge type 6
Epoch 00015, Step00000 | Train_Loss: 0.5609 | Time: 0.0197
Epoch 00015 | Val_Loss 0.9995 | Time(s) 0.0078
EarlyStopping counter: 13 out of 40
Getting training negative samples for edge types: [6]
nodes.shift keys: [0, 1, 2]
nodes.count keys: [0, 1, 2]
links.meta: {5: (2, 2), 6: (2, 1), 7: (1, 1), 2: (2, 2), 8: (2, 2), 0: (1, 1), 3: (1, 0), 4: (1, 1), 1: (2, 2), 10: (2, 2), 9: (2, 2)}
t_type about to use: 1
h_type: 2
shift dict: {0: 0, 1: 188, 2: 746}
count dict: Counter({2: 940, 1: 558, 0: 188})
Generated 892 negative samples for edge type 6
Epoch 00016, Step00000 | Train_Loss: 0.5673 | Time: 0.0200
Epoch 00016 | Val_Loss 0.9265 | Time(s) 0.0084
EarlyStopping counter: 14 out of 40
Getting training negative samples for edge types: [6]
nodes.shift keys: [0, 1, 2]
nodes.count keys: [0, 1, 2]
links.meta: {5: (2, 2), 6: (2, 1), 7: (1, 1), 2: (2, 2), 8: (2, 2), 0: (1, 1), 3: (1, 0), 4: (1, 1), 1: (2, 2), 10: (2, 2), 9: (2, 2)}
t_type about to use: 1
h_type: 2
shift dict: {0: 0, 1: 188, 2: 746}
count dict: Counter({2: 940, 1: 558, 0: 188})
Generated 892 negative samples for edge type 6
Epoch 00017, Step00000 | Train_Loss: 0.5645 | Time: 0.0202
Epoch 00017 | Val_Loss 0.9491 | Time(s) 0.0070
EarlyStopping counter: 15 out of 40
Getting training negative samples for edge types: [6]
nodes.shift keys: [0, 1, 2]
nodes.count keys: [0, 1, 2]
links.meta: {5: (2, 2), 6: (2, 1), 7: (1, 1), 2: (2, 2), 8: (2, 2), 0: (1, 1), 3: (1, 0), 4: (1, 1), 1: (2, 2), 10: (2, 2), 9: (2, 2)}
t_type about to use: 1
h_type: 2
shift dict: {0: 0, 1: 188, 2: 746}
count dict: Counter({2: 940, 1: 558, 0: 188})
Generated 892 negative samples for edge type 6
Epoch 00018, Step00000 | Train_Loss: 0.5282 | Time: 0.0202
Epoch 00018 | Val_Loss 0.9759 | Time(s) 0.0082
EarlyStopping counter: 16 out of 40
Getting training negative samples for edge types: [6]
nodes.shift keys: [0, 1, 2]
nodes.count keys: [0, 1, 2]
links.meta: {5: (2, 2), 6: (2, 1), 7: (1, 1), 2: (2, 2), 8: (2, 2), 0: (1, 1), 3: (1, 0), 4: (1, 1), 1: (2, 2), 10: (2, 2), 9: (2, 2)}
t_type about to use: 1
h_type: 2
shift dict: {0: 0, 1: 188, 2: 746}
count dict: Counter({2: 940, 1: 558, 0: 188})
Generated 892 negative samples for edge type 6
Epoch 00019, Step00000 | Train_Loss: 0.5560 | Time: 0.0196
Epoch 00019 | Val_Loss 0.9786 | Time(s) 0.0084
EarlyStopping counter: 17 out of 40
Getting training negative samples for edge types: [6]
nodes.shift keys: [0, 1, 2]
nodes.count keys: [0, 1, 2]
links.meta: {5: (2, 2), 6: (2, 1), 7: (1, 1), 2: (2, 2), 8: (2, 2), 0: (1, 1), 3: (1, 0), 4: (1, 1), 1: (2, 2), 10: (2, 2), 9: (2, 2)}
t_type about to use: 1
h_type: 2
shift dict: {0: 0, 1: 188, 2: 746}
count dict: Counter({2: 940, 1: 558, 0: 188})
Generated 892 negative samples for edge type 6
Epoch 00020, Step00000 | Train_Loss: 0.5476 | Time: 0.0210
Epoch 00020 | Val_Loss 0.9440 | Time(s) 0.0082
EarlyStopping counter: 18 out of 40
Getting training negative samples for edge types: [6]
nodes.shift keys: [0, 1, 2]
nodes.count keys: [0, 1, 2]
links.meta: {5: (2, 2), 6: (2, 1), 7: (1, 1), 2: (2, 2), 8: (2, 2), 0: (1, 1), 3: (1, 0), 4: (1, 1), 1: (2, 2), 10: (2, 2), 9: (2, 2)}
t_type about to use: 1
h_type: 2
shift dict: {0: 0, 1: 188, 2: 746}
count dict: Counter({2: 940, 1: 558, 0: 188})
Generated 892 negative samples for edge type 6
Epoch 00021, Step00000 | Train_Loss: 0.5681 | Time: 0.0197
Epoch 00021 | Val_Loss 1.0784 | Time(s) 0.0084
EarlyStopping counter: 19 out of 40
Getting training negative samples for edge types: [6]
nodes.shift keys: [0, 1, 2]
nodes.count keys: [0, 1, 2]
links.meta: {5: (2, 2), 6: (2, 1), 7: (1, 1), 2: (2, 2), 8: (2, 2), 0: (1, 1), 3: (1, 0), 4: (1, 1), 1: (2, 2), 10: (2, 2), 9: (2, 2)}
t_type about to use: 1
h_type: 2
shift dict: {0: 0, 1: 188, 2: 746}
count dict: Counter({2: 940, 1: 558, 0: 188})
Generated 892 negative samples for edge type 6
Epoch 00022, Step00000 | Train_Loss: 0.5575 | Time: 0.0221
Epoch 00022 | Val_Loss 1.0314 | Time(s) 0.0084
EarlyStopping counter: 20 out of 40
Getting training negative samples for edge types: [6]
nodes.shift keys: [0, 1, 2]
nodes.count keys: [0, 1, 2]
links.meta: {5: (2, 2), 6: (2, 1), 7: (1, 1), 2: (2, 2), 8: (2, 2), 0: (1, 1), 3: (1, 0), 4: (1, 1), 1: (2, 2), 10: (2, 2), 9: (2, 2)}
t_type about to use: 1
h_type: 2
shift dict: {0: 0, 1: 188, 2: 746}
count dict: Counter({2: 940, 1: 558, 0: 188})
Generated 892 negative samples for edge type 6
Epoch 00023, Step00000 | Train_Loss: 0.5600 | Time: 0.0195
Epoch 00023 | Val_Loss 1.0419 | Time(s) 0.0086
EarlyStopping counter: 21 out of 40
Getting training negative samples for edge types: [6]
nodes.shift keys: [0, 1, 2]
nodes.count keys: [0, 1, 2]
links.meta: {5: (2, 2), 6: (2, 1), 7: (1, 1), 2: (2, 2), 8: (2, 2), 0: (1, 1), 3: (1, 0), 4: (1, 1), 1: (2, 2), 10: (2, 2), 9: (2, 2)}
t_type about to use: 1
h_type: 2
shift dict: {0: 0, 1: 188, 2: 746}
count dict: Counter({2: 940, 1: 558, 0: 188})
Generated 892 negative samples for edge type 6
Epoch 00024, Step00000 | Train_Loss: 0.5475 | Time: 0.0211
Epoch 00024 | Val_Loss 1.0274 | Time(s) 0.0081
EarlyStopping counter: 22 out of 40
Getting training negative samples for edge types: [6]
nodes.shift keys: [0, 1, 2]
nodes.count keys: [0, 1, 2]
links.meta: {5: (2, 2), 6: (2, 1), 7: (1, 1), 2: (2, 2), 8: (2, 2), 0: (1, 1), 3: (1, 0), 4: (1, 1), 1: (2, 2), 10: (2, 2), 9: (2, 2)}
t_type about to use: 1
h_type: 2
shift dict: {0: 0, 1: 188, 2: 746}
count dict: Counter({2: 940, 1: 558, 0: 188})
Generated 892 negative samples for edge type 6
Epoch 00025, Step00000 | Train_Loss: 0.5445 | Time: 0.0194
Epoch 00025 | Val_Loss 1.1180 | Time(s) 0.0081
EarlyStopping counter: 23 out of 40
Getting training negative samples for edge types: [6]
nodes.shift keys: [0, 1, 2]
nodes.count keys: [0, 1, 2]
links.meta: {5: (2, 2), 6: (2, 1), 7: (1, 1), 2: (2, 2), 8: (2, 2), 0: (1, 1), 3: (1, 0), 4: (1, 1), 1: (2, 2), 10: (2, 2), 9: (2, 2)}
t_type about to use: 1
h_type: 2
shift dict: {0: 0, 1: 188, 2: 746}
count dict: Counter({2: 940, 1: 558, 0: 188})
Generated 892 negative samples for edge type 6
Epoch 00026, Step00000 | Train_Loss: 0.5466 | Time: 0.0212
Epoch 00026 | Val_Loss 1.0536 | Time(s) 0.0080
EarlyStopping counter: 24 out of 40
Getting training negative samples for edge types: [6]
nodes.shift keys: [0, 1, 2]
nodes.count keys: [0, 1, 2]
links.meta: {5: (2, 2), 6: (2, 1), 7: (1, 1), 2: (2, 2), 8: (2, 2), 0: (1, 1), 3: (1, 0), 4: (1, 1), 1: (2, 2), 10: (2, 2), 9: (2, 2)}
t_type about to use: 1
h_type: 2
shift dict: {0: 0, 1: 188, 2: 746}
count dict: Counter({2: 940, 1: 558, 0: 188})
Generated 892 negative samples for edge type 6
Epoch 00027, Step00000 | Train_Loss: 0.5456 | Time: 0.0209
Epoch 00027 | Val_Loss 1.0155 | Time(s) 0.0079
EarlyStopping counter: 25 out of 40
Getting training negative samples for edge types: [6]
nodes.shift keys: [0, 1, 2]
nodes.count keys: [0, 1, 2]
links.meta: {5: (2, 2), 6: (2, 1), 7: (1, 1), 2: (2, 2), 8: (2, 2), 0: (1, 1), 3: (1, 0), 4: (1, 1), 1: (2, 2), 10: (2, 2), 9: (2, 2)}
t_type about to use: 1
h_type: 2
shift dict: {0: 0, 1: 188, 2: 746}
count dict: Counter({2: 940, 1: 558, 0: 188})
Generated 892 negative samples for edge type 6
Epoch 00028, Step00000 | Train_Loss: 0.5476 | Time: 0.0212
Epoch 00028 | Val_Loss 1.0525 | Time(s) 0.0082
EarlyStopping counter: 26 out of 40
Getting training negative samples for edge types: [6]
nodes.shift keys: [0, 1, 2]
nodes.count keys: [0, 1, 2]
links.meta: {5: (2, 2), 6: (2, 1), 7: (1, 1), 2: (2, 2), 8: (2, 2), 0: (1, 1), 3: (1, 0), 4: (1, 1), 1: (2, 2), 10: (2, 2), 9: (2, 2)}
t_type about to use: 1
h_type: 2
shift dict: {0: 0, 1: 188, 2: 746}
count dict: Counter({2: 940, 1: 558, 0: 188})
Generated 892 negative samples for edge type 6
Epoch 00029, Step00000 | Train_Loss: 0.5325 | Time: 0.0207
Epoch 00029 | Val_Loss 1.1741 | Time(s) 0.0081
EarlyStopping counter: 27 out of 40
Getting training negative samples for edge types: [6]
nodes.shift keys: [0, 1, 2]
nodes.count keys: [0, 1, 2]
links.meta: {5: (2, 2), 6: (2, 1), 7: (1, 1), 2: (2, 2), 8: (2, 2), 0: (1, 1), 3: (1, 0), 4: (1, 1), 1: (2, 2), 10: (2, 2), 9: (2, 2)}
t_type about to use: 1
h_type: 2
shift dict: {0: 0, 1: 188, 2: 746}
count dict: Counter({2: 940, 1: 558, 0: 188})
Generated 892 negative samples for edge type 6
Epoch 00030, Step00000 | Train_Loss: 0.5398 | Time: 0.0211
Epoch 00030 | Val_Loss 1.0483 | Time(s) 0.0081
EarlyStopping counter: 28 out of 40
Getting training negative samples for edge types: [6]
nodes.shift keys: [0, 1, 2]
nodes.count keys: [0, 1, 2]
links.meta: {5: (2, 2), 6: (2, 1), 7: (1, 1), 2: (2, 2), 8: (2, 2), 0: (1, 1), 3: (1, 0), 4: (1, 1), 1: (2, 2), 10: (2, 2), 9: (2, 2)}
t_type about to use: 1
h_type: 2
shift dict: {0: 0, 1: 188, 2: 746}
count dict: Counter({2: 940, 1: 558, 0: 188})
Generated 892 negative samples for edge type 6
Epoch 00031, Step00000 | Train_Loss: 0.5407 | Time: 0.0202
Epoch 00031 | Val_Loss 1.1233 | Time(s) 0.0083
EarlyStopping counter: 29 out of 40
Getting training negative samples for edge types: [6]
nodes.shift keys: [0, 1, 2]
nodes.count keys: [0, 1, 2]
links.meta: {5: (2, 2), 6: (2, 1), 7: (1, 1), 2: (2, 2), 8: (2, 2), 0: (1, 1), 3: (1, 0), 4: (1, 1), 1: (2, 2), 10: (2, 2), 9: (2, 2)}
t_type about to use: 1
h_type: 2
shift dict: {0: 0, 1: 188, 2: 746}
count dict: Counter({2: 940, 1: 558, 0: 188})
Generated 892 negative samples for edge type 6
Epoch 00032, Step00000 | Train_Loss: 0.5540 | Time: 0.0210
Epoch 00032 | Val_Loss 1.0074 | Time(s) 0.0080
EarlyStopping counter: 30 out of 40
Getting training negative samples for edge types: [6]
nodes.shift keys: [0, 1, 2]
nodes.count keys: [0, 1, 2]
links.meta: {5: (2, 2), 6: (2, 1), 7: (1, 1), 2: (2, 2), 8: (2, 2), 0: (1, 1), 3: (1, 0), 4: (1, 1), 1: (2, 2), 10: (2, 2), 9: (2, 2)}
t_type about to use: 1
h_type: 2
shift dict: {0: 0, 1: 188, 2: 746}
count dict: Counter({2: 940, 1: 558, 0: 188})
Generated 892 negative samples for edge type 6
Epoch 00033, Step00000 | Train_Loss: 0.5345 | Time: 0.0205
Epoch 00033 | Val_Loss 1.0132 | Time(s) 0.0081
EarlyStopping counter: 31 out of 40
Getting training negative samples for edge types: [6]
nodes.shift keys: [0, 1, 2]
nodes.count keys: [0, 1, 2]
links.meta: {5: (2, 2), 6: (2, 1), 7: (1, 1), 2: (2, 2), 8: (2, 2), 0: (1, 1), 3: (1, 0), 4: (1, 1), 1: (2, 2), 10: (2, 2), 9: (2, 2)}
t_type about to use: 1
h_type: 2
shift dict: {0: 0, 1: 188, 2: 746}
count dict: Counter({2: 940, 1: 558, 0: 188})
Generated 892 negative samples for edge type 6
Epoch 00034, Step00000 | Train_Loss: 0.5454 | Time: 0.0222
Epoch 00034 | Val_Loss 1.0474 | Time(s) 0.0084
EarlyStopping counter: 32 out of 40
Getting training negative samples for edge types: [6]
nodes.shift keys: [0, 1, 2]
nodes.count keys: [0, 1, 2]
links.meta: {5: (2, 2), 6: (2, 1), 7: (1, 1), 2: (2, 2), 8: (2, 2), 0: (1, 1), 3: (1, 0), 4: (1, 1), 1: (2, 2), 10: (2, 2), 9: (2, 2)}
t_type about to use: 1
h_type: 2
shift dict: {0: 0, 1: 188, 2: 746}
count dict: Counter({2: 940, 1: 558, 0: 188})
Generated 892 negative samples for edge type 6
Epoch 00035, Step00000 | Train_Loss: 0.5391 | Time: 0.0196
Epoch 00035 | Val_Loss 1.0510 | Time(s) 0.0084
EarlyStopping counter: 33 out of 40
Getting training negative samples for edge types: [6]
nodes.shift keys: [0, 1, 2]
nodes.count keys: [0, 1, 2]
links.meta: {5: (2, 2), 6: (2, 1), 7: (1, 1), 2: (2, 2), 8: (2, 2), 0: (1, 1), 3: (1, 0), 4: (1, 1), 1: (2, 2), 10: (2, 2), 9: (2, 2)}
t_type about to use: 1
h_type: 2
shift dict: {0: 0, 1: 188, 2: 746}
count dict: Counter({2: 940, 1: 558, 0: 188})
Generated 892 negative samples for edge type 6
Epoch 00036, Step00000 | Train_Loss: 0.5189 | Time: 0.0201
Epoch 00036 | Val_Loss 0.9500 | Time(s) 0.0081
EarlyStopping counter: 34 out of 40
Getting training negative samples for edge types: [6]
nodes.shift keys: [0, 1, 2]
nodes.count keys: [0, 1, 2]
links.meta: {5: (2, 2), 6: (2, 1), 7: (1, 1), 2: (2, 2), 8: (2, 2), 0: (1, 1), 3: (1, 0), 4: (1, 1), 1: (2, 2), 10: (2, 2), 9: (2, 2)}
t_type about to use: 1
h_type: 2
shift dict: {0: 0, 1: 188, 2: 746}
count dict: Counter({2: 940, 1: 558, 0: 188})
Generated 892 negative samples for edge type 6
Epoch 00037, Step00000 | Train_Loss: 0.5373 | Time: 0.0202
Epoch 00037 | Val_Loss 0.9298 | Time(s) 0.0084
EarlyStopping counter: 35 out of 40
Getting training negative samples for edge types: [6]
nodes.shift keys: [0, 1, 2]
nodes.count keys: [0, 1, 2]
links.meta: {5: (2, 2), 6: (2, 1), 7: (1, 1), 2: (2, 2), 8: (2, 2), 0: (1, 1), 3: (1, 0), 4: (1, 1), 1: (2, 2), 10: (2, 2), 9: (2, 2)}
t_type about to use: 1
h_type: 2
shift dict: {0: 0, 1: 188, 2: 746}
count dict: Counter({2: 940, 1: 558, 0: 188})
Generated 892 negative samples for edge type 6
Epoch 00038, Step00000 | Train_Loss: 0.5313 | Time: 0.0212
Epoch 00038 | Val_Loss 0.9504 | Time(s) 0.0081
EarlyStopping counter: 36 out of 40
Getting training negative samples for edge types: [6]
nodes.shift keys: [0, 1, 2]
nodes.count keys: [0, 1, 2]
links.meta: {5: (2, 2), 6: (2, 1), 7: (1, 1), 2: (2, 2), 8: (2, 2), 0: (1, 1), 3: (1, 0), 4: (1, 1), 1: (2, 2), 10: (2, 2), 9: (2, 2)}
t_type about to use: 1
h_type: 2
shift dict: {0: 0, 1: 188, 2: 746}
count dict: Counter({2: 940, 1: 558, 0: 188})
Generated 892 negative samples for edge type 6
Epoch 00039, Step00000 | Train_Loss: 0.5235 | Time: 0.0202
Epoch 00039 | Val_Loss 0.8223 | Time(s) 0.0082
EarlyStopping counter: 37 out of 40
Getting training negative samples for edge types: [6]
nodes.shift keys: [0, 1, 2]
nodes.count keys: [0, 1, 2]
links.meta: {5: (2, 2), 6: (2, 1), 7: (1, 1), 2: (2, 2), 8: (2, 2), 0: (1, 1), 3: (1, 0), 4: (1, 1), 1: (2, 2), 10: (2, 2), 9: (2, 2)}
t_type about to use: 1
h_type: 2
shift dict: {0: 0, 1: 188, 2: 746}
count dict: Counter({2: 940, 1: 558, 0: 188})
Generated 892 negative samples for edge type 6
Epoch 00040, Step00000 | Train_Loss: 0.5374 | Time: 0.0209
Epoch 00040 | Val_Loss 0.8925 | Time(s) 0.0082
EarlyStopping counter: 38 out of 40
Getting training negative samples for edge types: [6]
nodes.shift keys: [0, 1, 2]
nodes.count keys: [0, 1, 2]
links.meta: {5: (2, 2), 6: (2, 1), 7: (1, 1), 2: (2, 2), 8: (2, 2), 0: (1, 1), 3: (1, 0), 4: (1, 1), 1: (2, 2), 10: (2, 2), 9: (2, 2)}
t_type about to use: 1
h_type: 2
shift dict: {0: 0, 1: 188, 2: 746}
count dict: Counter({2: 940, 1: 558, 0: 188})
Generated 892 negative samples for edge type 6
Epoch 00041, Step00000 | Train_Loss: 0.5281 | Time: 0.0204
Epoch 00041 | Val_Loss 0.9130 | Time(s) 0.0081
EarlyStopping counter: 39 out of 40
Getting training negative samples for edge types: [6]
nodes.shift keys: [0, 1, 2]
nodes.count keys: [0, 1, 2]
links.meta: {5: (2, 2), 6: (2, 1), 7: (1, 1), 2: (2, 2), 8: (2, 2), 0: (1, 1), 3: (1, 0), 4: (1, 1), 1: (2, 2), 10: (2, 2), 9: (2, 2)}
t_type about to use: 1
h_type: 2
shift dict: {0: 0, 1: 188, 2: 746}
count dict: Counter({2: 940, 1: 558, 0: 188})
Generated 892 negative samples for edge type 6
Epoch 00042, Step00000 | Train_Loss: 0.5222 | Time: 0.0197
Epoch 00042 | Val_Loss 0.7101 | Time(s) 0.0083
EarlyStopping counter: 40 out of 40
Early stopping!
Early stopping!
Meta keys: dict_keys([6])
Data keys: dict_keys([6])
Edge type: 6, Meta: (2, 1)
{'roc_auc': 0.5379057164500903, 'MRR': 0.7726666666666666}
{'roc_auc': 0.6635248528640522, 'MRR': 0.8018888888888889}
defaultdict(<class 'float'>, {'roc_auc': 0.5379057164500903, 'MRR': 0.7726666666666666})
defaultdict(<class 'float'>, {'roc_auc': 0.6635248528640522, 'MRR': 0.8018888888888889})
Completed: amazon_style_cct_features_securebert_fold_3

--------------------------------------
Running model: SimpleHGN
Dataset: amazon_style_cct_features_securebert_fold_4
--------------------------------------
Data path: ../../data/amazon_style_cct_features_securebert_fold_4
Loading nodes from ../../data/amazon_style_cct_features_securebert_fold_4/node.dat
edge types: dict_keys([5, 6, 7, 2, 8, 0, 3, 4, 1, 10, 9])
Getting training negative samples for edge types: [6]
nodes.shift keys: [0, 1, 2]
nodes.count keys: [0, 1, 2]
links.meta: {5: (2, 2), 6: (2, 1), 7: (1, 1), 2: (2, 2), 8: (2, 2), 0: (1, 1), 3: (1, 0), 4: (1, 1), 1: (2, 2), 10: (2, 2), 9: (2, 2)}
t_type about to use: 1
h_type: 2
shift dict: {0: 0, 1: 188, 2: 746}
count dict: Counter({2: 940, 1: 558, 0: 188})
Generated 891 negative samples for edge type 6
Features List: [array([[ 0.00445206,  0.01268557,  0.22351578, ..., -0.28678206,
        -0.37460288,  0.18294938],
       [-0.18744846,  0.07075578,  0.0476894 , ..., -0.2232531 ,
        -0.19588573,  0.47988179],
       [-0.17451471, -0.04557271,  0.15712288, ..., -0.05391889,
        -0.20500693,  0.23744845],
       ...,
       [-0.40584856,  0.04715464,  0.24475315, ..., -0.12466257,
        -0.2035536 ,  0.28577447],
       [-0.18835557,  0.03822717,  0.03586731, ..., -0.23435652,
        -0.35453227,  0.38753107],
       [-0.13632202,  0.14362322,  0.08668749, ..., -0.24145249,
        -0.25799868,  0.26464131]]), array([[ 0.00791158, -0.00538086, -0.02676104, ..., -0.01897389,
        -0.01306979, -0.00084801],
       [ 0.01682901, -0.00649696, -0.01921631, ..., -0.01401017,
        -0.0039668 , -0.02202195],
       [ 0.02197852, -0.01403735, -0.05225722, ...,  0.02019661,
         0.00528841,  0.0033033 ],
       ...,
       [ 0.01603197,  0.00716993, -0.01245602, ..., -0.01399604,
        -0.00058955, -0.0256807 ],
       [ 0.01039577,  0.02045547, -0.02146293, ...,  0.01017929,
         0.02390171,  0.00134994],
       [ 0.00462414,  0.0041195 , -0.0135733 , ..., -0.01101827,
         0.00813001,  0.0203817 ]]), array([[ 0.00087804,  0.00658507, -0.02514569, ..., -0.04238372,
         0.00850771, -0.02565438],
       [-0.0006986 ,  0.01542003, -0.03227317, ..., -0.01301633,
         0.01559736, -0.03614859],
       [-0.01135348,  0.00974955, -0.01812623, ..., -0.01920343,
         0.00887381, -0.0152928 ],
       ...,
       [ 0.00701895, -0.01539859, -0.03025482, ..., -0.03644368,
         0.01254067, -0.0236606 ],
       [-0.00414097,  0.00144739, -0.05197839, ...,  0.00216818,
         0.02755725, -0.03143983],
       [ 0.01779867, -0.02493452, -0.0391779 , ..., -0.01159797,
        -0.00619852, -0.02449675]])]
Getting training negative samples for edge types: [6]
nodes.shift keys: [0, 1, 2]
nodes.count keys: [0, 1, 2]
links.meta: {5: (2, 2), 6: (2, 1), 7: (1, 1), 2: (2, 2), 8: (2, 2), 0: (1, 1), 3: (1, 0), 4: (1, 1), 1: (2, 2), 10: (2, 2), 9: (2, 2)}
t_type about to use: 1
h_type: 2
shift dict: {0: 0, 1: 188, 2: 746}
count dict: Counter({2: 940, 1: 558, 0: 188})
Generated 891 negative samples for edge type 6
Epoch 00000, Step00000 | Train_Loss: 0.6929 | Time: 0.5679
Epoch 00000 | Val_Loss 0.6847 | Time(s) 0.0071
Validation loss decreased (inf --> 0.684699).  Saving model ...
Getting training negative samples for edge types: [6]
nodes.shift keys: [0, 1, 2]
nodes.count keys: [0, 1, 2]
links.meta: {5: (2, 2), 6: (2, 1), 7: (1, 1), 2: (2, 2), 8: (2, 2), 0: (1, 1), 3: (1, 0), 4: (1, 1), 1: (2, 2), 10: (2, 2), 9: (2, 2)}
t_type about to use: 1
h_type: 2
shift dict: {0: 0, 1: 188, 2: 746}
count dict: Counter({2: 940, 1: 558, 0: 188})
Generated 891 negative samples for edge type 6
Epoch 00001, Step00000 | Train_Loss: 0.6864 | Time: 0.0262
Epoch 00001 | Val_Loss 0.6814 | Time(s) 0.0080
Validation loss decreased (0.684699 --> 0.681359).  Saving model ...
Getting training negative samples for edge types: [6]
nodes.shift keys: [0, 1, 2]
nodes.count keys: [0, 1, 2]
links.meta: {5: (2, 2), 6: (2, 1), 7: (1, 1), 2: (2, 2), 8: (2, 2), 0: (1, 1), 3: (1, 0), 4: (1, 1), 1: (2, 2), 10: (2, 2), 9: (2, 2)}
t_type about to use: 1
h_type: 2
shift dict: {0: 0, 1: 188, 2: 746}
count dict: Counter({2: 940, 1: 558, 0: 188})
Generated 891 negative samples for edge type 6
Epoch 00002, Step00000 | Train_Loss: 0.6790 | Time: 0.0217
Epoch 00002 | Val_Loss 0.6643 | Time(s) 0.0078
Validation loss decreased (0.681359 --> 0.664347).  Saving model ...
Getting training negative samples for edge types: [6]
nodes.shift keys: [0, 1, 2]
nodes.count keys: [0, 1, 2]
links.meta: {5: (2, 2), 6: (2, 1), 7: (1, 1), 2: (2, 2), 8: (2, 2), 0: (1, 1), 3: (1, 0), 4: (1, 1), 1: (2, 2), 10: (2, 2), 9: (2, 2)}
t_type about to use: 1
h_type: 2
shift dict: {0: 0, 1: 188, 2: 746}
count dict: Counter({2: 940, 1: 558, 0: 188})
Generated 891 negative samples for edge type 6
Epoch 00003, Step00000 | Train_Loss: 0.6731 | Time: 0.0241
Epoch 00003 | Val_Loss 0.6605 | Time(s) 0.0093
Validation loss decreased (0.664347 --> 0.660482).  Saving model ...
Getting training negative samples for edge types: [6]
nodes.shift keys: [0, 1, 2]
nodes.count keys: [0, 1, 2]
links.meta: {5: (2, 2), 6: (2, 1), 7: (1, 1), 2: (2, 2), 8: (2, 2), 0: (1, 1), 3: (1, 0), 4: (1, 1), 1: (2, 2), 10: (2, 2), 9: (2, 2)}
t_type about to use: 1
h_type: 2
shift dict: {0: 0, 1: 188, 2: 746}
count dict: Counter({2: 940, 1: 558, 0: 188})
Generated 891 negative samples for edge type 6
Epoch 00004, Step00000 | Train_Loss: 0.6633 | Time: 0.0205
Epoch 00004 | Val_Loss 0.6647 | Time(s) 0.0083
EarlyStopping counter: 1 out of 40
Getting training negative samples for edge types: [6]
nodes.shift keys: [0, 1, 2]
nodes.count keys: [0, 1, 2]
links.meta: {5: (2, 2), 6: (2, 1), 7: (1, 1), 2: (2, 2), 8: (2, 2), 0: (1, 1), 3: (1, 0), 4: (1, 1), 1: (2, 2), 10: (2, 2), 9: (2, 2)}
t_type about to use: 1
h_type: 2
shift dict: {0: 0, 1: 188, 2: 746}
count dict: Counter({2: 940, 1: 558, 0: 188})
Generated 891 negative samples for edge type 6
Epoch 00005, Step00000 | Train_Loss: 0.6524 | Time: 0.0193
Epoch 00005 | Val_Loss 0.6677 | Time(s) 0.0084
EarlyStopping counter: 2 out of 40
Getting training negative samples for edge types: [6]
nodes.shift keys: [0, 1, 2]
nodes.count keys: [0, 1, 2]
links.meta: {5: (2, 2), 6: (2, 1), 7: (1, 1), 2: (2, 2), 8: (2, 2), 0: (1, 1), 3: (1, 0), 4: (1, 1), 1: (2, 2), 10: (2, 2), 9: (2, 2)}
t_type about to use: 1
h_type: 2
shift dict: {0: 0, 1: 188, 2: 746}
count dict: Counter({2: 940, 1: 558, 0: 188})
Generated 891 negative samples for edge type 6
Epoch 00006, Step00000 | Train_Loss: 0.6407 | Time: 0.0212
Epoch 00006 | Val_Loss 0.6619 | Time(s) 0.0082
EarlyStopping counter: 3 out of 40
Getting training negative samples for edge types: [6]
nodes.shift keys: [0, 1, 2]
nodes.count keys: [0, 1, 2]
links.meta: {5: (2, 2), 6: (2, 1), 7: (1, 1), 2: (2, 2), 8: (2, 2), 0: (1, 1), 3: (1, 0), 4: (1, 1), 1: (2, 2), 10: (2, 2), 9: (2, 2)}
t_type about to use: 1
h_type: 2
shift dict: {0: 0, 1: 188, 2: 746}
count dict: Counter({2: 940, 1: 558, 0: 188})
Generated 891 negative samples for edge type 6
Epoch 00007, Step00000 | Train_Loss: 0.6293 | Time: 0.0199
Epoch 00007 | Val_Loss 0.6579 | Time(s) 0.0086
Validation loss decreased (0.660482 --> 0.657889).  Saving model ...
Getting training negative samples for edge types: [6]
nodes.shift keys: [0, 1, 2]
nodes.count keys: [0, 1, 2]
links.meta: {5: (2, 2), 6: (2, 1), 7: (1, 1), 2: (2, 2), 8: (2, 2), 0: (1, 1), 3: (1, 0), 4: (1, 1), 1: (2, 2), 10: (2, 2), 9: (2, 2)}
t_type about to use: 1
h_type: 2
shift dict: {0: 0, 1: 188, 2: 746}
count dict: Counter({2: 940, 1: 558, 0: 188})
Generated 891 negative samples for edge type 6
Epoch 00008, Step00000 | Train_Loss: 0.6122 | Time: 0.0200
Epoch 00008 | Val_Loss 0.6816 | Time(s) 0.0079
EarlyStopping counter: 1 out of 40
Getting training negative samples for edge types: [6]
nodes.shift keys: [0, 1, 2]
nodes.count keys: [0, 1, 2]
links.meta: {5: (2, 2), 6: (2, 1), 7: (1, 1), 2: (2, 2), 8: (2, 2), 0: (1, 1), 3: (1, 0), 4: (1, 1), 1: (2, 2), 10: (2, 2), 9: (2, 2)}
t_type about to use: 1
h_type: 2
shift dict: {0: 0, 1: 188, 2: 746}
count dict: Counter({2: 940, 1: 558, 0: 188})
Generated 891 negative samples for edge type 6
Epoch 00009, Step00000 | Train_Loss: 0.6149 | Time: 0.0202
Epoch 00009 | Val_Loss 0.7460 | Time(s) 0.0078
EarlyStopping counter: 2 out of 40
Getting training negative samples for edge types: [6]
nodes.shift keys: [0, 1, 2]
nodes.count keys: [0, 1, 2]
links.meta: {5: (2, 2), 6: (2, 1), 7: (1, 1), 2: (2, 2), 8: (2, 2), 0: (1, 1), 3: (1, 0), 4: (1, 1), 1: (2, 2), 10: (2, 2), 9: (2, 2)}
t_type about to use: 1
h_type: 2
shift dict: {0: 0, 1: 188, 2: 746}
count dict: Counter({2: 940, 1: 558, 0: 188})
Generated 891 negative samples for edge type 6
Epoch 00010, Step00000 | Train_Loss: 0.5954 | Time: 0.0201
Epoch 00010 | Val_Loss 0.7597 | Time(s) 0.0084
EarlyStopping counter: 3 out of 40
Getting training negative samples for edge types: [6]
nodes.shift keys: [0, 1, 2]
nodes.count keys: [0, 1, 2]
links.meta: {5: (2, 2), 6: (2, 1), 7: (1, 1), 2: (2, 2), 8: (2, 2), 0: (1, 1), 3: (1, 0), 4: (1, 1), 1: (2, 2), 10: (2, 2), 9: (2, 2)}
t_type about to use: 1
h_type: 2
shift dict: {0: 0, 1: 188, 2: 746}
count dict: Counter({2: 940, 1: 558, 0: 188})
Generated 891 negative samples for edge type 6
Epoch 00011, Step00000 | Train_Loss: 0.5878 | Time: 0.0198
Epoch 00011 | Val_Loss 0.8613 | Time(s) 0.0088
EarlyStopping counter: 4 out of 40
Getting training negative samples for edge types: [6]
nodes.shift keys: [0, 1, 2]
nodes.count keys: [0, 1, 2]
links.meta: {5: (2, 2), 6: (2, 1), 7: (1, 1), 2: (2, 2), 8: (2, 2), 0: (1, 1), 3: (1, 0), 4: (1, 1), 1: (2, 2), 10: (2, 2), 9: (2, 2)}
t_type about to use: 1
h_type: 2
shift dict: {0: 0, 1: 188, 2: 746}
count dict: Counter({2: 940, 1: 558, 0: 188})
Generated 891 negative samples for edge type 6
Epoch 00012, Step00000 | Train_Loss: 0.5718 | Time: 0.0203
Epoch 00012 | Val_Loss 0.8150 | Time(s) 0.0088
EarlyStopping counter: 5 out of 40
Getting training negative samples for edge types: [6]
nodes.shift keys: [0, 1, 2]
nodes.count keys: [0, 1, 2]
links.meta: {5: (2, 2), 6: (2, 1), 7: (1, 1), 2: (2, 2), 8: (2, 2), 0: (1, 1), 3: (1, 0), 4: (1, 1), 1: (2, 2), 10: (2, 2), 9: (2, 2)}
t_type about to use: 1
h_type: 2
shift dict: {0: 0, 1: 188, 2: 746}
count dict: Counter({2: 940, 1: 558, 0: 188})
Generated 891 negative samples for edge type 6
Epoch 00013, Step00000 | Train_Loss: 0.5678 | Time: 0.0200
Epoch 00013 | Val_Loss 0.8521 | Time(s) 0.0085
EarlyStopping counter: 6 out of 40
Getting training negative samples for edge types: [6]
nodes.shift keys: [0, 1, 2]
nodes.count keys: [0, 1, 2]
links.meta: {5: (2, 2), 6: (2, 1), 7: (1, 1), 2: (2, 2), 8: (2, 2), 0: (1, 1), 3: (1, 0), 4: (1, 1), 1: (2, 2), 10: (2, 2), 9: (2, 2)}
t_type about to use: 1
h_type: 2
shift dict: {0: 0, 1: 188, 2: 746}
count dict: Counter({2: 940, 1: 558, 0: 188})
Generated 891 negative samples for edge type 6
Epoch 00014, Step00000 | Train_Loss: 0.5780 | Time: 0.0210
Epoch 00014 | Val_Loss 0.9083 | Time(s) 0.0084
EarlyStopping counter: 7 out of 40
Getting training negative samples for edge types: [6]
nodes.shift keys: [0, 1, 2]
nodes.count keys: [0, 1, 2]
links.meta: {5: (2, 2), 6: (2, 1), 7: (1, 1), 2: (2, 2), 8: (2, 2), 0: (1, 1), 3: (1, 0), 4: (1, 1), 1: (2, 2), 10: (2, 2), 9: (2, 2)}
t_type about to use: 1
h_type: 2
shift dict: {0: 0, 1: 188, 2: 746}
count dict: Counter({2: 940, 1: 558, 0: 188})
Generated 891 negative samples for edge type 6
Epoch 00015, Step00000 | Train_Loss: 0.5480 | Time: 0.0197
Epoch 00015 | Val_Loss 0.9281 | Time(s) 0.0088
EarlyStopping counter: 8 out of 40
Getting training negative samples for edge types: [6]
nodes.shift keys: [0, 1, 2]
nodes.count keys: [0, 1, 2]
links.meta: {5: (2, 2), 6: (2, 1), 7: (1, 1), 2: (2, 2), 8: (2, 2), 0: (1, 1), 3: (1, 0), 4: (1, 1), 1: (2, 2), 10: (2, 2), 9: (2, 2)}
t_type about to use: 1
h_type: 2
shift dict: {0: 0, 1: 188, 2: 746}
count dict: Counter({2: 940, 1: 558, 0: 188})
Generated 891 negative samples for edge type 6
Epoch 00016, Step00000 | Train_Loss: 0.5641 | Time: 0.0203
Epoch 00016 | Val_Loss 0.9282 | Time(s) 0.0087
EarlyStopping counter: 9 out of 40
Getting training negative samples for edge types: [6]
nodes.shift keys: [0, 1, 2]
nodes.count keys: [0, 1, 2]
links.meta: {5: (2, 2), 6: (2, 1), 7: (1, 1), 2: (2, 2), 8: (2, 2), 0: (1, 1), 3: (1, 0), 4: (1, 1), 1: (2, 2), 10: (2, 2), 9: (2, 2)}
t_type about to use: 1
h_type: 2
shift dict: {0: 0, 1: 188, 2: 746}
count dict: Counter({2: 940, 1: 558, 0: 188})
Generated 891 negative samples for edge type 6
Epoch 00017, Step00000 | Train_Loss: 0.5610 | Time: 0.0199
Epoch 00017 | Val_Loss 1.0081 | Time(s) 0.0083
EarlyStopping counter: 10 out of 40
Getting training negative samples for edge types: [6]
nodes.shift keys: [0, 1, 2]
nodes.count keys: [0, 1, 2]
links.meta: {5: (2, 2), 6: (2, 1), 7: (1, 1), 2: (2, 2), 8: (2, 2), 0: (1, 1), 3: (1, 0), 4: (1, 1), 1: (2, 2), 10: (2, 2), 9: (2, 2)}
t_type about to use: 1
h_type: 2
shift dict: {0: 0, 1: 188, 2: 746}
count dict: Counter({2: 940, 1: 558, 0: 188})
Generated 891 negative samples for edge type 6
Epoch 00018, Step00000 | Train_Loss: 0.5528 | Time: 0.0205
Epoch 00018 | Val_Loss 1.0329 | Time(s) 0.0084
EarlyStopping counter: 11 out of 40
Getting training negative samples for edge types: [6]
nodes.shift keys: [0, 1, 2]
nodes.count keys: [0, 1, 2]
links.meta: {5: (2, 2), 6: (2, 1), 7: (1, 1), 2: (2, 2), 8: (2, 2), 0: (1, 1), 3: (1, 0), 4: (1, 1), 1: (2, 2), 10: (2, 2), 9: (2, 2)}
t_type about to use: 1
h_type: 2
shift dict: {0: 0, 1: 188, 2: 746}
count dict: Counter({2: 940, 1: 558, 0: 188})
Generated 891 negative samples for edge type 6
Epoch 00019, Step00000 | Train_Loss: 0.5619 | Time: 0.0211
Epoch 00019 | Val_Loss 0.9055 | Time(s) 0.0083
EarlyStopping counter: 12 out of 40
Getting training negative samples for edge types: [6]
nodes.shift keys: [0, 1, 2]
nodes.count keys: [0, 1, 2]
links.meta: {5: (2, 2), 6: (2, 1), 7: (1, 1), 2: (2, 2), 8: (2, 2), 0: (1, 1), 3: (1, 0), 4: (1, 1), 1: (2, 2), 10: (2, 2), 9: (2, 2)}
t_type about to use: 1
h_type: 2
shift dict: {0: 0, 1: 188, 2: 746}
count dict: Counter({2: 940, 1: 558, 0: 188})
Generated 891 negative samples for edge type 6
Epoch 00020, Step00000 | Train_Loss: 0.5518 | Time: 0.0198
Epoch 00020 | Val_Loss 0.9444 | Time(s) 0.0081
EarlyStopping counter: 13 out of 40
Getting training negative samples for edge types: [6]
nodes.shift keys: [0, 1, 2]
nodes.count keys: [0, 1, 2]
links.meta: {5: (2, 2), 6: (2, 1), 7: (1, 1), 2: (2, 2), 8: (2, 2), 0: (1, 1), 3: (1, 0), 4: (1, 1), 1: (2, 2), 10: (2, 2), 9: (2, 2)}
t_type about to use: 1
h_type: 2
shift dict: {0: 0, 1: 188, 2: 746}
count dict: Counter({2: 940, 1: 558, 0: 188})
Generated 891 negative samples for edge type 6
Epoch 00021, Step00000 | Train_Loss: 0.5317 | Time: 0.0209
Epoch 00021 | Val_Loss 0.8838 | Time(s) 0.0078
EarlyStopping counter: 14 out of 40
Getting training negative samples for edge types: [6]
nodes.shift keys: [0, 1, 2]
nodes.count keys: [0, 1, 2]
links.meta: {5: (2, 2), 6: (2, 1), 7: (1, 1), 2: (2, 2), 8: (2, 2), 0: (1, 1), 3: (1, 0), 4: (1, 1), 1: (2, 2), 10: (2, 2), 9: (2, 2)}
t_type about to use: 1
h_type: 2
shift dict: {0: 0, 1: 188, 2: 746}
count dict: Counter({2: 940, 1: 558, 0: 188})
Generated 891 negative samples for edge type 6
Epoch 00022, Step00000 | Train_Loss: 0.5460 | Time: 0.0206
Epoch 00022 | Val_Loss 1.0562 | Time(s) 0.0082
EarlyStopping counter: 15 out of 40
Getting training negative samples for edge types: [6]
nodes.shift keys: [0, 1, 2]
nodes.count keys: [0, 1, 2]
links.meta: {5: (2, 2), 6: (2, 1), 7: (1, 1), 2: (2, 2), 8: (2, 2), 0: (1, 1), 3: (1, 0), 4: (1, 1), 1: (2, 2), 10: (2, 2), 9: (2, 2)}
t_type about to use: 1
h_type: 2
shift dict: {0: 0, 1: 188, 2: 746}
count dict: Counter({2: 940, 1: 558, 0: 188})
Generated 891 negative samples for edge type 6
Epoch 00023, Step00000 | Train_Loss: 0.5410 | Time: 0.0222
Epoch 00023 | Val_Loss 0.9050 | Time(s) 0.0078
EarlyStopping counter: 16 out of 40
Getting training negative samples for edge types: [6]
nodes.shift keys: [0, 1, 2]
nodes.count keys: [0, 1, 2]
links.meta: {5: (2, 2), 6: (2, 1), 7: (1, 1), 2: (2, 2), 8: (2, 2), 0: (1, 1), 3: (1, 0), 4: (1, 1), 1: (2, 2), 10: (2, 2), 9: (2, 2)}
t_type about to use: 1
h_type: 2
shift dict: {0: 0, 1: 188, 2: 746}
count dict: Counter({2: 940, 1: 558, 0: 188})
Generated 891 negative samples for edge type 6
Epoch 00024, Step00000 | Train_Loss: 0.5426 | Time: 0.0194
Epoch 00024 | Val_Loss 0.8452 | Time(s) 0.0084
EarlyStopping counter: 17 out of 40
Getting training negative samples for edge types: [6]
nodes.shift keys: [0, 1, 2]
nodes.count keys: [0, 1, 2]
links.meta: {5: (2, 2), 6: (2, 1), 7: (1, 1), 2: (2, 2), 8: (2, 2), 0: (1, 1), 3: (1, 0), 4: (1, 1), 1: (2, 2), 10: (2, 2), 9: (2, 2)}
t_type about to use: 1
h_type: 2
shift dict: {0: 0, 1: 188, 2: 746}
count dict: Counter({2: 940, 1: 558, 0: 188})
Generated 891 negative samples for edge type 6
Epoch 00025, Step00000 | Train_Loss: 0.5441 | Time: 0.0211
Epoch 00025 | Val_Loss 0.8944 | Time(s) 0.0083
EarlyStopping counter: 18 out of 40
Getting training negative samples for edge types: [6]
nodes.shift keys: [0, 1, 2]
nodes.count keys: [0, 1, 2]
links.meta: {5: (2, 2), 6: (2, 1), 7: (1, 1), 2: (2, 2), 8: (2, 2), 0: (1, 1), 3: (1, 0), 4: (1, 1), 1: (2, 2), 10: (2, 2), 9: (2, 2)}
t_type about to use: 1
h_type: 2
shift dict: {0: 0, 1: 188, 2: 746}
count dict: Counter({2: 940, 1: 558, 0: 188})
Generated 891 negative samples for edge type 6
Epoch 00026, Step00000 | Train_Loss: 0.5418 | Time: 0.0199
Epoch 00026 | Val_Loss 0.9271 | Time(s) 0.0087
EarlyStopping counter: 19 out of 40
Getting training negative samples for edge types: [6]
nodes.shift keys: [0, 1, 2]
nodes.count keys: [0, 1, 2]
links.meta: {5: (2, 2), 6: (2, 1), 7: (1, 1), 2: (2, 2), 8: (2, 2), 0: (1, 1), 3: (1, 0), 4: (1, 1), 1: (2, 2), 10: (2, 2), 9: (2, 2)}
t_type about to use: 1
h_type: 2
shift dict: {0: 0, 1: 188, 2: 746}
count dict: Counter({2: 940, 1: 558, 0: 188})
Generated 891 negative samples for edge type 6
Epoch 00027, Step00000 | Train_Loss: 0.5477 | Time: 0.0216
Epoch 00027 | Val_Loss 0.9343 | Time(s) 0.0082
EarlyStopping counter: 20 out of 40
Getting training negative samples for edge types: [6]
nodes.shift keys: [0, 1, 2]
nodes.count keys: [0, 1, 2]
links.meta: {5: (2, 2), 6: (2, 1), 7: (1, 1), 2: (2, 2), 8: (2, 2), 0: (1, 1), 3: (1, 0), 4: (1, 1), 1: (2, 2), 10: (2, 2), 9: (2, 2)}
t_type about to use: 1
h_type: 2
shift dict: {0: 0, 1: 188, 2: 746}
count dict: Counter({2: 940, 1: 558, 0: 188})
Generated 891 negative samples for edge type 6
Epoch 00028, Step00000 | Train_Loss: 0.5398 | Time: 0.0197
Epoch 00028 | Val_Loss 0.9525 | Time(s) 0.0083
EarlyStopping counter: 21 out of 40
Getting training negative samples for edge types: [6]
nodes.shift keys: [0, 1, 2]
nodes.count keys: [0, 1, 2]
links.meta: {5: (2, 2), 6: (2, 1), 7: (1, 1), 2: (2, 2), 8: (2, 2), 0: (1, 1), 3: (1, 0), 4: (1, 1), 1: (2, 2), 10: (2, 2), 9: (2, 2)}
t_type about to use: 1
h_type: 2
shift dict: {0: 0, 1: 188, 2: 746}
count dict: Counter({2: 940, 1: 558, 0: 188})
Generated 891 negative samples for edge type 6
Epoch 00029, Step00000 | Train_Loss: 0.5381 | Time: 0.0205
Epoch 00029 | Val_Loss 0.8786 | Time(s) 0.0087
EarlyStopping counter: 22 out of 40
Getting training negative samples for edge types: [6]
nodes.shift keys: [0, 1, 2]
nodes.count keys: [0, 1, 2]
links.meta: {5: (2, 2), 6: (2, 1), 7: (1, 1), 2: (2, 2), 8: (2, 2), 0: (1, 1), 3: (1, 0), 4: (1, 1), 1: (2, 2), 10: (2, 2), 9: (2, 2)}
t_type about to use: 1
h_type: 2
shift dict: {0: 0, 1: 188, 2: 746}
count dict: Counter({2: 940, 1: 558, 0: 188})
Generated 891 negative samples for edge type 6
Epoch 00030, Step00000 | Train_Loss: 0.5415 | Time: 0.0196
Epoch 00030 | Val_Loss 0.8799 | Time(s) 0.0084
EarlyStopping counter: 23 out of 40
Getting training negative samples for edge types: [6]
nodes.shift keys: [0, 1, 2]
nodes.count keys: [0, 1, 2]
links.meta: {5: (2, 2), 6: (2, 1), 7: (1, 1), 2: (2, 2), 8: (2, 2), 0: (1, 1), 3: (1, 0), 4: (1, 1), 1: (2, 2), 10: (2, 2), 9: (2, 2)}
t_type about to use: 1
h_type: 2
shift dict: {0: 0, 1: 188, 2: 746}
count dict: Counter({2: 940, 1: 558, 0: 188})
Generated 891 negative samples for edge type 6
Epoch 00031, Step00000 | Train_Loss: 0.5273 | Time: 0.0202
Epoch 00031 | Val_Loss 0.9877 | Time(s) 0.0085
EarlyStopping counter: 24 out of 40
Getting training negative samples for edge types: [6]
nodes.shift keys: [0, 1, 2]
nodes.count keys: [0, 1, 2]
links.meta: {5: (2, 2), 6: (2, 1), 7: (1, 1), 2: (2, 2), 8: (2, 2), 0: (1, 1), 3: (1, 0), 4: (1, 1), 1: (2, 2), 10: (2, 2), 9: (2, 2)}
t_type about to use: 1
h_type: 2
shift dict: {0: 0, 1: 188, 2: 746}
count dict: Counter({2: 940, 1: 558, 0: 188})
Generated 891 negative samples for edge type 6
Epoch 00032, Step00000 | Train_Loss: 0.5420 | Time: 0.0215
Epoch 00032 | Val_Loss 0.9535 | Time(s) 0.0087
EarlyStopping counter: 25 out of 40
Getting training negative samples for edge types: [6]
nodes.shift keys: [0, 1, 2]
nodes.count keys: [0, 1, 2]
links.meta: {5: (2, 2), 6: (2, 1), 7: (1, 1), 2: (2, 2), 8: (2, 2), 0: (1, 1), 3: (1, 0), 4: (1, 1), 1: (2, 2), 10: (2, 2), 9: (2, 2)}
t_type about to use: 1
h_type: 2
shift dict: {0: 0, 1: 188, 2: 746}
count dict: Counter({2: 940, 1: 558, 0: 188})
Generated 891 negative samples for edge type 6
Epoch 00033, Step00000 | Train_Loss: 0.5363 | Time: 0.0205
Epoch 00033 | Val_Loss 1.0488 | Time(s) 0.0077
EarlyStopping counter: 26 out of 40
Getting training negative samples for edge types: [6]
nodes.shift keys: [0, 1, 2]
nodes.count keys: [0, 1, 2]
links.meta: {5: (2, 2), 6: (2, 1), 7: (1, 1), 2: (2, 2), 8: (2, 2), 0: (1, 1), 3: (1, 0), 4: (1, 1), 1: (2, 2), 10: (2, 2), 9: (2, 2)}
t_type about to use: 1
h_type: 2
shift dict: {0: 0, 1: 188, 2: 746}
count dict: Counter({2: 940, 1: 558, 0: 188})
Generated 891 negative samples for edge type 6
Epoch 00034, Step00000 | Train_Loss: 0.5268 | Time: 0.0200
Epoch 00034 | Val_Loss 0.9647 | Time(s) 0.0083
EarlyStopping counter: 27 out of 40
Getting training negative samples for edge types: [6]
nodes.shift keys: [0, 1, 2]
nodes.count keys: [0, 1, 2]
links.meta: {5: (2, 2), 6: (2, 1), 7: (1, 1), 2: (2, 2), 8: (2, 2), 0: (1, 1), 3: (1, 0), 4: (1, 1), 1: (2, 2), 10: (2, 2), 9: (2, 2)}
t_type about to use: 1
h_type: 2
shift dict: {0: 0, 1: 188, 2: 746}
count dict: Counter({2: 940, 1: 558, 0: 188})
Generated 891 negative samples for edge type 6
Epoch 00035, Step00000 | Train_Loss: 0.5419 | Time: 0.0195
Epoch 00035 | Val_Loss 1.0219 | Time(s) 0.0082
EarlyStopping counter: 28 out of 40
Getting training negative samples for edge types: [6]
nodes.shift keys: [0, 1, 2]
nodes.count keys: [0, 1, 2]
links.meta: {5: (2, 2), 6: (2, 1), 7: (1, 1), 2: (2, 2), 8: (2, 2), 0: (1, 1), 3: (1, 0), 4: (1, 1), 1: (2, 2), 10: (2, 2), 9: (2, 2)}
t_type about to use: 1
h_type: 2
shift dict: {0: 0, 1: 188, 2: 746}
count dict: Counter({2: 940, 1: 558, 0: 188})
Generated 891 negative samples for edge type 6
Epoch 00036, Step00000 | Train_Loss: 0.5373 | Time: 0.0212
Epoch 00036 | Val_Loss 0.8960 | Time(s) 0.0083
EarlyStopping counter: 29 out of 40
Getting training negative samples for edge types: [6]
nodes.shift keys: [0, 1, 2]
nodes.count keys: [0, 1, 2]
links.meta: {5: (2, 2), 6: (2, 1), 7: (1, 1), 2: (2, 2), 8: (2, 2), 0: (1, 1), 3: (1, 0), 4: (1, 1), 1: (2, 2), 10: (2, 2), 9: (2, 2)}
t_type about to use: 1
h_type: 2
shift dict: {0: 0, 1: 188, 2: 746}
count dict: Counter({2: 940, 1: 558, 0: 188})
Generated 891 negative samples for edge type 6
Epoch 00037, Step00000 | Train_Loss: 0.5422 | Time: 0.0210
Epoch 00037 | Val_Loss 0.9454 | Time(s) 0.0081
EarlyStopping counter: 30 out of 40
Getting training negative samples for edge types: [6]
nodes.shift keys: [0, 1, 2]
nodes.count keys: [0, 1, 2]
links.meta: {5: (2, 2), 6: (2, 1), 7: (1, 1), 2: (2, 2), 8: (2, 2), 0: (1, 1), 3: (1, 0), 4: (1, 1), 1: (2, 2), 10: (2, 2), 9: (2, 2)}
t_type about to use: 1
h_type: 2
shift dict: {0: 0, 1: 188, 2: 746}
count dict: Counter({2: 940, 1: 558, 0: 188})
Generated 891 negative samples for edge type 6
Epoch 00038, Step00000 | Train_Loss: 0.5396 | Time: 0.0206
Epoch 00038 | Val_Loss 0.9531 | Time(s) 0.0081
EarlyStopping counter: 31 out of 40
Getting training negative samples for edge types: [6]
nodes.shift keys: [0, 1, 2]
nodes.count keys: [0, 1, 2]
links.meta: {5: (2, 2), 6: (2, 1), 7: (1, 1), 2: (2, 2), 8: (2, 2), 0: (1, 1), 3: (1, 0), 4: (1, 1), 1: (2, 2), 10: (2, 2), 9: (2, 2)}
t_type about to use: 1
h_type: 2
shift dict: {0: 0, 1: 188, 2: 746}
count dict: Counter({2: 940, 1: 558, 0: 188})
Generated 891 negative samples for edge type 6
Epoch 00039, Step00000 | Train_Loss: 0.5387 | Time: 0.0209
Epoch 00039 | Val_Loss 0.9670 | Time(s) 0.0084
EarlyStopping counter: 32 out of 40
Getting training negative samples for edge types: [6]
nodes.shift keys: [0, 1, 2]
nodes.count keys: [0, 1, 2]
links.meta: {5: (2, 2), 6: (2, 1), 7: (1, 1), 2: (2, 2), 8: (2, 2), 0: (1, 1), 3: (1, 0), 4: (1, 1), 1: (2, 2), 10: (2, 2), 9: (2, 2)}
t_type about to use: 1
h_type: 2
shift dict: {0: 0, 1: 188, 2: 746}
count dict: Counter({2: 940, 1: 558, 0: 188})
Generated 891 negative samples for edge type 6
Epoch 00040, Step00000 | Train_Loss: 0.5398 | Time: 0.0197
Epoch 00040 | Val_Loss 0.9632 | Time(s) 0.0083
EarlyStopping counter: 33 out of 40
Getting training negative samples for edge types: [6]
nodes.shift keys: [0, 1, 2]
nodes.count keys: [0, 1, 2]
links.meta: {5: (2, 2), 6: (2, 1), 7: (1, 1), 2: (2, 2), 8: (2, 2), 0: (1, 1), 3: (1, 0), 4: (1, 1), 1: (2, 2), 10: (2, 2), 9: (2, 2)}
t_type about to use: 1
h_type: 2
shift dict: {0: 0, 1: 188, 2: 746}
count dict: Counter({2: 940, 1: 558, 0: 188})
Generated 891 negative samples for edge type 6
Epoch 00041, Step00000 | Train_Loss: 0.5246 | Time: 0.0212
Epoch 00041 | Val_Loss 0.9126 | Time(s) 0.0084
EarlyStopping counter: 34 out of 40
Getting training negative samples for edge types: [6]
nodes.shift keys: [0, 1, 2]
nodes.count keys: [0, 1, 2]
links.meta: {5: (2, 2), 6: (2, 1), 7: (1, 1), 2: (2, 2), 8: (2, 2), 0: (1, 1), 3: (1, 0), 4: (1, 1), 1: (2, 2), 10: (2, 2), 9: (2, 2)}
t_type about to use: 1
h_type: 2
shift dict: {0: 0, 1: 188, 2: 746}
count dict: Counter({2: 940, 1: 558, 0: 188})
Generated 891 negative samples for edge type 6
Epoch 00042, Step00000 | Train_Loss: 0.5453 | Time: 0.0209
Epoch 00042 | Val_Loss 0.9382 | Time(s) 0.0087
EarlyStopping counter: 35 out of 40
Getting training negative samples for edge types: [6]
nodes.shift keys: [0, 1, 2]
nodes.count keys: [0, 1, 2]
links.meta: {5: (2, 2), 6: (2, 1), 7: (1, 1), 2: (2, 2), 8: (2, 2), 0: (1, 1), 3: (1, 0), 4: (1, 1), 1: (2, 2), 10: (2, 2), 9: (2, 2)}
t_type about to use: 1
h_type: 2
shift dict: {0: 0, 1: 188, 2: 746}
count dict: Counter({2: 940, 1: 558, 0: 188})
Generated 891 negative samples for edge type 6
Epoch 00043, Step00000 | Train_Loss: 0.5409 | Time: 0.0203
Epoch 00043 | Val_Loss 0.9520 | Time(s) 0.0079
EarlyStopping counter: 36 out of 40
Getting training negative samples for edge types: [6]
nodes.shift keys: [0, 1, 2]
nodes.count keys: [0, 1, 2]
links.meta: {5: (2, 2), 6: (2, 1), 7: (1, 1), 2: (2, 2), 8: (2, 2), 0: (1, 1), 3: (1, 0), 4: (1, 1), 1: (2, 2), 10: (2, 2), 9: (2, 2)}
t_type about to use: 1
h_type: 2
shift dict: {0: 0, 1: 188, 2: 746}
count dict: Counter({2: 940, 1: 558, 0: 188})
Generated 891 negative samples for edge type 6
Epoch 00044, Step00000 | Train_Loss: 0.5169 | Time: 0.0198
Epoch 00044 | Val_Loss 0.8838 | Time(s) 0.0084
EarlyStopping counter: 37 out of 40
Getting training negative samples for edge types: [6]
nodes.shift keys: [0, 1, 2]
nodes.count keys: [0, 1, 2]
links.meta: {5: (2, 2), 6: (2, 1), 7: (1, 1), 2: (2, 2), 8: (2, 2), 0: (1, 1), 3: (1, 0), 4: (1, 1), 1: (2, 2), 10: (2, 2), 9: (2, 2)}
t_type about to use: 1
h_type: 2
shift dict: {0: 0, 1: 188, 2: 746}
count dict: Counter({2: 940, 1: 558, 0: 188})
Generated 891 negative samples for edge type 6
Epoch 00045, Step00000 | Train_Loss: 0.5298 | Time: 0.0210
Epoch 00045 | Val_Loss 0.8948 | Time(s) 0.0080
EarlyStopping counter: 38 out of 40
Getting training negative samples for edge types: [6]
nodes.shift keys: [0, 1, 2]
nodes.count keys: [0, 1, 2]
links.meta: {5: (2, 2), 6: (2, 1), 7: (1, 1), 2: (2, 2), 8: (2, 2), 0: (1, 1), 3: (1, 0), 4: (1, 1), 1: (2, 2), 10: (2, 2), 9: (2, 2)}
t_type about to use: 1
h_type: 2
shift dict: {0: 0, 1: 188, 2: 746}
count dict: Counter({2: 940, 1: 558, 0: 188})
Generated 891 negative samples for edge type 6
Epoch 00046, Step00000 | Train_Loss: 0.5246 | Time: 0.0201
Epoch 00046 | Val_Loss 0.9179 | Time(s) 0.0082
EarlyStopping counter: 39 out of 40
Getting training negative samples for edge types: [6]
nodes.shift keys: [0, 1, 2]
nodes.count keys: [0, 1, 2]
links.meta: {5: (2, 2), 6: (2, 1), 7: (1, 1), 2: (2, 2), 8: (2, 2), 0: (1, 1), 3: (1, 0), 4: (1, 1), 1: (2, 2), 10: (2, 2), 9: (2, 2)}
t_type about to use: 1
h_type: 2
shift dict: {0: 0, 1: 188, 2: 746}
count dict: Counter({2: 940, 1: 558, 0: 188})
Generated 891 negative samples for edge type 6
Epoch 00047, Step00000 | Train_Loss: 0.5309 | Time: 0.0206
Epoch 00047 | Val_Loss 1.1023 | Time(s) 0.0078
EarlyStopping counter: 40 out of 40
Early stopping!
Early stopping!
Meta keys: dict_keys([6])
Data keys: dict_keys([6])
Edge type: 6, Meta: (2, 1)
{'roc_auc': 0.5120285219245635, 'MRR': 0.7719907407407407}
{'roc_auc': 0.6527695155000331, 'MRR': 0.8125}
defaultdict(<class 'float'>, {'roc_auc': 0.5120285219245635, 'MRR': 0.7719907407407407})
defaultdict(<class 'float'>, {'roc_auc': 0.6527695155000331, 'MRR': 0.8125})
Completed: amazon_style_cct_features_securebert_fold_4

--------------------------------------
Running model: SimpleHGN
Dataset: amazon_style_cct_features_securebert_fold_5
--------------------------------------
Data path: ../../data/amazon_style_cct_features_securebert_fold_5
Loading nodes from ../../data/amazon_style_cct_features_securebert_fold_5/node.dat
edge types: dict_keys([5, 6, 7, 2, 8, 0, 3, 4, 1, 10, 9])
Getting training negative samples for edge types: [6]
nodes.shift keys: [0, 1, 2]
nodes.count keys: [0, 1, 2]
links.meta: {5: (2, 2), 6: (2, 1), 7: (1, 1), 2: (2, 2), 8: (2, 2), 0: (1, 1), 3: (1, 0), 4: (1, 1), 1: (2, 2), 10: (2, 2), 9: (2, 2)}
t_type about to use: 1
h_type: 2
shift dict: {0: 0, 1: 188, 2: 746}
count dict: Counter({2: 940, 1: 558, 0: 188})
Generated 903 negative samples for edge type 6
Features List: [array([[ 0.00445206,  0.01268557,  0.22351578, ..., -0.28678206,
        -0.37460288,  0.18294938],
       [-0.18744846,  0.07075578,  0.0476894 , ..., -0.2232531 ,
        -0.19588573,  0.47988179],
       [-0.17451471, -0.04557271,  0.15712288, ..., -0.05391889,
        -0.20500693,  0.23744845],
       ...,
       [-0.40584856,  0.04715464,  0.24475315, ..., -0.12466257,
        -0.2035536 ,  0.28577447],
       [-0.18835557,  0.03822717,  0.03586731, ..., -0.23435652,
        -0.35453227,  0.38753107],
       [-0.13632202,  0.14362322,  0.08668749, ..., -0.24145249,
        -0.25799868,  0.26464131]]), array([[ 0.00791158, -0.00538086, -0.02676104, ..., -0.01897389,
        -0.01306979, -0.00084801],
       [ 0.01682901, -0.00649696, -0.01921631, ..., -0.01401017,
        -0.0039668 , -0.02202195],
       [ 0.02197852, -0.01403735, -0.05225722, ...,  0.02019661,
         0.00528841,  0.0033033 ],
       ...,
       [ 0.01603197,  0.00716993, -0.01245602, ..., -0.01399604,
        -0.00058955, -0.0256807 ],
       [ 0.01039577,  0.02045547, -0.02146293, ...,  0.01017929,
         0.02390171,  0.00134994],
       [ 0.00462414,  0.0041195 , -0.0135733 , ..., -0.01101827,
         0.00813001,  0.0203817 ]]), array([[ 0.00087804,  0.00658507, -0.02514569, ..., -0.04238372,
         0.00850771, -0.02565438],
       [-0.0006986 ,  0.01542003, -0.03227317, ..., -0.01301633,
         0.01559736, -0.03614859],
       [-0.01135348,  0.00974955, -0.01812623, ..., -0.01920343,
         0.00887381, -0.0152928 ],
       ...,
       [ 0.00701895, -0.01539859, -0.03025482, ..., -0.03644368,
         0.01254067, -0.0236606 ],
       [-0.00414097,  0.00144739, -0.05197839, ...,  0.00216818,
         0.02755725, -0.03143983],
       [ 0.01779867, -0.02493452, -0.0391779 , ..., -0.01159797,
        -0.00619852, -0.02449675]])]
Getting training negative samples for edge types: [6]
nodes.shift keys: [0, 1, 2]
nodes.count keys: [0, 1, 2]
links.meta: {5: (2, 2), 6: (2, 1), 7: (1, 1), 2: (2, 2), 8: (2, 2), 0: (1, 1), 3: (1, 0), 4: (1, 1), 1: (2, 2), 10: (2, 2), 9: (2, 2)}
t_type about to use: 1
h_type: 2
shift dict: {0: 0, 1: 188, 2: 746}
count dict: Counter({2: 940, 1: 558, 0: 188})
Generated 903 negative samples for edge type 6
Epoch 00000, Step00000 | Train_Loss: 0.6923 | Time: 0.6192
Epoch 00000 | Val_Loss 0.6907 | Time(s) 0.0071
Validation loss decreased (inf --> 0.690750).  Saving model ...
Getting training negative samples for edge types: [6]
nodes.shift keys: [0, 1, 2]
nodes.count keys: [0, 1, 2]
links.meta: {5: (2, 2), 6: (2, 1), 7: (1, 1), 2: (2, 2), 8: (2, 2), 0: (1, 1), 3: (1, 0), 4: (1, 1), 1: (2, 2), 10: (2, 2), 9: (2, 2)}
t_type about to use: 1
h_type: 2
shift dict: {0: 0, 1: 188, 2: 746}
count dict: Counter({2: 940, 1: 558, 0: 188})
Generated 903 negative samples for edge type 6
Epoch 00001, Step00000 | Train_Loss: 0.6846 | Time: 0.0206
Epoch 00001 | Val_Loss 0.6935 | Time(s) 0.0081
EarlyStopping counter: 1 out of 40
Getting training negative samples for edge types: [6]
nodes.shift keys: [0, 1, 2]
nodes.count keys: [0, 1, 2]
links.meta: {5: (2, 2), 6: (2, 1), 7: (1, 1), 2: (2, 2), 8: (2, 2), 0: (1, 1), 3: (1, 0), 4: (1, 1), 1: (2, 2), 10: (2, 2), 9: (2, 2)}
t_type about to use: 1
h_type: 2
shift dict: {0: 0, 1: 188, 2: 746}
count dict: Counter({2: 940, 1: 558, 0: 188})
Generated 903 negative samples for edge type 6
Epoch 00002, Step00000 | Train_Loss: 0.6776 | Time: 0.0198
Epoch 00002 | Val_Loss 0.6850 | Time(s) 0.0084
Validation loss decreased (0.690750 --> 0.685005).  Saving model ...
Getting training negative samples for edge types: [6]
nodes.shift keys: [0, 1, 2]
nodes.count keys: [0, 1, 2]
links.meta: {5: (2, 2), 6: (2, 1), 7: (1, 1), 2: (2, 2), 8: (2, 2), 0: (1, 1), 3: (1, 0), 4: (1, 1), 1: (2, 2), 10: (2, 2), 9: (2, 2)}
t_type about to use: 1
h_type: 2
shift dict: {0: 0, 1: 188, 2: 746}
count dict: Counter({2: 940, 1: 558, 0: 188})
Generated 903 negative samples for edge type 6
Epoch 00003, Step00000 | Train_Loss: 0.6659 | Time: 0.0222
Epoch 00003 | Val_Loss 0.6681 | Time(s) 0.0080
Validation loss decreased (0.685005 --> 0.668089).  Saving model ...
Getting training negative samples for edge types: [6]
nodes.shift keys: [0, 1, 2]
nodes.count keys: [0, 1, 2]
links.meta: {5: (2, 2), 6: (2, 1), 7: (1, 1), 2: (2, 2), 8: (2, 2), 0: (1, 1), 3: (1, 0), 4: (1, 1), 1: (2, 2), 10: (2, 2), 9: (2, 2)}
t_type about to use: 1
h_type: 2
shift dict: {0: 0, 1: 188, 2: 746}
count dict: Counter({2: 940, 1: 558, 0: 188})
Generated 903 negative samples for edge type 6
Epoch 00004, Step00000 | Train_Loss: 0.6596 | Time: 0.0200
Epoch 00004 | Val_Loss 0.7115 | Time(s) 0.0066
EarlyStopping counter: 1 out of 40
Getting training negative samples for edge types: [6]
nodes.shift keys: [0, 1, 2]
nodes.count keys: [0, 1, 2]
links.meta: {5: (2, 2), 6: (2, 1), 7: (1, 1), 2: (2, 2), 8: (2, 2), 0: (1, 1), 3: (1, 0), 4: (1, 1), 1: (2, 2), 10: (2, 2), 9: (2, 2)}
t_type about to use: 1
h_type: 2
shift dict: {0: 0, 1: 188, 2: 746}
count dict: Counter({2: 940, 1: 558, 0: 188})
Generated 903 negative samples for edge type 6
Epoch 00005, Step00000 | Train_Loss: 0.6509 | Time: 0.0203
Epoch 00005 | Val_Loss 0.6877 | Time(s) 0.0077
EarlyStopping counter: 2 out of 40
Getting training negative samples for edge types: [6]
nodes.shift keys: [0, 1, 2]
nodes.count keys: [0, 1, 2]
links.meta: {5: (2, 2), 6: (2, 1), 7: (1, 1), 2: (2, 2), 8: (2, 2), 0: (1, 1), 3: (1, 0), 4: (1, 1), 1: (2, 2), 10: (2, 2), 9: (2, 2)}
t_type about to use: 1
h_type: 2
shift dict: {0: 0, 1: 188, 2: 746}
count dict: Counter({2: 940, 1: 558, 0: 188})
Generated 903 negative samples for edge type 6
Epoch 00006, Step00000 | Train_Loss: 0.6377 | Time: 0.0197
Epoch 00006 | Val_Loss 0.7209 | Time(s) 0.0083
EarlyStopping counter: 3 out of 40
Getting training negative samples for edge types: [6]
nodes.shift keys: [0, 1, 2]
nodes.count keys: [0, 1, 2]
links.meta: {5: (2, 2), 6: (2, 1), 7: (1, 1), 2: (2, 2), 8: (2, 2), 0: (1, 1), 3: (1, 0), 4: (1, 1), 1: (2, 2), 10: (2, 2), 9: (2, 2)}
t_type about to use: 1
h_type: 2
shift dict: {0: 0, 1: 188, 2: 746}
count dict: Counter({2: 940, 1: 558, 0: 188})
Generated 903 negative samples for edge type 6
Epoch 00007, Step00000 | Train_Loss: 0.6233 | Time: 0.0197
Epoch 00007 | Val_Loss 0.7858 | Time(s) 0.0086
EarlyStopping counter: 4 out of 40
Getting training negative samples for edge types: [6]
nodes.shift keys: [0, 1, 2]
nodes.count keys: [0, 1, 2]
links.meta: {5: (2, 2), 6: (2, 1), 7: (1, 1), 2: (2, 2), 8: (2, 2), 0: (1, 1), 3: (1, 0), 4: (1, 1), 1: (2, 2), 10: (2, 2), 9: (2, 2)}
t_type about to use: 1
h_type: 2
shift dict: {0: 0, 1: 188, 2: 746}
count dict: Counter({2: 940, 1: 558, 0: 188})
Generated 903 negative samples for edge type 6
Epoch 00008, Step00000 | Train_Loss: 0.6181 | Time: 0.0216
Epoch 00008 | Val_Loss 0.7733 | Time(s) 0.0083
EarlyStopping counter: 5 out of 40
Getting training negative samples for edge types: [6]
nodes.shift keys: [0, 1, 2]
nodes.count keys: [0, 1, 2]
links.meta: {5: (2, 2), 6: (2, 1), 7: (1, 1), 2: (2, 2), 8: (2, 2), 0: (1, 1), 3: (1, 0), 4: (1, 1), 1: (2, 2), 10: (2, 2), 9: (2, 2)}
t_type about to use: 1
h_type: 2
shift dict: {0: 0, 1: 188, 2: 746}
count dict: Counter({2: 940, 1: 558, 0: 188})
Generated 903 negative samples for edge type 6
Epoch 00009, Step00000 | Train_Loss: 0.5998 | Time: 0.0200
Epoch 00009 | Val_Loss 0.7844 | Time(s) 0.0086
EarlyStopping counter: 6 out of 40
Getting training negative samples for edge types: [6]
nodes.shift keys: [0, 1, 2]
nodes.count keys: [0, 1, 2]
links.meta: {5: (2, 2), 6: (2, 1), 7: (1, 1), 2: (2, 2), 8: (2, 2), 0: (1, 1), 3: (1, 0), 4: (1, 1), 1: (2, 2), 10: (2, 2), 9: (2, 2)}
t_type about to use: 1
h_type: 2
shift dict: {0: 0, 1: 188, 2: 746}
count dict: Counter({2: 940, 1: 558, 0: 188})
Generated 903 negative samples for edge type 6
Epoch 00010, Step00000 | Train_Loss: 0.5973 | Time: 0.0201
Epoch 00010 | Val_Loss 0.8580 | Time(s) 0.0085
EarlyStopping counter: 7 out of 40
Getting training negative samples for edge types: [6]
nodes.shift keys: [0, 1, 2]
nodes.count keys: [0, 1, 2]
links.meta: {5: (2, 2), 6: (2, 1), 7: (1, 1), 2: (2, 2), 8: (2, 2), 0: (1, 1), 3: (1, 0), 4: (1, 1), 1: (2, 2), 10: (2, 2), 9: (2, 2)}
t_type about to use: 1
h_type: 2
shift dict: {0: 0, 1: 188, 2: 746}
count dict: Counter({2: 940, 1: 558, 0: 188})
Generated 903 negative samples for edge type 6
Epoch 00011, Step00000 | Train_Loss: 0.5838 | Time: 0.0206
Epoch 00011 | Val_Loss 0.8568 | Time(s) 0.0089
EarlyStopping counter: 8 out of 40
Getting training negative samples for edge types: [6]
nodes.shift keys: [0, 1, 2]
nodes.count keys: [0, 1, 2]
links.meta: {5: (2, 2), 6: (2, 1), 7: (1, 1), 2: (2, 2), 8: (2, 2), 0: (1, 1), 3: (1, 0), 4: (1, 1), 1: (2, 2), 10: (2, 2), 9: (2, 2)}
t_type about to use: 1
h_type: 2
shift dict: {0: 0, 1: 188, 2: 746}
count dict: Counter({2: 940, 1: 558, 0: 188})
Generated 903 negative samples for edge type 6
Epoch 00012, Step00000 | Train_Loss: 0.5741 | Time: 0.0197
Epoch 00012 | Val_Loss 0.8411 | Time(s) 0.0087
EarlyStopping counter: 9 out of 40
Getting training negative samples for edge types: [6]
nodes.shift keys: [0, 1, 2]
nodes.count keys: [0, 1, 2]
links.meta: {5: (2, 2), 6: (2, 1), 7: (1, 1), 2: (2, 2), 8: (2, 2), 0: (1, 1), 3: (1, 0), 4: (1, 1), 1: (2, 2), 10: (2, 2), 9: (2, 2)}
t_type about to use: 1
h_type: 2
shift dict: {0: 0, 1: 188, 2: 746}
count dict: Counter({2: 940, 1: 558, 0: 188})
Generated 903 negative samples for edge type 6
Epoch 00013, Step00000 | Train_Loss: 0.5768 | Time: 0.0201
Epoch 00013 | Val_Loss 0.9057 | Time(s) 0.0083
EarlyStopping counter: 10 out of 40
Getting training negative samples for edge types: [6]
nodes.shift keys: [0, 1, 2]
nodes.count keys: [0, 1, 2]
links.meta: {5: (2, 2), 6: (2, 1), 7: (1, 1), 2: (2, 2), 8: (2, 2), 0: (1, 1), 3: (1, 0), 4: (1, 1), 1: (2, 2), 10: (2, 2), 9: (2, 2)}
t_type about to use: 1
h_type: 2
shift dict: {0: 0, 1: 188, 2: 746}
count dict: Counter({2: 940, 1: 558, 0: 188})
Generated 903 negative samples for edge type 6
Epoch 00014, Step00000 | Train_Loss: 0.5731 | Time: 0.0200
Epoch 00014 | Val_Loss 0.9865 | Time(s) 0.0086
EarlyStopping counter: 11 out of 40
Getting training negative samples for edge types: [6]
nodes.shift keys: [0, 1, 2]
nodes.count keys: [0, 1, 2]
links.meta: {5: (2, 2), 6: (2, 1), 7: (1, 1), 2: (2, 2), 8: (2, 2), 0: (1, 1), 3: (1, 0), 4: (1, 1), 1: (2, 2), 10: (2, 2), 9: (2, 2)}
t_type about to use: 1
h_type: 2
shift dict: {0: 0, 1: 188, 2: 746}
count dict: Counter({2: 940, 1: 558, 0: 188})
Generated 903 negative samples for edge type 6
Epoch 00015, Step00000 | Train_Loss: 0.5729 | Time: 0.0203
Epoch 00015 | Val_Loss 0.9792 | Time(s) 0.0086
EarlyStopping counter: 12 out of 40
Getting training negative samples for edge types: [6]
nodes.shift keys: [0, 1, 2]
nodes.count keys: [0, 1, 2]
links.meta: {5: (2, 2), 6: (2, 1), 7: (1, 1), 2: (2, 2), 8: (2, 2), 0: (1, 1), 3: (1, 0), 4: (1, 1), 1: (2, 2), 10: (2, 2), 9: (2, 2)}
t_type about to use: 1
h_type: 2
shift dict: {0: 0, 1: 188, 2: 746}
count dict: Counter({2: 940, 1: 558, 0: 188})
Generated 903 negative samples for edge type 6
Epoch 00016, Step00000 | Train_Loss: 0.5611 | Time: 0.0202
Epoch 00016 | Val_Loss 1.0389 | Time(s) 0.0088
EarlyStopping counter: 13 out of 40
Getting training negative samples for edge types: [6]
nodes.shift keys: [0, 1, 2]
nodes.count keys: [0, 1, 2]
links.meta: {5: (2, 2), 6: (2, 1), 7: (1, 1), 2: (2, 2), 8: (2, 2), 0: (1, 1), 3: (1, 0), 4: (1, 1), 1: (2, 2), 10: (2, 2), 9: (2, 2)}
t_type about to use: 1
h_type: 2
shift dict: {0: 0, 1: 188, 2: 746}
count dict: Counter({2: 940, 1: 558, 0: 188})
Generated 903 negative samples for edge type 6
Epoch 00017, Step00000 | Train_Loss: 0.5752 | Time: 0.0202
Epoch 00017 | Val_Loss 1.0108 | Time(s) 0.0086
EarlyStopping counter: 14 out of 40
Getting training negative samples for edge types: [6]
nodes.shift keys: [0, 1, 2]
nodes.count keys: [0, 1, 2]
links.meta: {5: (2, 2), 6: (2, 1), 7: (1, 1), 2: (2, 2), 8: (2, 2), 0: (1, 1), 3: (1, 0), 4: (1, 1), 1: (2, 2), 10: (2, 2), 9: (2, 2)}
t_type about to use: 1
h_type: 2
shift dict: {0: 0, 1: 188, 2: 746}
count dict: Counter({2: 940, 1: 558, 0: 188})
Generated 903 negative samples for edge type 6
Epoch 00018, Step00000 | Train_Loss: 0.5651 | Time: 0.0205
Epoch 00018 | Val_Loss 1.0495 | Time(s) 0.0088
EarlyStopping counter: 15 out of 40
Getting training negative samples for edge types: [6]
nodes.shift keys: [0, 1, 2]
nodes.count keys: [0, 1, 2]
links.meta: {5: (2, 2), 6: (2, 1), 7: (1, 1), 2: (2, 2), 8: (2, 2), 0: (1, 1), 3: (1, 0), 4: (1, 1), 1: (2, 2), 10: (2, 2), 9: (2, 2)}
t_type about to use: 1
h_type: 2
shift dict: {0: 0, 1: 188, 2: 746}
count dict: Counter({2: 940, 1: 558, 0: 188})
Generated 903 negative samples for edge type 6
Epoch 00019, Step00000 | Train_Loss: 0.5616 | Time: 0.0203
Epoch 00019 | Val_Loss 1.0261 | Time(s) 0.0084
EarlyStopping counter: 16 out of 40
Getting training negative samples for edge types: [6]
nodes.shift keys: [0, 1, 2]
nodes.count keys: [0, 1, 2]
links.meta: {5: (2, 2), 6: (2, 1), 7: (1, 1), 2: (2, 2), 8: (2, 2), 0: (1, 1), 3: (1, 0), 4: (1, 1), 1: (2, 2), 10: (2, 2), 9: (2, 2)}
t_type about to use: 1
h_type: 2
shift dict: {0: 0, 1: 188, 2: 746}
count dict: Counter({2: 940, 1: 558, 0: 188})
Generated 903 negative samples for edge type 6
Epoch 00020, Step00000 | Train_Loss: 0.5697 | Time: 0.0208
Epoch 00020 | Val_Loss 1.0229 | Time(s) 0.0085
EarlyStopping counter: 17 out of 40
Getting training negative samples for edge types: [6]
nodes.shift keys: [0, 1, 2]
nodes.count keys: [0, 1, 2]
links.meta: {5: (2, 2), 6: (2, 1), 7: (1, 1), 2: (2, 2), 8: (2, 2), 0: (1, 1), 3: (1, 0), 4: (1, 1), 1: (2, 2), 10: (2, 2), 9: (2, 2)}
t_type about to use: 1
h_type: 2
shift dict: {0: 0, 1: 188, 2: 746}
count dict: Counter({2: 940, 1: 558, 0: 188})
Generated 903 negative samples for edge type 6
Epoch 00021, Step00000 | Train_Loss: 0.5696 | Time: 0.0205
Epoch 00021 | Val_Loss 1.0074 | Time(s) 0.0085
EarlyStopping counter: 18 out of 40
Getting training negative samples for edge types: [6]
nodes.shift keys: [0, 1, 2]
nodes.count keys: [0, 1, 2]
links.meta: {5: (2, 2), 6: (2, 1), 7: (1, 1), 2: (2, 2), 8: (2, 2), 0: (1, 1), 3: (1, 0), 4: (1, 1), 1: (2, 2), 10: (2, 2), 9: (2, 2)}
t_type about to use: 1
h_type: 2
shift dict: {0: 0, 1: 188, 2: 746}
count dict: Counter({2: 940, 1: 558, 0: 188})
Generated 903 negative samples for edge type 6
Epoch 00022, Step00000 | Train_Loss: 0.5626 | Time: 0.0199
Epoch 00022 | Val_Loss 1.1246 | Time(s) 0.0084
EarlyStopping counter: 19 out of 40
Getting training negative samples for edge types: [6]
nodes.shift keys: [0, 1, 2]
nodes.count keys: [0, 1, 2]
links.meta: {5: (2, 2), 6: (2, 1), 7: (1, 1), 2: (2, 2), 8: (2, 2), 0: (1, 1), 3: (1, 0), 4: (1, 1), 1: (2, 2), 10: (2, 2), 9: (2, 2)}
t_type about to use: 1
h_type: 2
shift dict: {0: 0, 1: 188, 2: 746}
count dict: Counter({2: 940, 1: 558, 0: 188})
Generated 903 negative samples for edge type 6
Epoch 00023, Step00000 | Train_Loss: 0.5694 | Time: 0.0197
Epoch 00023 | Val_Loss 1.0873 | Time(s) 0.0082
EarlyStopping counter: 20 out of 40
Getting training negative samples for edge types: [6]
nodes.shift keys: [0, 1, 2]
nodes.count keys: [0, 1, 2]
links.meta: {5: (2, 2), 6: (2, 1), 7: (1, 1), 2: (2, 2), 8: (2, 2), 0: (1, 1), 3: (1, 0), 4: (1, 1), 1: (2, 2), 10: (2, 2), 9: (2, 2)}
t_type about to use: 1
h_type: 2
shift dict: {0: 0, 1: 188, 2: 746}
count dict: Counter({2: 940, 1: 558, 0: 188})
Generated 903 negative samples for edge type 6
Epoch 00024, Step00000 | Train_Loss: 0.5543 | Time: 0.0201
Epoch 00024 | Val_Loss 0.9938 | Time(s) 0.0085
EarlyStopping counter: 21 out of 40
Getting training negative samples for edge types: [6]
nodes.shift keys: [0, 1, 2]
nodes.count keys: [0, 1, 2]
links.meta: {5: (2, 2), 6: (2, 1), 7: (1, 1), 2: (2, 2), 8: (2, 2), 0: (1, 1), 3: (1, 0), 4: (1, 1), 1: (2, 2), 10: (2, 2), 9: (2, 2)}
t_type about to use: 1
h_type: 2
shift dict: {0: 0, 1: 188, 2: 746}
count dict: Counter({2: 940, 1: 558, 0: 188})
Generated 903 negative samples for edge type 6
Epoch 00025, Step00000 | Train_Loss: 0.5504 | Time: 0.0211
Epoch 00025 | Val_Loss 0.9740 | Time(s) 0.0083
EarlyStopping counter: 22 out of 40
Getting training negative samples for edge types: [6]
nodes.shift keys: [0, 1, 2]
nodes.count keys: [0, 1, 2]
links.meta: {5: (2, 2), 6: (2, 1), 7: (1, 1), 2: (2, 2), 8: (2, 2), 0: (1, 1), 3: (1, 0), 4: (1, 1), 1: (2, 2), 10: (2, 2), 9: (2, 2)}
t_type about to use: 1
h_type: 2
shift dict: {0: 0, 1: 188, 2: 746}
count dict: Counter({2: 940, 1: 558, 0: 188})
Generated 903 negative samples for edge type 6
Epoch 00026, Step00000 | Train_Loss: 0.5471 | Time: 0.0198
Epoch 00026 | Val_Loss 0.9950 | Time(s) 0.0084
EarlyStopping counter: 23 out of 40
Getting training negative samples for edge types: [6]
nodes.shift keys: [0, 1, 2]
nodes.count keys: [0, 1, 2]
links.meta: {5: (2, 2), 6: (2, 1), 7: (1, 1), 2: (2, 2), 8: (2, 2), 0: (1, 1), 3: (1, 0), 4: (1, 1), 1: (2, 2), 10: (2, 2), 9: (2, 2)}
t_type about to use: 1
h_type: 2
shift dict: {0: 0, 1: 188, 2: 746}
count dict: Counter({2: 940, 1: 558, 0: 188})
Generated 903 negative samples for edge type 6
Epoch 00027, Step00000 | Train_Loss: 0.5365 | Time: 0.0201
Epoch 00027 | Val_Loss 1.0719 | Time(s) 0.0085
EarlyStopping counter: 24 out of 40
Getting training negative samples for edge types: [6]
nodes.shift keys: [0, 1, 2]
nodes.count keys: [0, 1, 2]
links.meta: {5: (2, 2), 6: (2, 1), 7: (1, 1), 2: (2, 2), 8: (2, 2), 0: (1, 1), 3: (1, 0), 4: (1, 1), 1: (2, 2), 10: (2, 2), 9: (2, 2)}
t_type about to use: 1
h_type: 2
shift dict: {0: 0, 1: 188, 2: 746}
count dict: Counter({2: 940, 1: 558, 0: 188})
Generated 903 negative samples for edge type 6
Epoch 00028, Step00000 | Train_Loss: 0.5563 | Time: 0.0203
Epoch 00028 | Val_Loss 1.0453 | Time(s) 0.0086
EarlyStopping counter: 25 out of 40
Getting training negative samples for edge types: [6]
nodes.shift keys: [0, 1, 2]
nodes.count keys: [0, 1, 2]
links.meta: {5: (2, 2), 6: (2, 1), 7: (1, 1), 2: (2, 2), 8: (2, 2), 0: (1, 1), 3: (1, 0), 4: (1, 1), 1: (2, 2), 10: (2, 2), 9: (2, 2)}
t_type about to use: 1
h_type: 2
shift dict: {0: 0, 1: 188, 2: 746}
count dict: Counter({2: 940, 1: 558, 0: 188})
Generated 903 negative samples for edge type 6
Epoch 00029, Step00000 | Train_Loss: 0.5572 | Time: 0.0218
Epoch 00029 | Val_Loss 0.9404 | Time(s) 0.0086
EarlyStopping counter: 26 out of 40
Getting training negative samples for edge types: [6]
nodes.shift keys: [0, 1, 2]
nodes.count keys: [0, 1, 2]
links.meta: {5: (2, 2), 6: (2, 1), 7: (1, 1), 2: (2, 2), 8: (2, 2), 0: (1, 1), 3: (1, 0), 4: (1, 1), 1: (2, 2), 10: (2, 2), 9: (2, 2)}
t_type about to use: 1
h_type: 2
shift dict: {0: 0, 1: 188, 2: 746}
count dict: Counter({2: 940, 1: 558, 0: 188})
Generated 903 negative samples for edge type 6
Epoch 00030, Step00000 | Train_Loss: 0.5520 | Time: 0.0200
Epoch 00030 | Val_Loss 0.9621 | Time(s) 0.0084
EarlyStopping counter: 27 out of 40
Getting training negative samples for edge types: [6]
nodes.shift keys: [0, 1, 2]
nodes.count keys: [0, 1, 2]
links.meta: {5: (2, 2), 6: (2, 1), 7: (1, 1), 2: (2, 2), 8: (2, 2), 0: (1, 1), 3: (1, 0), 4: (1, 1), 1: (2, 2), 10: (2, 2), 9: (2, 2)}
t_type about to use: 1
h_type: 2
shift dict: {0: 0, 1: 188, 2: 746}
count dict: Counter({2: 940, 1: 558, 0: 188})
Generated 903 negative samples for edge type 6
Epoch 00031, Step00000 | Train_Loss: 0.5473 | Time: 0.0200
Epoch 00031 | Val_Loss 0.8892 | Time(s) 0.0084
EarlyStopping counter: 28 out of 40
Getting training negative samples for edge types: [6]
nodes.shift keys: [0, 1, 2]
nodes.count keys: [0, 1, 2]
links.meta: {5: (2, 2), 6: (2, 1), 7: (1, 1), 2: (2, 2), 8: (2, 2), 0: (1, 1), 3: (1, 0), 4: (1, 1), 1: (2, 2), 10: (2, 2), 9: (2, 2)}
t_type about to use: 1
h_type: 2
shift dict: {0: 0, 1: 188, 2: 746}
count dict: Counter({2: 940, 1: 558, 0: 188})
Generated 903 negative samples for edge type 6
Epoch 00032, Step00000 | Train_Loss: 0.5450 | Time: 0.0200
Epoch 00032 | Val_Loss 0.8720 | Time(s) 0.0086
EarlyStopping counter: 29 out of 40
Getting training negative samples for edge types: [6]
nodes.shift keys: [0, 1, 2]
nodes.count keys: [0, 1, 2]
links.meta: {5: (2, 2), 6: (2, 1), 7: (1, 1), 2: (2, 2), 8: (2, 2), 0: (1, 1), 3: (1, 0), 4: (1, 1), 1: (2, 2), 10: (2, 2), 9: (2, 2)}
t_type about to use: 1
h_type: 2
shift dict: {0: 0, 1: 188, 2: 746}
count dict: Counter({2: 940, 1: 558, 0: 188})
Generated 903 negative samples for edge type 6
Epoch 00033, Step00000 | Train_Loss: 0.5354 | Time: 0.0208
Epoch 00033 | Val_Loss 0.8805 | Time(s) 0.0083
EarlyStopping counter: 30 out of 40
Getting training negative samples for edge types: [6]
nodes.shift keys: [0, 1, 2]
nodes.count keys: [0, 1, 2]
links.meta: {5: (2, 2), 6: (2, 1), 7: (1, 1), 2: (2, 2), 8: (2, 2), 0: (1, 1), 3: (1, 0), 4: (1, 1), 1: (2, 2), 10: (2, 2), 9: (2, 2)}
t_type about to use: 1
h_type: 2
shift dict: {0: 0, 1: 188, 2: 746}
count dict: Counter({2: 940, 1: 558, 0: 188})
Generated 903 negative samples for edge type 6
Epoch 00034, Step00000 | Train_Loss: 0.5397 | Time: 0.0199
Epoch 00034 | Val_Loss 0.7764 | Time(s) 0.0085
EarlyStopping counter: 31 out of 40
Getting training negative samples for edge types: [6]
nodes.shift keys: [0, 1, 2]
nodes.count keys: [0, 1, 2]
links.meta: {5: (2, 2), 6: (2, 1), 7: (1, 1), 2: (2, 2), 8: (2, 2), 0: (1, 1), 3: (1, 0), 4: (1, 1), 1: (2, 2), 10: (2, 2), 9: (2, 2)}
t_type about to use: 1
h_type: 2
shift dict: {0: 0, 1: 188, 2: 746}
count dict: Counter({2: 940, 1: 558, 0: 188})
Generated 903 negative samples for edge type 6
Epoch 00035, Step00000 | Train_Loss: 0.5430 | Time: 0.0210
Epoch 00035 | Val_Loss 0.8377 | Time(s) 0.0082
EarlyStopping counter: 32 out of 40
Getting training negative samples for edge types: [6]
nodes.shift keys: [0, 1, 2]
nodes.count keys: [0, 1, 2]
links.meta: {5: (2, 2), 6: (2, 1), 7: (1, 1), 2: (2, 2), 8: (2, 2), 0: (1, 1), 3: (1, 0), 4: (1, 1), 1: (2, 2), 10: (2, 2), 9: (2, 2)}
t_type about to use: 1
h_type: 2
shift dict: {0: 0, 1: 188, 2: 746}
count dict: Counter({2: 940, 1: 558, 0: 188})
Generated 903 negative samples for edge type 6
Epoch 00036, Step00000 | Train_Loss: 0.5326 | Time: 0.0195
Epoch 00036 | Val_Loss 0.8333 | Time(s) 0.0086
EarlyStopping counter: 33 out of 40
Getting training negative samples for edge types: [6]
nodes.shift keys: [0, 1, 2]
nodes.count keys: [0, 1, 2]
links.meta: {5: (2, 2), 6: (2, 1), 7: (1, 1), 2: (2, 2), 8: (2, 2), 0: (1, 1), 3: (1, 0), 4: (1, 1), 1: (2, 2), 10: (2, 2), 9: (2, 2)}
t_type about to use: 1
h_type: 2
shift dict: {0: 0, 1: 188, 2: 746}
count dict: Counter({2: 940, 1: 558, 0: 188})
Generated 903 negative samples for edge type 6
Epoch 00037, Step00000 | Train_Loss: 0.5268 | Time: 0.0197
Epoch 00037 | Val_Loss 0.8291 | Time(s) 0.0080
EarlyStopping counter: 34 out of 40
Getting training negative samples for edge types: [6]
nodes.shift keys: [0, 1, 2]
nodes.count keys: [0, 1, 2]
links.meta: {5: (2, 2), 6: (2, 1), 7: (1, 1), 2: (2, 2), 8: (2, 2), 0: (1, 1), 3: (1, 0), 4: (1, 1), 1: (2, 2), 10: (2, 2), 9: (2, 2)}
t_type about to use: 1
h_type: 2
shift dict: {0: 0, 1: 188, 2: 746}
count dict: Counter({2: 940, 1: 558, 0: 188})
Generated 903 negative samples for edge type 6
Epoch 00038, Step00000 | Train_Loss: 0.5376 | Time: 0.0211
Epoch 00038 | Val_Loss 0.8546 | Time(s) 0.0080
EarlyStopping counter: 35 out of 40
Getting training negative samples for edge types: [6]
nodes.shift keys: [0, 1, 2]
nodes.count keys: [0, 1, 2]
links.meta: {5: (2, 2), 6: (2, 1), 7: (1, 1), 2: (2, 2), 8: (2, 2), 0: (1, 1), 3: (1, 0), 4: (1, 1), 1: (2, 2), 10: (2, 2), 9: (2, 2)}
t_type about to use: 1
h_type: 2
shift dict: {0: 0, 1: 188, 2: 746}
count dict: Counter({2: 940, 1: 558, 0: 188})
Generated 903 negative samples for edge type 6
Epoch 00039, Step00000 | Train_Loss: 0.5404 | Time: 0.0211
Epoch 00039 | Val_Loss 0.7465 | Time(s) 0.0081
EarlyStopping counter: 36 out of 40
Getting training negative samples for edge types: [6]
nodes.shift keys: [0, 1, 2]
nodes.count keys: [0, 1, 2]
links.meta: {5: (2, 2), 6: (2, 1), 7: (1, 1), 2: (2, 2), 8: (2, 2), 0: (1, 1), 3: (1, 0), 4: (1, 1), 1: (2, 2), 10: (2, 2), 9: (2, 2)}
t_type about to use: 1
h_type: 2
shift dict: {0: 0, 1: 188, 2: 746}
count dict: Counter({2: 940, 1: 558, 0: 188})
Generated 903 negative samples for edge type 6
Epoch 00040, Step00000 | Train_Loss: 0.5201 | Time: 0.0206
Epoch 00040 | Val_Loss 0.7849 | Time(s) 0.0081
EarlyStopping counter: 37 out of 40
Getting training negative samples for edge types: [6]
nodes.shift keys: [0, 1, 2]
nodes.count keys: [0, 1, 2]
links.meta: {5: (2, 2), 6: (2, 1), 7: (1, 1), 2: (2, 2), 8: (2, 2), 0: (1, 1), 3: (1, 0), 4: (1, 1), 1: (2, 2), 10: (2, 2), 9: (2, 2)}
t_type about to use: 1
h_type: 2
shift dict: {0: 0, 1: 188, 2: 746}
count dict: Counter({2: 940, 1: 558, 0: 188})
Generated 903 negative samples for edge type 6
Epoch 00041, Step00000 | Train_Loss: 0.5335 | Time: 0.0198
Epoch 00041 | Val_Loss 0.8309 | Time(s) 0.0085
EarlyStopping counter: 38 out of 40
Getting training negative samples for edge types: [6]
nodes.shift keys: [0, 1, 2]
nodes.count keys: [0, 1, 2]
links.meta: {5: (2, 2), 6: (2, 1), 7: (1, 1), 2: (2, 2), 8: (2, 2), 0: (1, 1), 3: (1, 0), 4: (1, 1), 1: (2, 2), 10: (2, 2), 9: (2, 2)}
t_type about to use: 1
h_type: 2
shift dict: {0: 0, 1: 188, 2: 746}
count dict: Counter({2: 940, 1: 558, 0: 188})
Generated 903 negative samples for edge type 6
Epoch 00042, Step00000 | Train_Loss: 0.5147 | Time: 0.0215
Epoch 00042 | Val_Loss 0.9904 | Time(s) 0.0082
EarlyStopping counter: 39 out of 40
Getting training negative samples for edge types: [6]
nodes.shift keys: [0, 1, 2]
nodes.count keys: [0, 1, 2]
links.meta: {5: (2, 2), 6: (2, 1), 7: (1, 1), 2: (2, 2), 8: (2, 2), 0: (1, 1), 3: (1, 0), 4: (1, 1), 1: (2, 2), 10: (2, 2), 9: (2, 2)}
t_type about to use: 1
h_type: 2
shift dict: {0: 0, 1: 188, 2: 746}
count dict: Counter({2: 940, 1: 558, 0: 188})
Generated 903 negative samples for edge type 6
Epoch 00043, Step00000 | Train_Loss: 0.5135 | Time: 0.0204
Epoch 00043 | Val_Loss 0.9014 | Time(s) 0.0081
EarlyStopping counter: 40 out of 40
Early stopping!
Early stopping!
Meta keys: dict_keys([6])
Data keys: dict_keys([6])
Edge type: 6, Meta: (2, 1)
{'roc_auc': 0.5362575399947548, 'MRR': 0.7527862208713272}
{'roc_auc': 0.6662168314255983, 'MRR': 0.8142519419115163}
defaultdict(<class 'float'>, {'roc_auc': 0.5362575399947548, 'MRR': 0.7527862208713272})
defaultdict(<class 'float'>, {'roc_auc': 0.6662168314255983, 'MRR': 0.8142519419115163})
Completed: amazon_style_cct_features_securebert_fold_5

=== Repetition 3/6 ===
--------------------------------------
Running model: SimpleHGN
Dataset: amazon_style_cct_features_securebert_fold_1
--------------------------------------
Data path: ../../data/amazon_style_cct_features_securebert_fold_1
Loading nodes from ../../data/amazon_style_cct_features_securebert_fold_1/node.dat
edge types: dict_keys([6, 3, 5, 7, 4, 8, 0, 2, 1, 9, 10])
Getting training negative samples for edge types: [6]
nodes.shift keys: [0, 1, 2]
nodes.count keys: [0, 1, 2]
links.meta: {6: (2, 1), 3: (1, 0), 5: (2, 2), 7: (1, 1), 4: (1, 1), 8: (2, 2), 0: (1, 1), 2: (2, 2), 1: (2, 2), 9: (2, 2), 10: (2, 2)}
t_type about to use: 1
h_type: 2
shift dict: {0: 0, 1: 188, 2: 746}
count dict: Counter({2: 940, 1: 558, 0: 188})
Generated 898 negative samples for edge type 6
Features List: [array([[ 0.00445206,  0.01268557,  0.22351578, ..., -0.28678206,
        -0.37460288,  0.18294938],
       [-0.18744846,  0.07075578,  0.0476894 , ..., -0.2232531 ,
        -0.19588573,  0.47988179],
       [-0.17451471, -0.04557271,  0.15712288, ..., -0.05391889,
        -0.20500693,  0.23744845],
       ...,
       [-0.40584856,  0.04715464,  0.24475315, ..., -0.12466257,
        -0.2035536 ,  0.28577447],
       [-0.18835557,  0.03822717,  0.03586731, ..., -0.23435652,
        -0.35453227,  0.38753107],
       [-0.13632202,  0.14362322,  0.08668749, ..., -0.24145249,
        -0.25799868,  0.26464131]]), array([[ 0.00791158, -0.00538086, -0.02676104, ..., -0.01897389,
        -0.01306979, -0.00084801],
       [ 0.01682901, -0.00649696, -0.01921631, ..., -0.01401017,
        -0.0039668 , -0.02202195],
       [ 0.02197852, -0.01403735, -0.05225722, ...,  0.02019661,
         0.00528841,  0.0033033 ],
       ...,
       [ 0.01603197,  0.00716993, -0.01245602, ..., -0.01399604,
        -0.00058955, -0.0256807 ],
       [ 0.01039577,  0.02045547, -0.02146293, ...,  0.01017929,
         0.02390171,  0.00134994],
       [ 0.00462414,  0.0041195 , -0.0135733 , ..., -0.01101827,
         0.00813001,  0.0203817 ]]), array([[ 0.00087804,  0.00658507, -0.02514569, ..., -0.04238372,
         0.00850771, -0.02565438],
       [-0.0006986 ,  0.01542003, -0.03227317, ..., -0.01301633,
         0.01559736, -0.03614859],
       [-0.01135348,  0.00974955, -0.01812623, ..., -0.01920343,
         0.00887381, -0.0152928 ],
       ...,
       [ 0.00701895, -0.01539859, -0.03025482, ..., -0.03644368,
         0.01254067, -0.0236606 ],
       [-0.00414097,  0.00144739, -0.05197839, ...,  0.00216818,
         0.02755725, -0.03143983],
       [ 0.01779867, -0.02493452, -0.0391779 , ..., -0.01159797,
        -0.00619852, -0.02449675]])]
Getting training negative samples for edge types: [6]
nodes.shift keys: [0, 1, 2]
nodes.count keys: [0, 1, 2]
links.meta: {6: (2, 1), 3: (1, 0), 5: (2, 2), 7: (1, 1), 4: (1, 1), 8: (2, 2), 0: (1, 1), 2: (2, 2), 1: (2, 2), 9: (2, 2), 10: (2, 2)}
t_type about to use: 1
h_type: 2
shift dict: {0: 0, 1: 188, 2: 746}
count dict: Counter({2: 940, 1: 558, 0: 188})
Generated 898 negative samples for edge type 6
Epoch 00000, Step00000 | Train_Loss: 0.6922 | Time: 0.7170
Epoch 00000 | Val_Loss 0.6910 | Time(s) 0.0070
Validation loss decreased (inf --> 0.691006).  Saving model ...
Getting training negative samples for edge types: [6]
nodes.shift keys: [0, 1, 2]
nodes.count keys: [0, 1, 2]
links.meta: {6: (2, 1), 3: (1, 0), 5: (2, 2), 7: (1, 1), 4: (1, 1), 8: (2, 2), 0: (1, 1), 2: (2, 2), 1: (2, 2), 9: (2, 2), 10: (2, 2)}
t_type about to use: 1
h_type: 2
shift dict: {0: 0, 1: 188, 2: 746}
count dict: Counter({2: 940, 1: 558, 0: 188})
Generated 898 negative samples for edge type 6
Epoch 00001, Step00000 | Train_Loss: 0.6853 | Time: 0.0214
Epoch 00001 | Val_Loss 0.6766 | Time(s) 0.0081
Validation loss decreased (0.691006 --> 0.676619).  Saving model ...
Getting training negative samples for edge types: [6]
nodes.shift keys: [0, 1, 2]
nodes.count keys: [0, 1, 2]
links.meta: {6: (2, 1), 3: (1, 0), 5: (2, 2), 7: (1, 1), 4: (1, 1), 8: (2, 2), 0: (1, 1), 2: (2, 2), 1: (2, 2), 9: (2, 2), 10: (2, 2)}
t_type about to use: 1
h_type: 2
shift dict: {0: 0, 1: 188, 2: 746}
count dict: Counter({2: 940, 1: 558, 0: 188})
Generated 898 negative samples for edge type 6
Epoch 00002, Step00000 | Train_Loss: 0.6789 | Time: 0.0326
Epoch 00002 | Val_Loss 0.6735 | Time(s) 0.0089
Validation loss decreased (0.676619 --> 0.673491).  Saving model ...
Getting training negative samples for edge types: [6]
nodes.shift keys: [0, 1, 2]
nodes.count keys: [0, 1, 2]
links.meta: {6: (2, 1), 3: (1, 0), 5: (2, 2), 7: (1, 1), 4: (1, 1), 8: (2, 2), 0: (1, 1), 2: (2, 2), 1: (2, 2), 9: (2, 2), 10: (2, 2)}
t_type about to use: 1
h_type: 2
shift dict: {0: 0, 1: 188, 2: 746}
count dict: Counter({2: 940, 1: 558, 0: 188})
Generated 898 negative samples for edge type 6
Epoch 00003, Step00000 | Train_Loss: 0.6684 | Time: 0.0286
Epoch 00003 | Val_Loss 0.6679 | Time(s) 0.0083
Validation loss decreased (0.673491 --> 0.667905).  Saving model ...
Getting training negative samples for edge types: [6]
nodes.shift keys: [0, 1, 2]
nodes.count keys: [0, 1, 2]
links.meta: {6: (2, 1), 3: (1, 0), 5: (2, 2), 7: (1, 1), 4: (1, 1), 8: (2, 2), 0: (1, 1), 2: (2, 2), 1: (2, 2), 9: (2, 2), 10: (2, 2)}
t_type about to use: 1
h_type: 2
shift dict: {0: 0, 1: 188, 2: 746}
count dict: Counter({2: 940, 1: 558, 0: 188})
Generated 898 negative samples for edge type 6
Epoch 00004, Step00000 | Train_Loss: 0.6554 | Time: 0.0237
Epoch 00004 | Val_Loss 0.6771 | Time(s) 0.0081
EarlyStopping counter: 1 out of 40
Getting training negative samples for edge types: [6]
nodes.shift keys: [0, 1, 2]
nodes.count keys: [0, 1, 2]
links.meta: {6: (2, 1), 3: (1, 0), 5: (2, 2), 7: (1, 1), 4: (1, 1), 8: (2, 2), 0: (1, 1), 2: (2, 2), 1: (2, 2), 9: (2, 2), 10: (2, 2)}
t_type about to use: 1
h_type: 2
shift dict: {0: 0, 1: 188, 2: 746}
count dict: Counter({2: 940, 1: 558, 0: 188})
Generated 898 negative samples for edge type 6
Epoch 00005, Step00000 | Train_Loss: 0.6460 | Time: 0.0196
Epoch 00005 | Val_Loss 0.7169 | Time(s) 0.0083
EarlyStopping counter: 2 out of 40
Getting training negative samples for edge types: [6]
nodes.shift keys: [0, 1, 2]
nodes.count keys: [0, 1, 2]
links.meta: {6: (2, 1), 3: (1, 0), 5: (2, 2), 7: (1, 1), 4: (1, 1), 8: (2, 2), 0: (1, 1), 2: (2, 2), 1: (2, 2), 9: (2, 2), 10: (2, 2)}
t_type about to use: 1
h_type: 2
shift dict: {0: 0, 1: 188, 2: 746}
count dict: Counter({2: 940, 1: 558, 0: 188})
Generated 898 negative samples for edge type 6
Epoch 00006, Step00000 | Train_Loss: 0.6323 | Time: 0.0196
Epoch 00006 | Val_Loss 0.6842 | Time(s) 0.0085
EarlyStopping counter: 3 out of 40
Getting training negative samples for edge types: [6]
nodes.shift keys: [0, 1, 2]
nodes.count keys: [0, 1, 2]
links.meta: {6: (2, 1), 3: (1, 0), 5: (2, 2), 7: (1, 1), 4: (1, 1), 8: (2, 2), 0: (1, 1), 2: (2, 2), 1: (2, 2), 9: (2, 2), 10: (2, 2)}
t_type about to use: 1
h_type: 2
shift dict: {0: 0, 1: 188, 2: 746}
count dict: Counter({2: 940, 1: 558, 0: 188})
Generated 898 negative samples for edge type 6
Epoch 00007, Step00000 | Train_Loss: 0.6252 | Time: 0.0217
Epoch 00007 | Val_Loss 0.7291 | Time(s) 0.0086
EarlyStopping counter: 4 out of 40
Getting training negative samples for edge types: [6]
nodes.shift keys: [0, 1, 2]
nodes.count keys: [0, 1, 2]
links.meta: {6: (2, 1), 3: (1, 0), 5: (2, 2), 7: (1, 1), 4: (1, 1), 8: (2, 2), 0: (1, 1), 2: (2, 2), 1: (2, 2), 9: (2, 2), 10: (2, 2)}
t_type about to use: 1
h_type: 2
shift dict: {0: 0, 1: 188, 2: 746}
count dict: Counter({2: 940, 1: 558, 0: 188})
Generated 898 negative samples for edge type 6
Epoch 00008, Step00000 | Train_Loss: 0.6146 | Time: 0.0198
Epoch 00008 | Val_Loss 0.7426 | Time(s) 0.0084
EarlyStopping counter: 5 out of 40
Getting training negative samples for edge types: [6]
nodes.shift keys: [0, 1, 2]
nodes.count keys: [0, 1, 2]
links.meta: {6: (2, 1), 3: (1, 0), 5: (2, 2), 7: (1, 1), 4: (1, 1), 8: (2, 2), 0: (1, 1), 2: (2, 2), 1: (2, 2), 9: (2, 2), 10: (2, 2)}
t_type about to use: 1
h_type: 2
shift dict: {0: 0, 1: 188, 2: 746}
count dict: Counter({2: 940, 1: 558, 0: 188})
Generated 898 negative samples for edge type 6
Epoch 00009, Step00000 | Train_Loss: 0.5961 | Time: 0.0198
Epoch 00009 | Val_Loss 0.8475 | Time(s) 0.0085
EarlyStopping counter: 6 out of 40
Getting training negative samples for edge types: [6]
nodes.shift keys: [0, 1, 2]
nodes.count keys: [0, 1, 2]
links.meta: {6: (2, 1), 3: (1, 0), 5: (2, 2), 7: (1, 1), 4: (1, 1), 8: (2, 2), 0: (1, 1), 2: (2, 2), 1: (2, 2), 9: (2, 2), 10: (2, 2)}
t_type about to use: 1
h_type: 2
shift dict: {0: 0, 1: 188, 2: 746}
count dict: Counter({2: 940, 1: 558, 0: 188})
Generated 898 negative samples for edge type 6
Epoch 00010, Step00000 | Train_Loss: 0.5911 | Time: 0.0221
Epoch 00010 | Val_Loss 0.8527 | Time(s) 0.0088
EarlyStopping counter: 7 out of 40
Getting training negative samples for edge types: [6]
nodes.shift keys: [0, 1, 2]
nodes.count keys: [0, 1, 2]
links.meta: {6: (2, 1), 3: (1, 0), 5: (2, 2), 7: (1, 1), 4: (1, 1), 8: (2, 2), 0: (1, 1), 2: (2, 2), 1: (2, 2), 9: (2, 2), 10: (2, 2)}
t_type about to use: 1
h_type: 2
shift dict: {0: 0, 1: 188, 2: 746}
count dict: Counter({2: 940, 1: 558, 0: 188})
Generated 898 negative samples for edge type 6
Epoch 00011, Step00000 | Train_Loss: 0.5744 | Time: 0.0198
Epoch 00011 | Val_Loss 0.8326 | Time(s) 0.0083
EarlyStopping counter: 8 out of 40
Getting training negative samples for edge types: [6]
nodes.shift keys: [0, 1, 2]
nodes.count keys: [0, 1, 2]
links.meta: {6: (2, 1), 3: (1, 0), 5: (2, 2), 7: (1, 1), 4: (1, 1), 8: (2, 2), 0: (1, 1), 2: (2, 2), 1: (2, 2), 9: (2, 2), 10: (2, 2)}
t_type about to use: 1
h_type: 2
shift dict: {0: 0, 1: 188, 2: 746}
count dict: Counter({2: 940, 1: 558, 0: 188})
Generated 898 negative samples for edge type 6
Epoch 00012, Step00000 | Train_Loss: 0.5662 | Time: 0.0199
Epoch 00012 | Val_Loss 0.9931 | Time(s) 0.0081
EarlyStopping counter: 9 out of 40
Getting training negative samples for edge types: [6]
nodes.shift keys: [0, 1, 2]
nodes.count keys: [0, 1, 2]
links.meta: {6: (2, 1), 3: (1, 0), 5: (2, 2), 7: (1, 1), 4: (1, 1), 8: (2, 2), 0: (1, 1), 2: (2, 2), 1: (2, 2), 9: (2, 2), 10: (2, 2)}
t_type about to use: 1
h_type: 2
shift dict: {0: 0, 1: 188, 2: 746}
count dict: Counter({2: 940, 1: 558, 0: 188})
Generated 898 negative samples for edge type 6
Epoch 00013, Step00000 | Train_Loss: 0.5631 | Time: 0.0199
Epoch 00013 | Val_Loss 1.0123 | Time(s) 0.0083
EarlyStopping counter: 10 out of 40
Getting training negative samples for edge types: [6]
nodes.shift keys: [0, 1, 2]
nodes.count keys: [0, 1, 2]
links.meta: {6: (2, 1), 3: (1, 0), 5: (2, 2), 7: (1, 1), 4: (1, 1), 8: (2, 2), 0: (1, 1), 2: (2, 2), 1: (2, 2), 9: (2, 2), 10: (2, 2)}
t_type about to use: 1
h_type: 2
shift dict: {0: 0, 1: 188, 2: 746}
count dict: Counter({2: 940, 1: 558, 0: 188})
Generated 898 negative samples for edge type 6
Epoch 00014, Step00000 | Train_Loss: 0.5521 | Time: 0.0216
Epoch 00014 | Val_Loss 1.0221 | Time(s) 0.0083
EarlyStopping counter: 11 out of 40
Getting training negative samples for edge types: [6]
nodes.shift keys: [0, 1, 2]
nodes.count keys: [0, 1, 2]
links.meta: {6: (2, 1), 3: (1, 0), 5: (2, 2), 7: (1, 1), 4: (1, 1), 8: (2, 2), 0: (1, 1), 2: (2, 2), 1: (2, 2), 9: (2, 2), 10: (2, 2)}
t_type about to use: 1
h_type: 2
shift dict: {0: 0, 1: 188, 2: 746}
count dict: Counter({2: 940, 1: 558, 0: 188})
Generated 898 negative samples for edge type 6
Epoch 00015, Step00000 | Train_Loss: 0.5716 | Time: 0.0198
Epoch 00015 | Val_Loss 1.1953 | Time(s) 0.0084
EarlyStopping counter: 12 out of 40
Getting training negative samples for edge types: [6]
nodes.shift keys: [0, 1, 2]
nodes.count keys: [0, 1, 2]
links.meta: {6: (2, 1), 3: (1, 0), 5: (2, 2), 7: (1, 1), 4: (1, 1), 8: (2, 2), 0: (1, 1), 2: (2, 2), 1: (2, 2), 9: (2, 2), 10: (2, 2)}
t_type about to use: 1
h_type: 2
shift dict: {0: 0, 1: 188, 2: 746}
count dict: Counter({2: 940, 1: 558, 0: 188})
Generated 898 negative samples for edge type 6
Epoch 00016, Step00000 | Train_Loss: 0.5489 | Time: 0.0210
Epoch 00016 | Val_Loss 1.0530 | Time(s) 0.0096
EarlyStopping counter: 13 out of 40
Getting training negative samples for edge types: [6]
nodes.shift keys: [0, 1, 2]
nodes.count keys: [0, 1, 2]
links.meta: {6: (2, 1), 3: (1, 0), 5: (2, 2), 7: (1, 1), 4: (1, 1), 8: (2, 2), 0: (1, 1), 2: (2, 2), 1: (2, 2), 9: (2, 2), 10: (2, 2)}
t_type about to use: 1
h_type: 2
shift dict: {0: 0, 1: 188, 2: 746}
count dict: Counter({2: 940, 1: 558, 0: 188})
Generated 898 negative samples for edge type 6
Epoch 00017, Step00000 | Train_Loss: 0.5518 | Time: 0.0198
Epoch 00017 | Val_Loss 1.1126 | Time(s) 0.0076
EarlyStopping counter: 14 out of 40
Getting training negative samples for edge types: [6]
nodes.shift keys: [0, 1, 2]
nodes.count keys: [0, 1, 2]
links.meta: {6: (2, 1), 3: (1, 0), 5: (2, 2), 7: (1, 1), 4: (1, 1), 8: (2, 2), 0: (1, 1), 2: (2, 2), 1: (2, 2), 9: (2, 2), 10: (2, 2)}
t_type about to use: 1
h_type: 2
shift dict: {0: 0, 1: 188, 2: 746}
count dict: Counter({2: 940, 1: 558, 0: 188})
Generated 898 negative samples for edge type 6
Epoch 00018, Step00000 | Train_Loss: 0.5555 | Time: 0.0198
Epoch 00018 | Val_Loss 1.1776 | Time(s) 0.0083
EarlyStopping counter: 15 out of 40
Getting training negative samples for edge types: [6]
nodes.shift keys: [0, 1, 2]
nodes.count keys: [0, 1, 2]
links.meta: {6: (2, 1), 3: (1, 0), 5: (2, 2), 7: (1, 1), 4: (1, 1), 8: (2, 2), 0: (1, 1), 2: (2, 2), 1: (2, 2), 9: (2, 2), 10: (2, 2)}
t_type about to use: 1
h_type: 2
shift dict: {0: 0, 1: 188, 2: 746}
count dict: Counter({2: 940, 1: 558, 0: 188})
Generated 898 negative samples for edge type 6
Epoch 00019, Step00000 | Train_Loss: 0.5500 | Time: 0.0197
Epoch 00019 | Val_Loss 1.1674 | Time(s) 0.0085
EarlyStopping counter: 16 out of 40
Getting training negative samples for edge types: [6]
nodes.shift keys: [0, 1, 2]
nodes.count keys: [0, 1, 2]
links.meta: {6: (2, 1), 3: (1, 0), 5: (2, 2), 7: (1, 1), 4: (1, 1), 8: (2, 2), 0: (1, 1), 2: (2, 2), 1: (2, 2), 9: (2, 2), 10: (2, 2)}
t_type about to use: 1
h_type: 2
shift dict: {0: 0, 1: 188, 2: 746}
count dict: Counter({2: 940, 1: 558, 0: 188})
Generated 898 negative samples for edge type 6
Epoch 00020, Step00000 | Train_Loss: 0.5633 | Time: 0.0218
Epoch 00020 | Val_Loss 1.0793 | Time(s) 0.0083
EarlyStopping counter: 17 out of 40
Getting training negative samples for edge types: [6]
nodes.shift keys: [0, 1, 2]
nodes.count keys: [0, 1, 2]
links.meta: {6: (2, 1), 3: (1, 0), 5: (2, 2), 7: (1, 1), 4: (1, 1), 8: (2, 2), 0: (1, 1), 2: (2, 2), 1: (2, 2), 9: (2, 2), 10: (2, 2)}
t_type about to use: 1
h_type: 2
shift dict: {0: 0, 1: 188, 2: 746}
count dict: Counter({2: 940, 1: 558, 0: 188})
Generated 898 negative samples for edge type 6
Epoch 00021, Step00000 | Train_Loss: 0.5536 | Time: 0.0204
Epoch 00021 | Val_Loss 1.0736 | Time(s) 0.0084
EarlyStopping counter: 18 out of 40
Getting training negative samples for edge types: [6]
nodes.shift keys: [0, 1, 2]
nodes.count keys: [0, 1, 2]
links.meta: {6: (2, 1), 3: (1, 0), 5: (2, 2), 7: (1, 1), 4: (1, 1), 8: (2, 2), 0: (1, 1), 2: (2, 2), 1: (2, 2), 9: (2, 2), 10: (2, 2)}
t_type about to use: 1
h_type: 2
shift dict: {0: 0, 1: 188, 2: 746}
count dict: Counter({2: 940, 1: 558, 0: 188})
Generated 898 negative samples for edge type 6
Epoch 00022, Step00000 | Train_Loss: 0.5404 | Time: 0.0195
Epoch 00022 | Val_Loss 1.1417 | Time(s) 0.0084
EarlyStopping counter: 19 out of 40
Getting training negative samples for edge types: [6]
nodes.shift keys: [0, 1, 2]
nodes.count keys: [0, 1, 2]
links.meta: {6: (2, 1), 3: (1, 0), 5: (2, 2), 7: (1, 1), 4: (1, 1), 8: (2, 2), 0: (1, 1), 2: (2, 2), 1: (2, 2), 9: (2, 2), 10: (2, 2)}
t_type about to use: 1
h_type: 2
shift dict: {0: 0, 1: 188, 2: 746}
count dict: Counter({2: 940, 1: 558, 0: 188})
Generated 898 negative samples for edge type 6
Epoch 00023, Step00000 | Train_Loss: 0.5391 | Time: 0.0214
Epoch 00023 | Val_Loss 1.1360 | Time(s) 0.0084
EarlyStopping counter: 20 out of 40
Getting training negative samples for edge types: [6]
nodes.shift keys: [0, 1, 2]
nodes.count keys: [0, 1, 2]
links.meta: {6: (2, 1), 3: (1, 0), 5: (2, 2), 7: (1, 1), 4: (1, 1), 8: (2, 2), 0: (1, 1), 2: (2, 2), 1: (2, 2), 9: (2, 2), 10: (2, 2)}
t_type about to use: 1
h_type: 2
shift dict: {0: 0, 1: 188, 2: 746}
count dict: Counter({2: 940, 1: 558, 0: 188})
Generated 898 negative samples for edge type 6
Epoch 00024, Step00000 | Train_Loss: 0.5467 | Time: 0.0220
Epoch 00024 | Val_Loss 1.1448 | Time(s) 0.0079
EarlyStopping counter: 21 out of 40
Getting training negative samples for edge types: [6]
nodes.shift keys: [0, 1, 2]
nodes.count keys: [0, 1, 2]
links.meta: {6: (2, 1), 3: (1, 0), 5: (2, 2), 7: (1, 1), 4: (1, 1), 8: (2, 2), 0: (1, 1), 2: (2, 2), 1: (2, 2), 9: (2, 2), 10: (2, 2)}
t_type about to use: 1
h_type: 2
shift dict: {0: 0, 1: 188, 2: 746}
count dict: Counter({2: 940, 1: 558, 0: 188})
Generated 898 negative samples for edge type 6
Epoch 00025, Step00000 | Train_Loss: 0.5359 | Time: 0.0202
Epoch 00025 | Val_Loss 1.0665 | Time(s) 0.0071
EarlyStopping counter: 22 out of 40
Getting training negative samples for edge types: [6]
nodes.shift keys: [0, 1, 2]
nodes.count keys: [0, 1, 2]
links.meta: {6: (2, 1), 3: (1, 0), 5: (2, 2), 7: (1, 1), 4: (1, 1), 8: (2, 2), 0: (1, 1), 2: (2, 2), 1: (2, 2), 9: (2, 2), 10: (2, 2)}
t_type about to use: 1
h_type: 2
shift dict: {0: 0, 1: 188, 2: 746}
count dict: Counter({2: 940, 1: 558, 0: 188})
Generated 898 negative samples for edge type 6
Epoch 00026, Step00000 | Train_Loss: 0.5402 | Time: 0.0202
Epoch 00026 | Val_Loss 1.2608 | Time(s) 0.0086
EarlyStopping counter: 23 out of 40
Getting training negative samples for edge types: [6]
nodes.shift keys: [0, 1, 2]
nodes.count keys: [0, 1, 2]
links.meta: {6: (2, 1), 3: (1, 0), 5: (2, 2), 7: (1, 1), 4: (1, 1), 8: (2, 2), 0: (1, 1), 2: (2, 2), 1: (2, 2), 9: (2, 2), 10: (2, 2)}
t_type about to use: 1
h_type: 2
shift dict: {0: 0, 1: 188, 2: 746}
count dict: Counter({2: 940, 1: 558, 0: 188})
Generated 898 negative samples for edge type 6
Epoch 00027, Step00000 | Train_Loss: 0.5351 | Time: 0.0199
Epoch 00027 | Val_Loss 1.0655 | Time(s) 0.0087
EarlyStopping counter: 24 out of 40
Getting training negative samples for edge types: [6]
nodes.shift keys: [0, 1, 2]
nodes.count keys: [0, 1, 2]
links.meta: {6: (2, 1), 3: (1, 0), 5: (2, 2), 7: (1, 1), 4: (1, 1), 8: (2, 2), 0: (1, 1), 2: (2, 2), 1: (2, 2), 9: (2, 2), 10: (2, 2)}
t_type about to use: 1
h_type: 2
shift dict: {0: 0, 1: 188, 2: 746}
count dict: Counter({2: 940, 1: 558, 0: 188})
Generated 898 negative samples for edge type 6
Epoch 00028, Step00000 | Train_Loss: 0.5334 | Time: 0.0208
Epoch 00028 | Val_Loss 1.1824 | Time(s) 0.0086
EarlyStopping counter: 25 out of 40
Getting training negative samples for edge types: [6]
nodes.shift keys: [0, 1, 2]
nodes.count keys: [0, 1, 2]
links.meta: {6: (2, 1), 3: (1, 0), 5: (2, 2), 7: (1, 1), 4: (1, 1), 8: (2, 2), 0: (1, 1), 2: (2, 2), 1: (2, 2), 9: (2, 2), 10: (2, 2)}
t_type about to use: 1
h_type: 2
shift dict: {0: 0, 1: 188, 2: 746}
count dict: Counter({2: 940, 1: 558, 0: 188})
Generated 898 negative samples for edge type 6
Epoch 00029, Step00000 | Train_Loss: 0.5406 | Time: 0.0202
Epoch 00029 | Val_Loss 1.0444 | Time(s) 0.0085
EarlyStopping counter: 26 out of 40
Getting training negative samples for edge types: [6]
nodes.shift keys: [0, 1, 2]
nodes.count keys: [0, 1, 2]
links.meta: {6: (2, 1), 3: (1, 0), 5: (2, 2), 7: (1, 1), 4: (1, 1), 8: (2, 2), 0: (1, 1), 2: (2, 2), 1: (2, 2), 9: (2, 2), 10: (2, 2)}
t_type about to use: 1
h_type: 2
shift dict: {0: 0, 1: 188, 2: 746}
count dict: Counter({2: 940, 1: 558, 0: 188})
Generated 898 negative samples for edge type 6
Epoch 00030, Step00000 | Train_Loss: 0.5285 | Time: 0.0209
Epoch 00030 | Val_Loss 1.1188 | Time(s) 0.0083
EarlyStopping counter: 27 out of 40
Getting training negative samples for edge types: [6]
nodes.shift keys: [0, 1, 2]
nodes.count keys: [0, 1, 2]
links.meta: {6: (2, 1), 3: (1, 0), 5: (2, 2), 7: (1, 1), 4: (1, 1), 8: (2, 2), 0: (1, 1), 2: (2, 2), 1: (2, 2), 9: (2, 2), 10: (2, 2)}
t_type about to use: 1
h_type: 2
shift dict: {0: 0, 1: 188, 2: 746}
count dict: Counter({2: 940, 1: 558, 0: 188})
Generated 898 negative samples for edge type 6
Epoch 00031, Step00000 | Train_Loss: 0.5379 | Time: 0.0204
Epoch 00031 | Val_Loss 1.1269 | Time(s) 0.0085
EarlyStopping counter: 28 out of 40
Getting training negative samples for edge types: [6]
nodes.shift keys: [0, 1, 2]
nodes.count keys: [0, 1, 2]
links.meta: {6: (2, 1), 3: (1, 0), 5: (2, 2), 7: (1, 1), 4: (1, 1), 8: (2, 2), 0: (1, 1), 2: (2, 2), 1: (2, 2), 9: (2, 2), 10: (2, 2)}
t_type about to use: 1
h_type: 2
shift dict: {0: 0, 1: 188, 2: 746}
count dict: Counter({2: 940, 1: 558, 0: 188})
Generated 898 negative samples for edge type 6
Epoch 00032, Step00000 | Train_Loss: 0.5335 | Time: 0.0201
Epoch 00032 | Val_Loss 1.0933 | Time(s) 0.0084
EarlyStopping counter: 29 out of 40
Getting training negative samples for edge types: [6]
nodes.shift keys: [0, 1, 2]
nodes.count keys: [0, 1, 2]
links.meta: {6: (2, 1), 3: (1, 0), 5: (2, 2), 7: (1, 1), 4: (1, 1), 8: (2, 2), 0: (1, 1), 2: (2, 2), 1: (2, 2), 9: (2, 2), 10: (2, 2)}
t_type about to use: 1
h_type: 2
shift dict: {0: 0, 1: 188, 2: 746}
count dict: Counter({2: 940, 1: 558, 0: 188})
Generated 898 negative samples for edge type 6
Epoch 00033, Step00000 | Train_Loss: 0.5186 | Time: 0.0195
Epoch 00033 | Val_Loss 1.1576 | Time(s) 0.0085
EarlyStopping counter: 30 out of 40
Getting training negative samples for edge types: [6]
nodes.shift keys: [0, 1, 2]
nodes.count keys: [0, 1, 2]
links.meta: {6: (2, 1), 3: (1, 0), 5: (2, 2), 7: (1, 1), 4: (1, 1), 8: (2, 2), 0: (1, 1), 2: (2, 2), 1: (2, 2), 9: (2, 2), 10: (2, 2)}
t_type about to use: 1
h_type: 2
shift dict: {0: 0, 1: 188, 2: 746}
count dict: Counter({2: 940, 1: 558, 0: 188})
Generated 898 negative samples for edge type 6
Epoch 00034, Step00000 | Train_Loss: 0.5345 | Time: 0.0202
Epoch 00034 | Val_Loss 1.0646 | Time(s) 0.0084
EarlyStopping counter: 31 out of 40
Getting training negative samples for edge types: [6]
nodes.shift keys: [0, 1, 2]
nodes.count keys: [0, 1, 2]
links.meta: {6: (2, 1), 3: (1, 0), 5: (2, 2), 7: (1, 1), 4: (1, 1), 8: (2, 2), 0: (1, 1), 2: (2, 2), 1: (2, 2), 9: (2, 2), 10: (2, 2)}
t_type about to use: 1
h_type: 2
shift dict: {0: 0, 1: 188, 2: 746}
count dict: Counter({2: 940, 1: 558, 0: 188})
Generated 898 negative samples for edge type 6
Epoch 00035, Step00000 | Train_Loss: 0.5268 | Time: 0.0212
Epoch 00035 | Val_Loss 1.0977 | Time(s) 0.0082
EarlyStopping counter: 32 out of 40
Getting training negative samples for edge types: [6]
nodes.shift keys: [0, 1, 2]
nodes.count keys: [0, 1, 2]
links.meta: {6: (2, 1), 3: (1, 0), 5: (2, 2), 7: (1, 1), 4: (1, 1), 8: (2, 2), 0: (1, 1), 2: (2, 2), 1: (2, 2), 9: (2, 2), 10: (2, 2)}
t_type about to use: 1
h_type: 2
shift dict: {0: 0, 1: 188, 2: 746}
count dict: Counter({2: 940, 1: 558, 0: 188})
Generated 898 negative samples for edge type 6
Epoch 00036, Step00000 | Train_Loss: 0.5181 | Time: 0.0192
Epoch 00036 | Val_Loss 1.1590 | Time(s) 0.0081
EarlyStopping counter: 33 out of 40
Getting training negative samples for edge types: [6]
nodes.shift keys: [0, 1, 2]
nodes.count keys: [0, 1, 2]
links.meta: {6: (2, 1), 3: (1, 0), 5: (2, 2), 7: (1, 1), 4: (1, 1), 8: (2, 2), 0: (1, 1), 2: (2, 2), 1: (2, 2), 9: (2, 2), 10: (2, 2)}
t_type about to use: 1
h_type: 2
shift dict: {0: 0, 1: 188, 2: 746}
count dict: Counter({2: 940, 1: 558, 0: 188})
Generated 898 negative samples for edge type 6
Epoch 00037, Step00000 | Train_Loss: 0.5104 | Time: 0.0211
Epoch 00037 | Val_Loss 1.0505 | Time(s) 0.0081
EarlyStopping counter: 34 out of 40
Getting training negative samples for edge types: [6]
nodes.shift keys: [0, 1, 2]
nodes.count keys: [0, 1, 2]
links.meta: {6: (2, 1), 3: (1, 0), 5: (2, 2), 7: (1, 1), 4: (1, 1), 8: (2, 2), 0: (1, 1), 2: (2, 2), 1: (2, 2), 9: (2, 2), 10: (2, 2)}
t_type about to use: 1
h_type: 2
shift dict: {0: 0, 1: 188, 2: 746}
count dict: Counter({2: 940, 1: 558, 0: 188})
Generated 898 negative samples for edge type 6
Epoch 00038, Step00000 | Train_Loss: 0.5291 | Time: 0.0207
Epoch 00038 | Val_Loss 0.9088 | Time(s) 0.0081
EarlyStopping counter: 35 out of 40
Getting training negative samples for edge types: [6]
nodes.shift keys: [0, 1, 2]
nodes.count keys: [0, 1, 2]
links.meta: {6: (2, 1), 3: (1, 0), 5: (2, 2), 7: (1, 1), 4: (1, 1), 8: (2, 2), 0: (1, 1), 2: (2, 2), 1: (2, 2), 9: (2, 2), 10: (2, 2)}
t_type about to use: 1
h_type: 2
shift dict: {0: 0, 1: 188, 2: 746}
count dict: Counter({2: 940, 1: 558, 0: 188})
Generated 898 negative samples for edge type 6
Epoch 00039, Step00000 | Train_Loss: 0.5132 | Time: 0.0215
Epoch 00039 | Val_Loss 0.9118 | Time(s) 0.0083
EarlyStopping counter: 36 out of 40
Getting training negative samples for edge types: [6]
nodes.shift keys: [0, 1, 2]
nodes.count keys: [0, 1, 2]
links.meta: {6: (2, 1), 3: (1, 0), 5: (2, 2), 7: (1, 1), 4: (1, 1), 8: (2, 2), 0: (1, 1), 2: (2, 2), 1: (2, 2), 9: (2, 2), 10: (2, 2)}
t_type about to use: 1
h_type: 2
shift dict: {0: 0, 1: 188, 2: 746}
count dict: Counter({2: 940, 1: 558, 0: 188})
Generated 898 negative samples for edge type 6
Epoch 00040, Step00000 | Train_Loss: 0.5195 | Time: 0.0197
Epoch 00040 | Val_Loss 0.8788 | Time(s) 0.0084
EarlyStopping counter: 37 out of 40
Getting training negative samples for edge types: [6]
nodes.shift keys: [0, 1, 2]
nodes.count keys: [0, 1, 2]
links.meta: {6: (2, 1), 3: (1, 0), 5: (2, 2), 7: (1, 1), 4: (1, 1), 8: (2, 2), 0: (1, 1), 2: (2, 2), 1: (2, 2), 9: (2, 2), 10: (2, 2)}
t_type about to use: 1
h_type: 2
shift dict: {0: 0, 1: 188, 2: 746}
count dict: Counter({2: 940, 1: 558, 0: 188})
Generated 898 negative samples for edge type 6
Epoch 00041, Step00000 | Train_Loss: 0.5267 | Time: 0.0213
Epoch 00041 | Val_Loss 0.8519 | Time(s) 0.0082
EarlyStopping counter: 38 out of 40
Getting training negative samples for edge types: [6]
nodes.shift keys: [0, 1, 2]
nodes.count keys: [0, 1, 2]
links.meta: {6: (2, 1), 3: (1, 0), 5: (2, 2), 7: (1, 1), 4: (1, 1), 8: (2, 2), 0: (1, 1), 2: (2, 2), 1: (2, 2), 9: (2, 2), 10: (2, 2)}
t_type about to use: 1
h_type: 2
shift dict: {0: 0, 1: 188, 2: 746}
count dict: Counter({2: 940, 1: 558, 0: 188})
Generated 898 negative samples for edge type 6
Epoch 00042, Step00000 | Train_Loss: 0.5179 | Time: 0.0206
Epoch 00042 | Val_Loss 0.8019 | Time(s) 0.0082
EarlyStopping counter: 39 out of 40
Getting training negative samples for edge types: [6]
nodes.shift keys: [0, 1, 2]
nodes.count keys: [0, 1, 2]
links.meta: {6: (2, 1), 3: (1, 0), 5: (2, 2), 7: (1, 1), 4: (1, 1), 8: (2, 2), 0: (1, 1), 2: (2, 2), 1: (2, 2), 9: (2, 2), 10: (2, 2)}
t_type about to use: 1
h_type: 2
shift dict: {0: 0, 1: 188, 2: 746}
count dict: Counter({2: 940, 1: 558, 0: 188})
Generated 898 negative samples for edge type 6
Epoch 00043, Step00000 | Train_Loss: 0.5022 | Time: 0.0208
Epoch 00043 | Val_Loss 0.8316 | Time(s) 0.0082
EarlyStopping counter: 40 out of 40
Early stopping!
Early stopping!
Meta keys: dict_keys([6])
Data keys: dict_keys([6])
Edge type: 6, Meta: (2, 1)
{'roc_auc': 0.5210219478737996, 'MRR': 0.7471124620060791}
{'roc_auc': 0.64106081390032, 'MRR': 0.8099290780141843}
defaultdict(<class 'float'>, {'roc_auc': 0.5210219478737996, 'MRR': 0.7471124620060791})
defaultdict(<class 'float'>, {'roc_auc': 0.64106081390032, 'MRR': 0.8099290780141843})
Completed: amazon_style_cct_features_securebert_fold_1

--------------------------------------
Running model: SimpleHGN
Dataset: amazon_style_cct_features_securebert_fold_2
--------------------------------------
Data path: ../../data/amazon_style_cct_features_securebert_fold_2
Loading nodes from ../../data/amazon_style_cct_features_securebert_fold_2/node.dat
edge types: dict_keys([5, 6, 7, 2, 8, 0, 3, 4, 1, 10, 9])
Getting training negative samples for edge types: [6]
nodes.shift keys: [0, 1, 2]
nodes.count keys: [0, 1, 2]
links.meta: {5: (2, 2), 6: (2, 1), 7: (1, 1), 2: (2, 2), 8: (2, 2), 0: (1, 1), 3: (1, 0), 4: (1, 1), 1: (2, 2), 10: (2, 2), 9: (2, 2)}
t_type about to use: 1
h_type: 2
shift dict: {0: 0, 1: 188, 2: 746}
count dict: Counter({2: 940, 1: 558, 0: 188})
Generated 924 negative samples for edge type 6
Features List: [array([[ 0.00445206,  0.01268557,  0.22351578, ..., -0.28678206,
        -0.37460288,  0.18294938],
       [-0.18744846,  0.07075578,  0.0476894 , ..., -0.2232531 ,
        -0.19588573,  0.47988179],
       [-0.17451471, -0.04557271,  0.15712288, ..., -0.05391889,
        -0.20500693,  0.23744845],
       ...,
       [-0.40584856,  0.04715464,  0.24475315, ..., -0.12466257,
        -0.2035536 ,  0.28577447],
       [-0.18835557,  0.03822717,  0.03586731, ..., -0.23435652,
        -0.35453227,  0.38753107],
       [-0.13632202,  0.14362322,  0.08668749, ..., -0.24145249,
        -0.25799868,  0.26464131]]), array([[ 0.00791158, -0.00538086, -0.02676104, ..., -0.01897389,
        -0.01306979, -0.00084801],
       [ 0.01682901, -0.00649696, -0.01921631, ..., -0.01401017,
        -0.0039668 , -0.02202195],
       [ 0.02197852, -0.01403735, -0.05225722, ...,  0.02019661,
         0.00528841,  0.0033033 ],
       ...,
       [ 0.01603197,  0.00716993, -0.01245602, ..., -0.01399604,
        -0.00058955, -0.0256807 ],
       [ 0.01039577,  0.02045547, -0.02146293, ...,  0.01017929,
         0.02390171,  0.00134994],
       [ 0.00462414,  0.0041195 , -0.0135733 , ..., -0.01101827,
         0.00813001,  0.0203817 ]]), array([[ 0.00087804,  0.00658507, -0.02514569, ..., -0.04238372,
         0.00850771, -0.02565438],
       [-0.0006986 ,  0.01542003, -0.03227317, ..., -0.01301633,
         0.01559736, -0.03614859],
       [-0.01135348,  0.00974955, -0.01812623, ..., -0.01920343,
         0.00887381, -0.0152928 ],
       ...,
       [ 0.00701895, -0.01539859, -0.03025482, ..., -0.03644368,
         0.01254067, -0.0236606 ],
       [-0.00414097,  0.00144739, -0.05197839, ...,  0.00216818,
         0.02755725, -0.03143983],
       [ 0.01779867, -0.02493452, -0.0391779 , ..., -0.01159797,
        -0.00619852, -0.02449675]])]
Getting training negative samples for edge types: [6]
nodes.shift keys: [0, 1, 2]
nodes.count keys: [0, 1, 2]
links.meta: {5: (2, 2), 6: (2, 1), 7: (1, 1), 2: (2, 2), 8: (2, 2), 0: (1, 1), 3: (1, 0), 4: (1, 1), 1: (2, 2), 10: (2, 2), 9: (2, 2)}
t_type about to use: 1
h_type: 2
shift dict: {0: 0, 1: 188, 2: 746}
count dict: Counter({2: 940, 1: 558, 0: 188})
Generated 924 negative samples for edge type 6
Epoch 00000, Step00000 | Train_Loss: 0.6929 | Time: 0.6138
Epoch 00000 | Val_Loss 0.6847 | Time(s) 0.0077
Validation loss decreased (inf --> 0.684720).  Saving model ...
Getting training negative samples for edge types: [6]
nodes.shift keys: [0, 1, 2]
nodes.count keys: [0, 1, 2]
links.meta: {5: (2, 2), 6: (2, 1), 7: (1, 1), 2: (2, 2), 8: (2, 2), 0: (1, 1), 3: (1, 0), 4: (1, 1), 1: (2, 2), 10: (2, 2), 9: (2, 2)}
t_type about to use: 1
h_type: 2
shift dict: {0: 0, 1: 188, 2: 746}
count dict: Counter({2: 940, 1: 558, 0: 188})
Generated 924 negative samples for edge type 6
Epoch 00001, Step00000 | Train_Loss: 0.6831 | Time: 0.0207
Epoch 00001 | Val_Loss 0.6814 | Time(s) 0.0080
Validation loss decreased (0.684720 --> 0.681395).  Saving model ...
Getting training negative samples for edge types: [6]
nodes.shift keys: [0, 1, 2]
nodes.count keys: [0, 1, 2]
links.meta: {5: (2, 2), 6: (2, 1), 7: (1, 1), 2: (2, 2), 8: (2, 2), 0: (1, 1), 3: (1, 0), 4: (1, 1), 1: (2, 2), 10: (2, 2), 9: (2, 2)}
t_type about to use: 1
h_type: 2
shift dict: {0: 0, 1: 188, 2: 746}
count dict: Counter({2: 940, 1: 558, 0: 188})
Generated 924 negative samples for edge type 6
Epoch 00002, Step00000 | Train_Loss: 0.6750 | Time: 0.0242
Epoch 00002 | Val_Loss 0.6856 | Time(s) 0.0082
EarlyStopping counter: 1 out of 40
Getting training negative samples for edge types: [6]
nodes.shift keys: [0, 1, 2]
nodes.count keys: [0, 1, 2]
links.meta: {5: (2, 2), 6: (2, 1), 7: (1, 1), 2: (2, 2), 8: (2, 2), 0: (1, 1), 3: (1, 0), 4: (1, 1), 1: (2, 2), 10: (2, 2), 9: (2, 2)}
t_type about to use: 1
h_type: 2
shift dict: {0: 0, 1: 188, 2: 746}
count dict: Counter({2: 940, 1: 558, 0: 188})
Generated 924 negative samples for edge type 6
Epoch 00003, Step00000 | Train_Loss: 0.6674 | Time: 0.0251
Epoch 00003 | Val_Loss 0.6740 | Time(s) 0.0082
Validation loss decreased (0.681395 --> 0.673988).  Saving model ...
Getting training negative samples for edge types: [6]
nodes.shift keys: [0, 1, 2]
nodes.count keys: [0, 1, 2]
links.meta: {5: (2, 2), 6: (2, 1), 7: (1, 1), 2: (2, 2), 8: (2, 2), 0: (1, 1), 3: (1, 0), 4: (1, 1), 1: (2, 2), 10: (2, 2), 9: (2, 2)}
t_type about to use: 1
h_type: 2
shift dict: {0: 0, 1: 188, 2: 746}
count dict: Counter({2: 940, 1: 558, 0: 188})
Generated 924 negative samples for edge type 6
Epoch 00004, Step00000 | Train_Loss: 0.6523 | Time: 0.0318
Epoch 00004 | Val_Loss 0.6680 | Time(s) 0.0083
Validation loss decreased (0.673988 --> 0.668010).  Saving model ...
Getting training negative samples for edge types: [6]
nodes.shift keys: [0, 1, 2]
nodes.count keys: [0, 1, 2]
links.meta: {5: (2, 2), 6: (2, 1), 7: (1, 1), 2: (2, 2), 8: (2, 2), 0: (1, 1), 3: (1, 0), 4: (1, 1), 1: (2, 2), 10: (2, 2), 9: (2, 2)}
t_type about to use: 1
h_type: 2
shift dict: {0: 0, 1: 188, 2: 746}
count dict: Counter({2: 940, 1: 558, 0: 188})
Generated 924 negative samples for edge type 6
Epoch 00005, Step00000 | Train_Loss: 0.6433 | Time: 0.0210
Epoch 00005 | Val_Loss 0.6709 | Time(s) 0.0077
EarlyStopping counter: 1 out of 40
Getting training negative samples for edge types: [6]
nodes.shift keys: [0, 1, 2]
nodes.count keys: [0, 1, 2]
links.meta: {5: (2, 2), 6: (2, 1), 7: (1, 1), 2: (2, 2), 8: (2, 2), 0: (1, 1), 3: (1, 0), 4: (1, 1), 1: (2, 2), 10: (2, 2), 9: (2, 2)}
t_type about to use: 1
h_type: 2
shift dict: {0: 0, 1: 188, 2: 746}
count dict: Counter({2: 940, 1: 558, 0: 188})
Generated 924 negative samples for edge type 6
Epoch 00006, Step00000 | Train_Loss: 0.6382 | Time: 0.0210
Epoch 00006 | Val_Loss 0.6787 | Time(s) 0.0084
EarlyStopping counter: 2 out of 40
Getting training negative samples for edge types: [6]
nodes.shift keys: [0, 1, 2]
nodes.count keys: [0, 1, 2]
links.meta: {5: (2, 2), 6: (2, 1), 7: (1, 1), 2: (2, 2), 8: (2, 2), 0: (1, 1), 3: (1, 0), 4: (1, 1), 1: (2, 2), 10: (2, 2), 9: (2, 2)}
t_type about to use: 1
h_type: 2
shift dict: {0: 0, 1: 188, 2: 746}
count dict: Counter({2: 940, 1: 558, 0: 188})
Generated 924 negative samples for edge type 6
Epoch 00007, Step00000 | Train_Loss: 0.6297 | Time: 0.0195
Epoch 00007 | Val_Loss 0.7023 | Time(s) 0.0084
EarlyStopping counter: 3 out of 40
Getting training negative samples for edge types: [6]
nodes.shift keys: [0, 1, 2]
nodes.count keys: [0, 1, 2]
links.meta: {5: (2, 2), 6: (2, 1), 7: (1, 1), 2: (2, 2), 8: (2, 2), 0: (1, 1), 3: (1, 0), 4: (1, 1), 1: (2, 2), 10: (2, 2), 9: (2, 2)}
t_type about to use: 1
h_type: 2
shift dict: {0: 0, 1: 188, 2: 746}
count dict: Counter({2: 940, 1: 558, 0: 188})
Generated 924 negative samples for edge type 6
Epoch 00008, Step00000 | Train_Loss: 0.6164 | Time: 0.0200
Epoch 00008 | Val_Loss 0.6900 | Time(s) 0.0082
EarlyStopping counter: 4 out of 40
Getting training negative samples for edge types: [6]
nodes.shift keys: [0, 1, 2]
nodes.count keys: [0, 1, 2]
links.meta: {5: (2, 2), 6: (2, 1), 7: (1, 1), 2: (2, 2), 8: (2, 2), 0: (1, 1), 3: (1, 0), 4: (1, 1), 1: (2, 2), 10: (2, 2), 9: (2, 2)}
t_type about to use: 1
h_type: 2
shift dict: {0: 0, 1: 188, 2: 746}
count dict: Counter({2: 940, 1: 558, 0: 188})
Generated 924 negative samples for edge type 6
Epoch 00009, Step00000 | Train_Loss: 0.5983 | Time: 0.0197
Epoch 00009 | Val_Loss 0.7443 | Time(s) 0.0083
EarlyStopping counter: 5 out of 40
Getting training negative samples for edge types: [6]
nodes.shift keys: [0, 1, 2]
nodes.count keys: [0, 1, 2]
links.meta: {5: (2, 2), 6: (2, 1), 7: (1, 1), 2: (2, 2), 8: (2, 2), 0: (1, 1), 3: (1, 0), 4: (1, 1), 1: (2, 2), 10: (2, 2), 9: (2, 2)}
t_type about to use: 1
h_type: 2
shift dict: {0: 0, 1: 188, 2: 746}
count dict: Counter({2: 940, 1: 558, 0: 188})
Generated 924 negative samples for edge type 6
Epoch 00010, Step00000 | Train_Loss: 0.5950 | Time: 0.0214
Epoch 00010 | Val_Loss 0.7818 | Time(s) 0.0082
EarlyStopping counter: 6 out of 40
Getting training negative samples for edge types: [6]
nodes.shift keys: [0, 1, 2]
nodes.count keys: [0, 1, 2]
links.meta: {5: (2, 2), 6: (2, 1), 7: (1, 1), 2: (2, 2), 8: (2, 2), 0: (1, 1), 3: (1, 0), 4: (1, 1), 1: (2, 2), 10: (2, 2), 9: (2, 2)}
t_type about to use: 1
h_type: 2
shift dict: {0: 0, 1: 188, 2: 746}
count dict: Counter({2: 940, 1: 558, 0: 188})
Generated 924 negative samples for edge type 6
Epoch 00011, Step00000 | Train_Loss: 0.5829 | Time: 0.0197
Epoch 00011 | Val_Loss 0.8494 | Time(s) 0.0082
EarlyStopping counter: 7 out of 40
Getting training negative samples for edge types: [6]
nodes.shift keys: [0, 1, 2]
nodes.count keys: [0, 1, 2]
links.meta: {5: (2, 2), 6: (2, 1), 7: (1, 1), 2: (2, 2), 8: (2, 2), 0: (1, 1), 3: (1, 0), 4: (1, 1), 1: (2, 2), 10: (2, 2), 9: (2, 2)}
t_type about to use: 1
h_type: 2
shift dict: {0: 0, 1: 188, 2: 746}
count dict: Counter({2: 940, 1: 558, 0: 188})
Generated 924 negative samples for edge type 6
Epoch 00012, Step00000 | Train_Loss: 0.5717 | Time: 0.0210
Epoch 00012 | Val_Loss 0.7807 | Time(s) 0.0081
EarlyStopping counter: 8 out of 40
Getting training negative samples for edge types: [6]
nodes.shift keys: [0, 1, 2]
nodes.count keys: [0, 1, 2]
links.meta: {5: (2, 2), 6: (2, 1), 7: (1, 1), 2: (2, 2), 8: (2, 2), 0: (1, 1), 3: (1, 0), 4: (1, 1), 1: (2, 2), 10: (2, 2), 9: (2, 2)}
t_type about to use: 1
h_type: 2
shift dict: {0: 0, 1: 188, 2: 746}
count dict: Counter({2: 940, 1: 558, 0: 188})
Generated 924 negative samples for edge type 6
Epoch 00013, Step00000 | Train_Loss: 0.5588 | Time: 0.0195
Epoch 00013 | Val_Loss 0.8561 | Time(s) 0.0083
EarlyStopping counter: 9 out of 40
Getting training negative samples for edge types: [6]
nodes.shift keys: [0, 1, 2]
nodes.count keys: [0, 1, 2]
links.meta: {5: (2, 2), 6: (2, 1), 7: (1, 1), 2: (2, 2), 8: (2, 2), 0: (1, 1), 3: (1, 0), 4: (1, 1), 1: (2, 2), 10: (2, 2), 9: (2, 2)}
t_type about to use: 1
h_type: 2
shift dict: {0: 0, 1: 188, 2: 746}
count dict: Counter({2: 940, 1: 558, 0: 188})
Generated 924 negative samples for edge type 6
Epoch 00014, Step00000 | Train_Loss: 0.5674 | Time: 0.0214
Epoch 00014 | Val_Loss 1.0059 | Time(s) 0.0082
EarlyStopping counter: 10 out of 40
Getting training negative samples for edge types: [6]
nodes.shift keys: [0, 1, 2]
nodes.count keys: [0, 1, 2]
links.meta: {5: (2, 2), 6: (2, 1), 7: (1, 1), 2: (2, 2), 8: (2, 2), 0: (1, 1), 3: (1, 0), 4: (1, 1), 1: (2, 2), 10: (2, 2), 9: (2, 2)}
t_type about to use: 1
h_type: 2
shift dict: {0: 0, 1: 188, 2: 746}
count dict: Counter({2: 940, 1: 558, 0: 188})
Generated 924 negative samples for edge type 6
Epoch 00015, Step00000 | Train_Loss: 0.5619 | Time: 0.0198
Epoch 00015 | Val_Loss 0.9585 | Time(s) 0.0085
EarlyStopping counter: 11 out of 40
Getting training negative samples for edge types: [6]
nodes.shift keys: [0, 1, 2]
nodes.count keys: [0, 1, 2]
links.meta: {5: (2, 2), 6: (2, 1), 7: (1, 1), 2: (2, 2), 8: (2, 2), 0: (1, 1), 3: (1, 0), 4: (1, 1), 1: (2, 2), 10: (2, 2), 9: (2, 2)}
t_type about to use: 1
h_type: 2
shift dict: {0: 0, 1: 188, 2: 746}
count dict: Counter({2: 940, 1: 558, 0: 188})
Generated 924 negative samples for edge type 6
Epoch 00016, Step00000 | Train_Loss: 0.5685 | Time: 0.0198
Epoch 00016 | Val_Loss 0.9227 | Time(s) 0.0087
EarlyStopping counter: 12 out of 40
Getting training negative samples for edge types: [6]
nodes.shift keys: [0, 1, 2]
nodes.count keys: [0, 1, 2]
links.meta: {5: (2, 2), 6: (2, 1), 7: (1, 1), 2: (2, 2), 8: (2, 2), 0: (1, 1), 3: (1, 0), 4: (1, 1), 1: (2, 2), 10: (2, 2), 9: (2, 2)}
t_type about to use: 1
h_type: 2
shift dict: {0: 0, 1: 188, 2: 746}
count dict: Counter({2: 940, 1: 558, 0: 188})
Generated 924 negative samples for edge type 6
Epoch 00017, Step00000 | Train_Loss: 0.5615 | Time: 0.0219
Epoch 00017 | Val_Loss 0.9361 | Time(s) 0.0082
EarlyStopping counter: 13 out of 40
Getting training negative samples for edge types: [6]
nodes.shift keys: [0, 1, 2]
nodes.count keys: [0, 1, 2]
links.meta: {5: (2, 2), 6: (2, 1), 7: (1, 1), 2: (2, 2), 8: (2, 2), 0: (1, 1), 3: (1, 0), 4: (1, 1), 1: (2, 2), 10: (2, 2), 9: (2, 2)}
t_type about to use: 1
h_type: 2
shift dict: {0: 0, 1: 188, 2: 746}
count dict: Counter({2: 940, 1: 558, 0: 188})
Generated 924 negative samples for edge type 6
Epoch 00018, Step00000 | Train_Loss: 0.5449 | Time: 0.0201
Epoch 00018 | Val_Loss 0.9734 | Time(s) 0.0084
EarlyStopping counter: 14 out of 40
Getting training negative samples for edge types: [6]
nodes.shift keys: [0, 1, 2]
nodes.count keys: [0, 1, 2]
links.meta: {5: (2, 2), 6: (2, 1), 7: (1, 1), 2: (2, 2), 8: (2, 2), 0: (1, 1), 3: (1, 0), 4: (1, 1), 1: (2, 2), 10: (2, 2), 9: (2, 2)}
t_type about to use: 1
h_type: 2
shift dict: {0: 0, 1: 188, 2: 746}
count dict: Counter({2: 940, 1: 558, 0: 188})
Generated 924 negative samples for edge type 6
Epoch 00019, Step00000 | Train_Loss: 0.5541 | Time: 0.0206
Epoch 00019 | Val_Loss 0.9921 | Time(s) 0.0081
EarlyStopping counter: 15 out of 40
Getting training negative samples for edge types: [6]
nodes.shift keys: [0, 1, 2]
nodes.count keys: [0, 1, 2]
links.meta: {5: (2, 2), 6: (2, 1), 7: (1, 1), 2: (2, 2), 8: (2, 2), 0: (1, 1), 3: (1, 0), 4: (1, 1), 1: (2, 2), 10: (2, 2), 9: (2, 2)}
t_type about to use: 1
h_type: 2
shift dict: {0: 0, 1: 188, 2: 746}
count dict: Counter({2: 940, 1: 558, 0: 188})
Generated 924 negative samples for edge type 6
Epoch 00020, Step00000 | Train_Loss: 0.5570 | Time: 0.0205
Epoch 00020 | Val_Loss 0.8946 | Time(s) 0.0082
EarlyStopping counter: 16 out of 40
Getting training negative samples for edge types: [6]
nodes.shift keys: [0, 1, 2]
nodes.count keys: [0, 1, 2]
links.meta: {5: (2, 2), 6: (2, 1), 7: (1, 1), 2: (2, 2), 8: (2, 2), 0: (1, 1), 3: (1, 0), 4: (1, 1), 1: (2, 2), 10: (2, 2), 9: (2, 2)}
t_type about to use: 1
h_type: 2
shift dict: {0: 0, 1: 188, 2: 746}
count dict: Counter({2: 940, 1: 558, 0: 188})
Generated 924 negative samples for edge type 6
Epoch 00021, Step00000 | Train_Loss: 0.5486 | Time: 0.0194
Epoch 00021 | Val_Loss 1.0553 | Time(s) 0.0085
EarlyStopping counter: 17 out of 40
Getting training negative samples for edge types: [6]
nodes.shift keys: [0, 1, 2]
nodes.count keys: [0, 1, 2]
links.meta: {5: (2, 2), 6: (2, 1), 7: (1, 1), 2: (2, 2), 8: (2, 2), 0: (1, 1), 3: (1, 0), 4: (1, 1), 1: (2, 2), 10: (2, 2), 9: (2, 2)}
t_type about to use: 1
h_type: 2
shift dict: {0: 0, 1: 188, 2: 746}
count dict: Counter({2: 940, 1: 558, 0: 188})
Generated 924 negative samples for edge type 6
Epoch 00022, Step00000 | Train_Loss: 0.5404 | Time: 0.0201
Epoch 00022 | Val_Loss 1.0096 | Time(s) 0.0083
EarlyStopping counter: 18 out of 40
Getting training negative samples for edge types: [6]
nodes.shift keys: [0, 1, 2]
nodes.count keys: [0, 1, 2]
links.meta: {5: (2, 2), 6: (2, 1), 7: (1, 1), 2: (2, 2), 8: (2, 2), 0: (1, 1), 3: (1, 0), 4: (1, 1), 1: (2, 2), 10: (2, 2), 9: (2, 2)}
t_type about to use: 1
h_type: 2
shift dict: {0: 0, 1: 188, 2: 746}
count dict: Counter({2: 940, 1: 558, 0: 188})
Generated 924 negative samples for edge type 6
Epoch 00023, Step00000 | Train_Loss: 0.5520 | Time: 0.0214
Epoch 00023 | Val_Loss 1.1110 | Time(s) 0.0083
EarlyStopping counter: 19 out of 40
Getting training negative samples for edge types: [6]
nodes.shift keys: [0, 1, 2]
nodes.count keys: [0, 1, 2]
links.meta: {5: (2, 2), 6: (2, 1), 7: (1, 1), 2: (2, 2), 8: (2, 2), 0: (1, 1), 3: (1, 0), 4: (1, 1), 1: (2, 2), 10: (2, 2), 9: (2, 2)}
t_type about to use: 1
h_type: 2
shift dict: {0: 0, 1: 188, 2: 746}
count dict: Counter({2: 940, 1: 558, 0: 188})
Generated 924 negative samples for edge type 6
Epoch 00024, Step00000 | Train_Loss: 0.5581 | Time: 0.0213
Epoch 00024 | Val_Loss 0.9105 | Time(s) 0.0081
EarlyStopping counter: 20 out of 40
Getting training negative samples for edge types: [6]
nodes.shift keys: [0, 1, 2]
nodes.count keys: [0, 1, 2]
links.meta: {5: (2, 2), 6: (2, 1), 7: (1, 1), 2: (2, 2), 8: (2, 2), 0: (1, 1), 3: (1, 0), 4: (1, 1), 1: (2, 2), 10: (2, 2), 9: (2, 2)}
t_type about to use: 1
h_type: 2
shift dict: {0: 0, 1: 188, 2: 746}
count dict: Counter({2: 940, 1: 558, 0: 188})
Generated 924 negative samples for edge type 6
Epoch 00025, Step00000 | Train_Loss: 0.5433 | Time: 0.0202
Epoch 00025 | Val_Loss 0.8826 | Time(s) 0.0082
EarlyStopping counter: 21 out of 40
Getting training negative samples for edge types: [6]
nodes.shift keys: [0, 1, 2]
nodes.count keys: [0, 1, 2]
links.meta: {5: (2, 2), 6: (2, 1), 7: (1, 1), 2: (2, 2), 8: (2, 2), 0: (1, 1), 3: (1, 0), 4: (1, 1), 1: (2, 2), 10: (2, 2), 9: (2, 2)}
t_type about to use: 1
h_type: 2
shift dict: {0: 0, 1: 188, 2: 746}
count dict: Counter({2: 940, 1: 558, 0: 188})
Generated 924 negative samples for edge type 6
Epoch 00026, Step00000 | Train_Loss: 0.5365 | Time: 0.0198
Epoch 00026 | Val_Loss 0.9633 | Time(s) 0.0083
EarlyStopping counter: 22 out of 40
Getting training negative samples for edge types: [6]
nodes.shift keys: [0, 1, 2]
nodes.count keys: [0, 1, 2]
links.meta: {5: (2, 2), 6: (2, 1), 7: (1, 1), 2: (2, 2), 8: (2, 2), 0: (1, 1), 3: (1, 0), 4: (1, 1), 1: (2, 2), 10: (2, 2), 9: (2, 2)}
t_type about to use: 1
h_type: 2
shift dict: {0: 0, 1: 188, 2: 746}
count dict: Counter({2: 940, 1: 558, 0: 188})
Generated 924 negative samples for edge type 6
Epoch 00027, Step00000 | Train_Loss: 0.5457 | Time: 0.0213
Epoch 00027 | Val_Loss 1.0482 | Time(s) 0.0081
EarlyStopping counter: 23 out of 40
Getting training negative samples for edge types: [6]
nodes.shift keys: [0, 1, 2]
nodes.count keys: [0, 1, 2]
links.meta: {5: (2, 2), 6: (2, 1), 7: (1, 1), 2: (2, 2), 8: (2, 2), 0: (1, 1), 3: (1, 0), 4: (1, 1), 1: (2, 2), 10: (2, 2), 9: (2, 2)}
t_type about to use: 1
h_type: 2
shift dict: {0: 0, 1: 188, 2: 746}
count dict: Counter({2: 940, 1: 558, 0: 188})
Generated 924 negative samples for edge type 6
Epoch 00028, Step00000 | Train_Loss: 0.5439 | Time: 0.0196
Epoch 00028 | Val_Loss 0.9713 | Time(s) 0.0085
EarlyStopping counter: 24 out of 40
Getting training negative samples for edge types: [6]
nodes.shift keys: [0, 1, 2]
nodes.count keys: [0, 1, 2]
links.meta: {5: (2, 2), 6: (2, 1), 7: (1, 1), 2: (2, 2), 8: (2, 2), 0: (1, 1), 3: (1, 0), 4: (1, 1), 1: (2, 2), 10: (2, 2), 9: (2, 2)}
t_type about to use: 1
h_type: 2
shift dict: {0: 0, 1: 188, 2: 746}
count dict: Counter({2: 940, 1: 558, 0: 188})
Generated 924 negative samples for edge type 6
Epoch 00029, Step00000 | Train_Loss: 0.5535 | Time: 0.0200
Epoch 00029 | Val_Loss 0.9488 | Time(s) 0.0085
EarlyStopping counter: 25 out of 40
Getting training negative samples for edge types: [6]
nodes.shift keys: [0, 1, 2]
nodes.count keys: [0, 1, 2]
links.meta: {5: (2, 2), 6: (2, 1), 7: (1, 1), 2: (2, 2), 8: (2, 2), 0: (1, 1), 3: (1, 0), 4: (1, 1), 1: (2, 2), 10: (2, 2), 9: (2, 2)}
t_type about to use: 1
h_type: 2
shift dict: {0: 0, 1: 188, 2: 746}
count dict: Counter({2: 940, 1: 558, 0: 188})
Generated 924 negative samples for edge type 6
Epoch 00030, Step00000 | Train_Loss: 0.5278 | Time: 0.0218
Epoch 00030 | Val_Loss 0.9480 | Time(s) 0.0088
EarlyStopping counter: 26 out of 40
Getting training negative samples for edge types: [6]
nodes.shift keys: [0, 1, 2]
nodes.count keys: [0, 1, 2]
links.meta: {5: (2, 2), 6: (2, 1), 7: (1, 1), 2: (2, 2), 8: (2, 2), 0: (1, 1), 3: (1, 0), 4: (1, 1), 1: (2, 2), 10: (2, 2), 9: (2, 2)}
t_type about to use: 1
h_type: 2
shift dict: {0: 0, 1: 188, 2: 746}
count dict: Counter({2: 940, 1: 558, 0: 188})
Generated 924 negative samples for edge type 6
Epoch 00031, Step00000 | Train_Loss: 0.5371 | Time: 0.0204
Epoch 00031 | Val_Loss 1.1004 | Time(s) 0.0106
EarlyStopping counter: 27 out of 40
Getting training negative samples for edge types: [6]
nodes.shift keys: [0, 1, 2]
nodes.count keys: [0, 1, 2]
links.meta: {5: (2, 2), 6: (2, 1), 7: (1, 1), 2: (2, 2), 8: (2, 2), 0: (1, 1), 3: (1, 0), 4: (1, 1), 1: (2, 2), 10: (2, 2), 9: (2, 2)}
t_type about to use: 1
h_type: 2
shift dict: {0: 0, 1: 188, 2: 746}
count dict: Counter({2: 940, 1: 558, 0: 188})
Generated 924 negative samples for edge type 6
Epoch 00032, Step00000 | Train_Loss: 0.5407 | Time: 0.0195
Epoch 00032 | Val_Loss 1.0660 | Time(s) 0.0068
EarlyStopping counter: 28 out of 40
Getting training negative samples for edge types: [6]
nodes.shift keys: [0, 1, 2]
nodes.count keys: [0, 1, 2]
links.meta: {5: (2, 2), 6: (2, 1), 7: (1, 1), 2: (2, 2), 8: (2, 2), 0: (1, 1), 3: (1, 0), 4: (1, 1), 1: (2, 2), 10: (2, 2), 9: (2, 2)}
t_type about to use: 1
h_type: 2
shift dict: {0: 0, 1: 188, 2: 746}
count dict: Counter({2: 940, 1: 558, 0: 188})
Generated 924 negative samples for edge type 6
Epoch 00033, Step00000 | Train_Loss: 0.5369 | Time: 0.0194
Epoch 00033 | Val_Loss 1.0133 | Time(s) 0.0082
EarlyStopping counter: 29 out of 40
Getting training negative samples for edge types: [6]
nodes.shift keys: [0, 1, 2]
nodes.count keys: [0, 1, 2]
links.meta: {5: (2, 2), 6: (2, 1), 7: (1, 1), 2: (2, 2), 8: (2, 2), 0: (1, 1), 3: (1, 0), 4: (1, 1), 1: (2, 2), 10: (2, 2), 9: (2, 2)}
t_type about to use: 1
h_type: 2
shift dict: {0: 0, 1: 188, 2: 746}
count dict: Counter({2: 940, 1: 558, 0: 188})
Generated 924 negative samples for edge type 6
Epoch 00034, Step00000 | Train_Loss: 0.5369 | Time: 0.0214
Epoch 00034 | Val_Loss 0.9448 | Time(s) 0.0082
EarlyStopping counter: 30 out of 40
Getting training negative samples for edge types: [6]
nodes.shift keys: [0, 1, 2]
nodes.count keys: [0, 1, 2]
links.meta: {5: (2, 2), 6: (2, 1), 7: (1, 1), 2: (2, 2), 8: (2, 2), 0: (1, 1), 3: (1, 0), 4: (1, 1), 1: (2, 2), 10: (2, 2), 9: (2, 2)}
t_type about to use: 1
h_type: 2
shift dict: {0: 0, 1: 188, 2: 746}
count dict: Counter({2: 940, 1: 558, 0: 188})
Generated 924 negative samples for edge type 6
Epoch 00035, Step00000 | Train_Loss: 0.5258 | Time: 0.0200
Epoch 00035 | Val_Loss 0.9543 | Time(s) 0.0085
EarlyStopping counter: 31 out of 40
Getting training negative samples for edge types: [6]
nodes.shift keys: [0, 1, 2]
nodes.count keys: [0, 1, 2]
links.meta: {5: (2, 2), 6: (2, 1), 7: (1, 1), 2: (2, 2), 8: (2, 2), 0: (1, 1), 3: (1, 0), 4: (1, 1), 1: (2, 2), 10: (2, 2), 9: (2, 2)}
t_type about to use: 1
h_type: 2
shift dict: {0: 0, 1: 188, 2: 746}
count dict: Counter({2: 940, 1: 558, 0: 188})
Generated 924 negative samples for edge type 6
Epoch 00036, Step00000 | Train_Loss: 0.5421 | Time: 0.0199
Epoch 00036 | Val_Loss 1.0036 | Time(s) 0.0085
EarlyStopping counter: 32 out of 40
Getting training negative samples for edge types: [6]
nodes.shift keys: [0, 1, 2]
nodes.count keys: [0, 1, 2]
links.meta: {5: (2, 2), 6: (2, 1), 7: (1, 1), 2: (2, 2), 8: (2, 2), 0: (1, 1), 3: (1, 0), 4: (1, 1), 1: (2, 2), 10: (2, 2), 9: (2, 2)}
t_type about to use: 1
h_type: 2
shift dict: {0: 0, 1: 188, 2: 746}
count dict: Counter({2: 940, 1: 558, 0: 188})
Generated 924 negative samples for edge type 6
Epoch 00037, Step00000 | Train_Loss: 0.5276 | Time: 0.0204
Epoch 00037 | Val_Loss 0.8896 | Time(s) 0.0089
EarlyStopping counter: 33 out of 40
Getting training negative samples for edge types: [6]
nodes.shift keys: [0, 1, 2]
nodes.count keys: [0, 1, 2]
links.meta: {5: (2, 2), 6: (2, 1), 7: (1, 1), 2: (2, 2), 8: (2, 2), 0: (1, 1), 3: (1, 0), 4: (1, 1), 1: (2, 2), 10: (2, 2), 9: (2, 2)}
t_type about to use: 1
h_type: 2
shift dict: {0: 0, 1: 188, 2: 746}
count dict: Counter({2: 940, 1: 558, 0: 188})
Generated 924 negative samples for edge type 6
Epoch 00038, Step00000 | Train_Loss: 0.5211 | Time: 0.0203
Epoch 00038 | Val_Loss 0.8487 | Time(s) 0.0085
EarlyStopping counter: 34 out of 40
Getting training negative samples for edge types: [6]
nodes.shift keys: [0, 1, 2]
nodes.count keys: [0, 1, 2]
links.meta: {5: (2, 2), 6: (2, 1), 7: (1, 1), 2: (2, 2), 8: (2, 2), 0: (1, 1), 3: (1, 0), 4: (1, 1), 1: (2, 2), 10: (2, 2), 9: (2, 2)}
t_type about to use: 1
h_type: 2
shift dict: {0: 0, 1: 188, 2: 746}
count dict: Counter({2: 940, 1: 558, 0: 188})
Generated 924 negative samples for edge type 6
Epoch 00039, Step00000 | Train_Loss: 0.5343 | Time: 0.0200
Epoch 00039 | Val_Loss 1.0006 | Time(s) 0.0086
EarlyStopping counter: 35 out of 40
Getting training negative samples for edge types: [6]
nodes.shift keys: [0, 1, 2]
nodes.count keys: [0, 1, 2]
links.meta: {5: (2, 2), 6: (2, 1), 7: (1, 1), 2: (2, 2), 8: (2, 2), 0: (1, 1), 3: (1, 0), 4: (1, 1), 1: (2, 2), 10: (2, 2), 9: (2, 2)}
t_type about to use: 1
h_type: 2
shift dict: {0: 0, 1: 188, 2: 746}
count dict: Counter({2: 940, 1: 558, 0: 188})
Generated 924 negative samples for edge type 6
Epoch 00040, Step00000 | Train_Loss: 0.5056 | Time: 0.0210
Epoch 00040 | Val_Loss 0.8720 | Time(s) 0.0083
EarlyStopping counter: 36 out of 40
Getting training negative samples for edge types: [6]
nodes.shift keys: [0, 1, 2]
nodes.count keys: [0, 1, 2]
links.meta: {5: (2, 2), 6: (2, 1), 7: (1, 1), 2: (2, 2), 8: (2, 2), 0: (1, 1), 3: (1, 0), 4: (1, 1), 1: (2, 2), 10: (2, 2), 9: (2, 2)}
t_type about to use: 1
h_type: 2
shift dict: {0: 0, 1: 188, 2: 746}
count dict: Counter({2: 940, 1: 558, 0: 188})
Generated 924 negative samples for edge type 6
Epoch 00041, Step00000 | Train_Loss: 0.5128 | Time: 0.0201
Epoch 00041 | Val_Loss 0.9513 | Time(s) 0.0086
EarlyStopping counter: 37 out of 40
Getting training negative samples for edge types: [6]
nodes.shift keys: [0, 1, 2]
nodes.count keys: [0, 1, 2]
links.meta: {5: (2, 2), 6: (2, 1), 7: (1, 1), 2: (2, 2), 8: (2, 2), 0: (1, 1), 3: (1, 0), 4: (1, 1), 1: (2, 2), 10: (2, 2), 9: (2, 2)}
t_type about to use: 1
h_type: 2
shift dict: {0: 0, 1: 188, 2: 746}
count dict: Counter({2: 940, 1: 558, 0: 188})
Generated 924 negative samples for edge type 6
Epoch 00042, Step00000 | Train_Loss: 0.5039 | Time: 0.0205
Epoch 00042 | Val_Loss 0.9276 | Time(s) 0.0081
EarlyStopping counter: 38 out of 40
Getting training negative samples for edge types: [6]
nodes.shift keys: [0, 1, 2]
nodes.count keys: [0, 1, 2]
links.meta: {5: (2, 2), 6: (2, 1), 7: (1, 1), 2: (2, 2), 8: (2, 2), 0: (1, 1), 3: (1, 0), 4: (1, 1), 1: (2, 2), 10: (2, 2), 9: (2, 2)}
t_type about to use: 1
h_type: 2
shift dict: {0: 0, 1: 188, 2: 746}
count dict: Counter({2: 940, 1: 558, 0: 188})
Generated 924 negative samples for edge type 6
Epoch 00043, Step00000 | Train_Loss: 0.5109 | Time: 0.0198
Epoch 00043 | Val_Loss 1.0603 | Time(s) 0.0085
EarlyStopping counter: 39 out of 40
Getting training negative samples for edge types: [6]
nodes.shift keys: [0, 1, 2]
nodes.count keys: [0, 1, 2]
links.meta: {5: (2, 2), 6: (2, 1), 7: (1, 1), 2: (2, 2), 8: (2, 2), 0: (1, 1), 3: (1, 0), 4: (1, 1), 1: (2, 2), 10: (2, 2), 9: (2, 2)}
t_type about to use: 1
h_type: 2
shift dict: {0: 0, 1: 188, 2: 746}
count dict: Counter({2: 940, 1: 558, 0: 188})
Generated 924 negative samples for edge type 6
Epoch 00044, Step00000 | Train_Loss: 0.5068 | Time: 0.0199
Epoch 00044 | Val_Loss 0.9315 | Time(s) 0.0084
EarlyStopping counter: 40 out of 40
Early stopping!
Early stopping!
Meta keys: dict_keys([6])
Data keys: dict_keys([6])
Edge type: 6, Meta: (2, 1)
{'roc_auc': 0.49609857168047966, 'MRR': 0.7506510416666667}
{'roc_auc': 0.6074984714822256, 'MRR': 0.7932291666666667}
defaultdict(<class 'float'>, {'roc_auc': 0.49609857168047966, 'MRR': 0.7506510416666667})
defaultdict(<class 'float'>, {'roc_auc': 0.6074984714822256, 'MRR': 0.7932291666666667})
Completed: amazon_style_cct_features_securebert_fold_2

--------------------------------------
Running model: SimpleHGN
Dataset: amazon_style_cct_features_securebert_fold_3
--------------------------------------
Data path: ../../data/amazon_style_cct_features_securebert_fold_3
Loading nodes from ../../data/amazon_style_cct_features_securebert_fold_3/node.dat
edge types: dict_keys([5, 6, 7, 2, 8, 0, 3, 4, 1, 10, 9])
Getting training negative samples for edge types: [6]
nodes.shift keys: [0, 1, 2]
nodes.count keys: [0, 1, 2]
links.meta: {5: (2, 2), 6: (2, 1), 7: (1, 1), 2: (2, 2), 8: (2, 2), 0: (1, 1), 3: (1, 0), 4: (1, 1), 1: (2, 2), 10: (2, 2), 9: (2, 2)}
t_type about to use: 1
h_type: 2
shift dict: {0: 0, 1: 188, 2: 746}
count dict: Counter({2: 940, 1: 558, 0: 188})
Generated 879 negative samples for edge type 6
Features List: [array([[ 0.00445206,  0.01268557,  0.22351578, ..., -0.28678206,
        -0.37460288,  0.18294938],
       [-0.18744846,  0.07075578,  0.0476894 , ..., -0.2232531 ,
        -0.19588573,  0.47988179],
       [-0.17451471, -0.04557271,  0.15712288, ..., -0.05391889,
        -0.20500693,  0.23744845],
       ...,
       [-0.40584856,  0.04715464,  0.24475315, ..., -0.12466257,
        -0.2035536 ,  0.28577447],
       [-0.18835557,  0.03822717,  0.03586731, ..., -0.23435652,
        -0.35453227,  0.38753107],
       [-0.13632202,  0.14362322,  0.08668749, ..., -0.24145249,
        -0.25799868,  0.26464131]]), array([[ 0.00791158, -0.00538086, -0.02676104, ..., -0.01897389,
        -0.01306979, -0.00084801],
       [ 0.01682901, -0.00649696, -0.01921631, ..., -0.01401017,
        -0.0039668 , -0.02202195],
       [ 0.02197852, -0.01403735, -0.05225722, ...,  0.02019661,
         0.00528841,  0.0033033 ],
       ...,
       [ 0.01603197,  0.00716993, -0.01245602, ..., -0.01399604,
        -0.00058955, -0.0256807 ],
       [ 0.01039577,  0.02045547, -0.02146293, ...,  0.01017929,
         0.02390171,  0.00134994],
       [ 0.00462414,  0.0041195 , -0.0135733 , ..., -0.01101827,
         0.00813001,  0.0203817 ]]), array([[ 0.00087804,  0.00658507, -0.02514569, ..., -0.04238372,
         0.00850771, -0.02565438],
       [-0.0006986 ,  0.01542003, -0.03227317, ..., -0.01301633,
         0.01559736, -0.03614859],
       [-0.01135348,  0.00974955, -0.01812623, ..., -0.01920343,
         0.00887381, -0.0152928 ],
       ...,
       [ 0.00701895, -0.01539859, -0.03025482, ..., -0.03644368,
         0.01254067, -0.0236606 ],
       [-0.00414097,  0.00144739, -0.05197839, ...,  0.00216818,
         0.02755725, -0.03143983],
       [ 0.01779867, -0.02493452, -0.0391779 , ..., -0.01159797,
        -0.00619852, -0.02449675]])]
Getting training negative samples for edge types: [6]
nodes.shift keys: [0, 1, 2]
nodes.count keys: [0, 1, 2]
links.meta: {5: (2, 2), 6: (2, 1), 7: (1, 1), 2: (2, 2), 8: (2, 2), 0: (1, 1), 3: (1, 0), 4: (1, 1), 1: (2, 2), 10: (2, 2), 9: (2, 2)}
t_type about to use: 1
h_type: 2
shift dict: {0: 0, 1: 188, 2: 746}
count dict: Counter({2: 940, 1: 558, 0: 188})
Generated 879 negative samples for edge type 6
Epoch 00000, Step00000 | Train_Loss: 0.6919 | Time: 0.5122
Epoch 00000 | Val_Loss 0.6812 | Time(s) 0.0070
Validation loss decreased (inf --> 0.681235).  Saving model ...
Getting training negative samples for edge types: [6]
nodes.shift keys: [0, 1, 2]
nodes.count keys: [0, 1, 2]
links.meta: {5: (2, 2), 6: (2, 1), 7: (1, 1), 2: (2, 2), 8: (2, 2), 0: (1, 1), 3: (1, 0), 4: (1, 1), 1: (2, 2), 10: (2, 2), 9: (2, 2)}
t_type about to use: 1
h_type: 2
shift dict: {0: 0, 1: 188, 2: 746}
count dict: Counter({2: 940, 1: 558, 0: 188})
Generated 879 negative samples for edge type 6
Epoch 00001, Step00000 | Train_Loss: 0.6831 | Time: 0.0213
Epoch 00001 | Val_Loss 0.6713 | Time(s) 0.0078
Validation loss decreased (0.681235 --> 0.671251).  Saving model ...
Getting training negative samples for edge types: [6]
nodes.shift keys: [0, 1, 2]
nodes.count keys: [0, 1, 2]
links.meta: {5: (2, 2), 6: (2, 1), 7: (1, 1), 2: (2, 2), 8: (2, 2), 0: (1, 1), 3: (1, 0), 4: (1, 1), 1: (2, 2), 10: (2, 2), 9: (2, 2)}
t_type about to use: 1
h_type: 2
shift dict: {0: 0, 1: 188, 2: 746}
count dict: Counter({2: 940, 1: 558, 0: 188})
Generated 879 negative samples for edge type 6
Epoch 00002, Step00000 | Train_Loss: 0.6749 | Time: 0.0199
Epoch 00002 | Val_Loss 0.6682 | Time(s) 0.0067
Validation loss decreased (0.671251 --> 0.668167).  Saving model ...
Getting training negative samples for edge types: [6]
nodes.shift keys: [0, 1, 2]
nodes.count keys: [0, 1, 2]
links.meta: {5: (2, 2), 6: (2, 1), 7: (1, 1), 2: (2, 2), 8: (2, 2), 0: (1, 1), 3: (1, 0), 4: (1, 1), 1: (2, 2), 10: (2, 2), 9: (2, 2)}
t_type about to use: 1
h_type: 2
shift dict: {0: 0, 1: 188, 2: 746}
count dict: Counter({2: 940, 1: 558, 0: 188})
Generated 879 negative samples for edge type 6
Epoch 00003, Step00000 | Train_Loss: 0.6656 | Time: 0.0200
Epoch 00003 | Val_Loss 0.6608 | Time(s) 0.0064
Validation loss decreased (0.668167 --> 0.660808).  Saving model ...
Getting training negative samples for edge types: [6]
nodes.shift keys: [0, 1, 2]
nodes.count keys: [0, 1, 2]
links.meta: {5: (2, 2), 6: (2, 1), 7: (1, 1), 2: (2, 2), 8: (2, 2), 0: (1, 1), 3: (1, 0), 4: (1, 1), 1: (2, 2), 10: (2, 2), 9: (2, 2)}
t_type about to use: 1
h_type: 2
shift dict: {0: 0, 1: 188, 2: 746}
count dict: Counter({2: 940, 1: 558, 0: 188})
Generated 879 negative samples for edge type 6
Epoch 00004, Step00000 | Train_Loss: 0.6532 | Time: 0.0204
Epoch 00004 | Val_Loss 0.6522 | Time(s) 0.0079
Validation loss decreased (0.660808 --> 0.652180).  Saving model ...
Getting training negative samples for edge types: [6]
nodes.shift keys: [0, 1, 2]
nodes.count keys: [0, 1, 2]
links.meta: {5: (2, 2), 6: (2, 1), 7: (1, 1), 2: (2, 2), 8: (2, 2), 0: (1, 1), 3: (1, 0), 4: (1, 1), 1: (2, 2), 10: (2, 2), 9: (2, 2)}
t_type about to use: 1
h_type: 2
shift dict: {0: 0, 1: 188, 2: 746}
count dict: Counter({2: 940, 1: 558, 0: 188})
Generated 879 negative samples for edge type 6
Epoch 00005, Step00000 | Train_Loss: 0.6427 | Time: 0.0193
Epoch 00005 | Val_Loss 0.6665 | Time(s) 0.0068
EarlyStopping counter: 1 out of 40
Getting training negative samples for edge types: [6]
nodes.shift keys: [0, 1, 2]
nodes.count keys: [0, 1, 2]
links.meta: {5: (2, 2), 6: (2, 1), 7: (1, 1), 2: (2, 2), 8: (2, 2), 0: (1, 1), 3: (1, 0), 4: (1, 1), 1: (2, 2), 10: (2, 2), 9: (2, 2)}
t_type about to use: 1
h_type: 2
shift dict: {0: 0, 1: 188, 2: 746}
count dict: Counter({2: 940, 1: 558, 0: 188})
Generated 879 negative samples for edge type 6
Epoch 00006, Step00000 | Train_Loss: 0.6353 | Time: 0.0194
Epoch 00006 | Val_Loss 0.6441 | Time(s) 0.0082
Validation loss decreased (0.652180 --> 0.644058).  Saving model ...
Getting training negative samples for edge types: [6]
nodes.shift keys: [0, 1, 2]
nodes.count keys: [0, 1, 2]
links.meta: {5: (2, 2), 6: (2, 1), 7: (1, 1), 2: (2, 2), 8: (2, 2), 0: (1, 1), 3: (1, 0), 4: (1, 1), 1: (2, 2), 10: (2, 2), 9: (2, 2)}
t_type about to use: 1
h_type: 2
shift dict: {0: 0, 1: 188, 2: 746}
count dict: Counter({2: 940, 1: 558, 0: 188})
Generated 879 negative samples for edge type 6
Epoch 00007, Step00000 | Train_Loss: 0.6163 | Time: 0.0201
Epoch 00007 | Val_Loss 0.6539 | Time(s) 0.0082
EarlyStopping counter: 1 out of 40
Getting training negative samples for edge types: [6]
nodes.shift keys: [0, 1, 2]
nodes.count keys: [0, 1, 2]
links.meta: {5: (2, 2), 6: (2, 1), 7: (1, 1), 2: (2, 2), 8: (2, 2), 0: (1, 1), 3: (1, 0), 4: (1, 1), 1: (2, 2), 10: (2, 2), 9: (2, 2)}
t_type about to use: 1
h_type: 2
shift dict: {0: 0, 1: 188, 2: 746}
count dict: Counter({2: 940, 1: 558, 0: 188})
Generated 879 negative samples for edge type 6
Epoch 00008, Step00000 | Train_Loss: 0.6062 | Time: 0.0210
Epoch 00008 | Val_Loss 0.6527 | Time(s) 0.0081
EarlyStopping counter: 2 out of 40
Getting training negative samples for edge types: [6]
nodes.shift keys: [0, 1, 2]
nodes.count keys: [0, 1, 2]
links.meta: {5: (2, 2), 6: (2, 1), 7: (1, 1), 2: (2, 2), 8: (2, 2), 0: (1, 1), 3: (1, 0), 4: (1, 1), 1: (2, 2), 10: (2, 2), 9: (2, 2)}
t_type about to use: 1
h_type: 2
shift dict: {0: 0, 1: 188, 2: 746}
count dict: Counter({2: 940, 1: 558, 0: 188})
Generated 879 negative samples for edge type 6
Epoch 00009, Step00000 | Train_Loss: 0.5993 | Time: 0.0213
Epoch 00009 | Val_Loss 0.6252 | Time(s) 0.0085
Validation loss decreased (0.644058 --> 0.625241).  Saving model ...
Getting training negative samples for edge types: [6]
nodes.shift keys: [0, 1, 2]
nodes.count keys: [0, 1, 2]
links.meta: {5: (2, 2), 6: (2, 1), 7: (1, 1), 2: (2, 2), 8: (2, 2), 0: (1, 1), 3: (1, 0), 4: (1, 1), 1: (2, 2), 10: (2, 2), 9: (2, 2)}
t_type about to use: 1
h_type: 2
shift dict: {0: 0, 1: 188, 2: 746}
count dict: Counter({2: 940, 1: 558, 0: 188})
Generated 879 negative samples for edge type 6
Epoch 00010, Step00000 | Train_Loss: 0.5844 | Time: 0.0191
Epoch 00010 | Val_Loss 0.6456 | Time(s) 0.0064
EarlyStopping counter: 1 out of 40
Getting training negative samples for edge types: [6]
nodes.shift keys: [0, 1, 2]
nodes.count keys: [0, 1, 2]
links.meta: {5: (2, 2), 6: (2, 1), 7: (1, 1), 2: (2, 2), 8: (2, 2), 0: (1, 1), 3: (1, 0), 4: (1, 1), 1: (2, 2), 10: (2, 2), 9: (2, 2)}
t_type about to use: 1
h_type: 2
shift dict: {0: 0, 1: 188, 2: 746}
count dict: Counter({2: 940, 1: 558, 0: 188})
Generated 879 negative samples for edge type 6
Epoch 00011, Step00000 | Train_Loss: 0.5751 | Time: 0.0194
Epoch 00011 | Val_Loss 0.7885 | Time(s) 0.0082
EarlyStopping counter: 2 out of 40
Getting training negative samples for edge types: [6]
nodes.shift keys: [0, 1, 2]
nodes.count keys: [0, 1, 2]
links.meta: {5: (2, 2), 6: (2, 1), 7: (1, 1), 2: (2, 2), 8: (2, 2), 0: (1, 1), 3: (1, 0), 4: (1, 1), 1: (2, 2), 10: (2, 2), 9: (2, 2)}
t_type about to use: 1
h_type: 2
shift dict: {0: 0, 1: 188, 2: 746}
count dict: Counter({2: 940, 1: 558, 0: 188})
Generated 879 negative samples for edge type 6
Epoch 00012, Step00000 | Train_Loss: 0.5737 | Time: 0.0214
Epoch 00012 | Val_Loss 0.8024 | Time(s) 0.0082
EarlyStopping counter: 3 out of 40
Getting training negative samples for edge types: [6]
nodes.shift keys: [0, 1, 2]
nodes.count keys: [0, 1, 2]
links.meta: {5: (2, 2), 6: (2, 1), 7: (1, 1), 2: (2, 2), 8: (2, 2), 0: (1, 1), 3: (1, 0), 4: (1, 1), 1: (2, 2), 10: (2, 2), 9: (2, 2)}
t_type about to use: 1
h_type: 2
shift dict: {0: 0, 1: 188, 2: 746}
count dict: Counter({2: 940, 1: 558, 0: 188})
Generated 879 negative samples for edge type 6
Epoch 00013, Step00000 | Train_Loss: 0.5640 | Time: 0.0194
Epoch 00013 | Val_Loss 0.8898 | Time(s) 0.0083
EarlyStopping counter: 4 out of 40
Getting training negative samples for edge types: [6]
nodes.shift keys: [0, 1, 2]
nodes.count keys: [0, 1, 2]
links.meta: {5: (2, 2), 6: (2, 1), 7: (1, 1), 2: (2, 2), 8: (2, 2), 0: (1, 1), 3: (1, 0), 4: (1, 1), 1: (2, 2), 10: (2, 2), 9: (2, 2)}
t_type about to use: 1
h_type: 2
shift dict: {0: 0, 1: 188, 2: 746}
count dict: Counter({2: 940, 1: 558, 0: 188})
Generated 879 negative samples for edge type 6
Epoch 00014, Step00000 | Train_Loss: 0.5615 | Time: 0.0214
Epoch 00014 | Val_Loss 0.8402 | Time(s) 0.0082
EarlyStopping counter: 5 out of 40
Getting training negative samples for edge types: [6]
nodes.shift keys: [0, 1, 2]
nodes.count keys: [0, 1, 2]
links.meta: {5: (2, 2), 6: (2, 1), 7: (1, 1), 2: (2, 2), 8: (2, 2), 0: (1, 1), 3: (1, 0), 4: (1, 1), 1: (2, 2), 10: (2, 2), 9: (2, 2)}
t_type about to use: 1
h_type: 2
shift dict: {0: 0, 1: 188, 2: 746}
count dict: Counter({2: 940, 1: 558, 0: 188})
Generated 879 negative samples for edge type 6
Epoch 00015, Step00000 | Train_Loss: 0.5493 | Time: 0.0211
Epoch 00015 | Val_Loss 0.8702 | Time(s) 0.0082
EarlyStopping counter: 6 out of 40
Getting training negative samples for edge types: [6]
nodes.shift keys: [0, 1, 2]
nodes.count keys: [0, 1, 2]
links.meta: {5: (2, 2), 6: (2, 1), 7: (1, 1), 2: (2, 2), 8: (2, 2), 0: (1, 1), 3: (1, 0), 4: (1, 1), 1: (2, 2), 10: (2, 2), 9: (2, 2)}
t_type about to use: 1
h_type: 2
shift dict: {0: 0, 1: 188, 2: 746}
count dict: Counter({2: 940, 1: 558, 0: 188})
Generated 879 negative samples for edge type 6
Epoch 00016, Step00000 | Train_Loss: 0.5488 | Time: 0.0196
Epoch 00016 | Val_Loss 0.9442 | Time(s) 0.0083
EarlyStopping counter: 7 out of 40
Getting training negative samples for edge types: [6]
nodes.shift keys: [0, 1, 2]
nodes.count keys: [0, 1, 2]
links.meta: {5: (2, 2), 6: (2, 1), 7: (1, 1), 2: (2, 2), 8: (2, 2), 0: (1, 1), 3: (1, 0), 4: (1, 1), 1: (2, 2), 10: (2, 2), 9: (2, 2)}
t_type about to use: 1
h_type: 2
shift dict: {0: 0, 1: 188, 2: 746}
count dict: Counter({2: 940, 1: 558, 0: 188})
Generated 879 negative samples for edge type 6
Epoch 00017, Step00000 | Train_Loss: 0.5606 | Time: 0.0213
Epoch 00017 | Val_Loss 0.8625 | Time(s) 0.0082
EarlyStopping counter: 8 out of 40
Getting training negative samples for edge types: [6]
nodes.shift keys: [0, 1, 2]
nodes.count keys: [0, 1, 2]
links.meta: {5: (2, 2), 6: (2, 1), 7: (1, 1), 2: (2, 2), 8: (2, 2), 0: (1, 1), 3: (1, 0), 4: (1, 1), 1: (2, 2), 10: (2, 2), 9: (2, 2)}
t_type about to use: 1
h_type: 2
shift dict: {0: 0, 1: 188, 2: 746}
count dict: Counter({2: 940, 1: 558, 0: 188})
Generated 879 negative samples for edge type 6
Epoch 00018, Step00000 | Train_Loss: 0.5555 | Time: 0.0209
Epoch 00018 | Val_Loss 0.8682 | Time(s) 0.0081
EarlyStopping counter: 9 out of 40
Getting training negative samples for edge types: [6]
nodes.shift keys: [0, 1, 2]
nodes.count keys: [0, 1, 2]
links.meta: {5: (2, 2), 6: (2, 1), 7: (1, 1), 2: (2, 2), 8: (2, 2), 0: (1, 1), 3: (1, 0), 4: (1, 1), 1: (2, 2), 10: (2, 2), 9: (2, 2)}
t_type about to use: 1
h_type: 2
shift dict: {0: 0, 1: 188, 2: 746}
count dict: Counter({2: 940, 1: 558, 0: 188})
Generated 879 negative samples for edge type 6
Epoch 00019, Step00000 | Train_Loss: 0.5406 | Time: 0.0207
Epoch 00019 | Val_Loss 0.9629 | Time(s) 0.0082
EarlyStopping counter: 10 out of 40
Getting training negative samples for edge types: [6]
nodes.shift keys: [0, 1, 2]
nodes.count keys: [0, 1, 2]
links.meta: {5: (2, 2), 6: (2, 1), 7: (1, 1), 2: (2, 2), 8: (2, 2), 0: (1, 1), 3: (1, 0), 4: (1, 1), 1: (2, 2), 10: (2, 2), 9: (2, 2)}
t_type about to use: 1
h_type: 2
shift dict: {0: 0, 1: 188, 2: 746}
count dict: Counter({2: 940, 1: 558, 0: 188})
Generated 879 negative samples for edge type 6
Epoch 00020, Step00000 | Train_Loss: 0.5588 | Time: 0.0211
Epoch 00020 | Val_Loss 0.9557 | Time(s) 0.0081
EarlyStopping counter: 11 out of 40
Getting training negative samples for edge types: [6]
nodes.shift keys: [0, 1, 2]
nodes.count keys: [0, 1, 2]
links.meta: {5: (2, 2), 6: (2, 1), 7: (1, 1), 2: (2, 2), 8: (2, 2), 0: (1, 1), 3: (1, 0), 4: (1, 1), 1: (2, 2), 10: (2, 2), 9: (2, 2)}
t_type about to use: 1
h_type: 2
shift dict: {0: 0, 1: 188, 2: 746}
count dict: Counter({2: 940, 1: 558, 0: 188})
Generated 879 negative samples for edge type 6
Epoch 00021, Step00000 | Train_Loss: 0.5473 | Time: 0.0209
Epoch 00021 | Val_Loss 0.9910 | Time(s) 0.0080
EarlyStopping counter: 12 out of 40
Getting training negative samples for edge types: [6]
nodes.shift keys: [0, 1, 2]
nodes.count keys: [0, 1, 2]
links.meta: {5: (2, 2), 6: (2, 1), 7: (1, 1), 2: (2, 2), 8: (2, 2), 0: (1, 1), 3: (1, 0), 4: (1, 1), 1: (2, 2), 10: (2, 2), 9: (2, 2)}
t_type about to use: 1
h_type: 2
shift dict: {0: 0, 1: 188, 2: 746}
count dict: Counter({2: 940, 1: 558, 0: 188})
Generated 879 negative samples for edge type 6
Epoch 00022, Step00000 | Train_Loss: 0.5307 | Time: 0.0208
Epoch 00022 | Val_Loss 0.9281 | Time(s) 0.0080
EarlyStopping counter: 13 out of 40
Getting training negative samples for edge types: [6]
nodes.shift keys: [0, 1, 2]
nodes.count keys: [0, 1, 2]
links.meta: {5: (2, 2), 6: (2, 1), 7: (1, 1), 2: (2, 2), 8: (2, 2), 0: (1, 1), 3: (1, 0), 4: (1, 1), 1: (2, 2), 10: (2, 2), 9: (2, 2)}
t_type about to use: 1
h_type: 2
shift dict: {0: 0, 1: 188, 2: 746}
count dict: Counter({2: 940, 1: 558, 0: 188})
Generated 879 negative samples for edge type 6
Epoch 00023, Step00000 | Train_Loss: 0.5460 | Time: 0.0209
Epoch 00023 | Val_Loss 0.9625 | Time(s) 0.0081
EarlyStopping counter: 14 out of 40
Getting training negative samples for edge types: [6]
nodes.shift keys: [0, 1, 2]
nodes.count keys: [0, 1, 2]
links.meta: {5: (2, 2), 6: (2, 1), 7: (1, 1), 2: (2, 2), 8: (2, 2), 0: (1, 1), 3: (1, 0), 4: (1, 1), 1: (2, 2), 10: (2, 2), 9: (2, 2)}
t_type about to use: 1
h_type: 2
shift dict: {0: 0, 1: 188, 2: 746}
count dict: Counter({2: 940, 1: 558, 0: 188})
Generated 879 negative samples for edge type 6
Epoch 00024, Step00000 | Train_Loss: 0.5443 | Time: 0.0211
Epoch 00024 | Val_Loss 0.9600 | Time(s) 0.0083
EarlyStopping counter: 15 out of 40
Getting training negative samples for edge types: [6]
nodes.shift keys: [0, 1, 2]
nodes.count keys: [0, 1, 2]
links.meta: {5: (2, 2), 6: (2, 1), 7: (1, 1), 2: (2, 2), 8: (2, 2), 0: (1, 1), 3: (1, 0), 4: (1, 1), 1: (2, 2), 10: (2, 2), 9: (2, 2)}
t_type about to use: 1
h_type: 2
shift dict: {0: 0, 1: 188, 2: 746}
count dict: Counter({2: 940, 1: 558, 0: 188})
Generated 879 negative samples for edge type 6
Epoch 00025, Step00000 | Train_Loss: 0.5366 | Time: 0.0203
Epoch 00025 | Val_Loss 1.0690 | Time(s) 0.0084
EarlyStopping counter: 16 out of 40
Getting training negative samples for edge types: [6]
nodes.shift keys: [0, 1, 2]
nodes.count keys: [0, 1, 2]
links.meta: {5: (2, 2), 6: (2, 1), 7: (1, 1), 2: (2, 2), 8: (2, 2), 0: (1, 1), 3: (1, 0), 4: (1, 1), 1: (2, 2), 10: (2, 2), 9: (2, 2)}
t_type about to use: 1
h_type: 2
shift dict: {0: 0, 1: 188, 2: 746}
count dict: Counter({2: 940, 1: 558, 0: 188})
Generated 879 negative samples for edge type 6
Epoch 00026, Step00000 | Train_Loss: 0.5388 | Time: 0.0213
Epoch 00026 | Val_Loss 0.9722 | Time(s) 0.0088
EarlyStopping counter: 17 out of 40
Getting training negative samples for edge types: [6]
nodes.shift keys: [0, 1, 2]
nodes.count keys: [0, 1, 2]
links.meta: {5: (2, 2), 6: (2, 1), 7: (1, 1), 2: (2, 2), 8: (2, 2), 0: (1, 1), 3: (1, 0), 4: (1, 1), 1: (2, 2), 10: (2, 2), 9: (2, 2)}
t_type about to use: 1
h_type: 2
shift dict: {0: 0, 1: 188, 2: 746}
count dict: Counter({2: 940, 1: 558, 0: 188})
Generated 879 negative samples for edge type 6
Epoch 00027, Step00000 | Train_Loss: 0.5287 | Time: 0.0191
Epoch 00027 | Val_Loss 0.9460 | Time(s) 0.0081
EarlyStopping counter: 18 out of 40
Getting training negative samples for edge types: [6]
nodes.shift keys: [0, 1, 2]
nodes.count keys: [0, 1, 2]
links.meta: {5: (2, 2), 6: (2, 1), 7: (1, 1), 2: (2, 2), 8: (2, 2), 0: (1, 1), 3: (1, 0), 4: (1, 1), 1: (2, 2), 10: (2, 2), 9: (2, 2)}
t_type about to use: 1
h_type: 2
shift dict: {0: 0, 1: 188, 2: 746}
count dict: Counter({2: 940, 1: 558, 0: 188})
Generated 879 negative samples for edge type 6
Epoch 00028, Step00000 | Train_Loss: 0.5176 | Time: 0.0209
Epoch 00028 | Val_Loss 0.9597 | Time(s) 0.0081
EarlyStopping counter: 19 out of 40
Getting training negative samples for edge types: [6]
nodes.shift keys: [0, 1, 2]
nodes.count keys: [0, 1, 2]
links.meta: {5: (2, 2), 6: (2, 1), 7: (1, 1), 2: (2, 2), 8: (2, 2), 0: (1, 1), 3: (1, 0), 4: (1, 1), 1: (2, 2), 10: (2, 2), 9: (2, 2)}
t_type about to use: 1
h_type: 2
shift dict: {0: 0, 1: 188, 2: 746}
count dict: Counter({2: 940, 1: 558, 0: 188})
Generated 879 negative samples for edge type 6
Epoch 00029, Step00000 | Train_Loss: 0.5211 | Time: 0.0209
Epoch 00029 | Val_Loss 0.9416 | Time(s) 0.0081
EarlyStopping counter: 20 out of 40
Getting training negative samples for edge types: [6]
nodes.shift keys: [0, 1, 2]
nodes.count keys: [0, 1, 2]
links.meta: {5: (2, 2), 6: (2, 1), 7: (1, 1), 2: (2, 2), 8: (2, 2), 0: (1, 1), 3: (1, 0), 4: (1, 1), 1: (2, 2), 10: (2, 2), 9: (2, 2)}
t_type about to use: 1
h_type: 2
shift dict: {0: 0, 1: 188, 2: 746}
count dict: Counter({2: 940, 1: 558, 0: 188})
Generated 879 negative samples for edge type 6
Epoch 00030, Step00000 | Train_Loss: 0.5382 | Time: 0.0208
Epoch 00030 | Val_Loss 0.9299 | Time(s) 0.0080
EarlyStopping counter: 21 out of 40
Getting training negative samples for edge types: [6]
nodes.shift keys: [0, 1, 2]
nodes.count keys: [0, 1, 2]
links.meta: {5: (2, 2), 6: (2, 1), 7: (1, 1), 2: (2, 2), 8: (2, 2), 0: (1, 1), 3: (1, 0), 4: (1, 1), 1: (2, 2), 10: (2, 2), 9: (2, 2)}
t_type about to use: 1
h_type: 2
shift dict: {0: 0, 1: 188, 2: 746}
count dict: Counter({2: 940, 1: 558, 0: 188})
Generated 879 negative samples for edge type 6
Epoch 00031, Step00000 | Train_Loss: 0.5234 | Time: 0.0210
Epoch 00031 | Val_Loss 0.9547 | Time(s) 0.0082
EarlyStopping counter: 22 out of 40
Getting training negative samples for edge types: [6]
nodes.shift keys: [0, 1, 2]
nodes.count keys: [0, 1, 2]
links.meta: {5: (2, 2), 6: (2, 1), 7: (1, 1), 2: (2, 2), 8: (2, 2), 0: (1, 1), 3: (1, 0), 4: (1, 1), 1: (2, 2), 10: (2, 2), 9: (2, 2)}
t_type about to use: 1
h_type: 2
shift dict: {0: 0, 1: 188, 2: 746}
count dict: Counter({2: 940, 1: 558, 0: 188})
Generated 879 negative samples for edge type 6
Epoch 00032, Step00000 | Train_Loss: 0.5115 | Time: 0.0196
Epoch 00032 | Val_Loss 0.8923 | Time(s) 0.0082
EarlyStopping counter: 23 out of 40
Getting training negative samples for edge types: [6]
nodes.shift keys: [0, 1, 2]
nodes.count keys: [0, 1, 2]
links.meta: {5: (2, 2), 6: (2, 1), 7: (1, 1), 2: (2, 2), 8: (2, 2), 0: (1, 1), 3: (1, 0), 4: (1, 1), 1: (2, 2), 10: (2, 2), 9: (2, 2)}
t_type about to use: 1
h_type: 2
shift dict: {0: 0, 1: 188, 2: 746}
count dict: Counter({2: 940, 1: 558, 0: 188})
Generated 879 negative samples for edge type 6
Epoch 00033, Step00000 | Train_Loss: 0.5314 | Time: 0.0214
Epoch 00033 | Val_Loss 0.8812 | Time(s) 0.0082
EarlyStopping counter: 24 out of 40
Getting training negative samples for edge types: [6]
nodes.shift keys: [0, 1, 2]
nodes.count keys: [0, 1, 2]
links.meta: {5: (2, 2), 6: (2, 1), 7: (1, 1), 2: (2, 2), 8: (2, 2), 0: (1, 1), 3: (1, 0), 4: (1, 1), 1: (2, 2), 10: (2, 2), 9: (2, 2)}
t_type about to use: 1
h_type: 2
shift dict: {0: 0, 1: 188, 2: 746}
count dict: Counter({2: 940, 1: 558, 0: 188})
Generated 879 negative samples for edge type 6
Epoch 00034, Step00000 | Train_Loss: 0.5275 | Time: 0.0191
Epoch 00034 | Val_Loss 0.8379 | Time(s) 0.0082
EarlyStopping counter: 25 out of 40
Getting training negative samples for edge types: [6]
nodes.shift keys: [0, 1, 2]
nodes.count keys: [0, 1, 2]
links.meta: {5: (2, 2), 6: (2, 1), 7: (1, 1), 2: (2, 2), 8: (2, 2), 0: (1, 1), 3: (1, 0), 4: (1, 1), 1: (2, 2), 10: (2, 2), 9: (2, 2)}
t_type about to use: 1
h_type: 2
shift dict: {0: 0, 1: 188, 2: 746}
count dict: Counter({2: 940, 1: 558, 0: 188})
Generated 879 negative samples for edge type 6
Epoch 00035, Step00000 | Train_Loss: 0.5259 | Time: 0.0216
Epoch 00035 | Val_Loss 0.8494 | Time(s) 0.0082
EarlyStopping counter: 26 out of 40
Getting training negative samples for edge types: [6]
nodes.shift keys: [0, 1, 2]
nodes.count keys: [0, 1, 2]
links.meta: {5: (2, 2), 6: (2, 1), 7: (1, 1), 2: (2, 2), 8: (2, 2), 0: (1, 1), 3: (1, 0), 4: (1, 1), 1: (2, 2), 10: (2, 2), 9: (2, 2)}
t_type about to use: 1
h_type: 2
shift dict: {0: 0, 1: 188, 2: 746}
count dict: Counter({2: 940, 1: 558, 0: 188})
Generated 879 negative samples for edge type 6
Epoch 00036, Step00000 | Train_Loss: 0.5239 | Time: 0.0211
Epoch 00036 | Val_Loss 0.7997 | Time(s) 0.0081
EarlyStopping counter: 27 out of 40
Getting training negative samples for edge types: [6]
nodes.shift keys: [0, 1, 2]
nodes.count keys: [0, 1, 2]
links.meta: {5: (2, 2), 6: (2, 1), 7: (1, 1), 2: (2, 2), 8: (2, 2), 0: (1, 1), 3: (1, 0), 4: (1, 1), 1: (2, 2), 10: (2, 2), 9: (2, 2)}
t_type about to use: 1
h_type: 2
shift dict: {0: 0, 1: 188, 2: 746}
count dict: Counter({2: 940, 1: 558, 0: 188})
Generated 879 negative samples for edge type 6
Epoch 00037, Step00000 | Train_Loss: 0.5076 | Time: 0.0208
Epoch 00037 | Val_Loss 0.8612 | Time(s) 0.0080
EarlyStopping counter: 28 out of 40
Getting training negative samples for edge types: [6]
nodes.shift keys: [0, 1, 2]
nodes.count keys: [0, 1, 2]
links.meta: {5: (2, 2), 6: (2, 1), 7: (1, 1), 2: (2, 2), 8: (2, 2), 0: (1, 1), 3: (1, 0), 4: (1, 1), 1: (2, 2), 10: (2, 2), 9: (2, 2)}
t_type about to use: 1
h_type: 2
shift dict: {0: 0, 1: 188, 2: 746}
count dict: Counter({2: 940, 1: 558, 0: 188})
Generated 879 negative samples for edge type 6
Epoch 00038, Step00000 | Train_Loss: 0.5155 | Time: 0.0208
Epoch 00038 | Val_Loss 0.8499 | Time(s) 0.0080
EarlyStopping counter: 29 out of 40
Getting training negative samples for edge types: [6]
nodes.shift keys: [0, 1, 2]
nodes.count keys: [0, 1, 2]
links.meta: {5: (2, 2), 6: (2, 1), 7: (1, 1), 2: (2, 2), 8: (2, 2), 0: (1, 1), 3: (1, 0), 4: (1, 1), 1: (2, 2), 10: (2, 2), 9: (2, 2)}
t_type about to use: 1
h_type: 2
shift dict: {0: 0, 1: 188, 2: 746}
count dict: Counter({2: 940, 1: 558, 0: 188})
Generated 879 negative samples for edge type 6
Epoch 00039, Step00000 | Train_Loss: 0.5082 | Time: 0.0212
Epoch 00039 | Val_Loss 0.9632 | Time(s) 0.0082
EarlyStopping counter: 30 out of 40
Getting training negative samples for edge types: [6]
nodes.shift keys: [0, 1, 2]
nodes.count keys: [0, 1, 2]
links.meta: {5: (2, 2), 6: (2, 1), 7: (1, 1), 2: (2, 2), 8: (2, 2), 0: (1, 1), 3: (1, 0), 4: (1, 1), 1: (2, 2), 10: (2, 2), 9: (2, 2)}
t_type about to use: 1
h_type: 2
shift dict: {0: 0, 1: 188, 2: 746}
count dict: Counter({2: 940, 1: 558, 0: 188})
Generated 879 negative samples for edge type 6
Epoch 00040, Step00000 | Train_Loss: 0.5125 | Time: 0.0194
Epoch 00040 | Val_Loss 0.8988 | Time(s) 0.0082
EarlyStopping counter: 31 out of 40
Getting training negative samples for edge types: [6]
nodes.shift keys: [0, 1, 2]
nodes.count keys: [0, 1, 2]
links.meta: {5: (2, 2), 6: (2, 1), 7: (1, 1), 2: (2, 2), 8: (2, 2), 0: (1, 1), 3: (1, 0), 4: (1, 1), 1: (2, 2), 10: (2, 2), 9: (2, 2)}
t_type about to use: 1
h_type: 2
shift dict: {0: 0, 1: 188, 2: 746}
count dict: Counter({2: 940, 1: 558, 0: 188})
Generated 879 negative samples for edge type 6
Epoch 00041, Step00000 | Train_Loss: 0.4985 | Time: 0.0216
Epoch 00041 | Val_Loss 0.9710 | Time(s) 0.0084
EarlyStopping counter: 32 out of 40
Getting training negative samples for edge types: [6]
nodes.shift keys: [0, 1, 2]
nodes.count keys: [0, 1, 2]
links.meta: {5: (2, 2), 6: (2, 1), 7: (1, 1), 2: (2, 2), 8: (2, 2), 0: (1, 1), 3: (1, 0), 4: (1, 1), 1: (2, 2), 10: (2, 2), 9: (2, 2)}
t_type about to use: 1
h_type: 2
shift dict: {0: 0, 1: 188, 2: 746}
count dict: Counter({2: 940, 1: 558, 0: 188})
Generated 879 negative samples for edge type 6
Epoch 00042, Step00000 | Train_Loss: 0.5190 | Time: 0.0199
Epoch 00042 | Val_Loss 1.1015 | Time(s) 0.0083
EarlyStopping counter: 33 out of 40
Getting training negative samples for edge types: [6]
nodes.shift keys: [0, 1, 2]
nodes.count keys: [0, 1, 2]
links.meta: {5: (2, 2), 6: (2, 1), 7: (1, 1), 2: (2, 2), 8: (2, 2), 0: (1, 1), 3: (1, 0), 4: (1, 1), 1: (2, 2), 10: (2, 2), 9: (2, 2)}
t_type about to use: 1
h_type: 2
shift dict: {0: 0, 1: 188, 2: 746}
count dict: Counter({2: 940, 1: 558, 0: 188})
Generated 879 negative samples for edge type 6
Epoch 00043, Step00000 | Train_Loss: 0.4910 | Time: 0.0211
Epoch 00043 | Val_Loss 0.8765 | Time(s) 0.0081
EarlyStopping counter: 34 out of 40
Getting training negative samples for edge types: [6]
nodes.shift keys: [0, 1, 2]
nodes.count keys: [0, 1, 2]
links.meta: {5: (2, 2), 6: (2, 1), 7: (1, 1), 2: (2, 2), 8: (2, 2), 0: (1, 1), 3: (1, 0), 4: (1, 1), 1: (2, 2), 10: (2, 2), 9: (2, 2)}
t_type about to use: 1
h_type: 2
shift dict: {0: 0, 1: 188, 2: 746}
count dict: Counter({2: 940, 1: 558, 0: 188})
Generated 879 negative samples for edge type 6
Epoch 00044, Step00000 | Train_Loss: 0.5064 | Time: 0.0210
Epoch 00044 | Val_Loss 0.8607 | Time(s) 0.0081
EarlyStopping counter: 35 out of 40
Getting training negative samples for edge types: [6]
nodes.shift keys: [0, 1, 2]
nodes.count keys: [0, 1, 2]
links.meta: {5: (2, 2), 6: (2, 1), 7: (1, 1), 2: (2, 2), 8: (2, 2), 0: (1, 1), 3: (1, 0), 4: (1, 1), 1: (2, 2), 10: (2, 2), 9: (2, 2)}
t_type about to use: 1
h_type: 2
shift dict: {0: 0, 1: 188, 2: 746}
count dict: Counter({2: 940, 1: 558, 0: 188})
Generated 879 negative samples for edge type 6
Epoch 00045, Step00000 | Train_Loss: 0.4824 | Time: 0.0201
Epoch 00045 | Val_Loss 0.8846 | Time(s) 0.0082
EarlyStopping counter: 36 out of 40
Getting training negative samples for edge types: [6]
nodes.shift keys: [0, 1, 2]
nodes.count keys: [0, 1, 2]
links.meta: {5: (2, 2), 6: (2, 1), 7: (1, 1), 2: (2, 2), 8: (2, 2), 0: (1, 1), 3: (1, 0), 4: (1, 1), 1: (2, 2), 10: (2, 2), 9: (2, 2)}
t_type about to use: 1
h_type: 2
shift dict: {0: 0, 1: 188, 2: 746}
count dict: Counter({2: 940, 1: 558, 0: 188})
Generated 879 negative samples for edge type 6
Epoch 00046, Step00000 | Train_Loss: 0.4883 | Time: 0.0211
Epoch 00046 | Val_Loss 0.8698 | Time(s) 0.0081
EarlyStopping counter: 37 out of 40
Getting training negative samples for edge types: [6]
nodes.shift keys: [0, 1, 2]
nodes.count keys: [0, 1, 2]
links.meta: {5: (2, 2), 6: (2, 1), 7: (1, 1), 2: (2, 2), 8: (2, 2), 0: (1, 1), 3: (1, 0), 4: (1, 1), 1: (2, 2), 10: (2, 2), 9: (2, 2)}
t_type about to use: 1
h_type: 2
shift dict: {0: 0, 1: 188, 2: 746}
count dict: Counter({2: 940, 1: 558, 0: 188})
Generated 879 negative samples for edge type 6
Epoch 00047, Step00000 | Train_Loss: 0.4830 | Time: 0.0213
Epoch 00047 | Val_Loss 0.8332 | Time(s) 0.0081
EarlyStopping counter: 38 out of 40
Getting training negative samples for edge types: [6]
nodes.shift keys: [0, 1, 2]
nodes.count keys: [0, 1, 2]
links.meta: {5: (2, 2), 6: (2, 1), 7: (1, 1), 2: (2, 2), 8: (2, 2), 0: (1, 1), 3: (1, 0), 4: (1, 1), 1: (2, 2), 10: (2, 2), 9: (2, 2)}
t_type about to use: 1
h_type: 2
shift dict: {0: 0, 1: 188, 2: 746}
count dict: Counter({2: 940, 1: 558, 0: 188})
Generated 879 negative samples for edge type 6
Epoch 00048, Step00000 | Train_Loss: 0.4904 | Time: 0.0197
Epoch 00048 | Val_Loss 0.9552 | Time(s) 0.0088
EarlyStopping counter: 39 out of 40
Getting training negative samples for edge types: [6]
nodes.shift keys: [0, 1, 2]
nodes.count keys: [0, 1, 2]
links.meta: {5: (2, 2), 6: (2, 1), 7: (1, 1), 2: (2, 2), 8: (2, 2), 0: (1, 1), 3: (1, 0), 4: (1, 1), 1: (2, 2), 10: (2, 2), 9: (2, 2)}
t_type about to use: 1
h_type: 2
shift dict: {0: 0, 1: 188, 2: 746}
count dict: Counter({2: 940, 1: 558, 0: 188})
Generated 879 negative samples for edge type 6
Epoch 00049, Step00000 | Train_Loss: 0.5032 | Time: 0.0211
Epoch 00049 | Val_Loss 0.8138 | Time(s) 0.0080
EarlyStopping counter: 40 out of 40
Early stopping!
Early stopping!
Meta keys: dict_keys([6])
Data keys: dict_keys([6])
Edge type: 6, Meta: (2, 1)
{'roc_auc': 0.5332294155352252, 'MRR': 0.7593333333333333}
{'roc_auc': 0.6610483072082047, 'MRR': 0.8202222222222222}
defaultdict(<class 'float'>, {'roc_auc': 0.5332294155352252, 'MRR': 0.7593333333333333})
defaultdict(<class 'float'>, {'roc_auc': 0.6610483072082047, 'MRR': 0.8202222222222222})
Completed: amazon_style_cct_features_securebert_fold_3

--------------------------------------
Running model: SimpleHGN
Dataset: amazon_style_cct_features_securebert_fold_4
--------------------------------------
Data path: ../../data/amazon_style_cct_features_securebert_fold_4
Loading nodes from ../../data/amazon_style_cct_features_securebert_fold_4/node.dat
edge types: dict_keys([5, 6, 7, 2, 8, 0, 3, 4, 1, 10, 9])
Getting training negative samples for edge types: [6]
nodes.shift keys: [0, 1, 2]
nodes.count keys: [0, 1, 2]
links.meta: {5: (2, 2), 6: (2, 1), 7: (1, 1), 2: (2, 2), 8: (2, 2), 0: (1, 1), 3: (1, 0), 4: (1, 1), 1: (2, 2), 10: (2, 2), 9: (2, 2)}
t_type about to use: 1
h_type: 2
shift dict: {0: 0, 1: 188, 2: 746}
count dict: Counter({2: 940, 1: 558, 0: 188})
Generated 899 negative samples for edge type 6
Features List: [array([[ 0.00445206,  0.01268557,  0.22351578, ..., -0.28678206,
        -0.37460288,  0.18294938],
       [-0.18744846,  0.07075578,  0.0476894 , ..., -0.2232531 ,
        -0.19588573,  0.47988179],
       [-0.17451471, -0.04557271,  0.15712288, ..., -0.05391889,
        -0.20500693,  0.23744845],
       ...,
       [-0.40584856,  0.04715464,  0.24475315, ..., -0.12466257,
        -0.2035536 ,  0.28577447],
       [-0.18835557,  0.03822717,  0.03586731, ..., -0.23435652,
        -0.35453227,  0.38753107],
       [-0.13632202,  0.14362322,  0.08668749, ..., -0.24145249,
        -0.25799868,  0.26464131]]), array([[ 0.00791158, -0.00538086, -0.02676104, ..., -0.01897389,
        -0.01306979, -0.00084801],
       [ 0.01682901, -0.00649696, -0.01921631, ..., -0.01401017,
        -0.0039668 , -0.02202195],
       [ 0.02197852, -0.01403735, -0.05225722, ...,  0.02019661,
         0.00528841,  0.0033033 ],
       ...,
       [ 0.01603197,  0.00716993, -0.01245602, ..., -0.01399604,
        -0.00058955, -0.0256807 ],
       [ 0.01039577,  0.02045547, -0.02146293, ...,  0.01017929,
         0.02390171,  0.00134994],
       [ 0.00462414,  0.0041195 , -0.0135733 , ..., -0.01101827,
         0.00813001,  0.0203817 ]]), array([[ 0.00087804,  0.00658507, -0.02514569, ..., -0.04238372,
         0.00850771, -0.02565438],
       [-0.0006986 ,  0.01542003, -0.03227317, ..., -0.01301633,
         0.01559736, -0.03614859],
       [-0.01135348,  0.00974955, -0.01812623, ..., -0.01920343,
         0.00887381, -0.0152928 ],
       ...,
       [ 0.00701895, -0.01539859, -0.03025482, ..., -0.03644368,
         0.01254067, -0.0236606 ],
       [-0.00414097,  0.00144739, -0.05197839, ...,  0.00216818,
         0.02755725, -0.03143983],
       [ 0.01779867, -0.02493452, -0.0391779 , ..., -0.01159797,
        -0.00619852, -0.02449675]])]
Getting training negative samples for edge types: [6]
nodes.shift keys: [0, 1, 2]
nodes.count keys: [0, 1, 2]
links.meta: {5: (2, 2), 6: (2, 1), 7: (1, 1), 2: (2, 2), 8: (2, 2), 0: (1, 1), 3: (1, 0), 4: (1, 1), 1: (2, 2), 10: (2, 2), 9: (2, 2)}
t_type about to use: 1
h_type: 2
shift dict: {0: 0, 1: 188, 2: 746}
count dict: Counter({2: 940, 1: 558, 0: 188})
Generated 899 negative samples for edge type 6
Epoch 00000, Step00000 | Train_Loss: 0.6931 | Time: 0.5260
Epoch 00000 | Val_Loss 0.6836 | Time(s) 0.0075
Validation loss decreased (inf --> 0.683564).  Saving model ...
Getting training negative samples for edge types: [6]
nodes.shift keys: [0, 1, 2]
nodes.count keys: [0, 1, 2]
links.meta: {5: (2, 2), 6: (2, 1), 7: (1, 1), 2: (2, 2), 8: (2, 2), 0: (1, 1), 3: (1, 0), 4: (1, 1), 1: (2, 2), 10: (2, 2), 9: (2, 2)}
t_type about to use: 1
h_type: 2
shift dict: {0: 0, 1: 188, 2: 746}
count dict: Counter({2: 940, 1: 558, 0: 188})
Generated 899 negative samples for edge type 6
Epoch 00001, Step00000 | Train_Loss: 0.6829 | Time: 0.0196
Epoch 00001 | Val_Loss 0.6760 | Time(s) 0.0075
Validation loss decreased (0.683564 --> 0.676023).  Saving model ...
Getting training negative samples for edge types: [6]
nodes.shift keys: [0, 1, 2]
nodes.count keys: [0, 1, 2]
links.meta: {5: (2, 2), 6: (2, 1), 7: (1, 1), 2: (2, 2), 8: (2, 2), 0: (1, 1), 3: (1, 0), 4: (1, 1), 1: (2, 2), 10: (2, 2), 9: (2, 2)}
t_type about to use: 1
h_type: 2
shift dict: {0: 0, 1: 188, 2: 746}
count dict: Counter({2: 940, 1: 558, 0: 188})
Generated 899 negative samples for edge type 6
Epoch 00002, Step00000 | Train_Loss: 0.6730 | Time: 0.0290
Epoch 00002 | Val_Loss 0.6738 | Time(s) 0.0081
Validation loss decreased (0.676023 --> 0.673760).  Saving model ...
Getting training negative samples for edge types: [6]
nodes.shift keys: [0, 1, 2]
nodes.count keys: [0, 1, 2]
links.meta: {5: (2, 2), 6: (2, 1), 7: (1, 1), 2: (2, 2), 8: (2, 2), 0: (1, 1), 3: (1, 0), 4: (1, 1), 1: (2, 2), 10: (2, 2), 9: (2, 2)}
t_type about to use: 1
h_type: 2
shift dict: {0: 0, 1: 188, 2: 746}
count dict: Counter({2: 940, 1: 558, 0: 188})
Generated 899 negative samples for edge type 6
Epoch 00003, Step00000 | Train_Loss: 0.6617 | Time: 0.0316
Epoch 00003 | Val_Loss 0.6693 | Time(s) 0.0080
Validation loss decreased (0.673760 --> 0.669345).  Saving model ...
Getting training negative samples for edge types: [6]
nodes.shift keys: [0, 1, 2]
nodes.count keys: [0, 1, 2]
links.meta: {5: (2, 2), 6: (2, 1), 7: (1, 1), 2: (2, 2), 8: (2, 2), 0: (1, 1), 3: (1, 0), 4: (1, 1), 1: (2, 2), 10: (2, 2), 9: (2, 2)}
t_type about to use: 1
h_type: 2
shift dict: {0: 0, 1: 188, 2: 746}
count dict: Counter({2: 940, 1: 558, 0: 188})
Generated 899 negative samples for edge type 6
Epoch 00004, Step00000 | Train_Loss: 0.6509 | Time: 0.0217
Epoch 00004 | Val_Loss 0.6830 | Time(s) 0.0082
EarlyStopping counter: 1 out of 40
Getting training negative samples for edge types: [6]
nodes.shift keys: [0, 1, 2]
nodes.count keys: [0, 1, 2]
links.meta: {5: (2, 2), 6: (2, 1), 7: (1, 1), 2: (2, 2), 8: (2, 2), 0: (1, 1), 3: (1, 0), 4: (1, 1), 1: (2, 2), 10: (2, 2), 9: (2, 2)}
t_type about to use: 1
h_type: 2
shift dict: {0: 0, 1: 188, 2: 746}
count dict: Counter({2: 940, 1: 558, 0: 188})
Generated 899 negative samples for edge type 6
Epoch 00005, Step00000 | Train_Loss: 0.6339 | Time: 0.0197
Epoch 00005 | Val_Loss 0.6807 | Time(s) 0.0092
EarlyStopping counter: 2 out of 40
Getting training negative samples for edge types: [6]
nodes.shift keys: [0, 1, 2]
nodes.count keys: [0, 1, 2]
links.meta: {5: (2, 2), 6: (2, 1), 7: (1, 1), 2: (2, 2), 8: (2, 2), 0: (1, 1), 3: (1, 0), 4: (1, 1), 1: (2, 2), 10: (2, 2), 9: (2, 2)}
t_type about to use: 1
h_type: 2
shift dict: {0: 0, 1: 188, 2: 746}
count dict: Counter({2: 940, 1: 558, 0: 188})
Generated 899 negative samples for edge type 6
Epoch 00006, Step00000 | Train_Loss: 0.6222 | Time: 0.0204
Epoch 00006 | Val_Loss 0.6887 | Time(s) 0.0086
EarlyStopping counter: 3 out of 40
Getting training negative samples for edge types: [6]
nodes.shift keys: [0, 1, 2]
nodes.count keys: [0, 1, 2]
links.meta: {5: (2, 2), 6: (2, 1), 7: (1, 1), 2: (2, 2), 8: (2, 2), 0: (1, 1), 3: (1, 0), 4: (1, 1), 1: (2, 2), 10: (2, 2), 9: (2, 2)}
t_type about to use: 1
h_type: 2
shift dict: {0: 0, 1: 188, 2: 746}
count dict: Counter({2: 940, 1: 558, 0: 188})
Generated 899 negative samples for edge type 6
Epoch 00007, Step00000 | Train_Loss: 0.6124 | Time: 0.0194
Epoch 00007 | Val_Loss 0.6563 | Time(s) 0.0083
Validation loss decreased (0.669345 --> 0.656334).  Saving model ...
Getting training negative samples for edge types: [6]
nodes.shift keys: [0, 1, 2]
nodes.count keys: [0, 1, 2]
links.meta: {5: (2, 2), 6: (2, 1), 7: (1, 1), 2: (2, 2), 8: (2, 2), 0: (1, 1), 3: (1, 0), 4: (1, 1), 1: (2, 2), 10: (2, 2), 9: (2, 2)}
t_type about to use: 1
h_type: 2
shift dict: {0: 0, 1: 188, 2: 746}
count dict: Counter({2: 940, 1: 558, 0: 188})
Generated 899 negative samples for edge type 6
Epoch 00008, Step00000 | Train_Loss: 0.6050 | Time: 0.0218
Epoch 00008 | Val_Loss 0.7717 | Time(s) 0.0087
EarlyStopping counter: 1 out of 40
Getting training negative samples for edge types: [6]
nodes.shift keys: [0, 1, 2]
nodes.count keys: [0, 1, 2]
links.meta: {5: (2, 2), 6: (2, 1), 7: (1, 1), 2: (2, 2), 8: (2, 2), 0: (1, 1), 3: (1, 0), 4: (1, 1), 1: (2, 2), 10: (2, 2), 9: (2, 2)}
t_type about to use: 1
h_type: 2
shift dict: {0: 0, 1: 188, 2: 746}
count dict: Counter({2: 940, 1: 558, 0: 188})
Generated 899 negative samples for edge type 6
Epoch 00009, Step00000 | Train_Loss: 0.5902 | Time: 0.0218
Epoch 00009 | Val_Loss 0.8248 | Time(s) 0.0084
EarlyStopping counter: 2 out of 40
Getting training negative samples for edge types: [6]
nodes.shift keys: [0, 1, 2]
nodes.count keys: [0, 1, 2]
links.meta: {5: (2, 2), 6: (2, 1), 7: (1, 1), 2: (2, 2), 8: (2, 2), 0: (1, 1), 3: (1, 0), 4: (1, 1), 1: (2, 2), 10: (2, 2), 9: (2, 2)}
t_type about to use: 1
h_type: 2
shift dict: {0: 0, 1: 188, 2: 746}
count dict: Counter({2: 940, 1: 558, 0: 188})
Generated 899 negative samples for edge type 6
Epoch 00010, Step00000 | Train_Loss: 0.5769 | Time: 0.0211
Epoch 00010 | Val_Loss 0.8673 | Time(s) 0.0081
EarlyStopping counter: 3 out of 40
Getting training negative samples for edge types: [6]
nodes.shift keys: [0, 1, 2]
nodes.count keys: [0, 1, 2]
links.meta: {5: (2, 2), 6: (2, 1), 7: (1, 1), 2: (2, 2), 8: (2, 2), 0: (1, 1), 3: (1, 0), 4: (1, 1), 1: (2, 2), 10: (2, 2), 9: (2, 2)}
t_type about to use: 1
h_type: 2
shift dict: {0: 0, 1: 188, 2: 746}
count dict: Counter({2: 940, 1: 558, 0: 188})
Generated 899 negative samples for edge type 6
Epoch 00011, Step00000 | Train_Loss: 0.5672 | Time: 0.0214
Epoch 00011 | Val_Loss 0.8781 | Time(s) 0.0086
EarlyStopping counter: 4 out of 40
Getting training negative samples for edge types: [6]
nodes.shift keys: [0, 1, 2]
nodes.count keys: [0, 1, 2]
links.meta: {5: (2, 2), 6: (2, 1), 7: (1, 1), 2: (2, 2), 8: (2, 2), 0: (1, 1), 3: (1, 0), 4: (1, 1), 1: (2, 2), 10: (2, 2), 9: (2, 2)}
t_type about to use: 1
h_type: 2
shift dict: {0: 0, 1: 188, 2: 746}
count dict: Counter({2: 940, 1: 558, 0: 188})
Generated 899 negative samples for edge type 6
Epoch 00012, Step00000 | Train_Loss: 0.5724 | Time: 0.0212
Epoch 00012 | Val_Loss 1.0232 | Time(s) 0.0091
EarlyStopping counter: 5 out of 40
Getting training negative samples for edge types: [6]
nodes.shift keys: [0, 1, 2]
nodes.count keys: [0, 1, 2]
links.meta: {5: (2, 2), 6: (2, 1), 7: (1, 1), 2: (2, 2), 8: (2, 2), 0: (1, 1), 3: (1, 0), 4: (1, 1), 1: (2, 2), 10: (2, 2), 9: (2, 2)}
t_type about to use: 1
h_type: 2
shift dict: {0: 0, 1: 188, 2: 746}
count dict: Counter({2: 940, 1: 558, 0: 188})
Generated 899 negative samples for edge type 6
Epoch 00013, Step00000 | Train_Loss: 0.5619 | Time: 0.0200
Epoch 00013 | Val_Loss 1.0201 | Time(s) 0.0085
EarlyStopping counter: 6 out of 40
Getting training negative samples for edge types: [6]
nodes.shift keys: [0, 1, 2]
nodes.count keys: [0, 1, 2]
links.meta: {5: (2, 2), 6: (2, 1), 7: (1, 1), 2: (2, 2), 8: (2, 2), 0: (1, 1), 3: (1, 0), 4: (1, 1), 1: (2, 2), 10: (2, 2), 9: (2, 2)}
t_type about to use: 1
h_type: 2
shift dict: {0: 0, 1: 188, 2: 746}
count dict: Counter({2: 940, 1: 558, 0: 188})
Generated 899 negative samples for edge type 6
Epoch 00014, Step00000 | Train_Loss: 0.5458 | Time: 0.0201
Epoch 00014 | Val_Loss 0.9691 | Time(s) 0.0090
EarlyStopping counter: 7 out of 40
Getting training negative samples for edge types: [6]
nodes.shift keys: [0, 1, 2]
nodes.count keys: [0, 1, 2]
links.meta: {5: (2, 2), 6: (2, 1), 7: (1, 1), 2: (2, 2), 8: (2, 2), 0: (1, 1), 3: (1, 0), 4: (1, 1), 1: (2, 2), 10: (2, 2), 9: (2, 2)}
t_type about to use: 1
h_type: 2
shift dict: {0: 0, 1: 188, 2: 746}
count dict: Counter({2: 940, 1: 558, 0: 188})
Generated 899 negative samples for edge type 6
Epoch 00015, Step00000 | Train_Loss: 0.5484 | Time: 0.0203
Epoch 00015 | Val_Loss 1.1003 | Time(s) 0.0075
EarlyStopping counter: 8 out of 40
Getting training negative samples for edge types: [6]
nodes.shift keys: [0, 1, 2]
nodes.count keys: [0, 1, 2]
links.meta: {5: (2, 2), 6: (2, 1), 7: (1, 1), 2: (2, 2), 8: (2, 2), 0: (1, 1), 3: (1, 0), 4: (1, 1), 1: (2, 2), 10: (2, 2), 9: (2, 2)}
t_type about to use: 1
h_type: 2
shift dict: {0: 0, 1: 188, 2: 746}
count dict: Counter({2: 940, 1: 558, 0: 188})
Generated 899 negative samples for edge type 6
Epoch 00016, Step00000 | Train_Loss: 0.5535 | Time: 0.0200
Epoch 00016 | Val_Loss 1.1261 | Time(s) 0.0085
EarlyStopping counter: 9 out of 40
Getting training negative samples for edge types: [6]
nodes.shift keys: [0, 1, 2]
nodes.count keys: [0, 1, 2]
links.meta: {5: (2, 2), 6: (2, 1), 7: (1, 1), 2: (2, 2), 8: (2, 2), 0: (1, 1), 3: (1, 0), 4: (1, 1), 1: (2, 2), 10: (2, 2), 9: (2, 2)}
t_type about to use: 1
h_type: 2
shift dict: {0: 0, 1: 188, 2: 746}
count dict: Counter({2: 940, 1: 558, 0: 188})
Generated 899 negative samples for edge type 6
Epoch 00017, Step00000 | Train_Loss: 0.5464 | Time: 0.0198
Epoch 00017 | Val_Loss 1.0107 | Time(s) 0.0092
EarlyStopping counter: 10 out of 40
Getting training negative samples for edge types: [6]
nodes.shift keys: [0, 1, 2]
nodes.count keys: [0, 1, 2]
links.meta: {5: (2, 2), 6: (2, 1), 7: (1, 1), 2: (2, 2), 8: (2, 2), 0: (1, 1), 3: (1, 0), 4: (1, 1), 1: (2, 2), 10: (2, 2), 9: (2, 2)}
t_type about to use: 1
h_type: 2
shift dict: {0: 0, 1: 188, 2: 746}
count dict: Counter({2: 940, 1: 558, 0: 188})
Generated 899 negative samples for edge type 6
Epoch 00018, Step00000 | Train_Loss: 0.5406 | Time: 0.0206
Epoch 00018 | Val_Loss 1.0496 | Time(s) 0.0083
EarlyStopping counter: 11 out of 40
Getting training negative samples for edge types: [6]
nodes.shift keys: [0, 1, 2]
nodes.count keys: [0, 1, 2]
links.meta: {5: (2, 2), 6: (2, 1), 7: (1, 1), 2: (2, 2), 8: (2, 2), 0: (1, 1), 3: (1, 0), 4: (1, 1), 1: (2, 2), 10: (2, 2), 9: (2, 2)}
t_type about to use: 1
h_type: 2
shift dict: {0: 0, 1: 188, 2: 746}
count dict: Counter({2: 940, 1: 558, 0: 188})
Generated 899 negative samples for edge type 6
Epoch 00019, Step00000 | Train_Loss: 0.5421 | Time: 0.0196
Epoch 00019 | Val_Loss 1.1537 | Time(s) 0.0087
EarlyStopping counter: 12 out of 40
Getting training negative samples for edge types: [6]
nodes.shift keys: [0, 1, 2]
nodes.count keys: [0, 1, 2]
links.meta: {5: (2, 2), 6: (2, 1), 7: (1, 1), 2: (2, 2), 8: (2, 2), 0: (1, 1), 3: (1, 0), 4: (1, 1), 1: (2, 2), 10: (2, 2), 9: (2, 2)}
t_type about to use: 1
h_type: 2
shift dict: {0: 0, 1: 188, 2: 746}
count dict: Counter({2: 940, 1: 558, 0: 188})
Generated 899 negative samples for edge type 6
Epoch 00020, Step00000 | Train_Loss: 0.5463 | Time: 0.0215
Epoch 00020 | Val_Loss 1.0922 | Time(s) 0.0071
EarlyStopping counter: 13 out of 40
Getting training negative samples for edge types: [6]
nodes.shift keys: [0, 1, 2]
nodes.count keys: [0, 1, 2]
links.meta: {5: (2, 2), 6: (2, 1), 7: (1, 1), 2: (2, 2), 8: (2, 2), 0: (1, 1), 3: (1, 0), 4: (1, 1), 1: (2, 2), 10: (2, 2), 9: (2, 2)}
t_type about to use: 1
h_type: 2
shift dict: {0: 0, 1: 188, 2: 746}
count dict: Counter({2: 940, 1: 558, 0: 188})
Generated 899 negative samples for edge type 6
Epoch 00021, Step00000 | Train_Loss: 0.5413 | Time: 0.0195
Epoch 00021 | Val_Loss 1.1849 | Time(s) 0.0090
EarlyStopping counter: 14 out of 40
Getting training negative samples for edge types: [6]
nodes.shift keys: [0, 1, 2]
nodes.count keys: [0, 1, 2]
links.meta: {5: (2, 2), 6: (2, 1), 7: (1, 1), 2: (2, 2), 8: (2, 2), 0: (1, 1), 3: (1, 0), 4: (1, 1), 1: (2, 2), 10: (2, 2), 9: (2, 2)}
t_type about to use: 1
h_type: 2
shift dict: {0: 0, 1: 188, 2: 746}
count dict: Counter({2: 940, 1: 558, 0: 188})
Generated 899 negative samples for edge type 6
Epoch 00022, Step00000 | Train_Loss: 0.5293 | Time: 0.0206
Epoch 00022 | Val_Loss 1.0091 | Time(s) 0.0083
EarlyStopping counter: 15 out of 40
Getting training negative samples for edge types: [6]
nodes.shift keys: [0, 1, 2]
nodes.count keys: [0, 1, 2]
links.meta: {5: (2, 2), 6: (2, 1), 7: (1, 1), 2: (2, 2), 8: (2, 2), 0: (1, 1), 3: (1, 0), 4: (1, 1), 1: (2, 2), 10: (2, 2), 9: (2, 2)}
t_type about to use: 1
h_type: 2
shift dict: {0: 0, 1: 188, 2: 746}
count dict: Counter({2: 940, 1: 558, 0: 188})
Generated 899 negative samples for edge type 6
Epoch 00023, Step00000 | Train_Loss: 0.5214 | Time: 0.0195
Epoch 00023 | Val_Loss 1.1137 | Time(s) 0.0084
EarlyStopping counter: 16 out of 40
Getting training negative samples for edge types: [6]
nodes.shift keys: [0, 1, 2]
nodes.count keys: [0, 1, 2]
links.meta: {5: (2, 2), 6: (2, 1), 7: (1, 1), 2: (2, 2), 8: (2, 2), 0: (1, 1), 3: (1, 0), 4: (1, 1), 1: (2, 2), 10: (2, 2), 9: (2, 2)}
t_type about to use: 1
h_type: 2
shift dict: {0: 0, 1: 188, 2: 746}
count dict: Counter({2: 940, 1: 558, 0: 188})
Generated 899 negative samples for edge type 6
Epoch 00024, Step00000 | Train_Loss: 0.5183 | Time: 0.0215
Epoch 00024 | Val_Loss 0.9832 | Time(s) 0.0083
EarlyStopping counter: 17 out of 40
Getting training negative samples for edge types: [6]
nodes.shift keys: [0, 1, 2]
nodes.count keys: [0, 1, 2]
links.meta: {5: (2, 2), 6: (2, 1), 7: (1, 1), 2: (2, 2), 8: (2, 2), 0: (1, 1), 3: (1, 0), 4: (1, 1), 1: (2, 2), 10: (2, 2), 9: (2, 2)}
t_type about to use: 1
h_type: 2
shift dict: {0: 0, 1: 188, 2: 746}
count dict: Counter({2: 940, 1: 558, 0: 188})
Generated 899 negative samples for edge type 6
Epoch 00025, Step00000 | Train_Loss: 0.5446 | Time: 0.0199
Epoch 00025 | Val_Loss 0.9752 | Time(s) 0.0085
EarlyStopping counter: 18 out of 40
Getting training negative samples for edge types: [6]
nodes.shift keys: [0, 1, 2]
nodes.count keys: [0, 1, 2]
links.meta: {5: (2, 2), 6: (2, 1), 7: (1, 1), 2: (2, 2), 8: (2, 2), 0: (1, 1), 3: (1, 0), 4: (1, 1), 1: (2, 2), 10: (2, 2), 9: (2, 2)}
t_type about to use: 1
h_type: 2
shift dict: {0: 0, 1: 188, 2: 746}
count dict: Counter({2: 940, 1: 558, 0: 188})
Generated 899 negative samples for edge type 6
Epoch 00026, Step00000 | Train_Loss: 0.5311 | Time: 0.0215
Epoch 00026 | Val_Loss 1.0554 | Time(s) 0.0083
EarlyStopping counter: 19 out of 40
Getting training negative samples for edge types: [6]
nodes.shift keys: [0, 1, 2]
nodes.count keys: [0, 1, 2]
links.meta: {5: (2, 2), 6: (2, 1), 7: (1, 1), 2: (2, 2), 8: (2, 2), 0: (1, 1), 3: (1, 0), 4: (1, 1), 1: (2, 2), 10: (2, 2), 9: (2, 2)}
t_type about to use: 1
h_type: 2
shift dict: {0: 0, 1: 188, 2: 746}
count dict: Counter({2: 940, 1: 558, 0: 188})
Generated 899 negative samples for edge type 6
Epoch 00027, Step00000 | Train_Loss: 0.5331 | Time: 0.0201
Epoch 00027 | Val_Loss 1.0060 | Time(s) 0.0091
EarlyStopping counter: 20 out of 40
Getting training negative samples for edge types: [6]
nodes.shift keys: [0, 1, 2]
nodes.count keys: [0, 1, 2]
links.meta: {5: (2, 2), 6: (2, 1), 7: (1, 1), 2: (2, 2), 8: (2, 2), 0: (1, 1), 3: (1, 0), 4: (1, 1), 1: (2, 2), 10: (2, 2), 9: (2, 2)}
t_type about to use: 1
h_type: 2
shift dict: {0: 0, 1: 188, 2: 746}
count dict: Counter({2: 940, 1: 558, 0: 188})
Generated 899 negative samples for edge type 6
Epoch 00028, Step00000 | Train_Loss: 0.5280 | Time: 0.0204
Epoch 00028 | Val_Loss 0.9306 | Time(s) 0.0071
EarlyStopping counter: 21 out of 40
Getting training negative samples for edge types: [6]
nodes.shift keys: [0, 1, 2]
nodes.count keys: [0, 1, 2]
links.meta: {5: (2, 2), 6: (2, 1), 7: (1, 1), 2: (2, 2), 8: (2, 2), 0: (1, 1), 3: (1, 0), 4: (1, 1), 1: (2, 2), 10: (2, 2), 9: (2, 2)}
t_type about to use: 1
h_type: 2
shift dict: {0: 0, 1: 188, 2: 746}
count dict: Counter({2: 940, 1: 558, 0: 188})
Generated 899 negative samples for edge type 6
Epoch 00029, Step00000 | Train_Loss: 0.5080 | Time: 0.0198
Epoch 00029 | Val_Loss 0.9057 | Time(s) 0.0089
EarlyStopping counter: 22 out of 40
Getting training negative samples for edge types: [6]
nodes.shift keys: [0, 1, 2]
nodes.count keys: [0, 1, 2]
links.meta: {5: (2, 2), 6: (2, 1), 7: (1, 1), 2: (2, 2), 8: (2, 2), 0: (1, 1), 3: (1, 0), 4: (1, 1), 1: (2, 2), 10: (2, 2), 9: (2, 2)}
t_type about to use: 1
h_type: 2
shift dict: {0: 0, 1: 188, 2: 746}
count dict: Counter({2: 940, 1: 558, 0: 188})
Generated 899 negative samples for edge type 6
Epoch 00030, Step00000 | Train_Loss: 0.5081 | Time: 0.0223
Epoch 00030 | Val_Loss 0.9227 | Time(s) 0.0076
EarlyStopping counter: 23 out of 40
Getting training negative samples for edge types: [6]
nodes.shift keys: [0, 1, 2]
nodes.count keys: [0, 1, 2]
links.meta: {5: (2, 2), 6: (2, 1), 7: (1, 1), 2: (2, 2), 8: (2, 2), 0: (1, 1), 3: (1, 0), 4: (1, 1), 1: (2, 2), 10: (2, 2), 9: (2, 2)}
t_type about to use: 1
h_type: 2
shift dict: {0: 0, 1: 188, 2: 746}
count dict: Counter({2: 940, 1: 558, 0: 188})
Generated 899 negative samples for edge type 6
Epoch 00031, Step00000 | Train_Loss: 0.5103 | Time: 0.0192
Epoch 00031 | Val_Loss 0.8936 | Time(s) 0.0082
EarlyStopping counter: 24 out of 40
Getting training negative samples for edge types: [6]
nodes.shift keys: [0, 1, 2]
nodes.count keys: [0, 1, 2]
links.meta: {5: (2, 2), 6: (2, 1), 7: (1, 1), 2: (2, 2), 8: (2, 2), 0: (1, 1), 3: (1, 0), 4: (1, 1), 1: (2, 2), 10: (2, 2), 9: (2, 2)}
t_type about to use: 1
h_type: 2
shift dict: {0: 0, 1: 188, 2: 746}
count dict: Counter({2: 940, 1: 558, 0: 188})
Generated 899 negative samples for edge type 6
Epoch 00032, Step00000 | Train_Loss: 0.5220 | Time: 0.0208
Epoch 00032 | Val_Loss 1.0454 | Time(s) 0.0083
EarlyStopping counter: 25 out of 40
Getting training negative samples for edge types: [6]
nodes.shift keys: [0, 1, 2]
nodes.count keys: [0, 1, 2]
links.meta: {5: (2, 2), 6: (2, 1), 7: (1, 1), 2: (2, 2), 8: (2, 2), 0: (1, 1), 3: (1, 0), 4: (1, 1), 1: (2, 2), 10: (2, 2), 9: (2, 2)}
t_type about to use: 1
h_type: 2
shift dict: {0: 0, 1: 188, 2: 746}
count dict: Counter({2: 940, 1: 558, 0: 188})
Generated 899 negative samples for edge type 6
Epoch 00033, Step00000 | Train_Loss: 0.5033 | Time: 0.0210
Epoch 00033 | Val_Loss 1.0180 | Time(s) 0.0083
EarlyStopping counter: 26 out of 40
Getting training negative samples for edge types: [6]
nodes.shift keys: [0, 1, 2]
nodes.count keys: [0, 1, 2]
links.meta: {5: (2, 2), 6: (2, 1), 7: (1, 1), 2: (2, 2), 8: (2, 2), 0: (1, 1), 3: (1, 0), 4: (1, 1), 1: (2, 2), 10: (2, 2), 9: (2, 2)}
t_type about to use: 1
h_type: 2
shift dict: {0: 0, 1: 188, 2: 746}
count dict: Counter({2: 940, 1: 558, 0: 188})
Generated 899 negative samples for edge type 6
Epoch 00034, Step00000 | Train_Loss: 0.5081 | Time: 0.0194
Epoch 00034 | Val_Loss 1.0056 | Time(s) 0.0085
EarlyStopping counter: 27 out of 40
Getting training negative samples for edge types: [6]
nodes.shift keys: [0, 1, 2]
nodes.count keys: [0, 1, 2]
links.meta: {5: (2, 2), 6: (2, 1), 7: (1, 1), 2: (2, 2), 8: (2, 2), 0: (1, 1), 3: (1, 0), 4: (1, 1), 1: (2, 2), 10: (2, 2), 9: (2, 2)}
t_type about to use: 1
h_type: 2
shift dict: {0: 0, 1: 188, 2: 746}
count dict: Counter({2: 940, 1: 558, 0: 188})
Generated 899 negative samples for edge type 6
Epoch 00035, Step00000 | Train_Loss: 0.4979 | Time: 0.0214
Epoch 00035 | Val_Loss 0.9211 | Time(s) 0.0088
EarlyStopping counter: 28 out of 40
Getting training negative samples for edge types: [6]
nodes.shift keys: [0, 1, 2]
nodes.count keys: [0, 1, 2]
links.meta: {5: (2, 2), 6: (2, 1), 7: (1, 1), 2: (2, 2), 8: (2, 2), 0: (1, 1), 3: (1, 0), 4: (1, 1), 1: (2, 2), 10: (2, 2), 9: (2, 2)}
t_type about to use: 1
h_type: 2
shift dict: {0: 0, 1: 188, 2: 746}
count dict: Counter({2: 940, 1: 558, 0: 188})
Generated 899 negative samples for edge type 6
Epoch 00036, Step00000 | Train_Loss: 0.5164 | Time: 0.0201
Epoch 00036 | Val_Loss 0.8965 | Time(s) 0.0081
EarlyStopping counter: 29 out of 40
Getting training negative samples for edge types: [6]
nodes.shift keys: [0, 1, 2]
nodes.count keys: [0, 1, 2]
links.meta: {5: (2, 2), 6: (2, 1), 7: (1, 1), 2: (2, 2), 8: (2, 2), 0: (1, 1), 3: (1, 0), 4: (1, 1), 1: (2, 2), 10: (2, 2), 9: (2, 2)}
t_type about to use: 1
h_type: 2
shift dict: {0: 0, 1: 188, 2: 746}
count dict: Counter({2: 940, 1: 558, 0: 188})
Generated 899 negative samples for edge type 6
Epoch 00037, Step00000 | Train_Loss: 0.5155 | Time: 0.0200
Epoch 00037 | Val_Loss 0.8665 | Time(s) 0.0082
EarlyStopping counter: 30 out of 40
Getting training negative samples for edge types: [6]
nodes.shift keys: [0, 1, 2]
nodes.count keys: [0, 1, 2]
links.meta: {5: (2, 2), 6: (2, 1), 7: (1, 1), 2: (2, 2), 8: (2, 2), 0: (1, 1), 3: (1, 0), 4: (1, 1), 1: (2, 2), 10: (2, 2), 9: (2, 2)}
t_type about to use: 1
h_type: 2
shift dict: {0: 0, 1: 188, 2: 746}
count dict: Counter({2: 940, 1: 558, 0: 188})
Generated 899 negative samples for edge type 6
Epoch 00038, Step00000 | Train_Loss: 0.5050 | Time: 0.0193
Epoch 00038 | Val_Loss 0.9211 | Time(s) 0.0081
EarlyStopping counter: 31 out of 40
Getting training negative samples for edge types: [6]
nodes.shift keys: [0, 1, 2]
nodes.count keys: [0, 1, 2]
links.meta: {5: (2, 2), 6: (2, 1), 7: (1, 1), 2: (2, 2), 8: (2, 2), 0: (1, 1), 3: (1, 0), 4: (1, 1), 1: (2, 2), 10: (2, 2), 9: (2, 2)}
t_type about to use: 1
h_type: 2
shift dict: {0: 0, 1: 188, 2: 746}
count dict: Counter({2: 940, 1: 558, 0: 188})
Generated 899 negative samples for edge type 6
Epoch 00039, Step00000 | Train_Loss: 0.4889 | Time: 0.0214
Epoch 00039 | Val_Loss 0.8664 | Time(s) 0.0079
EarlyStopping counter: 32 out of 40
Getting training negative samples for edge types: [6]
nodes.shift keys: [0, 1, 2]
nodes.count keys: [0, 1, 2]
links.meta: {5: (2, 2), 6: (2, 1), 7: (1, 1), 2: (2, 2), 8: (2, 2), 0: (1, 1), 3: (1, 0), 4: (1, 1), 1: (2, 2), 10: (2, 2), 9: (2, 2)}
t_type about to use: 1
h_type: 2
shift dict: {0: 0, 1: 188, 2: 746}
count dict: Counter({2: 940, 1: 558, 0: 188})
Generated 899 negative samples for edge type 6
Epoch 00040, Step00000 | Train_Loss: 0.4887 | Time: 0.0216
Epoch 00040 | Val_Loss 0.9601 | Time(s) 0.0084
EarlyStopping counter: 33 out of 40
Getting training negative samples for edge types: [6]
nodes.shift keys: [0, 1, 2]
nodes.count keys: [0, 1, 2]
links.meta: {5: (2, 2), 6: (2, 1), 7: (1, 1), 2: (2, 2), 8: (2, 2), 0: (1, 1), 3: (1, 0), 4: (1, 1), 1: (2, 2), 10: (2, 2), 9: (2, 2)}
t_type about to use: 1
h_type: 2
shift dict: {0: 0, 1: 188, 2: 746}
count dict: Counter({2: 940, 1: 558, 0: 188})
Generated 899 negative samples for edge type 6
Epoch 00041, Step00000 | Train_Loss: 0.4942 | Time: 0.0195
Epoch 00041 | Val_Loss 1.1145 | Time(s) 0.0082
EarlyStopping counter: 34 out of 40
Getting training negative samples for edge types: [6]
nodes.shift keys: [0, 1, 2]
nodes.count keys: [0, 1, 2]
links.meta: {5: (2, 2), 6: (2, 1), 7: (1, 1), 2: (2, 2), 8: (2, 2), 0: (1, 1), 3: (1, 0), 4: (1, 1), 1: (2, 2), 10: (2, 2), 9: (2, 2)}
t_type about to use: 1
h_type: 2
shift dict: {0: 0, 1: 188, 2: 746}
count dict: Counter({2: 940, 1: 558, 0: 188})
Generated 899 negative samples for edge type 6
Epoch 00042, Step00000 | Train_Loss: 0.4901 | Time: 0.0212
Epoch 00042 | Val_Loss 0.9427 | Time(s) 0.0080
EarlyStopping counter: 35 out of 40
Getting training negative samples for edge types: [6]
nodes.shift keys: [0, 1, 2]
nodes.count keys: [0, 1, 2]
links.meta: {5: (2, 2), 6: (2, 1), 7: (1, 1), 2: (2, 2), 8: (2, 2), 0: (1, 1), 3: (1, 0), 4: (1, 1), 1: (2, 2), 10: (2, 2), 9: (2, 2)}
t_type about to use: 1
h_type: 2
shift dict: {0: 0, 1: 188, 2: 746}
count dict: Counter({2: 940, 1: 558, 0: 188})
Generated 899 negative samples for edge type 6
Epoch 00043, Step00000 | Train_Loss: 0.5035 | Time: 0.0208
Epoch 00043 | Val_Loss 0.9462 | Time(s) 0.0081
EarlyStopping counter: 36 out of 40
Getting training negative samples for edge types: [6]
nodes.shift keys: [0, 1, 2]
nodes.count keys: [0, 1, 2]
links.meta: {5: (2, 2), 6: (2, 1), 7: (1, 1), 2: (2, 2), 8: (2, 2), 0: (1, 1), 3: (1, 0), 4: (1, 1), 1: (2, 2), 10: (2, 2), 9: (2, 2)}
t_type about to use: 1
h_type: 2
shift dict: {0: 0, 1: 188, 2: 746}
count dict: Counter({2: 940, 1: 558, 0: 188})
Generated 899 negative samples for edge type 6
Epoch 00044, Step00000 | Train_Loss: 0.4962 | Time: 0.0210
Epoch 00044 | Val_Loss 0.9539 | Time(s) 0.0083
EarlyStopping counter: 37 out of 40
Getting training negative samples for edge types: [6]
nodes.shift keys: [0, 1, 2]
nodes.count keys: [0, 1, 2]
links.meta: {5: (2, 2), 6: (2, 1), 7: (1, 1), 2: (2, 2), 8: (2, 2), 0: (1, 1), 3: (1, 0), 4: (1, 1), 1: (2, 2), 10: (2, 2), 9: (2, 2)}
t_type about to use: 1
h_type: 2
shift dict: {0: 0, 1: 188, 2: 746}
count dict: Counter({2: 940, 1: 558, 0: 188})
Generated 899 negative samples for edge type 6
Epoch 00045, Step00000 | Train_Loss: 0.4828 | Time: 0.0202
Epoch 00045 | Val_Loss 0.8939 | Time(s) 0.0085
EarlyStopping counter: 38 out of 40
Getting training negative samples for edge types: [6]
nodes.shift keys: [0, 1, 2]
nodes.count keys: [0, 1, 2]
links.meta: {5: (2, 2), 6: (2, 1), 7: (1, 1), 2: (2, 2), 8: (2, 2), 0: (1, 1), 3: (1, 0), 4: (1, 1), 1: (2, 2), 10: (2, 2), 9: (2, 2)}
t_type about to use: 1
h_type: 2
shift dict: {0: 0, 1: 188, 2: 746}
count dict: Counter({2: 940, 1: 558, 0: 188})
Generated 899 negative samples for edge type 6
Epoch 00046, Step00000 | Train_Loss: 0.4905 | Time: 0.0209
Epoch 00046 | Val_Loss 0.7582 | Time(s) 0.0079
EarlyStopping counter: 39 out of 40
Getting training negative samples for edge types: [6]
nodes.shift keys: [0, 1, 2]
nodes.count keys: [0, 1, 2]
links.meta: {5: (2, 2), 6: (2, 1), 7: (1, 1), 2: (2, 2), 8: (2, 2), 0: (1, 1), 3: (1, 0), 4: (1, 1), 1: (2, 2), 10: (2, 2), 9: (2, 2)}
t_type about to use: 1
h_type: 2
shift dict: {0: 0, 1: 188, 2: 746}
count dict: Counter({2: 940, 1: 558, 0: 188})
Generated 899 negative samples for edge type 6
Epoch 00047, Step00000 | Train_Loss: 0.4592 | Time: 0.0211
Epoch 00047 | Val_Loss 0.8210 | Time(s) 0.0081
EarlyStopping counter: 40 out of 40
Early stopping!
Early stopping!
Meta keys: dict_keys([6])
Data keys: dict_keys([6])
Edge type: 6, Meta: (2, 1)
{'roc_auc': 0.5101959216313475, 'MRR': 0.7465277777777778}
{'roc_auc': 0.6205301077401018, 'MRR': 0.8061342592592592}
defaultdict(<class 'float'>, {'roc_auc': 0.5101959216313475, 'MRR': 0.7465277777777778})
defaultdict(<class 'float'>, {'roc_auc': 0.6205301077401018, 'MRR': 0.8061342592592592})
Completed: amazon_style_cct_features_securebert_fold_4

--------------------------------------
Running model: SimpleHGN
Dataset: amazon_style_cct_features_securebert_fold_5
--------------------------------------
Data path: ../../data/amazon_style_cct_features_securebert_fold_5
Loading nodes from ../../data/amazon_style_cct_features_securebert_fold_5/node.dat
edge types: dict_keys([5, 6, 7, 2, 8, 0, 3, 4, 1, 10, 9])
Getting training negative samples for edge types: [6]
nodes.shift keys: [0, 1, 2]
nodes.count keys: [0, 1, 2]
links.meta: {5: (2, 2), 6: (2, 1), 7: (1, 1), 2: (2, 2), 8: (2, 2), 0: (1, 1), 3: (1, 0), 4: (1, 1), 1: (2, 2), 10: (2, 2), 9: (2, 2)}
t_type about to use: 1
h_type: 2
shift dict: {0: 0, 1: 188, 2: 746}
count dict: Counter({2: 940, 1: 558, 0: 188})
Generated 902 negative samples for edge type 6
Features List: [array([[ 0.00445206,  0.01268557,  0.22351578, ..., -0.28678206,
        -0.37460288,  0.18294938],
       [-0.18744846,  0.07075578,  0.0476894 , ..., -0.2232531 ,
        -0.19588573,  0.47988179],
       [-0.17451471, -0.04557271,  0.15712288, ..., -0.05391889,
        -0.20500693,  0.23744845],
       ...,
       [-0.40584856,  0.04715464,  0.24475315, ..., -0.12466257,
        -0.2035536 ,  0.28577447],
       [-0.18835557,  0.03822717,  0.03586731, ..., -0.23435652,
        -0.35453227,  0.38753107],
       [-0.13632202,  0.14362322,  0.08668749, ..., -0.24145249,
        -0.25799868,  0.26464131]]), array([[ 0.00791158, -0.00538086, -0.02676104, ..., -0.01897389,
        -0.01306979, -0.00084801],
       [ 0.01682901, -0.00649696, -0.01921631, ..., -0.01401017,
        -0.0039668 , -0.02202195],
       [ 0.02197852, -0.01403735, -0.05225722, ...,  0.02019661,
         0.00528841,  0.0033033 ],
       ...,
       [ 0.01603197,  0.00716993, -0.01245602, ..., -0.01399604,
        -0.00058955, -0.0256807 ],
       [ 0.01039577,  0.02045547, -0.02146293, ...,  0.01017929,
         0.02390171,  0.00134994],
       [ 0.00462414,  0.0041195 , -0.0135733 , ..., -0.01101827,
         0.00813001,  0.0203817 ]]), array([[ 0.00087804,  0.00658507, -0.02514569, ..., -0.04238372,
         0.00850771, -0.02565438],
       [-0.0006986 ,  0.01542003, -0.03227317, ..., -0.01301633,
         0.01559736, -0.03614859],
       [-0.01135348,  0.00974955, -0.01812623, ..., -0.01920343,
         0.00887381, -0.0152928 ],
       ...,
       [ 0.00701895, -0.01539859, -0.03025482, ..., -0.03644368,
         0.01254067, -0.0236606 ],
       [-0.00414097,  0.00144739, -0.05197839, ...,  0.00216818,
         0.02755725, -0.03143983],
       [ 0.01779867, -0.02493452, -0.0391779 , ..., -0.01159797,
        -0.00619852, -0.02449675]])]
Getting training negative samples for edge types: [6]
nodes.shift keys: [0, 1, 2]
nodes.count keys: [0, 1, 2]
links.meta: {5: (2, 2), 6: (2, 1), 7: (1, 1), 2: (2, 2), 8: (2, 2), 0: (1, 1), 3: (1, 0), 4: (1, 1), 1: (2, 2), 10: (2, 2), 9: (2, 2)}
t_type about to use: 1
h_type: 2
shift dict: {0: 0, 1: 188, 2: 746}
count dict: Counter({2: 940, 1: 558, 0: 188})
Generated 902 negative samples for edge type 6
Epoch 00000, Step00000 | Train_Loss: 0.6939 | Time: 0.5779
Epoch 00000 | Val_Loss 0.6861 | Time(s) 0.0073
Validation loss decreased (inf --> 0.686150).  Saving model ...
Getting training negative samples for edge types: [6]
nodes.shift keys: [0, 1, 2]
nodes.count keys: [0, 1, 2]
links.meta: {5: (2, 2), 6: (2, 1), 7: (1, 1), 2: (2, 2), 8: (2, 2), 0: (1, 1), 3: (1, 0), 4: (1, 1), 1: (2, 2), 10: (2, 2), 9: (2, 2)}
t_type about to use: 1
h_type: 2
shift dict: {0: 0, 1: 188, 2: 746}
count dict: Counter({2: 940, 1: 558, 0: 188})
Generated 902 negative samples for edge type 6
Epoch 00001, Step00000 | Train_Loss: 0.6865 | Time: 0.0255
Epoch 00001 | Val_Loss 0.6789 | Time(s) 0.0087
Validation loss decreased (0.686150 --> 0.678862).  Saving model ...
Getting training negative samples for edge types: [6]
nodes.shift keys: [0, 1, 2]
nodes.count keys: [0, 1, 2]
links.meta: {5: (2, 2), 6: (2, 1), 7: (1, 1), 2: (2, 2), 8: (2, 2), 0: (1, 1), 3: (1, 0), 4: (1, 1), 1: (2, 2), 10: (2, 2), 9: (2, 2)}
t_type about to use: 1
h_type: 2
shift dict: {0: 0, 1: 188, 2: 746}
count dict: Counter({2: 940, 1: 558, 0: 188})
Generated 902 negative samples for edge type 6
Epoch 00002, Step00000 | Train_Loss: 0.6779 | Time: 0.0333
Epoch 00002 | Val_Loss 0.6697 | Time(s) 0.0094
Validation loss decreased (0.678862 --> 0.669651).  Saving model ...
Getting training negative samples for edge types: [6]
nodes.shift keys: [0, 1, 2]
nodes.count keys: [0, 1, 2]
links.meta: {5: (2, 2), 6: (2, 1), 7: (1, 1), 2: (2, 2), 8: (2, 2), 0: (1, 1), 3: (1, 0), 4: (1, 1), 1: (2, 2), 10: (2, 2), 9: (2, 2)}
t_type about to use: 1
h_type: 2
shift dict: {0: 0, 1: 188, 2: 746}
count dict: Counter({2: 940, 1: 558, 0: 188})
Generated 902 negative samples for edge type 6
Epoch 00003, Step00000 | Train_Loss: 0.6722 | Time: 0.0331
Epoch 00003 | Val_Loss 0.6838 | Time(s) 0.0099
EarlyStopping counter: 1 out of 40
Getting training negative samples for edge types: [6]
nodes.shift keys: [0, 1, 2]
nodes.count keys: [0, 1, 2]
links.meta: {5: (2, 2), 6: (2, 1), 7: (1, 1), 2: (2, 2), 8: (2, 2), 0: (1, 1), 3: (1, 0), 4: (1, 1), 1: (2, 2), 10: (2, 2), 9: (2, 2)}
t_type about to use: 1
h_type: 2
shift dict: {0: 0, 1: 188, 2: 746}
count dict: Counter({2: 940, 1: 558, 0: 188})
Generated 902 negative samples for edge type 6
Epoch 00004, Step00000 | Train_Loss: 0.6612 | Time: 0.0264
Epoch 00004 | Val_Loss 0.6845 | Time(s) 0.0082
EarlyStopping counter: 2 out of 40
Getting training negative samples for edge types: [6]
nodes.shift keys: [0, 1, 2]
nodes.count keys: [0, 1, 2]
links.meta: {5: (2, 2), 6: (2, 1), 7: (1, 1), 2: (2, 2), 8: (2, 2), 0: (1, 1), 3: (1, 0), 4: (1, 1), 1: (2, 2), 10: (2, 2), 9: (2, 2)}
t_type about to use: 1
h_type: 2
shift dict: {0: 0, 1: 188, 2: 746}
count dict: Counter({2: 940, 1: 558, 0: 188})
Generated 902 negative samples for edge type 6
Epoch 00005, Step00000 | Train_Loss: 0.6538 | Time: 0.0204
Epoch 00005 | Val_Loss 0.6777 | Time(s) 0.0083
EarlyStopping counter: 3 out of 40
Getting training negative samples for edge types: [6]
nodes.shift keys: [0, 1, 2]
nodes.count keys: [0, 1, 2]
links.meta: {5: (2, 2), 6: (2, 1), 7: (1, 1), 2: (2, 2), 8: (2, 2), 0: (1, 1), 3: (1, 0), 4: (1, 1), 1: (2, 2), 10: (2, 2), 9: (2, 2)}
t_type about to use: 1
h_type: 2
shift dict: {0: 0, 1: 188, 2: 746}
count dict: Counter({2: 940, 1: 558, 0: 188})
Generated 902 negative samples for edge type 6
Epoch 00006, Step00000 | Train_Loss: 0.6460 | Time: 0.0240
Epoch 00006 | Val_Loss 0.6735 | Time(s) 0.0086
EarlyStopping counter: 4 out of 40
Getting training negative samples for edge types: [6]
nodes.shift keys: [0, 1, 2]
nodes.count keys: [0, 1, 2]
links.meta: {5: (2, 2), 6: (2, 1), 7: (1, 1), 2: (2, 2), 8: (2, 2), 0: (1, 1), 3: (1, 0), 4: (1, 1), 1: (2, 2), 10: (2, 2), 9: (2, 2)}
t_type about to use: 1
h_type: 2
shift dict: {0: 0, 1: 188, 2: 746}
count dict: Counter({2: 940, 1: 558, 0: 188})
Generated 902 negative samples for edge type 6
Epoch 00007, Step00000 | Train_Loss: 0.6347 | Time: 0.0253
Epoch 00007 | Val_Loss 0.6711 | Time(s) 0.0100
EarlyStopping counter: 5 out of 40
Getting training negative samples for edge types: [6]
nodes.shift keys: [0, 1, 2]
nodes.count keys: [0, 1, 2]
links.meta: {5: (2, 2), 6: (2, 1), 7: (1, 1), 2: (2, 2), 8: (2, 2), 0: (1, 1), 3: (1, 0), 4: (1, 1), 1: (2, 2), 10: (2, 2), 9: (2, 2)}
t_type about to use: 1
h_type: 2
shift dict: {0: 0, 1: 188, 2: 746}
count dict: Counter({2: 940, 1: 558, 0: 188})
Generated 902 negative samples for edge type 6
Epoch 00008, Step00000 | Train_Loss: 0.6241 | Time: 0.0221
Epoch 00008 | Val_Loss 0.6593 | Time(s) 0.0070
Validation loss decreased (0.669651 --> 0.659294).  Saving model ...
Getting training negative samples for edge types: [6]
nodes.shift keys: [0, 1, 2]
nodes.count keys: [0, 1, 2]
links.meta: {5: (2, 2), 6: (2, 1), 7: (1, 1), 2: (2, 2), 8: (2, 2), 0: (1, 1), 3: (1, 0), 4: (1, 1), 1: (2, 2), 10: (2, 2), 9: (2, 2)}
t_type about to use: 1
h_type: 2
shift dict: {0: 0, 1: 188, 2: 746}
count dict: Counter({2: 940, 1: 558, 0: 188})
Generated 902 negative samples for edge type 6
Epoch 00009, Step00000 | Train_Loss: 0.6131 | Time: 0.0244
Epoch 00009 | Val_Loss 0.6790 | Time(s) 0.0085
EarlyStopping counter: 1 out of 40
Getting training negative samples for edge types: [6]
nodes.shift keys: [0, 1, 2]
nodes.count keys: [0, 1, 2]
links.meta: {5: (2, 2), 6: (2, 1), 7: (1, 1), 2: (2, 2), 8: (2, 2), 0: (1, 1), 3: (1, 0), 4: (1, 1), 1: (2, 2), 10: (2, 2), 9: (2, 2)}
t_type about to use: 1
h_type: 2
shift dict: {0: 0, 1: 188, 2: 746}
count dict: Counter({2: 940, 1: 558, 0: 188})
Generated 902 negative samples for edge type 6
Epoch 00010, Step00000 | Train_Loss: 0.6010 | Time: 0.0216
Epoch 00010 | Val_Loss 0.7134 | Time(s) 0.0083
EarlyStopping counter: 2 out of 40
Getting training negative samples for edge types: [6]
nodes.shift keys: [0, 1, 2]
nodes.count keys: [0, 1, 2]
links.meta: {5: (2, 2), 6: (2, 1), 7: (1, 1), 2: (2, 2), 8: (2, 2), 0: (1, 1), 3: (1, 0), 4: (1, 1), 1: (2, 2), 10: (2, 2), 9: (2, 2)}
t_type about to use: 1
h_type: 2
shift dict: {0: 0, 1: 188, 2: 746}
count dict: Counter({2: 940, 1: 558, 0: 188})
Generated 902 negative samples for edge type 6
Epoch 00011, Step00000 | Train_Loss: 0.5913 | Time: 0.0205
Epoch 00011 | Val_Loss 0.7537 | Time(s) 0.0089
EarlyStopping counter: 3 out of 40
Getting training negative samples for edge types: [6]
nodes.shift keys: [0, 1, 2]
nodes.count keys: [0, 1, 2]
links.meta: {5: (2, 2), 6: (2, 1), 7: (1, 1), 2: (2, 2), 8: (2, 2), 0: (1, 1), 3: (1, 0), 4: (1, 1), 1: (2, 2), 10: (2, 2), 9: (2, 2)}
t_type about to use: 1
h_type: 2
shift dict: {0: 0, 1: 188, 2: 746}
count dict: Counter({2: 940, 1: 558, 0: 188})
Generated 902 negative samples for edge type 6
Epoch 00012, Step00000 | Train_Loss: 0.5829 | Time: 0.0224
Epoch 00012 | Val_Loss 0.7499 | Time(s) 0.0070
EarlyStopping counter: 4 out of 40
Getting training negative samples for edge types: [6]
nodes.shift keys: [0, 1, 2]
nodes.count keys: [0, 1, 2]
links.meta: {5: (2, 2), 6: (2, 1), 7: (1, 1), 2: (2, 2), 8: (2, 2), 0: (1, 1), 3: (1, 0), 4: (1, 1), 1: (2, 2), 10: (2, 2), 9: (2, 2)}
t_type about to use: 1
h_type: 2
shift dict: {0: 0, 1: 188, 2: 746}
count dict: Counter({2: 940, 1: 558, 0: 188})
Generated 902 negative samples for edge type 6
Epoch 00013, Step00000 | Train_Loss: 0.5906 | Time: 0.0198
Epoch 00013 | Val_Loss 0.8259 | Time(s) 0.0078
EarlyStopping counter: 5 out of 40
Getting training negative samples for edge types: [6]
nodes.shift keys: [0, 1, 2]
nodes.count keys: [0, 1, 2]
links.meta: {5: (2, 2), 6: (2, 1), 7: (1, 1), 2: (2, 2), 8: (2, 2), 0: (1, 1), 3: (1, 0), 4: (1, 1), 1: (2, 2), 10: (2, 2), 9: (2, 2)}
t_type about to use: 1
h_type: 2
shift dict: {0: 0, 1: 188, 2: 746}
count dict: Counter({2: 940, 1: 558, 0: 188})
Generated 902 negative samples for edge type 6
Epoch 00014, Step00000 | Train_Loss: 0.5661 | Time: 0.0201
Epoch 00014 | Val_Loss 0.8189 | Time(s) 0.0085
EarlyStopping counter: 6 out of 40
Getting training negative samples for edge types: [6]
nodes.shift keys: [0, 1, 2]
nodes.count keys: [0, 1, 2]
links.meta: {5: (2, 2), 6: (2, 1), 7: (1, 1), 2: (2, 2), 8: (2, 2), 0: (1, 1), 3: (1, 0), 4: (1, 1), 1: (2, 2), 10: (2, 2), 9: (2, 2)}
t_type about to use: 1
h_type: 2
shift dict: {0: 0, 1: 188, 2: 746}
count dict: Counter({2: 940, 1: 558, 0: 188})
Generated 902 negative samples for edge type 6
Epoch 00015, Step00000 | Train_Loss: 0.5778 | Time: 0.0197
Epoch 00015 | Val_Loss 0.9501 | Time(s) 0.0085
EarlyStopping counter: 7 out of 40
Getting training negative samples for edge types: [6]
nodes.shift keys: [0, 1, 2]
nodes.count keys: [0, 1, 2]
links.meta: {5: (2, 2), 6: (2, 1), 7: (1, 1), 2: (2, 2), 8: (2, 2), 0: (1, 1), 3: (1, 0), 4: (1, 1), 1: (2, 2), 10: (2, 2), 9: (2, 2)}
t_type about to use: 1
h_type: 2
shift dict: {0: 0, 1: 188, 2: 746}
count dict: Counter({2: 940, 1: 558, 0: 188})
Generated 902 negative samples for edge type 6
Epoch 00016, Step00000 | Train_Loss: 0.5702 | Time: 0.0199
Epoch 00016 | Val_Loss 0.9614 | Time(s) 0.0085
EarlyStopping counter: 8 out of 40
Getting training negative samples for edge types: [6]
nodes.shift keys: [0, 1, 2]
nodes.count keys: [0, 1, 2]
links.meta: {5: (2, 2), 6: (2, 1), 7: (1, 1), 2: (2, 2), 8: (2, 2), 0: (1, 1), 3: (1, 0), 4: (1, 1), 1: (2, 2), 10: (2, 2), 9: (2, 2)}
t_type about to use: 1
h_type: 2
shift dict: {0: 0, 1: 188, 2: 746}
count dict: Counter({2: 940, 1: 558, 0: 188})
Generated 902 negative samples for edge type 6
Epoch 00017, Step00000 | Train_Loss: 0.5575 | Time: 0.0206
Epoch 00017 | Val_Loss 0.9466 | Time(s) 0.0091
EarlyStopping counter: 9 out of 40
Getting training negative samples for edge types: [6]
nodes.shift keys: [0, 1, 2]
nodes.count keys: [0, 1, 2]
links.meta: {5: (2, 2), 6: (2, 1), 7: (1, 1), 2: (2, 2), 8: (2, 2), 0: (1, 1), 3: (1, 0), 4: (1, 1), 1: (2, 2), 10: (2, 2), 9: (2, 2)}
t_type about to use: 1
h_type: 2
shift dict: {0: 0, 1: 188, 2: 746}
count dict: Counter({2: 940, 1: 558, 0: 188})
Generated 902 negative samples for edge type 6
Epoch 00018, Step00000 | Train_Loss: 0.5671 | Time: 0.0197
Epoch 00018 | Val_Loss 0.9615 | Time(s) 0.0082
EarlyStopping counter: 10 out of 40
Getting training negative samples for edge types: [6]
nodes.shift keys: [0, 1, 2]
nodes.count keys: [0, 1, 2]
links.meta: {5: (2, 2), 6: (2, 1), 7: (1, 1), 2: (2, 2), 8: (2, 2), 0: (1, 1), 3: (1, 0), 4: (1, 1), 1: (2, 2), 10: (2, 2), 9: (2, 2)}
t_type about to use: 1
h_type: 2
shift dict: {0: 0, 1: 188, 2: 746}
count dict: Counter({2: 940, 1: 558, 0: 188})
Generated 902 negative samples for edge type 6
Epoch 00019, Step00000 | Train_Loss: 0.5573 | Time: 0.0207
Epoch 00019 | Val_Loss 0.9311 | Time(s) 0.0087
EarlyStopping counter: 11 out of 40
Getting training negative samples for edge types: [6]
nodes.shift keys: [0, 1, 2]
nodes.count keys: [0, 1, 2]
links.meta: {5: (2, 2), 6: (2, 1), 7: (1, 1), 2: (2, 2), 8: (2, 2), 0: (1, 1), 3: (1, 0), 4: (1, 1), 1: (2, 2), 10: (2, 2), 9: (2, 2)}
t_type about to use: 1
h_type: 2
shift dict: {0: 0, 1: 188, 2: 746}
count dict: Counter({2: 940, 1: 558, 0: 188})
Generated 902 negative samples for edge type 6
Epoch 00020, Step00000 | Train_Loss: 0.5559 | Time: 0.0210
Epoch 00020 | Val_Loss 1.0395 | Time(s) 0.0083
EarlyStopping counter: 12 out of 40
Getting training negative samples for edge types: [6]
nodes.shift keys: [0, 1, 2]
nodes.count keys: [0, 1, 2]
links.meta: {5: (2, 2), 6: (2, 1), 7: (1, 1), 2: (2, 2), 8: (2, 2), 0: (1, 1), 3: (1, 0), 4: (1, 1), 1: (2, 2), 10: (2, 2), 9: (2, 2)}
t_type about to use: 1
h_type: 2
shift dict: {0: 0, 1: 188, 2: 746}
count dict: Counter({2: 940, 1: 558, 0: 188})
Generated 902 negative samples for edge type 6
Epoch 00021, Step00000 | Train_Loss: 0.5673 | Time: 0.0201
Epoch 00021 | Val_Loss 1.0515 | Time(s) 0.0089
EarlyStopping counter: 13 out of 40
Getting training negative samples for edge types: [6]
nodes.shift keys: [0, 1, 2]
nodes.count keys: [0, 1, 2]
links.meta: {5: (2, 2), 6: (2, 1), 7: (1, 1), 2: (2, 2), 8: (2, 2), 0: (1, 1), 3: (1, 0), 4: (1, 1), 1: (2, 2), 10: (2, 2), 9: (2, 2)}
t_type about to use: 1
h_type: 2
shift dict: {0: 0, 1: 188, 2: 746}
count dict: Counter({2: 940, 1: 558, 0: 188})
Generated 902 negative samples for edge type 6
Epoch 00022, Step00000 | Train_Loss: 0.5481 | Time: 0.0197
Epoch 00022 | Val_Loss 1.0926 | Time(s) 0.0082
EarlyStopping counter: 14 out of 40
Getting training negative samples for edge types: [6]
nodes.shift keys: [0, 1, 2]
nodes.count keys: [0, 1, 2]
links.meta: {5: (2, 2), 6: (2, 1), 7: (1, 1), 2: (2, 2), 8: (2, 2), 0: (1, 1), 3: (1, 0), 4: (1, 1), 1: (2, 2), 10: (2, 2), 9: (2, 2)}
t_type about to use: 1
h_type: 2
shift dict: {0: 0, 1: 188, 2: 746}
count dict: Counter({2: 940, 1: 558, 0: 188})
Generated 902 negative samples for edge type 6
Epoch 00023, Step00000 | Train_Loss: 0.5545 | Time: 0.0205
Epoch 00023 | Val_Loss 1.1015 | Time(s) 0.0082
EarlyStopping counter: 15 out of 40
Getting training negative samples for edge types: [6]
nodes.shift keys: [0, 1, 2]
nodes.count keys: [0, 1, 2]
links.meta: {5: (2, 2), 6: (2, 1), 7: (1, 1), 2: (2, 2), 8: (2, 2), 0: (1, 1), 3: (1, 0), 4: (1, 1), 1: (2, 2), 10: (2, 2), 9: (2, 2)}
t_type about to use: 1
h_type: 2
shift dict: {0: 0, 1: 188, 2: 746}
count dict: Counter({2: 940, 1: 558, 0: 188})
Generated 902 negative samples for edge type 6
Epoch 00024, Step00000 | Train_Loss: 0.5538 | Time: 0.0200
Epoch 00024 | Val_Loss 1.0065 | Time(s) 0.0088
EarlyStopping counter: 16 out of 40
Getting training negative samples for edge types: [6]
nodes.shift keys: [0, 1, 2]
nodes.count keys: [0, 1, 2]
links.meta: {5: (2, 2), 6: (2, 1), 7: (1, 1), 2: (2, 2), 8: (2, 2), 0: (1, 1), 3: (1, 0), 4: (1, 1), 1: (2, 2), 10: (2, 2), 9: (2, 2)}
t_type about to use: 1
h_type: 2
shift dict: {0: 0, 1: 188, 2: 746}
count dict: Counter({2: 940, 1: 558, 0: 188})
Generated 902 negative samples for edge type 6
Epoch 00025, Step00000 | Train_Loss: 0.5632 | Time: 0.0203
Epoch 00025 | Val_Loss 0.9617 | Time(s) 0.0089
EarlyStopping counter: 17 out of 40
Getting training negative samples for edge types: [6]
nodes.shift keys: [0, 1, 2]
nodes.count keys: [0, 1, 2]
links.meta: {5: (2, 2), 6: (2, 1), 7: (1, 1), 2: (2, 2), 8: (2, 2), 0: (1, 1), 3: (1, 0), 4: (1, 1), 1: (2, 2), 10: (2, 2), 9: (2, 2)}
t_type about to use: 1
h_type: 2
shift dict: {0: 0, 1: 188, 2: 746}
count dict: Counter({2: 940, 1: 558, 0: 188})
Generated 902 negative samples for edge type 6
Epoch 00026, Step00000 | Train_Loss: 0.5628 | Time: 0.0225
Epoch 00026 | Val_Loss 0.9580 | Time(s) 0.0087
EarlyStopping counter: 18 out of 40
Getting training negative samples for edge types: [6]
nodes.shift keys: [0, 1, 2]
nodes.count keys: [0, 1, 2]
links.meta: {5: (2, 2), 6: (2, 1), 7: (1, 1), 2: (2, 2), 8: (2, 2), 0: (1, 1), 3: (1, 0), 4: (1, 1), 1: (2, 2), 10: (2, 2), 9: (2, 2)}
t_type about to use: 1
h_type: 2
shift dict: {0: 0, 1: 188, 2: 746}
count dict: Counter({2: 940, 1: 558, 0: 188})
Generated 902 negative samples for edge type 6
Epoch 00027, Step00000 | Train_Loss: 0.5359 | Time: 0.0197
Epoch 00027 | Val_Loss 0.9536 | Time(s) 0.0070
EarlyStopping counter: 19 out of 40
Getting training negative samples for edge types: [6]
nodes.shift keys: [0, 1, 2]
nodes.count keys: [0, 1, 2]
links.meta: {5: (2, 2), 6: (2, 1), 7: (1, 1), 2: (2, 2), 8: (2, 2), 0: (1, 1), 3: (1, 0), 4: (1, 1), 1: (2, 2), 10: (2, 2), 9: (2, 2)}
t_type about to use: 1
h_type: 2
shift dict: {0: 0, 1: 188, 2: 746}
count dict: Counter({2: 940, 1: 558, 0: 188})
Generated 902 negative samples for edge type 6
Epoch 00028, Step00000 | Train_Loss: 0.5368 | Time: 0.0203
Epoch 00028 | Val_Loss 0.9130 | Time(s) 0.0086
EarlyStopping counter: 20 out of 40
Getting training negative samples for edge types: [6]
nodes.shift keys: [0, 1, 2]
nodes.count keys: [0, 1, 2]
links.meta: {5: (2, 2), 6: (2, 1), 7: (1, 1), 2: (2, 2), 8: (2, 2), 0: (1, 1), 3: (1, 0), 4: (1, 1), 1: (2, 2), 10: (2, 2), 9: (2, 2)}
t_type about to use: 1
h_type: 2
shift dict: {0: 0, 1: 188, 2: 746}
count dict: Counter({2: 940, 1: 558, 0: 188})
Generated 902 negative samples for edge type 6
Epoch 00029, Step00000 | Train_Loss: 0.5266 | Time: 0.0215
Epoch 00029 | Val_Loss 0.8746 | Time(s) 0.0091
EarlyStopping counter: 21 out of 40
Getting training negative samples for edge types: [6]
nodes.shift keys: [0, 1, 2]
nodes.count keys: [0, 1, 2]
links.meta: {5: (2, 2), 6: (2, 1), 7: (1, 1), 2: (2, 2), 8: (2, 2), 0: (1, 1), 3: (1, 0), 4: (1, 1), 1: (2, 2), 10: (2, 2), 9: (2, 2)}
t_type about to use: 1
h_type: 2
shift dict: {0: 0, 1: 188, 2: 746}
count dict: Counter({2: 940, 1: 558, 0: 188})
Generated 902 negative samples for edge type 6
Epoch 00030, Step00000 | Train_Loss: 0.5464 | Time: 0.0198
Epoch 00030 | Val_Loss 0.9501 | Time(s) 0.0073
EarlyStopping counter: 22 out of 40
Getting training negative samples for edge types: [6]
nodes.shift keys: [0, 1, 2]
nodes.count keys: [0, 1, 2]
links.meta: {5: (2, 2), 6: (2, 1), 7: (1, 1), 2: (2, 2), 8: (2, 2), 0: (1, 1), 3: (1, 0), 4: (1, 1), 1: (2, 2), 10: (2, 2), 9: (2, 2)}
t_type about to use: 1
h_type: 2
shift dict: {0: 0, 1: 188, 2: 746}
count dict: Counter({2: 940, 1: 558, 0: 188})
Generated 902 negative samples for edge type 6
Epoch 00031, Step00000 | Train_Loss: 0.5322 | Time: 0.0216
Epoch 00031 | Val_Loss 0.7884 | Time(s) 0.0087
EarlyStopping counter: 23 out of 40
Getting training negative samples for edge types: [6]
nodes.shift keys: [0, 1, 2]
nodes.count keys: [0, 1, 2]
links.meta: {5: (2, 2), 6: (2, 1), 7: (1, 1), 2: (2, 2), 8: (2, 2), 0: (1, 1), 3: (1, 0), 4: (1, 1), 1: (2, 2), 10: (2, 2), 9: (2, 2)}
t_type about to use: 1
h_type: 2
shift dict: {0: 0, 1: 188, 2: 746}
count dict: Counter({2: 940, 1: 558, 0: 188})
Generated 902 negative samples for edge type 6
Epoch 00032, Step00000 | Train_Loss: 0.5396 | Time: 0.0218
Epoch 00032 | Val_Loss 0.9228 | Time(s) 0.0069
EarlyStopping counter: 24 out of 40
Getting training negative samples for edge types: [6]
nodes.shift keys: [0, 1, 2]
nodes.count keys: [0, 1, 2]
links.meta: {5: (2, 2), 6: (2, 1), 7: (1, 1), 2: (2, 2), 8: (2, 2), 0: (1, 1), 3: (1, 0), 4: (1, 1), 1: (2, 2), 10: (2, 2), 9: (2, 2)}
t_type about to use: 1
h_type: 2
shift dict: {0: 0, 1: 188, 2: 746}
count dict: Counter({2: 940, 1: 558, 0: 188})
Generated 902 negative samples for edge type 6
Epoch 00033, Step00000 | Train_Loss: 0.5098 | Time: 0.0191
Epoch 00033 | Val_Loss 0.7736 | Time(s) 0.0068
EarlyStopping counter: 25 out of 40
Getting training negative samples for edge types: [6]
nodes.shift keys: [0, 1, 2]
nodes.count keys: [0, 1, 2]
links.meta: {5: (2, 2), 6: (2, 1), 7: (1, 1), 2: (2, 2), 8: (2, 2), 0: (1, 1), 3: (1, 0), 4: (1, 1), 1: (2, 2), 10: (2, 2), 9: (2, 2)}
t_type about to use: 1
h_type: 2
shift dict: {0: 0, 1: 188, 2: 746}
count dict: Counter({2: 940, 1: 558, 0: 188})
Generated 902 negative samples for edge type 6
Epoch 00034, Step00000 | Train_Loss: 0.5314 | Time: 0.0200
Epoch 00034 | Val_Loss 0.7683 | Time(s) 0.0086
EarlyStopping counter: 26 out of 40
Getting training negative samples for edge types: [6]
nodes.shift keys: [0, 1, 2]
nodes.count keys: [0, 1, 2]
links.meta: {5: (2, 2), 6: (2, 1), 7: (1, 1), 2: (2, 2), 8: (2, 2), 0: (1, 1), 3: (1, 0), 4: (1, 1), 1: (2, 2), 10: (2, 2), 9: (2, 2)}
t_type about to use: 1
h_type: 2
shift dict: {0: 0, 1: 188, 2: 746}
count dict: Counter({2: 940, 1: 558, 0: 188})
Generated 902 negative samples for edge type 6
Epoch 00035, Step00000 | Train_Loss: 0.5128 | Time: 0.0216
Epoch 00035 | Val_Loss 0.8546 | Time(s) 0.0084
EarlyStopping counter: 27 out of 40
Getting training negative samples for edge types: [6]
nodes.shift keys: [0, 1, 2]
nodes.count keys: [0, 1, 2]
links.meta: {5: (2, 2), 6: (2, 1), 7: (1, 1), 2: (2, 2), 8: (2, 2), 0: (1, 1), 3: (1, 0), 4: (1, 1), 1: (2, 2), 10: (2, 2), 9: (2, 2)}
t_type about to use: 1
h_type: 2
shift dict: {0: 0, 1: 188, 2: 746}
count dict: Counter({2: 940, 1: 558, 0: 188})
Generated 902 negative samples for edge type 6
Epoch 00036, Step00000 | Train_Loss: 0.5199 | Time: 0.0216
Epoch 00036 | Val_Loss 0.8567 | Time(s) 0.0083
EarlyStopping counter: 28 out of 40
Getting training negative samples for edge types: [6]
nodes.shift keys: [0, 1, 2]
nodes.count keys: [0, 1, 2]
links.meta: {5: (2, 2), 6: (2, 1), 7: (1, 1), 2: (2, 2), 8: (2, 2), 0: (1, 1), 3: (1, 0), 4: (1, 1), 1: (2, 2), 10: (2, 2), 9: (2, 2)}
t_type about to use: 1
h_type: 2
shift dict: {0: 0, 1: 188, 2: 746}
count dict: Counter({2: 940, 1: 558, 0: 188})
Generated 902 negative samples for edge type 6
Epoch 00037, Step00000 | Train_Loss: 0.5197 | Time: 0.0197
Epoch 00037 | Val_Loss 0.8715 | Time(s) 0.0071
EarlyStopping counter: 29 out of 40
Getting training negative samples for edge types: [6]
nodes.shift keys: [0, 1, 2]
nodes.count keys: [0, 1, 2]
links.meta: {5: (2, 2), 6: (2, 1), 7: (1, 1), 2: (2, 2), 8: (2, 2), 0: (1, 1), 3: (1, 0), 4: (1, 1), 1: (2, 2), 10: (2, 2), 9: (2, 2)}
t_type about to use: 1
h_type: 2
shift dict: {0: 0, 1: 188, 2: 746}
count dict: Counter({2: 940, 1: 558, 0: 188})
Generated 902 negative samples for edge type 6
Epoch 00038, Step00000 | Train_Loss: 0.5152 | Time: 0.0197
Epoch 00038 | Val_Loss 0.8044 | Time(s) 0.0087
EarlyStopping counter: 30 out of 40
Getting training negative samples for edge types: [6]
nodes.shift keys: [0, 1, 2]
nodes.count keys: [0, 1, 2]
links.meta: {5: (2, 2), 6: (2, 1), 7: (1, 1), 2: (2, 2), 8: (2, 2), 0: (1, 1), 3: (1, 0), 4: (1, 1), 1: (2, 2), 10: (2, 2), 9: (2, 2)}
t_type about to use: 1
h_type: 2
shift dict: {0: 0, 1: 188, 2: 746}
count dict: Counter({2: 940, 1: 558, 0: 188})
Generated 902 negative samples for edge type 6
Epoch 00039, Step00000 | Train_Loss: 0.5249 | Time: 0.0204
Epoch 00039 | Val_Loss 0.8505 | Time(s) 0.0092
EarlyStopping counter: 31 out of 40
Getting training negative samples for edge types: [6]
nodes.shift keys: [0, 1, 2]
nodes.count keys: [0, 1, 2]
links.meta: {5: (2, 2), 6: (2, 1), 7: (1, 1), 2: (2, 2), 8: (2, 2), 0: (1, 1), 3: (1, 0), 4: (1, 1), 1: (2, 2), 10: (2, 2), 9: (2, 2)}
t_type about to use: 1
h_type: 2
shift dict: {0: 0, 1: 188, 2: 746}
count dict: Counter({2: 940, 1: 558, 0: 188})
Generated 902 negative samples for edge type 6
Epoch 00040, Step00000 | Train_Loss: 0.5107 | Time: 0.0208
Epoch 00040 | Val_Loss 0.8974 | Time(s) 0.0086
EarlyStopping counter: 32 out of 40
Getting training negative samples for edge types: [6]
nodes.shift keys: [0, 1, 2]
nodes.count keys: [0, 1, 2]
links.meta: {5: (2, 2), 6: (2, 1), 7: (1, 1), 2: (2, 2), 8: (2, 2), 0: (1, 1), 3: (1, 0), 4: (1, 1), 1: (2, 2), 10: (2, 2), 9: (2, 2)}
t_type about to use: 1
h_type: 2
shift dict: {0: 0, 1: 188, 2: 746}
count dict: Counter({2: 940, 1: 558, 0: 188})
Generated 902 negative samples for edge type 6
Epoch 00041, Step00000 | Train_Loss: 0.5134 | Time: 0.0206
Epoch 00041 | Val_Loss 0.7854 | Time(s) 0.0087
EarlyStopping counter: 33 out of 40
Getting training negative samples for edge types: [6]
nodes.shift keys: [0, 1, 2]
nodes.count keys: [0, 1, 2]
links.meta: {5: (2, 2), 6: (2, 1), 7: (1, 1), 2: (2, 2), 8: (2, 2), 0: (1, 1), 3: (1, 0), 4: (1, 1), 1: (2, 2), 10: (2, 2), 9: (2, 2)}
t_type about to use: 1
h_type: 2
shift dict: {0: 0, 1: 188, 2: 746}
count dict: Counter({2: 940, 1: 558, 0: 188})
Generated 902 negative samples for edge type 6
Epoch 00042, Step00000 | Train_Loss: 0.5135 | Time: 0.0204
Epoch 00042 | Val_Loss 0.7862 | Time(s) 0.0082
EarlyStopping counter: 34 out of 40
Getting training negative samples for edge types: [6]
nodes.shift keys: [0, 1, 2]
nodes.count keys: [0, 1, 2]
links.meta: {5: (2, 2), 6: (2, 1), 7: (1, 1), 2: (2, 2), 8: (2, 2), 0: (1, 1), 3: (1, 0), 4: (1, 1), 1: (2, 2), 10: (2, 2), 9: (2, 2)}
t_type about to use: 1
h_type: 2
shift dict: {0: 0, 1: 188, 2: 746}
count dict: Counter({2: 940, 1: 558, 0: 188})
Generated 902 negative samples for edge type 6
Epoch 00043, Step00000 | Train_Loss: 0.5094 | Time: 0.0201
Epoch 00043 | Val_Loss 0.9018 | Time(s) 0.0086
EarlyStopping counter: 35 out of 40
Getting training negative samples for edge types: [6]
nodes.shift keys: [0, 1, 2]
nodes.count keys: [0, 1, 2]
links.meta: {5: (2, 2), 6: (2, 1), 7: (1, 1), 2: (2, 2), 8: (2, 2), 0: (1, 1), 3: (1, 0), 4: (1, 1), 1: (2, 2), 10: (2, 2), 9: (2, 2)}
t_type about to use: 1
h_type: 2
shift dict: {0: 0, 1: 188, 2: 746}
count dict: Counter({2: 940, 1: 558, 0: 188})
Generated 902 negative samples for edge type 6
Epoch 00044, Step00000 | Train_Loss: 0.5188 | Time: 0.0204
Epoch 00044 | Val_Loss 0.8640 | Time(s) 0.0084
EarlyStopping counter: 36 out of 40
Getting training negative samples for edge types: [6]
nodes.shift keys: [0, 1, 2]
nodes.count keys: [0, 1, 2]
links.meta: {5: (2, 2), 6: (2, 1), 7: (1, 1), 2: (2, 2), 8: (2, 2), 0: (1, 1), 3: (1, 0), 4: (1, 1), 1: (2, 2), 10: (2, 2), 9: (2, 2)}
t_type about to use: 1
h_type: 2
shift dict: {0: 0, 1: 188, 2: 746}
count dict: Counter({2: 940, 1: 558, 0: 188})
Generated 902 negative samples for edge type 6
Epoch 00045, Step00000 | Train_Loss: 0.5159 | Time: 0.0211
Epoch 00045 | Val_Loss 0.8230 | Time(s) 0.0081
EarlyStopping counter: 37 out of 40
Getting training negative samples for edge types: [6]
nodes.shift keys: [0, 1, 2]
nodes.count keys: [0, 1, 2]
links.meta: {5: (2, 2), 6: (2, 1), 7: (1, 1), 2: (2, 2), 8: (2, 2), 0: (1, 1), 3: (1, 0), 4: (1, 1), 1: (2, 2), 10: (2, 2), 9: (2, 2)}
t_type about to use: 1
h_type: 2
shift dict: {0: 0, 1: 188, 2: 746}
count dict: Counter({2: 940, 1: 558, 0: 188})
Generated 902 negative samples for edge type 6
Epoch 00046, Step00000 | Train_Loss: 0.4958 | Time: 0.0202
Epoch 00046 | Val_Loss 0.7378 | Time(s) 0.0086
EarlyStopping counter: 38 out of 40
Getting training negative samples for edge types: [6]
nodes.shift keys: [0, 1, 2]
nodes.count keys: [0, 1, 2]
links.meta: {5: (2, 2), 6: (2, 1), 7: (1, 1), 2: (2, 2), 8: (2, 2), 0: (1, 1), 3: (1, 0), 4: (1, 1), 1: (2, 2), 10: (2, 2), 9: (2, 2)}
t_type about to use: 1
h_type: 2
shift dict: {0: 0, 1: 188, 2: 746}
count dict: Counter({2: 940, 1: 558, 0: 188})
Generated 902 negative samples for edge type 6
Epoch 00047, Step00000 | Train_Loss: 0.4893 | Time: 0.0196
Epoch 00047 | Val_Loss 0.7674 | Time(s) 0.0072
EarlyStopping counter: 39 out of 40
Getting training negative samples for edge types: [6]
nodes.shift keys: [0, 1, 2]
nodes.count keys: [0, 1, 2]
links.meta: {5: (2, 2), 6: (2, 1), 7: (1, 1), 2: (2, 2), 8: (2, 2), 0: (1, 1), 3: (1, 0), 4: (1, 1), 1: (2, 2), 10: (2, 2), 9: (2, 2)}
t_type about to use: 1
h_type: 2
shift dict: {0: 0, 1: 188, 2: 746}
count dict: Counter({2: 940, 1: 558, 0: 188})
Generated 902 negative samples for edge type 6
Epoch 00048, Step00000 | Train_Loss: 0.5050 | Time: 0.0199
Epoch 00048 | Val_Loss 0.8283 | Time(s) 0.0085
EarlyStopping counter: 40 out of 40
Early stopping!
Early stopping!
Meta keys: dict_keys([6])
Data keys: dict_keys([6])
Edge type: 6, Meta: (2, 1)
{'roc_auc': 0.5134900340938894, 'MRR': 0.749113475177305}
{'roc_auc': 0.6590953433922997, 'MRR': 0.7923843296183722}
defaultdict(<class 'float'>, {'roc_auc': 0.5134900340938894, 'MRR': 0.749113475177305})
defaultdict(<class 'float'>, {'roc_auc': 0.6590953433922997, 'MRR': 0.7923843296183722})
Completed: amazon_style_cct_features_securebert_fold_5

=== Repetition 4/6 ===
--------------------------------------
Running model: SimpleHGN
Dataset: amazon_style_cct_features_securebert_fold_1
--------------------------------------
Data path: ../../data/amazon_style_cct_features_securebert_fold_1
Loading nodes from ../../data/amazon_style_cct_features_securebert_fold_1/node.dat
edge types: dict_keys([6, 3, 5, 7, 4, 8, 0, 2, 1, 9, 10])
Getting training negative samples for edge types: [6]
nodes.shift keys: [0, 1, 2]
nodes.count keys: [0, 1, 2]
links.meta: {6: (2, 1), 3: (1, 0), 5: (2, 2), 7: (1, 1), 4: (1, 1), 8: (2, 2), 0: (1, 1), 2: (2, 2), 1: (2, 2), 9: (2, 2), 10: (2, 2)}
t_type about to use: 1
h_type: 2
shift dict: {0: 0, 1: 188, 2: 746}
count dict: Counter({2: 940, 1: 558, 0: 188})
Generated 910 negative samples for edge type 6
Features List: [array([[ 0.00445206,  0.01268557,  0.22351578, ..., -0.28678206,
        -0.37460288,  0.18294938],
       [-0.18744846,  0.07075578,  0.0476894 , ..., -0.2232531 ,
        -0.19588573,  0.47988179],
       [-0.17451471, -0.04557271,  0.15712288, ..., -0.05391889,
        -0.20500693,  0.23744845],
       ...,
       [-0.40584856,  0.04715464,  0.24475315, ..., -0.12466257,
        -0.2035536 ,  0.28577447],
       [-0.18835557,  0.03822717,  0.03586731, ..., -0.23435652,
        -0.35453227,  0.38753107],
       [-0.13632202,  0.14362322,  0.08668749, ..., -0.24145249,
        -0.25799868,  0.26464131]]), array([[ 0.00791158, -0.00538086, -0.02676104, ..., -0.01897389,
        -0.01306979, -0.00084801],
       [ 0.01682901, -0.00649696, -0.01921631, ..., -0.01401017,
        -0.0039668 , -0.02202195],
       [ 0.02197852, -0.01403735, -0.05225722, ...,  0.02019661,
         0.00528841,  0.0033033 ],
       ...,
       [ 0.01603197,  0.00716993, -0.01245602, ..., -0.01399604,
        -0.00058955, -0.0256807 ],
       [ 0.01039577,  0.02045547, -0.02146293, ...,  0.01017929,
         0.02390171,  0.00134994],
       [ 0.00462414,  0.0041195 , -0.0135733 , ..., -0.01101827,
         0.00813001,  0.0203817 ]]), array([[ 0.00087804,  0.00658507, -0.02514569, ..., -0.04238372,
         0.00850771, -0.02565438],
       [-0.0006986 ,  0.01542003, -0.03227317, ..., -0.01301633,
         0.01559736, -0.03614859],
       [-0.01135348,  0.00974955, -0.01812623, ..., -0.01920343,
         0.00887381, -0.0152928 ],
       ...,
       [ 0.00701895, -0.01539859, -0.03025482, ..., -0.03644368,
         0.01254067, -0.0236606 ],
       [-0.00414097,  0.00144739, -0.05197839, ...,  0.00216818,
         0.02755725, -0.03143983],
       [ 0.01779867, -0.02493452, -0.0391779 , ..., -0.01159797,
        -0.00619852, -0.02449675]])]
Getting training negative samples for edge types: [6]
nodes.shift keys: [0, 1, 2]
nodes.count keys: [0, 1, 2]
links.meta: {6: (2, 1), 3: (1, 0), 5: (2, 2), 7: (1, 1), 4: (1, 1), 8: (2, 2), 0: (1, 1), 2: (2, 2), 1: (2, 2), 9: (2, 2), 10: (2, 2)}
t_type about to use: 1
h_type: 2
shift dict: {0: 0, 1: 188, 2: 746}
count dict: Counter({2: 940, 1: 558, 0: 188})
Generated 910 negative samples for edge type 6
Epoch 00000, Step00000 | Train_Loss: 0.6917 | Time: 0.5206
Epoch 00000 | Val_Loss 0.6878 | Time(s) 0.0073
Validation loss decreased (inf --> 0.687775).  Saving model ...
Getting training negative samples for edge types: [6]
nodes.shift keys: [0, 1, 2]
nodes.count keys: [0, 1, 2]
links.meta: {6: (2, 1), 3: (1, 0), 5: (2, 2), 7: (1, 1), 4: (1, 1), 8: (2, 2), 0: (1, 1), 2: (2, 2), 1: (2, 2), 9: (2, 2), 10: (2, 2)}
t_type about to use: 1
h_type: 2
shift dict: {0: 0, 1: 188, 2: 746}
count dict: Counter({2: 940, 1: 558, 0: 188})
Generated 910 negative samples for edge type 6
Epoch 00001, Step00000 | Train_Loss: 0.6847 | Time: 0.0211
Epoch 00001 | Val_Loss 0.6817 | Time(s) 0.0086
Validation loss decreased (0.687775 --> 0.681700).  Saving model ...
Getting training negative samples for edge types: [6]
nodes.shift keys: [0, 1, 2]
nodes.count keys: [0, 1, 2]
links.meta: {6: (2, 1), 3: (1, 0), 5: (2, 2), 7: (1, 1), 4: (1, 1), 8: (2, 2), 0: (1, 1), 2: (2, 2), 1: (2, 2), 9: (2, 2), 10: (2, 2)}
t_type about to use: 1
h_type: 2
shift dict: {0: 0, 1: 188, 2: 746}
count dict: Counter({2: 940, 1: 558, 0: 188})
Generated 910 negative samples for edge type 6
Epoch 00002, Step00000 | Train_Loss: 0.6751 | Time: 0.0247
Epoch 00002 | Val_Loss 0.6682 | Time(s) 0.0108
Validation loss decreased (0.681700 --> 0.668168).  Saving model ...
Getting training negative samples for edge types: [6]
nodes.shift keys: [0, 1, 2]
nodes.count keys: [0, 1, 2]
links.meta: {6: (2, 1), 3: (1, 0), 5: (2, 2), 7: (1, 1), 4: (1, 1), 8: (2, 2), 0: (1, 1), 2: (2, 2), 1: (2, 2), 9: (2, 2), 10: (2, 2)}
t_type about to use: 1
h_type: 2
shift dict: {0: 0, 1: 188, 2: 746}
count dict: Counter({2: 940, 1: 558, 0: 188})
Generated 910 negative samples for edge type 6
Epoch 00003, Step00000 | Train_Loss: 0.6679 | Time: 0.0218
Epoch 00003 | Val_Loss 0.6564 | Time(s) 0.0079
Validation loss decreased (0.668168 --> 0.656366).  Saving model ...
Getting training negative samples for edge types: [6]
nodes.shift keys: [0, 1, 2]
nodes.count keys: [0, 1, 2]
links.meta: {6: (2, 1), 3: (1, 0), 5: (2, 2), 7: (1, 1), 4: (1, 1), 8: (2, 2), 0: (1, 1), 2: (2, 2), 1: (2, 2), 9: (2, 2), 10: (2, 2)}
t_type about to use: 1
h_type: 2
shift dict: {0: 0, 1: 188, 2: 746}
count dict: Counter({2: 940, 1: 558, 0: 188})
Generated 910 negative samples for edge type 6
Epoch 00004, Step00000 | Train_Loss: 0.6520 | Time: 0.0258
Epoch 00004 | Val_Loss 0.6537 | Time(s) 0.0123
Validation loss decreased (0.656366 --> 0.653685).  Saving model ...
Getting training negative samples for edge types: [6]
nodes.shift keys: [0, 1, 2]
nodes.count keys: [0, 1, 2]
links.meta: {6: (2, 1), 3: (1, 0), 5: (2, 2), 7: (1, 1), 4: (1, 1), 8: (2, 2), 0: (1, 1), 2: (2, 2), 1: (2, 2), 9: (2, 2), 10: (2, 2)}
t_type about to use: 1
h_type: 2
shift dict: {0: 0, 1: 188, 2: 746}
count dict: Counter({2: 940, 1: 558, 0: 188})
Generated 910 negative samples for edge type 6
Epoch 00005, Step00000 | Train_Loss: 0.6413 | Time: 0.0235
Epoch 00005 | Val_Loss 0.6960 | Time(s) 0.0085
EarlyStopping counter: 1 out of 40
Getting training negative samples for edge types: [6]
nodes.shift keys: [0, 1, 2]
nodes.count keys: [0, 1, 2]
links.meta: {6: (2, 1), 3: (1, 0), 5: (2, 2), 7: (1, 1), 4: (1, 1), 8: (2, 2), 0: (1, 1), 2: (2, 2), 1: (2, 2), 9: (2, 2), 10: (2, 2)}
t_type about to use: 1
h_type: 2
shift dict: {0: 0, 1: 188, 2: 746}
count dict: Counter({2: 940, 1: 558, 0: 188})
Generated 910 negative samples for edge type 6
Epoch 00006, Step00000 | Train_Loss: 0.6267 | Time: 0.0202
Epoch 00006 | Val_Loss 0.6883 | Time(s) 0.0086
EarlyStopping counter: 2 out of 40
Getting training negative samples for edge types: [6]
nodes.shift keys: [0, 1, 2]
nodes.count keys: [0, 1, 2]
links.meta: {6: (2, 1), 3: (1, 0), 5: (2, 2), 7: (1, 1), 4: (1, 1), 8: (2, 2), 0: (1, 1), 2: (2, 2), 1: (2, 2), 9: (2, 2), 10: (2, 2)}
t_type about to use: 1
h_type: 2
shift dict: {0: 0, 1: 188, 2: 746}
count dict: Counter({2: 940, 1: 558, 0: 188})
Generated 910 negative samples for edge type 6
Epoch 00007, Step00000 | Train_Loss: 0.6098 | Time: 0.0206
Epoch 00007 | Val_Loss 0.6680 | Time(s) 0.0084
EarlyStopping counter: 3 out of 40
Getting training negative samples for edge types: [6]
nodes.shift keys: [0, 1, 2]
nodes.count keys: [0, 1, 2]
links.meta: {6: (2, 1), 3: (1, 0), 5: (2, 2), 7: (1, 1), 4: (1, 1), 8: (2, 2), 0: (1, 1), 2: (2, 2), 1: (2, 2), 9: (2, 2), 10: (2, 2)}
t_type about to use: 1
h_type: 2
shift dict: {0: 0, 1: 188, 2: 746}
count dict: Counter({2: 940, 1: 558, 0: 188})
Generated 910 negative samples for edge type 6
Epoch 00008, Step00000 | Train_Loss: 0.6035 | Time: 0.0204
Epoch 00008 | Val_Loss 0.7330 | Time(s) 0.0089
EarlyStopping counter: 4 out of 40
Getting training negative samples for edge types: [6]
nodes.shift keys: [0, 1, 2]
nodes.count keys: [0, 1, 2]
links.meta: {6: (2, 1), 3: (1, 0), 5: (2, 2), 7: (1, 1), 4: (1, 1), 8: (2, 2), 0: (1, 1), 2: (2, 2), 1: (2, 2), 9: (2, 2), 10: (2, 2)}
t_type about to use: 1
h_type: 2
shift dict: {0: 0, 1: 188, 2: 746}
count dict: Counter({2: 940, 1: 558, 0: 188})
Generated 910 negative samples for edge type 6
Epoch 00009, Step00000 | Train_Loss: 0.5943 | Time: 0.0202
Epoch 00009 | Val_Loss 0.7592 | Time(s) 0.0083
EarlyStopping counter: 5 out of 40
Getting training negative samples for edge types: [6]
nodes.shift keys: [0, 1, 2]
nodes.count keys: [0, 1, 2]
links.meta: {6: (2, 1), 3: (1, 0), 5: (2, 2), 7: (1, 1), 4: (1, 1), 8: (2, 2), 0: (1, 1), 2: (2, 2), 1: (2, 2), 9: (2, 2), 10: (2, 2)}
t_type about to use: 1
h_type: 2
shift dict: {0: 0, 1: 188, 2: 746}
count dict: Counter({2: 940, 1: 558, 0: 188})
Generated 910 negative samples for edge type 6
Epoch 00010, Step00000 | Train_Loss: 0.5767 | Time: 0.0203
Epoch 00010 | Val_Loss 0.7603 | Time(s) 0.0087
EarlyStopping counter: 6 out of 40
Getting training negative samples for edge types: [6]
nodes.shift keys: [0, 1, 2]
nodes.count keys: [0, 1, 2]
links.meta: {6: (2, 1), 3: (1, 0), 5: (2, 2), 7: (1, 1), 4: (1, 1), 8: (2, 2), 0: (1, 1), 2: (2, 2), 1: (2, 2), 9: (2, 2), 10: (2, 2)}
t_type about to use: 1
h_type: 2
shift dict: {0: 0, 1: 188, 2: 746}
count dict: Counter({2: 940, 1: 558, 0: 188})
Generated 910 negative samples for edge type 6
Epoch 00011, Step00000 | Train_Loss: 0.5631 | Time: 0.0202
Epoch 00011 | Val_Loss 0.8167 | Time(s) 0.0083
EarlyStopping counter: 7 out of 40
Getting training negative samples for edge types: [6]
nodes.shift keys: [0, 1, 2]
nodes.count keys: [0, 1, 2]
links.meta: {6: (2, 1), 3: (1, 0), 5: (2, 2), 7: (1, 1), 4: (1, 1), 8: (2, 2), 0: (1, 1), 2: (2, 2), 1: (2, 2), 9: (2, 2), 10: (2, 2)}
t_type about to use: 1
h_type: 2
shift dict: {0: 0, 1: 188, 2: 746}
count dict: Counter({2: 940, 1: 558, 0: 188})
Generated 910 negative samples for edge type 6
Epoch 00012, Step00000 | Train_Loss: 0.5490 | Time: 0.0198
Epoch 00012 | Val_Loss 0.7634 | Time(s) 0.0085
EarlyStopping counter: 8 out of 40
Getting training negative samples for edge types: [6]
nodes.shift keys: [0, 1, 2]
nodes.count keys: [0, 1, 2]
links.meta: {6: (2, 1), 3: (1, 0), 5: (2, 2), 7: (1, 1), 4: (1, 1), 8: (2, 2), 0: (1, 1), 2: (2, 2), 1: (2, 2), 9: (2, 2), 10: (2, 2)}
t_type about to use: 1
h_type: 2
shift dict: {0: 0, 1: 188, 2: 746}
count dict: Counter({2: 940, 1: 558, 0: 188})
Generated 910 negative samples for edge type 6
Epoch 00013, Step00000 | Train_Loss: 0.5650 | Time: 0.0204
Epoch 00013 | Val_Loss 0.7888 | Time(s) 0.0085
EarlyStopping counter: 9 out of 40
Getting training negative samples for edge types: [6]
nodes.shift keys: [0, 1, 2]
nodes.count keys: [0, 1, 2]
links.meta: {6: (2, 1), 3: (1, 0), 5: (2, 2), 7: (1, 1), 4: (1, 1), 8: (2, 2), 0: (1, 1), 2: (2, 2), 1: (2, 2), 9: (2, 2), 10: (2, 2)}
t_type about to use: 1
h_type: 2
shift dict: {0: 0, 1: 188, 2: 746}
count dict: Counter({2: 940, 1: 558, 0: 188})
Generated 910 negative samples for edge type 6
Epoch 00014, Step00000 | Train_Loss: 0.5536 | Time: 0.0201
Epoch 00014 | Val_Loss 0.8382 | Time(s) 0.0088
EarlyStopping counter: 10 out of 40
Getting training negative samples for edge types: [6]
nodes.shift keys: [0, 1, 2]
nodes.count keys: [0, 1, 2]
links.meta: {6: (2, 1), 3: (1, 0), 5: (2, 2), 7: (1, 1), 4: (1, 1), 8: (2, 2), 0: (1, 1), 2: (2, 2), 1: (2, 2), 9: (2, 2), 10: (2, 2)}
t_type about to use: 1
h_type: 2
shift dict: {0: 0, 1: 188, 2: 746}
count dict: Counter({2: 940, 1: 558, 0: 188})
Generated 910 negative samples for edge type 6
Epoch 00015, Step00000 | Train_Loss: 0.5497 | Time: 0.0208
Epoch 00015 | Val_Loss 0.8852 | Time(s) 0.0090
EarlyStopping counter: 11 out of 40
Getting training negative samples for edge types: [6]
nodes.shift keys: [0, 1, 2]
nodes.count keys: [0, 1, 2]
links.meta: {6: (2, 1), 3: (1, 0), 5: (2, 2), 7: (1, 1), 4: (1, 1), 8: (2, 2), 0: (1, 1), 2: (2, 2), 1: (2, 2), 9: (2, 2), 10: (2, 2)}
t_type about to use: 1
h_type: 2
shift dict: {0: 0, 1: 188, 2: 746}
count dict: Counter({2: 940, 1: 558, 0: 188})
Generated 910 negative samples for edge type 6
Epoch 00016, Step00000 | Train_Loss: 0.5468 | Time: 0.0199
Epoch 00016 | Val_Loss 0.8982 | Time(s) 0.0081
EarlyStopping counter: 12 out of 40
Getting training negative samples for edge types: [6]
nodes.shift keys: [0, 1, 2]
nodes.count keys: [0, 1, 2]
links.meta: {6: (2, 1), 3: (1, 0), 5: (2, 2), 7: (1, 1), 4: (1, 1), 8: (2, 2), 0: (1, 1), 2: (2, 2), 1: (2, 2), 9: (2, 2), 10: (2, 2)}
t_type about to use: 1
h_type: 2
shift dict: {0: 0, 1: 188, 2: 746}
count dict: Counter({2: 940, 1: 558, 0: 188})
Generated 910 negative samples for edge type 6
Epoch 00017, Step00000 | Train_Loss: 0.5614 | Time: 0.0196
Epoch 00017 | Val_Loss 0.9115 | Time(s) 0.0083
EarlyStopping counter: 13 out of 40
Getting training negative samples for edge types: [6]
nodes.shift keys: [0, 1, 2]
nodes.count keys: [0, 1, 2]
links.meta: {6: (2, 1), 3: (1, 0), 5: (2, 2), 7: (1, 1), 4: (1, 1), 8: (2, 2), 0: (1, 1), 2: (2, 2), 1: (2, 2), 9: (2, 2), 10: (2, 2)}
t_type about to use: 1
h_type: 2
shift dict: {0: 0, 1: 188, 2: 746}
count dict: Counter({2: 940, 1: 558, 0: 188})
Generated 910 negative samples for edge type 6
Epoch 00018, Step00000 | Train_Loss: 0.5467 | Time: 0.0211
Epoch 00018 | Val_Loss 1.0077 | Time(s) 0.0081
EarlyStopping counter: 14 out of 40
Getting training negative samples for edge types: [6]
nodes.shift keys: [0, 1, 2]
nodes.count keys: [0, 1, 2]
links.meta: {6: (2, 1), 3: (1, 0), 5: (2, 2), 7: (1, 1), 4: (1, 1), 8: (2, 2), 0: (1, 1), 2: (2, 2), 1: (2, 2), 9: (2, 2), 10: (2, 2)}
t_type about to use: 1
h_type: 2
shift dict: {0: 0, 1: 188, 2: 746}
count dict: Counter({2: 940, 1: 558, 0: 188})
Generated 910 negative samples for edge type 6
Epoch 00019, Step00000 | Train_Loss: 0.5486 | Time: 0.0195
Epoch 00019 | Val_Loss 0.8337 | Time(s) 0.0084
EarlyStopping counter: 15 out of 40
Getting training negative samples for edge types: [6]
nodes.shift keys: [0, 1, 2]
nodes.count keys: [0, 1, 2]
links.meta: {6: (2, 1), 3: (1, 0), 5: (2, 2), 7: (1, 1), 4: (1, 1), 8: (2, 2), 0: (1, 1), 2: (2, 2), 1: (2, 2), 9: (2, 2), 10: (2, 2)}
t_type about to use: 1
h_type: 2
shift dict: {0: 0, 1: 188, 2: 746}
count dict: Counter({2: 940, 1: 558, 0: 188})
Generated 910 negative samples for edge type 6
Epoch 00020, Step00000 | Train_Loss: 0.5443 | Time: 0.0218
Epoch 00020 | Val_Loss 0.8218 | Time(s) 0.0083
EarlyStopping counter: 16 out of 40
Getting training negative samples for edge types: [6]
nodes.shift keys: [0, 1, 2]
nodes.count keys: [0, 1, 2]
links.meta: {6: (2, 1), 3: (1, 0), 5: (2, 2), 7: (1, 1), 4: (1, 1), 8: (2, 2), 0: (1, 1), 2: (2, 2), 1: (2, 2), 9: (2, 2), 10: (2, 2)}
t_type about to use: 1
h_type: 2
shift dict: {0: 0, 1: 188, 2: 746}
count dict: Counter({2: 940, 1: 558, 0: 188})
Generated 910 negative samples for edge type 6
Epoch 00021, Step00000 | Train_Loss: 0.5394 | Time: 0.0203
Epoch 00021 | Val_Loss 0.8541 | Time(s) 0.0090
EarlyStopping counter: 17 out of 40
Getting training negative samples for edge types: [6]
nodes.shift keys: [0, 1, 2]
nodes.count keys: [0, 1, 2]
links.meta: {6: (2, 1), 3: (1, 0), 5: (2, 2), 7: (1, 1), 4: (1, 1), 8: (2, 2), 0: (1, 1), 2: (2, 2), 1: (2, 2), 9: (2, 2), 10: (2, 2)}
t_type about to use: 1
h_type: 2
shift dict: {0: 0, 1: 188, 2: 746}
count dict: Counter({2: 940, 1: 558, 0: 188})
Generated 910 negative samples for edge type 6
Epoch 00022, Step00000 | Train_Loss: 0.5427 | Time: 0.0199
Epoch 00022 | Val_Loss 0.8578 | Time(s) 0.0079
EarlyStopping counter: 18 out of 40
Getting training negative samples for edge types: [6]
nodes.shift keys: [0, 1, 2]
nodes.count keys: [0, 1, 2]
links.meta: {6: (2, 1), 3: (1, 0), 5: (2, 2), 7: (1, 1), 4: (1, 1), 8: (2, 2), 0: (1, 1), 2: (2, 2), 1: (2, 2), 9: (2, 2), 10: (2, 2)}
t_type about to use: 1
h_type: 2
shift dict: {0: 0, 1: 188, 2: 746}
count dict: Counter({2: 940, 1: 558, 0: 188})
Generated 910 negative samples for edge type 6
Epoch 00023, Step00000 | Train_Loss: 0.5363 | Time: 0.0199
Epoch 00023 | Val_Loss 0.8737 | Time(s) 0.0082
EarlyStopping counter: 19 out of 40
Getting training negative samples for edge types: [6]
nodes.shift keys: [0, 1, 2]
nodes.count keys: [0, 1, 2]
links.meta: {6: (2, 1), 3: (1, 0), 5: (2, 2), 7: (1, 1), 4: (1, 1), 8: (2, 2), 0: (1, 1), 2: (2, 2), 1: (2, 2), 9: (2, 2), 10: (2, 2)}
t_type about to use: 1
h_type: 2
shift dict: {0: 0, 1: 188, 2: 746}
count dict: Counter({2: 940, 1: 558, 0: 188})
Generated 910 negative samples for edge type 6
Epoch 00024, Step00000 | Train_Loss: 0.5414 | Time: 0.0211
Epoch 00024 | Val_Loss 0.7796 | Time(s) 0.0081
EarlyStopping counter: 20 out of 40
Getting training negative samples for edge types: [6]
nodes.shift keys: [0, 1, 2]
nodes.count keys: [0, 1, 2]
links.meta: {6: (2, 1), 3: (1, 0), 5: (2, 2), 7: (1, 1), 4: (1, 1), 8: (2, 2), 0: (1, 1), 2: (2, 2), 1: (2, 2), 9: (2, 2), 10: (2, 2)}
t_type about to use: 1
h_type: 2
shift dict: {0: 0, 1: 188, 2: 746}
count dict: Counter({2: 940, 1: 558, 0: 188})
Generated 910 negative samples for edge type 6
Epoch 00025, Step00000 | Train_Loss: 0.5283 | Time: 0.0214
Epoch 00025 | Val_Loss 0.8196 | Time(s) 0.0081
EarlyStopping counter: 21 out of 40
Getting training negative samples for edge types: [6]
nodes.shift keys: [0, 1, 2]
nodes.count keys: [0, 1, 2]
links.meta: {6: (2, 1), 3: (1, 0), 5: (2, 2), 7: (1, 1), 4: (1, 1), 8: (2, 2), 0: (1, 1), 2: (2, 2), 1: (2, 2), 9: (2, 2), 10: (2, 2)}
t_type about to use: 1
h_type: 2
shift dict: {0: 0, 1: 188, 2: 746}
count dict: Counter({2: 940, 1: 558, 0: 188})
Generated 910 negative samples for edge type 6
Epoch 00026, Step00000 | Train_Loss: 0.5244 | Time: 0.0198
Epoch 00026 | Val_Loss 0.8377 | Time(s) 0.0086
EarlyStopping counter: 22 out of 40
Getting training negative samples for edge types: [6]
nodes.shift keys: [0, 1, 2]
nodes.count keys: [0, 1, 2]
links.meta: {6: (2, 1), 3: (1, 0), 5: (2, 2), 7: (1, 1), 4: (1, 1), 8: (2, 2), 0: (1, 1), 2: (2, 2), 1: (2, 2), 9: (2, 2), 10: (2, 2)}
t_type about to use: 1
h_type: 2
shift dict: {0: 0, 1: 188, 2: 746}
count dict: Counter({2: 940, 1: 558, 0: 188})
Generated 910 negative samples for edge type 6
Epoch 00027, Step00000 | Train_Loss: 0.5342 | Time: 0.0217
Epoch 00027 | Val_Loss 0.8070 | Time(s) 0.0082
EarlyStopping counter: 23 out of 40
Getting training negative samples for edge types: [6]
nodes.shift keys: [0, 1, 2]
nodes.count keys: [0, 1, 2]
links.meta: {6: (2, 1), 3: (1, 0), 5: (2, 2), 7: (1, 1), 4: (1, 1), 8: (2, 2), 0: (1, 1), 2: (2, 2), 1: (2, 2), 9: (2, 2), 10: (2, 2)}
t_type about to use: 1
h_type: 2
shift dict: {0: 0, 1: 188, 2: 746}
count dict: Counter({2: 940, 1: 558, 0: 188})
Generated 910 negative samples for edge type 6
Epoch 00028, Step00000 | Train_Loss: 0.5371 | Time: 0.0201
Epoch 00028 | Val_Loss 0.8779 | Time(s) 0.0085
EarlyStopping counter: 24 out of 40
Getting training negative samples for edge types: [6]
nodes.shift keys: [0, 1, 2]
nodes.count keys: [0, 1, 2]
links.meta: {6: (2, 1), 3: (1, 0), 5: (2, 2), 7: (1, 1), 4: (1, 1), 8: (2, 2), 0: (1, 1), 2: (2, 2), 1: (2, 2), 9: (2, 2), 10: (2, 2)}
t_type about to use: 1
h_type: 2
shift dict: {0: 0, 1: 188, 2: 746}
count dict: Counter({2: 940, 1: 558, 0: 188})
Generated 910 negative samples for edge type 6
Epoch 00029, Step00000 | Train_Loss: 0.5200 | Time: 0.0199
Epoch 00029 | Val_Loss 0.7388 | Time(s) 0.0084
EarlyStopping counter: 25 out of 40
Getting training negative samples for edge types: [6]
nodes.shift keys: [0, 1, 2]
nodes.count keys: [0, 1, 2]
links.meta: {6: (2, 1), 3: (1, 0), 5: (2, 2), 7: (1, 1), 4: (1, 1), 8: (2, 2), 0: (1, 1), 2: (2, 2), 1: (2, 2), 9: (2, 2), 10: (2, 2)}
t_type about to use: 1
h_type: 2
shift dict: {0: 0, 1: 188, 2: 746}
count dict: Counter({2: 940, 1: 558, 0: 188})
Generated 910 negative samples for edge type 6
Epoch 00030, Step00000 | Train_Loss: 0.5236 | Time: 0.0209
Epoch 00030 | Val_Loss 0.7635 | Time(s) 0.0084
EarlyStopping counter: 26 out of 40
Getting training negative samples for edge types: [6]
nodes.shift keys: [0, 1, 2]
nodes.count keys: [0, 1, 2]
links.meta: {6: (2, 1), 3: (1, 0), 5: (2, 2), 7: (1, 1), 4: (1, 1), 8: (2, 2), 0: (1, 1), 2: (2, 2), 1: (2, 2), 9: (2, 2), 10: (2, 2)}
t_type about to use: 1
h_type: 2
shift dict: {0: 0, 1: 188, 2: 746}
count dict: Counter({2: 940, 1: 558, 0: 188})
Generated 910 negative samples for edge type 6
Epoch 00031, Step00000 | Train_Loss: 0.4946 | Time: 0.0200
Epoch 00031 | Val_Loss 0.7306 | Time(s) 0.0084
EarlyStopping counter: 27 out of 40
Getting training negative samples for edge types: [6]
nodes.shift keys: [0, 1, 2]
nodes.count keys: [0, 1, 2]
links.meta: {6: (2, 1), 3: (1, 0), 5: (2, 2), 7: (1, 1), 4: (1, 1), 8: (2, 2), 0: (1, 1), 2: (2, 2), 1: (2, 2), 9: (2, 2), 10: (2, 2)}
t_type about to use: 1
h_type: 2
shift dict: {0: 0, 1: 188, 2: 746}
count dict: Counter({2: 940, 1: 558, 0: 188})
Generated 910 negative samples for edge type 6
Epoch 00032, Step00000 | Train_Loss: 0.5045 | Time: 0.0207
Epoch 00032 | Val_Loss 0.7980 | Time(s) 0.0085
EarlyStopping counter: 28 out of 40
Getting training negative samples for edge types: [6]
nodes.shift keys: [0, 1, 2]
nodes.count keys: [0, 1, 2]
links.meta: {6: (2, 1), 3: (1, 0), 5: (2, 2), 7: (1, 1), 4: (1, 1), 8: (2, 2), 0: (1, 1), 2: (2, 2), 1: (2, 2), 9: (2, 2), 10: (2, 2)}
t_type about to use: 1
h_type: 2
shift dict: {0: 0, 1: 188, 2: 746}
count dict: Counter({2: 940, 1: 558, 0: 188})
Generated 910 negative samples for edge type 6
Epoch 00033, Step00000 | Train_Loss: 0.5215 | Time: 0.0199
Epoch 00033 | Val_Loss 0.8058 | Time(s) 0.0083
EarlyStopping counter: 29 out of 40
Getting training negative samples for edge types: [6]
nodes.shift keys: [0, 1, 2]
nodes.count keys: [0, 1, 2]
links.meta: {6: (2, 1), 3: (1, 0), 5: (2, 2), 7: (1, 1), 4: (1, 1), 8: (2, 2), 0: (1, 1), 2: (2, 2), 1: (2, 2), 9: (2, 2), 10: (2, 2)}
t_type about to use: 1
h_type: 2
shift dict: {0: 0, 1: 188, 2: 746}
count dict: Counter({2: 940, 1: 558, 0: 188})
Generated 910 negative samples for edge type 6
Epoch 00034, Step00000 | Train_Loss: 0.5226 | Time: 0.0202
Epoch 00034 | Val_Loss 0.8670 | Time(s) 0.0087
EarlyStopping counter: 30 out of 40
Getting training negative samples for edge types: [6]
nodes.shift keys: [0, 1, 2]
nodes.count keys: [0, 1, 2]
links.meta: {6: (2, 1), 3: (1, 0), 5: (2, 2), 7: (1, 1), 4: (1, 1), 8: (2, 2), 0: (1, 1), 2: (2, 2), 1: (2, 2), 9: (2, 2), 10: (2, 2)}
t_type about to use: 1
h_type: 2
shift dict: {0: 0, 1: 188, 2: 746}
count dict: Counter({2: 940, 1: 558, 0: 188})
Generated 910 negative samples for edge type 6
Epoch 00035, Step00000 | Train_Loss: 0.5063 | Time: 0.0206
Epoch 00035 | Val_Loss 0.7990 | Time(s) 0.0085
EarlyStopping counter: 31 out of 40
Getting training negative samples for edge types: [6]
nodes.shift keys: [0, 1, 2]
nodes.count keys: [0, 1, 2]
links.meta: {6: (2, 1), 3: (1, 0), 5: (2, 2), 7: (1, 1), 4: (1, 1), 8: (2, 2), 0: (1, 1), 2: (2, 2), 1: (2, 2), 9: (2, 2), 10: (2, 2)}
t_type about to use: 1
h_type: 2
shift dict: {0: 0, 1: 188, 2: 746}
count dict: Counter({2: 940, 1: 558, 0: 188})
Generated 910 negative samples for edge type 6
Epoch 00036, Step00000 | Train_Loss: 0.5065 | Time: 0.0202
Epoch 00036 | Val_Loss 0.7182 | Time(s) 0.0087
EarlyStopping counter: 32 out of 40
Getting training negative samples for edge types: [6]
nodes.shift keys: [0, 1, 2]
nodes.count keys: [0, 1, 2]
links.meta: {6: (2, 1), 3: (1, 0), 5: (2, 2), 7: (1, 1), 4: (1, 1), 8: (2, 2), 0: (1, 1), 2: (2, 2), 1: (2, 2), 9: (2, 2), 10: (2, 2)}
t_type about to use: 1
h_type: 2
shift dict: {0: 0, 1: 188, 2: 746}
count dict: Counter({2: 940, 1: 558, 0: 188})
Generated 910 negative samples for edge type 6
Epoch 00037, Step00000 | Train_Loss: 0.4955 | Time: 0.0206
Epoch 00037 | Val_Loss 0.9176 | Time(s) 0.0083
EarlyStopping counter: 33 out of 40
Getting training negative samples for edge types: [6]
nodes.shift keys: [0, 1, 2]
nodes.count keys: [0, 1, 2]
links.meta: {6: (2, 1), 3: (1, 0), 5: (2, 2), 7: (1, 1), 4: (1, 1), 8: (2, 2), 0: (1, 1), 2: (2, 2), 1: (2, 2), 9: (2, 2), 10: (2, 2)}
t_type about to use: 1
h_type: 2
shift dict: {0: 0, 1: 188, 2: 746}
count dict: Counter({2: 940, 1: 558, 0: 188})
Generated 910 negative samples for edge type 6
Epoch 00038, Step00000 | Train_Loss: 0.5082 | Time: 0.0201
Epoch 00038 | Val_Loss 0.6755 | Time(s) 0.0085
EarlyStopping counter: 34 out of 40
Getting training negative samples for edge types: [6]
nodes.shift keys: [0, 1, 2]
nodes.count keys: [0, 1, 2]
links.meta: {6: (2, 1), 3: (1, 0), 5: (2, 2), 7: (1, 1), 4: (1, 1), 8: (2, 2), 0: (1, 1), 2: (2, 2), 1: (2, 2), 9: (2, 2), 10: (2, 2)}
t_type about to use: 1
h_type: 2
shift dict: {0: 0, 1: 188, 2: 746}
count dict: Counter({2: 940, 1: 558, 0: 188})
Generated 910 negative samples for edge type 6
Epoch 00039, Step00000 | Train_Loss: 0.4860 | Time: 0.0204
Epoch 00039 | Val_Loss 0.6979 | Time(s) 0.0090
EarlyStopping counter: 35 out of 40
Getting training negative samples for edge types: [6]
nodes.shift keys: [0, 1, 2]
nodes.count keys: [0, 1, 2]
links.meta: {6: (2, 1), 3: (1, 0), 5: (2, 2), 7: (1, 1), 4: (1, 1), 8: (2, 2), 0: (1, 1), 2: (2, 2), 1: (2, 2), 9: (2, 2), 10: (2, 2)}
t_type about to use: 1
h_type: 2
shift dict: {0: 0, 1: 188, 2: 746}
count dict: Counter({2: 940, 1: 558, 0: 188})
Generated 910 negative samples for edge type 6
Epoch 00040, Step00000 | Train_Loss: 0.5127 | Time: 0.0217
Epoch 00040 | Val_Loss 0.7819 | Time(s) 0.0068
EarlyStopping counter: 36 out of 40
Getting training negative samples for edge types: [6]
nodes.shift keys: [0, 1, 2]
nodes.count keys: [0, 1, 2]
links.meta: {6: (2, 1), 3: (1, 0), 5: (2, 2), 7: (1, 1), 4: (1, 1), 8: (2, 2), 0: (1, 1), 2: (2, 2), 1: (2, 2), 9: (2, 2), 10: (2, 2)}
t_type about to use: 1
h_type: 2
shift dict: {0: 0, 1: 188, 2: 746}
count dict: Counter({2: 940, 1: 558, 0: 188})
Generated 910 negative samples for edge type 6
Epoch 00041, Step00000 | Train_Loss: 0.5200 | Time: 0.0197
Epoch 00041 | Val_Loss 0.7521 | Time(s) 0.0081
EarlyStopping counter: 37 out of 40
Getting training negative samples for edge types: [6]
nodes.shift keys: [0, 1, 2]
nodes.count keys: [0, 1, 2]
links.meta: {6: (2, 1), 3: (1, 0), 5: (2, 2), 7: (1, 1), 4: (1, 1), 8: (2, 2), 0: (1, 1), 2: (2, 2), 1: (2, 2), 9: (2, 2), 10: (2, 2)}
t_type about to use: 1
h_type: 2
shift dict: {0: 0, 1: 188, 2: 746}
count dict: Counter({2: 940, 1: 558, 0: 188})
Generated 910 negative samples for edge type 6
Epoch 00042, Step00000 | Train_Loss: 0.4853 | Time: 0.0199
Epoch 00042 | Val_Loss 0.7972 | Time(s) 0.0083
EarlyStopping counter: 38 out of 40
Getting training negative samples for edge types: [6]
nodes.shift keys: [0, 1, 2]
nodes.count keys: [0, 1, 2]
links.meta: {6: (2, 1), 3: (1, 0), 5: (2, 2), 7: (1, 1), 4: (1, 1), 8: (2, 2), 0: (1, 1), 2: (2, 2), 1: (2, 2), 9: (2, 2), 10: (2, 2)}
t_type about to use: 1
h_type: 2
shift dict: {0: 0, 1: 188, 2: 746}
count dict: Counter({2: 940, 1: 558, 0: 188})
Generated 910 negative samples for edge type 6
Epoch 00043, Step00000 | Train_Loss: 0.5154 | Time: 0.0217
Epoch 00043 | Val_Loss 0.6720 | Time(s) 0.0081
EarlyStopping counter: 39 out of 40
Getting training negative samples for edge types: [6]
nodes.shift keys: [0, 1, 2]
nodes.count keys: [0, 1, 2]
links.meta: {6: (2, 1), 3: (1, 0), 5: (2, 2), 7: (1, 1), 4: (1, 1), 8: (2, 2), 0: (1, 1), 2: (2, 2), 1: (2, 2), 9: (2, 2), 10: (2, 2)}
t_type about to use: 1
h_type: 2
shift dict: {0: 0, 1: 188, 2: 746}
count dict: Counter({2: 940, 1: 558, 0: 188})
Generated 910 negative samples for edge type 6
Epoch 00044, Step00000 | Train_Loss: 0.4968 | Time: 0.0197
Epoch 00044 | Val_Loss 0.5926 | Time(s) 0.0085
Validation loss decreased (0.653685 --> 0.592627).  Saving model ...
Getting training negative samples for edge types: [6]
nodes.shift keys: [0, 1, 2]
nodes.count keys: [0, 1, 2]
links.meta: {6: (2, 1), 3: (1, 0), 5: (2, 2), 7: (1, 1), 4: (1, 1), 8: (2, 2), 0: (1, 1), 2: (2, 2), 1: (2, 2), 9: (2, 2), 10: (2, 2)}
t_type about to use: 1
h_type: 2
shift dict: {0: 0, 1: 188, 2: 746}
count dict: Counter({2: 940, 1: 558, 0: 188})
Generated 910 negative samples for edge type 6
Epoch 00045, Step00000 | Train_Loss: 0.4969 | Time: 0.0202
Epoch 00045 | Val_Loss 0.6552 | Time(s) 0.0067
EarlyStopping counter: 1 out of 40
Getting training negative samples for edge types: [6]
nodes.shift keys: [0, 1, 2]
nodes.count keys: [0, 1, 2]
links.meta: {6: (2, 1), 3: (1, 0), 5: (2, 2), 7: (1, 1), 4: (1, 1), 8: (2, 2), 0: (1, 1), 2: (2, 2), 1: (2, 2), 9: (2, 2), 10: (2, 2)}
t_type about to use: 1
h_type: 2
shift dict: {0: 0, 1: 188, 2: 746}
count dict: Counter({2: 940, 1: 558, 0: 188})
Generated 910 negative samples for edge type 6
Epoch 00046, Step00000 | Train_Loss: 0.4943 | Time: 0.0202
Epoch 00046 | Val_Loss 0.8179 | Time(s) 0.0080
EarlyStopping counter: 2 out of 40
Getting training negative samples for edge types: [6]
nodes.shift keys: [0, 1, 2]
nodes.count keys: [0, 1, 2]
links.meta: {6: (2, 1), 3: (1, 0), 5: (2, 2), 7: (1, 1), 4: (1, 1), 8: (2, 2), 0: (1, 1), 2: (2, 2), 1: (2, 2), 9: (2, 2), 10: (2, 2)}
t_type about to use: 1
h_type: 2
shift dict: {0: 0, 1: 188, 2: 746}
count dict: Counter({2: 940, 1: 558, 0: 188})
Generated 910 negative samples for edge type 6
Epoch 00047, Step00000 | Train_Loss: 0.4809 | Time: 0.0207
Epoch 00047 | Val_Loss 0.7480 | Time(s) 0.0087
EarlyStopping counter: 3 out of 40
Getting training negative samples for edge types: [6]
nodes.shift keys: [0, 1, 2]
nodes.count keys: [0, 1, 2]
links.meta: {6: (2, 1), 3: (1, 0), 5: (2, 2), 7: (1, 1), 4: (1, 1), 8: (2, 2), 0: (1, 1), 2: (2, 2), 1: (2, 2), 9: (2, 2), 10: (2, 2)}
t_type about to use: 1
h_type: 2
shift dict: {0: 0, 1: 188, 2: 746}
count dict: Counter({2: 940, 1: 558, 0: 188})
Generated 910 negative samples for edge type 6
Epoch 00048, Step00000 | Train_Loss: 0.4800 | Time: 0.0197
Epoch 00048 | Val_Loss 0.7979 | Time(s) 0.0077
EarlyStopping counter: 4 out of 40
Getting training negative samples for edge types: [6]
nodes.shift keys: [0, 1, 2]
nodes.count keys: [0, 1, 2]
links.meta: {6: (2, 1), 3: (1, 0), 5: (2, 2), 7: (1, 1), 4: (1, 1), 8: (2, 2), 0: (1, 1), 2: (2, 2), 1: (2, 2), 9: (2, 2), 10: (2, 2)}
t_type about to use: 1
h_type: 2
shift dict: {0: 0, 1: 188, 2: 746}
count dict: Counter({2: 940, 1: 558, 0: 188})
Generated 910 negative samples for edge type 6
Epoch 00049, Step00000 | Train_Loss: 0.4732 | Time: 0.0202
Epoch 00049 | Val_Loss 0.7772 | Time(s) 0.0083
EarlyStopping counter: 5 out of 40
Getting training negative samples for edge types: [6]
nodes.shift keys: [0, 1, 2]
nodes.count keys: [0, 1, 2]
links.meta: {6: (2, 1), 3: (1, 0), 5: (2, 2), 7: (1, 1), 4: (1, 1), 8: (2, 2), 0: (1, 1), 2: (2, 2), 1: (2, 2), 9: (2, 2), 10: (2, 2)}
t_type about to use: 1
h_type: 2
shift dict: {0: 0, 1: 188, 2: 746}
count dict: Counter({2: 940, 1: 558, 0: 188})
Generated 910 negative samples for edge type 6
Epoch 00050, Step00000 | Train_Loss: 0.4995 | Time: 0.0198
Epoch 00050 | Val_Loss 0.7600 | Time(s) 0.0085
EarlyStopping counter: 6 out of 40
Getting training negative samples for edge types: [6]
nodes.shift keys: [0, 1, 2]
nodes.count keys: [0, 1, 2]
links.meta: {6: (2, 1), 3: (1, 0), 5: (2, 2), 7: (1, 1), 4: (1, 1), 8: (2, 2), 0: (1, 1), 2: (2, 2), 1: (2, 2), 9: (2, 2), 10: (2, 2)}
t_type about to use: 1
h_type: 2
shift dict: {0: 0, 1: 188, 2: 746}
count dict: Counter({2: 940, 1: 558, 0: 188})
Generated 910 negative samples for edge type 6
Epoch 00051, Step00000 | Train_Loss: 0.4976 | Time: 0.0201
Epoch 00051 | Val_Loss 0.6257 | Time(s) 0.0086
EarlyStopping counter: 7 out of 40
Getting training negative samples for edge types: [6]
nodes.shift keys: [0, 1, 2]
nodes.count keys: [0, 1, 2]
links.meta: {6: (2, 1), 3: (1, 0), 5: (2, 2), 7: (1, 1), 4: (1, 1), 8: (2, 2), 0: (1, 1), 2: (2, 2), 1: (2, 2), 9: (2, 2), 10: (2, 2)}
t_type about to use: 1
h_type: 2
shift dict: {0: 0, 1: 188, 2: 746}
count dict: Counter({2: 940, 1: 558, 0: 188})
Generated 910 negative samples for edge type 6
Epoch 00052, Step00000 | Train_Loss: 0.4809 | Time: 0.0215
Epoch 00052 | Val_Loss 0.7422 | Time(s) 0.0082
EarlyStopping counter: 8 out of 40
Getting training negative samples for edge types: [6]
nodes.shift keys: [0, 1, 2]
nodes.count keys: [0, 1, 2]
links.meta: {6: (2, 1), 3: (1, 0), 5: (2, 2), 7: (1, 1), 4: (1, 1), 8: (2, 2), 0: (1, 1), 2: (2, 2), 1: (2, 2), 9: (2, 2), 10: (2, 2)}
t_type about to use: 1
h_type: 2
shift dict: {0: 0, 1: 188, 2: 746}
count dict: Counter({2: 940, 1: 558, 0: 188})
Generated 910 negative samples for edge type 6
Epoch 00053, Step00000 | Train_Loss: 0.4748 | Time: 0.0203
Epoch 00053 | Val_Loss 0.7308 | Time(s) 0.0090
EarlyStopping counter: 9 out of 40
Getting training negative samples for edge types: [6]
nodes.shift keys: [0, 1, 2]
nodes.count keys: [0, 1, 2]
links.meta: {6: (2, 1), 3: (1, 0), 5: (2, 2), 7: (1, 1), 4: (1, 1), 8: (2, 2), 0: (1, 1), 2: (2, 2), 1: (2, 2), 9: (2, 2), 10: (2, 2)}
t_type about to use: 1
h_type: 2
shift dict: {0: 0, 1: 188, 2: 746}
count dict: Counter({2: 940, 1: 558, 0: 188})
Generated 910 negative samples for edge type 6
Epoch 00054, Step00000 | Train_Loss: 0.4778 | Time: 0.0205
Epoch 00054 | Val_Loss 0.6504 | Time(s) 0.0083
EarlyStopping counter: 10 out of 40
Getting training negative samples for edge types: [6]
nodes.shift keys: [0, 1, 2]
nodes.count keys: [0, 1, 2]
links.meta: {6: (2, 1), 3: (1, 0), 5: (2, 2), 7: (1, 1), 4: (1, 1), 8: (2, 2), 0: (1, 1), 2: (2, 2), 1: (2, 2), 9: (2, 2), 10: (2, 2)}
t_type about to use: 1
h_type: 2
shift dict: {0: 0, 1: 188, 2: 746}
count dict: Counter({2: 940, 1: 558, 0: 188})
Generated 910 negative samples for edge type 6
Epoch 00055, Step00000 | Train_Loss: 0.4879 | Time: 0.0199
Epoch 00055 | Val_Loss 0.7215 | Time(s) 0.0082
EarlyStopping counter: 11 out of 40
Getting training negative samples for edge types: [6]
nodes.shift keys: [0, 1, 2]
nodes.count keys: [0, 1, 2]
links.meta: {6: (2, 1), 3: (1, 0), 5: (2, 2), 7: (1, 1), 4: (1, 1), 8: (2, 2), 0: (1, 1), 2: (2, 2), 1: (2, 2), 9: (2, 2), 10: (2, 2)}
t_type about to use: 1
h_type: 2
shift dict: {0: 0, 1: 188, 2: 746}
count dict: Counter({2: 940, 1: 558, 0: 188})
Generated 910 negative samples for edge type 6
Epoch 00056, Step00000 | Train_Loss: 0.4663 | Time: 0.0203
Epoch 00056 | Val_Loss 0.7936 | Time(s) 0.0087
EarlyStopping counter: 12 out of 40
Getting training negative samples for edge types: [6]
nodes.shift keys: [0, 1, 2]
nodes.count keys: [0, 1, 2]
links.meta: {6: (2, 1), 3: (1, 0), 5: (2, 2), 7: (1, 1), 4: (1, 1), 8: (2, 2), 0: (1, 1), 2: (2, 2), 1: (2, 2), 9: (2, 2), 10: (2, 2)}
t_type about to use: 1
h_type: 2
shift dict: {0: 0, 1: 188, 2: 746}
count dict: Counter({2: 940, 1: 558, 0: 188})
Generated 910 negative samples for edge type 6
Epoch 00057, Step00000 | Train_Loss: 0.4685 | Time: 0.0209
Epoch 00057 | Val_Loss 0.7762 | Time(s) 0.0093
EarlyStopping counter: 13 out of 40
Getting training negative samples for edge types: [6]
nodes.shift keys: [0, 1, 2]
nodes.count keys: [0, 1, 2]
links.meta: {6: (2, 1), 3: (1, 0), 5: (2, 2), 7: (1, 1), 4: (1, 1), 8: (2, 2), 0: (1, 1), 2: (2, 2), 1: (2, 2), 9: (2, 2), 10: (2, 2)}
t_type about to use: 1
h_type: 2
shift dict: {0: 0, 1: 188, 2: 746}
count dict: Counter({2: 940, 1: 558, 0: 188})
Generated 910 negative samples for edge type 6
Epoch 00058, Step00000 | Train_Loss: 0.4857 | Time: 0.0202
Epoch 00058 | Val_Loss 0.7093 | Time(s) 0.0079
EarlyStopping counter: 14 out of 40
Getting training negative samples for edge types: [6]
nodes.shift keys: [0, 1, 2]
nodes.count keys: [0, 1, 2]
links.meta: {6: (2, 1), 3: (1, 0), 5: (2, 2), 7: (1, 1), 4: (1, 1), 8: (2, 2), 0: (1, 1), 2: (2, 2), 1: (2, 2), 9: (2, 2), 10: (2, 2)}
t_type about to use: 1
h_type: 2
shift dict: {0: 0, 1: 188, 2: 746}
count dict: Counter({2: 940, 1: 558, 0: 188})
Generated 910 negative samples for edge type 6
Epoch 00059, Step00000 | Train_Loss: 0.4825 | Time: 0.0221
Epoch 00059 | Val_Loss 0.6643 | Time(s) 0.0096
EarlyStopping counter: 15 out of 40
Getting training negative samples for edge types: [6]
nodes.shift keys: [0, 1, 2]
nodes.count keys: [0, 1, 2]
links.meta: {6: (2, 1), 3: (1, 0), 5: (2, 2), 7: (1, 1), 4: (1, 1), 8: (2, 2), 0: (1, 1), 2: (2, 2), 1: (2, 2), 9: (2, 2), 10: (2, 2)}
t_type about to use: 1
h_type: 2
shift dict: {0: 0, 1: 188, 2: 746}
count dict: Counter({2: 940, 1: 558, 0: 188})
Generated 910 negative samples for edge type 6
Epoch 00060, Step00000 | Train_Loss: 0.4844 | Time: 0.0274
Epoch 00060 | Val_Loss 0.7274 | Time(s) 0.0092
EarlyStopping counter: 16 out of 40
Getting training negative samples for edge types: [6]
nodes.shift keys: [0, 1, 2]
nodes.count keys: [0, 1, 2]
links.meta: {6: (2, 1), 3: (1, 0), 5: (2, 2), 7: (1, 1), 4: (1, 1), 8: (2, 2), 0: (1, 1), 2: (2, 2), 1: (2, 2), 9: (2, 2), 10: (2, 2)}
t_type about to use: 1
h_type: 2
shift dict: {0: 0, 1: 188, 2: 746}
count dict: Counter({2: 940, 1: 558, 0: 188})
Generated 910 negative samples for edge type 6
Epoch 00061, Step00000 | Train_Loss: 0.4825 | Time: 0.0221
Epoch 00061 | Val_Loss 0.6500 | Time(s) 0.0077
EarlyStopping counter: 17 out of 40
Getting training negative samples for edge types: [6]
nodes.shift keys: [0, 1, 2]
nodes.count keys: [0, 1, 2]
links.meta: {6: (2, 1), 3: (1, 0), 5: (2, 2), 7: (1, 1), 4: (1, 1), 8: (2, 2), 0: (1, 1), 2: (2, 2), 1: (2, 2), 9: (2, 2), 10: (2, 2)}
t_type about to use: 1
h_type: 2
shift dict: {0: 0, 1: 188, 2: 746}
count dict: Counter({2: 940, 1: 558, 0: 188})
Generated 910 negative samples for edge type 6
Epoch 00062, Step00000 | Train_Loss: 0.4631 | Time: 0.0231
Epoch 00062 | Val_Loss 0.8010 | Time(s) 0.0119
EarlyStopping counter: 18 out of 40
Getting training negative samples for edge types: [6]
nodes.shift keys: [0, 1, 2]
nodes.count keys: [0, 1, 2]
links.meta: {6: (2, 1), 3: (1, 0), 5: (2, 2), 7: (1, 1), 4: (1, 1), 8: (2, 2), 0: (1, 1), 2: (2, 2), 1: (2, 2), 9: (2, 2), 10: (2, 2)}
t_type about to use: 1
h_type: 2
shift dict: {0: 0, 1: 188, 2: 746}
count dict: Counter({2: 940, 1: 558, 0: 188})
Generated 910 negative samples for edge type 6
Epoch 00063, Step00000 | Train_Loss: 0.4846 | Time: 0.0239
Epoch 00063 | Val_Loss 0.7784 | Time(s) 0.0089
EarlyStopping counter: 19 out of 40
Getting training negative samples for edge types: [6]
nodes.shift keys: [0, 1, 2]
nodes.count keys: [0, 1, 2]
links.meta: {6: (2, 1), 3: (1, 0), 5: (2, 2), 7: (1, 1), 4: (1, 1), 8: (2, 2), 0: (1, 1), 2: (2, 2), 1: (2, 2), 9: (2, 2), 10: (2, 2)}
t_type about to use: 1
h_type: 2
shift dict: {0: 0, 1: 188, 2: 746}
count dict: Counter({2: 940, 1: 558, 0: 188})
Generated 910 negative samples for edge type 6
Epoch 00064, Step00000 | Train_Loss: 0.4906 | Time: 0.0236
Epoch 00064 | Val_Loss 0.7477 | Time(s) 0.0107
EarlyStopping counter: 20 out of 40
Getting training negative samples for edge types: [6]
nodes.shift keys: [0, 1, 2]
nodes.count keys: [0, 1, 2]
links.meta: {6: (2, 1), 3: (1, 0), 5: (2, 2), 7: (1, 1), 4: (1, 1), 8: (2, 2), 0: (1, 1), 2: (2, 2), 1: (2, 2), 9: (2, 2), 10: (2, 2)}
t_type about to use: 1
h_type: 2
shift dict: {0: 0, 1: 188, 2: 746}
count dict: Counter({2: 940, 1: 558, 0: 188})
Generated 910 negative samples for edge type 6
Epoch 00065, Step00000 | Train_Loss: 0.4796 | Time: 0.0250
Epoch 00065 | Val_Loss 0.8798 | Time(s) 0.0082
EarlyStopping counter: 21 out of 40
Getting training negative samples for edge types: [6]
nodes.shift keys: [0, 1, 2]
nodes.count keys: [0, 1, 2]
links.meta: {6: (2, 1), 3: (1, 0), 5: (2, 2), 7: (1, 1), 4: (1, 1), 8: (2, 2), 0: (1, 1), 2: (2, 2), 1: (2, 2), 9: (2, 2), 10: (2, 2)}
t_type about to use: 1
h_type: 2
shift dict: {0: 0, 1: 188, 2: 746}
count dict: Counter({2: 940, 1: 558, 0: 188})
Generated 910 negative samples for edge type 6
Epoch 00066, Step00000 | Train_Loss: 0.4723 | Time: 0.0216
Epoch 00066 | Val_Loss 0.7626 | Time(s) 0.0084
EarlyStopping counter: 22 out of 40
Getting training negative samples for edge types: [6]
nodes.shift keys: [0, 1, 2]
nodes.count keys: [0, 1, 2]
links.meta: {6: (2, 1), 3: (1, 0), 5: (2, 2), 7: (1, 1), 4: (1, 1), 8: (2, 2), 0: (1, 1), 2: (2, 2), 1: (2, 2), 9: (2, 2), 10: (2, 2)}
t_type about to use: 1
h_type: 2
shift dict: {0: 0, 1: 188, 2: 746}
count dict: Counter({2: 940, 1: 558, 0: 188})
Generated 910 negative samples for edge type 6
Epoch 00067, Step00000 | Train_Loss: 0.4709 | Time: 0.0246
Epoch 00067 | Val_Loss 0.7383 | Time(s) 0.0085
EarlyStopping counter: 23 out of 40
Getting training negative samples for edge types: [6]
nodes.shift keys: [0, 1, 2]
nodes.count keys: [0, 1, 2]
links.meta: {6: (2, 1), 3: (1, 0), 5: (2, 2), 7: (1, 1), 4: (1, 1), 8: (2, 2), 0: (1, 1), 2: (2, 2), 1: (2, 2), 9: (2, 2), 10: (2, 2)}
t_type about to use: 1
h_type: 2
shift dict: {0: 0, 1: 188, 2: 746}
count dict: Counter({2: 940, 1: 558, 0: 188})
Generated 910 negative samples for edge type 6
Epoch 00068, Step00000 | Train_Loss: 0.4790 | Time: 0.0203
Epoch 00068 | Val_Loss 0.7307 | Time(s) 0.0092
EarlyStopping counter: 24 out of 40
Getting training negative samples for edge types: [6]
nodes.shift keys: [0, 1, 2]
nodes.count keys: [0, 1, 2]
links.meta: {6: (2, 1), 3: (1, 0), 5: (2, 2), 7: (1, 1), 4: (1, 1), 8: (2, 2), 0: (1, 1), 2: (2, 2), 1: (2, 2), 9: (2, 2), 10: (2, 2)}
t_type about to use: 1
h_type: 2
shift dict: {0: 0, 1: 188, 2: 746}
count dict: Counter({2: 940, 1: 558, 0: 188})
Generated 910 negative samples for edge type 6
Epoch 00069, Step00000 | Train_Loss: 0.4684 | Time: 0.0222
Epoch 00069 | Val_Loss 0.8440 | Time(s) 0.0096
EarlyStopping counter: 25 out of 40
Getting training negative samples for edge types: [6]
nodes.shift keys: [0, 1, 2]
nodes.count keys: [0, 1, 2]
links.meta: {6: (2, 1), 3: (1, 0), 5: (2, 2), 7: (1, 1), 4: (1, 1), 8: (2, 2), 0: (1, 1), 2: (2, 2), 1: (2, 2), 9: (2, 2), 10: (2, 2)}
t_type about to use: 1
h_type: 2
shift dict: {0: 0, 1: 188, 2: 746}
count dict: Counter({2: 940, 1: 558, 0: 188})
Generated 910 negative samples for edge type 6
Epoch 00070, Step00000 | Train_Loss: 0.4806 | Time: 0.0239
Epoch 00070 | Val_Loss 0.7379 | Time(s) 0.0088
EarlyStopping counter: 26 out of 40
Getting training negative samples for edge types: [6]
nodes.shift keys: [0, 1, 2]
nodes.count keys: [0, 1, 2]
links.meta: {6: (2, 1), 3: (1, 0), 5: (2, 2), 7: (1, 1), 4: (1, 1), 8: (2, 2), 0: (1, 1), 2: (2, 2), 1: (2, 2), 9: (2, 2), 10: (2, 2)}
t_type about to use: 1
h_type: 2
shift dict: {0: 0, 1: 188, 2: 746}
count dict: Counter({2: 940, 1: 558, 0: 188})
Generated 910 negative samples for edge type 6
Epoch 00071, Step00000 | Train_Loss: 0.4778 | Time: 0.0221
Epoch 00071 | Val_Loss 0.6945 | Time(s) 0.0084
EarlyStopping counter: 27 out of 40
Getting training negative samples for edge types: [6]
nodes.shift keys: [0, 1, 2]
nodes.count keys: [0, 1, 2]
links.meta: {6: (2, 1), 3: (1, 0), 5: (2, 2), 7: (1, 1), 4: (1, 1), 8: (2, 2), 0: (1, 1), 2: (2, 2), 1: (2, 2), 9: (2, 2), 10: (2, 2)}
t_type about to use: 1
h_type: 2
shift dict: {0: 0, 1: 188, 2: 746}
count dict: Counter({2: 940, 1: 558, 0: 188})
Generated 910 negative samples for edge type 6
Epoch 00072, Step00000 | Train_Loss: 0.4627 | Time: 0.0201
Epoch 00072 | Val_Loss 0.7127 | Time(s) 0.0087
EarlyStopping counter: 28 out of 40
Getting training negative samples for edge types: [6]
nodes.shift keys: [0, 1, 2]
nodes.count keys: [0, 1, 2]
links.meta: {6: (2, 1), 3: (1, 0), 5: (2, 2), 7: (1, 1), 4: (1, 1), 8: (2, 2), 0: (1, 1), 2: (2, 2), 1: (2, 2), 9: (2, 2), 10: (2, 2)}
t_type about to use: 1
h_type: 2
shift dict: {0: 0, 1: 188, 2: 746}
count dict: Counter({2: 940, 1: 558, 0: 188})
Generated 910 negative samples for edge type 6
Epoch 00073, Step00000 | Train_Loss: 0.4669 | Time: 0.0201
Epoch 00073 | Val_Loss 0.7752 | Time(s) 0.0085
EarlyStopping counter: 29 out of 40
Getting training negative samples for edge types: [6]
nodes.shift keys: [0, 1, 2]
nodes.count keys: [0, 1, 2]
links.meta: {6: (2, 1), 3: (1, 0), 5: (2, 2), 7: (1, 1), 4: (1, 1), 8: (2, 2), 0: (1, 1), 2: (2, 2), 1: (2, 2), 9: (2, 2), 10: (2, 2)}
t_type about to use: 1
h_type: 2
shift dict: {0: 0, 1: 188, 2: 746}
count dict: Counter({2: 940, 1: 558, 0: 188})
Generated 910 negative samples for edge type 6
Epoch 00074, Step00000 | Train_Loss: 0.4630 | Time: 0.0200
Epoch 00074 | Val_Loss 0.7928 | Time(s) 0.0083
EarlyStopping counter: 30 out of 40
Getting training negative samples for edge types: [6]
nodes.shift keys: [0, 1, 2]
nodes.count keys: [0, 1, 2]
links.meta: {6: (2, 1), 3: (1, 0), 5: (2, 2), 7: (1, 1), 4: (1, 1), 8: (2, 2), 0: (1, 1), 2: (2, 2), 1: (2, 2), 9: (2, 2), 10: (2, 2)}
t_type about to use: 1
h_type: 2
shift dict: {0: 0, 1: 188, 2: 746}
count dict: Counter({2: 940, 1: 558, 0: 188})
Generated 910 negative samples for edge type 6
Epoch 00075, Step00000 | Train_Loss: 0.4621 | Time: 0.0215
Epoch 00075 | Val_Loss 0.7352 | Time(s) 0.0082
EarlyStopping counter: 31 out of 40
Getting training negative samples for edge types: [6]
nodes.shift keys: [0, 1, 2]
nodes.count keys: [0, 1, 2]
links.meta: {6: (2, 1), 3: (1, 0), 5: (2, 2), 7: (1, 1), 4: (1, 1), 8: (2, 2), 0: (1, 1), 2: (2, 2), 1: (2, 2), 9: (2, 2), 10: (2, 2)}
t_type about to use: 1
h_type: 2
shift dict: {0: 0, 1: 188, 2: 746}
count dict: Counter({2: 940, 1: 558, 0: 188})
Generated 910 negative samples for edge type 6
Epoch 00076, Step00000 | Train_Loss: 0.4661 | Time: 0.0204
Epoch 00076 | Val_Loss 0.6756 | Time(s) 0.0083
EarlyStopping counter: 32 out of 40
Getting training negative samples for edge types: [6]
nodes.shift keys: [0, 1, 2]
nodes.count keys: [0, 1, 2]
links.meta: {6: (2, 1), 3: (1, 0), 5: (2, 2), 7: (1, 1), 4: (1, 1), 8: (2, 2), 0: (1, 1), 2: (2, 2), 1: (2, 2), 9: (2, 2), 10: (2, 2)}
t_type about to use: 1
h_type: 2
shift dict: {0: 0, 1: 188, 2: 746}
count dict: Counter({2: 940, 1: 558, 0: 188})
Generated 910 negative samples for edge type 6
Epoch 00077, Step00000 | Train_Loss: 0.4721 | Time: 0.0199
Epoch 00077 | Val_Loss 0.5959 | Time(s) 0.0084
EarlyStopping counter: 33 out of 40
Getting training negative samples for edge types: [6]
nodes.shift keys: [0, 1, 2]
nodes.count keys: [0, 1, 2]
links.meta: {6: (2, 1), 3: (1, 0), 5: (2, 2), 7: (1, 1), 4: (1, 1), 8: (2, 2), 0: (1, 1), 2: (2, 2), 1: (2, 2), 9: (2, 2), 10: (2, 2)}
t_type about to use: 1
h_type: 2
shift dict: {0: 0, 1: 188, 2: 746}
count dict: Counter({2: 940, 1: 558, 0: 188})
Generated 910 negative samples for edge type 6
Epoch 00078, Step00000 | Train_Loss: 0.4679 | Time: 0.0200
Epoch 00078 | Val_Loss 0.8225 | Time(s) 0.0085
EarlyStopping counter: 34 out of 40
Getting training negative samples for edge types: [6]
nodes.shift keys: [0, 1, 2]
nodes.count keys: [0, 1, 2]
links.meta: {6: (2, 1), 3: (1, 0), 5: (2, 2), 7: (1, 1), 4: (1, 1), 8: (2, 2), 0: (1, 1), 2: (2, 2), 1: (2, 2), 9: (2, 2), 10: (2, 2)}
t_type about to use: 1
h_type: 2
shift dict: {0: 0, 1: 188, 2: 746}
count dict: Counter({2: 940, 1: 558, 0: 188})
Generated 910 negative samples for edge type 6
Epoch 00079, Step00000 | Train_Loss: 0.4639 | Time: 0.0202
Epoch 00079 | Val_Loss 0.7601 | Time(s) 0.0085
EarlyStopping counter: 35 out of 40
Getting training negative samples for edge types: [6]
nodes.shift keys: [0, 1, 2]
nodes.count keys: [0, 1, 2]
links.meta: {6: (2, 1), 3: (1, 0), 5: (2, 2), 7: (1, 1), 4: (1, 1), 8: (2, 2), 0: (1, 1), 2: (2, 2), 1: (2, 2), 9: (2, 2), 10: (2, 2)}
t_type about to use: 1
h_type: 2
shift dict: {0: 0, 1: 188, 2: 746}
count dict: Counter({2: 940, 1: 558, 0: 188})
Generated 910 negative samples for edge type 6
Epoch 00080, Step00000 | Train_Loss: 0.4594 | Time: 0.0223
Epoch 00080 | Val_Loss 0.6761 | Time(s) 0.0091
EarlyStopping counter: 36 out of 40
Getting training negative samples for edge types: [6]
nodes.shift keys: [0, 1, 2]
nodes.count keys: [0, 1, 2]
links.meta: {6: (2, 1), 3: (1, 0), 5: (2, 2), 7: (1, 1), 4: (1, 1), 8: (2, 2), 0: (1, 1), 2: (2, 2), 1: (2, 2), 9: (2, 2), 10: (2, 2)}
t_type about to use: 1
h_type: 2
shift dict: {0: 0, 1: 188, 2: 746}
count dict: Counter({2: 940, 1: 558, 0: 188})
Generated 910 negative samples for edge type 6
Epoch 00081, Step00000 | Train_Loss: 0.4733 | Time: 0.0202
Epoch 00081 | Val_Loss 0.6922 | Time(s) 0.0066
EarlyStopping counter: 37 out of 40
Getting training negative samples for edge types: [6]
nodes.shift keys: [0, 1, 2]
nodes.count keys: [0, 1, 2]
links.meta: {6: (2, 1), 3: (1, 0), 5: (2, 2), 7: (1, 1), 4: (1, 1), 8: (2, 2), 0: (1, 1), 2: (2, 2), 1: (2, 2), 9: (2, 2), 10: (2, 2)}
t_type about to use: 1
h_type: 2
shift dict: {0: 0, 1: 188, 2: 746}
count dict: Counter({2: 940, 1: 558, 0: 188})
Generated 910 negative samples for edge type 6
Epoch 00082, Step00000 | Train_Loss: 0.4391 | Time: 0.0199
Epoch 00082 | Val_Loss 0.7177 | Time(s) 0.0084
EarlyStopping counter: 38 out of 40
Getting training negative samples for edge types: [6]
nodes.shift keys: [0, 1, 2]
nodes.count keys: [0, 1, 2]
links.meta: {6: (2, 1), 3: (1, 0), 5: (2, 2), 7: (1, 1), 4: (1, 1), 8: (2, 2), 0: (1, 1), 2: (2, 2), 1: (2, 2), 9: (2, 2), 10: (2, 2)}
t_type about to use: 1
h_type: 2
shift dict: {0: 0, 1: 188, 2: 746}
count dict: Counter({2: 940, 1: 558, 0: 188})
Generated 910 negative samples for edge type 6
Epoch 00083, Step00000 | Train_Loss: 0.4722 | Time: 0.0199
Epoch 00083 | Val_Loss 0.6629 | Time(s) 0.0084
EarlyStopping counter: 39 out of 40
Getting training negative samples for edge types: [6]
nodes.shift keys: [0, 1, 2]
nodes.count keys: [0, 1, 2]
links.meta: {6: (2, 1), 3: (1, 0), 5: (2, 2), 7: (1, 1), 4: (1, 1), 8: (2, 2), 0: (1, 1), 2: (2, 2), 1: (2, 2), 9: (2, 2), 10: (2, 2)}
t_type about to use: 1
h_type: 2
shift dict: {0: 0, 1: 188, 2: 746}
count dict: Counter({2: 940, 1: 558, 0: 188})
Generated 910 negative samples for edge type 6
Epoch 00084, Step00000 | Train_Loss: 0.4671 | Time: 0.0217
Epoch 00084 | Val_Loss 0.8282 | Time(s) 0.0081
EarlyStopping counter: 40 out of 40
Early stopping!
Early stopping!
Meta keys: dict_keys([6])
Data keys: dict_keys([6])
Edge type: 6, Meta: (2, 1)
{'roc_auc': 0.5621913580246913, 'MRR': 0.7568051334008781}
{'roc_auc': 0.7007739335128452, 'MRR': 0.8232860520094563}
defaultdict(<class 'float'>, {'roc_auc': 0.5621913580246913, 'MRR': 0.7568051334008781})
defaultdict(<class 'float'>, {'roc_auc': 0.7007739335128452, 'MRR': 0.8232860520094563})
Completed: amazon_style_cct_features_securebert_fold_1

--------------------------------------
Running model: SimpleHGN
Dataset: amazon_style_cct_features_securebert_fold_2
--------------------------------------
Data path: ../../data/amazon_style_cct_features_securebert_fold_2
Loading nodes from ../../data/amazon_style_cct_features_securebert_fold_2/node.dat
edge types: dict_keys([5, 6, 7, 2, 8, 0, 3, 4, 1, 10, 9])
Getting training negative samples for edge types: [6]
nodes.shift keys: [0, 1, 2]
nodes.count keys: [0, 1, 2]
links.meta: {5: (2, 2), 6: (2, 1), 7: (1, 1), 2: (2, 2), 8: (2, 2), 0: (1, 1), 3: (1, 0), 4: (1, 1), 1: (2, 2), 10: (2, 2), 9: (2, 2)}
t_type about to use: 1
h_type: 2
shift dict: {0: 0, 1: 188, 2: 746}
count dict: Counter({2: 940, 1: 558, 0: 188})
Generated 932 negative samples for edge type 6
Features List: [array([[ 0.00445206,  0.01268557,  0.22351578, ..., -0.28678206,
        -0.37460288,  0.18294938],
       [-0.18744846,  0.07075578,  0.0476894 , ..., -0.2232531 ,
        -0.19588573,  0.47988179],
       [-0.17451471, -0.04557271,  0.15712288, ..., -0.05391889,
        -0.20500693,  0.23744845],
       ...,
       [-0.40584856,  0.04715464,  0.24475315, ..., -0.12466257,
        -0.2035536 ,  0.28577447],
       [-0.18835557,  0.03822717,  0.03586731, ..., -0.23435652,
        -0.35453227,  0.38753107],
       [-0.13632202,  0.14362322,  0.08668749, ..., -0.24145249,
        -0.25799868,  0.26464131]]), array([[ 0.00791158, -0.00538086, -0.02676104, ..., -0.01897389,
        -0.01306979, -0.00084801],
       [ 0.01682901, -0.00649696, -0.01921631, ..., -0.01401017,
        -0.0039668 , -0.02202195],
       [ 0.02197852, -0.01403735, -0.05225722, ...,  0.02019661,
         0.00528841,  0.0033033 ],
       ...,
       [ 0.01603197,  0.00716993, -0.01245602, ..., -0.01399604,
        -0.00058955, -0.0256807 ],
       [ 0.01039577,  0.02045547, -0.02146293, ...,  0.01017929,
         0.02390171,  0.00134994],
       [ 0.00462414,  0.0041195 , -0.0135733 , ..., -0.01101827,
         0.00813001,  0.0203817 ]]), array([[ 0.00087804,  0.00658507, -0.02514569, ..., -0.04238372,
         0.00850771, -0.02565438],
       [-0.0006986 ,  0.01542003, -0.03227317, ..., -0.01301633,
         0.01559736, -0.03614859],
       [-0.01135348,  0.00974955, -0.01812623, ..., -0.01920343,
         0.00887381, -0.0152928 ],
       ...,
       [ 0.00701895, -0.01539859, -0.03025482, ..., -0.03644368,
         0.01254067, -0.0236606 ],
       [-0.00414097,  0.00144739, -0.05197839, ...,  0.00216818,
         0.02755725, -0.03143983],
       [ 0.01779867, -0.02493452, -0.0391779 , ..., -0.01159797,
        -0.00619852, -0.02449675]])]
Getting training negative samples for edge types: [6]
nodes.shift keys: [0, 1, 2]
nodes.count keys: [0, 1, 2]
links.meta: {5: (2, 2), 6: (2, 1), 7: (1, 1), 2: (2, 2), 8: (2, 2), 0: (1, 1), 3: (1, 0), 4: (1, 1), 1: (2, 2), 10: (2, 2), 9: (2, 2)}
t_type about to use: 1
h_type: 2
shift dict: {0: 0, 1: 188, 2: 746}
count dict: Counter({2: 940, 1: 558, 0: 188})
Generated 932 negative samples for edge type 6
Epoch 00000, Step00000 | Train_Loss: 0.6914 | Time: 0.5200
Epoch 00000 | Val_Loss 0.6734 | Time(s) 0.0072
Validation loss decreased (inf --> 0.673353).  Saving model ...
Getting training negative samples for edge types: [6]
nodes.shift keys: [0, 1, 2]
nodes.count keys: [0, 1, 2]
links.meta: {5: (2, 2), 6: (2, 1), 7: (1, 1), 2: (2, 2), 8: (2, 2), 0: (1, 1), 3: (1, 0), 4: (1, 1), 1: (2, 2), 10: (2, 2), 9: (2, 2)}
t_type about to use: 1
h_type: 2
shift dict: {0: 0, 1: 188, 2: 746}
count dict: Counter({2: 940, 1: 558, 0: 188})
Generated 932 negative samples for edge type 6
Epoch 00001, Step00000 | Train_Loss: 0.6822 | Time: 0.0203
Epoch 00001 | Val_Loss 0.6663 | Time(s) 0.0071
Validation loss decreased (0.673353 --> 0.666317).  Saving model ...
Getting training negative samples for edge types: [6]
nodes.shift keys: [0, 1, 2]
nodes.count keys: [0, 1, 2]
links.meta: {5: (2, 2), 6: (2, 1), 7: (1, 1), 2: (2, 2), 8: (2, 2), 0: (1, 1), 3: (1, 0), 4: (1, 1), 1: (2, 2), 10: (2, 2), 9: (2, 2)}
t_type about to use: 1
h_type: 2
shift dict: {0: 0, 1: 188, 2: 746}
count dict: Counter({2: 940, 1: 558, 0: 188})
Generated 932 negative samples for edge type 6
Epoch 00002, Step00000 | Train_Loss: 0.6681 | Time: 0.0268
Epoch 00002 | Val_Loss 0.6692 | Time(s) 0.0079
EarlyStopping counter: 1 out of 40
Getting training negative samples for edge types: [6]
nodes.shift keys: [0, 1, 2]
nodes.count keys: [0, 1, 2]
links.meta: {5: (2, 2), 6: (2, 1), 7: (1, 1), 2: (2, 2), 8: (2, 2), 0: (1, 1), 3: (1, 0), 4: (1, 1), 1: (2, 2), 10: (2, 2), 9: (2, 2)}
t_type about to use: 1
h_type: 2
shift dict: {0: 0, 1: 188, 2: 746}
count dict: Counter({2: 940, 1: 558, 0: 188})
Generated 932 negative samples for edge type 6
Epoch 00003, Step00000 | Train_Loss: 0.6543 | Time: 0.0207
Epoch 00003 | Val_Loss 0.6559 | Time(s) 0.0083
Validation loss decreased (0.666317 --> 0.655886).  Saving model ...
Getting training negative samples for edge types: [6]
nodes.shift keys: [0, 1, 2]
nodes.count keys: [0, 1, 2]
links.meta: {5: (2, 2), 6: (2, 1), 7: (1, 1), 2: (2, 2), 8: (2, 2), 0: (1, 1), 3: (1, 0), 4: (1, 1), 1: (2, 2), 10: (2, 2), 9: (2, 2)}
t_type about to use: 1
h_type: 2
shift dict: {0: 0, 1: 188, 2: 746}
count dict: Counter({2: 940, 1: 558, 0: 188})
Generated 932 negative samples for edge type 6
Epoch 00004, Step00000 | Train_Loss: 0.6453 | Time: 0.0208
Epoch 00004 | Val_Loss 0.6449 | Time(s) 0.0082
Validation loss decreased (0.655886 --> 0.644870).  Saving model ...
Getting training negative samples for edge types: [6]
nodes.shift keys: [0, 1, 2]
nodes.count keys: [0, 1, 2]
links.meta: {5: (2, 2), 6: (2, 1), 7: (1, 1), 2: (2, 2), 8: (2, 2), 0: (1, 1), 3: (1, 0), 4: (1, 1), 1: (2, 2), 10: (2, 2), 9: (2, 2)}
t_type about to use: 1
h_type: 2
shift dict: {0: 0, 1: 188, 2: 746}
count dict: Counter({2: 940, 1: 558, 0: 188})
Generated 932 negative samples for edge type 6
Epoch 00005, Step00000 | Train_Loss: 0.6340 | Time: 0.0198
Epoch 00005 | Val_Loss 0.6456 | Time(s) 0.0079
EarlyStopping counter: 1 out of 40
Getting training negative samples for edge types: [6]
nodes.shift keys: [0, 1, 2]
nodes.count keys: [0, 1, 2]
links.meta: {5: (2, 2), 6: (2, 1), 7: (1, 1), 2: (2, 2), 8: (2, 2), 0: (1, 1), 3: (1, 0), 4: (1, 1), 1: (2, 2), 10: (2, 2), 9: (2, 2)}
t_type about to use: 1
h_type: 2
shift dict: {0: 0, 1: 188, 2: 746}
count dict: Counter({2: 940, 1: 558, 0: 188})
Generated 932 negative samples for edge type 6
Epoch 00006, Step00000 | Train_Loss: 0.6166 | Time: 0.0196
Epoch 00006 | Val_Loss 0.6496 | Time(s) 0.0082
EarlyStopping counter: 2 out of 40
Getting training negative samples for edge types: [6]
nodes.shift keys: [0, 1, 2]
nodes.count keys: [0, 1, 2]
links.meta: {5: (2, 2), 6: (2, 1), 7: (1, 1), 2: (2, 2), 8: (2, 2), 0: (1, 1), 3: (1, 0), 4: (1, 1), 1: (2, 2), 10: (2, 2), 9: (2, 2)}
t_type about to use: 1
h_type: 2
shift dict: {0: 0, 1: 188, 2: 746}
count dict: Counter({2: 940, 1: 558, 0: 188})
Generated 932 negative samples for edge type 6
Epoch 00007, Step00000 | Train_Loss: 0.6107 | Time: 0.0208
Epoch 00007 | Val_Loss 0.6547 | Time(s) 0.0084
EarlyStopping counter: 3 out of 40
Getting training negative samples for edge types: [6]
nodes.shift keys: [0, 1, 2]
nodes.count keys: [0, 1, 2]
links.meta: {5: (2, 2), 6: (2, 1), 7: (1, 1), 2: (2, 2), 8: (2, 2), 0: (1, 1), 3: (1, 0), 4: (1, 1), 1: (2, 2), 10: (2, 2), 9: (2, 2)}
t_type about to use: 1
h_type: 2
shift dict: {0: 0, 1: 188, 2: 746}
count dict: Counter({2: 940, 1: 558, 0: 188})
Generated 932 negative samples for edge type 6
Epoch 00008, Step00000 | Train_Loss: 0.5939 | Time: 0.0205
Epoch 00008 | Val_Loss 0.6937 | Time(s) 0.0087
EarlyStopping counter: 4 out of 40
Getting training negative samples for edge types: [6]
nodes.shift keys: [0, 1, 2]
nodes.count keys: [0, 1, 2]
links.meta: {5: (2, 2), 6: (2, 1), 7: (1, 1), 2: (2, 2), 8: (2, 2), 0: (1, 1), 3: (1, 0), 4: (1, 1), 1: (2, 2), 10: (2, 2), 9: (2, 2)}
t_type about to use: 1
h_type: 2
shift dict: {0: 0, 1: 188, 2: 746}
count dict: Counter({2: 940, 1: 558, 0: 188})
Generated 932 negative samples for edge type 6
Epoch 00009, Step00000 | Train_Loss: 0.5711 | Time: 0.0203
Epoch 00009 | Val_Loss 0.7387 | Time(s) 0.0089
EarlyStopping counter: 5 out of 40
Getting training negative samples for edge types: [6]
nodes.shift keys: [0, 1, 2]
nodes.count keys: [0, 1, 2]
links.meta: {5: (2, 2), 6: (2, 1), 7: (1, 1), 2: (2, 2), 8: (2, 2), 0: (1, 1), 3: (1, 0), 4: (1, 1), 1: (2, 2), 10: (2, 2), 9: (2, 2)}
t_type about to use: 1
h_type: 2
shift dict: {0: 0, 1: 188, 2: 746}
count dict: Counter({2: 940, 1: 558, 0: 188})
Generated 932 negative samples for edge type 6
Epoch 00010, Step00000 | Train_Loss: 0.5714 | Time: 0.0203
Epoch 00010 | Val_Loss 0.7598 | Time(s) 0.0083
EarlyStopping counter: 6 out of 40
Getting training negative samples for edge types: [6]
nodes.shift keys: [0, 1, 2]
nodes.count keys: [0, 1, 2]
links.meta: {5: (2, 2), 6: (2, 1), 7: (1, 1), 2: (2, 2), 8: (2, 2), 0: (1, 1), 3: (1, 0), 4: (1, 1), 1: (2, 2), 10: (2, 2), 9: (2, 2)}
t_type about to use: 1
h_type: 2
shift dict: {0: 0, 1: 188, 2: 746}
count dict: Counter({2: 940, 1: 558, 0: 188})
Generated 932 negative samples for edge type 6
Epoch 00011, Step00000 | Train_Loss: 0.5676 | Time: 0.0200
Epoch 00011 | Val_Loss 0.8022 | Time(s) 0.0082
EarlyStopping counter: 7 out of 40
Getting training negative samples for edge types: [6]
nodes.shift keys: [0, 1, 2]
nodes.count keys: [0, 1, 2]
links.meta: {5: (2, 2), 6: (2, 1), 7: (1, 1), 2: (2, 2), 8: (2, 2), 0: (1, 1), 3: (1, 0), 4: (1, 1), 1: (2, 2), 10: (2, 2), 9: (2, 2)}
t_type about to use: 1
h_type: 2
shift dict: {0: 0, 1: 188, 2: 746}
count dict: Counter({2: 940, 1: 558, 0: 188})
Generated 932 negative samples for edge type 6
Epoch 00012, Step00000 | Train_Loss: 0.5603 | Time: 0.0198
Epoch 00012 | Val_Loss 0.7568 | Time(s) 0.0082
EarlyStopping counter: 8 out of 40
Getting training negative samples for edge types: [6]
nodes.shift keys: [0, 1, 2]
nodes.count keys: [0, 1, 2]
links.meta: {5: (2, 2), 6: (2, 1), 7: (1, 1), 2: (2, 2), 8: (2, 2), 0: (1, 1), 3: (1, 0), 4: (1, 1), 1: (2, 2), 10: (2, 2), 9: (2, 2)}
t_type about to use: 1
h_type: 2
shift dict: {0: 0, 1: 188, 2: 746}
count dict: Counter({2: 940, 1: 558, 0: 188})
Generated 932 negative samples for edge type 6
Epoch 00013, Step00000 | Train_Loss: 0.5748 | Time: 0.0222
Epoch 00013 | Val_Loss 0.8651 | Time(s) 0.0079
EarlyStopping counter: 9 out of 40
Getting training negative samples for edge types: [6]
nodes.shift keys: [0, 1, 2]
nodes.count keys: [0, 1, 2]
links.meta: {5: (2, 2), 6: (2, 1), 7: (1, 1), 2: (2, 2), 8: (2, 2), 0: (1, 1), 3: (1, 0), 4: (1, 1), 1: (2, 2), 10: (2, 2), 9: (2, 2)}
t_type about to use: 1
h_type: 2
shift dict: {0: 0, 1: 188, 2: 746}
count dict: Counter({2: 940, 1: 558, 0: 188})
Generated 932 negative samples for edge type 6
Epoch 00014, Step00000 | Train_Loss: 0.5691 | Time: 0.0198
Epoch 00014 | Val_Loss 0.7438 | Time(s) 0.0088
EarlyStopping counter: 10 out of 40
Getting training negative samples for edge types: [6]
nodes.shift keys: [0, 1, 2]
nodes.count keys: [0, 1, 2]
links.meta: {5: (2, 2), 6: (2, 1), 7: (1, 1), 2: (2, 2), 8: (2, 2), 0: (1, 1), 3: (1, 0), 4: (1, 1), 1: (2, 2), 10: (2, 2), 9: (2, 2)}
t_type about to use: 1
h_type: 2
shift dict: {0: 0, 1: 188, 2: 746}
count dict: Counter({2: 940, 1: 558, 0: 188})
Generated 932 negative samples for edge type 6
Epoch 00015, Step00000 | Train_Loss: 0.5656 | Time: 0.0215
Epoch 00015 | Val_Loss 0.7273 | Time(s) 0.0078
EarlyStopping counter: 11 out of 40
Getting training negative samples for edge types: [6]
nodes.shift keys: [0, 1, 2]
nodes.count keys: [0, 1, 2]
links.meta: {5: (2, 2), 6: (2, 1), 7: (1, 1), 2: (2, 2), 8: (2, 2), 0: (1, 1), 3: (1, 0), 4: (1, 1), 1: (2, 2), 10: (2, 2), 9: (2, 2)}
t_type about to use: 1
h_type: 2
shift dict: {0: 0, 1: 188, 2: 746}
count dict: Counter({2: 940, 1: 558, 0: 188})
Generated 932 negative samples for edge type 6
Epoch 00016, Step00000 | Train_Loss: 0.5611 | Time: 0.0195
Epoch 00016 | Val_Loss 0.8439 | Time(s) 0.0079
EarlyStopping counter: 12 out of 40
Getting training negative samples for edge types: [6]
nodes.shift keys: [0, 1, 2]
nodes.count keys: [0, 1, 2]
links.meta: {5: (2, 2), 6: (2, 1), 7: (1, 1), 2: (2, 2), 8: (2, 2), 0: (1, 1), 3: (1, 0), 4: (1, 1), 1: (2, 2), 10: (2, 2), 9: (2, 2)}
t_type about to use: 1
h_type: 2
shift dict: {0: 0, 1: 188, 2: 746}
count dict: Counter({2: 940, 1: 558, 0: 188})
Generated 932 negative samples for edge type 6
Epoch 00017, Step00000 | Train_Loss: 0.5356 | Time: 0.0213
Epoch 00017 | Val_Loss 0.7576 | Time(s) 0.0084
EarlyStopping counter: 13 out of 40
Getting training negative samples for edge types: [6]
nodes.shift keys: [0, 1, 2]
nodes.count keys: [0, 1, 2]
links.meta: {5: (2, 2), 6: (2, 1), 7: (1, 1), 2: (2, 2), 8: (2, 2), 0: (1, 1), 3: (1, 0), 4: (1, 1), 1: (2, 2), 10: (2, 2), 9: (2, 2)}
t_type about to use: 1
h_type: 2
shift dict: {0: 0, 1: 188, 2: 746}
count dict: Counter({2: 940, 1: 558, 0: 188})
Generated 932 negative samples for edge type 6
Epoch 00018, Step00000 | Train_Loss: 0.5404 | Time: 0.0204
Epoch 00018 | Val_Loss 0.7564 | Time(s) 0.0088
EarlyStopping counter: 14 out of 40
Getting training negative samples for edge types: [6]
nodes.shift keys: [0, 1, 2]
nodes.count keys: [0, 1, 2]
links.meta: {5: (2, 2), 6: (2, 1), 7: (1, 1), 2: (2, 2), 8: (2, 2), 0: (1, 1), 3: (1, 0), 4: (1, 1), 1: (2, 2), 10: (2, 2), 9: (2, 2)}
t_type about to use: 1
h_type: 2
shift dict: {0: 0, 1: 188, 2: 746}
count dict: Counter({2: 940, 1: 558, 0: 188})
Generated 932 negative samples for edge type 6
Epoch 00019, Step00000 | Train_Loss: 0.5669 | Time: 0.0204
Epoch 00019 | Val_Loss 0.9153 | Time(s) 0.0089
EarlyStopping counter: 15 out of 40
Getting training negative samples for edge types: [6]
nodes.shift keys: [0, 1, 2]
nodes.count keys: [0, 1, 2]
links.meta: {5: (2, 2), 6: (2, 1), 7: (1, 1), 2: (2, 2), 8: (2, 2), 0: (1, 1), 3: (1, 0), 4: (1, 1), 1: (2, 2), 10: (2, 2), 9: (2, 2)}
t_type about to use: 1
h_type: 2
shift dict: {0: 0, 1: 188, 2: 746}
count dict: Counter({2: 940, 1: 558, 0: 188})
Generated 932 negative samples for edge type 6
Epoch 00020, Step00000 | Train_Loss: 0.5505 | Time: 0.0207
Epoch 00020 | Val_Loss 0.7948 | Time(s) 0.0086
EarlyStopping counter: 16 out of 40
Getting training negative samples for edge types: [6]
nodes.shift keys: [0, 1, 2]
nodes.count keys: [0, 1, 2]
links.meta: {5: (2, 2), 6: (2, 1), 7: (1, 1), 2: (2, 2), 8: (2, 2), 0: (1, 1), 3: (1, 0), 4: (1, 1), 1: (2, 2), 10: (2, 2), 9: (2, 2)}
t_type about to use: 1
h_type: 2
shift dict: {0: 0, 1: 188, 2: 746}
count dict: Counter({2: 940, 1: 558, 0: 188})
Generated 932 negative samples for edge type 6
Epoch 00021, Step00000 | Train_Loss: 0.5365 | Time: 0.0206
Epoch 00021 | Val_Loss 0.8524 | Time(s) 0.0082
EarlyStopping counter: 17 out of 40
Getting training negative samples for edge types: [6]
nodes.shift keys: [0, 1, 2]
nodes.count keys: [0, 1, 2]
links.meta: {5: (2, 2), 6: (2, 1), 7: (1, 1), 2: (2, 2), 8: (2, 2), 0: (1, 1), 3: (1, 0), 4: (1, 1), 1: (2, 2), 10: (2, 2), 9: (2, 2)}
t_type about to use: 1
h_type: 2
shift dict: {0: 0, 1: 188, 2: 746}
count dict: Counter({2: 940, 1: 558, 0: 188})
Generated 932 negative samples for edge type 6
Epoch 00022, Step00000 | Train_Loss: 0.5401 | Time: 0.0203
Epoch 00022 | Val_Loss 0.7398 | Time(s) 0.0082
EarlyStopping counter: 18 out of 40
Getting training negative samples for edge types: [6]
nodes.shift keys: [0, 1, 2]
nodes.count keys: [0, 1, 2]
links.meta: {5: (2, 2), 6: (2, 1), 7: (1, 1), 2: (2, 2), 8: (2, 2), 0: (1, 1), 3: (1, 0), 4: (1, 1), 1: (2, 2), 10: (2, 2), 9: (2, 2)}
t_type about to use: 1
h_type: 2
shift dict: {0: 0, 1: 188, 2: 746}
count dict: Counter({2: 940, 1: 558, 0: 188})
Generated 932 negative samples for edge type 6
Epoch 00023, Step00000 | Train_Loss: 0.5307 | Time: 0.0204
Epoch 00023 | Val_Loss 0.7354 | Time(s) 0.0082
EarlyStopping counter: 19 out of 40
Getting training negative samples for edge types: [6]
nodes.shift keys: [0, 1, 2]
nodes.count keys: [0, 1, 2]
links.meta: {5: (2, 2), 6: (2, 1), 7: (1, 1), 2: (2, 2), 8: (2, 2), 0: (1, 1), 3: (1, 0), 4: (1, 1), 1: (2, 2), 10: (2, 2), 9: (2, 2)}
t_type about to use: 1
h_type: 2
shift dict: {0: 0, 1: 188, 2: 746}
count dict: Counter({2: 940, 1: 558, 0: 188})
Generated 932 negative samples for edge type 6
Epoch 00024, Step00000 | Train_Loss: 0.5368 | Time: 0.0213
Epoch 00024 | Val_Loss 0.6736 | Time(s) 0.0096
EarlyStopping counter: 20 out of 40
Getting training negative samples for edge types: [6]
nodes.shift keys: [0, 1, 2]
nodes.count keys: [0, 1, 2]
links.meta: {5: (2, 2), 6: (2, 1), 7: (1, 1), 2: (2, 2), 8: (2, 2), 0: (1, 1), 3: (1, 0), 4: (1, 1), 1: (2, 2), 10: (2, 2), 9: (2, 2)}
t_type about to use: 1
h_type: 2
shift dict: {0: 0, 1: 188, 2: 746}
count dict: Counter({2: 940, 1: 558, 0: 188})
Generated 932 negative samples for edge type 6
Epoch 00025, Step00000 | Train_Loss: 0.5288 | Time: 0.0260
Epoch 00025 | Val_Loss 0.7306 | Time(s) 0.0093
EarlyStopping counter: 21 out of 40
Getting training negative samples for edge types: [6]
nodes.shift keys: [0, 1, 2]
nodes.count keys: [0, 1, 2]
links.meta: {5: (2, 2), 6: (2, 1), 7: (1, 1), 2: (2, 2), 8: (2, 2), 0: (1, 1), 3: (1, 0), 4: (1, 1), 1: (2, 2), 10: (2, 2), 9: (2, 2)}
t_type about to use: 1
h_type: 2
shift dict: {0: 0, 1: 188, 2: 746}
count dict: Counter({2: 940, 1: 558, 0: 188})
Generated 932 negative samples for edge type 6
Epoch 00026, Step00000 | Train_Loss: 0.5237 | Time: 0.0223
Epoch 00026 | Val_Loss 0.6504 | Time(s) 0.0087
EarlyStopping counter: 22 out of 40
Getting training negative samples for edge types: [6]
nodes.shift keys: [0, 1, 2]
nodes.count keys: [0, 1, 2]
links.meta: {5: (2, 2), 6: (2, 1), 7: (1, 1), 2: (2, 2), 8: (2, 2), 0: (1, 1), 3: (1, 0), 4: (1, 1), 1: (2, 2), 10: (2, 2), 9: (2, 2)}
t_type about to use: 1
h_type: 2
shift dict: {0: 0, 1: 188, 2: 746}
count dict: Counter({2: 940, 1: 558, 0: 188})
Generated 932 negative samples for edge type 6
Epoch 00027, Step00000 | Train_Loss: 0.5287 | Time: 0.0199
Epoch 00027 | Val_Loss 0.6745 | Time(s) 0.0072
EarlyStopping counter: 23 out of 40
Getting training negative samples for edge types: [6]
nodes.shift keys: [0, 1, 2]
nodes.count keys: [0, 1, 2]
links.meta: {5: (2, 2), 6: (2, 1), 7: (1, 1), 2: (2, 2), 8: (2, 2), 0: (1, 1), 3: (1, 0), 4: (1, 1), 1: (2, 2), 10: (2, 2), 9: (2, 2)}
t_type about to use: 1
h_type: 2
shift dict: {0: 0, 1: 188, 2: 746}
count dict: Counter({2: 940, 1: 558, 0: 188})
Generated 932 negative samples for edge type 6
Epoch 00028, Step00000 | Train_Loss: 0.5256 | Time: 0.0202
Epoch 00028 | Val_Loss 0.6201 | Time(s) 0.0084
Validation loss decreased (0.644870 --> 0.620060).  Saving model ...
Getting training negative samples for edge types: [6]
nodes.shift keys: [0, 1, 2]
nodes.count keys: [0, 1, 2]
links.meta: {5: (2, 2), 6: (2, 1), 7: (1, 1), 2: (2, 2), 8: (2, 2), 0: (1, 1), 3: (1, 0), 4: (1, 1), 1: (2, 2), 10: (2, 2), 9: (2, 2)}
t_type about to use: 1
h_type: 2
shift dict: {0: 0, 1: 188, 2: 746}
count dict: Counter({2: 940, 1: 558, 0: 188})
Generated 932 negative samples for edge type 6
Epoch 00029, Step00000 | Train_Loss: 0.5278 | Time: 0.0212
Epoch 00029 | Val_Loss 0.7450 | Time(s) 0.0073
EarlyStopping counter: 1 out of 40
Getting training negative samples for edge types: [6]
nodes.shift keys: [0, 1, 2]
nodes.count keys: [0, 1, 2]
links.meta: {5: (2, 2), 6: (2, 1), 7: (1, 1), 2: (2, 2), 8: (2, 2), 0: (1, 1), 3: (1, 0), 4: (1, 1), 1: (2, 2), 10: (2, 2), 9: (2, 2)}
t_type about to use: 1
h_type: 2
shift dict: {0: 0, 1: 188, 2: 746}
count dict: Counter({2: 940, 1: 558, 0: 188})
Generated 932 negative samples for edge type 6
Epoch 00030, Step00000 | Train_Loss: 0.5122 | Time: 0.0204
Epoch 00030 | Val_Loss 0.6996 | Time(s) 0.0089
EarlyStopping counter: 2 out of 40
Getting training negative samples for edge types: [6]
nodes.shift keys: [0, 1, 2]
nodes.count keys: [0, 1, 2]
links.meta: {5: (2, 2), 6: (2, 1), 7: (1, 1), 2: (2, 2), 8: (2, 2), 0: (1, 1), 3: (1, 0), 4: (1, 1), 1: (2, 2), 10: (2, 2), 9: (2, 2)}
t_type about to use: 1
h_type: 2
shift dict: {0: 0, 1: 188, 2: 746}
count dict: Counter({2: 940, 1: 558, 0: 188})
Generated 932 negative samples for edge type 6
Epoch 00031, Step00000 | Train_Loss: 0.5260 | Time: 0.0208
Epoch 00031 | Val_Loss 0.6655 | Time(s) 0.0077
EarlyStopping counter: 3 out of 40
Getting training negative samples for edge types: [6]
nodes.shift keys: [0, 1, 2]
nodes.count keys: [0, 1, 2]
links.meta: {5: (2, 2), 6: (2, 1), 7: (1, 1), 2: (2, 2), 8: (2, 2), 0: (1, 1), 3: (1, 0), 4: (1, 1), 1: (2, 2), 10: (2, 2), 9: (2, 2)}
t_type about to use: 1
h_type: 2
shift dict: {0: 0, 1: 188, 2: 746}
count dict: Counter({2: 940, 1: 558, 0: 188})
Generated 932 negative samples for edge type 6
Epoch 00032, Step00000 | Train_Loss: 0.5161 | Time: 0.0205
Epoch 00032 | Val_Loss 0.6961 | Time(s) 0.0082
EarlyStopping counter: 4 out of 40
Getting training negative samples for edge types: [6]
nodes.shift keys: [0, 1, 2]
nodes.count keys: [0, 1, 2]
links.meta: {5: (2, 2), 6: (2, 1), 7: (1, 1), 2: (2, 2), 8: (2, 2), 0: (1, 1), 3: (1, 0), 4: (1, 1), 1: (2, 2), 10: (2, 2), 9: (2, 2)}
t_type about to use: 1
h_type: 2
shift dict: {0: 0, 1: 188, 2: 746}
count dict: Counter({2: 940, 1: 558, 0: 188})
Generated 932 negative samples for edge type 6
Epoch 00033, Step00000 | Train_Loss: 0.5201 | Time: 0.0201
Epoch 00033 | Val_Loss 0.7004 | Time(s) 0.0084
EarlyStopping counter: 5 out of 40
Getting training negative samples for edge types: [6]
nodes.shift keys: [0, 1, 2]
nodes.count keys: [0, 1, 2]
links.meta: {5: (2, 2), 6: (2, 1), 7: (1, 1), 2: (2, 2), 8: (2, 2), 0: (1, 1), 3: (1, 0), 4: (1, 1), 1: (2, 2), 10: (2, 2), 9: (2, 2)}
t_type about to use: 1
h_type: 2
shift dict: {0: 0, 1: 188, 2: 746}
count dict: Counter({2: 940, 1: 558, 0: 188})
Generated 932 negative samples for edge type 6
Epoch 00034, Step00000 | Train_Loss: 0.5023 | Time: 0.0210
Epoch 00034 | Val_Loss 0.7387 | Time(s) 0.0084
EarlyStopping counter: 6 out of 40
Getting training negative samples for edge types: [6]
nodes.shift keys: [0, 1, 2]
nodes.count keys: [0, 1, 2]
links.meta: {5: (2, 2), 6: (2, 1), 7: (1, 1), 2: (2, 2), 8: (2, 2), 0: (1, 1), 3: (1, 0), 4: (1, 1), 1: (2, 2), 10: (2, 2), 9: (2, 2)}
t_type about to use: 1
h_type: 2
shift dict: {0: 0, 1: 188, 2: 746}
count dict: Counter({2: 940, 1: 558, 0: 188})
Generated 932 negative samples for edge type 6
Epoch 00035, Step00000 | Train_Loss: 0.5093 | Time: 0.0202
Epoch 00035 | Val_Loss 0.7243 | Time(s) 0.0082
EarlyStopping counter: 7 out of 40
Getting training negative samples for edge types: [6]
nodes.shift keys: [0, 1, 2]
nodes.count keys: [0, 1, 2]
links.meta: {5: (2, 2), 6: (2, 1), 7: (1, 1), 2: (2, 2), 8: (2, 2), 0: (1, 1), 3: (1, 0), 4: (1, 1), 1: (2, 2), 10: (2, 2), 9: (2, 2)}
t_type about to use: 1
h_type: 2
shift dict: {0: 0, 1: 188, 2: 746}
count dict: Counter({2: 940, 1: 558, 0: 188})
Generated 932 negative samples for edge type 6
Epoch 00036, Step00000 | Train_Loss: 0.5090 | Time: 0.0200
Epoch 00036 | Val_Loss 0.7875 | Time(s) 0.0083
EarlyStopping counter: 8 out of 40
Getting training negative samples for edge types: [6]
nodes.shift keys: [0, 1, 2]
nodes.count keys: [0, 1, 2]
links.meta: {5: (2, 2), 6: (2, 1), 7: (1, 1), 2: (2, 2), 8: (2, 2), 0: (1, 1), 3: (1, 0), 4: (1, 1), 1: (2, 2), 10: (2, 2), 9: (2, 2)}
t_type about to use: 1
h_type: 2
shift dict: {0: 0, 1: 188, 2: 746}
count dict: Counter({2: 940, 1: 558, 0: 188})
Generated 932 negative samples for edge type 6
Epoch 00037, Step00000 | Train_Loss: 0.4991 | Time: 0.0202
Epoch 00037 | Val_Loss 0.8356 | Time(s) 0.0085
EarlyStopping counter: 9 out of 40
Getting training negative samples for edge types: [6]
nodes.shift keys: [0, 1, 2]
nodes.count keys: [0, 1, 2]
links.meta: {5: (2, 2), 6: (2, 1), 7: (1, 1), 2: (2, 2), 8: (2, 2), 0: (1, 1), 3: (1, 0), 4: (1, 1), 1: (2, 2), 10: (2, 2), 9: (2, 2)}
t_type about to use: 1
h_type: 2
shift dict: {0: 0, 1: 188, 2: 746}
count dict: Counter({2: 940, 1: 558, 0: 188})
Generated 932 negative samples for edge type 6
Epoch 00038, Step00000 | Train_Loss: 0.4988 | Time: 0.0212
Epoch 00038 | Val_Loss 0.8229 | Time(s) 0.0087
EarlyStopping counter: 10 out of 40
Getting training negative samples for edge types: [6]
nodes.shift keys: [0, 1, 2]
nodes.count keys: [0, 1, 2]
links.meta: {5: (2, 2), 6: (2, 1), 7: (1, 1), 2: (2, 2), 8: (2, 2), 0: (1, 1), 3: (1, 0), 4: (1, 1), 1: (2, 2), 10: (2, 2), 9: (2, 2)}
t_type about to use: 1
h_type: 2
shift dict: {0: 0, 1: 188, 2: 746}
count dict: Counter({2: 940, 1: 558, 0: 188})
Generated 932 negative samples for edge type 6
Epoch 00039, Step00000 | Train_Loss: 0.5042 | Time: 0.0204
Epoch 00039 | Val_Loss 0.8009 | Time(s) 0.0081
EarlyStopping counter: 11 out of 40
Getting training negative samples for edge types: [6]
nodes.shift keys: [0, 1, 2]
nodes.count keys: [0, 1, 2]
links.meta: {5: (2, 2), 6: (2, 1), 7: (1, 1), 2: (2, 2), 8: (2, 2), 0: (1, 1), 3: (1, 0), 4: (1, 1), 1: (2, 2), 10: (2, 2), 9: (2, 2)}
t_type about to use: 1
h_type: 2
shift dict: {0: 0, 1: 188, 2: 746}
count dict: Counter({2: 940, 1: 558, 0: 188})
Generated 932 negative samples for edge type 6
Epoch 00040, Step00000 | Train_Loss: 0.4923 | Time: 0.0198
Epoch 00040 | Val_Loss 0.6868 | Time(s) 0.0081
EarlyStopping counter: 12 out of 40
Getting training negative samples for edge types: [6]
nodes.shift keys: [0, 1, 2]
nodes.count keys: [0, 1, 2]
links.meta: {5: (2, 2), 6: (2, 1), 7: (1, 1), 2: (2, 2), 8: (2, 2), 0: (1, 1), 3: (1, 0), 4: (1, 1), 1: (2, 2), 10: (2, 2), 9: (2, 2)}
t_type about to use: 1
h_type: 2
shift dict: {0: 0, 1: 188, 2: 746}
count dict: Counter({2: 940, 1: 558, 0: 188})
Generated 932 negative samples for edge type 6
Epoch 00041, Step00000 | Train_Loss: 0.4989 | Time: 0.0200
Epoch 00041 | Val_Loss 0.7563 | Time(s) 0.0083
EarlyStopping counter: 13 out of 40
Getting training negative samples for edge types: [6]
nodes.shift keys: [0, 1, 2]
nodes.count keys: [0, 1, 2]
links.meta: {5: (2, 2), 6: (2, 1), 7: (1, 1), 2: (2, 2), 8: (2, 2), 0: (1, 1), 3: (1, 0), 4: (1, 1), 1: (2, 2), 10: (2, 2), 9: (2, 2)}
t_type about to use: 1
h_type: 2
shift dict: {0: 0, 1: 188, 2: 746}
count dict: Counter({2: 940, 1: 558, 0: 188})
Generated 932 negative samples for edge type 6
Epoch 00042, Step00000 | Train_Loss: 0.4913 | Time: 0.0202
Epoch 00042 | Val_Loss 0.8404 | Time(s) 0.0083
EarlyStopping counter: 14 out of 40
Getting training negative samples for edge types: [6]
nodes.shift keys: [0, 1, 2]
nodes.count keys: [0, 1, 2]
links.meta: {5: (2, 2), 6: (2, 1), 7: (1, 1), 2: (2, 2), 8: (2, 2), 0: (1, 1), 3: (1, 0), 4: (1, 1), 1: (2, 2), 10: (2, 2), 9: (2, 2)}
t_type about to use: 1
h_type: 2
shift dict: {0: 0, 1: 188, 2: 746}
count dict: Counter({2: 940, 1: 558, 0: 188})
Generated 932 negative samples for edge type 6
Epoch 00043, Step00000 | Train_Loss: 0.5058 | Time: 0.0199
Epoch 00043 | Val_Loss 0.7169 | Time(s) 0.0084
EarlyStopping counter: 15 out of 40
Getting training negative samples for edge types: [6]
nodes.shift keys: [0, 1, 2]
nodes.count keys: [0, 1, 2]
links.meta: {5: (2, 2), 6: (2, 1), 7: (1, 1), 2: (2, 2), 8: (2, 2), 0: (1, 1), 3: (1, 0), 4: (1, 1), 1: (2, 2), 10: (2, 2), 9: (2, 2)}
t_type about to use: 1
h_type: 2
shift dict: {0: 0, 1: 188, 2: 746}
count dict: Counter({2: 940, 1: 558, 0: 188})
Generated 932 negative samples for edge type 6
Epoch 00044, Step00000 | Train_Loss: 0.4960 | Time: 0.0218
Epoch 00044 | Val_Loss 0.7226 | Time(s) 0.0082
EarlyStopping counter: 16 out of 40
Getting training negative samples for edge types: [6]
nodes.shift keys: [0, 1, 2]
nodes.count keys: [0, 1, 2]
links.meta: {5: (2, 2), 6: (2, 1), 7: (1, 1), 2: (2, 2), 8: (2, 2), 0: (1, 1), 3: (1, 0), 4: (1, 1), 1: (2, 2), 10: (2, 2), 9: (2, 2)}
t_type about to use: 1
h_type: 2
shift dict: {0: 0, 1: 188, 2: 746}
count dict: Counter({2: 940, 1: 558, 0: 188})
Generated 932 negative samples for edge type 6
Epoch 00045, Step00000 | Train_Loss: 0.4919 | Time: 0.0198
Epoch 00045 | Val_Loss 0.7993 | Time(s) 0.0089
EarlyStopping counter: 17 out of 40
Getting training negative samples for edge types: [6]
nodes.shift keys: [0, 1, 2]
nodes.count keys: [0, 1, 2]
links.meta: {5: (2, 2), 6: (2, 1), 7: (1, 1), 2: (2, 2), 8: (2, 2), 0: (1, 1), 3: (1, 0), 4: (1, 1), 1: (2, 2), 10: (2, 2), 9: (2, 2)}
t_type about to use: 1
h_type: 2
shift dict: {0: 0, 1: 188, 2: 746}
count dict: Counter({2: 940, 1: 558, 0: 188})
Generated 932 negative samples for edge type 6
Epoch 00046, Step00000 | Train_Loss: 0.4894 | Time: 0.0197
Epoch 00046 | Val_Loss 0.7513 | Time(s) 0.0080
EarlyStopping counter: 18 out of 40
Getting training negative samples for edge types: [6]
nodes.shift keys: [0, 1, 2]
nodes.count keys: [0, 1, 2]
links.meta: {5: (2, 2), 6: (2, 1), 7: (1, 1), 2: (2, 2), 8: (2, 2), 0: (1, 1), 3: (1, 0), 4: (1, 1), 1: (2, 2), 10: (2, 2), 9: (2, 2)}
t_type about to use: 1
h_type: 2
shift dict: {0: 0, 1: 188, 2: 746}
count dict: Counter({2: 940, 1: 558, 0: 188})
Generated 932 negative samples for edge type 6
Epoch 00047, Step00000 | Train_Loss: 0.4997 | Time: 0.0214
Epoch 00047 | Val_Loss 0.6131 | Time(s) 0.0080
Validation loss decreased (0.620060 --> 0.613054).  Saving model ...
Getting training negative samples for edge types: [6]
nodes.shift keys: [0, 1, 2]
nodes.count keys: [0, 1, 2]
links.meta: {5: (2, 2), 6: (2, 1), 7: (1, 1), 2: (2, 2), 8: (2, 2), 0: (1, 1), 3: (1, 0), 4: (1, 1), 1: (2, 2), 10: (2, 2), 9: (2, 2)}
t_type about to use: 1
h_type: 2
shift dict: {0: 0, 1: 188, 2: 746}
count dict: Counter({2: 940, 1: 558, 0: 188})
Generated 932 negative samples for edge type 6
Epoch 00048, Step00000 | Train_Loss: 0.4926 | Time: 0.0203
Epoch 00048 | Val_Loss 0.8186 | Time(s) 0.0076
EarlyStopping counter: 1 out of 40
Getting training negative samples for edge types: [6]
nodes.shift keys: [0, 1, 2]
nodes.count keys: [0, 1, 2]
links.meta: {5: (2, 2), 6: (2, 1), 7: (1, 1), 2: (2, 2), 8: (2, 2), 0: (1, 1), 3: (1, 0), 4: (1, 1), 1: (2, 2), 10: (2, 2), 9: (2, 2)}
t_type about to use: 1
h_type: 2
shift dict: {0: 0, 1: 188, 2: 746}
count dict: Counter({2: 940, 1: 558, 0: 188})
Generated 932 negative samples for edge type 6
Epoch 00049, Step00000 | Train_Loss: 0.4819 | Time: 0.0195
Epoch 00049 | Val_Loss 0.7392 | Time(s) 0.0081
EarlyStopping counter: 2 out of 40
Getting training negative samples for edge types: [6]
nodes.shift keys: [0, 1, 2]
nodes.count keys: [0, 1, 2]
links.meta: {5: (2, 2), 6: (2, 1), 7: (1, 1), 2: (2, 2), 8: (2, 2), 0: (1, 1), 3: (1, 0), 4: (1, 1), 1: (2, 2), 10: (2, 2), 9: (2, 2)}
t_type about to use: 1
h_type: 2
shift dict: {0: 0, 1: 188, 2: 746}
count dict: Counter({2: 940, 1: 558, 0: 188})
Generated 932 negative samples for edge type 6
Epoch 00050, Step00000 | Train_Loss: 0.4800 | Time: 0.0209
Epoch 00050 | Val_Loss 0.7387 | Time(s) 0.0079
EarlyStopping counter: 3 out of 40
Getting training negative samples for edge types: [6]
nodes.shift keys: [0, 1, 2]
nodes.count keys: [0, 1, 2]
links.meta: {5: (2, 2), 6: (2, 1), 7: (1, 1), 2: (2, 2), 8: (2, 2), 0: (1, 1), 3: (1, 0), 4: (1, 1), 1: (2, 2), 10: (2, 2), 9: (2, 2)}
t_type about to use: 1
h_type: 2
shift dict: {0: 0, 1: 188, 2: 746}
count dict: Counter({2: 940, 1: 558, 0: 188})
Generated 932 negative samples for edge type 6
Epoch 00051, Step00000 | Train_Loss: 0.4892 | Time: 0.0193
Epoch 00051 | Val_Loss 0.7404 | Time(s) 0.0081
EarlyStopping counter: 4 out of 40
Getting training negative samples for edge types: [6]
nodes.shift keys: [0, 1, 2]
nodes.count keys: [0, 1, 2]
links.meta: {5: (2, 2), 6: (2, 1), 7: (1, 1), 2: (2, 2), 8: (2, 2), 0: (1, 1), 3: (1, 0), 4: (1, 1), 1: (2, 2), 10: (2, 2), 9: (2, 2)}
t_type about to use: 1
h_type: 2
shift dict: {0: 0, 1: 188, 2: 746}
count dict: Counter({2: 940, 1: 558, 0: 188})
Generated 932 negative samples for edge type 6
Epoch 00052, Step00000 | Train_Loss: 0.4711 | Time: 0.0218
Epoch 00052 | Val_Loss 0.5949 | Time(s) 0.0082
Validation loss decreased (0.613054 --> 0.594885).  Saving model ...
Getting training negative samples for edge types: [6]
nodes.shift keys: [0, 1, 2]
nodes.count keys: [0, 1, 2]
links.meta: {5: (2, 2), 6: (2, 1), 7: (1, 1), 2: (2, 2), 8: (2, 2), 0: (1, 1), 3: (1, 0), 4: (1, 1), 1: (2, 2), 10: (2, 2), 9: (2, 2)}
t_type about to use: 1
h_type: 2
shift dict: {0: 0, 1: 188, 2: 746}
count dict: Counter({2: 940, 1: 558, 0: 188})
Generated 932 negative samples for edge type 6
Epoch 00053, Step00000 | Train_Loss: 0.4690 | Time: 0.0203
Epoch 00053 | Val_Loss 0.7897 | Time(s) 0.0083
EarlyStopping counter: 1 out of 40
Getting training negative samples for edge types: [6]
nodes.shift keys: [0, 1, 2]
nodes.count keys: [0, 1, 2]
links.meta: {5: (2, 2), 6: (2, 1), 7: (1, 1), 2: (2, 2), 8: (2, 2), 0: (1, 1), 3: (1, 0), 4: (1, 1), 1: (2, 2), 10: (2, 2), 9: (2, 2)}
t_type about to use: 1
h_type: 2
shift dict: {0: 0, 1: 188, 2: 746}
count dict: Counter({2: 940, 1: 558, 0: 188})
Generated 932 negative samples for edge type 6
Epoch 00054, Step00000 | Train_Loss: 0.4614 | Time: 0.0217
Epoch 00054 | Val_Loss 0.7354 | Time(s) 0.0080
EarlyStopping counter: 2 out of 40
Getting training negative samples for edge types: [6]
nodes.shift keys: [0, 1, 2]
nodes.count keys: [0, 1, 2]
links.meta: {5: (2, 2), 6: (2, 1), 7: (1, 1), 2: (2, 2), 8: (2, 2), 0: (1, 1), 3: (1, 0), 4: (1, 1), 1: (2, 2), 10: (2, 2), 9: (2, 2)}
t_type about to use: 1
h_type: 2
shift dict: {0: 0, 1: 188, 2: 746}
count dict: Counter({2: 940, 1: 558, 0: 188})
Generated 932 negative samples for edge type 6
Epoch 00055, Step00000 | Train_Loss: 0.4815 | Time: 0.0194
Epoch 00055 | Val_Loss 0.6893 | Time(s) 0.0082
EarlyStopping counter: 3 out of 40
Getting training negative samples for edge types: [6]
nodes.shift keys: [0, 1, 2]
nodes.count keys: [0, 1, 2]
links.meta: {5: (2, 2), 6: (2, 1), 7: (1, 1), 2: (2, 2), 8: (2, 2), 0: (1, 1), 3: (1, 0), 4: (1, 1), 1: (2, 2), 10: (2, 2), 9: (2, 2)}
t_type about to use: 1
h_type: 2
shift dict: {0: 0, 1: 188, 2: 746}
count dict: Counter({2: 940, 1: 558, 0: 188})
Generated 932 negative samples for edge type 6
Epoch 00056, Step00000 | Train_Loss: 0.4877 | Time: 0.0209
Epoch 00056 | Val_Loss 0.7269 | Time(s) 0.0079
EarlyStopping counter: 4 out of 40
Getting training negative samples for edge types: [6]
nodes.shift keys: [0, 1, 2]
nodes.count keys: [0, 1, 2]
links.meta: {5: (2, 2), 6: (2, 1), 7: (1, 1), 2: (2, 2), 8: (2, 2), 0: (1, 1), 3: (1, 0), 4: (1, 1), 1: (2, 2), 10: (2, 2), 9: (2, 2)}
t_type about to use: 1
h_type: 2
shift dict: {0: 0, 1: 188, 2: 746}
count dict: Counter({2: 940, 1: 558, 0: 188})
Generated 932 negative samples for edge type 6
Epoch 00057, Step00000 | Train_Loss: 0.4710 | Time: 0.0215
Epoch 00057 | Val_Loss 0.6816 | Time(s) 0.0084
EarlyStopping counter: 5 out of 40
Getting training negative samples for edge types: [6]
nodes.shift keys: [0, 1, 2]
nodes.count keys: [0, 1, 2]
links.meta: {5: (2, 2), 6: (2, 1), 7: (1, 1), 2: (2, 2), 8: (2, 2), 0: (1, 1), 3: (1, 0), 4: (1, 1), 1: (2, 2), 10: (2, 2), 9: (2, 2)}
t_type about to use: 1
h_type: 2
shift dict: {0: 0, 1: 188, 2: 746}
count dict: Counter({2: 940, 1: 558, 0: 188})
Generated 932 negative samples for edge type 6
Epoch 00058, Step00000 | Train_Loss: 0.4768 | Time: 0.0204
Epoch 00058 | Val_Loss 0.6738 | Time(s) 0.0087
EarlyStopping counter: 6 out of 40
Getting training negative samples for edge types: [6]
nodes.shift keys: [0, 1, 2]
nodes.count keys: [0, 1, 2]
links.meta: {5: (2, 2), 6: (2, 1), 7: (1, 1), 2: (2, 2), 8: (2, 2), 0: (1, 1), 3: (1, 0), 4: (1, 1), 1: (2, 2), 10: (2, 2), 9: (2, 2)}
t_type about to use: 1
h_type: 2
shift dict: {0: 0, 1: 188, 2: 746}
count dict: Counter({2: 940, 1: 558, 0: 188})
Generated 932 negative samples for edge type 6
Epoch 00059, Step00000 | Train_Loss: 0.4617 | Time: 0.0203
Epoch 00059 | Val_Loss 0.7118 | Time(s) 0.0085
EarlyStopping counter: 7 out of 40
Getting training negative samples for edge types: [6]
nodes.shift keys: [0, 1, 2]
nodes.count keys: [0, 1, 2]
links.meta: {5: (2, 2), 6: (2, 1), 7: (1, 1), 2: (2, 2), 8: (2, 2), 0: (1, 1), 3: (1, 0), 4: (1, 1), 1: (2, 2), 10: (2, 2), 9: (2, 2)}
t_type about to use: 1
h_type: 2
shift dict: {0: 0, 1: 188, 2: 746}
count dict: Counter({2: 940, 1: 558, 0: 188})
Generated 932 negative samples for edge type 6
Epoch 00060, Step00000 | Train_Loss: 0.4699 | Time: 0.0201
Epoch 00060 | Val_Loss 0.8023 | Time(s) 0.0085
EarlyStopping counter: 8 out of 40
Getting training negative samples for edge types: [6]
nodes.shift keys: [0, 1, 2]
nodes.count keys: [0, 1, 2]
links.meta: {5: (2, 2), 6: (2, 1), 7: (1, 1), 2: (2, 2), 8: (2, 2), 0: (1, 1), 3: (1, 0), 4: (1, 1), 1: (2, 2), 10: (2, 2), 9: (2, 2)}
t_type about to use: 1
h_type: 2
shift dict: {0: 0, 1: 188, 2: 746}
count dict: Counter({2: 940, 1: 558, 0: 188})
Generated 932 negative samples for edge type 6
Epoch 00061, Step00000 | Train_Loss: 0.4750 | Time: 0.0215
Epoch 00061 | Val_Loss 0.6829 | Time(s) 0.0083
EarlyStopping counter: 9 out of 40
Getting training negative samples for edge types: [6]
nodes.shift keys: [0, 1, 2]
nodes.count keys: [0, 1, 2]
links.meta: {5: (2, 2), 6: (2, 1), 7: (1, 1), 2: (2, 2), 8: (2, 2), 0: (1, 1), 3: (1, 0), 4: (1, 1), 1: (2, 2), 10: (2, 2), 9: (2, 2)}
t_type about to use: 1
h_type: 2
shift dict: {0: 0, 1: 188, 2: 746}
count dict: Counter({2: 940, 1: 558, 0: 188})
Generated 932 negative samples for edge type 6
Epoch 00062, Step00000 | Train_Loss: 0.4682 | Time: 0.0205
Epoch 00062 | Val_Loss 0.7250 | Time(s) 0.0084
EarlyStopping counter: 10 out of 40
Getting training negative samples for edge types: [6]
nodes.shift keys: [0, 1, 2]
nodes.count keys: [0, 1, 2]
links.meta: {5: (2, 2), 6: (2, 1), 7: (1, 1), 2: (2, 2), 8: (2, 2), 0: (1, 1), 3: (1, 0), 4: (1, 1), 1: (2, 2), 10: (2, 2), 9: (2, 2)}
t_type about to use: 1
h_type: 2
shift dict: {0: 0, 1: 188, 2: 746}
count dict: Counter({2: 940, 1: 558, 0: 188})
Generated 932 negative samples for edge type 6
Epoch 00063, Step00000 | Train_Loss: 0.4558 | Time: 0.0219
Epoch 00063 | Val_Loss 0.8248 | Time(s) 0.0087
EarlyStopping counter: 11 out of 40
Getting training negative samples for edge types: [6]
nodes.shift keys: [0, 1, 2]
nodes.count keys: [0, 1, 2]
links.meta: {5: (2, 2), 6: (2, 1), 7: (1, 1), 2: (2, 2), 8: (2, 2), 0: (1, 1), 3: (1, 0), 4: (1, 1), 1: (2, 2), 10: (2, 2), 9: (2, 2)}
t_type about to use: 1
h_type: 2
shift dict: {0: 0, 1: 188, 2: 746}
count dict: Counter({2: 940, 1: 558, 0: 188})
Generated 932 negative samples for edge type 6
Epoch 00064, Step00000 | Train_Loss: 0.4769 | Time: 0.0198
Epoch 00064 | Val_Loss 0.7635 | Time(s) 0.0070
EarlyStopping counter: 12 out of 40
Getting training negative samples for edge types: [6]
nodes.shift keys: [0, 1, 2]
nodes.count keys: [0, 1, 2]
links.meta: {5: (2, 2), 6: (2, 1), 7: (1, 1), 2: (2, 2), 8: (2, 2), 0: (1, 1), 3: (1, 0), 4: (1, 1), 1: (2, 2), 10: (2, 2), 9: (2, 2)}
t_type about to use: 1
h_type: 2
shift dict: {0: 0, 1: 188, 2: 746}
count dict: Counter({2: 940, 1: 558, 0: 188})
Generated 932 negative samples for edge type 6
Epoch 00065, Step00000 | Train_Loss: 0.4760 | Time: 0.0203
Epoch 00065 | Val_Loss 0.7394 | Time(s) 0.0084
EarlyStopping counter: 13 out of 40
Getting training negative samples for edge types: [6]
nodes.shift keys: [0, 1, 2]
nodes.count keys: [0, 1, 2]
links.meta: {5: (2, 2), 6: (2, 1), 7: (1, 1), 2: (2, 2), 8: (2, 2), 0: (1, 1), 3: (1, 0), 4: (1, 1), 1: (2, 2), 10: (2, 2), 9: (2, 2)}
t_type about to use: 1
h_type: 2
shift dict: {0: 0, 1: 188, 2: 746}
count dict: Counter({2: 940, 1: 558, 0: 188})
Generated 932 negative samples for edge type 6
Epoch 00066, Step00000 | Train_Loss: 0.4649 | Time: 0.0207
Epoch 00066 | Val_Loss 0.6849 | Time(s) 0.0082
EarlyStopping counter: 14 out of 40
Getting training negative samples for edge types: [6]
nodes.shift keys: [0, 1, 2]
nodes.count keys: [0, 1, 2]
links.meta: {5: (2, 2), 6: (2, 1), 7: (1, 1), 2: (2, 2), 8: (2, 2), 0: (1, 1), 3: (1, 0), 4: (1, 1), 1: (2, 2), 10: (2, 2), 9: (2, 2)}
t_type about to use: 1
h_type: 2
shift dict: {0: 0, 1: 188, 2: 746}
count dict: Counter({2: 940, 1: 558, 0: 188})
Generated 932 negative samples for edge type 6
Epoch 00067, Step00000 | Train_Loss: 0.4620 | Time: 0.0205
Epoch 00067 | Val_Loss 0.7991 | Time(s) 0.0086
EarlyStopping counter: 15 out of 40
Getting training negative samples for edge types: [6]
nodes.shift keys: [0, 1, 2]
nodes.count keys: [0, 1, 2]
links.meta: {5: (2, 2), 6: (2, 1), 7: (1, 1), 2: (2, 2), 8: (2, 2), 0: (1, 1), 3: (1, 0), 4: (1, 1), 1: (2, 2), 10: (2, 2), 9: (2, 2)}
t_type about to use: 1
h_type: 2
shift dict: {0: 0, 1: 188, 2: 746}
count dict: Counter({2: 940, 1: 558, 0: 188})
Generated 932 negative samples for edge type 6
Epoch 00068, Step00000 | Train_Loss: 0.4511 | Time: 0.0201
Epoch 00068 | Val_Loss 0.8576 | Time(s) 0.0090
EarlyStopping counter: 16 out of 40
Getting training negative samples for edge types: [6]
nodes.shift keys: [0, 1, 2]
nodes.count keys: [0, 1, 2]
links.meta: {5: (2, 2), 6: (2, 1), 7: (1, 1), 2: (2, 2), 8: (2, 2), 0: (1, 1), 3: (1, 0), 4: (1, 1), 1: (2, 2), 10: (2, 2), 9: (2, 2)}
t_type about to use: 1
h_type: 2
shift dict: {0: 0, 1: 188, 2: 746}
count dict: Counter({2: 940, 1: 558, 0: 188})
Generated 932 negative samples for edge type 6
Epoch 00069, Step00000 | Train_Loss: 0.4712 | Time: 0.0217
Epoch 00069 | Val_Loss 0.7020 | Time(s) 0.0073
EarlyStopping counter: 17 out of 40
Getting training negative samples for edge types: [6]
nodes.shift keys: [0, 1, 2]
nodes.count keys: [0, 1, 2]
links.meta: {5: (2, 2), 6: (2, 1), 7: (1, 1), 2: (2, 2), 8: (2, 2), 0: (1, 1), 3: (1, 0), 4: (1, 1), 1: (2, 2), 10: (2, 2), 9: (2, 2)}
t_type about to use: 1
h_type: 2
shift dict: {0: 0, 1: 188, 2: 746}
count dict: Counter({2: 940, 1: 558, 0: 188})
Generated 932 negative samples for edge type 6
Epoch 00070, Step00000 | Train_Loss: 0.4506 | Time: 0.0198
Epoch 00070 | Val_Loss 0.7481 | Time(s) 0.0076
EarlyStopping counter: 18 out of 40
Getting training negative samples for edge types: [6]
nodes.shift keys: [0, 1, 2]
nodes.count keys: [0, 1, 2]
links.meta: {5: (2, 2), 6: (2, 1), 7: (1, 1), 2: (2, 2), 8: (2, 2), 0: (1, 1), 3: (1, 0), 4: (1, 1), 1: (2, 2), 10: (2, 2), 9: (2, 2)}
t_type about to use: 1
h_type: 2
shift dict: {0: 0, 1: 188, 2: 746}
count dict: Counter({2: 940, 1: 558, 0: 188})
Generated 932 negative samples for edge type 6
Epoch 00071, Step00000 | Train_Loss: 0.4588 | Time: 0.0214
Epoch 00071 | Val_Loss 0.7165 | Time(s) 0.0069
EarlyStopping counter: 19 out of 40
Getting training negative samples for edge types: [6]
nodes.shift keys: [0, 1, 2]
nodes.count keys: [0, 1, 2]
links.meta: {5: (2, 2), 6: (2, 1), 7: (1, 1), 2: (2, 2), 8: (2, 2), 0: (1, 1), 3: (1, 0), 4: (1, 1), 1: (2, 2), 10: (2, 2), 9: (2, 2)}
t_type about to use: 1
h_type: 2
shift dict: {0: 0, 1: 188, 2: 746}
count dict: Counter({2: 940, 1: 558, 0: 188})
Generated 932 negative samples for edge type 6
Epoch 00072, Step00000 | Train_Loss: 0.4451 | Time: 0.0198
Epoch 00072 | Val_Loss 0.7594 | Time(s) 0.0085
EarlyStopping counter: 20 out of 40
Getting training negative samples for edge types: [6]
nodes.shift keys: [0, 1, 2]
nodes.count keys: [0, 1, 2]
links.meta: {5: (2, 2), 6: (2, 1), 7: (1, 1), 2: (2, 2), 8: (2, 2), 0: (1, 1), 3: (1, 0), 4: (1, 1), 1: (2, 2), 10: (2, 2), 9: (2, 2)}
t_type about to use: 1
h_type: 2
shift dict: {0: 0, 1: 188, 2: 746}
count dict: Counter({2: 940, 1: 558, 0: 188})
Generated 932 negative samples for edge type 6
Epoch 00073, Step00000 | Train_Loss: 0.4510 | Time: 0.0213
Epoch 00073 | Val_Loss 0.8158 | Time(s) 0.0082
EarlyStopping counter: 21 out of 40
Getting training negative samples for edge types: [6]
nodes.shift keys: [0, 1, 2]
nodes.count keys: [0, 1, 2]
links.meta: {5: (2, 2), 6: (2, 1), 7: (1, 1), 2: (2, 2), 8: (2, 2), 0: (1, 1), 3: (1, 0), 4: (1, 1), 1: (2, 2), 10: (2, 2), 9: (2, 2)}
t_type about to use: 1
h_type: 2
shift dict: {0: 0, 1: 188, 2: 746}
count dict: Counter({2: 940, 1: 558, 0: 188})
Generated 932 negative samples for edge type 6
Epoch 00074, Step00000 | Train_Loss: 0.4527 | Time: 0.0200
Epoch 00074 | Val_Loss 0.7392 | Time(s) 0.0083
EarlyStopping counter: 22 out of 40
Getting training negative samples for edge types: [6]
nodes.shift keys: [0, 1, 2]
nodes.count keys: [0, 1, 2]
links.meta: {5: (2, 2), 6: (2, 1), 7: (1, 1), 2: (2, 2), 8: (2, 2), 0: (1, 1), 3: (1, 0), 4: (1, 1), 1: (2, 2), 10: (2, 2), 9: (2, 2)}
t_type about to use: 1
h_type: 2
shift dict: {0: 0, 1: 188, 2: 746}
count dict: Counter({2: 940, 1: 558, 0: 188})
Generated 932 negative samples for edge type 6
Epoch 00075, Step00000 | Train_Loss: 0.4526 | Time: 0.0213
Epoch 00075 | Val_Loss 0.7378 | Time(s) 0.0089
EarlyStopping counter: 23 out of 40
Getting training negative samples for edge types: [6]
nodes.shift keys: [0, 1, 2]
nodes.count keys: [0, 1, 2]
links.meta: {5: (2, 2), 6: (2, 1), 7: (1, 1), 2: (2, 2), 8: (2, 2), 0: (1, 1), 3: (1, 0), 4: (1, 1), 1: (2, 2), 10: (2, 2), 9: (2, 2)}
t_type about to use: 1
h_type: 2
shift dict: {0: 0, 1: 188, 2: 746}
count dict: Counter({2: 940, 1: 558, 0: 188})
Generated 932 negative samples for edge type 6
Epoch 00076, Step00000 | Train_Loss: 0.4430 | Time: 0.0202
Epoch 00076 | Val_Loss 0.7866 | Time(s) 0.0076
EarlyStopping counter: 24 out of 40
Getting training negative samples for edge types: [6]
nodes.shift keys: [0, 1, 2]
nodes.count keys: [0, 1, 2]
links.meta: {5: (2, 2), 6: (2, 1), 7: (1, 1), 2: (2, 2), 8: (2, 2), 0: (1, 1), 3: (1, 0), 4: (1, 1), 1: (2, 2), 10: (2, 2), 9: (2, 2)}
t_type about to use: 1
h_type: 2
shift dict: {0: 0, 1: 188, 2: 746}
count dict: Counter({2: 940, 1: 558, 0: 188})
Generated 932 negative samples for edge type 6
Epoch 00077, Step00000 | Train_Loss: 0.4280 | Time: 0.0197
Epoch 00077 | Val_Loss 0.7244 | Time(s) 0.0081
EarlyStopping counter: 25 out of 40
Getting training negative samples for edge types: [6]
nodes.shift keys: [0, 1, 2]
nodes.count keys: [0, 1, 2]
links.meta: {5: (2, 2), 6: (2, 1), 7: (1, 1), 2: (2, 2), 8: (2, 2), 0: (1, 1), 3: (1, 0), 4: (1, 1), 1: (2, 2), 10: (2, 2), 9: (2, 2)}
t_type about to use: 1
h_type: 2
shift dict: {0: 0, 1: 188, 2: 746}
count dict: Counter({2: 940, 1: 558, 0: 188})
Generated 932 negative samples for edge type 6
Epoch 00078, Step00000 | Train_Loss: 0.4558 | Time: 0.0217
Epoch 00078 | Val_Loss 0.8109 | Time(s) 0.0080
EarlyStopping counter: 26 out of 40
Getting training negative samples for edge types: [6]
nodes.shift keys: [0, 1, 2]
nodes.count keys: [0, 1, 2]
links.meta: {5: (2, 2), 6: (2, 1), 7: (1, 1), 2: (2, 2), 8: (2, 2), 0: (1, 1), 3: (1, 0), 4: (1, 1), 1: (2, 2), 10: (2, 2), 9: (2, 2)}
t_type about to use: 1
h_type: 2
shift dict: {0: 0, 1: 188, 2: 746}
count dict: Counter({2: 940, 1: 558, 0: 188})
Generated 932 negative samples for edge type 6
Epoch 00079, Step00000 | Train_Loss: 0.4466 | Time: 0.0198
Epoch 00079 | Val_Loss 0.7319 | Time(s) 0.0085
EarlyStopping counter: 27 out of 40
Getting training negative samples for edge types: [6]
nodes.shift keys: [0, 1, 2]
nodes.count keys: [0, 1, 2]
links.meta: {5: (2, 2), 6: (2, 1), 7: (1, 1), 2: (2, 2), 8: (2, 2), 0: (1, 1), 3: (1, 0), 4: (1, 1), 1: (2, 2), 10: (2, 2), 9: (2, 2)}
t_type about to use: 1
h_type: 2
shift dict: {0: 0, 1: 188, 2: 746}
count dict: Counter({2: 940, 1: 558, 0: 188})
Generated 932 negative samples for edge type 6
Epoch 00080, Step00000 | Train_Loss: 0.4420 | Time: 0.0204
Epoch 00080 | Val_Loss 0.7524 | Time(s) 0.0083
EarlyStopping counter: 28 out of 40
Getting training negative samples for edge types: [6]
nodes.shift keys: [0, 1, 2]
nodes.count keys: [0, 1, 2]
links.meta: {5: (2, 2), 6: (2, 1), 7: (1, 1), 2: (2, 2), 8: (2, 2), 0: (1, 1), 3: (1, 0), 4: (1, 1), 1: (2, 2), 10: (2, 2), 9: (2, 2)}
t_type about to use: 1
h_type: 2
shift dict: {0: 0, 1: 188, 2: 746}
count dict: Counter({2: 940, 1: 558, 0: 188})
Generated 932 negative samples for edge type 6
Epoch 00081, Step00000 | Train_Loss: 0.4522 | Time: 0.0199
Epoch 00081 | Val_Loss 0.6871 | Time(s) 0.0086
EarlyStopping counter: 29 out of 40
Getting training negative samples for edge types: [6]
nodes.shift keys: [0, 1, 2]
nodes.count keys: [0, 1, 2]
links.meta: {5: (2, 2), 6: (2, 1), 7: (1, 1), 2: (2, 2), 8: (2, 2), 0: (1, 1), 3: (1, 0), 4: (1, 1), 1: (2, 2), 10: (2, 2), 9: (2, 2)}
t_type about to use: 1
h_type: 2
shift dict: {0: 0, 1: 188, 2: 746}
count dict: Counter({2: 940, 1: 558, 0: 188})
Generated 932 negative samples for edge type 6
Epoch 00082, Step00000 | Train_Loss: 0.4563 | Time: 0.0217
Epoch 00082 | Val_Loss 0.6495 | Time(s) 0.0081
EarlyStopping counter: 30 out of 40
Getting training negative samples for edge types: [6]
nodes.shift keys: [0, 1, 2]
nodes.count keys: [0, 1, 2]
links.meta: {5: (2, 2), 6: (2, 1), 7: (1, 1), 2: (2, 2), 8: (2, 2), 0: (1, 1), 3: (1, 0), 4: (1, 1), 1: (2, 2), 10: (2, 2), 9: (2, 2)}
t_type about to use: 1
h_type: 2
shift dict: {0: 0, 1: 188, 2: 746}
count dict: Counter({2: 940, 1: 558, 0: 188})
Generated 932 negative samples for edge type 6
Epoch 00083, Step00000 | Train_Loss: 0.4273 | Time: 0.0199
Epoch 00083 | Val_Loss 0.7103 | Time(s) 0.0087
EarlyStopping counter: 31 out of 40
Getting training negative samples for edge types: [6]
nodes.shift keys: [0, 1, 2]
nodes.count keys: [0, 1, 2]
links.meta: {5: (2, 2), 6: (2, 1), 7: (1, 1), 2: (2, 2), 8: (2, 2), 0: (1, 1), 3: (1, 0), 4: (1, 1), 1: (2, 2), 10: (2, 2), 9: (2, 2)}
t_type about to use: 1
h_type: 2
shift dict: {0: 0, 1: 188, 2: 746}
count dict: Counter({2: 940, 1: 558, 0: 188})
Generated 932 negative samples for edge type 6
Epoch 00084, Step00000 | Train_Loss: 0.4527 | Time: 0.0199
Epoch 00084 | Val_Loss 0.7145 | Time(s) 0.0083
EarlyStopping counter: 32 out of 40
Getting training negative samples for edge types: [6]
nodes.shift keys: [0, 1, 2]
nodes.count keys: [0, 1, 2]
links.meta: {5: (2, 2), 6: (2, 1), 7: (1, 1), 2: (2, 2), 8: (2, 2), 0: (1, 1), 3: (1, 0), 4: (1, 1), 1: (2, 2), 10: (2, 2), 9: (2, 2)}
t_type about to use: 1
h_type: 2
shift dict: {0: 0, 1: 188, 2: 746}
count dict: Counter({2: 940, 1: 558, 0: 188})
Generated 932 negative samples for edge type 6
Epoch 00085, Step00000 | Train_Loss: 0.4561 | Time: 0.0202
Epoch 00085 | Val_Loss 0.7582 | Time(s) 0.0083
EarlyStopping counter: 33 out of 40
Getting training negative samples for edge types: [6]
nodes.shift keys: [0, 1, 2]
nodes.count keys: [0, 1, 2]
links.meta: {5: (2, 2), 6: (2, 1), 7: (1, 1), 2: (2, 2), 8: (2, 2), 0: (1, 1), 3: (1, 0), 4: (1, 1), 1: (2, 2), 10: (2, 2), 9: (2, 2)}
t_type about to use: 1
h_type: 2
shift dict: {0: 0, 1: 188, 2: 746}
count dict: Counter({2: 940, 1: 558, 0: 188})
Generated 932 negative samples for edge type 6
Epoch 00086, Step00000 | Train_Loss: 0.4529 | Time: 0.0200
Epoch 00086 | Val_Loss 0.7988 | Time(s) 0.0083
EarlyStopping counter: 34 out of 40
Getting training negative samples for edge types: [6]
nodes.shift keys: [0, 1, 2]
nodes.count keys: [0, 1, 2]
links.meta: {5: (2, 2), 6: (2, 1), 7: (1, 1), 2: (2, 2), 8: (2, 2), 0: (1, 1), 3: (1, 0), 4: (1, 1), 1: (2, 2), 10: (2, 2), 9: (2, 2)}
t_type about to use: 1
h_type: 2
shift dict: {0: 0, 1: 188, 2: 746}
count dict: Counter({2: 940, 1: 558, 0: 188})
Generated 932 negative samples for edge type 6
Epoch 00087, Step00000 | Train_Loss: 0.4321 | Time: 0.0203
Epoch 00087 | Val_Loss 0.8596 | Time(s) 0.0086
EarlyStopping counter: 35 out of 40
Getting training negative samples for edge types: [6]
nodes.shift keys: [0, 1, 2]
nodes.count keys: [0, 1, 2]
links.meta: {5: (2, 2), 6: (2, 1), 7: (1, 1), 2: (2, 2), 8: (2, 2), 0: (1, 1), 3: (1, 0), 4: (1, 1), 1: (2, 2), 10: (2, 2), 9: (2, 2)}
t_type about to use: 1
h_type: 2
shift dict: {0: 0, 1: 188, 2: 746}
count dict: Counter({2: 940, 1: 558, 0: 188})
Generated 932 negative samples for edge type 6
Epoch 00088, Step00000 | Train_Loss: 0.4462 | Time: 0.0212
Epoch 00088 | Val_Loss 0.8207 | Time(s) 0.0081
EarlyStopping counter: 36 out of 40
Getting training negative samples for edge types: [6]
nodes.shift keys: [0, 1, 2]
nodes.count keys: [0, 1, 2]
links.meta: {5: (2, 2), 6: (2, 1), 7: (1, 1), 2: (2, 2), 8: (2, 2), 0: (1, 1), 3: (1, 0), 4: (1, 1), 1: (2, 2), 10: (2, 2), 9: (2, 2)}
t_type about to use: 1
h_type: 2
shift dict: {0: 0, 1: 188, 2: 746}
count dict: Counter({2: 940, 1: 558, 0: 188})
Generated 932 negative samples for edge type 6
Epoch 00089, Step00000 | Train_Loss: 0.4470 | Time: 0.0199
Epoch 00089 | Val_Loss 0.6804 | Time(s) 0.0084
EarlyStopping counter: 37 out of 40
Getting training negative samples for edge types: [6]
nodes.shift keys: [0, 1, 2]
nodes.count keys: [0, 1, 2]
links.meta: {5: (2, 2), 6: (2, 1), 7: (1, 1), 2: (2, 2), 8: (2, 2), 0: (1, 1), 3: (1, 0), 4: (1, 1), 1: (2, 2), 10: (2, 2), 9: (2, 2)}
t_type about to use: 1
h_type: 2
shift dict: {0: 0, 1: 188, 2: 746}
count dict: Counter({2: 940, 1: 558, 0: 188})
Generated 932 negative samples for edge type 6
Epoch 00090, Step00000 | Train_Loss: 0.4402 | Time: 0.0201
Epoch 00090 | Val_Loss 0.8196 | Time(s) 0.0084
EarlyStopping counter: 38 out of 40
Getting training negative samples for edge types: [6]
nodes.shift keys: [0, 1, 2]
nodes.count keys: [0, 1, 2]
links.meta: {5: (2, 2), 6: (2, 1), 7: (1, 1), 2: (2, 2), 8: (2, 2), 0: (1, 1), 3: (1, 0), 4: (1, 1), 1: (2, 2), 10: (2, 2), 9: (2, 2)}
t_type about to use: 1
h_type: 2
shift dict: {0: 0, 1: 188, 2: 746}
count dict: Counter({2: 940, 1: 558, 0: 188})
Generated 932 negative samples for edge type 6
Epoch 00091, Step00000 | Train_Loss: 0.4388 | Time: 0.0214
Epoch 00091 | Val_Loss 0.6698 | Time(s) 0.0080
EarlyStopping counter: 39 out of 40
Getting training negative samples for edge types: [6]
nodes.shift keys: [0, 1, 2]
nodes.count keys: [0, 1, 2]
links.meta: {5: (2, 2), 6: (2, 1), 7: (1, 1), 2: (2, 2), 8: (2, 2), 0: (1, 1), 3: (1, 0), 4: (1, 1), 1: (2, 2), 10: (2, 2), 9: (2, 2)}
t_type about to use: 1
h_type: 2
shift dict: {0: 0, 1: 188, 2: 746}
count dict: Counter({2: 940, 1: 558, 0: 188})
Generated 932 negative samples for edge type 6
Epoch 00092, Step00000 | Train_Loss: 0.4535 | Time: 0.0203
Epoch 00092 | Val_Loss 0.7009 | Time(s) 0.0086
EarlyStopping counter: 40 out of 40
Early stopping!
Early stopping!
Meta keys: dict_keys([6])
Data keys: dict_keys([6])
Edge type: 6, Meta: (2, 1)
{'roc_auc': 0.603024157996826, 'MRR': 0.780859375}
{'roc_auc': 0.729037470521443, 'MRR': 0.84765625}
defaultdict(<class 'float'>, {'roc_auc': 0.603024157996826, 'MRR': 0.780859375})
defaultdict(<class 'float'>, {'roc_auc': 0.729037470521443, 'MRR': 0.84765625})
Completed: amazon_style_cct_features_securebert_fold_2

--------------------------------------
Running model: SimpleHGN
Dataset: amazon_style_cct_features_securebert_fold_3
--------------------------------------
Data path: ../../data/amazon_style_cct_features_securebert_fold_3
Loading nodes from ../../data/amazon_style_cct_features_securebert_fold_3/node.dat
edge types: dict_keys([5, 6, 7, 2, 8, 0, 3, 4, 1, 10, 9])
Getting training negative samples for edge types: [6]
nodes.shift keys: [0, 1, 2]
nodes.count keys: [0, 1, 2]
links.meta: {5: (2, 2), 6: (2, 1), 7: (1, 1), 2: (2, 2), 8: (2, 2), 0: (1, 1), 3: (1, 0), 4: (1, 1), 1: (2, 2), 10: (2, 2), 9: (2, 2)}
t_type about to use: 1
h_type: 2
shift dict: {0: 0, 1: 188, 2: 746}
count dict: Counter({2: 940, 1: 558, 0: 188})
Generated 894 negative samples for edge type 6
Features List: [array([[ 0.00445206,  0.01268557,  0.22351578, ..., -0.28678206,
        -0.37460288,  0.18294938],
       [-0.18744846,  0.07075578,  0.0476894 , ..., -0.2232531 ,
        -0.19588573,  0.47988179],
       [-0.17451471, -0.04557271,  0.15712288, ..., -0.05391889,
        -0.20500693,  0.23744845],
       ...,
       [-0.40584856,  0.04715464,  0.24475315, ..., -0.12466257,
        -0.2035536 ,  0.28577447],
       [-0.18835557,  0.03822717,  0.03586731, ..., -0.23435652,
        -0.35453227,  0.38753107],
       [-0.13632202,  0.14362322,  0.08668749, ..., -0.24145249,
        -0.25799868,  0.26464131]]), array([[ 0.00791158, -0.00538086, -0.02676104, ..., -0.01897389,
        -0.01306979, -0.00084801],
       [ 0.01682901, -0.00649696, -0.01921631, ..., -0.01401017,
        -0.0039668 , -0.02202195],
       [ 0.02197852, -0.01403735, -0.05225722, ...,  0.02019661,
         0.00528841,  0.0033033 ],
       ...,
       [ 0.01603197,  0.00716993, -0.01245602, ..., -0.01399604,
        -0.00058955, -0.0256807 ],
       [ 0.01039577,  0.02045547, -0.02146293, ...,  0.01017929,
         0.02390171,  0.00134994],
       [ 0.00462414,  0.0041195 , -0.0135733 , ..., -0.01101827,
         0.00813001,  0.0203817 ]]), array([[ 0.00087804,  0.00658507, -0.02514569, ..., -0.04238372,
         0.00850771, -0.02565438],
       [-0.0006986 ,  0.01542003, -0.03227317, ..., -0.01301633,
         0.01559736, -0.03614859],
       [-0.01135348,  0.00974955, -0.01812623, ..., -0.01920343,
         0.00887381, -0.0152928 ],
       ...,
       [ 0.00701895, -0.01539859, -0.03025482, ..., -0.03644368,
         0.01254067, -0.0236606 ],
       [-0.00414097,  0.00144739, -0.05197839, ...,  0.00216818,
         0.02755725, -0.03143983],
       [ 0.01779867, -0.02493452, -0.0391779 , ..., -0.01159797,
        -0.00619852, -0.02449675]])]
Getting training negative samples for edge types: [6]
nodes.shift keys: [0, 1, 2]
nodes.count keys: [0, 1, 2]
links.meta: {5: (2, 2), 6: (2, 1), 7: (1, 1), 2: (2, 2), 8: (2, 2), 0: (1, 1), 3: (1, 0), 4: (1, 1), 1: (2, 2), 10: (2, 2), 9: (2, 2)}
t_type about to use: 1
h_type: 2
shift dict: {0: 0, 1: 188, 2: 746}
count dict: Counter({2: 940, 1: 558, 0: 188})
Generated 894 negative samples for edge type 6
Epoch 00000, Step00000 | Train_Loss: 0.6941 | Time: 0.9191
Epoch 00000 | Val_Loss 0.6883 | Time(s) 0.0075
Validation loss decreased (inf --> 0.688294).  Saving model ...
Getting training negative samples for edge types: [6]
nodes.shift keys: [0, 1, 2]
nodes.count keys: [0, 1, 2]
links.meta: {5: (2, 2), 6: (2, 1), 7: (1, 1), 2: (2, 2), 8: (2, 2), 0: (1, 1), 3: (1, 0), 4: (1, 1), 1: (2, 2), 10: (2, 2), 9: (2, 2)}
t_type about to use: 1
h_type: 2
shift dict: {0: 0, 1: 188, 2: 746}
count dict: Counter({2: 940, 1: 558, 0: 188})
Generated 894 negative samples for edge type 6
Epoch 00001, Step00000 | Train_Loss: 0.6856 | Time: 0.0272
Epoch 00001 | Val_Loss 0.6924 | Time(s) 0.0079
EarlyStopping counter: 1 out of 40
Getting training negative samples for edge types: [6]
nodes.shift keys: [0, 1, 2]
nodes.count keys: [0, 1, 2]
links.meta: {5: (2, 2), 6: (2, 1), 7: (1, 1), 2: (2, 2), 8: (2, 2), 0: (1, 1), 3: (1, 0), 4: (1, 1), 1: (2, 2), 10: (2, 2), 9: (2, 2)}
t_type about to use: 1
h_type: 2
shift dict: {0: 0, 1: 188, 2: 746}
count dict: Counter({2: 940, 1: 558, 0: 188})
Generated 894 negative samples for edge type 6
Epoch 00002, Step00000 | Train_Loss: 0.6757 | Time: 0.0212
Epoch 00002 | Val_Loss 0.6855 | Time(s) 0.0084
Validation loss decreased (0.688294 --> 0.685497).  Saving model ...
Getting training negative samples for edge types: [6]
nodes.shift keys: [0, 1, 2]
nodes.count keys: [0, 1, 2]
links.meta: {5: (2, 2), 6: (2, 1), 7: (1, 1), 2: (2, 2), 8: (2, 2), 0: (1, 1), 3: (1, 0), 4: (1, 1), 1: (2, 2), 10: (2, 2), 9: (2, 2)}
t_type about to use: 1
h_type: 2
shift dict: {0: 0, 1: 188, 2: 746}
count dict: Counter({2: 940, 1: 558, 0: 188})
Generated 894 negative samples for edge type 6
Epoch 00003, Step00000 | Train_Loss: 0.6669 | Time: 0.0236
Epoch 00003 | Val_Loss 0.6641 | Time(s) 0.0096
Validation loss decreased (0.685497 --> 0.664068).  Saving model ...
Getting training negative samples for edge types: [6]
nodes.shift keys: [0, 1, 2]
nodes.count keys: [0, 1, 2]
links.meta: {5: (2, 2), 6: (2, 1), 7: (1, 1), 2: (2, 2), 8: (2, 2), 0: (1, 1), 3: (1, 0), 4: (1, 1), 1: (2, 2), 10: (2, 2), 9: (2, 2)}
t_type about to use: 1
h_type: 2
shift dict: {0: 0, 1: 188, 2: 746}
count dict: Counter({2: 940, 1: 558, 0: 188})
Generated 894 negative samples for edge type 6
Epoch 00004, Step00000 | Train_Loss: 0.6561 | Time: 0.0261
Epoch 00004 | Val_Loss 0.6919 | Time(s) 0.0086
EarlyStopping counter: 1 out of 40
Getting training negative samples for edge types: [6]
nodes.shift keys: [0, 1, 2]
nodes.count keys: [0, 1, 2]
links.meta: {5: (2, 2), 6: (2, 1), 7: (1, 1), 2: (2, 2), 8: (2, 2), 0: (1, 1), 3: (1, 0), 4: (1, 1), 1: (2, 2), 10: (2, 2), 9: (2, 2)}
t_type about to use: 1
h_type: 2
shift dict: {0: 0, 1: 188, 2: 746}
count dict: Counter({2: 940, 1: 558, 0: 188})
Generated 894 negative samples for edge type 6
Epoch 00005, Step00000 | Train_Loss: 0.6468 | Time: 0.0198
Epoch 00005 | Val_Loss 0.6847 | Time(s) 0.0070
EarlyStopping counter: 2 out of 40
Getting training negative samples for edge types: [6]
nodes.shift keys: [0, 1, 2]
nodes.count keys: [0, 1, 2]
links.meta: {5: (2, 2), 6: (2, 1), 7: (1, 1), 2: (2, 2), 8: (2, 2), 0: (1, 1), 3: (1, 0), 4: (1, 1), 1: (2, 2), 10: (2, 2), 9: (2, 2)}
t_type about to use: 1
h_type: 2
shift dict: {0: 0, 1: 188, 2: 746}
count dict: Counter({2: 940, 1: 558, 0: 188})
Generated 894 negative samples for edge type 6
Epoch 00006, Step00000 | Train_Loss: 0.6368 | Time: 0.0195
Epoch 00006 | Val_Loss 0.6870 | Time(s) 0.0066
EarlyStopping counter: 3 out of 40
Getting training negative samples for edge types: [6]
nodes.shift keys: [0, 1, 2]
nodes.count keys: [0, 1, 2]
links.meta: {5: (2, 2), 6: (2, 1), 7: (1, 1), 2: (2, 2), 8: (2, 2), 0: (1, 1), 3: (1, 0), 4: (1, 1), 1: (2, 2), 10: (2, 2), 9: (2, 2)}
t_type about to use: 1
h_type: 2
shift dict: {0: 0, 1: 188, 2: 746}
count dict: Counter({2: 940, 1: 558, 0: 188})
Generated 894 negative samples for edge type 6
Epoch 00007, Step00000 | Train_Loss: 0.6172 | Time: 0.0193
Epoch 00007 | Val_Loss 0.7137 | Time(s) 0.0082
EarlyStopping counter: 4 out of 40
Getting training negative samples for edge types: [6]
nodes.shift keys: [0, 1, 2]
nodes.count keys: [0, 1, 2]
links.meta: {5: (2, 2), 6: (2, 1), 7: (1, 1), 2: (2, 2), 8: (2, 2), 0: (1, 1), 3: (1, 0), 4: (1, 1), 1: (2, 2), 10: (2, 2), 9: (2, 2)}
t_type about to use: 1
h_type: 2
shift dict: {0: 0, 1: 188, 2: 746}
count dict: Counter({2: 940, 1: 558, 0: 188})
Generated 894 negative samples for edge type 6
Epoch 00008, Step00000 | Train_Loss: 0.6031 | Time: 0.0221
Epoch 00008 | Val_Loss 0.7205 | Time(s) 0.0084
EarlyStopping counter: 5 out of 40
Getting training negative samples for edge types: [6]
nodes.shift keys: [0, 1, 2]
nodes.count keys: [0, 1, 2]
links.meta: {5: (2, 2), 6: (2, 1), 7: (1, 1), 2: (2, 2), 8: (2, 2), 0: (1, 1), 3: (1, 0), 4: (1, 1), 1: (2, 2), 10: (2, 2), 9: (2, 2)}
t_type about to use: 1
h_type: 2
shift dict: {0: 0, 1: 188, 2: 746}
count dict: Counter({2: 940, 1: 558, 0: 188})
Generated 894 negative samples for edge type 6
Epoch 00009, Step00000 | Train_Loss: 0.5922 | Time: 0.0213
Epoch 00009 | Val_Loss 0.7537 | Time(s) 0.0085
EarlyStopping counter: 6 out of 40
Getting training negative samples for edge types: [6]
nodes.shift keys: [0, 1, 2]
nodes.count keys: [0, 1, 2]
links.meta: {5: (2, 2), 6: (2, 1), 7: (1, 1), 2: (2, 2), 8: (2, 2), 0: (1, 1), 3: (1, 0), 4: (1, 1), 1: (2, 2), 10: (2, 2), 9: (2, 2)}
t_type about to use: 1
h_type: 2
shift dict: {0: 0, 1: 188, 2: 746}
count dict: Counter({2: 940, 1: 558, 0: 188})
Generated 894 negative samples for edge type 6
Epoch 00010, Step00000 | Train_Loss: 0.5832 | Time: 0.0197
Epoch 00010 | Val_Loss 0.8266 | Time(s) 0.0083
EarlyStopping counter: 7 out of 40
Getting training negative samples for edge types: [6]
nodes.shift keys: [0, 1, 2]
nodes.count keys: [0, 1, 2]
links.meta: {5: (2, 2), 6: (2, 1), 7: (1, 1), 2: (2, 2), 8: (2, 2), 0: (1, 1), 3: (1, 0), 4: (1, 1), 1: (2, 2), 10: (2, 2), 9: (2, 2)}
t_type about to use: 1
h_type: 2
shift dict: {0: 0, 1: 188, 2: 746}
count dict: Counter({2: 940, 1: 558, 0: 188})
Generated 894 negative samples for edge type 6
Epoch 00011, Step00000 | Train_Loss: 0.5692 | Time: 0.0207
Epoch 00011 | Val_Loss 0.8790 | Time(s) 0.0081
EarlyStopping counter: 8 out of 40
Getting training negative samples for edge types: [6]
nodes.shift keys: [0, 1, 2]
nodes.count keys: [0, 1, 2]
links.meta: {5: (2, 2), 6: (2, 1), 7: (1, 1), 2: (2, 2), 8: (2, 2), 0: (1, 1), 3: (1, 0), 4: (1, 1), 1: (2, 2), 10: (2, 2), 9: (2, 2)}
t_type about to use: 1
h_type: 2
shift dict: {0: 0, 1: 188, 2: 746}
count dict: Counter({2: 940, 1: 558, 0: 188})
Generated 894 negative samples for edge type 6
Epoch 00012, Step00000 | Train_Loss: 0.5696 | Time: 0.0203
Epoch 00012 | Val_Loss 0.9280 | Time(s) 0.0084
EarlyStopping counter: 9 out of 40
Getting training negative samples for edge types: [6]
nodes.shift keys: [0, 1, 2]
nodes.count keys: [0, 1, 2]
links.meta: {5: (2, 2), 6: (2, 1), 7: (1, 1), 2: (2, 2), 8: (2, 2), 0: (1, 1), 3: (1, 0), 4: (1, 1), 1: (2, 2), 10: (2, 2), 9: (2, 2)}
t_type about to use: 1
h_type: 2
shift dict: {0: 0, 1: 188, 2: 746}
count dict: Counter({2: 940, 1: 558, 0: 188})
Generated 894 negative samples for edge type 6
Epoch 00013, Step00000 | Train_Loss: 0.5503 | Time: 0.0208
Epoch 00013 | Val_Loss 0.8738 | Time(s) 0.0083
EarlyStopping counter: 10 out of 40
Getting training negative samples for edge types: [6]
nodes.shift keys: [0, 1, 2]
nodes.count keys: [0, 1, 2]
links.meta: {5: (2, 2), 6: (2, 1), 7: (1, 1), 2: (2, 2), 8: (2, 2), 0: (1, 1), 3: (1, 0), 4: (1, 1), 1: (2, 2), 10: (2, 2), 9: (2, 2)}
t_type about to use: 1
h_type: 2
shift dict: {0: 0, 1: 188, 2: 746}
count dict: Counter({2: 940, 1: 558, 0: 188})
Generated 894 negative samples for edge type 6
Epoch 00014, Step00000 | Train_Loss: 0.5463 | Time: 0.0206
Epoch 00014 | Val_Loss 1.0378 | Time(s) 0.0084
EarlyStopping counter: 11 out of 40
Getting training negative samples for edge types: [6]
nodes.shift keys: [0, 1, 2]
nodes.count keys: [0, 1, 2]
links.meta: {5: (2, 2), 6: (2, 1), 7: (1, 1), 2: (2, 2), 8: (2, 2), 0: (1, 1), 3: (1, 0), 4: (1, 1), 1: (2, 2), 10: (2, 2), 9: (2, 2)}
t_type about to use: 1
h_type: 2
shift dict: {0: 0, 1: 188, 2: 746}
count dict: Counter({2: 940, 1: 558, 0: 188})
Generated 894 negative samples for edge type 6
Epoch 00015, Step00000 | Train_Loss: 0.5492 | Time: 0.0204
Epoch 00015 | Val_Loss 0.9172 | Time(s) 0.0086
EarlyStopping counter: 12 out of 40
Getting training negative samples for edge types: [6]
nodes.shift keys: [0, 1, 2]
nodes.count keys: [0, 1, 2]
links.meta: {5: (2, 2), 6: (2, 1), 7: (1, 1), 2: (2, 2), 8: (2, 2), 0: (1, 1), 3: (1, 0), 4: (1, 1), 1: (2, 2), 10: (2, 2), 9: (2, 2)}
t_type about to use: 1
h_type: 2
shift dict: {0: 0, 1: 188, 2: 746}
count dict: Counter({2: 940, 1: 558, 0: 188})
Generated 894 negative samples for edge type 6
Epoch 00016, Step00000 | Train_Loss: 0.5616 | Time: 0.0206
Epoch 00016 | Val_Loss 0.9563 | Time(s) 0.0085
EarlyStopping counter: 13 out of 40
Getting training negative samples for edge types: [6]
nodes.shift keys: [0, 1, 2]
nodes.count keys: [0, 1, 2]
links.meta: {5: (2, 2), 6: (2, 1), 7: (1, 1), 2: (2, 2), 8: (2, 2), 0: (1, 1), 3: (1, 0), 4: (1, 1), 1: (2, 2), 10: (2, 2), 9: (2, 2)}
t_type about to use: 1
h_type: 2
shift dict: {0: 0, 1: 188, 2: 746}
count dict: Counter({2: 940, 1: 558, 0: 188})
Generated 894 negative samples for edge type 6
Epoch 00017, Step00000 | Train_Loss: 0.5622 | Time: 0.0206
Epoch 00017 | Val_Loss 1.0612 | Time(s) 0.0084
EarlyStopping counter: 14 out of 40
Getting training negative samples for edge types: [6]
nodes.shift keys: [0, 1, 2]
nodes.count keys: [0, 1, 2]
links.meta: {5: (2, 2), 6: (2, 1), 7: (1, 1), 2: (2, 2), 8: (2, 2), 0: (1, 1), 3: (1, 0), 4: (1, 1), 1: (2, 2), 10: (2, 2), 9: (2, 2)}
t_type about to use: 1
h_type: 2
shift dict: {0: 0, 1: 188, 2: 746}
count dict: Counter({2: 940, 1: 558, 0: 188})
Generated 894 negative samples for edge type 6
Epoch 00018, Step00000 | Train_Loss: 0.5440 | Time: 0.0201
Epoch 00018 | Val_Loss 1.0863 | Time(s) 0.0082
EarlyStopping counter: 15 out of 40
Getting training negative samples for edge types: [6]
nodes.shift keys: [0, 1, 2]
nodes.count keys: [0, 1, 2]
links.meta: {5: (2, 2), 6: (2, 1), 7: (1, 1), 2: (2, 2), 8: (2, 2), 0: (1, 1), 3: (1, 0), 4: (1, 1), 1: (2, 2), 10: (2, 2), 9: (2, 2)}
t_type about to use: 1
h_type: 2
shift dict: {0: 0, 1: 188, 2: 746}
count dict: Counter({2: 940, 1: 558, 0: 188})
Generated 894 negative samples for edge type 6
Epoch 00019, Step00000 | Train_Loss: 0.5507 | Time: 0.0213
Epoch 00019 | Val_Loss 1.0613 | Time(s) 0.0085
EarlyStopping counter: 16 out of 40
Getting training negative samples for edge types: [6]
nodes.shift keys: [0, 1, 2]
nodes.count keys: [0, 1, 2]
links.meta: {5: (2, 2), 6: (2, 1), 7: (1, 1), 2: (2, 2), 8: (2, 2), 0: (1, 1), 3: (1, 0), 4: (1, 1), 1: (2, 2), 10: (2, 2), 9: (2, 2)}
t_type about to use: 1
h_type: 2
shift dict: {0: 0, 1: 188, 2: 746}
count dict: Counter({2: 940, 1: 558, 0: 188})
Generated 894 negative samples for edge type 6
Epoch 00020, Step00000 | Train_Loss: 0.5537 | Time: 0.0202
Epoch 00020 | Val_Loss 1.1405 | Time(s) 0.0079
EarlyStopping counter: 17 out of 40
Getting training negative samples for edge types: [6]
nodes.shift keys: [0, 1, 2]
nodes.count keys: [0, 1, 2]
links.meta: {5: (2, 2), 6: (2, 1), 7: (1, 1), 2: (2, 2), 8: (2, 2), 0: (1, 1), 3: (1, 0), 4: (1, 1), 1: (2, 2), 10: (2, 2), 9: (2, 2)}
t_type about to use: 1
h_type: 2
shift dict: {0: 0, 1: 188, 2: 746}
count dict: Counter({2: 940, 1: 558, 0: 188})
Generated 894 negative samples for edge type 6
Epoch 00021, Step00000 | Train_Loss: 0.5545 | Time: 0.0213
Epoch 00021 | Val_Loss 1.0708 | Time(s) 0.0082
EarlyStopping counter: 18 out of 40
Getting training negative samples for edge types: [6]
nodes.shift keys: [0, 1, 2]
nodes.count keys: [0, 1, 2]
links.meta: {5: (2, 2), 6: (2, 1), 7: (1, 1), 2: (2, 2), 8: (2, 2), 0: (1, 1), 3: (1, 0), 4: (1, 1), 1: (2, 2), 10: (2, 2), 9: (2, 2)}
t_type about to use: 1
h_type: 2
shift dict: {0: 0, 1: 188, 2: 746}
count dict: Counter({2: 940, 1: 558, 0: 188})
Generated 894 negative samples for edge type 6
Epoch 00022, Step00000 | Train_Loss: 0.5412 | Time: 0.0196
Epoch 00022 | Val_Loss 1.0785 | Time(s) 0.0074
EarlyStopping counter: 19 out of 40
Getting training negative samples for edge types: [6]
nodes.shift keys: [0, 1, 2]
nodes.count keys: [0, 1, 2]
links.meta: {5: (2, 2), 6: (2, 1), 7: (1, 1), 2: (2, 2), 8: (2, 2), 0: (1, 1), 3: (1, 0), 4: (1, 1), 1: (2, 2), 10: (2, 2), 9: (2, 2)}
t_type about to use: 1
h_type: 2
shift dict: {0: 0, 1: 188, 2: 746}
count dict: Counter({2: 940, 1: 558, 0: 188})
Generated 894 negative samples for edge type 6
Epoch 00023, Step00000 | Train_Loss: 0.5433 | Time: 0.0199
Epoch 00023 | Val_Loss 0.9694 | Time(s) 0.0084
EarlyStopping counter: 20 out of 40
Getting training negative samples for edge types: [6]
nodes.shift keys: [0, 1, 2]
nodes.count keys: [0, 1, 2]
links.meta: {5: (2, 2), 6: (2, 1), 7: (1, 1), 2: (2, 2), 8: (2, 2), 0: (1, 1), 3: (1, 0), 4: (1, 1), 1: (2, 2), 10: (2, 2), 9: (2, 2)}
t_type about to use: 1
h_type: 2
shift dict: {0: 0, 1: 188, 2: 746}
count dict: Counter({2: 940, 1: 558, 0: 188})
Generated 894 negative samples for edge type 6
Epoch 00024, Step00000 | Train_Loss: 0.5512 | Time: 0.0218
Epoch 00024 | Val_Loss 0.9845 | Time(s) 0.0080
EarlyStopping counter: 21 out of 40
Getting training negative samples for edge types: [6]
nodes.shift keys: [0, 1, 2]
nodes.count keys: [0, 1, 2]
links.meta: {5: (2, 2), 6: (2, 1), 7: (1, 1), 2: (2, 2), 8: (2, 2), 0: (1, 1), 3: (1, 0), 4: (1, 1), 1: (2, 2), 10: (2, 2), 9: (2, 2)}
t_type about to use: 1
h_type: 2
shift dict: {0: 0, 1: 188, 2: 746}
count dict: Counter({2: 940, 1: 558, 0: 188})
Generated 894 negative samples for edge type 6
Epoch 00025, Step00000 | Train_Loss: 0.5387 | Time: 0.0194
Epoch 00025 | Val_Loss 0.9300 | Time(s) 0.0082
EarlyStopping counter: 22 out of 40
Getting training negative samples for edge types: [6]
nodes.shift keys: [0, 1, 2]
nodes.count keys: [0, 1, 2]
links.meta: {5: (2, 2), 6: (2, 1), 7: (1, 1), 2: (2, 2), 8: (2, 2), 0: (1, 1), 3: (1, 0), 4: (1, 1), 1: (2, 2), 10: (2, 2), 9: (2, 2)}
t_type about to use: 1
h_type: 2
shift dict: {0: 0, 1: 188, 2: 746}
count dict: Counter({2: 940, 1: 558, 0: 188})
Generated 894 negative samples for edge type 6
Epoch 00026, Step00000 | Train_Loss: 0.5417 | Time: 0.0213
Epoch 00026 | Val_Loss 0.9709 | Time(s) 0.0095
EarlyStopping counter: 23 out of 40
Getting training negative samples for edge types: [6]
nodes.shift keys: [0, 1, 2]
nodes.count keys: [0, 1, 2]
links.meta: {5: (2, 2), 6: (2, 1), 7: (1, 1), 2: (2, 2), 8: (2, 2), 0: (1, 1), 3: (1, 0), 4: (1, 1), 1: (2, 2), 10: (2, 2), 9: (2, 2)}
t_type about to use: 1
h_type: 2
shift dict: {0: 0, 1: 188, 2: 746}
count dict: Counter({2: 940, 1: 558, 0: 188})
Generated 894 negative samples for edge type 6
Epoch 00027, Step00000 | Train_Loss: 0.5266 | Time: 0.0191
Epoch 00027 | Val_Loss 0.8512 | Time(s) 0.0078
EarlyStopping counter: 24 out of 40
Getting training negative samples for edge types: [6]
nodes.shift keys: [0, 1, 2]
nodes.count keys: [0, 1, 2]
links.meta: {5: (2, 2), 6: (2, 1), 7: (1, 1), 2: (2, 2), 8: (2, 2), 0: (1, 1), 3: (1, 0), 4: (1, 1), 1: (2, 2), 10: (2, 2), 9: (2, 2)}
t_type about to use: 1
h_type: 2
shift dict: {0: 0, 1: 188, 2: 746}
count dict: Counter({2: 940, 1: 558, 0: 188})
Generated 894 negative samples for edge type 6
Epoch 00028, Step00000 | Train_Loss: 0.5465 | Time: 0.0197
Epoch 00028 | Val_Loss 1.1219 | Time(s) 0.0081
EarlyStopping counter: 25 out of 40
Getting training negative samples for edge types: [6]
nodes.shift keys: [0, 1, 2]
nodes.count keys: [0, 1, 2]
links.meta: {5: (2, 2), 6: (2, 1), 7: (1, 1), 2: (2, 2), 8: (2, 2), 0: (1, 1), 3: (1, 0), 4: (1, 1), 1: (2, 2), 10: (2, 2), 9: (2, 2)}
t_type about to use: 1
h_type: 2
shift dict: {0: 0, 1: 188, 2: 746}
count dict: Counter({2: 940, 1: 558, 0: 188})
Generated 894 negative samples for edge type 6
Epoch 00029, Step00000 | Train_Loss: 0.5394 | Time: 0.0215
Epoch 00029 | Val_Loss 0.9288 | Time(s) 0.0083
EarlyStopping counter: 26 out of 40
Getting training negative samples for edge types: [6]
nodes.shift keys: [0, 1, 2]
nodes.count keys: [0, 1, 2]
links.meta: {5: (2, 2), 6: (2, 1), 7: (1, 1), 2: (2, 2), 8: (2, 2), 0: (1, 1), 3: (1, 0), 4: (1, 1), 1: (2, 2), 10: (2, 2), 9: (2, 2)}
t_type about to use: 1
h_type: 2
shift dict: {0: 0, 1: 188, 2: 746}
count dict: Counter({2: 940, 1: 558, 0: 188})
Generated 894 negative samples for edge type 6
Epoch 00030, Step00000 | Train_Loss: 0.5440 | Time: 0.0211
Epoch 00030 | Val_Loss 1.0033 | Time(s) 0.0081
EarlyStopping counter: 27 out of 40
Getting training negative samples for edge types: [6]
nodes.shift keys: [0, 1, 2]
nodes.count keys: [0, 1, 2]
links.meta: {5: (2, 2), 6: (2, 1), 7: (1, 1), 2: (2, 2), 8: (2, 2), 0: (1, 1), 3: (1, 0), 4: (1, 1), 1: (2, 2), 10: (2, 2), 9: (2, 2)}
t_type about to use: 1
h_type: 2
shift dict: {0: 0, 1: 188, 2: 746}
count dict: Counter({2: 940, 1: 558, 0: 188})
Generated 894 negative samples for edge type 6
Epoch 00031, Step00000 | Train_Loss: 0.5274 | Time: 0.0202
Epoch 00031 | Val_Loss 1.0277 | Time(s) 0.0080
EarlyStopping counter: 28 out of 40
Getting training negative samples for edge types: [6]
nodes.shift keys: [0, 1, 2]
nodes.count keys: [0, 1, 2]
links.meta: {5: (2, 2), 6: (2, 1), 7: (1, 1), 2: (2, 2), 8: (2, 2), 0: (1, 1), 3: (1, 0), 4: (1, 1), 1: (2, 2), 10: (2, 2), 9: (2, 2)}
t_type about to use: 1
h_type: 2
shift dict: {0: 0, 1: 188, 2: 746}
count dict: Counter({2: 940, 1: 558, 0: 188})
Generated 894 negative samples for edge type 6
Epoch 00032, Step00000 | Train_Loss: 0.5399 | Time: 0.0207
Epoch 00032 | Val_Loss 1.0129 | Time(s) 0.0083
EarlyStopping counter: 29 out of 40
Getting training negative samples for edge types: [6]
nodes.shift keys: [0, 1, 2]
nodes.count keys: [0, 1, 2]
links.meta: {5: (2, 2), 6: (2, 1), 7: (1, 1), 2: (2, 2), 8: (2, 2), 0: (1, 1), 3: (1, 0), 4: (1, 1), 1: (2, 2), 10: (2, 2), 9: (2, 2)}
t_type about to use: 1
h_type: 2
shift dict: {0: 0, 1: 188, 2: 746}
count dict: Counter({2: 940, 1: 558, 0: 188})
Generated 894 negative samples for edge type 6
Epoch 00033, Step00000 | Train_Loss: 0.5341 | Time: 0.0208
Epoch 00033 | Val_Loss 1.0089 | Time(s) 0.0087
EarlyStopping counter: 30 out of 40
Getting training negative samples for edge types: [6]
nodes.shift keys: [0, 1, 2]
nodes.count keys: [0, 1, 2]
links.meta: {5: (2, 2), 6: (2, 1), 7: (1, 1), 2: (2, 2), 8: (2, 2), 0: (1, 1), 3: (1, 0), 4: (1, 1), 1: (2, 2), 10: (2, 2), 9: (2, 2)}
t_type about to use: 1
h_type: 2
shift dict: {0: 0, 1: 188, 2: 746}
count dict: Counter({2: 940, 1: 558, 0: 188})
Generated 894 negative samples for edge type 6
Epoch 00034, Step00000 | Train_Loss: 0.5209 | Time: 0.0205
Epoch 00034 | Val_Loss 1.0794 | Time(s) 0.0082
EarlyStopping counter: 31 out of 40
Getting training negative samples for edge types: [6]
nodes.shift keys: [0, 1, 2]
nodes.count keys: [0, 1, 2]
links.meta: {5: (2, 2), 6: (2, 1), 7: (1, 1), 2: (2, 2), 8: (2, 2), 0: (1, 1), 3: (1, 0), 4: (1, 1), 1: (2, 2), 10: (2, 2), 9: (2, 2)}
t_type about to use: 1
h_type: 2
shift dict: {0: 0, 1: 188, 2: 746}
count dict: Counter({2: 940, 1: 558, 0: 188})
Generated 894 negative samples for edge type 6
Epoch 00035, Step00000 | Train_Loss: 0.5305 | Time: 0.0200
Epoch 00035 | Val_Loss 1.0787 | Time(s) 0.0092
EarlyStopping counter: 32 out of 40
Getting training negative samples for edge types: [6]
nodes.shift keys: [0, 1, 2]
nodes.count keys: [0, 1, 2]
links.meta: {5: (2, 2), 6: (2, 1), 7: (1, 1), 2: (2, 2), 8: (2, 2), 0: (1, 1), 3: (1, 0), 4: (1, 1), 1: (2, 2), 10: (2, 2), 9: (2, 2)}
t_type about to use: 1
h_type: 2
shift dict: {0: 0, 1: 188, 2: 746}
count dict: Counter({2: 940, 1: 558, 0: 188})
Generated 894 negative samples for edge type 6
Epoch 00036, Step00000 | Train_Loss: 0.5414 | Time: 0.0211
Epoch 00036 | Val_Loss 1.0697 | Time(s) 0.0076
EarlyStopping counter: 33 out of 40
Getting training negative samples for edge types: [6]
nodes.shift keys: [0, 1, 2]
nodes.count keys: [0, 1, 2]
links.meta: {5: (2, 2), 6: (2, 1), 7: (1, 1), 2: (2, 2), 8: (2, 2), 0: (1, 1), 3: (1, 0), 4: (1, 1), 1: (2, 2), 10: (2, 2), 9: (2, 2)}
t_type about to use: 1
h_type: 2
shift dict: {0: 0, 1: 188, 2: 746}
count dict: Counter({2: 940, 1: 558, 0: 188})
Generated 894 negative samples for edge type 6
Epoch 00037, Step00000 | Train_Loss: 0.5130 | Time: 0.0194
Epoch 00037 | Val_Loss 1.0746 | Time(s) 0.0082
EarlyStopping counter: 34 out of 40
Getting training negative samples for edge types: [6]
nodes.shift keys: [0, 1, 2]
nodes.count keys: [0, 1, 2]
links.meta: {5: (2, 2), 6: (2, 1), 7: (1, 1), 2: (2, 2), 8: (2, 2), 0: (1, 1), 3: (1, 0), 4: (1, 1), 1: (2, 2), 10: (2, 2), 9: (2, 2)}
t_type about to use: 1
h_type: 2
shift dict: {0: 0, 1: 188, 2: 746}
count dict: Counter({2: 940, 1: 558, 0: 188})
Generated 894 negative samples for edge type 6
Epoch 00038, Step00000 | Train_Loss: 0.5321 | Time: 0.0212
Epoch 00038 | Val_Loss 0.9349 | Time(s) 0.0081
EarlyStopping counter: 35 out of 40
Getting training negative samples for edge types: [6]
nodes.shift keys: [0, 1, 2]
nodes.count keys: [0, 1, 2]
links.meta: {5: (2, 2), 6: (2, 1), 7: (1, 1), 2: (2, 2), 8: (2, 2), 0: (1, 1), 3: (1, 0), 4: (1, 1), 1: (2, 2), 10: (2, 2), 9: (2, 2)}
t_type about to use: 1
h_type: 2
shift dict: {0: 0, 1: 188, 2: 746}
count dict: Counter({2: 940, 1: 558, 0: 188})
Generated 894 negative samples for edge type 6
Epoch 00039, Step00000 | Train_Loss: 0.5374 | Time: 0.0204
Epoch 00039 | Val_Loss 0.9145 | Time(s) 0.0084
EarlyStopping counter: 36 out of 40
Getting training negative samples for edge types: [6]
nodes.shift keys: [0, 1, 2]
nodes.count keys: [0, 1, 2]
links.meta: {5: (2, 2), 6: (2, 1), 7: (1, 1), 2: (2, 2), 8: (2, 2), 0: (1, 1), 3: (1, 0), 4: (1, 1), 1: (2, 2), 10: (2, 2), 9: (2, 2)}
t_type about to use: 1
h_type: 2
shift dict: {0: 0, 1: 188, 2: 746}
count dict: Counter({2: 940, 1: 558, 0: 188})
Generated 894 negative samples for edge type 6
Epoch 00040, Step00000 | Train_Loss: 0.5140 | Time: 0.0203
Epoch 00040 | Val_Loss 0.8468 | Time(s) 0.0080
EarlyStopping counter: 37 out of 40
Getting training negative samples for edge types: [6]
nodes.shift keys: [0, 1, 2]
nodes.count keys: [0, 1, 2]
links.meta: {5: (2, 2), 6: (2, 1), 7: (1, 1), 2: (2, 2), 8: (2, 2), 0: (1, 1), 3: (1, 0), 4: (1, 1), 1: (2, 2), 10: (2, 2), 9: (2, 2)}
t_type about to use: 1
h_type: 2
shift dict: {0: 0, 1: 188, 2: 746}
count dict: Counter({2: 940, 1: 558, 0: 188})
Generated 894 negative samples for edge type 6
Epoch 00041, Step00000 | Train_Loss: 0.5057 | Time: 0.0209
Epoch 00041 | Val_Loss 0.9112 | Time(s) 0.0081
EarlyStopping counter: 38 out of 40
Getting training negative samples for edge types: [6]
nodes.shift keys: [0, 1, 2]
nodes.count keys: [0, 1, 2]
links.meta: {5: (2, 2), 6: (2, 1), 7: (1, 1), 2: (2, 2), 8: (2, 2), 0: (1, 1), 3: (1, 0), 4: (1, 1), 1: (2, 2), 10: (2, 2), 9: (2, 2)}
t_type about to use: 1
h_type: 2
shift dict: {0: 0, 1: 188, 2: 746}
count dict: Counter({2: 940, 1: 558, 0: 188})
Generated 894 negative samples for edge type 6
Epoch 00042, Step00000 | Train_Loss: 0.5213 | Time: 0.0199
Epoch 00042 | Val_Loss 0.8784 | Time(s) 0.0081
EarlyStopping counter: 39 out of 40
Getting training negative samples for edge types: [6]
nodes.shift keys: [0, 1, 2]
nodes.count keys: [0, 1, 2]
links.meta: {5: (2, 2), 6: (2, 1), 7: (1, 1), 2: (2, 2), 8: (2, 2), 0: (1, 1), 3: (1, 0), 4: (1, 1), 1: (2, 2), 10: (2, 2), 9: (2, 2)}
t_type about to use: 1
h_type: 2
shift dict: {0: 0, 1: 188, 2: 746}
count dict: Counter({2: 940, 1: 558, 0: 188})
Generated 894 negative samples for edge type 6
Epoch 00043, Step00000 | Train_Loss: 0.5144 | Time: 0.0209
Epoch 00043 | Val_Loss 0.8860 | Time(s) 0.0079
EarlyStopping counter: 40 out of 40
Early stopping!
Early stopping!
Meta keys: dict_keys([6])
Data keys: dict_keys([6])
Edge type: 6, Meta: (2, 1)
{'roc_auc': 0.522725948371307, 'MRR': 0.7407777777777778}
{'roc_auc': 0.6359186527591631, 'MRR': 0.8018888888888889}
defaultdict(<class 'float'>, {'roc_auc': 0.522725948371307, 'MRR': 0.7407777777777778})
defaultdict(<class 'float'>, {'roc_auc': 0.6359186527591631, 'MRR': 0.8018888888888889})
Completed: amazon_style_cct_features_securebert_fold_3

--------------------------------------
Running model: SimpleHGN
Dataset: amazon_style_cct_features_securebert_fold_4
--------------------------------------
Data path: ../../data/amazon_style_cct_features_securebert_fold_4
Loading nodes from ../../data/amazon_style_cct_features_securebert_fold_4/node.dat
edge types: dict_keys([5, 6, 7, 2, 8, 0, 3, 4, 1, 10, 9])
Getting training negative samples for edge types: [6]
nodes.shift keys: [0, 1, 2]
nodes.count keys: [0, 1, 2]
links.meta: {5: (2, 2), 6: (2, 1), 7: (1, 1), 2: (2, 2), 8: (2, 2), 0: (1, 1), 3: (1, 0), 4: (1, 1), 1: (2, 2), 10: (2, 2), 9: (2, 2)}
t_type about to use: 1
h_type: 2
shift dict: {0: 0, 1: 188, 2: 746}
count dict: Counter({2: 940, 1: 558, 0: 188})
Generated 908 negative samples for edge type 6
Features List: [array([[ 0.00445206,  0.01268557,  0.22351578, ..., -0.28678206,
        -0.37460288,  0.18294938],
       [-0.18744846,  0.07075578,  0.0476894 , ..., -0.2232531 ,
        -0.19588573,  0.47988179],
       [-0.17451471, -0.04557271,  0.15712288, ..., -0.05391889,
        -0.20500693,  0.23744845],
       ...,
       [-0.40584856,  0.04715464,  0.24475315, ..., -0.12466257,
        -0.2035536 ,  0.28577447],
       [-0.18835557,  0.03822717,  0.03586731, ..., -0.23435652,
        -0.35453227,  0.38753107],
       [-0.13632202,  0.14362322,  0.08668749, ..., -0.24145249,
        -0.25799868,  0.26464131]]), array([[ 0.00791158, -0.00538086, -0.02676104, ..., -0.01897389,
        -0.01306979, -0.00084801],
       [ 0.01682901, -0.00649696, -0.01921631, ..., -0.01401017,
        -0.0039668 , -0.02202195],
       [ 0.02197852, -0.01403735, -0.05225722, ...,  0.02019661,
         0.00528841,  0.0033033 ],
       ...,
       [ 0.01603197,  0.00716993, -0.01245602, ..., -0.01399604,
        -0.00058955, -0.0256807 ],
       [ 0.01039577,  0.02045547, -0.02146293, ...,  0.01017929,
         0.02390171,  0.00134994],
       [ 0.00462414,  0.0041195 , -0.0135733 , ..., -0.01101827,
         0.00813001,  0.0203817 ]]), array([[ 0.00087804,  0.00658507, -0.02514569, ..., -0.04238372,
         0.00850771, -0.02565438],
       [-0.0006986 ,  0.01542003, -0.03227317, ..., -0.01301633,
         0.01559736, -0.03614859],
       [-0.01135348,  0.00974955, -0.01812623, ..., -0.01920343,
         0.00887381, -0.0152928 ],
       ...,
       [ 0.00701895, -0.01539859, -0.03025482, ..., -0.03644368,
         0.01254067, -0.0236606 ],
       [-0.00414097,  0.00144739, -0.05197839, ...,  0.00216818,
         0.02755725, -0.03143983],
       [ 0.01779867, -0.02493452, -0.0391779 , ..., -0.01159797,
        -0.00619852, -0.02449675]])]
Getting training negative samples for edge types: [6]
nodes.shift keys: [0, 1, 2]
nodes.count keys: [0, 1, 2]
links.meta: {5: (2, 2), 6: (2, 1), 7: (1, 1), 2: (2, 2), 8: (2, 2), 0: (1, 1), 3: (1, 0), 4: (1, 1), 1: (2, 2), 10: (2, 2), 9: (2, 2)}
t_type about to use: 1
h_type: 2
shift dict: {0: 0, 1: 188, 2: 746}
count dict: Counter({2: 940, 1: 558, 0: 188})
Generated 908 negative samples for edge type 6
Epoch 00000, Step00000 | Train_Loss: 0.6944 | Time: 0.6732
Epoch 00000 | Val_Loss 0.6886 | Time(s) 0.0073
Validation loss decreased (inf --> 0.688610).  Saving model ...
Getting training negative samples for edge types: [6]
nodes.shift keys: [0, 1, 2]
nodes.count keys: [0, 1, 2]
links.meta: {5: (2, 2), 6: (2, 1), 7: (1, 1), 2: (2, 2), 8: (2, 2), 0: (1, 1), 3: (1, 0), 4: (1, 1), 1: (2, 2), 10: (2, 2), 9: (2, 2)}
t_type about to use: 1
h_type: 2
shift dict: {0: 0, 1: 188, 2: 746}
count dict: Counter({2: 940, 1: 558, 0: 188})
Generated 908 negative samples for edge type 6
Epoch 00001, Step00000 | Train_Loss: 0.6843 | Time: 0.0321
Epoch 00001 | Val_Loss 0.6795 | Time(s) 0.0078
Validation loss decreased (0.688610 --> 0.679543).  Saving model ...
Getting training negative samples for edge types: [6]
nodes.shift keys: [0, 1, 2]
nodes.count keys: [0, 1, 2]
links.meta: {5: (2, 2), 6: (2, 1), 7: (1, 1), 2: (2, 2), 8: (2, 2), 0: (1, 1), 3: (1, 0), 4: (1, 1), 1: (2, 2), 10: (2, 2), 9: (2, 2)}
t_type about to use: 1
h_type: 2
shift dict: {0: 0, 1: 188, 2: 746}
count dict: Counter({2: 940, 1: 558, 0: 188})
Generated 908 negative samples for edge type 6
Epoch 00002, Step00000 | Train_Loss: 0.6738 | Time: 0.0264
Epoch 00002 | Val_Loss 0.7039 | Time(s) 0.0118
EarlyStopping counter: 1 out of 40
Getting training negative samples for edge types: [6]
nodes.shift keys: [0, 1, 2]
nodes.count keys: [0, 1, 2]
links.meta: {5: (2, 2), 6: (2, 1), 7: (1, 1), 2: (2, 2), 8: (2, 2), 0: (1, 1), 3: (1, 0), 4: (1, 1), 1: (2, 2), 10: (2, 2), 9: (2, 2)}
t_type about to use: 1
h_type: 2
shift dict: {0: 0, 1: 188, 2: 746}
count dict: Counter({2: 940, 1: 558, 0: 188})
Generated 908 negative samples for edge type 6
Epoch 00003, Step00000 | Train_Loss: 0.6602 | Time: 0.0209
Epoch 00003 | Val_Loss 0.6828 | Time(s) 0.0081
EarlyStopping counter: 2 out of 40
Getting training negative samples for edge types: [6]
nodes.shift keys: [0, 1, 2]
nodes.count keys: [0, 1, 2]
links.meta: {5: (2, 2), 6: (2, 1), 7: (1, 1), 2: (2, 2), 8: (2, 2), 0: (1, 1), 3: (1, 0), 4: (1, 1), 1: (2, 2), 10: (2, 2), 9: (2, 2)}
t_type about to use: 1
h_type: 2
shift dict: {0: 0, 1: 188, 2: 746}
count dict: Counter({2: 940, 1: 558, 0: 188})
Generated 908 negative samples for edge type 6
Epoch 00004, Step00000 | Train_Loss: 0.6504 | Time: 0.0196
Epoch 00004 | Val_Loss 0.7174 | Time(s) 0.0080
EarlyStopping counter: 3 out of 40
Getting training negative samples for edge types: [6]
nodes.shift keys: [0, 1, 2]
nodes.count keys: [0, 1, 2]
links.meta: {5: (2, 2), 6: (2, 1), 7: (1, 1), 2: (2, 2), 8: (2, 2), 0: (1, 1), 3: (1, 0), 4: (1, 1), 1: (2, 2), 10: (2, 2), 9: (2, 2)}
t_type about to use: 1
h_type: 2
shift dict: {0: 0, 1: 188, 2: 746}
count dict: Counter({2: 940, 1: 558, 0: 188})
Generated 908 negative samples for edge type 6
Epoch 00005, Step00000 | Train_Loss: 0.6370 | Time: 0.0206
Epoch 00005 | Val_Loss 0.6862 | Time(s) 0.0082
EarlyStopping counter: 4 out of 40
Getting training negative samples for edge types: [6]
nodes.shift keys: [0, 1, 2]
nodes.count keys: [0, 1, 2]
links.meta: {5: (2, 2), 6: (2, 1), 7: (1, 1), 2: (2, 2), 8: (2, 2), 0: (1, 1), 3: (1, 0), 4: (1, 1), 1: (2, 2), 10: (2, 2), 9: (2, 2)}
t_type about to use: 1
h_type: 2
shift dict: {0: 0, 1: 188, 2: 746}
count dict: Counter({2: 940, 1: 558, 0: 188})
Generated 908 negative samples for edge type 6
Epoch 00006, Step00000 | Train_Loss: 0.6245 | Time: 0.0210
Epoch 00006 | Val_Loss 0.7377 | Time(s) 0.0079
EarlyStopping counter: 5 out of 40
Getting training negative samples for edge types: [6]
nodes.shift keys: [0, 1, 2]
nodes.count keys: [0, 1, 2]
links.meta: {5: (2, 2), 6: (2, 1), 7: (1, 1), 2: (2, 2), 8: (2, 2), 0: (1, 1), 3: (1, 0), 4: (1, 1), 1: (2, 2), 10: (2, 2), 9: (2, 2)}
t_type about to use: 1
h_type: 2
shift dict: {0: 0, 1: 188, 2: 746}
count dict: Counter({2: 940, 1: 558, 0: 188})
Generated 908 negative samples for edge type 6
Epoch 00007, Step00000 | Train_Loss: 0.6084 | Time: 0.0204
Epoch 00007 | Val_Loss 0.7486 | Time(s) 0.0082
EarlyStopping counter: 6 out of 40
Getting training negative samples for edge types: [6]
nodes.shift keys: [0, 1, 2]
nodes.count keys: [0, 1, 2]
links.meta: {5: (2, 2), 6: (2, 1), 7: (1, 1), 2: (2, 2), 8: (2, 2), 0: (1, 1), 3: (1, 0), 4: (1, 1), 1: (2, 2), 10: (2, 2), 9: (2, 2)}
t_type about to use: 1
h_type: 2
shift dict: {0: 0, 1: 188, 2: 746}
count dict: Counter({2: 940, 1: 558, 0: 188})
Generated 908 negative samples for edge type 6
Epoch 00008, Step00000 | Train_Loss: 0.5907 | Time: 0.0215
Epoch 00008 | Val_Loss 0.8215 | Time(s) 0.0085
EarlyStopping counter: 7 out of 40
Getting training negative samples for edge types: [6]
nodes.shift keys: [0, 1, 2]
nodes.count keys: [0, 1, 2]
links.meta: {5: (2, 2), 6: (2, 1), 7: (1, 1), 2: (2, 2), 8: (2, 2), 0: (1, 1), 3: (1, 0), 4: (1, 1), 1: (2, 2), 10: (2, 2), 9: (2, 2)}
t_type about to use: 1
h_type: 2
shift dict: {0: 0, 1: 188, 2: 746}
count dict: Counter({2: 940, 1: 558, 0: 188})
Generated 908 negative samples for edge type 6
Epoch 00009, Step00000 | Train_Loss: 0.5843 | Time: 0.0208
Epoch 00009 | Val_Loss 0.8952 | Time(s) 0.0095
EarlyStopping counter: 8 out of 40
Getting training negative samples for edge types: [6]
nodes.shift keys: [0, 1, 2]
nodes.count keys: [0, 1, 2]
links.meta: {5: (2, 2), 6: (2, 1), 7: (1, 1), 2: (2, 2), 8: (2, 2), 0: (1, 1), 3: (1, 0), 4: (1, 1), 1: (2, 2), 10: (2, 2), 9: (2, 2)}
t_type about to use: 1
h_type: 2
shift dict: {0: 0, 1: 188, 2: 746}
count dict: Counter({2: 940, 1: 558, 0: 188})
Generated 908 negative samples for edge type 6
Epoch 00010, Step00000 | Train_Loss: 0.5751 | Time: 0.0198
Epoch 00010 | Val_Loss 0.9028 | Time(s) 0.0066
EarlyStopping counter: 9 out of 40
Getting training negative samples for edge types: [6]
nodes.shift keys: [0, 1, 2]
nodes.count keys: [0, 1, 2]
links.meta: {5: (2, 2), 6: (2, 1), 7: (1, 1), 2: (2, 2), 8: (2, 2), 0: (1, 1), 3: (1, 0), 4: (1, 1), 1: (2, 2), 10: (2, 2), 9: (2, 2)}
t_type about to use: 1
h_type: 2
shift dict: {0: 0, 1: 188, 2: 746}
count dict: Counter({2: 940, 1: 558, 0: 188})
Generated 908 negative samples for edge type 6
Epoch 00011, Step00000 | Train_Loss: 0.5819 | Time: 0.0211
Epoch 00011 | Val_Loss 0.9496 | Time(s) 0.0083
EarlyStopping counter: 10 out of 40
Getting training negative samples for edge types: [6]
nodes.shift keys: [0, 1, 2]
nodes.count keys: [0, 1, 2]
links.meta: {5: (2, 2), 6: (2, 1), 7: (1, 1), 2: (2, 2), 8: (2, 2), 0: (1, 1), 3: (1, 0), 4: (1, 1), 1: (2, 2), 10: (2, 2), 9: (2, 2)}
t_type about to use: 1
h_type: 2
shift dict: {0: 0, 1: 188, 2: 746}
count dict: Counter({2: 940, 1: 558, 0: 188})
Generated 908 negative samples for edge type 6
Epoch 00012, Step00000 | Train_Loss: 0.5799 | Time: 0.0211
Epoch 00012 | Val_Loss 1.0346 | Time(s) 0.0085
EarlyStopping counter: 11 out of 40
Getting training negative samples for edge types: [6]
nodes.shift keys: [0, 1, 2]
nodes.count keys: [0, 1, 2]
links.meta: {5: (2, 2), 6: (2, 1), 7: (1, 1), 2: (2, 2), 8: (2, 2), 0: (1, 1), 3: (1, 0), 4: (1, 1), 1: (2, 2), 10: (2, 2), 9: (2, 2)}
t_type about to use: 1
h_type: 2
shift dict: {0: 0, 1: 188, 2: 746}
count dict: Counter({2: 940, 1: 558, 0: 188})
Generated 908 negative samples for edge type 6
Epoch 00013, Step00000 | Train_Loss: 0.5592 | Time: 0.0212
Epoch 00013 | Val_Loss 1.0652 | Time(s) 0.0082
EarlyStopping counter: 12 out of 40
Getting training negative samples for edge types: [6]
nodes.shift keys: [0, 1, 2]
nodes.count keys: [0, 1, 2]
links.meta: {5: (2, 2), 6: (2, 1), 7: (1, 1), 2: (2, 2), 8: (2, 2), 0: (1, 1), 3: (1, 0), 4: (1, 1), 1: (2, 2), 10: (2, 2), 9: (2, 2)}
t_type about to use: 1
h_type: 2
shift dict: {0: 0, 1: 188, 2: 746}
count dict: Counter({2: 940, 1: 558, 0: 188})
Generated 908 negative samples for edge type 6
Epoch 00014, Step00000 | Train_Loss: 0.5524 | Time: 0.0201
Epoch 00014 | Val_Loss 1.0647 | Time(s) 0.0078
EarlyStopping counter: 13 out of 40
Getting training negative samples for edge types: [6]
nodes.shift keys: [0, 1, 2]
nodes.count keys: [0, 1, 2]
links.meta: {5: (2, 2), 6: (2, 1), 7: (1, 1), 2: (2, 2), 8: (2, 2), 0: (1, 1), 3: (1, 0), 4: (1, 1), 1: (2, 2), 10: (2, 2), 9: (2, 2)}
t_type about to use: 1
h_type: 2
shift dict: {0: 0, 1: 188, 2: 746}
count dict: Counter({2: 940, 1: 558, 0: 188})
Generated 908 negative samples for edge type 6
Epoch 00015, Step00000 | Train_Loss: 0.5592 | Time: 0.0203
Epoch 00015 | Val_Loss 1.1150 | Time(s) 0.0083
EarlyStopping counter: 14 out of 40
Getting training negative samples for edge types: [6]
nodes.shift keys: [0, 1, 2]
nodes.count keys: [0, 1, 2]
links.meta: {5: (2, 2), 6: (2, 1), 7: (1, 1), 2: (2, 2), 8: (2, 2), 0: (1, 1), 3: (1, 0), 4: (1, 1), 1: (2, 2), 10: (2, 2), 9: (2, 2)}
t_type about to use: 1
h_type: 2
shift dict: {0: 0, 1: 188, 2: 746}
count dict: Counter({2: 940, 1: 558, 0: 188})
Generated 908 negative samples for edge type 6
Epoch 00016, Step00000 | Train_Loss: 0.5522 | Time: 0.0200
Epoch 00016 | Val_Loss 1.1139 | Time(s) 0.0084
EarlyStopping counter: 15 out of 40
Getting training negative samples for edge types: [6]
nodes.shift keys: [0, 1, 2]
nodes.count keys: [0, 1, 2]
links.meta: {5: (2, 2), 6: (2, 1), 7: (1, 1), 2: (2, 2), 8: (2, 2), 0: (1, 1), 3: (1, 0), 4: (1, 1), 1: (2, 2), 10: (2, 2), 9: (2, 2)}
t_type about to use: 1
h_type: 2
shift dict: {0: 0, 1: 188, 2: 746}
count dict: Counter({2: 940, 1: 558, 0: 188})
Generated 908 negative samples for edge type 6
Epoch 00017, Step00000 | Train_Loss: 0.5421 | Time: 0.0201
Epoch 00017 | Val_Loss 1.1504 | Time(s) 0.0084
EarlyStopping counter: 16 out of 40
Getting training negative samples for edge types: [6]
nodes.shift keys: [0, 1, 2]
nodes.count keys: [0, 1, 2]
links.meta: {5: (2, 2), 6: (2, 1), 7: (1, 1), 2: (2, 2), 8: (2, 2), 0: (1, 1), 3: (1, 0), 4: (1, 1), 1: (2, 2), 10: (2, 2), 9: (2, 2)}
t_type about to use: 1
h_type: 2
shift dict: {0: 0, 1: 188, 2: 746}
count dict: Counter({2: 940, 1: 558, 0: 188})
Generated 908 negative samples for edge type 6
Epoch 00018, Step00000 | Train_Loss: 0.5580 | Time: 0.0216
Epoch 00018 | Val_Loss 1.1666 | Time(s) 0.0094
EarlyStopping counter: 17 out of 40
Getting training negative samples for edge types: [6]
nodes.shift keys: [0, 1, 2]
nodes.count keys: [0, 1, 2]
links.meta: {5: (2, 2), 6: (2, 1), 7: (1, 1), 2: (2, 2), 8: (2, 2), 0: (1, 1), 3: (1, 0), 4: (1, 1), 1: (2, 2), 10: (2, 2), 9: (2, 2)}
t_type about to use: 1
h_type: 2
shift dict: {0: 0, 1: 188, 2: 746}
count dict: Counter({2: 940, 1: 558, 0: 188})
Generated 908 negative samples for edge type 6
Epoch 00019, Step00000 | Train_Loss: 0.5498 | Time: 0.0204
Epoch 00019 | Val_Loss 1.1757 | Time(s) 0.0072
EarlyStopping counter: 18 out of 40
Getting training negative samples for edge types: [6]
nodes.shift keys: [0, 1, 2]
nodes.count keys: [0, 1, 2]
links.meta: {5: (2, 2), 6: (2, 1), 7: (1, 1), 2: (2, 2), 8: (2, 2), 0: (1, 1), 3: (1, 0), 4: (1, 1), 1: (2, 2), 10: (2, 2), 9: (2, 2)}
t_type about to use: 1
h_type: 2
shift dict: {0: 0, 1: 188, 2: 746}
count dict: Counter({2: 940, 1: 558, 0: 188})
Generated 908 negative samples for edge type 6
Epoch 00020, Step00000 | Train_Loss: 0.5507 | Time: 0.0215
Epoch 00020 | Val_Loss 1.1595 | Time(s) 0.0081
EarlyStopping counter: 19 out of 40
Getting training negative samples for edge types: [6]
nodes.shift keys: [0, 1, 2]
nodes.count keys: [0, 1, 2]
links.meta: {5: (2, 2), 6: (2, 1), 7: (1, 1), 2: (2, 2), 8: (2, 2), 0: (1, 1), 3: (1, 0), 4: (1, 1), 1: (2, 2), 10: (2, 2), 9: (2, 2)}
t_type about to use: 1
h_type: 2
shift dict: {0: 0, 1: 188, 2: 746}
count dict: Counter({2: 940, 1: 558, 0: 188})
Generated 908 negative samples for edge type 6
Epoch 00021, Step00000 | Train_Loss: 0.5496 | Time: 0.0201
Epoch 00021 | Val_Loss 1.1051 | Time(s) 0.0074
EarlyStopping counter: 20 out of 40
Getting training negative samples for edge types: [6]
nodes.shift keys: [0, 1, 2]
nodes.count keys: [0, 1, 2]
links.meta: {5: (2, 2), 6: (2, 1), 7: (1, 1), 2: (2, 2), 8: (2, 2), 0: (1, 1), 3: (1, 0), 4: (1, 1), 1: (2, 2), 10: (2, 2), 9: (2, 2)}
t_type about to use: 1
h_type: 2
shift dict: {0: 0, 1: 188, 2: 746}
count dict: Counter({2: 940, 1: 558, 0: 188})
Generated 908 negative samples for edge type 6
Epoch 00022, Step00000 | Train_Loss: 0.5481 | Time: 0.0204
Epoch 00022 | Val_Loss 1.1405 | Time(s) 0.0092
EarlyStopping counter: 21 out of 40
Getting training negative samples for edge types: [6]
nodes.shift keys: [0, 1, 2]
nodes.count keys: [0, 1, 2]
links.meta: {5: (2, 2), 6: (2, 1), 7: (1, 1), 2: (2, 2), 8: (2, 2), 0: (1, 1), 3: (1, 0), 4: (1, 1), 1: (2, 2), 10: (2, 2), 9: (2, 2)}
t_type about to use: 1
h_type: 2
shift dict: {0: 0, 1: 188, 2: 746}
count dict: Counter({2: 940, 1: 558, 0: 188})
Generated 908 negative samples for edge type 6
Epoch 00023, Step00000 | Train_Loss: 0.5386 | Time: 0.0207
Epoch 00023 | Val_Loss 1.1614 | Time(s) 0.0078
EarlyStopping counter: 22 out of 40
Getting training negative samples for edge types: [6]
nodes.shift keys: [0, 1, 2]
nodes.count keys: [0, 1, 2]
links.meta: {5: (2, 2), 6: (2, 1), 7: (1, 1), 2: (2, 2), 8: (2, 2), 0: (1, 1), 3: (1, 0), 4: (1, 1), 1: (2, 2), 10: (2, 2), 9: (2, 2)}
t_type about to use: 1
h_type: 2
shift dict: {0: 0, 1: 188, 2: 746}
count dict: Counter({2: 940, 1: 558, 0: 188})
Generated 908 negative samples for edge type 6
Epoch 00024, Step00000 | Train_Loss: 0.5424 | Time: 0.0200
Epoch 00024 | Val_Loss 1.1904 | Time(s) 0.0070
EarlyStopping counter: 23 out of 40
Getting training negative samples for edge types: [6]
nodes.shift keys: [0, 1, 2]
nodes.count keys: [0, 1, 2]
links.meta: {5: (2, 2), 6: (2, 1), 7: (1, 1), 2: (2, 2), 8: (2, 2), 0: (1, 1), 3: (1, 0), 4: (1, 1), 1: (2, 2), 10: (2, 2), 9: (2, 2)}
t_type about to use: 1
h_type: 2
shift dict: {0: 0, 1: 188, 2: 746}
count dict: Counter({2: 940, 1: 558, 0: 188})
Generated 908 negative samples for edge type 6
Epoch 00025, Step00000 | Train_Loss: 0.5408 | Time: 0.0235
Epoch 00025 | Val_Loss 1.1745 | Time(s) 0.0084
EarlyStopping counter: 24 out of 40
Getting training negative samples for edge types: [6]
nodes.shift keys: [0, 1, 2]
nodes.count keys: [0, 1, 2]
links.meta: {5: (2, 2), 6: (2, 1), 7: (1, 1), 2: (2, 2), 8: (2, 2), 0: (1, 1), 3: (1, 0), 4: (1, 1), 1: (2, 2), 10: (2, 2), 9: (2, 2)}
t_type about to use: 1
h_type: 2
shift dict: {0: 0, 1: 188, 2: 746}
count dict: Counter({2: 940, 1: 558, 0: 188})
Generated 908 negative samples for edge type 6
Epoch 00026, Step00000 | Train_Loss: 0.5477 | Time: 0.0226
Epoch 00026 | Val_Loss 1.1041 | Time(s) 0.0104
EarlyStopping counter: 25 out of 40
Getting training negative samples for edge types: [6]
nodes.shift keys: [0, 1, 2]
nodes.count keys: [0, 1, 2]
links.meta: {5: (2, 2), 6: (2, 1), 7: (1, 1), 2: (2, 2), 8: (2, 2), 0: (1, 1), 3: (1, 0), 4: (1, 1), 1: (2, 2), 10: (2, 2), 9: (2, 2)}
t_type about to use: 1
h_type: 2
shift dict: {0: 0, 1: 188, 2: 746}
count dict: Counter({2: 940, 1: 558, 0: 188})
Generated 908 negative samples for edge type 6
Epoch 00027, Step00000 | Train_Loss: 0.5535 | Time: 0.0220
Epoch 00027 | Val_Loss 1.0960 | Time(s) 0.0090
EarlyStopping counter: 26 out of 40
Getting training negative samples for edge types: [6]
nodes.shift keys: [0, 1, 2]
nodes.count keys: [0, 1, 2]
links.meta: {5: (2, 2), 6: (2, 1), 7: (1, 1), 2: (2, 2), 8: (2, 2), 0: (1, 1), 3: (1, 0), 4: (1, 1), 1: (2, 2), 10: (2, 2), 9: (2, 2)}
t_type about to use: 1
h_type: 2
shift dict: {0: 0, 1: 188, 2: 746}
count dict: Counter({2: 940, 1: 558, 0: 188})
Generated 908 negative samples for edge type 6
Epoch 00028, Step00000 | Train_Loss: 0.5432 | Time: 0.0187
Epoch 00028 | Val_Loss 1.1570 | Time(s) 0.0086
EarlyStopping counter: 27 out of 40
Getting training negative samples for edge types: [6]
nodes.shift keys: [0, 1, 2]
nodes.count keys: [0, 1, 2]
links.meta: {5: (2, 2), 6: (2, 1), 7: (1, 1), 2: (2, 2), 8: (2, 2), 0: (1, 1), 3: (1, 0), 4: (1, 1), 1: (2, 2), 10: (2, 2), 9: (2, 2)}
t_type about to use: 1
h_type: 2
shift dict: {0: 0, 1: 188, 2: 746}
count dict: Counter({2: 940, 1: 558, 0: 188})
Generated 908 negative samples for edge type 6
Epoch 00029, Step00000 | Train_Loss: 0.5314 | Time: 0.0215
Epoch 00029 | Val_Loss 1.0356 | Time(s) 0.0083
EarlyStopping counter: 28 out of 40
Getting training negative samples for edge types: [6]
nodes.shift keys: [0, 1, 2]
nodes.count keys: [0, 1, 2]
links.meta: {5: (2, 2), 6: (2, 1), 7: (1, 1), 2: (2, 2), 8: (2, 2), 0: (1, 1), 3: (1, 0), 4: (1, 1), 1: (2, 2), 10: (2, 2), 9: (2, 2)}
t_type about to use: 1
h_type: 2
shift dict: {0: 0, 1: 188, 2: 746}
count dict: Counter({2: 940, 1: 558, 0: 188})
Generated 908 negative samples for edge type 6
Epoch 00030, Step00000 | Train_Loss: 0.5455 | Time: 0.0205
Epoch 00030 | Val_Loss 1.0763 | Time(s) 0.0082
EarlyStopping counter: 29 out of 40
Getting training negative samples for edge types: [6]
nodes.shift keys: [0, 1, 2]
nodes.count keys: [0, 1, 2]
links.meta: {5: (2, 2), 6: (2, 1), 7: (1, 1), 2: (2, 2), 8: (2, 2), 0: (1, 1), 3: (1, 0), 4: (1, 1), 1: (2, 2), 10: (2, 2), 9: (2, 2)}
t_type about to use: 1
h_type: 2
shift dict: {0: 0, 1: 188, 2: 746}
count dict: Counter({2: 940, 1: 558, 0: 188})
Generated 908 negative samples for edge type 6
Epoch 00031, Step00000 | Train_Loss: 0.5375 | Time: 0.0196
Epoch 00031 | Val_Loss 1.0950 | Time(s) 0.0085
EarlyStopping counter: 30 out of 40
Getting training negative samples for edge types: [6]
nodes.shift keys: [0, 1, 2]
nodes.count keys: [0, 1, 2]
links.meta: {5: (2, 2), 6: (2, 1), 7: (1, 1), 2: (2, 2), 8: (2, 2), 0: (1, 1), 3: (1, 0), 4: (1, 1), 1: (2, 2), 10: (2, 2), 9: (2, 2)}
t_type about to use: 1
h_type: 2
shift dict: {0: 0, 1: 188, 2: 746}
count dict: Counter({2: 940, 1: 558, 0: 188})
Generated 908 negative samples for edge type 6
Epoch 00032, Step00000 | Train_Loss: 0.5299 | Time: 0.0210
Epoch 00032 | Val_Loss 1.1913 | Time(s) 0.0085
EarlyStopping counter: 31 out of 40
Getting training negative samples for edge types: [6]
nodes.shift keys: [0, 1, 2]
nodes.count keys: [0, 1, 2]
links.meta: {5: (2, 2), 6: (2, 1), 7: (1, 1), 2: (2, 2), 8: (2, 2), 0: (1, 1), 3: (1, 0), 4: (1, 1), 1: (2, 2), 10: (2, 2), 9: (2, 2)}
t_type about to use: 1
h_type: 2
shift dict: {0: 0, 1: 188, 2: 746}
count dict: Counter({2: 940, 1: 558, 0: 188})
Generated 908 negative samples for edge type 6
Epoch 00033, Step00000 | Train_Loss: 0.5458 | Time: 0.0208
Epoch 00033 | Val_Loss 0.9292 | Time(s) 0.0094
EarlyStopping counter: 32 out of 40
Getting training negative samples for edge types: [6]
nodes.shift keys: [0, 1, 2]
nodes.count keys: [0, 1, 2]
links.meta: {5: (2, 2), 6: (2, 1), 7: (1, 1), 2: (2, 2), 8: (2, 2), 0: (1, 1), 3: (1, 0), 4: (1, 1), 1: (2, 2), 10: (2, 2), 9: (2, 2)}
t_type about to use: 1
h_type: 2
shift dict: {0: 0, 1: 188, 2: 746}
count dict: Counter({2: 940, 1: 558, 0: 188})
Generated 908 negative samples for edge type 6
Epoch 00034, Step00000 | Train_Loss: 0.5252 | Time: 0.0195
Epoch 00034 | Val_Loss 1.1557 | Time(s) 0.0083
EarlyStopping counter: 33 out of 40
Getting training negative samples for edge types: [6]
nodes.shift keys: [0, 1, 2]
nodes.count keys: [0, 1, 2]
links.meta: {5: (2, 2), 6: (2, 1), 7: (1, 1), 2: (2, 2), 8: (2, 2), 0: (1, 1), 3: (1, 0), 4: (1, 1), 1: (2, 2), 10: (2, 2), 9: (2, 2)}
t_type about to use: 1
h_type: 2
shift dict: {0: 0, 1: 188, 2: 746}
count dict: Counter({2: 940, 1: 558, 0: 188})
Generated 908 negative samples for edge type 6
Epoch 00035, Step00000 | Train_Loss: 0.5284 | Time: 0.0202
Epoch 00035 | Val_Loss 1.1394 | Time(s) 0.0085
EarlyStopping counter: 34 out of 40
Getting training negative samples for edge types: [6]
nodes.shift keys: [0, 1, 2]
nodes.count keys: [0, 1, 2]
links.meta: {5: (2, 2), 6: (2, 1), 7: (1, 1), 2: (2, 2), 8: (2, 2), 0: (1, 1), 3: (1, 0), 4: (1, 1), 1: (2, 2), 10: (2, 2), 9: (2, 2)}
t_type about to use: 1
h_type: 2
shift dict: {0: 0, 1: 188, 2: 746}
count dict: Counter({2: 940, 1: 558, 0: 188})
Generated 908 negative samples for edge type 6
Epoch 00036, Step00000 | Train_Loss: 0.5199 | Time: 0.0201
Epoch 00036 | Val_Loss 1.1652 | Time(s) 0.0085
EarlyStopping counter: 35 out of 40
Getting training negative samples for edge types: [6]
nodes.shift keys: [0, 1, 2]
nodes.count keys: [0, 1, 2]
links.meta: {5: (2, 2), 6: (2, 1), 7: (1, 1), 2: (2, 2), 8: (2, 2), 0: (1, 1), 3: (1, 0), 4: (1, 1), 1: (2, 2), 10: (2, 2), 9: (2, 2)}
t_type about to use: 1
h_type: 2
shift dict: {0: 0, 1: 188, 2: 746}
count dict: Counter({2: 940, 1: 558, 0: 188})
Generated 908 negative samples for edge type 6
Epoch 00037, Step00000 | Train_Loss: 0.5245 | Time: 0.0213
Epoch 00037 | Val_Loss 1.0872 | Time(s) 0.0087
EarlyStopping counter: 36 out of 40
Getting training negative samples for edge types: [6]
nodes.shift keys: [0, 1, 2]
nodes.count keys: [0, 1, 2]
links.meta: {5: (2, 2), 6: (2, 1), 7: (1, 1), 2: (2, 2), 8: (2, 2), 0: (1, 1), 3: (1, 0), 4: (1, 1), 1: (2, 2), 10: (2, 2), 9: (2, 2)}
t_type about to use: 1
h_type: 2
shift dict: {0: 0, 1: 188, 2: 746}
count dict: Counter({2: 940, 1: 558, 0: 188})
Generated 908 negative samples for edge type 6
Epoch 00038, Step00000 | Train_Loss: 0.5298 | Time: 0.0201
Epoch 00038 | Val_Loss 1.1717 | Time(s) 0.0081
EarlyStopping counter: 37 out of 40
Getting training negative samples for edge types: [6]
nodes.shift keys: [0, 1, 2]
nodes.count keys: [0, 1, 2]
links.meta: {5: (2, 2), 6: (2, 1), 7: (1, 1), 2: (2, 2), 8: (2, 2), 0: (1, 1), 3: (1, 0), 4: (1, 1), 1: (2, 2), 10: (2, 2), 9: (2, 2)}
t_type about to use: 1
h_type: 2
shift dict: {0: 0, 1: 188, 2: 746}
count dict: Counter({2: 940, 1: 558, 0: 188})
Generated 908 negative samples for edge type 6
Epoch 00039, Step00000 | Train_Loss: 0.5147 | Time: 0.0200
Epoch 00039 | Val_Loss 1.1554 | Time(s) 0.0086
EarlyStopping counter: 38 out of 40
Getting training negative samples for edge types: [6]
nodes.shift keys: [0, 1, 2]
nodes.count keys: [0, 1, 2]
links.meta: {5: (2, 2), 6: (2, 1), 7: (1, 1), 2: (2, 2), 8: (2, 2), 0: (1, 1), 3: (1, 0), 4: (1, 1), 1: (2, 2), 10: (2, 2), 9: (2, 2)}
t_type about to use: 1
h_type: 2
shift dict: {0: 0, 1: 188, 2: 746}
count dict: Counter({2: 940, 1: 558, 0: 188})
Generated 908 negative samples for edge type 6
Epoch 00040, Step00000 | Train_Loss: 0.5318 | Time: 0.0199
Epoch 00040 | Val_Loss 0.9557 | Time(s) 0.0085
EarlyStopping counter: 39 out of 40
Getting training negative samples for edge types: [6]
nodes.shift keys: [0, 1, 2]
nodes.count keys: [0, 1, 2]
links.meta: {5: (2, 2), 6: (2, 1), 7: (1, 1), 2: (2, 2), 8: (2, 2), 0: (1, 1), 3: (1, 0), 4: (1, 1), 1: (2, 2), 10: (2, 2), 9: (2, 2)}
t_type about to use: 1
h_type: 2
shift dict: {0: 0, 1: 188, 2: 746}
count dict: Counter({2: 940, 1: 558, 0: 188})
Generated 908 negative samples for edge type 6
Epoch 00041, Step00000 | Train_Loss: 0.5147 | Time: 0.0208
Epoch 00041 | Val_Loss 1.0113 | Time(s) 0.0089
EarlyStopping counter: 40 out of 40
Early stopping!
Early stopping!
Meta keys: dict_keys([6])
Data keys: dict_keys([6])
Edge type: 6, Meta: (2, 1)
{'roc_auc': 0.5099127015860322, 'MRR': 0.7710648148148148}
{'roc_auc': 0.6136063189900192, 'MRR': 0.8026620370370371}
defaultdict(<class 'float'>, {'roc_auc': 0.5099127015860322, 'MRR': 0.7710648148148148})
defaultdict(<class 'float'>, {'roc_auc': 0.6136063189900192, 'MRR': 0.8026620370370371})
Completed: amazon_style_cct_features_securebert_fold_4

--------------------------------------
Running model: SimpleHGN
Dataset: amazon_style_cct_features_securebert_fold_5
--------------------------------------
Data path: ../../data/amazon_style_cct_features_securebert_fold_5
Loading nodes from ../../data/amazon_style_cct_features_securebert_fold_5/node.dat
edge types: dict_keys([5, 6, 7, 2, 8, 0, 3, 4, 1, 10, 9])
Getting training negative samples for edge types: [6]
nodes.shift keys: [0, 1, 2]
nodes.count keys: [0, 1, 2]
links.meta: {5: (2, 2), 6: (2, 1), 7: (1, 1), 2: (2, 2), 8: (2, 2), 0: (1, 1), 3: (1, 0), 4: (1, 1), 1: (2, 2), 10: (2, 2), 9: (2, 2)}
t_type about to use: 1
h_type: 2
shift dict: {0: 0, 1: 188, 2: 746}
count dict: Counter({2: 940, 1: 558, 0: 188})
Generated 903 negative samples for edge type 6
Features List: [array([[ 0.00445206,  0.01268557,  0.22351578, ..., -0.28678206,
        -0.37460288,  0.18294938],
       [-0.18744846,  0.07075578,  0.0476894 , ..., -0.2232531 ,
        -0.19588573,  0.47988179],
       [-0.17451471, -0.04557271,  0.15712288, ..., -0.05391889,
        -0.20500693,  0.23744845],
       ...,
       [-0.40584856,  0.04715464,  0.24475315, ..., -0.12466257,
        -0.2035536 ,  0.28577447],
       [-0.18835557,  0.03822717,  0.03586731, ..., -0.23435652,
        -0.35453227,  0.38753107],
       [-0.13632202,  0.14362322,  0.08668749, ..., -0.24145249,
        -0.25799868,  0.26464131]]), array([[ 0.00791158, -0.00538086, -0.02676104, ..., -0.01897389,
        -0.01306979, -0.00084801],
       [ 0.01682901, -0.00649696, -0.01921631, ..., -0.01401017,
        -0.0039668 , -0.02202195],
       [ 0.02197852, -0.01403735, -0.05225722, ...,  0.02019661,
         0.00528841,  0.0033033 ],
       ...,
       [ 0.01603197,  0.00716993, -0.01245602, ..., -0.01399604,
        -0.00058955, -0.0256807 ],
       [ 0.01039577,  0.02045547, -0.02146293, ...,  0.01017929,
         0.02390171,  0.00134994],
       [ 0.00462414,  0.0041195 , -0.0135733 , ..., -0.01101827,
         0.00813001,  0.0203817 ]]), array([[ 0.00087804,  0.00658507, -0.02514569, ..., -0.04238372,
         0.00850771, -0.02565438],
       [-0.0006986 ,  0.01542003, -0.03227317, ..., -0.01301633,
         0.01559736, -0.03614859],
       [-0.01135348,  0.00974955, -0.01812623, ..., -0.01920343,
         0.00887381, -0.0152928 ],
       ...,
       [ 0.00701895, -0.01539859, -0.03025482, ..., -0.03644368,
         0.01254067, -0.0236606 ],
       [-0.00414097,  0.00144739, -0.05197839, ...,  0.00216818,
         0.02755725, -0.03143983],
       [ 0.01779867, -0.02493452, -0.0391779 , ..., -0.01159797,
        -0.00619852, -0.02449675]])]
Getting training negative samples for edge types: [6]
nodes.shift keys: [0, 1, 2]
nodes.count keys: [0, 1, 2]
links.meta: {5: (2, 2), 6: (2, 1), 7: (1, 1), 2: (2, 2), 8: (2, 2), 0: (1, 1), 3: (1, 0), 4: (1, 1), 1: (2, 2), 10: (2, 2), 9: (2, 2)}
t_type about to use: 1
h_type: 2
shift dict: {0: 0, 1: 188, 2: 746}
count dict: Counter({2: 940, 1: 558, 0: 188})
Generated 903 negative samples for edge type 6
Epoch 00000, Step00000 | Train_Loss: 0.6929 | Time: 0.5656
Epoch 00000 | Val_Loss 0.6875 | Time(s) 0.0074
Validation loss decreased (inf --> 0.687455).  Saving model ...
Getting training negative samples for edge types: [6]
nodes.shift keys: [0, 1, 2]
nodes.count keys: [0, 1, 2]
links.meta: {5: (2, 2), 6: (2, 1), 7: (1, 1), 2: (2, 2), 8: (2, 2), 0: (1, 1), 3: (1, 0), 4: (1, 1), 1: (2, 2), 10: (2, 2), 9: (2, 2)}
t_type about to use: 1
h_type: 2
shift dict: {0: 0, 1: 188, 2: 746}
count dict: Counter({2: 940, 1: 558, 0: 188})
Generated 903 negative samples for edge type 6
Epoch 00001, Step00000 | Train_Loss: 0.6827 | Time: 0.0224
Epoch 00001 | Val_Loss 0.6805 | Time(s) 0.0089
Validation loss decreased (0.687455 --> 0.680519).  Saving model ...
Getting training negative samples for edge types: [6]
nodes.shift keys: [0, 1, 2]
nodes.count keys: [0, 1, 2]
links.meta: {5: (2, 2), 6: (2, 1), 7: (1, 1), 2: (2, 2), 8: (2, 2), 0: (1, 1), 3: (1, 0), 4: (1, 1), 1: (2, 2), 10: (2, 2), 9: (2, 2)}
t_type about to use: 1
h_type: 2
shift dict: {0: 0, 1: 188, 2: 746}
count dict: Counter({2: 940, 1: 558, 0: 188})
Generated 903 negative samples for edge type 6
Epoch 00002, Step00000 | Train_Loss: 0.6714 | Time: 0.0225
Epoch 00002 | Val_Loss 0.6855 | Time(s) 0.0089
EarlyStopping counter: 1 out of 40
Getting training negative samples for edge types: [6]
nodes.shift keys: [0, 1, 2]
nodes.count keys: [0, 1, 2]
links.meta: {5: (2, 2), 6: (2, 1), 7: (1, 1), 2: (2, 2), 8: (2, 2), 0: (1, 1), 3: (1, 0), 4: (1, 1), 1: (2, 2), 10: (2, 2), 9: (2, 2)}
t_type about to use: 1
h_type: 2
shift dict: {0: 0, 1: 188, 2: 746}
count dict: Counter({2: 940, 1: 558, 0: 188})
Generated 903 negative samples for edge type 6
Epoch 00003, Step00000 | Train_Loss: 0.6631 | Time: 0.0199
Epoch 00003 | Val_Loss 0.6793 | Time(s) 0.0084
Validation loss decreased (0.680519 --> 0.679325).  Saving model ...
Getting training negative samples for edge types: [6]
nodes.shift keys: [0, 1, 2]
nodes.count keys: [0, 1, 2]
links.meta: {5: (2, 2), 6: (2, 1), 7: (1, 1), 2: (2, 2), 8: (2, 2), 0: (1, 1), 3: (1, 0), 4: (1, 1), 1: (2, 2), 10: (2, 2), 9: (2, 2)}
t_type about to use: 1
h_type: 2
shift dict: {0: 0, 1: 188, 2: 746}
count dict: Counter({2: 940, 1: 558, 0: 188})
Generated 903 negative samples for edge type 6
Epoch 00004, Step00000 | Train_Loss: 0.6516 | Time: 0.0256
Epoch 00004 | Val_Loss 0.6966 | Time(s) 0.0087
EarlyStopping counter: 1 out of 40
Getting training negative samples for edge types: [6]
nodes.shift keys: [0, 1, 2]
nodes.count keys: [0, 1, 2]
links.meta: {5: (2, 2), 6: (2, 1), 7: (1, 1), 2: (2, 2), 8: (2, 2), 0: (1, 1), 3: (1, 0), 4: (1, 1), 1: (2, 2), 10: (2, 2), 9: (2, 2)}
t_type about to use: 1
h_type: 2
shift dict: {0: 0, 1: 188, 2: 746}
count dict: Counter({2: 940, 1: 558, 0: 188})
Generated 903 negative samples for edge type 6
Epoch 00005, Step00000 | Train_Loss: 0.6436 | Time: 0.0241
Epoch 00005 | Val_Loss 0.7255 | Time(s) 0.0083
EarlyStopping counter: 2 out of 40
Getting training negative samples for edge types: [6]
nodes.shift keys: [0, 1, 2]
nodes.count keys: [0, 1, 2]
links.meta: {5: (2, 2), 6: (2, 1), 7: (1, 1), 2: (2, 2), 8: (2, 2), 0: (1, 1), 3: (1, 0), 4: (1, 1), 1: (2, 2), 10: (2, 2), 9: (2, 2)}
t_type about to use: 1
h_type: 2
shift dict: {0: 0, 1: 188, 2: 746}
count dict: Counter({2: 940, 1: 558, 0: 188})
Generated 903 negative samples for edge type 6
Epoch 00006, Step00000 | Train_Loss: 0.6293 | Time: 0.0200
Epoch 00006 | Val_Loss 0.7200 | Time(s) 0.0081
EarlyStopping counter: 3 out of 40
Getting training negative samples for edge types: [6]
nodes.shift keys: [0, 1, 2]
nodes.count keys: [0, 1, 2]
links.meta: {5: (2, 2), 6: (2, 1), 7: (1, 1), 2: (2, 2), 8: (2, 2), 0: (1, 1), 3: (1, 0), 4: (1, 1), 1: (2, 2), 10: (2, 2), 9: (2, 2)}
t_type about to use: 1
h_type: 2
shift dict: {0: 0, 1: 188, 2: 746}
count dict: Counter({2: 940, 1: 558, 0: 188})
Generated 903 negative samples for edge type 6
Epoch 00007, Step00000 | Train_Loss: 0.6153 | Time: 0.0198
Epoch 00007 | Val_Loss 0.7330 | Time(s) 0.0084
EarlyStopping counter: 4 out of 40
Getting training negative samples for edge types: [6]
nodes.shift keys: [0, 1, 2]
nodes.count keys: [0, 1, 2]
links.meta: {5: (2, 2), 6: (2, 1), 7: (1, 1), 2: (2, 2), 8: (2, 2), 0: (1, 1), 3: (1, 0), 4: (1, 1), 1: (2, 2), 10: (2, 2), 9: (2, 2)}
t_type about to use: 1
h_type: 2
shift dict: {0: 0, 1: 188, 2: 746}
count dict: Counter({2: 940, 1: 558, 0: 188})
Generated 903 negative samples for edge type 6
Epoch 00008, Step00000 | Train_Loss: 0.6088 | Time: 0.0214
Epoch 00008 | Val_Loss 0.7260 | Time(s) 0.0082
EarlyStopping counter: 5 out of 40
Getting training negative samples for edge types: [6]
nodes.shift keys: [0, 1, 2]
nodes.count keys: [0, 1, 2]
links.meta: {5: (2, 2), 6: (2, 1), 7: (1, 1), 2: (2, 2), 8: (2, 2), 0: (1, 1), 3: (1, 0), 4: (1, 1), 1: (2, 2), 10: (2, 2), 9: (2, 2)}
t_type about to use: 1
h_type: 2
shift dict: {0: 0, 1: 188, 2: 746}
count dict: Counter({2: 940, 1: 558, 0: 188})
Generated 903 negative samples for edge type 6
Epoch 00009, Step00000 | Train_Loss: 0.5959 | Time: 0.0199
Epoch 00009 | Val_Loss 0.8707 | Time(s) 0.0085
EarlyStopping counter: 6 out of 40
Getting training negative samples for edge types: [6]
nodes.shift keys: [0, 1, 2]
nodes.count keys: [0, 1, 2]
links.meta: {5: (2, 2), 6: (2, 1), 7: (1, 1), 2: (2, 2), 8: (2, 2), 0: (1, 1), 3: (1, 0), 4: (1, 1), 1: (2, 2), 10: (2, 2), 9: (2, 2)}
t_type about to use: 1
h_type: 2
shift dict: {0: 0, 1: 188, 2: 746}
count dict: Counter({2: 940, 1: 558, 0: 188})
Generated 903 negative samples for edge type 6
Epoch 00010, Step00000 | Train_Loss: 0.5954 | Time: 0.0205
Epoch 00010 | Val_Loss 0.7766 | Time(s) 0.0084
EarlyStopping counter: 7 out of 40
Getting training negative samples for edge types: [6]
nodes.shift keys: [0, 1, 2]
nodes.count keys: [0, 1, 2]
links.meta: {5: (2, 2), 6: (2, 1), 7: (1, 1), 2: (2, 2), 8: (2, 2), 0: (1, 1), 3: (1, 0), 4: (1, 1), 1: (2, 2), 10: (2, 2), 9: (2, 2)}
t_type about to use: 1
h_type: 2
shift dict: {0: 0, 1: 188, 2: 746}
count dict: Counter({2: 940, 1: 558, 0: 188})
Generated 903 negative samples for edge type 6
Epoch 00011, Step00000 | Train_Loss: 0.5799 | Time: 0.0198
Epoch 00011 | Val_Loss 0.8426 | Time(s) 0.0082
EarlyStopping counter: 8 out of 40
Getting training negative samples for edge types: [6]
nodes.shift keys: [0, 1, 2]
nodes.count keys: [0, 1, 2]
links.meta: {5: (2, 2), 6: (2, 1), 7: (1, 1), 2: (2, 2), 8: (2, 2), 0: (1, 1), 3: (1, 0), 4: (1, 1), 1: (2, 2), 10: (2, 2), 9: (2, 2)}
t_type about to use: 1
h_type: 2
shift dict: {0: 0, 1: 188, 2: 746}
count dict: Counter({2: 940, 1: 558, 0: 188})
Generated 903 negative samples for edge type 6
Epoch 00012, Step00000 | Train_Loss: 0.5854 | Time: 0.0212
Epoch 00012 | Val_Loss 0.9365 | Time(s) 0.0083
EarlyStopping counter: 9 out of 40
Getting training negative samples for edge types: [6]
nodes.shift keys: [0, 1, 2]
nodes.count keys: [0, 1, 2]
links.meta: {5: (2, 2), 6: (2, 1), 7: (1, 1), 2: (2, 2), 8: (2, 2), 0: (1, 1), 3: (1, 0), 4: (1, 1), 1: (2, 2), 10: (2, 2), 9: (2, 2)}
t_type about to use: 1
h_type: 2
shift dict: {0: 0, 1: 188, 2: 746}
count dict: Counter({2: 940, 1: 558, 0: 188})
Generated 903 negative samples for edge type 6
Epoch 00013, Step00000 | Train_Loss: 0.5716 | Time: 0.0203
Epoch 00013 | Val_Loss 0.9849 | Time(s) 0.0088
EarlyStopping counter: 10 out of 40
Getting training negative samples for edge types: [6]
nodes.shift keys: [0, 1, 2]
nodes.count keys: [0, 1, 2]
links.meta: {5: (2, 2), 6: (2, 1), 7: (1, 1), 2: (2, 2), 8: (2, 2), 0: (1, 1), 3: (1, 0), 4: (1, 1), 1: (2, 2), 10: (2, 2), 9: (2, 2)}
t_type about to use: 1
h_type: 2
shift dict: {0: 0, 1: 188, 2: 746}
count dict: Counter({2: 940, 1: 558, 0: 188})
Generated 903 negative samples for edge type 6
Epoch 00014, Step00000 | Train_Loss: 0.5654 | Time: 0.0202
Epoch 00014 | Val_Loss 0.8848 | Time(s) 0.0088
EarlyStopping counter: 11 out of 40
Getting training negative samples for edge types: [6]
nodes.shift keys: [0, 1, 2]
nodes.count keys: [0, 1, 2]
links.meta: {5: (2, 2), 6: (2, 1), 7: (1, 1), 2: (2, 2), 8: (2, 2), 0: (1, 1), 3: (1, 0), 4: (1, 1), 1: (2, 2), 10: (2, 2), 9: (2, 2)}
t_type about to use: 1
h_type: 2
shift dict: {0: 0, 1: 188, 2: 746}
count dict: Counter({2: 940, 1: 558, 0: 188})
Generated 903 negative samples for edge type 6
Epoch 00015, Step00000 | Train_Loss: 0.5664 | Time: 0.0198
Epoch 00015 | Val_Loss 0.9279 | Time(s) 0.0083
EarlyStopping counter: 12 out of 40
Getting training negative samples for edge types: [6]
nodes.shift keys: [0, 1, 2]
nodes.count keys: [0, 1, 2]
links.meta: {5: (2, 2), 6: (2, 1), 7: (1, 1), 2: (2, 2), 8: (2, 2), 0: (1, 1), 3: (1, 0), 4: (1, 1), 1: (2, 2), 10: (2, 2), 9: (2, 2)}
t_type about to use: 1
h_type: 2
shift dict: {0: 0, 1: 188, 2: 746}
count dict: Counter({2: 940, 1: 558, 0: 188})
Generated 903 negative samples for edge type 6
Epoch 00016, Step00000 | Train_Loss: 0.5585 | Time: 0.0244
Epoch 00016 | Val_Loss 1.0361 | Time(s) 0.0084
EarlyStopping counter: 13 out of 40
Getting training negative samples for edge types: [6]
nodes.shift keys: [0, 1, 2]
nodes.count keys: [0, 1, 2]
links.meta: {5: (2, 2), 6: (2, 1), 7: (1, 1), 2: (2, 2), 8: (2, 2), 0: (1, 1), 3: (1, 0), 4: (1, 1), 1: (2, 2), 10: (2, 2), 9: (2, 2)}
t_type about to use: 1
h_type: 2
shift dict: {0: 0, 1: 188, 2: 746}
count dict: Counter({2: 940, 1: 558, 0: 188})
Generated 903 negative samples for edge type 6
Epoch 00017, Step00000 | Train_Loss: 0.5519 | Time: 0.0226
Epoch 00017 | Val_Loss 1.0133 | Time(s) 0.0086
EarlyStopping counter: 14 out of 40
Getting training negative samples for edge types: [6]
nodes.shift keys: [0, 1, 2]
nodes.count keys: [0, 1, 2]
links.meta: {5: (2, 2), 6: (2, 1), 7: (1, 1), 2: (2, 2), 8: (2, 2), 0: (1, 1), 3: (1, 0), 4: (1, 1), 1: (2, 2), 10: (2, 2), 9: (2, 2)}
t_type about to use: 1
h_type: 2
shift dict: {0: 0, 1: 188, 2: 746}
count dict: Counter({2: 940, 1: 558, 0: 188})
Generated 903 negative samples for edge type 6
Epoch 00018, Step00000 | Train_Loss: 0.5557 | Time: 0.0254
Epoch 00018 | Val_Loss 1.0587 | Time(s) 0.0084
EarlyStopping counter: 15 out of 40
Getting training negative samples for edge types: [6]
nodes.shift keys: [0, 1, 2]
nodes.count keys: [0, 1, 2]
links.meta: {5: (2, 2), 6: (2, 1), 7: (1, 1), 2: (2, 2), 8: (2, 2), 0: (1, 1), 3: (1, 0), 4: (1, 1), 1: (2, 2), 10: (2, 2), 9: (2, 2)}
t_type about to use: 1
h_type: 2
shift dict: {0: 0, 1: 188, 2: 746}
count dict: Counter({2: 940, 1: 558, 0: 188})
Generated 903 negative samples for edge type 6
Epoch 00019, Step00000 | Train_Loss: 0.5624 | Time: 0.0231
Epoch 00019 | Val_Loss 1.2289 | Time(s) 0.0089
EarlyStopping counter: 16 out of 40
Getting training negative samples for edge types: [6]
nodes.shift keys: [0, 1, 2]
nodes.count keys: [0, 1, 2]
links.meta: {5: (2, 2), 6: (2, 1), 7: (1, 1), 2: (2, 2), 8: (2, 2), 0: (1, 1), 3: (1, 0), 4: (1, 1), 1: (2, 2), 10: (2, 2), 9: (2, 2)}
t_type about to use: 1
h_type: 2
shift dict: {0: 0, 1: 188, 2: 746}
count dict: Counter({2: 940, 1: 558, 0: 188})
Generated 903 negative samples for edge type 6
Epoch 00020, Step00000 | Train_Loss: 0.5513 | Time: 0.0256
Epoch 00020 | Val_Loss 1.1046 | Time(s) 0.0085
EarlyStopping counter: 17 out of 40
Getting training negative samples for edge types: [6]
nodes.shift keys: [0, 1, 2]
nodes.count keys: [0, 1, 2]
links.meta: {5: (2, 2), 6: (2, 1), 7: (1, 1), 2: (2, 2), 8: (2, 2), 0: (1, 1), 3: (1, 0), 4: (1, 1), 1: (2, 2), 10: (2, 2), 9: (2, 2)}
t_type about to use: 1
h_type: 2
shift dict: {0: 0, 1: 188, 2: 746}
count dict: Counter({2: 940, 1: 558, 0: 188})
Generated 903 negative samples for edge type 6
Epoch 00021, Step00000 | Train_Loss: 0.5617 | Time: 0.0204
Epoch 00021 | Val_Loss 1.0380 | Time(s) 0.0085
EarlyStopping counter: 18 out of 40
Getting training negative samples for edge types: [6]
nodes.shift keys: [0, 1, 2]
nodes.count keys: [0, 1, 2]
links.meta: {5: (2, 2), 6: (2, 1), 7: (1, 1), 2: (2, 2), 8: (2, 2), 0: (1, 1), 3: (1, 0), 4: (1, 1), 1: (2, 2), 10: (2, 2), 9: (2, 2)}
t_type about to use: 1
h_type: 2
shift dict: {0: 0, 1: 188, 2: 746}
count dict: Counter({2: 940, 1: 558, 0: 188})
Generated 903 negative samples for edge type 6
Epoch 00022, Step00000 | Train_Loss: 0.5405 | Time: 0.0201
Epoch 00022 | Val_Loss 1.0471 | Time(s) 0.0084
EarlyStopping counter: 19 out of 40
Getting training negative samples for edge types: [6]
nodes.shift keys: [0, 1, 2]
nodes.count keys: [0, 1, 2]
links.meta: {5: (2, 2), 6: (2, 1), 7: (1, 1), 2: (2, 2), 8: (2, 2), 0: (1, 1), 3: (1, 0), 4: (1, 1), 1: (2, 2), 10: (2, 2), 9: (2, 2)}
t_type about to use: 1
h_type: 2
shift dict: {0: 0, 1: 188, 2: 746}
count dict: Counter({2: 940, 1: 558, 0: 188})
Generated 903 negative samples for edge type 6
Epoch 00023, Step00000 | Train_Loss: 0.5380 | Time: 0.0209
Epoch 00023 | Val_Loss 1.0727 | Time(s) 0.0084
EarlyStopping counter: 20 out of 40
Getting training negative samples for edge types: [6]
nodes.shift keys: [0, 1, 2]
nodes.count keys: [0, 1, 2]
links.meta: {5: (2, 2), 6: (2, 1), 7: (1, 1), 2: (2, 2), 8: (2, 2), 0: (1, 1), 3: (1, 0), 4: (1, 1), 1: (2, 2), 10: (2, 2), 9: (2, 2)}
t_type about to use: 1
h_type: 2
shift dict: {0: 0, 1: 188, 2: 746}
count dict: Counter({2: 940, 1: 558, 0: 188})
Generated 903 negative samples for edge type 6
Epoch 00024, Step00000 | Train_Loss: 0.5512 | Time: 0.0199
Epoch 00024 | Val_Loss 1.0836 | Time(s) 0.0082
EarlyStopping counter: 21 out of 40
Getting training negative samples for edge types: [6]
nodes.shift keys: [0, 1, 2]
nodes.count keys: [0, 1, 2]
links.meta: {5: (2, 2), 6: (2, 1), 7: (1, 1), 2: (2, 2), 8: (2, 2), 0: (1, 1), 3: (1, 0), 4: (1, 1), 1: (2, 2), 10: (2, 2), 9: (2, 2)}
t_type about to use: 1
h_type: 2
shift dict: {0: 0, 1: 188, 2: 746}
count dict: Counter({2: 940, 1: 558, 0: 188})
Generated 903 negative samples for edge type 6
Epoch 00025, Step00000 | Train_Loss: 0.5524 | Time: 0.0219
Epoch 00025 | Val_Loss 1.1015 | Time(s) 0.0080
EarlyStopping counter: 22 out of 40
Getting training negative samples for edge types: [6]
nodes.shift keys: [0, 1, 2]
nodes.count keys: [0, 1, 2]
links.meta: {5: (2, 2), 6: (2, 1), 7: (1, 1), 2: (2, 2), 8: (2, 2), 0: (1, 1), 3: (1, 0), 4: (1, 1), 1: (2, 2), 10: (2, 2), 9: (2, 2)}
t_type about to use: 1
h_type: 2
shift dict: {0: 0, 1: 188, 2: 746}
count dict: Counter({2: 940, 1: 558, 0: 188})
Generated 903 negative samples for edge type 6
Epoch 00026, Step00000 | Train_Loss: 0.5441 | Time: 0.0194
Epoch 00026 | Val_Loss 1.0182 | Time(s) 0.0080
EarlyStopping counter: 23 out of 40
Getting training negative samples for edge types: [6]
nodes.shift keys: [0, 1, 2]
nodes.count keys: [0, 1, 2]
links.meta: {5: (2, 2), 6: (2, 1), 7: (1, 1), 2: (2, 2), 8: (2, 2), 0: (1, 1), 3: (1, 0), 4: (1, 1), 1: (2, 2), 10: (2, 2), 9: (2, 2)}
t_type about to use: 1
h_type: 2
shift dict: {0: 0, 1: 188, 2: 746}
count dict: Counter({2: 940, 1: 558, 0: 188})
Generated 903 negative samples for edge type 6
Epoch 00027, Step00000 | Train_Loss: 0.5438 | Time: 0.0198
Epoch 00027 | Val_Loss 1.0713 | Time(s) 0.0085
EarlyStopping counter: 24 out of 40
Getting training negative samples for edge types: [6]
nodes.shift keys: [0, 1, 2]
nodes.count keys: [0, 1, 2]
links.meta: {5: (2, 2), 6: (2, 1), 7: (1, 1), 2: (2, 2), 8: (2, 2), 0: (1, 1), 3: (1, 0), 4: (1, 1), 1: (2, 2), 10: (2, 2), 9: (2, 2)}
t_type about to use: 1
h_type: 2
shift dict: {0: 0, 1: 188, 2: 746}
count dict: Counter({2: 940, 1: 558, 0: 188})
Generated 903 negative samples for edge type 6
Epoch 00028, Step00000 | Train_Loss: 0.5522 | Time: 0.0213
Epoch 00028 | Val_Loss 1.0608 | Time(s) 0.0084
EarlyStopping counter: 25 out of 40
Getting training negative samples for edge types: [6]
nodes.shift keys: [0, 1, 2]
nodes.count keys: [0, 1, 2]
links.meta: {5: (2, 2), 6: (2, 1), 7: (1, 1), 2: (2, 2), 8: (2, 2), 0: (1, 1), 3: (1, 0), 4: (1, 1), 1: (2, 2), 10: (2, 2), 9: (2, 2)}
t_type about to use: 1
h_type: 2
shift dict: {0: 0, 1: 188, 2: 746}
count dict: Counter({2: 940, 1: 558, 0: 188})
Generated 903 negative samples for edge type 6
Epoch 00029, Step00000 | Train_Loss: 0.5448 | Time: 0.0197
Epoch 00029 | Val_Loss 1.0793 | Time(s) 0.0084
EarlyStopping counter: 26 out of 40
Getting training negative samples for edge types: [6]
nodes.shift keys: [0, 1, 2]
nodes.count keys: [0, 1, 2]
links.meta: {5: (2, 2), 6: (2, 1), 7: (1, 1), 2: (2, 2), 8: (2, 2), 0: (1, 1), 3: (1, 0), 4: (1, 1), 1: (2, 2), 10: (2, 2), 9: (2, 2)}
t_type about to use: 1
h_type: 2
shift dict: {0: 0, 1: 188, 2: 746}
count dict: Counter({2: 940, 1: 558, 0: 188})
Generated 903 negative samples for edge type 6
Epoch 00030, Step00000 | Train_Loss: 0.5324 | Time: 0.0209
Epoch 00030 | Val_Loss 0.9565 | Time(s) 0.0080
EarlyStopping counter: 27 out of 40
Getting training negative samples for edge types: [6]
nodes.shift keys: [0, 1, 2]
nodes.count keys: [0, 1, 2]
links.meta: {5: (2, 2), 6: (2, 1), 7: (1, 1), 2: (2, 2), 8: (2, 2), 0: (1, 1), 3: (1, 0), 4: (1, 1), 1: (2, 2), 10: (2, 2), 9: (2, 2)}
t_type about to use: 1
h_type: 2
shift dict: {0: 0, 1: 188, 2: 746}
count dict: Counter({2: 940, 1: 558, 0: 188})
Generated 903 negative samples for edge type 6
Epoch 00031, Step00000 | Train_Loss: 0.5581 | Time: 0.0198
Epoch 00031 | Val_Loss 1.1180 | Time(s) 0.0087
EarlyStopping counter: 28 out of 40
Getting training negative samples for edge types: [6]
nodes.shift keys: [0, 1, 2]
nodes.count keys: [0, 1, 2]
links.meta: {5: (2, 2), 6: (2, 1), 7: (1, 1), 2: (2, 2), 8: (2, 2), 0: (1, 1), 3: (1, 0), 4: (1, 1), 1: (2, 2), 10: (2, 2), 9: (2, 2)}
t_type about to use: 1
h_type: 2
shift dict: {0: 0, 1: 188, 2: 746}
count dict: Counter({2: 940, 1: 558, 0: 188})
Generated 903 negative samples for edge type 6
Epoch 00032, Step00000 | Train_Loss: 0.5363 | Time: 0.0209
Epoch 00032 | Val_Loss 1.0583 | Time(s) 0.0082
EarlyStopping counter: 29 out of 40
Getting training negative samples for edge types: [6]
nodes.shift keys: [0, 1, 2]
nodes.count keys: [0, 1, 2]
links.meta: {5: (2, 2), 6: (2, 1), 7: (1, 1), 2: (2, 2), 8: (2, 2), 0: (1, 1), 3: (1, 0), 4: (1, 1), 1: (2, 2), 10: (2, 2), 9: (2, 2)}
t_type about to use: 1
h_type: 2
shift dict: {0: 0, 1: 188, 2: 746}
count dict: Counter({2: 940, 1: 558, 0: 188})
Generated 903 negative samples for edge type 6
Epoch 00033, Step00000 | Train_Loss: 0.5374 | Time: 0.0201
Epoch 00033 | Val_Loss 1.0266 | Time(s) 0.0087
EarlyStopping counter: 30 out of 40
Getting training negative samples for edge types: [6]
nodes.shift keys: [0, 1, 2]
nodes.count keys: [0, 1, 2]
links.meta: {5: (2, 2), 6: (2, 1), 7: (1, 1), 2: (2, 2), 8: (2, 2), 0: (1, 1), 3: (1, 0), 4: (1, 1), 1: (2, 2), 10: (2, 2), 9: (2, 2)}
t_type about to use: 1
h_type: 2
shift dict: {0: 0, 1: 188, 2: 746}
count dict: Counter({2: 940, 1: 558, 0: 188})
Generated 903 negative samples for edge type 6
Epoch 00034, Step00000 | Train_Loss: 0.5314 | Time: 0.0204
Epoch 00034 | Val_Loss 1.1111 | Time(s) 0.0088
EarlyStopping counter: 31 out of 40
Getting training negative samples for edge types: [6]
nodes.shift keys: [0, 1, 2]
nodes.count keys: [0, 1, 2]
links.meta: {5: (2, 2), 6: (2, 1), 7: (1, 1), 2: (2, 2), 8: (2, 2), 0: (1, 1), 3: (1, 0), 4: (1, 1), 1: (2, 2), 10: (2, 2), 9: (2, 2)}
t_type about to use: 1
h_type: 2
shift dict: {0: 0, 1: 188, 2: 746}
count dict: Counter({2: 940, 1: 558, 0: 188})
Generated 903 negative samples for edge type 6
Epoch 00035, Step00000 | Train_Loss: 0.5618 | Time: 0.0215
Epoch 00035 | Val_Loss 1.0692 | Time(s) 0.0084
EarlyStopping counter: 32 out of 40
Getting training negative samples for edge types: [6]
nodes.shift keys: [0, 1, 2]
nodes.count keys: [0, 1, 2]
links.meta: {5: (2, 2), 6: (2, 1), 7: (1, 1), 2: (2, 2), 8: (2, 2), 0: (1, 1), 3: (1, 0), 4: (1, 1), 1: (2, 2), 10: (2, 2), 9: (2, 2)}
t_type about to use: 1
h_type: 2
shift dict: {0: 0, 1: 188, 2: 746}
count dict: Counter({2: 940, 1: 558, 0: 188})
Generated 903 negative samples for edge type 6
Epoch 00036, Step00000 | Train_Loss: 0.5381 | Time: 0.0204
Epoch 00036 | Val_Loss 1.0270 | Time(s) 0.0082
EarlyStopping counter: 33 out of 40
Getting training negative samples for edge types: [6]
nodes.shift keys: [0, 1, 2]
nodes.count keys: [0, 1, 2]
links.meta: {5: (2, 2), 6: (2, 1), 7: (1, 1), 2: (2, 2), 8: (2, 2), 0: (1, 1), 3: (1, 0), 4: (1, 1), 1: (2, 2), 10: (2, 2), 9: (2, 2)}
t_type about to use: 1
h_type: 2
shift dict: {0: 0, 1: 188, 2: 746}
count dict: Counter({2: 940, 1: 558, 0: 188})
Generated 903 negative samples for edge type 6
Epoch 00037, Step00000 | Train_Loss: 0.5323 | Time: 0.0210
Epoch 00037 | Val_Loss 1.0928 | Time(s) 0.0085
EarlyStopping counter: 34 out of 40
Getting training negative samples for edge types: [6]
nodes.shift keys: [0, 1, 2]
nodes.count keys: [0, 1, 2]
links.meta: {5: (2, 2), 6: (2, 1), 7: (1, 1), 2: (2, 2), 8: (2, 2), 0: (1, 1), 3: (1, 0), 4: (1, 1), 1: (2, 2), 10: (2, 2), 9: (2, 2)}
t_type about to use: 1
h_type: 2
shift dict: {0: 0, 1: 188, 2: 746}
count dict: Counter({2: 940, 1: 558, 0: 188})
Generated 903 negative samples for edge type 6
Epoch 00038, Step00000 | Train_Loss: 0.5395 | Time: 0.0200
Epoch 00038 | Val_Loss 1.1278 | Time(s) 0.0075
EarlyStopping counter: 35 out of 40
Getting training negative samples for edge types: [6]
nodes.shift keys: [0, 1, 2]
nodes.count keys: [0, 1, 2]
links.meta: {5: (2, 2), 6: (2, 1), 7: (1, 1), 2: (2, 2), 8: (2, 2), 0: (1, 1), 3: (1, 0), 4: (1, 1), 1: (2, 2), 10: (2, 2), 9: (2, 2)}
t_type about to use: 1
h_type: 2
shift dict: {0: 0, 1: 188, 2: 746}
count dict: Counter({2: 940, 1: 558, 0: 188})
Generated 903 negative samples for edge type 6
Epoch 00039, Step00000 | Train_Loss: 0.5388 | Time: 0.0211
Epoch 00039 | Val_Loss 0.9727 | Time(s) 0.0080
EarlyStopping counter: 36 out of 40
Getting training negative samples for edge types: [6]
nodes.shift keys: [0, 1, 2]
nodes.count keys: [0, 1, 2]
links.meta: {5: (2, 2), 6: (2, 1), 7: (1, 1), 2: (2, 2), 8: (2, 2), 0: (1, 1), 3: (1, 0), 4: (1, 1), 1: (2, 2), 10: (2, 2), 9: (2, 2)}
t_type about to use: 1
h_type: 2
shift dict: {0: 0, 1: 188, 2: 746}
count dict: Counter({2: 940, 1: 558, 0: 188})
Generated 903 negative samples for edge type 6
Epoch 00040, Step00000 | Train_Loss: 0.5402 | Time: 0.0202
Epoch 00040 | Val_Loss 1.0392 | Time(s) 0.0084
EarlyStopping counter: 37 out of 40
Getting training negative samples for edge types: [6]
nodes.shift keys: [0, 1, 2]
nodes.count keys: [0, 1, 2]
links.meta: {5: (2, 2), 6: (2, 1), 7: (1, 1), 2: (2, 2), 8: (2, 2), 0: (1, 1), 3: (1, 0), 4: (1, 1), 1: (2, 2), 10: (2, 2), 9: (2, 2)}
t_type about to use: 1
h_type: 2
shift dict: {0: 0, 1: 188, 2: 746}
count dict: Counter({2: 940, 1: 558, 0: 188})
Generated 903 negative samples for edge type 6
Epoch 00041, Step00000 | Train_Loss: 0.5253 | Time: 0.0208
Epoch 00041 | Val_Loss 0.9841 | Time(s) 0.0084
EarlyStopping counter: 38 out of 40
Getting training negative samples for edge types: [6]
nodes.shift keys: [0, 1, 2]
nodes.count keys: [0, 1, 2]
links.meta: {5: (2, 2), 6: (2, 1), 7: (1, 1), 2: (2, 2), 8: (2, 2), 0: (1, 1), 3: (1, 0), 4: (1, 1), 1: (2, 2), 10: (2, 2), 9: (2, 2)}
t_type about to use: 1
h_type: 2
shift dict: {0: 0, 1: 188, 2: 746}
count dict: Counter({2: 940, 1: 558, 0: 188})
Generated 903 negative samples for edge type 6
Epoch 00042, Step00000 | Train_Loss: 0.5353 | Time: 0.0199
Epoch 00042 | Val_Loss 0.9640 | Time(s) 0.0084
EarlyStopping counter: 39 out of 40
Getting training negative samples for edge types: [6]
nodes.shift keys: [0, 1, 2]
nodes.count keys: [0, 1, 2]
links.meta: {5: (2, 2), 6: (2, 1), 7: (1, 1), 2: (2, 2), 8: (2, 2), 0: (1, 1), 3: (1, 0), 4: (1, 1), 1: (2, 2), 10: (2, 2), 9: (2, 2)}
t_type about to use: 1
h_type: 2
shift dict: {0: 0, 1: 188, 2: 746}
count dict: Counter({2: 940, 1: 558, 0: 188})
Generated 903 negative samples for edge type 6
Epoch 00043, Step00000 | Train_Loss: 0.5138 | Time: 0.0208
Epoch 00043 | Val_Loss 1.0078 | Time(s) 0.0083
EarlyStopping counter: 40 out of 40
Early stopping!
Early stopping!
Meta keys: dict_keys([6])
Data keys: dict_keys([6])
Edge type: 6, Meta: (2, 1)
{'roc_auc': 0.5312172174141095, 'MRR': 0.7440307328605201}
{'roc_auc': 0.6717124089490114, 'MRR': 0.7882472137791287}
defaultdict(<class 'float'>, {'roc_auc': 0.5312172174141095, 'MRR': 0.7440307328605201})
defaultdict(<class 'float'>, {'roc_auc': 0.6717124089490114, 'MRR': 0.7882472137791287})
Completed: amazon_style_cct_features_securebert_fold_5

=== Repetition 5/6 ===
--------------------------------------
Running model: SimpleHGN
Dataset: amazon_style_cct_features_securebert_fold_1
--------------------------------------
Data path: ../../data/amazon_style_cct_features_securebert_fold_1
Loading nodes from ../../data/amazon_style_cct_features_securebert_fold_1/node.dat
edge types: dict_keys([6, 3, 5, 7, 4, 8, 0, 2, 1, 9, 10])
Getting training negative samples for edge types: [6]
nodes.shift keys: [0, 1, 2]
nodes.count keys: [0, 1, 2]
links.meta: {6: (2, 1), 3: (1, 0), 5: (2, 2), 7: (1, 1), 4: (1, 1), 8: (2, 2), 0: (1, 1), 2: (2, 2), 1: (2, 2), 9: (2, 2), 10: (2, 2)}
t_type about to use: 1
h_type: 2
shift dict: {0: 0, 1: 188, 2: 746}
count dict: Counter({2: 940, 1: 558, 0: 188})
Generated 899 negative samples for edge type 6
Features List: [array([[ 0.00445206,  0.01268557,  0.22351578, ..., -0.28678206,
        -0.37460288,  0.18294938],
       [-0.18744846,  0.07075578,  0.0476894 , ..., -0.2232531 ,
        -0.19588573,  0.47988179],
       [-0.17451471, -0.04557271,  0.15712288, ..., -0.05391889,
        -0.20500693,  0.23744845],
       ...,
       [-0.40584856,  0.04715464,  0.24475315, ..., -0.12466257,
        -0.2035536 ,  0.28577447],
       [-0.18835557,  0.03822717,  0.03586731, ..., -0.23435652,
        -0.35453227,  0.38753107],
       [-0.13632202,  0.14362322,  0.08668749, ..., -0.24145249,
        -0.25799868,  0.26464131]]), array([[ 0.00791158, -0.00538086, -0.02676104, ..., -0.01897389,
        -0.01306979, -0.00084801],
       [ 0.01682901, -0.00649696, -0.01921631, ..., -0.01401017,
        -0.0039668 , -0.02202195],
       [ 0.02197852, -0.01403735, -0.05225722, ...,  0.02019661,
         0.00528841,  0.0033033 ],
       ...,
       [ 0.01603197,  0.00716993, -0.01245602, ..., -0.01399604,
        -0.00058955, -0.0256807 ],
       [ 0.01039577,  0.02045547, -0.02146293, ...,  0.01017929,
         0.02390171,  0.00134994],
       [ 0.00462414,  0.0041195 , -0.0135733 , ..., -0.01101827,
         0.00813001,  0.0203817 ]]), array([[ 0.00087804,  0.00658507, -0.02514569, ..., -0.04238372,
         0.00850771, -0.02565438],
       [-0.0006986 ,  0.01542003, -0.03227317, ..., -0.01301633,
         0.01559736, -0.03614859],
       [-0.01135348,  0.00974955, -0.01812623, ..., -0.01920343,
         0.00887381, -0.0152928 ],
       ...,
       [ 0.00701895, -0.01539859, -0.03025482, ..., -0.03644368,
         0.01254067, -0.0236606 ],
       [-0.00414097,  0.00144739, -0.05197839, ...,  0.00216818,
         0.02755725, -0.03143983],
       [ 0.01779867, -0.02493452, -0.0391779 , ..., -0.01159797,
        -0.00619852, -0.02449675]])]
Getting training negative samples for edge types: [6]
nodes.shift keys: [0, 1, 2]
nodes.count keys: [0, 1, 2]
links.meta: {6: (2, 1), 3: (1, 0), 5: (2, 2), 7: (1, 1), 4: (1, 1), 8: (2, 2), 0: (1, 1), 2: (2, 2), 1: (2, 2), 9: (2, 2), 10: (2, 2)}
t_type about to use: 1
h_type: 2
shift dict: {0: 0, 1: 188, 2: 746}
count dict: Counter({2: 940, 1: 558, 0: 188})
Generated 899 negative samples for edge type 6
Epoch 00000, Step00000 | Train_Loss: 0.6935 | Time: 0.5145
Epoch 00000 | Val_Loss 0.6884 | Time(s) 0.0074
Validation loss decreased (inf --> 0.688402).  Saving model ...
Getting training negative samples for edge types: [6]
nodes.shift keys: [0, 1, 2]
nodes.count keys: [0, 1, 2]
links.meta: {6: (2, 1), 3: (1, 0), 5: (2, 2), 7: (1, 1), 4: (1, 1), 8: (2, 2), 0: (1, 1), 2: (2, 2), 1: (2, 2), 9: (2, 2), 10: (2, 2)}
t_type about to use: 1
h_type: 2
shift dict: {0: 0, 1: 188, 2: 746}
count dict: Counter({2: 940, 1: 558, 0: 188})
Generated 899 negative samples for edge type 6
Epoch 00001, Step00000 | Train_Loss: 0.6848 | Time: 0.0278
Epoch 00001 | Val_Loss 0.6836 | Time(s) 0.0090
Validation loss decreased (0.688402 --> 0.683579).  Saving model ...
Getting training negative samples for edge types: [6]
nodes.shift keys: [0, 1, 2]
nodes.count keys: [0, 1, 2]
links.meta: {6: (2, 1), 3: (1, 0), 5: (2, 2), 7: (1, 1), 4: (1, 1), 8: (2, 2), 0: (1, 1), 2: (2, 2), 1: (2, 2), 9: (2, 2), 10: (2, 2)}
t_type about to use: 1
h_type: 2
shift dict: {0: 0, 1: 188, 2: 746}
count dict: Counter({2: 940, 1: 558, 0: 188})
Generated 899 negative samples for edge type 6
Epoch 00002, Step00000 | Train_Loss: 0.6777 | Time: 0.0260
Epoch 00002 | Val_Loss 0.6889 | Time(s) 0.0104
EarlyStopping counter: 1 out of 40
Getting training negative samples for edge types: [6]
nodes.shift keys: [0, 1, 2]
nodes.count keys: [0, 1, 2]
links.meta: {6: (2, 1), 3: (1, 0), 5: (2, 2), 7: (1, 1), 4: (1, 1), 8: (2, 2), 0: (1, 1), 2: (2, 2), 1: (2, 2), 9: (2, 2), 10: (2, 2)}
t_type about to use: 1
h_type: 2
shift dict: {0: 0, 1: 188, 2: 746}
count dict: Counter({2: 940, 1: 558, 0: 188})
Generated 899 negative samples for edge type 6
Epoch 00003, Step00000 | Train_Loss: 0.6665 | Time: 0.0219
Epoch 00003 | Val_Loss 0.6605 | Time(s) 0.0084
Validation loss decreased (0.683579 --> 0.660496).  Saving model ...
Getting training negative samples for edge types: [6]
nodes.shift keys: [0, 1, 2]
nodes.count keys: [0, 1, 2]
links.meta: {6: (2, 1), 3: (1, 0), 5: (2, 2), 7: (1, 1), 4: (1, 1), 8: (2, 2), 0: (1, 1), 2: (2, 2), 1: (2, 2), 9: (2, 2), 10: (2, 2)}
t_type about to use: 1
h_type: 2
shift dict: {0: 0, 1: 188, 2: 746}
count dict: Counter({2: 940, 1: 558, 0: 188})
Generated 899 negative samples for edge type 6
Epoch 00004, Step00000 | Train_Loss: 0.6572 | Time: 0.0278
Epoch 00004 | Val_Loss 0.6829 | Time(s) 0.0085
EarlyStopping counter: 1 out of 40
Getting training negative samples for edge types: [6]
nodes.shift keys: [0, 1, 2]
nodes.count keys: [0, 1, 2]
links.meta: {6: (2, 1), 3: (1, 0), 5: (2, 2), 7: (1, 1), 4: (1, 1), 8: (2, 2), 0: (1, 1), 2: (2, 2), 1: (2, 2), 9: (2, 2), 10: (2, 2)}
t_type about to use: 1
h_type: 2
shift dict: {0: 0, 1: 188, 2: 746}
count dict: Counter({2: 940, 1: 558, 0: 188})
Generated 899 negative samples for edge type 6
Epoch 00005, Step00000 | Train_Loss: 0.6442 | Time: 0.0210
Epoch 00005 | Val_Loss 0.6784 | Time(s) 0.0085
EarlyStopping counter: 2 out of 40
Getting training negative samples for edge types: [6]
nodes.shift keys: [0, 1, 2]
nodes.count keys: [0, 1, 2]
links.meta: {6: (2, 1), 3: (1, 0), 5: (2, 2), 7: (1, 1), 4: (1, 1), 8: (2, 2), 0: (1, 1), 2: (2, 2), 1: (2, 2), 9: (2, 2), 10: (2, 2)}
t_type about to use: 1
h_type: 2
shift dict: {0: 0, 1: 188, 2: 746}
count dict: Counter({2: 940, 1: 558, 0: 188})
Generated 899 negative samples for edge type 6
Epoch 00006, Step00000 | Train_Loss: 0.6357 | Time: 0.0203
Epoch 00006 | Val_Loss 0.7020 | Time(s) 0.0085
EarlyStopping counter: 3 out of 40
Getting training negative samples for edge types: [6]
nodes.shift keys: [0, 1, 2]
nodes.count keys: [0, 1, 2]
links.meta: {6: (2, 1), 3: (1, 0), 5: (2, 2), 7: (1, 1), 4: (1, 1), 8: (2, 2), 0: (1, 1), 2: (2, 2), 1: (2, 2), 9: (2, 2), 10: (2, 2)}
t_type about to use: 1
h_type: 2
shift dict: {0: 0, 1: 188, 2: 746}
count dict: Counter({2: 940, 1: 558, 0: 188})
Generated 899 negative samples for edge type 6
Epoch 00007, Step00000 | Train_Loss: 0.6276 | Time: 0.0201
Epoch 00007 | Val_Loss 0.6828 | Time(s) 0.0078
EarlyStopping counter: 4 out of 40
Getting training negative samples for edge types: [6]
nodes.shift keys: [0, 1, 2]
nodes.count keys: [0, 1, 2]
links.meta: {6: (2, 1), 3: (1, 0), 5: (2, 2), 7: (1, 1), 4: (1, 1), 8: (2, 2), 0: (1, 1), 2: (2, 2), 1: (2, 2), 9: (2, 2), 10: (2, 2)}
t_type about to use: 1
h_type: 2
shift dict: {0: 0, 1: 188, 2: 746}
count dict: Counter({2: 940, 1: 558, 0: 188})
Generated 899 negative samples for edge type 6
Epoch 00008, Step00000 | Train_Loss: 0.6177 | Time: 0.0210
Epoch 00008 | Val_Loss 0.7182 | Time(s) 0.0084
EarlyStopping counter: 5 out of 40
Getting training negative samples for edge types: [6]
nodes.shift keys: [0, 1, 2]
nodes.count keys: [0, 1, 2]
links.meta: {6: (2, 1), 3: (1, 0), 5: (2, 2), 7: (1, 1), 4: (1, 1), 8: (2, 2), 0: (1, 1), 2: (2, 2), 1: (2, 2), 9: (2, 2), 10: (2, 2)}
t_type about to use: 1
h_type: 2
shift dict: {0: 0, 1: 188, 2: 746}
count dict: Counter({2: 940, 1: 558, 0: 188})
Generated 899 negative samples for edge type 6
Epoch 00009, Step00000 | Train_Loss: 0.6081 | Time: 0.0206
Epoch 00009 | Val_Loss 0.6855 | Time(s) 0.0079
EarlyStopping counter: 6 out of 40
Getting training negative samples for edge types: [6]
nodes.shift keys: [0, 1, 2]
nodes.count keys: [0, 1, 2]
links.meta: {6: (2, 1), 3: (1, 0), 5: (2, 2), 7: (1, 1), 4: (1, 1), 8: (2, 2), 0: (1, 1), 2: (2, 2), 1: (2, 2), 9: (2, 2), 10: (2, 2)}
t_type about to use: 1
h_type: 2
shift dict: {0: 0, 1: 188, 2: 746}
count dict: Counter({2: 940, 1: 558, 0: 188})
Generated 899 negative samples for edge type 6
Epoch 00010, Step00000 | Train_Loss: 0.5991 | Time: 0.0205
Epoch 00010 | Val_Loss 0.7091 | Time(s) 0.0083
EarlyStopping counter: 7 out of 40
Getting training negative samples for edge types: [6]
nodes.shift keys: [0, 1, 2]
nodes.count keys: [0, 1, 2]
links.meta: {6: (2, 1), 3: (1, 0), 5: (2, 2), 7: (1, 1), 4: (1, 1), 8: (2, 2), 0: (1, 1), 2: (2, 2), 1: (2, 2), 9: (2, 2), 10: (2, 2)}
t_type about to use: 1
h_type: 2
shift dict: {0: 0, 1: 188, 2: 746}
count dict: Counter({2: 940, 1: 558, 0: 188})
Generated 899 negative samples for edge type 6
Epoch 00011, Step00000 | Train_Loss: 0.5844 | Time: 0.0210
Epoch 00011 | Val_Loss 0.7548 | Time(s) 0.0083
EarlyStopping counter: 8 out of 40
Getting training negative samples for edge types: [6]
nodes.shift keys: [0, 1, 2]
nodes.count keys: [0, 1, 2]
links.meta: {6: (2, 1), 3: (1, 0), 5: (2, 2), 7: (1, 1), 4: (1, 1), 8: (2, 2), 0: (1, 1), 2: (2, 2), 1: (2, 2), 9: (2, 2), 10: (2, 2)}
t_type about to use: 1
h_type: 2
shift dict: {0: 0, 1: 188, 2: 746}
count dict: Counter({2: 940, 1: 558, 0: 188})
Generated 899 negative samples for edge type 6
Epoch 00012, Step00000 | Train_Loss: 0.5754 | Time: 0.0198
Epoch 00012 | Val_Loss 0.8258 | Time(s) 0.0086
EarlyStopping counter: 9 out of 40
Getting training negative samples for edge types: [6]
nodes.shift keys: [0, 1, 2]
nodes.count keys: [0, 1, 2]
links.meta: {6: (2, 1), 3: (1, 0), 5: (2, 2), 7: (1, 1), 4: (1, 1), 8: (2, 2), 0: (1, 1), 2: (2, 2), 1: (2, 2), 9: (2, 2), 10: (2, 2)}
t_type about to use: 1
h_type: 2
shift dict: {0: 0, 1: 188, 2: 746}
count dict: Counter({2: 940, 1: 558, 0: 188})
Generated 899 negative samples for edge type 6
Epoch 00013, Step00000 | Train_Loss: 0.5756 | Time: 0.0209
Epoch 00013 | Val_Loss 0.8645 | Time(s) 0.0084
EarlyStopping counter: 10 out of 40
Getting training negative samples for edge types: [6]
nodes.shift keys: [0, 1, 2]
nodes.count keys: [0, 1, 2]
links.meta: {6: (2, 1), 3: (1, 0), 5: (2, 2), 7: (1, 1), 4: (1, 1), 8: (2, 2), 0: (1, 1), 2: (2, 2), 1: (2, 2), 9: (2, 2), 10: (2, 2)}
t_type about to use: 1
h_type: 2
shift dict: {0: 0, 1: 188, 2: 746}
count dict: Counter({2: 940, 1: 558, 0: 188})
Generated 899 negative samples for edge type 6
Epoch 00014, Step00000 | Train_Loss: 0.5652 | Time: 0.0215
Epoch 00014 | Val_Loss 0.8220 | Time(s) 0.0084
EarlyStopping counter: 11 out of 40
Getting training negative samples for edge types: [6]
nodes.shift keys: [0, 1, 2]
nodes.count keys: [0, 1, 2]
links.meta: {6: (2, 1), 3: (1, 0), 5: (2, 2), 7: (1, 1), 4: (1, 1), 8: (2, 2), 0: (1, 1), 2: (2, 2), 1: (2, 2), 9: (2, 2), 10: (2, 2)}
t_type about to use: 1
h_type: 2
shift dict: {0: 0, 1: 188, 2: 746}
count dict: Counter({2: 940, 1: 558, 0: 188})
Generated 899 negative samples for edge type 6
Epoch 00015, Step00000 | Train_Loss: 0.5684 | Time: 0.0206
Epoch 00015 | Val_Loss 0.8660 | Time(s) 0.0083
EarlyStopping counter: 12 out of 40
Getting training negative samples for edge types: [6]
nodes.shift keys: [0, 1, 2]
nodes.count keys: [0, 1, 2]
links.meta: {6: (2, 1), 3: (1, 0), 5: (2, 2), 7: (1, 1), 4: (1, 1), 8: (2, 2), 0: (1, 1), 2: (2, 2), 1: (2, 2), 9: (2, 2), 10: (2, 2)}
t_type about to use: 1
h_type: 2
shift dict: {0: 0, 1: 188, 2: 746}
count dict: Counter({2: 940, 1: 558, 0: 188})
Generated 899 negative samples for edge type 6
Epoch 00016, Step00000 | Train_Loss: 0.5722 | Time: 0.0209
Epoch 00016 | Val_Loss 0.9492 | Time(s) 0.0071
EarlyStopping counter: 13 out of 40
Getting training negative samples for edge types: [6]
nodes.shift keys: [0, 1, 2]
nodes.count keys: [0, 1, 2]
links.meta: {6: (2, 1), 3: (1, 0), 5: (2, 2), 7: (1, 1), 4: (1, 1), 8: (2, 2), 0: (1, 1), 2: (2, 2), 1: (2, 2), 9: (2, 2), 10: (2, 2)}
t_type about to use: 1
h_type: 2
shift dict: {0: 0, 1: 188, 2: 746}
count dict: Counter({2: 940, 1: 558, 0: 188})
Generated 899 negative samples for edge type 6
Epoch 00017, Step00000 | Train_Loss: 0.5403 | Time: 0.0200
Epoch 00017 | Val_Loss 0.9506 | Time(s) 0.0076
EarlyStopping counter: 14 out of 40
Getting training negative samples for edge types: [6]
nodes.shift keys: [0, 1, 2]
nodes.count keys: [0, 1, 2]
links.meta: {6: (2, 1), 3: (1, 0), 5: (2, 2), 7: (1, 1), 4: (1, 1), 8: (2, 2), 0: (1, 1), 2: (2, 2), 1: (2, 2), 9: (2, 2), 10: (2, 2)}
t_type about to use: 1
h_type: 2
shift dict: {0: 0, 1: 188, 2: 746}
count dict: Counter({2: 940, 1: 558, 0: 188})
Generated 899 negative samples for edge type 6
Epoch 00018, Step00000 | Train_Loss: 0.5519 | Time: 0.0204
Epoch 00018 | Val_Loss 1.0093 | Time(s) 0.0091
EarlyStopping counter: 15 out of 40
Getting training negative samples for edge types: [6]
nodes.shift keys: [0, 1, 2]
nodes.count keys: [0, 1, 2]
links.meta: {6: (2, 1), 3: (1, 0), 5: (2, 2), 7: (1, 1), 4: (1, 1), 8: (2, 2), 0: (1, 1), 2: (2, 2), 1: (2, 2), 9: (2, 2), 10: (2, 2)}
t_type about to use: 1
h_type: 2
shift dict: {0: 0, 1: 188, 2: 746}
count dict: Counter({2: 940, 1: 558, 0: 188})
Generated 899 negative samples for edge type 6
Epoch 00019, Step00000 | Train_Loss: 0.5423 | Time: 0.0199
Epoch 00019 | Val_Loss 0.9103 | Time(s) 0.0115
EarlyStopping counter: 16 out of 40
Getting training negative samples for edge types: [6]
nodes.shift keys: [0, 1, 2]
nodes.count keys: [0, 1, 2]
links.meta: {6: (2, 1), 3: (1, 0), 5: (2, 2), 7: (1, 1), 4: (1, 1), 8: (2, 2), 0: (1, 1), 2: (2, 2), 1: (2, 2), 9: (2, 2), 10: (2, 2)}
t_type about to use: 1
h_type: 2
shift dict: {0: 0, 1: 188, 2: 746}
count dict: Counter({2: 940, 1: 558, 0: 188})
Generated 899 negative samples for edge type 6
Epoch 00020, Step00000 | Train_Loss: 0.5406 | Time: 0.0238
Epoch 00020 | Val_Loss 0.9494 | Time(s) 0.0091
EarlyStopping counter: 17 out of 40
Getting training negative samples for edge types: [6]
nodes.shift keys: [0, 1, 2]
nodes.count keys: [0, 1, 2]
links.meta: {6: (2, 1), 3: (1, 0), 5: (2, 2), 7: (1, 1), 4: (1, 1), 8: (2, 2), 0: (1, 1), 2: (2, 2), 1: (2, 2), 9: (2, 2), 10: (2, 2)}
t_type about to use: 1
h_type: 2
shift dict: {0: 0, 1: 188, 2: 746}
count dict: Counter({2: 940, 1: 558, 0: 188})
Generated 899 negative samples for edge type 6
Epoch 00021, Step00000 | Train_Loss: 0.5426 | Time: 0.0223
Epoch 00021 | Val_Loss 1.0883 | Time(s) 0.0095
EarlyStopping counter: 18 out of 40
Getting training negative samples for edge types: [6]
nodes.shift keys: [0, 1, 2]
nodes.count keys: [0, 1, 2]
links.meta: {6: (2, 1), 3: (1, 0), 5: (2, 2), 7: (1, 1), 4: (1, 1), 8: (2, 2), 0: (1, 1), 2: (2, 2), 1: (2, 2), 9: (2, 2), 10: (2, 2)}
t_type about to use: 1
h_type: 2
shift dict: {0: 0, 1: 188, 2: 746}
count dict: Counter({2: 940, 1: 558, 0: 188})
Generated 899 negative samples for edge type 6
Epoch 00022, Step00000 | Train_Loss: 0.5344 | Time: 0.0226
Epoch 00022 | Val_Loss 1.0964 | Time(s) 0.0074
EarlyStopping counter: 19 out of 40
Getting training negative samples for edge types: [6]
nodes.shift keys: [0, 1, 2]
nodes.count keys: [0, 1, 2]
links.meta: {6: (2, 1), 3: (1, 0), 5: (2, 2), 7: (1, 1), 4: (1, 1), 8: (2, 2), 0: (1, 1), 2: (2, 2), 1: (2, 2), 9: (2, 2), 10: (2, 2)}
t_type about to use: 1
h_type: 2
shift dict: {0: 0, 1: 188, 2: 746}
count dict: Counter({2: 940, 1: 558, 0: 188})
Generated 899 negative samples for edge type 6
Epoch 00023, Step00000 | Train_Loss: 0.5428 | Time: 0.0219
Epoch 00023 | Val_Loss 1.0349 | Time(s) 0.0081
EarlyStopping counter: 20 out of 40
Getting training negative samples for edge types: [6]
nodes.shift keys: [0, 1, 2]
nodes.count keys: [0, 1, 2]
links.meta: {6: (2, 1), 3: (1, 0), 5: (2, 2), 7: (1, 1), 4: (1, 1), 8: (2, 2), 0: (1, 1), 2: (2, 2), 1: (2, 2), 9: (2, 2), 10: (2, 2)}
t_type about to use: 1
h_type: 2
shift dict: {0: 0, 1: 188, 2: 746}
count dict: Counter({2: 940, 1: 558, 0: 188})
Generated 899 negative samples for edge type 6
Epoch 00024, Step00000 | Train_Loss: 0.5208 | Time: 0.0262
Epoch 00024 | Val_Loss 1.0137 | Time(s) 0.0095
EarlyStopping counter: 21 out of 40
Getting training negative samples for edge types: [6]
nodes.shift keys: [0, 1, 2]
nodes.count keys: [0, 1, 2]
links.meta: {6: (2, 1), 3: (1, 0), 5: (2, 2), 7: (1, 1), 4: (1, 1), 8: (2, 2), 0: (1, 1), 2: (2, 2), 1: (2, 2), 9: (2, 2), 10: (2, 2)}
t_type about to use: 1
h_type: 2
shift dict: {0: 0, 1: 188, 2: 746}
count dict: Counter({2: 940, 1: 558, 0: 188})
Generated 899 negative samples for edge type 6
Epoch 00025, Step00000 | Train_Loss: 0.5343 | Time: 0.0213
Epoch 00025 | Val_Loss 1.0355 | Time(s) 0.0086
EarlyStopping counter: 22 out of 40
Getting training negative samples for edge types: [6]
nodes.shift keys: [0, 1, 2]
nodes.count keys: [0, 1, 2]
links.meta: {6: (2, 1), 3: (1, 0), 5: (2, 2), 7: (1, 1), 4: (1, 1), 8: (2, 2), 0: (1, 1), 2: (2, 2), 1: (2, 2), 9: (2, 2), 10: (2, 2)}
t_type about to use: 1
h_type: 2
shift dict: {0: 0, 1: 188, 2: 746}
count dict: Counter({2: 940, 1: 558, 0: 188})
Generated 899 negative samples for edge type 6
Epoch 00026, Step00000 | Train_Loss: 0.5319 | Time: 0.0206
Epoch 00026 | Val_Loss 1.0767 | Time(s) 0.0078
EarlyStopping counter: 23 out of 40
Getting training negative samples for edge types: [6]
nodes.shift keys: [0, 1, 2]
nodes.count keys: [0, 1, 2]
links.meta: {6: (2, 1), 3: (1, 0), 5: (2, 2), 7: (1, 1), 4: (1, 1), 8: (2, 2), 0: (1, 1), 2: (2, 2), 1: (2, 2), 9: (2, 2), 10: (2, 2)}
t_type about to use: 1
h_type: 2
shift dict: {0: 0, 1: 188, 2: 746}
count dict: Counter({2: 940, 1: 558, 0: 188})
Generated 899 negative samples for edge type 6
Epoch 00027, Step00000 | Train_Loss: 0.5417 | Time: 0.0206
Epoch 00027 | Val_Loss 1.0810 | Time(s) 0.0086
EarlyStopping counter: 24 out of 40
Getting training negative samples for edge types: [6]
nodes.shift keys: [0, 1, 2]
nodes.count keys: [0, 1, 2]
links.meta: {6: (2, 1), 3: (1, 0), 5: (2, 2), 7: (1, 1), 4: (1, 1), 8: (2, 2), 0: (1, 1), 2: (2, 2), 1: (2, 2), 9: (2, 2), 10: (2, 2)}
t_type about to use: 1
h_type: 2
shift dict: {0: 0, 1: 188, 2: 746}
count dict: Counter({2: 940, 1: 558, 0: 188})
Generated 899 negative samples for edge type 6
Epoch 00028, Step00000 | Train_Loss: 0.5197 | Time: 0.0213
Epoch 00028 | Val_Loss 1.0552 | Time(s) 0.0087
EarlyStopping counter: 25 out of 40
Getting training negative samples for edge types: [6]
nodes.shift keys: [0, 1, 2]
nodes.count keys: [0, 1, 2]
links.meta: {6: (2, 1), 3: (1, 0), 5: (2, 2), 7: (1, 1), 4: (1, 1), 8: (2, 2), 0: (1, 1), 2: (2, 2), 1: (2, 2), 9: (2, 2), 10: (2, 2)}
t_type about to use: 1
h_type: 2
shift dict: {0: 0, 1: 188, 2: 746}
count dict: Counter({2: 940, 1: 558, 0: 188})
Generated 899 negative samples for edge type 6
Epoch 00029, Step00000 | Train_Loss: 0.5219 | Time: 0.0245
Epoch 00029 | Val_Loss 1.0360 | Time(s) 0.0098
EarlyStopping counter: 26 out of 40
Getting training negative samples for edge types: [6]
nodes.shift keys: [0, 1, 2]
nodes.count keys: [0, 1, 2]
links.meta: {6: (2, 1), 3: (1, 0), 5: (2, 2), 7: (1, 1), 4: (1, 1), 8: (2, 2), 0: (1, 1), 2: (2, 2), 1: (2, 2), 9: (2, 2), 10: (2, 2)}
t_type about to use: 1
h_type: 2
shift dict: {0: 0, 1: 188, 2: 746}
count dict: Counter({2: 940, 1: 558, 0: 188})
Generated 899 negative samples for edge type 6
Epoch 00030, Step00000 | Train_Loss: 0.5314 | Time: 0.0214
Epoch 00030 | Val_Loss 0.9835 | Time(s) 0.0092
EarlyStopping counter: 27 out of 40
Getting training negative samples for edge types: [6]
nodes.shift keys: [0, 1, 2]
nodes.count keys: [0, 1, 2]
links.meta: {6: (2, 1), 3: (1, 0), 5: (2, 2), 7: (1, 1), 4: (1, 1), 8: (2, 2), 0: (1, 1), 2: (2, 2), 1: (2, 2), 9: (2, 2), 10: (2, 2)}
t_type about to use: 1
h_type: 2
shift dict: {0: 0, 1: 188, 2: 746}
count dict: Counter({2: 940, 1: 558, 0: 188})
Generated 899 negative samples for edge type 6
Epoch 00031, Step00000 | Train_Loss: 0.5139 | Time: 0.0199
Epoch 00031 | Val_Loss 1.0217 | Time(s) 0.0085
EarlyStopping counter: 28 out of 40
Getting training negative samples for edge types: [6]
nodes.shift keys: [0, 1, 2]
nodes.count keys: [0, 1, 2]
links.meta: {6: (2, 1), 3: (1, 0), 5: (2, 2), 7: (1, 1), 4: (1, 1), 8: (2, 2), 0: (1, 1), 2: (2, 2), 1: (2, 2), 9: (2, 2), 10: (2, 2)}
t_type about to use: 1
h_type: 2
shift dict: {0: 0, 1: 188, 2: 746}
count dict: Counter({2: 940, 1: 558, 0: 188})
Generated 899 negative samples for edge type 6
Epoch 00032, Step00000 | Train_Loss: 0.5110 | Time: 0.0204
Epoch 00032 | Val_Loss 1.0262 | Time(s) 0.0085
EarlyStopping counter: 29 out of 40
Getting training negative samples for edge types: [6]
nodes.shift keys: [0, 1, 2]
nodes.count keys: [0, 1, 2]
links.meta: {6: (2, 1), 3: (1, 0), 5: (2, 2), 7: (1, 1), 4: (1, 1), 8: (2, 2), 0: (1, 1), 2: (2, 2), 1: (2, 2), 9: (2, 2), 10: (2, 2)}
t_type about to use: 1
h_type: 2
shift dict: {0: 0, 1: 188, 2: 746}
count dict: Counter({2: 940, 1: 558, 0: 188})
Generated 899 negative samples for edge type 6
Epoch 00033, Step00000 | Train_Loss: 0.5210 | Time: 0.0206
Epoch 00033 | Val_Loss 1.0582 | Time(s) 0.0085
EarlyStopping counter: 30 out of 40
Getting training negative samples for edge types: [6]
nodes.shift keys: [0, 1, 2]
nodes.count keys: [0, 1, 2]
links.meta: {6: (2, 1), 3: (1, 0), 5: (2, 2), 7: (1, 1), 4: (1, 1), 8: (2, 2), 0: (1, 1), 2: (2, 2), 1: (2, 2), 9: (2, 2), 10: (2, 2)}
t_type about to use: 1
h_type: 2
shift dict: {0: 0, 1: 188, 2: 746}
count dict: Counter({2: 940, 1: 558, 0: 188})
Generated 899 negative samples for edge type 6
Epoch 00034, Step00000 | Train_Loss: 0.5320 | Time: 0.0205
Epoch 00034 | Val_Loss 1.0153 | Time(s) 0.0092
EarlyStopping counter: 31 out of 40
Getting training negative samples for edge types: [6]
nodes.shift keys: [0, 1, 2]
nodes.count keys: [0, 1, 2]
links.meta: {6: (2, 1), 3: (1, 0), 5: (2, 2), 7: (1, 1), 4: (1, 1), 8: (2, 2), 0: (1, 1), 2: (2, 2), 1: (2, 2), 9: (2, 2), 10: (2, 2)}
t_type about to use: 1
h_type: 2
shift dict: {0: 0, 1: 188, 2: 746}
count dict: Counter({2: 940, 1: 558, 0: 188})
Generated 899 negative samples for edge type 6
Epoch 00035, Step00000 | Train_Loss: 0.5401 | Time: 0.0206
Epoch 00035 | Val_Loss 1.0043 | Time(s) 0.0082
EarlyStopping counter: 32 out of 40
Getting training negative samples for edge types: [6]
nodes.shift keys: [0, 1, 2]
nodes.count keys: [0, 1, 2]
links.meta: {6: (2, 1), 3: (1, 0), 5: (2, 2), 7: (1, 1), 4: (1, 1), 8: (2, 2), 0: (1, 1), 2: (2, 2), 1: (2, 2), 9: (2, 2), 10: (2, 2)}
t_type about to use: 1
h_type: 2
shift dict: {0: 0, 1: 188, 2: 746}
count dict: Counter({2: 940, 1: 558, 0: 188})
Generated 899 negative samples for edge type 6
Epoch 00036, Step00000 | Train_Loss: 0.5243 | Time: 0.0204
Epoch 00036 | Val_Loss 0.8880 | Time(s) 0.0078
EarlyStopping counter: 33 out of 40
Getting training negative samples for edge types: [6]
nodes.shift keys: [0, 1, 2]
nodes.count keys: [0, 1, 2]
links.meta: {6: (2, 1), 3: (1, 0), 5: (2, 2), 7: (1, 1), 4: (1, 1), 8: (2, 2), 0: (1, 1), 2: (2, 2), 1: (2, 2), 9: (2, 2), 10: (2, 2)}
t_type about to use: 1
h_type: 2
shift dict: {0: 0, 1: 188, 2: 746}
count dict: Counter({2: 940, 1: 558, 0: 188})
Generated 899 negative samples for edge type 6
Epoch 00037, Step00000 | Train_Loss: 0.5036 | Time: 0.0200
Epoch 00037 | Val_Loss 0.9107 | Time(s) 0.0081
EarlyStopping counter: 34 out of 40
Getting training negative samples for edge types: [6]
nodes.shift keys: [0, 1, 2]
nodes.count keys: [0, 1, 2]
links.meta: {6: (2, 1), 3: (1, 0), 5: (2, 2), 7: (1, 1), 4: (1, 1), 8: (2, 2), 0: (1, 1), 2: (2, 2), 1: (2, 2), 9: (2, 2), 10: (2, 2)}
t_type about to use: 1
h_type: 2
shift dict: {0: 0, 1: 188, 2: 746}
count dict: Counter({2: 940, 1: 558, 0: 188})
Generated 899 negative samples for edge type 6
Epoch 00038, Step00000 | Train_Loss: 0.5057 | Time: 0.0199
Epoch 00038 | Val_Loss 0.9749 | Time(s) 0.0083
EarlyStopping counter: 35 out of 40
Getting training negative samples for edge types: [6]
nodes.shift keys: [0, 1, 2]
nodes.count keys: [0, 1, 2]
links.meta: {6: (2, 1), 3: (1, 0), 5: (2, 2), 7: (1, 1), 4: (1, 1), 8: (2, 2), 0: (1, 1), 2: (2, 2), 1: (2, 2), 9: (2, 2), 10: (2, 2)}
t_type about to use: 1
h_type: 2
shift dict: {0: 0, 1: 188, 2: 746}
count dict: Counter({2: 940, 1: 558, 0: 188})
Generated 899 negative samples for edge type 6
Epoch 00039, Step00000 | Train_Loss: 0.5102 | Time: 0.0201
Epoch 00039 | Val_Loss 1.0473 | Time(s) 0.0083
EarlyStopping counter: 36 out of 40
Getting training negative samples for edge types: [6]
nodes.shift keys: [0, 1, 2]
nodes.count keys: [0, 1, 2]
links.meta: {6: (2, 1), 3: (1, 0), 5: (2, 2), 7: (1, 1), 4: (1, 1), 8: (2, 2), 0: (1, 1), 2: (2, 2), 1: (2, 2), 9: (2, 2), 10: (2, 2)}
t_type about to use: 1
h_type: 2
shift dict: {0: 0, 1: 188, 2: 746}
count dict: Counter({2: 940, 1: 558, 0: 188})
Generated 899 negative samples for edge type 6
Epoch 00040, Step00000 | Train_Loss: 0.5048 | Time: 0.0203
Epoch 00040 | Val_Loss 0.9535 | Time(s) 0.0083
EarlyStopping counter: 37 out of 40
Getting training negative samples for edge types: [6]
nodes.shift keys: [0, 1, 2]
nodes.count keys: [0, 1, 2]
links.meta: {6: (2, 1), 3: (1, 0), 5: (2, 2), 7: (1, 1), 4: (1, 1), 8: (2, 2), 0: (1, 1), 2: (2, 2), 1: (2, 2), 9: (2, 2), 10: (2, 2)}
t_type about to use: 1
h_type: 2
shift dict: {0: 0, 1: 188, 2: 746}
count dict: Counter({2: 940, 1: 558, 0: 188})
Generated 899 negative samples for edge type 6
Epoch 00041, Step00000 | Train_Loss: 0.5106 | Time: 0.0195
Epoch 00041 | Val_Loss 1.0339 | Time(s) 0.0085
EarlyStopping counter: 38 out of 40
Getting training negative samples for edge types: [6]
nodes.shift keys: [0, 1, 2]
nodes.count keys: [0, 1, 2]
links.meta: {6: (2, 1), 3: (1, 0), 5: (2, 2), 7: (1, 1), 4: (1, 1), 8: (2, 2), 0: (1, 1), 2: (2, 2), 1: (2, 2), 9: (2, 2), 10: (2, 2)}
t_type about to use: 1
h_type: 2
shift dict: {0: 0, 1: 188, 2: 746}
count dict: Counter({2: 940, 1: 558, 0: 188})
Generated 899 negative samples for edge type 6
Epoch 00042, Step00000 | Train_Loss: 0.4872 | Time: 0.0206
Epoch 00042 | Val_Loss 1.1562 | Time(s) 0.0088
EarlyStopping counter: 39 out of 40
Getting training negative samples for edge types: [6]
nodes.shift keys: [0, 1, 2]
nodes.count keys: [0, 1, 2]
links.meta: {6: (2, 1), 3: (1, 0), 5: (2, 2), 7: (1, 1), 4: (1, 1), 8: (2, 2), 0: (1, 1), 2: (2, 2), 1: (2, 2), 9: (2, 2), 10: (2, 2)}
t_type about to use: 1
h_type: 2
shift dict: {0: 0, 1: 188, 2: 746}
count dict: Counter({2: 940, 1: 558, 0: 188})
Generated 899 negative samples for edge type 6
Epoch 00043, Step00000 | Train_Loss: 0.5087 | Time: 0.0220
Epoch 00043 | Val_Loss 1.1213 | Time(s) 0.0087
EarlyStopping counter: 40 out of 40
Early stopping!
Early stopping!
Meta keys: dict_keys([6])
Data keys: dict_keys([6])
Edge type: 6, Meta: (2, 1)
{'roc_auc': 0.5149176954732511, 'MRR': 0.7486491050320837}
{'roc_auc': 0.634879506850243, 'MRR': 0.7890070921985816}
defaultdict(<class 'float'>, {'roc_auc': 0.5149176954732511, 'MRR': 0.7486491050320837})
defaultdict(<class 'float'>, {'roc_auc': 0.634879506850243, 'MRR': 0.7890070921985816})
Completed: amazon_style_cct_features_securebert_fold_1

--------------------------------------
Running model: SimpleHGN
Dataset: amazon_style_cct_features_securebert_fold_2
--------------------------------------
Data path: ../../data/amazon_style_cct_features_securebert_fold_2
Loading nodes from ../../data/amazon_style_cct_features_securebert_fold_2/node.dat
edge types: dict_keys([5, 6, 7, 2, 8, 0, 3, 4, 1, 10, 9])
Getting training negative samples for edge types: [6]
nodes.shift keys: [0, 1, 2]
nodes.count keys: [0, 1, 2]
links.meta: {5: (2, 2), 6: (2, 1), 7: (1, 1), 2: (2, 2), 8: (2, 2), 0: (1, 1), 3: (1, 0), 4: (1, 1), 1: (2, 2), 10: (2, 2), 9: (2, 2)}
t_type about to use: 1
h_type: 2
shift dict: {0: 0, 1: 188, 2: 746}
count dict: Counter({2: 940, 1: 558, 0: 188})
Generated 912 negative samples for edge type 6
Features List: [array([[ 0.00445206,  0.01268557,  0.22351578, ..., -0.28678206,
        -0.37460288,  0.18294938],
       [-0.18744846,  0.07075578,  0.0476894 , ..., -0.2232531 ,
        -0.19588573,  0.47988179],
       [-0.17451471, -0.04557271,  0.15712288, ..., -0.05391889,
        -0.20500693,  0.23744845],
       ...,
       [-0.40584856,  0.04715464,  0.24475315, ..., -0.12466257,
        -0.2035536 ,  0.28577447],
       [-0.18835557,  0.03822717,  0.03586731, ..., -0.23435652,
        -0.35453227,  0.38753107],
       [-0.13632202,  0.14362322,  0.08668749, ..., -0.24145249,
        -0.25799868,  0.26464131]]), array([[ 0.00791158, -0.00538086, -0.02676104, ..., -0.01897389,
        -0.01306979, -0.00084801],
       [ 0.01682901, -0.00649696, -0.01921631, ..., -0.01401017,
        -0.0039668 , -0.02202195],
       [ 0.02197852, -0.01403735, -0.05225722, ...,  0.02019661,
         0.00528841,  0.0033033 ],
       ...,
       [ 0.01603197,  0.00716993, -0.01245602, ..., -0.01399604,
        -0.00058955, -0.0256807 ],
       [ 0.01039577,  0.02045547, -0.02146293, ...,  0.01017929,
         0.02390171,  0.00134994],
       [ 0.00462414,  0.0041195 , -0.0135733 , ..., -0.01101827,
         0.00813001,  0.0203817 ]]), array([[ 0.00087804,  0.00658507, -0.02514569, ..., -0.04238372,
         0.00850771, -0.02565438],
       [-0.0006986 ,  0.01542003, -0.03227317, ..., -0.01301633,
         0.01559736, -0.03614859],
       [-0.01135348,  0.00974955, -0.01812623, ..., -0.01920343,
         0.00887381, -0.0152928 ],
       ...,
       [ 0.00701895, -0.01539859, -0.03025482, ..., -0.03644368,
         0.01254067, -0.0236606 ],
       [-0.00414097,  0.00144739, -0.05197839, ...,  0.00216818,
         0.02755725, -0.03143983],
       [ 0.01779867, -0.02493452, -0.0391779 , ..., -0.01159797,
        -0.00619852, -0.02449675]])]
Getting training negative samples for edge types: [6]
nodes.shift keys: [0, 1, 2]
nodes.count keys: [0, 1, 2]
links.meta: {5: (2, 2), 6: (2, 1), 7: (1, 1), 2: (2, 2), 8: (2, 2), 0: (1, 1), 3: (1, 0), 4: (1, 1), 1: (2, 2), 10: (2, 2), 9: (2, 2)}
t_type about to use: 1
h_type: 2
shift dict: {0: 0, 1: 188, 2: 746}
count dict: Counter({2: 940, 1: 558, 0: 188})
Generated 912 negative samples for edge type 6
Epoch 00000, Step00000 | Train_Loss: 0.6924 | Time: 0.5174
Epoch 00000 | Val_Loss 0.6857 | Time(s) 0.0075
Validation loss decreased (inf --> 0.685697).  Saving model ...
Getting training negative samples for edge types: [6]
nodes.shift keys: [0, 1, 2]
nodes.count keys: [0, 1, 2]
links.meta: {5: (2, 2), 6: (2, 1), 7: (1, 1), 2: (2, 2), 8: (2, 2), 0: (1, 1), 3: (1, 0), 4: (1, 1), 1: (2, 2), 10: (2, 2), 9: (2, 2)}
t_type about to use: 1
h_type: 2
shift dict: {0: 0, 1: 188, 2: 746}
count dict: Counter({2: 940, 1: 558, 0: 188})
Generated 912 negative samples for edge type 6
Epoch 00001, Step00000 | Train_Loss: 0.6825 | Time: 0.0274
Epoch 00001 | Val_Loss 0.6828 | Time(s) 0.0086
Validation loss decreased (0.685697 --> 0.682792).  Saving model ...
Getting training negative samples for edge types: [6]
nodes.shift keys: [0, 1, 2]
nodes.count keys: [0, 1, 2]
links.meta: {5: (2, 2), 6: (2, 1), 7: (1, 1), 2: (2, 2), 8: (2, 2), 0: (1, 1), 3: (1, 0), 4: (1, 1), 1: (2, 2), 10: (2, 2), 9: (2, 2)}
t_type about to use: 1
h_type: 2
shift dict: {0: 0, 1: 188, 2: 746}
count dict: Counter({2: 940, 1: 558, 0: 188})
Generated 912 negative samples for edge type 6
Epoch 00002, Step00000 | Train_Loss: 0.6735 | Time: 0.0266
Epoch 00002 | Val_Loss 0.6645 | Time(s) 0.0078
Validation loss decreased (0.682792 --> 0.664498).  Saving model ...
Getting training negative samples for edge types: [6]
nodes.shift keys: [0, 1, 2]
nodes.count keys: [0, 1, 2]
links.meta: {5: (2, 2), 6: (2, 1), 7: (1, 1), 2: (2, 2), 8: (2, 2), 0: (1, 1), 3: (1, 0), 4: (1, 1), 1: (2, 2), 10: (2, 2), 9: (2, 2)}
t_type about to use: 1
h_type: 2
shift dict: {0: 0, 1: 188, 2: 746}
count dict: Counter({2: 940, 1: 558, 0: 188})
Generated 912 negative samples for edge type 6
Epoch 00003, Step00000 | Train_Loss: 0.6650 | Time: 0.0201
Epoch 00003 | Val_Loss 0.6627 | Time(s) 0.0078
Validation loss decreased (0.664498 --> 0.662679).  Saving model ...
Getting training negative samples for edge types: [6]
nodes.shift keys: [0, 1, 2]
nodes.count keys: [0, 1, 2]
links.meta: {5: (2, 2), 6: (2, 1), 7: (1, 1), 2: (2, 2), 8: (2, 2), 0: (1, 1), 3: (1, 0), 4: (1, 1), 1: (2, 2), 10: (2, 2), 9: (2, 2)}
t_type about to use: 1
h_type: 2
shift dict: {0: 0, 1: 188, 2: 746}
count dict: Counter({2: 940, 1: 558, 0: 188})
Generated 912 negative samples for edge type 6
Epoch 00004, Step00000 | Train_Loss: 0.6502 | Time: 0.0196
Epoch 00004 | Val_Loss 0.6520 | Time(s) 0.0066
Validation loss decreased (0.662679 --> 0.652012).  Saving model ...
Getting training negative samples for edge types: [6]
nodes.shift keys: [0, 1, 2]
nodes.count keys: [0, 1, 2]
links.meta: {5: (2, 2), 6: (2, 1), 7: (1, 1), 2: (2, 2), 8: (2, 2), 0: (1, 1), 3: (1, 0), 4: (1, 1), 1: (2, 2), 10: (2, 2), 9: (2, 2)}
t_type about to use: 1
h_type: 2
shift dict: {0: 0, 1: 188, 2: 746}
count dict: Counter({2: 940, 1: 558, 0: 188})
Generated 912 negative samples for edge type 6
Epoch 00005, Step00000 | Train_Loss: 0.6377 | Time: 0.0205
Epoch 00005 | Val_Loss 0.6498 | Time(s) 0.0083
Validation loss decreased (0.652012 --> 0.649846).  Saving model ...
Getting training negative samples for edge types: [6]
nodes.shift keys: [0, 1, 2]
nodes.count keys: [0, 1, 2]
links.meta: {5: (2, 2), 6: (2, 1), 7: (1, 1), 2: (2, 2), 8: (2, 2), 0: (1, 1), 3: (1, 0), 4: (1, 1), 1: (2, 2), 10: (2, 2), 9: (2, 2)}
t_type about to use: 1
h_type: 2
shift dict: {0: 0, 1: 188, 2: 746}
count dict: Counter({2: 940, 1: 558, 0: 188})
Generated 912 negative samples for edge type 6
Epoch 00006, Step00000 | Train_Loss: 0.6259 | Time: 0.0260
Epoch 00006 | Val_Loss 0.6931 | Time(s) 0.0117
EarlyStopping counter: 1 out of 40
Getting training negative samples for edge types: [6]
nodes.shift keys: [0, 1, 2]
nodes.count keys: [0, 1, 2]
links.meta: {5: (2, 2), 6: (2, 1), 7: (1, 1), 2: (2, 2), 8: (2, 2), 0: (1, 1), 3: (1, 0), 4: (1, 1), 1: (2, 2), 10: (2, 2), 9: (2, 2)}
t_type about to use: 1
h_type: 2
shift dict: {0: 0, 1: 188, 2: 746}
count dict: Counter({2: 940, 1: 558, 0: 188})
Generated 912 negative samples for edge type 6
Epoch 00007, Step00000 | Train_Loss: 0.6047 | Time: 0.0219
Epoch 00007 | Val_Loss 0.6787 | Time(s) 0.0083
EarlyStopping counter: 2 out of 40
Getting training negative samples for edge types: [6]
nodes.shift keys: [0, 1, 2]
nodes.count keys: [0, 1, 2]
links.meta: {5: (2, 2), 6: (2, 1), 7: (1, 1), 2: (2, 2), 8: (2, 2), 0: (1, 1), 3: (1, 0), 4: (1, 1), 1: (2, 2), 10: (2, 2), 9: (2, 2)}
t_type about to use: 1
h_type: 2
shift dict: {0: 0, 1: 188, 2: 746}
count dict: Counter({2: 940, 1: 558, 0: 188})
Generated 912 negative samples for edge type 6
Epoch 00008, Step00000 | Train_Loss: 0.6021 | Time: 0.0207
Epoch 00008 | Val_Loss 0.7276 | Time(s) 0.0089
EarlyStopping counter: 3 out of 40
Getting training negative samples for edge types: [6]
nodes.shift keys: [0, 1, 2]
nodes.count keys: [0, 1, 2]
links.meta: {5: (2, 2), 6: (2, 1), 7: (1, 1), 2: (2, 2), 8: (2, 2), 0: (1, 1), 3: (1, 0), 4: (1, 1), 1: (2, 2), 10: (2, 2), 9: (2, 2)}
t_type about to use: 1
h_type: 2
shift dict: {0: 0, 1: 188, 2: 746}
count dict: Counter({2: 940, 1: 558, 0: 188})
Generated 912 negative samples for edge type 6
Epoch 00009, Step00000 | Train_Loss: 0.5903 | Time: 0.0204
Epoch 00009 | Val_Loss 0.7300 | Time(s) 0.0079
EarlyStopping counter: 4 out of 40
Getting training negative samples for edge types: [6]
nodes.shift keys: [0, 1, 2]
nodes.count keys: [0, 1, 2]
links.meta: {5: (2, 2), 6: (2, 1), 7: (1, 1), 2: (2, 2), 8: (2, 2), 0: (1, 1), 3: (1, 0), 4: (1, 1), 1: (2, 2), 10: (2, 2), 9: (2, 2)}
t_type about to use: 1
h_type: 2
shift dict: {0: 0, 1: 188, 2: 746}
count dict: Counter({2: 940, 1: 558, 0: 188})
Generated 912 negative samples for edge type 6
Epoch 00010, Step00000 | Train_Loss: 0.5791 | Time: 0.0202
Epoch 00010 | Val_Loss 0.8214 | Time(s) 0.0083
EarlyStopping counter: 5 out of 40
Getting training negative samples for edge types: [6]
nodes.shift keys: [0, 1, 2]
nodes.count keys: [0, 1, 2]
links.meta: {5: (2, 2), 6: (2, 1), 7: (1, 1), 2: (2, 2), 8: (2, 2), 0: (1, 1), 3: (1, 0), 4: (1, 1), 1: (2, 2), 10: (2, 2), 9: (2, 2)}
t_type about to use: 1
h_type: 2
shift dict: {0: 0, 1: 188, 2: 746}
count dict: Counter({2: 940, 1: 558, 0: 188})
Generated 912 negative samples for edge type 6
Epoch 00011, Step00000 | Train_Loss: 0.5909 | Time: 0.0209
Epoch 00011 | Val_Loss 0.8727 | Time(s) 0.0083
EarlyStopping counter: 6 out of 40
Getting training negative samples for edge types: [6]
nodes.shift keys: [0, 1, 2]
nodes.count keys: [0, 1, 2]
links.meta: {5: (2, 2), 6: (2, 1), 7: (1, 1), 2: (2, 2), 8: (2, 2), 0: (1, 1), 3: (1, 0), 4: (1, 1), 1: (2, 2), 10: (2, 2), 9: (2, 2)}
t_type about to use: 1
h_type: 2
shift dict: {0: 0, 1: 188, 2: 746}
count dict: Counter({2: 940, 1: 558, 0: 188})
Generated 912 negative samples for edge type 6
Epoch 00012, Step00000 | Train_Loss: 0.5711 | Time: 0.0193
Epoch 00012 | Val_Loss 0.8459 | Time(s) 0.0081
EarlyStopping counter: 7 out of 40
Getting training negative samples for edge types: [6]
nodes.shift keys: [0, 1, 2]
nodes.count keys: [0, 1, 2]
links.meta: {5: (2, 2), 6: (2, 1), 7: (1, 1), 2: (2, 2), 8: (2, 2), 0: (1, 1), 3: (1, 0), 4: (1, 1), 1: (2, 2), 10: (2, 2), 9: (2, 2)}
t_type about to use: 1
h_type: 2
shift dict: {0: 0, 1: 188, 2: 746}
count dict: Counter({2: 940, 1: 558, 0: 188})
Generated 912 negative samples for edge type 6
Epoch 00013, Step00000 | Train_Loss: 0.5598 | Time: 0.0201
Epoch 00013 | Val_Loss 0.9395 | Time(s) 0.0082
EarlyStopping counter: 8 out of 40
Getting training negative samples for edge types: [6]
nodes.shift keys: [0, 1, 2]
nodes.count keys: [0, 1, 2]
links.meta: {5: (2, 2), 6: (2, 1), 7: (1, 1), 2: (2, 2), 8: (2, 2), 0: (1, 1), 3: (1, 0), 4: (1, 1), 1: (2, 2), 10: (2, 2), 9: (2, 2)}
t_type about to use: 1
h_type: 2
shift dict: {0: 0, 1: 188, 2: 746}
count dict: Counter({2: 940, 1: 558, 0: 188})
Generated 912 negative samples for edge type 6
Epoch 00014, Step00000 | Train_Loss: 0.5525 | Time: 0.0210
Epoch 00014 | Val_Loss 0.9861 | Time(s) 0.0085
EarlyStopping counter: 9 out of 40
Getting training negative samples for edge types: [6]
nodes.shift keys: [0, 1, 2]
nodes.count keys: [0, 1, 2]
links.meta: {5: (2, 2), 6: (2, 1), 7: (1, 1), 2: (2, 2), 8: (2, 2), 0: (1, 1), 3: (1, 0), 4: (1, 1), 1: (2, 2), 10: (2, 2), 9: (2, 2)}
t_type about to use: 1
h_type: 2
shift dict: {0: 0, 1: 188, 2: 746}
count dict: Counter({2: 940, 1: 558, 0: 188})
Generated 912 negative samples for edge type 6
Epoch 00015, Step00000 | Train_Loss: 0.5493 | Time: 0.0198
Epoch 00015 | Val_Loss 0.9473 | Time(s) 0.0086
EarlyStopping counter: 10 out of 40
Getting training negative samples for edge types: [6]
nodes.shift keys: [0, 1, 2]
nodes.count keys: [0, 1, 2]
links.meta: {5: (2, 2), 6: (2, 1), 7: (1, 1), 2: (2, 2), 8: (2, 2), 0: (1, 1), 3: (1, 0), 4: (1, 1), 1: (2, 2), 10: (2, 2), 9: (2, 2)}
t_type about to use: 1
h_type: 2
shift dict: {0: 0, 1: 188, 2: 746}
count dict: Counter({2: 940, 1: 558, 0: 188})
Generated 912 negative samples for edge type 6
Epoch 00016, Step00000 | Train_Loss: 0.5434 | Time: 0.0211
Epoch 00016 | Val_Loss 1.0448 | Time(s) 0.0081
EarlyStopping counter: 11 out of 40
Getting training negative samples for edge types: [6]
nodes.shift keys: [0, 1, 2]
nodes.count keys: [0, 1, 2]
links.meta: {5: (2, 2), 6: (2, 1), 7: (1, 1), 2: (2, 2), 8: (2, 2), 0: (1, 1), 3: (1, 0), 4: (1, 1), 1: (2, 2), 10: (2, 2), 9: (2, 2)}
t_type about to use: 1
h_type: 2
shift dict: {0: 0, 1: 188, 2: 746}
count dict: Counter({2: 940, 1: 558, 0: 188})
Generated 912 negative samples for edge type 6
Epoch 00017, Step00000 | Train_Loss: 0.5427 | Time: 0.0194
Epoch 00017 | Val_Loss 1.0671 | Time(s) 0.0087
EarlyStopping counter: 12 out of 40
Getting training negative samples for edge types: [6]
nodes.shift keys: [0, 1, 2]
nodes.count keys: [0, 1, 2]
links.meta: {5: (2, 2), 6: (2, 1), 7: (1, 1), 2: (2, 2), 8: (2, 2), 0: (1, 1), 3: (1, 0), 4: (1, 1), 1: (2, 2), 10: (2, 2), 9: (2, 2)}
t_type about to use: 1
h_type: 2
shift dict: {0: 0, 1: 188, 2: 746}
count dict: Counter({2: 940, 1: 558, 0: 188})
Generated 912 negative samples for edge type 6
Epoch 00018, Step00000 | Train_Loss: 0.5516 | Time: 0.0198
Epoch 00018 | Val_Loss 1.0726 | Time(s) 0.0085
EarlyStopping counter: 13 out of 40
Getting training negative samples for edge types: [6]
nodes.shift keys: [0, 1, 2]
nodes.count keys: [0, 1, 2]
links.meta: {5: (2, 2), 6: (2, 1), 7: (1, 1), 2: (2, 2), 8: (2, 2), 0: (1, 1), 3: (1, 0), 4: (1, 1), 1: (2, 2), 10: (2, 2), 9: (2, 2)}
t_type about to use: 1
h_type: 2
shift dict: {0: 0, 1: 188, 2: 746}
count dict: Counter({2: 940, 1: 558, 0: 188})
Generated 912 negative samples for edge type 6
Epoch 00019, Step00000 | Train_Loss: 0.5445 | Time: 0.0214
Epoch 00019 | Val_Loss 1.0489 | Time(s) 0.0084
EarlyStopping counter: 14 out of 40
Getting training negative samples for edge types: [6]
nodes.shift keys: [0, 1, 2]
nodes.count keys: [0, 1, 2]
links.meta: {5: (2, 2), 6: (2, 1), 7: (1, 1), 2: (2, 2), 8: (2, 2), 0: (1, 1), 3: (1, 0), 4: (1, 1), 1: (2, 2), 10: (2, 2), 9: (2, 2)}
t_type about to use: 1
h_type: 2
shift dict: {0: 0, 1: 188, 2: 746}
count dict: Counter({2: 940, 1: 558, 0: 188})
Generated 912 negative samples for edge type 6
Epoch 00020, Step00000 | Train_Loss: 0.5693 | Time: 0.0201
Epoch 00020 | Val_Loss 0.9284 | Time(s) 0.0085
EarlyStopping counter: 15 out of 40
Getting training negative samples for edge types: [6]
nodes.shift keys: [0, 1, 2]
nodes.count keys: [0, 1, 2]
links.meta: {5: (2, 2), 6: (2, 1), 7: (1, 1), 2: (2, 2), 8: (2, 2), 0: (1, 1), 3: (1, 0), 4: (1, 1), 1: (2, 2), 10: (2, 2), 9: (2, 2)}
t_type about to use: 1
h_type: 2
shift dict: {0: 0, 1: 188, 2: 746}
count dict: Counter({2: 940, 1: 558, 0: 188})
Generated 912 negative samples for edge type 6
Epoch 00021, Step00000 | Train_Loss: 0.5413 | Time: 0.0220
Epoch 00021 | Val_Loss 1.0164 | Time(s) 0.0086
EarlyStopping counter: 16 out of 40
Getting training negative samples for edge types: [6]
nodes.shift keys: [0, 1, 2]
nodes.count keys: [0, 1, 2]
links.meta: {5: (2, 2), 6: (2, 1), 7: (1, 1), 2: (2, 2), 8: (2, 2), 0: (1, 1), 3: (1, 0), 4: (1, 1), 1: (2, 2), 10: (2, 2), 9: (2, 2)}
t_type about to use: 1
h_type: 2
shift dict: {0: 0, 1: 188, 2: 746}
count dict: Counter({2: 940, 1: 558, 0: 188})
Generated 912 negative samples for edge type 6
Epoch 00022, Step00000 | Train_Loss: 0.5418 | Time: 0.0200
Epoch 00022 | Val_Loss 0.9887 | Time(s) 0.0083
EarlyStopping counter: 17 out of 40
Getting training negative samples for edge types: [6]
nodes.shift keys: [0, 1, 2]
nodes.count keys: [0, 1, 2]
links.meta: {5: (2, 2), 6: (2, 1), 7: (1, 1), 2: (2, 2), 8: (2, 2), 0: (1, 1), 3: (1, 0), 4: (1, 1), 1: (2, 2), 10: (2, 2), 9: (2, 2)}
t_type about to use: 1
h_type: 2
shift dict: {0: 0, 1: 188, 2: 746}
count dict: Counter({2: 940, 1: 558, 0: 188})
Generated 912 negative samples for edge type 6
Epoch 00023, Step00000 | Train_Loss: 0.5457 | Time: 0.0206
Epoch 00023 | Val_Loss 0.9274 | Time(s) 0.0084
EarlyStopping counter: 18 out of 40
Getting training negative samples for edge types: [6]
nodes.shift keys: [0, 1, 2]
nodes.count keys: [0, 1, 2]
links.meta: {5: (2, 2), 6: (2, 1), 7: (1, 1), 2: (2, 2), 8: (2, 2), 0: (1, 1), 3: (1, 0), 4: (1, 1), 1: (2, 2), 10: (2, 2), 9: (2, 2)}
t_type about to use: 1
h_type: 2
shift dict: {0: 0, 1: 188, 2: 746}
count dict: Counter({2: 940, 1: 558, 0: 188})
Generated 912 negative samples for edge type 6
Epoch 00024, Step00000 | Train_Loss: 0.5398 | Time: 0.0199
Epoch 00024 | Val_Loss 0.9936 | Time(s) 0.0084
EarlyStopping counter: 19 out of 40
Getting training negative samples for edge types: [6]
nodes.shift keys: [0, 1, 2]
nodes.count keys: [0, 1, 2]
links.meta: {5: (2, 2), 6: (2, 1), 7: (1, 1), 2: (2, 2), 8: (2, 2), 0: (1, 1), 3: (1, 0), 4: (1, 1), 1: (2, 2), 10: (2, 2), 9: (2, 2)}
t_type about to use: 1
h_type: 2
shift dict: {0: 0, 1: 188, 2: 746}
count dict: Counter({2: 940, 1: 558, 0: 188})
Generated 912 negative samples for edge type 6
Epoch 00025, Step00000 | Train_Loss: 0.5335 | Time: 0.0199
Epoch 00025 | Val_Loss 1.0064 | Time(s) 0.0087
EarlyStopping counter: 20 out of 40
Getting training negative samples for edge types: [6]
nodes.shift keys: [0, 1, 2]
nodes.count keys: [0, 1, 2]
links.meta: {5: (2, 2), 6: (2, 1), 7: (1, 1), 2: (2, 2), 8: (2, 2), 0: (1, 1), 3: (1, 0), 4: (1, 1), 1: (2, 2), 10: (2, 2), 9: (2, 2)}
t_type about to use: 1
h_type: 2
shift dict: {0: 0, 1: 188, 2: 746}
count dict: Counter({2: 940, 1: 558, 0: 188})
Generated 912 negative samples for edge type 6
Epoch 00026, Step00000 | Train_Loss: 0.5381 | Time: 0.0203
Epoch 00026 | Val_Loss 0.9980 | Time(s) 0.0085
EarlyStopping counter: 21 out of 40
Getting training negative samples for edge types: [6]
nodes.shift keys: [0, 1, 2]
nodes.count keys: [0, 1, 2]
links.meta: {5: (2, 2), 6: (2, 1), 7: (1, 1), 2: (2, 2), 8: (2, 2), 0: (1, 1), 3: (1, 0), 4: (1, 1), 1: (2, 2), 10: (2, 2), 9: (2, 2)}
t_type about to use: 1
h_type: 2
shift dict: {0: 0, 1: 188, 2: 746}
count dict: Counter({2: 940, 1: 558, 0: 188})
Generated 912 negative samples for edge type 6
Epoch 00027, Step00000 | Train_Loss: 0.5472 | Time: 0.0203
Epoch 00027 | Val_Loss 1.0742 | Time(s) 0.0087
EarlyStopping counter: 22 out of 40
Getting training negative samples for edge types: [6]
nodes.shift keys: [0, 1, 2]
nodes.count keys: [0, 1, 2]
links.meta: {5: (2, 2), 6: (2, 1), 7: (1, 1), 2: (2, 2), 8: (2, 2), 0: (1, 1), 3: (1, 0), 4: (1, 1), 1: (2, 2), 10: (2, 2), 9: (2, 2)}
t_type about to use: 1
h_type: 2
shift dict: {0: 0, 1: 188, 2: 746}
count dict: Counter({2: 940, 1: 558, 0: 188})
Generated 912 negative samples for edge type 6
Epoch 00028, Step00000 | Train_Loss: 0.5358 | Time: 0.0205
Epoch 00028 | Val_Loss 1.0328 | Time(s) 0.0087
EarlyStopping counter: 23 out of 40
Getting training negative samples for edge types: [6]
nodes.shift keys: [0, 1, 2]
nodes.count keys: [0, 1, 2]
links.meta: {5: (2, 2), 6: (2, 1), 7: (1, 1), 2: (2, 2), 8: (2, 2), 0: (1, 1), 3: (1, 0), 4: (1, 1), 1: (2, 2), 10: (2, 2), 9: (2, 2)}
t_type about to use: 1
h_type: 2
shift dict: {0: 0, 1: 188, 2: 746}
count dict: Counter({2: 940, 1: 558, 0: 188})
Generated 912 negative samples for edge type 6
Epoch 00029, Step00000 | Train_Loss: 0.5232 | Time: 0.0207
Epoch 00029 | Val_Loss 0.9650 | Time(s) 0.0082
EarlyStopping counter: 24 out of 40
Getting training negative samples for edge types: [6]
nodes.shift keys: [0, 1, 2]
nodes.count keys: [0, 1, 2]
links.meta: {5: (2, 2), 6: (2, 1), 7: (1, 1), 2: (2, 2), 8: (2, 2), 0: (1, 1), 3: (1, 0), 4: (1, 1), 1: (2, 2), 10: (2, 2), 9: (2, 2)}
t_type about to use: 1
h_type: 2
shift dict: {0: 0, 1: 188, 2: 746}
count dict: Counter({2: 940, 1: 558, 0: 188})
Generated 912 negative samples for edge type 6
Epoch 00030, Step00000 | Train_Loss: 0.5415 | Time: 0.0207
Epoch 00030 | Val_Loss 0.9592 | Time(s) 0.0079
EarlyStopping counter: 25 out of 40
Getting training negative samples for edge types: [6]
nodes.shift keys: [0, 1, 2]
nodes.count keys: [0, 1, 2]
links.meta: {5: (2, 2), 6: (2, 1), 7: (1, 1), 2: (2, 2), 8: (2, 2), 0: (1, 1), 3: (1, 0), 4: (1, 1), 1: (2, 2), 10: (2, 2), 9: (2, 2)}
t_type about to use: 1
h_type: 2
shift dict: {0: 0, 1: 188, 2: 746}
count dict: Counter({2: 940, 1: 558, 0: 188})
Generated 912 negative samples for edge type 6
Epoch 00031, Step00000 | Train_Loss: 0.5344 | Time: 0.0197
Epoch 00031 | Val_Loss 1.0745 | Time(s) 0.0083
EarlyStopping counter: 26 out of 40
Getting training negative samples for edge types: [6]
nodes.shift keys: [0, 1, 2]
nodes.count keys: [0, 1, 2]
links.meta: {5: (2, 2), 6: (2, 1), 7: (1, 1), 2: (2, 2), 8: (2, 2), 0: (1, 1), 3: (1, 0), 4: (1, 1), 1: (2, 2), 10: (2, 2), 9: (2, 2)}
t_type about to use: 1
h_type: 2
shift dict: {0: 0, 1: 188, 2: 746}
count dict: Counter({2: 940, 1: 558, 0: 188})
Generated 912 negative samples for edge type 6
Epoch 00032, Step00000 | Train_Loss: 0.5415 | Time: 0.0200
Epoch 00032 | Val_Loss 1.0098 | Time(s) 0.0086
EarlyStopping counter: 27 out of 40
Getting training negative samples for edge types: [6]
nodes.shift keys: [0, 1, 2]
nodes.count keys: [0, 1, 2]
links.meta: {5: (2, 2), 6: (2, 1), 7: (1, 1), 2: (2, 2), 8: (2, 2), 0: (1, 1), 3: (1, 0), 4: (1, 1), 1: (2, 2), 10: (2, 2), 9: (2, 2)}
t_type about to use: 1
h_type: 2
shift dict: {0: 0, 1: 188, 2: 746}
count dict: Counter({2: 940, 1: 558, 0: 188})
Generated 912 negative samples for edge type 6
Epoch 00033, Step00000 | Train_Loss: 0.5290 | Time: 0.0203
Epoch 00033 | Val_Loss 0.9585 | Time(s) 0.0086
EarlyStopping counter: 28 out of 40
Getting training negative samples for edge types: [6]
nodes.shift keys: [0, 1, 2]
nodes.count keys: [0, 1, 2]
links.meta: {5: (2, 2), 6: (2, 1), 7: (1, 1), 2: (2, 2), 8: (2, 2), 0: (1, 1), 3: (1, 0), 4: (1, 1), 1: (2, 2), 10: (2, 2), 9: (2, 2)}
t_type about to use: 1
h_type: 2
shift dict: {0: 0, 1: 188, 2: 746}
count dict: Counter({2: 940, 1: 558, 0: 188})
Generated 912 negative samples for edge type 6
Epoch 00034, Step00000 | Train_Loss: 0.5410 | Time: 0.0202
Epoch 00034 | Val_Loss 0.9936 | Time(s) 0.0092
EarlyStopping counter: 29 out of 40
Getting training negative samples for edge types: [6]
nodes.shift keys: [0, 1, 2]
nodes.count keys: [0, 1, 2]
links.meta: {5: (2, 2), 6: (2, 1), 7: (1, 1), 2: (2, 2), 8: (2, 2), 0: (1, 1), 3: (1, 0), 4: (1, 1), 1: (2, 2), 10: (2, 2), 9: (2, 2)}
t_type about to use: 1
h_type: 2
shift dict: {0: 0, 1: 188, 2: 746}
count dict: Counter({2: 940, 1: 558, 0: 188})
Generated 912 negative samples for edge type 6
Epoch 00035, Step00000 | Train_Loss: 0.5279 | Time: 0.0202
Epoch 00035 | Val_Loss 1.0401 | Time(s) 0.0079
EarlyStopping counter: 30 out of 40
Getting training negative samples for edge types: [6]
nodes.shift keys: [0, 1, 2]
nodes.count keys: [0, 1, 2]
links.meta: {5: (2, 2), 6: (2, 1), 7: (1, 1), 2: (2, 2), 8: (2, 2), 0: (1, 1), 3: (1, 0), 4: (1, 1), 1: (2, 2), 10: (2, 2), 9: (2, 2)}
t_type about to use: 1
h_type: 2
shift dict: {0: 0, 1: 188, 2: 746}
count dict: Counter({2: 940, 1: 558, 0: 188})
Generated 912 negative samples for edge type 6
Epoch 00036, Step00000 | Train_Loss: 0.5335 | Time: 0.0204
Epoch 00036 | Val_Loss 1.0115 | Time(s) 0.0086
EarlyStopping counter: 31 out of 40
Getting training negative samples for edge types: [6]
nodes.shift keys: [0, 1, 2]
nodes.count keys: [0, 1, 2]
links.meta: {5: (2, 2), 6: (2, 1), 7: (1, 1), 2: (2, 2), 8: (2, 2), 0: (1, 1), 3: (1, 0), 4: (1, 1), 1: (2, 2), 10: (2, 2), 9: (2, 2)}
t_type about to use: 1
h_type: 2
shift dict: {0: 0, 1: 188, 2: 746}
count dict: Counter({2: 940, 1: 558, 0: 188})
Generated 912 negative samples for edge type 6
Epoch 00037, Step00000 | Train_Loss: 0.5252 | Time: 0.0209
Epoch 00037 | Val_Loss 1.0432 | Time(s) 0.0079
EarlyStopping counter: 32 out of 40
Getting training negative samples for edge types: [6]
nodes.shift keys: [0, 1, 2]
nodes.count keys: [0, 1, 2]
links.meta: {5: (2, 2), 6: (2, 1), 7: (1, 1), 2: (2, 2), 8: (2, 2), 0: (1, 1), 3: (1, 0), 4: (1, 1), 1: (2, 2), 10: (2, 2), 9: (2, 2)}
t_type about to use: 1
h_type: 2
shift dict: {0: 0, 1: 188, 2: 746}
count dict: Counter({2: 940, 1: 558, 0: 188})
Generated 912 negative samples for edge type 6
Epoch 00038, Step00000 | Train_Loss: 0.5173 | Time: 0.0203
Epoch 00038 | Val_Loss 0.9513 | Time(s) 0.0082
EarlyStopping counter: 33 out of 40
Getting training negative samples for edge types: [6]
nodes.shift keys: [0, 1, 2]
nodes.count keys: [0, 1, 2]
links.meta: {5: (2, 2), 6: (2, 1), 7: (1, 1), 2: (2, 2), 8: (2, 2), 0: (1, 1), 3: (1, 0), 4: (1, 1), 1: (2, 2), 10: (2, 2), 9: (2, 2)}
t_type about to use: 1
h_type: 2
shift dict: {0: 0, 1: 188, 2: 746}
count dict: Counter({2: 940, 1: 558, 0: 188})
Generated 912 negative samples for edge type 6
Epoch 00039, Step00000 | Train_Loss: 0.5206 | Time: 0.0213
Epoch 00039 | Val_Loss 1.0013 | Time(s) 0.0082
EarlyStopping counter: 34 out of 40
Getting training negative samples for edge types: [6]
nodes.shift keys: [0, 1, 2]
nodes.count keys: [0, 1, 2]
links.meta: {5: (2, 2), 6: (2, 1), 7: (1, 1), 2: (2, 2), 8: (2, 2), 0: (1, 1), 3: (1, 0), 4: (1, 1), 1: (2, 2), 10: (2, 2), 9: (2, 2)}
t_type about to use: 1
h_type: 2
shift dict: {0: 0, 1: 188, 2: 746}
count dict: Counter({2: 940, 1: 558, 0: 188})
Generated 912 negative samples for edge type 6
Epoch 00040, Step00000 | Train_Loss: 0.5169 | Time: 0.0213
Epoch 00040 | Val_Loss 0.9467 | Time(s) 0.0082
EarlyStopping counter: 35 out of 40
Getting training negative samples for edge types: [6]
nodes.shift keys: [0, 1, 2]
nodes.count keys: [0, 1, 2]
links.meta: {5: (2, 2), 6: (2, 1), 7: (1, 1), 2: (2, 2), 8: (2, 2), 0: (1, 1), 3: (1, 0), 4: (1, 1), 1: (2, 2), 10: (2, 2), 9: (2, 2)}
t_type about to use: 1
h_type: 2
shift dict: {0: 0, 1: 188, 2: 746}
count dict: Counter({2: 940, 1: 558, 0: 188})
Generated 912 negative samples for edge type 6
Epoch 00041, Step00000 | Train_Loss: 0.5367 | Time: 0.0198
Epoch 00041 | Val_Loss 0.9935 | Time(s) 0.0084
EarlyStopping counter: 36 out of 40
Getting training negative samples for edge types: [6]
nodes.shift keys: [0, 1, 2]
nodes.count keys: [0, 1, 2]
links.meta: {5: (2, 2), 6: (2, 1), 7: (1, 1), 2: (2, 2), 8: (2, 2), 0: (1, 1), 3: (1, 0), 4: (1, 1), 1: (2, 2), 10: (2, 2), 9: (2, 2)}
t_type about to use: 1
h_type: 2
shift dict: {0: 0, 1: 188, 2: 746}
count dict: Counter({2: 940, 1: 558, 0: 188})
Generated 912 negative samples for edge type 6
Epoch 00042, Step00000 | Train_Loss: 0.5270 | Time: 0.0213
Epoch 00042 | Val_Loss 1.0183 | Time(s) 0.0083
EarlyStopping counter: 37 out of 40
Getting training negative samples for edge types: [6]
nodes.shift keys: [0, 1, 2]
nodes.count keys: [0, 1, 2]
links.meta: {5: (2, 2), 6: (2, 1), 7: (1, 1), 2: (2, 2), 8: (2, 2), 0: (1, 1), 3: (1, 0), 4: (1, 1), 1: (2, 2), 10: (2, 2), 9: (2, 2)}
t_type about to use: 1
h_type: 2
shift dict: {0: 0, 1: 188, 2: 746}
count dict: Counter({2: 940, 1: 558, 0: 188})
Generated 912 negative samples for edge type 6
Epoch 00043, Step00000 | Train_Loss: 0.5111 | Time: 0.0200
Epoch 00043 | Val_Loss 1.0047 | Time(s) 0.0085
EarlyStopping counter: 38 out of 40
Getting training negative samples for edge types: [6]
nodes.shift keys: [0, 1, 2]
nodes.count keys: [0, 1, 2]
links.meta: {5: (2, 2), 6: (2, 1), 7: (1, 1), 2: (2, 2), 8: (2, 2), 0: (1, 1), 3: (1, 0), 4: (1, 1), 1: (2, 2), 10: (2, 2), 9: (2, 2)}
t_type about to use: 1
h_type: 2
shift dict: {0: 0, 1: 188, 2: 746}
count dict: Counter({2: 940, 1: 558, 0: 188})
Generated 912 negative samples for edge type 6
Epoch 00044, Step00000 | Train_Loss: 0.5232 | Time: 0.0200
Epoch 00044 | Val_Loss 0.8684 | Time(s) 0.0086
EarlyStopping counter: 39 out of 40
Getting training negative samples for edge types: [6]
nodes.shift keys: [0, 1, 2]
nodes.count keys: [0, 1, 2]
links.meta: {5: (2, 2), 6: (2, 1), 7: (1, 1), 2: (2, 2), 8: (2, 2), 0: (1, 1), 3: (1, 0), 4: (1, 1), 1: (2, 2), 10: (2, 2), 9: (2, 2)}
t_type about to use: 1
h_type: 2
shift dict: {0: 0, 1: 188, 2: 746}
count dict: Counter({2: 940, 1: 558, 0: 188})
Generated 912 negative samples for edge type 6
Epoch 00045, Step00000 | Train_Loss: 0.5230 | Time: 0.0213
Epoch 00045 | Val_Loss 0.9202 | Time(s) 0.0086
EarlyStopping counter: 40 out of 40
Early stopping!
Early stopping!
Meta keys: dict_keys([6])
Data keys: dict_keys([6])
Edge type: 6, Meta: (2, 1)
{'roc_auc': 0.5152309998236643, 'MRR': 0.7600260416666667}
{'roc_auc': 0.6337234692986287, 'MRR': 0.7936197916666667}
defaultdict(<class 'float'>, {'roc_auc': 0.5152309998236643, 'MRR': 0.7600260416666667})
defaultdict(<class 'float'>, {'roc_auc': 0.6337234692986287, 'MRR': 0.7936197916666667})
Completed: amazon_style_cct_features_securebert_fold_2

--------------------------------------
Running model: SimpleHGN
Dataset: amazon_style_cct_features_securebert_fold_3
--------------------------------------
Data path: ../../data/amazon_style_cct_features_securebert_fold_3
Loading nodes from ../../data/amazon_style_cct_features_securebert_fold_3/node.dat
edge types: dict_keys([5, 6, 7, 2, 8, 0, 3, 4, 1, 10, 9])
Getting training negative samples for edge types: [6]
nodes.shift keys: [0, 1, 2]
nodes.count keys: [0, 1, 2]
links.meta: {5: (2, 2), 6: (2, 1), 7: (1, 1), 2: (2, 2), 8: (2, 2), 0: (1, 1), 3: (1, 0), 4: (1, 1), 1: (2, 2), 10: (2, 2), 9: (2, 2)}
t_type about to use: 1
h_type: 2
shift dict: {0: 0, 1: 188, 2: 746}
count dict: Counter({2: 940, 1: 558, 0: 188})
Generated 886 negative samples for edge type 6
Features List: [array([[ 0.00445206,  0.01268557,  0.22351578, ..., -0.28678206,
        -0.37460288,  0.18294938],
       [-0.18744846,  0.07075578,  0.0476894 , ..., -0.2232531 ,
        -0.19588573,  0.47988179],
       [-0.17451471, -0.04557271,  0.15712288, ..., -0.05391889,
        -0.20500693,  0.23744845],
       ...,
       [-0.40584856,  0.04715464,  0.24475315, ..., -0.12466257,
        -0.2035536 ,  0.28577447],
       [-0.18835557,  0.03822717,  0.03586731, ..., -0.23435652,
        -0.35453227,  0.38753107],
       [-0.13632202,  0.14362322,  0.08668749, ..., -0.24145249,
        -0.25799868,  0.26464131]]), array([[ 0.00791158, -0.00538086, -0.02676104, ..., -0.01897389,
        -0.01306979, -0.00084801],
       [ 0.01682901, -0.00649696, -0.01921631, ..., -0.01401017,
        -0.0039668 , -0.02202195],
       [ 0.02197852, -0.01403735, -0.05225722, ...,  0.02019661,
         0.00528841,  0.0033033 ],
       ...,
       [ 0.01603197,  0.00716993, -0.01245602, ..., -0.01399604,
        -0.00058955, -0.0256807 ],
       [ 0.01039577,  0.02045547, -0.02146293, ...,  0.01017929,
         0.02390171,  0.00134994],
       [ 0.00462414,  0.0041195 , -0.0135733 , ..., -0.01101827,
         0.00813001,  0.0203817 ]]), array([[ 0.00087804,  0.00658507, -0.02514569, ..., -0.04238372,
         0.00850771, -0.02565438],
       [-0.0006986 ,  0.01542003, -0.03227317, ..., -0.01301633,
         0.01559736, -0.03614859],
       [-0.01135348,  0.00974955, -0.01812623, ..., -0.01920343,
         0.00887381, -0.0152928 ],
       ...,
       [ 0.00701895, -0.01539859, -0.03025482, ..., -0.03644368,
         0.01254067, -0.0236606 ],
       [-0.00414097,  0.00144739, -0.05197839, ...,  0.00216818,
         0.02755725, -0.03143983],
       [ 0.01779867, -0.02493452, -0.0391779 , ..., -0.01159797,
        -0.00619852, -0.02449675]])]
Getting training negative samples for edge types: [6]
nodes.shift keys: [0, 1, 2]
nodes.count keys: [0, 1, 2]
links.meta: {5: (2, 2), 6: (2, 1), 7: (1, 1), 2: (2, 2), 8: (2, 2), 0: (1, 1), 3: (1, 0), 4: (1, 1), 1: (2, 2), 10: (2, 2), 9: (2, 2)}
t_type about to use: 1
h_type: 2
shift dict: {0: 0, 1: 188, 2: 746}
count dict: Counter({2: 940, 1: 558, 0: 188})
Generated 886 negative samples for edge type 6
Epoch 00000, Step00000 | Train_Loss: 0.6926 | Time: 0.5165
Epoch 00000 | Val_Loss 0.6910 | Time(s) 0.0073
Validation loss decreased (inf --> 0.691016).  Saving model ...
Getting training negative samples for edge types: [6]
nodes.shift keys: [0, 1, 2]
nodes.count keys: [0, 1, 2]
links.meta: {5: (2, 2), 6: (2, 1), 7: (1, 1), 2: (2, 2), 8: (2, 2), 0: (1, 1), 3: (1, 0), 4: (1, 1), 1: (2, 2), 10: (2, 2), 9: (2, 2)}
t_type about to use: 1
h_type: 2
shift dict: {0: 0, 1: 188, 2: 746}
count dict: Counter({2: 940, 1: 558, 0: 188})
Generated 886 negative samples for edge type 6
Epoch 00001, Step00000 | Train_Loss: 0.6830 | Time: 0.0222
Epoch 00001 | Val_Loss 0.6833 | Time(s) 0.0092
Validation loss decreased (0.691016 --> 0.683349).  Saving model ...
Getting training negative samples for edge types: [6]
nodes.shift keys: [0, 1, 2]
nodes.count keys: [0, 1, 2]
links.meta: {5: (2, 2), 6: (2, 1), 7: (1, 1), 2: (2, 2), 8: (2, 2), 0: (1, 1), 3: (1, 0), 4: (1, 1), 1: (2, 2), 10: (2, 2), 9: (2, 2)}
t_type about to use: 1
h_type: 2
shift dict: {0: 0, 1: 188, 2: 746}
count dict: Counter({2: 940, 1: 558, 0: 188})
Generated 886 negative samples for edge type 6
Epoch 00002, Step00000 | Train_Loss: 0.6752 | Time: 0.0264
Epoch 00002 | Val_Loss 0.6821 | Time(s) 0.0069
Validation loss decreased (0.683349 --> 0.682119).  Saving model ...
Getting training negative samples for edge types: [6]
nodes.shift keys: [0, 1, 2]
nodes.count keys: [0, 1, 2]
links.meta: {5: (2, 2), 6: (2, 1), 7: (1, 1), 2: (2, 2), 8: (2, 2), 0: (1, 1), 3: (1, 0), 4: (1, 1), 1: (2, 2), 10: (2, 2), 9: (2, 2)}
t_type about to use: 1
h_type: 2
shift dict: {0: 0, 1: 188, 2: 746}
count dict: Counter({2: 940, 1: 558, 0: 188})
Generated 886 negative samples for edge type 6
Epoch 00003, Step00000 | Train_Loss: 0.6676 | Time: 0.0202
Epoch 00003 | Val_Loss 0.6735 | Time(s) 0.0081
Validation loss decreased (0.682119 --> 0.673506).  Saving model ...
Getting training negative samples for edge types: [6]
nodes.shift keys: [0, 1, 2]
nodes.count keys: [0, 1, 2]
links.meta: {5: (2, 2), 6: (2, 1), 7: (1, 1), 2: (2, 2), 8: (2, 2), 0: (1, 1), 3: (1, 0), 4: (1, 1), 1: (2, 2), 10: (2, 2), 9: (2, 2)}
t_type about to use: 1
h_type: 2
shift dict: {0: 0, 1: 188, 2: 746}
count dict: Counter({2: 940, 1: 558, 0: 188})
Generated 886 negative samples for edge type 6
Epoch 00004, Step00000 | Train_Loss: 0.6540 | Time: 0.0204
Epoch 00004 | Val_Loss 0.6957 | Time(s) 0.0082
EarlyStopping counter: 1 out of 40
Getting training negative samples for edge types: [6]
nodes.shift keys: [0, 1, 2]
nodes.count keys: [0, 1, 2]
links.meta: {5: (2, 2), 6: (2, 1), 7: (1, 1), 2: (2, 2), 8: (2, 2), 0: (1, 1), 3: (1, 0), 4: (1, 1), 1: (2, 2), 10: (2, 2), 9: (2, 2)}
t_type about to use: 1
h_type: 2
shift dict: {0: 0, 1: 188, 2: 746}
count dict: Counter({2: 940, 1: 558, 0: 188})
Generated 886 negative samples for edge type 6
Epoch 00005, Step00000 | Train_Loss: 0.6424 | Time: 0.0208
Epoch 00005 | Val_Loss 0.6854 | Time(s) 0.0089
EarlyStopping counter: 2 out of 40
Getting training negative samples for edge types: [6]
nodes.shift keys: [0, 1, 2]
nodes.count keys: [0, 1, 2]
links.meta: {5: (2, 2), 6: (2, 1), 7: (1, 1), 2: (2, 2), 8: (2, 2), 0: (1, 1), 3: (1, 0), 4: (1, 1), 1: (2, 2), 10: (2, 2), 9: (2, 2)}
t_type about to use: 1
h_type: 2
shift dict: {0: 0, 1: 188, 2: 746}
count dict: Counter({2: 940, 1: 558, 0: 188})
Generated 886 negative samples for edge type 6
Epoch 00006, Step00000 | Train_Loss: 0.6259 | Time: 0.0194
Epoch 00006 | Val_Loss 0.7026 | Time(s) 0.0081
EarlyStopping counter: 3 out of 40
Getting training negative samples for edge types: [6]
nodes.shift keys: [0, 1, 2]
nodes.count keys: [0, 1, 2]
links.meta: {5: (2, 2), 6: (2, 1), 7: (1, 1), 2: (2, 2), 8: (2, 2), 0: (1, 1), 3: (1, 0), 4: (1, 1), 1: (2, 2), 10: (2, 2), 9: (2, 2)}
t_type about to use: 1
h_type: 2
shift dict: {0: 0, 1: 188, 2: 746}
count dict: Counter({2: 940, 1: 558, 0: 188})
Generated 886 negative samples for edge type 6
Epoch 00007, Step00000 | Train_Loss: 0.6068 | Time: 0.0204
Epoch 00007 | Val_Loss 0.7482 | Time(s) 0.0083
EarlyStopping counter: 4 out of 40
Getting training negative samples for edge types: [6]
nodes.shift keys: [0, 1, 2]
nodes.count keys: [0, 1, 2]
links.meta: {5: (2, 2), 6: (2, 1), 7: (1, 1), 2: (2, 2), 8: (2, 2), 0: (1, 1), 3: (1, 0), 4: (1, 1), 1: (2, 2), 10: (2, 2), 9: (2, 2)}
t_type about to use: 1
h_type: 2
shift dict: {0: 0, 1: 188, 2: 746}
count dict: Counter({2: 940, 1: 558, 0: 188})
Generated 886 negative samples for edge type 6
Epoch 00008, Step00000 | Train_Loss: 0.6065 | Time: 0.0198
Epoch 00008 | Val_Loss 0.7477 | Time(s) 0.0087
EarlyStopping counter: 5 out of 40
Getting training negative samples for edge types: [6]
nodes.shift keys: [0, 1, 2]
nodes.count keys: [0, 1, 2]
links.meta: {5: (2, 2), 6: (2, 1), 7: (1, 1), 2: (2, 2), 8: (2, 2), 0: (1, 1), 3: (1, 0), 4: (1, 1), 1: (2, 2), 10: (2, 2), 9: (2, 2)}
t_type about to use: 1
h_type: 2
shift dict: {0: 0, 1: 188, 2: 746}
count dict: Counter({2: 940, 1: 558, 0: 188})
Generated 886 negative samples for edge type 6
Epoch 00009, Step00000 | Train_Loss: 0.5883 | Time: 0.0212
Epoch 00009 | Val_Loss 0.8111 | Time(s) 0.0085
EarlyStopping counter: 6 out of 40
Getting training negative samples for edge types: [6]
nodes.shift keys: [0, 1, 2]
nodes.count keys: [0, 1, 2]
links.meta: {5: (2, 2), 6: (2, 1), 7: (1, 1), 2: (2, 2), 8: (2, 2), 0: (1, 1), 3: (1, 0), 4: (1, 1), 1: (2, 2), 10: (2, 2), 9: (2, 2)}
t_type about to use: 1
h_type: 2
shift dict: {0: 0, 1: 188, 2: 746}
count dict: Counter({2: 940, 1: 558, 0: 188})
Generated 886 negative samples for edge type 6
Epoch 00010, Step00000 | Train_Loss: 0.5863 | Time: 0.0202
Epoch 00010 | Val_Loss 0.8831 | Time(s) 0.0086
EarlyStopping counter: 7 out of 40
Getting training negative samples for edge types: [6]
nodes.shift keys: [0, 1, 2]
nodes.count keys: [0, 1, 2]
links.meta: {5: (2, 2), 6: (2, 1), 7: (1, 1), 2: (2, 2), 8: (2, 2), 0: (1, 1), 3: (1, 0), 4: (1, 1), 1: (2, 2), 10: (2, 2), 9: (2, 2)}
t_type about to use: 1
h_type: 2
shift dict: {0: 0, 1: 188, 2: 746}
count dict: Counter({2: 940, 1: 558, 0: 188})
Generated 886 negative samples for edge type 6
Epoch 00011, Step00000 | Train_Loss: 0.5813 | Time: 0.0202
Epoch 00011 | Val_Loss 0.9571 | Time(s) 0.0087
EarlyStopping counter: 8 out of 40
Getting training negative samples for edge types: [6]
nodes.shift keys: [0, 1, 2]
nodes.count keys: [0, 1, 2]
links.meta: {5: (2, 2), 6: (2, 1), 7: (1, 1), 2: (2, 2), 8: (2, 2), 0: (1, 1), 3: (1, 0), 4: (1, 1), 1: (2, 2), 10: (2, 2), 9: (2, 2)}
t_type about to use: 1
h_type: 2
shift dict: {0: 0, 1: 188, 2: 746}
count dict: Counter({2: 940, 1: 558, 0: 188})
Generated 886 negative samples for edge type 6
Epoch 00012, Step00000 | Train_Loss: 0.5686 | Time: 0.0200
Epoch 00012 | Val_Loss 0.8693 | Time(s) 0.0086
EarlyStopping counter: 9 out of 40
Getting training negative samples for edge types: [6]
nodes.shift keys: [0, 1, 2]
nodes.count keys: [0, 1, 2]
links.meta: {5: (2, 2), 6: (2, 1), 7: (1, 1), 2: (2, 2), 8: (2, 2), 0: (1, 1), 3: (1, 0), 4: (1, 1), 1: (2, 2), 10: (2, 2), 9: (2, 2)}
t_type about to use: 1
h_type: 2
shift dict: {0: 0, 1: 188, 2: 746}
count dict: Counter({2: 940, 1: 558, 0: 188})
Generated 886 negative samples for edge type 6
Epoch 00013, Step00000 | Train_Loss: 0.5671 | Time: 0.0202
Epoch 00013 | Val_Loss 0.9652 | Time(s) 0.0085
EarlyStopping counter: 10 out of 40
Getting training negative samples for edge types: [6]
nodes.shift keys: [0, 1, 2]
nodes.count keys: [0, 1, 2]
links.meta: {5: (2, 2), 6: (2, 1), 7: (1, 1), 2: (2, 2), 8: (2, 2), 0: (1, 1), 3: (1, 0), 4: (1, 1), 1: (2, 2), 10: (2, 2), 9: (2, 2)}
t_type about to use: 1
h_type: 2
shift dict: {0: 0, 1: 188, 2: 746}
count dict: Counter({2: 940, 1: 558, 0: 188})
Generated 886 negative samples for edge type 6
Epoch 00014, Step00000 | Train_Loss: 0.5578 | Time: 0.0214
Epoch 00014 | Val_Loss 1.0091 | Time(s) 0.0087
EarlyStopping counter: 11 out of 40
Getting training negative samples for edge types: [6]
nodes.shift keys: [0, 1, 2]
nodes.count keys: [0, 1, 2]
links.meta: {5: (2, 2), 6: (2, 1), 7: (1, 1), 2: (2, 2), 8: (2, 2), 0: (1, 1), 3: (1, 0), 4: (1, 1), 1: (2, 2), 10: (2, 2), 9: (2, 2)}
t_type about to use: 1
h_type: 2
shift dict: {0: 0, 1: 188, 2: 746}
count dict: Counter({2: 940, 1: 558, 0: 188})
Generated 886 negative samples for edge type 6
Epoch 00015, Step00000 | Train_Loss: 0.5620 | Time: 0.0202
Epoch 00015 | Val_Loss 1.0488 | Time(s) 0.0088
EarlyStopping counter: 12 out of 40
Getting training negative samples for edge types: [6]
nodes.shift keys: [0, 1, 2]
nodes.count keys: [0, 1, 2]
links.meta: {5: (2, 2), 6: (2, 1), 7: (1, 1), 2: (2, 2), 8: (2, 2), 0: (1, 1), 3: (1, 0), 4: (1, 1), 1: (2, 2), 10: (2, 2), 9: (2, 2)}
t_type about to use: 1
h_type: 2
shift dict: {0: 0, 1: 188, 2: 746}
count dict: Counter({2: 940, 1: 558, 0: 188})
Generated 886 negative samples for edge type 6
Epoch 00016, Step00000 | Train_Loss: 0.5755 | Time: 0.0207
Epoch 00016 | Val_Loss 1.0648 | Time(s) 0.0078
EarlyStopping counter: 13 out of 40
Getting training negative samples for edge types: [6]
nodes.shift keys: [0, 1, 2]
nodes.count keys: [0, 1, 2]
links.meta: {5: (2, 2), 6: (2, 1), 7: (1, 1), 2: (2, 2), 8: (2, 2), 0: (1, 1), 3: (1, 0), 4: (1, 1), 1: (2, 2), 10: (2, 2), 9: (2, 2)}
t_type about to use: 1
h_type: 2
shift dict: {0: 0, 1: 188, 2: 746}
count dict: Counter({2: 940, 1: 558, 0: 188})
Generated 886 negative samples for edge type 6
Epoch 00017, Step00000 | Train_Loss: 0.5619 | Time: 0.0199
Epoch 00017 | Val_Loss 1.0543 | Time(s) 0.0081
EarlyStopping counter: 14 out of 40
Getting training negative samples for edge types: [6]
nodes.shift keys: [0, 1, 2]
nodes.count keys: [0, 1, 2]
links.meta: {5: (2, 2), 6: (2, 1), 7: (1, 1), 2: (2, 2), 8: (2, 2), 0: (1, 1), 3: (1, 0), 4: (1, 1), 1: (2, 2), 10: (2, 2), 9: (2, 2)}
t_type about to use: 1
h_type: 2
shift dict: {0: 0, 1: 188, 2: 746}
count dict: Counter({2: 940, 1: 558, 0: 188})
Generated 886 negative samples for edge type 6
Epoch 00018, Step00000 | Train_Loss: 0.5543 | Time: 0.0202
Epoch 00018 | Val_Loss 0.9224 | Time(s) 0.0085
EarlyStopping counter: 15 out of 40
Getting training negative samples for edge types: [6]
nodes.shift keys: [0, 1, 2]
nodes.count keys: [0, 1, 2]
links.meta: {5: (2, 2), 6: (2, 1), 7: (1, 1), 2: (2, 2), 8: (2, 2), 0: (1, 1), 3: (1, 0), 4: (1, 1), 1: (2, 2), 10: (2, 2), 9: (2, 2)}
t_type about to use: 1
h_type: 2
shift dict: {0: 0, 1: 188, 2: 746}
count dict: Counter({2: 940, 1: 558, 0: 188})
Generated 886 negative samples for edge type 6
Epoch 00019, Step00000 | Train_Loss: 0.5713 | Time: 0.0202
Epoch 00019 | Val_Loss 1.0438 | Time(s) 0.0087
EarlyStopping counter: 16 out of 40
Getting training negative samples for edge types: [6]
nodes.shift keys: [0, 1, 2]
nodes.count keys: [0, 1, 2]
links.meta: {5: (2, 2), 6: (2, 1), 7: (1, 1), 2: (2, 2), 8: (2, 2), 0: (1, 1), 3: (1, 0), 4: (1, 1), 1: (2, 2), 10: (2, 2), 9: (2, 2)}
t_type about to use: 1
h_type: 2
shift dict: {0: 0, 1: 188, 2: 746}
count dict: Counter({2: 940, 1: 558, 0: 188})
Generated 886 negative samples for edge type 6
Epoch 00020, Step00000 | Train_Loss: 0.5596 | Time: 0.0207
Epoch 00020 | Val_Loss 1.1560 | Time(s) 0.0094
EarlyStopping counter: 17 out of 40
Getting training negative samples for edge types: [6]
nodes.shift keys: [0, 1, 2]
nodes.count keys: [0, 1, 2]
links.meta: {5: (2, 2), 6: (2, 1), 7: (1, 1), 2: (2, 2), 8: (2, 2), 0: (1, 1), 3: (1, 0), 4: (1, 1), 1: (2, 2), 10: (2, 2), 9: (2, 2)}
t_type about to use: 1
h_type: 2
shift dict: {0: 0, 1: 188, 2: 746}
count dict: Counter({2: 940, 1: 558, 0: 188})
Generated 886 negative samples for edge type 6
Epoch 00021, Step00000 | Train_Loss: 0.5432 | Time: 0.0227
Epoch 00021 | Val_Loss 1.1163 | Time(s) 0.0083
EarlyStopping counter: 18 out of 40
Getting training negative samples for edge types: [6]
nodes.shift keys: [0, 1, 2]
nodes.count keys: [0, 1, 2]
links.meta: {5: (2, 2), 6: (2, 1), 7: (1, 1), 2: (2, 2), 8: (2, 2), 0: (1, 1), 3: (1, 0), 4: (1, 1), 1: (2, 2), 10: (2, 2), 9: (2, 2)}
t_type about to use: 1
h_type: 2
shift dict: {0: 0, 1: 188, 2: 746}
count dict: Counter({2: 940, 1: 558, 0: 188})
Generated 886 negative samples for edge type 6
Epoch 00022, Step00000 | Train_Loss: 0.5618 | Time: 0.0241
Epoch 00022 | Val_Loss 1.1451 | Time(s) 0.0087
EarlyStopping counter: 19 out of 40
Getting training negative samples for edge types: [6]
nodes.shift keys: [0, 1, 2]
nodes.count keys: [0, 1, 2]
links.meta: {5: (2, 2), 6: (2, 1), 7: (1, 1), 2: (2, 2), 8: (2, 2), 0: (1, 1), 3: (1, 0), 4: (1, 1), 1: (2, 2), 10: (2, 2), 9: (2, 2)}
t_type about to use: 1
h_type: 2
shift dict: {0: 0, 1: 188, 2: 746}
count dict: Counter({2: 940, 1: 558, 0: 188})
Generated 886 negative samples for edge type 6
Epoch 00023, Step00000 | Train_Loss: 0.5434 | Time: 0.0199
Epoch 00023 | Val_Loss 1.0016 | Time(s) 0.0082
EarlyStopping counter: 20 out of 40
Getting training negative samples for edge types: [6]
nodes.shift keys: [0, 1, 2]
nodes.count keys: [0, 1, 2]
links.meta: {5: (2, 2), 6: (2, 1), 7: (1, 1), 2: (2, 2), 8: (2, 2), 0: (1, 1), 3: (1, 0), 4: (1, 1), 1: (2, 2), 10: (2, 2), 9: (2, 2)}
t_type about to use: 1
h_type: 2
shift dict: {0: 0, 1: 188, 2: 746}
count dict: Counter({2: 940, 1: 558, 0: 188})
Generated 886 negative samples for edge type 6
Epoch 00024, Step00000 | Train_Loss: 0.5423 | Time: 0.0194
Epoch 00024 | Val_Loss 1.1192 | Time(s) 0.0083
EarlyStopping counter: 21 out of 40
Getting training negative samples for edge types: [6]
nodes.shift keys: [0, 1, 2]
nodes.count keys: [0, 1, 2]
links.meta: {5: (2, 2), 6: (2, 1), 7: (1, 1), 2: (2, 2), 8: (2, 2), 0: (1, 1), 3: (1, 0), 4: (1, 1), 1: (2, 2), 10: (2, 2), 9: (2, 2)}
t_type about to use: 1
h_type: 2
shift dict: {0: 0, 1: 188, 2: 746}
count dict: Counter({2: 940, 1: 558, 0: 188})
Generated 886 negative samples for edge type 6
Epoch 00025, Step00000 | Train_Loss: 0.5685 | Time: 0.0216
Epoch 00025 | Val_Loss 1.0165 | Time(s) 0.0084
EarlyStopping counter: 22 out of 40
Getting training negative samples for edge types: [6]
nodes.shift keys: [0, 1, 2]
nodes.count keys: [0, 1, 2]
links.meta: {5: (2, 2), 6: (2, 1), 7: (1, 1), 2: (2, 2), 8: (2, 2), 0: (1, 1), 3: (1, 0), 4: (1, 1), 1: (2, 2), 10: (2, 2), 9: (2, 2)}
t_type about to use: 1
h_type: 2
shift dict: {0: 0, 1: 188, 2: 746}
count dict: Counter({2: 940, 1: 558, 0: 188})
Generated 886 negative samples for edge type 6
Epoch 00026, Step00000 | Train_Loss: 0.5367 | Time: 0.0201
Epoch 00026 | Val_Loss 1.0575 | Time(s) 0.0087
EarlyStopping counter: 23 out of 40
Getting training negative samples for edge types: [6]
nodes.shift keys: [0, 1, 2]
nodes.count keys: [0, 1, 2]
links.meta: {5: (2, 2), 6: (2, 1), 7: (1, 1), 2: (2, 2), 8: (2, 2), 0: (1, 1), 3: (1, 0), 4: (1, 1), 1: (2, 2), 10: (2, 2), 9: (2, 2)}
t_type about to use: 1
h_type: 2
shift dict: {0: 0, 1: 188, 2: 746}
count dict: Counter({2: 940, 1: 558, 0: 188})
Generated 886 negative samples for edge type 6
Epoch 00027, Step00000 | Train_Loss: 0.5333 | Time: 0.0196
Epoch 00027 | Val_Loss 0.9800 | Time(s) 0.0084
EarlyStopping counter: 24 out of 40
Getting training negative samples for edge types: [6]
nodes.shift keys: [0, 1, 2]
nodes.count keys: [0, 1, 2]
links.meta: {5: (2, 2), 6: (2, 1), 7: (1, 1), 2: (2, 2), 8: (2, 2), 0: (1, 1), 3: (1, 0), 4: (1, 1), 1: (2, 2), 10: (2, 2), 9: (2, 2)}
t_type about to use: 1
h_type: 2
shift dict: {0: 0, 1: 188, 2: 746}
count dict: Counter({2: 940, 1: 558, 0: 188})
Generated 886 negative samples for edge type 6
Epoch 00028, Step00000 | Train_Loss: 0.5292 | Time: 0.0213
Epoch 00028 | Val_Loss 1.0099 | Time(s) 0.0083
EarlyStopping counter: 25 out of 40
Getting training negative samples for edge types: [6]
nodes.shift keys: [0, 1, 2]
nodes.count keys: [0, 1, 2]
links.meta: {5: (2, 2), 6: (2, 1), 7: (1, 1), 2: (2, 2), 8: (2, 2), 0: (1, 1), 3: (1, 0), 4: (1, 1), 1: (2, 2), 10: (2, 2), 9: (2, 2)}
t_type about to use: 1
h_type: 2
shift dict: {0: 0, 1: 188, 2: 746}
count dict: Counter({2: 940, 1: 558, 0: 188})
Generated 886 negative samples for edge type 6
Epoch 00029, Step00000 | Train_Loss: 0.5559 | Time: 0.0196
Epoch 00029 | Val_Loss 1.0006 | Time(s) 0.0084
EarlyStopping counter: 26 out of 40
Getting training negative samples for edge types: [6]
nodes.shift keys: [0, 1, 2]
nodes.count keys: [0, 1, 2]
links.meta: {5: (2, 2), 6: (2, 1), 7: (1, 1), 2: (2, 2), 8: (2, 2), 0: (1, 1), 3: (1, 0), 4: (1, 1), 1: (2, 2), 10: (2, 2), 9: (2, 2)}
t_type about to use: 1
h_type: 2
shift dict: {0: 0, 1: 188, 2: 746}
count dict: Counter({2: 940, 1: 558, 0: 188})
Generated 886 negative samples for edge type 6
Epoch 00030, Step00000 | Train_Loss: 0.5382 | Time: 0.0213
Epoch 00030 | Val_Loss 0.9684 | Time(s) 0.0082
EarlyStopping counter: 27 out of 40
Getting training negative samples for edge types: [6]
nodes.shift keys: [0, 1, 2]
nodes.count keys: [0, 1, 2]
links.meta: {5: (2, 2), 6: (2, 1), 7: (1, 1), 2: (2, 2), 8: (2, 2), 0: (1, 1), 3: (1, 0), 4: (1, 1), 1: (2, 2), 10: (2, 2), 9: (2, 2)}
t_type about to use: 1
h_type: 2
shift dict: {0: 0, 1: 188, 2: 746}
count dict: Counter({2: 940, 1: 558, 0: 188})
Generated 886 negative samples for edge type 6
Epoch 00031, Step00000 | Train_Loss: 0.5451 | Time: 0.0206
Epoch 00031 | Val_Loss 1.1867 | Time(s) 0.0084
EarlyStopping counter: 28 out of 40
Getting training negative samples for edge types: [6]
nodes.shift keys: [0, 1, 2]
nodes.count keys: [0, 1, 2]
links.meta: {5: (2, 2), 6: (2, 1), 7: (1, 1), 2: (2, 2), 8: (2, 2), 0: (1, 1), 3: (1, 0), 4: (1, 1), 1: (2, 2), 10: (2, 2), 9: (2, 2)}
t_type about to use: 1
h_type: 2
shift dict: {0: 0, 1: 188, 2: 746}
count dict: Counter({2: 940, 1: 558, 0: 188})
Generated 886 negative samples for edge type 6
Epoch 00032, Step00000 | Train_Loss: 0.5144 | Time: 0.0198
Epoch 00032 | Val_Loss 0.9717 | Time(s) 0.0082
EarlyStopping counter: 29 out of 40
Getting training negative samples for edge types: [6]
nodes.shift keys: [0, 1, 2]
nodes.count keys: [0, 1, 2]
links.meta: {5: (2, 2), 6: (2, 1), 7: (1, 1), 2: (2, 2), 8: (2, 2), 0: (1, 1), 3: (1, 0), 4: (1, 1), 1: (2, 2), 10: (2, 2), 9: (2, 2)}
t_type about to use: 1
h_type: 2
shift dict: {0: 0, 1: 188, 2: 746}
count dict: Counter({2: 940, 1: 558, 0: 188})
Generated 886 negative samples for edge type 6
Epoch 00033, Step00000 | Train_Loss: 0.5396 | Time: 0.0212
Epoch 00033 | Val_Loss 1.0478 | Time(s) 0.0086
EarlyStopping counter: 30 out of 40
Getting training negative samples for edge types: [6]
nodes.shift keys: [0, 1, 2]
nodes.count keys: [0, 1, 2]
links.meta: {5: (2, 2), 6: (2, 1), 7: (1, 1), 2: (2, 2), 8: (2, 2), 0: (1, 1), 3: (1, 0), 4: (1, 1), 1: (2, 2), 10: (2, 2), 9: (2, 2)}
t_type about to use: 1
h_type: 2
shift dict: {0: 0, 1: 188, 2: 746}
count dict: Counter({2: 940, 1: 558, 0: 188})
Generated 886 negative samples for edge type 6
Epoch 00034, Step00000 | Train_Loss: 0.5150 | Time: 0.0198
Epoch 00034 | Val_Loss 0.9712 | Time(s) 0.0086
EarlyStopping counter: 31 out of 40
Getting training negative samples for edge types: [6]
nodes.shift keys: [0, 1, 2]
nodes.count keys: [0, 1, 2]
links.meta: {5: (2, 2), 6: (2, 1), 7: (1, 1), 2: (2, 2), 8: (2, 2), 0: (1, 1), 3: (1, 0), 4: (1, 1), 1: (2, 2), 10: (2, 2), 9: (2, 2)}
t_type about to use: 1
h_type: 2
shift dict: {0: 0, 1: 188, 2: 746}
count dict: Counter({2: 940, 1: 558, 0: 188})
Generated 886 negative samples for edge type 6
Epoch 00035, Step00000 | Train_Loss: 0.5281 | Time: 0.0198
Epoch 00035 | Val_Loss 0.9285 | Time(s) 0.0085
EarlyStopping counter: 32 out of 40
Getting training negative samples for edge types: [6]
nodes.shift keys: [0, 1, 2]
nodes.count keys: [0, 1, 2]
links.meta: {5: (2, 2), 6: (2, 1), 7: (1, 1), 2: (2, 2), 8: (2, 2), 0: (1, 1), 3: (1, 0), 4: (1, 1), 1: (2, 2), 10: (2, 2), 9: (2, 2)}
t_type about to use: 1
h_type: 2
shift dict: {0: 0, 1: 188, 2: 746}
count dict: Counter({2: 940, 1: 558, 0: 188})
Generated 886 negative samples for edge type 6
Epoch 00036, Step00000 | Train_Loss: 0.5209 | Time: 0.0211
Epoch 00036 | Val_Loss 0.8399 | Time(s) 0.0084
EarlyStopping counter: 33 out of 40
Getting training negative samples for edge types: [6]
nodes.shift keys: [0, 1, 2]
nodes.count keys: [0, 1, 2]
links.meta: {5: (2, 2), 6: (2, 1), 7: (1, 1), 2: (2, 2), 8: (2, 2), 0: (1, 1), 3: (1, 0), 4: (1, 1), 1: (2, 2), 10: (2, 2), 9: (2, 2)}
t_type about to use: 1
h_type: 2
shift dict: {0: 0, 1: 188, 2: 746}
count dict: Counter({2: 940, 1: 558, 0: 188})
Generated 886 negative samples for edge type 6
Epoch 00037, Step00000 | Train_Loss: 0.5363 | Time: 0.0194
Epoch 00037 | Val_Loss 0.7803 | Time(s) 0.0085
EarlyStopping counter: 34 out of 40
Getting training negative samples for edge types: [6]
nodes.shift keys: [0, 1, 2]
nodes.count keys: [0, 1, 2]
links.meta: {5: (2, 2), 6: (2, 1), 7: (1, 1), 2: (2, 2), 8: (2, 2), 0: (1, 1), 3: (1, 0), 4: (1, 1), 1: (2, 2), 10: (2, 2), 9: (2, 2)}
t_type about to use: 1
h_type: 2
shift dict: {0: 0, 1: 188, 2: 746}
count dict: Counter({2: 940, 1: 558, 0: 188})
Generated 886 negative samples for edge type 6
Epoch 00038, Step00000 | Train_Loss: 0.5459 | Time: 0.0208
Epoch 00038 | Val_Loss 0.7177 | Time(s) 0.0089
EarlyStopping counter: 35 out of 40
Getting training negative samples for edge types: [6]
nodes.shift keys: [0, 1, 2]
nodes.count keys: [0, 1, 2]
links.meta: {5: (2, 2), 6: (2, 1), 7: (1, 1), 2: (2, 2), 8: (2, 2), 0: (1, 1), 3: (1, 0), 4: (1, 1), 1: (2, 2), 10: (2, 2), 9: (2, 2)}
t_type about to use: 1
h_type: 2
shift dict: {0: 0, 1: 188, 2: 746}
count dict: Counter({2: 940, 1: 558, 0: 188})
Generated 886 negative samples for edge type 6
Epoch 00039, Step00000 | Train_Loss: 0.5169 | Time: 0.0196
Epoch 00039 | Val_Loss 0.6516 | Time(s) 0.0084
Validation loss decreased (0.673506 --> 0.651580).  Saving model ...
Getting training negative samples for edge types: [6]
nodes.shift keys: [0, 1, 2]
nodes.count keys: [0, 1, 2]
links.meta: {5: (2, 2), 6: (2, 1), 7: (1, 1), 2: (2, 2), 8: (2, 2), 0: (1, 1), 3: (1, 0), 4: (1, 1), 1: (2, 2), 10: (2, 2), 9: (2, 2)}
t_type about to use: 1
h_type: 2
shift dict: {0: 0, 1: 188, 2: 746}
count dict: Counter({2: 940, 1: 558, 0: 188})
Generated 886 negative samples for edge type 6
Epoch 00040, Step00000 | Train_Loss: 0.5276 | Time: 0.0199
Epoch 00040 | Val_Loss 0.7562 | Time(s) 0.0082
EarlyStopping counter: 1 out of 40
Getting training negative samples for edge types: [6]
nodes.shift keys: [0, 1, 2]
nodes.count keys: [0, 1, 2]
links.meta: {5: (2, 2), 6: (2, 1), 7: (1, 1), 2: (2, 2), 8: (2, 2), 0: (1, 1), 3: (1, 0), 4: (1, 1), 1: (2, 2), 10: (2, 2), 9: (2, 2)}
t_type about to use: 1
h_type: 2
shift dict: {0: 0, 1: 188, 2: 746}
count dict: Counter({2: 940, 1: 558, 0: 188})
Generated 886 negative samples for edge type 6
Epoch 00041, Step00000 | Train_Loss: 0.5361 | Time: 0.0194
Epoch 00041 | Val_Loss 0.7565 | Time(s) 0.0083
EarlyStopping counter: 2 out of 40
Getting training negative samples for edge types: [6]
nodes.shift keys: [0, 1, 2]
nodes.count keys: [0, 1, 2]
links.meta: {5: (2, 2), 6: (2, 1), 7: (1, 1), 2: (2, 2), 8: (2, 2), 0: (1, 1), 3: (1, 0), 4: (1, 1), 1: (2, 2), 10: (2, 2), 9: (2, 2)}
t_type about to use: 1
h_type: 2
shift dict: {0: 0, 1: 188, 2: 746}
count dict: Counter({2: 940, 1: 558, 0: 188})
Generated 886 negative samples for edge type 6
Epoch 00042, Step00000 | Train_Loss: 0.5082 | Time: 0.0212
Epoch 00042 | Val_Loss 0.9082 | Time(s) 0.0081
EarlyStopping counter: 3 out of 40
Getting training negative samples for edge types: [6]
nodes.shift keys: [0, 1, 2]
nodes.count keys: [0, 1, 2]
links.meta: {5: (2, 2), 6: (2, 1), 7: (1, 1), 2: (2, 2), 8: (2, 2), 0: (1, 1), 3: (1, 0), 4: (1, 1), 1: (2, 2), 10: (2, 2), 9: (2, 2)}
t_type about to use: 1
h_type: 2
shift dict: {0: 0, 1: 188, 2: 746}
count dict: Counter({2: 940, 1: 558, 0: 188})
Generated 886 negative samples for edge type 6
Epoch 00043, Step00000 | Train_Loss: 0.5214 | Time: 0.0208
Epoch 00043 | Val_Loss 0.9231 | Time(s) 0.0082
EarlyStopping counter: 4 out of 40
Getting training negative samples for edge types: [6]
nodes.shift keys: [0, 1, 2]
nodes.count keys: [0, 1, 2]
links.meta: {5: (2, 2), 6: (2, 1), 7: (1, 1), 2: (2, 2), 8: (2, 2), 0: (1, 1), 3: (1, 0), 4: (1, 1), 1: (2, 2), 10: (2, 2), 9: (2, 2)}
t_type about to use: 1
h_type: 2
shift dict: {0: 0, 1: 188, 2: 746}
count dict: Counter({2: 940, 1: 558, 0: 188})
Generated 886 negative samples for edge type 6
Epoch 00044, Step00000 | Train_Loss: 0.5112 | Time: 0.0206
Epoch 00044 | Val_Loss 0.9347 | Time(s) 0.0081
EarlyStopping counter: 5 out of 40
Getting training negative samples for edge types: [6]
nodes.shift keys: [0, 1, 2]
nodes.count keys: [0, 1, 2]
links.meta: {5: (2, 2), 6: (2, 1), 7: (1, 1), 2: (2, 2), 8: (2, 2), 0: (1, 1), 3: (1, 0), 4: (1, 1), 1: (2, 2), 10: (2, 2), 9: (2, 2)}
t_type about to use: 1
h_type: 2
shift dict: {0: 0, 1: 188, 2: 746}
count dict: Counter({2: 940, 1: 558, 0: 188})
Generated 886 negative samples for edge type 6
Epoch 00045, Step00000 | Train_Loss: 0.4967 | Time: 0.0200
Epoch 00045 | Val_Loss 0.8972 | Time(s) 0.0082
EarlyStopping counter: 6 out of 40
Getting training negative samples for edge types: [6]
nodes.shift keys: [0, 1, 2]
nodes.count keys: [0, 1, 2]
links.meta: {5: (2, 2), 6: (2, 1), 7: (1, 1), 2: (2, 2), 8: (2, 2), 0: (1, 1), 3: (1, 0), 4: (1, 1), 1: (2, 2), 10: (2, 2), 9: (2, 2)}
t_type about to use: 1
h_type: 2
shift dict: {0: 0, 1: 188, 2: 746}
count dict: Counter({2: 940, 1: 558, 0: 188})
Generated 886 negative samples for edge type 6
Epoch 00046, Step00000 | Train_Loss: 0.4907 | Time: 0.0211
Epoch 00046 | Val_Loss 0.8454 | Time(s) 0.0080
EarlyStopping counter: 7 out of 40
Getting training negative samples for edge types: [6]
nodes.shift keys: [0, 1, 2]
nodes.count keys: [0, 1, 2]
links.meta: {5: (2, 2), 6: (2, 1), 7: (1, 1), 2: (2, 2), 8: (2, 2), 0: (1, 1), 3: (1, 0), 4: (1, 1), 1: (2, 2), 10: (2, 2), 9: (2, 2)}
t_type about to use: 1
h_type: 2
shift dict: {0: 0, 1: 188, 2: 746}
count dict: Counter({2: 940, 1: 558, 0: 188})
Generated 886 negative samples for edge type 6
Epoch 00047, Step00000 | Train_Loss: 0.5057 | Time: 0.0208
Epoch 00047 | Val_Loss 0.8539 | Time(s) 0.0085
EarlyStopping counter: 8 out of 40
Getting training negative samples for edge types: [6]
nodes.shift keys: [0, 1, 2]
nodes.count keys: [0, 1, 2]
links.meta: {5: (2, 2), 6: (2, 1), 7: (1, 1), 2: (2, 2), 8: (2, 2), 0: (1, 1), 3: (1, 0), 4: (1, 1), 1: (2, 2), 10: (2, 2), 9: (2, 2)}
t_type about to use: 1
h_type: 2
shift dict: {0: 0, 1: 188, 2: 746}
count dict: Counter({2: 940, 1: 558, 0: 188})
Generated 886 negative samples for edge type 6
Epoch 00048, Step00000 | Train_Loss: 0.4877 | Time: 0.0197
Epoch 00048 | Val_Loss 0.7717 | Time(s) 0.0085
EarlyStopping counter: 9 out of 40
Getting training negative samples for edge types: [6]
nodes.shift keys: [0, 1, 2]
nodes.count keys: [0, 1, 2]
links.meta: {5: (2, 2), 6: (2, 1), 7: (1, 1), 2: (2, 2), 8: (2, 2), 0: (1, 1), 3: (1, 0), 4: (1, 1), 1: (2, 2), 10: (2, 2), 9: (2, 2)}
t_type about to use: 1
h_type: 2
shift dict: {0: 0, 1: 188, 2: 746}
count dict: Counter({2: 940, 1: 558, 0: 188})
Generated 886 negative samples for edge type 6
Epoch 00049, Step00000 | Train_Loss: 0.5134 | Time: 0.0212
Epoch 00049 | Val_Loss 0.8624 | Time(s) 0.0085
EarlyStopping counter: 10 out of 40
Getting training negative samples for edge types: [6]
nodes.shift keys: [0, 1, 2]
nodes.count keys: [0, 1, 2]
links.meta: {5: (2, 2), 6: (2, 1), 7: (1, 1), 2: (2, 2), 8: (2, 2), 0: (1, 1), 3: (1, 0), 4: (1, 1), 1: (2, 2), 10: (2, 2), 9: (2, 2)}
t_type about to use: 1
h_type: 2
shift dict: {0: 0, 1: 188, 2: 746}
count dict: Counter({2: 940, 1: 558, 0: 188})
Generated 886 negative samples for edge type 6
Epoch 00050, Step00000 | Train_Loss: 0.4982 | Time: 0.0200
Epoch 00050 | Val_Loss 0.8075 | Time(s) 0.0084
EarlyStopping counter: 11 out of 40
Getting training negative samples for edge types: [6]
nodes.shift keys: [0, 1, 2]
nodes.count keys: [0, 1, 2]
links.meta: {5: (2, 2), 6: (2, 1), 7: (1, 1), 2: (2, 2), 8: (2, 2), 0: (1, 1), 3: (1, 0), 4: (1, 1), 1: (2, 2), 10: (2, 2), 9: (2, 2)}
t_type about to use: 1
h_type: 2
shift dict: {0: 0, 1: 188, 2: 746}
count dict: Counter({2: 940, 1: 558, 0: 188})
Generated 886 negative samples for edge type 6
Epoch 00051, Step00000 | Train_Loss: 0.5068 | Time: 0.0196
Epoch 00051 | Val_Loss 0.6655 | Time(s) 0.0085
EarlyStopping counter: 12 out of 40
Getting training negative samples for edge types: [6]
nodes.shift keys: [0, 1, 2]
nodes.count keys: [0, 1, 2]
links.meta: {5: (2, 2), 6: (2, 1), 7: (1, 1), 2: (2, 2), 8: (2, 2), 0: (1, 1), 3: (1, 0), 4: (1, 1), 1: (2, 2), 10: (2, 2), 9: (2, 2)}
t_type about to use: 1
h_type: 2
shift dict: {0: 0, 1: 188, 2: 746}
count dict: Counter({2: 940, 1: 558, 0: 188})
Generated 886 negative samples for edge type 6
Epoch 00052, Step00000 | Train_Loss: 0.4812 | Time: 0.0214
Epoch 00052 | Val_Loss 0.8925 | Time(s) 0.0084
EarlyStopping counter: 13 out of 40
Getting training negative samples for edge types: [6]
nodes.shift keys: [0, 1, 2]
nodes.count keys: [0, 1, 2]
links.meta: {5: (2, 2), 6: (2, 1), 7: (1, 1), 2: (2, 2), 8: (2, 2), 0: (1, 1), 3: (1, 0), 4: (1, 1), 1: (2, 2), 10: (2, 2), 9: (2, 2)}
t_type about to use: 1
h_type: 2
shift dict: {0: 0, 1: 188, 2: 746}
count dict: Counter({2: 940, 1: 558, 0: 188})
Generated 886 negative samples for edge type 6
Epoch 00053, Step00000 | Train_Loss: 0.5018 | Time: 0.0200
Epoch 00053 | Val_Loss 0.7759 | Time(s) 0.0086
EarlyStopping counter: 14 out of 40
Getting training negative samples for edge types: [6]
nodes.shift keys: [0, 1, 2]
nodes.count keys: [0, 1, 2]
links.meta: {5: (2, 2), 6: (2, 1), 7: (1, 1), 2: (2, 2), 8: (2, 2), 0: (1, 1), 3: (1, 0), 4: (1, 1), 1: (2, 2), 10: (2, 2), 9: (2, 2)}
t_type about to use: 1
h_type: 2
shift dict: {0: 0, 1: 188, 2: 746}
count dict: Counter({2: 940, 1: 558, 0: 188})
Generated 886 negative samples for edge type 6
Epoch 00054, Step00000 | Train_Loss: 0.4910 | Time: 0.0220
Epoch 00054 | Val_Loss 0.8152 | Time(s) 0.0082
EarlyStopping counter: 15 out of 40
Getting training negative samples for edge types: [6]
nodes.shift keys: [0, 1, 2]
nodes.count keys: [0, 1, 2]
links.meta: {5: (2, 2), 6: (2, 1), 7: (1, 1), 2: (2, 2), 8: (2, 2), 0: (1, 1), 3: (1, 0), 4: (1, 1), 1: (2, 2), 10: (2, 2), 9: (2, 2)}
t_type about to use: 1
h_type: 2
shift dict: {0: 0, 1: 188, 2: 746}
count dict: Counter({2: 940, 1: 558, 0: 188})
Generated 886 negative samples for edge type 6
Epoch 00055, Step00000 | Train_Loss: 0.4840 | Time: 0.0195
Epoch 00055 | Val_Loss 0.8426 | Time(s) 0.0083
EarlyStopping counter: 16 out of 40
Getting training negative samples for edge types: [6]
nodes.shift keys: [0, 1, 2]
nodes.count keys: [0, 1, 2]
links.meta: {5: (2, 2), 6: (2, 1), 7: (1, 1), 2: (2, 2), 8: (2, 2), 0: (1, 1), 3: (1, 0), 4: (1, 1), 1: (2, 2), 10: (2, 2), 9: (2, 2)}
t_type about to use: 1
h_type: 2
shift dict: {0: 0, 1: 188, 2: 746}
count dict: Counter({2: 940, 1: 558, 0: 188})
Generated 886 negative samples for edge type 6
Epoch 00056, Step00000 | Train_Loss: 0.4909 | Time: 0.0199
Epoch 00056 | Val_Loss 0.8810 | Time(s) 0.0084
EarlyStopping counter: 17 out of 40
Getting training negative samples for edge types: [6]
nodes.shift keys: [0, 1, 2]
nodes.count keys: [0, 1, 2]
links.meta: {5: (2, 2), 6: (2, 1), 7: (1, 1), 2: (2, 2), 8: (2, 2), 0: (1, 1), 3: (1, 0), 4: (1, 1), 1: (2, 2), 10: (2, 2), 9: (2, 2)}
t_type about to use: 1
h_type: 2
shift dict: {0: 0, 1: 188, 2: 746}
count dict: Counter({2: 940, 1: 558, 0: 188})
Generated 886 negative samples for edge type 6
Epoch 00057, Step00000 | Train_Loss: 0.4858 | Time: 0.0212
Epoch 00057 | Val_Loss 0.9065 | Time(s) 0.0084
EarlyStopping counter: 18 out of 40
Getting training negative samples for edge types: [6]
nodes.shift keys: [0, 1, 2]
nodes.count keys: [0, 1, 2]
links.meta: {5: (2, 2), 6: (2, 1), 7: (1, 1), 2: (2, 2), 8: (2, 2), 0: (1, 1), 3: (1, 0), 4: (1, 1), 1: (2, 2), 10: (2, 2), 9: (2, 2)}
t_type about to use: 1
h_type: 2
shift dict: {0: 0, 1: 188, 2: 746}
count dict: Counter({2: 940, 1: 558, 0: 188})
Generated 886 negative samples for edge type 6
Epoch 00058, Step00000 | Train_Loss: 0.4922 | Time: 0.0205
Epoch 00058 | Val_Loss 0.8071 | Time(s) 0.0084
EarlyStopping counter: 19 out of 40
Getting training negative samples for edge types: [6]
nodes.shift keys: [0, 1, 2]
nodes.count keys: [0, 1, 2]
links.meta: {5: (2, 2), 6: (2, 1), 7: (1, 1), 2: (2, 2), 8: (2, 2), 0: (1, 1), 3: (1, 0), 4: (1, 1), 1: (2, 2), 10: (2, 2), 9: (2, 2)}
t_type about to use: 1
h_type: 2
shift dict: {0: 0, 1: 188, 2: 746}
count dict: Counter({2: 940, 1: 558, 0: 188})
Generated 886 negative samples for edge type 6
Epoch 00059, Step00000 | Train_Loss: 0.4850 | Time: 0.0196
Epoch 00059 | Val_Loss 0.8451 | Time(s) 0.0085
EarlyStopping counter: 20 out of 40
Getting training negative samples for edge types: [6]
nodes.shift keys: [0, 1, 2]
nodes.count keys: [0, 1, 2]
links.meta: {5: (2, 2), 6: (2, 1), 7: (1, 1), 2: (2, 2), 8: (2, 2), 0: (1, 1), 3: (1, 0), 4: (1, 1), 1: (2, 2), 10: (2, 2), 9: (2, 2)}
t_type about to use: 1
h_type: 2
shift dict: {0: 0, 1: 188, 2: 746}
count dict: Counter({2: 940, 1: 558, 0: 188})
Generated 886 negative samples for edge type 6
Epoch 00060, Step00000 | Train_Loss: 0.4905 | Time: 0.0214
Epoch 00060 | Val_Loss 0.9475 | Time(s) 0.0081
EarlyStopping counter: 21 out of 40
Getting training negative samples for edge types: [6]
nodes.shift keys: [0, 1, 2]
nodes.count keys: [0, 1, 2]
links.meta: {5: (2, 2), 6: (2, 1), 7: (1, 1), 2: (2, 2), 8: (2, 2), 0: (1, 1), 3: (1, 0), 4: (1, 1), 1: (2, 2), 10: (2, 2), 9: (2, 2)}
t_type about to use: 1
h_type: 2
shift dict: {0: 0, 1: 188, 2: 746}
count dict: Counter({2: 940, 1: 558, 0: 188})
Generated 886 negative samples for edge type 6
Epoch 00061, Step00000 | Train_Loss: 0.4966 | Time: 0.0197
Epoch 00061 | Val_Loss 0.8313 | Time(s) 0.0086
EarlyStopping counter: 22 out of 40
Getting training negative samples for edge types: [6]
nodes.shift keys: [0, 1, 2]
nodes.count keys: [0, 1, 2]
links.meta: {5: (2, 2), 6: (2, 1), 7: (1, 1), 2: (2, 2), 8: (2, 2), 0: (1, 1), 3: (1, 0), 4: (1, 1), 1: (2, 2), 10: (2, 2), 9: (2, 2)}
t_type about to use: 1
h_type: 2
shift dict: {0: 0, 1: 188, 2: 746}
count dict: Counter({2: 940, 1: 558, 0: 188})
Generated 886 negative samples for edge type 6
Epoch 00062, Step00000 | Train_Loss: 0.5046 | Time: 0.0205
Epoch 00062 | Val_Loss 0.8400 | Time(s) 0.0091
EarlyStopping counter: 23 out of 40
Getting training negative samples for edge types: [6]
nodes.shift keys: [0, 1, 2]
nodes.count keys: [0, 1, 2]
links.meta: {5: (2, 2), 6: (2, 1), 7: (1, 1), 2: (2, 2), 8: (2, 2), 0: (1, 1), 3: (1, 0), 4: (1, 1), 1: (2, 2), 10: (2, 2), 9: (2, 2)}
t_type about to use: 1
h_type: 2
shift dict: {0: 0, 1: 188, 2: 746}
count dict: Counter({2: 940, 1: 558, 0: 188})
Generated 886 negative samples for edge type 6
Epoch 00063, Step00000 | Train_Loss: 0.4821 | Time: 0.0203
Epoch 00063 | Val_Loss 0.7434 | Time(s) 0.0087
EarlyStopping counter: 24 out of 40
Getting training negative samples for edge types: [6]
nodes.shift keys: [0, 1, 2]
nodes.count keys: [0, 1, 2]
links.meta: {5: (2, 2), 6: (2, 1), 7: (1, 1), 2: (2, 2), 8: (2, 2), 0: (1, 1), 3: (1, 0), 4: (1, 1), 1: (2, 2), 10: (2, 2), 9: (2, 2)}
t_type about to use: 1
h_type: 2
shift dict: {0: 0, 1: 188, 2: 746}
count dict: Counter({2: 940, 1: 558, 0: 188})
Generated 886 negative samples for edge type 6
Epoch 00064, Step00000 | Train_Loss: 0.4823 | Time: 0.0205
Epoch 00064 | Val_Loss 0.6324 | Time(s) 0.0089
Validation loss decreased (0.651580 --> 0.632444).  Saving model ...
Getting training negative samples for edge types: [6]
nodes.shift keys: [0, 1, 2]
nodes.count keys: [0, 1, 2]
links.meta: {5: (2, 2), 6: (2, 1), 7: (1, 1), 2: (2, 2), 8: (2, 2), 0: (1, 1), 3: (1, 0), 4: (1, 1), 1: (2, 2), 10: (2, 2), 9: (2, 2)}
t_type about to use: 1
h_type: 2
shift dict: {0: 0, 1: 188, 2: 746}
count dict: Counter({2: 940, 1: 558, 0: 188})
Generated 886 negative samples for edge type 6
Epoch 00065, Step00000 | Train_Loss: 0.4890 | Time: 0.0204
Epoch 00065 | Val_Loss 0.7708 | Time(s) 0.0075
EarlyStopping counter: 1 out of 40
Getting training negative samples for edge types: [6]
nodes.shift keys: [0, 1, 2]
nodes.count keys: [0, 1, 2]
links.meta: {5: (2, 2), 6: (2, 1), 7: (1, 1), 2: (2, 2), 8: (2, 2), 0: (1, 1), 3: (1, 0), 4: (1, 1), 1: (2, 2), 10: (2, 2), 9: (2, 2)}
t_type about to use: 1
h_type: 2
shift dict: {0: 0, 1: 188, 2: 746}
count dict: Counter({2: 940, 1: 558, 0: 188})
Generated 886 negative samples for edge type 6
Epoch 00066, Step00000 | Train_Loss: 0.4976 | Time: 0.0203
Epoch 00066 | Val_Loss 0.7416 | Time(s) 0.0078
EarlyStopping counter: 2 out of 40
Getting training negative samples for edge types: [6]
nodes.shift keys: [0, 1, 2]
nodes.count keys: [0, 1, 2]
links.meta: {5: (2, 2), 6: (2, 1), 7: (1, 1), 2: (2, 2), 8: (2, 2), 0: (1, 1), 3: (1, 0), 4: (1, 1), 1: (2, 2), 10: (2, 2), 9: (2, 2)}
t_type about to use: 1
h_type: 2
shift dict: {0: 0, 1: 188, 2: 746}
count dict: Counter({2: 940, 1: 558, 0: 188})
Generated 886 negative samples for edge type 6
Epoch 00067, Step00000 | Train_Loss: 0.4567 | Time: 0.0208
Epoch 00067 | Val_Loss 0.8410 | Time(s) 0.0089
EarlyStopping counter: 3 out of 40
Getting training negative samples for edge types: [6]
nodes.shift keys: [0, 1, 2]
nodes.count keys: [0, 1, 2]
links.meta: {5: (2, 2), 6: (2, 1), 7: (1, 1), 2: (2, 2), 8: (2, 2), 0: (1, 1), 3: (1, 0), 4: (1, 1), 1: (2, 2), 10: (2, 2), 9: (2, 2)}
t_type about to use: 1
h_type: 2
shift dict: {0: 0, 1: 188, 2: 746}
count dict: Counter({2: 940, 1: 558, 0: 188})
Generated 886 negative samples for edge type 6
Epoch 00068, Step00000 | Train_Loss: 0.4705 | Time: 0.0197
Epoch 00068 | Val_Loss 0.8862 | Time(s) 0.0071
EarlyStopping counter: 4 out of 40
Getting training negative samples for edge types: [6]
nodes.shift keys: [0, 1, 2]
nodes.count keys: [0, 1, 2]
links.meta: {5: (2, 2), 6: (2, 1), 7: (1, 1), 2: (2, 2), 8: (2, 2), 0: (1, 1), 3: (1, 0), 4: (1, 1), 1: (2, 2), 10: (2, 2), 9: (2, 2)}
t_type about to use: 1
h_type: 2
shift dict: {0: 0, 1: 188, 2: 746}
count dict: Counter({2: 940, 1: 558, 0: 188})
Generated 886 negative samples for edge type 6
Epoch 00069, Step00000 | Train_Loss: 0.4884 | Time: 0.0207
Epoch 00069 | Val_Loss 0.7682 | Time(s) 0.0091
EarlyStopping counter: 5 out of 40
Getting training negative samples for edge types: [6]
nodes.shift keys: [0, 1, 2]
nodes.count keys: [0, 1, 2]
links.meta: {5: (2, 2), 6: (2, 1), 7: (1, 1), 2: (2, 2), 8: (2, 2), 0: (1, 1), 3: (1, 0), 4: (1, 1), 1: (2, 2), 10: (2, 2), 9: (2, 2)}
t_type about to use: 1
h_type: 2
shift dict: {0: 0, 1: 188, 2: 746}
count dict: Counter({2: 940, 1: 558, 0: 188})
Generated 886 negative samples for edge type 6
Epoch 00070, Step00000 | Train_Loss: 0.4829 | Time: 0.0196
Epoch 00070 | Val_Loss 0.7935 | Time(s) 0.0076
EarlyStopping counter: 6 out of 40
Getting training negative samples for edge types: [6]
nodes.shift keys: [0, 1, 2]
nodes.count keys: [0, 1, 2]
links.meta: {5: (2, 2), 6: (2, 1), 7: (1, 1), 2: (2, 2), 8: (2, 2), 0: (1, 1), 3: (1, 0), 4: (1, 1), 1: (2, 2), 10: (2, 2), 9: (2, 2)}
t_type about to use: 1
h_type: 2
shift dict: {0: 0, 1: 188, 2: 746}
count dict: Counter({2: 940, 1: 558, 0: 188})
Generated 886 negative samples for edge type 6
Epoch 00071, Step00000 | Train_Loss: 0.4747 | Time: 0.0205
Epoch 00071 | Val_Loss 0.8051 | Time(s) 0.0101
EarlyStopping counter: 7 out of 40
Getting training negative samples for edge types: [6]
nodes.shift keys: [0, 1, 2]
nodes.count keys: [0, 1, 2]
links.meta: {5: (2, 2), 6: (2, 1), 7: (1, 1), 2: (2, 2), 8: (2, 2), 0: (1, 1), 3: (1, 0), 4: (1, 1), 1: (2, 2), 10: (2, 2), 9: (2, 2)}
t_type about to use: 1
h_type: 2
shift dict: {0: 0, 1: 188, 2: 746}
count dict: Counter({2: 940, 1: 558, 0: 188})
Generated 886 negative samples for edge type 6
Epoch 00072, Step00000 | Train_Loss: 0.4639 | Time: 0.0198
Epoch 00072 | Val_Loss 0.7202 | Time(s) 0.0073
EarlyStopping counter: 8 out of 40
Getting training negative samples for edge types: [6]
nodes.shift keys: [0, 1, 2]
nodes.count keys: [0, 1, 2]
links.meta: {5: (2, 2), 6: (2, 1), 7: (1, 1), 2: (2, 2), 8: (2, 2), 0: (1, 1), 3: (1, 0), 4: (1, 1), 1: (2, 2), 10: (2, 2), 9: (2, 2)}
t_type about to use: 1
h_type: 2
shift dict: {0: 0, 1: 188, 2: 746}
count dict: Counter({2: 940, 1: 558, 0: 188})
Generated 886 negative samples for edge type 6
Epoch 00073, Step00000 | Train_Loss: 0.4760 | Time: 0.0203
Epoch 00073 | Val_Loss 0.7803 | Time(s) 0.0084
EarlyStopping counter: 9 out of 40
Getting training negative samples for edge types: [6]
nodes.shift keys: [0, 1, 2]
nodes.count keys: [0, 1, 2]
links.meta: {5: (2, 2), 6: (2, 1), 7: (1, 1), 2: (2, 2), 8: (2, 2), 0: (1, 1), 3: (1, 0), 4: (1, 1), 1: (2, 2), 10: (2, 2), 9: (2, 2)}
t_type about to use: 1
h_type: 2
shift dict: {0: 0, 1: 188, 2: 746}
count dict: Counter({2: 940, 1: 558, 0: 188})
Generated 886 negative samples for edge type 6
Epoch 00074, Step00000 | Train_Loss: 0.4712 | Time: 0.0200
Epoch 00074 | Val_Loss 0.7952 | Time(s) 0.0085
EarlyStopping counter: 10 out of 40
Getting training negative samples for edge types: [6]
nodes.shift keys: [0, 1, 2]
nodes.count keys: [0, 1, 2]
links.meta: {5: (2, 2), 6: (2, 1), 7: (1, 1), 2: (2, 2), 8: (2, 2), 0: (1, 1), 3: (1, 0), 4: (1, 1), 1: (2, 2), 10: (2, 2), 9: (2, 2)}
t_type about to use: 1
h_type: 2
shift dict: {0: 0, 1: 188, 2: 746}
count dict: Counter({2: 940, 1: 558, 0: 188})
Generated 886 negative samples for edge type 6
Epoch 00075, Step00000 | Train_Loss: 0.4744 | Time: 0.0201
Epoch 00075 | Val_Loss 0.7426 | Time(s) 0.0085
EarlyStopping counter: 11 out of 40
Getting training negative samples for edge types: [6]
nodes.shift keys: [0, 1, 2]
nodes.count keys: [0, 1, 2]
links.meta: {5: (2, 2), 6: (2, 1), 7: (1, 1), 2: (2, 2), 8: (2, 2), 0: (1, 1), 3: (1, 0), 4: (1, 1), 1: (2, 2), 10: (2, 2), 9: (2, 2)}
t_type about to use: 1
h_type: 2
shift dict: {0: 0, 1: 188, 2: 746}
count dict: Counter({2: 940, 1: 558, 0: 188})
Generated 886 negative samples for edge type 6
Epoch 00076, Step00000 | Train_Loss: 0.4777 | Time: 0.0208
Epoch 00076 | Val_Loss 0.7246 | Time(s) 0.0084
EarlyStopping counter: 12 out of 40
Getting training negative samples for edge types: [6]
nodes.shift keys: [0, 1, 2]
nodes.count keys: [0, 1, 2]
links.meta: {5: (2, 2), 6: (2, 1), 7: (1, 1), 2: (2, 2), 8: (2, 2), 0: (1, 1), 3: (1, 0), 4: (1, 1), 1: (2, 2), 10: (2, 2), 9: (2, 2)}
t_type about to use: 1
h_type: 2
shift dict: {0: 0, 1: 188, 2: 746}
count dict: Counter({2: 940, 1: 558, 0: 188})
Generated 886 negative samples for edge type 6
Epoch 00077, Step00000 | Train_Loss: 0.4673 | Time: 0.0199
Epoch 00077 | Val_Loss 0.7642 | Time(s) 0.0087
EarlyStopping counter: 13 out of 40
Getting training negative samples for edge types: [6]
nodes.shift keys: [0, 1, 2]
nodes.count keys: [0, 1, 2]
links.meta: {5: (2, 2), 6: (2, 1), 7: (1, 1), 2: (2, 2), 8: (2, 2), 0: (1, 1), 3: (1, 0), 4: (1, 1), 1: (2, 2), 10: (2, 2), 9: (2, 2)}
t_type about to use: 1
h_type: 2
shift dict: {0: 0, 1: 188, 2: 746}
count dict: Counter({2: 940, 1: 558, 0: 188})
Generated 886 negative samples for edge type 6
Epoch 00078, Step00000 | Train_Loss: 0.4834 | Time: 0.0221
Epoch 00078 | Val_Loss 0.6983 | Time(s) 0.0090
EarlyStopping counter: 14 out of 40
Getting training negative samples for edge types: [6]
nodes.shift keys: [0, 1, 2]
nodes.count keys: [0, 1, 2]
links.meta: {5: (2, 2), 6: (2, 1), 7: (1, 1), 2: (2, 2), 8: (2, 2), 0: (1, 1), 3: (1, 0), 4: (1, 1), 1: (2, 2), 10: (2, 2), 9: (2, 2)}
t_type about to use: 1
h_type: 2
shift dict: {0: 0, 1: 188, 2: 746}
count dict: Counter({2: 940, 1: 558, 0: 188})
Generated 886 negative samples for edge type 6
Epoch 00079, Step00000 | Train_Loss: 0.4642 | Time: 0.0197
Epoch 00079 | Val_Loss 0.6962 | Time(s) 0.0071
EarlyStopping counter: 15 out of 40
Getting training negative samples for edge types: [6]
nodes.shift keys: [0, 1, 2]
nodes.count keys: [0, 1, 2]
links.meta: {5: (2, 2), 6: (2, 1), 7: (1, 1), 2: (2, 2), 8: (2, 2), 0: (1, 1), 3: (1, 0), 4: (1, 1), 1: (2, 2), 10: (2, 2), 9: (2, 2)}
t_type about to use: 1
h_type: 2
shift dict: {0: 0, 1: 188, 2: 746}
count dict: Counter({2: 940, 1: 558, 0: 188})
Generated 886 negative samples for edge type 6
Epoch 00080, Step00000 | Train_Loss: 0.4650 | Time: 0.0201
Epoch 00080 | Val_Loss 0.8445 | Time(s) 0.0087
EarlyStopping counter: 16 out of 40
Getting training negative samples for edge types: [6]
nodes.shift keys: [0, 1, 2]
nodes.count keys: [0, 1, 2]
links.meta: {5: (2, 2), 6: (2, 1), 7: (1, 1), 2: (2, 2), 8: (2, 2), 0: (1, 1), 3: (1, 0), 4: (1, 1), 1: (2, 2), 10: (2, 2), 9: (2, 2)}
t_type about to use: 1
h_type: 2
shift dict: {0: 0, 1: 188, 2: 746}
count dict: Counter({2: 940, 1: 558, 0: 188})
Generated 886 negative samples for edge type 6
Epoch 00081, Step00000 | Train_Loss: 0.4604 | Time: 0.0202
Epoch 00081 | Val_Loss 0.7582 | Time(s) 0.0086
EarlyStopping counter: 17 out of 40
Getting training negative samples for edge types: [6]
nodes.shift keys: [0, 1, 2]
nodes.count keys: [0, 1, 2]
links.meta: {5: (2, 2), 6: (2, 1), 7: (1, 1), 2: (2, 2), 8: (2, 2), 0: (1, 1), 3: (1, 0), 4: (1, 1), 1: (2, 2), 10: (2, 2), 9: (2, 2)}
t_type about to use: 1
h_type: 2
shift dict: {0: 0, 1: 188, 2: 746}
count dict: Counter({2: 940, 1: 558, 0: 188})
Generated 886 negative samples for edge type 6
Epoch 00082, Step00000 | Train_Loss: 0.4577 | Time: 0.0206
Epoch 00082 | Val_Loss 0.9255 | Time(s) 0.0090
EarlyStopping counter: 18 out of 40
Getting training negative samples for edge types: [6]
nodes.shift keys: [0, 1, 2]
nodes.count keys: [0, 1, 2]
links.meta: {5: (2, 2), 6: (2, 1), 7: (1, 1), 2: (2, 2), 8: (2, 2), 0: (1, 1), 3: (1, 0), 4: (1, 1), 1: (2, 2), 10: (2, 2), 9: (2, 2)}
t_type about to use: 1
h_type: 2
shift dict: {0: 0, 1: 188, 2: 746}
count dict: Counter({2: 940, 1: 558, 0: 188})
Generated 886 negative samples for edge type 6
Epoch 00083, Step00000 | Train_Loss: 0.4750 | Time: 0.0201
Epoch 00083 | Val_Loss 0.8374 | Time(s) 0.0085
EarlyStopping counter: 19 out of 40
Getting training negative samples for edge types: [6]
nodes.shift keys: [0, 1, 2]
nodes.count keys: [0, 1, 2]
links.meta: {5: (2, 2), 6: (2, 1), 7: (1, 1), 2: (2, 2), 8: (2, 2), 0: (1, 1), 3: (1, 0), 4: (1, 1), 1: (2, 2), 10: (2, 2), 9: (2, 2)}
t_type about to use: 1
h_type: 2
shift dict: {0: 0, 1: 188, 2: 746}
count dict: Counter({2: 940, 1: 558, 0: 188})
Generated 886 negative samples for edge type 6
Epoch 00084, Step00000 | Train_Loss: 0.4563 | Time: 0.0200
Epoch 00084 | Val_Loss 0.6886 | Time(s) 0.0086
EarlyStopping counter: 20 out of 40
Getting training negative samples for edge types: [6]
nodes.shift keys: [0, 1, 2]
nodes.count keys: [0, 1, 2]
links.meta: {5: (2, 2), 6: (2, 1), 7: (1, 1), 2: (2, 2), 8: (2, 2), 0: (1, 1), 3: (1, 0), 4: (1, 1), 1: (2, 2), 10: (2, 2), 9: (2, 2)}
t_type about to use: 1
h_type: 2
shift dict: {0: 0, 1: 188, 2: 746}
count dict: Counter({2: 940, 1: 558, 0: 188})
Generated 886 negative samples for edge type 6
Epoch 00085, Step00000 | Train_Loss: 0.4888 | Time: 0.0218
Epoch 00085 | Val_Loss 0.6846 | Time(s) 0.0075
EarlyStopping counter: 21 out of 40
Getting training negative samples for edge types: [6]
nodes.shift keys: [0, 1, 2]
nodes.count keys: [0, 1, 2]
links.meta: {5: (2, 2), 6: (2, 1), 7: (1, 1), 2: (2, 2), 8: (2, 2), 0: (1, 1), 3: (1, 0), 4: (1, 1), 1: (2, 2), 10: (2, 2), 9: (2, 2)}
t_type about to use: 1
h_type: 2
shift dict: {0: 0, 1: 188, 2: 746}
count dict: Counter({2: 940, 1: 558, 0: 188})
Generated 886 negative samples for edge type 6
Epoch 00086, Step00000 | Train_Loss: 0.4720 | Time: 0.0201
Epoch 00086 | Val_Loss 0.6587 | Time(s) 0.0083
EarlyStopping counter: 22 out of 40
Getting training negative samples for edge types: [6]
nodes.shift keys: [0, 1, 2]
nodes.count keys: [0, 1, 2]
links.meta: {5: (2, 2), 6: (2, 1), 7: (1, 1), 2: (2, 2), 8: (2, 2), 0: (1, 1), 3: (1, 0), 4: (1, 1), 1: (2, 2), 10: (2, 2), 9: (2, 2)}
t_type about to use: 1
h_type: 2
shift dict: {0: 0, 1: 188, 2: 746}
count dict: Counter({2: 940, 1: 558, 0: 188})
Generated 886 negative samples for edge type 6
Epoch 00087, Step00000 | Train_Loss: 0.4496 | Time: 0.0212
Epoch 00087 | Val_Loss 0.8724 | Time(s) 0.0085
EarlyStopping counter: 23 out of 40
Getting training negative samples for edge types: [6]
nodes.shift keys: [0, 1, 2]
nodes.count keys: [0, 1, 2]
links.meta: {5: (2, 2), 6: (2, 1), 7: (1, 1), 2: (2, 2), 8: (2, 2), 0: (1, 1), 3: (1, 0), 4: (1, 1), 1: (2, 2), 10: (2, 2), 9: (2, 2)}
t_type about to use: 1
h_type: 2
shift dict: {0: 0, 1: 188, 2: 746}
count dict: Counter({2: 940, 1: 558, 0: 188})
Generated 886 negative samples for edge type 6
Epoch 00088, Step00000 | Train_Loss: 0.4662 | Time: 0.0200
Epoch 00088 | Val_Loss 0.8241 | Time(s) 0.0074
EarlyStopping counter: 24 out of 40
Getting training negative samples for edge types: [6]
nodes.shift keys: [0, 1, 2]
nodes.count keys: [0, 1, 2]
links.meta: {5: (2, 2), 6: (2, 1), 7: (1, 1), 2: (2, 2), 8: (2, 2), 0: (1, 1), 3: (1, 0), 4: (1, 1), 1: (2, 2), 10: (2, 2), 9: (2, 2)}
t_type about to use: 1
h_type: 2
shift dict: {0: 0, 1: 188, 2: 746}
count dict: Counter({2: 940, 1: 558, 0: 188})
Generated 886 negative samples for edge type 6
Epoch 00089, Step00000 | Train_Loss: 0.4727 | Time: 0.0203
Epoch 00089 | Val_Loss 0.8060 | Time(s) 0.0088
EarlyStopping counter: 25 out of 40
Getting training negative samples for edge types: [6]
nodes.shift keys: [0, 1, 2]
nodes.count keys: [0, 1, 2]
links.meta: {5: (2, 2), 6: (2, 1), 7: (1, 1), 2: (2, 2), 8: (2, 2), 0: (1, 1), 3: (1, 0), 4: (1, 1), 1: (2, 2), 10: (2, 2), 9: (2, 2)}
t_type about to use: 1
h_type: 2
shift dict: {0: 0, 1: 188, 2: 746}
count dict: Counter({2: 940, 1: 558, 0: 188})
Generated 886 negative samples for edge type 6
Epoch 00090, Step00000 | Train_Loss: 0.4567 | Time: 0.0205
Epoch 00090 | Val_Loss 0.7303 | Time(s) 0.0083
EarlyStopping counter: 26 out of 40
Getting training negative samples for edge types: [6]
nodes.shift keys: [0, 1, 2]
nodes.count keys: [0, 1, 2]
links.meta: {5: (2, 2), 6: (2, 1), 7: (1, 1), 2: (2, 2), 8: (2, 2), 0: (1, 1), 3: (1, 0), 4: (1, 1), 1: (2, 2), 10: (2, 2), 9: (2, 2)}
t_type about to use: 1
h_type: 2
shift dict: {0: 0, 1: 188, 2: 746}
count dict: Counter({2: 940, 1: 558, 0: 188})
Generated 886 negative samples for edge type 6
Epoch 00091, Step00000 | Train_Loss: 0.4439 | Time: 0.0202
Epoch 00091 | Val_Loss 0.8478 | Time(s) 0.0083
EarlyStopping counter: 27 out of 40
Getting training negative samples for edge types: [6]
nodes.shift keys: [0, 1, 2]
nodes.count keys: [0, 1, 2]
links.meta: {5: (2, 2), 6: (2, 1), 7: (1, 1), 2: (2, 2), 8: (2, 2), 0: (1, 1), 3: (1, 0), 4: (1, 1), 1: (2, 2), 10: (2, 2), 9: (2, 2)}
t_type about to use: 1
h_type: 2
shift dict: {0: 0, 1: 188, 2: 746}
count dict: Counter({2: 940, 1: 558, 0: 188})
Generated 886 negative samples for edge type 6
Epoch 00092, Step00000 | Train_Loss: 0.4440 | Time: 0.0210
Epoch 00092 | Val_Loss 0.8477 | Time(s) 0.0088
EarlyStopping counter: 28 out of 40
Getting training negative samples for edge types: [6]
nodes.shift keys: [0, 1, 2]
nodes.count keys: [0, 1, 2]
links.meta: {5: (2, 2), 6: (2, 1), 7: (1, 1), 2: (2, 2), 8: (2, 2), 0: (1, 1), 3: (1, 0), 4: (1, 1), 1: (2, 2), 10: (2, 2), 9: (2, 2)}
t_type about to use: 1
h_type: 2
shift dict: {0: 0, 1: 188, 2: 746}
count dict: Counter({2: 940, 1: 558, 0: 188})
Generated 886 negative samples for edge type 6
Epoch 00093, Step00000 | Train_Loss: 0.4516 | Time: 0.0208
Epoch 00093 | Val_Loss 0.7582 | Time(s) 0.0082
EarlyStopping counter: 29 out of 40
Getting training negative samples for edge types: [6]
nodes.shift keys: [0, 1, 2]
nodes.count keys: [0, 1, 2]
links.meta: {5: (2, 2), 6: (2, 1), 7: (1, 1), 2: (2, 2), 8: (2, 2), 0: (1, 1), 3: (1, 0), 4: (1, 1), 1: (2, 2), 10: (2, 2), 9: (2, 2)}
t_type about to use: 1
h_type: 2
shift dict: {0: 0, 1: 188, 2: 746}
count dict: Counter({2: 940, 1: 558, 0: 188})
Generated 886 negative samples for edge type 6
Epoch 00094, Step00000 | Train_Loss: 0.4546 | Time: 0.0206
Epoch 00094 | Val_Loss 0.7389 | Time(s) 0.0077
EarlyStopping counter: 30 out of 40
Getting training negative samples for edge types: [6]
nodes.shift keys: [0, 1, 2]
nodes.count keys: [0, 1, 2]
links.meta: {5: (2, 2), 6: (2, 1), 7: (1, 1), 2: (2, 2), 8: (2, 2), 0: (1, 1), 3: (1, 0), 4: (1, 1), 1: (2, 2), 10: (2, 2), 9: (2, 2)}
t_type about to use: 1
h_type: 2
shift dict: {0: 0, 1: 188, 2: 746}
count dict: Counter({2: 940, 1: 558, 0: 188})
Generated 886 negative samples for edge type 6
Epoch 00095, Step00000 | Train_Loss: 0.4384 | Time: 0.0200
Epoch 00095 | Val_Loss 0.8011 | Time(s) 0.0076
EarlyStopping counter: 31 out of 40
Getting training negative samples for edge types: [6]
nodes.shift keys: [0, 1, 2]
nodes.count keys: [0, 1, 2]
links.meta: {5: (2, 2), 6: (2, 1), 7: (1, 1), 2: (2, 2), 8: (2, 2), 0: (1, 1), 3: (1, 0), 4: (1, 1), 1: (2, 2), 10: (2, 2), 9: (2, 2)}
t_type about to use: 1
h_type: 2
shift dict: {0: 0, 1: 188, 2: 746}
count dict: Counter({2: 940, 1: 558, 0: 188})
Generated 886 negative samples for edge type 6
Epoch 00096, Step00000 | Train_Loss: 0.4510 | Time: 0.0197
Epoch 00096 | Val_Loss 0.7383 | Time(s) 0.0087
EarlyStopping counter: 32 out of 40
Getting training negative samples for edge types: [6]
nodes.shift keys: [0, 1, 2]
nodes.count keys: [0, 1, 2]
links.meta: {5: (2, 2), 6: (2, 1), 7: (1, 1), 2: (2, 2), 8: (2, 2), 0: (1, 1), 3: (1, 0), 4: (1, 1), 1: (2, 2), 10: (2, 2), 9: (2, 2)}
t_type about to use: 1
h_type: 2
shift dict: {0: 0, 1: 188, 2: 746}
count dict: Counter({2: 940, 1: 558, 0: 188})
Generated 886 negative samples for edge type 6
Epoch 00097, Step00000 | Train_Loss: 0.4532 | Time: 0.0212
Epoch 00097 | Val_Loss 0.8231 | Time(s) 0.0090
EarlyStopping counter: 33 out of 40
Getting training negative samples for edge types: [6]
nodes.shift keys: [0, 1, 2]
nodes.count keys: [0, 1, 2]
links.meta: {5: (2, 2), 6: (2, 1), 7: (1, 1), 2: (2, 2), 8: (2, 2), 0: (1, 1), 3: (1, 0), 4: (1, 1), 1: (2, 2), 10: (2, 2), 9: (2, 2)}
t_type about to use: 1
h_type: 2
shift dict: {0: 0, 1: 188, 2: 746}
count dict: Counter({2: 940, 1: 558, 0: 188})
Generated 886 negative samples for edge type 6
Epoch 00098, Step00000 | Train_Loss: 0.4355 | Time: 0.0200
Epoch 00098 | Val_Loss 0.7313 | Time(s) 0.0077
EarlyStopping counter: 34 out of 40
Getting training negative samples for edge types: [6]
nodes.shift keys: [0, 1, 2]
nodes.count keys: [0, 1, 2]
links.meta: {5: (2, 2), 6: (2, 1), 7: (1, 1), 2: (2, 2), 8: (2, 2), 0: (1, 1), 3: (1, 0), 4: (1, 1), 1: (2, 2), 10: (2, 2), 9: (2, 2)}
t_type about to use: 1
h_type: 2
shift dict: {0: 0, 1: 188, 2: 746}
count dict: Counter({2: 940, 1: 558, 0: 188})
Generated 886 negative samples for edge type 6
Epoch 00099, Step00000 | Train_Loss: 0.4507 | Time: 0.0212
Epoch 00099 | Val_Loss 0.7422 | Time(s) 0.0084
EarlyStopping counter: 35 out of 40
Getting training negative samples for edge types: [6]
nodes.shift keys: [0, 1, 2]
nodes.count keys: [0, 1, 2]
links.meta: {5: (2, 2), 6: (2, 1), 7: (1, 1), 2: (2, 2), 8: (2, 2), 0: (1, 1), 3: (1, 0), 4: (1, 1), 1: (2, 2), 10: (2, 2), 9: (2, 2)}
t_type about to use: 1
h_type: 2
shift dict: {0: 0, 1: 188, 2: 746}
count dict: Counter({2: 940, 1: 558, 0: 188})
Generated 886 negative samples for edge type 6
Epoch 00100, Step00000 | Train_Loss: 0.4352 | Time: 0.0207
Epoch 00100 | Val_Loss 0.8196 | Time(s) 0.0081
EarlyStopping counter: 36 out of 40
Getting training negative samples for edge types: [6]
nodes.shift keys: [0, 1, 2]
nodes.count keys: [0, 1, 2]
links.meta: {5: (2, 2), 6: (2, 1), 7: (1, 1), 2: (2, 2), 8: (2, 2), 0: (1, 1), 3: (1, 0), 4: (1, 1), 1: (2, 2), 10: (2, 2), 9: (2, 2)}
t_type about to use: 1
h_type: 2
shift dict: {0: 0, 1: 188, 2: 746}
count dict: Counter({2: 940, 1: 558, 0: 188})
Generated 886 negative samples for edge type 6
Epoch 00101, Step00000 | Train_Loss: 0.4244 | Time: 0.0204
Epoch 00101 | Val_Loss 0.7961 | Time(s) 0.0082
EarlyStopping counter: 37 out of 40
Getting training negative samples for edge types: [6]
nodes.shift keys: [0, 1, 2]
nodes.count keys: [0, 1, 2]
links.meta: {5: (2, 2), 6: (2, 1), 7: (1, 1), 2: (2, 2), 8: (2, 2), 0: (1, 1), 3: (1, 0), 4: (1, 1), 1: (2, 2), 10: (2, 2), 9: (2, 2)}
t_type about to use: 1
h_type: 2
shift dict: {0: 0, 1: 188, 2: 746}
count dict: Counter({2: 940, 1: 558, 0: 188})
Generated 886 negative samples for edge type 6
Epoch 00102, Step00000 | Train_Loss: 0.4491 | Time: 0.0213
Epoch 00102 | Val_Loss 0.7306 | Time(s) 0.0083
EarlyStopping counter: 38 out of 40
Getting training negative samples for edge types: [6]
nodes.shift keys: [0, 1, 2]
nodes.count keys: [0, 1, 2]
links.meta: {5: (2, 2), 6: (2, 1), 7: (1, 1), 2: (2, 2), 8: (2, 2), 0: (1, 1), 3: (1, 0), 4: (1, 1), 1: (2, 2), 10: (2, 2), 9: (2, 2)}
t_type about to use: 1
h_type: 2
shift dict: {0: 0, 1: 188, 2: 746}
count dict: Counter({2: 940, 1: 558, 0: 188})
Generated 886 negative samples for edge type 6
Epoch 00103, Step00000 | Train_Loss: 0.4298 | Time: 0.0210
Epoch 00103 | Val_Loss 0.7478 | Time(s) 0.0075
EarlyStopping counter: 39 out of 40
Getting training negative samples for edge types: [6]
nodes.shift keys: [0, 1, 2]
nodes.count keys: [0, 1, 2]
links.meta: {5: (2, 2), 6: (2, 1), 7: (1, 1), 2: (2, 2), 8: (2, 2), 0: (1, 1), 3: (1, 0), 4: (1, 1), 1: (2, 2), 10: (2, 2), 9: (2, 2)}
t_type about to use: 1
h_type: 2
shift dict: {0: 0, 1: 188, 2: 746}
count dict: Counter({2: 940, 1: 558, 0: 188})
Generated 886 negative samples for edge type 6
Epoch 00104, Step00000 | Train_Loss: 0.4525 | Time: 0.0205
Epoch 00104 | Val_Loss 0.7422 | Time(s) 0.0081
EarlyStopping counter: 40 out of 40
Early stopping!
Early stopping!
Meta keys: dict_keys([6])
Data keys: dict_keys([6])
Edge type: 6, Meta: (2, 1)
{'roc_auc': 0.5992366412213741, 'MRR': 0.7635555555555555}
{'roc_auc': 0.7451925878445312, 'MRR': 0.8355555555555555}
defaultdict(<class 'float'>, {'roc_auc': 0.5992366412213741, 'MRR': 0.7635555555555555})
defaultdict(<class 'float'>, {'roc_auc': 0.7451925878445312, 'MRR': 0.8355555555555555})
Completed: amazon_style_cct_features_securebert_fold_3

--------------------------------------
Running model: SimpleHGN
Dataset: amazon_style_cct_features_securebert_fold_4
--------------------------------------
Data path: ../../data/amazon_style_cct_features_securebert_fold_4
Loading nodes from ../../data/amazon_style_cct_features_securebert_fold_4/node.dat
edge types: dict_keys([5, 6, 7, 2, 8, 0, 3, 4, 1, 10, 9])
Getting training negative samples for edge types: [6]
nodes.shift keys: [0, 1, 2]
nodes.count keys: [0, 1, 2]
links.meta: {5: (2, 2), 6: (2, 1), 7: (1, 1), 2: (2, 2), 8: (2, 2), 0: (1, 1), 3: (1, 0), 4: (1, 1), 1: (2, 2), 10: (2, 2), 9: (2, 2)}
t_type about to use: 1
h_type: 2
shift dict: {0: 0, 1: 188, 2: 746}
count dict: Counter({2: 940, 1: 558, 0: 188})
Generated 904 negative samples for edge type 6
Features List: [array([[ 0.00445206,  0.01268557,  0.22351578, ..., -0.28678206,
        -0.37460288,  0.18294938],
       [-0.18744846,  0.07075578,  0.0476894 , ..., -0.2232531 ,
        -0.19588573,  0.47988179],
       [-0.17451471, -0.04557271,  0.15712288, ..., -0.05391889,
        -0.20500693,  0.23744845],
       ...,
       [-0.40584856,  0.04715464,  0.24475315, ..., -0.12466257,
        -0.2035536 ,  0.28577447],
       [-0.18835557,  0.03822717,  0.03586731, ..., -0.23435652,
        -0.35453227,  0.38753107],
       [-0.13632202,  0.14362322,  0.08668749, ..., -0.24145249,
        -0.25799868,  0.26464131]]), array([[ 0.00791158, -0.00538086, -0.02676104, ..., -0.01897389,
        -0.01306979, -0.00084801],
       [ 0.01682901, -0.00649696, -0.01921631, ..., -0.01401017,
        -0.0039668 , -0.02202195],
       [ 0.02197852, -0.01403735, -0.05225722, ...,  0.02019661,
         0.00528841,  0.0033033 ],
       ...,
       [ 0.01603197,  0.00716993, -0.01245602, ..., -0.01399604,
        -0.00058955, -0.0256807 ],
       [ 0.01039577,  0.02045547, -0.02146293, ...,  0.01017929,
         0.02390171,  0.00134994],
       [ 0.00462414,  0.0041195 , -0.0135733 , ..., -0.01101827,
         0.00813001,  0.0203817 ]]), array([[ 0.00087804,  0.00658507, -0.02514569, ..., -0.04238372,
         0.00850771, -0.02565438],
       [-0.0006986 ,  0.01542003, -0.03227317, ..., -0.01301633,
         0.01559736, -0.03614859],
       [-0.01135348,  0.00974955, -0.01812623, ..., -0.01920343,
         0.00887381, -0.0152928 ],
       ...,
       [ 0.00701895, -0.01539859, -0.03025482, ..., -0.03644368,
         0.01254067, -0.0236606 ],
       [-0.00414097,  0.00144739, -0.05197839, ...,  0.00216818,
         0.02755725, -0.03143983],
       [ 0.01779867, -0.02493452, -0.0391779 , ..., -0.01159797,
        -0.00619852, -0.02449675]])]
Getting training negative samples for edge types: [6]
nodes.shift keys: [0, 1, 2]
nodes.count keys: [0, 1, 2]
links.meta: {5: (2, 2), 6: (2, 1), 7: (1, 1), 2: (2, 2), 8: (2, 2), 0: (1, 1), 3: (1, 0), 4: (1, 1), 1: (2, 2), 10: (2, 2), 9: (2, 2)}
t_type about to use: 1
h_type: 2
shift dict: {0: 0, 1: 188, 2: 746}
count dict: Counter({2: 940, 1: 558, 0: 188})
Generated 904 negative samples for edge type 6
Epoch 00000, Step00000 | Train_Loss: 0.6946 | Time: 0.5390
Epoch 00000 | Val_Loss 0.6866 | Time(s) 0.0080
Validation loss decreased (inf --> 0.686631).  Saving model ...
Getting training negative samples for edge types: [6]
nodes.shift keys: [0, 1, 2]
nodes.count keys: [0, 1, 2]
links.meta: {5: (2, 2), 6: (2, 1), 7: (1, 1), 2: (2, 2), 8: (2, 2), 0: (1, 1), 3: (1, 0), 4: (1, 1), 1: (2, 2), 10: (2, 2), 9: (2, 2)}
t_type about to use: 1
h_type: 2
shift dict: {0: 0, 1: 188, 2: 746}
count dict: Counter({2: 940, 1: 558, 0: 188})
Generated 904 negative samples for edge type 6
Epoch 00001, Step00000 | Train_Loss: 0.6860 | Time: 0.0214
Epoch 00001 | Val_Loss 0.6797 | Time(s) 0.0076
Validation loss decreased (0.686631 --> 0.679722).  Saving model ...
Getting training negative samples for edge types: [6]
nodes.shift keys: [0, 1, 2]
nodes.count keys: [0, 1, 2]
links.meta: {5: (2, 2), 6: (2, 1), 7: (1, 1), 2: (2, 2), 8: (2, 2), 0: (1, 1), 3: (1, 0), 4: (1, 1), 1: (2, 2), 10: (2, 2), 9: (2, 2)}
t_type about to use: 1
h_type: 2
shift dict: {0: 0, 1: 188, 2: 746}
count dict: Counter({2: 940, 1: 558, 0: 188})
Generated 904 negative samples for edge type 6
Epoch 00002, Step00000 | Train_Loss: 0.6766 | Time: 0.0248
Epoch 00002 | Val_Loss 0.6685 | Time(s) 0.0126
Validation loss decreased (0.679722 --> 0.668497).  Saving model ...
Getting training negative samples for edge types: [6]
nodes.shift keys: [0, 1, 2]
nodes.count keys: [0, 1, 2]
links.meta: {5: (2, 2), 6: (2, 1), 7: (1, 1), 2: (2, 2), 8: (2, 2), 0: (1, 1), 3: (1, 0), 4: (1, 1), 1: (2, 2), 10: (2, 2), 9: (2, 2)}
t_type about to use: 1
h_type: 2
shift dict: {0: 0, 1: 188, 2: 746}
count dict: Counter({2: 940, 1: 558, 0: 188})
Generated 904 negative samples for edge type 6
Epoch 00003, Step00000 | Train_Loss: 0.6703 | Time: 0.0219
Epoch 00003 | Val_Loss 0.6570 | Time(s) 0.0077
Validation loss decreased (0.668497 --> 0.657050).  Saving model ...
Getting training negative samples for edge types: [6]
nodes.shift keys: [0, 1, 2]
nodes.count keys: [0, 1, 2]
links.meta: {5: (2, 2), 6: (2, 1), 7: (1, 1), 2: (2, 2), 8: (2, 2), 0: (1, 1), 3: (1, 0), 4: (1, 1), 1: (2, 2), 10: (2, 2), 9: (2, 2)}
t_type about to use: 1
h_type: 2
shift dict: {0: 0, 1: 188, 2: 746}
count dict: Counter({2: 940, 1: 558, 0: 188})
Generated 904 negative samples for edge type 6
Epoch 00004, Step00000 | Train_Loss: 0.6605 | Time: 0.0258
Epoch 00004 | Val_Loss 0.6512 | Time(s) 0.0076
Validation loss decreased (0.657050 --> 0.651216).  Saving model ...
Getting training negative samples for edge types: [6]
nodes.shift keys: [0, 1, 2]
nodes.count keys: [0, 1, 2]
links.meta: {5: (2, 2), 6: (2, 1), 7: (1, 1), 2: (2, 2), 8: (2, 2), 0: (1, 1), 3: (1, 0), 4: (1, 1), 1: (2, 2), 10: (2, 2), 9: (2, 2)}
t_type about to use: 1
h_type: 2
shift dict: {0: 0, 1: 188, 2: 746}
count dict: Counter({2: 940, 1: 558, 0: 188})
Generated 904 negative samples for edge type 6
Epoch 00005, Step00000 | Train_Loss: 0.6494 | Time: 0.0245
Epoch 00005 | Val_Loss 0.6530 | Time(s) 0.0093
EarlyStopping counter: 1 out of 40
Getting training negative samples for edge types: [6]
nodes.shift keys: [0, 1, 2]
nodes.count keys: [0, 1, 2]
links.meta: {5: (2, 2), 6: (2, 1), 7: (1, 1), 2: (2, 2), 8: (2, 2), 0: (1, 1), 3: (1, 0), 4: (1, 1), 1: (2, 2), 10: (2, 2), 9: (2, 2)}
t_type about to use: 1
h_type: 2
shift dict: {0: 0, 1: 188, 2: 746}
count dict: Counter({2: 940, 1: 558, 0: 188})
Generated 904 negative samples for edge type 6
Epoch 00006, Step00000 | Train_Loss: 0.6394 | Time: 0.0215
Epoch 00006 | Val_Loss 0.6452 | Time(s) 0.0095
Validation loss decreased (0.651216 --> 0.645171).  Saving model ...
Getting training negative samples for edge types: [6]
nodes.shift keys: [0, 1, 2]
nodes.count keys: [0, 1, 2]
links.meta: {5: (2, 2), 6: (2, 1), 7: (1, 1), 2: (2, 2), 8: (2, 2), 0: (1, 1), 3: (1, 0), 4: (1, 1), 1: (2, 2), 10: (2, 2), 9: (2, 2)}
t_type about to use: 1
h_type: 2
shift dict: {0: 0, 1: 188, 2: 746}
count dict: Counter({2: 940, 1: 558, 0: 188})
Generated 904 negative samples for edge type 6
Epoch 00007, Step00000 | Train_Loss: 0.6255 | Time: 0.0259
Epoch 00007 | Val_Loss 0.6516 | Time(s) 0.0094
EarlyStopping counter: 1 out of 40
Getting training negative samples for edge types: [6]
nodes.shift keys: [0, 1, 2]
nodes.count keys: [0, 1, 2]
links.meta: {5: (2, 2), 6: (2, 1), 7: (1, 1), 2: (2, 2), 8: (2, 2), 0: (1, 1), 3: (1, 0), 4: (1, 1), 1: (2, 2), 10: (2, 2), 9: (2, 2)}
t_type about to use: 1
h_type: 2
shift dict: {0: 0, 1: 188, 2: 746}
count dict: Counter({2: 940, 1: 558, 0: 188})
Generated 904 negative samples for edge type 6
Epoch 00008, Step00000 | Train_Loss: 0.6115 | Time: 0.0206
Epoch 00008 | Val_Loss 0.6925 | Time(s) 0.0086
EarlyStopping counter: 2 out of 40
Getting training negative samples for edge types: [6]
nodes.shift keys: [0, 1, 2]
nodes.count keys: [0, 1, 2]
links.meta: {5: (2, 2), 6: (2, 1), 7: (1, 1), 2: (2, 2), 8: (2, 2), 0: (1, 1), 3: (1, 0), 4: (1, 1), 1: (2, 2), 10: (2, 2), 9: (2, 2)}
t_type about to use: 1
h_type: 2
shift dict: {0: 0, 1: 188, 2: 746}
count dict: Counter({2: 940, 1: 558, 0: 188})
Generated 904 negative samples for edge type 6
Epoch 00009, Step00000 | Train_Loss: 0.5987 | Time: 0.0203
Epoch 00009 | Val_Loss 0.6801 | Time(s) 0.0079
EarlyStopping counter: 3 out of 40
Getting training negative samples for edge types: [6]
nodes.shift keys: [0, 1, 2]
nodes.count keys: [0, 1, 2]
links.meta: {5: (2, 2), 6: (2, 1), 7: (1, 1), 2: (2, 2), 8: (2, 2), 0: (1, 1), 3: (1, 0), 4: (1, 1), 1: (2, 2), 10: (2, 2), 9: (2, 2)}
t_type about to use: 1
h_type: 2
shift dict: {0: 0, 1: 188, 2: 746}
count dict: Counter({2: 940, 1: 558, 0: 188})
Generated 904 negative samples for edge type 6
Epoch 00010, Step00000 | Train_Loss: 0.5781 | Time: 0.0206
Epoch 00010 | Val_Loss 0.7091 | Time(s) 0.0086
EarlyStopping counter: 4 out of 40
Getting training negative samples for edge types: [6]
nodes.shift keys: [0, 1, 2]
nodes.count keys: [0, 1, 2]
links.meta: {5: (2, 2), 6: (2, 1), 7: (1, 1), 2: (2, 2), 8: (2, 2), 0: (1, 1), 3: (1, 0), 4: (1, 1), 1: (2, 2), 10: (2, 2), 9: (2, 2)}
t_type about to use: 1
h_type: 2
shift dict: {0: 0, 1: 188, 2: 746}
count dict: Counter({2: 940, 1: 558, 0: 188})
Generated 904 negative samples for edge type 6
Epoch 00011, Step00000 | Train_Loss: 0.5767 | Time: 0.0207
Epoch 00011 | Val_Loss 0.7192 | Time(s) 0.0088
EarlyStopping counter: 5 out of 40
Getting training negative samples for edge types: [6]
nodes.shift keys: [0, 1, 2]
nodes.count keys: [0, 1, 2]
links.meta: {5: (2, 2), 6: (2, 1), 7: (1, 1), 2: (2, 2), 8: (2, 2), 0: (1, 1), 3: (1, 0), 4: (1, 1), 1: (2, 2), 10: (2, 2), 9: (2, 2)}
t_type about to use: 1
h_type: 2
shift dict: {0: 0, 1: 188, 2: 746}
count dict: Counter({2: 940, 1: 558, 0: 188})
Generated 904 negative samples for edge type 6
Epoch 00012, Step00000 | Train_Loss: 0.5805 | Time: 0.0212
Epoch 00012 | Val_Loss 0.7441 | Time(s) 0.0084
EarlyStopping counter: 6 out of 40
Getting training negative samples for edge types: [6]
nodes.shift keys: [0, 1, 2]
nodes.count keys: [0, 1, 2]
links.meta: {5: (2, 2), 6: (2, 1), 7: (1, 1), 2: (2, 2), 8: (2, 2), 0: (1, 1), 3: (1, 0), 4: (1, 1), 1: (2, 2), 10: (2, 2), 9: (2, 2)}
t_type about to use: 1
h_type: 2
shift dict: {0: 0, 1: 188, 2: 746}
count dict: Counter({2: 940, 1: 558, 0: 188})
Generated 904 negative samples for edge type 6
Epoch 00013, Step00000 | Train_Loss: 0.5642 | Time: 0.0214
Epoch 00013 | Val_Loss 0.7837 | Time(s) 0.0074
EarlyStopping counter: 7 out of 40
Getting training negative samples for edge types: [6]
nodes.shift keys: [0, 1, 2]
nodes.count keys: [0, 1, 2]
links.meta: {5: (2, 2), 6: (2, 1), 7: (1, 1), 2: (2, 2), 8: (2, 2), 0: (1, 1), 3: (1, 0), 4: (1, 1), 1: (2, 2), 10: (2, 2), 9: (2, 2)}
t_type about to use: 1
h_type: 2
shift dict: {0: 0, 1: 188, 2: 746}
count dict: Counter({2: 940, 1: 558, 0: 188})
Generated 904 negative samples for edge type 6
Epoch 00014, Step00000 | Train_Loss: 0.5693 | Time: 0.0204
Epoch 00014 | Val_Loss 0.8617 | Time(s) 0.0075
EarlyStopping counter: 8 out of 40
Getting training negative samples for edge types: [6]
nodes.shift keys: [0, 1, 2]
nodes.count keys: [0, 1, 2]
links.meta: {5: (2, 2), 6: (2, 1), 7: (1, 1), 2: (2, 2), 8: (2, 2), 0: (1, 1), 3: (1, 0), 4: (1, 1), 1: (2, 2), 10: (2, 2), 9: (2, 2)}
t_type about to use: 1
h_type: 2
shift dict: {0: 0, 1: 188, 2: 746}
count dict: Counter({2: 940, 1: 558, 0: 188})
Generated 904 negative samples for edge type 6
Epoch 00015, Step00000 | Train_Loss: 0.5573 | Time: 0.0203
Epoch 00015 | Val_Loss 1.0039 | Time(s) 0.0082
EarlyStopping counter: 9 out of 40
Getting training negative samples for edge types: [6]
nodes.shift keys: [0, 1, 2]
nodes.count keys: [0, 1, 2]
links.meta: {5: (2, 2), 6: (2, 1), 7: (1, 1), 2: (2, 2), 8: (2, 2), 0: (1, 1), 3: (1, 0), 4: (1, 1), 1: (2, 2), 10: (2, 2), 9: (2, 2)}
t_type about to use: 1
h_type: 2
shift dict: {0: 0, 1: 188, 2: 746}
count dict: Counter({2: 940, 1: 558, 0: 188})
Generated 904 negative samples for edge type 6
Epoch 00016, Step00000 | Train_Loss: 0.5539 | Time: 0.0203
Epoch 00016 | Val_Loss 1.0142 | Time(s) 0.0078
EarlyStopping counter: 10 out of 40
Getting training negative samples for edge types: [6]
nodes.shift keys: [0, 1, 2]
nodes.count keys: [0, 1, 2]
links.meta: {5: (2, 2), 6: (2, 1), 7: (1, 1), 2: (2, 2), 8: (2, 2), 0: (1, 1), 3: (1, 0), 4: (1, 1), 1: (2, 2), 10: (2, 2), 9: (2, 2)}
t_type about to use: 1
h_type: 2
shift dict: {0: 0, 1: 188, 2: 746}
count dict: Counter({2: 940, 1: 558, 0: 188})
Generated 904 negative samples for edge type 6
Epoch 00017, Step00000 | Train_Loss: 0.5525 | Time: 0.0208
Epoch 00017 | Val_Loss 0.9067 | Time(s) 0.0073
EarlyStopping counter: 11 out of 40
Getting training negative samples for edge types: [6]
nodes.shift keys: [0, 1, 2]
nodes.count keys: [0, 1, 2]
links.meta: {5: (2, 2), 6: (2, 1), 7: (1, 1), 2: (2, 2), 8: (2, 2), 0: (1, 1), 3: (1, 0), 4: (1, 1), 1: (2, 2), 10: (2, 2), 9: (2, 2)}
t_type about to use: 1
h_type: 2
shift dict: {0: 0, 1: 188, 2: 746}
count dict: Counter({2: 940, 1: 558, 0: 188})
Generated 904 negative samples for edge type 6
Epoch 00018, Step00000 | Train_Loss: 0.5493 | Time: 0.0216
Epoch 00018 | Val_Loss 0.8442 | Time(s) 0.0087
EarlyStopping counter: 12 out of 40
Getting training negative samples for edge types: [6]
nodes.shift keys: [0, 1, 2]
nodes.count keys: [0, 1, 2]
links.meta: {5: (2, 2), 6: (2, 1), 7: (1, 1), 2: (2, 2), 8: (2, 2), 0: (1, 1), 3: (1, 0), 4: (1, 1), 1: (2, 2), 10: (2, 2), 9: (2, 2)}
t_type about to use: 1
h_type: 2
shift dict: {0: 0, 1: 188, 2: 746}
count dict: Counter({2: 940, 1: 558, 0: 188})
Generated 904 negative samples for edge type 6
Epoch 00019, Step00000 | Train_Loss: 0.5596 | Time: 0.0199
Epoch 00019 | Val_Loss 0.8769 | Time(s) 0.0076
EarlyStopping counter: 13 out of 40
Getting training negative samples for edge types: [6]
nodes.shift keys: [0, 1, 2]
nodes.count keys: [0, 1, 2]
links.meta: {5: (2, 2), 6: (2, 1), 7: (1, 1), 2: (2, 2), 8: (2, 2), 0: (1, 1), 3: (1, 0), 4: (1, 1), 1: (2, 2), 10: (2, 2), 9: (2, 2)}
t_type about to use: 1
h_type: 2
shift dict: {0: 0, 1: 188, 2: 746}
count dict: Counter({2: 940, 1: 558, 0: 188})
Generated 904 negative samples for edge type 6
Epoch 00020, Step00000 | Train_Loss: 0.5489 | Time: 0.0205
Epoch 00020 | Val_Loss 0.9733 | Time(s) 0.0086
EarlyStopping counter: 14 out of 40
Getting training negative samples for edge types: [6]
nodes.shift keys: [0, 1, 2]
nodes.count keys: [0, 1, 2]
links.meta: {5: (2, 2), 6: (2, 1), 7: (1, 1), 2: (2, 2), 8: (2, 2), 0: (1, 1), 3: (1, 0), 4: (1, 1), 1: (2, 2), 10: (2, 2), 9: (2, 2)}
t_type about to use: 1
h_type: 2
shift dict: {0: 0, 1: 188, 2: 746}
count dict: Counter({2: 940, 1: 558, 0: 188})
Generated 904 negative samples for edge type 6
Epoch 00021, Step00000 | Train_Loss: 0.5422 | Time: 0.0202
Epoch 00021 | Val_Loss 0.8909 | Time(s) 0.0084
EarlyStopping counter: 15 out of 40
Getting training negative samples for edge types: [6]
nodes.shift keys: [0, 1, 2]
nodes.count keys: [0, 1, 2]
links.meta: {5: (2, 2), 6: (2, 1), 7: (1, 1), 2: (2, 2), 8: (2, 2), 0: (1, 1), 3: (1, 0), 4: (1, 1), 1: (2, 2), 10: (2, 2), 9: (2, 2)}
t_type about to use: 1
h_type: 2
shift dict: {0: 0, 1: 188, 2: 746}
count dict: Counter({2: 940, 1: 558, 0: 188})
Generated 904 negative samples for edge type 6
Epoch 00022, Step00000 | Train_Loss: 0.5310 | Time: 0.0210
Epoch 00022 | Val_Loss 0.9063 | Time(s) 0.0083
EarlyStopping counter: 16 out of 40
Getting training negative samples for edge types: [6]
nodes.shift keys: [0, 1, 2]
nodes.count keys: [0, 1, 2]
links.meta: {5: (2, 2), 6: (2, 1), 7: (1, 1), 2: (2, 2), 8: (2, 2), 0: (1, 1), 3: (1, 0), 4: (1, 1), 1: (2, 2), 10: (2, 2), 9: (2, 2)}
t_type about to use: 1
h_type: 2
shift dict: {0: 0, 1: 188, 2: 746}
count dict: Counter({2: 940, 1: 558, 0: 188})
Generated 904 negative samples for edge type 6
Epoch 00023, Step00000 | Train_Loss: 0.5417 | Time: 0.0201
Epoch 00023 | Val_Loss 0.8675 | Time(s) 0.0083
EarlyStopping counter: 17 out of 40
Getting training negative samples for edge types: [6]
nodes.shift keys: [0, 1, 2]
nodes.count keys: [0, 1, 2]
links.meta: {5: (2, 2), 6: (2, 1), 7: (1, 1), 2: (2, 2), 8: (2, 2), 0: (1, 1), 3: (1, 0), 4: (1, 1), 1: (2, 2), 10: (2, 2), 9: (2, 2)}
t_type about to use: 1
h_type: 2
shift dict: {0: 0, 1: 188, 2: 746}
count dict: Counter({2: 940, 1: 558, 0: 188})
Generated 904 negative samples for edge type 6
Epoch 00024, Step00000 | Train_Loss: 0.5493 | Time: 0.0212
Epoch 00024 | Val_Loss 0.8801 | Time(s) 0.0084
EarlyStopping counter: 18 out of 40
Getting training negative samples for edge types: [6]
nodes.shift keys: [0, 1, 2]
nodes.count keys: [0, 1, 2]
links.meta: {5: (2, 2), 6: (2, 1), 7: (1, 1), 2: (2, 2), 8: (2, 2), 0: (1, 1), 3: (1, 0), 4: (1, 1), 1: (2, 2), 10: (2, 2), 9: (2, 2)}
t_type about to use: 1
h_type: 2
shift dict: {0: 0, 1: 188, 2: 746}
count dict: Counter({2: 940, 1: 558, 0: 188})
Generated 904 negative samples for edge type 6
Epoch 00025, Step00000 | Train_Loss: 0.5226 | Time: 0.0199
Epoch 00025 | Val_Loss 0.8505 | Time(s) 0.0079
EarlyStopping counter: 19 out of 40
Getting training negative samples for edge types: [6]
nodes.shift keys: [0, 1, 2]
nodes.count keys: [0, 1, 2]
links.meta: {5: (2, 2), 6: (2, 1), 7: (1, 1), 2: (2, 2), 8: (2, 2), 0: (1, 1), 3: (1, 0), 4: (1, 1), 1: (2, 2), 10: (2, 2), 9: (2, 2)}
t_type about to use: 1
h_type: 2
shift dict: {0: 0, 1: 188, 2: 746}
count dict: Counter({2: 940, 1: 558, 0: 188})
Generated 904 negative samples for edge type 6
Epoch 00026, Step00000 | Train_Loss: 0.5143 | Time: 0.0204
Epoch 00026 | Val_Loss 0.7786 | Time(s) 0.0085
EarlyStopping counter: 20 out of 40
Getting training negative samples for edge types: [6]
nodes.shift keys: [0, 1, 2]
nodes.count keys: [0, 1, 2]
links.meta: {5: (2, 2), 6: (2, 1), 7: (1, 1), 2: (2, 2), 8: (2, 2), 0: (1, 1), 3: (1, 0), 4: (1, 1), 1: (2, 2), 10: (2, 2), 9: (2, 2)}
t_type about to use: 1
h_type: 2
shift dict: {0: 0, 1: 188, 2: 746}
count dict: Counter({2: 940, 1: 558, 0: 188})
Generated 904 negative samples for edge type 6
Epoch 00027, Step00000 | Train_Loss: 0.5222 | Time: 0.0221
Epoch 00027 | Val_Loss 0.6969 | Time(s) 0.0071
EarlyStopping counter: 21 out of 40
Getting training negative samples for edge types: [6]
nodes.shift keys: [0, 1, 2]
nodes.count keys: [0, 1, 2]
links.meta: {5: (2, 2), 6: (2, 1), 7: (1, 1), 2: (2, 2), 8: (2, 2), 0: (1, 1), 3: (1, 0), 4: (1, 1), 1: (2, 2), 10: (2, 2), 9: (2, 2)}
t_type about to use: 1
h_type: 2
shift dict: {0: 0, 1: 188, 2: 746}
count dict: Counter({2: 940, 1: 558, 0: 188})
Generated 904 negative samples for edge type 6
Epoch 00028, Step00000 | Train_Loss: 0.5115 | Time: 0.0203
Epoch 00028 | Val_Loss 0.8221 | Time(s) 0.0078
EarlyStopping counter: 22 out of 40
Getting training negative samples for edge types: [6]
nodes.shift keys: [0, 1, 2]
nodes.count keys: [0, 1, 2]
links.meta: {5: (2, 2), 6: (2, 1), 7: (1, 1), 2: (2, 2), 8: (2, 2), 0: (1, 1), 3: (1, 0), 4: (1, 1), 1: (2, 2), 10: (2, 2), 9: (2, 2)}
t_type about to use: 1
h_type: 2
shift dict: {0: 0, 1: 188, 2: 746}
count dict: Counter({2: 940, 1: 558, 0: 188})
Generated 904 negative samples for edge type 6
Epoch 00029, Step00000 | Train_Loss: 0.5109 | Time: 0.0209
Epoch 00029 | Val_Loss 0.7579 | Time(s) 0.0079
EarlyStopping counter: 23 out of 40
Getting training negative samples for edge types: [6]
nodes.shift keys: [0, 1, 2]
nodes.count keys: [0, 1, 2]
links.meta: {5: (2, 2), 6: (2, 1), 7: (1, 1), 2: (2, 2), 8: (2, 2), 0: (1, 1), 3: (1, 0), 4: (1, 1), 1: (2, 2), 10: (2, 2), 9: (2, 2)}
t_type about to use: 1
h_type: 2
shift dict: {0: 0, 1: 188, 2: 746}
count dict: Counter({2: 940, 1: 558, 0: 188})
Generated 904 negative samples for edge type 6
Epoch 00030, Step00000 | Train_Loss: 0.5083 | Time: 0.0201
Epoch 00030 | Val_Loss 0.7355 | Time(s) 0.0083
EarlyStopping counter: 24 out of 40
Getting training negative samples for edge types: [6]
nodes.shift keys: [0, 1, 2]
nodes.count keys: [0, 1, 2]
links.meta: {5: (2, 2), 6: (2, 1), 7: (1, 1), 2: (2, 2), 8: (2, 2), 0: (1, 1), 3: (1, 0), 4: (1, 1), 1: (2, 2), 10: (2, 2), 9: (2, 2)}
t_type about to use: 1
h_type: 2
shift dict: {0: 0, 1: 188, 2: 746}
count dict: Counter({2: 940, 1: 558, 0: 188})
Generated 904 negative samples for edge type 6
Epoch 00031, Step00000 | Train_Loss: 0.5146 | Time: 0.0201
Epoch 00031 | Val_Loss 0.7658 | Time(s) 0.0087
EarlyStopping counter: 25 out of 40
Getting training negative samples for edge types: [6]
nodes.shift keys: [0, 1, 2]
nodes.count keys: [0, 1, 2]
links.meta: {5: (2, 2), 6: (2, 1), 7: (1, 1), 2: (2, 2), 8: (2, 2), 0: (1, 1), 3: (1, 0), 4: (1, 1), 1: (2, 2), 10: (2, 2), 9: (2, 2)}
t_type about to use: 1
h_type: 2
shift dict: {0: 0, 1: 188, 2: 746}
count dict: Counter({2: 940, 1: 558, 0: 188})
Generated 904 negative samples for edge type 6
Epoch 00032, Step00000 | Train_Loss: 0.5018 | Time: 0.0211
Epoch 00032 | Val_Loss 0.7319 | Time(s) 0.0090
EarlyStopping counter: 26 out of 40
Getting training negative samples for edge types: [6]
nodes.shift keys: [0, 1, 2]
nodes.count keys: [0, 1, 2]
links.meta: {5: (2, 2), 6: (2, 1), 7: (1, 1), 2: (2, 2), 8: (2, 2), 0: (1, 1), 3: (1, 0), 4: (1, 1), 1: (2, 2), 10: (2, 2), 9: (2, 2)}
t_type about to use: 1
h_type: 2
shift dict: {0: 0, 1: 188, 2: 746}
count dict: Counter({2: 940, 1: 558, 0: 188})
Generated 904 negative samples for edge type 6
Epoch 00033, Step00000 | Train_Loss: 0.5002 | Time: 0.0198
Epoch 00033 | Val_Loss 0.7367 | Time(s) 0.0077
EarlyStopping counter: 27 out of 40
Getting training negative samples for edge types: [6]
nodes.shift keys: [0, 1, 2]
nodes.count keys: [0, 1, 2]
links.meta: {5: (2, 2), 6: (2, 1), 7: (1, 1), 2: (2, 2), 8: (2, 2), 0: (1, 1), 3: (1, 0), 4: (1, 1), 1: (2, 2), 10: (2, 2), 9: (2, 2)}
t_type about to use: 1
h_type: 2
shift dict: {0: 0, 1: 188, 2: 746}
count dict: Counter({2: 940, 1: 558, 0: 188})
Generated 904 negative samples for edge type 6
Epoch 00034, Step00000 | Train_Loss: 0.5184 | Time: 0.0210
Epoch 00034 | Val_Loss 0.9144 | Time(s) 0.0092
EarlyStopping counter: 28 out of 40
Getting training negative samples for edge types: [6]
nodes.shift keys: [0, 1, 2]
nodes.count keys: [0, 1, 2]
links.meta: {5: (2, 2), 6: (2, 1), 7: (1, 1), 2: (2, 2), 8: (2, 2), 0: (1, 1), 3: (1, 0), 4: (1, 1), 1: (2, 2), 10: (2, 2), 9: (2, 2)}
t_type about to use: 1
h_type: 2
shift dict: {0: 0, 1: 188, 2: 746}
count dict: Counter({2: 940, 1: 558, 0: 188})
Generated 904 negative samples for edge type 6
Epoch 00035, Step00000 | Train_Loss: 0.5014 | Time: 0.0208
Epoch 00035 | Val_Loss 0.8083 | Time(s) 0.0070
EarlyStopping counter: 29 out of 40
Getting training negative samples for edge types: [6]
nodes.shift keys: [0, 1, 2]
nodes.count keys: [0, 1, 2]
links.meta: {5: (2, 2), 6: (2, 1), 7: (1, 1), 2: (2, 2), 8: (2, 2), 0: (1, 1), 3: (1, 0), 4: (1, 1), 1: (2, 2), 10: (2, 2), 9: (2, 2)}
t_type about to use: 1
h_type: 2
shift dict: {0: 0, 1: 188, 2: 746}
count dict: Counter({2: 940, 1: 558, 0: 188})
Generated 904 negative samples for edge type 6
Epoch 00036, Step00000 | Train_Loss: 0.4971 | Time: 0.0204
Epoch 00036 | Val_Loss 0.8771 | Time(s) 0.0082
EarlyStopping counter: 30 out of 40
Getting training negative samples for edge types: [6]
nodes.shift keys: [0, 1, 2]
nodes.count keys: [0, 1, 2]
links.meta: {5: (2, 2), 6: (2, 1), 7: (1, 1), 2: (2, 2), 8: (2, 2), 0: (1, 1), 3: (1, 0), 4: (1, 1), 1: (2, 2), 10: (2, 2), 9: (2, 2)}
t_type about to use: 1
h_type: 2
shift dict: {0: 0, 1: 188, 2: 746}
count dict: Counter({2: 940, 1: 558, 0: 188})
Generated 904 negative samples for edge type 6
Epoch 00037, Step00000 | Train_Loss: 0.5068 | Time: 0.0205
Epoch 00037 | Val_Loss 0.7795 | Time(s) 0.0076
EarlyStopping counter: 31 out of 40
Getting training negative samples for edge types: [6]
nodes.shift keys: [0, 1, 2]
nodes.count keys: [0, 1, 2]
links.meta: {5: (2, 2), 6: (2, 1), 7: (1, 1), 2: (2, 2), 8: (2, 2), 0: (1, 1), 3: (1, 0), 4: (1, 1), 1: (2, 2), 10: (2, 2), 9: (2, 2)}
t_type about to use: 1
h_type: 2
shift dict: {0: 0, 1: 188, 2: 746}
count dict: Counter({2: 940, 1: 558, 0: 188})
Generated 904 negative samples for edge type 6
Epoch 00038, Step00000 | Train_Loss: 0.5117 | Time: 0.0210
Epoch 00038 | Val_Loss 0.8458 | Time(s) 0.0076
EarlyStopping counter: 32 out of 40
Getting training negative samples for edge types: [6]
nodes.shift keys: [0, 1, 2]
nodes.count keys: [0, 1, 2]
links.meta: {5: (2, 2), 6: (2, 1), 7: (1, 1), 2: (2, 2), 8: (2, 2), 0: (1, 1), 3: (1, 0), 4: (1, 1), 1: (2, 2), 10: (2, 2), 9: (2, 2)}
t_type about to use: 1
h_type: 2
shift dict: {0: 0, 1: 188, 2: 746}
count dict: Counter({2: 940, 1: 558, 0: 188})
Generated 904 negative samples for edge type 6
Epoch 00039, Step00000 | Train_Loss: 0.5013 | Time: 0.0207
Epoch 00039 | Val_Loss 0.7900 | Time(s) 0.0093
EarlyStopping counter: 33 out of 40
Getting training negative samples for edge types: [6]
nodes.shift keys: [0, 1, 2]
nodes.count keys: [0, 1, 2]
links.meta: {5: (2, 2), 6: (2, 1), 7: (1, 1), 2: (2, 2), 8: (2, 2), 0: (1, 1), 3: (1, 0), 4: (1, 1), 1: (2, 2), 10: (2, 2), 9: (2, 2)}
t_type about to use: 1
h_type: 2
shift dict: {0: 0, 1: 188, 2: 746}
count dict: Counter({2: 940, 1: 558, 0: 188})
Generated 904 negative samples for edge type 6
Epoch 00040, Step00000 | Train_Loss: 0.4959 | Time: 0.0226
Epoch 00040 | Val_Loss 0.7670 | Time(s) 0.0074
EarlyStopping counter: 34 out of 40
Getting training negative samples for edge types: [6]
nodes.shift keys: [0, 1, 2]
nodes.count keys: [0, 1, 2]
links.meta: {5: (2, 2), 6: (2, 1), 7: (1, 1), 2: (2, 2), 8: (2, 2), 0: (1, 1), 3: (1, 0), 4: (1, 1), 1: (2, 2), 10: (2, 2), 9: (2, 2)}
t_type about to use: 1
h_type: 2
shift dict: {0: 0, 1: 188, 2: 746}
count dict: Counter({2: 940, 1: 558, 0: 188})
Generated 904 negative samples for edge type 6
Epoch 00041, Step00000 | Train_Loss: 0.4866 | Time: 0.0208
Epoch 00041 | Val_Loss 0.7763 | Time(s) 0.0075
EarlyStopping counter: 35 out of 40
Getting training negative samples for edge types: [6]
nodes.shift keys: [0, 1, 2]
nodes.count keys: [0, 1, 2]
links.meta: {5: (2, 2), 6: (2, 1), 7: (1, 1), 2: (2, 2), 8: (2, 2), 0: (1, 1), 3: (1, 0), 4: (1, 1), 1: (2, 2), 10: (2, 2), 9: (2, 2)}
t_type about to use: 1
h_type: 2
shift dict: {0: 0, 1: 188, 2: 746}
count dict: Counter({2: 940, 1: 558, 0: 188})
Generated 904 negative samples for edge type 6
Epoch 00042, Step00000 | Train_Loss: 0.4962 | Time: 0.0213
Epoch 00042 | Val_Loss 0.7263 | Time(s) 0.0075
EarlyStopping counter: 36 out of 40
Getting training negative samples for edge types: [6]
nodes.shift keys: [0, 1, 2]
nodes.count keys: [0, 1, 2]
links.meta: {5: (2, 2), 6: (2, 1), 7: (1, 1), 2: (2, 2), 8: (2, 2), 0: (1, 1), 3: (1, 0), 4: (1, 1), 1: (2, 2), 10: (2, 2), 9: (2, 2)}
t_type about to use: 1
h_type: 2
shift dict: {0: 0, 1: 188, 2: 746}
count dict: Counter({2: 940, 1: 558, 0: 188})
Generated 904 negative samples for edge type 6
Epoch 00043, Step00000 | Train_Loss: 0.4834 | Time: 0.0234
Epoch 00043 | Val_Loss 0.9028 | Time(s) 0.0094
EarlyStopping counter: 37 out of 40
Getting training negative samples for edge types: [6]
nodes.shift keys: [0, 1, 2]
nodes.count keys: [0, 1, 2]
links.meta: {5: (2, 2), 6: (2, 1), 7: (1, 1), 2: (2, 2), 8: (2, 2), 0: (1, 1), 3: (1, 0), 4: (1, 1), 1: (2, 2), 10: (2, 2), 9: (2, 2)}
t_type about to use: 1
h_type: 2
shift dict: {0: 0, 1: 188, 2: 746}
count dict: Counter({2: 940, 1: 558, 0: 188})
Generated 904 negative samples for edge type 6
Epoch 00044, Step00000 | Train_Loss: 0.4804 | Time: 0.0236
Epoch 00044 | Val_Loss 0.9664 | Time(s) 0.0085
EarlyStopping counter: 38 out of 40
Getting training negative samples for edge types: [6]
nodes.shift keys: [0, 1, 2]
nodes.count keys: [0, 1, 2]
links.meta: {5: (2, 2), 6: (2, 1), 7: (1, 1), 2: (2, 2), 8: (2, 2), 0: (1, 1), 3: (1, 0), 4: (1, 1), 1: (2, 2), 10: (2, 2), 9: (2, 2)}
t_type about to use: 1
h_type: 2
shift dict: {0: 0, 1: 188, 2: 746}
count dict: Counter({2: 940, 1: 558, 0: 188})
Generated 904 negative samples for edge type 6
Epoch 00045, Step00000 | Train_Loss: 0.4767 | Time: 0.0207
Epoch 00045 | Val_Loss 0.8845 | Time(s) 0.0094
EarlyStopping counter: 39 out of 40
Getting training negative samples for edge types: [6]
nodes.shift keys: [0, 1, 2]
nodes.count keys: [0, 1, 2]
links.meta: {5: (2, 2), 6: (2, 1), 7: (1, 1), 2: (2, 2), 8: (2, 2), 0: (1, 1), 3: (1, 0), 4: (1, 1), 1: (2, 2), 10: (2, 2), 9: (2, 2)}
t_type about to use: 1
h_type: 2
shift dict: {0: 0, 1: 188, 2: 746}
count dict: Counter({2: 940, 1: 558, 0: 188})
Generated 904 negative samples for edge type 6
Epoch 00046, Step00000 | Train_Loss: 0.4969 | Time: 0.0205
Epoch 00046 | Val_Loss 0.8619 | Time(s) 0.0073
EarlyStopping counter: 40 out of 40
Early stopping!
Early stopping!
Meta keys: dict_keys([6])
Data keys: dict_keys([6])
Edge type: 6, Meta: (2, 1)
{'roc_auc': 0.5241570038651207, 'MRR': 0.771412037037037}
{'roc_auc': 0.65042302862053, 'MRR': 0.8107638888888888}
defaultdict(<class 'float'>, {'roc_auc': 0.5241570038651207, 'MRR': 0.771412037037037})
defaultdict(<class 'float'>, {'roc_auc': 0.65042302862053, 'MRR': 0.8107638888888888})
Completed: amazon_style_cct_features_securebert_fold_4

--------------------------------------
Running model: SimpleHGN
Dataset: amazon_style_cct_features_securebert_fold_5
--------------------------------------
Data path: ../../data/amazon_style_cct_features_securebert_fold_5
Loading nodes from ../../data/amazon_style_cct_features_securebert_fold_5/node.dat
edge types: dict_keys([5, 6, 7, 2, 8, 0, 3, 4, 1, 10, 9])
Getting training negative samples for edge types: [6]
nodes.shift keys: [0, 1, 2]
nodes.count keys: [0, 1, 2]
links.meta: {5: (2, 2), 6: (2, 1), 7: (1, 1), 2: (2, 2), 8: (2, 2), 0: (1, 1), 3: (1, 0), 4: (1, 1), 1: (2, 2), 10: (2, 2), 9: (2, 2)}
t_type about to use: 1
h_type: 2
shift dict: {0: 0, 1: 188, 2: 746}
count dict: Counter({2: 940, 1: 558, 0: 188})
Generated 883 negative samples for edge type 6
Features List: [array([[ 0.00445206,  0.01268557,  0.22351578, ..., -0.28678206,
        -0.37460288,  0.18294938],
       [-0.18744846,  0.07075578,  0.0476894 , ..., -0.2232531 ,
        -0.19588573,  0.47988179],
       [-0.17451471, -0.04557271,  0.15712288, ..., -0.05391889,
        -0.20500693,  0.23744845],
       ...,
       [-0.40584856,  0.04715464,  0.24475315, ..., -0.12466257,
        -0.2035536 ,  0.28577447],
       [-0.18835557,  0.03822717,  0.03586731, ..., -0.23435652,
        -0.35453227,  0.38753107],
       [-0.13632202,  0.14362322,  0.08668749, ..., -0.24145249,
        -0.25799868,  0.26464131]]), array([[ 0.00791158, -0.00538086, -0.02676104, ..., -0.01897389,
        -0.01306979, -0.00084801],
       [ 0.01682901, -0.00649696, -0.01921631, ..., -0.01401017,
        -0.0039668 , -0.02202195],
       [ 0.02197852, -0.01403735, -0.05225722, ...,  0.02019661,
         0.00528841,  0.0033033 ],
       ...,
       [ 0.01603197,  0.00716993, -0.01245602, ..., -0.01399604,
        -0.00058955, -0.0256807 ],
       [ 0.01039577,  0.02045547, -0.02146293, ...,  0.01017929,
         0.02390171,  0.00134994],
       [ 0.00462414,  0.0041195 , -0.0135733 , ..., -0.01101827,
         0.00813001,  0.0203817 ]]), array([[ 0.00087804,  0.00658507, -0.02514569, ..., -0.04238372,
         0.00850771, -0.02565438],
       [-0.0006986 ,  0.01542003, -0.03227317, ..., -0.01301633,
         0.01559736, -0.03614859],
       [-0.01135348,  0.00974955, -0.01812623, ..., -0.01920343,
         0.00887381, -0.0152928 ],
       ...,
       [ 0.00701895, -0.01539859, -0.03025482, ..., -0.03644368,
         0.01254067, -0.0236606 ],
       [-0.00414097,  0.00144739, -0.05197839, ...,  0.00216818,
         0.02755725, -0.03143983],
       [ 0.01779867, -0.02493452, -0.0391779 , ..., -0.01159797,
        -0.00619852, -0.02449675]])]
Getting training negative samples for edge types: [6]
nodes.shift keys: [0, 1, 2]
nodes.count keys: [0, 1, 2]
links.meta: {5: (2, 2), 6: (2, 1), 7: (1, 1), 2: (2, 2), 8: (2, 2), 0: (1, 1), 3: (1, 0), 4: (1, 1), 1: (2, 2), 10: (2, 2), 9: (2, 2)}
t_type about to use: 1
h_type: 2
shift dict: {0: 0, 1: 188, 2: 746}
count dict: Counter({2: 940, 1: 558, 0: 188})
Generated 883 negative samples for edge type 6
Epoch 00000, Step00000 | Train_Loss: 0.6918 | Time: 0.5327
Epoch 00000 | Val_Loss 0.6847 | Time(s) 0.0070
Validation loss decreased (inf --> 0.684729).  Saving model ...
Getting training negative samples for edge types: [6]
nodes.shift keys: [0, 1, 2]
nodes.count keys: [0, 1, 2]
links.meta: {5: (2, 2), 6: (2, 1), 7: (1, 1), 2: (2, 2), 8: (2, 2), 0: (1, 1), 3: (1, 0), 4: (1, 1), 1: (2, 2), 10: (2, 2), 9: (2, 2)}
t_type about to use: 1
h_type: 2
shift dict: {0: 0, 1: 188, 2: 746}
count dict: Counter({2: 940, 1: 558, 0: 188})
Generated 883 negative samples for edge type 6
Epoch 00001, Step00000 | Train_Loss: 0.6854 | Time: 0.0311
Epoch 00001 | Val_Loss 0.6791 | Time(s) 0.0080
Validation loss decreased (0.684729 --> 0.679123).  Saving model ...
Getting training negative samples for edge types: [6]
nodes.shift keys: [0, 1, 2]
nodes.count keys: [0, 1, 2]
links.meta: {5: (2, 2), 6: (2, 1), 7: (1, 1), 2: (2, 2), 8: (2, 2), 0: (1, 1), 3: (1, 0), 4: (1, 1), 1: (2, 2), 10: (2, 2), 9: (2, 2)}
t_type about to use: 1
h_type: 2
shift dict: {0: 0, 1: 188, 2: 746}
count dict: Counter({2: 940, 1: 558, 0: 188})
Generated 883 negative samples for edge type 6
Epoch 00002, Step00000 | Train_Loss: 0.6760 | Time: 0.0317
Epoch 00002 | Val_Loss 0.6824 | Time(s) 0.0083
EarlyStopping counter: 1 out of 40
Getting training negative samples for edge types: [6]
nodes.shift keys: [0, 1, 2]
nodes.count keys: [0, 1, 2]
links.meta: {5: (2, 2), 6: (2, 1), 7: (1, 1), 2: (2, 2), 8: (2, 2), 0: (1, 1), 3: (1, 0), 4: (1, 1), 1: (2, 2), 10: (2, 2), 9: (2, 2)}
t_type about to use: 1
h_type: 2
shift dict: {0: 0, 1: 188, 2: 746}
count dict: Counter({2: 940, 1: 558, 0: 188})
Generated 883 negative samples for edge type 6
Epoch 00003, Step00000 | Train_Loss: 0.6660 | Time: 0.0189
Epoch 00003 | Val_Loss 0.6550 | Time(s) 0.0063
Validation loss decreased (0.679123 --> 0.655016).  Saving model ...
Getting training negative samples for edge types: [6]
nodes.shift keys: [0, 1, 2]
nodes.count keys: [0, 1, 2]
links.meta: {5: (2, 2), 6: (2, 1), 7: (1, 1), 2: (2, 2), 8: (2, 2), 0: (1, 1), 3: (1, 0), 4: (1, 1), 1: (2, 2), 10: (2, 2), 9: (2, 2)}
t_type about to use: 1
h_type: 2
shift dict: {0: 0, 1: 188, 2: 746}
count dict: Counter({2: 940, 1: 558, 0: 188})
Generated 883 negative samples for edge type 6
Epoch 00004, Step00000 | Train_Loss: 0.6565 | Time: 0.0238
Epoch 00004 | Val_Loss 0.6705 | Time(s) 0.0084
EarlyStopping counter: 1 out of 40
Getting training negative samples for edge types: [6]
nodes.shift keys: [0, 1, 2]
nodes.count keys: [0, 1, 2]
links.meta: {5: (2, 2), 6: (2, 1), 7: (1, 1), 2: (2, 2), 8: (2, 2), 0: (1, 1), 3: (1, 0), 4: (1, 1), 1: (2, 2), 10: (2, 2), 9: (2, 2)}
t_type about to use: 1
h_type: 2
shift dict: {0: 0, 1: 188, 2: 746}
count dict: Counter({2: 940, 1: 558, 0: 188})
Generated 883 negative samples for edge type 6
Epoch 00005, Step00000 | Train_Loss: 0.6484 | Time: 0.0220
Epoch 00005 | Val_Loss 0.6750 | Time(s) 0.0088
EarlyStopping counter: 2 out of 40
Getting training negative samples for edge types: [6]
nodes.shift keys: [0, 1, 2]
nodes.count keys: [0, 1, 2]
links.meta: {5: (2, 2), 6: (2, 1), 7: (1, 1), 2: (2, 2), 8: (2, 2), 0: (1, 1), 3: (1, 0), 4: (1, 1), 1: (2, 2), 10: (2, 2), 9: (2, 2)}
t_type about to use: 1
h_type: 2
shift dict: {0: 0, 1: 188, 2: 746}
count dict: Counter({2: 940, 1: 558, 0: 188})
Generated 883 negative samples for edge type 6
Epoch 00006, Step00000 | Train_Loss: 0.6290 | Time: 0.0211
Epoch 00006 | Val_Loss 0.7060 | Time(s) 0.0080
EarlyStopping counter: 3 out of 40
Getting training negative samples for edge types: [6]
nodes.shift keys: [0, 1, 2]
nodes.count keys: [0, 1, 2]
links.meta: {5: (2, 2), 6: (2, 1), 7: (1, 1), 2: (2, 2), 8: (2, 2), 0: (1, 1), 3: (1, 0), 4: (1, 1), 1: (2, 2), 10: (2, 2), 9: (2, 2)}
t_type about to use: 1
h_type: 2
shift dict: {0: 0, 1: 188, 2: 746}
count dict: Counter({2: 940, 1: 558, 0: 188})
Generated 883 negative samples for edge type 6
Epoch 00007, Step00000 | Train_Loss: 0.6245 | Time: 0.0201
Epoch 00007 | Val_Loss 0.6940 | Time(s) 0.0081
EarlyStopping counter: 4 out of 40
Getting training negative samples for edge types: [6]
nodes.shift keys: [0, 1, 2]
nodes.count keys: [0, 1, 2]
links.meta: {5: (2, 2), 6: (2, 1), 7: (1, 1), 2: (2, 2), 8: (2, 2), 0: (1, 1), 3: (1, 0), 4: (1, 1), 1: (2, 2), 10: (2, 2), 9: (2, 2)}
t_type about to use: 1
h_type: 2
shift dict: {0: 0, 1: 188, 2: 746}
count dict: Counter({2: 940, 1: 558, 0: 188})
Generated 883 negative samples for edge type 6
Epoch 00008, Step00000 | Train_Loss: 0.6110 | Time: 0.0207
Epoch 00008 | Val_Loss 0.6517 | Time(s) 0.0081
Validation loss decreased (0.655016 --> 0.651687).  Saving model ...
Getting training negative samples for edge types: [6]
nodes.shift keys: [0, 1, 2]
nodes.count keys: [0, 1, 2]
links.meta: {5: (2, 2), 6: (2, 1), 7: (1, 1), 2: (2, 2), 8: (2, 2), 0: (1, 1), 3: (1, 0), 4: (1, 1), 1: (2, 2), 10: (2, 2), 9: (2, 2)}
t_type about to use: 1
h_type: 2
shift dict: {0: 0, 1: 188, 2: 746}
count dict: Counter({2: 940, 1: 558, 0: 188})
Generated 883 negative samples for edge type 6
Epoch 00009, Step00000 | Train_Loss: 0.5959 | Time: 0.0252
Epoch 00009 | Val_Loss 0.7404 | Time(s) 0.0095
EarlyStopping counter: 1 out of 40
Getting training negative samples for edge types: [6]
nodes.shift keys: [0, 1, 2]
nodes.count keys: [0, 1, 2]
links.meta: {5: (2, 2), 6: (2, 1), 7: (1, 1), 2: (2, 2), 8: (2, 2), 0: (1, 1), 3: (1, 0), 4: (1, 1), 1: (2, 2), 10: (2, 2), 9: (2, 2)}
t_type about to use: 1
h_type: 2
shift dict: {0: 0, 1: 188, 2: 746}
count dict: Counter({2: 940, 1: 558, 0: 188})
Generated 883 negative samples for edge type 6
Epoch 00010, Step00000 | Train_Loss: 0.5850 | Time: 0.0229
Epoch 00010 | Val_Loss 0.7326 | Time(s) 0.0107
EarlyStopping counter: 2 out of 40
Getting training negative samples for edge types: [6]
nodes.shift keys: [0, 1, 2]
nodes.count keys: [0, 1, 2]
links.meta: {5: (2, 2), 6: (2, 1), 7: (1, 1), 2: (2, 2), 8: (2, 2), 0: (1, 1), 3: (1, 0), 4: (1, 1), 1: (2, 2), 10: (2, 2), 9: (2, 2)}
t_type about to use: 1
h_type: 2
shift dict: {0: 0, 1: 188, 2: 746}
count dict: Counter({2: 940, 1: 558, 0: 188})
Generated 883 negative samples for edge type 6
Epoch 00011, Step00000 | Train_Loss: 0.5826 | Time: 0.0203
Epoch 00011 | Val_Loss 0.7663 | Time(s) 0.0079
EarlyStopping counter: 3 out of 40
Getting training negative samples for edge types: [6]
nodes.shift keys: [0, 1, 2]
nodes.count keys: [0, 1, 2]
links.meta: {5: (2, 2), 6: (2, 1), 7: (1, 1), 2: (2, 2), 8: (2, 2), 0: (1, 1), 3: (1, 0), 4: (1, 1), 1: (2, 2), 10: (2, 2), 9: (2, 2)}
t_type about to use: 1
h_type: 2
shift dict: {0: 0, 1: 188, 2: 746}
count dict: Counter({2: 940, 1: 558, 0: 188})
Generated 883 negative samples for edge type 6
Epoch 00012, Step00000 | Train_Loss: 0.5714 | Time: 0.0196
Epoch 00012 | Val_Loss 0.8279 | Time(s) 0.0082
EarlyStopping counter: 4 out of 40
Getting training negative samples for edge types: [6]
nodes.shift keys: [0, 1, 2]
nodes.count keys: [0, 1, 2]
links.meta: {5: (2, 2), 6: (2, 1), 7: (1, 1), 2: (2, 2), 8: (2, 2), 0: (1, 1), 3: (1, 0), 4: (1, 1), 1: (2, 2), 10: (2, 2), 9: (2, 2)}
t_type about to use: 1
h_type: 2
shift dict: {0: 0, 1: 188, 2: 746}
count dict: Counter({2: 940, 1: 558, 0: 188})
Generated 883 negative samples for edge type 6
Epoch 00013, Step00000 | Train_Loss: 0.5820 | Time: 0.0211
Epoch 00013 | Val_Loss 0.8002 | Time(s) 0.0083
EarlyStopping counter: 5 out of 40
Getting training negative samples for edge types: [6]
nodes.shift keys: [0, 1, 2]
nodes.count keys: [0, 1, 2]
links.meta: {5: (2, 2), 6: (2, 1), 7: (1, 1), 2: (2, 2), 8: (2, 2), 0: (1, 1), 3: (1, 0), 4: (1, 1), 1: (2, 2), 10: (2, 2), 9: (2, 2)}
t_type about to use: 1
h_type: 2
shift dict: {0: 0, 1: 188, 2: 746}
count dict: Counter({2: 940, 1: 558, 0: 188})
Generated 883 negative samples for edge type 6
Epoch 00014, Step00000 | Train_Loss: 0.5659 | Time: 0.0216
Epoch 00014 | Val_Loss 0.8216 | Time(s) 0.0087
EarlyStopping counter: 6 out of 40
Getting training negative samples for edge types: [6]
nodes.shift keys: [0, 1, 2]
nodes.count keys: [0, 1, 2]
links.meta: {5: (2, 2), 6: (2, 1), 7: (1, 1), 2: (2, 2), 8: (2, 2), 0: (1, 1), 3: (1, 0), 4: (1, 1), 1: (2, 2), 10: (2, 2), 9: (2, 2)}
t_type about to use: 1
h_type: 2
shift dict: {0: 0, 1: 188, 2: 746}
count dict: Counter({2: 940, 1: 558, 0: 188})
Generated 883 negative samples for edge type 6
Epoch 00015, Step00000 | Train_Loss: 0.5624 | Time: 0.0201
Epoch 00015 | Val_Loss 0.9073 | Time(s) 0.0080
EarlyStopping counter: 7 out of 40
Getting training negative samples for edge types: [6]
nodes.shift keys: [0, 1, 2]
nodes.count keys: [0, 1, 2]
links.meta: {5: (2, 2), 6: (2, 1), 7: (1, 1), 2: (2, 2), 8: (2, 2), 0: (1, 1), 3: (1, 0), 4: (1, 1), 1: (2, 2), 10: (2, 2), 9: (2, 2)}
t_type about to use: 1
h_type: 2
shift dict: {0: 0, 1: 188, 2: 746}
count dict: Counter({2: 940, 1: 558, 0: 188})
Generated 883 negative samples for edge type 6
Epoch 00016, Step00000 | Train_Loss: 0.5652 | Time: 0.0200
Epoch 00016 | Val_Loss 0.8810 | Time(s) 0.0082
EarlyStopping counter: 8 out of 40
Getting training negative samples for edge types: [6]
nodes.shift keys: [0, 1, 2]
nodes.count keys: [0, 1, 2]
links.meta: {5: (2, 2), 6: (2, 1), 7: (1, 1), 2: (2, 2), 8: (2, 2), 0: (1, 1), 3: (1, 0), 4: (1, 1), 1: (2, 2), 10: (2, 2), 9: (2, 2)}
t_type about to use: 1
h_type: 2
shift dict: {0: 0, 1: 188, 2: 746}
count dict: Counter({2: 940, 1: 558, 0: 188})
Generated 883 negative samples for edge type 6
Epoch 00017, Step00000 | Train_Loss: 0.5638 | Time: 0.0209
Epoch 00017 | Val_Loss 0.9261 | Time(s) 0.0081
EarlyStopping counter: 9 out of 40
Getting training negative samples for edge types: [6]
nodes.shift keys: [0, 1, 2]
nodes.count keys: [0, 1, 2]
links.meta: {5: (2, 2), 6: (2, 1), 7: (1, 1), 2: (2, 2), 8: (2, 2), 0: (1, 1), 3: (1, 0), 4: (1, 1), 1: (2, 2), 10: (2, 2), 9: (2, 2)}
t_type about to use: 1
h_type: 2
shift dict: {0: 0, 1: 188, 2: 746}
count dict: Counter({2: 940, 1: 558, 0: 188})
Generated 883 negative samples for edge type 6
Epoch 00018, Step00000 | Train_Loss: 0.5573 | Time: 0.0206
Epoch 00018 | Val_Loss 0.8613 | Time(s) 0.0083
EarlyStopping counter: 10 out of 40
Getting training negative samples for edge types: [6]
nodes.shift keys: [0, 1, 2]
nodes.count keys: [0, 1, 2]
links.meta: {5: (2, 2), 6: (2, 1), 7: (1, 1), 2: (2, 2), 8: (2, 2), 0: (1, 1), 3: (1, 0), 4: (1, 1), 1: (2, 2), 10: (2, 2), 9: (2, 2)}
t_type about to use: 1
h_type: 2
shift dict: {0: 0, 1: 188, 2: 746}
count dict: Counter({2: 940, 1: 558, 0: 188})
Generated 883 negative samples for edge type 6
Epoch 00019, Step00000 | Train_Loss: 0.5391 | Time: 0.0212
Epoch 00019 | Val_Loss 0.8340 | Time(s) 0.0084
EarlyStopping counter: 11 out of 40
Getting training negative samples for edge types: [6]
nodes.shift keys: [0, 1, 2]
nodes.count keys: [0, 1, 2]
links.meta: {5: (2, 2), 6: (2, 1), 7: (1, 1), 2: (2, 2), 8: (2, 2), 0: (1, 1), 3: (1, 0), 4: (1, 1), 1: (2, 2), 10: (2, 2), 9: (2, 2)}
t_type about to use: 1
h_type: 2
shift dict: {0: 0, 1: 188, 2: 746}
count dict: Counter({2: 940, 1: 558, 0: 188})
Generated 883 negative samples for edge type 6
Epoch 00020, Step00000 | Train_Loss: 0.5353 | Time: 0.0200
Epoch 00020 | Val_Loss 0.8250 | Time(s) 0.0080
EarlyStopping counter: 12 out of 40
Getting training negative samples for edge types: [6]
nodes.shift keys: [0, 1, 2]
nodes.count keys: [0, 1, 2]
links.meta: {5: (2, 2), 6: (2, 1), 7: (1, 1), 2: (2, 2), 8: (2, 2), 0: (1, 1), 3: (1, 0), 4: (1, 1), 1: (2, 2), 10: (2, 2), 9: (2, 2)}
t_type about to use: 1
h_type: 2
shift dict: {0: 0, 1: 188, 2: 746}
count dict: Counter({2: 940, 1: 558, 0: 188})
Generated 883 negative samples for edge type 6
Epoch 00021, Step00000 | Train_Loss: 0.5315 | Time: 0.0214
Epoch 00021 | Val_Loss 0.7627 | Time(s) 0.0081
EarlyStopping counter: 13 out of 40
Getting training negative samples for edge types: [6]
nodes.shift keys: [0, 1, 2]
nodes.count keys: [0, 1, 2]
links.meta: {5: (2, 2), 6: (2, 1), 7: (1, 1), 2: (2, 2), 8: (2, 2), 0: (1, 1), 3: (1, 0), 4: (1, 1), 1: (2, 2), 10: (2, 2), 9: (2, 2)}
t_type about to use: 1
h_type: 2
shift dict: {0: 0, 1: 188, 2: 746}
count dict: Counter({2: 940, 1: 558, 0: 188})
Generated 883 negative samples for edge type 6
Epoch 00022, Step00000 | Train_Loss: 0.5276 | Time: 0.0199
Epoch 00022 | Val_Loss 0.8002 | Time(s) 0.0082
EarlyStopping counter: 14 out of 40
Getting training negative samples for edge types: [6]
nodes.shift keys: [0, 1, 2]
nodes.count keys: [0, 1, 2]
links.meta: {5: (2, 2), 6: (2, 1), 7: (1, 1), 2: (2, 2), 8: (2, 2), 0: (1, 1), 3: (1, 0), 4: (1, 1), 1: (2, 2), 10: (2, 2), 9: (2, 2)}
t_type about to use: 1
h_type: 2
shift dict: {0: 0, 1: 188, 2: 746}
count dict: Counter({2: 940, 1: 558, 0: 188})
Generated 883 negative samples for edge type 6
Epoch 00023, Step00000 | Train_Loss: 0.5391 | Time: 0.0210
Epoch 00023 | Val_Loss 0.7869 | Time(s) 0.0083
EarlyStopping counter: 15 out of 40
Getting training negative samples for edge types: [6]
nodes.shift keys: [0, 1, 2]
nodes.count keys: [0, 1, 2]
links.meta: {5: (2, 2), 6: (2, 1), 7: (1, 1), 2: (2, 2), 8: (2, 2), 0: (1, 1), 3: (1, 0), 4: (1, 1), 1: (2, 2), 10: (2, 2), 9: (2, 2)}
t_type about to use: 1
h_type: 2
shift dict: {0: 0, 1: 188, 2: 746}
count dict: Counter({2: 940, 1: 558, 0: 188})
Generated 883 negative samples for edge type 6
Epoch 00024, Step00000 | Train_Loss: 0.5302 | Time: 0.0213
Epoch 00024 | Val_Loss 0.7781 | Time(s) 0.0085
EarlyStopping counter: 16 out of 40
Getting training negative samples for edge types: [6]
nodes.shift keys: [0, 1, 2]
nodes.count keys: [0, 1, 2]
links.meta: {5: (2, 2), 6: (2, 1), 7: (1, 1), 2: (2, 2), 8: (2, 2), 0: (1, 1), 3: (1, 0), 4: (1, 1), 1: (2, 2), 10: (2, 2), 9: (2, 2)}
t_type about to use: 1
h_type: 2
shift dict: {0: 0, 1: 188, 2: 746}
count dict: Counter({2: 940, 1: 558, 0: 188})
Generated 883 negative samples for edge type 6
Epoch 00025, Step00000 | Train_Loss: 0.5221 | Time: 0.0197
Epoch 00025 | Val_Loss 0.6885 | Time(s) 0.0080
EarlyStopping counter: 17 out of 40
Getting training negative samples for edge types: [6]
nodes.shift keys: [0, 1, 2]
nodes.count keys: [0, 1, 2]
links.meta: {5: (2, 2), 6: (2, 1), 7: (1, 1), 2: (2, 2), 8: (2, 2), 0: (1, 1), 3: (1, 0), 4: (1, 1), 1: (2, 2), 10: (2, 2), 9: (2, 2)}
t_type about to use: 1
h_type: 2
shift dict: {0: 0, 1: 188, 2: 746}
count dict: Counter({2: 940, 1: 558, 0: 188})
Generated 883 negative samples for edge type 6
Epoch 00026, Step00000 | Train_Loss: 0.5155 | Time: 0.0210
Epoch 00026 | Val_Loss 0.7716 | Time(s) 0.0080
EarlyStopping counter: 18 out of 40
Getting training negative samples for edge types: [6]
nodes.shift keys: [0, 1, 2]
nodes.count keys: [0, 1, 2]
links.meta: {5: (2, 2), 6: (2, 1), 7: (1, 1), 2: (2, 2), 8: (2, 2), 0: (1, 1), 3: (1, 0), 4: (1, 1), 1: (2, 2), 10: (2, 2), 9: (2, 2)}
t_type about to use: 1
h_type: 2
shift dict: {0: 0, 1: 188, 2: 746}
count dict: Counter({2: 940, 1: 558, 0: 188})
Generated 883 negative samples for edge type 6
Epoch 00027, Step00000 | Train_Loss: 0.5301 | Time: 0.0204
Epoch 00027 | Val_Loss 0.7708 | Time(s) 0.0081
EarlyStopping counter: 19 out of 40
Getting training negative samples for edge types: [6]
nodes.shift keys: [0, 1, 2]
nodes.count keys: [0, 1, 2]
links.meta: {5: (2, 2), 6: (2, 1), 7: (1, 1), 2: (2, 2), 8: (2, 2), 0: (1, 1), 3: (1, 0), 4: (1, 1), 1: (2, 2), 10: (2, 2), 9: (2, 2)}
t_type about to use: 1
h_type: 2
shift dict: {0: 0, 1: 188, 2: 746}
count dict: Counter({2: 940, 1: 558, 0: 188})
Generated 883 negative samples for edge type 6
Epoch 00028, Step00000 | Train_Loss: 0.5197 | Time: 0.0211
Epoch 00028 | Val_Loss 0.8493 | Time(s) 0.0081
EarlyStopping counter: 20 out of 40
Getting training negative samples for edge types: [6]
nodes.shift keys: [0, 1, 2]
nodes.count keys: [0, 1, 2]
links.meta: {5: (2, 2), 6: (2, 1), 7: (1, 1), 2: (2, 2), 8: (2, 2), 0: (1, 1), 3: (1, 0), 4: (1, 1), 1: (2, 2), 10: (2, 2), 9: (2, 2)}
t_type about to use: 1
h_type: 2
shift dict: {0: 0, 1: 188, 2: 746}
count dict: Counter({2: 940, 1: 558, 0: 188})
Generated 883 negative samples for edge type 6
Epoch 00029, Step00000 | Train_Loss: 0.5276 | Time: 0.0210
Epoch 00029 | Val_Loss 0.7833 | Time(s) 0.0085
EarlyStopping counter: 21 out of 40
Getting training negative samples for edge types: [6]
nodes.shift keys: [0, 1, 2]
nodes.count keys: [0, 1, 2]
links.meta: {5: (2, 2), 6: (2, 1), 7: (1, 1), 2: (2, 2), 8: (2, 2), 0: (1, 1), 3: (1, 0), 4: (1, 1), 1: (2, 2), 10: (2, 2), 9: (2, 2)}
t_type about to use: 1
h_type: 2
shift dict: {0: 0, 1: 188, 2: 746}
count dict: Counter({2: 940, 1: 558, 0: 188})
Generated 883 negative samples for edge type 6
Epoch 00030, Step00000 | Train_Loss: 0.5313 | Time: 0.0209
Epoch 00030 | Val_Loss 0.8281 | Time(s) 0.0080
EarlyStopping counter: 22 out of 40
Getting training negative samples for edge types: [6]
nodes.shift keys: [0, 1, 2]
nodes.count keys: [0, 1, 2]
links.meta: {5: (2, 2), 6: (2, 1), 7: (1, 1), 2: (2, 2), 8: (2, 2), 0: (1, 1), 3: (1, 0), 4: (1, 1), 1: (2, 2), 10: (2, 2), 9: (2, 2)}
t_type about to use: 1
h_type: 2
shift dict: {0: 0, 1: 188, 2: 746}
count dict: Counter({2: 940, 1: 558, 0: 188})
Generated 883 negative samples for edge type 6
Epoch 00031, Step00000 | Train_Loss: 0.4970 | Time: 0.0198
Epoch 00031 | Val_Loss 0.8396 | Time(s) 0.0083
EarlyStopping counter: 23 out of 40
Getting training negative samples for edge types: [6]
nodes.shift keys: [0, 1, 2]
nodes.count keys: [0, 1, 2]
links.meta: {5: (2, 2), 6: (2, 1), 7: (1, 1), 2: (2, 2), 8: (2, 2), 0: (1, 1), 3: (1, 0), 4: (1, 1), 1: (2, 2), 10: (2, 2), 9: (2, 2)}
t_type about to use: 1
h_type: 2
shift dict: {0: 0, 1: 188, 2: 746}
count dict: Counter({2: 940, 1: 558, 0: 188})
Generated 883 negative samples for edge type 6
Epoch 00032, Step00000 | Train_Loss: 0.5040 | Time: 0.0209
Epoch 00032 | Val_Loss 0.8079 | Time(s) 0.0081
EarlyStopping counter: 24 out of 40
Getting training negative samples for edge types: [6]
nodes.shift keys: [0, 1, 2]
nodes.count keys: [0, 1, 2]
links.meta: {5: (2, 2), 6: (2, 1), 7: (1, 1), 2: (2, 2), 8: (2, 2), 0: (1, 1), 3: (1, 0), 4: (1, 1), 1: (2, 2), 10: (2, 2), 9: (2, 2)}
t_type about to use: 1
h_type: 2
shift dict: {0: 0, 1: 188, 2: 746}
count dict: Counter({2: 940, 1: 558, 0: 188})
Generated 883 negative samples for edge type 6
Epoch 00033, Step00000 | Train_Loss: 0.5029 | Time: 0.0208
Epoch 00033 | Val_Loss 0.8344 | Time(s) 0.0082
EarlyStopping counter: 25 out of 40
Getting training negative samples for edge types: [6]
nodes.shift keys: [0, 1, 2]
nodes.count keys: [0, 1, 2]
links.meta: {5: (2, 2), 6: (2, 1), 7: (1, 1), 2: (2, 2), 8: (2, 2), 0: (1, 1), 3: (1, 0), 4: (1, 1), 1: (2, 2), 10: (2, 2), 9: (2, 2)}
t_type about to use: 1
h_type: 2
shift dict: {0: 0, 1: 188, 2: 746}
count dict: Counter({2: 940, 1: 558, 0: 188})
Generated 883 negative samples for edge type 6
Epoch 00034, Step00000 | Train_Loss: 0.5079 | Time: 0.0213
Epoch 00034 | Val_Loss 0.8095 | Time(s) 0.0085
EarlyStopping counter: 26 out of 40
Getting training negative samples for edge types: [6]
nodes.shift keys: [0, 1, 2]
nodes.count keys: [0, 1, 2]
links.meta: {5: (2, 2), 6: (2, 1), 7: (1, 1), 2: (2, 2), 8: (2, 2), 0: (1, 1), 3: (1, 0), 4: (1, 1), 1: (2, 2), 10: (2, 2), 9: (2, 2)}
t_type about to use: 1
h_type: 2
shift dict: {0: 0, 1: 188, 2: 746}
count dict: Counter({2: 940, 1: 558, 0: 188})
Generated 883 negative samples for edge type 6
Epoch 00035, Step00000 | Train_Loss: 0.4982 | Time: 0.0201
Epoch 00035 | Val_Loss 0.7711 | Time(s) 0.0079
EarlyStopping counter: 27 out of 40
Getting training negative samples for edge types: [6]
nodes.shift keys: [0, 1, 2]
nodes.count keys: [0, 1, 2]
links.meta: {5: (2, 2), 6: (2, 1), 7: (1, 1), 2: (2, 2), 8: (2, 2), 0: (1, 1), 3: (1, 0), 4: (1, 1), 1: (2, 2), 10: (2, 2), 9: (2, 2)}
t_type about to use: 1
h_type: 2
shift dict: {0: 0, 1: 188, 2: 746}
count dict: Counter({2: 940, 1: 558, 0: 188})
Generated 883 negative samples for edge type 6
Epoch 00036, Step00000 | Train_Loss: 0.5053 | Time: 0.0210
Epoch 00036 | Val_Loss 0.9572 | Time(s) 0.0082
EarlyStopping counter: 28 out of 40
Getting training negative samples for edge types: [6]
nodes.shift keys: [0, 1, 2]
nodes.count keys: [0, 1, 2]
links.meta: {5: (2, 2), 6: (2, 1), 7: (1, 1), 2: (2, 2), 8: (2, 2), 0: (1, 1), 3: (1, 0), 4: (1, 1), 1: (2, 2), 10: (2, 2), 9: (2, 2)}
t_type about to use: 1
h_type: 2
shift dict: {0: 0, 1: 188, 2: 746}
count dict: Counter({2: 940, 1: 558, 0: 188})
Generated 883 negative samples for edge type 6
Epoch 00037, Step00000 | Train_Loss: 0.4957 | Time: 0.0207
Epoch 00037 | Val_Loss 0.8082 | Time(s) 0.0081
EarlyStopping counter: 29 out of 40
Getting training negative samples for edge types: [6]
nodes.shift keys: [0, 1, 2]
nodes.count keys: [0, 1, 2]
links.meta: {5: (2, 2), 6: (2, 1), 7: (1, 1), 2: (2, 2), 8: (2, 2), 0: (1, 1), 3: (1, 0), 4: (1, 1), 1: (2, 2), 10: (2, 2), 9: (2, 2)}
t_type about to use: 1
h_type: 2
shift dict: {0: 0, 1: 188, 2: 746}
count dict: Counter({2: 940, 1: 558, 0: 188})
Generated 883 negative samples for edge type 6
Epoch 00038, Step00000 | Train_Loss: 0.5219 | Time: 0.0210
Epoch 00038 | Val_Loss 0.8362 | Time(s) 0.0081
EarlyStopping counter: 30 out of 40
Getting training negative samples for edge types: [6]
nodes.shift keys: [0, 1, 2]
nodes.count keys: [0, 1, 2]
links.meta: {5: (2, 2), 6: (2, 1), 7: (1, 1), 2: (2, 2), 8: (2, 2), 0: (1, 1), 3: (1, 0), 4: (1, 1), 1: (2, 2), 10: (2, 2), 9: (2, 2)}
t_type about to use: 1
h_type: 2
shift dict: {0: 0, 1: 188, 2: 746}
count dict: Counter({2: 940, 1: 558, 0: 188})
Generated 883 negative samples for edge type 6
Epoch 00039, Step00000 | Train_Loss: 0.4976 | Time: 0.0211
Epoch 00039 | Val_Loss 0.8720 | Time(s) 0.0085
EarlyStopping counter: 31 out of 40
Getting training negative samples for edge types: [6]
nodes.shift keys: [0, 1, 2]
nodes.count keys: [0, 1, 2]
links.meta: {5: (2, 2), 6: (2, 1), 7: (1, 1), 2: (2, 2), 8: (2, 2), 0: (1, 1), 3: (1, 0), 4: (1, 1), 1: (2, 2), 10: (2, 2), 9: (2, 2)}
t_type about to use: 1
h_type: 2
shift dict: {0: 0, 1: 188, 2: 746}
count dict: Counter({2: 940, 1: 558, 0: 188})
Generated 883 negative samples for edge type 6
Epoch 00040, Step00000 | Train_Loss: 0.5016 | Time: 0.0206
Epoch 00040 | Val_Loss 0.8992 | Time(s) 0.0080
EarlyStopping counter: 32 out of 40
Getting training negative samples for edge types: [6]
nodes.shift keys: [0, 1, 2]
nodes.count keys: [0, 1, 2]
links.meta: {5: (2, 2), 6: (2, 1), 7: (1, 1), 2: (2, 2), 8: (2, 2), 0: (1, 1), 3: (1, 0), 4: (1, 1), 1: (2, 2), 10: (2, 2), 9: (2, 2)}
t_type about to use: 1
h_type: 2
shift dict: {0: 0, 1: 188, 2: 746}
count dict: Counter({2: 940, 1: 558, 0: 188})
Generated 883 negative samples for edge type 6
Epoch 00041, Step00000 | Train_Loss: 0.4955 | Time: 0.0197
Epoch 00041 | Val_Loss 0.7946 | Time(s) 0.0082
EarlyStopping counter: 33 out of 40
Getting training negative samples for edge types: [6]
nodes.shift keys: [0, 1, 2]
nodes.count keys: [0, 1, 2]
links.meta: {5: (2, 2), 6: (2, 1), 7: (1, 1), 2: (2, 2), 8: (2, 2), 0: (1, 1), 3: (1, 0), 4: (1, 1), 1: (2, 2), 10: (2, 2), 9: (2, 2)}
t_type about to use: 1
h_type: 2
shift dict: {0: 0, 1: 188, 2: 746}
count dict: Counter({2: 940, 1: 558, 0: 188})
Generated 883 negative samples for edge type 6
Epoch 00042, Step00000 | Train_Loss: 0.4858 | Time: 0.0208
Epoch 00042 | Val_Loss 0.8903 | Time(s) 0.0081
EarlyStopping counter: 34 out of 40
Getting training negative samples for edge types: [6]
nodes.shift keys: [0, 1, 2]
nodes.count keys: [0, 1, 2]
links.meta: {5: (2, 2), 6: (2, 1), 7: (1, 1), 2: (2, 2), 8: (2, 2), 0: (1, 1), 3: (1, 0), 4: (1, 1), 1: (2, 2), 10: (2, 2), 9: (2, 2)}
t_type about to use: 1
h_type: 2
shift dict: {0: 0, 1: 188, 2: 746}
count dict: Counter({2: 940, 1: 558, 0: 188})
Generated 883 negative samples for edge type 6
Epoch 00043, Step00000 | Train_Loss: 0.4964 | Time: 0.0212
Epoch 00043 | Val_Loss 0.8979 | Time(s) 0.0083
EarlyStopping counter: 35 out of 40
Getting training negative samples for edge types: [6]
nodes.shift keys: [0, 1, 2]
nodes.count keys: [0, 1, 2]
links.meta: {5: (2, 2), 6: (2, 1), 7: (1, 1), 2: (2, 2), 8: (2, 2), 0: (1, 1), 3: (1, 0), 4: (1, 1), 1: (2, 2), 10: (2, 2), 9: (2, 2)}
t_type about to use: 1
h_type: 2
shift dict: {0: 0, 1: 188, 2: 746}
count dict: Counter({2: 940, 1: 558, 0: 188})
Generated 883 negative samples for edge type 6
Epoch 00044, Step00000 | Train_Loss: 0.4768 | Time: 0.0214
Epoch 00044 | Val_Loss 0.7496 | Time(s) 0.0085
EarlyStopping counter: 36 out of 40
Getting training negative samples for edge types: [6]
nodes.shift keys: [0, 1, 2]
nodes.count keys: [0, 1, 2]
links.meta: {5: (2, 2), 6: (2, 1), 7: (1, 1), 2: (2, 2), 8: (2, 2), 0: (1, 1), 3: (1, 0), 4: (1, 1), 1: (2, 2), 10: (2, 2), 9: (2, 2)}
t_type about to use: 1
h_type: 2
shift dict: {0: 0, 1: 188, 2: 746}
count dict: Counter({2: 940, 1: 558, 0: 188})
Generated 883 negative samples for edge type 6
Epoch 00045, Step00000 | Train_Loss: 0.4865 | Time: 0.0192
Epoch 00045 | Val_Loss 0.8006 | Time(s) 0.0082
EarlyStopping counter: 37 out of 40
Getting training negative samples for edge types: [6]
nodes.shift keys: [0, 1, 2]
nodes.count keys: [0, 1, 2]
links.meta: {5: (2, 2), 6: (2, 1), 7: (1, 1), 2: (2, 2), 8: (2, 2), 0: (1, 1), 3: (1, 0), 4: (1, 1), 1: (2, 2), 10: (2, 2), 9: (2, 2)}
t_type about to use: 1
h_type: 2
shift dict: {0: 0, 1: 188, 2: 746}
count dict: Counter({2: 940, 1: 558, 0: 188})
Generated 883 negative samples for edge type 6
Epoch 00046, Step00000 | Train_Loss: 0.4958 | Time: 0.0208
Epoch 00046 | Val_Loss 0.7708 | Time(s) 0.0081
EarlyStopping counter: 38 out of 40
Getting training negative samples for edge types: [6]
nodes.shift keys: [0, 1, 2]
nodes.count keys: [0, 1, 2]
links.meta: {5: (2, 2), 6: (2, 1), 7: (1, 1), 2: (2, 2), 8: (2, 2), 0: (1, 1), 3: (1, 0), 4: (1, 1), 1: (2, 2), 10: (2, 2), 9: (2, 2)}
t_type about to use: 1
h_type: 2
shift dict: {0: 0, 1: 188, 2: 746}
count dict: Counter({2: 940, 1: 558, 0: 188})
Generated 883 negative samples for edge type 6
Epoch 00047, Step00000 | Train_Loss: 0.4777 | Time: 0.0209
Epoch 00047 | Val_Loss 0.7700 | Time(s) 0.0081
EarlyStopping counter: 39 out of 40
Getting training negative samples for edge types: [6]
nodes.shift keys: [0, 1, 2]
nodes.count keys: [0, 1, 2]
links.meta: {5: (2, 2), 6: (2, 1), 7: (1, 1), 2: (2, 2), 8: (2, 2), 0: (1, 1), 3: (1, 0), 4: (1, 1), 1: (2, 2), 10: (2, 2), 9: (2, 2)}
t_type about to use: 1
h_type: 2
shift dict: {0: 0, 1: 188, 2: 746}
count dict: Counter({2: 940, 1: 558, 0: 188})
Generated 883 negative samples for edge type 6
Epoch 00048, Step00000 | Train_Loss: 0.4917 | Time: 0.0211
Epoch 00048 | Val_Loss 0.7197 | Time(s) 0.0082
EarlyStopping counter: 40 out of 40
Early stopping!
Early stopping!
Meta keys: dict_keys([6])
Data keys: dict_keys([6])
Edge type: 6, Meta: (2, 1)
{'roc_auc': 0.5266850249147652, 'MRR': 0.7449763593380614}
{'roc_auc': 0.6732895421436005, 'MRR': 0.7906112799729821}
defaultdict(<class 'float'>, {'roc_auc': 0.5266850249147652, 'MRR': 0.7449763593380614})
defaultdict(<class 'float'>, {'roc_auc': 0.6732895421436005, 'MRR': 0.7906112799729821})
Completed: amazon_style_cct_features_securebert_fold_5

=== Repetition 6/6 ===
--------------------------------------
Running model: SimpleHGN
Dataset: amazon_style_cct_features_securebert_fold_1
--------------------------------------
Data path: ../../data/amazon_style_cct_features_securebert_fold_1
Loading nodes from ../../data/amazon_style_cct_features_securebert_fold_1/node.dat
edge types: dict_keys([6, 3, 5, 7, 4, 8, 0, 2, 1, 9, 10])
Getting training negative samples for edge types: [6]
nodes.shift keys: [0, 1, 2]
nodes.count keys: [0, 1, 2]
links.meta: {6: (2, 1), 3: (1, 0), 5: (2, 2), 7: (1, 1), 4: (1, 1), 8: (2, 2), 0: (1, 1), 2: (2, 2), 1: (2, 2), 9: (2, 2), 10: (2, 2)}
t_type about to use: 1
h_type: 2
shift dict: {0: 0, 1: 188, 2: 746}
count dict: Counter({2: 940, 1: 558, 0: 188})
Generated 899 negative samples for edge type 6
Features List: [array([[ 0.00445206,  0.01268557,  0.22351578, ..., -0.28678206,
        -0.37460288,  0.18294938],
       [-0.18744846,  0.07075578,  0.0476894 , ..., -0.2232531 ,
        -0.19588573,  0.47988179],
       [-0.17451471, -0.04557271,  0.15712288, ..., -0.05391889,
        -0.20500693,  0.23744845],
       ...,
       [-0.40584856,  0.04715464,  0.24475315, ..., -0.12466257,
        -0.2035536 ,  0.28577447],
       [-0.18835557,  0.03822717,  0.03586731, ..., -0.23435652,
        -0.35453227,  0.38753107],
       [-0.13632202,  0.14362322,  0.08668749, ..., -0.24145249,
        -0.25799868,  0.26464131]]), array([[ 0.00791158, -0.00538086, -0.02676104, ..., -0.01897389,
        -0.01306979, -0.00084801],
       [ 0.01682901, -0.00649696, -0.01921631, ..., -0.01401017,
        -0.0039668 , -0.02202195],
       [ 0.02197852, -0.01403735, -0.05225722, ...,  0.02019661,
         0.00528841,  0.0033033 ],
       ...,
       [ 0.01603197,  0.00716993, -0.01245602, ..., -0.01399604,
        -0.00058955, -0.0256807 ],
       [ 0.01039577,  0.02045547, -0.02146293, ...,  0.01017929,
         0.02390171,  0.00134994],
       [ 0.00462414,  0.0041195 , -0.0135733 , ..., -0.01101827,
         0.00813001,  0.0203817 ]]), array([[ 0.00087804,  0.00658507, -0.02514569, ..., -0.04238372,
         0.00850771, -0.02565438],
       [-0.0006986 ,  0.01542003, -0.03227317, ..., -0.01301633,
         0.01559736, -0.03614859],
       [-0.01135348,  0.00974955, -0.01812623, ..., -0.01920343,
         0.00887381, -0.0152928 ],
       ...,
       [ 0.00701895, -0.01539859, -0.03025482, ..., -0.03644368,
         0.01254067, -0.0236606 ],
       [-0.00414097,  0.00144739, -0.05197839, ...,  0.00216818,
         0.02755725, -0.03143983],
       [ 0.01779867, -0.02493452, -0.0391779 , ..., -0.01159797,
        -0.00619852, -0.02449675]])]
Getting training negative samples for edge types: [6]
nodes.shift keys: [0, 1, 2]
nodes.count keys: [0, 1, 2]
links.meta: {6: (2, 1), 3: (1, 0), 5: (2, 2), 7: (1, 1), 4: (1, 1), 8: (2, 2), 0: (1, 1), 2: (2, 2), 1: (2, 2), 9: (2, 2), 10: (2, 2)}
t_type about to use: 1
h_type: 2
shift dict: {0: 0, 1: 188, 2: 746}
count dict: Counter({2: 940, 1: 558, 0: 188})
Generated 899 negative samples for edge type 6
Epoch 00000, Step00000 | Train_Loss: 0.6929 | Time: 0.5099
Epoch 00000 | Val_Loss 0.6789 | Time(s) 0.0072
Validation loss decreased (inf --> 0.678870).  Saving model ...
Getting training negative samples for edge types: [6]
nodes.shift keys: [0, 1, 2]
nodes.count keys: [0, 1, 2]
links.meta: {6: (2, 1), 3: (1, 0), 5: (2, 2), 7: (1, 1), 4: (1, 1), 8: (2, 2), 0: (1, 1), 2: (2, 2), 1: (2, 2), 9: (2, 2), 10: (2, 2)}
t_type about to use: 1
h_type: 2
shift dict: {0: 0, 1: 188, 2: 746}
count dict: Counter({2: 940, 1: 558, 0: 188})
Generated 899 negative samples for edge type 6
Epoch 00001, Step00000 | Train_Loss: 0.6836 | Time: 0.0262
Epoch 00001 | Val_Loss 0.6649 | Time(s) 0.0098
Validation loss decreased (0.678870 --> 0.664895).  Saving model ...
Getting training negative samples for edge types: [6]
nodes.shift keys: [0, 1, 2]
nodes.count keys: [0, 1, 2]
links.meta: {6: (2, 1), 3: (1, 0), 5: (2, 2), 7: (1, 1), 4: (1, 1), 8: (2, 2), 0: (1, 1), 2: (2, 2), 1: (2, 2), 9: (2, 2), 10: (2, 2)}
t_type about to use: 1
h_type: 2
shift dict: {0: 0, 1: 188, 2: 746}
count dict: Counter({2: 940, 1: 558, 0: 188})
Generated 899 negative samples for edge type 6
Epoch 00002, Step00000 | Train_Loss: 0.6750 | Time: 0.0253
Epoch 00002 | Val_Loss 0.6691 | Time(s) 0.0088
EarlyStopping counter: 1 out of 40
Getting training negative samples for edge types: [6]
nodes.shift keys: [0, 1, 2]
nodes.count keys: [0, 1, 2]
links.meta: {6: (2, 1), 3: (1, 0), 5: (2, 2), 7: (1, 1), 4: (1, 1), 8: (2, 2), 0: (1, 1), 2: (2, 2), 1: (2, 2), 9: (2, 2), 10: (2, 2)}
t_type about to use: 1
h_type: 2
shift dict: {0: 0, 1: 188, 2: 746}
count dict: Counter({2: 940, 1: 558, 0: 188})
Generated 899 negative samples for edge type 6
Epoch 00003, Step00000 | Train_Loss: 0.6641 | Time: 0.0216
Epoch 00003 | Val_Loss 0.6488 | Time(s) 0.0084
Validation loss decreased (0.664895 --> 0.648751).  Saving model ...
Getting training negative samples for edge types: [6]
nodes.shift keys: [0, 1, 2]
nodes.count keys: [0, 1, 2]
links.meta: {6: (2, 1), 3: (1, 0), 5: (2, 2), 7: (1, 1), 4: (1, 1), 8: (2, 2), 0: (1, 1), 2: (2, 2), 1: (2, 2), 9: (2, 2), 10: (2, 2)}
t_type about to use: 1
h_type: 2
shift dict: {0: 0, 1: 188, 2: 746}
count dict: Counter({2: 940, 1: 558, 0: 188})
Generated 899 negative samples for edge type 6
Epoch 00004, Step00000 | Train_Loss: 0.6539 | Time: 0.0208
Epoch 00004 | Val_Loss 0.6255 | Time(s) 0.0070
Validation loss decreased (0.648751 --> 0.625466).  Saving model ...
Getting training negative samples for edge types: [6]
nodes.shift keys: [0, 1, 2]
nodes.count keys: [0, 1, 2]
links.meta: {6: (2, 1), 3: (1, 0), 5: (2, 2), 7: (1, 1), 4: (1, 1), 8: (2, 2), 0: (1, 1), 2: (2, 2), 1: (2, 2), 9: (2, 2), 10: (2, 2)}
t_type about to use: 1
h_type: 2
shift dict: {0: 0, 1: 188, 2: 746}
count dict: Counter({2: 940, 1: 558, 0: 188})
Generated 899 negative samples for edge type 6
Epoch 00005, Step00000 | Train_Loss: 0.6443 | Time: 0.0233
Epoch 00005 | Val_Loss 0.6501 | Time(s) 0.0084
EarlyStopping counter: 1 out of 40
Getting training negative samples for edge types: [6]
nodes.shift keys: [0, 1, 2]
nodes.count keys: [0, 1, 2]
links.meta: {6: (2, 1), 3: (1, 0), 5: (2, 2), 7: (1, 1), 4: (1, 1), 8: (2, 2), 0: (1, 1), 2: (2, 2), 1: (2, 2), 9: (2, 2), 10: (2, 2)}
t_type about to use: 1
h_type: 2
shift dict: {0: 0, 1: 188, 2: 746}
count dict: Counter({2: 940, 1: 558, 0: 188})
Generated 899 negative samples for edge type 6
Epoch 00006, Step00000 | Train_Loss: 0.6298 | Time: 0.0259
Epoch 00006 | Val_Loss 0.6910 | Time(s) 0.0081
EarlyStopping counter: 2 out of 40
Getting training negative samples for edge types: [6]
nodes.shift keys: [0, 1, 2]
nodes.count keys: [0, 1, 2]
links.meta: {6: (2, 1), 3: (1, 0), 5: (2, 2), 7: (1, 1), 4: (1, 1), 8: (2, 2), 0: (1, 1), 2: (2, 2), 1: (2, 2), 9: (2, 2), 10: (2, 2)}
t_type about to use: 1
h_type: 2
shift dict: {0: 0, 1: 188, 2: 746}
count dict: Counter({2: 940, 1: 558, 0: 188})
Generated 899 negative samples for edge type 6
Epoch 00007, Step00000 | Train_Loss: 0.6102 | Time: 0.0214
Epoch 00007 | Val_Loss 0.6951 | Time(s) 0.0067
EarlyStopping counter: 3 out of 40
Getting training negative samples for edge types: [6]
nodes.shift keys: [0, 1, 2]
nodes.count keys: [0, 1, 2]
links.meta: {6: (2, 1), 3: (1, 0), 5: (2, 2), 7: (1, 1), 4: (1, 1), 8: (2, 2), 0: (1, 1), 2: (2, 2), 1: (2, 2), 9: (2, 2), 10: (2, 2)}
t_type about to use: 1
h_type: 2
shift dict: {0: 0, 1: 188, 2: 746}
count dict: Counter({2: 940, 1: 558, 0: 188})
Generated 899 negative samples for edge type 6
Epoch 00008, Step00000 | Train_Loss: 0.5960 | Time: 0.0192
Epoch 00008 | Val_Loss 0.6900 | Time(s) 0.0070
EarlyStopping counter: 4 out of 40
Getting training negative samples for edge types: [6]
nodes.shift keys: [0, 1, 2]
nodes.count keys: [0, 1, 2]
links.meta: {6: (2, 1), 3: (1, 0), 5: (2, 2), 7: (1, 1), 4: (1, 1), 8: (2, 2), 0: (1, 1), 2: (2, 2), 1: (2, 2), 9: (2, 2), 10: (2, 2)}
t_type about to use: 1
h_type: 2
shift dict: {0: 0, 1: 188, 2: 746}
count dict: Counter({2: 940, 1: 558, 0: 188})
Generated 899 negative samples for edge type 6
Epoch 00009, Step00000 | Train_Loss: 0.5882 | Time: 0.0202
Epoch 00009 | Val_Loss 0.7422 | Time(s) 0.0089
EarlyStopping counter: 5 out of 40
Getting training negative samples for edge types: [6]
nodes.shift keys: [0, 1, 2]
nodes.count keys: [0, 1, 2]
links.meta: {6: (2, 1), 3: (1, 0), 5: (2, 2), 7: (1, 1), 4: (1, 1), 8: (2, 2), 0: (1, 1), 2: (2, 2), 1: (2, 2), 9: (2, 2), 10: (2, 2)}
t_type about to use: 1
h_type: 2
shift dict: {0: 0, 1: 188, 2: 746}
count dict: Counter({2: 940, 1: 558, 0: 188})
Generated 899 negative samples for edge type 6
Epoch 00010, Step00000 | Train_Loss: 0.5780 | Time: 0.0193
Epoch 00010 | Val_Loss 0.7998 | Time(s) 0.0083
EarlyStopping counter: 6 out of 40
Getting training negative samples for edge types: [6]
nodes.shift keys: [0, 1, 2]
nodes.count keys: [0, 1, 2]
links.meta: {6: (2, 1), 3: (1, 0), 5: (2, 2), 7: (1, 1), 4: (1, 1), 8: (2, 2), 0: (1, 1), 2: (2, 2), 1: (2, 2), 9: (2, 2), 10: (2, 2)}
t_type about to use: 1
h_type: 2
shift dict: {0: 0, 1: 188, 2: 746}
count dict: Counter({2: 940, 1: 558, 0: 188})
Generated 899 negative samples for edge type 6
Epoch 00011, Step00000 | Train_Loss: 0.5790 | Time: 0.0216
Epoch 00011 | Val_Loss 0.7433 | Time(s) 0.0081
EarlyStopping counter: 7 out of 40
Getting training negative samples for edge types: [6]
nodes.shift keys: [0, 1, 2]
nodes.count keys: [0, 1, 2]
links.meta: {6: (2, 1), 3: (1, 0), 5: (2, 2), 7: (1, 1), 4: (1, 1), 8: (2, 2), 0: (1, 1), 2: (2, 2), 1: (2, 2), 9: (2, 2), 10: (2, 2)}
t_type about to use: 1
h_type: 2
shift dict: {0: 0, 1: 188, 2: 746}
count dict: Counter({2: 940, 1: 558, 0: 188})
Generated 899 negative samples for edge type 6
Epoch 00012, Step00000 | Train_Loss: 0.5603 | Time: 0.0206
Epoch 00012 | Val_Loss 0.7340 | Time(s) 0.0080
EarlyStopping counter: 8 out of 40
Getting training negative samples for edge types: [6]
nodes.shift keys: [0, 1, 2]
nodes.count keys: [0, 1, 2]
links.meta: {6: (2, 1), 3: (1, 0), 5: (2, 2), 7: (1, 1), 4: (1, 1), 8: (2, 2), 0: (1, 1), 2: (2, 2), 1: (2, 2), 9: (2, 2), 10: (2, 2)}
t_type about to use: 1
h_type: 2
shift dict: {0: 0, 1: 188, 2: 746}
count dict: Counter({2: 940, 1: 558, 0: 188})
Generated 899 negative samples for edge type 6
Epoch 00013, Step00000 | Train_Loss: 0.5671 | Time: 0.0194
Epoch 00013 | Val_Loss 0.8441 | Time(s) 0.0082
EarlyStopping counter: 9 out of 40
Getting training negative samples for edge types: [6]
nodes.shift keys: [0, 1, 2]
nodes.count keys: [0, 1, 2]
links.meta: {6: (2, 1), 3: (1, 0), 5: (2, 2), 7: (1, 1), 4: (1, 1), 8: (2, 2), 0: (1, 1), 2: (2, 2), 1: (2, 2), 9: (2, 2), 10: (2, 2)}
t_type about to use: 1
h_type: 2
shift dict: {0: 0, 1: 188, 2: 746}
count dict: Counter({2: 940, 1: 558, 0: 188})
Generated 899 negative samples for edge type 6
Epoch 00014, Step00000 | Train_Loss: 0.5546 | Time: 0.0209
Epoch 00014 | Val_Loss 0.8692 | Time(s) 0.0078
EarlyStopping counter: 10 out of 40
Getting training negative samples for edge types: [6]
nodes.shift keys: [0, 1, 2]
nodes.count keys: [0, 1, 2]
links.meta: {6: (2, 1), 3: (1, 0), 5: (2, 2), 7: (1, 1), 4: (1, 1), 8: (2, 2), 0: (1, 1), 2: (2, 2), 1: (2, 2), 9: (2, 2), 10: (2, 2)}
t_type about to use: 1
h_type: 2
shift dict: {0: 0, 1: 188, 2: 746}
count dict: Counter({2: 940, 1: 558, 0: 188})
Generated 899 negative samples for edge type 6
Epoch 00015, Step00000 | Train_Loss: 0.5701 | Time: 0.0211
Epoch 00015 | Val_Loss 0.9843 | Time(s) 0.0079
EarlyStopping counter: 11 out of 40
Getting training negative samples for edge types: [6]
nodes.shift keys: [0, 1, 2]
nodes.count keys: [0, 1, 2]
links.meta: {6: (2, 1), 3: (1, 0), 5: (2, 2), 7: (1, 1), 4: (1, 1), 8: (2, 2), 0: (1, 1), 2: (2, 2), 1: (2, 2), 9: (2, 2), 10: (2, 2)}
t_type about to use: 1
h_type: 2
shift dict: {0: 0, 1: 188, 2: 746}
count dict: Counter({2: 940, 1: 558, 0: 188})
Generated 899 negative samples for edge type 6
Epoch 00016, Step00000 | Train_Loss: 0.5511 | Time: 0.0216
Epoch 00016 | Val_Loss 0.7754 | Time(s) 0.0083
EarlyStopping counter: 12 out of 40
Getting training negative samples for edge types: [6]
nodes.shift keys: [0, 1, 2]
nodes.count keys: [0, 1, 2]
links.meta: {6: (2, 1), 3: (1, 0), 5: (2, 2), 7: (1, 1), 4: (1, 1), 8: (2, 2), 0: (1, 1), 2: (2, 2), 1: (2, 2), 9: (2, 2), 10: (2, 2)}
t_type about to use: 1
h_type: 2
shift dict: {0: 0, 1: 188, 2: 746}
count dict: Counter({2: 940, 1: 558, 0: 188})
Generated 899 negative samples for edge type 6
Epoch 00017, Step00000 | Train_Loss: 0.5607 | Time: 0.0196
Epoch 00017 | Val_Loss 0.8676 | Time(s) 0.0085
EarlyStopping counter: 13 out of 40
Getting training negative samples for edge types: [6]
nodes.shift keys: [0, 1, 2]
nodes.count keys: [0, 1, 2]
links.meta: {6: (2, 1), 3: (1, 0), 5: (2, 2), 7: (1, 1), 4: (1, 1), 8: (2, 2), 0: (1, 1), 2: (2, 2), 1: (2, 2), 9: (2, 2), 10: (2, 2)}
t_type about to use: 1
h_type: 2
shift dict: {0: 0, 1: 188, 2: 746}
count dict: Counter({2: 940, 1: 558, 0: 188})
Generated 899 negative samples for edge type 6
Epoch 00018, Step00000 | Train_Loss: 0.5510 | Time: 0.0211
Epoch 00018 | Val_Loss 0.9270 | Time(s) 0.0082
EarlyStopping counter: 14 out of 40
Getting training negative samples for edge types: [6]
nodes.shift keys: [0, 1, 2]
nodes.count keys: [0, 1, 2]
links.meta: {6: (2, 1), 3: (1, 0), 5: (2, 2), 7: (1, 1), 4: (1, 1), 8: (2, 2), 0: (1, 1), 2: (2, 2), 1: (2, 2), 9: (2, 2), 10: (2, 2)}
t_type about to use: 1
h_type: 2
shift dict: {0: 0, 1: 188, 2: 746}
count dict: Counter({2: 940, 1: 558, 0: 188})
Generated 899 negative samples for edge type 6
Epoch 00019, Step00000 | Train_Loss: 0.5598 | Time: 0.0206
Epoch 00019 | Val_Loss 0.9871 | Time(s) 0.0082
EarlyStopping counter: 15 out of 40
Getting training negative samples for edge types: [6]
nodes.shift keys: [0, 1, 2]
nodes.count keys: [0, 1, 2]
links.meta: {6: (2, 1), 3: (1, 0), 5: (2, 2), 7: (1, 1), 4: (1, 1), 8: (2, 2), 0: (1, 1), 2: (2, 2), 1: (2, 2), 9: (2, 2), 10: (2, 2)}
t_type about to use: 1
h_type: 2
shift dict: {0: 0, 1: 188, 2: 746}
count dict: Counter({2: 940, 1: 558, 0: 188})
Generated 899 negative samples for edge type 6
Epoch 00020, Step00000 | Train_Loss: 0.5504 | Time: 0.0208
Epoch 00020 | Val_Loss 0.8234 | Time(s) 0.0081
EarlyStopping counter: 16 out of 40
Getting training negative samples for edge types: [6]
nodes.shift keys: [0, 1, 2]
nodes.count keys: [0, 1, 2]
links.meta: {6: (2, 1), 3: (1, 0), 5: (2, 2), 7: (1, 1), 4: (1, 1), 8: (2, 2), 0: (1, 1), 2: (2, 2), 1: (2, 2), 9: (2, 2), 10: (2, 2)}
t_type about to use: 1
h_type: 2
shift dict: {0: 0, 1: 188, 2: 746}
count dict: Counter({2: 940, 1: 558, 0: 188})
Generated 899 negative samples for edge type 6
Epoch 00021, Step00000 | Train_Loss: 0.5428 | Time: 0.0206
Epoch 00021 | Val_Loss 0.8616 | Time(s) 0.0083
EarlyStopping counter: 17 out of 40
Getting training negative samples for edge types: [6]
nodes.shift keys: [0, 1, 2]
nodes.count keys: [0, 1, 2]
links.meta: {6: (2, 1), 3: (1, 0), 5: (2, 2), 7: (1, 1), 4: (1, 1), 8: (2, 2), 0: (1, 1), 2: (2, 2), 1: (2, 2), 9: (2, 2), 10: (2, 2)}
t_type about to use: 1
h_type: 2
shift dict: {0: 0, 1: 188, 2: 746}
count dict: Counter({2: 940, 1: 558, 0: 188})
Generated 899 negative samples for edge type 6
Epoch 00022, Step00000 | Train_Loss: 0.5545 | Time: 0.0212
Epoch 00022 | Val_Loss 0.9236 | Time(s) 0.0082
EarlyStopping counter: 18 out of 40
Getting training negative samples for edge types: [6]
nodes.shift keys: [0, 1, 2]
nodes.count keys: [0, 1, 2]
links.meta: {6: (2, 1), 3: (1, 0), 5: (2, 2), 7: (1, 1), 4: (1, 1), 8: (2, 2), 0: (1, 1), 2: (2, 2), 1: (2, 2), 9: (2, 2), 10: (2, 2)}
t_type about to use: 1
h_type: 2
shift dict: {0: 0, 1: 188, 2: 746}
count dict: Counter({2: 940, 1: 558, 0: 188})
Generated 899 negative samples for edge type 6
Epoch 00023, Step00000 | Train_Loss: 0.5429 | Time: 0.0214
Epoch 00023 | Val_Loss 0.8987 | Time(s) 0.0084
EarlyStopping counter: 19 out of 40
Getting training negative samples for edge types: [6]
nodes.shift keys: [0, 1, 2]
nodes.count keys: [0, 1, 2]
links.meta: {6: (2, 1), 3: (1, 0), 5: (2, 2), 7: (1, 1), 4: (1, 1), 8: (2, 2), 0: (1, 1), 2: (2, 2), 1: (2, 2), 9: (2, 2), 10: (2, 2)}
t_type about to use: 1
h_type: 2
shift dict: {0: 0, 1: 188, 2: 746}
count dict: Counter({2: 940, 1: 558, 0: 188})
Generated 899 negative samples for edge type 6
Epoch 00024, Step00000 | Train_Loss: 0.5424 | Time: 0.0199
Epoch 00024 | Val_Loss 0.9303 | Time(s) 0.0079
EarlyStopping counter: 20 out of 40
Getting training negative samples for edge types: [6]
nodes.shift keys: [0, 1, 2]
nodes.count keys: [0, 1, 2]
links.meta: {6: (2, 1), 3: (1, 0), 5: (2, 2), 7: (1, 1), 4: (1, 1), 8: (2, 2), 0: (1, 1), 2: (2, 2), 1: (2, 2), 9: (2, 2), 10: (2, 2)}
t_type about to use: 1
h_type: 2
shift dict: {0: 0, 1: 188, 2: 746}
count dict: Counter({2: 940, 1: 558, 0: 188})
Generated 899 negative samples for edge type 6
Epoch 00025, Step00000 | Train_Loss: 0.5395 | Time: 0.0200
Epoch 00025 | Val_Loss 0.8579 | Time(s) 0.0083
EarlyStopping counter: 21 out of 40
Getting training negative samples for edge types: [6]
nodes.shift keys: [0, 1, 2]
nodes.count keys: [0, 1, 2]
links.meta: {6: (2, 1), 3: (1, 0), 5: (2, 2), 7: (1, 1), 4: (1, 1), 8: (2, 2), 0: (1, 1), 2: (2, 2), 1: (2, 2), 9: (2, 2), 10: (2, 2)}
t_type about to use: 1
h_type: 2
shift dict: {0: 0, 1: 188, 2: 746}
count dict: Counter({2: 940, 1: 558, 0: 188})
Generated 899 negative samples for edge type 6
Epoch 00026, Step00000 | Train_Loss: 0.5286 | Time: 0.0201
Epoch 00026 | Val_Loss 0.8433 | Time(s) 0.0086
EarlyStopping counter: 22 out of 40
Getting training negative samples for edge types: [6]
nodes.shift keys: [0, 1, 2]
nodes.count keys: [0, 1, 2]
links.meta: {6: (2, 1), 3: (1, 0), 5: (2, 2), 7: (1, 1), 4: (1, 1), 8: (2, 2), 0: (1, 1), 2: (2, 2), 1: (2, 2), 9: (2, 2), 10: (2, 2)}
t_type about to use: 1
h_type: 2
shift dict: {0: 0, 1: 188, 2: 746}
count dict: Counter({2: 940, 1: 558, 0: 188})
Generated 899 negative samples for edge type 6
Epoch 00027, Step00000 | Train_Loss: 0.5365 | Time: 0.0214
Epoch 00027 | Val_Loss 0.9083 | Time(s) 0.0083
EarlyStopping counter: 23 out of 40
Getting training negative samples for edge types: [6]
nodes.shift keys: [0, 1, 2]
nodes.count keys: [0, 1, 2]
links.meta: {6: (2, 1), 3: (1, 0), 5: (2, 2), 7: (1, 1), 4: (1, 1), 8: (2, 2), 0: (1, 1), 2: (2, 2), 1: (2, 2), 9: (2, 2), 10: (2, 2)}
t_type about to use: 1
h_type: 2
shift dict: {0: 0, 1: 188, 2: 746}
count dict: Counter({2: 940, 1: 558, 0: 188})
Generated 899 negative samples for edge type 6
Epoch 00028, Step00000 | Train_Loss: 0.5312 | Time: 0.0198
Epoch 00028 | Val_Loss 0.9658 | Time(s) 0.0084
EarlyStopping counter: 24 out of 40
Getting training negative samples for edge types: [6]
nodes.shift keys: [0, 1, 2]
nodes.count keys: [0, 1, 2]
links.meta: {6: (2, 1), 3: (1, 0), 5: (2, 2), 7: (1, 1), 4: (1, 1), 8: (2, 2), 0: (1, 1), 2: (2, 2), 1: (2, 2), 9: (2, 2), 10: (2, 2)}
t_type about to use: 1
h_type: 2
shift dict: {0: 0, 1: 188, 2: 746}
count dict: Counter({2: 940, 1: 558, 0: 188})
Generated 899 negative samples for edge type 6
Epoch 00029, Step00000 | Train_Loss: 0.5284 | Time: 0.0196
Epoch 00029 | Val_Loss 0.8653 | Time(s) 0.0085
EarlyStopping counter: 25 out of 40
Getting training negative samples for edge types: [6]
nodes.shift keys: [0, 1, 2]
nodes.count keys: [0, 1, 2]
links.meta: {6: (2, 1), 3: (1, 0), 5: (2, 2), 7: (1, 1), 4: (1, 1), 8: (2, 2), 0: (1, 1), 2: (2, 2), 1: (2, 2), 9: (2, 2), 10: (2, 2)}
t_type about to use: 1
h_type: 2
shift dict: {0: 0, 1: 188, 2: 746}
count dict: Counter({2: 940, 1: 558, 0: 188})
Generated 899 negative samples for edge type 6
Epoch 00030, Step00000 | Train_Loss: 0.5368 | Time: 0.0211
Epoch 00030 | Val_Loss 0.8531 | Time(s) 0.0082
EarlyStopping counter: 26 out of 40
Getting training negative samples for edge types: [6]
nodes.shift keys: [0, 1, 2]
nodes.count keys: [0, 1, 2]
links.meta: {6: (2, 1), 3: (1, 0), 5: (2, 2), 7: (1, 1), 4: (1, 1), 8: (2, 2), 0: (1, 1), 2: (2, 2), 1: (2, 2), 9: (2, 2), 10: (2, 2)}
t_type about to use: 1
h_type: 2
shift dict: {0: 0, 1: 188, 2: 746}
count dict: Counter({2: 940, 1: 558, 0: 188})
Generated 899 negative samples for edge type 6
Epoch 00031, Step00000 | Train_Loss: 0.5285 | Time: 0.0207
Epoch 00031 | Val_Loss 0.8168 | Time(s) 0.0083
EarlyStopping counter: 27 out of 40
Getting training negative samples for edge types: [6]
nodes.shift keys: [0, 1, 2]
nodes.count keys: [0, 1, 2]
links.meta: {6: (2, 1), 3: (1, 0), 5: (2, 2), 7: (1, 1), 4: (1, 1), 8: (2, 2), 0: (1, 1), 2: (2, 2), 1: (2, 2), 9: (2, 2), 10: (2, 2)}
t_type about to use: 1
h_type: 2
shift dict: {0: 0, 1: 188, 2: 746}
count dict: Counter({2: 940, 1: 558, 0: 188})
Generated 899 negative samples for edge type 6
Epoch 00032, Step00000 | Train_Loss: 0.5243 | Time: 0.0207
Epoch 00032 | Val_Loss 0.8094 | Time(s) 0.0082
EarlyStopping counter: 28 out of 40
Getting training negative samples for edge types: [6]
nodes.shift keys: [0, 1, 2]
nodes.count keys: [0, 1, 2]
links.meta: {6: (2, 1), 3: (1, 0), 5: (2, 2), 7: (1, 1), 4: (1, 1), 8: (2, 2), 0: (1, 1), 2: (2, 2), 1: (2, 2), 9: (2, 2), 10: (2, 2)}
t_type about to use: 1
h_type: 2
shift dict: {0: 0, 1: 188, 2: 746}
count dict: Counter({2: 940, 1: 558, 0: 188})
Generated 899 negative samples for edge type 6
Epoch 00033, Step00000 | Train_Loss: 0.5350 | Time: 0.0205
Epoch 00033 | Val_Loss 0.8292 | Time(s) 0.0084
EarlyStopping counter: 29 out of 40
Getting training negative samples for edge types: [6]
nodes.shift keys: [0, 1, 2]
nodes.count keys: [0, 1, 2]
links.meta: {6: (2, 1), 3: (1, 0), 5: (2, 2), 7: (1, 1), 4: (1, 1), 8: (2, 2), 0: (1, 1), 2: (2, 2), 1: (2, 2), 9: (2, 2), 10: (2, 2)}
t_type about to use: 1
h_type: 2
shift dict: {0: 0, 1: 188, 2: 746}
count dict: Counter({2: 940, 1: 558, 0: 188})
Generated 899 negative samples for edge type 6
Epoch 00034, Step00000 | Train_Loss: 0.5359 | Time: 0.0200
Epoch 00034 | Val_Loss 0.7555 | Time(s) 0.0086
EarlyStopping counter: 30 out of 40
Getting training negative samples for edge types: [6]
nodes.shift keys: [0, 1, 2]
nodes.count keys: [0, 1, 2]
links.meta: {6: (2, 1), 3: (1, 0), 5: (2, 2), 7: (1, 1), 4: (1, 1), 8: (2, 2), 0: (1, 1), 2: (2, 2), 1: (2, 2), 9: (2, 2), 10: (2, 2)}
t_type about to use: 1
h_type: 2
shift dict: {0: 0, 1: 188, 2: 746}
count dict: Counter({2: 940, 1: 558, 0: 188})
Generated 899 negative samples for edge type 6
Epoch 00035, Step00000 | Train_Loss: 0.5266 | Time: 0.0199
Epoch 00035 | Val_Loss 0.7488 | Time(s) 0.0085
EarlyStopping counter: 31 out of 40
Getting training negative samples for edge types: [6]
nodes.shift keys: [0, 1, 2]
nodes.count keys: [0, 1, 2]
links.meta: {6: (2, 1), 3: (1, 0), 5: (2, 2), 7: (1, 1), 4: (1, 1), 8: (2, 2), 0: (1, 1), 2: (2, 2), 1: (2, 2), 9: (2, 2), 10: (2, 2)}
t_type about to use: 1
h_type: 2
shift dict: {0: 0, 1: 188, 2: 746}
count dict: Counter({2: 940, 1: 558, 0: 188})
Generated 899 negative samples for edge type 6
Epoch 00036, Step00000 | Train_Loss: 0.5266 | Time: 0.0211
Epoch 00036 | Val_Loss 0.7434 | Time(s) 0.0082
EarlyStopping counter: 32 out of 40
Getting training negative samples for edge types: [6]
nodes.shift keys: [0, 1, 2]
nodes.count keys: [0, 1, 2]
links.meta: {6: (2, 1), 3: (1, 0), 5: (2, 2), 7: (1, 1), 4: (1, 1), 8: (2, 2), 0: (1, 1), 2: (2, 2), 1: (2, 2), 9: (2, 2), 10: (2, 2)}
t_type about to use: 1
h_type: 2
shift dict: {0: 0, 1: 188, 2: 746}
count dict: Counter({2: 940, 1: 558, 0: 188})
Generated 899 negative samples for edge type 6
Epoch 00037, Step00000 | Train_Loss: 0.5280 | Time: 0.0208
Epoch 00037 | Val_Loss 0.7530 | Time(s) 0.0080
EarlyStopping counter: 33 out of 40
Getting training negative samples for edge types: [6]
nodes.shift keys: [0, 1, 2]
nodes.count keys: [0, 1, 2]
links.meta: {6: (2, 1), 3: (1, 0), 5: (2, 2), 7: (1, 1), 4: (1, 1), 8: (2, 2), 0: (1, 1), 2: (2, 2), 1: (2, 2), 9: (2, 2), 10: (2, 2)}
t_type about to use: 1
h_type: 2
shift dict: {0: 0, 1: 188, 2: 746}
count dict: Counter({2: 940, 1: 558, 0: 188})
Generated 899 negative samples for edge type 6
Epoch 00038, Step00000 | Train_Loss: 0.5347 | Time: 0.0197
Epoch 00038 | Val_Loss 0.7882 | Time(s) 0.0086
EarlyStopping counter: 34 out of 40
Getting training negative samples for edge types: [6]
nodes.shift keys: [0, 1, 2]
nodes.count keys: [0, 1, 2]
links.meta: {6: (2, 1), 3: (1, 0), 5: (2, 2), 7: (1, 1), 4: (1, 1), 8: (2, 2), 0: (1, 1), 2: (2, 2), 1: (2, 2), 9: (2, 2), 10: (2, 2)}
t_type about to use: 1
h_type: 2
shift dict: {0: 0, 1: 188, 2: 746}
count dict: Counter({2: 940, 1: 558, 0: 188})
Generated 899 negative samples for edge type 6
Epoch 00039, Step00000 | Train_Loss: 0.5193 | Time: 0.0212
Epoch 00039 | Val_Loss 0.7540 | Time(s) 0.0082
EarlyStopping counter: 35 out of 40
Getting training negative samples for edge types: [6]
nodes.shift keys: [0, 1, 2]
nodes.count keys: [0, 1, 2]
links.meta: {6: (2, 1), 3: (1, 0), 5: (2, 2), 7: (1, 1), 4: (1, 1), 8: (2, 2), 0: (1, 1), 2: (2, 2), 1: (2, 2), 9: (2, 2), 10: (2, 2)}
t_type about to use: 1
h_type: 2
shift dict: {0: 0, 1: 188, 2: 746}
count dict: Counter({2: 940, 1: 558, 0: 188})
Generated 899 negative samples for edge type 6
Epoch 00040, Step00000 | Train_Loss: 0.5107 | Time: 0.0205
Epoch 00040 | Val_Loss 0.7813 | Time(s) 0.0088
EarlyStopping counter: 36 out of 40
Getting training negative samples for edge types: [6]
nodes.shift keys: [0, 1, 2]
nodes.count keys: [0, 1, 2]
links.meta: {6: (2, 1), 3: (1, 0), 5: (2, 2), 7: (1, 1), 4: (1, 1), 8: (2, 2), 0: (1, 1), 2: (2, 2), 1: (2, 2), 9: (2, 2), 10: (2, 2)}
t_type about to use: 1
h_type: 2
shift dict: {0: 0, 1: 188, 2: 746}
count dict: Counter({2: 940, 1: 558, 0: 188})
Generated 899 negative samples for edge type 6
Epoch 00041, Step00000 | Train_Loss: 0.5255 | Time: 0.0200
Epoch 00041 | Val_Loss 0.8127 | Time(s) 0.0087
EarlyStopping counter: 37 out of 40
Getting training negative samples for edge types: [6]
nodes.shift keys: [0, 1, 2]
nodes.count keys: [0, 1, 2]
links.meta: {6: (2, 1), 3: (1, 0), 5: (2, 2), 7: (1, 1), 4: (1, 1), 8: (2, 2), 0: (1, 1), 2: (2, 2), 1: (2, 2), 9: (2, 2), 10: (2, 2)}
t_type about to use: 1
h_type: 2
shift dict: {0: 0, 1: 188, 2: 746}
count dict: Counter({2: 940, 1: 558, 0: 188})
Generated 899 negative samples for edge type 6
Epoch 00042, Step00000 | Train_Loss: 0.5132 | Time: 0.0198
Epoch 00042 | Val_Loss 0.7869 | Time(s) 0.0083
EarlyStopping counter: 38 out of 40
Getting training negative samples for edge types: [6]
nodes.shift keys: [0, 1, 2]
nodes.count keys: [0, 1, 2]
links.meta: {6: (2, 1), 3: (1, 0), 5: (2, 2), 7: (1, 1), 4: (1, 1), 8: (2, 2), 0: (1, 1), 2: (2, 2), 1: (2, 2), 9: (2, 2), 10: (2, 2)}
t_type about to use: 1
h_type: 2
shift dict: {0: 0, 1: 188, 2: 746}
count dict: Counter({2: 940, 1: 558, 0: 188})
Generated 899 negative samples for edge type 6
Epoch 00043, Step00000 | Train_Loss: 0.5212 | Time: 0.0195
Epoch 00043 | Val_Loss 0.8836 | Time(s) 0.0084
EarlyStopping counter: 39 out of 40
Getting training negative samples for edge types: [6]
nodes.shift keys: [0, 1, 2]
nodes.count keys: [0, 1, 2]
links.meta: {6: (2, 1), 3: (1, 0), 5: (2, 2), 7: (1, 1), 4: (1, 1), 8: (2, 2), 0: (1, 1), 2: (2, 2), 1: (2, 2), 9: (2, 2), 10: (2, 2)}
t_type about to use: 1
h_type: 2
shift dict: {0: 0, 1: 188, 2: 746}
count dict: Counter({2: 940, 1: 558, 0: 188})
Generated 899 negative samples for edge type 6
Epoch 00044, Step00000 | Train_Loss: 0.5031 | Time: 0.0201
Epoch 00044 | Val_Loss 0.7533 | Time(s) 0.0083
EarlyStopping counter: 40 out of 40
Early stopping!
Early stopping!
Meta keys: dict_keys([6])
Data keys: dict_keys([6])
Edge type: 6, Meta: (2, 1)
{'roc_auc': 0.5224794238683128, 'MRR': 0.7609422492401215}
{'roc_auc': 0.6605700350556318, 'MRR': 0.7901891252955082}
defaultdict(<class 'float'>, {'roc_auc': 0.5224794238683128, 'MRR': 0.7609422492401215})
defaultdict(<class 'float'>, {'roc_auc': 0.6605700350556318, 'MRR': 0.7901891252955082})
Completed: amazon_style_cct_features_securebert_fold_1

--------------------------------------
Running model: SimpleHGN
Dataset: amazon_style_cct_features_securebert_fold_2
--------------------------------------
Data path: ../../data/amazon_style_cct_features_securebert_fold_2
Loading nodes from ../../data/amazon_style_cct_features_securebert_fold_2/node.dat
edge types: dict_keys([5, 6, 7, 2, 8, 0, 3, 4, 1, 10, 9])
Getting training negative samples for edge types: [6]
nodes.shift keys: [0, 1, 2]
nodes.count keys: [0, 1, 2]
links.meta: {5: (2, 2), 6: (2, 1), 7: (1, 1), 2: (2, 2), 8: (2, 2), 0: (1, 1), 3: (1, 0), 4: (1, 1), 1: (2, 2), 10: (2, 2), 9: (2, 2)}
t_type about to use: 1
h_type: 2
shift dict: {0: 0, 1: 188, 2: 746}
count dict: Counter({2: 940, 1: 558, 0: 188})
Generated 929 negative samples for edge type 6
Features List: [array([[ 0.00445206,  0.01268557,  0.22351578, ..., -0.28678206,
        -0.37460288,  0.18294938],
       [-0.18744846,  0.07075578,  0.0476894 , ..., -0.2232531 ,
        -0.19588573,  0.47988179],
       [-0.17451471, -0.04557271,  0.15712288, ..., -0.05391889,
        -0.20500693,  0.23744845],
       ...,
       [-0.40584856,  0.04715464,  0.24475315, ..., -0.12466257,
        -0.2035536 ,  0.28577447],
       [-0.18835557,  0.03822717,  0.03586731, ..., -0.23435652,
        -0.35453227,  0.38753107],
       [-0.13632202,  0.14362322,  0.08668749, ..., -0.24145249,
        -0.25799868,  0.26464131]]), array([[ 0.00791158, -0.00538086, -0.02676104, ..., -0.01897389,
        -0.01306979, -0.00084801],
       [ 0.01682901, -0.00649696, -0.01921631, ..., -0.01401017,
        -0.0039668 , -0.02202195],
       [ 0.02197852, -0.01403735, -0.05225722, ...,  0.02019661,
         0.00528841,  0.0033033 ],
       ...,
       [ 0.01603197,  0.00716993, -0.01245602, ..., -0.01399604,
        -0.00058955, -0.0256807 ],
       [ 0.01039577,  0.02045547, -0.02146293, ...,  0.01017929,
         0.02390171,  0.00134994],
       [ 0.00462414,  0.0041195 , -0.0135733 , ..., -0.01101827,
         0.00813001,  0.0203817 ]]), array([[ 0.00087804,  0.00658507, -0.02514569, ..., -0.04238372,
         0.00850771, -0.02565438],
       [-0.0006986 ,  0.01542003, -0.03227317, ..., -0.01301633,
         0.01559736, -0.03614859],
       [-0.01135348,  0.00974955, -0.01812623, ..., -0.01920343,
         0.00887381, -0.0152928 ],
       ...,
       [ 0.00701895, -0.01539859, -0.03025482, ..., -0.03644368,
         0.01254067, -0.0236606 ],
       [-0.00414097,  0.00144739, -0.05197839, ...,  0.00216818,
         0.02755725, -0.03143983],
       [ 0.01779867, -0.02493452, -0.0391779 , ..., -0.01159797,
        -0.00619852, -0.02449675]])]
Getting training negative samples for edge types: [6]
nodes.shift keys: [0, 1, 2]
nodes.count keys: [0, 1, 2]
links.meta: {5: (2, 2), 6: (2, 1), 7: (1, 1), 2: (2, 2), 8: (2, 2), 0: (1, 1), 3: (1, 0), 4: (1, 1), 1: (2, 2), 10: (2, 2), 9: (2, 2)}
t_type about to use: 1
h_type: 2
shift dict: {0: 0, 1: 188, 2: 746}
count dict: Counter({2: 940, 1: 558, 0: 188})
Generated 929 negative samples for edge type 6
Epoch 00000, Step00000 | Train_Loss: 0.6937 | Time: 0.5658
Epoch 00000 | Val_Loss 0.6836 | Time(s) 0.0073
Validation loss decreased (inf --> 0.683623).  Saving model ...
Getting training negative samples for edge types: [6]
nodes.shift keys: [0, 1, 2]
nodes.count keys: [0, 1, 2]
links.meta: {5: (2, 2), 6: (2, 1), 7: (1, 1), 2: (2, 2), 8: (2, 2), 0: (1, 1), 3: (1, 0), 4: (1, 1), 1: (2, 2), 10: (2, 2), 9: (2, 2)}
t_type about to use: 1
h_type: 2
shift dict: {0: 0, 1: 188, 2: 746}
count dict: Counter({2: 940, 1: 558, 0: 188})
Generated 929 negative samples for edge type 6
Epoch 00001, Step00000 | Train_Loss: 0.6861 | Time: 0.0207
Epoch 00001 | Val_Loss 0.6712 | Time(s) 0.0078
Validation loss decreased (0.683623 --> 0.671195).  Saving model ...
Getting training negative samples for edge types: [6]
nodes.shift keys: [0, 1, 2]
nodes.count keys: [0, 1, 2]
links.meta: {5: (2, 2), 6: (2, 1), 7: (1, 1), 2: (2, 2), 8: (2, 2), 0: (1, 1), 3: (1, 0), 4: (1, 1), 1: (2, 2), 10: (2, 2), 9: (2, 2)}
t_type about to use: 1
h_type: 2
shift dict: {0: 0, 1: 188, 2: 746}
count dict: Counter({2: 940, 1: 558, 0: 188})
Generated 929 negative samples for edge type 6
Epoch 00002, Step00000 | Train_Loss: 0.6782 | Time: 0.0202
Epoch 00002 | Val_Loss 0.6644 | Time(s) 0.0075
Validation loss decreased (0.671195 --> 0.664449).  Saving model ...
Getting training negative samples for edge types: [6]
nodes.shift keys: [0, 1, 2]
nodes.count keys: [0, 1, 2]
links.meta: {5: (2, 2), 6: (2, 1), 7: (1, 1), 2: (2, 2), 8: (2, 2), 0: (1, 1), 3: (1, 0), 4: (1, 1), 1: (2, 2), 10: (2, 2), 9: (2, 2)}
t_type about to use: 1
h_type: 2
shift dict: {0: 0, 1: 188, 2: 746}
count dict: Counter({2: 940, 1: 558, 0: 188})
Generated 929 negative samples for edge type 6
Epoch 00003, Step00000 | Train_Loss: 0.6639 | Time: 0.0204
Epoch 00003 | Val_Loss 0.6583 | Time(s) 0.0071
Validation loss decreased (0.664449 --> 0.658296).  Saving model ...
Getting training negative samples for edge types: [6]
nodes.shift keys: [0, 1, 2]
nodes.count keys: [0, 1, 2]
links.meta: {5: (2, 2), 6: (2, 1), 7: (1, 1), 2: (2, 2), 8: (2, 2), 0: (1, 1), 3: (1, 0), 4: (1, 1), 1: (2, 2), 10: (2, 2), 9: (2, 2)}
t_type about to use: 1
h_type: 2
shift dict: {0: 0, 1: 188, 2: 746}
count dict: Counter({2: 940, 1: 558, 0: 188})
Generated 929 negative samples for edge type 6
Epoch 00004, Step00000 | Train_Loss: 0.6515 | Time: 0.0197
Epoch 00004 | Val_Loss 0.6607 | Time(s) 0.0065
EarlyStopping counter: 1 out of 40
Getting training negative samples for edge types: [6]
nodes.shift keys: [0, 1, 2]
nodes.count keys: [0, 1, 2]
links.meta: {5: (2, 2), 6: (2, 1), 7: (1, 1), 2: (2, 2), 8: (2, 2), 0: (1, 1), 3: (1, 0), 4: (1, 1), 1: (2, 2), 10: (2, 2), 9: (2, 2)}
t_type about to use: 1
h_type: 2
shift dict: {0: 0, 1: 188, 2: 746}
count dict: Counter({2: 940, 1: 558, 0: 188})
Generated 929 negative samples for edge type 6
Epoch 00005, Step00000 | Train_Loss: 0.6411 | Time: 0.0185
Epoch 00005 | Val_Loss 0.6519 | Time(s) 0.0068
Validation loss decreased (0.658296 --> 0.651911).  Saving model ...
Getting training negative samples for edge types: [6]
nodes.shift keys: [0, 1, 2]
nodes.count keys: [0, 1, 2]
links.meta: {5: (2, 2), 6: (2, 1), 7: (1, 1), 2: (2, 2), 8: (2, 2), 0: (1, 1), 3: (1, 0), 4: (1, 1), 1: (2, 2), 10: (2, 2), 9: (2, 2)}
t_type about to use: 1
h_type: 2
shift dict: {0: 0, 1: 188, 2: 746}
count dict: Counter({2: 940, 1: 558, 0: 188})
Generated 929 negative samples for edge type 6
Epoch 00006, Step00000 | Train_Loss: 0.6306 | Time: 0.0191
Epoch 00006 | Val_Loss 0.6750 | Time(s) 0.0066
EarlyStopping counter: 1 out of 40
Getting training negative samples for edge types: [6]
nodes.shift keys: [0, 1, 2]
nodes.count keys: [0, 1, 2]
links.meta: {5: (2, 2), 6: (2, 1), 7: (1, 1), 2: (2, 2), 8: (2, 2), 0: (1, 1), 3: (1, 0), 4: (1, 1), 1: (2, 2), 10: (2, 2), 9: (2, 2)}
t_type about to use: 1
h_type: 2
shift dict: {0: 0, 1: 188, 2: 746}
count dict: Counter({2: 940, 1: 558, 0: 188})
Generated 929 negative samples for edge type 6
Epoch 00007, Step00000 | Train_Loss: 0.6163 | Time: 0.0182
Epoch 00007 | Val_Loss 0.6637 | Time(s) 0.0064
EarlyStopping counter: 2 out of 40
Getting training negative samples for edge types: [6]
nodes.shift keys: [0, 1, 2]
nodes.count keys: [0, 1, 2]
links.meta: {5: (2, 2), 6: (2, 1), 7: (1, 1), 2: (2, 2), 8: (2, 2), 0: (1, 1), 3: (1, 0), 4: (1, 1), 1: (2, 2), 10: (2, 2), 9: (2, 2)}
t_type about to use: 1
h_type: 2
shift dict: {0: 0, 1: 188, 2: 746}
count dict: Counter({2: 940, 1: 558, 0: 188})
Generated 929 negative samples for edge type 6
Epoch 00008, Step00000 | Train_Loss: 0.6048 | Time: 0.0179
Epoch 00008 | Val_Loss 0.7293 | Time(s) 0.0064
EarlyStopping counter: 3 out of 40
Getting training negative samples for edge types: [6]
nodes.shift keys: [0, 1, 2]
nodes.count keys: [0, 1, 2]
links.meta: {5: (2, 2), 6: (2, 1), 7: (1, 1), 2: (2, 2), 8: (2, 2), 0: (1, 1), 3: (1, 0), 4: (1, 1), 1: (2, 2), 10: (2, 2), 9: (2, 2)}
t_type about to use: 1
h_type: 2
shift dict: {0: 0, 1: 188, 2: 746}
count dict: Counter({2: 940, 1: 558, 0: 188})
Generated 929 negative samples for edge type 6
Epoch 00009, Step00000 | Train_Loss: 0.5954 | Time: 0.0180
Epoch 00009 | Val_Loss 0.7815 | Time(s) 0.0066
EarlyStopping counter: 4 out of 40
Getting training negative samples for edge types: [6]
nodes.shift keys: [0, 1, 2]
nodes.count keys: [0, 1, 2]
links.meta: {5: (2, 2), 6: (2, 1), 7: (1, 1), 2: (2, 2), 8: (2, 2), 0: (1, 1), 3: (1, 0), 4: (1, 1), 1: (2, 2), 10: (2, 2), 9: (2, 2)}
t_type about to use: 1
h_type: 2
shift dict: {0: 0, 1: 188, 2: 746}
count dict: Counter({2: 940, 1: 558, 0: 188})
Generated 929 negative samples for edge type 6
Epoch 00010, Step00000 | Train_Loss: 0.5925 | Time: 0.0184
Epoch 00010 | Val_Loss 0.7755 | Time(s) 0.0065
EarlyStopping counter: 5 out of 40
Getting training negative samples for edge types: [6]
nodes.shift keys: [0, 1, 2]
nodes.count keys: [0, 1, 2]
links.meta: {5: (2, 2), 6: (2, 1), 7: (1, 1), 2: (2, 2), 8: (2, 2), 0: (1, 1), 3: (1, 0), 4: (1, 1), 1: (2, 2), 10: (2, 2), 9: (2, 2)}
t_type about to use: 1
h_type: 2
shift dict: {0: 0, 1: 188, 2: 746}
count dict: Counter({2: 940, 1: 558, 0: 188})
Generated 929 negative samples for edge type 6
Epoch 00011, Step00000 | Train_Loss: 0.5731 | Time: 0.0184
Epoch 00011 | Val_Loss 0.8741 | Time(s) 0.0075
EarlyStopping counter: 6 out of 40
Getting training negative samples for edge types: [6]
nodes.shift keys: [0, 1, 2]
nodes.count keys: [0, 1, 2]
links.meta: {5: (2, 2), 6: (2, 1), 7: (1, 1), 2: (2, 2), 8: (2, 2), 0: (1, 1), 3: (1, 0), 4: (1, 1), 1: (2, 2), 10: (2, 2), 9: (2, 2)}
t_type about to use: 1
h_type: 2
shift dict: {0: 0, 1: 188, 2: 746}
count dict: Counter({2: 940, 1: 558, 0: 188})
Generated 929 negative samples for edge type 6
Epoch 00012, Step00000 | Train_Loss: 0.5692 | Time: 0.0187
Epoch 00012 | Val_Loss 0.9136 | Time(s) 0.0066
EarlyStopping counter: 7 out of 40
Getting training negative samples for edge types: [6]
nodes.shift keys: [0, 1, 2]
nodes.count keys: [0, 1, 2]
links.meta: {5: (2, 2), 6: (2, 1), 7: (1, 1), 2: (2, 2), 8: (2, 2), 0: (1, 1), 3: (1, 0), 4: (1, 1), 1: (2, 2), 10: (2, 2), 9: (2, 2)}
t_type about to use: 1
h_type: 2
shift dict: {0: 0, 1: 188, 2: 746}
count dict: Counter({2: 940, 1: 558, 0: 188})
Generated 929 negative samples for edge type 6
Epoch 00013, Step00000 | Train_Loss: 0.5832 | Time: 0.0184
Epoch 00013 | Val_Loss 0.9266 | Time(s) 0.0067
EarlyStopping counter: 8 out of 40
Getting training negative samples for edge types: [6]
nodes.shift keys: [0, 1, 2]
nodes.count keys: [0, 1, 2]
links.meta: {5: (2, 2), 6: (2, 1), 7: (1, 1), 2: (2, 2), 8: (2, 2), 0: (1, 1), 3: (1, 0), 4: (1, 1), 1: (2, 2), 10: (2, 2), 9: (2, 2)}
t_type about to use: 1
h_type: 2
shift dict: {0: 0, 1: 188, 2: 746}
count dict: Counter({2: 940, 1: 558, 0: 188})
Generated 929 negative samples for edge type 6
Epoch 00014, Step00000 | Train_Loss: 0.5553 | Time: 0.0181
Epoch 00014 | Val_Loss 0.9472 | Time(s) 0.0066
EarlyStopping counter: 9 out of 40
Getting training negative samples for edge types: [6]
nodes.shift keys: [0, 1, 2]
nodes.count keys: [0, 1, 2]
links.meta: {5: (2, 2), 6: (2, 1), 7: (1, 1), 2: (2, 2), 8: (2, 2), 0: (1, 1), 3: (1, 0), 4: (1, 1), 1: (2, 2), 10: (2, 2), 9: (2, 2)}
t_type about to use: 1
h_type: 2
shift dict: {0: 0, 1: 188, 2: 746}
count dict: Counter({2: 940, 1: 558, 0: 188})
Generated 929 negative samples for edge type 6
Epoch 00015, Step00000 | Train_Loss: 0.5525 | Time: 0.0181
Epoch 00015 | Val_Loss 1.0062 | Time(s) 0.0067
EarlyStopping counter: 10 out of 40
Getting training negative samples for edge types: [6]
nodes.shift keys: [0, 1, 2]
nodes.count keys: [0, 1, 2]
links.meta: {5: (2, 2), 6: (2, 1), 7: (1, 1), 2: (2, 2), 8: (2, 2), 0: (1, 1), 3: (1, 0), 4: (1, 1), 1: (2, 2), 10: (2, 2), 9: (2, 2)}
t_type about to use: 1
h_type: 2
shift dict: {0: 0, 1: 188, 2: 746}
count dict: Counter({2: 940, 1: 558, 0: 188})
Generated 929 negative samples for edge type 6
Epoch 00016, Step00000 | Train_Loss: 0.5591 | Time: 0.0179
Epoch 00016 | Val_Loss 0.9014 | Time(s) 0.0064
EarlyStopping counter: 11 out of 40
Getting training negative samples for edge types: [6]
nodes.shift keys: [0, 1, 2]
nodes.count keys: [0, 1, 2]
links.meta: {5: (2, 2), 6: (2, 1), 7: (1, 1), 2: (2, 2), 8: (2, 2), 0: (1, 1), 3: (1, 0), 4: (1, 1), 1: (2, 2), 10: (2, 2), 9: (2, 2)}
t_type about to use: 1
h_type: 2
shift dict: {0: 0, 1: 188, 2: 746}
count dict: Counter({2: 940, 1: 558, 0: 188})
Generated 929 negative samples for edge type 6
Epoch 00017, Step00000 | Train_Loss: 0.5663 | Time: 0.0178
Epoch 00017 | Val_Loss 0.9865 | Time(s) 0.0064
EarlyStopping counter: 12 out of 40
Getting training negative samples for edge types: [6]
nodes.shift keys: [0, 1, 2]
nodes.count keys: [0, 1, 2]
links.meta: {5: (2, 2), 6: (2, 1), 7: (1, 1), 2: (2, 2), 8: (2, 2), 0: (1, 1), 3: (1, 0), 4: (1, 1), 1: (2, 2), 10: (2, 2), 9: (2, 2)}
t_type about to use: 1
h_type: 2
shift dict: {0: 0, 1: 188, 2: 746}
count dict: Counter({2: 940, 1: 558, 0: 188})
Generated 929 negative samples for edge type 6
Epoch 00018, Step00000 | Train_Loss: 0.5564 | Time: 0.0177
Epoch 00018 | Val_Loss 1.0380 | Time(s) 0.0065
EarlyStopping counter: 13 out of 40
Getting training negative samples for edge types: [6]
nodes.shift keys: [0, 1, 2]
nodes.count keys: [0, 1, 2]
links.meta: {5: (2, 2), 6: (2, 1), 7: (1, 1), 2: (2, 2), 8: (2, 2), 0: (1, 1), 3: (1, 0), 4: (1, 1), 1: (2, 2), 10: (2, 2), 9: (2, 2)}
t_type about to use: 1
h_type: 2
shift dict: {0: 0, 1: 188, 2: 746}
count dict: Counter({2: 940, 1: 558, 0: 188})
Generated 929 negative samples for edge type 6
Epoch 00019, Step00000 | Train_Loss: 0.5500 | Time: 0.0188
Epoch 00019 | Val_Loss 1.0429 | Time(s) 0.0066
EarlyStopping counter: 14 out of 40
Getting training negative samples for edge types: [6]
nodes.shift keys: [0, 1, 2]
nodes.count keys: [0, 1, 2]
links.meta: {5: (2, 2), 6: (2, 1), 7: (1, 1), 2: (2, 2), 8: (2, 2), 0: (1, 1), 3: (1, 0), 4: (1, 1), 1: (2, 2), 10: (2, 2), 9: (2, 2)}
t_type about to use: 1
h_type: 2
shift dict: {0: 0, 1: 188, 2: 746}
count dict: Counter({2: 940, 1: 558, 0: 188})
Generated 929 negative samples for edge type 6
Epoch 00020, Step00000 | Train_Loss: 0.5441 | Time: 0.0183
Epoch 00020 | Val_Loss 1.0190 | Time(s) 0.0071
EarlyStopping counter: 15 out of 40
Getting training negative samples for edge types: [6]
nodes.shift keys: [0, 1, 2]
nodes.count keys: [0, 1, 2]
links.meta: {5: (2, 2), 6: (2, 1), 7: (1, 1), 2: (2, 2), 8: (2, 2), 0: (1, 1), 3: (1, 0), 4: (1, 1), 1: (2, 2), 10: (2, 2), 9: (2, 2)}
t_type about to use: 1
h_type: 2
shift dict: {0: 0, 1: 188, 2: 746}
count dict: Counter({2: 940, 1: 558, 0: 188})
Generated 929 negative samples for edge type 6
Epoch 00021, Step00000 | Train_Loss: 0.5407 | Time: 0.0179
Epoch 00021 | Val_Loss 1.0467 | Time(s) 0.0063
EarlyStopping counter: 16 out of 40
Getting training negative samples for edge types: [6]
nodes.shift keys: [0, 1, 2]
nodes.count keys: [0, 1, 2]
links.meta: {5: (2, 2), 6: (2, 1), 7: (1, 1), 2: (2, 2), 8: (2, 2), 0: (1, 1), 3: (1, 0), 4: (1, 1), 1: (2, 2), 10: (2, 2), 9: (2, 2)}
t_type about to use: 1
h_type: 2
shift dict: {0: 0, 1: 188, 2: 746}
count dict: Counter({2: 940, 1: 558, 0: 188})
Generated 929 negative samples for edge type 6
Epoch 00022, Step00000 | Train_Loss: 0.5457 | Time: 0.0177
Epoch 00022 | Val_Loss 1.0301 | Time(s) 0.0065
EarlyStopping counter: 17 out of 40
Getting training negative samples for edge types: [6]
nodes.shift keys: [0, 1, 2]
nodes.count keys: [0, 1, 2]
links.meta: {5: (2, 2), 6: (2, 1), 7: (1, 1), 2: (2, 2), 8: (2, 2), 0: (1, 1), 3: (1, 0), 4: (1, 1), 1: (2, 2), 10: (2, 2), 9: (2, 2)}
t_type about to use: 1
h_type: 2
shift dict: {0: 0, 1: 188, 2: 746}
count dict: Counter({2: 940, 1: 558, 0: 188})
Generated 929 negative samples for edge type 6
Epoch 00023, Step00000 | Train_Loss: 0.5387 | Time: 0.0178
Epoch 00023 | Val_Loss 1.0412 | Time(s) 0.0063
EarlyStopping counter: 18 out of 40
Getting training negative samples for edge types: [6]
nodes.shift keys: [0, 1, 2]
nodes.count keys: [0, 1, 2]
links.meta: {5: (2, 2), 6: (2, 1), 7: (1, 1), 2: (2, 2), 8: (2, 2), 0: (1, 1), 3: (1, 0), 4: (1, 1), 1: (2, 2), 10: (2, 2), 9: (2, 2)}
t_type about to use: 1
h_type: 2
shift dict: {0: 0, 1: 188, 2: 746}
count dict: Counter({2: 940, 1: 558, 0: 188})
Generated 929 negative samples for edge type 6
Epoch 00024, Step00000 | Train_Loss: 0.5541 | Time: 0.0178
Epoch 00024 | Val_Loss 0.9858 | Time(s) 0.0064
EarlyStopping counter: 19 out of 40
Getting training negative samples for edge types: [6]
nodes.shift keys: [0, 1, 2]
nodes.count keys: [0, 1, 2]
links.meta: {5: (2, 2), 6: (2, 1), 7: (1, 1), 2: (2, 2), 8: (2, 2), 0: (1, 1), 3: (1, 0), 4: (1, 1), 1: (2, 2), 10: (2, 2), 9: (2, 2)}
t_type about to use: 1
h_type: 2
shift dict: {0: 0, 1: 188, 2: 746}
count dict: Counter({2: 940, 1: 558, 0: 188})
Generated 929 negative samples for edge type 6
Epoch 00025, Step00000 | Train_Loss: 0.5520 | Time: 0.0177
Epoch 00025 | Val_Loss 1.0405 | Time(s) 0.0074
EarlyStopping counter: 20 out of 40
Getting training negative samples for edge types: [6]
nodes.shift keys: [0, 1, 2]
nodes.count keys: [0, 1, 2]
links.meta: {5: (2, 2), 6: (2, 1), 7: (1, 1), 2: (2, 2), 8: (2, 2), 0: (1, 1), 3: (1, 0), 4: (1, 1), 1: (2, 2), 10: (2, 2), 9: (2, 2)}
t_type about to use: 1
h_type: 2
shift dict: {0: 0, 1: 188, 2: 746}
count dict: Counter({2: 940, 1: 558, 0: 188})
Generated 929 negative samples for edge type 6
Epoch 00026, Step00000 | Train_Loss: 0.5339 | Time: 0.0179
Epoch 00026 | Val_Loss 0.9589 | Time(s) 0.0064
EarlyStopping counter: 21 out of 40
Getting training negative samples for edge types: [6]
nodes.shift keys: [0, 1, 2]
nodes.count keys: [0, 1, 2]
links.meta: {5: (2, 2), 6: (2, 1), 7: (1, 1), 2: (2, 2), 8: (2, 2), 0: (1, 1), 3: (1, 0), 4: (1, 1), 1: (2, 2), 10: (2, 2), 9: (2, 2)}
t_type about to use: 1
h_type: 2
shift dict: {0: 0, 1: 188, 2: 746}
count dict: Counter({2: 940, 1: 558, 0: 188})
Generated 929 negative samples for edge type 6
Epoch 00027, Step00000 | Train_Loss: 0.5428 | Time: 0.0178
Epoch 00027 | Val_Loss 1.0012 | Time(s) 0.0063
EarlyStopping counter: 22 out of 40
Getting training negative samples for edge types: [6]
nodes.shift keys: [0, 1, 2]
nodes.count keys: [0, 1, 2]
links.meta: {5: (2, 2), 6: (2, 1), 7: (1, 1), 2: (2, 2), 8: (2, 2), 0: (1, 1), 3: (1, 0), 4: (1, 1), 1: (2, 2), 10: (2, 2), 9: (2, 2)}
t_type about to use: 1
h_type: 2
shift dict: {0: 0, 1: 188, 2: 746}
count dict: Counter({2: 940, 1: 558, 0: 188})
Generated 929 negative samples for edge type 6
Epoch 00028, Step00000 | Train_Loss: 0.5307 | Time: 0.0181
Epoch 00028 | Val_Loss 1.0459 | Time(s) 0.0067
EarlyStopping counter: 23 out of 40
Getting training negative samples for edge types: [6]
nodes.shift keys: [0, 1, 2]
nodes.count keys: [0, 1, 2]
links.meta: {5: (2, 2), 6: (2, 1), 7: (1, 1), 2: (2, 2), 8: (2, 2), 0: (1, 1), 3: (1, 0), 4: (1, 1), 1: (2, 2), 10: (2, 2), 9: (2, 2)}
t_type about to use: 1
h_type: 2
shift dict: {0: 0, 1: 188, 2: 746}
count dict: Counter({2: 940, 1: 558, 0: 188})
Generated 929 negative samples for edge type 6
Epoch 00029, Step00000 | Train_Loss: 0.5342 | Time: 0.0186
Epoch 00029 | Val_Loss 1.0004 | Time(s) 0.0073
EarlyStopping counter: 24 out of 40
Getting training negative samples for edge types: [6]
nodes.shift keys: [0, 1, 2]
nodes.count keys: [0, 1, 2]
links.meta: {5: (2, 2), 6: (2, 1), 7: (1, 1), 2: (2, 2), 8: (2, 2), 0: (1, 1), 3: (1, 0), 4: (1, 1), 1: (2, 2), 10: (2, 2), 9: (2, 2)}
t_type about to use: 1
h_type: 2
shift dict: {0: 0, 1: 188, 2: 746}
count dict: Counter({2: 940, 1: 558, 0: 188})
Generated 929 negative samples for edge type 6
Epoch 00030, Step00000 | Train_Loss: 0.5431 | Time: 0.0183
Epoch 00030 | Val_Loss 1.0082 | Time(s) 0.0067
EarlyStopping counter: 25 out of 40
Getting training negative samples for edge types: [6]
nodes.shift keys: [0, 1, 2]
nodes.count keys: [0, 1, 2]
links.meta: {5: (2, 2), 6: (2, 1), 7: (1, 1), 2: (2, 2), 8: (2, 2), 0: (1, 1), 3: (1, 0), 4: (1, 1), 1: (2, 2), 10: (2, 2), 9: (2, 2)}
t_type about to use: 1
h_type: 2
shift dict: {0: 0, 1: 188, 2: 746}
count dict: Counter({2: 940, 1: 558, 0: 188})
Generated 929 negative samples for edge type 6
Epoch 00031, Step00000 | Train_Loss: 0.5247 | Time: 0.0187
Epoch 00031 | Val_Loss 1.0279 | Time(s) 0.0066
EarlyStopping counter: 26 out of 40
Getting training negative samples for edge types: [6]
nodes.shift keys: [0, 1, 2]
nodes.count keys: [0, 1, 2]
links.meta: {5: (2, 2), 6: (2, 1), 7: (1, 1), 2: (2, 2), 8: (2, 2), 0: (1, 1), 3: (1, 0), 4: (1, 1), 1: (2, 2), 10: (2, 2), 9: (2, 2)}
t_type about to use: 1
h_type: 2
shift dict: {0: 0, 1: 188, 2: 746}
count dict: Counter({2: 940, 1: 558, 0: 188})
Generated 929 negative samples for edge type 6
Epoch 00032, Step00000 | Train_Loss: 0.5377 | Time: 0.0182
Epoch 00032 | Val_Loss 1.0153 | Time(s) 0.0067
EarlyStopping counter: 27 out of 40
Getting training negative samples for edge types: [6]
nodes.shift keys: [0, 1, 2]
nodes.count keys: [0, 1, 2]
links.meta: {5: (2, 2), 6: (2, 1), 7: (1, 1), 2: (2, 2), 8: (2, 2), 0: (1, 1), 3: (1, 0), 4: (1, 1), 1: (2, 2), 10: (2, 2), 9: (2, 2)}
t_type about to use: 1
h_type: 2
shift dict: {0: 0, 1: 188, 2: 746}
count dict: Counter({2: 940, 1: 558, 0: 188})
Generated 929 negative samples for edge type 6
Epoch 00033, Step00000 | Train_Loss: 0.5293 | Time: 0.0181
Epoch 00033 | Val_Loss 0.9149 | Time(s) 0.0066
EarlyStopping counter: 28 out of 40
Getting training negative samples for edge types: [6]
nodes.shift keys: [0, 1, 2]
nodes.count keys: [0, 1, 2]
links.meta: {5: (2, 2), 6: (2, 1), 7: (1, 1), 2: (2, 2), 8: (2, 2), 0: (1, 1), 3: (1, 0), 4: (1, 1), 1: (2, 2), 10: (2, 2), 9: (2, 2)}
t_type about to use: 1
h_type: 2
shift dict: {0: 0, 1: 188, 2: 746}
count dict: Counter({2: 940, 1: 558, 0: 188})
Generated 929 negative samples for edge type 6
Epoch 00034, Step00000 | Train_Loss: 0.5453 | Time: 0.0180
Epoch 00034 | Val_Loss 0.8832 | Time(s) 0.0064
EarlyStopping counter: 29 out of 40
Getting training negative samples for edge types: [6]
nodes.shift keys: [0, 1, 2]
nodes.count keys: [0, 1, 2]
links.meta: {5: (2, 2), 6: (2, 1), 7: (1, 1), 2: (2, 2), 8: (2, 2), 0: (1, 1), 3: (1, 0), 4: (1, 1), 1: (2, 2), 10: (2, 2), 9: (2, 2)}
t_type about to use: 1
h_type: 2
shift dict: {0: 0, 1: 188, 2: 746}
count dict: Counter({2: 940, 1: 558, 0: 188})
Generated 929 negative samples for edge type 6
Epoch 00035, Step00000 | Train_Loss: 0.5264 | Time: 0.0177
Epoch 00035 | Val_Loss 0.8268 | Time(s) 0.0064
EarlyStopping counter: 30 out of 40
Getting training negative samples for edge types: [6]
nodes.shift keys: [0, 1, 2]
nodes.count keys: [0, 1, 2]
links.meta: {5: (2, 2), 6: (2, 1), 7: (1, 1), 2: (2, 2), 8: (2, 2), 0: (1, 1), 3: (1, 0), 4: (1, 1), 1: (2, 2), 10: (2, 2), 9: (2, 2)}
t_type about to use: 1
h_type: 2
shift dict: {0: 0, 1: 188, 2: 746}
count dict: Counter({2: 940, 1: 558, 0: 188})
Generated 929 negative samples for edge type 6
Epoch 00036, Step00000 | Train_Loss: 0.5249 | Time: 0.0177
Epoch 00036 | Val_Loss 0.9076 | Time(s) 0.0064
EarlyStopping counter: 31 out of 40
Getting training negative samples for edge types: [6]
nodes.shift keys: [0, 1, 2]
nodes.count keys: [0, 1, 2]
links.meta: {5: (2, 2), 6: (2, 1), 7: (1, 1), 2: (2, 2), 8: (2, 2), 0: (1, 1), 3: (1, 0), 4: (1, 1), 1: (2, 2), 10: (2, 2), 9: (2, 2)}
t_type about to use: 1
h_type: 2
shift dict: {0: 0, 1: 188, 2: 746}
count dict: Counter({2: 940, 1: 558, 0: 188})
Generated 929 negative samples for edge type 6
Epoch 00037, Step00000 | Train_Loss: 0.5188 | Time: 0.0176
Epoch 00037 | Val_Loss 0.9253 | Time(s) 0.0064
EarlyStopping counter: 32 out of 40
Getting training negative samples for edge types: [6]
nodes.shift keys: [0, 1, 2]
nodes.count keys: [0, 1, 2]
links.meta: {5: (2, 2), 6: (2, 1), 7: (1, 1), 2: (2, 2), 8: (2, 2), 0: (1, 1), 3: (1, 0), 4: (1, 1), 1: (2, 2), 10: (2, 2), 9: (2, 2)}
t_type about to use: 1
h_type: 2
shift dict: {0: 0, 1: 188, 2: 746}
count dict: Counter({2: 940, 1: 558, 0: 188})
Generated 929 negative samples for edge type 6
Epoch 00038, Step00000 | Train_Loss: 0.5159 | Time: 0.0188
Epoch 00038 | Val_Loss 0.8022 | Time(s) 0.0067
EarlyStopping counter: 33 out of 40
Getting training negative samples for edge types: [6]
nodes.shift keys: [0, 1, 2]
nodes.count keys: [0, 1, 2]
links.meta: {5: (2, 2), 6: (2, 1), 7: (1, 1), 2: (2, 2), 8: (2, 2), 0: (1, 1), 3: (1, 0), 4: (1, 1), 1: (2, 2), 10: (2, 2), 9: (2, 2)}
t_type about to use: 1
h_type: 2
shift dict: {0: 0, 1: 188, 2: 746}
count dict: Counter({2: 940, 1: 558, 0: 188})
Generated 929 negative samples for edge type 6
Epoch 00039, Step00000 | Train_Loss: 0.5146 | Time: 0.0186
Epoch 00039 | Val_Loss 0.8920 | Time(s) 0.0066
EarlyStopping counter: 34 out of 40
Getting training negative samples for edge types: [6]
nodes.shift keys: [0, 1, 2]
nodes.count keys: [0, 1, 2]
links.meta: {5: (2, 2), 6: (2, 1), 7: (1, 1), 2: (2, 2), 8: (2, 2), 0: (1, 1), 3: (1, 0), 4: (1, 1), 1: (2, 2), 10: (2, 2), 9: (2, 2)}
t_type about to use: 1
h_type: 2
shift dict: {0: 0, 1: 188, 2: 746}
count dict: Counter({2: 940, 1: 558, 0: 188})
Generated 929 negative samples for edge type 6
Epoch 00040, Step00000 | Train_Loss: 0.5072 | Time: 0.0179
Epoch 00040 | Val_Loss 0.7730 | Time(s) 0.0062
EarlyStopping counter: 35 out of 40
Getting training negative samples for edge types: [6]
nodes.shift keys: [0, 1, 2]
nodes.count keys: [0, 1, 2]
links.meta: {5: (2, 2), 6: (2, 1), 7: (1, 1), 2: (2, 2), 8: (2, 2), 0: (1, 1), 3: (1, 0), 4: (1, 1), 1: (2, 2), 10: (2, 2), 9: (2, 2)}
t_type about to use: 1
h_type: 2
shift dict: {0: 0, 1: 188, 2: 746}
count dict: Counter({2: 940, 1: 558, 0: 188})
Generated 929 negative samples for edge type 6
Epoch 00041, Step00000 | Train_Loss: 0.4976 | Time: 0.0177
Epoch 00041 | Val_Loss 0.8565 | Time(s) 0.0065
EarlyStopping counter: 36 out of 40
Getting training negative samples for edge types: [6]
nodes.shift keys: [0, 1, 2]
nodes.count keys: [0, 1, 2]
links.meta: {5: (2, 2), 6: (2, 1), 7: (1, 1), 2: (2, 2), 8: (2, 2), 0: (1, 1), 3: (1, 0), 4: (1, 1), 1: (2, 2), 10: (2, 2), 9: (2, 2)}
t_type about to use: 1
h_type: 2
shift dict: {0: 0, 1: 188, 2: 746}
count dict: Counter({2: 940, 1: 558, 0: 188})
Generated 929 negative samples for edge type 6
Epoch 00042, Step00000 | Train_Loss: 0.5041 | Time: 0.0178
Epoch 00042 | Val_Loss 0.7785 | Time(s) 0.0063
EarlyStopping counter: 37 out of 40
Getting training negative samples for edge types: [6]
nodes.shift keys: [0, 1, 2]
nodes.count keys: [0, 1, 2]
links.meta: {5: (2, 2), 6: (2, 1), 7: (1, 1), 2: (2, 2), 8: (2, 2), 0: (1, 1), 3: (1, 0), 4: (1, 1), 1: (2, 2), 10: (2, 2), 9: (2, 2)}
t_type about to use: 1
h_type: 2
shift dict: {0: 0, 1: 188, 2: 746}
count dict: Counter({2: 940, 1: 558, 0: 188})
Generated 929 negative samples for edge type 6
Epoch 00043, Step00000 | Train_Loss: 0.5064 | Time: 0.0178
Epoch 00043 | Val_Loss 0.8532 | Time(s) 0.0064
EarlyStopping counter: 38 out of 40
Getting training negative samples for edge types: [6]
nodes.shift keys: [0, 1, 2]
nodes.count keys: [0, 1, 2]
links.meta: {5: (2, 2), 6: (2, 1), 7: (1, 1), 2: (2, 2), 8: (2, 2), 0: (1, 1), 3: (1, 0), 4: (1, 1), 1: (2, 2), 10: (2, 2), 9: (2, 2)}
t_type about to use: 1
h_type: 2
shift dict: {0: 0, 1: 188, 2: 746}
count dict: Counter({2: 940, 1: 558, 0: 188})
Generated 929 negative samples for edge type 6
Epoch 00044, Step00000 | Train_Loss: 0.5067 | Time: 0.0176
Epoch 00044 | Val_Loss 0.7641 | Time(s) 0.0063
EarlyStopping counter: 39 out of 40
Getting training negative samples for edge types: [6]
nodes.shift keys: [0, 1, 2]
nodes.count keys: [0, 1, 2]
links.meta: {5: (2, 2), 6: (2, 1), 7: (1, 1), 2: (2, 2), 8: (2, 2), 0: (1, 1), 3: (1, 0), 4: (1, 1), 1: (2, 2), 10: (2, 2), 9: (2, 2)}
t_type about to use: 1
h_type: 2
shift dict: {0: 0, 1: 188, 2: 746}
count dict: Counter({2: 940, 1: 558, 0: 188})
Generated 929 negative samples for edge type 6
Epoch 00045, Step00000 | Train_Loss: 0.5119 | Time: 0.0178
Epoch 00045 | Val_Loss 0.8693 | Time(s) 0.0063
EarlyStopping counter: 40 out of 40
Early stopping!
Early stopping!
Meta keys: dict_keys([6])
Data keys: dict_keys([6])
Edge type: 6, Meta: (2, 1)
{'roc_auc': 0.5003306295186034, 'MRR': 0.7604910714285713}
{'roc_auc': 0.6250982618569307, 'MRR': 0.783203125}
defaultdict(<class 'float'>, {'roc_auc': 0.5003306295186034, 'MRR': 0.7604910714285713})
defaultdict(<class 'float'>, {'roc_auc': 0.6250982618569307, 'MRR': 0.783203125})
Completed: amazon_style_cct_features_securebert_fold_2

--------------------------------------
Running model: SimpleHGN
Dataset: amazon_style_cct_features_securebert_fold_3
--------------------------------------
Data path: ../../data/amazon_style_cct_features_securebert_fold_3
Loading nodes from ../../data/amazon_style_cct_features_securebert_fold_3/node.dat
edge types: dict_keys([5, 6, 7, 2, 8, 0, 3, 4, 1, 10, 9])
Getting training negative samples for edge types: [6]
nodes.shift keys: [0, 1, 2]
nodes.count keys: [0, 1, 2]
links.meta: {5: (2, 2), 6: (2, 1), 7: (1, 1), 2: (2, 2), 8: (2, 2), 0: (1, 1), 3: (1, 0), 4: (1, 1), 1: (2, 2), 10: (2, 2), 9: (2, 2)}
t_type about to use: 1
h_type: 2
shift dict: {0: 0, 1: 188, 2: 746}
count dict: Counter({2: 940, 1: 558, 0: 188})
Generated 871 negative samples for edge type 6
Features List: [array([[ 0.00445206,  0.01268557,  0.22351578, ..., -0.28678206,
        -0.37460288,  0.18294938],
       [-0.18744846,  0.07075578,  0.0476894 , ..., -0.2232531 ,
        -0.19588573,  0.47988179],
       [-0.17451471, -0.04557271,  0.15712288, ..., -0.05391889,
        -0.20500693,  0.23744845],
       ...,
       [-0.40584856,  0.04715464,  0.24475315, ..., -0.12466257,
        -0.2035536 ,  0.28577447],
       [-0.18835557,  0.03822717,  0.03586731, ..., -0.23435652,
        -0.35453227,  0.38753107],
       [-0.13632202,  0.14362322,  0.08668749, ..., -0.24145249,
        -0.25799868,  0.26464131]]), array([[ 0.00791158, -0.00538086, -0.02676104, ..., -0.01897389,
        -0.01306979, -0.00084801],
       [ 0.01682901, -0.00649696, -0.01921631, ..., -0.01401017,
        -0.0039668 , -0.02202195],
       [ 0.02197852, -0.01403735, -0.05225722, ...,  0.02019661,
         0.00528841,  0.0033033 ],
       ...,
       [ 0.01603197,  0.00716993, -0.01245602, ..., -0.01399604,
        -0.00058955, -0.0256807 ],
       [ 0.01039577,  0.02045547, -0.02146293, ...,  0.01017929,
         0.02390171,  0.00134994],
       [ 0.00462414,  0.0041195 , -0.0135733 , ..., -0.01101827,
         0.00813001,  0.0203817 ]]), array([[ 0.00087804,  0.00658507, -0.02514569, ..., -0.04238372,
         0.00850771, -0.02565438],
       [-0.0006986 ,  0.01542003, -0.03227317, ..., -0.01301633,
         0.01559736, -0.03614859],
       [-0.01135348,  0.00974955, -0.01812623, ..., -0.01920343,
         0.00887381, -0.0152928 ],
       ...,
       [ 0.00701895, -0.01539859, -0.03025482, ..., -0.03644368,
         0.01254067, -0.0236606 ],
       [-0.00414097,  0.00144739, -0.05197839, ...,  0.00216818,
         0.02755725, -0.03143983],
       [ 0.01779867, -0.02493452, -0.0391779 , ..., -0.01159797,
        -0.00619852, -0.02449675]])]
Getting training negative samples for edge types: [6]
nodes.shift keys: [0, 1, 2]
nodes.count keys: [0, 1, 2]
links.meta: {5: (2, 2), 6: (2, 1), 7: (1, 1), 2: (2, 2), 8: (2, 2), 0: (1, 1), 3: (1, 0), 4: (1, 1), 1: (2, 2), 10: (2, 2), 9: (2, 2)}
t_type about to use: 1
h_type: 2
shift dict: {0: 0, 1: 188, 2: 746}
count dict: Counter({2: 940, 1: 558, 0: 188})
Generated 871 negative samples for edge type 6
Epoch 00000, Step00000 | Train_Loss: 0.6917 | Time: 0.5881
Epoch 00000 | Val_Loss 0.6828 | Time(s) 0.0074
Validation loss decreased (inf --> 0.682831).  Saving model ...
Getting training negative samples for edge types: [6]
nodes.shift keys: [0, 1, 2]
nodes.count keys: [0, 1, 2]
links.meta: {5: (2, 2), 6: (2, 1), 7: (1, 1), 2: (2, 2), 8: (2, 2), 0: (1, 1), 3: (1, 0), 4: (1, 1), 1: (2, 2), 10: (2, 2), 9: (2, 2)}
t_type about to use: 1
h_type: 2
shift dict: {0: 0, 1: 188, 2: 746}
count dict: Counter({2: 940, 1: 558, 0: 188})
Generated 871 negative samples for edge type 6
Epoch 00001, Step00000 | Train_Loss: 0.6799 | Time: 0.0240
Epoch 00001 | Val_Loss 0.6770 | Time(s) 0.0091
Validation loss decreased (0.682831 --> 0.676963).  Saving model ...
Getting training negative samples for edge types: [6]
nodes.shift keys: [0, 1, 2]
nodes.count keys: [0, 1, 2]
links.meta: {5: (2, 2), 6: (2, 1), 7: (1, 1), 2: (2, 2), 8: (2, 2), 0: (1, 1), 3: (1, 0), 4: (1, 1), 1: (2, 2), 10: (2, 2), 9: (2, 2)}
t_type about to use: 1
h_type: 2
shift dict: {0: 0, 1: 188, 2: 746}
count dict: Counter({2: 940, 1: 558, 0: 188})
Generated 871 negative samples for edge type 6
Epoch 00002, Step00000 | Train_Loss: 0.6657 | Time: 0.0202
Epoch 00002 | Val_Loss 0.6784 | Time(s) 0.0074
EarlyStopping counter: 1 out of 40
Getting training negative samples for edge types: [6]
nodes.shift keys: [0, 1, 2]
nodes.count keys: [0, 1, 2]
links.meta: {5: (2, 2), 6: (2, 1), 7: (1, 1), 2: (2, 2), 8: (2, 2), 0: (1, 1), 3: (1, 0), 4: (1, 1), 1: (2, 2), 10: (2, 2), 9: (2, 2)}
t_type about to use: 1
h_type: 2
shift dict: {0: 0, 1: 188, 2: 746}
count dict: Counter({2: 940, 1: 558, 0: 188})
Generated 871 negative samples for edge type 6
Epoch 00003, Step00000 | Train_Loss: 0.6536 | Time: 0.0208
Epoch 00003 | Val_Loss 0.6788 | Time(s) 0.0078
EarlyStopping counter: 2 out of 40
Getting training negative samples for edge types: [6]
nodes.shift keys: [0, 1, 2]
nodes.count keys: [0, 1, 2]
links.meta: {5: (2, 2), 6: (2, 1), 7: (1, 1), 2: (2, 2), 8: (2, 2), 0: (1, 1), 3: (1, 0), 4: (1, 1), 1: (2, 2), 10: (2, 2), 9: (2, 2)}
t_type about to use: 1
h_type: 2
shift dict: {0: 0, 1: 188, 2: 746}
count dict: Counter({2: 940, 1: 558, 0: 188})
Generated 871 negative samples for edge type 6
Epoch 00004, Step00000 | Train_Loss: 0.6433 | Time: 0.0205
Epoch 00004 | Val_Loss 0.6979 | Time(s) 0.0087
EarlyStopping counter: 3 out of 40
Getting training negative samples for edge types: [6]
nodes.shift keys: [0, 1, 2]
nodes.count keys: [0, 1, 2]
links.meta: {5: (2, 2), 6: (2, 1), 7: (1, 1), 2: (2, 2), 8: (2, 2), 0: (1, 1), 3: (1, 0), 4: (1, 1), 1: (2, 2), 10: (2, 2), 9: (2, 2)}
t_type about to use: 1
h_type: 2
shift dict: {0: 0, 1: 188, 2: 746}
count dict: Counter({2: 940, 1: 558, 0: 188})
Generated 871 negative samples for edge type 6
Epoch 00005, Step00000 | Train_Loss: 0.6312 | Time: 0.0201
Epoch 00005 | Val_Loss 0.7202 | Time(s) 0.0086
EarlyStopping counter: 4 out of 40
Getting training negative samples for edge types: [6]
nodes.shift keys: [0, 1, 2]
nodes.count keys: [0, 1, 2]
links.meta: {5: (2, 2), 6: (2, 1), 7: (1, 1), 2: (2, 2), 8: (2, 2), 0: (1, 1), 3: (1, 0), 4: (1, 1), 1: (2, 2), 10: (2, 2), 9: (2, 2)}
t_type about to use: 1
h_type: 2
shift dict: {0: 0, 1: 188, 2: 746}
count dict: Counter({2: 940, 1: 558, 0: 188})
Generated 871 negative samples for edge type 6
Epoch 00006, Step00000 | Train_Loss: 0.6209 | Time: 0.0204
Epoch 00006 | Val_Loss 0.7012 | Time(s) 0.0087
EarlyStopping counter: 5 out of 40
Getting training negative samples for edge types: [6]
nodes.shift keys: [0, 1, 2]
nodes.count keys: [0, 1, 2]
links.meta: {5: (2, 2), 6: (2, 1), 7: (1, 1), 2: (2, 2), 8: (2, 2), 0: (1, 1), 3: (1, 0), 4: (1, 1), 1: (2, 2), 10: (2, 2), 9: (2, 2)}
t_type about to use: 1
h_type: 2
shift dict: {0: 0, 1: 188, 2: 746}
count dict: Counter({2: 940, 1: 558, 0: 188})
Generated 871 negative samples for edge type 6
Epoch 00007, Step00000 | Train_Loss: 0.6026 | Time: 0.0201
Epoch 00007 | Val_Loss 0.7266 | Time(s) 0.0085
EarlyStopping counter: 6 out of 40
Getting training negative samples for edge types: [6]
nodes.shift keys: [0, 1, 2]
nodes.count keys: [0, 1, 2]
links.meta: {5: (2, 2), 6: (2, 1), 7: (1, 1), 2: (2, 2), 8: (2, 2), 0: (1, 1), 3: (1, 0), 4: (1, 1), 1: (2, 2), 10: (2, 2), 9: (2, 2)}
t_type about to use: 1
h_type: 2
shift dict: {0: 0, 1: 188, 2: 746}
count dict: Counter({2: 940, 1: 558, 0: 188})
Generated 871 negative samples for edge type 6
Epoch 00008, Step00000 | Train_Loss: 0.5961 | Time: 0.0202
Epoch 00008 | Val_Loss 0.7565 | Time(s) 0.0084
EarlyStopping counter: 7 out of 40
Getting training negative samples for edge types: [6]
nodes.shift keys: [0, 1, 2]
nodes.count keys: [0, 1, 2]
links.meta: {5: (2, 2), 6: (2, 1), 7: (1, 1), 2: (2, 2), 8: (2, 2), 0: (1, 1), 3: (1, 0), 4: (1, 1), 1: (2, 2), 10: (2, 2), 9: (2, 2)}
t_type about to use: 1
h_type: 2
shift dict: {0: 0, 1: 188, 2: 746}
count dict: Counter({2: 940, 1: 558, 0: 188})
Generated 871 negative samples for edge type 6
Epoch 00009, Step00000 | Train_Loss: 0.6023 | Time: 0.0205
Epoch 00009 | Val_Loss 0.9179 | Time(s) 0.0090
EarlyStopping counter: 8 out of 40
Getting training negative samples for edge types: [6]
nodes.shift keys: [0, 1, 2]
nodes.count keys: [0, 1, 2]
links.meta: {5: (2, 2), 6: (2, 1), 7: (1, 1), 2: (2, 2), 8: (2, 2), 0: (1, 1), 3: (1, 0), 4: (1, 1), 1: (2, 2), 10: (2, 2), 9: (2, 2)}
t_type about to use: 1
h_type: 2
shift dict: {0: 0, 1: 188, 2: 746}
count dict: Counter({2: 940, 1: 558, 0: 188})
Generated 871 negative samples for edge type 6
Epoch 00010, Step00000 | Train_Loss: 0.5785 | Time: 0.0202
Epoch 00010 | Val_Loss 0.8228 | Time(s) 0.0076
EarlyStopping counter: 9 out of 40
Getting training negative samples for edge types: [6]
nodes.shift keys: [0, 1, 2]
nodes.count keys: [0, 1, 2]
links.meta: {5: (2, 2), 6: (2, 1), 7: (1, 1), 2: (2, 2), 8: (2, 2), 0: (1, 1), 3: (1, 0), 4: (1, 1), 1: (2, 2), 10: (2, 2), 9: (2, 2)}
t_type about to use: 1
h_type: 2
shift dict: {0: 0, 1: 188, 2: 746}
count dict: Counter({2: 940, 1: 558, 0: 188})
Generated 871 negative samples for edge type 6
Epoch 00011, Step00000 | Train_Loss: 0.5777 | Time: 0.0203
Epoch 00011 | Val_Loss 0.8293 | Time(s) 0.0084
EarlyStopping counter: 10 out of 40
Getting training negative samples for edge types: [6]
nodes.shift keys: [0, 1, 2]
nodes.count keys: [0, 1, 2]
links.meta: {5: (2, 2), 6: (2, 1), 7: (1, 1), 2: (2, 2), 8: (2, 2), 0: (1, 1), 3: (1, 0), 4: (1, 1), 1: (2, 2), 10: (2, 2), 9: (2, 2)}
t_type about to use: 1
h_type: 2
shift dict: {0: 0, 1: 188, 2: 746}
count dict: Counter({2: 940, 1: 558, 0: 188})
Generated 871 negative samples for edge type 6
Epoch 00012, Step00000 | Train_Loss: 0.5617 | Time: 0.0198
Epoch 00012 | Val_Loss 0.7828 | Time(s) 0.0089
EarlyStopping counter: 11 out of 40
Getting training negative samples for edge types: [6]
nodes.shift keys: [0, 1, 2]
nodes.count keys: [0, 1, 2]
links.meta: {5: (2, 2), 6: (2, 1), 7: (1, 1), 2: (2, 2), 8: (2, 2), 0: (1, 1), 3: (1, 0), 4: (1, 1), 1: (2, 2), 10: (2, 2), 9: (2, 2)}
t_type about to use: 1
h_type: 2
shift dict: {0: 0, 1: 188, 2: 746}
count dict: Counter({2: 940, 1: 558, 0: 188})
Generated 871 negative samples for edge type 6
Epoch 00013, Step00000 | Train_Loss: 0.5744 | Time: 0.0201
Epoch 00013 | Val_Loss 0.9063 | Time(s) 0.0087
EarlyStopping counter: 12 out of 40
Getting training negative samples for edge types: [6]
nodes.shift keys: [0, 1, 2]
nodes.count keys: [0, 1, 2]
links.meta: {5: (2, 2), 6: (2, 1), 7: (1, 1), 2: (2, 2), 8: (2, 2), 0: (1, 1), 3: (1, 0), 4: (1, 1), 1: (2, 2), 10: (2, 2), 9: (2, 2)}
t_type about to use: 1
h_type: 2
shift dict: {0: 0, 1: 188, 2: 746}
count dict: Counter({2: 940, 1: 558, 0: 188})
Generated 871 negative samples for edge type 6
Epoch 00014, Step00000 | Train_Loss: 0.5717 | Time: 0.0203
Epoch 00014 | Val_Loss 0.9283 | Time(s) 0.0085
EarlyStopping counter: 13 out of 40
Getting training negative samples for edge types: [6]
nodes.shift keys: [0, 1, 2]
nodes.count keys: [0, 1, 2]
links.meta: {5: (2, 2), 6: (2, 1), 7: (1, 1), 2: (2, 2), 8: (2, 2), 0: (1, 1), 3: (1, 0), 4: (1, 1), 1: (2, 2), 10: (2, 2), 9: (2, 2)}
t_type about to use: 1
h_type: 2
shift dict: {0: 0, 1: 188, 2: 746}
count dict: Counter({2: 940, 1: 558, 0: 188})
Generated 871 negative samples for edge type 6
Epoch 00015, Step00000 | Train_Loss: 0.5645 | Time: 0.0200
Epoch 00015 | Val_Loss 0.9024 | Time(s) 0.0085
EarlyStopping counter: 14 out of 40
Getting training negative samples for edge types: [6]
nodes.shift keys: [0, 1, 2]
nodes.count keys: [0, 1, 2]
links.meta: {5: (2, 2), 6: (2, 1), 7: (1, 1), 2: (2, 2), 8: (2, 2), 0: (1, 1), 3: (1, 0), 4: (1, 1), 1: (2, 2), 10: (2, 2), 9: (2, 2)}
t_type about to use: 1
h_type: 2
shift dict: {0: 0, 1: 188, 2: 746}
count dict: Counter({2: 940, 1: 558, 0: 188})
Generated 871 negative samples for edge type 6
Epoch 00016, Step00000 | Train_Loss: 0.5683 | Time: 0.0201
Epoch 00016 | Val_Loss 0.9153 | Time(s) 0.0086
EarlyStopping counter: 15 out of 40
Getting training negative samples for edge types: [6]
nodes.shift keys: [0, 1, 2]
nodes.count keys: [0, 1, 2]
links.meta: {5: (2, 2), 6: (2, 1), 7: (1, 1), 2: (2, 2), 8: (2, 2), 0: (1, 1), 3: (1, 0), 4: (1, 1), 1: (2, 2), 10: (2, 2), 9: (2, 2)}
t_type about to use: 1
h_type: 2
shift dict: {0: 0, 1: 188, 2: 746}
count dict: Counter({2: 940, 1: 558, 0: 188})
Generated 871 negative samples for edge type 6
Epoch 00017, Step00000 | Train_Loss: 0.5600 | Time: 0.0202
Epoch 00017 | Val_Loss 0.9809 | Time(s) 0.0087
EarlyStopping counter: 16 out of 40
Getting training negative samples for edge types: [6]
nodes.shift keys: [0, 1, 2]
nodes.count keys: [0, 1, 2]
links.meta: {5: (2, 2), 6: (2, 1), 7: (1, 1), 2: (2, 2), 8: (2, 2), 0: (1, 1), 3: (1, 0), 4: (1, 1), 1: (2, 2), 10: (2, 2), 9: (2, 2)}
t_type about to use: 1
h_type: 2
shift dict: {0: 0, 1: 188, 2: 746}
count dict: Counter({2: 940, 1: 558, 0: 188})
Generated 871 negative samples for edge type 6
Epoch 00018, Step00000 | Train_Loss: 0.5599 | Time: 0.0200
Epoch 00018 | Val_Loss 0.9685 | Time(s) 0.0087
EarlyStopping counter: 17 out of 40
Getting training negative samples for edge types: [6]
nodes.shift keys: [0, 1, 2]
nodes.count keys: [0, 1, 2]
links.meta: {5: (2, 2), 6: (2, 1), 7: (1, 1), 2: (2, 2), 8: (2, 2), 0: (1, 1), 3: (1, 0), 4: (1, 1), 1: (2, 2), 10: (2, 2), 9: (2, 2)}
t_type about to use: 1
h_type: 2
shift dict: {0: 0, 1: 188, 2: 746}
count dict: Counter({2: 940, 1: 558, 0: 188})
Generated 871 negative samples for edge type 6
Epoch 00019, Step00000 | Train_Loss: 0.5359 | Time: 0.0226
Epoch 00019 | Val_Loss 0.9080 | Time(s) 0.0073
EarlyStopping counter: 18 out of 40
Getting training negative samples for edge types: [6]
nodes.shift keys: [0, 1, 2]
nodes.count keys: [0, 1, 2]
links.meta: {5: (2, 2), 6: (2, 1), 7: (1, 1), 2: (2, 2), 8: (2, 2), 0: (1, 1), 3: (1, 0), 4: (1, 1), 1: (2, 2), 10: (2, 2), 9: (2, 2)}
t_type about to use: 1
h_type: 2
shift dict: {0: 0, 1: 188, 2: 746}
count dict: Counter({2: 940, 1: 558, 0: 188})
Generated 871 negative samples for edge type 6
Epoch 00020, Step00000 | Train_Loss: 0.5495 | Time: 0.0206
Epoch 00020 | Val_Loss 1.0294 | Time(s) 0.0083
EarlyStopping counter: 19 out of 40
Getting training negative samples for edge types: [6]
nodes.shift keys: [0, 1, 2]
nodes.count keys: [0, 1, 2]
links.meta: {5: (2, 2), 6: (2, 1), 7: (1, 1), 2: (2, 2), 8: (2, 2), 0: (1, 1), 3: (1, 0), 4: (1, 1), 1: (2, 2), 10: (2, 2), 9: (2, 2)}
t_type about to use: 1
h_type: 2
shift dict: {0: 0, 1: 188, 2: 746}
count dict: Counter({2: 940, 1: 558, 0: 188})
Generated 871 negative samples for edge type 6
Epoch 00021, Step00000 | Train_Loss: 0.5599 | Time: 0.0198
Epoch 00021 | Val_Loss 0.9054 | Time(s) 0.0085
EarlyStopping counter: 20 out of 40
Getting training negative samples for edge types: [6]
nodes.shift keys: [0, 1, 2]
nodes.count keys: [0, 1, 2]
links.meta: {5: (2, 2), 6: (2, 1), 7: (1, 1), 2: (2, 2), 8: (2, 2), 0: (1, 1), 3: (1, 0), 4: (1, 1), 1: (2, 2), 10: (2, 2), 9: (2, 2)}
t_type about to use: 1
h_type: 2
shift dict: {0: 0, 1: 188, 2: 746}
count dict: Counter({2: 940, 1: 558, 0: 188})
Generated 871 negative samples for edge type 6
Epoch 00022, Step00000 | Train_Loss: 0.5510 | Time: 0.0201
Epoch 00022 | Val_Loss 0.9917 | Time(s) 0.0085
EarlyStopping counter: 21 out of 40
Getting training negative samples for edge types: [6]
nodes.shift keys: [0, 1, 2]
nodes.count keys: [0, 1, 2]
links.meta: {5: (2, 2), 6: (2, 1), 7: (1, 1), 2: (2, 2), 8: (2, 2), 0: (1, 1), 3: (1, 0), 4: (1, 1), 1: (2, 2), 10: (2, 2), 9: (2, 2)}
t_type about to use: 1
h_type: 2
shift dict: {0: 0, 1: 188, 2: 746}
count dict: Counter({2: 940, 1: 558, 0: 188})
Generated 871 negative samples for edge type 6
Epoch 00023, Step00000 | Train_Loss: 0.5443 | Time: 0.0198
Epoch 00023 | Val_Loss 0.9345 | Time(s) 0.0083
EarlyStopping counter: 22 out of 40
Getting training negative samples for edge types: [6]
nodes.shift keys: [0, 1, 2]
nodes.count keys: [0, 1, 2]
links.meta: {5: (2, 2), 6: (2, 1), 7: (1, 1), 2: (2, 2), 8: (2, 2), 0: (1, 1), 3: (1, 0), 4: (1, 1), 1: (2, 2), 10: (2, 2), 9: (2, 2)}
t_type about to use: 1
h_type: 2
shift dict: {0: 0, 1: 188, 2: 746}
count dict: Counter({2: 940, 1: 558, 0: 188})
Generated 871 negative samples for edge type 6
Epoch 00024, Step00000 | Train_Loss: 0.5361 | Time: 0.0198
Epoch 00024 | Val_Loss 0.9873 | Time(s) 0.0085
EarlyStopping counter: 23 out of 40
Getting training negative samples for edge types: [6]
nodes.shift keys: [0, 1, 2]
nodes.count keys: [0, 1, 2]
links.meta: {5: (2, 2), 6: (2, 1), 7: (1, 1), 2: (2, 2), 8: (2, 2), 0: (1, 1), 3: (1, 0), 4: (1, 1), 1: (2, 2), 10: (2, 2), 9: (2, 2)}
t_type about to use: 1
h_type: 2
shift dict: {0: 0, 1: 188, 2: 746}
count dict: Counter({2: 940, 1: 558, 0: 188})
Generated 871 negative samples for edge type 6
Epoch 00025, Step00000 | Train_Loss: 0.5404 | Time: 0.0210
Epoch 00025 | Val_Loss 0.9545 | Time(s) 0.0083
EarlyStopping counter: 24 out of 40
Getting training negative samples for edge types: [6]
nodes.shift keys: [0, 1, 2]
nodes.count keys: [0, 1, 2]
links.meta: {5: (2, 2), 6: (2, 1), 7: (1, 1), 2: (2, 2), 8: (2, 2), 0: (1, 1), 3: (1, 0), 4: (1, 1), 1: (2, 2), 10: (2, 2), 9: (2, 2)}
t_type about to use: 1
h_type: 2
shift dict: {0: 0, 1: 188, 2: 746}
count dict: Counter({2: 940, 1: 558, 0: 188})
Generated 871 negative samples for edge type 6
Epoch 00026, Step00000 | Train_Loss: 0.5481 | Time: 0.0206
Epoch 00026 | Val_Loss 0.9423 | Time(s) 0.0089
EarlyStopping counter: 25 out of 40
Getting training negative samples for edge types: [6]
nodes.shift keys: [0, 1, 2]
nodes.count keys: [0, 1, 2]
links.meta: {5: (2, 2), 6: (2, 1), 7: (1, 1), 2: (2, 2), 8: (2, 2), 0: (1, 1), 3: (1, 0), 4: (1, 1), 1: (2, 2), 10: (2, 2), 9: (2, 2)}
t_type about to use: 1
h_type: 2
shift dict: {0: 0, 1: 188, 2: 746}
count dict: Counter({2: 940, 1: 558, 0: 188})
Generated 871 negative samples for edge type 6
Epoch 00027, Step00000 | Train_Loss: 0.5502 | Time: 0.0202
Epoch 00027 | Val_Loss 1.0214 | Time(s) 0.0087
EarlyStopping counter: 26 out of 40
Getting training negative samples for edge types: [6]
nodes.shift keys: [0, 1, 2]
nodes.count keys: [0, 1, 2]
links.meta: {5: (2, 2), 6: (2, 1), 7: (1, 1), 2: (2, 2), 8: (2, 2), 0: (1, 1), 3: (1, 0), 4: (1, 1), 1: (2, 2), 10: (2, 2), 9: (2, 2)}
t_type about to use: 1
h_type: 2
shift dict: {0: 0, 1: 188, 2: 746}
count dict: Counter({2: 940, 1: 558, 0: 188})
Generated 871 negative samples for edge type 6
Epoch 00028, Step00000 | Train_Loss: 0.5646 | Time: 0.0210
Epoch 00028 | Val_Loss 0.9276 | Time(s) 0.0083
EarlyStopping counter: 27 out of 40
Getting training negative samples for edge types: [6]
nodes.shift keys: [0, 1, 2]
nodes.count keys: [0, 1, 2]
links.meta: {5: (2, 2), 6: (2, 1), 7: (1, 1), 2: (2, 2), 8: (2, 2), 0: (1, 1), 3: (1, 0), 4: (1, 1), 1: (2, 2), 10: (2, 2), 9: (2, 2)}
t_type about to use: 1
h_type: 2
shift dict: {0: 0, 1: 188, 2: 746}
count dict: Counter({2: 940, 1: 558, 0: 188})
Generated 871 negative samples for edge type 6
Epoch 00029, Step00000 | Train_Loss: 0.5475 | Time: 0.0198
Epoch 00029 | Val_Loss 0.9641 | Time(s) 0.0085
EarlyStopping counter: 28 out of 40
Getting training negative samples for edge types: [6]
nodes.shift keys: [0, 1, 2]
nodes.count keys: [0, 1, 2]
links.meta: {5: (2, 2), 6: (2, 1), 7: (1, 1), 2: (2, 2), 8: (2, 2), 0: (1, 1), 3: (1, 0), 4: (1, 1), 1: (2, 2), 10: (2, 2), 9: (2, 2)}
t_type about to use: 1
h_type: 2
shift dict: {0: 0, 1: 188, 2: 746}
count dict: Counter({2: 940, 1: 558, 0: 188})
Generated 871 negative samples for edge type 6
Epoch 00030, Step00000 | Train_Loss: 0.5468 | Time: 0.0198
Epoch 00030 | Val_Loss 0.9555 | Time(s) 0.0085
EarlyStopping counter: 29 out of 40
Getting training negative samples for edge types: [6]
nodes.shift keys: [0, 1, 2]
nodes.count keys: [0, 1, 2]
links.meta: {5: (2, 2), 6: (2, 1), 7: (1, 1), 2: (2, 2), 8: (2, 2), 0: (1, 1), 3: (1, 0), 4: (1, 1), 1: (2, 2), 10: (2, 2), 9: (2, 2)}
t_type about to use: 1
h_type: 2
shift dict: {0: 0, 1: 188, 2: 746}
count dict: Counter({2: 940, 1: 558, 0: 188})
Generated 871 negative samples for edge type 6
Epoch 00031, Step00000 | Train_Loss: 0.5313 | Time: 0.0201
Epoch 00031 | Val_Loss 0.9675 | Time(s) 0.0085
EarlyStopping counter: 30 out of 40
Getting training negative samples for edge types: [6]
nodes.shift keys: [0, 1, 2]
nodes.count keys: [0, 1, 2]
links.meta: {5: (2, 2), 6: (2, 1), 7: (1, 1), 2: (2, 2), 8: (2, 2), 0: (1, 1), 3: (1, 0), 4: (1, 1), 1: (2, 2), 10: (2, 2), 9: (2, 2)}
t_type about to use: 1
h_type: 2
shift dict: {0: 0, 1: 188, 2: 746}
count dict: Counter({2: 940, 1: 558, 0: 188})
Generated 871 negative samples for edge type 6
Epoch 00032, Step00000 | Train_Loss: 0.5364 | Time: 0.0201
Epoch 00032 | Val_Loss 1.0135 | Time(s) 0.0085
EarlyStopping counter: 31 out of 40
Getting training negative samples for edge types: [6]
nodes.shift keys: [0, 1, 2]
nodes.count keys: [0, 1, 2]
links.meta: {5: (2, 2), 6: (2, 1), 7: (1, 1), 2: (2, 2), 8: (2, 2), 0: (1, 1), 3: (1, 0), 4: (1, 1), 1: (2, 2), 10: (2, 2), 9: (2, 2)}
t_type about to use: 1
h_type: 2
shift dict: {0: 0, 1: 188, 2: 746}
count dict: Counter({2: 940, 1: 558, 0: 188})
Generated 871 negative samples for edge type 6
Epoch 00033, Step00000 | Train_Loss: 0.5397 | Time: 0.0203
Epoch 00033 | Val_Loss 0.9247 | Time(s) 0.0088
EarlyStopping counter: 32 out of 40
Getting training negative samples for edge types: [6]
nodes.shift keys: [0, 1, 2]
nodes.count keys: [0, 1, 2]
links.meta: {5: (2, 2), 6: (2, 1), 7: (1, 1), 2: (2, 2), 8: (2, 2), 0: (1, 1), 3: (1, 0), 4: (1, 1), 1: (2, 2), 10: (2, 2), 9: (2, 2)}
t_type about to use: 1
h_type: 2
shift dict: {0: 0, 1: 188, 2: 746}
count dict: Counter({2: 940, 1: 558, 0: 188})
Generated 871 negative samples for edge type 6
Epoch 00034, Step00000 | Train_Loss: 0.5286 | Time: 0.0204
Epoch 00034 | Val_Loss 0.8847 | Time(s) 0.0093
EarlyStopping counter: 33 out of 40
Getting training negative samples for edge types: [6]
nodes.shift keys: [0, 1, 2]
nodes.count keys: [0, 1, 2]
links.meta: {5: (2, 2), 6: (2, 1), 7: (1, 1), 2: (2, 2), 8: (2, 2), 0: (1, 1), 3: (1, 0), 4: (1, 1), 1: (2, 2), 10: (2, 2), 9: (2, 2)}
t_type about to use: 1
h_type: 2
shift dict: {0: 0, 1: 188, 2: 746}
count dict: Counter({2: 940, 1: 558, 0: 188})
Generated 871 negative samples for edge type 6
Epoch 00035, Step00000 | Train_Loss: 0.5352 | Time: 0.0201
Epoch 00035 | Val_Loss 0.8850 | Time(s) 0.0085
EarlyStopping counter: 34 out of 40
Getting training negative samples for edge types: [6]
nodes.shift keys: [0, 1, 2]
nodes.count keys: [0, 1, 2]
links.meta: {5: (2, 2), 6: (2, 1), 7: (1, 1), 2: (2, 2), 8: (2, 2), 0: (1, 1), 3: (1, 0), 4: (1, 1), 1: (2, 2), 10: (2, 2), 9: (2, 2)}
t_type about to use: 1
h_type: 2
shift dict: {0: 0, 1: 188, 2: 746}
count dict: Counter({2: 940, 1: 558, 0: 188})
Generated 871 negative samples for edge type 6
Epoch 00036, Step00000 | Train_Loss: 0.5400 | Time: 0.0201
Epoch 00036 | Val_Loss 0.8374 | Time(s) 0.0077
EarlyStopping counter: 35 out of 40
Getting training negative samples for edge types: [6]
nodes.shift keys: [0, 1, 2]
nodes.count keys: [0, 1, 2]
links.meta: {5: (2, 2), 6: (2, 1), 7: (1, 1), 2: (2, 2), 8: (2, 2), 0: (1, 1), 3: (1, 0), 4: (1, 1), 1: (2, 2), 10: (2, 2), 9: (2, 2)}
t_type about to use: 1
h_type: 2
shift dict: {0: 0, 1: 188, 2: 746}
count dict: Counter({2: 940, 1: 558, 0: 188})
Generated 871 negative samples for edge type 6
Epoch 00037, Step00000 | Train_Loss: 0.5286 | Time: 0.0202
Epoch 00037 | Val_Loss 0.9159 | Time(s) 0.0089
EarlyStopping counter: 36 out of 40
Getting training negative samples for edge types: [6]
nodes.shift keys: [0, 1, 2]
nodes.count keys: [0, 1, 2]
links.meta: {5: (2, 2), 6: (2, 1), 7: (1, 1), 2: (2, 2), 8: (2, 2), 0: (1, 1), 3: (1, 0), 4: (1, 1), 1: (2, 2), 10: (2, 2), 9: (2, 2)}
t_type about to use: 1
h_type: 2
shift dict: {0: 0, 1: 188, 2: 746}
count dict: Counter({2: 940, 1: 558, 0: 188})
Generated 871 negative samples for edge type 6
Epoch 00038, Step00000 | Train_Loss: 0.5272 | Time: 0.0203
Epoch 00038 | Val_Loss 0.8358 | Time(s) 0.0086
EarlyStopping counter: 37 out of 40
Getting training negative samples for edge types: [6]
nodes.shift keys: [0, 1, 2]
nodes.count keys: [0, 1, 2]
links.meta: {5: (2, 2), 6: (2, 1), 7: (1, 1), 2: (2, 2), 8: (2, 2), 0: (1, 1), 3: (1, 0), 4: (1, 1), 1: (2, 2), 10: (2, 2), 9: (2, 2)}
t_type about to use: 1
h_type: 2
shift dict: {0: 0, 1: 188, 2: 746}
count dict: Counter({2: 940, 1: 558, 0: 188})
Generated 871 negative samples for edge type 6
Epoch 00039, Step00000 | Train_Loss: 0.5407 | Time: 0.0202
Epoch 00039 | Val_Loss 0.7576 | Time(s) 0.0086
EarlyStopping counter: 38 out of 40
Getting training negative samples for edge types: [6]
nodes.shift keys: [0, 1, 2]
nodes.count keys: [0, 1, 2]
links.meta: {5: (2, 2), 6: (2, 1), 7: (1, 1), 2: (2, 2), 8: (2, 2), 0: (1, 1), 3: (1, 0), 4: (1, 1), 1: (2, 2), 10: (2, 2), 9: (2, 2)}
t_type about to use: 1
h_type: 2
shift dict: {0: 0, 1: 188, 2: 746}
count dict: Counter({2: 940, 1: 558, 0: 188})
Generated 871 negative samples for edge type 6
Epoch 00040, Step00000 | Train_Loss: 0.5283 | Time: 0.0204
Epoch 00040 | Val_Loss 0.9725 | Time(s) 0.0087
EarlyStopping counter: 39 out of 40
Getting training negative samples for edge types: [6]
nodes.shift keys: [0, 1, 2]
nodes.count keys: [0, 1, 2]
links.meta: {5: (2, 2), 6: (2, 1), 7: (1, 1), 2: (2, 2), 8: (2, 2), 0: (1, 1), 3: (1, 0), 4: (1, 1), 1: (2, 2), 10: (2, 2), 9: (2, 2)}
t_type about to use: 1
h_type: 2
shift dict: {0: 0, 1: 188, 2: 746}
count dict: Counter({2: 940, 1: 558, 0: 188})
Generated 871 negative samples for edge type 6
Epoch 00041, Step00000 | Train_Loss: 0.5136 | Time: 0.0204
Epoch 00041 | Val_Loss 0.8826 | Time(s) 0.0087
EarlyStopping counter: 40 out of 40
Early stopping!
Early stopping!
Meta keys: dict_keys([6])
Data keys: dict_keys([6])
Edge type: 6, Meta: (2, 1)
{'roc_auc': 0.5258289143989278, 'MRR': 0.7548888888888888}
{'roc_auc': 0.6516665695472292, 'MRR': 0.8022222222222222}
defaultdict(<class 'float'>, {'roc_auc': 0.5258289143989278, 'MRR': 0.7548888888888888})
defaultdict(<class 'float'>, {'roc_auc': 0.6516665695472292, 'MRR': 0.8022222222222222})
Completed: amazon_style_cct_features_securebert_fold_3

--------------------------------------
Running model: SimpleHGN
Dataset: amazon_style_cct_features_securebert_fold_4
--------------------------------------
Data path: ../../data/amazon_style_cct_features_securebert_fold_4
Loading nodes from ../../data/amazon_style_cct_features_securebert_fold_4/node.dat
edge types: dict_keys([5, 6, 7, 2, 8, 0, 3, 4, 1, 10, 9])
Getting training negative samples for edge types: [6]
nodes.shift keys: [0, 1, 2]
nodes.count keys: [0, 1, 2]
links.meta: {5: (2, 2), 6: (2, 1), 7: (1, 1), 2: (2, 2), 8: (2, 2), 0: (1, 1), 3: (1, 0), 4: (1, 1), 1: (2, 2), 10: (2, 2), 9: (2, 2)}
t_type about to use: 1
h_type: 2
shift dict: {0: 0, 1: 188, 2: 746}
count dict: Counter({2: 940, 1: 558, 0: 188})
Generated 894 negative samples for edge type 6
Features List: [array([[ 0.00445206,  0.01268557,  0.22351578, ..., -0.28678206,
        -0.37460288,  0.18294938],
       [-0.18744846,  0.07075578,  0.0476894 , ..., -0.2232531 ,
        -0.19588573,  0.47988179],
       [-0.17451471, -0.04557271,  0.15712288, ..., -0.05391889,
        -0.20500693,  0.23744845],
       ...,
       [-0.40584856,  0.04715464,  0.24475315, ..., -0.12466257,
        -0.2035536 ,  0.28577447],
       [-0.18835557,  0.03822717,  0.03586731, ..., -0.23435652,
        -0.35453227,  0.38753107],
       [-0.13632202,  0.14362322,  0.08668749, ..., -0.24145249,
        -0.25799868,  0.26464131]]), array([[ 0.00791158, -0.00538086, -0.02676104, ..., -0.01897389,
        -0.01306979, -0.00084801],
       [ 0.01682901, -0.00649696, -0.01921631, ..., -0.01401017,
        -0.0039668 , -0.02202195],
       [ 0.02197852, -0.01403735, -0.05225722, ...,  0.02019661,
         0.00528841,  0.0033033 ],
       ...,
       [ 0.01603197,  0.00716993, -0.01245602, ..., -0.01399604,
        -0.00058955, -0.0256807 ],
       [ 0.01039577,  0.02045547, -0.02146293, ...,  0.01017929,
         0.02390171,  0.00134994],
       [ 0.00462414,  0.0041195 , -0.0135733 , ..., -0.01101827,
         0.00813001,  0.0203817 ]]), array([[ 0.00087804,  0.00658507, -0.02514569, ..., -0.04238372,
         0.00850771, -0.02565438],
       [-0.0006986 ,  0.01542003, -0.03227317, ..., -0.01301633,
         0.01559736, -0.03614859],
       [-0.01135348,  0.00974955, -0.01812623, ..., -0.01920343,
         0.00887381, -0.0152928 ],
       ...,
       [ 0.00701895, -0.01539859, -0.03025482, ..., -0.03644368,
         0.01254067, -0.0236606 ],
       [-0.00414097,  0.00144739, -0.05197839, ...,  0.00216818,
         0.02755725, -0.03143983],
       [ 0.01779867, -0.02493452, -0.0391779 , ..., -0.01159797,
        -0.00619852, -0.02449675]])]
Getting training negative samples for edge types: [6]
nodes.shift keys: [0, 1, 2]
nodes.count keys: [0, 1, 2]
links.meta: {5: (2, 2), 6: (2, 1), 7: (1, 1), 2: (2, 2), 8: (2, 2), 0: (1, 1), 3: (1, 0), 4: (1, 1), 1: (2, 2), 10: (2, 2), 9: (2, 2)}
t_type about to use: 1
h_type: 2
shift dict: {0: 0, 1: 188, 2: 746}
count dict: Counter({2: 940, 1: 558, 0: 188})
Generated 894 negative samples for edge type 6
Epoch 00000, Step00000 | Train_Loss: 0.6919 | Time: 0.5088
Epoch 00000 | Val_Loss 0.6837 | Time(s) 0.0070
Validation loss decreased (inf --> 0.683703).  Saving model ...
Getting training negative samples for edge types: [6]
nodes.shift keys: [0, 1, 2]
nodes.count keys: [0, 1, 2]
links.meta: {5: (2, 2), 6: (2, 1), 7: (1, 1), 2: (2, 2), 8: (2, 2), 0: (1, 1), 3: (1, 0), 4: (1, 1), 1: (2, 2), 10: (2, 2), 9: (2, 2)}
t_type about to use: 1
h_type: 2
shift dict: {0: 0, 1: 188, 2: 746}
count dict: Counter({2: 940, 1: 558, 0: 188})
Generated 894 negative samples for edge type 6
Epoch 00001, Step00000 | Train_Loss: 0.6823 | Time: 0.0217
Epoch 00001 | Val_Loss 0.6837 | Time(s) 0.0090
Validation loss decreased (0.683703 --> 0.683692).  Saving model ...
Getting training negative samples for edge types: [6]
nodes.shift keys: [0, 1, 2]
nodes.count keys: [0, 1, 2]
links.meta: {5: (2, 2), 6: (2, 1), 7: (1, 1), 2: (2, 2), 8: (2, 2), 0: (1, 1), 3: (1, 0), 4: (1, 1), 1: (2, 2), 10: (2, 2), 9: (2, 2)}
t_type about to use: 1
h_type: 2
shift dict: {0: 0, 1: 188, 2: 746}
count dict: Counter({2: 940, 1: 558, 0: 188})
Generated 894 negative samples for edge type 6
Epoch 00002, Step00000 | Train_Loss: 0.6727 | Time: 0.0206
Epoch 00002 | Val_Loss 0.6765 | Time(s) 0.0081
Validation loss decreased (0.683692 --> 0.676541).  Saving model ...
Getting training negative samples for edge types: [6]
nodes.shift keys: [0, 1, 2]
nodes.count keys: [0, 1, 2]
links.meta: {5: (2, 2), 6: (2, 1), 7: (1, 1), 2: (2, 2), 8: (2, 2), 0: (1, 1), 3: (1, 0), 4: (1, 1), 1: (2, 2), 10: (2, 2), 9: (2, 2)}
t_type about to use: 1
h_type: 2
shift dict: {0: 0, 1: 188, 2: 746}
count dict: Counter({2: 940, 1: 558, 0: 188})
Generated 894 negative samples for edge type 6
Epoch 00003, Step00000 | Train_Loss: 0.6661 | Time: 0.0201
Epoch 00003 | Val_Loss 0.6635 | Time(s) 0.0082
Validation loss decreased (0.676541 --> 0.663472).  Saving model ...
Getting training negative samples for edge types: [6]
nodes.shift keys: [0, 1, 2]
nodes.count keys: [0, 1, 2]
links.meta: {5: (2, 2), 6: (2, 1), 7: (1, 1), 2: (2, 2), 8: (2, 2), 0: (1, 1), 3: (1, 0), 4: (1, 1), 1: (2, 2), 10: (2, 2), 9: (2, 2)}
t_type about to use: 1
h_type: 2
shift dict: {0: 0, 1: 188, 2: 746}
count dict: Counter({2: 940, 1: 558, 0: 188})
Generated 894 negative samples for edge type 6
Epoch 00004, Step00000 | Train_Loss: 0.6498 | Time: 0.0199
Epoch 00004 | Val_Loss 0.6544 | Time(s) 0.0078
Validation loss decreased (0.663472 --> 0.654395).  Saving model ...
Getting training negative samples for edge types: [6]
nodes.shift keys: [0, 1, 2]
nodes.count keys: [0, 1, 2]
links.meta: {5: (2, 2), 6: (2, 1), 7: (1, 1), 2: (2, 2), 8: (2, 2), 0: (1, 1), 3: (1, 0), 4: (1, 1), 1: (2, 2), 10: (2, 2), 9: (2, 2)}
t_type about to use: 1
h_type: 2
shift dict: {0: 0, 1: 188, 2: 746}
count dict: Counter({2: 940, 1: 558, 0: 188})
Generated 894 negative samples for edge type 6
Epoch 00005, Step00000 | Train_Loss: 0.6400 | Time: 0.0195
Epoch 00005 | Val_Loss 0.6631 | Time(s) 0.0072
EarlyStopping counter: 1 out of 40
Getting training negative samples for edge types: [6]
nodes.shift keys: [0, 1, 2]
nodes.count keys: [0, 1, 2]
links.meta: {5: (2, 2), 6: (2, 1), 7: (1, 1), 2: (2, 2), 8: (2, 2), 0: (1, 1), 3: (1, 0), 4: (1, 1), 1: (2, 2), 10: (2, 2), 9: (2, 2)}
t_type about to use: 1
h_type: 2
shift dict: {0: 0, 1: 188, 2: 746}
count dict: Counter({2: 940, 1: 558, 0: 188})
Generated 894 negative samples for edge type 6
Epoch 00006, Step00000 | Train_Loss: 0.6331 | Time: 0.0204
Epoch 00006 | Val_Loss 0.6576 | Time(s) 0.0085
EarlyStopping counter: 2 out of 40
Getting training negative samples for edge types: [6]
nodes.shift keys: [0, 1, 2]
nodes.count keys: [0, 1, 2]
links.meta: {5: (2, 2), 6: (2, 1), 7: (1, 1), 2: (2, 2), 8: (2, 2), 0: (1, 1), 3: (1, 0), 4: (1, 1), 1: (2, 2), 10: (2, 2), 9: (2, 2)}
t_type about to use: 1
h_type: 2
shift dict: {0: 0, 1: 188, 2: 746}
count dict: Counter({2: 940, 1: 558, 0: 188})
Generated 894 negative samples for edge type 6
Epoch 00007, Step00000 | Train_Loss: 0.6182 | Time: 0.0202
Epoch 00007 | Val_Loss 0.6797 | Time(s) 0.0089
EarlyStopping counter: 3 out of 40
Getting training negative samples for edge types: [6]
nodes.shift keys: [0, 1, 2]
nodes.count keys: [0, 1, 2]
links.meta: {5: (2, 2), 6: (2, 1), 7: (1, 1), 2: (2, 2), 8: (2, 2), 0: (1, 1), 3: (1, 0), 4: (1, 1), 1: (2, 2), 10: (2, 2), 9: (2, 2)}
t_type about to use: 1
h_type: 2
shift dict: {0: 0, 1: 188, 2: 746}
count dict: Counter({2: 940, 1: 558, 0: 188})
Generated 894 negative samples for edge type 6
Epoch 00008, Step00000 | Train_Loss: 0.6025 | Time: 0.0205
Epoch 00008 | Val_Loss 0.7106 | Time(s) 0.0081
EarlyStopping counter: 4 out of 40
Getting training negative samples for edge types: [6]
nodes.shift keys: [0, 1, 2]
nodes.count keys: [0, 1, 2]
links.meta: {5: (2, 2), 6: (2, 1), 7: (1, 1), 2: (2, 2), 8: (2, 2), 0: (1, 1), 3: (1, 0), 4: (1, 1), 1: (2, 2), 10: (2, 2), 9: (2, 2)}
t_type about to use: 1
h_type: 2
shift dict: {0: 0, 1: 188, 2: 746}
count dict: Counter({2: 940, 1: 558, 0: 188})
Generated 894 negative samples for edge type 6
Epoch 00009, Step00000 | Train_Loss: 0.5937 | Time: 0.0200
Epoch 00009 | Val_Loss 0.7422 | Time(s) 0.0084
EarlyStopping counter: 5 out of 40
Getting training negative samples for edge types: [6]
nodes.shift keys: [0, 1, 2]
nodes.count keys: [0, 1, 2]
links.meta: {5: (2, 2), 6: (2, 1), 7: (1, 1), 2: (2, 2), 8: (2, 2), 0: (1, 1), 3: (1, 0), 4: (1, 1), 1: (2, 2), 10: (2, 2), 9: (2, 2)}
t_type about to use: 1
h_type: 2
shift dict: {0: 0, 1: 188, 2: 746}
count dict: Counter({2: 940, 1: 558, 0: 188})
Generated 894 negative samples for edge type 6
Epoch 00010, Step00000 | Train_Loss: 0.5858 | Time: 0.0198
Epoch 00010 | Val_Loss 0.7779 | Time(s) 0.0085
EarlyStopping counter: 6 out of 40
Getting training negative samples for edge types: [6]
nodes.shift keys: [0, 1, 2]
nodes.count keys: [0, 1, 2]
links.meta: {5: (2, 2), 6: (2, 1), 7: (1, 1), 2: (2, 2), 8: (2, 2), 0: (1, 1), 3: (1, 0), 4: (1, 1), 1: (2, 2), 10: (2, 2), 9: (2, 2)}
t_type about to use: 1
h_type: 2
shift dict: {0: 0, 1: 188, 2: 746}
count dict: Counter({2: 940, 1: 558, 0: 188})
Generated 894 negative samples for edge type 6
Epoch 00011, Step00000 | Train_Loss: 0.5676 | Time: 0.0198
Epoch 00011 | Val_Loss 0.8387 | Time(s) 0.0085
EarlyStopping counter: 7 out of 40
Getting training negative samples for edge types: [6]
nodes.shift keys: [0, 1, 2]
nodes.count keys: [0, 1, 2]
links.meta: {5: (2, 2), 6: (2, 1), 7: (1, 1), 2: (2, 2), 8: (2, 2), 0: (1, 1), 3: (1, 0), 4: (1, 1), 1: (2, 2), 10: (2, 2), 9: (2, 2)}
t_type about to use: 1
h_type: 2
shift dict: {0: 0, 1: 188, 2: 746}
count dict: Counter({2: 940, 1: 558, 0: 188})
Generated 894 negative samples for edge type 6
Epoch 00012, Step00000 | Train_Loss: 0.5737 | Time: 0.0212
Epoch 00012 | Val_Loss 0.8920 | Time(s) 0.0083
EarlyStopping counter: 8 out of 40
Getting training negative samples for edge types: [6]
nodes.shift keys: [0, 1, 2]
nodes.count keys: [0, 1, 2]
links.meta: {5: (2, 2), 6: (2, 1), 7: (1, 1), 2: (2, 2), 8: (2, 2), 0: (1, 1), 3: (1, 0), 4: (1, 1), 1: (2, 2), 10: (2, 2), 9: (2, 2)}
t_type about to use: 1
h_type: 2
shift dict: {0: 0, 1: 188, 2: 746}
count dict: Counter({2: 940, 1: 558, 0: 188})
Generated 894 negative samples for edge type 6
Epoch 00013, Step00000 | Train_Loss: 0.5588 | Time: 0.0197
Epoch 00013 | Val_Loss 0.9060 | Time(s) 0.0086
EarlyStopping counter: 9 out of 40
Getting training negative samples for edge types: [6]
nodes.shift keys: [0, 1, 2]
nodes.count keys: [0, 1, 2]
links.meta: {5: (2, 2), 6: (2, 1), 7: (1, 1), 2: (2, 2), 8: (2, 2), 0: (1, 1), 3: (1, 0), 4: (1, 1), 1: (2, 2), 10: (2, 2), 9: (2, 2)}
t_type about to use: 1
h_type: 2
shift dict: {0: 0, 1: 188, 2: 746}
count dict: Counter({2: 940, 1: 558, 0: 188})
Generated 894 negative samples for edge type 6
Epoch 00014, Step00000 | Train_Loss: 0.5458 | Time: 0.0217
Epoch 00014 | Val_Loss 0.8875 | Time(s) 0.0082
EarlyStopping counter: 10 out of 40
Getting training negative samples for edge types: [6]
nodes.shift keys: [0, 1, 2]
nodes.count keys: [0, 1, 2]
links.meta: {5: (2, 2), 6: (2, 1), 7: (1, 1), 2: (2, 2), 8: (2, 2), 0: (1, 1), 3: (1, 0), 4: (1, 1), 1: (2, 2), 10: (2, 2), 9: (2, 2)}
t_type about to use: 1
h_type: 2
shift dict: {0: 0, 1: 188, 2: 746}
count dict: Counter({2: 940, 1: 558, 0: 188})
Generated 894 negative samples for edge type 6
Epoch 00015, Step00000 | Train_Loss: 0.5566 | Time: 0.0207
Epoch 00015 | Val_Loss 0.9696 | Time(s) 0.0086
EarlyStopping counter: 11 out of 40
Getting training negative samples for edge types: [6]
nodes.shift keys: [0, 1, 2]
nodes.count keys: [0, 1, 2]
links.meta: {5: (2, 2), 6: (2, 1), 7: (1, 1), 2: (2, 2), 8: (2, 2), 0: (1, 1), 3: (1, 0), 4: (1, 1), 1: (2, 2), 10: (2, 2), 9: (2, 2)}
t_type about to use: 1
h_type: 2
shift dict: {0: 0, 1: 188, 2: 746}
count dict: Counter({2: 940, 1: 558, 0: 188})
Generated 894 negative samples for edge type 6
Epoch 00016, Step00000 | Train_Loss: 0.5491 | Time: 0.0196
Epoch 00016 | Val_Loss 1.0024 | Time(s) 0.0088
EarlyStopping counter: 12 out of 40
Getting training negative samples for edge types: [6]
nodes.shift keys: [0, 1, 2]
nodes.count keys: [0, 1, 2]
links.meta: {5: (2, 2), 6: (2, 1), 7: (1, 1), 2: (2, 2), 8: (2, 2), 0: (1, 1), 3: (1, 0), 4: (1, 1), 1: (2, 2), 10: (2, 2), 9: (2, 2)}
t_type about to use: 1
h_type: 2
shift dict: {0: 0, 1: 188, 2: 746}
count dict: Counter({2: 940, 1: 558, 0: 188})
Generated 894 negative samples for edge type 6
Epoch 00017, Step00000 | Train_Loss: 0.5522 | Time: 0.0196
Epoch 00017 | Val_Loss 1.0084 | Time(s) 0.0083
EarlyStopping counter: 13 out of 40
Getting training negative samples for edge types: [6]
nodes.shift keys: [0, 1, 2]
nodes.count keys: [0, 1, 2]
links.meta: {5: (2, 2), 6: (2, 1), 7: (1, 1), 2: (2, 2), 8: (2, 2), 0: (1, 1), 3: (1, 0), 4: (1, 1), 1: (2, 2), 10: (2, 2), 9: (2, 2)}
t_type about to use: 1
h_type: 2
shift dict: {0: 0, 1: 188, 2: 746}
count dict: Counter({2: 940, 1: 558, 0: 188})
Generated 894 negative samples for edge type 6
Epoch 00018, Step00000 | Train_Loss: 0.5568 | Time: 0.0198
Epoch 00018 | Val_Loss 0.9508 | Time(s) 0.0086
EarlyStopping counter: 14 out of 40
Getting training negative samples for edge types: [6]
nodes.shift keys: [0, 1, 2]
nodes.count keys: [0, 1, 2]
links.meta: {5: (2, 2), 6: (2, 1), 7: (1, 1), 2: (2, 2), 8: (2, 2), 0: (1, 1), 3: (1, 0), 4: (1, 1), 1: (2, 2), 10: (2, 2), 9: (2, 2)}
t_type about to use: 1
h_type: 2
shift dict: {0: 0, 1: 188, 2: 746}
count dict: Counter({2: 940, 1: 558, 0: 188})
Generated 894 negative samples for edge type 6
Epoch 00019, Step00000 | Train_Loss: 0.5574 | Time: 0.0201
Epoch 00019 | Val_Loss 1.0155 | Time(s) 0.0084
EarlyStopping counter: 15 out of 40
Getting training negative samples for edge types: [6]
nodes.shift keys: [0, 1, 2]
nodes.count keys: [0, 1, 2]
links.meta: {5: (2, 2), 6: (2, 1), 7: (1, 1), 2: (2, 2), 8: (2, 2), 0: (1, 1), 3: (1, 0), 4: (1, 1), 1: (2, 2), 10: (2, 2), 9: (2, 2)}
t_type about to use: 1
h_type: 2
shift dict: {0: 0, 1: 188, 2: 746}
count dict: Counter({2: 940, 1: 558, 0: 188})
Generated 894 negative samples for edge type 6
Epoch 00020, Step00000 | Train_Loss: 0.5348 | Time: 0.0215
Epoch 00020 | Val_Loss 1.0074 | Time(s) 0.0083
EarlyStopping counter: 16 out of 40
Getting training negative samples for edge types: [6]
nodes.shift keys: [0, 1, 2]
nodes.count keys: [0, 1, 2]
links.meta: {5: (2, 2), 6: (2, 1), 7: (1, 1), 2: (2, 2), 8: (2, 2), 0: (1, 1), 3: (1, 0), 4: (1, 1), 1: (2, 2), 10: (2, 2), 9: (2, 2)}
t_type about to use: 1
h_type: 2
shift dict: {0: 0, 1: 188, 2: 746}
count dict: Counter({2: 940, 1: 558, 0: 188})
Generated 894 negative samples for edge type 6
Epoch 00021, Step00000 | Train_Loss: 0.5425 | Time: 0.0208
Epoch 00021 | Val_Loss 1.0371 | Time(s) 0.0086
EarlyStopping counter: 17 out of 40
Getting training negative samples for edge types: [6]
nodes.shift keys: [0, 1, 2]
nodes.count keys: [0, 1, 2]
links.meta: {5: (2, 2), 6: (2, 1), 7: (1, 1), 2: (2, 2), 8: (2, 2), 0: (1, 1), 3: (1, 0), 4: (1, 1), 1: (2, 2), 10: (2, 2), 9: (2, 2)}
t_type about to use: 1
h_type: 2
shift dict: {0: 0, 1: 188, 2: 746}
count dict: Counter({2: 940, 1: 558, 0: 188})
Generated 894 negative samples for edge type 6
Epoch 00022, Step00000 | Train_Loss: 0.5316 | Time: 0.0200
Epoch 00022 | Val_Loss 0.9256 | Time(s) 0.0082
EarlyStopping counter: 18 out of 40
Getting training negative samples for edge types: [6]
nodes.shift keys: [0, 1, 2]
nodes.count keys: [0, 1, 2]
links.meta: {5: (2, 2), 6: (2, 1), 7: (1, 1), 2: (2, 2), 8: (2, 2), 0: (1, 1), 3: (1, 0), 4: (1, 1), 1: (2, 2), 10: (2, 2), 9: (2, 2)}
t_type about to use: 1
h_type: 2
shift dict: {0: 0, 1: 188, 2: 746}
count dict: Counter({2: 940, 1: 558, 0: 188})
Generated 894 negative samples for edge type 6
Epoch 00023, Step00000 | Train_Loss: 0.5336 | Time: 0.0199
Epoch 00023 | Val_Loss 0.9650 | Time(s) 0.0084
EarlyStopping counter: 19 out of 40
Getting training negative samples for edge types: [6]
nodes.shift keys: [0, 1, 2]
nodes.count keys: [0, 1, 2]
links.meta: {5: (2, 2), 6: (2, 1), 7: (1, 1), 2: (2, 2), 8: (2, 2), 0: (1, 1), 3: (1, 0), 4: (1, 1), 1: (2, 2), 10: (2, 2), 9: (2, 2)}
t_type about to use: 1
h_type: 2
shift dict: {0: 0, 1: 188, 2: 746}
count dict: Counter({2: 940, 1: 558, 0: 188})
Generated 894 negative samples for edge type 6
Epoch 00024, Step00000 | Train_Loss: 0.5140 | Time: 0.0208
Epoch 00024 | Val_Loss 1.1053 | Time(s) 0.0083
EarlyStopping counter: 20 out of 40
Getting training negative samples for edge types: [6]
nodes.shift keys: [0, 1, 2]
nodes.count keys: [0, 1, 2]
links.meta: {5: (2, 2), 6: (2, 1), 7: (1, 1), 2: (2, 2), 8: (2, 2), 0: (1, 1), 3: (1, 0), 4: (1, 1), 1: (2, 2), 10: (2, 2), 9: (2, 2)}
t_type about to use: 1
h_type: 2
shift dict: {0: 0, 1: 188, 2: 746}
count dict: Counter({2: 940, 1: 558, 0: 188})
Generated 894 negative samples for edge type 6
Epoch 00025, Step00000 | Train_Loss: 0.5266 | Time: 0.0195
Epoch 00025 | Val_Loss 1.0454 | Time(s) 0.0084
EarlyStopping counter: 21 out of 40
Getting training negative samples for edge types: [6]
nodes.shift keys: [0, 1, 2]
nodes.count keys: [0, 1, 2]
links.meta: {5: (2, 2), 6: (2, 1), 7: (1, 1), 2: (2, 2), 8: (2, 2), 0: (1, 1), 3: (1, 0), 4: (1, 1), 1: (2, 2), 10: (2, 2), 9: (2, 2)}
t_type about to use: 1
h_type: 2
shift dict: {0: 0, 1: 188, 2: 746}
count dict: Counter({2: 940, 1: 558, 0: 188})
Generated 894 negative samples for edge type 6
Epoch 00026, Step00000 | Train_Loss: 0.5229 | Time: 0.0215
Epoch 00026 | Val_Loss 0.9600 | Time(s) 0.0082
EarlyStopping counter: 22 out of 40
Getting training negative samples for edge types: [6]
nodes.shift keys: [0, 1, 2]
nodes.count keys: [0, 1, 2]
links.meta: {5: (2, 2), 6: (2, 1), 7: (1, 1), 2: (2, 2), 8: (2, 2), 0: (1, 1), 3: (1, 0), 4: (1, 1), 1: (2, 2), 10: (2, 2), 9: (2, 2)}
t_type about to use: 1
h_type: 2
shift dict: {0: 0, 1: 188, 2: 746}
count dict: Counter({2: 940, 1: 558, 0: 188})
Generated 894 negative samples for edge type 6
Epoch 00027, Step00000 | Train_Loss: 0.5361 | Time: 0.0210
Epoch 00027 | Val_Loss 1.0167 | Time(s) 0.0081
EarlyStopping counter: 23 out of 40
Getting training negative samples for edge types: [6]
nodes.shift keys: [0, 1, 2]
nodes.count keys: [0, 1, 2]
links.meta: {5: (2, 2), 6: (2, 1), 7: (1, 1), 2: (2, 2), 8: (2, 2), 0: (1, 1), 3: (1, 0), 4: (1, 1), 1: (2, 2), 10: (2, 2), 9: (2, 2)}
t_type about to use: 1
h_type: 2
shift dict: {0: 0, 1: 188, 2: 746}
count dict: Counter({2: 940, 1: 558, 0: 188})
Generated 894 negative samples for edge type 6
Epoch 00028, Step00000 | Train_Loss: 0.5270 | Time: 0.0193
Epoch 00028 | Val_Loss 0.9746 | Time(s) 0.0083
EarlyStopping counter: 24 out of 40
Getting training negative samples for edge types: [6]
nodes.shift keys: [0, 1, 2]
nodes.count keys: [0, 1, 2]
links.meta: {5: (2, 2), 6: (2, 1), 7: (1, 1), 2: (2, 2), 8: (2, 2), 0: (1, 1), 3: (1, 0), 4: (1, 1), 1: (2, 2), 10: (2, 2), 9: (2, 2)}
t_type about to use: 1
h_type: 2
shift dict: {0: 0, 1: 188, 2: 746}
count dict: Counter({2: 940, 1: 558, 0: 188})
Generated 894 negative samples for edge type 6
Epoch 00029, Step00000 | Train_Loss: 0.5082 | Time: 0.0214
Epoch 00029 | Val_Loss 0.8389 | Time(s) 0.0084
EarlyStopping counter: 25 out of 40
Getting training negative samples for edge types: [6]
nodes.shift keys: [0, 1, 2]
nodes.count keys: [0, 1, 2]
links.meta: {5: (2, 2), 6: (2, 1), 7: (1, 1), 2: (2, 2), 8: (2, 2), 0: (1, 1), 3: (1, 0), 4: (1, 1), 1: (2, 2), 10: (2, 2), 9: (2, 2)}
t_type about to use: 1
h_type: 2
shift dict: {0: 0, 1: 188, 2: 746}
count dict: Counter({2: 940, 1: 558, 0: 188})
Generated 894 negative samples for edge type 6
Epoch 00030, Step00000 | Train_Loss: 0.5189 | Time: 0.0213
Epoch 00030 | Val_Loss 1.0317 | Time(s) 0.0114
EarlyStopping counter: 26 out of 40
Getting training negative samples for edge types: [6]
nodes.shift keys: [0, 1, 2]
nodes.count keys: [0, 1, 2]
links.meta: {5: (2, 2), 6: (2, 1), 7: (1, 1), 2: (2, 2), 8: (2, 2), 0: (1, 1), 3: (1, 0), 4: (1, 1), 1: (2, 2), 10: (2, 2), 9: (2, 2)}
t_type about to use: 1
h_type: 2
shift dict: {0: 0, 1: 188, 2: 746}
count dict: Counter({2: 940, 1: 558, 0: 188})
Generated 894 negative samples for edge type 6
Epoch 00031, Step00000 | Train_Loss: 0.5311 | Time: 0.0194
Epoch 00031 | Val_Loss 0.8985 | Time(s) 0.0066
EarlyStopping counter: 27 out of 40
Getting training negative samples for edge types: [6]
nodes.shift keys: [0, 1, 2]
nodes.count keys: [0, 1, 2]
links.meta: {5: (2, 2), 6: (2, 1), 7: (1, 1), 2: (2, 2), 8: (2, 2), 0: (1, 1), 3: (1, 0), 4: (1, 1), 1: (2, 2), 10: (2, 2), 9: (2, 2)}
t_type about to use: 1
h_type: 2
shift dict: {0: 0, 1: 188, 2: 746}
count dict: Counter({2: 940, 1: 558, 0: 188})
Generated 894 negative samples for edge type 6
Epoch 00032, Step00000 | Train_Loss: 0.5105 | Time: 0.0201
Epoch 00032 | Val_Loss 0.9728 | Time(s) 0.0084
EarlyStopping counter: 28 out of 40
Getting training negative samples for edge types: [6]
nodes.shift keys: [0, 1, 2]
nodes.count keys: [0, 1, 2]
links.meta: {5: (2, 2), 6: (2, 1), 7: (1, 1), 2: (2, 2), 8: (2, 2), 0: (1, 1), 3: (1, 0), 4: (1, 1), 1: (2, 2), 10: (2, 2), 9: (2, 2)}
t_type about to use: 1
h_type: 2
shift dict: {0: 0, 1: 188, 2: 746}
count dict: Counter({2: 940, 1: 558, 0: 188})
Generated 894 negative samples for edge type 6
Epoch 00033, Step00000 | Train_Loss: 0.5028 | Time: 0.0198
Epoch 00033 | Val_Loss 1.0170 | Time(s) 0.0084
EarlyStopping counter: 29 out of 40
Getting training negative samples for edge types: [6]
nodes.shift keys: [0, 1, 2]
nodes.count keys: [0, 1, 2]
links.meta: {5: (2, 2), 6: (2, 1), 7: (1, 1), 2: (2, 2), 8: (2, 2), 0: (1, 1), 3: (1, 0), 4: (1, 1), 1: (2, 2), 10: (2, 2), 9: (2, 2)}
t_type about to use: 1
h_type: 2
shift dict: {0: 0, 1: 188, 2: 746}
count dict: Counter({2: 940, 1: 558, 0: 188})
Generated 894 negative samples for edge type 6
Epoch 00034, Step00000 | Train_Loss: 0.5138 | Time: 0.0211
Epoch 00034 | Val_Loss 0.9375 | Time(s) 0.0081
EarlyStopping counter: 30 out of 40
Getting training negative samples for edge types: [6]
nodes.shift keys: [0, 1, 2]
nodes.count keys: [0, 1, 2]
links.meta: {5: (2, 2), 6: (2, 1), 7: (1, 1), 2: (2, 2), 8: (2, 2), 0: (1, 1), 3: (1, 0), 4: (1, 1), 1: (2, 2), 10: (2, 2), 9: (2, 2)}
t_type about to use: 1
h_type: 2
shift dict: {0: 0, 1: 188, 2: 746}
count dict: Counter({2: 940, 1: 558, 0: 188})
Generated 894 negative samples for edge type 6
Epoch 00035, Step00000 | Train_Loss: 0.5029 | Time: 0.0195
Epoch 00035 | Val_Loss 0.9394 | Time(s) 0.0083
EarlyStopping counter: 31 out of 40
Getting training negative samples for edge types: [6]
nodes.shift keys: [0, 1, 2]
nodes.count keys: [0, 1, 2]
links.meta: {5: (2, 2), 6: (2, 1), 7: (1, 1), 2: (2, 2), 8: (2, 2), 0: (1, 1), 3: (1, 0), 4: (1, 1), 1: (2, 2), 10: (2, 2), 9: (2, 2)}
t_type about to use: 1
h_type: 2
shift dict: {0: 0, 1: 188, 2: 746}
count dict: Counter({2: 940, 1: 558, 0: 188})
Generated 894 negative samples for edge type 6
Epoch 00036, Step00000 | Train_Loss: 0.5080 | Time: 0.0211
Epoch 00036 | Val_Loss 1.0350 | Time(s) 0.0081
EarlyStopping counter: 32 out of 40
Getting training negative samples for edge types: [6]
nodes.shift keys: [0, 1, 2]
nodes.count keys: [0, 1, 2]
links.meta: {5: (2, 2), 6: (2, 1), 7: (1, 1), 2: (2, 2), 8: (2, 2), 0: (1, 1), 3: (1, 0), 4: (1, 1), 1: (2, 2), 10: (2, 2), 9: (2, 2)}
t_type about to use: 1
h_type: 2
shift dict: {0: 0, 1: 188, 2: 746}
count dict: Counter({2: 940, 1: 558, 0: 188})
Generated 894 negative samples for edge type 6
Epoch 00037, Step00000 | Train_Loss: 0.5205 | Time: 0.0194
Epoch 00037 | Val_Loss 1.0307 | Time(s) 0.0084
EarlyStopping counter: 33 out of 40
Getting training negative samples for edge types: [6]
nodes.shift keys: [0, 1, 2]
nodes.count keys: [0, 1, 2]
links.meta: {5: (2, 2), 6: (2, 1), 7: (1, 1), 2: (2, 2), 8: (2, 2), 0: (1, 1), 3: (1, 0), 4: (1, 1), 1: (2, 2), 10: (2, 2), 9: (2, 2)}
t_type about to use: 1
h_type: 2
shift dict: {0: 0, 1: 188, 2: 746}
count dict: Counter({2: 940, 1: 558, 0: 188})
Generated 894 negative samples for edge type 6
Epoch 00038, Step00000 | Train_Loss: 0.5112 | Time: 0.0220
Epoch 00038 | Val_Loss 1.0452 | Time(s) 0.0083
EarlyStopping counter: 34 out of 40
Getting training negative samples for edge types: [6]
nodes.shift keys: [0, 1, 2]
nodes.count keys: [0, 1, 2]
links.meta: {5: (2, 2), 6: (2, 1), 7: (1, 1), 2: (2, 2), 8: (2, 2), 0: (1, 1), 3: (1, 0), 4: (1, 1), 1: (2, 2), 10: (2, 2), 9: (2, 2)}
t_type about to use: 1
h_type: 2
shift dict: {0: 0, 1: 188, 2: 746}
count dict: Counter({2: 940, 1: 558, 0: 188})
Generated 894 negative samples for edge type 6
Epoch 00039, Step00000 | Train_Loss: 0.5150 | Time: 0.0200
Epoch 00039 | Val_Loss 0.9254 | Time(s) 0.0086
EarlyStopping counter: 35 out of 40
Getting training negative samples for edge types: [6]
nodes.shift keys: [0, 1, 2]
nodes.count keys: [0, 1, 2]
links.meta: {5: (2, 2), 6: (2, 1), 7: (1, 1), 2: (2, 2), 8: (2, 2), 0: (1, 1), 3: (1, 0), 4: (1, 1), 1: (2, 2), 10: (2, 2), 9: (2, 2)}
t_type about to use: 1
h_type: 2
shift dict: {0: 0, 1: 188, 2: 746}
count dict: Counter({2: 940, 1: 558, 0: 188})
Generated 894 negative samples for edge type 6
Epoch 00040, Step00000 | Train_Loss: 0.5217 | Time: 0.0208
Epoch 00040 | Val_Loss 0.9890 | Time(s) 0.0080
EarlyStopping counter: 36 out of 40
Getting training negative samples for edge types: [6]
nodes.shift keys: [0, 1, 2]
nodes.count keys: [0, 1, 2]
links.meta: {5: (2, 2), 6: (2, 1), 7: (1, 1), 2: (2, 2), 8: (2, 2), 0: (1, 1), 3: (1, 0), 4: (1, 1), 1: (2, 2), 10: (2, 2), 9: (2, 2)}
t_type about to use: 1
h_type: 2
shift dict: {0: 0, 1: 188, 2: 746}
count dict: Counter({2: 940, 1: 558, 0: 188})
Generated 894 negative samples for edge type 6
Epoch 00041, Step00000 | Train_Loss: 0.5071 | Time: 0.0204
Epoch 00041 | Val_Loss 0.9472 | Time(s) 0.0083
EarlyStopping counter: 37 out of 40
Getting training negative samples for edge types: [6]
nodes.shift keys: [0, 1, 2]
nodes.count keys: [0, 1, 2]
links.meta: {5: (2, 2), 6: (2, 1), 7: (1, 1), 2: (2, 2), 8: (2, 2), 0: (1, 1), 3: (1, 0), 4: (1, 1), 1: (2, 2), 10: (2, 2), 9: (2, 2)}
t_type about to use: 1
h_type: 2
shift dict: {0: 0, 1: 188, 2: 746}
count dict: Counter({2: 940, 1: 558, 0: 188})
Generated 894 negative samples for edge type 6
Epoch 00042, Step00000 | Train_Loss: 0.4890 | Time: 0.0210
Epoch 00042 | Val_Loss 0.9470 | Time(s) 0.0081
EarlyStopping counter: 38 out of 40
Getting training negative samples for edge types: [6]
nodes.shift keys: [0, 1, 2]
nodes.count keys: [0, 1, 2]
links.meta: {5: (2, 2), 6: (2, 1), 7: (1, 1), 2: (2, 2), 8: (2, 2), 0: (1, 1), 3: (1, 0), 4: (1, 1), 1: (2, 2), 10: (2, 2), 9: (2, 2)}
t_type about to use: 1
h_type: 2
shift dict: {0: 0, 1: 188, 2: 746}
count dict: Counter({2: 940, 1: 558, 0: 188})
Generated 894 negative samples for edge type 6
Epoch 00043, Step00000 | Train_Loss: 0.4933 | Time: 0.0200
Epoch 00043 | Val_Loss 0.9592 | Time(s) 0.0082
EarlyStopping counter: 39 out of 40
Getting training negative samples for edge types: [6]
nodes.shift keys: [0, 1, 2]
nodes.count keys: [0, 1, 2]
links.meta: {5: (2, 2), 6: (2, 1), 7: (1, 1), 2: (2, 2), 8: (2, 2), 0: (1, 1), 3: (1, 0), 4: (1, 1), 1: (2, 2), 10: (2, 2), 9: (2, 2)}
t_type about to use: 1
h_type: 2
shift dict: {0: 0, 1: 188, 2: 746}
count dict: Counter({2: 940, 1: 558, 0: 188})
Generated 894 negative samples for edge type 6
Epoch 00044, Step00000 | Train_Loss: 0.5193 | Time: 0.0196
Epoch 00044 | Val_Loss 0.9810 | Time(s) 0.0084
EarlyStopping counter: 40 out of 40
Early stopping!
Early stopping!
Meta keys: dict_keys([6])
Data keys: dict_keys([6])
Edge type: 6, Meta: (2, 1)
{'roc_auc': 0.49261961881913896, 'MRR': 0.7513888888888888}
{'roc_auc': 0.6042203714720074, 'MRR': 0.8043981481481483}
defaultdict(<class 'float'>, {'roc_auc': 0.49261961881913896, 'MRR': 0.7513888888888888})
defaultdict(<class 'float'>, {'roc_auc': 0.6042203714720074, 'MRR': 0.8043981481481483})
Completed: amazon_style_cct_features_securebert_fold_4

--------------------------------------
Running model: SimpleHGN
Dataset: amazon_style_cct_features_securebert_fold_5
--------------------------------------
Data path: ../../data/amazon_style_cct_features_securebert_fold_5
Loading nodes from ../../data/amazon_style_cct_features_securebert_fold_5/node.dat
edge types: dict_keys([5, 6, 7, 2, 8, 0, 3, 4, 1, 10, 9])
Getting training negative samples for edge types: [6]
nodes.shift keys: [0, 1, 2]
nodes.count keys: [0, 1, 2]
links.meta: {5: (2, 2), 6: (2, 1), 7: (1, 1), 2: (2, 2), 8: (2, 2), 0: (1, 1), 3: (1, 0), 4: (1, 1), 1: (2, 2), 10: (2, 2), 9: (2, 2)}
t_type about to use: 1
h_type: 2
shift dict: {0: 0, 1: 188, 2: 746}
count dict: Counter({2: 940, 1: 558, 0: 188})
Generated 896 negative samples for edge type 6
Features List: [array([[ 0.00445206,  0.01268557,  0.22351578, ..., -0.28678206,
        -0.37460288,  0.18294938],
       [-0.18744846,  0.07075578,  0.0476894 , ..., -0.2232531 ,
        -0.19588573,  0.47988179],
       [-0.17451471, -0.04557271,  0.15712288, ..., -0.05391889,
        -0.20500693,  0.23744845],
       ...,
       [-0.40584856,  0.04715464,  0.24475315, ..., -0.12466257,
        -0.2035536 ,  0.28577447],
       [-0.18835557,  0.03822717,  0.03586731, ..., -0.23435652,
        -0.35453227,  0.38753107],
       [-0.13632202,  0.14362322,  0.08668749, ..., -0.24145249,
        -0.25799868,  0.26464131]]), array([[ 0.00791158, -0.00538086, -0.02676104, ..., -0.01897389,
        -0.01306979, -0.00084801],
       [ 0.01682901, -0.00649696, -0.01921631, ..., -0.01401017,
        -0.0039668 , -0.02202195],
       [ 0.02197852, -0.01403735, -0.05225722, ...,  0.02019661,
         0.00528841,  0.0033033 ],
       ...,
       [ 0.01603197,  0.00716993, -0.01245602, ..., -0.01399604,
        -0.00058955, -0.0256807 ],
       [ 0.01039577,  0.02045547, -0.02146293, ...,  0.01017929,
         0.02390171,  0.00134994],
       [ 0.00462414,  0.0041195 , -0.0135733 , ..., -0.01101827,
         0.00813001,  0.0203817 ]]), array([[ 0.00087804,  0.00658507, -0.02514569, ..., -0.04238372,
         0.00850771, -0.02565438],
       [-0.0006986 ,  0.01542003, -0.03227317, ..., -0.01301633,
         0.01559736, -0.03614859],
       [-0.01135348,  0.00974955, -0.01812623, ..., -0.01920343,
         0.00887381, -0.0152928 ],
       ...,
       [ 0.00701895, -0.01539859, -0.03025482, ..., -0.03644368,
         0.01254067, -0.0236606 ],
       [-0.00414097,  0.00144739, -0.05197839, ...,  0.00216818,
         0.02755725, -0.03143983],
       [ 0.01779867, -0.02493452, -0.0391779 , ..., -0.01159797,
        -0.00619852, -0.02449675]])]
Getting training negative samples for edge types: [6]
nodes.shift keys: [0, 1, 2]
nodes.count keys: [0, 1, 2]
links.meta: {5: (2, 2), 6: (2, 1), 7: (1, 1), 2: (2, 2), 8: (2, 2), 0: (1, 1), 3: (1, 0), 4: (1, 1), 1: (2, 2), 10: (2, 2), 9: (2, 2)}
t_type about to use: 1
h_type: 2
shift dict: {0: 0, 1: 188, 2: 746}
count dict: Counter({2: 940, 1: 558, 0: 188})
Generated 896 negative samples for edge type 6
Epoch 00000, Step00000 | Train_Loss: 0.6924 | Time: 0.5601
Epoch 00000 | Val_Loss 0.6895 | Time(s) 0.0070
Validation loss decreased (inf --> 0.689538).  Saving model ...
Getting training negative samples for edge types: [6]
nodes.shift keys: [0, 1, 2]
nodes.count keys: [0, 1, 2]
links.meta: {5: (2, 2), 6: (2, 1), 7: (1, 1), 2: (2, 2), 8: (2, 2), 0: (1, 1), 3: (1, 0), 4: (1, 1), 1: (2, 2), 10: (2, 2), 9: (2, 2)}
t_type about to use: 1
h_type: 2
shift dict: {0: 0, 1: 188, 2: 746}
count dict: Counter({2: 940, 1: 558, 0: 188})
Generated 896 negative samples for edge type 6
Epoch 00001, Step00000 | Train_Loss: 0.6861 | Time: 0.0193
Epoch 00001 | Val_Loss 0.6881 | Time(s) 0.0065
Validation loss decreased (0.689538 --> 0.688074).  Saving model ...
Getting training negative samples for edge types: [6]
nodes.shift keys: [0, 1, 2]
nodes.count keys: [0, 1, 2]
links.meta: {5: (2, 2), 6: (2, 1), 7: (1, 1), 2: (2, 2), 8: (2, 2), 0: (1, 1), 3: (1, 0), 4: (1, 1), 1: (2, 2), 10: (2, 2), 9: (2, 2)}
t_type about to use: 1
h_type: 2
shift dict: {0: 0, 1: 188, 2: 746}
count dict: Counter({2: 940, 1: 558, 0: 188})
Generated 896 negative samples for edge type 6
Epoch 00002, Step00000 | Train_Loss: 0.6770 | Time: 0.0208
Epoch 00002 | Val_Loss 0.6752 | Time(s) 0.0080
Validation loss decreased (0.688074 --> 0.675180).  Saving model ...
Getting training negative samples for edge types: [6]
nodes.shift keys: [0, 1, 2]
nodes.count keys: [0, 1, 2]
links.meta: {5: (2, 2), 6: (2, 1), 7: (1, 1), 2: (2, 2), 8: (2, 2), 0: (1, 1), 3: (1, 0), 4: (1, 1), 1: (2, 2), 10: (2, 2), 9: (2, 2)}
t_type about to use: 1
h_type: 2
shift dict: {0: 0, 1: 188, 2: 746}
count dict: Counter({2: 940, 1: 558, 0: 188})
Generated 896 negative samples for edge type 6
Epoch 00003, Step00000 | Train_Loss: 0.6653 | Time: 0.0199
Epoch 00003 | Val_Loss 0.6729 | Time(s) 0.0072
Validation loss decreased (0.675180 --> 0.672857).  Saving model ...
Getting training negative samples for edge types: [6]
nodes.shift keys: [0, 1, 2]
nodes.count keys: [0, 1, 2]
links.meta: {5: (2, 2), 6: (2, 1), 7: (1, 1), 2: (2, 2), 8: (2, 2), 0: (1, 1), 3: (1, 0), 4: (1, 1), 1: (2, 2), 10: (2, 2), 9: (2, 2)}
t_type about to use: 1
h_type: 2
shift dict: {0: 0, 1: 188, 2: 746}
count dict: Counter({2: 940, 1: 558, 0: 188})
Generated 896 negative samples for edge type 6
Epoch 00004, Step00000 | Train_Loss: 0.6575 | Time: 0.0195
Epoch 00004 | Val_Loss 0.6589 | Time(s) 0.0064
Validation loss decreased (0.672857 --> 0.658933).  Saving model ...
Getting training negative samples for edge types: [6]
nodes.shift keys: [0, 1, 2]
nodes.count keys: [0, 1, 2]
links.meta: {5: (2, 2), 6: (2, 1), 7: (1, 1), 2: (2, 2), 8: (2, 2), 0: (1, 1), 3: (1, 0), 4: (1, 1), 1: (2, 2), 10: (2, 2), 9: (2, 2)}
t_type about to use: 1
h_type: 2
shift dict: {0: 0, 1: 188, 2: 746}
count dict: Counter({2: 940, 1: 558, 0: 188})
Generated 896 negative samples for edge type 6
Epoch 00005, Step00000 | Train_Loss: 0.6459 | Time: 0.0199
Epoch 00005 | Val_Loss 0.7071 | Time(s) 0.0065
EarlyStopping counter: 1 out of 40
Getting training negative samples for edge types: [6]
nodes.shift keys: [0, 1, 2]
nodes.count keys: [0, 1, 2]
links.meta: {5: (2, 2), 6: (2, 1), 7: (1, 1), 2: (2, 2), 8: (2, 2), 0: (1, 1), 3: (1, 0), 4: (1, 1), 1: (2, 2), 10: (2, 2), 9: (2, 2)}
t_type about to use: 1
h_type: 2
shift dict: {0: 0, 1: 188, 2: 746}
count dict: Counter({2: 940, 1: 558, 0: 188})
Generated 896 negative samples for edge type 6
Epoch 00006, Step00000 | Train_Loss: 0.6349 | Time: 0.0196
Epoch 00006 | Val_Loss 0.6688 | Time(s) 0.0082
EarlyStopping counter: 2 out of 40
Getting training negative samples for edge types: [6]
nodes.shift keys: [0, 1, 2]
nodes.count keys: [0, 1, 2]
links.meta: {5: (2, 2), 6: (2, 1), 7: (1, 1), 2: (2, 2), 8: (2, 2), 0: (1, 1), 3: (1, 0), 4: (1, 1), 1: (2, 2), 10: (2, 2), 9: (2, 2)}
t_type about to use: 1
h_type: 2
shift dict: {0: 0, 1: 188, 2: 746}
count dict: Counter({2: 940, 1: 558, 0: 188})
Generated 896 negative samples for edge type 6
Epoch 00007, Step00000 | Train_Loss: 0.6269 | Time: 0.0195
Epoch 00007 | Val_Loss 0.6952 | Time(s) 0.0084
EarlyStopping counter: 3 out of 40
Getting training negative samples for edge types: [6]
nodes.shift keys: [0, 1, 2]
nodes.count keys: [0, 1, 2]
links.meta: {5: (2, 2), 6: (2, 1), 7: (1, 1), 2: (2, 2), 8: (2, 2), 0: (1, 1), 3: (1, 0), 4: (1, 1), 1: (2, 2), 10: (2, 2), 9: (2, 2)}
t_type about to use: 1
h_type: 2
shift dict: {0: 0, 1: 188, 2: 746}
count dict: Counter({2: 940, 1: 558, 0: 188})
Generated 896 negative samples for edge type 6
Epoch 00008, Step00000 | Train_Loss: 0.6088 | Time: 0.0213
Epoch 00008 | Val_Loss 0.6866 | Time(s) 0.0084
EarlyStopping counter: 4 out of 40
Getting training negative samples for edge types: [6]
nodes.shift keys: [0, 1, 2]
nodes.count keys: [0, 1, 2]
links.meta: {5: (2, 2), 6: (2, 1), 7: (1, 1), 2: (2, 2), 8: (2, 2), 0: (1, 1), 3: (1, 0), 4: (1, 1), 1: (2, 2), 10: (2, 2), 9: (2, 2)}
t_type about to use: 1
h_type: 2
shift dict: {0: 0, 1: 188, 2: 746}
count dict: Counter({2: 940, 1: 558, 0: 188})
Generated 896 negative samples for edge type 6
Epoch 00009, Step00000 | Train_Loss: 0.6073 | Time: 0.0202
Epoch 00009 | Val_Loss 0.7364 | Time(s) 0.0088
EarlyStopping counter: 5 out of 40
Getting training negative samples for edge types: [6]
nodes.shift keys: [0, 1, 2]
nodes.count keys: [0, 1, 2]
links.meta: {5: (2, 2), 6: (2, 1), 7: (1, 1), 2: (2, 2), 8: (2, 2), 0: (1, 1), 3: (1, 0), 4: (1, 1), 1: (2, 2), 10: (2, 2), 9: (2, 2)}
t_type about to use: 1
h_type: 2
shift dict: {0: 0, 1: 188, 2: 746}
count dict: Counter({2: 940, 1: 558, 0: 188})
Generated 896 negative samples for edge type 6
Epoch 00010, Step00000 | Train_Loss: 0.5937 | Time: 0.0196
Epoch 00010 | Val_Loss 0.7449 | Time(s) 0.0086
EarlyStopping counter: 6 out of 40
Getting training negative samples for edge types: [6]
nodes.shift keys: [0, 1, 2]
nodes.count keys: [0, 1, 2]
links.meta: {5: (2, 2), 6: (2, 1), 7: (1, 1), 2: (2, 2), 8: (2, 2), 0: (1, 1), 3: (1, 0), 4: (1, 1), 1: (2, 2), 10: (2, 2), 9: (2, 2)}
t_type about to use: 1
h_type: 2
shift dict: {0: 0, 1: 188, 2: 746}
count dict: Counter({2: 940, 1: 558, 0: 188})
Generated 896 negative samples for edge type 6
Epoch 00011, Step00000 | Train_Loss: 0.5825 | Time: 0.0200
Epoch 00011 | Val_Loss 0.7955 | Time(s) 0.0084
EarlyStopping counter: 7 out of 40
Getting training negative samples for edge types: [6]
nodes.shift keys: [0, 1, 2]
nodes.count keys: [0, 1, 2]
links.meta: {5: (2, 2), 6: (2, 1), 7: (1, 1), 2: (2, 2), 8: (2, 2), 0: (1, 1), 3: (1, 0), 4: (1, 1), 1: (2, 2), 10: (2, 2), 9: (2, 2)}
t_type about to use: 1
h_type: 2
shift dict: {0: 0, 1: 188, 2: 746}
count dict: Counter({2: 940, 1: 558, 0: 188})
Generated 896 negative samples for edge type 6
Epoch 00012, Step00000 | Train_Loss: 0.5744 | Time: 0.0214
Epoch 00012 | Val_Loss 0.8821 | Time(s) 0.0083
EarlyStopping counter: 8 out of 40
Getting training negative samples for edge types: [6]
nodes.shift keys: [0, 1, 2]
nodes.count keys: [0, 1, 2]
links.meta: {5: (2, 2), 6: (2, 1), 7: (1, 1), 2: (2, 2), 8: (2, 2), 0: (1, 1), 3: (1, 0), 4: (1, 1), 1: (2, 2), 10: (2, 2), 9: (2, 2)}
t_type about to use: 1
h_type: 2
shift dict: {0: 0, 1: 188, 2: 746}
count dict: Counter({2: 940, 1: 558, 0: 188})
Generated 896 negative samples for edge type 6
Epoch 00013, Step00000 | Train_Loss: 0.5829 | Time: 0.0198
Epoch 00013 | Val_Loss 0.9231 | Time(s) 0.0086
EarlyStopping counter: 9 out of 40
Getting training negative samples for edge types: [6]
nodes.shift keys: [0, 1, 2]
nodes.count keys: [0, 1, 2]
links.meta: {5: (2, 2), 6: (2, 1), 7: (1, 1), 2: (2, 2), 8: (2, 2), 0: (1, 1), 3: (1, 0), 4: (1, 1), 1: (2, 2), 10: (2, 2), 9: (2, 2)}
t_type about to use: 1
h_type: 2
shift dict: {0: 0, 1: 188, 2: 746}
count dict: Counter({2: 940, 1: 558, 0: 188})
Generated 896 negative samples for edge type 6
Epoch 00014, Step00000 | Train_Loss: 0.5624 | Time: 0.0200
Epoch 00014 | Val_Loss 0.9853 | Time(s) 0.0085
EarlyStopping counter: 10 out of 40
Getting training negative samples for edge types: [6]
nodes.shift keys: [0, 1, 2]
nodes.count keys: [0, 1, 2]
links.meta: {5: (2, 2), 6: (2, 1), 7: (1, 1), 2: (2, 2), 8: (2, 2), 0: (1, 1), 3: (1, 0), 4: (1, 1), 1: (2, 2), 10: (2, 2), 9: (2, 2)}
t_type about to use: 1
h_type: 2
shift dict: {0: 0, 1: 188, 2: 746}
count dict: Counter({2: 940, 1: 558, 0: 188})
Generated 896 negative samples for edge type 6
Epoch 00015, Step00000 | Train_Loss: 0.5645 | Time: 0.0213
Epoch 00015 | Val_Loss 0.9853 | Time(s) 0.0084
EarlyStopping counter: 11 out of 40
Getting training negative samples for edge types: [6]
nodes.shift keys: [0, 1, 2]
nodes.count keys: [0, 1, 2]
links.meta: {5: (2, 2), 6: (2, 1), 7: (1, 1), 2: (2, 2), 8: (2, 2), 0: (1, 1), 3: (1, 0), 4: (1, 1), 1: (2, 2), 10: (2, 2), 9: (2, 2)}
t_type about to use: 1
h_type: 2
shift dict: {0: 0, 1: 188, 2: 746}
count dict: Counter({2: 940, 1: 558, 0: 188})
Generated 896 negative samples for edge type 6
Epoch 00016, Step00000 | Train_Loss: 0.5639 | Time: 0.0197
Epoch 00016 | Val_Loss 1.0616 | Time(s) 0.0091
EarlyStopping counter: 12 out of 40
Getting training negative samples for edge types: [6]
nodes.shift keys: [0, 1, 2]
nodes.count keys: [0, 1, 2]
links.meta: {5: (2, 2), 6: (2, 1), 7: (1, 1), 2: (2, 2), 8: (2, 2), 0: (1, 1), 3: (1, 0), 4: (1, 1), 1: (2, 2), 10: (2, 2), 9: (2, 2)}
t_type about to use: 1
h_type: 2
shift dict: {0: 0, 1: 188, 2: 746}
count dict: Counter({2: 940, 1: 558, 0: 188})
Generated 896 negative samples for edge type 6
Epoch 00017, Step00000 | Train_Loss: 0.5560 | Time: 0.0202
Epoch 00017 | Val_Loss 1.0947 | Time(s) 0.0086
EarlyStopping counter: 13 out of 40
Getting training negative samples for edge types: [6]
nodes.shift keys: [0, 1, 2]
nodes.count keys: [0, 1, 2]
links.meta: {5: (2, 2), 6: (2, 1), 7: (1, 1), 2: (2, 2), 8: (2, 2), 0: (1, 1), 3: (1, 0), 4: (1, 1), 1: (2, 2), 10: (2, 2), 9: (2, 2)}
t_type about to use: 1
h_type: 2
shift dict: {0: 0, 1: 188, 2: 746}
count dict: Counter({2: 940, 1: 558, 0: 188})
Generated 896 negative samples for edge type 6
Epoch 00018, Step00000 | Train_Loss: 0.5698 | Time: 0.0204
Epoch 00018 | Val_Loss 1.2002 | Time(s) 0.0087
EarlyStopping counter: 14 out of 40
Getting training negative samples for edge types: [6]
nodes.shift keys: [0, 1, 2]
nodes.count keys: [0, 1, 2]
links.meta: {5: (2, 2), 6: (2, 1), 7: (1, 1), 2: (2, 2), 8: (2, 2), 0: (1, 1), 3: (1, 0), 4: (1, 1), 1: (2, 2), 10: (2, 2), 9: (2, 2)}
t_type about to use: 1
h_type: 2
shift dict: {0: 0, 1: 188, 2: 746}
count dict: Counter({2: 940, 1: 558, 0: 188})
Generated 896 negative samples for edge type 6
Epoch 00019, Step00000 | Train_Loss: 0.5558 | Time: 0.0202
Epoch 00019 | Val_Loss 1.0971 | Time(s) 0.0079
EarlyStopping counter: 15 out of 40
Getting training negative samples for edge types: [6]
nodes.shift keys: [0, 1, 2]
nodes.count keys: [0, 1, 2]
links.meta: {5: (2, 2), 6: (2, 1), 7: (1, 1), 2: (2, 2), 8: (2, 2), 0: (1, 1), 3: (1, 0), 4: (1, 1), 1: (2, 2), 10: (2, 2), 9: (2, 2)}
t_type about to use: 1
h_type: 2
shift dict: {0: 0, 1: 188, 2: 746}
count dict: Counter({2: 940, 1: 558, 0: 188})
Generated 896 negative samples for edge type 6
Epoch 00020, Step00000 | Train_Loss: 0.5603 | Time: 0.0198
Epoch 00020 | Val_Loss 1.2329 | Time(s) 0.0084
EarlyStopping counter: 16 out of 40
Getting training negative samples for edge types: [6]
nodes.shift keys: [0, 1, 2]
nodes.count keys: [0, 1, 2]
links.meta: {5: (2, 2), 6: (2, 1), 7: (1, 1), 2: (2, 2), 8: (2, 2), 0: (1, 1), 3: (1, 0), 4: (1, 1), 1: (2, 2), 10: (2, 2), 9: (2, 2)}
t_type about to use: 1
h_type: 2
shift dict: {0: 0, 1: 188, 2: 746}
count dict: Counter({2: 940, 1: 558, 0: 188})
Generated 896 negative samples for edge type 6
Epoch 00021, Step00000 | Train_Loss: 0.5498 | Time: 0.0199
Epoch 00021 | Val_Loss 1.1260 | Time(s) 0.0084
EarlyStopping counter: 17 out of 40
Getting training negative samples for edge types: [6]
nodes.shift keys: [0, 1, 2]
nodes.count keys: [0, 1, 2]
links.meta: {5: (2, 2), 6: (2, 1), 7: (1, 1), 2: (2, 2), 8: (2, 2), 0: (1, 1), 3: (1, 0), 4: (1, 1), 1: (2, 2), 10: (2, 2), 9: (2, 2)}
t_type about to use: 1
h_type: 2
shift dict: {0: 0, 1: 188, 2: 746}
count dict: Counter({2: 940, 1: 558, 0: 188})
Generated 896 negative samples for edge type 6
Epoch 00022, Step00000 | Train_Loss: 0.5633 | Time: 0.0211
Epoch 00022 | Val_Loss 1.1194 | Time(s) 0.0081
EarlyStopping counter: 18 out of 40
Getting training negative samples for edge types: [6]
nodes.shift keys: [0, 1, 2]
nodes.count keys: [0, 1, 2]
links.meta: {5: (2, 2), 6: (2, 1), 7: (1, 1), 2: (2, 2), 8: (2, 2), 0: (1, 1), 3: (1, 0), 4: (1, 1), 1: (2, 2), 10: (2, 2), 9: (2, 2)}
t_type about to use: 1
h_type: 2
shift dict: {0: 0, 1: 188, 2: 746}
count dict: Counter({2: 940, 1: 558, 0: 188})
Generated 896 negative samples for edge type 6
Epoch 00023, Step00000 | Train_Loss: 0.5482 | Time: 0.0195
Epoch 00023 | Val_Loss 1.1456 | Time(s) 0.0083
EarlyStopping counter: 19 out of 40
Getting training negative samples for edge types: [6]
nodes.shift keys: [0, 1, 2]
nodes.count keys: [0, 1, 2]
links.meta: {5: (2, 2), 6: (2, 1), 7: (1, 1), 2: (2, 2), 8: (2, 2), 0: (1, 1), 3: (1, 0), 4: (1, 1), 1: (2, 2), 10: (2, 2), 9: (2, 2)}
t_type about to use: 1
h_type: 2
shift dict: {0: 0, 1: 188, 2: 746}
count dict: Counter({2: 940, 1: 558, 0: 188})
Generated 896 negative samples for edge type 6
Epoch 00024, Step00000 | Train_Loss: 0.5586 | Time: 0.0214
Epoch 00024 | Val_Loss 1.0211 | Time(s) 0.0085
EarlyStopping counter: 20 out of 40
Getting training negative samples for edge types: [6]
nodes.shift keys: [0, 1, 2]
nodes.count keys: [0, 1, 2]
links.meta: {5: (2, 2), 6: (2, 1), 7: (1, 1), 2: (2, 2), 8: (2, 2), 0: (1, 1), 3: (1, 0), 4: (1, 1), 1: (2, 2), 10: (2, 2), 9: (2, 2)}
t_type about to use: 1
h_type: 2
shift dict: {0: 0, 1: 188, 2: 746}
count dict: Counter({2: 940, 1: 558, 0: 188})
Generated 896 negative samples for edge type 6
Epoch 00025, Step00000 | Train_Loss: 0.5489 | Time: 0.0217
Epoch 00025 | Val_Loss 1.1378 | Time(s) 0.0077
EarlyStopping counter: 21 out of 40
Getting training negative samples for edge types: [6]
nodes.shift keys: [0, 1, 2]
nodes.count keys: [0, 1, 2]
links.meta: {5: (2, 2), 6: (2, 1), 7: (1, 1), 2: (2, 2), 8: (2, 2), 0: (1, 1), 3: (1, 0), 4: (1, 1), 1: (2, 2), 10: (2, 2), 9: (2, 2)}
t_type about to use: 1
h_type: 2
shift dict: {0: 0, 1: 188, 2: 746}
count dict: Counter({2: 940, 1: 558, 0: 188})
Generated 896 negative samples for edge type 6
Epoch 00026, Step00000 | Train_Loss: 0.5462 | Time: 0.0204
Epoch 00026 | Val_Loss 1.0761 | Time(s) 0.0083
EarlyStopping counter: 22 out of 40
Getting training negative samples for edge types: [6]
nodes.shift keys: [0, 1, 2]
nodes.count keys: [0, 1, 2]
links.meta: {5: (2, 2), 6: (2, 1), 7: (1, 1), 2: (2, 2), 8: (2, 2), 0: (1, 1), 3: (1, 0), 4: (1, 1), 1: (2, 2), 10: (2, 2), 9: (2, 2)}
t_type about to use: 1
h_type: 2
shift dict: {0: 0, 1: 188, 2: 746}
count dict: Counter({2: 940, 1: 558, 0: 188})
Generated 896 negative samples for edge type 6
Epoch 00027, Step00000 | Train_Loss: 0.5581 | Time: 0.0199
Epoch 00027 | Val_Loss 1.0789 | Time(s) 0.0083
EarlyStopping counter: 23 out of 40
Getting training negative samples for edge types: [6]
nodes.shift keys: [0, 1, 2]
nodes.count keys: [0, 1, 2]
links.meta: {5: (2, 2), 6: (2, 1), 7: (1, 1), 2: (2, 2), 8: (2, 2), 0: (1, 1), 3: (1, 0), 4: (1, 1), 1: (2, 2), 10: (2, 2), 9: (2, 2)}
t_type about to use: 1
h_type: 2
shift dict: {0: 0, 1: 188, 2: 746}
count dict: Counter({2: 940, 1: 558, 0: 188})
Generated 896 negative samples for edge type 6
Epoch 00028, Step00000 | Train_Loss: 0.5538 | Time: 0.0197
Epoch 00028 | Val_Loss 1.0201 | Time(s) 0.0085
EarlyStopping counter: 24 out of 40
Getting training negative samples for edge types: [6]
nodes.shift keys: [0, 1, 2]
nodes.count keys: [0, 1, 2]
links.meta: {5: (2, 2), 6: (2, 1), 7: (1, 1), 2: (2, 2), 8: (2, 2), 0: (1, 1), 3: (1, 0), 4: (1, 1), 1: (2, 2), 10: (2, 2), 9: (2, 2)}
t_type about to use: 1
h_type: 2
shift dict: {0: 0, 1: 188, 2: 746}
count dict: Counter({2: 940, 1: 558, 0: 188})
Generated 896 negative samples for edge type 6
Epoch 00029, Step00000 | Train_Loss: 0.5321 | Time: 0.0212
Epoch 00029 | Val_Loss 0.9752 | Time(s) 0.0081
EarlyStopping counter: 25 out of 40
Getting training negative samples for edge types: [6]
nodes.shift keys: [0, 1, 2]
nodes.count keys: [0, 1, 2]
links.meta: {5: (2, 2), 6: (2, 1), 7: (1, 1), 2: (2, 2), 8: (2, 2), 0: (1, 1), 3: (1, 0), 4: (1, 1), 1: (2, 2), 10: (2, 2), 9: (2, 2)}
t_type about to use: 1
h_type: 2
shift dict: {0: 0, 1: 188, 2: 746}
count dict: Counter({2: 940, 1: 558, 0: 188})
Generated 896 negative samples for edge type 6
Epoch 00030, Step00000 | Train_Loss: 0.5335 | Time: 0.0195
Epoch 00030 | Val_Loss 0.9423 | Time(s) 0.0082
EarlyStopping counter: 26 out of 40
Getting training negative samples for edge types: [6]
nodes.shift keys: [0, 1, 2]
nodes.count keys: [0, 1, 2]
links.meta: {5: (2, 2), 6: (2, 1), 7: (1, 1), 2: (2, 2), 8: (2, 2), 0: (1, 1), 3: (1, 0), 4: (1, 1), 1: (2, 2), 10: (2, 2), 9: (2, 2)}
t_type about to use: 1
h_type: 2
shift dict: {0: 0, 1: 188, 2: 746}
count dict: Counter({2: 940, 1: 558, 0: 188})
Generated 896 negative samples for edge type 6
Epoch 00031, Step00000 | Train_Loss: 0.5513 | Time: 0.0211
Epoch 00031 | Val_Loss 0.9590 | Time(s) 0.0082
EarlyStopping counter: 27 out of 40
Getting training negative samples for edge types: [6]
nodes.shift keys: [0, 1, 2]
nodes.count keys: [0, 1, 2]
links.meta: {5: (2, 2), 6: (2, 1), 7: (1, 1), 2: (2, 2), 8: (2, 2), 0: (1, 1), 3: (1, 0), 4: (1, 1), 1: (2, 2), 10: (2, 2), 9: (2, 2)}
t_type about to use: 1
h_type: 2
shift dict: {0: 0, 1: 188, 2: 746}
count dict: Counter({2: 940, 1: 558, 0: 188})
Generated 896 negative samples for edge type 6
Epoch 00032, Step00000 | Train_Loss: 0.5321 | Time: 0.0213
Epoch 00032 | Val_Loss 0.9733 | Time(s) 0.0085
EarlyStopping counter: 28 out of 40
Getting training negative samples for edge types: [6]
nodes.shift keys: [0, 1, 2]
nodes.count keys: [0, 1, 2]
links.meta: {5: (2, 2), 6: (2, 1), 7: (1, 1), 2: (2, 2), 8: (2, 2), 0: (1, 1), 3: (1, 0), 4: (1, 1), 1: (2, 2), 10: (2, 2), 9: (2, 2)}
t_type about to use: 1
h_type: 2
shift dict: {0: 0, 1: 188, 2: 746}
count dict: Counter({2: 940, 1: 558, 0: 188})
Generated 896 negative samples for edge type 6
Epoch 00033, Step00000 | Train_Loss: 0.5457 | Time: 0.0203
Epoch 00033 | Val_Loss 1.0134 | Time(s) 0.0083
EarlyStopping counter: 29 out of 40
Getting training negative samples for edge types: [6]
nodes.shift keys: [0, 1, 2]
nodes.count keys: [0, 1, 2]
links.meta: {5: (2, 2), 6: (2, 1), 7: (1, 1), 2: (2, 2), 8: (2, 2), 0: (1, 1), 3: (1, 0), 4: (1, 1), 1: (2, 2), 10: (2, 2), 9: (2, 2)}
t_type about to use: 1
h_type: 2
shift dict: {0: 0, 1: 188, 2: 746}
count dict: Counter({2: 940, 1: 558, 0: 188})
Generated 896 negative samples for edge type 6
Epoch 00034, Step00000 | Train_Loss: 0.5432 | Time: 0.0201
Epoch 00034 | Val_Loss 0.9490 | Time(s) 0.0084
EarlyStopping counter: 30 out of 40
Getting training negative samples for edge types: [6]
nodes.shift keys: [0, 1, 2]
nodes.count keys: [0, 1, 2]
links.meta: {5: (2, 2), 6: (2, 1), 7: (1, 1), 2: (2, 2), 8: (2, 2), 0: (1, 1), 3: (1, 0), 4: (1, 1), 1: (2, 2), 10: (2, 2), 9: (2, 2)}
t_type about to use: 1
h_type: 2
shift dict: {0: 0, 1: 188, 2: 746}
count dict: Counter({2: 940, 1: 558, 0: 188})
Generated 896 negative samples for edge type 6
Epoch 00035, Step00000 | Train_Loss: 0.5390 | Time: 0.0207
Epoch 00035 | Val_Loss 0.9584 | Time(s) 0.0080
EarlyStopping counter: 31 out of 40
Getting training negative samples for edge types: [6]
nodes.shift keys: [0, 1, 2]
nodes.count keys: [0, 1, 2]
links.meta: {5: (2, 2), 6: (2, 1), 7: (1, 1), 2: (2, 2), 8: (2, 2), 0: (1, 1), 3: (1, 0), 4: (1, 1), 1: (2, 2), 10: (2, 2), 9: (2, 2)}
t_type about to use: 1
h_type: 2
shift dict: {0: 0, 1: 188, 2: 746}
count dict: Counter({2: 940, 1: 558, 0: 188})
Generated 896 negative samples for edge type 6
Epoch 00036, Step00000 | Train_Loss: 0.5307 | Time: 0.0201
Epoch 00036 | Val_Loss 1.0561 | Time(s) 0.0082
EarlyStopping counter: 32 out of 40
Getting training negative samples for edge types: [6]
nodes.shift keys: [0, 1, 2]
nodes.count keys: [0, 1, 2]
links.meta: {5: (2, 2), 6: (2, 1), 7: (1, 1), 2: (2, 2), 8: (2, 2), 0: (1, 1), 3: (1, 0), 4: (1, 1), 1: (2, 2), 10: (2, 2), 9: (2, 2)}
t_type about to use: 1
h_type: 2
shift dict: {0: 0, 1: 188, 2: 746}
count dict: Counter({2: 940, 1: 558, 0: 188})
Generated 896 negative samples for edge type 6
Epoch 00037, Step00000 | Train_Loss: 0.5274 | Time: 0.0210
Epoch 00037 | Val_Loss 1.0018 | Time(s) 0.0082
EarlyStopping counter: 33 out of 40
Getting training negative samples for edge types: [6]
nodes.shift keys: [0, 1, 2]
nodes.count keys: [0, 1, 2]
links.meta: {5: (2, 2), 6: (2, 1), 7: (1, 1), 2: (2, 2), 8: (2, 2), 0: (1, 1), 3: (1, 0), 4: (1, 1), 1: (2, 2), 10: (2, 2), 9: (2, 2)}
t_type about to use: 1
h_type: 2
shift dict: {0: 0, 1: 188, 2: 746}
count dict: Counter({2: 940, 1: 558, 0: 188})
Generated 896 negative samples for edge type 6
Epoch 00038, Step00000 | Train_Loss: 0.5432 | Time: 0.0212
Epoch 00038 | Val_Loss 0.9600 | Time(s) 0.0082
EarlyStopping counter: 34 out of 40
Getting training negative samples for edge types: [6]
nodes.shift keys: [0, 1, 2]
nodes.count keys: [0, 1, 2]
links.meta: {5: (2, 2), 6: (2, 1), 7: (1, 1), 2: (2, 2), 8: (2, 2), 0: (1, 1), 3: (1, 0), 4: (1, 1), 1: (2, 2), 10: (2, 2), 9: (2, 2)}
t_type about to use: 1
h_type: 2
shift dict: {0: 0, 1: 188, 2: 746}
count dict: Counter({2: 940, 1: 558, 0: 188})
Generated 896 negative samples for edge type 6
Epoch 00039, Step00000 | Train_Loss: 0.5273 | Time: 0.0197
Epoch 00039 | Val_Loss 0.8947 | Time(s) 0.0083
EarlyStopping counter: 35 out of 40
Getting training negative samples for edge types: [6]
nodes.shift keys: [0, 1, 2]
nodes.count keys: [0, 1, 2]
links.meta: {5: (2, 2), 6: (2, 1), 7: (1, 1), 2: (2, 2), 8: (2, 2), 0: (1, 1), 3: (1, 0), 4: (1, 1), 1: (2, 2), 10: (2, 2), 9: (2, 2)}
t_type about to use: 1
h_type: 2
shift dict: {0: 0, 1: 188, 2: 746}
count dict: Counter({2: 940, 1: 558, 0: 188})
Generated 896 negative samples for edge type 6
Epoch 00040, Step00000 | Train_Loss: 0.5193 | Time: 0.0211
Epoch 00040 | Val_Loss 0.7583 | Time(s) 0.0083
EarlyStopping counter: 36 out of 40
Getting training negative samples for edge types: [6]
nodes.shift keys: [0, 1, 2]
nodes.count keys: [0, 1, 2]
links.meta: {5: (2, 2), 6: (2, 1), 7: (1, 1), 2: (2, 2), 8: (2, 2), 0: (1, 1), 3: (1, 0), 4: (1, 1), 1: (2, 2), 10: (2, 2), 9: (2, 2)}
t_type about to use: 1
h_type: 2
shift dict: {0: 0, 1: 188, 2: 746}
count dict: Counter({2: 940, 1: 558, 0: 188})
Generated 896 negative samples for edge type 6
Epoch 00041, Step00000 | Train_Loss: 0.5302 | Time: 0.0197
Epoch 00041 | Val_Loss 0.8725 | Time(s) 0.0085
EarlyStopping counter: 37 out of 40
Getting training negative samples for edge types: [6]
nodes.shift keys: [0, 1, 2]
nodes.count keys: [0, 1, 2]
links.meta: {5: (2, 2), 6: (2, 1), 7: (1, 1), 2: (2, 2), 8: (2, 2), 0: (1, 1), 3: (1, 0), 4: (1, 1), 1: (2, 2), 10: (2, 2), 9: (2, 2)}
t_type about to use: 1
h_type: 2
shift dict: {0: 0, 1: 188, 2: 746}
count dict: Counter({2: 940, 1: 558, 0: 188})
Generated 896 negative samples for edge type 6
Epoch 00042, Step00000 | Train_Loss: 0.5395 | Time: 0.0207
Epoch 00042 | Val_Loss 0.8201 | Time(s) 0.0086
EarlyStopping counter: 38 out of 40
Getting training negative samples for edge types: [6]
nodes.shift keys: [0, 1, 2]
nodes.count keys: [0, 1, 2]
links.meta: {5: (2, 2), 6: (2, 1), 7: (1, 1), 2: (2, 2), 8: (2, 2), 0: (1, 1), 3: (1, 0), 4: (1, 1), 1: (2, 2), 10: (2, 2), 9: (2, 2)}
t_type about to use: 1
h_type: 2
shift dict: {0: 0, 1: 188, 2: 746}
count dict: Counter({2: 940, 1: 558, 0: 188})
Generated 896 negative samples for edge type 6
Epoch 00043, Step00000 | Train_Loss: 0.5363 | Time: 0.0201
Epoch 00043 | Val_Loss 0.7855 | Time(s) 0.0085
EarlyStopping counter: 39 out of 40
Getting training negative samples for edge types: [6]
nodes.shift keys: [0, 1, 2]
nodes.count keys: [0, 1, 2]
links.meta: {5: (2, 2), 6: (2, 1), 7: (1, 1), 2: (2, 2), 8: (2, 2), 0: (1, 1), 3: (1, 0), 4: (1, 1), 1: (2, 2), 10: (2, 2), 9: (2, 2)}
t_type about to use: 1
h_type: 2
shift dict: {0: 0, 1: 188, 2: 746}
count dict: Counter({2: 940, 1: 558, 0: 188})
Generated 896 negative samples for edge type 6
Epoch 00044, Step00000 | Train_Loss: 0.5263 | Time: 0.0210
Epoch 00044 | Val_Loss 0.9800 | Time(s) 0.0081
EarlyStopping counter: 40 out of 40
Early stopping!
Early stopping!
Meta keys: dict_keys([6])
Data keys: dict_keys([6])
Edge type: 6, Meta: (2, 1)
{'roc_auc': 0.5387817991083137, 'MRR': 0.7538416075650117}
{'roc_auc': 0.68693093132154, 'MRR': 0.7882472137791287}
defaultdict(<class 'float'>, {'roc_auc': 0.5387817991083137, 'MRR': 0.7538416075650117})
defaultdict(<class 'float'>, {'roc_auc': 0.68693093132154, 'MRR': 0.7882472137791287})
Completed: amazon_style_cct_features_securebert_fold_5

All jobs completed.
Setup complete
