> epoch: 0
              precision    recall  f1-score   support

           0       0.00      0.00      0.00         0
           1       0.00      0.00      0.00         0
           2       0.00      0.00      0.00         6
           3       0.00      0.00      0.00         0
           4       0.00      0.00      0.00         0
           5       0.00      0.00      0.00         1
           6       0.00      0.00      0.00         0
           7       0.00      0.00      0.00         0
           8       0.00      0.00      0.00         1
           9       0.00      0.00      0.00         2
          10       0.00      0.00      0.00        13
          11       0.00      0.00      0.00         2
          12       0.00      0.00      0.00         8
          13       0.00      0.00      0.00         0
          14       0.00      0.00      0.00        10
          15       0.00      0.00      0.00         1
          16       0.00      0.00      0.00         0
          17       0.00      0.00      0.00         1
          18       0.00      0.00      0.00         0
          19       0.00      0.00      0.00         2
          20       0.00      0.00      0.00         7
          21       0.00      0.00      0.00         8
          22       0.00      0.00      0.00         1
          23       0.00      0.00      0.00        25
          24       0.00      0.00      0.00         0
          25       0.00      0.00      0.00         2
          26       0.00      0.00      0.00        18
          27       0.00      0.00      0.00         0
          28       0.00      0.00      0.00         3
          29       0.00      0.00      0.00         3
          30       0.00      0.00      0.00         5
          31       0.00      0.00      0.00         0
          32       0.00      0.00      0.00         3
          33       0.00      0.00      0.00         1
          34       0.00      0.00      0.00         0
          35       0.00      0.00      0.00         3
          36       0.00      0.00      0.00         0
          37       0.00      0.00      0.00        14
          38       0.00      0.00      0.00         0
          39       0.00      0.00      0.00         4
          40       0.00      0.00      0.00         1
          41       0.00      0.00      0.00         1
          42       0.00      0.00      0.00         0
          43       0.00      0.00      0.00         1
          44       0.00      0.00      0.00         1
          45       0.00      0.00      0.00         0
          46       0.00      0.00      0.00         1
          47       0.00      0.00      0.00         0
          48       0.00      0.00      0.00         4
          49       0.00      0.00      0.00         1
          50       0.00      0.00      0.00         0
          51       0.00      0.00      0.00         0
          52       0.00      0.00      0.00         0
          53       0.00      0.00      0.00         2
          54       0.00      0.00      0.00        10
          55       0.00      0.00      0.00         0
          56       0.00      0.00      0.00         7
          57       0.00      0.00      0.00         8
          58       0.00      0.00      0.00         8
          59       0.00      0.00      0.00         0
          60       0.00      0.00      0.00         1
          61       0.00      0.00      0.00         4
          62       0.00      0.00      0.00         0
          63       0.00      0.00      0.00         0
          64       0.00      0.00      0.00         0
          65       0.00      0.00      0.00         2
          66       0.00      0.00      0.00         0
          67       0.00      0.00      0.00         0
          68       0.00      0.00      0.00         0
          69       0.00      0.00      0.00         0
          70       0.00      0.00      0.00         0
          71       0.00      0.00      0.00        32
          72       0.00      0.00      0.00         0
          73       0.00      0.00      0.00         1
          74       0.00      0.00      0.00         0
          75       0.00      0.00      0.00         4
          76       0.00      0.00      0.00         3
          77       0.00      0.00      0.00         7
          78       0.00      0.00      0.00         0
          79       0.00      0.00      0.00         2
          80       0.00      0.00      0.00         0
          81       0.00      0.00      0.00         2
          82       0.00      0.00      0.00         0
          83       0.00      0.00      0.00         0
          84       0.00      0.00      0.00         4
          85       0.00      0.00      0.00         0
          86       0.00      0.00      0.00         0
          87       0.00      0.00      0.00         0
          88       0.00      0.00      0.00         0
          89       0.00      0.00      0.00         6
          90       0.00      0.00      0.00         0
          91       0.00      0.00      0.00         0
          92       0.00      0.00      0.00         0
          93       0.00      0.00      0.00         1
          94       0.00      0.00      0.00         4
          95       0.00      0.00      0.00         0
          96       0.00      0.00      0.00         0
          97       0.00      0.00      0.00         1
          98       0.00      0.00      0.00        47
          99       0.00      0.00      0.00         2
         100       0.00      0.00      0.00         0
         101       0.00      0.00      0.00         1
         102       0.00      0.00      0.00         0
         103       0.00      0.00      0.00         8
         104       0.00      0.00      0.00         1
         105       0.00      0.00      0.00         0
         106       0.00      0.00      0.00         1
         107       0.00      0.00      0.00         2
         108       0.00      0.00      0.00         0
         109       0.00      0.00      0.00         3
         110       0.00      0.00      0.00         0
         111       0.00      0.00      0.00         0
         112       0.00      0.00      0.00         0
         113       0.00      0.00      0.00         0
         114       0.00      0.00      0.00         2
         115       0.00      0.00      0.00         1
         116       0.00      0.00      0.00         1
         117       0.00      0.00      0.00         1

   micro avg       0.00      0.00      0.00       333
   macro avg       0.00      0.00      0.00       333
weighted avg       0.00      0.00      0.00       333
 samples avg       0.00      0.00      0.00       333

> epoch: 1
              precision    recall  f1-score   support

           0       0.00      0.00      0.00         0
           1       0.00      0.00      0.00         0
           2       0.00      0.00      0.00         6
           3       0.00      0.00      0.00         0
           4       0.00      0.00      0.00         0
           5       0.00      0.00      0.00         1
           6       0.00      0.00      0.00         0
           7       0.00      0.00      0.00         0
           8       0.00      0.00      0.00         1
           9       0.00      0.00      0.00         2
          10       0.00      0.00      0.00        13
          11       0.00      0.00      0.00         2
          12       0.00      0.00      0.00         8
          13       0.00      0.00      0.00         0
          14       0.00      0.00      0.00        10
          15       0.00      0.00      0.00         1
          16       0.00      0.00      0.00         0
          17       0.00      0.00      0.00         1
          18       0.00      0.00      0.00         0
          19       0.00      0.00      0.00         2
          20       0.00      0.00      0.00         7
          21       0.00      0.00      0.00         8
          22       0.00      0.00      0.00         1
          23       0.00      0.00      0.00        25
          24       0.00      0.00      0.00         0
          25       0.00      0.00      0.00         2
          26       0.00      0.00      0.00        18
          27       0.00      0.00      0.00         0
          28       0.00      0.00      0.00         3
          29       0.00      0.00      0.00         3
          30       0.00      0.00      0.00         5
          31       0.00      0.00      0.00         0
          32       0.00      0.00      0.00         3
          33       0.00      0.00      0.00         1
          34       0.00      0.00      0.00         0
          35       0.00      0.00      0.00         3
          36       0.00      0.00      0.00         0
          37       0.00      0.00      0.00        14
          38       0.00      0.00      0.00         0
          39       0.00      0.00      0.00         4
          40       0.00      0.00      0.00         1
          41       0.00      0.00      0.00         1
          42       0.00      0.00      0.00         0
          43       0.00      0.00      0.00         1
          44       0.00      0.00      0.00         1
          45       0.00      0.00      0.00         0
          46       0.00      0.00      0.00         1
          47       0.00      0.00      0.00         0
          48       0.00      0.00      0.00         4
          49       0.00      0.00      0.00         1
          50       0.00      0.00      0.00         0
          51       0.00      0.00      0.00         0
          52       0.00      0.00      0.00         0
          53       0.00      0.00      0.00         2
          54       0.00      0.00      0.00        10
          55       0.00      0.00      0.00         0
          56       0.00      0.00      0.00         7
          57       0.00      0.00      0.00         8
          58       0.00      0.00      0.00         8
          59       0.00      0.00      0.00         0
          60       0.00      0.00      0.00         1
          61       0.00      0.00      0.00         4
          62       0.00      0.00      0.00         0
          63       0.00      0.00      0.00         0
          64       0.00      0.00      0.00         0
          65       0.00      0.00      0.00         2
          66       0.00      0.00      0.00         0
          67       0.00      0.00      0.00         0
          68       0.00      0.00      0.00         0
          69       0.00      0.00      0.00         0
          70       0.00      0.00      0.00         0
          71       0.00      0.00      0.00        32
          72       0.00      0.00      0.00         0
          73       0.00      0.00      0.00         1
          74       0.00      0.00      0.00         0
          75       0.00      0.00      0.00         4
          76       0.00      0.00      0.00         3
          77       0.00      0.00      0.00         7
          78       0.00      0.00      0.00         0
          79       0.00      0.00      0.00         2
          80       0.00      0.00      0.00         0
          81       0.00      0.00      0.00         2
          82       0.00      0.00      0.00         0
          83       0.00      0.00      0.00         0
          84       0.00      0.00      0.00         4
          85       0.00      0.00      0.00         0
          86       0.00      0.00      0.00         0
          87       0.00      0.00      0.00         0
          88       0.00      0.00      0.00         0
          89       0.00      0.00      0.00         6
          90       0.00      0.00      0.00         0
          91       0.00      0.00      0.00         0
          92       0.00      0.00      0.00         0
          93       0.00      0.00      0.00         1
          94       0.00      0.00      0.00         4
          95       0.00      0.00      0.00         0
          96       0.00      0.00      0.00         0
          97       0.00      0.00      0.00         1
          98       0.00      0.00      0.00        47
          99       0.00      0.00      0.00         2
         100       0.00      0.00      0.00         0
         101       0.00      0.00      0.00         1
         102       0.00      0.00      0.00         0
         103       0.00      0.00      0.00         8
         104       0.00      0.00      0.00         1
         105       0.00      0.00      0.00         0
         106       0.00      0.00      0.00         1
         107       0.00      0.00      0.00         2
         108       0.00      0.00      0.00         0
         109       0.00      0.00      0.00         3
         110       0.00      0.00      0.00         0
         111       0.00      0.00      0.00         0
         112       0.00      0.00      0.00         0
         113       0.00      0.00      0.00         0
         114       0.00      0.00      0.00         2
         115       0.00      0.00      0.00         1
         116       0.00      0.00      0.00         1
         117       0.00      0.00      0.00         1

   micro avg       0.00      0.00      0.00       333
   macro avg       0.00      0.00      0.00       333
weighted avg       0.00      0.00      0.00       333
 samples avg       0.00      0.00      0.00       333

> epoch: 2
              precision    recall  f1-score   support

           0       0.00      0.00      0.00         0
           1       0.00      0.00      0.00         0
           2       0.00      0.00      0.00         6
           3       0.00      0.00      0.00         0
           4       0.00      0.00      0.00         0
           5       0.00      0.00      0.00         1
           6       0.00      0.00      0.00         0
           7       0.00      0.00      0.00         0
           8       0.00      0.00      0.00         1
           9       0.00      0.00      0.00         2
          10       0.00      0.00      0.00        13
          11       0.00      0.00      0.00         2
          12       0.00      0.00      0.00         8
          13       0.00      0.00      0.00         0
          14       0.00      0.00      0.00        10
          15       0.00      0.00      0.00         1
          16       0.00      0.00      0.00         0
          17       0.00      0.00      0.00         1
          18       0.00      0.00      0.00         0
          19       0.00      0.00      0.00         2
          20       0.00      0.00      0.00         7
          21       0.00      0.00      0.00         8
          22       0.00      0.00      0.00         1
          23       0.00      0.00      0.00        25
          24       0.00      0.00      0.00         0
          25       0.00      0.00      0.00         2
          26       0.00      0.00      0.00        18
          27       0.00      0.00      0.00         0
          28       0.00      0.00      0.00         3
          29       0.00      0.00      0.00         3
          30       0.00      0.00      0.00         5
          31       0.00      0.00      0.00         0
          32       0.00      0.00      0.00         3
          33       0.00      0.00      0.00         1
          34       0.00      0.00      0.00         0
          35       0.00      0.00      0.00         3
          36       0.00      0.00      0.00         0
          37       0.00      0.00      0.00        14
          38       0.00      0.00      0.00         0
          39       0.00      0.00      0.00         4
          40       0.00      0.00      0.00         1
          41       0.00      0.00      0.00         1
          42       0.00      0.00      0.00         0
          43       0.00      0.00      0.00         1
          44       0.00      0.00      0.00         1
          45       0.00      0.00      0.00         0
          46       0.00      0.00      0.00         1
          47       0.00      0.00      0.00         0
          48       0.00      0.00      0.00         4
          49       0.00      0.00      0.00         1
          50       0.00      0.00      0.00         0
          51       0.00      0.00      0.00         0
          52       0.00      0.00      0.00         0
          53       0.00      0.00      0.00         2
          54       0.00      0.00      0.00        10
          55       0.00      0.00      0.00         0
          56       0.00      0.00      0.00         7
          57       0.00      0.00      0.00         8
          58       0.00      0.00      0.00         8
          59       0.00      0.00      0.00         0
          60       0.00      0.00      0.00         1
          61       0.00      0.00      0.00         4
          62       0.00      0.00      0.00         0
          63       0.00      0.00      0.00         0
          64       0.00      0.00      0.00         0
          65       0.00      0.00      0.00         2
          66       0.00      0.00      0.00         0
          67       0.00      0.00      0.00         0
          68       0.00      0.00      0.00         0
          69       0.00      0.00      0.00         0
          70       0.00      0.00      0.00         0
          71       0.00      0.00      0.00        32
          72       0.00      0.00      0.00         0
          73       0.00      0.00      0.00         1
          74       0.00      0.00      0.00         0
          75       0.00      0.00      0.00         4
          76       0.00      0.00      0.00         3
          77       0.00      0.00      0.00         7
          78       0.00      0.00      0.00         0
          79       0.00      0.00      0.00         2
          80       0.00      0.00      0.00         0
          81       0.00      0.00      0.00         2
          82       0.00      0.00      0.00         0
          83       0.00      0.00      0.00         0
          84       0.00      0.00      0.00         4
          85       0.00      0.00      0.00         0
          86       0.00      0.00      0.00         0
          87       0.00      0.00      0.00         0
          88       0.00      0.00      0.00         0
          89       0.00      0.00      0.00         6
          90       0.00      0.00      0.00         0
          91       0.00      0.00      0.00         0
          92       0.00      0.00      0.00         0
          93       0.00      0.00      0.00         1
          94       0.00      0.00      0.00         4
          95       0.00      0.00      0.00         0
          96       0.00      0.00      0.00         0
          97       0.00      0.00      0.00         1
          98       0.00      0.00      0.00        47
          99       0.00      0.00      0.00         2
         100       0.00      0.00      0.00         0
         101       0.00      0.00      0.00         1
         102       0.00      0.00      0.00         0
         103       0.00      0.00      0.00         8
         104       0.00      0.00      0.00         1
         105       0.00      0.00      0.00         0
         106       0.00      0.00      0.00         1
         107       0.00      0.00      0.00         2
         108       0.00      0.00      0.00         0
         109       0.00      0.00      0.00         3
         110       0.00      0.00      0.00         0
         111       0.00      0.00      0.00         0
         112       0.00      0.00      0.00         0
         113       0.00      0.00      0.00         0
         114       0.00      0.00      0.00         2
         115       0.00      0.00      0.00         1
         116       0.00      0.00      0.00         1
         117       0.00      0.00      0.00         1

   micro avg       0.00      0.00      0.00       333
   macro avg       0.00      0.00      0.00       333
weighted avg       0.00      0.00      0.00       333
 samples avg       0.00      0.00      0.00       333

> epoch: 3
              precision    recall  f1-score   support

           0       0.00      0.00      0.00         0
           1       0.00      0.00      0.00         0
           2       0.00      0.00      0.00         6
           3       0.00      0.00      0.00         0
           4       0.00      0.00      0.00         0
           5       0.00      0.00      0.00         1
           6       0.00      0.00      0.00         0
           7       0.00      0.00      0.00         0
           8       0.00      0.00      0.00         1
           9       0.00      0.00      0.00         2
          10       0.00      0.00      0.00        13
          11       0.00      0.00      0.00         2
          12       0.00      0.00      0.00         8
          13       0.00      0.00      0.00         0
          14       0.00      0.00      0.00        10
          15       0.00      0.00      0.00         1
          16       0.00      0.00      0.00         0
          17       0.00      0.00      0.00         1
          18       0.00      0.00      0.00         0
          19       0.00      0.00      0.00         2
          20       0.00      0.00      0.00         7
          21       0.00      0.00      0.00         8
          22       0.00      0.00      0.00         1
          23       0.00      0.00      0.00        25
          24       0.00      0.00      0.00         0
          25       0.00      0.00      0.00         2
          26       0.00      0.00      0.00        18
          27       0.00      0.00      0.00         0
          28       0.00      0.00      0.00         3
          29       0.00      0.00      0.00         3
          30       0.00      0.00      0.00         5
          31       0.00      0.00      0.00         0
          32       0.00      0.00      0.00         3
          33       0.00      0.00      0.00         1
          34       0.00      0.00      0.00         0
          35       0.00      0.00      0.00         3
          36       0.00      0.00      0.00         0
          37       0.00      0.00      0.00        14
          38       0.00      0.00      0.00         0
          39       0.00      0.00      0.00         4
          40       0.00      0.00      0.00         1
          41       0.00      0.00      0.00         1
          42       0.00      0.00      0.00         0
          43       0.00      0.00      0.00         1
          44       0.00      0.00      0.00         1
          45       0.00      0.00      0.00         0
          46       0.00      0.00      0.00         1
          47       0.00      0.00      0.00         0
          48       0.00      0.00      0.00         4
          49       0.00      0.00      0.00         1
          50       0.00      0.00      0.00         0
          51       0.00      0.00      0.00         0
          52       0.00      0.00      0.00         0
          53       0.00      0.00      0.00         2
          54       0.00      0.00      0.00        10
          55       0.00      0.00      0.00         0
          56       0.00      0.00      0.00         7
          57       0.00      0.00      0.00         8
          58       0.00      0.00      0.00         8
          59       0.00      0.00      0.00         0
          60       0.00      0.00      0.00         1
          61       0.00      0.00      0.00         4
          62       0.00      0.00      0.00         0
          63       0.00      0.00      0.00         0
          64       0.00      0.00      0.00         0
          65       0.00      0.00      0.00         2
          66       0.00      0.00      0.00         0
          67       0.00      0.00      0.00         0
          68       0.00      0.00      0.00         0
          69       0.00      0.00      0.00         0
          70       0.00      0.00      0.00         0
          71       0.00      0.00      0.00        32
          72       0.00      0.00      0.00         0
          73       0.00      0.00      0.00         1
          74       0.00      0.00      0.00         0
          75       0.00      0.00      0.00         4
          76       0.00      0.00      0.00         3
          77       0.00      0.00      0.00         7
          78       0.00      0.00      0.00         0
          79       0.00      0.00      0.00         2
          80       0.00      0.00      0.00         0
          81       0.00      0.00      0.00         2
          82       0.00      0.00      0.00         0
          83       0.00      0.00      0.00         0
          84       0.00      0.00      0.00         4
          85       0.00      0.00      0.00         0
          86       0.00      0.00      0.00         0
          87       0.00      0.00      0.00         0
          88       0.00      0.00      0.00         0
          89       0.00      0.00      0.00         6
          90       0.00      0.00      0.00         0
          91       0.00      0.00      0.00         0
          92       0.00      0.00      0.00         0
          93       0.00      0.00      0.00         1
          94       0.00      0.00      0.00         4
          95       0.00      0.00      0.00         0
          96       0.00      0.00      0.00         0
          97       0.00      0.00      0.00         1
          98       0.00      0.00      0.00        47
          99       0.00      0.00      0.00         2
         100       0.00      0.00      0.00         0
         101       0.00      0.00      0.00         1
         102       0.00      0.00      0.00         0
         103       0.00      0.00      0.00         8
         104       0.00      0.00      0.00         1
         105       0.00      0.00      0.00         0
         106       0.00      0.00      0.00         1
         107       0.00      0.00      0.00         2
         108       0.00      0.00      0.00         0
         109       0.00      0.00      0.00         3
         110       0.00      0.00      0.00         0
         111       0.00      0.00      0.00         0
         112       0.00      0.00      0.00         0
         113       0.00      0.00      0.00         0
         114       0.00      0.00      0.00         2
         115       0.00      0.00      0.00         1
         116       0.00      0.00      0.00         1
         117       0.00      0.00      0.00         1

   micro avg       0.00      0.00      0.00       333
   macro avg       0.00      0.00      0.00       333
weighted avg       0.00      0.00      0.00       333
 samples avg       0.00      0.00      0.00       333

> epoch: 4
              precision    recall  f1-score   support

           0       0.00      0.00      0.00         0
           1       0.00      0.00      0.00         0
           2       0.00      0.00      0.00         6
           3       0.00      0.00      0.00         0
           4       0.00      0.00      0.00         0
           5       0.00      0.00      0.00         1
           6       0.00      0.00      0.00         0
           7       0.00      0.00      0.00         0
           8       0.00      0.00      0.00         1
           9       0.00      0.00      0.00         2
          10       0.00      0.00      0.00        13
          11       0.00      0.00      0.00         2
          12       0.00      0.00      0.00         8
          13       0.00      0.00      0.00         0
          14       0.00      0.00      0.00        10
          15       0.00      0.00      0.00         1
          16       0.00      0.00      0.00         0
          17       0.00      0.00      0.00         1
          18       0.00      0.00      0.00         0
          19       0.00      0.00      0.00         2
          20       0.00      0.00      0.00         7
          21       0.00      0.00      0.00         8
          22       0.00      0.00      0.00         1
          23       0.00      0.00      0.00        25
          24       0.00      0.00      0.00         0
          25       0.00      0.00      0.00         2
          26       0.00      0.00      0.00        18
          27       0.00      0.00      0.00         0
          28       0.00      0.00      0.00         3
          29       0.00      0.00      0.00         3
          30       0.00      0.00      0.00         5
          31       0.00      0.00      0.00         0
          32       0.00      0.00      0.00         3
          33       0.00      0.00      0.00         1
          34       0.00      0.00      0.00         0
          35       0.00      0.00      0.00         3
          36       0.00      0.00      0.00         0
          37       0.00      0.00      0.00        14
          38       0.00      0.00      0.00         0
          39       0.00      0.00      0.00         4
          40       0.00      0.00      0.00         1
          41       0.00      0.00      0.00         1
          42       0.00      0.00      0.00         0
          43       0.00      0.00      0.00         1
          44       0.00      0.00      0.00         1
          45       0.00      0.00      0.00         0
          46       0.00      0.00      0.00         1
          47       0.00      0.00      0.00         0
          48       0.00      0.00      0.00         4
          49       0.00      0.00      0.00         1
          50       0.00      0.00      0.00         0
          51       0.00      0.00      0.00         0
          52       0.00      0.00      0.00         0
          53       0.00      0.00      0.00         2
          54       0.00      0.00      0.00        10
          55       0.00      0.00      0.00         0
          56       0.00      0.00      0.00         7
          57       0.00      0.00      0.00         8
          58       0.00      0.00      0.00         8
          59       0.00      0.00      0.00         0
          60       0.00      0.00      0.00         1
          61       0.00      0.00      0.00         4
          62       0.00      0.00      0.00         0
          63       0.00      0.00      0.00         0
          64       0.00      0.00      0.00         0
          65       0.00      0.00      0.00         2
          66       0.00      0.00      0.00         0
          67       0.00      0.00      0.00         0
          68       0.00      0.00      0.00         0
          69       0.00      0.00      0.00         0
          70       0.00      0.00      0.00         0
          71       0.00      0.00      0.00        32
          72       0.00      0.00      0.00         0
          73       0.00      0.00      0.00         1
          74       0.00      0.00      0.00         0
          75       0.00      0.00      0.00         4
          76       0.00      0.00      0.00         3
          77       0.00      0.00      0.00         7
          78       0.00      0.00      0.00         0
          79       0.00      0.00      0.00         2
          80       0.00      0.00      0.00         0
          81       0.00      0.00      0.00         2
          82       0.00      0.00      0.00         0
          83       0.00      0.00      0.00         0
          84       0.00      0.00      0.00         4
          85       0.00      0.00      0.00         0
          86       0.00      0.00      0.00         0
          87       0.00      0.00      0.00         0
          88       0.00      0.00      0.00         0
          89       0.00      0.00      0.00         6
          90       0.00      0.00      0.00         0
          91       0.00      0.00      0.00         0
          92       0.00      0.00      0.00         0
          93       0.00      0.00      0.00         1
          94       0.00      0.00      0.00         4
          95       0.00      0.00      0.00         0
          96       0.00      0.00      0.00         0
          97       0.00      0.00      0.00         1
          98       0.00      0.00      0.00        47
          99       0.00      0.00      0.00         2
         100       0.00      0.00      0.00         0
         101       0.00      0.00      0.00         1
         102       0.00      0.00      0.00         0
         103       0.00      0.00      0.00         8
         104       0.00      0.00      0.00         1
         105       0.00      0.00      0.00         0
         106       0.00      0.00      0.00         1
         107       0.00      0.00      0.00         2
         108       0.00      0.00      0.00         0
         109       0.00      0.00      0.00         3
         110       0.00      0.00      0.00         0
         111       0.00      0.00      0.00         0
         112       0.00      0.00      0.00         0
         113       0.00      0.00      0.00         0
         114       0.00      0.00      0.00         2
         115       0.00      0.00      0.00         1
         116       0.00      0.00      0.00         1
         117       0.00      0.00      0.00         1

   micro avg       0.00      0.00      0.00       333
   macro avg       0.00      0.00      0.00       333
weighted avg       0.00      0.00      0.00       333
 samples avg       0.00      0.00      0.00       333

> epoch: 5
              precision    recall  f1-score   support

           0       0.00      0.00      0.00         0
           1       0.00      0.00      0.00         0
           2       0.00      0.00      0.00         6
           3       0.00      0.00      0.00         0
           4       0.00      0.00      0.00         0
           5       0.00      0.00      0.00         1
           6       0.00      0.00      0.00         0
           7       0.00      0.00      0.00         0
           8       0.00      0.00      0.00         1
           9       0.00      0.00      0.00         2
          10       0.00      0.00      0.00        13
          11       0.00      0.00      0.00         2
          12       0.00      0.00      0.00         8
          13       0.00      0.00      0.00         0
          14       0.00      0.00      0.00        10
          15       0.00      0.00      0.00         1
          16       0.00      0.00      0.00         0
          17       0.00      0.00      0.00         1
          18       0.00      0.00      0.00         0
          19       0.00      0.00      0.00         2
          20       0.00      0.00      0.00         7
          21       0.00      0.00      0.00         8
          22       0.00      0.00      0.00         1
          23       0.00      0.00      0.00        25
          24       0.00      0.00      0.00         0
          25       0.00      0.00      0.00         2
          26       0.00      0.00      0.00        18
          27       0.00      0.00      0.00         0
          28       0.00      0.00      0.00         3
          29       0.00      0.00      0.00         3
          30       0.00      0.00      0.00         5
          31       0.00      0.00      0.00         0
          32       0.00      0.00      0.00         3
          33       0.00      0.00      0.00         1
          34       0.00      0.00      0.00         0
          35       0.00      0.00      0.00         3
          36       0.00      0.00      0.00         0
          37       0.00      0.00      0.00        14
          38       0.00      0.00      0.00         0
          39       0.00      0.00      0.00         4
          40       0.00      0.00      0.00         1
          41       0.00      0.00      0.00         1
          42       0.00      0.00      0.00         0
          43       0.00      0.00      0.00         1
          44       0.00      0.00      0.00         1
          45       0.00      0.00      0.00         0
          46       0.00      0.00      0.00         1
          47       0.00      0.00      0.00         0
          48       0.00      0.00      0.00         4
          49       0.00      0.00      0.00         1
          50       0.00      0.00      0.00         0
          51       0.00      0.00      0.00         0
          52       0.00      0.00      0.00         0
          53       0.00      0.00      0.00         2
          54       0.00      0.00      0.00        10
          55       0.00      0.00      0.00         0
          56       0.00      0.00      0.00         7
          57       0.00      0.00      0.00         8
          58       0.00      0.00      0.00         8
          59       0.00      0.00      0.00         0
          60       0.00      0.00      0.00         1
          61       0.00      0.00      0.00         4
          62       0.00      0.00      0.00         0
          63       0.00      0.00      0.00         0
          64       0.00      0.00      0.00         0
          65       0.00      0.00      0.00         2
          66       0.00      0.00      0.00         0
          67       0.00      0.00      0.00         0
          68       0.00      0.00      0.00         0
          69       0.00      0.00      0.00         0
          70       0.00      0.00      0.00         0
          71       0.00      0.00      0.00        32
          72       0.00      0.00      0.00         0
          73       0.00      0.00      0.00         1
          74       0.00      0.00      0.00         0
          75       0.00      0.00      0.00         4
          76       0.00      0.00      0.00         3
          77       0.00      0.00      0.00         7
          78       0.00      0.00      0.00         0
          79       0.00      0.00      0.00         2
          80       0.00      0.00      0.00         0
          81       0.00      0.00      0.00         2
          82       0.00      0.00      0.00         0
          83       0.00      0.00      0.00         0
          84       0.00      0.00      0.00         4
          85       0.00      0.00      0.00         0
          86       0.00      0.00      0.00         0
          87       0.00      0.00      0.00         0
          88       0.00      0.00      0.00         0
          89       0.00      0.00      0.00         6
          90       0.00      0.00      0.00         0
          91       0.00      0.00      0.00         0
          92       0.00      0.00      0.00         0
          93       0.00      0.00      0.00         1
          94       0.00      0.00      0.00         4
          95       0.00      0.00      0.00         0
          96       0.00      0.00      0.00         0
          97       0.00      0.00      0.00         1
          98       0.00      0.00      0.00        47
          99       0.00      0.00      0.00         2
         100       0.00      0.00      0.00         0
         101       0.00      0.00      0.00         1
         102       0.00      0.00      0.00         0
         103       0.00      0.00      0.00         8
         104       0.00      0.00      0.00         1
         105       0.00      0.00      0.00         0
         106       0.00      0.00      0.00         1
         107       0.00      0.00      0.00         2
         108       0.00      0.00      0.00         0
         109       0.00      0.00      0.00         3
         110       0.00      0.00      0.00         0
         111       0.00      0.00      0.00         0
         112       0.00      0.00      0.00         0
         113       0.00      0.00      0.00         0
         114       0.00      0.00      0.00         2
         115       0.00      0.00      0.00         1
         116       0.00      0.00      0.00         1
         117       0.00      0.00      0.00         1

   micro avg       0.00      0.00      0.00       333
   macro avg       0.00      0.00      0.00       333
weighted avg       0.00      0.00      0.00       333
 samples avg       0.00      0.00      0.00       333

> epoch: 6
              precision    recall  f1-score   support

           0       0.00      0.00      0.00         0
           1       0.00      0.00      0.00         0
           2       0.00      0.00      0.00         6
           3       0.00      0.00      0.00         0
           4       0.00      0.00      0.00         0
           5       0.00      0.00      0.00         1
           6       0.00      0.00      0.00         0
           7       0.00      0.00      0.00         0
           8       0.00      0.00      0.00         1
           9       0.00      0.00      0.00         2
          10       0.00      0.00      0.00        13
          11       0.00      0.00      0.00         2
          12       0.00      0.00      0.00         8
          13       0.00      0.00      0.00         0
          14       0.00      0.00      0.00        10
          15       0.00      0.00      0.00         1
          16       0.00      0.00      0.00         0
          17       0.00      0.00      0.00         1
          18       0.00      0.00      0.00         0
          19       0.00      0.00      0.00         2
          20       0.00      0.00      0.00         7
          21       0.00      0.00      0.00         8
          22       0.00      0.00      0.00         1
          23       0.00      0.00      0.00        25
          24       0.00      0.00      0.00         0
          25       0.00      0.00      0.00         2
          26       0.00      0.00      0.00        18
          27       0.00      0.00      0.00         0
          28       0.00      0.00      0.00         3
          29       0.00      0.00      0.00         3
          30       0.00      0.00      0.00         5
          31       0.00      0.00      0.00         0
          32       0.00      0.00      0.00         3
          33       0.00      0.00      0.00         1
          34       0.00      0.00      0.00         0
          35       0.00      0.00      0.00         3
          36       0.00      0.00      0.00         0
          37       0.00      0.00      0.00        14
          38       0.00      0.00      0.00         0
          39       0.00      0.00      0.00         4
          40       0.00      0.00      0.00         1
          41       0.00      0.00      0.00         1
          42       0.00      0.00      0.00         0
          43       0.00      0.00      0.00         1
          44       0.00      0.00      0.00         1
          45       0.00      0.00      0.00         0
          46       0.00      0.00      0.00         1
          47       0.00      0.00      0.00         0
          48       0.00      0.00      0.00         4
          49       0.00      0.00      0.00         1
          50       0.00      0.00      0.00         0
          51       0.00      0.00      0.00         0
          52       0.00      0.00      0.00         0
          53       0.00      0.00      0.00         2
          54       0.00      0.00      0.00        10
          55       0.00      0.00      0.00         0
          56       0.00      0.00      0.00         7
          57       0.00      0.00      0.00         8
          58       0.00      0.00      0.00         8
          59       0.00      0.00      0.00         0
          60       0.00      0.00      0.00         1
          61       0.00      0.00      0.00         4
          62       0.00      0.00      0.00         0
          63       0.00      0.00      0.00         0
          64       0.00      0.00      0.00         0
          65       0.00      0.00      0.00         2
          66       0.00      0.00      0.00         0
          67       0.00      0.00      0.00         0
          68       0.00      0.00      0.00         0
          69       0.00      0.00      0.00         0
          70       0.00      0.00      0.00         0
          71       0.00      0.00      0.00        32
          72       0.00      0.00      0.00         0
          73       0.00      0.00      0.00         1
          74       0.00      0.00      0.00         0
          75       0.00      0.00      0.00         4
          76       0.00      0.00      0.00         3
          77       0.00      0.00      0.00         7
          78       0.00      0.00      0.00         0
          79       0.00      0.00      0.00         2
          80       0.00      0.00      0.00         0
          81       0.00      0.00      0.00         2
          82       0.00      0.00      0.00         0
          83       0.00      0.00      0.00         0
          84       0.00      0.00      0.00         4
          85       0.00      0.00      0.00         0
          86       0.00      0.00      0.00         0
          87       0.00      0.00      0.00         0
          88       0.00      0.00      0.00         0
          89       0.00      0.00      0.00         6
          90       0.00      0.00      0.00         0
          91       0.00      0.00      0.00         0
          92       0.00      0.00      0.00         0
          93       0.00      0.00      0.00         1
          94       0.00      0.00      0.00         4
          95       0.00      0.00      0.00         0
          96       0.00      0.00      0.00         0
          97       0.00      0.00      0.00         1
          98       0.00      0.00      0.00        47
          99       0.00      0.00      0.00         2
         100       0.00      0.00      0.00         0
         101       0.00      0.00      0.00         1
         102       0.00      0.00      0.00         0
         103       0.00      0.00      0.00         8
         104       0.00      0.00      0.00         1
         105       0.00      0.00      0.00         0
         106       0.00      0.00      0.00         1
         107       0.00      0.00      0.00         2
         108       0.00      0.00      0.00         0
         109       0.00      0.00      0.00         3
         110       0.00      0.00      0.00         0
         111       0.00      0.00      0.00         0
         112       0.00      0.00      0.00         0
         113       0.00      0.00      0.00         0
         114       0.00      0.00      0.00         2
         115       0.00      0.00      0.00         1
         116       0.00      0.00      0.00         1
         117       0.00      0.00      0.00         1

   micro avg       0.00      0.00      0.00       333
   macro avg       0.00      0.00      0.00       333
weighted avg       0.00      0.00      0.00       333
 samples avg       0.00      0.00      0.00       333

> epoch: 7
              precision    recall  f1-score   support

           0       0.00      0.00      0.00         0
           1       0.00      0.00      0.00         0
           2       0.00      0.00      0.00         6
           3       0.00      0.00      0.00         0
           4       0.00      0.00      0.00         0
           5       0.00      0.00      0.00         1
           6       0.00      0.00      0.00         0
           7       0.00      0.00      0.00         0
           8       0.00      0.00      0.00         1
           9       0.00      0.00      0.00         2
          10       0.00      0.00      0.00        13
          11       0.00      0.00      0.00         2
          12       0.00      0.00      0.00         8
          13       0.00      0.00      0.00         0
          14       0.00      0.00      0.00        10
          15       0.00      0.00      0.00         1
          16       0.00      0.00      0.00         0
          17       0.00      0.00      0.00         1
          18       0.00      0.00      0.00         0
          19       0.00      0.00      0.00         2
          20       0.00      0.00      0.00         7
          21       0.00      0.00      0.00         8
          22       0.00      0.00      0.00         1
          23       0.00      0.00      0.00        25
          24       0.00      0.00      0.00         0
          25       0.00      0.00      0.00         2
          26       0.00      0.00      0.00        18
          27       0.00      0.00      0.00         0
          28       0.00      0.00      0.00         3
          29       0.00      0.00      0.00         3
          30       0.00      0.00      0.00         5
          31       0.00      0.00      0.00         0
          32       0.00      0.00      0.00         3
          33       0.00      0.00      0.00         1
          34       0.00      0.00      0.00         0
          35       0.00      0.00      0.00         3
          36       0.00      0.00      0.00         0
          37       0.00      0.00      0.00        14
          38       0.00      0.00      0.00         0
          39       0.00      0.00      0.00         4
          40       0.00      0.00      0.00         1
          41       0.00      0.00      0.00         1
          42       0.00      0.00      0.00         0
          43       0.00      0.00      0.00         1
          44       0.00      0.00      0.00         1
          45       0.00      0.00      0.00         0
          46       0.00      0.00      0.00         1
          47       0.00      0.00      0.00         0
          48       0.00      0.00      0.00         4
          49       0.00      0.00      0.00         1
          50       0.00      0.00      0.00         0
          51       0.00      0.00      0.00         0
          52       0.00      0.00      0.00         0
          53       0.00      0.00      0.00         2
          54       0.00      0.00      0.00        10
          55       0.00      0.00      0.00         0
          56       0.00      0.00      0.00         7
          57       0.00      0.00      0.00         8
          58       0.00      0.00      0.00         8
          59       0.00      0.00      0.00         0
          60       0.00      0.00      0.00         1
          61       0.00      0.00      0.00         4
          62       0.00      0.00      0.00         0
          63       0.00      0.00      0.00         0
          64       0.00      0.00      0.00         0
          65       0.00      0.00      0.00         2
          66       0.00      0.00      0.00         0
          67       0.00      0.00      0.00         0
          68       0.00      0.00      0.00         0
          69       0.00      0.00      0.00         0
          70       0.00      0.00      0.00         0
          71       0.00      0.00      0.00        32
          72       0.00      0.00      0.00         0
          73       0.00      0.00      0.00         1
          74       0.00      0.00      0.00         0
          75       0.00      0.00      0.00         4
          76       0.00      0.00      0.00         3
          77       0.00      0.00      0.00         7
          78       0.00      0.00      0.00         0
          79       0.00      0.00      0.00         2
          80       0.00      0.00      0.00         0
          81       0.00      0.00      0.00         2
          82       0.00      0.00      0.00         0
          83       0.00      0.00      0.00         0
          84       0.00      0.00      0.00         4
          85       0.00      0.00      0.00         0
          86       0.00      0.00      0.00         0
          87       0.00      0.00      0.00         0
          88       0.00      0.00      0.00         0
          89       0.00      0.00      0.00         6
          90       0.00      0.00      0.00         0
          91       0.00      0.00      0.00         0
          92       0.00      0.00      0.00         0
          93       0.00      0.00      0.00         1
          94       0.00      0.00      0.00         4
          95       0.00      0.00      0.00         0
          96       0.00      0.00      0.00         0
          97       0.00      0.00      0.00         1
          98       0.00      0.00      0.00        47
          99       0.00      0.00      0.00         2
         100       0.00      0.00      0.00         0
         101       0.00      0.00      0.00         1
         102       0.00      0.00      0.00         0
         103       0.00      0.00      0.00         8
         104       0.00      0.00      0.00         1
         105       0.00      0.00      0.00         0
         106       0.00      0.00      0.00         1
         107       0.00      0.00      0.00         2
         108       0.00      0.00      0.00         0
         109       0.00      0.00      0.00         3
         110       0.00      0.00      0.00         0
         111       0.00      0.00      0.00         0
         112       0.00      0.00      0.00         0
         113       0.00      0.00      0.00         0
         114       0.00      0.00      0.00         2
         115       0.00      0.00      0.00         1
         116       0.00      0.00      0.00         1
         117       0.00      0.00      0.00         1

   micro avg       0.00      0.00      0.00       333
   macro avg       0.00      0.00      0.00       333
weighted avg       0.00      0.00      0.00       333
 samples avg       0.00      0.00      0.00       333

> epoch: 8
              precision    recall  f1-score   support

           0       0.00      0.00      0.00         0
           1       0.00      0.00      0.00         0
           2       0.00      0.00      0.00         6
           3       0.00      0.00      0.00         0
           4       0.00      0.00      0.00         0
           5       0.00      0.00      0.00         1
           6       0.00      0.00      0.00         0
           7       0.00      0.00      0.00         0
           8       0.00      0.00      0.00         1
           9       0.00      0.00      0.00         2
          10       0.00      0.00      0.00        13
          11       0.00      0.00      0.00         2
          12       0.00      0.00      0.00         8
          13       0.00      0.00      0.00         0
          14       0.00      0.00      0.00        10
          15       0.00      0.00      0.00         1
          16       0.00      0.00      0.00         0
          17       0.00      0.00      0.00         1
          18       0.00      0.00      0.00         0
          19       0.00      0.00      0.00         2
          20       0.00      0.00      0.00         7
          21       0.00      0.00      0.00         8
          22       0.00      0.00      0.00         1
          23       0.00      0.00      0.00        25
          24       0.00      0.00      0.00         0
          25       0.00      0.00      0.00         2
          26       0.00      0.00      0.00        18
          27       0.00      0.00      0.00         0
          28       0.00      0.00      0.00         3
          29       0.00      0.00      0.00         3
          30       0.00      0.00      0.00         5
          31       0.00      0.00      0.00         0
          32       0.00      0.00      0.00         3
          33       0.00      0.00      0.00         1
          34       0.00      0.00      0.00         0
          35       0.00      0.00      0.00         3
          36       0.00      0.00      0.00         0
          37       0.00      0.00      0.00        14
          38       0.00      0.00      0.00         0
          39       0.00      0.00      0.00         4
          40       0.00      0.00      0.00         1
          41       0.00      0.00      0.00         1
          42       0.00      0.00      0.00         0
          43       0.00      0.00      0.00         1
          44       0.00      0.00      0.00         1
          45       0.00      0.00      0.00         0
          46       0.00      0.00      0.00         1
          47       0.00      0.00      0.00         0
          48       0.00      0.00      0.00         4
          49       0.00      0.00      0.00         1
          50       0.00      0.00      0.00         0
          51       0.00      0.00      0.00         0
          52       0.00      0.00      0.00         0
          53       0.00      0.00      0.00         2
          54       0.00      0.00      0.00        10
          55       0.00      0.00      0.00         0
          56       0.00      0.00      0.00         7
          57       0.00      0.00      0.00         8
          58       0.00      0.00      0.00         8
          59       0.00      0.00      0.00         0
          60       0.00      0.00      0.00         1
          61       0.00      0.00      0.00         4
          62       0.00      0.00      0.00         0
          63       0.00      0.00      0.00         0
          64       0.00      0.00      0.00         0
          65       0.00      0.00      0.00         2
          66       0.00      0.00      0.00         0
          67       0.00      0.00      0.00         0
          68       0.00      0.00      0.00         0
          69       0.00      0.00      0.00         0
          70       0.00      0.00      0.00         0
          71       0.00      0.00      0.00        32
          72       0.00      0.00      0.00         0
          73       0.00      0.00      0.00         1
          74       0.00      0.00      0.00         0
          75       0.00      0.00      0.00         4
          76       0.00      0.00      0.00         3
          77       0.00      0.00      0.00         7
          78       0.00      0.00      0.00         0
          79       0.00      0.00      0.00         2
          80       0.00      0.00      0.00         0
          81       0.00      0.00      0.00         2
          82       0.00      0.00      0.00         0
          83       0.00      0.00      0.00         0
          84       0.00      0.00      0.00         4
          85       0.00      0.00      0.00         0
          86       0.00      0.00      0.00         0
          87       0.00      0.00      0.00         0
          88       0.00      0.00      0.00         0
          89       0.00      0.00      0.00         6
          90       0.00      0.00      0.00         0
          91       0.00      0.00      0.00         0
          92       0.00      0.00      0.00         0
          93       0.00      0.00      0.00         1
          94       0.00      0.00      0.00         4
          95       0.00      0.00      0.00         0
          96       0.00      0.00      0.00         0
          97       0.00      0.00      0.00         1
          98       0.00      0.00      0.00        47
          99       0.00      0.00      0.00         2
         100       0.00      0.00      0.00         0
         101       0.00      0.00      0.00         1
         102       0.00      0.00      0.00         0
         103       0.00      0.00      0.00         8
         104       0.00      0.00      0.00         1
         105       0.00      0.00      0.00         0
         106       0.00      0.00      0.00         1
         107       0.00      0.00      0.00         2
         108       0.00      0.00      0.00         0
         109       0.00      0.00      0.00         3
         110       0.00      0.00      0.00         0
         111       0.00      0.00      0.00         0
         112       0.00      0.00      0.00         0
         113       0.00      0.00      0.00         0
         114       0.00      0.00      0.00         2
         115       0.00      0.00      0.00         1
         116       0.00      0.00      0.00         1
         117       0.00      0.00      0.00         1

   micro avg       0.00      0.00      0.00       333
   macro avg       0.00      0.00      0.00       333
weighted avg       0.00      0.00      0.00       333
 samples avg       0.00      0.00      0.00       333

> epoch: 9
              precision    recall  f1-score   support

           0       0.00      0.00      0.00         0
           1       0.00      0.00      0.00         0
           2       0.00      0.00      0.00         6
           3       0.00      0.00      0.00         0
           4       0.00      0.00      0.00         0
           5       0.00      0.00      0.00         1
           6       0.00      0.00      0.00         0
           7       0.00      0.00      0.00         0
           8       0.00      0.00      0.00         1
           9       0.00      0.00      0.00         2
          10       0.00      0.00      0.00        13
          11       0.00      0.00      0.00         2
          12       0.00      0.00      0.00         8
          13       0.00      0.00      0.00         0
          14       0.00      0.00      0.00        10
          15       0.00      0.00      0.00         1
          16       0.00      0.00      0.00         0
          17       0.00      0.00      0.00         1
          18       0.00      0.00      0.00         0
          19       0.00      0.00      0.00         2
          20       0.00      0.00      0.00         7
          21       0.00      0.00      0.00         8
          22       0.00      0.00      0.00         1
          23       0.00      0.00      0.00        25
          24       0.00      0.00      0.00         0
          25       0.00      0.00      0.00         2
          26       0.00      0.00      0.00        18
          27       0.00      0.00      0.00         0
          28       0.00      0.00      0.00         3
          29       0.00      0.00      0.00         3
          30       0.00      0.00      0.00         5
          31       0.00      0.00      0.00         0
          32       0.00      0.00      0.00         3
          33       0.00      0.00      0.00         1
          34       0.00      0.00      0.00         0
          35       0.00      0.00      0.00         3
          36       0.00      0.00      0.00         0
          37       0.00      0.00      0.00        14
          38       0.00      0.00      0.00         0
          39       0.00      0.00      0.00         4
          40       0.00      0.00      0.00         1
          41       0.00      0.00      0.00         1
          42       0.00      0.00      0.00         0
          43       0.00      0.00      0.00         1
          44       0.00      0.00      0.00         1
          45       0.00      0.00      0.00         0
          46       0.00      0.00      0.00         1
          47       0.00      0.00      0.00         0
          48       0.00      0.00      0.00         4
          49       0.00      0.00      0.00         1
          50       0.00      0.00      0.00         0
          51       0.00      0.00      0.00         0
          52       0.00      0.00      0.00         0
          53       0.00      0.00      0.00         2
          54       0.00      0.00      0.00        10
          55       0.00      0.00      0.00         0
          56       0.00      0.00      0.00         7
          57       0.00      0.00      0.00         8
          58       0.00      0.00      0.00         8
          59       0.00      0.00      0.00         0
          60       0.00      0.00      0.00         1
          61       0.00      0.00      0.00         4
          62       0.00      0.00      0.00         0
          63       0.00      0.00      0.00         0
          64       0.00      0.00      0.00         0
          65       0.00      0.00      0.00         2
          66       0.00      0.00      0.00         0
          67       0.00      0.00      0.00         0
          68       0.00      0.00      0.00         0
          69       0.00      0.00      0.00         0
          70       0.00      0.00      0.00         0
          71       0.00      0.00      0.00        32
          72       0.00      0.00      0.00         0
          73       0.00      0.00      0.00         1
          74       0.00      0.00      0.00         0
          75       0.00      0.00      0.00         4
          76       0.00      0.00      0.00         3
          77       0.00      0.00      0.00         7
          78       0.00      0.00      0.00         0
          79       0.00      0.00      0.00         2
          80       0.00      0.00      0.00         0
          81       0.00      0.00      0.00         2
          82       0.00      0.00      0.00         0
          83       0.00      0.00      0.00         0
          84       0.00      0.00      0.00         4
          85       0.00      0.00      0.00         0
          86       0.00      0.00      0.00         0
          87       0.00      0.00      0.00         0
          88       0.00      0.00      0.00         0
          89       0.00      0.00      0.00         6
          90       0.00      0.00      0.00         0
          91       0.00      0.00      0.00         0
          92       0.00      0.00      0.00         0
          93       0.00      0.00      0.00         1
          94       0.00      0.00      0.00         4
          95       0.00      0.00      0.00         0
          96       0.00      0.00      0.00         0
          97       0.00      0.00      0.00         1
          98       0.00      0.00      0.00        47
          99       0.00      0.00      0.00         2
         100       0.00      0.00      0.00         0
         101       0.00      0.00      0.00         1
         102       0.00      0.00      0.00         0
         103       0.00      0.00      0.00         8
         104       0.00      0.00      0.00         1
         105       0.00      0.00      0.00         0
         106       0.00      0.00      0.00         1
         107       0.00      0.00      0.00         2
         108       0.00      0.00      0.00         0
         109       0.00      0.00      0.00         3
         110       0.00      0.00      0.00         0
         111       0.00      0.00      0.00         0
         112       0.00      0.00      0.00         0
         113       0.00      0.00      0.00         0
         114       0.00      0.00      0.00         2
         115       0.00      0.00      0.00         1
         116       0.00      0.00      0.00         1
         117       0.00      0.00      0.00         1

   micro avg       0.00      0.00      0.00       333
   macro avg       0.00      0.00      0.00       333
weighted avg       0.00      0.00      0.00       333
 samples avg       0.00      0.00      0.00       333

> epoch: 10
              precision    recall  f1-score   support

           0       0.00      0.00      0.00         0
           1       0.00      0.00      0.00         0
           2       0.00      0.00      0.00         6
           3       0.00      0.00      0.00         0
           4       0.00      0.00      0.00         0
           5       0.00      0.00      0.00         1
           6       0.00      0.00      0.00         0
           7       0.00      0.00      0.00         0
           8       0.00      0.00      0.00         1
           9       0.00      0.00      0.00         2
          10       0.00      0.00      0.00        13
          11       0.00      0.00      0.00         2
          12       0.00      0.00      0.00         8
          13       0.00      0.00      0.00         0
          14       0.00      0.00      0.00        10
          15       0.00      0.00      0.00         1
          16       0.00      0.00      0.00         0
          17       0.00      0.00      0.00         1
          18       0.00      0.00      0.00         0
          19       0.00      0.00      0.00         2
          20       0.00      0.00      0.00         7
          21       0.00      0.00      0.00         8
          22       0.00      0.00      0.00         1
          23       0.00      0.00      0.00        25
          24       0.00      0.00      0.00         0
          25       0.00      0.00      0.00         2
          26       0.00      0.00      0.00        18
          27       0.00      0.00      0.00         0
          28       0.00      0.00      0.00         3
          29       0.00      0.00      0.00         3
          30       0.00      0.00      0.00         5
          31       0.00      0.00      0.00         0
          32       0.00      0.00      0.00         3
          33       0.00      0.00      0.00         1
          34       0.00      0.00      0.00         0
          35       0.00      0.00      0.00         3
          36       0.00      0.00      0.00         0
          37       0.00      0.00      0.00        14
          38       0.00      0.00      0.00         0
          39       0.00      0.00      0.00         4
          40       0.00      0.00      0.00         1
          41       0.00      0.00      0.00         1
          42       0.00      0.00      0.00         0
          43       0.00      0.00      0.00         1
          44       0.00      0.00      0.00         1
          45       0.00      0.00      0.00         0
          46       0.00      0.00      0.00         1
          47       0.00      0.00      0.00         0
          48       0.00      0.00      0.00         4
          49       0.00      0.00      0.00         1
          50       0.00      0.00      0.00         0
          51       0.00      0.00      0.00         0
          52       0.00      0.00      0.00         0
          53       0.00      0.00      0.00         2
          54       0.00      0.00      0.00        10
          55       0.00      0.00      0.00         0
          56       0.00      0.00      0.00         7
          57       0.00      0.00      0.00         8
          58       0.00      0.00      0.00         8
          59       0.00      0.00      0.00         0
          60       0.00      0.00      0.00         1
          61       0.00      0.00      0.00         4
          62       0.00      0.00      0.00         0
          63       0.00      0.00      0.00         0
          64       0.00      0.00      0.00         0
          65       0.00      0.00      0.00         2
          66       0.00      0.00      0.00         0
          67       0.00      0.00      0.00         0
          68       0.00      0.00      0.00         0
          69       0.00      0.00      0.00         0
          70       0.00      0.00      0.00         0
          71       0.00      0.00      0.00        32
          72       0.00      0.00      0.00         0
          73       0.00      0.00      0.00         1
          74       0.00      0.00      0.00         0
          75       0.00      0.00      0.00         4
          76       0.00      0.00      0.00         3
          77       0.00      0.00      0.00         7
          78       0.00      0.00      0.00         0
          79       0.00      0.00      0.00         2
          80       0.00      0.00      0.00         0
          81       0.00      0.00      0.00         2
          82       0.00      0.00      0.00         0
          83       0.00      0.00      0.00         0
          84       0.00      0.00      0.00         4
          85       0.00      0.00      0.00         0
          86       0.00      0.00      0.00         0
          87       0.00      0.00      0.00         0
          88       0.00      0.00      0.00         0
          89       0.00      0.00      0.00         6
          90       0.00      0.00      0.00         0
          91       0.00      0.00      0.00         0
          92       0.00      0.00      0.00         0
          93       0.00      0.00      0.00         1
          94       0.00      0.00      0.00         4
          95       0.00      0.00      0.00         0
          96       0.00      0.00      0.00         0
          97       0.00      0.00      0.00         1
          98       0.00      0.00      0.00        47
          99       0.00      0.00      0.00         2
         100       0.00      0.00      0.00         0
         101       0.00      0.00      0.00         1
         102       0.00      0.00      0.00         0
         103       0.00      0.00      0.00         8
         104       0.00      0.00      0.00         1
         105       0.00      0.00      0.00         0
         106       0.00      0.00      0.00         1
         107       0.00      0.00      0.00         2
         108       0.00      0.00      0.00         0
         109       0.00      0.00      0.00         3
         110       0.00      0.00      0.00         0
         111       0.00      0.00      0.00         0
         112       0.00      0.00      0.00         0
         113       0.00      0.00      0.00         0
         114       0.00      0.00      0.00         2
         115       0.00      0.00      0.00         1
         116       0.00      0.00      0.00         1
         117       0.00      0.00      0.00         1

   micro avg       0.00      0.00      0.00       333
   macro avg       0.00      0.00      0.00       333
weighted avg       0.00      0.00      0.00       333
 samples avg       0.00      0.00      0.00       333

> epoch: 11
              precision    recall  f1-score   support

           0       0.00      0.00      0.00         0
           1       0.00      0.00      0.00         0
           2       0.00      0.00      0.00         6
           3       0.00      0.00      0.00         0
           4       0.00      0.00      0.00         0
           5       0.00      0.00      0.00         1
           6       0.00      0.00      0.00         0
           7       0.00      0.00      0.00         0
           8       0.00      0.00      0.00         1
           9       0.00      0.00      0.00         2
          10       0.00      0.00      0.00        13
          11       0.00      0.00      0.00         2
          12       0.00      0.00      0.00         8
          13       0.00      0.00      0.00         0
          14       0.00      0.00      0.00        10
          15       0.00      0.00      0.00         1
          16       0.00      0.00      0.00         0
          17       0.00      0.00      0.00         1
          18       0.00      0.00      0.00         0
          19       0.00      0.00      0.00         2
          20       0.00      0.00      0.00         7
          21       0.00      0.00      0.00         8
          22       0.00      0.00      0.00         1
          23       0.00      0.00      0.00        25
          24       0.00      0.00      0.00         0
          25       0.00      0.00      0.00         2
          26       0.00      0.00      0.00        18
          27       0.00      0.00      0.00         0
          28       0.00      0.00      0.00         3
          29       0.00      0.00      0.00         3
          30       0.00      0.00      0.00         5
          31       0.00      0.00      0.00         0
          32       0.00      0.00      0.00         3
          33       0.00      0.00      0.00         1
          34       0.00      0.00      0.00         0
          35       0.00      0.00      0.00         3
          36       0.00      0.00      0.00         0
          37       0.00      0.00      0.00        14
          38       0.00      0.00      0.00         0
          39       0.00      0.00      0.00         4
          40       0.00      0.00      0.00         1
          41       0.00      0.00      0.00         1
          42       0.00      0.00      0.00         0
          43       0.00      0.00      0.00         1
          44       0.00      0.00      0.00         1
          45       0.00      0.00      0.00         0
          46       0.00      0.00      0.00         1
          47       0.00      0.00      0.00         0
          48       0.00      0.00      0.00         4
          49       0.00      0.00      0.00         1
          50       0.00      0.00      0.00         0
          51       0.00      0.00      0.00         0
          52       0.00      0.00      0.00         0
          53       0.00      0.00      0.00         2
          54       0.00      0.00      0.00        10
          55       0.00      0.00      0.00         0
          56       0.00      0.00      0.00         7
          57       0.00      0.00      0.00         8
          58       0.00      0.00      0.00         8
          59       0.00      0.00      0.00         0
          60       0.00      0.00      0.00         1
          61       0.00      0.00      0.00         4
          62       0.00      0.00      0.00         0
          63       0.00      0.00      0.00         0
          64       0.00      0.00      0.00         0
          65       0.00      0.00      0.00         2
          66       0.00      0.00      0.00         0
          67       0.00      0.00      0.00         0
          68       0.00      0.00      0.00         0
          69       0.00      0.00      0.00         0
          70       0.00      0.00      0.00         0
          71       0.00      0.00      0.00        32
          72       0.00      0.00      0.00         0
          73       0.00      0.00      0.00         1
          74       0.00      0.00      0.00         0
          75       0.00      0.00      0.00         4
          76       0.00      0.00      0.00         3
          77       0.00      0.00      0.00         7
          78       0.00      0.00      0.00         0
          79       0.00      0.00      0.00         2
          80       0.00      0.00      0.00         0
          81       0.00      0.00      0.00         2
          82       0.00      0.00      0.00         0
          83       0.00      0.00      0.00         0
          84       0.00      0.00      0.00         4
          85       0.00      0.00      0.00         0
          86       0.00      0.00      0.00         0
          87       0.00      0.00      0.00         0
          88       0.00      0.00      0.00         0
          89       0.00      0.00      0.00         6
          90       0.00      0.00      0.00         0
          91       0.00      0.00      0.00         0
          92       0.00      0.00      0.00         0
          93       0.00      0.00      0.00         1
          94       0.00      0.00      0.00         4
          95       0.00      0.00      0.00         0
          96       0.00      0.00      0.00         0
          97       0.00      0.00      0.00         1
          98       0.00      0.00      0.00        47
          99       0.00      0.00      0.00         2
         100       0.00      0.00      0.00         0
         101       0.00      0.00      0.00         1
         102       0.00      0.00      0.00         0
         103       0.00      0.00      0.00         8
         104       0.00      0.00      0.00         1
         105       0.00      0.00      0.00         0
         106       0.00      0.00      0.00         1
         107       0.00      0.00      0.00         2
         108       0.00      0.00      0.00         0
         109       0.00      0.00      0.00         3
         110       0.00      0.00      0.00         0
         111       0.00      0.00      0.00         0
         112       0.00      0.00      0.00         0
         113       0.00      0.00      0.00         0
         114       0.00      0.00      0.00         2
         115       0.00      0.00      0.00         1
         116       0.00      0.00      0.00         1
         117       0.00      0.00      0.00         1

   micro avg       0.00      0.00      0.00       333
   macro avg       0.00      0.00      0.00       333
weighted avg       0.00      0.00      0.00       333
 samples avg       0.00      0.00      0.00       333

> epoch: 12
              precision    recall  f1-score   support

           0       0.00      0.00      0.00         0
           1       0.00      0.00      0.00         0
           2       0.00      0.00      0.00         6
           3       0.00      0.00      0.00         0
           4       0.00      0.00      0.00         0
           5       0.00      0.00      0.00         1
           6       0.00      0.00      0.00         0
           7       0.00      0.00      0.00         0
           8       0.00      0.00      0.00         1
           9       0.00      0.00      0.00         2
          10       0.00      0.00      0.00        13
          11       0.00      0.00      0.00         2
          12       0.00      0.00      0.00         8
          13       0.00      0.00      0.00         0
          14       0.00      0.00      0.00        10
          15       0.00      0.00      0.00         1
          16       0.00      0.00      0.00         0
          17       0.00      0.00      0.00         1
          18       0.00      0.00      0.00         0
          19       0.00      0.00      0.00         2
          20       0.00      0.00      0.00         7
          21       0.00      0.00      0.00         8
          22       0.00      0.00      0.00         1
          23       0.00      0.00      0.00        25
          24       0.00      0.00      0.00         0
          25       0.00      0.00      0.00         2
          26       0.00      0.00      0.00        18
          27       0.00      0.00      0.00         0
          28       0.00      0.00      0.00         3
          29       0.00      0.00      0.00         3
          30       0.00      0.00      0.00         5
          31       0.00      0.00      0.00         0
          32       0.00      0.00      0.00         3
          33       0.00      0.00      0.00         1
          34       0.00      0.00      0.00         0
          35       0.00      0.00      0.00         3
          36       0.00      0.00      0.00         0
          37       0.00      0.00      0.00        14
          38       0.00      0.00      0.00         0
          39       0.00      0.00      0.00         4
          40       0.00      0.00      0.00         1
          41       0.00      0.00      0.00         1
          42       0.00      0.00      0.00         0
          43       0.00      0.00      0.00         1
          44       0.00      0.00      0.00         1
          45       0.00      0.00      0.00         0
          46       0.00      0.00      0.00         1
          47       0.00      0.00      0.00         0
          48       0.00      0.00      0.00         4
          49       0.00      0.00      0.00         1
          50       0.00      0.00      0.00         0
          51       0.00      0.00      0.00         0
          52       0.00      0.00      0.00         0
          53       0.00      0.00      0.00         2
          54       0.00      0.00      0.00        10
          55       0.00      0.00      0.00         0
          56       0.00      0.00      0.00         7
          57       0.00      0.00      0.00         8
          58       0.00      0.00      0.00         8
          59       0.00      0.00      0.00         0
          60       0.00      0.00      0.00         1
          61       0.00      0.00      0.00         4
          62       0.00      0.00      0.00         0
          63       0.00      0.00      0.00         0
          64       0.00      0.00      0.00         0
          65       0.00      0.00      0.00         2
          66       0.00      0.00      0.00         0
          67       0.00      0.00      0.00         0
          68       0.00      0.00      0.00         0
          69       0.00      0.00      0.00         0
          70       0.00      0.00      0.00         0
          71       0.00      0.00      0.00        32
          72       0.00      0.00      0.00         0
          73       0.00      0.00      0.00         1
          74       0.00      0.00      0.00         0
          75       0.00      0.00      0.00         4
          76       0.00      0.00      0.00         3
          77       0.00      0.00      0.00         7
          78       0.00      0.00      0.00         0
          79       0.00      0.00      0.00         2
          80       0.00      0.00      0.00         0
          81       0.00      0.00      0.00         2
          82       0.00      0.00      0.00         0
          83       0.00      0.00      0.00         0
          84       0.00      0.00      0.00         4
          85       0.00      0.00      0.00         0
          86       0.00      0.00      0.00         0
          87       0.00      0.00      0.00         0
          88       0.00      0.00      0.00         0
          89       0.00      0.00      0.00         6
          90       0.00      0.00      0.00         0
          91       0.00      0.00      0.00         0
          92       0.00      0.00      0.00         0
          93       0.00      0.00      0.00         1
          94       0.00      0.00      0.00         4
          95       0.00      0.00      0.00         0
          96       0.00      0.00      0.00         0
          97       0.00      0.00      0.00         1
          98       0.00      0.00      0.00        47
          99       0.00      0.00      0.00         2
         100       0.00      0.00      0.00         0
         101       0.00      0.00      0.00         1
         102       0.00      0.00      0.00         0
         103       0.00      0.00      0.00         8
         104       0.00      0.00      0.00         1
         105       0.00      0.00      0.00         0
         106       0.00      0.00      0.00         1
         107       0.00      0.00      0.00         2
         108       0.00      0.00      0.00         0
         109       0.00      0.00      0.00         3
         110       0.00      0.00      0.00         0
         111       0.00      0.00      0.00         0
         112       0.00      0.00      0.00         0
         113       0.00      0.00      0.00         0
         114       0.00      0.00      0.00         2
         115       0.00      0.00      0.00         1
         116       0.00      0.00      0.00         1
         117       0.00      0.00      0.00         1

   micro avg       0.00      0.00      0.00       333
   macro avg       0.00      0.00      0.00       333
weighted avg       0.00      0.00      0.00       333
 samples avg       0.00      0.00      0.00       333

> epoch: 13
              precision    recall  f1-score   support

           0       0.00      0.00      0.00         0
           1       0.00      0.00      0.00         0
           2       0.00      0.00      0.00         6
           3       0.00      0.00      0.00         0
           4       0.00      0.00      0.00         0
           5       0.00      0.00      0.00         1
           6       0.00      0.00      0.00         0
           7       0.00      0.00      0.00         0
           8       0.00      0.00      0.00         1
           9       0.00      0.00      0.00         2
          10       0.00      0.00      0.00        13
          11       0.00      0.00      0.00         2
          12       0.00      0.00      0.00         8
          13       0.00      0.00      0.00         0
          14       0.00      0.00      0.00        10
          15       0.00      0.00      0.00         1
          16       0.00      0.00      0.00         0
          17       0.00      0.00      0.00         1
          18       0.00      0.00      0.00         0
          19       0.00      0.00      0.00         2
          20       0.00      0.00      0.00         7
          21       0.00      0.00      0.00         8
          22       0.00      0.00      0.00         1
          23       0.00      0.00      0.00        25
          24       0.00      0.00      0.00         0
          25       0.00      0.00      0.00         2
          26       0.00      0.00      0.00        18
          27       0.00      0.00      0.00         0
          28       0.00      0.00      0.00         3
          29       0.00      0.00      0.00         3
          30       0.00      0.00      0.00         5
          31       0.00      0.00      0.00         0
          32       0.00      0.00      0.00         3
          33       0.00      0.00      0.00         1
          34       0.00      0.00      0.00         0
          35       0.00      0.00      0.00         3
          36       0.00      0.00      0.00         0
          37       0.00      0.00      0.00        14
          38       0.00      0.00      0.00         0
          39       0.00      0.00      0.00         4
          40       0.00      0.00      0.00         1
          41       0.00      0.00      0.00         1
          42       0.00      0.00      0.00         0
          43       0.00      0.00      0.00         1
          44       0.00      0.00      0.00         1
          45       0.00      0.00      0.00         0
          46       0.00      0.00      0.00         1
          47       0.00      0.00      0.00         0
          48       0.00      0.00      0.00         4
          49       0.00      0.00      0.00         1
          50       0.00      0.00      0.00         0
          51       0.00      0.00      0.00         0
          52       0.00      0.00      0.00         0
          53       0.00      0.00      0.00         2
          54       0.00      0.00      0.00        10
          55       0.00      0.00      0.00         0
          56       0.00      0.00      0.00         7
          57       0.00      0.00      0.00         8
          58       0.00      0.00      0.00         8
          59       0.00      0.00      0.00         0
          60       0.00      0.00      0.00         1
          61       0.00      0.00      0.00         4
          62       0.00      0.00      0.00         0
          63       0.00      0.00      0.00         0
          64       0.00      0.00      0.00         0
          65       0.00      0.00      0.00         2
          66       0.00      0.00      0.00         0
          67       0.00      0.00      0.00         0
          68       0.00      0.00      0.00         0
          69       0.00      0.00      0.00         0
          70       0.00      0.00      0.00         0
          71       0.00      0.00      0.00        32
          72       0.00      0.00      0.00         0
          73       0.00      0.00      0.00         1
          74       0.00      0.00      0.00         0
          75       0.00      0.00      0.00         4
          76       0.00      0.00      0.00         3
          77       0.00      0.00      0.00         7
          78       0.00      0.00      0.00         0
          79       0.00      0.00      0.00         2
          80       0.00      0.00      0.00         0
          81       0.00      0.00      0.00         2
          82       0.00      0.00      0.00         0
          83       0.00      0.00      0.00         0
          84       0.00      0.00      0.00         4
          85       0.00      0.00      0.00         0
          86       0.00      0.00      0.00         0
          87       0.00      0.00      0.00         0
          88       0.00      0.00      0.00         0
          89       0.00      0.00      0.00         6
          90       0.00      0.00      0.00         0
          91       0.00      0.00      0.00         0
          92       0.00      0.00      0.00         0
          93       0.00      0.00      0.00         1
          94       0.00      0.00      0.00         4
          95       0.00      0.00      0.00         0
          96       0.00      0.00      0.00         0
          97       0.00      0.00      0.00         1
          98       0.82      0.68      0.74        47
          99       0.00      0.00      0.00         2
         100       0.00      0.00      0.00         0
         101       0.00      0.00      0.00         1
         102       0.00      0.00      0.00         0
         103       0.00      0.00      0.00         8
         104       0.00      0.00      0.00         1
         105       0.00      0.00      0.00         0
         106       0.00      0.00      0.00         1
         107       0.00      0.00      0.00         2
         108       0.00      0.00      0.00         0
         109       0.00      0.00      0.00         3
         110       0.00      0.00      0.00         0
         111       0.00      0.00      0.00         0
         112       0.00      0.00      0.00         0
         113       0.00      0.00      0.00         0
         114       0.00      0.00      0.00         2
         115       0.00      0.00      0.00         1
         116       0.00      0.00      0.00         1
         117       0.00      0.00      0.00         1

   micro avg       0.82      0.10      0.17       333
   macro avg       0.01      0.01      0.01       333
weighted avg       0.12      0.10      0.11       333
 samples avg       0.04      0.04      0.04       333

> epoch: 14
              precision    recall  f1-score   support

           0       0.00      0.00      0.00         0
           1       0.00      0.00      0.00         0
           2       0.00      0.00      0.00         6
           3       0.00      0.00      0.00         0
           4       0.00      0.00      0.00         0
           5       0.00      0.00      0.00         1
           6       0.00      0.00      0.00         0
           7       0.00      0.00      0.00         0
           8       0.00      0.00      0.00         1
           9       0.00      0.00      0.00         2
          10       0.00      0.00      0.00        13
          11       0.00      0.00      0.00         2
          12       0.00      0.00      0.00         8
          13       0.00      0.00      0.00         0
          14       0.00      0.00      0.00        10
          15       0.00      0.00      0.00         1
          16       0.00      0.00      0.00         0
          17       0.00      0.00      0.00         1
          18       0.00      0.00      0.00         0
          19       0.00      0.00      0.00         2
          20       0.00      0.00      0.00         7
          21       0.00      0.00      0.00         8
          22       0.00      0.00      0.00         1
          23       0.52      0.44      0.48        25
          24       0.00      0.00      0.00         0
          25       0.00      0.00      0.00         2
          26       0.00      0.00      0.00        18
          27       0.00      0.00      0.00         0
          28       0.00      0.00      0.00         3
          29       0.00      0.00      0.00         3
          30       0.00      0.00      0.00         5
          31       0.00      0.00      0.00         0
          32       0.00      0.00      0.00         3
          33       0.00      0.00      0.00         1
          34       0.00      0.00      0.00         0
          35       0.00      0.00      0.00         3
          36       0.00      0.00      0.00         0
          37       0.00      0.00      0.00        14
          38       0.00      0.00      0.00         0
          39       0.00      0.00      0.00         4
          40       0.00      0.00      0.00         1
          41       0.00      0.00      0.00         1
          42       0.00      0.00      0.00         0
          43       0.00      0.00      0.00         1
          44       0.00      0.00      0.00         1
          45       0.00      0.00      0.00         0
          46       0.00      0.00      0.00         1
          47       0.00      0.00      0.00         0
          48       0.00      0.00      0.00         4
          49       0.00      0.00      0.00         1
          50       0.00      0.00      0.00         0
          51       0.00      0.00      0.00         0
          52       0.00      0.00      0.00         0
          53       0.00      0.00      0.00         2
          54       0.00      0.00      0.00        10
          55       0.00      0.00      0.00         0
          56       0.00      0.00      0.00         7
          57       0.00      0.00      0.00         8
          58       0.00      0.00      0.00         8
          59       0.00      0.00      0.00         0
          60       0.00      0.00      0.00         1
          61       0.00      0.00      0.00         4
          62       0.00      0.00      0.00         0
          63       0.00      0.00      0.00         0
          64       0.00      0.00      0.00         0
          65       0.00      0.00      0.00         2
          66       0.00      0.00      0.00         0
          67       0.00      0.00      0.00         0
          68       0.00      0.00      0.00         0
          69       0.00      0.00      0.00         0
          70       0.00      0.00      0.00         0
          71       0.96      0.75      0.84        32
          72       0.00      0.00      0.00         0
          73       0.00      0.00      0.00         1
          74       0.00      0.00      0.00         0
          75       0.00      0.00      0.00         4
          76       0.00      0.00      0.00         3
          77       0.00      0.00      0.00         7
          78       0.00      0.00      0.00         0
          79       0.00      0.00      0.00         2
          80       0.00      0.00      0.00         0
          81       0.00      0.00      0.00         2
          82       0.00      0.00      0.00         0
          83       0.00      0.00      0.00         0
          84       0.00      0.00      0.00         4
          85       0.00      0.00      0.00         0
          86       0.00      0.00      0.00         0
          87       0.00      0.00      0.00         0
          88       0.00      0.00      0.00         0
          89       0.00      0.00      0.00         6
          90       0.00      0.00      0.00         0
          91       0.00      0.00      0.00         0
          92       0.00      0.00      0.00         0
          93       0.00      0.00      0.00         1
          94       0.00      0.00      0.00         4
          95       0.00      0.00      0.00         0
          96       0.00      0.00      0.00         0
          97       0.00      0.00      0.00         1
          98       0.81      0.55      0.66        47
          99       0.00      0.00      0.00         2
         100       0.00      0.00      0.00         0
         101       0.00      0.00      0.00         1
         102       0.00      0.00      0.00         0
         103       0.00      0.00      0.00         8
         104       0.00      0.00      0.00         1
         105       0.00      0.00      0.00         0
         106       0.00      0.00      0.00         1
         107       0.00      0.00      0.00         2
         108       0.00      0.00      0.00         0
         109       0.00      0.00      0.00         3
         110       0.00      0.00      0.00         0
         111       0.00      0.00      0.00         0
         112       0.00      0.00      0.00         0
         113       0.00      0.00      0.00         0
         114       0.00      0.00      0.00         2
         115       0.00      0.00      0.00         1
         116       0.00      0.00      0.00         1
         117       0.00      0.00      0.00         1

   micro avg       0.78      0.18      0.30       333
   macro avg       0.02      0.01      0.02       333
weighted avg       0.25      0.18      0.21       333
 samples avg       0.08      0.08      0.08       333

> epoch: 15
              precision    recall  f1-score   support

           0       0.00      0.00      0.00         0
           1       0.00      0.00      0.00         0
           2       0.00      0.00      0.00         6
           3       0.00      0.00      0.00         0
           4       0.00      0.00      0.00         0
           5       0.00      0.00      0.00         1
           6       0.00      0.00      0.00         0
           7       0.00      0.00      0.00         0
           8       0.00      0.00      0.00         1
           9       0.00      0.00      0.00         2
          10       0.00      0.00      0.00        13
          11       0.00      0.00      0.00         2
          12       0.00      0.00      0.00         8
          13       0.00      0.00      0.00         0
          14       0.00      0.00      0.00        10
          15       0.00      0.00      0.00         1
          16       0.00      0.00      0.00         0
          17       0.00      0.00      0.00         1
          18       0.00      0.00      0.00         0
          19       0.00      0.00      0.00         2
          20       0.00      0.00      0.00         7
          21       0.00      0.00      0.00         8
          22       0.00      0.00      0.00         1
          23       0.38      0.80      0.52        25
          24       0.00      0.00      0.00         0
          25       0.00      0.00      0.00         2
          26       0.50      0.06      0.10        18
          27       0.00      0.00      0.00         0
          28       0.00      0.00      0.00         3
          29       0.00      0.00      0.00         3
          30       0.00      0.00      0.00         5
          31       0.00      0.00      0.00         0
          32       0.00      0.00      0.00         3
          33       0.00      0.00      0.00         1
          34       0.00      0.00      0.00         0
          35       0.00      0.00      0.00         3
          36       0.00      0.00      0.00         0
          37       0.60      0.21      0.32        14
          38       0.00      0.00      0.00         0
          39       0.00      0.00      0.00         4
          40       0.00      0.00      0.00         1
          41       0.00      0.00      0.00         1
          42       0.00      0.00      0.00         0
          43       0.00      0.00      0.00         1
          44       0.00      0.00      0.00         1
          45       0.00      0.00      0.00         0
          46       0.00      0.00      0.00         1
          47       0.00      0.00      0.00         0
          48       0.00      0.00      0.00         4
          49       0.00      0.00      0.00         1
          50       0.00      0.00      0.00         0
          51       0.00      0.00      0.00         0
          52       0.00      0.00      0.00         0
          53       0.00      0.00      0.00         2
          54       0.67      0.40      0.50        10
          55       0.00      0.00      0.00         0
          56       0.00      0.00      0.00         7
          57       0.00      0.00      0.00         8
          58       0.00      0.00      0.00         8
          59       0.00      0.00      0.00         0
          60       0.00      0.00      0.00         1
          61       0.00      0.00      0.00         4
          62       0.00      0.00      0.00         0
          63       0.00      0.00      0.00         0
          64       0.00      0.00      0.00         0
          65       0.00      0.00      0.00         2
          66       0.00      0.00      0.00         0
          67       0.00      0.00      0.00         0
          68       0.00      0.00      0.00         0
          69       0.00      0.00      0.00         0
          70       0.00      0.00      0.00         0
          71       0.96      0.75      0.84        32
          72       0.00      0.00      0.00         0
          73       0.00      0.00      0.00         1
          74       0.00      0.00      0.00         0
          75       0.00      0.00      0.00         4
          76       0.00      0.00      0.00         3
          77       0.00      0.00      0.00         7
          78       0.00      0.00      0.00         0
          79       0.00      0.00      0.00         2
          80       0.00      0.00      0.00         0
          81       0.00      0.00      0.00         2
          82       0.00      0.00      0.00         0
          83       0.00      0.00      0.00         0
          84       0.00      0.00      0.00         4
          85       0.00      0.00      0.00         0
          86       0.00      0.00      0.00         0
          87       0.00      0.00      0.00         0
          88       0.00      0.00      0.00         0
          89       0.00      0.00      0.00         6
          90       0.00      0.00      0.00         0
          91       0.00      0.00      0.00         0
          92       0.00      0.00      0.00         0
          93       0.00      0.00      0.00         1
          94       0.00      0.00      0.00         4
          95       0.00      0.00      0.00         0
          96       0.00      0.00      0.00         0
          97       0.00      0.00      0.00         1
          98       0.69      0.79      0.73        47
          99       0.00      0.00      0.00         2
         100       0.00      0.00      0.00         0
         101       0.00      0.00      0.00         1
         102       0.00      0.00      0.00         0
         103       0.00      0.00      0.00         8
         104       0.00      0.00      0.00         1
         105       0.00      0.00      0.00         0
         106       0.00      0.00      0.00         1
         107       0.00      0.00      0.00         2
         108       0.00      0.00      0.00         0
         109       0.00      0.00      0.00         3
         110       0.00      0.00      0.00         0
         111       0.00      0.00      0.00         0
         112       0.00      0.00      0.00         0
         113       0.00      0.00      0.00         0
         114       0.00      0.00      0.00         2
         115       0.00      0.00      0.00         1
         116       0.00      0.00      0.00         1
         117       0.00      0.00      0.00         1

   micro avg       0.62      0.27      0.37       333
   macro avg       0.03      0.03      0.03       333
weighted avg       0.29      0.27      0.26       333
 samples avg       0.12      0.11      0.11       333

> epoch: 16
              precision    recall  f1-score   support

           0       0.00      0.00      0.00         0
           1       0.00      0.00      0.00         0
           2       0.00      0.00      0.00         6
           3       0.00      0.00      0.00         0
           4       0.00      0.00      0.00         0
           5       0.00      0.00      0.00         1
           6       0.00      0.00      0.00         0
           7       0.00      0.00      0.00         0
           8       0.00      0.00      0.00         1
           9       0.00      0.00      0.00         2
          10       0.00      0.00      0.00        13
          11       0.00      0.00      0.00         2
          12       0.00      0.00      0.00         8
          13       0.00      0.00      0.00         0
          14       0.00      0.00      0.00        10
          15       0.00      0.00      0.00         1
          16       0.00      0.00      0.00         0
          17       0.00      0.00      0.00         1
          18       0.00      0.00      0.00         0
          19       0.00      0.00      0.00         2
          20       0.00      0.00      0.00         7
          21       0.00      0.00      0.00         8
          22       0.00      0.00      0.00         1
          23       0.48      0.60      0.54        25
          24       0.00      0.00      0.00         0
          25       0.00      0.00      0.00         2
          26       0.75      0.50      0.60        18
          27       0.00      0.00      0.00         0
          28       0.00      0.00      0.00         3
          29       0.00      0.00      0.00         3
          30       0.00      0.00      0.00         5
          31       0.00      0.00      0.00         0
          32       0.00      0.00      0.00         3
          33       0.00      0.00      0.00         1
          34       0.00      0.00      0.00         0
          35       0.00      0.00      0.00         3
          36       0.00      0.00      0.00         0
          37       0.75      0.43      0.55        14
          38       0.00      0.00      0.00         0
          39       0.00      0.00      0.00         4
          40       0.00      0.00      0.00         1
          41       0.00      0.00      0.00         1
          42       0.00      0.00      0.00         0
          43       0.00      0.00      0.00         1
          44       0.00      0.00      0.00         1
          45       0.00      0.00      0.00         0
          46       0.00      0.00      0.00         1
          47       0.00      0.00      0.00         0
          48       0.00      0.00      0.00         4
          49       0.00      0.00      0.00         1
          50       0.00      0.00      0.00         0
          51       0.00      0.00      0.00         0
          52       0.00      0.00      0.00         0
          53       0.00      0.00      0.00         2
          54       0.67      0.20      0.31        10
          55       0.00      0.00      0.00         0
          56       0.00      0.00      0.00         7
          57       0.00      0.00      0.00         8
          58       0.00      0.00      0.00         8
          59       0.00      0.00      0.00         0
          60       0.00      0.00      0.00         1
          61       0.00      0.00      0.00         4
          62       0.00      0.00      0.00         0
          63       0.00      0.00      0.00         0
          64       0.00      0.00      0.00         0
          65       0.00      0.00      0.00         2
          66       0.00      0.00      0.00         0
          67       0.00      0.00      0.00         0
          68       0.00      0.00      0.00         0
          69       0.00      0.00      0.00         0
          70       0.00      0.00      0.00         0
          71       0.96      0.81      0.88        32
          72       0.00      0.00      0.00         0
          73       0.00      0.00      0.00         1
          74       0.00      0.00      0.00         0
          75       0.00      0.00      0.00         4
          76       0.00      0.00      0.00         3
          77       0.00      0.00      0.00         7
          78       0.00      0.00      0.00         0
          79       0.00      0.00      0.00         2
          80       0.00      0.00      0.00         0
          81       0.00      0.00      0.00         2
          82       0.00      0.00      0.00         0
          83       0.00      0.00      0.00         0
          84       0.00      0.00      0.00         4
          85       0.00      0.00      0.00         0
          86       0.00      0.00      0.00         0
          87       0.00      0.00      0.00         0
          88       0.00      0.00      0.00         0
          89       0.00      0.00      0.00         6
          90       0.00      0.00      0.00         0
          91       0.00      0.00      0.00         0
          92       0.00      0.00      0.00         0
          93       0.00      0.00      0.00         1
          94       0.00      0.00      0.00         4
          95       0.00      0.00      0.00         0
          96       0.00      0.00      0.00         0
          97       0.00      0.00      0.00         1
          98       0.80      0.77      0.78        47
          99       0.00      0.00      0.00         2
         100       0.00      0.00      0.00         0
         101       0.00      0.00      0.00         1
         102       0.00      0.00      0.00         0
         103       0.00      0.00      0.00         8
         104       0.00      0.00      0.00         1
         105       0.00      0.00      0.00         0
         106       0.00      0.00      0.00         1
         107       0.00      0.00      0.00         2
         108       0.00      0.00      0.00         0
         109       0.00      0.00      0.00         3
         110       0.00      0.00      0.00         0
         111       0.00      0.00      0.00         0
         112       0.00      0.00      0.00         0
         113       0.00      0.00      0.00         0
         114       0.00      0.00      0.00         2
         115       0.00      0.00      0.00         1
         116       0.00      0.00      0.00         1
         117       0.00      0.00      0.00         1

   micro avg       0.75      0.28      0.41       333
   macro avg       0.04      0.03      0.03       333
weighted avg       0.33      0.28      0.30       333
 samples avg       0.13      0.12      0.12       333

> epoch: 17
              precision    recall  f1-score   support

           0       0.00      0.00      0.00         0
           1       0.00      0.00      0.00         0
           2       0.00      0.00      0.00         6
           3       0.00      0.00      0.00         0
           4       0.00      0.00      0.00         0
           5       0.00      0.00      0.00         1
           6       0.00      0.00      0.00         0
           7       0.00      0.00      0.00         0
           8       0.00      0.00      0.00         1
           9       0.00      0.00      0.00         2
          10       0.57      0.31      0.40        13
          11       0.00      0.00      0.00         2
          12       0.00      0.00      0.00         8
          13       0.00      0.00      0.00         0
          14       0.00      0.00      0.00        10
          15       0.00      0.00      0.00         1
          16       0.00      0.00      0.00         0
          17       0.00      0.00      0.00         1
          18       0.00      0.00      0.00         0
          19       0.00      0.00      0.00         2
          20       0.00      0.00      0.00         7
          21       0.00      0.00      0.00         8
          22       0.00      0.00      0.00         1
          23       0.59      0.80      0.68        25
          24       0.00      0.00      0.00         0
          25       0.00      0.00      0.00         2
          26       0.58      0.39      0.47        18
          27       0.00      0.00      0.00         0
          28       0.00      0.00      0.00         3
          29       0.00      0.00      0.00         3
          30       0.00      0.00      0.00         5
          31       0.00      0.00      0.00         0
          32       0.00      0.00      0.00         3
          33       0.00      0.00      0.00         1
          34       0.00      0.00      0.00         0
          35       0.00      0.00      0.00         3
          36       0.00      0.00      0.00         0
          37       0.57      0.57      0.57        14
          38       0.00      0.00      0.00         0
          39       0.00      0.00      0.00         4
          40       0.00      0.00      0.00         1
          41       0.00      0.00      0.00         1
          42       0.00      0.00      0.00         0
          43       0.00      0.00      0.00         1
          44       0.00      0.00      0.00         1
          45       0.00      0.00      0.00         0
          46       0.00      0.00      0.00         1
          47       0.00      0.00      0.00         0
          48       0.00      0.00      0.00         4
          49       0.00      0.00      0.00         1
          50       0.00      0.00      0.00         0
          51       0.00      0.00      0.00         0
          52       0.00      0.00      0.00         0
          53       0.00      0.00      0.00         2
          54       0.80      0.40      0.53        10
          55       0.00      0.00      0.00         0
          56       0.00      0.00      0.00         7
          57       1.00      0.12      0.22         8
          58       0.00      0.00      0.00         8
          59       0.00      0.00      0.00         0
          60       0.00      0.00      0.00         1
          61       0.00      0.00      0.00         4
          62       0.00      0.00      0.00         0
          63       0.00      0.00      0.00         0
          64       0.00      0.00      0.00         0
          65       0.00      0.00      0.00         2
          66       0.00      0.00      0.00         0
          67       0.00      0.00      0.00         0
          68       0.00      0.00      0.00         0
          69       0.00      0.00      0.00         0
          70       0.00      0.00      0.00         0
          71       0.91      0.94      0.92        32
          72       0.00      0.00      0.00         0
          73       0.00      0.00      0.00         1
          74       0.00      0.00      0.00         0
          75       0.75      0.75      0.75         4
          76       0.00      0.00      0.00         3
          77       0.00      0.00      0.00         7
          78       0.00      0.00      0.00         0
          79       0.00      0.00      0.00         2
          80       0.00      0.00      0.00         0
          81       0.00      0.00      0.00         2
          82       0.00      0.00      0.00         0
          83       0.00      0.00      0.00         0
          84       0.00      0.00      0.00         4
          85       0.00      0.00      0.00         0
          86       0.00      0.00      0.00         0
          87       0.00      0.00      0.00         0
          88       0.00      0.00      0.00         0
          89       0.00      0.00      0.00         6
          90       0.00      0.00      0.00         0
          91       0.00      0.00      0.00         0
          92       0.00      0.00      0.00         0
          93       0.00      0.00      0.00         1
          94       0.00      0.00      0.00         4
          95       0.00      0.00      0.00         0
          96       0.00      0.00      0.00         0
          97       0.00      0.00      0.00         1
          98       0.71      0.83      0.76        47
          99       0.00      0.00      0.00         2
         100       0.00      0.00      0.00         0
         101       0.00      0.00      0.00         1
         102       0.00      0.00      0.00         0
         103       0.75      0.75      0.75         8
         104       0.00      0.00      0.00         1
         105       0.00      0.00      0.00         0
         106       0.00      0.00      0.00         1
         107       0.00      0.00      0.00         2
         108       0.00      0.00      0.00         0
         109       0.50      0.33      0.40         3
         110       0.00      0.00      0.00         0
         111       0.00      0.00      0.00         0
         112       0.00      0.00      0.00         0
         113       0.00      0.00      0.00         0
         114       0.00      0.00      0.00         2
         115       0.00      0.00      0.00         1
         116       0.00      0.00      0.00         1
         117       0.00      0.00      0.00         1

   micro avg       0.70      0.37      0.48       333
   macro avg       0.07      0.05      0.05       333
weighted avg       0.39      0.37      0.36       333
 samples avg       0.16      0.15      0.15       333

> epoch: 18
              precision    recall  f1-score   support

           0       0.00      0.00      0.00         0
           1       0.00      0.00      0.00         0
           2       0.00      0.00      0.00         6
           3       0.00      0.00      0.00         0
           4       0.00      0.00      0.00         0
           5       0.00      0.00      0.00         1
           6       0.00      0.00      0.00         0
           7       0.00      0.00      0.00         0
           8       0.00      0.00      0.00         1
           9       0.00      0.00      0.00         2
          10       0.67      0.31      0.42        13
          11       0.00      0.00      0.00         2
          12       0.00      0.00      0.00         8
          13       0.00      0.00      0.00         0
          14       0.00      0.00      0.00        10
          15       0.00      0.00      0.00         1
          16       0.00      0.00      0.00         0
          17       0.00      0.00      0.00         1
          18       0.00      0.00      0.00         0
          19       0.00      0.00      0.00         2
          20       0.00      0.00      0.00         7
          21       0.00      0.00      0.00         8
          22       0.00      0.00      0.00         1
          23       0.53      0.72      0.61        25
          24       0.00      0.00      0.00         0
          25       0.00      0.00      0.00         2
          26       0.44      0.39      0.41        18
          27       0.00      0.00      0.00         0
          28       0.00      0.00      0.00         3
          29       0.00      0.00      0.00         3
          30       0.00      0.00      0.00         5
          31       0.00      0.00      0.00         0
          32       0.00      0.00      0.00         3
          33       0.00      0.00      0.00         1
          34       0.00      0.00      0.00         0
          35       0.00      0.00      0.00         3
          36       0.00      0.00      0.00         0
          37       0.62      0.57      0.59        14
          38       0.00      0.00      0.00         0
          39       0.00      0.00      0.00         4
          40       0.00      0.00      0.00         1
          41       0.00      0.00      0.00         1
          42       0.00      0.00      0.00         0
          43       0.00      0.00      0.00         1
          44       0.00      0.00      0.00         1
          45       0.00      0.00      0.00         0
          46       0.00      0.00      0.00         1
          47       0.00      0.00      0.00         0
          48       0.00      0.00      0.00         4
          49       0.00      0.00      0.00         1
          50       0.00      0.00      0.00         0
          51       0.00      0.00      0.00         0
          52       0.00      0.00      0.00         0
          53       0.00      0.00      0.00         2
          54       0.50      0.40      0.44        10
          55       0.00      0.00      0.00         0
          56       0.00      0.00      0.00         7
          57       0.50      0.12      0.20         8
          58       0.00      0.00      0.00         8
          59       0.00      0.00      0.00         0
          60       0.00      0.00      0.00         1
          61       0.00      0.00      0.00         4
          62       0.00      0.00      0.00         0
          63       0.00      0.00      0.00         0
          64       0.00      0.00      0.00         0
          65       0.00      0.00      0.00         2
          66       0.00      0.00      0.00         0
          67       0.00      0.00      0.00         0
          68       0.00      0.00      0.00         0
          69       0.00      0.00      0.00         0
          70       0.00      0.00      0.00         0
          71       0.93      0.84      0.89        32
          72       0.00      0.00      0.00         0
          73       0.00      0.00      0.00         1
          74       0.00      0.00      0.00         0
          75       1.00      0.50      0.67         4
          76       0.00      0.00      0.00         3
          77       0.00      0.00      0.00         7
          78       0.00      0.00      0.00         0
          79       0.00      0.00      0.00         2
          80       0.00      0.00      0.00         0
          81       0.00      0.00      0.00         2
          82       0.00      0.00      0.00         0
          83       0.00      0.00      0.00         0
          84       0.00      0.00      0.00         4
          85       0.00      0.00      0.00         0
          86       0.00      0.00      0.00         0
          87       0.00      0.00      0.00         0
          88       0.00      0.00      0.00         0
          89       0.00      0.00      0.00         6
          90       0.00      0.00      0.00         0
          91       0.00      0.00      0.00         0
          92       0.00      0.00      0.00         0
          93       0.00      0.00      0.00         1
          94       0.00      0.00      0.00         4
          95       0.00      0.00      0.00         0
          96       0.00      0.00      0.00         0
          97       0.00      0.00      0.00         1
          98       0.72      0.83      0.77        47
          99       0.00      0.00      0.00         2
         100       0.00      0.00      0.00         0
         101       0.00      0.00      0.00         1
         102       0.00      0.00      0.00         0
         103       0.67      0.25      0.36         8
         104       0.00      0.00      0.00         1
         105       0.00      0.00      0.00         0
         106       0.00      0.00      0.00         1
         107       0.00      0.00      0.00         2
         108       0.00      0.00      0.00         0
         109       0.50      0.33      0.40         3
         110       0.00      0.00      0.00         0
         111       0.00      0.00      0.00         0
         112       0.00      0.00      0.00         0
         113       0.00      0.00      0.00         0
         114       0.00      0.00      0.00         2
         115       0.00      0.00      0.00         1
         116       0.00      0.00      0.00         1
         117       0.00      0.00      0.00         1

   micro avg       0.66      0.34      0.45       333
   macro avg       0.06      0.04      0.05       333
weighted avg       0.37      0.34      0.34       333
 samples avg       0.15      0.14      0.14       333

> epoch: 19
              precision    recall  f1-score   support

           0       0.00      0.00      0.00         0
           1       0.00      0.00      0.00         0
           2       0.00      0.00      0.00         6
           3       0.00      0.00      0.00         0
           4       0.00      0.00      0.00         0
           5       0.00      0.00      0.00         1
           6       0.00      0.00      0.00         0
           7       0.00      0.00      0.00         0
           8       0.00      0.00      0.00         1
           9       0.00      0.00      0.00         2
          10       0.60      0.46      0.52        13
          11       0.00      0.00      0.00         2
          12       1.00      0.12      0.22         8
          13       0.00      0.00      0.00         0
          14       0.50      0.10      0.17        10
          15       0.00      0.00      0.00         1
          16       0.00      0.00      0.00         0
          17       0.00      0.00      0.00         1
          18       0.00      0.00      0.00         0
          19       1.00      1.00      1.00         2
          20       1.00      0.14      0.25         7
          21       0.00      0.00      0.00         8
          22       0.00      0.00      0.00         1
          23       0.58      0.72      0.64        25
          24       0.00      0.00      0.00         0
          25       0.00      0.00      0.00         2
          26       0.55      0.33      0.41        18
          27       0.00      0.00      0.00         0
          28       0.00      0.00      0.00         3
          29       0.00      0.00      0.00         3
          30       0.00      0.00      0.00         5
          31       0.00      0.00      0.00         0
          32       0.00      0.00      0.00         3
          33       0.00      0.00      0.00         1
          34       0.00      0.00      0.00         0
          35       0.00      0.00      0.00         3
          36       0.00      0.00      0.00         0
          37       0.64      0.64      0.64        14
          38       0.00      0.00      0.00         0
          39       0.00      0.00      0.00         4
          40       0.00      0.00      0.00         1
          41       0.00      0.00      0.00         1
          42       0.00      0.00      0.00         0
          43       0.00      0.00      0.00         1
          44       0.00      0.00      0.00         1
          45       0.00      0.00      0.00         0
          46       0.00      0.00      0.00         1
          47       0.00      0.00      0.00         0
          48       0.00      0.00      0.00         4
          49       0.00      0.00      0.00         1
          50       0.00      0.00      0.00         0
          51       0.00      0.00      0.00         0
          52       0.00      0.00      0.00         0
          53       0.00      0.00      0.00         2
          54       0.54      0.70      0.61        10
          55       0.00      0.00      0.00         0
          56       0.00      0.00      0.00         7
          57       0.67      0.75      0.71         8
          58       0.00      0.00      0.00         8
          59       0.00      0.00      0.00         0
          60       0.00      0.00      0.00         1
          61       0.00      0.00      0.00         4
          62       0.00      0.00      0.00         0
          63       0.00      0.00      0.00         0
          64       0.00      0.00      0.00         0
          65       0.00      0.00      0.00         2
          66       0.00      0.00      0.00         0
          67       0.00      0.00      0.00         0
          68       0.00      0.00      0.00         0
          69       0.00      0.00      0.00         0
          70       0.00      0.00      0.00         0
          71       0.93      0.84      0.89        32
          72       0.00      0.00      0.00         0
          73       0.00      0.00      0.00         1
          74       0.00      0.00      0.00         0
          75       0.75      0.75      0.75         4
          76       0.00      0.00      0.00         3
          77       1.00      0.86      0.92         7
          78       0.00      0.00      0.00         0
          79       0.00      0.00      0.00         2
          80       0.00      0.00      0.00         0
          81       0.00      0.00      0.00         2
          82       0.00      0.00      0.00         0
          83       0.00      0.00      0.00         0
          84       0.00      0.00      0.00         4
          85       0.00      0.00      0.00         0
          86       0.00      0.00      0.00         0
          87       0.00      0.00      0.00         0
          88       0.00      0.00      0.00         0
          89       0.50      0.17      0.25         6
          90       0.00      0.00      0.00         0
          91       0.00      0.00      0.00         0
          92       0.00      0.00      0.00         0
          93       0.00      0.00      0.00         1
          94       0.00      0.00      0.00         4
          95       0.00      0.00      0.00         0
          96       0.00      0.00      0.00         0
          97       0.00      0.00      0.00         1
          98       0.81      0.81      0.81        47
          99       0.00      0.00      0.00         2
         100       0.00      0.00      0.00         0
         101       0.00      0.00      0.00         1
         102       0.00      0.00      0.00         0
         103       0.43      0.38      0.40         8
         104       0.00      0.00      0.00         1
         105       0.00      0.00      0.00         0
         106       0.00      0.00      0.00         1
         107       0.00      0.00      0.00         2
         108       0.00      0.00      0.00         0
         109       0.50      0.33      0.40         3
         110       0.00      0.00      0.00         0
         111       0.00      0.00      0.00         0
         112       0.00      0.00      0.00         0
         113       0.00      0.00      0.00         0
         114       0.00      0.00      0.00         2
         115       0.00      0.00      0.00         1
         116       0.00      0.00      0.00         1
         117       0.00      0.00      0.00         1

   micro avg       0.71      0.41      0.52       333
   macro avg       0.10      0.08      0.08       333
weighted avg       0.48      0.41      0.42       333
 samples avg       0.18      0.17      0.17       333

> epoch: 20
              precision    recall  f1-score   support

           0       0.00      0.00      0.00         0
           1       0.00      0.00      0.00         0
           2       0.67      0.33      0.44         6
           3       0.00      0.00      0.00         0
           4       0.00      0.00      0.00         0
           5       0.00      0.00      0.00         1
           6       0.00      0.00      0.00         0
           7       0.00      0.00      0.00         0
           8       0.00      0.00      0.00         1
           9       0.00      0.00      0.00         2
          10       0.43      0.23      0.30        13
          11       0.00      0.00      0.00         2
          12       1.00      0.12      0.22         8
          13       0.00      0.00      0.00         0
          14       0.67      0.40      0.50        10
          15       0.00      0.00      0.00         1
          16       0.00      0.00      0.00         0
          17       0.00      0.00      0.00         1
          18       0.00      0.00      0.00         0
          19       1.00      1.00      1.00         2
          20       1.00      0.29      0.44         7
          21       1.00      0.12      0.22         8
          22       0.00      0.00      0.00         1
          23       0.52      0.64      0.57        25
          24       0.00      0.00      0.00         0
          25       0.00      0.00      0.00         2
          26       0.75      0.33      0.46        18
          27       0.00      0.00      0.00         0
          28       0.00      0.00      0.00         3
          29       0.00      0.00      0.00         3
          30       0.00      0.00      0.00         5
          31       0.00      0.00      0.00         0
          32       0.00      0.00      0.00         3
          33       0.00      0.00      0.00         1
          34       0.00      0.00      0.00         0
          35       0.00      0.00      0.00         3
          36       0.00      0.00      0.00         0
          37       0.55      0.43      0.48        14
          38       0.00      0.00      0.00         0
          39       0.00      0.00      0.00         4
          40       0.00      0.00      0.00         1
          41       0.00      0.00      0.00         1
          42       0.00      0.00      0.00         0
          43       0.00      0.00      0.00         1
          44       0.00      0.00      0.00         1
          45       0.00      0.00      0.00         0
          46       0.00      0.00      0.00         1
          47       0.00      0.00      0.00         0
          48       0.00      0.00      0.00         4
          49       0.00      0.00      0.00         1
          50       0.00      0.00      0.00         0
          51       0.00      0.00      0.00         0
          52       0.00      0.00      0.00         0
          53       0.00      0.00      0.00         2
          54       0.67      0.60      0.63        10
          55       0.00      0.00      0.00         0
          56       0.00      0.00      0.00         7
          57       0.54      0.88      0.67         8
          58       0.00      0.00      0.00         8
          59       0.00      0.00      0.00         0
          60       0.00      0.00      0.00         1
          61       0.00      0.00      0.00         4
          62       0.00      0.00      0.00         0
          63       0.00      0.00      0.00         0
          64       0.00      0.00      0.00         0
          65       0.00      0.00      0.00         2
          66       0.00      0.00      0.00         0
          67       0.00      0.00      0.00         0
          68       0.00      0.00      0.00         0
          69       0.00      0.00      0.00         0
          70       0.00      0.00      0.00         0
          71       0.93      0.81      0.87        32
          72       0.00      0.00      0.00         0
          73       0.00      0.00      0.00         1
          74       0.00      0.00      0.00         0
          75       0.75      0.75      0.75         4
          76       1.00      0.33      0.50         3
          77       1.00      1.00      1.00         7
          78       0.00      0.00      0.00         0
          79       0.00      0.00      0.00         2
          80       0.00      0.00      0.00         0
          81       0.00      0.00      0.00         2
          82       0.00      0.00      0.00         0
          83       0.00      0.00      0.00         0
          84       0.00      0.00      0.00         4
          85       0.00      0.00      0.00         0
          86       0.00      0.00      0.00         0
          87       0.00      0.00      0.00         0
          88       0.00      0.00      0.00         0
          89       0.40      0.33      0.36         6
          90       0.00      0.00      0.00         0
          91       0.00      0.00      0.00         0
          92       0.00      0.00      0.00         0
          93       0.00      0.00      0.00         1
          94       0.00      0.00      0.00         4
          95       0.00      0.00      0.00         0
          96       0.00      0.00      0.00         0
          97       0.00      0.00      0.00         1
          98       0.74      0.91      0.82        47
          99       0.00      0.00      0.00         2
         100       0.00      0.00      0.00         0
         101       0.00      0.00      0.00         1
         102       0.00      0.00      0.00         0
         103       0.17      0.12      0.14         8
         104       0.00      0.00      0.00         1
         105       0.00      0.00      0.00         0
         106       0.00      0.00      0.00         1
         107       0.00      0.00      0.00         2
         108       0.00      0.00      0.00         0
         109       0.50      0.67      0.57         3
         110       0.00      0.00      0.00         0
         111       0.00      0.00      0.00         0
         112       0.00      0.00      0.00         0
         113       0.00      0.00      0.00         0
         114       0.00      0.00      0.00         2
         115       0.00      0.00      0.00         1
         116       0.00      0.00      0.00         1
         117       0.00      0.00      0.00         1

   micro avg       0.67      0.42      0.52       333
   macro avg       0.12      0.09      0.09       333
weighted avg       0.51      0.42      0.43       333
 samples avg       0.19      0.17      0.18       333

> epoch: 21
              precision    recall  f1-score   support

           0       0.00      0.00      0.00         0
           1       0.00      0.00      0.00         0
           2       0.75      0.50      0.60         6
           3       0.00      0.00      0.00         0
           4       0.00      0.00      0.00         0
           5       1.00      1.00      1.00         1
           6       0.00      0.00      0.00         0
           7       0.00      0.00      0.00         0
           8       0.00      0.00      0.00         1
           9       0.00      0.00      0.00         2
          10       0.60      0.46      0.52        13
          11       0.00      0.00      0.00         2
          12       1.00      0.25      0.40         8
          13       0.00      0.00      0.00         0
          14       0.67      0.20      0.31        10
          15       0.00      0.00      0.00         1
          16       0.00      0.00      0.00         0
          17       0.00      0.00      0.00         1
          18       0.00      0.00      0.00         0
          19       1.00      1.00      1.00         2
          20       0.67      0.57      0.62         7
          21       0.67      0.25      0.36         8
          22       0.00      0.00      0.00         1
          23       0.57      0.80      0.67        25
          24       0.00      0.00      0.00         0
          25       0.00      0.00      0.00         2
          26       0.50      0.22      0.31        18
          27       0.00      0.00      0.00         0
          28       0.00      0.00      0.00         3
          29       0.00      0.00      0.00         3
          30       0.00      0.00      0.00         5
          31       0.00      0.00      0.00         0
          32       0.00      0.00      0.00         3
          33       0.00      0.00      0.00         1
          34       0.00      0.00      0.00         0
          35       0.00      0.00      0.00         3
          36       0.00      0.00      0.00         0
          37       0.39      0.86      0.53        14
          38       0.00      0.00      0.00         0
          39       0.67      0.50      0.57         4
          40       0.00      0.00      0.00         1
          41       0.00      0.00      0.00         1
          42       0.00      0.00      0.00         0
          43       0.00      0.00      0.00         1
          44       0.00      0.00      0.00         1
          45       0.00      0.00      0.00         0
          46       0.00      0.00      0.00         1
          47       0.00      0.00      0.00         0
          48       0.00      0.00      0.00         4
          49       0.00      0.00      0.00         1
          50       0.00      0.00      0.00         0
          51       0.00      0.00      0.00         0
          52       0.00      0.00      0.00         0
          53       0.00      0.00      0.00         2
          54       0.50      0.30      0.38        10
          55       0.00      0.00      0.00         0
          56       0.00      0.00      0.00         7
          57       0.56      0.62      0.59         8
          58       0.00      0.00      0.00         8
          59       0.00      0.00      0.00         0
          60       0.00      0.00      0.00         1
          61       1.00      0.50      0.67         4
          62       0.00      0.00      0.00         0
          63       0.00      0.00      0.00         0
          64       0.00      0.00      0.00         0
          65       0.00      0.00      0.00         2
          66       0.00      0.00      0.00         0
          67       0.00      0.00      0.00         0
          68       0.00      0.00      0.00         0
          69       0.00      0.00      0.00         0
          70       0.00      0.00      0.00         0
          71       0.90      0.88      0.89        32
          72       0.00      0.00      0.00         0
          73       0.00      0.00      0.00         1
          74       0.00      0.00      0.00         0
          75       0.75      0.75      0.75         4
          76       1.00      0.33      0.50         3
          77       1.00      0.86      0.92         7
          78       0.00      0.00      0.00         0
          79       0.00      0.00      0.00         2
          80       0.00      0.00      0.00         0
          81       0.00      0.00      0.00         2
          82       0.00      0.00      0.00         0
          83       0.00      0.00      0.00         0
          84       1.00      0.25      0.40         4
          85       0.00      0.00      0.00         0
          86       0.00      0.00      0.00         0
          87       0.00      0.00      0.00         0
          88       0.00      0.00      0.00         0
          89       0.00      0.00      0.00         6
          90       0.00      0.00      0.00         0
          91       0.00      0.00      0.00         0
          92       0.00      0.00      0.00         0
          93       0.00      0.00      0.00         1
          94       0.00      0.00      0.00         4
          95       0.00      0.00      0.00         0
          96       0.00      0.00      0.00         0
          97       0.00      0.00      0.00         1
          98       0.74      0.72      0.73        47
          99       0.00      0.00      0.00         2
         100       0.00      0.00      0.00         0
         101       0.00      0.00      0.00         1
         102       0.00      0.00      0.00         0
         103       0.60      0.38      0.46         8
         104       0.00      0.00      0.00         1
         105       0.00      0.00      0.00         0
         106       0.00      0.00      0.00         1
         107       0.00      0.00      0.00         2
         108       0.00      0.00      0.00         0
         109       0.50      0.33      0.40         3
         110       0.00      0.00      0.00         0
         111       0.00      0.00      0.00         0
         112       0.00      0.00      0.00         0
         113       0.00      0.00      0.00         0
         114       0.00      0.00      0.00         2
         115       0.00      0.00      0.00         1
         116       0.00      0.00      0.00         1
         117       0.00      0.00      0.00         1

   micro avg       0.65      0.44      0.53       333
   macro avg       0.14      0.11      0.12       333
weighted avg       0.52      0.44      0.45       333
 samples avg       0.19      0.18      0.18       333

> epoch: 22
              precision    recall  f1-score   support

           0       0.00      0.00      0.00         0
           1       0.00      0.00      0.00         0
           2       0.67      0.33      0.44         6
           3       0.00      0.00      0.00         0
           4       0.00      0.00      0.00         0
           5       1.00      1.00      1.00         1
           6       0.00      0.00      0.00         0
           7       0.00      0.00      0.00         0
           8       0.00      0.00      0.00         1
           9       0.00      0.00      0.00         2
          10       0.75      0.46      0.57        13
          11       0.00      0.00      0.00         2
          12       1.00      0.50      0.67         8
          13       0.00      0.00      0.00         0
          14       0.50      0.20      0.29        10
          15       0.00      0.00      0.00         1
          16       0.00      0.00      0.00         0
          17       0.00      0.00      0.00         1
          18       0.00      0.00      0.00         0
          19       1.00      1.00      1.00         2
          20       1.00      0.57      0.73         7
          21       0.75      0.38      0.50         8
          22       0.00      0.00      0.00         1
          23       0.61      0.80      0.69        25
          24       0.00      0.00      0.00         0
          25       0.00      0.00      0.00         2
          26       0.83      0.28      0.42        18
          27       0.00      0.00      0.00         0
          28       0.00      0.00      0.00         3
          29       0.00      0.00      0.00         3
          30       0.00      0.00      0.00         5
          31       0.00      0.00      0.00         0
          32       0.00      0.00      0.00         3
          33       0.00      0.00      0.00         1
          34       0.00      0.00      0.00         0
          35       0.00      0.00      0.00         3
          36       0.00      0.00      0.00         0
          37       0.57      0.57      0.57        14
          38       0.00      0.00      0.00         0
          39       0.67      0.50      0.57         4
          40       0.00      0.00      0.00         1
          41       0.00      0.00      0.00         1
          42       0.00      0.00      0.00         0
          43       0.00      0.00      0.00         1
          44       0.00      0.00      0.00         1
          45       0.00      0.00      0.00         0
          46       0.00      0.00      0.00         1
          47       0.00      0.00      0.00         0
          48       1.00      0.25      0.40         4
          49       0.00      0.00      0.00         1
          50       0.00      0.00      0.00         0
          51       0.00      0.00      0.00         0
          52       0.00      0.00      0.00         0
          53       0.00      0.00      0.00         2
          54       0.50      0.40      0.44        10
          55       0.00      0.00      0.00         0
          56       0.00      0.00      0.00         7
          57       0.67      0.25      0.36         8
          58       0.67      0.25      0.36         8
          59       0.00      0.00      0.00         0
          60       0.00      0.00      0.00         1
          61       1.00      0.25      0.40         4
          62       0.00      0.00      0.00         0
          63       0.00      0.00      0.00         0
          64       0.00      0.00      0.00         0
          65       0.00      0.00      0.00         2
          66       0.00      0.00      0.00         0
          67       0.00      0.00      0.00         0
          68       0.00      0.00      0.00         0
          69       0.00      0.00      0.00         0
          70       0.00      0.00      0.00         0
          71       0.90      0.88      0.89        32
          72       0.00      0.00      0.00         0
          73       0.00      0.00      0.00         1
          74       0.00      0.00      0.00         0
          75       0.75      0.75      0.75         4
          76       1.00      0.33      0.50         3
          77       1.00      1.00      1.00         7
          78       0.00      0.00      0.00         0
          79       0.00      0.00      0.00         2
          80       0.00      0.00      0.00         0
          81       0.00      0.00      0.00         2
          82       0.00      0.00      0.00         0
          83       0.00      0.00      0.00         0
          84       0.00      0.00      0.00         4
          85       0.00      0.00      0.00         0
          86       0.00      0.00      0.00         0
          87       0.00      0.00      0.00         0
          88       0.00      0.00      0.00         0
          89       0.00      0.00      0.00         6
          90       0.00      0.00      0.00         0
          91       0.00      0.00      0.00         0
          92       0.00      0.00      0.00         0
          93       0.00      0.00      0.00         1
          94       0.00      0.00      0.00         4
          95       0.00      0.00      0.00         0
          96       0.00      0.00      0.00         0
          97       0.00      0.00      0.00         1
          98       0.77      0.85      0.81        47
          99       0.00      0.00      0.00         2
         100       0.00      0.00      0.00         0
         101       0.00      0.00      0.00         1
         102       0.00      0.00      0.00         0
         103       0.40      0.25      0.31         8
         104       0.00      0.00      0.00         1
         105       0.00      0.00      0.00         0
         106       0.00      0.00      0.00         1
         107       0.00      0.00      0.00         2
         108       0.00      0.00      0.00         0
         109       0.50      0.33      0.40         3
         110       0.00      0.00      0.00         0
         111       0.00      0.00      0.00         0
         112       0.00      0.00      0.00         0
         113       0.00      0.00      0.00         0
         114       0.00      0.00      0.00         2
         115       0.00      0.00      0.00         1
         116       0.00      0.00      0.00         1
         117       0.00      0.00      0.00         1

   micro avg       0.73      0.45      0.56       333
   macro avg       0.16      0.10      0.12       333
weighted avg       0.57      0.45      0.48       333
 samples avg       0.19      0.18      0.18       333

> epoch: 23
              precision    recall  f1-score   support

           0       0.00      0.00      0.00         0
           1       0.00      0.00      0.00         0
           2       0.60      0.50      0.55         6
           3       0.00      0.00      0.00         0
           4       0.00      0.00      0.00         0
           5       1.00      1.00      1.00         1
           6       0.00      0.00      0.00         0
           7       0.00      0.00      0.00         0
           8       0.00      0.00      0.00         1
           9       0.00      0.00      0.00         2
          10       0.62      0.38      0.48        13
          11       0.00      0.00      0.00         2
          12       1.00      0.38      0.55         8
          13       0.00      0.00      0.00         0
          14       0.57      0.40      0.47        10
          15       0.00      0.00      0.00         1
          16       0.00      0.00      0.00         0
          17       0.00      0.00      0.00         1
          18       0.00      0.00      0.00         0
          19       1.00      0.50      0.67         2
          20       1.00      0.43      0.60         7
          21       0.75      0.38      0.50         8
          22       0.00      0.00      0.00         1
          23       0.61      0.68      0.64        25
          24       0.00      0.00      0.00         0
          25       0.00      0.00      0.00         2
          26       0.50      0.28      0.36        18
          27       0.00      0.00      0.00         0
          28       0.00      0.00      0.00         3
          29       1.00      0.33      0.50         3
          30       0.00      0.00      0.00         5
          31       0.00      0.00      0.00         0
          32       0.00      0.00      0.00         3
          33       0.00      0.00      0.00         1
          34       0.00      0.00      0.00         0
          35       0.00      0.00      0.00         3
          36       0.00      0.00      0.00         0
          37       0.47      0.50      0.48        14
          38       0.00      0.00      0.00         0
          39       0.75      0.75      0.75         4
          40       0.00      0.00      0.00         1
          41       0.00      0.00      0.00         1
          42       0.00      0.00      0.00         0
          43       0.00      0.00      0.00         1
          44       0.00      0.00      0.00         1
          45       0.00      0.00      0.00         0
          46       0.00      0.00      0.00         1
          47       0.00      0.00      0.00         0
          48       0.00      0.00      0.00         4
          49       0.00      0.00      0.00         1
          50       0.00      0.00      0.00         0
          51       0.00      0.00      0.00         0
          52       0.00      0.00      0.00         0
          53       0.00      0.00      0.00         2
          54       0.70      0.70      0.70        10
          55       0.00      0.00      0.00         0
          56       0.00      0.00      0.00         7
          57       0.62      0.62      0.62         8
          58       0.00      0.00      0.00         8
          59       0.00      0.00      0.00         0
          60       0.00      0.00      0.00         1
          61       0.20      0.25      0.22         4
          62       0.00      0.00      0.00         0
          63       0.00      0.00      0.00         0
          64       0.00      0.00      0.00         0
          65       0.00      0.00      0.00         2
          66       0.00      0.00      0.00         0
          67       0.00      0.00      0.00         0
          68       0.00      0.00      0.00         0
          69       0.00      0.00      0.00         0
          70       0.00      0.00      0.00         0
          71       0.91      0.94      0.92        32
          72       0.00      0.00      0.00         0
          73       0.00      0.00      0.00         1
          74       0.00      0.00      0.00         0
          75       0.75      0.75      0.75         4
          76       1.00      0.33      0.50         3
          77       1.00      1.00      1.00         7
          78       0.00      0.00      0.00         0
          79       0.00      0.00      0.00         2
          80       0.00      0.00      0.00         0
          81       0.00      0.00      0.00         2
          82       0.00      0.00      0.00         0
          83       0.00      0.00      0.00         0
          84       1.00      0.25      0.40         4
          85       0.00      0.00      0.00         0
          86       0.00      0.00      0.00         0
          87       0.00      0.00      0.00         0
          88       0.00      0.00      0.00         0
          89       0.50      0.33      0.40         6
          90       0.00      0.00      0.00         0
          91       0.00      0.00      0.00         0
          92       0.00      0.00      0.00         0
          93       0.00      0.00      0.00         1
          94       0.00      0.00      0.00         4
          95       0.00      0.00      0.00         0
          96       0.00      0.00      0.00         0
          97       0.00      0.00      0.00         1
          98       0.75      0.77      0.76        47
          99       0.00      0.00      0.00         2
         100       0.00      0.00      0.00         0
         101       0.00      0.00      0.00         1
         102       0.00      0.00      0.00         0
         103       0.57      0.50      0.53         8
         104       0.00      0.00      0.00         1
         105       0.00      0.00      0.00         0
         106       0.00      0.00      0.00         1
         107       0.00      0.00      0.00         2
         108       0.00      0.00      0.00         0
         109       0.67      0.67      0.67         3
         110       0.00      0.00      0.00         0
         111       0.00      0.00      0.00         0
         112       0.00      0.00      0.00         0
         113       0.00      0.00      0.00         0
         114       0.00      0.00      0.00         2
         115       0.00      0.00      0.00         1
         116       0.00      0.00      0.00         1
         117       0.00      0.00      0.00         1

   micro avg       0.70      0.47      0.56       333
   macro avg       0.16      0.12      0.13       333
weighted avg       0.55      0.47      0.49       333
 samples avg       0.20      0.19      0.19       333

> epoch: 24
              precision    recall  f1-score   support

           0       0.00      0.00      0.00         0
           1       0.00      0.00      0.00         0
           2       0.67      0.33      0.44         6
           3       0.00      0.00      0.00         0
           4       0.00      0.00      0.00         0
           5       1.00      1.00      1.00         1
           6       0.00      0.00      0.00         0
           7       0.00      0.00      0.00         0
           8       0.00      0.00      0.00         1
           9       0.00      0.00      0.00         2
          10       0.62      0.38      0.48        13
          11       0.00      0.00      0.00         2
          12       1.00      0.25      0.40         8
          13       0.00      0.00      0.00         0
          14       0.57      0.40      0.47        10
          15       0.00      0.00      0.00         1
          16       0.00      0.00      0.00         0
          17       0.00      0.00      0.00         1
          18       0.00      0.00      0.00         0
          19       1.00      1.00      1.00         2
          20       0.80      0.57      0.67         7
          21       0.71      0.62      0.67         8
          22       0.00      0.00      0.00         1
          23       0.61      0.76      0.68        25
          24       0.00      0.00      0.00         0
          25       0.00      0.00      0.00         2
          26       0.64      0.39      0.48        18
          27       0.00      0.00      0.00         0
          28       0.00      0.00      0.00         3
          29       1.00      0.67      0.80         3
          30       0.00      0.00      0.00         5
          31       0.00      0.00      0.00         0
          32       0.00      0.00      0.00         3
          33       0.00      0.00      0.00         1
          34       0.00      0.00      0.00         0
          35       0.00      0.00      0.00         3
          36       0.00      0.00      0.00         0
          37       0.64      0.64      0.64        14
          38       0.00      0.00      0.00         0
          39       0.67      0.50      0.57         4
          40       0.00      0.00      0.00         1
          41       0.20      1.00      0.33         1
          42       0.00      0.00      0.00         0
          43       0.00      0.00      0.00         1
          44       0.00      0.00      0.00         1
          45       0.00      0.00      0.00         0
          46       0.00      0.00      0.00         1
          47       0.00      0.00      0.00         0
          48       1.00      0.50      0.67         4
          49       0.00      0.00      0.00         1
          50       0.00      0.00      0.00         0
          51       0.00      0.00      0.00         0
          52       0.00      0.00      0.00         0
          53       0.00      0.00      0.00         2
          54       0.70      0.70      0.70        10
          55       0.00      0.00      0.00         0
          56       1.00      0.29      0.44         7
          57       0.67      0.25      0.36         8
          58       0.75      0.38      0.50         8
          59       0.00      0.00      0.00         0
          60       0.00      0.00      0.00         1
          61       0.00      0.00      0.00         4
          62       0.00      0.00      0.00         0
          63       0.00      0.00      0.00         0
          64       0.00      0.00      0.00         0
          65       0.00      0.00      0.00         2
          66       0.00      0.00      0.00         0
          67       0.00      0.00      0.00         0
          68       0.00      0.00      0.00         0
          69       0.00      0.00      0.00         0
          70       0.00      0.00      0.00         0
          71       0.91      0.91      0.91        32
          72       0.00      0.00      0.00         0
          73       0.00      0.00      0.00         1
          74       0.00      0.00      0.00         0
          75       0.75      0.75      0.75         4
          76       1.00      0.33      0.50         3
          77       1.00      1.00      1.00         7
          78       0.00      0.00      0.00         0
          79       0.00      0.00      0.00         2
          80       0.00      0.00      0.00         0
          81       0.00      0.00      0.00         2
          82       0.00      0.00      0.00         0
          83       0.00      0.00      0.00         0
          84       1.00      0.25      0.40         4
          85       0.00      0.00      0.00         0
          86       0.00      0.00      0.00         0
          87       0.00      0.00      0.00         0
          88       0.00      0.00      0.00         0
          89       0.67      0.33      0.44         6
          90       0.00      0.00      0.00         0
          91       0.00      0.00      0.00         0
          92       0.00      0.00      0.00         0
          93       0.00      0.00      0.00         1
          94       0.00      0.00      0.00         4
          95       0.00      0.00      0.00         0
          96       0.00      0.00      0.00         0
          97       0.00      0.00      0.00         1
          98       0.73      0.79      0.76        47
          99       0.00      0.00      0.00         2
         100       0.00      0.00      0.00         0
         101       0.00      0.00      0.00         1
         102       0.00      0.00      0.00         0
         103       0.75      0.75      0.75         8
         104       0.00      0.00      0.00         1
         105       0.00      0.00      0.00         0
         106       0.00      0.00      0.00         1
         107       0.00      0.00      0.00         2
         108       0.00      0.00      0.00         0
         109       0.50      0.67      0.57         3
         110       0.00      0.00      0.00         0
         111       0.00      0.00      0.00         0
         112       0.00      0.00      0.00         0
         113       0.00      0.00      0.00         0
         114       0.00      0.00      0.00         2
         115       0.00      0.00      0.00         1
         116       0.00      0.00      0.00         1
         117       0.00      0.00      0.00         1

   micro avg       0.72      0.51      0.59       333
   macro avg       0.18      0.14      0.15       333
weighted avg       0.61      0.51      0.53       333
 samples avg       0.22      0.20      0.21       333

> epoch: 25
              precision    recall  f1-score   support

           0       0.00      0.00      0.00         0
           1       0.00      0.00      0.00         0
           2       0.60      0.50      0.55         6
           3       0.00      0.00      0.00         0
           4       0.00      0.00      0.00         0
           5       1.00      1.00      1.00         1
           6       0.00      0.00      0.00         0
           7       0.00      0.00      0.00         0
           8       0.00      0.00      0.00         1
           9       0.00      0.00      0.00         2
          10       0.38      0.38      0.38        13
          11       0.00      0.00      0.00         2
          12       1.00      0.25      0.40         8
          13       0.00      0.00      0.00         0
          14       0.54      0.70      0.61        10
          15       0.00      0.00      0.00         1
          16       0.00      0.00      0.00         0
          17       0.00      0.00      0.00         1
          18       0.00      0.00      0.00         0
          19       1.00      1.00      1.00         2
          20       0.80      0.57      0.67         7
          21       0.75      0.38      0.50         8
          22       0.00      0.00      0.00         1
          23       0.58      0.76      0.66        25
          24       0.00      0.00      0.00         0
          25       0.00      0.00      0.00         2
          26       0.45      0.28      0.34        18
          27       0.00      0.00      0.00         0
          28       0.00      0.00      0.00         3
          29       0.00      0.00      0.00         3
          30       0.00      0.00      0.00         5
          31       0.00      0.00      0.00         0
          32       0.00      0.00      0.00         3
          33       0.00      0.00      0.00         1
          34       0.00      0.00      0.00         0
          35       0.00      0.00      0.00         3
          36       0.00      0.00      0.00         0
          37       0.67      0.29      0.40        14
          38       0.00      0.00      0.00         0
          39       0.67      0.50      0.57         4
          40       0.00      0.00      0.00         1
          41       0.00      0.00      0.00         1
          42       0.00      0.00      0.00         0
          43       0.00      0.00      0.00         1
          44       0.00      0.00      0.00         1
          45       0.00      0.00      0.00         0
          46       0.00      0.00      0.00         1
          47       0.00      0.00      0.00         0
          48       0.00      0.00      0.00         4
          49       0.00      0.00      0.00         1
          50       0.00      0.00      0.00         0
          51       0.00      0.00      0.00         0
          52       0.00      0.00      0.00         0
          53       0.00      0.00      0.00         2
          54       0.57      0.40      0.47        10
          55       0.00      0.00      0.00         0
          56       1.00      0.29      0.44         7
          57       0.56      0.62      0.59         8
          58       0.67      0.25      0.36         8
          59       0.00      0.00      0.00         0
          60       0.00      0.00      0.00         1
          61       0.50      0.75      0.60         4
          62       0.00      0.00      0.00         0
          63       0.00      0.00      0.00         0
          64       0.00      0.00      0.00         0
          65       0.00      0.00      0.00         2
          66       0.00      0.00      0.00         0
          67       0.00      0.00      0.00         0
          68       0.00      0.00      0.00         0
          69       0.00      0.00      0.00         0
          70       0.00      0.00      0.00         0
          71       0.91      0.91      0.91        32
          72       0.00      0.00      0.00         0
          73       0.00      0.00      0.00         1
          74       0.00      0.00      0.00         0
          75       1.00      0.75      0.86         4
          76       1.00      0.67      0.80         3
          77       1.00      1.00      1.00         7
          78       0.00      0.00      0.00         0
          79       0.00      0.00      0.00         2
          80       0.00      0.00      0.00         0
          81       0.00      0.00      0.00         2
          82       0.00      0.00      0.00         0
          83       0.00      0.00      0.00         0
          84       1.00      0.25      0.40         4
          85       0.00      0.00      0.00         0
          86       0.00      0.00      0.00         0
          87       0.00      0.00      0.00         0
          88       0.00      0.00      0.00         0
          89       0.00      0.00      0.00         6
          90       0.00      0.00      0.00         0
          91       0.00      0.00      0.00         0
          92       0.00      0.00      0.00         0
          93       0.00      0.00      0.00         1
          94       0.00      0.00      0.00         4
          95       0.00      0.00      0.00         0
          96       0.00      0.00      0.00         0
          97       0.00      0.00      0.00         1
          98       0.69      0.85      0.76        47
          99       0.00      0.00      0.00         2
         100       0.00      0.00      0.00         0
         101       0.00      0.00      0.00         1
         102       0.00      0.00      0.00         0
         103       0.50      0.25      0.33         8
         104       0.00      0.00      0.00         1
         105       0.00      0.00      0.00         0
         106       0.00      0.00      0.00         1
         107       1.00      0.50      0.67         2
         108       0.00      0.00      0.00         0
         109       0.00      0.00      0.00         3
         110       0.00      0.00      0.00         0
         111       0.00      0.00      0.00         0
         112       0.00      0.00      0.00         0
         113       0.00      0.00      0.00         0
         114       0.00      0.00      0.00         2
         115       0.00      0.00      0.00         1
         116       0.00      0.00      0.00         1
         117       0.00      0.00      0.00         1

   micro avg       0.66      0.47      0.55       333
   macro avg       0.16      0.12      0.13       333
weighted avg       0.54      0.47      0.48       333
 samples avg       0.21      0.20      0.20       333

> epoch: 26
              precision    recall  f1-score   support

           0       0.00      0.00      0.00         0
           1       0.00      0.00      0.00         0
           2       0.67      0.33      0.44         6
           3       0.00      0.00      0.00         0
           4       0.00      0.00      0.00         0
           5       1.00      1.00      1.00         1
           6       0.00      0.00      0.00         0
           7       0.00      0.00      0.00         0
           8       0.00      0.00      0.00         1
           9       0.00      0.00      0.00         2
          10       0.70      0.54      0.61        13
          11       0.00      0.00      0.00         2
          12       1.00      0.38      0.55         8
          13       0.00      0.00      0.00         0
          14       0.71      0.50      0.59        10
          15       0.00      0.00      0.00         1
          16       0.00      0.00      0.00         0
          17       0.00      0.00      0.00         1
          18       0.00      0.00      0.00         0
          19       1.00      1.00      1.00         2
          20       0.60      0.43      0.50         7
          21       0.71      0.62      0.67         8
          22       0.00      0.00      0.00         1
          23       0.57      0.64      0.60        25
          24       0.00      0.00      0.00         0
          25       0.00      0.00      0.00         2
          26       0.38      0.28      0.32        18
          27       0.00      0.00      0.00         0
          28       0.00      0.00      0.00         3
          29       1.00      0.33      0.50         3
          30       0.75      0.60      0.67         5
          31       0.00      0.00      0.00         0
          32       0.00      0.00      0.00         3
          33       0.00      0.00      0.00         1
          34       0.00      0.00      0.00         0
          35       0.00      0.00      0.00         3
          36       0.00      0.00      0.00         0
          37       0.80      0.57      0.67        14
          38       0.00      0.00      0.00         0
          39       0.67      0.50      0.57         4
          40       0.00      0.00      0.00         1
          41       0.00      0.00      0.00         1
          42       0.00      0.00      0.00         0
          43       0.00      0.00      0.00         1
          44       0.00      0.00      0.00         1
          45       0.00      0.00      0.00         0
          46       0.00      0.00      0.00         1
          47       0.00      0.00      0.00         0
          48       1.00      0.50      0.67         4
          49       0.00      0.00      0.00         1
          50       0.00      0.00      0.00         0
          51       0.00      0.00      0.00         0
          52       0.00      0.00      0.00         0
          53       0.00      0.00      0.00         2
          54       0.57      0.40      0.47        10
          55       0.00      0.00      0.00         0
          56       1.00      0.29      0.44         7
          57       0.60      0.75      0.67         8
          58       0.00      0.00      0.00         8
          59       0.00      0.00      0.00         0
          60       0.00      0.00      0.00         1
          61       0.67      0.50      0.57         4
          62       0.00      0.00      0.00         0
          63       0.00      0.00      0.00         0
          64       0.00      0.00      0.00         0
          65       0.00      0.00      0.00         2
          66       0.00      0.00      0.00         0
          67       0.00      0.00      0.00         0
          68       0.00      0.00      0.00         0
          69       0.00      0.00      0.00         0
          70       0.00      0.00      0.00         0
          71       0.93      0.84      0.89        32
          72       0.00      0.00      0.00         0
          73       0.00      0.00      0.00         1
          74       0.00      0.00      0.00         0
          75       1.00      0.75      0.86         4
          76       0.00      0.00      0.00         3
          77       1.00      1.00      1.00         7
          78       0.00      0.00      0.00         0
          79       0.00      0.00      0.00         2
          80       0.00      0.00      0.00         0
          81       0.00      0.00      0.00         2
          82       0.00      0.00      0.00         0
          83       0.00      0.00      0.00         0
          84       1.00      0.25      0.40         4
          85       0.00      0.00      0.00         0
          86       0.00      0.00      0.00         0
          87       0.00      0.00      0.00         0
          88       0.00      0.00      0.00         0
          89       0.00      0.00      0.00         6
          90       0.00      0.00      0.00         0
          91       0.00      0.00      0.00         0
          92       0.00      0.00      0.00         0
          93       0.00      0.00      0.00         1
          94       0.00      0.00      0.00         4
          95       0.00      0.00      0.00         0
          96       0.00      0.00      0.00         0
          97       0.00      0.00      0.00         1
          98       0.84      0.66      0.74        47
          99       0.00      0.00      0.00         2
         100       0.00      0.00      0.00         0
         101       0.00      0.00      0.00         1
         102       0.00      0.00      0.00         0
         103       0.67      0.75      0.71         8
         104       0.00      0.00      0.00         1
         105       0.00      0.00      0.00         0
         106       0.00      0.00      0.00         1
         107       0.00      0.00      0.00         2
         108       0.00      0.00      0.00         0
         109       0.00      0.00      0.00         3
         110       0.00      0.00      0.00         0
         111       0.00      0.00      0.00         0
         112       0.00      0.00      0.00         0
         113       0.00      0.00      0.00         0
         114       0.00      0.00      0.00         2
         115       0.00      0.00      0.00         1
         116       0.00      0.00      0.00         1
         117       0.00      0.00      0.00         1

   micro avg       0.71      0.46      0.56       333
   macro avg       0.17      0.12      0.14       333
weighted avg       0.59      0.46      0.51       333
 samples avg       0.20      0.19      0.19       333

> epoch: 27
              precision    recall  f1-score   support

           0       0.00      0.00      0.00         0
           1       0.00      0.00      0.00         0
           2       0.50      0.33      0.40         6
           3       0.00      0.00      0.00         0
           4       0.00      0.00      0.00         0
           5       1.00      1.00      1.00         1
           6       0.00      0.00      0.00         0
           7       0.00      0.00      0.00         0
           8       0.00      0.00      0.00         1
           9       0.00      0.00      0.00         2
          10       0.64      0.54      0.58        13
          11       0.00      0.00      0.00         2
          12       0.75      0.38      0.50         8
          13       0.00      0.00      0.00         0
          14       0.58      0.70      0.64        10
          15       0.00      0.00      0.00         1
          16       0.00      0.00      0.00         0
          17       0.00      0.00      0.00         1
          18       0.00      0.00      0.00         0
          19       1.00      1.00      1.00         2
          20       0.71      0.71      0.71         7
          21       0.83      0.62      0.71         8
          22       0.00      0.00      0.00         1
          23       0.59      0.80      0.68        25
          24       0.00      0.00      0.00         0
          25       0.00      0.00      0.00         2
          26       0.39      0.50      0.44        18
          27       0.00      0.00      0.00         0
          28       0.00      0.00      0.00         3
          29       1.00      0.67      0.80         3
          30       0.50      0.40      0.44         5
          31       0.00      0.00      0.00         0
          32       0.00      0.00      0.00         3
          33       0.00      0.00      0.00         1
          34       0.00      0.00      0.00         0
          35       0.00      0.00      0.00         3
          36       0.00      0.00      0.00         0
          37       0.50      0.79      0.61        14
          38       0.00      0.00      0.00         0
          39       0.80      1.00      0.89         4
          40       0.00      0.00      0.00         1
          41       0.00      0.00      0.00         1
          42       0.00      0.00      0.00         0
          43       0.00      0.00      0.00         1
          44       0.00      0.00      0.00         1
          45       0.00      0.00      0.00         0
          46       0.00      0.00      0.00         1
          47       0.00      0.00      0.00         0
          48       1.00      0.25      0.40         4
          49       0.00      0.00      0.00         1
          50       0.00      0.00      0.00         0
          51       0.00      0.00      0.00         0
          52       0.00      0.00      0.00         0
          53       0.00      0.00      0.00         2
          54       0.67      0.60      0.63        10
          55       0.00      0.00      0.00         0
          56       0.67      0.57      0.62         7
          57       0.40      0.75      0.52         8
          58       0.80      0.50      0.62         8
          59       0.00      0.00      0.00         0
          60       0.00      0.00      0.00         1
          61       0.25      0.50      0.33         4
          62       0.00      0.00      0.00         0
          63       0.00      0.00      0.00         0
          64       0.00      0.00      0.00         0
          65       0.00      0.00      0.00         2
          66       0.00      0.00      0.00         0
          67       0.00      0.00      0.00         0
          68       0.00      0.00      0.00         0
          69       0.00      0.00      0.00         0
          70       0.00      0.00      0.00         0
          71       0.93      0.88      0.90        32
          72       0.00      0.00      0.00         0
          73       0.00      0.00      0.00         1
          74       0.00      0.00      0.00         0
          75       0.75      0.75      0.75         4
          76       1.00      0.67      0.80         3
          77       1.00      1.00      1.00         7
          78       0.00      0.00      0.00         0
          79       0.00      0.00      0.00         2
          80       0.00      0.00      0.00         0
          81       0.00      0.00      0.00         2
          82       0.00      0.00      0.00         0
          83       0.00      0.00      0.00         0
          84       0.75      0.75      0.75         4
          85       0.00      0.00      0.00         0
          86       0.00      0.00      0.00         0
          87       0.00      0.00      0.00         0
          88       0.00      0.00      0.00         0
          89       0.50      0.50      0.50         6
          90       0.00      0.00      0.00         0
          91       0.00      0.00      0.00         0
          92       0.00      0.00      0.00         0
          93       1.00      1.00      1.00         1
          94       1.00      0.25      0.40         4
          95       0.00      0.00      0.00         0
          96       0.00      0.00      0.00         0
          97       0.00      0.00      0.00         1
          98       0.77      0.77      0.77        47
          99       0.00      0.00      0.00         2
         100       0.00      0.00      0.00         0
         101       0.00      0.00      0.00         1
         102       0.00      0.00      0.00         0
         103       0.60      0.38      0.46         8
         104       0.00      0.00      0.00         1
         105       0.00      0.00      0.00         0
         106       0.00      0.00      0.00         1
         107       1.00      0.50      0.67         2
         108       0.00      0.00      0.00         0
         109       0.00      0.00      0.00         3
         110       0.00      0.00      0.00         0
         111       0.00      0.00      0.00         0
         112       0.00      0.00      0.00         0
         113       0.00      0.00      0.00         0
         114       0.00      0.00      0.00         2
         115       0.00      0.00      0.00         1
         116       0.00      0.00      0.00         1
         117       0.00      0.00      0.00         1

   micro avg       0.65      0.57      0.61       333
   macro avg       0.19      0.17      0.17       333
weighted avg       0.59      0.57      0.57       333
 samples avg       0.24      0.23      0.23       333

> epoch: 28
              precision    recall  f1-score   support

           0       0.00      0.00      0.00         0
           1       0.00      0.00      0.00         0
           2       0.67      0.67      0.67         6
           3       0.00      0.00      0.00         0
           4       0.00      0.00      0.00         0
           5       1.00      1.00      1.00         1
           6       0.00      0.00      0.00         0
           7       0.00      0.00      0.00         0
           8       0.00      0.00      0.00         1
           9       0.00      0.00      0.00         2
          10       0.60      0.46      0.52        13
          11       0.00      0.00      0.00         2
          12       1.00      0.38      0.55         8
          13       0.00      0.00      0.00         0
          14       0.80      0.80      0.80        10
          15       0.00      0.00      0.00         1
          16       0.00      0.00      0.00         0
          17       0.00      0.00      0.00         1
          18       0.00      0.00      0.00         0
          19       1.00      1.00      1.00         2
          20       0.60      0.43      0.50         7
          21       0.56      0.62      0.59         8
          22       0.00      0.00      0.00         1
          23       0.61      0.76      0.68        25
          24       0.00      0.00      0.00         0
          25       0.00      0.00      0.00         2
          26       0.45      0.28      0.34        18
          27       0.00      0.00      0.00         0
          28       0.00      0.00      0.00         3
          29       0.75      1.00      0.86         3
          30       0.67      0.40      0.50         5
          31       0.00      0.00      0.00         0
          32       0.00      0.00      0.00         3
          33       0.00      0.00      0.00         1
          34       0.00      0.00      0.00         0
          35       0.00      0.00      0.00         3
          36       0.00      0.00      0.00         0
          37       0.71      0.71      0.71        14
          38       0.00      0.00      0.00         0
          39       0.75      0.75      0.75         4
          40       0.00      0.00      0.00         1
          41       0.00      0.00      0.00         1
          42       0.00      0.00      0.00         0
          43       0.00      0.00      0.00         1
          44       0.00      0.00      0.00         1
          45       0.00      0.00      0.00         0
          46       0.00      0.00      0.00         1
          47       0.00      0.00      0.00         0
          48       1.00      0.50      0.67         4
          49       0.00      0.00      0.00         1
          50       0.00      0.00      0.00         0
          51       0.00      0.00      0.00         0
          52       0.00      0.00      0.00         0
          53       0.00      0.00      0.00         2
          54       0.67      0.60      0.63        10
          55       0.00      0.00      0.00         0
          56       1.00      0.43      0.60         7
          57       0.64      0.88      0.74         8
          58       0.75      0.38      0.50         8
          59       0.00      0.00      0.00         0
          60       0.00      0.00      0.00         1
          61       0.50      0.50      0.50         4
          62       0.00      0.00      0.00         0
          63       0.00      0.00      0.00         0
          64       0.00      0.00      0.00         0
          65       0.00      0.00      0.00         2
          66       0.00      0.00      0.00         0
          67       0.00      0.00      0.00         0
          68       0.00      0.00      0.00         0
          69       0.00      0.00      0.00         0
          70       0.00      0.00      0.00         0
          71       0.91      0.91      0.91        32
          72       0.00      0.00      0.00         0
          73       0.00      0.00      0.00         1
          74       0.00      0.00      0.00         0
          75       1.00      0.75      0.86         4
          76       1.00      0.67      0.80         3
          77       1.00      1.00      1.00         7
          78       0.00      0.00      0.00         0
          79       0.00      0.00      0.00         2
          80       0.00      0.00      0.00         0
          81       1.00      0.50      0.67         2
          82       0.00      0.00      0.00         0
          83       0.00      0.00      0.00         0
          84       1.00      0.25      0.40         4
          85       0.00      0.00      0.00         0
          86       0.00      0.00      0.00         0
          87       0.00      0.00      0.00         0
          88       0.00      0.00      0.00         0
          89       0.57      0.67      0.62         6
          90       0.00      0.00      0.00         0
          91       0.00      0.00      0.00         0
          92       0.00      0.00      0.00         0
          93       1.00      1.00      1.00         1
          94       0.00      0.00      0.00         4
          95       0.00      0.00      0.00         0
          96       0.00      0.00      0.00         0
          97       0.00      0.00      0.00         1
          98       0.82      0.85      0.83        47
          99       0.00      0.00      0.00         2
         100       0.00      0.00      0.00         0
         101       0.00      0.00      0.00         1
         102       0.00      0.00      0.00         0
         103       0.78      0.88      0.82         8
         104       0.00      0.00      0.00         1
         105       0.00      0.00      0.00         0
         106       0.00      0.00      0.00         1
         107       0.50      0.50      0.50         2
         108       0.00      0.00      0.00         0
         109       0.50      0.67      0.57         3
         110       0.00      0.00      0.00         0
         111       0.00      0.00      0.00         0
         112       0.00      0.00      0.00         0
         113       0.00      0.00      0.00         0
         114       1.00      0.50      0.67         2
         115       0.00      0.00      0.00         1
         116       0.00      0.00      0.00         1
         117       0.00      0.00      0.00         1

   micro avg       0.72      0.59      0.65       333
   macro avg       0.22      0.18      0.19       333
weighted avg       0.65      0.59      0.60       333
 samples avg       0.25      0.23      0.24       333

> epoch: 29
              precision    recall  f1-score   support

           0       0.00      0.00      0.00         0
           1       0.00      0.00      0.00         0
           2       0.67      0.33      0.44         6
           3       0.00      0.00      0.00         0
           4       0.00      0.00      0.00         0
           5       1.00      1.00      1.00         1
           6       0.00      0.00      0.00         0
           7       0.00      0.00      0.00         0
           8       0.00      0.00      0.00         1
           9       0.00      0.00      0.00         2
          10       0.56      0.38      0.45        13
          11       0.00      0.00      0.00         2
          12       1.00      0.12      0.22         8
          13       0.00      0.00      0.00         0
          14       0.67      0.60      0.63        10
          15       0.00      0.00      0.00         1
          16       0.00      0.00      0.00         0
          17       0.00      0.00      0.00         1
          18       0.00      0.00      0.00         0
          19       1.00      1.00      1.00         2
          20       0.71      0.71      0.71         7
          21       0.71      0.62      0.67         8
          22       0.00      0.00      0.00         1
          23       0.59      0.64      0.62        25
          24       0.00      0.00      0.00         0
          25       0.00      0.00      0.00         2
          26       0.50      0.33      0.40        18
          27       0.00      0.00      0.00         0
          28       0.00      0.00      0.00         3
          29       1.00      0.33      0.50         3
          30       0.50      0.40      0.44         5
          31       0.00      0.00      0.00         0
          32       0.00      0.00      0.00         3
          33       0.00      0.00      0.00         1
          34       0.00      0.00      0.00         0
          35       0.00      0.00      0.00         3
          36       0.00      0.00      0.00         0
          37       0.80      0.57      0.67        14
          38       0.00      0.00      0.00         0
          39       0.67      0.50      0.57         4
          40       0.00      0.00      0.00         1
          41       0.00      0.00      0.00         1
          42       0.00      0.00      0.00         0
          43       0.00      0.00      0.00         1
          44       0.00      0.00      0.00         1
          45       0.00      0.00      0.00         0
          46       0.00      0.00      0.00         1
          47       0.00      0.00      0.00         0
          48       1.00      0.50      0.67         4
          49       0.00      0.00      0.00         1
          50       0.00      0.00      0.00         0
          51       0.00      0.00      0.00         0
          52       0.00      0.00      0.00         0
          53       0.00      0.00      0.00         2
          54       0.60      0.60      0.60        10
          55       0.00      0.00      0.00         0
          56       1.00      0.43      0.60         7
          57       0.67      0.75      0.71         8
          58       0.00      0.00      0.00         8
          59       0.00      0.00      0.00         0
          60       0.00      0.00      0.00         1
          61       1.00      0.50      0.67         4
          62       0.00      0.00      0.00         0
          63       0.00      0.00      0.00         0
          64       0.00      0.00      0.00         0
          65       0.00      0.00      0.00         2
          66       0.00      0.00      0.00         0
          67       0.00      0.00      0.00         0
          68       0.00      0.00      0.00         0
          69       0.00      0.00      0.00         0
          70       0.00      0.00      0.00         0
          71       0.91      0.94      0.92        32
          72       0.00      0.00      0.00         0
          73       0.00      0.00      0.00         1
          74       0.00      0.00      0.00         0
          75       0.75      0.75      0.75         4
          76       1.00      0.33      0.50         3
          77       1.00      1.00      1.00         7
          78       0.00      0.00      0.00         0
          79       0.00      0.00      0.00         2
          80       0.00      0.00      0.00         0
          81       0.00      0.00      0.00         2
          82       0.00      0.00      0.00         0
          83       0.00      0.00      0.00         0
          84       1.00      0.25      0.40         4
          85       0.00      0.00      0.00         0
          86       0.00      0.00      0.00         0
          87       0.00      0.00      0.00         0
          88       0.00      0.00      0.00         0
          89       0.33      0.17      0.22         6
          90       0.00      0.00      0.00         0
          91       0.00      0.00      0.00         0
          92       0.00      0.00      0.00         0
          93       0.00      0.00      0.00         1
          94       0.00      0.00      0.00         4
          95       0.00      0.00      0.00         0
          96       0.00      0.00      0.00         0
          97       0.00      0.00      0.00         1
          98       0.79      0.81      0.80        47
          99       0.00      0.00      0.00         2
         100       0.00      0.00      0.00         0
         101       0.00      0.00      0.00         1
         102       0.00      0.00      0.00         0
         103       0.71      0.62      0.67         8
         104       0.00      0.00      0.00         1
         105       0.00      0.00      0.00         0
         106       0.00      0.00      0.00         1
         107       1.00      0.50      0.67         2
         108       0.00      0.00      0.00         0
         109       0.33      0.33      0.33         3
         110       0.00      0.00      0.00         0
         111       0.00      0.00      0.00         0
         112       0.00      0.00      0.00         0
         113       0.00      0.00      0.00         0
         114       0.00      0.00      0.00         2
         115       0.00      0.00      0.00         1
         116       0.00      0.00      0.00         1
         117       0.00      0.00      0.00         1

   micro avg       0.72      0.51      0.60       333
   macro avg       0.19      0.14      0.15       333
weighted avg       0.61      0.51      0.54       333
 samples avg       0.22      0.20      0.21       333

> epoch: 30
              precision    recall  f1-score   support

           0       0.00      0.00      0.00         0
           1       0.00      0.00      0.00         0
           2       0.75      0.50      0.60         6
           3       0.00      0.00      0.00         0
           4       0.00      0.00      0.00         0
           5       1.00      1.00      1.00         1
           6       0.00      0.00      0.00         0
           7       0.00      0.00      0.00         0
           8       0.00      0.00      0.00         1
           9       0.00      0.00      0.00         2
          10       0.62      0.38      0.48        13
          11       0.00      0.00      0.00         2
          12       1.00      0.25      0.40         8
          13       0.00      0.00      0.00         0
          14       0.67      0.60      0.63        10
          15       0.00      0.00      0.00         1
          16       0.00      0.00      0.00         0
          17       0.00      0.00      0.00         1
          18       0.00      0.00      0.00         0
          19       1.00      1.00      1.00         2
          20       0.67      0.57      0.62         7
          21       0.71      0.62      0.67         8
          22       0.00      0.00      0.00         1
          23       0.57      0.68      0.62        25
          24       0.00      0.00      0.00         0
          25       0.00      0.00      0.00         2
          26       0.44      0.22      0.30        18
          27       0.00      0.00      0.00         0
          28       0.00      0.00      0.00         3
          29       1.00      1.00      1.00         3
          30       0.50      0.20      0.29         5
          31       0.00      0.00      0.00         0
          32       0.00      0.00      0.00         3
          33       0.00      0.00      0.00         1
          34       0.00      0.00      0.00         0
          35       0.00      0.00      0.00         3
          36       0.00      0.00      0.00         0
          37       0.64      0.64      0.64        14
          38       0.00      0.00      0.00         0
          39       0.67      0.50      0.57         4
          40       0.00      0.00      0.00         1
          41       0.00      0.00      0.00         1
          42       0.00      0.00      0.00         0
          43       0.00      0.00      0.00         1
          44       0.00      0.00      0.00         1
          45       0.00      0.00      0.00         0
          46       0.00      0.00      0.00         1
          47       0.00      0.00      0.00         0
          48       1.00      0.75      0.86         4
          49       0.00      0.00      0.00         1
          50       0.00      0.00      0.00         0
          51       0.00      0.00      0.00         0
          52       0.00      0.00      0.00         0
          53       0.00      0.00      0.00         2
          54       0.67      0.60      0.63        10
          55       0.00      0.00      0.00         0
          56       1.00      0.57      0.73         7
          57       0.57      1.00      0.73         8
          58       0.75      0.38      0.50         8
          59       0.00      0.00      0.00         0
          60       0.00      0.00      0.00         1
          61       0.22      0.50      0.31         4
          62       0.00      0.00      0.00         0
          63       0.00      0.00      0.00         0
          64       0.00      0.00      0.00         0
          65       0.00      0.00      0.00         2
          66       0.00      0.00      0.00         0
          67       0.00      0.00      0.00         0
          68       0.00      0.00      0.00         0
          69       0.00      0.00      0.00         0
          70       0.00      0.00      0.00         0
          71       0.88      0.88      0.88        32
          72       0.00      0.00      0.00         0
          73       0.00      0.00      0.00         1
          74       0.00      0.00      0.00         0
          75       0.75      0.75      0.75         4
          76       1.00      0.33      0.50         3
          77       1.00      1.00      1.00         7
          78       0.00      0.00      0.00         0
          79       0.00      0.00      0.00         2
          80       0.00      0.00      0.00         0
          81       0.00      0.00      0.00         2
          82       0.00      0.00      0.00         0
          83       0.00      0.00      0.00         0
          84       1.00      0.25      0.40         4
          85       0.00      0.00      0.00         0
          86       0.00      0.00      0.00         0
          87       0.00      0.00      0.00         0
          88       0.00      0.00      0.00         0
          89       0.67      0.67      0.67         6
          90       0.00      0.00      0.00         0
          91       0.00      0.00      0.00         0
          92       0.00      0.00      0.00         0
          93       1.00      1.00      1.00         1
          94       1.00      0.25      0.40         4
          95       0.00      0.00      0.00         0
          96       0.00      0.00      0.00         0
          97       0.00      0.00      0.00         1
          98       0.71      0.85      0.78        47
          99       0.00      0.00      0.00         2
         100       0.00      0.00      0.00         0
         101       0.00      0.00      0.00         1
         102       0.00      0.00      0.00         0
         103       0.67      0.50      0.57         8
         104       0.00      0.00      0.00         1
         105       0.00      0.00      0.00         0
         106       0.00      0.00      0.00         1
         107       1.00      0.50      0.67         2
         108       0.00      0.00      0.00         0
         109       0.50      0.67      0.57         3
         110       0.00      0.00      0.00         0
         111       0.00      0.00      0.00         0
         112       0.00      0.00      0.00         0
         113       0.00      0.00      0.00         0
         114       0.00      0.00      0.00         2
         115       0.00      0.00      0.00         1
         116       0.00      0.00      0.00         1
         117       0.00      0.00      0.00         1

   micro avg       0.67      0.55      0.60       333
   macro avg       0.21      0.17      0.18       333
weighted avg       0.62      0.55      0.56       333
 samples avg       0.23      0.22      0.22       333

> epoch: 31
              precision    recall  f1-score   support

           0       0.00      0.00      0.00         0
           1       0.00      0.00      0.00         0
           2       0.67      0.33      0.44         6
           3       0.00      0.00      0.00         0
           4       0.00      0.00      0.00         0
           5       1.00      1.00      1.00         1
           6       0.00      0.00      0.00         0
           7       0.00      0.00      0.00         0
           8       0.00      0.00      0.00         1
           9       0.00      0.00      0.00         2
          10       0.62      0.38      0.48        13
          11       0.00      0.00      0.00         2
          12       1.00      0.25      0.40         8
          13       0.00      0.00      0.00         0
          14       0.73      0.80      0.76        10
          15       0.00      0.00      0.00         1
          16       0.00      0.00      0.00         0
          17       0.00      0.00      0.00         1
          18       0.00      0.00      0.00         0
          19       1.00      1.00      1.00         2
          20       0.75      0.86      0.80         7
          21       0.75      0.75      0.75         8
          22       0.00      0.00      0.00         1
          23       0.59      0.80      0.68        25
          24       0.00      0.00      0.00         0
          25       0.00      0.00      0.00         2
          26       0.50      0.33      0.40        18
          27       0.00      0.00      0.00         0
          28       0.00      0.00      0.00         3
          29       0.00      0.00      0.00         3
          30       1.00      0.20      0.33         5
          31       0.00      0.00      0.00         0
          32       1.00      0.67      0.80         3
          33       0.00      0.00      0.00         1
          34       0.00      0.00      0.00         0
          35       0.00      0.00      0.00         3
          36       0.00      0.00      0.00         0
          37       0.75      0.43      0.55        14
          38       0.00      0.00      0.00         0
          39       0.75      0.75      0.75         4
          40       0.00      0.00      0.00         1
          41       0.00      0.00      0.00         1
          42       0.00      0.00      0.00         0
          43       0.00      0.00      0.00         1
          44       0.00      0.00      0.00         1
          45       0.00      0.00      0.00         0
          46       0.00      0.00      0.00         1
          47       0.00      0.00      0.00         0
          48       1.00      0.75      0.86         4
          49       0.00      0.00      0.00         1
          50       0.00      0.00      0.00         0
          51       0.00      0.00      0.00         0
          52       0.00      0.00      0.00         0
          53       0.00      0.00      0.00         2
          54       0.64      0.70      0.67        10
          55       0.00      0.00      0.00         0
          56       1.00      0.57      0.73         7
          57       0.60      0.75      0.67         8
          58       0.75      0.38      0.50         8
          59       0.00      0.00      0.00         0
          60       0.00      0.00      0.00         1
          61       0.40      0.50      0.44         4
          62       0.00      0.00      0.00         0
          63       0.00      0.00      0.00         0
          64       0.00      0.00      0.00         0
          65       0.00      0.00      0.00         2
          66       0.00      0.00      0.00         0
          67       0.00      0.00      0.00         0
          68       0.00      0.00      0.00         0
          69       0.00      0.00      0.00         0
          70       0.00      0.00      0.00         0
          71       0.91      0.91      0.91        32
          72       0.00      0.00      0.00         0
          73       0.00      0.00      0.00         1
          74       0.00      0.00      0.00         0
          75       1.00      0.75      0.86         4
          76       1.00      0.67      0.80         3
          77       1.00      1.00      1.00         7
          78       0.00      0.00      0.00         0
          79       0.00      0.00      0.00         2
          80       0.00      0.00      0.00         0
          81       0.00      0.00      0.00         2
          82       0.00      0.00      0.00         0
          83       0.00      0.00      0.00         0
          84       0.67      0.50      0.57         4
          85       0.00      0.00      0.00         0
          86       0.00      0.00      0.00         0
          87       0.00      0.00      0.00         0
          88       0.00      0.00      0.00         0
          89       0.50      0.33      0.40         6
          90       0.00      0.00      0.00         0
          91       0.00      0.00      0.00         0
          92       0.00      0.00      0.00         0
          93       1.00      1.00      1.00         1
          94       1.00      0.50      0.67         4
          95       0.00      0.00      0.00         0
          96       0.00      0.00      0.00         0
          97       0.00      0.00      0.00         1
          98       0.73      0.81      0.77        47
          99       0.00      0.00      0.00         2
         100       0.00      0.00      0.00         0
         101       0.00      0.00      0.00         1
         102       0.00      0.00      0.00         0
         103       0.78      0.88      0.82         8
         104       0.00      0.00      0.00         1
         105       0.00      0.00      0.00         0
         106       0.00      0.00      0.00         1
         107       0.50      1.00      0.67         2
         108       0.00      0.00      0.00         0
         109       0.50      0.67      0.57         3
         110       0.00      0.00      0.00         0
         111       0.00      0.00      0.00         0
         112       0.00      0.00      0.00         0
         113       0.00      0.00      0.00         0
         114       1.00      0.50      0.67         2
         115       0.00      0.00      0.00         1
         116       0.00      0.00      0.00         1
         117       0.00      0.00      0.00         1

   micro avg       0.70      0.58      0.63       333
   macro avg       0.22      0.18      0.19       333
weighted avg       0.65      0.58      0.59       333
 samples avg       0.24      0.23      0.23       333

> epoch: 32
              precision    recall  f1-score   support

           0       0.00      0.00      0.00         0
           1       0.00      0.00      0.00         0
           2       0.80      0.67      0.73         6
           3       0.00      0.00      0.00         0
           4       0.00      0.00      0.00         0
           5       1.00      1.00      1.00         1
           6       0.00      0.00      0.00         0
           7       0.00      0.00      0.00         0
           8       0.00      0.00      0.00         1
           9       0.00      0.00      0.00         2
          10       0.53      0.62      0.57        13
          11       0.00      0.00      0.00         2
          12       1.00      0.25      0.40         8
          13       0.00      0.00      0.00         0
          14       0.64      0.70      0.67        10
          15       0.00      0.00      0.00         1
          16       0.00      0.00      0.00         0
          17       0.00      0.00      0.00         1
          18       0.00      0.00      0.00         0
          19       1.00      1.00      1.00         2
          20       0.71      0.71      0.71         7
          21       0.71      0.62      0.67         8
          22       0.00      0.00      0.00         1
          23       0.55      0.68      0.61        25
          24       0.00      0.00      0.00         0
          25       0.00      0.00      0.00         2
          26       0.54      0.39      0.45        18
          27       0.00      0.00      0.00         0
          28       0.00      0.00      0.00         3
          29       0.67      0.67      0.67         3
          30       1.00      0.60      0.75         5
          31       0.00      0.00      0.00         0
          32       1.00      0.67      0.80         3
          33       0.00      0.00      0.00         1
          34       0.00      0.00      0.00         0
          35       0.00      0.00      0.00         3
          36       0.00      0.00      0.00         0
          37       0.64      0.50      0.56        14
          38       0.00      0.00      0.00         0
          39       0.67      0.50      0.57         4
          40       0.00      0.00      0.00         1
          41       0.00      0.00      0.00         1
          42       0.00      0.00      0.00         0
          43       0.00      0.00      0.00         1
          44       0.00      0.00      0.00         1
          45       0.00      0.00      0.00         0
          46       0.00      0.00      0.00         1
          47       0.00      0.00      0.00         0
          48       1.00      0.75      0.86         4
          49       0.00      0.00      0.00         1
          50       0.00      0.00      0.00         0
          51       0.00      0.00      0.00         0
          52       0.00      0.00      0.00         0
          53       0.00      0.00      0.00         2
          54       0.73      0.80      0.76        10
          55       0.00      0.00      0.00         0
          56       1.00      0.43      0.60         7
          57       0.58      0.88      0.70         8
          58       0.67      0.50      0.57         8
          59       0.00      0.00      0.00         0
          60       0.00      0.00      0.00         1
          61       0.40      0.50      0.44         4
          62       0.00      0.00      0.00         0
          63       0.00      0.00      0.00         0
          64       0.00      0.00      0.00         0
          65       0.00      0.00      0.00         2
          66       0.00      0.00      0.00         0
          67       0.00      0.00      0.00         0
          68       0.00      0.00      0.00         0
          69       0.00      0.00      0.00         0
          70       0.00      0.00      0.00         0
          71       0.90      0.88      0.89        32
          72       0.00      0.00      0.00         0
          73       0.00      0.00      0.00         1
          74       0.00      0.00      0.00         0
          75       1.00      0.75      0.86         4
          76       1.00      0.33      0.50         3
          77       1.00      1.00      1.00         7
          78       0.00      0.00      0.00         0
          79       0.00      0.00      0.00         2
          80       0.00      0.00      0.00         0
          81       0.00      0.00      0.00         2
          82       0.00      0.00      0.00         0
          83       0.00      0.00      0.00         0
          84       1.00      0.25      0.40         4
          85       0.00      0.00      0.00         0
          86       0.00      0.00      0.00         0
          87       0.00      0.00      0.00         0
          88       0.00      0.00      0.00         0
          89       0.00      0.00      0.00         6
          90       0.00      0.00      0.00         0
          91       0.00      0.00      0.00         0
          92       0.00      0.00      0.00         0
          93       1.00      1.00      1.00         1
          94       1.00      0.50      0.67         4
          95       0.00      0.00      0.00         0
          96       0.00      0.00      0.00         0
          97       0.00      0.00      0.00         1
          98       0.80      0.74      0.77        47
          99       0.00      0.00      0.00         2
         100       0.00      0.00      0.00         0
         101       0.00      0.00      0.00         1
         102       0.00      0.00      0.00         0
         103       0.67      0.50      0.57         8
         104       0.00      0.00      0.00         1
         105       0.00      0.00      0.00         0
         106       0.00      0.00      0.00         1
         107       0.33      0.50      0.40         2
         108       0.00      0.00      0.00         0
         109       0.00      0.00      0.00         3
         110       0.00      0.00      0.00         0
         111       0.00      0.00      0.00         0
         112       0.00      0.00      0.00         0
         113       0.00      0.00      0.00         0
         114       1.00      0.50      0.67         2
         115       0.00      0.00      0.00         1
         116       0.00      0.00      0.00         1
         117       0.00      0.00      0.00         1

   micro avg       0.70      0.56      0.62       333
   macro avg       0.22      0.17      0.18       333
weighted avg       0.64      0.56      0.58       333
 samples avg       0.23      0.22      0.22       333

> epoch: 33
              precision    recall  f1-score   support

           0       0.00      0.00      0.00         0
           1       0.00      0.00      0.00         0
           2       0.75      0.50      0.60         6
           3       0.00      0.00      0.00         0
           4       0.00      0.00      0.00         0
           5       1.00      1.00      1.00         1
           6       0.00      0.00      0.00         0
           7       0.00      0.00      0.00         0
           8       0.00      0.00      0.00         1
           9       0.00      0.00      0.00         2
          10       0.67      0.62      0.64        13
          11       0.00      0.00      0.00         2
          12       1.00      0.50      0.67         8
          13       0.00      0.00      0.00         0
          14       0.71      0.50      0.59        10
          15       0.00      0.00      0.00         1
          16       0.00      0.00      0.00         0
          17       0.00      0.00      0.00         1
          18       0.00      0.00      0.00         0
          19       1.00      1.00      1.00         2
          20       0.75      0.86      0.80         7
          21       0.71      0.62      0.67         8
          22       0.00      0.00      0.00         1
          23       0.53      0.64      0.58        25
          24       0.00      0.00      0.00         0
          25       0.00      0.00      0.00         2
          26       0.50      0.28      0.36        18
          27       0.00      0.00      0.00         0
          28       0.00      0.00      0.00         3
          29       1.00      0.67      0.80         3
          30       0.67      0.40      0.50         5
          31       0.00      0.00      0.00         0
          32       1.00      0.33      0.50         3
          33       0.00      0.00      0.00         1
          34       0.00      0.00      0.00         0
          35       0.00      0.00      0.00         3
          36       0.00      0.00      0.00         0
          37       0.67      0.57      0.62        14
          38       0.00      0.00      0.00         0
          39       0.75      0.75      0.75         4
          40       0.00      0.00      0.00         1
          41       0.00      0.00      0.00         1
          42       0.00      0.00      0.00         0
          43       0.00      0.00      0.00         1
          44       0.00      0.00      0.00         1
          45       0.00      0.00      0.00         0
          46       0.00      0.00      0.00         1
          47       0.00      0.00      0.00         0
          48       1.00      0.75      0.86         4
          49       0.00      0.00      0.00         1
          50       0.00      0.00      0.00         0
          51       0.00      0.00      0.00         0
          52       0.00      0.00      0.00         0
          53       0.00      0.00      0.00         2
          54       0.60      0.60      0.60        10
          55       0.00      0.00      0.00         0
          56       1.00      0.43      0.60         7
          57       0.70      0.88      0.78         8
          58       0.75      0.38      0.50         8
          59       0.00      0.00      0.00         0
          60       0.00      0.00      0.00         1
          61       0.50      0.50      0.50         4
          62       0.00      0.00      0.00         0
          63       0.00      0.00      0.00         0
          64       0.00      0.00      0.00         0
          65       0.00      0.00      0.00         2
          66       0.00      0.00      0.00         0
          67       0.00      0.00      0.00         0
          68       0.00      0.00      0.00         0
          69       0.00      0.00      0.00         0
          70       0.00      0.00      0.00         0
          71       0.94      0.91      0.92        32
          72       0.00      0.00      0.00         0
          73       0.00      0.00      0.00         1
          74       0.00      0.00      0.00         0
          75       0.75      0.75      0.75         4
          76       1.00      0.67      0.80         3
          77       1.00      1.00      1.00         7
          78       0.00      0.00      0.00         0
          79       0.00      0.00      0.00         2
          80       0.00      0.00      0.00         0
          81       0.00      0.00      0.00         2
          82       0.00      0.00      0.00         0
          83       0.00      0.00      0.00         0
          84       0.67      0.50      0.57         4
          85       0.00      0.00      0.00         0
          86       0.00      0.00      0.00         0
          87       0.00      0.00      0.00         0
          88       0.00      0.00      0.00         0
          89       0.33      0.17      0.22         6
          90       0.00      0.00      0.00         0
          91       0.00      0.00      0.00         0
          92       0.00      0.00      0.00         0
          93       1.00      1.00      1.00         1
          94       1.00      0.50      0.67         4
          95       0.00      0.00      0.00         0
          96       0.00      0.00      0.00         0
          97       0.00      0.00      0.00         1
          98       0.78      0.77      0.77        47
          99       0.00      0.00      0.00         2
         100       0.00      0.00      0.00         0
         101       0.00      0.00      0.00         1
         102       0.00      0.00      0.00         0
         103       0.86      0.75      0.80         8
         104       0.00      0.00      0.00         1
         105       0.00      0.00      0.00         0
         106       0.00      0.00      0.00         1
         107       0.50      0.50      0.50         2
         108       0.00      0.00      0.00         0
         109       0.50      0.33      0.40         3
         110       0.00      0.00      0.00         0
         111       0.00      0.00      0.00         0
         112       0.00      0.00      0.00         0
         113       0.00      0.00      0.00         0
         114       1.00      0.50      0.67         2
         115       0.00      0.00      0.00         1
         116       0.00      0.00      0.00         1
         117       0.00      0.00      0.00         1

   micro avg       0.70      0.56      0.62       333
   macro avg       0.23      0.18      0.19       333
weighted avg       0.65      0.56      0.59       333
 samples avg       0.24      0.23      0.23       333

> epoch: 34
              precision    recall  f1-score   support

           0       0.00      0.00      0.00         0
           1       0.00      0.00      0.00         0
           2       0.80      0.67      0.73         6
           3       0.00      0.00      0.00         0
           4       0.00      0.00      0.00         0
           5       1.00      1.00      1.00         1
           6       0.00      0.00      0.00         0
           7       0.00      0.00      0.00         0
           8       0.00      0.00      0.00         1
           9       0.00      0.00      0.00         2
          10       0.44      0.31      0.36        13
          11       0.00      0.00      0.00         2
          12       0.80      0.50      0.62         8
          13       0.00      0.00      0.00         0
          14       0.57      0.40      0.47        10
          15       0.00      0.00      0.00         1
          16       0.00      0.00      0.00         0
          17       0.00      0.00      0.00         1
          18       0.00      0.00      0.00         0
          19       1.00      1.00      1.00         2
          20       0.75      0.86      0.80         7
          21       0.71      0.62      0.67         8
          22       0.00      0.00      0.00         1
          23       0.57      0.64      0.60        25
          24       0.00      0.00      0.00         0
          25       0.00      0.00      0.00         2
          26       0.57      0.22      0.32        18
          27       0.00      0.00      0.00         0
          28       0.00      0.00      0.00         3
          29       1.00      0.67      0.80         3
          30       0.60      0.60      0.60         5
          31       0.00      0.00      0.00         0
          32       1.00      0.33      0.50         3
          33       0.00      0.00      0.00         1
          34       0.00      0.00      0.00         0
          35       0.00      0.00      0.00         3
          36       0.00      0.00      0.00         0
          37       0.64      0.50      0.56        14
          38       0.00      0.00      0.00         0
          39       0.67      0.50      0.57         4
          40       0.00      0.00      0.00         1
          41       0.00      0.00      0.00         1
          42       0.00      0.00      0.00         0
          43       0.00      0.00      0.00         1
          44       0.00      0.00      0.00         1
          45       0.00      0.00      0.00         0
          46       0.00      0.00      0.00         1
          47       0.00      0.00      0.00         0
          48       1.00      0.75      0.86         4
          49       0.00      0.00      0.00         1
          50       0.00      0.00      0.00         0
          51       0.00      0.00      0.00         0
          52       0.00      0.00      0.00         0
          53       0.00      0.00      0.00         2
          54       0.67      0.60      0.63        10
          55       0.00      0.00      0.00         0
          56       1.00      0.43      0.60         7
          57       0.86      0.75      0.80         8
          58       0.80      0.50      0.62         8
          59       0.00      0.00      0.00         0
          60       0.00      0.00      0.00         1
          61       1.00      0.25      0.40         4
          62       0.00      0.00      0.00         0
          63       0.00      0.00      0.00         0
          64       0.00      0.00      0.00         0
          65       0.00      0.00      0.00         2
          66       0.00      0.00      0.00         0
          67       0.00      0.00      0.00         0
          68       0.00      0.00      0.00         0
          69       0.00      0.00      0.00         0
          70       0.00      0.00      0.00         0
          71       0.91      0.91      0.91        32
          72       0.00      0.00      0.00         0
          73       0.00      0.00      0.00         1
          74       0.00      0.00      0.00         0
          75       0.75      0.75      0.75         4
          76       1.00      0.33      0.50         3
          77       1.00      1.00      1.00         7
          78       0.00      0.00      0.00         0
          79       0.00      0.00      0.00         2
          80       0.00      0.00      0.00         0
          81       0.50      0.50      0.50         2
          82       0.00      0.00      0.00         0
          83       0.00      0.00      0.00         0
          84       0.50      0.25      0.33         4
          85       0.00      0.00      0.00         0
          86       0.00      0.00      0.00         0
          87       0.00      0.00      0.00         0
          88       0.00      0.00      0.00         0
          89       0.00      0.00      0.00         6
          90       0.00      0.00      0.00         0
          91       0.00      0.00      0.00         0
          92       0.00      0.00      0.00         0
          93       1.00      1.00      1.00         1
          94       0.00      0.00      0.00         4
          95       0.00      0.00      0.00         0
          96       0.00      0.00      0.00         0
          97       0.00      0.00      0.00         1
          98       0.82      0.77      0.79        47
          99       0.00      0.00      0.00         2
         100       0.00      0.00      0.00         0
         101       0.00      0.00      0.00         1
         102       0.00      0.00      0.00         0
         103       0.80      0.50      0.62         8
         104       0.00      0.00      0.00         1
         105       0.00      0.00      0.00         0
         106       0.00      0.00      0.00         1
         107       1.00      0.50      0.67         2
         108       0.00      0.00      0.00         0
         109       0.50      0.33      0.40         3
         110       0.00      0.00      0.00         0
         111       0.00      0.00      0.00         0
         112       0.00      0.00      0.00         0
         113       0.00      0.00      0.00         0
         114       1.00      0.50      0.67         2
         115       0.00      0.00      0.00         1
         116       0.00      0.00      0.00         1
         117       0.00      0.00      0.00         1

   micro avg       0.72      0.52      0.61       333
   macro avg       0.22      0.16      0.18       333
weighted avg       0.64      0.52      0.56       333
 samples avg       0.22      0.21      0.21       333

> epoch: 35
              precision    recall  f1-score   support

           0       0.00      0.00      0.00         0
           1       0.00      0.00      0.00         0
           2       0.67      0.67      0.67         6
           3       0.00      0.00      0.00         0
           4       0.00      0.00      0.00         0
           5       1.00      1.00      1.00         1
           6       0.00      0.00      0.00         0
           7       0.00      0.00      0.00         0
           8       0.00      0.00      0.00         1
           9       0.00      0.00      0.00         2
          10       0.60      0.46      0.52        13
          11       0.00      0.00      0.00         2
          12       1.00      0.25      0.40         8
          13       0.00      0.00      0.00         0
          14       0.47      0.70      0.56        10
          15       0.00      0.00      0.00         1
          16       0.00      0.00      0.00         0
          17       0.00      0.00      0.00         1
          18       0.00      0.00      0.00         0
          19       1.00      1.00      1.00         2
          20       0.75      0.86      0.80         7
          21       0.75      0.75      0.75         8
          22       0.00      0.00      0.00         1
          23       0.53      0.72      0.61        25
          24       0.00      0.00      0.00         0
          25       0.00      0.00      0.00         2
          26       0.55      0.33      0.41        18
          27       0.00      0.00      0.00         0
          28       0.00      0.00      0.00         3
          29       1.00      1.00      1.00         3
          30       0.60      0.60      0.60         5
          31       0.00      0.00      0.00         0
          32       1.00      0.67      0.80         3
          33       0.00      0.00      0.00         1
          34       0.00      0.00      0.00         0
          35       0.00      0.00      0.00         3
          36       0.00      0.00      0.00         0
          37       0.56      0.64      0.60        14
          38       0.00      0.00      0.00         0
          39       0.75      0.75      0.75         4
          40       0.00      0.00      0.00         1
          41       0.00      0.00      0.00         1
          42       0.00      0.00      0.00         0
          43       0.00      0.00      0.00         1
          44       0.00      0.00      0.00         1
          45       0.00      0.00      0.00         0
          46       0.00      0.00      0.00         1
          47       0.00      0.00      0.00         0
          48       1.00      0.75      0.86         4
          49       0.00      0.00      0.00         1
          50       0.00      0.00      0.00         0
          51       0.00      0.00      0.00         0
          52       0.00      0.00      0.00         0
          53       0.00      0.00      0.00         2
          54       0.70      0.70      0.70        10
          55       0.00      0.00      0.00         0
          56       1.00      0.43      0.60         7
          57       0.58      0.88      0.70         8
          58       0.80      0.50      0.62         8
          59       0.00      0.00      0.00         0
          60       0.00      0.00      0.00         1
          61       0.40      0.50      0.44         4
          62       0.00      0.00      0.00         0
          63       0.00      0.00      0.00         0
          64       0.00      0.00      0.00         0
          65       0.00      0.00      0.00         2
          66       0.00      0.00      0.00         0
          67       0.00      0.00      0.00         0
          68       0.00      0.00      0.00         0
          69       0.00      0.00      0.00         0
          70       0.00      0.00      0.00         0
          71       0.97      0.91      0.94        32
          72       0.00      0.00      0.00         0
          73       0.00      0.00      0.00         1
          74       0.00      0.00      0.00         0
          75       0.75      0.75      0.75         4
          76       1.00      0.67      0.80         3
          77       1.00      1.00      1.00         7
          78       0.00      0.00      0.00         0
          79       0.00      0.00      0.00         2
          80       0.00      0.00      0.00         0
          81       1.00      0.50      0.67         2
          82       0.00      0.00      0.00         0
          83       0.00      0.00      0.00         0
          84       0.75      0.75      0.75         4
          85       0.00      0.00      0.00         0
          86       0.00      0.00      0.00         0
          87       0.00      0.00      0.00         0
          88       0.00      0.00      0.00         0
          89       0.50      0.33      0.40         6
          90       0.00      0.00      0.00         0
          91       0.00      0.00      0.00         0
          92       0.00      0.00      0.00         0
          93       1.00      1.00      1.00         1
          94       1.00      0.25      0.40         4
          95       0.00      0.00      0.00         0
          96       0.00      0.00      0.00         0
          97       0.00      0.00      0.00         1
          98       0.68      0.83      0.75        47
          99       0.00      0.00      0.00         2
         100       0.00      0.00      0.00         0
         101       0.00      0.00      0.00         1
         102       0.00      0.00      0.00         0
         103       0.67      0.50      0.57         8
         104       0.00      0.00      0.00         1
         105       0.00      0.00      0.00         0
         106       0.00      0.00      0.00         1
         107       1.00      0.50      0.67         2
         108       0.00      0.00      0.00         0
         109       0.67      0.67      0.67         3
         110       0.00      0.00      0.00         0
         111       0.00      0.00      0.00         0
         112       0.00      0.00      0.00         0
         113       0.00      0.00      0.00         0
         114       1.00      0.50      0.67         2
         115       0.00      0.00      0.00         1
         116       0.00      0.00      0.00         1
         117       0.00      0.00      0.00         1

   micro avg       0.68      0.60      0.64       333
   macro avg       0.23      0.20      0.21       333
weighted avg       0.64      0.60      0.60       333
 samples avg       0.25      0.24      0.24       333

> epoch: 36
              precision    recall  f1-score   support

           0       0.00      0.00      0.00         0
           1       0.00      0.00      0.00         0
           2       0.43      0.50      0.46         6
           3       0.00      0.00      0.00         0
           4       0.00      0.00      0.00         0
           5       1.00      1.00      1.00         1
           6       0.00      0.00      0.00         0
           7       0.00      0.00      0.00         0
           8       0.00      0.00      0.00         1
           9       0.00      0.00      0.00         2
          10       0.71      0.38      0.50        13
          11       0.00      0.00      0.00         2
          12       1.00      0.25      0.40         8
          13       0.00      0.00      0.00         0
          14       0.50      0.60      0.55        10
          15       0.00      0.00      0.00         1
          16       0.00      0.00      0.00         0
          17       0.00      0.00      0.00         1
          18       0.00      0.00      0.00         0
          19       1.00      1.00      1.00         2
          20       0.75      0.86      0.80         7
          21       0.86      0.75      0.80         8
          22       0.00      0.00      0.00         1
          23       0.56      0.76      0.64        25
          24       0.00      0.00      0.00         0
          25       0.00      0.00      0.00         2
          26       0.64      0.50      0.56        18
          27       0.00      0.00      0.00         0
          28       0.00      0.00      0.00         3
          29       1.00      1.00      1.00         3
          30       0.60      0.60      0.60         5
          31       0.00      0.00      0.00         0
          32       1.00      0.67      0.80         3
          33       0.00      0.00      0.00         1
          34       0.00      0.00      0.00         0
          35       0.00      0.00      0.00         3
          36       0.00      0.00      0.00         0
          37       0.46      0.79      0.58        14
          38       0.00      0.00      0.00         0
          39       0.75      0.75      0.75         4
          40       0.00      0.00      0.00         1
          41       0.00      0.00      0.00         1
          42       0.00      0.00      0.00         0
          43       0.00      0.00      0.00         1
          44       0.00      0.00      0.00         1
          45       0.00      0.00      0.00         0
          46       0.00      0.00      0.00         1
          47       0.00      0.00      0.00         0
          48       1.00      0.75      0.86         4
          49       0.00      0.00      0.00         1
          50       0.00      0.00      0.00         0
          51       0.00      0.00      0.00         0
          52       0.00      0.00      0.00         0
          53       0.00      0.00      0.00         2
          54       0.57      0.80      0.67        10
          55       0.00      0.00      0.00         0
          56       1.00      0.43      0.60         7
          57       0.64      0.88      0.74         8
          58       0.83      0.62      0.71         8
          59       0.00      0.00      0.00         0
          60       0.00      0.00      0.00         1
          61       0.29      0.50      0.36         4
          62       0.00      0.00      0.00         0
          63       0.00      0.00      0.00         0
          64       0.00      0.00      0.00         0
          65       0.00      0.00      0.00         2
          66       0.00      0.00      0.00         0
          67       0.00      0.00      0.00         0
          68       0.00      0.00      0.00         0
          69       0.00      0.00      0.00         0
          70       0.00      0.00      0.00         0
          71       0.91      0.94      0.92        32
          72       0.00      0.00      0.00         0
          73       0.00      0.00      0.00         1
          74       0.00      0.00      0.00         0
          75       0.80      1.00      0.89         4
          76       1.00      0.33      0.50         3
          77       1.00      1.00      1.00         7
          78       0.00      0.00      0.00         0
          79       0.00      0.00      0.00         2
          80       0.00      0.00      0.00         0
          81       1.00      0.50      0.67         2
          82       0.00      0.00      0.00         0
          83       0.00      0.00      0.00         0
          84       0.80      1.00      0.89         4
          85       0.00      0.00      0.00         0
          86       0.00      0.00      0.00         0
          87       0.00      0.00      0.00         0
          88       0.00      0.00      0.00         0
          89       0.57      0.67      0.62         6
          90       0.00      0.00      0.00         0
          91       0.00      0.00      0.00         0
          92       0.00      0.00      0.00         0
          93       1.00      1.00      1.00         1
          94       0.00      0.00      0.00         4
          95       0.00      0.00      0.00         0
          96       0.00      0.00      0.00         0
          97       0.00      0.00      0.00         1
          98       0.60      0.96      0.74        47
          99       0.00      0.00      0.00         2
         100       0.00      0.00      0.00         0
         101       0.00      0.00      0.00         1
         102       0.00      0.00      0.00         0
         103       0.78      0.88      0.82         8
         104       0.00      0.00      0.00         1
         105       0.00      0.00      0.00         0
         106       0.00      0.00      0.00         1
         107       0.67      1.00      0.80         2
         108       0.00      0.00      0.00         0
         109       0.67      0.67      0.67         3
         110       0.00      0.00      0.00         0
         111       0.00      0.00      0.00         0
         112       0.00      0.00      0.00         0
         113       0.00      0.00      0.00         0
         114       1.00      0.50      0.67         2
         115       0.00      0.00      0.00         1
         116       0.00      0.00      0.00         1
         117       0.00      0.00      0.00         1

   micro avg       0.64      0.65      0.65       333
   macro avg       0.22      0.21      0.21       333
weighted avg       0.62      0.65      0.61       333
 samples avg       0.27      0.26      0.26       333

> epoch: 37
              precision    recall  f1-score   support

           0       0.00      0.00      0.00         0
           1       0.00      0.00      0.00         0
           2       0.60      0.50      0.55         6
           3       0.00      0.00      0.00         0
           4       0.00      0.00      0.00         0
           5       1.00      1.00      1.00         1
           6       0.00      0.00      0.00         0
           7       0.00      0.00      0.00         0
           8       0.00      0.00      0.00         1
           9       0.00      0.00      0.00         2
          10       0.62      0.38      0.48        13
          11       0.00      0.00      0.00         2
          12       1.00      0.25      0.40         8
          13       0.00      0.00      0.00         0
          14       0.62      0.50      0.56        10
          15       0.00      0.00      0.00         1
          16       0.00      0.00      0.00         0
          17       0.00      0.00      0.00         1
          18       0.00      0.00      0.00         0
          19       1.00      1.00      1.00         2
          20       0.80      0.57      0.67         7
          21       0.71      0.62      0.67         8
          22       1.00      1.00      1.00         1
          23       0.58      0.72      0.64        25
          24       0.00      0.00      0.00         0
          25       0.00      0.00      0.00         2
          26       0.62      0.28      0.38        18
          27       0.00      0.00      0.00         0
          28       0.00      0.00      0.00         3
          29       1.00      0.67      0.80         3
          30       0.60      0.60      0.60         5
          31       0.00      0.00      0.00         0
          32       1.00      0.67      0.80         3
          33       0.00      0.00      0.00         1
          34       0.00      0.00      0.00         0
          35       0.00      0.00      0.00         3
          36       0.00      0.00      0.00         0
          37       0.43      0.71      0.54        14
          38       0.00      0.00      0.00         0
          39       0.67      0.50      0.57         4
          40       0.00      0.00      0.00         1
          41       0.00      0.00      0.00         1
          42       0.00      0.00      0.00         0
          43       0.00      0.00      0.00         1
          44       0.00      0.00      0.00         1
          45       0.00      0.00      0.00         0
          46       0.00      0.00      0.00         1
          47       0.00      0.00      0.00         0
          48       1.00      0.75      0.86         4
          49       0.00      0.00      0.00         1
          50       0.00      0.00      0.00         0
          51       0.00      0.00      0.00         0
          52       0.00      0.00      0.00         0
          53       0.00      0.00      0.00         2
          54       0.67      0.60      0.63        10
          55       0.00      0.00      0.00         0
          56       1.00      0.43      0.60         7
          57       0.58      0.88      0.70         8
          58       0.00      0.00      0.00         8
          59       0.00      0.00      0.00         0
          60       0.00      0.00      0.00         1
          61       0.33      0.50      0.40         4
          62       0.00      0.00      0.00         0
          63       0.00      0.00      0.00         0
          64       0.00      0.00      0.00         0
          65       0.00      0.00      0.00         2
          66       0.00      0.00      0.00         0
          67       0.00      0.00      0.00         0
          68       0.00      0.00      0.00         0
          69       0.00      0.00      0.00         0
          70       0.00      0.00      0.00         0
          71       0.91      0.94      0.92        32
          72       0.00      0.00      0.00         0
          73       0.00      0.00      0.00         1
          74       0.00      0.00      0.00         0
          75       0.75      0.75      0.75         4
          76       1.00      0.33      0.50         3
          77       1.00      1.00      1.00         7
          78       0.00      0.00      0.00         0
          79       0.00      0.00      0.00         2
          80       0.00      0.00      0.00         0
          81       0.00      0.00      0.00         2
          82       0.00      0.00      0.00         0
          83       0.00      0.00      0.00         0
          84       0.67      0.50      0.57         4
          85       0.00      0.00      0.00         0
          86       0.00      0.00      0.00         0
          87       0.00      0.00      0.00         0
          88       0.00      0.00      0.00         0
          89       0.00      0.00      0.00         6
          90       0.00      0.00      0.00         0
          91       0.00      0.00      0.00         0
          92       0.00      0.00      0.00         0
          93       0.50      1.00      0.67         1
          94       1.00      0.50      0.67         4
          95       0.00      0.00      0.00         0
          96       0.00      0.00      0.00         0
          97       0.00      0.00      0.00         1
          98       0.76      0.79      0.77        47
          99       0.00      0.00      0.00         2
         100       0.00      0.00      0.00         0
         101       0.00      0.00      0.00         1
         102       0.00      0.00      0.00         0
         103       0.71      0.62      0.67         8
         104       0.00      0.00      0.00         1
         105       0.00      0.00      0.00         0
         106       0.00      0.00      0.00         1
         107       0.50      0.50      0.50         2
         108       0.00      0.00      0.00         0
         109       0.50      0.33      0.40         3
         110       0.00      0.00      0.00         0
         111       0.00      0.00      0.00         0
         112       0.00      0.00      0.00         0
         113       0.00      0.00      0.00         0
         114       1.00      0.50      0.67         2
         115       0.00      0.00      0.00         1
         116       0.00      0.00      0.00         1
         117       0.00      0.00      0.00         1

   micro avg       0.68      0.55      0.61       333
   macro avg       0.21      0.18      0.19       333
weighted avg       0.61      0.55      0.56       333
 samples avg       0.23      0.22      0.22       333

> epoch: 38
              precision    recall  f1-score   support

           0       0.00      0.00      0.00         0
           1       0.00      0.00      0.00         0
           2       0.57      0.67      0.62         6
           3       0.00      0.00      0.00         0
           4       0.00      0.00      0.00         0
           5       1.00      1.00      1.00         1
           6       0.00      0.00      0.00         0
           7       0.00      0.00      0.00         0
           8       0.00      0.00      0.00         1
           9       0.00      0.00      0.00         2
          10       0.67      0.46      0.55        13
          11       0.00      0.00      0.00         2
          12       1.00      0.25      0.40         8
          13       0.00      0.00      0.00         0
          14       0.60      0.60      0.60        10
          15       0.00      0.00      0.00         1
          16       0.00      0.00      0.00         0
          17       0.00      0.00      0.00         1
          18       0.00      0.00      0.00         0
          19       1.00      1.00      1.00         2
          20       0.71      0.71      0.71         7
          21       0.71      0.62      0.67         8
          22       0.00      0.00      0.00         1
          23       0.67      0.72      0.69        25
          24       0.00      0.00      0.00         0
          25       0.00      0.00      0.00         2
          26       0.75      0.17      0.27        18
          27       0.00      0.00      0.00         0
          28       1.00      0.33      0.50         3
          29       1.00      0.67      0.80         3
          30       0.60      0.60      0.60         5
          31       0.00      0.00      0.00         0
          32       1.00      0.67      0.80         3
          33       0.00      0.00      0.00         1
          34       0.00      0.00      0.00         0
          35       0.00      0.00      0.00         3
          36       0.00      0.00      0.00         0
          37       0.59      0.71      0.65        14
          38       0.00      0.00      0.00         0
          39       0.67      0.50      0.57         4
          40       0.00      0.00      0.00         1
          41       0.00      0.00      0.00         1
          42       0.00      0.00      0.00         0
          43       0.00      0.00      0.00         1
          44       0.00      0.00      0.00         1
          45       0.00      0.00      0.00         0
          46       0.50      1.00      0.67         1
          47       0.00      0.00      0.00         0
          48       1.00      0.75      0.86         4
          49       0.00      0.00      0.00         1
          50       0.00      0.00      0.00         0
          51       0.00      0.00      0.00         0
          52       0.00      0.00      0.00         0
          53       0.00      0.00      0.00         2
          54       0.70      0.70      0.70        10
          55       0.00      0.00      0.00         0
          56       1.00      0.43      0.60         7
          57       0.64      0.88      0.74         8
          58       0.75      0.38      0.50         8
          59       0.00      0.00      0.00         0
          60       0.00      0.00      0.00         1
          61       0.40      0.50      0.44         4
          62       0.00      0.00      0.00         0
          63       0.00      0.00      0.00         0
          64       0.00      0.00      0.00         0
          65       0.00      0.00      0.00         2
          66       0.00      0.00      0.00         0
          67       0.00      0.00      0.00         0
          68       0.00      0.00      0.00         0
          69       0.00      0.00      0.00         0
          70       0.00      0.00      0.00         0
          71       0.94      0.91      0.92        32
          72       0.00      0.00      0.00         0
          73       0.00      0.00      0.00         1
          74       0.00      0.00      0.00         0
          75       1.00      0.75      0.86         4
          76       1.00      0.33      0.50         3
          77       1.00      1.00      1.00         7
          78       0.00      0.00      0.00         0
          79       0.00      0.00      0.00         2
          80       0.00      0.00      0.00         0
          81       0.50      0.50      0.50         2
          82       0.00      0.00      0.00         0
          83       0.00      0.00      0.00         0
          84       0.67      0.50      0.57         4
          85       0.00      0.00      0.00         0
          86       0.00      0.00      0.00         0
          87       0.00      0.00      0.00         0
          88       0.00      0.00      0.00         0
          89       0.60      0.50      0.55         6
          90       0.00      0.00      0.00         0
          91       0.00      0.00      0.00         0
          92       0.00      0.00      0.00         0
          93       1.00      1.00      1.00         1
          94       1.00      0.25      0.40         4
          95       0.00      0.00      0.00         0
          96       0.00      0.00      0.00         0
          97       0.00      0.00      0.00         1
          98       0.74      0.83      0.78        47
          99       0.00      0.00      0.00         2
         100       0.00      0.00      0.00         0
         101       0.00      0.00      0.00         1
         102       0.00      0.00      0.00         0
         103       0.78      0.88      0.82         8
         104       0.00      0.00      0.00         1
         105       0.00      0.00      0.00         0
         106       0.00      0.00      0.00         1
         107       0.50      0.50      0.50         2
         108       0.00      0.00      0.00         0
         109       0.67      0.67      0.67         3
         110       0.00      0.00      0.00         0
         111       0.00      0.00      0.00         0
         112       0.00      0.00      0.00         0
         113       0.00      0.00      0.00         0
         114       1.00      0.50      0.67         2
         115       0.00      0.00      0.00         1
         116       0.00      0.00      0.00         1
         117       0.00      0.00      0.00         1

   micro avg       0.71      0.59      0.64       333
   macro avg       0.24      0.20      0.21       333
weighted avg       0.68      0.59      0.60       333
 samples avg       0.24      0.23      0.24       333

> epoch: 39
              precision    recall  f1-score   support

           0       0.00      0.00      0.00         0
           1       0.00      0.00      0.00         0
           2       0.75      0.50      0.60         6
           3       0.00      0.00      0.00         0
           4       0.00      0.00      0.00         0
           5       1.00      1.00      1.00         1
           6       0.00      0.00      0.00         0
           7       0.00      0.00      0.00         0
           8       0.00      0.00      0.00         1
           9       0.00      0.00      0.00         2
          10       0.62      0.38      0.48        13
          11       0.00      0.00      0.00         2
          12       1.00      0.25      0.40         8
          13       0.00      0.00      0.00         0
          14       0.55      0.60      0.57        10
          15       0.00      0.00      0.00         1
          16       0.00      0.00      0.00         0
          17       0.00      0.00      0.00         1
          18       0.00      0.00      0.00         0
          19       1.00      1.00      1.00         2
          20       0.67      0.57      0.62         7
          21       0.71      0.62      0.67         8
          22       0.00      0.00      0.00         1
          23       0.63      0.68      0.65        25
          24       0.00      0.00      0.00         0
          25       0.00      0.00      0.00         2
          26       0.56      0.28      0.37        18
          27       0.00      0.00      0.00         0
          28       0.00      0.00      0.00         3
          29       1.00      0.67      0.80         3
          30       0.50      0.40      0.44         5
          31       0.00      0.00      0.00         0
          32       0.67      0.67      0.67         3
          33       0.00      0.00      0.00         1
          34       0.00      0.00      0.00         0
          35       0.00      0.00      0.00         3
          36       0.00      0.00      0.00         0
          37       0.60      0.64      0.62        14
          38       0.00      0.00      0.00         0
          39       0.67      0.50      0.57         4
          40       0.00      0.00      0.00         1
          41       0.00      0.00      0.00         1
          42       0.00      0.00      0.00         0
          43       0.00      0.00      0.00         1
          44       0.00      0.00      0.00         1
          45       0.00      0.00      0.00         0
          46       0.00      0.00      0.00         1
          47       0.00      0.00      0.00         0
          48       1.00      0.75      0.86         4
          49       0.00      0.00      0.00         1
          50       0.00      0.00      0.00         0
          51       0.00      0.00      0.00         0
          52       0.00      0.00      0.00         0
          53       0.00      0.00      0.00         2
          54       0.67      0.60      0.63        10
          55       0.00      0.00      0.00         0
          56       1.00      0.43      0.60         7
          57       0.67      0.75      0.71         8
          58       0.75      0.38      0.50         8
          59       0.00      0.00      0.00         0
          60       0.00      0.00      0.00         1
          61       0.60      0.75      0.67         4
          62       0.00      0.00      0.00         0
          63       0.00      0.00      0.00         0
          64       0.00      0.00      0.00         0
          65       0.00      0.00      0.00         2
          66       0.00      0.00      0.00         0
          67       0.00      0.00      0.00         0
          68       0.00      0.00      0.00         0
          69       0.00      0.00      0.00         0
          70       0.00      0.00      0.00         0
          71       0.94      0.91      0.92        32
          72       0.00      0.00      0.00         0
          73       0.00      0.00      0.00         1
          74       0.00      0.00      0.00         0
          75       0.80      1.00      0.89         4
          76       1.00      0.33      0.50         3
          77       1.00      1.00      1.00         7
          78       0.00      0.00      0.00         0
          79       0.00      0.00      0.00         2
          80       0.00      0.00      0.00         0
          81       0.50      0.50      0.50         2
          82       0.00      0.00      0.00         0
          83       0.00      0.00      0.00         0
          84       0.67      0.50      0.57         4
          85       0.00      0.00      0.00         0
          86       0.00      0.00      0.00         0
          87       0.00      0.00      0.00         0
          88       0.00      0.00      0.00         0
          89       0.00      0.00      0.00         6
          90       0.00      0.00      0.00         0
          91       0.00      0.00      0.00         0
          92       0.00      0.00      0.00         0
          93       0.00      0.00      0.00         1
          94       1.00      0.25      0.40         4
          95       0.00      0.00      0.00         0
          96       0.00      0.00      0.00         0
          97       0.00      0.00      0.00         1
          98       0.85      0.74      0.80        47
          99       0.00      0.00      0.00         2
         100       0.00      0.00      0.00         0
         101       0.00      0.00      0.00         1
         102       0.00      0.00      0.00         0
         103       0.78      0.88      0.82         8
         104       0.00      0.00      0.00         1
         105       0.00      0.00      0.00         0
         106       0.00      0.00      0.00         1
         107       0.33      0.50      0.40         2
         108       0.00      0.00      0.00         0
         109       0.67      0.67      0.67         3
         110       0.00      0.00      0.00         0
         111       0.00      0.00      0.00         0
         112       0.00      0.00      0.00         0
         113       0.00      0.00      0.00         0
         114       1.00      0.50      0.67         2
         115       0.00      0.00      0.00         1
         116       0.00      0.00      0.00         1
         117       0.00      0.00      0.00         1

   micro avg       0.71      0.55      0.62       333
   macro avg       0.21      0.17      0.18       333
weighted avg       0.65      0.55      0.58       333
 samples avg       0.23      0.22      0.22       333

> epoch: 40
              precision    recall  f1-score   support

           0       0.00      0.00      0.00         0
           1       0.00      0.00      0.00         0
           2       0.80      0.67      0.73         6
           3       0.00      0.00      0.00         0
           4       0.00      0.00      0.00         0
           5       1.00      1.00      1.00         1
           6       0.00      0.00      0.00         0
           7       0.00      0.00      0.00         0
           8       0.00      0.00      0.00         1
           9       0.00      0.00      0.00         2
          10       0.60      0.46      0.52        13
          11       0.00      0.00      0.00         2
          12       1.00      0.25      0.40         8
          13       0.00      0.00      0.00         0
          14       0.64      0.70      0.67        10
          15       0.00      0.00      0.00         1
          16       0.00      0.00      0.00         0
          17       0.00      0.00      0.00         1
          18       0.00      0.00      0.00         0
          19       1.00      1.00      1.00         2
          20       0.75      0.86      0.80         7
          21       0.83      0.62      0.71         8
          22       0.00      0.00      0.00         1
          23       0.55      0.68      0.61        25
          24       0.00      0.00      0.00         0
          25       0.00      0.00      0.00         2
          26       0.53      0.56      0.54        18
          27       0.00      0.00      0.00         0
          28       0.00      0.00      0.00         3
          29       1.00      0.67      0.80         3
          30       0.50      0.40      0.44         5
          31       0.00      0.00      0.00         0
          32       1.00      0.67      0.80         3
          33       0.00      0.00      0.00         1
          34       0.00      0.00      0.00         0
          35       0.00      0.00      0.00         3
          36       0.00      0.00      0.00         0
          37       0.57      0.57      0.57        14
          38       0.00      0.00      0.00         0
          39       0.75      0.75      0.75         4
          40       0.00      0.00      0.00         1
          41       0.00      0.00      0.00         1
          42       0.00      0.00      0.00         0
          43       0.00      0.00      0.00         1
          44       0.00      0.00      0.00         1
          45       0.00      0.00      0.00         0
          46       0.50      1.00      0.67         1
          47       0.00      0.00      0.00         0
          48       1.00      0.75      0.86         4
          49       0.00      0.00      0.00         1
          50       0.00      0.00      0.00         0
          51       0.00      0.00      0.00         0
          52       0.00      0.00      0.00         0
          53       0.00      0.00      0.00         2
          54       0.57      0.40      0.47        10
          55       0.00      0.00      0.00         0
          56       1.00      0.43      0.60         7
          57       0.60      0.75      0.67         8
          58       0.67      0.25      0.36         8
          59       0.00      0.00      0.00         0
          60       0.00      0.00      0.00         1
          61       0.43      0.75      0.55         4
          62       0.00      0.00      0.00         0
          63       0.00      0.00      0.00         0
          64       0.00      0.00      0.00         0
          65       0.00      0.00      0.00         2
          66       0.00      0.00      0.00         0
          67       0.00      0.00      0.00         0
          68       0.00      0.00      0.00         0
          69       0.00      0.00      0.00         0
          70       0.00      0.00      0.00         0
          71       0.91      0.97      0.94        32
          72       0.00      0.00      0.00         0
          73       0.00      0.00      0.00         1
          74       0.00      0.00      0.00         0
          75       1.00      0.75      0.86         4
          76       1.00      0.33      0.50         3
          77       1.00      1.00      1.00         7
          78       0.00      0.00      0.00         0
          79       0.00      0.00      0.00         2
          80       0.00      0.00      0.00         0
          81       0.50      0.50      0.50         2
          82       0.00      0.00      0.00         0
          83       0.00      0.00      0.00         0
          84       0.75      0.75      0.75         4
          85       0.00      0.00      0.00         0
          86       0.00      0.00      0.00         0
          87       0.00      0.00      0.00         0
          88       0.00      0.00      0.00         0
          89       0.50      0.33      0.40         6
          90       0.00      0.00      0.00         0
          91       0.00      0.00      0.00         0
          92       0.00      0.00      0.00         0
          93       1.00      1.00      1.00         1
          94       1.00      0.50      0.67         4
          95       0.00      0.00      0.00         0
          96       0.00      0.00      0.00         0
          97       0.00      0.00      0.00         1
          98       0.77      0.87      0.82        47
          99       0.00      0.00      0.00         2
         100       0.00      0.00      0.00         0
         101       0.00      0.00      0.00         1
         102       0.00      0.00      0.00         0
         103       0.70      0.88      0.78         8
         104       0.00      0.00      0.00         1
         105       0.00      0.00      0.00         0
         106       0.00      0.00      0.00         1
         107       1.00      0.50      0.67         2
         108       0.00      0.00      0.00         0
         109       0.67      0.67      0.67         3
         110       0.00      0.00      0.00         0
         111       0.00      0.00      0.00         0
         112       0.00      0.00      0.00         0
         113       0.00      0.00      0.00         0
         114       1.00      0.50      0.67         2
         115       0.00      0.00      0.00         1
         116       0.00      0.00      0.00         1
         117       0.00      0.00      0.00         1

   micro avg       0.69      0.61      0.64       333
   macro avg       0.24      0.20      0.21       333
weighted avg       0.65      0.61      0.61       333
 samples avg       0.25      0.24      0.24       333

> epoch: 41
              precision    recall  f1-score   support

           0       0.00      0.00      0.00         0
           1       0.00      0.00      0.00         0
           2       0.75      0.50      0.60         6
           3       0.00      0.00      0.00         0
           4       0.00      0.00      0.00         0
           5       1.00      1.00      1.00         1
           6       0.00      0.00      0.00         0
           7       0.00      0.00      0.00         0
           8       0.00      0.00      0.00         1
           9       0.00      0.00      0.00         2
          10       0.69      0.69      0.69        13
          11       0.00      0.00      0.00         2
          12       1.00      0.25      0.40         8
          13       0.00      0.00      0.00         0
          14       0.54      0.70      0.61        10
          15       0.00      0.00      0.00         1
          16       0.00      0.00      0.00         0
          17       0.00      0.00      0.00         1
          18       0.00      0.00      0.00         0
          19       1.00      1.00      1.00         2
          20       0.75      0.86      0.80         7
          21       0.75      0.75      0.75         8
          22       0.00      0.00      0.00         1
          23       0.58      0.72      0.64        25
          24       0.00      0.00      0.00         0
          25       0.00      0.00      0.00         2
          26       0.58      0.39      0.47        18
          27       0.00      0.00      0.00         0
          28       1.00      0.33      0.50         3
          29       1.00      0.67      0.80         3
          30       0.60      0.60      0.60         5
          31       0.00      0.00      0.00         0
          32       1.00      0.67      0.80         3
          33       0.00      0.00      0.00         1
          34       0.00      0.00      0.00         0
          35       0.00      0.00      0.00         3
          36       0.00      0.00      0.00         0
          37       0.56      0.71      0.62        14
          38       0.00      0.00      0.00         0
          39       0.80      1.00      0.89         4
          40       0.00      0.00      0.00         1
          41       0.00      0.00      0.00         1
          42       0.00      0.00      0.00         0
          43       0.00      0.00      0.00         1
          44       0.00      0.00      0.00         1
          45       0.00      0.00      0.00         0
          46       0.00      0.00      0.00         1
          47       0.00      0.00      0.00         0
          48       1.00      0.75      0.86         4
          49       0.00      0.00      0.00         1
          50       0.00      0.00      0.00         0
          51       0.00      0.00      0.00         0
          52       0.00      0.00      0.00         0
          53       0.00      0.00      0.00         2
          54       0.62      0.50      0.56        10
          55       0.00      0.00      0.00         0
          56       1.00      0.43      0.60         7
          57       0.60      0.75      0.67         8
          58       0.67      0.25      0.36         8
          59       0.00      0.00      0.00         0
          60       0.00      0.00      0.00         1
          61       0.50      0.75      0.60         4
          62       0.00      0.00      0.00         0
          63       0.00      0.00      0.00         0
          64       0.00      0.00      0.00         0
          65       0.00      0.00      0.00         2
          66       0.00      0.00      0.00         0
          67       0.00      0.00      0.00         0
          68       0.00      0.00      0.00         0
          69       0.00      0.00      0.00         0
          70       0.00      0.00      0.00         0
          71       0.91      0.91      0.91        32
          72       0.00      0.00      0.00         0
          73       0.00      0.00      0.00         1
          74       0.00      0.00      0.00         0
          75       0.75      0.75      0.75         4
          76       1.00      0.33      0.50         3
          77       1.00      1.00      1.00         7
          78       0.00      0.00      0.00         0
          79       1.00      0.50      0.67         2
          80       0.00      0.00      0.00         0
          81       0.50      0.50      0.50         2
          82       0.00      0.00      0.00         0
          83       0.00      0.00      0.00         0
          84       0.67      0.50      0.57         4
          85       0.00      0.00      0.00         0
          86       0.00      0.00      0.00         0
          87       0.00      0.00      0.00         0
          88       0.00      0.00      0.00         0
          89       0.33      0.17      0.22         6
          90       0.00      0.00      0.00         0
          91       0.00      0.00      0.00         0
          92       0.00      0.00      0.00         0
          93       1.00      1.00      1.00         1
          94       1.00      0.50      0.67         4
          95       0.00      0.00      0.00         0
          96       0.00      0.00      0.00         0
          97       0.00      0.00      0.00         1
          98       0.75      0.81      0.78        47
          99       0.00      0.00      0.00         2
         100       0.00      0.00      0.00         0
         101       0.00      0.00      0.00         1
         102       0.00      0.00      0.00         0
         103       0.70      0.88      0.78         8
         104       0.00      0.00      0.00         1
         105       0.00      0.00      0.00         0
         106       0.00      0.00      0.00         1
         107       0.50      0.50      0.50         2
         108       0.00      0.00      0.00         0
         109       0.67      0.67      0.67         3
         110       0.00      0.00      0.00         0
         111       0.00      0.00      0.00         0
         112       0.00      0.00      0.00         0
         113       0.00      0.00      0.00         0
         114       1.00      0.50      0.67         2
         115       0.00      0.00      0.00         1
         116       0.00      0.00      0.00         1
         117       0.00      0.00      0.00         1

   micro avg       0.68      0.61      0.64       333
   macro avg       0.24      0.20      0.21       333
weighted avg       0.66      0.61      0.61       333
 samples avg       0.25      0.24      0.24       333

> epoch: 42
              precision    recall  f1-score   support

           0       0.00      0.00      0.00         0
           1       0.00      0.00      0.00         0
           2       0.75      0.50      0.60         6
           3       0.00      0.00      0.00         0
           4       0.00      0.00      0.00         0
           5       1.00      1.00      1.00         1
           6       0.00      0.00      0.00         0
           7       0.00      0.00      0.00         0
           8       0.00      0.00      0.00         1
           9       0.00      0.00      0.00         2
          10       0.62      0.38      0.48        13
          11       0.00      0.00      0.00         2
          12       1.00      0.25      0.40         8
          13       0.00      0.00      0.00         0
          14       0.50      0.50      0.50        10
          15       0.00      0.00      0.00         1
          16       0.00      0.00      0.00         0
          17       0.00      0.00      0.00         1
          18       0.00      0.00      0.00         0
          19       1.00      1.00      1.00         2
          20       0.71      0.71      0.71         7
          21       1.00      0.38      0.55         8
          22       0.00      0.00      0.00         1
          23       0.54      0.76      0.63        25
          24       0.00      0.00      0.00         0
          25       0.00      0.00      0.00         2
          26       0.67      0.22      0.33        18
          27       0.00      0.00      0.00         0
          28       0.00      0.00      0.00         3
          29       1.00      0.67      0.80         3
          30       0.50      0.40      0.44         5
          31       0.00      0.00      0.00         0
          32       1.00      0.67      0.80         3
          33       0.00      0.00      0.00         1
          34       0.00      0.00      0.00         0
          35       0.00      0.00      0.00         3
          36       0.00      0.00      0.00         0
          37       0.62      0.71      0.67        14
          38       0.00      0.00      0.00         0
          39       0.80      1.00      0.89         4
          40       0.00      0.00      0.00         1
          41       0.00      0.00      0.00         1
          42       0.00      0.00      0.00         0
          43       0.00      0.00      0.00         1
          44       0.00      0.00      0.00         1
          45       0.00      0.00      0.00         0
          46       0.00      0.00      0.00         1
          47       0.00      0.00      0.00         0
          48       1.00      0.75      0.86         4
          49       0.00      0.00      0.00         1
          50       0.00      0.00      0.00         0
          51       0.00      0.00      0.00         0
          52       0.00      0.00      0.00         0
          53       0.00      0.00      0.00         2
          54       0.67      0.60      0.63        10
          55       0.00      0.00      0.00         0
          56       1.00      0.43      0.60         7
          57       0.64      0.88      0.74         8
          58       0.67      0.25      0.36         8
          59       0.00      0.00      0.00         0
          60       0.00      0.00      0.00         1
          61       0.43      0.75      0.55         4
          62       0.00      0.00      0.00         0
          63       0.00      0.00      0.00         0
          64       0.00      0.00      0.00         0
          65       0.00      0.00      0.00         2
          66       0.00      0.00      0.00         0
          67       0.00      0.00      0.00         0
          68       0.00      0.00      0.00         0
          69       0.00      0.00      0.00         0
          70       0.00      0.00      0.00         0
          71       0.91      0.97      0.94        32
          72       0.00      0.00      0.00         0
          73       0.00      0.00      0.00         1
          74       0.00      0.00      0.00         0
          75       0.75      0.75      0.75         4
          76       1.00      0.33      0.50         3
          77       1.00      1.00      1.00         7
          78       0.00      0.00      0.00         0
          79       0.00      0.00      0.00         2
          80       0.00      0.00      0.00         0
          81       1.00      0.50      0.67         2
          82       0.00      0.00      0.00         0
          83       0.00      0.00      0.00         0
          84       0.67      0.50      0.57         4
          85       0.00      0.00      0.00         0
          86       0.00      0.00      0.00         0
          87       0.00      0.00      0.00         0
          88       0.00      0.00      0.00         0
          89       0.33      0.17      0.22         6
          90       0.00      0.00      0.00         0
          91       0.00      0.00      0.00         0
          92       0.00      0.00      0.00         0
          93       1.00      1.00      1.00         1
          94       1.00      0.50      0.67         4
          95       0.00      0.00      0.00         0
          96       0.00      0.00      0.00         0
          97       0.00      0.00      0.00         1
          98       0.75      0.81      0.78        47
          99       0.00      0.00      0.00         2
         100       0.00      0.00      0.00         0
         101       0.00      0.00      0.00         1
         102       0.00      0.00      0.00         0
         103       0.71      0.62      0.67         8
         104       0.00      0.00      0.00         1
         105       0.00      0.00      0.00         0
         106       0.00      0.00      0.00         1
         107       0.50      0.50      0.50         2
         108       0.00      0.00      0.00         0
         109       0.67      0.67      0.67         3
         110       0.00      0.00      0.00         0
         111       0.00      0.00      0.00         0
         112       0.00      0.00      0.00         0
         113       0.00      0.00      0.00         0
         114       1.00      0.50      0.67         2
         115       0.00      0.00      0.00         1
         116       0.00      0.00      0.00         1
         117       0.00      0.00      0.00         1

   micro avg       0.69      0.57      0.62       333
   macro avg       0.23      0.18      0.20       333
weighted avg       0.65      0.57      0.58       333
 samples avg       0.24      0.23      0.23       333

> epoch: 43
              precision    recall  f1-score   support

           0       0.00      0.00      0.00         0
           1       0.00      0.00      0.00         0
           2       0.80      0.67      0.73         6
           3       0.00      0.00      0.00         0
           4       0.00      0.00      0.00         0
           5       1.00      1.00      1.00         1
           6       0.00      0.00      0.00         0
           7       0.00      0.00      0.00         0
           8       0.00      0.00      0.00         1
           9       0.00      0.00      0.00         2
          10       0.62      0.38      0.48        13
          11       0.00      0.00      0.00         2
          12       0.75      0.38      0.50         8
          13       0.00      0.00      0.00         0
          14       0.55      0.60      0.57        10
          15       0.00      0.00      0.00         1
          16       0.00      0.00      0.00         0
          17       0.00      0.00      0.00         1
          18       0.00      0.00      0.00         0
          19       1.00      1.00      1.00         2
          20       0.67      0.57      0.62         7
          21       0.71      0.62      0.67         8
          22       1.00      1.00      1.00         1
          23       0.53      0.76      0.62        25
          24       0.00      0.00      0.00         0
          25       0.00      0.00      0.00         2
          26       0.62      0.28      0.38        18
          27       0.00      0.00      0.00         0
          28       0.00      0.00      0.00         3
          29       1.00      0.67      0.80         3
          30       0.67      0.80      0.73         5
          31       0.00      0.00      0.00         0
          32       1.00      0.67      0.80         3
          33       0.00      0.00      0.00         1
          34       0.00      0.00      0.00         0
          35       0.00      0.00      0.00         3
          36       0.00      0.00      0.00         0
          37       0.61      0.79      0.69        14
          38       0.00      0.00      0.00         0
          39       0.80      1.00      0.89         4
          40       0.00      0.00      0.00         1
          41       0.00      0.00      0.00         1
          42       0.00      0.00      0.00         0
          43       0.00      0.00      0.00         1
          44       0.00      0.00      0.00         1
          45       0.00      0.00      0.00         0
          46       0.00      0.00      0.00         1
          47       0.00      0.00      0.00         0
          48       1.00      0.75      0.86         4
          49       0.00      0.00      0.00         1
          50       0.00      0.00      0.00         0
          51       0.00      0.00      0.00         0
          52       0.00      0.00      0.00         0
          53       0.00      0.00      0.00         2
          54       0.67      0.60      0.63        10
          55       0.00      0.00      0.00         0
          56       1.00      0.43      0.60         7
          57       0.58      0.88      0.70         8
          58       0.75      0.38      0.50         8
          59       0.00      0.00      0.00         0
          60       0.00      0.00      0.00         1
          61       0.38      0.75      0.50         4
          62       0.00      0.00      0.00         0
          63       0.00      0.00      0.00         0
          64       0.00      0.00      0.00         0
          65       0.00      0.00      0.00         2
          66       0.00      0.00      0.00         0
          67       0.00      0.00      0.00         0
          68       0.00      0.00      0.00         0
          69       0.00      0.00      0.00         0
          70       0.00      0.00      0.00         0
          71       0.93      0.88      0.90        32
          72       0.00      0.00      0.00         0
          73       0.00      0.00      0.00         1
          74       0.00      0.00      0.00         0
          75       1.00      0.75      0.86         4
          76       1.00      0.33      0.50         3
          77       1.00      1.00      1.00         7
          78       0.00      0.00      0.00         0
          79       0.00      0.00      0.00         2
          80       0.00      0.00      0.00         0
          81       0.50      0.50      0.50         2
          82       0.00      0.00      0.00         0
          83       0.00      0.00      0.00         0
          84       0.67      0.50      0.57         4
          85       0.00      0.00      0.00         0
          86       0.00      0.00      0.00         0
          87       0.00      0.00      0.00         0
          88       0.00      0.00      0.00         0
          89       0.60      0.50      0.55         6
          90       0.00      0.00      0.00         0
          91       0.00      0.00      0.00         0
          92       0.00      0.00      0.00         0
          93       1.00      1.00      1.00         1
          94       1.00      0.50      0.67         4
          95       0.00      0.00      0.00         0
          96       0.00      0.00      0.00         0
          97       0.00      0.00      0.00         1
          98       0.73      0.85      0.78        47
          99       0.00      0.00      0.00         2
         100       0.00      0.00      0.00         0
         101       0.00      0.00      0.00         1
         102       0.00      0.00      0.00         0
         103       0.62      0.62      0.62         8
         104       0.00      0.00      0.00         1
         105       0.00      0.00      0.00         0
         106       0.00      0.00      0.00         1
         107       1.00      0.50      0.67         2
         108       0.00      0.00      0.00         0
         109       0.67      0.67      0.67         3
         110       0.00      0.00      0.00         0
         111       0.00      0.00      0.00         0
         112       0.00      0.00      0.00         0
         113       0.00      0.00      0.00         0
         114       1.00      0.50      0.67         2
         115       0.00      0.00      0.00         1
         116       0.00      0.00      0.00         1
         117       0.00      0.00      0.00         1

   micro avg       0.68      0.60      0.64       333
   macro avg       0.24      0.20      0.21       333
weighted avg       0.65      0.60      0.60       333
 samples avg       0.25      0.24      0.24       333

