Starting HGT batch job with 6 repetitions...
=== Repetition 1/6 ===
--------------------------------------
Running model: HGT
Dataset: amazon_style_cc_fold_1
Repetition: 1
--------------------------------------
Loading nodes from amazon_style_cc_fold_1/node.dat
/home/simonettos/homhetgnn/HGB/LP/benchmark/data/amazon_style_cc_fold_1/node.dat
0 {}
1 {'0': 558}
node_count: {'0': 558, '1': 940}
('1', '4', '1'): src_max=939, dst_max=939
('1', '5', '0'): src_max=939, dst_max=557
('0', '3', '0'): src_max=557, dst_max=557
('0', '6', '0'): src_max=557, dst_max=557
('0', '0', '0'): src_max=557, dst_max=553
('1', '2', '1'): src_max=938, dst_max=938
('1', '7', '1'): src_max=939, dst_max=939
('1', '1', '1'): src_max=939, dst_max=928
('1', '9', '1'): src_max=795, dst_max=380
('1', '8', '1'): src_max=791, dst_max=812
0 0
1 558
5
Epoch 00000, Step00000 | Train_Loss: 1.0471 | Time: 1.7037
Epoch 00000 | Val_Loss 0.7261 | Time(s) 0.2274
Validation loss decreased (inf --> 0.726144).  Saving model ...
Epoch 00001, Step00000 | Train_Loss: 1.0346 | Time: 0.2508
Epoch 00001 | Val_Loss 0.8020 | Time(s) 0.1902
EarlyStopping counter: 1 out of 30
Epoch 00002, Step00000 | Train_Loss: 1.0242 | Time: 0.2592
Epoch 00002 | Val_Loss 0.7477 | Time(s) 0.1776
EarlyStopping counter: 2 out of 30
Epoch 00003, Step00000 | Train_Loss: 0.9572 | Time: 0.2505
Epoch 00003 | Val_Loss 0.7443 | Time(s) 0.1792
EarlyStopping counter: 3 out of 30
Epoch 00004, Step00000 | Train_Loss: 0.9818 | Time: 0.2576
Epoch 00004 | Val_Loss 0.7276 | Time(s) 0.1748
EarlyStopping counter: 4 out of 30
Epoch 00005, Step00000 | Train_Loss: 0.8750 | Time: 0.2472
Epoch 00005 | Val_Loss 0.7760 | Time(s) 0.1817
EarlyStopping counter: 5 out of 30
Epoch 00006, Step00000 | Train_Loss: 0.8631 | Time: 0.2569
Epoch 00006 | Val_Loss 0.8477 | Time(s) 0.1748
EarlyStopping counter: 6 out of 30
Epoch 00007, Step00000 | Train_Loss: 0.8428 | Time: 0.2544
Epoch 00007 | Val_Loss 0.7937 | Time(s) 0.1769
EarlyStopping counter: 7 out of 30
Epoch 00008, Step00000 | Train_Loss: 0.8101 | Time: 0.2520
Epoch 00008 | Val_Loss 1.1532 | Time(s) 0.1779
EarlyStopping counter: 8 out of 30
Epoch 00009, Step00000 | Train_Loss: 0.9707 | Time: 0.2561
Epoch 00009 | Val_Loss 1.7638 | Time(s) 0.1829
EarlyStopping counter: 9 out of 30
Epoch 00010, Step00000 | Train_Loss: 1.4421 | Time: 0.2570
Epoch 00010 | Val_Loss 1.0282 | Time(s) 0.1784
EarlyStopping counter: 10 out of 30
Epoch 00011, Step00000 | Train_Loss: 0.7720 | Time: 0.2552
Epoch 00011 | Val_Loss 0.8521 | Time(s) 0.1771
EarlyStopping counter: 11 out of 30
Epoch 00012, Step00000 | Train_Loss: 0.6300 | Time: 0.2546
Epoch 00012 | Val_Loss 1.3437 | Time(s) 0.1756
EarlyStopping counter: 12 out of 30
Epoch 00013, Step00000 | Train_Loss: 1.0291 | Time: 0.2430
Epoch 00013 | Val_Loss 1.3359 | Time(s) 0.1749
EarlyStopping counter: 13 out of 30
Epoch 00014, Step00000 | Train_Loss: 0.7919 | Time: 0.2591
Epoch 00014 | Val_Loss 1.0074 | Time(s) 0.1792
EarlyStopping counter: 14 out of 30
Epoch 00015, Step00000 | Train_Loss: 0.5489 | Time: 0.2448
Epoch 00015 | Val_Loss 1.4742 | Time(s) 0.1803
EarlyStopping counter: 15 out of 30
Epoch 00016, Step00000 | Train_Loss: 0.7256 | Time: 0.2376
Epoch 00016 | Val_Loss 1.1182 | Time(s) 0.1645
EarlyStopping counter: 16 out of 30
Epoch 00017, Step00000 | Train_Loss: 0.5067 | Time: 0.1997
Epoch 00017 | Val_Loss 1.3787 | Time(s) 0.1201
EarlyStopping counter: 17 out of 30
Epoch 00018, Step00000 | Train_Loss: 0.6460 | Time: 0.1834
Epoch 00018 | Val_Loss 1.1628 | Time(s) 0.1744
EarlyStopping counter: 18 out of 30
Epoch 00019, Step00000 | Train_Loss: 0.5226 | Time: 0.2706
Epoch 00019 | Val_Loss 1.3993 | Time(s) 0.1903
EarlyStopping counter: 19 out of 30
Epoch 00020, Step00000 | Train_Loss: 0.5771 | Time: 0.2621
Epoch 00020 | Val_Loss 1.2549 | Time(s) 0.1896
EarlyStopping counter: 20 out of 30
Epoch 00021, Step00000 | Train_Loss: 0.5003 | Time: 0.2721
Epoch 00021 | Val_Loss 1.1957 | Time(s) 0.1897
EarlyStopping counter: 21 out of 30
Epoch 00022, Step00000 | Train_Loss: 0.5271 | Time: 0.2688
Epoch 00022 | Val_Loss 1.2150 | Time(s) 0.1922
EarlyStopping counter: 22 out of 30
Epoch 00023, Step00000 | Train_Loss: 0.4567 | Time: 0.2727
Epoch 00023 | Val_Loss 1.1600 | Time(s) 0.1883
EarlyStopping counter: 23 out of 30
Epoch 00024, Step00000 | Train_Loss: 0.5102 | Time: 0.2529
Epoch 00024 | Val_Loss 1.1411 | Time(s) 0.1889
EarlyStopping counter: 24 out of 30
Epoch 00025, Step00000 | Train_Loss: 0.4465 | Time: 0.2669
Epoch 00025 | Val_Loss 1.1082 | Time(s) 0.1892
EarlyStopping counter: 25 out of 30
Epoch 00026, Step00000 | Train_Loss: 0.4980 | Time: 0.2472
Epoch 00026 | Val_Loss 1.0131 | Time(s) 0.1897
EarlyStopping counter: 26 out of 30
Epoch 00027, Step00000 | Train_Loss: 0.4485 | Time: 0.1914
Epoch 00027 | Val_Loss 1.0992 | Time(s) 0.1178
EarlyStopping counter: 27 out of 30
Epoch 00028, Step00000 | Train_Loss: 0.4443 | Time: 0.2032
Epoch 00028 | Val_Loss 1.1707 | Time(s) 0.1888
EarlyStopping counter: 28 out of 30
Epoch 00029, Step00000 | Train_Loss: 0.4142 | Time: 0.2557
Epoch 00029 | Val_Loss 1.2003 | Time(s) 0.1888
EarlyStopping counter: 29 out of 30
Epoch 00030, Step00000 | Train_Loss: 0.4089 | Time: 0.2574
Epoch 00030 | Val_Loss 1.0803 | Time(s) 0.1897
EarlyStopping counter: 30 out of 30
Early stopping!
Early stopping!
defaultdict(<class 'float'>, {'roc_auc': 0.4828199798437894, 'MRR': 0.7279761904761904})
defaultdict(<class 'float'>, {'roc_auc': 0.5117315444696398, 'MRR': 0.7505952380952381})
Completed: amazon_style_cc_fold_1 (rep 1)

--------------------------------------
Running model: HGT
Dataset: amazon_style_cc_fold_2
Repetition: 1
--------------------------------------
Loading nodes from amazon_style_cc_fold_2/node.dat
/home/simonettos/homhetgnn/HGB/LP/benchmark/data/amazon_style_cc_fold_2/node.dat
0 {}
1 {'0': 558}
node_count: {'0': 558, '1': 940}
('1', '5', '0'): src_max=939, dst_max=557
('0', '6', '0'): src_max=557, dst_max=557
('1', '2', '1'): src_max=938, dst_max=938
('0', '3', '0'): src_max=557, dst_max=557
('0', '0', '0'): src_max=557, dst_max=553
('1', '1', '1'): src_max=939, dst_max=928
('1', '4', '1'): src_max=939, dst_max=939
('1', '7', '1'): src_max=939, dst_max=939
('1', '8', '1'): src_max=791, dst_max=812
('1', '9', '1'): src_max=795, dst_max=380
0 0
1 558
5
Epoch 00000, Step00000 | Train_Loss: 1.0645 | Time: 0.6246
Epoch 00000 | Val_Loss 0.7160 | Time(s) 0.1883
Validation loss decreased (inf --> 0.715967).  Saving model ...
Epoch 00001, Step00000 | Train_Loss: 0.9679 | Time: 0.2291
Epoch 00001 | Val_Loss 0.8525 | Time(s) 0.1907
EarlyStopping counter: 1 out of 30
Epoch 00002, Step00000 | Train_Loss: 0.9844 | Time: 0.2424
Epoch 00002 | Val_Loss 0.8109 | Time(s) 0.1957
EarlyStopping counter: 2 out of 30
Epoch 00003, Step00000 | Train_Loss: 1.0234 | Time: 0.2414
Epoch 00003 | Val_Loss 0.8405 | Time(s) 0.1908
EarlyStopping counter: 3 out of 30
Epoch 00004, Step00000 | Train_Loss: 0.9963 | Time: 0.2420
Epoch 00004 | Val_Loss 0.7445 | Time(s) 0.1879
EarlyStopping counter: 4 out of 30
Epoch 00005, Step00000 | Train_Loss: 0.8901 | Time: 0.2420
Epoch 00005 | Val_Loss 0.9286 | Time(s) 0.1926
EarlyStopping counter: 5 out of 30
Epoch 00006, Step00000 | Train_Loss: 0.9301 | Time: 0.2430
Epoch 00006 | Val_Loss 0.7378 | Time(s) 0.1907
EarlyStopping counter: 6 out of 30
Epoch 00007, Step00000 | Train_Loss: 0.7650 | Time: 0.2407
Epoch 00007 | Val_Loss 0.9007 | Time(s) 0.1921
EarlyStopping counter: 7 out of 30
Epoch 00008, Step00000 | Train_Loss: 0.7719 | Time: 0.2133
Epoch 00008 | Val_Loss 1.1853 | Time(s) 0.1650
EarlyStopping counter: 8 out of 30
Epoch 00009, Step00000 | Train_Loss: 0.9840 | Time: 0.2721
Epoch 00009 | Val_Loss 1.4778 | Time(s) 0.1930
EarlyStopping counter: 9 out of 30
Epoch 00010, Step00000 | Train_Loss: 1.0718 | Time: 0.2405
Epoch 00010 | Val_Loss 1.0086 | Time(s) 0.1902
EarlyStopping counter: 10 out of 30
Epoch 00011, Step00000 | Train_Loss: 0.7744 | Time: 0.2358
Epoch 00011 | Val_Loss 0.9188 | Time(s) 0.1937
EarlyStopping counter: 11 out of 30
Epoch 00012, Step00000 | Train_Loss: 0.5667 | Time: 0.2383
Epoch 00012 | Val_Loss 1.3158 | Time(s) 0.2208
EarlyStopping counter: 12 out of 30
Epoch 00013, Step00000 | Train_Loss: 0.6663 | Time: 0.2822
Epoch 00013 | Val_Loss 1.6295 | Time(s) 0.2230
EarlyStopping counter: 13 out of 30
Epoch 00014, Step00000 | Train_Loss: 0.8524 | Time: 0.2846
Epoch 00014 | Val_Loss 1.3910 | Time(s) 0.2214
EarlyStopping counter: 14 out of 30
Epoch 00015, Step00000 | Train_Loss: 0.5334 | Time: 0.2855
Epoch 00015 | Val_Loss 1.6231 | Time(s) 0.2157
EarlyStopping counter: 15 out of 30
Epoch 00016, Step00000 | Train_Loss: 0.5962 | Time: 0.2736
Epoch 00016 | Val_Loss 1.5713 | Time(s) 0.2151
EarlyStopping counter: 16 out of 30
Epoch 00017, Step00000 | Train_Loss: 0.6287 | Time: 0.2713
Epoch 00017 | Val_Loss 1.7767 | Time(s) 0.2124
EarlyStopping counter: 17 out of 30
Epoch 00018, Step00000 | Train_Loss: 0.4980 | Time: 0.2726
Epoch 00018 | Val_Loss 1.7314 | Time(s) 0.2201
EarlyStopping counter: 18 out of 30
Epoch 00019, Step00000 | Train_Loss: 0.6115 | Time: 0.2628
Epoch 00019 | Val_Loss 1.5496 | Time(s) 0.1835
EarlyStopping counter: 19 out of 30
Epoch 00020, Step00000 | Train_Loss: 0.4673 | Time: 0.2421
Epoch 00020 | Val_Loss 1.4344 | Time(s) 0.2218
EarlyStopping counter: 20 out of 30
Epoch 00021, Step00000 | Train_Loss: 0.5182 | Time: 0.2878
Epoch 00021 | Val_Loss 1.2899 | Time(s) 0.2186
EarlyStopping counter: 21 out of 30
Epoch 00022, Step00000 | Train_Loss: 0.4597 | Time: 0.2907
Epoch 00022 | Val_Loss 1.4112 | Time(s) 0.2265
EarlyStopping counter: 22 out of 30
Epoch 00023, Step00000 | Train_Loss: 0.4725 | Time: 0.2869
Epoch 00023 | Val_Loss 1.2522 | Time(s) 0.2278
EarlyStopping counter: 23 out of 30
Epoch 00024, Step00000 | Train_Loss: 0.4513 | Time: 0.2921
Epoch 00024 | Val_Loss 1.1778 | Time(s) 0.2308
EarlyStopping counter: 24 out of 30
Epoch 00025, Step00000 | Train_Loss: 0.4538 | Time: 0.2916
Epoch 00025 | Val_Loss 1.2091 | Time(s) 0.2258
EarlyStopping counter: 25 out of 30
Epoch 00026, Step00000 | Train_Loss: 0.4320 | Time: 0.2901
Epoch 00026 | Val_Loss 1.4193 | Time(s) 0.2278
EarlyStopping counter: 26 out of 30
Epoch 00027, Step00000 | Train_Loss: 0.4114 | Time: 0.2896
Epoch 00027 | Val_Loss 1.3718 | Time(s) 0.2288
EarlyStopping counter: 27 out of 30
Epoch 00028, Step00000 | Train_Loss: 0.4415 | Time: 0.2468
Epoch 00028 | Val_Loss 1.3839 | Time(s) 0.1805
EarlyStopping counter: 28 out of 30
Epoch 00029, Step00000 | Train_Loss: 0.3775 | Time: 0.2821
Epoch 00029 | Val_Loss 1.4091 | Time(s) 0.2278
EarlyStopping counter: 29 out of 30
Epoch 00030, Step00000 | Train_Loss: 0.3981 | Time: 0.2962
Epoch 00030 | Val_Loss 1.5322 | Time(s) 0.2243
EarlyStopping counter: 30 out of 30
Early stopping!
Early stopping!
defaultdict(<class 'float'>, {'roc_auc': 0.5149177317986018, 'MRR': 0.7516})
defaultdict(<class 'float'>, {'roc_auc': 0.545159240166655, 'MRR': 0.776})
Completed: amazon_style_cc_fold_2 (rep 1)

--------------------------------------
Running model: HGT
Dataset: amazon_style_cc_fold_3
Repetition: 1
--------------------------------------
Loading nodes from amazon_style_cc_fold_3/node.dat
/home/simonettos/homhetgnn/HGB/LP/benchmark/data/amazon_style_cc_fold_3/node.dat
0 {}
1 {'0': 558}
node_count: {'0': 558, '1': 940}
('1', '5', '0'): src_max=939, dst_max=557
('0', '6', '0'): src_max=557, dst_max=557
('1', '2', '1'): src_max=938, dst_max=938
('0', '3', '0'): src_max=557, dst_max=557
('0', '0', '0'): src_max=557, dst_max=553
('1', '1', '1'): src_max=939, dst_max=928
('1', '4', '1'): src_max=939, dst_max=939
('1', '7', '1'): src_max=939, dst_max=939
('1', '8', '1'): src_max=791, dst_max=812
('1', '9', '1'): src_max=795, dst_max=380
0 0
1 558
5
Epoch 00000, Step00000 | Train_Loss: 1.3250 | Time: 0.8237
Epoch 00000 | Val_Loss 0.8733 | Time(s) 0.2303
Validation loss decreased (inf --> 0.873314).  Saving model ...
Epoch 00001, Step00000 | Train_Loss: 1.1019 | Time: 0.3195
Epoch 00001 | Val_Loss 0.7265 | Time(s) 0.1985
Validation loss decreased (0.873314 --> 0.726496).  Saving model ...
Epoch 00002, Step00000 | Train_Loss: 0.9950 | Time: 0.2689
Epoch 00002 | Val_Loss 1.1882 | Time(s) 0.1991
EarlyStopping counter: 1 out of 30
Epoch 00003, Step00000 | Train_Loss: 1.3641 | Time: 0.2591
Epoch 00003 | Val_Loss 1.0755 | Time(s) 0.1958
EarlyStopping counter: 2 out of 30
Epoch 00004, Step00000 | Train_Loss: 1.1574 | Time: 0.2715
Epoch 00004 | Val_Loss 0.6841 | Time(s) 0.1813
Validation loss decreased (0.726496 --> 0.684081).  Saving model ...
Epoch 00005, Step00000 | Train_Loss: 0.9367 | Time: 0.2429
Epoch 00005 | Val_Loss 1.0560 | Time(s) 0.1796
EarlyStopping counter: 1 out of 30
Epoch 00006, Step00000 | Train_Loss: 1.0842 | Time: 0.2613
Epoch 00006 | Val_Loss 0.7024 | Time(s) 0.1850
EarlyStopping counter: 2 out of 30
Epoch 00007, Step00000 | Train_Loss: 0.8581 | Time: 0.2627
Epoch 00007 | Val_Loss 0.9534 | Time(s) 0.1865
EarlyStopping counter: 3 out of 30
Epoch 00008, Step00000 | Train_Loss: 0.9098 | Time: 0.2617
Epoch 00008 | Val_Loss 0.7038 | Time(s) 0.1850
EarlyStopping counter: 4 out of 30
Epoch 00009, Step00000 | Train_Loss: 0.7400 | Time: 0.2511
Epoch 00009 | Val_Loss 0.7859 | Time(s) 0.1280
EarlyStopping counter: 5 out of 30
Epoch 00010, Step00000 | Train_Loss: 0.7348 | Time: 0.2064
Epoch 00010 | Val_Loss 1.0378 | Time(s) 0.1494
EarlyStopping counter: 6 out of 30
Epoch 00011, Step00000 | Train_Loss: 0.8576 | Time: 0.2608
Epoch 00011 | Val_Loss 1.2782 | Time(s) 0.1969
EarlyStopping counter: 7 out of 30
Epoch 00012, Step00000 | Train_Loss: 0.9684 | Time: 0.2750
Epoch 00012 | Val_Loss 0.9814 | Time(s) 0.1884
EarlyStopping counter: 8 out of 30
Epoch 00013, Step00000 | Train_Loss: 0.6960 | Time: 0.2721
Epoch 00013 | Val_Loss 0.9388 | Time(s) 0.1952
EarlyStopping counter: 9 out of 30
Epoch 00014, Step00000 | Train_Loss: 0.5644 | Time: 0.2611
Epoch 00014 | Val_Loss 1.1558 | Time(s) 0.1904
EarlyStopping counter: 10 out of 30
Epoch 00015, Step00000 | Train_Loss: 0.5943 | Time: 0.2643
Epoch 00015 | Val_Loss 1.2627 | Time(s) 0.1877
EarlyStopping counter: 11 out of 30
Epoch 00016, Step00000 | Train_Loss: 0.7038 | Time: 0.2459
Epoch 00016 | Val_Loss 1.2178 | Time(s) 0.1807
EarlyStopping counter: 12 out of 30
Epoch 00017, Step00000 | Train_Loss: 0.5552 | Time: 0.2674
Epoch 00017 | Val_Loss 1.4436 | Time(s) 0.1872
EarlyStopping counter: 13 out of 30
Epoch 00018, Step00000 | Train_Loss: 0.5496 | Time: 0.2655
Epoch 00018 | Val_Loss 1.3882 | Time(s) 0.1846
EarlyStopping counter: 14 out of 30
Epoch 00019, Step00000 | Train_Loss: 0.5967 | Time: 0.2617
Epoch 00019 | Val_Loss 1.2634 | Time(s) 0.1856
EarlyStopping counter: 15 out of 30
Epoch 00020, Step00000 | Train_Loss: 0.5042 | Time: 0.2478
Epoch 00020 | Val_Loss 1.3861 | Time(s) 0.1816
EarlyStopping counter: 16 out of 30
Epoch 00021, Step00000 | Train_Loss: 0.5451 | Time: 0.2570
Epoch 00021 | Val_Loss 1.2440 | Time(s) 0.1789
EarlyStopping counter: 17 out of 30
Epoch 00022, Step00000 | Train_Loss: 0.4810 | Time: 0.2658
Epoch 00022 | Val_Loss 1.3378 | Time(s) 0.1824
EarlyStopping counter: 18 out of 30
Epoch 00023, Step00000 | Train_Loss: 0.4916 | Time: 0.2544
Epoch 00023 | Val_Loss 1.1875 | Time(s) 0.1848
EarlyStopping counter: 19 out of 30
Epoch 00024, Step00000 | Train_Loss: 0.4666 | Time: 0.2636
Epoch 00024 | Val_Loss 1.1594 | Time(s) 0.1848
EarlyStopping counter: 20 out of 30
Epoch 00025, Step00000 | Train_Loss: 0.4920 | Time: 0.2692
Epoch 00025 | Val_Loss 1.0825 | Time(s) 0.1539
EarlyStopping counter: 21 out of 30
Epoch 00026, Step00000 | Train_Loss: 0.4418 | Time: 0.1788
Epoch 00026 | Val_Loss 1.1238 | Time(s) 0.1880
EarlyStopping counter: 22 out of 30
Epoch 00027, Step00000 | Train_Loss: 0.4493 | Time: 0.2883
Epoch 00027 | Val_Loss 1.1572 | Time(s) 0.1953
EarlyStopping counter: 23 out of 30
Epoch 00028, Step00000 | Train_Loss: 0.4370 | Time: 0.2647
Epoch 00028 | Val_Loss 1.1818 | Time(s) 0.1816
EarlyStopping counter: 24 out of 30
Epoch 00029, Step00000 | Train_Loss: 0.4425 | Time: 0.2686
Epoch 00029 | Val_Loss 1.3081 | Time(s) 0.1916
EarlyStopping counter: 25 out of 30
Epoch 00030, Step00000 | Train_Loss: 0.4097 | Time: 0.2686
Epoch 00030 | Val_Loss 1.2859 | Time(s) 0.1861
EarlyStopping counter: 26 out of 30
Epoch 00031, Step00000 | Train_Loss: 0.4105 | Time: 0.2684
Epoch 00031 | Val_Loss 1.2784 | Time(s) 0.1846
EarlyStopping counter: 27 out of 30
Epoch 00032, Step00000 | Train_Loss: 0.3818 | Time: 0.2551
Epoch 00032 | Val_Loss 1.3972 | Time(s) 0.1851
EarlyStopping counter: 28 out of 30
Epoch 00033, Step00000 | Train_Loss: 0.3757 | Time: 0.2635
Epoch 00033 | Val_Loss 1.3677 | Time(s) 0.1818
EarlyStopping counter: 29 out of 30
Epoch 00034, Step00000 | Train_Loss: 0.3558 | Time: 0.2597
Epoch 00034 | Val_Loss 1.3714 | Time(s) 0.1830
EarlyStopping counter: 30 out of 30
Early stopping!
Early stopping!
defaultdict(<class 'float'>, {'roc_auc': 0.4852120535714286, 'MRR': 0.7395989974937344})
defaultdict(<class 'float'>, {'roc_auc': 0.5272640306122449, 'MRR': 0.7794486215538846})
Completed: amazon_style_cc_fold_3 (rep 1)

--------------------------------------
Running model: HGT
Dataset: amazon_style_cc_fold_4
Repetition: 1
--------------------------------------
Loading nodes from amazon_style_cc_fold_4/node.dat
/home/simonettos/homhetgnn/HGB/LP/benchmark/data/amazon_style_cc_fold_4/node.dat
0 {}
1 {'0': 558}
node_count: {'0': 558, '1': 940}
('1', '5', '0'): src_max=939, dst_max=557
('0', '6', '0'): src_max=557, dst_max=557
('1', '2', '1'): src_max=938, dst_max=938
('0', '3', '0'): src_max=557, dst_max=557
('0', '0', '0'): src_max=557, dst_max=553
('1', '1', '1'): src_max=939, dst_max=928
('1', '4', '1'): src_max=939, dst_max=939
('1', '7', '1'): src_max=939, dst_max=939
('1', '8', '1'): src_max=791, dst_max=812
('1', '9', '1'): src_max=795, dst_max=380
0 0
1 558
5
Epoch 00000, Step00000 | Train_Loss: 1.3785 | Time: 0.6079
Epoch 00000 | Val_Loss 0.7822 | Time(s) 0.1771
Validation loss decreased (inf --> 0.782208).  Saving model ...
Epoch 00001, Step00000 | Train_Loss: 0.9876 | Time: 0.2217
Epoch 00001 | Val_Loss 0.7747 | Time(s) 0.1764
Validation loss decreased (0.782208 --> 0.774712).  Saving model ...
Epoch 00002, Step00000 | Train_Loss: 1.0360 | Time: 0.2246
Epoch 00002 | Val_Loss 1.2197 | Time(s) 0.1720
EarlyStopping counter: 1 out of 30
Epoch 00003, Step00000 | Train_Loss: 1.1681 | Time: 0.2261
Epoch 00003 | Val_Loss 1.0431 | Time(s) 0.1768
EarlyStopping counter: 2 out of 30
Epoch 00004, Step00000 | Train_Loss: 1.0684 | Time: 0.2195
Epoch 00004 | Val_Loss 0.7093 | Time(s) 0.1757
Validation loss decreased (0.774712 --> 0.709290).  Saving model ...
Epoch 00005, Step00000 | Train_Loss: 0.8892 | Time: 0.2218
Epoch 00005 | Val_Loss 1.3185 | Time(s) 0.1809
EarlyStopping counter: 1 out of 30
Epoch 00006, Step00000 | Train_Loss: 1.2479 | Time: 0.2229
Epoch 00006 | Val_Loss 0.7257 | Time(s) 0.1776
EarlyStopping counter: 2 out of 30
Epoch 00007, Step00000 | Train_Loss: 0.7903 | Time: 0.2259
Epoch 00007 | Val_Loss 1.3484 | Time(s) 0.1758
EarlyStopping counter: 3 out of 30
Epoch 00008, Step00000 | Train_Loss: 1.1165 | Time: 0.2265
Epoch 00008 | Val_Loss 0.6810 | Time(s) 0.1779
Validation loss decreased (0.709290 --> 0.680981).  Saving model ...
Epoch 00009, Step00000 | Train_Loss: 0.7022 | Time: 0.2170
Epoch 00009 | Val_Loss 1.2645 | Time(s) 0.1461
EarlyStopping counter: 1 out of 30
Epoch 00010, Step00000 | Train_Loss: 1.0155 | Time: 0.1710
Epoch 00010 | Val_Loss 0.8069 | Time(s) 0.1185
EarlyStopping counter: 2 out of 30
Epoch 00011, Step00000 | Train_Loss: 0.6815 | Time: 0.1735
Epoch 00011 | Val_Loss 0.8426 | Time(s) 0.1878
EarlyStopping counter: 3 out of 30
Epoch 00012, Step00000 | Train_Loss: 0.6829 | Time: 0.2387
Epoch 00012 | Val_Loss 1.2028 | Time(s) 0.1865
EarlyStopping counter: 4 out of 30
Epoch 00013, Step00000 | Train_Loss: 0.8475 | Time: 0.2268
Epoch 00013 | Val_Loss 0.9559 | Time(s) 0.1894
EarlyStopping counter: 5 out of 30
Epoch 00014, Step00000 | Train_Loss: 0.6554 | Time: 0.2384
Epoch 00014 | Val_Loss 1.0907 | Time(s) 0.1867
EarlyStopping counter: 6 out of 30
Epoch 00015, Step00000 | Train_Loss: 0.5081 | Time: 0.2395
Epoch 00015 | Val_Loss 1.1229 | Time(s) 0.1886
EarlyStopping counter: 7 out of 30
Epoch 00016, Step00000 | Train_Loss: 0.5786 | Time: 0.2373
Epoch 00016 | Val_Loss 1.1830 | Time(s) 0.1899
EarlyStopping counter: 8 out of 30
Epoch 00017, Step00000 | Train_Loss: 0.5319 | Time: 0.2370
Epoch 00017 | Val_Loss 1.1775 | Time(s) 0.1947
EarlyStopping counter: 9 out of 30
Epoch 00018, Step00000 | Train_Loss: 0.4936 | Time: 0.2358
Epoch 00018 | Val_Loss 1.1572 | Time(s) 0.1899
EarlyStopping counter: 10 out of 30
Epoch 00019, Step00000 | Train_Loss: 0.5182 | Time: 0.2386
Epoch 00019 | Val_Loss 1.2707 | Time(s) 0.1901
EarlyStopping counter: 11 out of 30
Epoch 00020, Step00000 | Train_Loss: 0.4904 | Time: 0.2387
Epoch 00020 | Val_Loss 1.2855 | Time(s) 0.1185
EarlyStopping counter: 12 out of 30
Epoch 00021, Step00000 | Train_Loss: 0.5141 | Time: 0.1674
Epoch 00021 | Val_Loss 1.1575 | Time(s) 0.1207
EarlyStopping counter: 13 out of 30
Epoch 00022, Step00000 | Train_Loss: 0.4610 | Time: 0.2227
Epoch 00022 | Val_Loss 1.1876 | Time(s) 0.1792
EarlyStopping counter: 14 out of 30
Epoch 00023, Step00000 | Train_Loss: 0.4482 | Time: 0.2354
Epoch 00023 | Val_Loss 1.2220 | Time(s) 0.1874
EarlyStopping counter: 15 out of 30
Epoch 00024, Step00000 | Train_Loss: 0.4490 | Time: 0.2214
Epoch 00024 | Val_Loss 1.3809 | Time(s) 0.1819
EarlyStopping counter: 16 out of 30
Epoch 00025, Step00000 | Train_Loss: 0.4384 | Time: 0.2264
Epoch 00025 | Val_Loss 1.0944 | Time(s) 0.1764
EarlyStopping counter: 17 out of 30
Epoch 00026, Step00000 | Train_Loss: 0.4303 | Time: 0.2271
Epoch 00026 | Val_Loss 1.0894 | Time(s) 0.1729
EarlyStopping counter: 18 out of 30
Epoch 00027, Step00000 | Train_Loss: 0.4116 | Time: 0.2283
Epoch 00027 | Val_Loss 1.4822 | Time(s) 0.1737
EarlyStopping counter: 19 out of 30
Epoch 00028, Step00000 | Train_Loss: 0.4359 | Time: 0.2250
Epoch 00028 | Val_Loss 1.3821 | Time(s) 0.1714
EarlyStopping counter: 20 out of 30
Epoch 00029, Step00000 | Train_Loss: 0.4095 | Time: 0.2216
Epoch 00029 | Val_Loss 1.2705 | Time(s) 0.1782
EarlyStopping counter: 21 out of 30
Epoch 00030, Step00000 | Train_Loss: 0.4000 | Time: 0.2276
Epoch 00030 | Val_Loss 1.3551 | Time(s) 0.1762
EarlyStopping counter: 22 out of 30
Epoch 00031, Step00000 | Train_Loss: 0.3951 | Time: 0.2273
Epoch 00031 | Val_Loss 1.3285 | Time(s) 0.1779
EarlyStopping counter: 23 out of 30
Epoch 00032, Step00000 | Train_Loss: 0.3805 | Time: 0.2303
Epoch 00032 | Val_Loss 1.4670 | Time(s) 0.1766
EarlyStopping counter: 24 out of 30
Epoch 00033, Step00000 | Train_Loss: 0.3765 | Time: 0.2300
Epoch 00033 | Val_Loss 1.5806 | Time(s) 0.1773
EarlyStopping counter: 25 out of 30
Epoch 00034, Step00000 | Train_Loss: 0.3649 | Time: 0.2232
Epoch 00034 | Val_Loss 1.4306 | Time(s) 0.1725
EarlyStopping counter: 26 out of 30
Epoch 00035, Step00000 | Train_Loss: 0.3569 | Time: 0.2246
Epoch 00035 | Val_Loss 1.5092 | Time(s) 0.1791
EarlyStopping counter: 27 out of 30
Epoch 00036, Step00000 | Train_Loss: 0.3440 | Time: 0.2300
Epoch 00036 | Val_Loss 1.5559 | Time(s) 0.1780
EarlyStopping counter: 28 out of 30
Epoch 00037, Step00000 | Train_Loss: 0.3282 | Time: 0.2263
Epoch 00037 | Val_Loss 1.4267 | Time(s) 0.1797
EarlyStopping counter: 29 out of 30
Epoch 00038, Step00000 | Train_Loss: 0.3206 | Time: 0.2269
Epoch 00038 | Val_Loss 1.2504 | Time(s) 0.1749
EarlyStopping counter: 30 out of 30
Early stopping!
Early stopping!
defaultdict(<class 'float'>, {'roc_auc': 0.42611442611442607, 'MRR': 0.7017171717171716})
defaultdict(<class 'float'>, {'roc_auc': 0.602525305228008, 'MRR': 0.794957264957265})
Completed: amazon_style_cc_fold_4 (rep 1)

--------------------------------------
Running model: HGT
Dataset: amazon_style_cc_fold_5
Repetition: 1
--------------------------------------
Loading nodes from amazon_style_cc_fold_5/node.dat
/home/simonettos/homhetgnn/HGB/LP/benchmark/data/amazon_style_cc_fold_5/node.dat
0 {}
1 {'0': 558}
node_count: {'0': 558, '1': 940}
('1', '5', '0'): src_max=939, dst_max=556
('0', '6', '0'): src_max=557, dst_max=557
('1', '2', '1'): src_max=938, dst_max=938
('0', '3', '0'): src_max=557, dst_max=557
('0', '0', '0'): src_max=557, dst_max=553
('1', '1', '1'): src_max=939, dst_max=928
('1', '4', '1'): src_max=939, dst_max=939
('1', '7', '1'): src_max=939, dst_max=939
('1', '8', '1'): src_max=791, dst_max=812
('1', '9', '1'): src_max=795, dst_max=380
0 0
1 558
5
Epoch 00000, Step00000 | Train_Loss: 1.0778 | Time: 0.6069
Epoch 00000 | Val_Loss 0.8094 | Time(s) 0.1826
Validation loss decreased (inf --> 0.809391).  Saving model ...
Epoch 00001, Step00000 | Train_Loss: 1.0511 | Time: 0.2264
Epoch 00001 | Val_Loss 0.7510 | Time(s) 0.1775
Validation loss decreased (0.809391 --> 0.751049).  Saving model ...
Epoch 00002, Step00000 | Train_Loss: 1.0061 | Time: 0.2264
Epoch 00002 | Val_Loss 0.7157 | Time(s) 0.1808
Validation loss decreased (0.751049 --> 0.715691).  Saving model ...
Epoch 00003, Step00000 | Train_Loss: 0.9997 | Time: 0.2246
Epoch 00003 | Val_Loss 0.6994 | Time(s) 0.1833
Validation loss decreased (0.715691 --> 0.699419).  Saving model ...
Epoch 00004, Step00000 | Train_Loss: 0.8805 | Time: 0.2217
Epoch 00004 | Val_Loss 0.7320 | Time(s) 0.1782
EarlyStopping counter: 1 out of 30
Epoch 00005, Step00000 | Train_Loss: 0.8742 | Time: 0.2319
Epoch 00005 | Val_Loss 0.7708 | Time(s) 0.1793
EarlyStopping counter: 2 out of 30
Epoch 00006, Step00000 | Train_Loss: 0.8267 | Time: 0.2270
Epoch 00006 | Val_Loss 0.8040 | Time(s) 0.1235
EarlyStopping counter: 3 out of 30
Epoch 00007, Step00000 | Train_Loss: 0.8154 | Time: 0.1717
Epoch 00007 | Val_Loss 1.0843 | Time(s) 0.1191
EarlyStopping counter: 4 out of 30
Epoch 00008, Step00000 | Train_Loss: 0.9007 | Time: 0.2289
Epoch 00008 | Val_Loss 1.2285 | Time(s) 0.1872
EarlyStopping counter: 5 out of 30
Epoch 00009, Step00000 | Train_Loss: 1.0835 | Time: 0.2363
Epoch 00009 | Val_Loss 1.1079 | Time(s) 0.1916
EarlyStopping counter: 6 out of 30
Epoch 00010, Step00000 | Train_Loss: 0.8439 | Time: 0.2293
Epoch 00010 | Val_Loss 0.8399 | Time(s) 0.1869
EarlyStopping counter: 7 out of 30
Epoch 00011, Step00000 | Train_Loss: 0.6066 | Time: 0.2332
Epoch 00011 | Val_Loss 0.8845 | Time(s) 0.1892
EarlyStopping counter: 8 out of 30
Epoch 00012, Step00000 | Train_Loss: 0.5653 | Time: 0.2398
Epoch 00012 | Val_Loss 1.2878 | Time(s) 0.1852
EarlyStopping counter: 9 out of 30
Epoch 00013, Step00000 | Train_Loss: 0.7147 | Time: 0.2368
Epoch 00013 | Val_Loss 1.8329 | Time(s) 0.1850
EarlyStopping counter: 10 out of 30
Epoch 00014, Step00000 | Train_Loss: 0.9096 | Time: 0.2373
Epoch 00014 | Val_Loss 1.2073 | Time(s) 0.1870
EarlyStopping counter: 11 out of 30
Epoch 00015, Step00000 | Train_Loss: 0.5275 | Time: 0.2367
Epoch 00015 | Val_Loss 1.3352 | Time(s) 0.1896
EarlyStopping counter: 12 out of 30
Epoch 00016, Step00000 | Train_Loss: 0.6447 | Time: 0.2360
Epoch 00016 | Val_Loss 1.1174 | Time(s) 0.1971
EarlyStopping counter: 13 out of 30
Epoch 00017, Step00000 | Train_Loss: 0.5786 | Time: 0.2340
Epoch 00017 | Val_Loss 1.2544 | Time(s) 0.1896
EarlyStopping counter: 14 out of 30
Epoch 00018, Step00000 | Train_Loss: 0.5487 | Time: 0.2389
Epoch 00018 | Val_Loss 1.3487 | Time(s) 0.1895
EarlyStopping counter: 15 out of 30
Epoch 00019, Step00000 | Train_Loss: 0.5996 | Time: 0.2350
Epoch 00019 | Val_Loss 1.1083 | Time(s) 0.1837
EarlyStopping counter: 16 out of 30
Epoch 00020, Step00000 | Train_Loss: 0.5074 | Time: 0.2338
Epoch 00020 | Val_Loss 1.1898 | Time(s) 0.1801
EarlyStopping counter: 17 out of 30
Epoch 00021, Step00000 | Train_Loss: 0.5388 | Time: 0.1923
Epoch 00021 | Val_Loss 1.0559 | Time(s) 0.1222
EarlyStopping counter: 18 out of 30
Epoch 00022, Step00000 | Train_Loss: 0.4983 | Time: 0.1720
Epoch 00022 | Val_Loss 1.0533 | Time(s) 0.1626
EarlyStopping counter: 19 out of 30
Epoch 00023, Step00000 | Train_Loss: 0.4878 | Time: 0.2292
Epoch 00023 | Val_Loss 1.0196 | Time(s) 0.1816
EarlyStopping counter: 20 out of 30
Epoch 00024, Step00000 | Train_Loss: 0.4943 | Time: 0.2282
Epoch 00024 | Val_Loss 0.8984 | Time(s) 0.1848
EarlyStopping counter: 21 out of 30
Epoch 00025, Step00000 | Train_Loss: 0.4524 | Time: 0.2310
Epoch 00025 | Val_Loss 1.1373 | Time(s) 0.1778
EarlyStopping counter: 22 out of 30
Epoch 00026, Step00000 | Train_Loss: 0.4634 | Time: 0.2214
Epoch 00026 | Val_Loss 1.1753 | Time(s) 0.1781
EarlyStopping counter: 23 out of 30
Epoch 00027, Step00000 | Train_Loss: 0.4185 | Time: 0.2287
Epoch 00027 | Val_Loss 1.1233 | Time(s) 0.1785
EarlyStopping counter: 24 out of 30
Epoch 00028, Step00000 | Train_Loss: 0.4270 | Time: 0.2306
Epoch 00028 | Val_Loss 1.0285 | Time(s) 0.1769
EarlyStopping counter: 25 out of 30
Epoch 00029, Step00000 | Train_Loss: 0.3884 | Time: 0.2300
Epoch 00029 | Val_Loss 1.3588 | Time(s) 0.1829
EarlyStopping counter: 26 out of 30
Epoch 00030, Step00000 | Train_Loss: 0.4000 | Time: 0.2302
Epoch 00030 | Val_Loss 1.1108 | Time(s) 0.1817
EarlyStopping counter: 27 out of 30
Epoch 00031, Step00000 | Train_Loss: 0.3917 | Time: 0.2280
Epoch 00031 | Val_Loss 1.1083 | Time(s) 0.1820
EarlyStopping counter: 28 out of 30
Epoch 00032, Step00000 | Train_Loss: 0.3644 | Time: 0.2310
Epoch 00032 | Val_Loss 1.1979 | Time(s) 0.1760
EarlyStopping counter: 29 out of 30
Epoch 00033, Step00000 | Train_Loss: 0.3496 | Time: 0.2292
Epoch 00033 | Val_Loss 1.3669 | Time(s) 0.1757
EarlyStopping counter: 30 out of 30
Early stopping!
Early stopping!
defaultdict(<class 'float'>, {'roc_auc': 0.5091356044492487, 'MRR': 0.7233796296296295})
defaultdict(<class 'float'>, {'roc_auc': 0.5416401232761143, 'MRR': 0.7837962962962962})
Completed: amazon_style_cc_fold_5 (rep 1)

=== Repetition 2/6 ===
--------------------------------------
Running model: HGT
Dataset: amazon_style_cc_fold_1
Repetition: 2
--------------------------------------
Loading nodes from amazon_style_cc_fold_1/node.dat
/home/simonettos/homhetgnn/HGB/LP/benchmark/data/amazon_style_cc_fold_1/node.dat
0 {}
1 {'0': 558}
node_count: {'0': 558, '1': 940}
('1', '4', '1'): src_max=939, dst_max=939
('1', '5', '0'): src_max=939, dst_max=557
('0', '3', '0'): src_max=557, dst_max=557
('0', '6', '0'): src_max=557, dst_max=557
('0', '0', '0'): src_max=557, dst_max=553
('1', '2', '1'): src_max=938, dst_max=938
('1', '7', '1'): src_max=939, dst_max=939
('1', '1', '1'): src_max=939, dst_max=928
('1', '9', '1'): src_max=795, dst_max=380
('1', '8', '1'): src_max=791, dst_max=812
0 0
1 558
5
Epoch 00000, Step00000 | Train_Loss: 1.3953 | Time: 0.6565
Epoch 00000 | Val_Loss 0.8897 | Time(s) 0.1783
Validation loss decreased (inf --> 0.889709).  Saving model ...
Epoch 00001, Step00000 | Train_Loss: 1.0642 | Time: 0.2263
Epoch 00001 | Val_Loss 0.7049 | Time(s) 0.1885
Validation loss decreased (0.889709 --> 0.704863).  Saving model ...
Epoch 00002, Step00000 | Train_Loss: 0.9541 | Time: 0.2314
Epoch 00002 | Val_Loss 1.2290 | Time(s) 0.1796
EarlyStopping counter: 1 out of 30
Epoch 00003, Step00000 | Train_Loss: 1.2097 | Time: 0.2334
Epoch 00003 | Val_Loss 1.2425 | Time(s) 0.1845
EarlyStopping counter: 2 out of 30
Epoch 00004, Step00000 | Train_Loss: 1.2062 | Time: 0.2357
Epoch 00004 | Val_Loss 0.6873 | Time(s) 0.1838
Validation loss decreased (0.704863 --> 0.687281).  Saving model ...
Epoch 00005, Step00000 | Train_Loss: 0.8800 | Time: 0.2271
Epoch 00005 | Val_Loss 1.1862 | Time(s) 0.1856
EarlyStopping counter: 1 out of 30
Epoch 00006, Step00000 | Train_Loss: 1.1607 | Time: 0.2318
Epoch 00006 | Val_Loss 0.8513 | Time(s) 0.1863
EarlyStopping counter: 2 out of 30
Epoch 00007, Step00000 | Train_Loss: 0.8759 | Time: 0.2346
Epoch 00007 | Val_Loss 1.0860 | Time(s) 0.1848
EarlyStopping counter: 3 out of 30
Epoch 00008, Step00000 | Train_Loss: 0.9905 | Time: 0.2322
Epoch 00008 | Val_Loss 0.7962 | Time(s) 0.1860
EarlyStopping counter: 4 out of 30
Epoch 00009, Step00000 | Train_Loss: 0.7947 | Time: 0.2347
Epoch 00009 | Val_Loss 1.1888 | Time(s) 0.1828
EarlyStopping counter: 5 out of 30
Epoch 00010, Step00000 | Train_Loss: 1.0494 | Time: 0.2359
Epoch 00010 | Val_Loss 0.6776 | Time(s) 0.1849
Validation loss decreased (0.687281 --> 0.677585).  Saving model ...
Epoch 00011, Step00000 | Train_Loss: 0.6518 | Time: 0.2224
Epoch 00011 | Val_Loss 1.2027 | Time(s) 0.1803
EarlyStopping counter: 1 out of 30
Epoch 00012, Step00000 | Train_Loss: 0.9222 | Time: 0.2311
Epoch 00012 | Val_Loss 0.8922 | Time(s) 0.1204
EarlyStopping counter: 2 out of 30
Epoch 00013, Step00000 | Train_Loss: 0.6621 | Time: 0.2590
Epoch 00013 | Val_Loss 0.9336 | Time(s) 0.2045
EarlyStopping counter: 3 out of 30
Epoch 00014, Step00000 | Train_Loss: 0.6041 | Time: 0.2686
Epoch 00014 | Val_Loss 1.1170 | Time(s) 0.1914
EarlyStopping counter: 4 out of 30
Epoch 00015, Step00000 | Train_Loss: 0.6944 | Time: 0.2665
Epoch 00015 | Val_Loss 1.0044 | Time(s) 0.1919
EarlyStopping counter: 5 out of 30
Epoch 00016, Step00000 | Train_Loss: 0.5298 | Time: 0.2708
Epoch 00016 | Val_Loss 1.5087 | Time(s) 0.1954
EarlyStopping counter: 6 out of 30
Epoch 00017, Step00000 | Train_Loss: 0.5918 | Time: 0.2716
Epoch 00017 | Val_Loss 1.3108 | Time(s) 0.1928
EarlyStopping counter: 7 out of 30
Epoch 00018, Step00000 | Train_Loss: 0.5596 | Time: 0.2708
Epoch 00018 | Val_Loss 1.2221 | Time(s) 0.1941
EarlyStopping counter: 8 out of 30
Epoch 00019, Step00000 | Train_Loss: 0.5245 | Time: 0.2732
Epoch 00019 | Val_Loss 1.2141 | Time(s) 0.1893
EarlyStopping counter: 9 out of 30
Epoch 00020, Step00000 | Train_Loss: 0.5687 | Time: 0.2732
Epoch 00020 | Val_Loss 1.0895 | Time(s) 0.1919
EarlyStopping counter: 10 out of 30
Epoch 00021, Step00000 | Train_Loss: 0.4817 | Time: 0.2716
Epoch 00021 | Val_Loss 1.0011 | Time(s) 0.1764
EarlyStopping counter: 11 out of 30
Epoch 00022, Step00000 | Train_Loss: 0.5020 | Time: 0.2011
Epoch 00022 | Val_Loss 1.1193 | Time(s) 0.1848
EarlyStopping counter: 12 out of 30
Epoch 00023, Step00000 | Train_Loss: 0.4560 | Time: 0.3122
Epoch 00023 | Val_Loss 0.7958 | Time(s) 0.2359
EarlyStopping counter: 13 out of 30
Epoch 00024, Step00000 | Train_Loss: 0.4741 | Time: 0.3228
Epoch 00024 | Val_Loss 1.1717 | Time(s) 0.2229
EarlyStopping counter: 14 out of 30
Epoch 00025, Step00000 | Train_Loss: 0.4229 | Time: 0.3169
Epoch 00025 | Val_Loss 1.0179 | Time(s) 0.2277
EarlyStopping counter: 15 out of 30
Epoch 00026, Step00000 | Train_Loss: 0.4364 | Time: 0.2984
Epoch 00026 | Val_Loss 1.1352 | Time(s) 0.1954
EarlyStopping counter: 16 out of 30
Epoch 00027, Step00000 | Train_Loss: 0.4095 | Time: 0.2598
Epoch 00027 | Val_Loss 1.2709 | Time(s) 0.1847
EarlyStopping counter: 17 out of 30
Epoch 00028, Step00000 | Train_Loss: 0.4100 | Time: 0.2626
Epoch 00028 | Val_Loss 1.2342 | Time(s) 0.1824
EarlyStopping counter: 18 out of 30
Epoch 00029, Step00000 | Train_Loss: 0.3784 | Time: 0.2616
Epoch 00029 | Val_Loss 1.3404 | Time(s) 0.1824
EarlyStopping counter: 19 out of 30
Epoch 00030, Step00000 | Train_Loss: 0.3782 | Time: 0.2635
Epoch 00030 | Val_Loss 1.0961 | Time(s) 0.1790
EarlyStopping counter: 20 out of 30
Epoch 00031, Step00000 | Train_Loss: 0.3421 | Time: 0.2625
Epoch 00031 | Val_Loss 1.2253 | Time(s) 0.1796
EarlyStopping counter: 21 out of 30
Epoch 00032, Step00000 | Train_Loss: 0.3518 | Time: 0.2586
Epoch 00032 | Val_Loss 1.3738 | Time(s) 0.1807
EarlyStopping counter: 22 out of 30
Epoch 00033, Step00000 | Train_Loss: 0.2964 | Time: 0.2630
Epoch 00033 | Val_Loss 1.3035 | Time(s) 0.1842
EarlyStopping counter: 23 out of 30
Epoch 00034, Step00000 | Train_Loss: 0.2820 | Time: 0.2542
Epoch 00034 | Val_Loss 1.5764 | Time(s) 0.1802
EarlyStopping counter: 24 out of 30
Epoch 00035, Step00000 | Train_Loss: 0.2500 | Time: 0.2607
Epoch 00035 | Val_Loss 1.2540 | Time(s) 0.1839
EarlyStopping counter: 25 out of 30
Epoch 00036, Step00000 | Train_Loss: 0.2413 | Time: 0.2585
Epoch 00036 | Val_Loss 1.4397 | Time(s) 0.1822
EarlyStopping counter: 26 out of 30
Epoch 00037, Step00000 | Train_Loss: 0.2123 | Time: 0.2595
Epoch 00037 | Val_Loss 1.5414 | Time(s) 0.1845
EarlyStopping counter: 27 out of 30
Epoch 00038, Step00000 | Train_Loss: 0.1879 | Time: 0.2634
Epoch 00038 | Val_Loss 1.5838 | Time(s) 0.1216
EarlyStopping counter: 28 out of 30
Epoch 00039, Step00000 | Train_Loss: 0.1624 | Time: 0.1952
Epoch 00039 | Val_Loss 1.9940 | Time(s) 0.1225
EarlyStopping counter: 29 out of 30
Epoch 00040, Step00000 | Train_Loss: 0.1398 | Time: 0.2409
Epoch 00040 | Val_Loss 1.9487 | Time(s) 0.1811
EarlyStopping counter: 30 out of 30
Early stopping!
Early stopping!
defaultdict(<class 'float'>, {'roc_auc': 0.48477261274880323, 'MRR': 0.7216269841269841})
defaultdict(<class 'float'>, {'roc_auc': 0.599678760393046, 'MRR': 0.8198412698412698})
Completed: amazon_style_cc_fold_1 (rep 2)

--------------------------------------
Running model: HGT
Dataset: amazon_style_cc_fold_2
Repetition: 2
--------------------------------------
Loading nodes from amazon_style_cc_fold_2/node.dat
/home/simonettos/homhetgnn/HGB/LP/benchmark/data/amazon_style_cc_fold_2/node.dat
0 {}
1 {'0': 558}
node_count: {'0': 558, '1': 940}
('1', '5', '0'): src_max=939, dst_max=556
('0', '6', '0'): src_max=557, dst_max=557
('1', '2', '1'): src_max=938, dst_max=938
('0', '3', '0'): src_max=557, dst_max=557
('0', '0', '0'): src_max=557, dst_max=553
('1', '1', '1'): src_max=939, dst_max=928
('1', '4', '1'): src_max=939, dst_max=939
('1', '7', '1'): src_max=939, dst_max=939
('1', '8', '1'): src_max=791, dst_max=812
('1', '9', '1'): src_max=795, dst_max=380
0 0
1 558
5
Epoch 00000, Step00000 | Train_Loss: 0.9804 | Time: 0.6207
Epoch 00000 | Val_Loss 0.7687 | Time(s) 0.1820
Validation loss decreased (inf --> 0.768667).  Saving model ...
Epoch 00001, Step00000 | Train_Loss: 0.9841 | Time: 0.2364
Epoch 00001 | Val_Loss 0.9299 | Time(s) 0.1863
EarlyStopping counter: 1 out of 30
Epoch 00002, Step00000 | Train_Loss: 1.1214 | Time: 0.2295
Epoch 00002 | Val_Loss 0.7245 | Time(s) 0.1853
Validation loss decreased (0.768667 --> 0.724531).  Saving model ...
Epoch 00003, Step00000 | Train_Loss: 0.9009 | Time: 0.2299
Epoch 00003 | Val_Loss 0.9773 | Time(s) 0.1679
EarlyStopping counter: 1 out of 30
Epoch 00004, Step00000 | Train_Loss: 1.0274 | Time: 0.1695
Epoch 00004 | Val_Loss 0.7964 | Time(s) 0.1217
EarlyStopping counter: 2 out of 30
Epoch 00005, Step00000 | Train_Loss: 0.8933 | Time: 0.1741
Epoch 00005 | Val_Loss 1.0368 | Time(s) 0.1831
EarlyStopping counter: 3 out of 30
Epoch 00006, Step00000 | Train_Loss: 0.9693 | Time: 0.2446
Epoch 00006 | Val_Loss 0.7160 | Time(s) 0.1945
Validation loss decreased (0.724531 --> 0.716000).  Saving model ...
Epoch 00007, Step00000 | Train_Loss: 0.8282 | Time: 0.2298
Epoch 00007 | Val_Loss 1.3635 | Time(s) 0.1859
EarlyStopping counter: 1 out of 30
Epoch 00008, Step00000 | Train_Loss: 1.1801 | Time: 0.2383
Epoch 00008 | Val_Loss 0.9169 | Time(s) 0.1980
EarlyStopping counter: 2 out of 30
Epoch 00009, Step00000 | Train_Loss: 0.8114 | Time: 0.2437
Epoch 00009 | Val_Loss 0.8208 | Time(s) 0.1963
EarlyStopping counter: 3 out of 30
Epoch 00010, Step00000 | Train_Loss: 0.6794 | Time: 0.2313
Epoch 00010 | Val_Loss 1.2505 | Time(s) 0.1907
EarlyStopping counter: 4 out of 30
Epoch 00011, Step00000 | Train_Loss: 0.9629 | Time: 0.2333
Epoch 00011 | Val_Loss 1.1197 | Time(s) 0.1857
EarlyStopping counter: 5 out of 30
Epoch 00012, Step00000 | Train_Loss: 0.8002 | Time: 0.2365
Epoch 00012 | Val_Loss 0.8299 | Time(s) 0.1877
EarlyStopping counter: 6 out of 30
Epoch 00013, Step00000 | Train_Loss: 0.5476 | Time: 0.2402
Epoch 00013 | Val_Loss 1.1512 | Time(s) 0.1831
EarlyStopping counter: 7 out of 30
Epoch 00014, Step00000 | Train_Loss: 0.7043 | Time: 0.2351
Epoch 00014 | Val_Loss 1.3767 | Time(s) 0.1827
EarlyStopping counter: 8 out of 30
Epoch 00015, Step00000 | Train_Loss: 0.7100 | Time: 0.2323
Epoch 00015 | Val_Loss 1.1983 | Time(s) 0.1763
EarlyStopping counter: 9 out of 30
Epoch 00016, Step00000 | Train_Loss: 0.4968 | Time: 0.2278
Epoch 00016 | Val_Loss 1.2482 | Time(s) 0.1788
EarlyStopping counter: 10 out of 30
Epoch 00017, Step00000 | Train_Loss: 0.6197 | Time: 0.2277
Epoch 00017 | Val_Loss 1.0126 | Time(s) 0.1790
EarlyStopping counter: 11 out of 30
Epoch 00018, Step00000 | Train_Loss: 0.4981 | Time: 0.2315
Epoch 00018 | Val_Loss 1.3483 | Time(s) 0.1832
EarlyStopping counter: 12 out of 30
Epoch 00019, Step00000 | Train_Loss: 0.5752 | Time: 0.2322
Epoch 00019 | Val_Loss 1.0613 | Time(s) 0.1668
EarlyStopping counter: 13 out of 30
Epoch 00020, Step00000 | Train_Loss: 0.4840 | Time: 0.1752
Epoch 00020 | Val_Loss 0.9787 | Time(s) 0.1210
EarlyStopping counter: 14 out of 30
Epoch 00021, Step00000 | Train_Loss: 0.5197 | Time: 0.1731
Epoch 00021 | Val_Loss 1.0570 | Time(s) 0.1897
EarlyStopping counter: 15 out of 30
Epoch 00022, Step00000 | Train_Loss: 0.4558 | Time: 0.2366
Epoch 00022 | Val_Loss 1.1508 | Time(s) 0.1871
EarlyStopping counter: 16 out of 30
Epoch 00023, Step00000 | Train_Loss: 0.4850 | Time: 0.2344
Epoch 00023 | Val_Loss 0.9833 | Time(s) 0.1780
EarlyStopping counter: 17 out of 30
Epoch 00024, Step00000 | Train_Loss: 0.4486 | Time: 0.2270
Epoch 00024 | Val_Loss 0.9918 | Time(s) 0.1845
EarlyStopping counter: 18 out of 30
Epoch 00025, Step00000 | Train_Loss: 0.4668 | Time: 0.2390
Epoch 00025 | Val_Loss 1.0200 | Time(s) 0.1876
EarlyStopping counter: 19 out of 30
Epoch 00026, Step00000 | Train_Loss: 0.4455 | Time: 0.2345
Epoch 00026 | Val_Loss 1.1837 | Time(s) 0.1881
EarlyStopping counter: 20 out of 30
Epoch 00027, Step00000 | Train_Loss: 0.4375 | Time: 0.2450
Epoch 00027 | Val_Loss 1.1592 | Time(s) 0.1873
EarlyStopping counter: 21 out of 30
Epoch 00028, Step00000 | Train_Loss: 0.4373 | Time: 0.2380
Epoch 00028 | Val_Loss 1.3057 | Time(s) 0.1912
EarlyStopping counter: 22 out of 30
Epoch 00029, Step00000 | Train_Loss: 0.4144 | Time: 0.2351
Epoch 00029 | Val_Loss 1.1420 | Time(s) 0.1890
EarlyStopping counter: 23 out of 30
Epoch 00030, Step00000 | Train_Loss: 0.4106 | Time: 0.2358
Epoch 00030 | Val_Loss 1.0860 | Time(s) 0.1857
EarlyStopping counter: 24 out of 30
Epoch 00031, Step00000 | Train_Loss: 0.3876 | Time: 0.2337
Epoch 00031 | Val_Loss 1.2839 | Time(s) 0.1826
EarlyStopping counter: 25 out of 30
Epoch 00032, Step00000 | Train_Loss: 0.3855 | Time: 0.2332
Epoch 00032 | Val_Loss 1.2646 | Time(s) 0.1839
EarlyStopping counter: 26 out of 30
Epoch 00033, Step00000 | Train_Loss: 0.3543 | Time: 0.2309
Epoch 00033 | Val_Loss 1.2274 | Time(s) 0.1808
EarlyStopping counter: 27 out of 30
Epoch 00034, Step00000 | Train_Loss: 0.3391 | Time: 0.2305
Epoch 00034 | Val_Loss 1.3278 | Time(s) 0.1811
EarlyStopping counter: 28 out of 30
Epoch 00035, Step00000 | Train_Loss: 0.3268 | Time: 0.2330
Epoch 00035 | Val_Loss 1.3113 | Time(s) 0.1892
EarlyStopping counter: 29 out of 30
Epoch 00036, Step00000 | Train_Loss: 0.3200 | Time: 0.2118
Epoch 00036 | Val_Loss 1.1685 | Time(s) 0.1200
EarlyStopping counter: 30 out of 30
Early stopping!
Early stopping!
defaultdict(<class 'float'>, {'roc_auc': 0.45971329708353925, 'MRR': 0.7350095238095239})
defaultdict(<class 'float'>, {'roc_auc': 0.5793905797613162, 'MRR': 0.7954666666666667})
Completed: amazon_style_cc_fold_2 (rep 2)

--------------------------------------
Running model: HGT
Dataset: amazon_style_cc_fold_3
Repetition: 2
--------------------------------------
Loading nodes from amazon_style_cc_fold_3/node.dat
/home/simonettos/homhetgnn/HGB/LP/benchmark/data/amazon_style_cc_fold_3/node.dat
0 {}
1 {'0': 558}
node_count: {'0': 558, '1': 940}
('1', '5', '0'): src_max=939, dst_max=557
('0', '6', '0'): src_max=557, dst_max=557
('1', '2', '1'): src_max=938, dst_max=938
('0', '3', '0'): src_max=557, dst_max=557
('0', '0', '0'): src_max=557, dst_max=553
('1', '1', '1'): src_max=939, dst_max=928
('1', '4', '1'): src_max=939, dst_max=939
('1', '7', '1'): src_max=939, dst_max=939
('1', '8', '1'): src_max=791, dst_max=812
('1', '9', '1'): src_max=795, dst_max=380
0 0
1 558
5
Epoch 00000, Step00000 | Train_Loss: 1.0266 | Time: 0.9281
Epoch 00000 | Val_Loss 0.7733 | Time(s) 0.2334
Validation loss decreased (inf --> 0.773261).  Saving model ...
Epoch 00001, Step00000 | Train_Loss: 0.9900 | Time: 0.3261
Epoch 00001 | Val_Loss 0.7043 | Time(s) 0.2375
Validation loss decreased (0.773261 --> 0.704267).  Saving model ...
Epoch 00002, Step00000 | Train_Loss: 0.9420 | Time: 0.3133
Epoch 00002 | Val_Loss 0.7617 | Time(s) 0.1980
EarlyStopping counter: 1 out of 30
Epoch 00003, Step00000 | Train_Loss: 0.9575 | Time: 0.2788
Epoch 00003 | Val_Loss 0.7004 | Time(s) 0.2430
Validation loss decreased (0.704267 --> 0.700374).  Saving model ...
Epoch 00004, Step00000 | Train_Loss: 0.8597 | Time: 0.3288
Epoch 00004 | Val_Loss 0.7746 | Time(s) 0.2338
EarlyStopping counter: 1 out of 30
Epoch 00005, Step00000 | Train_Loss: 0.8635 | Time: 0.3269
Epoch 00005 | Val_Loss 1.1859 | Time(s) 0.2345
EarlyStopping counter: 2 out of 30
Epoch 00006, Step00000 | Train_Loss: 1.0791 | Time: 0.3206
Epoch 00006 | Val_Loss 1.1619 | Time(s) 0.2339
EarlyStopping counter: 3 out of 30
Epoch 00007, Step00000 | Train_Loss: 1.0326 | Time: 0.3224
Epoch 00007 | Val_Loss 0.7204 | Time(s) 0.2337
EarlyStopping counter: 4 out of 30
Epoch 00008, Step00000 | Train_Loss: 0.7435 | Time: 0.3313
Epoch 00008 | Val_Loss 0.9713 | Time(s) 0.2350
EarlyStopping counter: 5 out of 30
Epoch 00009, Step00000 | Train_Loss: 0.8503 | Time: 0.3217
Epoch 00009 | Val_Loss 1.4807 | Time(s) 0.2344
EarlyStopping counter: 6 out of 30
Epoch 00010, Step00000 | Train_Loss: 1.2216 | Time: 0.3260
Epoch 00010 | Val_Loss 1.2204 | Time(s) 0.2326
EarlyStopping counter: 7 out of 30
Epoch 00011, Step00000 | Train_Loss: 0.8790 | Time: 0.3221
Epoch 00011 | Val_Loss 0.8868 | Time(s) 0.2373
EarlyStopping counter: 8 out of 30
Epoch 00012, Step00000 | Train_Loss: 0.5985 | Time: 0.3262
Epoch 00012 | Val_Loss 1.0197 | Time(s) 0.2339
EarlyStopping counter: 9 out of 30
Epoch 00013, Step00000 | Train_Loss: 0.6693 | Time: 0.3232
Epoch 00013 | Val_Loss 1.5837 | Time(s) 0.2300
EarlyStopping counter: 10 out of 30
Epoch 00014, Step00000 | Train_Loss: 0.8941 | Time: 0.3287
Epoch 00014 | Val_Loss 1.4003 | Time(s) 0.2309
EarlyStopping counter: 11 out of 30
Epoch 00015, Step00000 | Train_Loss: 0.6626 | Time: 0.3230
Epoch 00015 | Val_Loss 1.1408 | Time(s) 0.2265
EarlyStopping counter: 12 out of 30
Epoch 00016, Step00000 | Train_Loss: 0.5266 | Time: 0.2727
Epoch 00016 | Val_Loss 1.5199 | Time(s) 0.1978
EarlyStopping counter: 13 out of 30
Epoch 00017, Step00000 | Train_Loss: 0.6722 | Time: 0.3260
Epoch 00017 | Val_Loss 1.2990 | Time(s) 0.2374
EarlyStopping counter: 14 out of 30
Epoch 00018, Step00000 | Train_Loss: 0.4955 | Time: 0.3162
Epoch 00018 | Val_Loss 1.3682 | Time(s) 0.2383
EarlyStopping counter: 15 out of 30
Epoch 00019, Step00000 | Train_Loss: 0.6429 | Time: 0.3218
Epoch 00019 | Val_Loss 1.1805 | Time(s) 0.2337
EarlyStopping counter: 16 out of 30
Epoch 00020, Step00000 | Train_Loss: 0.4747 | Time: 0.3250
Epoch 00020 | Val_Loss 1.4399 | Time(s) 0.2289
EarlyStopping counter: 17 out of 30
Epoch 00021, Step00000 | Train_Loss: 0.5605 | Time: 0.3288
Epoch 00021 | Val_Loss 1.2087 | Time(s) 0.2359
EarlyStopping counter: 18 out of 30
Epoch 00022, Step00000 | Train_Loss: 0.4778 | Time: 0.3257
Epoch 00022 | Val_Loss 1.3237 | Time(s) 0.2334
EarlyStopping counter: 19 out of 30
Epoch 00023, Step00000 | Train_Loss: 0.4863 | Time: 0.3325
Epoch 00023 | Val_Loss 1.1768 | Time(s) 0.2365
EarlyStopping counter: 20 out of 30
Epoch 00024, Step00000 | Train_Loss: 0.4863 | Time: 0.3258
Epoch 00024 | Val_Loss 1.1120 | Time(s) 0.2352
EarlyStopping counter: 21 out of 30
Epoch 00025, Step00000 | Train_Loss: 0.4499 | Time: 0.3295
Epoch 00025 | Val_Loss 1.1180 | Time(s) 0.2336
EarlyStopping counter: 22 out of 30
Epoch 00026, Step00000 | Train_Loss: 0.4727 | Time: 0.3282
Epoch 00026 | Val_Loss 1.1528 | Time(s) 0.2341
EarlyStopping counter: 23 out of 30
Epoch 00027, Step00000 | Train_Loss: 0.4159 | Time: 0.2890
Epoch 00027 | Val_Loss 1.2465 | Time(s) 0.1981
EarlyStopping counter: 24 out of 30
Epoch 00028, Step00000 | Train_Loss: 0.4313 | Time: 0.3172
Epoch 00028 | Val_Loss 1.1769 | Time(s) 0.2400
EarlyStopping counter: 25 out of 30
Epoch 00029, Step00000 | Train_Loss: 0.3971 | Time: 0.3246
Epoch 00029 | Val_Loss 1.3247 | Time(s) 0.2446
EarlyStopping counter: 26 out of 30
Epoch 00030, Step00000 | Train_Loss: 0.3857 | Time: 0.3360
Epoch 00030 | Val_Loss 1.2941 | Time(s) 0.2383
EarlyStopping counter: 27 out of 30
Epoch 00031, Step00000 | Train_Loss: 0.3692 | Time: 0.3363
Epoch 00031 | Val_Loss 1.1699 | Time(s) 0.2403
EarlyStopping counter: 28 out of 30
Epoch 00032, Step00000 | Train_Loss: 0.3457 | Time: 0.3314
Epoch 00032 | Val_Loss 1.1457 | Time(s) 0.2372
EarlyStopping counter: 29 out of 30
Epoch 00033, Step00000 | Train_Loss: 0.3426 | Time: 0.3281
Epoch 00033 | Val_Loss 1.3484 | Time(s) 0.2413
EarlyStopping counter: 30 out of 30
Early stopping!
Early stopping!
defaultdict(<class 'float'>, {'roc_auc': 0.4843949298469388, 'MRR': 0.7261904761904763})
defaultdict(<class 'float'>, {'roc_auc': 0.5400988520408163, 'MRR': 0.7769423558897244})
Completed: amazon_style_cc_fold_3 (rep 2)

--------------------------------------
Running model: HGT
Dataset: amazon_style_cc_fold_4
Repetition: 2
--------------------------------------
Loading nodes from amazon_style_cc_fold_4/node.dat
/home/simonettos/homhetgnn/HGB/LP/benchmark/data/amazon_style_cc_fold_4/node.dat
0 {}
1 {'0': 558}
node_count: {'0': 558, '1': 940}
('1', '5', '0'): src_max=939, dst_max=557
('0', '6', '0'): src_max=557, dst_max=557
('1', '2', '1'): src_max=938, dst_max=938
('0', '3', '0'): src_max=557, dst_max=557
('0', '0', '0'): src_max=557, dst_max=553
('1', '1', '1'): src_max=939, dst_max=928
('1', '4', '1'): src_max=939, dst_max=939
('1', '7', '1'): src_max=939, dst_max=939
('1', '8', '1'): src_max=791, dst_max=812
('1', '9', '1'): src_max=795, dst_max=380
0 0
1 558
5
Epoch 00000, Step00000 | Train_Loss: 0.9459 | Time: 0.6021
Epoch 00000 | Val_Loss 0.7092 | Time(s) 0.1698
Validation loss decreased (inf --> 0.709155).  Saving model ...
Epoch 00001, Step00000 | Train_Loss: 0.9279 | Time: 0.2259
Epoch 00001 | Val_Loss 0.7228 | Time(s) 0.1744
EarlyStopping counter: 1 out of 30
Epoch 00002, Step00000 | Train_Loss: 0.9177 | Time: 0.2260
Epoch 00002 | Val_Loss 0.7071 | Time(s) 0.1600
Validation loss decreased (0.709155 --> 0.707107).  Saving model ...
Epoch 00003, Step00000 | Train_Loss: 0.8727 | Time: 0.2172
Epoch 00003 | Val_Loss 0.7439 | Time(s) 0.1786
EarlyStopping counter: 1 out of 30
Epoch 00004, Step00000 | Train_Loss: 0.8301 | Time: 0.2198
Epoch 00004 | Val_Loss 0.8822 | Time(s) 0.1786
EarlyStopping counter: 2 out of 30
Epoch 00005, Step00000 | Train_Loss: 0.8999 | Time: 0.2239
Epoch 00005 | Val_Loss 1.1706 | Time(s) 0.1801
EarlyStopping counter: 3 out of 30
Epoch 00006, Step00000 | Train_Loss: 1.0211 | Time: 0.2247
Epoch 00006 | Val_Loss 0.7726 | Time(s) 0.1761
EarlyStopping counter: 4 out of 30
Epoch 00007, Step00000 | Train_Loss: 0.7769 | Time: 0.2238
Epoch 00007 | Val_Loss 0.7165 | Time(s) 0.1736
EarlyStopping counter: 5 out of 30
Epoch 00008, Step00000 | Train_Loss: 0.7272 | Time: 0.2249
Epoch 00008 | Val_Loss 0.9896 | Time(s) 0.1768
EarlyStopping counter: 6 out of 30
Epoch 00009, Step00000 | Train_Loss: 0.9531 | Time: 0.2256
Epoch 00009 | Val_Loss 1.8459 | Time(s) 0.1772
EarlyStopping counter: 7 out of 30
Epoch 00010, Step00000 | Train_Loss: 1.4367 | Time: 0.2208
Epoch 00010 | Val_Loss 0.9546 | Time(s) 0.1779
EarlyStopping counter: 8 out of 30
Epoch 00011, Step00000 | Train_Loss: 0.7573 | Time: 0.2235
Epoch 00011 | Val_Loss 0.8498 | Time(s) 0.1778
EarlyStopping counter: 9 out of 30
Epoch 00012, Step00000 | Train_Loss: 0.6911 | Time: 0.2247
Epoch 00012 | Val_Loss 1.5297 | Time(s) 0.1774
EarlyStopping counter: 10 out of 30
Epoch 00013, Step00000 | Train_Loss: 1.1202 | Time: 0.2194
Epoch 00013 | Val_Loss 0.9496 | Time(s) 0.1745
EarlyStopping counter: 11 out of 30
Epoch 00014, Step00000 | Train_Loss: 0.7437 | Time: 0.2257
Epoch 00014 | Val_Loss 0.9607 | Time(s) 0.1743
EarlyStopping counter: 12 out of 30
Epoch 00015, Step00000 | Train_Loss: 0.5812 | Time: 0.2273
Epoch 00015 | Val_Loss 1.3109 | Time(s) 0.1792
EarlyStopping counter: 13 out of 30
Epoch 00016, Step00000 | Train_Loss: 0.7801 | Time: 0.2272
Epoch 00016 | Val_Loss 1.0644 | Time(s) 0.1756
EarlyStopping counter: 14 out of 30
Epoch 00017, Step00000 | Train_Loss: 0.5393 | Time: 0.2255
Epoch 00017 | Val_Loss 1.2897 | Time(s) 0.1758
EarlyStopping counter: 15 out of 30
Epoch 00018, Step00000 | Train_Loss: 0.6376 | Time: 0.2239
Epoch 00018 | Val_Loss 1.1006 | Time(s) 0.1790
EarlyStopping counter: 16 out of 30
Epoch 00019, Step00000 | Train_Loss: 0.5126 | Time: 0.2097
Epoch 00019 | Val_Loss 1.2574 | Time(s) 0.1156
EarlyStopping counter: 17 out of 30
Epoch 00020, Step00000 | Train_Loss: 0.5826 | Time: 0.1690
Epoch 00020 | Val_Loss 1.2058 | Time(s) 0.1152
EarlyStopping counter: 18 out of 30
Epoch 00021, Step00000 | Train_Loss: 0.4876 | Time: 0.2060
Epoch 00021 | Val_Loss 1.1510 | Time(s) 0.1875
EarlyStopping counter: 19 out of 30
Epoch 00022, Step00000 | Train_Loss: 0.5478 | Time: 0.2352
Epoch 00022 | Val_Loss 0.9897 | Time(s) 0.1825
EarlyStopping counter: 20 out of 30
Epoch 00023, Step00000 | Train_Loss: 0.5109 | Time: 0.2250
Epoch 00023 | Val_Loss 1.1021 | Time(s) 0.1777
EarlyStopping counter: 21 out of 30
Epoch 00024, Step00000 | Train_Loss: 0.4990 | Time: 0.2342
Epoch 00024 | Val_Loss 0.9545 | Time(s) 0.1773
EarlyStopping counter: 22 out of 30
Epoch 00025, Step00000 | Train_Loss: 0.4934 | Time: 0.2302
Epoch 00025 | Val_Loss 0.8717 | Time(s) 0.1761
EarlyStopping counter: 23 out of 30
Epoch 00026, Step00000 | Train_Loss: 0.4598 | Time: 0.2276
Epoch 00026 | Val_Loss 1.1074 | Time(s) 0.1813
EarlyStopping counter: 24 out of 30
Epoch 00027, Step00000 | Train_Loss: 0.4742 | Time: 0.2231
Epoch 00027 | Val_Loss 1.0675 | Time(s) 0.1760
EarlyStopping counter: 25 out of 30
Epoch 00028, Step00000 | Train_Loss: 0.4249 | Time: 0.2271
Epoch 00028 | Val_Loss 1.1057 | Time(s) 0.1777
EarlyStopping counter: 26 out of 30
Epoch 00029, Step00000 | Train_Loss: 0.4452 | Time: 0.2288
Epoch 00029 | Val_Loss 1.1324 | Time(s) 0.1778
EarlyStopping counter: 27 out of 30
Epoch 00030, Step00000 | Train_Loss: 0.4052 | Time: 0.2230
Epoch 00030 | Val_Loss 1.1723 | Time(s) 0.1749
EarlyStopping counter: 28 out of 30
Epoch 00031, Step00000 | Train_Loss: 0.4090 | Time: 0.2282
Epoch 00031 | Val_Loss 0.9960 | Time(s) 0.1755
EarlyStopping counter: 29 out of 30
Epoch 00032, Step00000 | Train_Loss: 0.3870 | Time: 0.2265
Epoch 00032 | Val_Loss 1.1379 | Time(s) 0.1763
EarlyStopping counter: 30 out of 30
Early stopping!
Early stopping!
defaultdict(<class 'float'>, {'roc_auc': 0.46306102827841955, 'MRR': 0.7270634920634921})
defaultdict(<class 'float'>, {'roc_auc': 0.537424904220271, 'MRR': 0.7603968253968253})
Completed: amazon_style_cc_fold_4 (rep 2)

--------------------------------------
Running model: HGT
Dataset: amazon_style_cc_fold_5
Repetition: 2
--------------------------------------
Loading nodes from amazon_style_cc_fold_5/node.dat
/home/simonettos/homhetgnn/HGB/LP/benchmark/data/amazon_style_cc_fold_5/node.dat
0 {}
1 {'0': 558}
node_count: {'0': 558, '1': 940}
('1', '5', '0'): src_max=939, dst_max=556
('0', '6', '0'): src_max=557, dst_max=557
('1', '2', '1'): src_max=938, dst_max=938
('0', '3', '0'): src_max=557, dst_max=557
('0', '0', '0'): src_max=557, dst_max=553
('1', '1', '1'): src_max=939, dst_max=928
('1', '4', '1'): src_max=939, dst_max=939
('1', '7', '1'): src_max=939, dst_max=939
('1', '8', '1'): src_max=791, dst_max=812
('1', '9', '1'): src_max=795, dst_max=380
0 0
1 558
5
Epoch 00000, Step00000 | Train_Loss: 1.0700 | Time: 0.8826
Epoch 00000 | Val_Loss 0.6889 | Time(s) 0.1774
Validation loss decreased (inf --> 0.688938).  Saving model ...
Epoch 00001, Step00000 | Train_Loss: 1.0114 | Time: 0.2234
Epoch 00001 | Val_Loss 0.8093 | Time(s) 0.1787
EarlyStopping counter: 1 out of 30
Epoch 00002, Step00000 | Train_Loss: 1.0055 | Time: 0.2365
Epoch 00002 | Val_Loss 0.7580 | Time(s) 0.1829
EarlyStopping counter: 2 out of 30
Epoch 00003, Step00000 | Train_Loss: 0.9600 | Time: 0.2298
Epoch 00003 | Val_Loss 0.7310 | Time(s) 0.1812
EarlyStopping counter: 3 out of 30
Epoch 00004, Step00000 | Train_Loss: 0.9087 | Time: 0.2306
Epoch 00004 | Val_Loss 0.7309 | Time(s) 0.1831
EarlyStopping counter: 4 out of 30
Epoch 00005, Step00000 | Train_Loss: 0.8541 | Time: 0.2303
Epoch 00005 | Val_Loss 0.7800 | Time(s) 0.1791
EarlyStopping counter: 5 out of 30
Epoch 00006, Step00000 | Train_Loss: 0.8279 | Time: 0.2310
Epoch 00006 | Val_Loss 0.7852 | Time(s) 0.1787
EarlyStopping counter: 6 out of 30
Epoch 00007, Step00000 | Train_Loss: 0.7410 | Time: 0.2293
Epoch 00007 | Val_Loss 0.7322 | Time(s) 0.1876
EarlyStopping counter: 7 out of 30
Epoch 00008, Step00000 | Train_Loss: 0.6988 | Time: 0.2327
Epoch 00008 | Val_Loss 1.0804 | Time(s) 0.1831
EarlyStopping counter: 8 out of 30
Epoch 00009, Step00000 | Train_Loss: 0.7996 | Time: 0.2330
Epoch 00009 | Val_Loss 2.0201 | Time(s) 0.1208
EarlyStopping counter: 9 out of 30
Epoch 00010, Step00000 | Train_Loss: 1.6386 | Time: 0.1722
Epoch 00010 | Val_Loss 1.5673 | Time(s) 0.1212
EarlyStopping counter: 10 out of 30
Epoch 00011, Step00000 | Train_Loss: 1.0020 | Time: 0.2077
Epoch 00011 | Val_Loss 1.0592 | Time(s) 0.1926
EarlyStopping counter: 11 out of 30
Epoch 00012, Step00000 | Train_Loss: 0.5774 | Time: 0.2378
Epoch 00012 | Val_Loss 1.3830 | Time(s) 0.1813
EarlyStopping counter: 12 out of 30
Epoch 00013, Step00000 | Train_Loss: 0.7716 | Time: 0.2413
Epoch 00013 | Val_Loss 1.5314 | Time(s) 0.1884
EarlyStopping counter: 13 out of 30
Epoch 00014, Step00000 | Train_Loss: 0.7035 | Time: 0.2354
Epoch 00014 | Val_Loss 1.3345 | Time(s) 0.1901
EarlyStopping counter: 14 out of 30
Epoch 00015, Step00000 | Train_Loss: 0.5122 | Time: 0.2408
Epoch 00015 | Val_Loss 1.5516 | Time(s) 0.1915
EarlyStopping counter: 15 out of 30
Epoch 00016, Step00000 | Train_Loss: 0.5802 | Time: 0.2408
Epoch 00016 | Val_Loss 1.6172 | Time(s) 0.1900
EarlyStopping counter: 16 out of 30
Epoch 00017, Step00000 | Train_Loss: 0.5630 | Time: 0.2363
Epoch 00017 | Val_Loss 1.5364 | Time(s) 0.1933
EarlyStopping counter: 17 out of 30
Epoch 00018, Step00000 | Train_Loss: 0.4868 | Time: 0.2454
Epoch 00018 | Val_Loss 1.5960 | Time(s) 0.1906
EarlyStopping counter: 18 out of 30
Epoch 00019, Step00000 | Train_Loss: 0.5260 | Time: 0.2428
Epoch 00019 | Val_Loss 1.6024 | Time(s) 0.1903
EarlyStopping counter: 19 out of 30
Epoch 00020, Step00000 | Train_Loss: 0.4855 | Time: 0.2272
Epoch 00020 | Val_Loss 1.5010 | Time(s) 0.1201
EarlyStopping counter: 20 out of 30
Epoch 00021, Step00000 | Train_Loss: 0.4856 | Time: 0.1730
Epoch 00021 | Val_Loss 1.3669 | Time(s) 0.1199
EarlyStopping counter: 21 out of 30
Epoch 00022, Step00000 | Train_Loss: 0.4806 | Time: 0.2395
Epoch 00022 | Val_Loss 1.2280 | Time(s) 0.1892
EarlyStopping counter: 22 out of 30
Epoch 00023, Step00000 | Train_Loss: 0.4530 | Time: 0.2401
Epoch 00023 | Val_Loss 1.2974 | Time(s) 0.1808
EarlyStopping counter: 23 out of 30
Epoch 00024, Step00000 | Train_Loss: 0.4500 | Time: 0.2421
Epoch 00024 | Val_Loss 1.3971 | Time(s) 0.1907
EarlyStopping counter: 24 out of 30
Epoch 00025, Step00000 | Train_Loss: 0.4337 | Time: 0.2376
Epoch 00025 | Val_Loss 1.3478 | Time(s) 0.1903
EarlyStopping counter: 25 out of 30
Epoch 00026, Step00000 | Train_Loss: 0.4346 | Time: 0.2389
Epoch 00026 | Val_Loss 1.5413 | Time(s) 0.1923
EarlyStopping counter: 26 out of 30
Epoch 00027, Step00000 | Train_Loss: 0.4194 | Time: 0.2382
Epoch 00027 | Val_Loss 1.4913 | Time(s) 0.1913
EarlyStopping counter: 27 out of 30
Epoch 00028, Step00000 | Train_Loss: 0.4113 | Time: 0.2398
Epoch 00028 | Val_Loss 1.6262 | Time(s) 0.1933
EarlyStopping counter: 28 out of 30
Epoch 00029, Step00000 | Train_Loss: 0.3980 | Time: 0.2384
Epoch 00029 | Val_Loss 1.6337 | Time(s) 0.1872
EarlyStopping counter: 29 out of 30
Epoch 00030, Step00000 | Train_Loss: 0.3873 | Time: 0.2454
Epoch 00030 | Val_Loss 1.6203 | Time(s) 0.1881
EarlyStopping counter: 30 out of 30
Early stopping!
Early stopping!
defaultdict(<class 'float'>, {'roc_auc': 0.4870462707904739, 'MRR': 0.7297453703703705})
defaultdict(<class 'float'>, {'roc_auc': 0.5115442227234379, 'MRR': 0.7465277777777778})
Completed: amazon_style_cc_fold_5 (rep 2)

=== Repetition 3/6 ===
--------------------------------------
Running model: HGT
Dataset: amazon_style_cc_fold_1
Repetition: 3
--------------------------------------
Loading nodes from amazon_style_cc_fold_1/node.dat
/home/simonettos/homhetgnn/HGB/LP/benchmark/data/amazon_style_cc_fold_1/node.dat
0 {}
1 {'0': 558}
node_count: {'0': 558, '1': 940}
('1', '4', '1'): src_max=939, dst_max=939
('1', '5', '0'): src_max=939, dst_max=557
('0', '3', '0'): src_max=557, dst_max=557
('0', '6', '0'): src_max=557, dst_max=557
('0', '0', '0'): src_max=557, dst_max=553
('1', '2', '1'): src_max=938, dst_max=938
('1', '7', '1'): src_max=939, dst_max=939
('1', '1', '1'): src_max=939, dst_max=928
('1', '9', '1'): src_max=795, dst_max=380
('1', '8', '1'): src_max=791, dst_max=812
0 0
1 558
5
Epoch 00000, Step00000 | Train_Loss: 0.9945 | Time: 0.8147
Epoch 00000 | Val_Loss 0.7546 | Time(s) 0.2155
Validation loss decreased (inf --> 0.754565).  Saving model ...
Epoch 00001, Step00000 | Train_Loss: 1.0594 | Time: 0.2797
Epoch 00001 | Val_Loss 0.7910 | Time(s) 0.2184
EarlyStopping counter: 1 out of 30
Epoch 00002, Step00000 | Train_Loss: 1.0651 | Time: 0.2760
Epoch 00002 | Val_Loss 0.7201 | Time(s) 0.2183
Validation loss decreased (0.754565 --> 0.720073).  Saving model ...
Epoch 00003, Step00000 | Train_Loss: 0.9398 | Time: 0.2758
Epoch 00003 | Val_Loss 0.7796 | Time(s) 0.2169
EarlyStopping counter: 1 out of 30
Epoch 00004, Step00000 | Train_Loss: 0.9517 | Time: 0.2699
Epoch 00004 | Val_Loss 0.6902 | Time(s) 0.2134
Validation loss decreased (0.720073 --> 0.690246).  Saving model ...
Epoch 00005, Step00000 | Train_Loss: 0.8630 | Time: 0.2717
Epoch 00005 | Val_Loss 0.7151 | Time(s) 0.2140
EarlyStopping counter: 1 out of 30
Epoch 00006, Step00000 | Train_Loss: 0.8401 | Time: 0.2723
Epoch 00006 | Val_Loss 0.7971 | Time(s) 0.2176
EarlyStopping counter: 2 out of 30
Epoch 00007, Step00000 | Train_Loss: 0.7959 | Time: 0.2739
Epoch 00007 | Val_Loss 1.1598 | Time(s) 0.2157
EarlyStopping counter: 3 out of 30
Epoch 00008, Step00000 | Train_Loss: 1.0037 | Time: 0.2396
Epoch 00008 | Val_Loss 1.5276 | Time(s) 0.1785
EarlyStopping counter: 4 out of 30
Epoch 00009, Step00000 | Train_Loss: 1.2294 | Time: 0.2697
Epoch 00009 | Val_Loss 0.9259 | Time(s) 0.2220
EarlyStopping counter: 5 out of 30
Epoch 00010, Step00000 | Train_Loss: 0.8129 | Time: 0.2821
Epoch 00010 | Val_Loss 0.7447 | Time(s) 0.2203
EarlyStopping counter: 6 out of 30
Epoch 00011, Step00000 | Train_Loss: 0.6374 | Time: 0.2748
Epoch 00011 | Val_Loss 1.2258 | Time(s) 0.2120
EarlyStopping counter: 7 out of 30
Epoch 00012, Step00000 | Train_Loss: 0.8076 | Time: 0.2741
Epoch 00012 | Val_Loss 1.6127 | Time(s) 0.2162
EarlyStopping counter: 8 out of 30
Epoch 00013, Step00000 | Train_Loss: 1.1776 | Time: 0.2806
Epoch 00013 | Val_Loss 1.3116 | Time(s) 0.2187
EarlyStopping counter: 9 out of 30
Epoch 00014, Step00000 | Train_Loss: 0.8577 | Time: 0.2752
Epoch 00014 | Val_Loss 1.0521 | Time(s) 0.2213
EarlyStopping counter: 10 out of 30
Epoch 00015, Step00000 | Train_Loss: 0.5611 | Time: 0.2769
Epoch 00015 | Val_Loss 1.4253 | Time(s) 0.2211
EarlyStopping counter: 11 out of 30
Epoch 00016, Step00000 | Train_Loss: 0.8946 | Time: 0.2808
Epoch 00016 | Val_Loss 0.9844 | Time(s) 0.2234
EarlyStopping counter: 12 out of 30
Epoch 00017, Step00000 | Train_Loss: 0.5255 | Time: 0.2843
Epoch 00017 | Val_Loss 1.4367 | Time(s) 0.2180
EarlyStopping counter: 13 out of 30
Epoch 00018, Step00000 | Train_Loss: 0.6965 | Time: 0.2801
Epoch 00018 | Val_Loss 1.2132 | Time(s) 0.2195
EarlyStopping counter: 14 out of 30
Epoch 00019, Step00000 | Train_Loss: 0.4972 | Time: 0.2552
Epoch 00019 | Val_Loss 1.2218 | Time(s) 0.1755
EarlyStopping counter: 15 out of 30
Epoch 00020, Step00000 | Train_Loss: 0.6537 | Time: 0.2659
Epoch 00020 | Val_Loss 1.1139 | Time(s) 0.2208
EarlyStopping counter: 16 out of 30
Epoch 00021, Step00000 | Train_Loss: 0.4769 | Time: 0.2840
Epoch 00021 | Val_Loss 1.0210 | Time(s) 0.2210
EarlyStopping counter: 17 out of 30
Epoch 00022, Step00000 | Train_Loss: 0.5506 | Time: 0.2809
Epoch 00022 | Val_Loss 1.0667 | Time(s) 0.2256
EarlyStopping counter: 18 out of 30
Epoch 00023, Step00000 | Train_Loss: 0.4889 | Time: 0.2812
Epoch 00023 | Val_Loss 1.1274 | Time(s) 0.2256
EarlyStopping counter: 19 out of 30
Epoch 00024, Step00000 | Train_Loss: 0.4989 | Time: 0.2778
Epoch 00024 | Val_Loss 1.0658 | Time(s) 0.2228
EarlyStopping counter: 20 out of 30
Epoch 00025, Step00000 | Train_Loss: 0.4690 | Time: 0.2844
Epoch 00025 | Val_Loss 1.0551 | Time(s) 0.2187
EarlyStopping counter: 21 out of 30
Epoch 00026, Step00000 | Train_Loss: 0.4445 | Time: 0.2815
Epoch 00026 | Val_Loss 0.9788 | Time(s) 0.2221
EarlyStopping counter: 22 out of 30
Epoch 00027, Step00000 | Train_Loss: 0.4655 | Time: 0.2779
Epoch 00027 | Val_Loss 1.0215 | Time(s) 0.1952
EarlyStopping counter: 23 out of 30
Epoch 00028, Step00000 | Train_Loss: 0.4102 | Time: 0.2261
Epoch 00028 | Val_Loss 1.0356 | Time(s) 0.1727
EarlyStopping counter: 24 out of 30
Epoch 00029, Step00000 | Train_Loss: 0.4251 | Time: 0.2796
Epoch 00029 | Val_Loss 0.9635 | Time(s) 0.2279
EarlyStopping counter: 25 out of 30
Epoch 00030, Step00000 | Train_Loss: 0.3955 | Time: 0.2803
Epoch 00030 | Val_Loss 0.8307 | Time(s) 0.2234
EarlyStopping counter: 26 out of 30
Epoch 00031, Step00000 | Train_Loss: 0.3816 | Time: 0.2903
Epoch 00031 | Val_Loss 0.9570 | Time(s) 0.2287
EarlyStopping counter: 27 out of 30
Epoch 00032, Step00000 | Train_Loss: 0.3836 | Time: 0.2818
Epoch 00032 | Val_Loss 0.9278 | Time(s) 0.2289
EarlyStopping counter: 28 out of 30
Epoch 00033, Step00000 | Train_Loss: 0.3555 | Time: 0.2831
Epoch 00033 | Val_Loss 0.9559 | Time(s) 0.2281
EarlyStopping counter: 29 out of 30
Epoch 00034, Step00000 | Train_Loss: 0.3362 | Time: 0.2806
Epoch 00034 | Val_Loss 1.1063 | Time(s) 0.2259
EarlyStopping counter: 30 out of 30
Early stopping!
Early stopping!
defaultdict(<class 'float'>, {'roc_auc': 0.5062200806248425, 'MRR': 0.7446428571428572})
defaultdict(<class 'float'>, {'roc_auc': 0.5948601662887377, 'MRR': 0.8343650793650793})
Completed: amazon_style_cc_fold_1 (rep 3)

--------------------------------------
Running model: HGT
Dataset: amazon_style_cc_fold_2
Repetition: 3
--------------------------------------
Loading nodes from amazon_style_cc_fold_2/node.dat
/home/simonettos/homhetgnn/HGB/LP/benchmark/data/amazon_style_cc_fold_2/node.dat
0 {}
1 {'0': 558}
node_count: {'0': 558, '1': 940}
('1', '5', '0'): src_max=939, dst_max=557
('0', '6', '0'): src_max=557, dst_max=557
('1', '2', '1'): src_max=938, dst_max=938
('0', '3', '0'): src_max=557, dst_max=557
('0', '0', '0'): src_max=557, dst_max=553
('1', '1', '1'): src_max=939, dst_max=928
('1', '4', '1'): src_max=939, dst_max=939
('1', '7', '1'): src_max=939, dst_max=939
('1', '8', '1'): src_max=791, dst_max=812
('1', '9', '1'): src_max=795, dst_max=380
0 0
1 558
5
Epoch 00000, Step00000 | Train_Loss: 1.0266 | Time: 0.6285
Epoch 00000 | Val_Loss 0.7278 | Time(s) 0.1752
Validation loss decreased (inf --> 0.727811).  Saving model ...
Epoch 00001, Step00000 | Train_Loss: 1.0011 | Time: 0.2232
Epoch 00001 | Val_Loss 0.6900 | Time(s) 0.1819
Validation loss decreased (0.727811 --> 0.690034).  Saving model ...
Epoch 00002, Step00000 | Train_Loss: 0.9772 | Time: 0.2226
Epoch 00002 | Val_Loss 0.7373 | Time(s) 0.1891
EarlyStopping counter: 1 out of 30
Epoch 00003, Step00000 | Train_Loss: 0.9959 | Time: 0.2265
Epoch 00003 | Val_Loss 0.7630 | Time(s) 0.2260
EarlyStopping counter: 2 out of 30
Epoch 00004, Step00000 | Train_Loss: 0.9172 | Time: 0.2857
Epoch 00004 | Val_Loss 0.6843 | Time(s) 0.2241
Validation loss decreased (0.690034 --> 0.684335).  Saving model ...
Epoch 00005, Step00000 | Train_Loss: 0.8395 | Time: 0.2856
Epoch 00005 | Val_Loss 0.6683 | Time(s) 0.2170
Validation loss decreased (0.684335 --> 0.668307).  Saving model ...
Epoch 00006, Step00000 | Train_Loss: 0.7999 | Time: 0.2442
Epoch 00006 | Val_Loss 0.6680 | Time(s) 0.1946
Validation loss decreased (0.668307 --> 0.667963).  Saving model ...
Epoch 00007, Step00000 | Train_Loss: 0.7265 | Time: 0.3167
Epoch 00007 | Val_Loss 0.7978 | Time(s) 0.2310
EarlyStopping counter: 1 out of 30
Epoch 00008, Step00000 | Train_Loss: 0.8017 | Time: 0.3057
Epoch 00008 | Val_Loss 2.1099 | Time(s) 0.2345
EarlyStopping counter: 2 out of 30
Epoch 00009, Step00000 | Train_Loss: 1.7706 | Time: 0.3215
Epoch 00009 | Val_Loss 1.6468 | Time(s) 0.2260
EarlyStopping counter: 3 out of 30
Epoch 00010, Step00000 | Train_Loss: 1.2328 | Time: 0.3150
Epoch 00010 | Val_Loss 0.7836 | Time(s) 0.2349
EarlyStopping counter: 4 out of 30
Epoch 00011, Step00000 | Train_Loss: 0.6685 | Time: 0.3168
Epoch 00011 | Val_Loss 1.5343 | Time(s) 0.2270
EarlyStopping counter: 5 out of 30
Epoch 00012, Step00000 | Train_Loss: 1.2327 | Time: 0.3151
Epoch 00012 | Val_Loss 1.1306 | Time(s) 0.2247
EarlyStopping counter: 6 out of 30
Epoch 00013, Step00000 | Train_Loss: 0.8331 | Time: 0.3166
Epoch 00013 | Val_Loss 0.9202 | Time(s) 0.2132
EarlyStopping counter: 7 out of 30
Epoch 00014, Step00000 | Train_Loss: 0.5645 | Time: 0.2625
Epoch 00014 | Val_Loss 1.3504 | Time(s) 0.1884
EarlyStopping counter: 8 out of 30
Epoch 00015, Step00000 | Train_Loss: 0.8272 | Time: 0.3166
Epoch 00015 | Val_Loss 1.0240 | Time(s) 0.2317
EarlyStopping counter: 9 out of 30
Epoch 00016, Step00000 | Train_Loss: 0.5388 | Time: 0.3049
Epoch 00016 | Val_Loss 1.2063 | Time(s) 0.2231
EarlyStopping counter: 10 out of 30
Epoch 00017, Step00000 | Train_Loss: 0.6113 | Time: 0.2866
Epoch 00017 | Val_Loss 1.2013 | Time(s) 0.2294
EarlyStopping counter: 11 out of 30
Epoch 00018, Step00000 | Train_Loss: 0.5600 | Time: 0.2883
Epoch 00018 | Val_Loss 1.3519 | Time(s) 0.2314
EarlyStopping counter: 12 out of 30
Epoch 00019, Step00000 | Train_Loss: 0.5452 | Time: 0.2858
Epoch 00019 | Val_Loss 1.1992 | Time(s) 0.2291
EarlyStopping counter: 13 out of 30
Epoch 00020, Step00000 | Train_Loss: 0.5175 | Time: 0.2889
Epoch 00020 | Val_Loss 1.1909 | Time(s) 0.2288
EarlyStopping counter: 14 out of 30
Epoch 00021, Step00000 | Train_Loss: 0.5124 | Time: 0.2856
Epoch 00021 | Val_Loss 1.1649 | Time(s) 0.2258
EarlyStopping counter: 15 out of 30
Epoch 00022, Step00000 | Train_Loss: 0.4788 | Time: 0.2700
Epoch 00022 | Val_Loss 1.2201 | Time(s) 0.1738
EarlyStopping counter: 16 out of 30
Epoch 00023, Step00000 | Train_Loss: 0.4679 | Time: 0.2761
Epoch 00023 | Val_Loss 1.0473 | Time(s) 0.2269
EarlyStopping counter: 17 out of 30
Epoch 00024, Step00000 | Train_Loss: 0.4593 | Time: 0.2851
Epoch 00024 | Val_Loss 1.0832 | Time(s) 0.2230
EarlyStopping counter: 18 out of 30
Epoch 00025, Step00000 | Train_Loss: 0.4545 | Time: 0.2843
Epoch 00025 | Val_Loss 0.9461 | Time(s) 0.2292
EarlyStopping counter: 19 out of 30
Epoch 00026, Step00000 | Train_Loss: 0.4247 | Time: 0.2896
Epoch 00026 | Val_Loss 1.0221 | Time(s) 0.2257
EarlyStopping counter: 20 out of 30
Epoch 00027, Step00000 | Train_Loss: 0.4381 | Time: 0.2876
Epoch 00027 | Val_Loss 1.1288 | Time(s) 0.2267
EarlyStopping counter: 21 out of 30
Epoch 00028, Step00000 | Train_Loss: 0.4234 | Time: 0.2869
Epoch 00028 | Val_Loss 1.1205 | Time(s) 0.2260
EarlyStopping counter: 22 out of 30
Epoch 00029, Step00000 | Train_Loss: 0.4152 | Time: 0.2852
Epoch 00029 | Val_Loss 1.1872 | Time(s) 0.2283
EarlyStopping counter: 23 out of 30
Epoch 00030, Step00000 | Train_Loss: 0.3964 | Time: 0.2821
Epoch 00030 | Val_Loss 1.1768 | Time(s) 0.1867
EarlyStopping counter: 24 out of 30
Epoch 00031, Step00000 | Train_Loss: 0.3913 | Time: 0.2335
Epoch 00031 | Val_Loss 1.1827 | Time(s) 0.2275
EarlyStopping counter: 25 out of 30
Epoch 00032, Step00000 | Train_Loss: 0.3802 | Time: 0.2984
Epoch 00032 | Val_Loss 1.2856 | Time(s) 0.2261
EarlyStopping counter: 26 out of 30
Epoch 00033, Step00000 | Train_Loss: 0.3687 | Time: 0.3127
Epoch 00033 | Val_Loss 1.1673 | Time(s) 0.2270
EarlyStopping counter: 27 out of 30
Epoch 00034, Step00000 | Train_Loss: 0.3476 | Time: 0.3125
Epoch 00034 | Val_Loss 1.1140 | Time(s) 0.2261
EarlyStopping counter: 28 out of 30
Epoch 00035, Step00000 | Train_Loss: 0.3406 | Time: 0.3008
Epoch 00035 | Val_Loss 1.2567 | Time(s) 0.2305
EarlyStopping counter: 29 out of 30
Epoch 00036, Step00000 | Train_Loss: 0.3189 | Time: 0.2982
Epoch 00036 | Val_Loss 1.2328 | Time(s) 0.2287
EarlyStopping counter: 30 out of 30
Early stopping!
Early stopping!
defaultdict(<class 'float'>, {'roc_auc': 0.4298072170044488, 'MRR': 0.6918095238095239})
defaultdict(<class 'float'>, {'roc_auc': 0.5571640420874233, 'MRR': 0.7618095238095238})
Completed: amazon_style_cc_fold_2 (rep 3)

--------------------------------------
Running model: HGT
Dataset: amazon_style_cc_fold_3
Repetition: 3
--------------------------------------
Loading nodes from amazon_style_cc_fold_3/node.dat
/home/simonettos/homhetgnn/HGB/LP/benchmark/data/amazon_style_cc_fold_3/node.dat
0 {}
1 {'0': 558}
node_count: {'0': 558, '1': 940}
('1', '5', '0'): src_max=939, dst_max=557
('0', '6', '0'): src_max=557, dst_max=557
('1', '2', '1'): src_max=938, dst_max=938
('0', '3', '0'): src_max=557, dst_max=557
('0', '0', '0'): src_max=557, dst_max=553
('1', '1', '1'): src_max=939, dst_max=928
('1', '4', '1'): src_max=939, dst_max=939
('1', '7', '1'): src_max=939, dst_max=939
('1', '8', '1'): src_max=791, dst_max=812
('1', '9', '1'): src_max=795, dst_max=380
0 0
1 558
5
Epoch 00000, Step00000 | Train_Loss: 1.0252 | Time: 0.6257
Epoch 00000 | Val_Loss 0.7690 | Time(s) 0.1767
Validation loss decreased (inf --> 0.769000).  Saving model ...
Epoch 00001, Step00000 | Train_Loss: 0.9972 | Time: 0.2330
Epoch 00001 | Val_Loss 0.7611 | Time(s) 0.1799
Validation loss decreased (0.769000 --> 0.761068).  Saving model ...
Epoch 00002, Step00000 | Train_Loss: 0.9664 | Time: 0.2260
Epoch 00002 | Val_Loss 0.7088 | Time(s) 0.2173
Validation loss decreased (0.761068 --> 0.708762).  Saving model ...
Epoch 00003, Step00000 | Train_Loss: 0.9367 | Time: 0.2790
Epoch 00003 | Val_Loss 0.8286 | Time(s) 0.2185
EarlyStopping counter: 1 out of 30
Epoch 00004, Step00000 | Train_Loss: 0.9269 | Time: 0.2766
Epoch 00004 | Val_Loss 0.7666 | Time(s) 0.2214
EarlyStopping counter: 2 out of 30
Epoch 00005, Step00000 | Train_Loss: 0.8836 | Time: 0.2724
Epoch 00005 | Val_Loss 0.6887 | Time(s) 0.2202
Validation loss decreased (0.708762 --> 0.688673).  Saving model ...
Epoch 00006, Step00000 | Train_Loss: 0.8243 | Time: 0.2345
Epoch 00006 | Val_Loss 0.7044 | Time(s) 0.1748
EarlyStopping counter: 1 out of 30
Epoch 00007, Step00000 | Train_Loss: 0.7630 | Time: 0.2524
Epoch 00007 | Val_Loss 1.3084 | Time(s) 0.2255
EarlyStopping counter: 2 out of 30
Epoch 00008, Step00000 | Train_Loss: 1.0787 | Time: 0.2906
Epoch 00008 | Val_Loss 1.7046 | Time(s) 0.2239
EarlyStopping counter: 3 out of 30
Epoch 00009, Step00000 | Train_Loss: 1.3977 | Time: 0.2745
Epoch 00009 | Val_Loss 0.7868 | Time(s) 0.2152
EarlyStopping counter: 4 out of 30
Epoch 00010, Step00000 | Train_Loss: 0.7239 | Time: 0.2851
Epoch 00010 | Val_Loss 0.9012 | Time(s) 0.2153
EarlyStopping counter: 5 out of 30
Epoch 00011, Step00000 | Train_Loss: 0.7881 | Time: 0.2788
Epoch 00011 | Val_Loss 1.5063 | Time(s) 0.2235
EarlyStopping counter: 6 out of 30
Epoch 00012, Step00000 | Train_Loss: 1.2044 | Time: 0.2872
Epoch 00012 | Val_Loss 0.8355 | Time(s) 0.2255
EarlyStopping counter: 7 out of 30
Epoch 00013, Step00000 | Train_Loss: 0.6915 | Time: 0.2817
Epoch 00013 | Val_Loss 0.8792 | Time(s) 0.2229
EarlyStopping counter: 8 out of 30
Epoch 00014, Step00000 | Train_Loss: 0.6360 | Time: 0.2798
Epoch 00014 | Val_Loss 1.4054 | Time(s) 0.2262
EarlyStopping counter: 9 out of 30
Epoch 00015, Step00000 | Train_Loss: 0.8002 | Time: 0.2810
Epoch 00015 | Val_Loss 0.9820 | Time(s) 0.2237
EarlyStopping counter: 10 out of 30
Epoch 00016, Step00000 | Train_Loss: 0.5272 | Time: 0.2786
Epoch 00016 | Val_Loss 1.0703 | Time(s) 0.2237
EarlyStopping counter: 11 out of 30
Epoch 00017, Step00000 | Train_Loss: 0.6273 | Time: 0.2804
Epoch 00017 | Val_Loss 1.4038 | Time(s) 0.2239
EarlyStopping counter: 12 out of 30
Epoch 00018, Step00000 | Train_Loss: 0.5988 | Time: 0.2819
Epoch 00018 | Val_Loss 1.2584 | Time(s) 0.2221
EarlyStopping counter: 13 out of 30
Epoch 00019, Step00000 | Train_Loss: 0.5090 | Time: 0.2814
Epoch 00019 | Val_Loss 1.0722 | Time(s) 0.2255
EarlyStopping counter: 14 out of 30
Epoch 00020, Step00000 | Train_Loss: 0.5580 | Time: 0.2808
Epoch 00020 | Val_Loss 1.0254 | Time(s) 0.2067
EarlyStopping counter: 15 out of 30
Epoch 00021, Step00000 | Train_Loss: 0.4707 | Time: 0.2489
Epoch 00021 | Val_Loss 1.1936 | Time(s) 0.1894
EarlyStopping counter: 16 out of 30
Epoch 00022, Step00000 | Train_Loss: 0.5247 | Time: 0.2916
Epoch 00022 | Val_Loss 1.1033 | Time(s) 0.2287
EarlyStopping counter: 17 out of 30
Epoch 00023, Step00000 | Train_Loss: 0.4609 | Time: 0.2851
Epoch 00023 | Val_Loss 0.9758 | Time(s) 0.2215
EarlyStopping counter: 18 out of 30
Epoch 00024, Step00000 | Train_Loss: 0.4797 | Time: 0.2831
Epoch 00024 | Val_Loss 0.9367 | Time(s) 0.2207
EarlyStopping counter: 19 out of 30
Epoch 00025, Step00000 | Train_Loss: 0.4489 | Time: 0.2848
Epoch 00025 | Val_Loss 0.8785 | Time(s) 0.2249
EarlyStopping counter: 20 out of 30
Epoch 00026, Step00000 | Train_Loss: 0.4502 | Time: 0.2851
Epoch 00026 | Val_Loss 1.0117 | Time(s) 0.2240
EarlyStopping counter: 21 out of 30
Epoch 00027, Step00000 | Train_Loss: 0.4269 | Time: 0.2814
Epoch 00027 | Val_Loss 0.9536 | Time(s) 0.2188
EarlyStopping counter: 22 out of 30
Epoch 00028, Step00000 | Train_Loss: 0.4056 | Time: 0.2794
Epoch 00028 | Val_Loss 1.1371 | Time(s) 0.2187
EarlyStopping counter: 23 out of 30
Epoch 00029, Step00000 | Train_Loss: 0.3973 | Time: 0.2806
Epoch 00029 | Val_Loss 1.0813 | Time(s) 0.2191
EarlyStopping counter: 24 out of 30
Epoch 00030, Step00000 | Train_Loss: 0.3795 | Time: 0.2816
Epoch 00030 | Val_Loss 1.1931 | Time(s) 0.2168
EarlyStopping counter: 25 out of 30
Epoch 00031, Step00000 | Train_Loss: 0.3706 | Time: 0.2809
Epoch 00031 | Val_Loss 1.0070 | Time(s) 0.2233
EarlyStopping counter: 26 out of 30
Epoch 00032, Step00000 | Train_Loss: 0.3425 | Time: 0.2805
Epoch 00032 | Val_Loss 0.9674 | Time(s) 0.2244
EarlyStopping counter: 27 out of 30
Epoch 00033, Step00000 | Train_Loss: 0.3348 | Time: 0.2783
Epoch 00033 | Val_Loss 1.0142 | Time(s) 0.2253
EarlyStopping counter: 28 out of 30
Epoch 00034, Step00000 | Train_Loss: 0.3224 | Time: 0.2817
Epoch 00034 | Val_Loss 1.4001 | Time(s) 0.1847
EarlyStopping counter: 29 out of 30
Epoch 00035, Step00000 | Train_Loss: 0.2938 | Time: 0.2373
Epoch 00035 | Val_Loss 1.3453 | Time(s) 0.1959
EarlyStopping counter: 30 out of 30
Early stopping!
Early stopping!
defaultdict(<class 'float'>, {'roc_auc': 0.5078922193877551, 'MRR': 0.7606516290726816})
defaultdict(<class 'float'>, {'roc_auc': 0.6038145727040816, 'MRR': 0.8182957393483709})
Completed: amazon_style_cc_fold_3 (rep 3)

--------------------------------------
Running model: HGT
Dataset: amazon_style_cc_fold_4
Repetition: 3
--------------------------------------
Loading nodes from amazon_style_cc_fold_4/node.dat
/home/simonettos/homhetgnn/HGB/LP/benchmark/data/amazon_style_cc_fold_4/node.dat
0 {}
1 {'0': 558}
node_count: {'0': 558, '1': 940}
('1', '5', '0'): src_max=939, dst_max=557
('0', '6', '0'): src_max=557, dst_max=556
('1', '2', '1'): src_max=938, dst_max=938
('0', '3', '0'): src_max=557, dst_max=557
('0', '0', '0'): src_max=557, dst_max=553
('1', '1', '1'): src_max=939, dst_max=928
('1', '4', '1'): src_max=939, dst_max=939
('1', '7', '1'): src_max=939, dst_max=939
('1', '8', '1'): src_max=791, dst_max=812
('1', '9', '1'): src_max=795, dst_max=380
0 0
1 558
5
Epoch 00000, Step00000 | Train_Loss: 1.0844 | Time: 0.6376
Epoch 00000 | Val_Loss 0.7271 | Time(s) 0.1199
Validation loss decreased (inf --> 0.727112).  Saving model ...
Epoch 00001, Step00000 | Train_Loss: 1.0009 | Time: 0.1722
Epoch 00001 | Val_Loss 0.8405 | Time(s) 0.1198
EarlyStopping counter: 1 out of 30
Epoch 00002, Step00000 | Train_Loss: 1.0551 | Time: 0.2057
Epoch 00002 | Val_Loss 0.7034 | Time(s) 0.1865
Validation loss decreased (0.727112 --> 0.703418).  Saving model ...
Epoch 00003, Step00000 | Train_Loss: 0.9379 | Time: 0.2285
Epoch 00003 | Val_Loss 0.7799 | Time(s) 0.1811
EarlyStopping counter: 1 out of 30
Epoch 00004, Step00000 | Train_Loss: 0.8973 | Time: 0.2302
Epoch 00004 | Val_Loss 0.7133 | Time(s) 0.1752
EarlyStopping counter: 2 out of 30
Epoch 00005, Step00000 | Train_Loss: 0.8405 | Time: 0.2169
Epoch 00005 | Val_Loss 0.9402 | Time(s) 0.1763
EarlyStopping counter: 3 out of 30
Epoch 00006, Step00000 | Train_Loss: 0.9211 | Time: 0.2312
Epoch 00006 | Val_Loss 0.8866 | Time(s) 0.1740
EarlyStopping counter: 4 out of 30
Epoch 00007, Step00000 | Train_Loss: 0.8541 | Time: 0.2280
Epoch 00007 | Val_Loss 0.7150 | Time(s) 0.1782
EarlyStopping counter: 5 out of 30
Epoch 00008, Step00000 | Train_Loss: 0.7308 | Time: 0.2240
Epoch 00008 | Val_Loss 0.7259 | Time(s) 0.1784
EarlyStopping counter: 6 out of 30
Epoch 00009, Step00000 | Train_Loss: 0.6864 | Time: 0.2265
Epoch 00009 | Val_Loss 1.0477 | Time(s) 0.1807
EarlyStopping counter: 7 out of 30
Epoch 00010, Step00000 | Train_Loss: 0.8053 | Time: 0.2240
Epoch 00010 | Val_Loss 2.1765 | Time(s) 0.1740
EarlyStopping counter: 8 out of 30
Epoch 00011, Step00000 | Train_Loss: 1.6893 | Time: 0.2292
Epoch 00011 | Val_Loss 1.4218 | Time(s) 0.1742
EarlyStopping counter: 9 out of 30
Epoch 00012, Step00000 | Train_Loss: 0.9643 | Time: 0.2288
Epoch 00012 | Val_Loss 0.9492 | Time(s) 0.1812
EarlyStopping counter: 10 out of 30
Epoch 00013, Step00000 | Train_Loss: 0.5581 | Time: 0.2252
Epoch 00013 | Val_Loss 1.3220 | Time(s) 0.1850
EarlyStopping counter: 11 out of 30
Epoch 00014, Step00000 | Train_Loss: 0.7014 | Time: 0.2220
Epoch 00014 | Val_Loss 1.1854 | Time(s) 0.1766
EarlyStopping counter: 12 out of 30
Epoch 00015, Step00000 | Train_Loss: 0.6493 | Time: 0.2623
Epoch 00015 | Val_Loss 1.1481 | Time(s) 0.1773
EarlyStopping counter: 13 out of 30
Epoch 00016, Step00000 | Train_Loss: 0.5223 | Time: 0.2546
Epoch 00016 | Val_Loss 1.2684 | Time(s) 0.1835
EarlyStopping counter: 14 out of 30
Epoch 00017, Step00000 | Train_Loss: 0.5779 | Time: 0.2553
Epoch 00017 | Val_Loss 1.2789 | Time(s) 0.1761
EarlyStopping counter: 15 out of 30
Epoch 00018, Step00000 | Train_Loss: 0.5077 | Time: 0.2569
Epoch 00018 | Val_Loss 1.3238 | Time(s) 0.1772
EarlyStopping counter: 16 out of 30
Epoch 00019, Step00000 | Train_Loss: 0.5177 | Time: 0.2590
Epoch 00019 | Val_Loss 1.0918 | Time(s) 0.1788
EarlyStopping counter: 17 out of 30
Epoch 00020, Step00000 | Train_Loss: 0.4950 | Time: 0.2328
Epoch 00020 | Val_Loss 1.1781 | Time(s) 0.1186
EarlyStopping counter: 18 out of 30
Epoch 00021, Step00000 | Train_Loss: 0.5054 | Time: 0.1936
Epoch 00021 | Val_Loss 1.1484 | Time(s) 0.1668
EarlyStopping counter: 19 out of 30
Epoch 00022, Step00000 | Train_Loss: 0.4750 | Time: 0.2592
Epoch 00022 | Val_Loss 0.9266 | Time(s) 0.1746
EarlyStopping counter: 20 out of 30
Epoch 00023, Step00000 | Train_Loss: 0.4654 | Time: 0.2610
Epoch 00023 | Val_Loss 1.0020 | Time(s) 0.1783
EarlyStopping counter: 21 out of 30
Epoch 00024, Step00000 | Train_Loss: 0.4667 | Time: 0.2490
Epoch 00024 | Val_Loss 1.1398 | Time(s) 0.1597
EarlyStopping counter: 22 out of 30
Epoch 00025, Step00000 | Train_Loss: 0.4481 | Time: 0.2549
Epoch 00025 | Val_Loss 1.0376 | Time(s) 0.1786
EarlyStopping counter: 23 out of 30
Epoch 00026, Step00000 | Train_Loss: 0.4472 | Time: 0.2604
Epoch 00026 | Val_Loss 1.1472 | Time(s) 0.1801
EarlyStopping counter: 24 out of 30
Epoch 00027, Step00000 | Train_Loss: 0.4138 | Time: 0.2544
Epoch 00027 | Val_Loss 1.0461 | Time(s) 0.1799
EarlyStopping counter: 25 out of 30
Epoch 00028, Step00000 | Train_Loss: 0.4120 | Time: 0.2556
Epoch 00028 | Val_Loss 1.2835 | Time(s) 0.1779
EarlyStopping counter: 26 out of 30
Epoch 00029, Step00000 | Train_Loss: 0.4030 | Time: 0.2609
Epoch 00029 | Val_Loss 1.1637 | Time(s) 0.1741
EarlyStopping counter: 27 out of 30
Epoch 00030, Step00000 | Train_Loss: 0.3855 | Time: 0.2539
Epoch 00030 | Val_Loss 1.2634 | Time(s) 0.1810
EarlyStopping counter: 28 out of 30
Epoch 00031, Step00000 | Train_Loss: 0.3643 | Time: 0.2483
Epoch 00031 | Val_Loss 1.2564 | Time(s) 0.1819
EarlyStopping counter: 29 out of 30
Epoch 00032, Step00000 | Train_Loss: 0.3605 | Time: 0.2698
Epoch 00032 | Val_Loss 1.1207 | Time(s) 0.1845
EarlyStopping counter: 30 out of 30
Early stopping!
Early stopping!
defaultdict(<class 'float'>, {'roc_auc': 0.44737283867718647, 'MRR': 0.7607777777777778})
defaultdict(<class 'float'>, {'roc_auc': 0.506357985122464, 'MRR': 0.7746666666666666})
Completed: amazon_style_cc_fold_4 (rep 3)

--------------------------------------
Running model: HGT
Dataset: amazon_style_cc_fold_5
Repetition: 3
--------------------------------------
Loading nodes from amazon_style_cc_fold_5/node.dat
/home/simonettos/homhetgnn/HGB/LP/benchmark/data/amazon_style_cc_fold_5/node.dat
0 {}
1 {'0': 558}
node_count: {'0': 558, '1': 940}
('1', '5', '0'): src_max=939, dst_max=556
('0', '6', '0'): src_max=557, dst_max=557
('1', '2', '1'): src_max=938, dst_max=938
('0', '3', '0'): src_max=557, dst_max=557
('0', '0', '0'): src_max=557, dst_max=553
('1', '1', '1'): src_max=939, dst_max=928
('1', '4', '1'): src_max=939, dst_max=939
('1', '7', '1'): src_max=939, dst_max=939
('1', '8', '1'): src_max=791, dst_max=812
('1', '9', '1'): src_max=795, dst_max=380
0 0
1 558
5
Epoch 00000, Step00000 | Train_Loss: 1.0138 | Time: 0.8793
Epoch 00000 | Val_Loss 0.6854 | Time(s) 0.2309
Validation loss decreased (inf --> 0.685368).  Saving model ...
Epoch 00001, Step00000 | Train_Loss: 0.9639 | Time: 0.3095
Epoch 00001 | Val_Loss 0.6890 | Time(s) 0.2246
EarlyStopping counter: 1 out of 30
Epoch 00002, Step00000 | Train_Loss: 0.9922 | Time: 0.3125
Epoch 00002 | Val_Loss 0.6933 | Time(s) 0.2261
EarlyStopping counter: 2 out of 30
Epoch 00003, Step00000 | Train_Loss: 0.9225 | Time: 0.3153
Epoch 00003 | Val_Loss 0.6544 | Time(s) 0.2261
Validation loss decreased (0.685368 --> 0.654429).  Saving model ...
Epoch 00004, Step00000 | Train_Loss: 0.8496 | Time: 0.3113
Epoch 00004 | Val_Loss 0.7947 | Time(s) 0.1912
EarlyStopping counter: 1 out of 30
Epoch 00005, Step00000 | Train_Loss: 0.8904 | Time: 0.2681
Epoch 00005 | Val_Loss 1.4995 | Time(s) 0.2219
EarlyStopping counter: 2 out of 30
Epoch 00006, Step00000 | Train_Loss: 1.2737 | Time: 0.3134
Epoch 00006 | Val_Loss 0.8473 | Time(s) 0.2226
EarlyStopping counter: 3 out of 30
Epoch 00007, Step00000 | Train_Loss: 0.8524 | Time: 0.3034
Epoch 00007 | Val_Loss 0.8721 | Time(s) 0.2210
EarlyStopping counter: 4 out of 30
Epoch 00008, Step00000 | Train_Loss: 0.8329 | Time: 0.2952
Epoch 00008 | Val_Loss 1.3195 | Time(s) 0.2221
EarlyStopping counter: 5 out of 30
Epoch 00009, Step00000 | Train_Loss: 1.1301 | Time: 0.3171
Epoch 00009 | Val_Loss 0.6796 | Time(s) 0.2220
EarlyStopping counter: 6 out of 30
Epoch 00010, Step00000 | Train_Loss: 0.6826 | Time: 0.3062
Epoch 00010 | Val_Loss 0.8337 | Time(s) 0.2222
EarlyStopping counter: 7 out of 30
Epoch 00011, Step00000 | Train_Loss: 0.7330 | Time: 0.3036
Epoch 00011 | Val_Loss 1.0879 | Time(s) 0.2208
EarlyStopping counter: 8 out of 30
Epoch 00012, Step00000 | Train_Loss: 0.9316 | Time: 0.2979
Epoch 00012 | Val_Loss 0.9190 | Time(s) 0.2277
EarlyStopping counter: 9 out of 30
Epoch 00013, Step00000 | Train_Loss: 0.7241 | Time: 0.2985
Epoch 00013 | Val_Loss 0.7666 | Time(s) 0.2211
EarlyStopping counter: 10 out of 30
Epoch 00014, Step00000 | Train_Loss: 0.5538 | Time: 0.3054
Epoch 00014 | Val_Loss 1.1026 | Time(s) 0.2196
EarlyStopping counter: 11 out of 30
Epoch 00015, Step00000 | Train_Loss: 0.6221 | Time: 0.2981
Epoch 00015 | Val_Loss 1.0485 | Time(s) 0.2195
EarlyStopping counter: 12 out of 30
Epoch 00016, Step00000 | Train_Loss: 0.6472 | Time: 0.3027
Epoch 00016 | Val_Loss 0.9582 | Time(s) 0.2204
EarlyStopping counter: 13 out of 30
Epoch 00017, Step00000 | Train_Loss: 0.5213 | Time: 0.3005
Epoch 00017 | Val_Loss 1.0934 | Time(s) 0.2221
EarlyStopping counter: 14 out of 30
Epoch 00018, Step00000 | Train_Loss: 0.5570 | Time: 0.3037
Epoch 00018 | Val_Loss 1.0444 | Time(s) 0.2192
EarlyStopping counter: 15 out of 30
Epoch 00019, Step00000 | Train_Loss: 0.5462 | Time: 0.3036
Epoch 00019 | Val_Loss 0.8938 | Time(s) 0.2070
EarlyStopping counter: 16 out of 30
Epoch 00020, Step00000 | Train_Loss: 0.4744 | Time: 0.2626
Epoch 00020 | Val_Loss 1.0520 | Time(s) 0.2024
EarlyStopping counter: 17 out of 30
Epoch 00021, Step00000 | Train_Loss: 0.5354 | Time: 0.3168
Epoch 00021 | Val_Loss 1.0311 | Time(s) 0.2281
EarlyStopping counter: 18 out of 30
Epoch 00022, Step00000 | Train_Loss: 0.4766 | Time: 0.3096
Epoch 00022 | Val_Loss 0.8821 | Time(s) 0.2284
EarlyStopping counter: 19 out of 30
Epoch 00023, Step00000 | Train_Loss: 0.4786 | Time: 0.3126
Epoch 00023 | Val_Loss 0.8412 | Time(s) 0.2277
EarlyStopping counter: 20 out of 30
Epoch 00024, Step00000 | Train_Loss: 0.4684 | Time: 0.3124
Epoch 00024 | Val_Loss 0.9362 | Time(s) 0.2238
EarlyStopping counter: 21 out of 30
Epoch 00025, Step00000 | Train_Loss: 0.4703 | Time: 0.3020
Epoch 00025 | Val_Loss 0.8822 | Time(s) 0.2238
EarlyStopping counter: 22 out of 30
Epoch 00026, Step00000 | Train_Loss: 0.4522 | Time: 0.3092
Epoch 00026 | Val_Loss 0.9346 | Time(s) 0.2259
EarlyStopping counter: 23 out of 30
Epoch 00027, Step00000 | Train_Loss: 0.4462 | Time: 0.3127
Epoch 00027 | Val_Loss 1.0504 | Time(s) 0.2042
EarlyStopping counter: 24 out of 30
Epoch 00028, Step00000 | Train_Loss: 0.4475 | Time: 0.2575
Epoch 00028 | Val_Loss 0.8534 | Time(s) 0.2073
EarlyStopping counter: 25 out of 30
Epoch 00029, Step00000 | Train_Loss: 0.4176 | Time: 0.2997
Epoch 00029 | Val_Loss 1.0743 | Time(s) 0.2197
EarlyStopping counter: 26 out of 30
Epoch 00030, Step00000 | Train_Loss: 0.4244 | Time: 0.2984
Epoch 00030 | Val_Loss 0.9533 | Time(s) 0.2191
EarlyStopping counter: 27 out of 30
Epoch 00031, Step00000 | Train_Loss: 0.3762 | Time: 0.2965
Epoch 00031 | Val_Loss 1.1060 | Time(s) 0.2208
EarlyStopping counter: 28 out of 30
Epoch 00032, Step00000 | Train_Loss: 0.3818 | Time: 0.3056
Epoch 00032 | Val_Loss 1.0216 | Time(s) 0.2197
EarlyStopping counter: 29 out of 30
Epoch 00033, Step00000 | Train_Loss: 0.3659 | Time: 0.3019
Epoch 00033 | Val_Loss 1.0996 | Time(s) 0.2221
EarlyStopping counter: 30 out of 30
Early stopping!
Early stopping!
defaultdict(<class 'float'>, {'roc_auc': 0.4805955577251647, 'MRR': 0.7268518518518517})
defaultdict(<class 'float'>, {'roc_auc': 0.5496117491090029, 'MRR': 0.7633101851851851})
Completed: amazon_style_cc_fold_5 (rep 3)

=== Repetition 4/6 ===
--------------------------------------
Running model: HGT
Dataset: amazon_style_cc_fold_1
Repetition: 4
--------------------------------------
Loading nodes from amazon_style_cc_fold_1/node.dat
/home/simonettos/homhetgnn/HGB/LP/benchmark/data/amazon_style_cc_fold_1/node.dat
0 {}
1 {'0': 558}
node_count: {'0': 558, '1': 940}
('1', '4', '1'): src_max=939, dst_max=939
('1', '5', '0'): src_max=939, dst_max=557
('0', '3', '0'): src_max=557, dst_max=557
('0', '6', '0'): src_max=557, dst_max=557
('0', '0', '0'): src_max=557, dst_max=553
('1', '2', '1'): src_max=938, dst_max=938
('1', '7', '1'): src_max=939, dst_max=939
('1', '1', '1'): src_max=939, dst_max=928
('1', '9', '1'): src_max=795, dst_max=380
('1', '8', '1'): src_max=791, dst_max=812
0 0
1 558
5
Epoch 00000, Step00000 | Train_Loss: 1.1147 | Time: 0.9168
Epoch 00000 | Val_Loss 0.7081 | Time(s) 0.2393
Validation loss decreased (inf --> 0.708116).  Saving model ...
Epoch 00001, Step00000 | Train_Loss: 0.9815 | Time: 0.3326
Epoch 00001 | Val_Loss 0.8461 | Time(s) 0.2304
EarlyStopping counter: 1 out of 30
Epoch 00002, Step00000 | Train_Loss: 1.0959 | Time: 0.3297
Epoch 00002 | Val_Loss 0.7381 | Time(s) 0.2366
EarlyStopping counter: 2 out of 30
Epoch 00003, Step00000 | Train_Loss: 0.9736 | Time: 0.3256
Epoch 00003 | Val_Loss 0.7487 | Time(s) 0.2296
EarlyStopping counter: 3 out of 30
Epoch 00004, Step00000 | Train_Loss: 0.9596 | Time: 0.3110
Epoch 00004 | Val_Loss 0.7501 | Time(s) 0.1864
EarlyStopping counter: 4 out of 30
Epoch 00005, Step00000 | Train_Loss: 0.9251 | Time: 0.2655
Epoch 00005 | Val_Loss 0.8418 | Time(s) 0.2220
EarlyStopping counter: 5 out of 30
Epoch 00006, Step00000 | Train_Loss: 0.9273 | Time: 0.3173
Epoch 00006 | Val_Loss 0.8290 | Time(s) 0.2263
EarlyStopping counter: 6 out of 30
Epoch 00007, Step00000 | Train_Loss: 0.8024 | Time: 0.3244
Epoch 00007 | Val_Loss 0.7025 | Time(s) 0.2236
Validation loss decreased (0.708116 --> 0.702517).  Saving model ...
Epoch 00008, Step00000 | Train_Loss: 0.7320 | Time: 0.3150
Epoch 00008 | Val_Loss 0.7378 | Time(s) 0.2277
EarlyStopping counter: 1 out of 30
Epoch 00009, Step00000 | Train_Loss: 0.6959 | Time: 0.3257
Epoch 00009 | Val_Loss 0.7994 | Time(s) 0.2295
EarlyStopping counter: 2 out of 30
Epoch 00010, Step00000 | Train_Loss: 0.6875 | Time: 0.3193
Epoch 00010 | Val_Loss 1.7784 | Time(s) 0.2274
EarlyStopping counter: 3 out of 30
Epoch 00011, Step00000 | Train_Loss: 1.2011 | Time: 0.3166
Epoch 00011 | Val_Loss 2.9213 | Time(s) 0.2316
EarlyStopping counter: 4 out of 30
Epoch 00012, Step00000 | Train_Loss: 2.3960 | Time: 0.3292
Epoch 00012 | Val_Loss 0.9753 | Time(s) 0.2414
EarlyStopping counter: 5 out of 30
Epoch 00013, Step00000 | Train_Loss: 0.6316 | Time: 0.3221
Epoch 00013 | Val_Loss 3.0114 | Time(s) 0.2353
EarlyStopping counter: 6 out of 30
Epoch 00014, Step00000 | Train_Loss: 2.1295 | Time: 0.3313
Epoch 00014 | Val_Loss 1.0555 | Time(s) 0.2299
EarlyStopping counter: 7 out of 30
Epoch 00015, Step00000 | Train_Loss: 0.6153 | Time: 0.3330
Epoch 00015 | Val_Loss 2.3930 | Time(s) 0.2386
EarlyStopping counter: 8 out of 30
Epoch 00016, Step00000 | Train_Loss: 1.8481 | Time: 0.3246
Epoch 00016 | Val_Loss 1.1488 | Time(s) 0.2338
EarlyStopping counter: 9 out of 30
Epoch 00017, Step00000 | Train_Loss: 0.7897 | Time: 0.3229
Epoch 00017 | Val_Loss 2.1529 | Time(s) 0.2314
EarlyStopping counter: 10 out of 30
Epoch 00018, Step00000 | Train_Loss: 1.2638 | Time: 0.3311
Epoch 00018 | Val_Loss 1.7300 | Time(s) 0.2348
EarlyStopping counter: 11 out of 30
Epoch 00019, Step00000 | Train_Loss: 0.8652 | Time: 0.3296
Epoch 00019 | Val_Loss 1.5230 | Time(s) 0.2321
EarlyStopping counter: 12 out of 30
Epoch 00020, Step00000 | Train_Loss: 0.7196 | Time: 0.3059
Epoch 00020 | Val_Loss 1.7497 | Time(s) 0.1924
EarlyStopping counter: 13 out of 30
Epoch 00021, Step00000 | Train_Loss: 0.9649 | Time: 0.3107
Epoch 00021 | Val_Loss 1.2296 | Time(s) 0.2278
EarlyStopping counter: 14 out of 30
Epoch 00022, Step00000 | Train_Loss: 0.5318 | Time: 0.3180
Epoch 00022 | Val_Loss 1.3756 | Time(s) 0.2282
EarlyStopping counter: 15 out of 30
Epoch 00023, Step00000 | Train_Loss: 0.6562 | Time: 0.3204
Epoch 00023 | Val_Loss 1.4077 | Time(s) 0.2309
EarlyStopping counter: 16 out of 30
Epoch 00024, Step00000 | Train_Loss: 0.6777 | Time: 0.3160
Epoch 00024 | Val_Loss 1.0379 | Time(s) 0.2288
EarlyStopping counter: 17 out of 30
Epoch 00025, Step00000 | Train_Loss: 0.4725 | Time: 0.3229
Epoch 00025 | Val_Loss 1.1556 | Time(s) 0.2264
EarlyStopping counter: 18 out of 30
Epoch 00026, Step00000 | Train_Loss: 0.5252 | Time: 0.3120
Epoch 00026 | Val_Loss 1.2271 | Time(s) 0.2284
EarlyStopping counter: 19 out of 30
Epoch 00027, Step00000 | Train_Loss: 0.5680 | Time: 0.3151
Epoch 00027 | Val_Loss 1.1849 | Time(s) 0.2269
EarlyStopping counter: 20 out of 30
Epoch 00028, Step00000 | Train_Loss: 0.4651 | Time: 0.3151
Epoch 00028 | Val_Loss 1.3680 | Time(s) 0.2270
EarlyStopping counter: 21 out of 30
Epoch 00029, Step00000 | Train_Loss: 0.4491 | Time: 0.3221
Epoch 00029 | Val_Loss 1.4030 | Time(s) 0.2263
EarlyStopping counter: 22 out of 30
Epoch 00030, Step00000 | Train_Loss: 0.4818 | Time: 0.3156
Epoch 00030 | Val_Loss 1.2670 | Time(s) 0.2280
EarlyStopping counter: 23 out of 30
Epoch 00031, Step00000 | Train_Loss: 0.4310 | Time: 0.3180
Epoch 00031 | Val_Loss 1.0763 | Time(s) 0.2240
EarlyStopping counter: 24 out of 30
Epoch 00032, Step00000 | Train_Loss: 0.3942 | Time: 0.3116
Epoch 00032 | Val_Loss 1.0868 | Time(s) 0.2222
EarlyStopping counter: 25 out of 30
Epoch 00033, Step00000 | Train_Loss: 0.4084 | Time: 0.3133
Epoch 00033 | Val_Loss 1.0319 | Time(s) 0.2249
EarlyStopping counter: 26 out of 30
Epoch 00034, Step00000 | Train_Loss: 0.4023 | Time: 0.3091
Epoch 00034 | Val_Loss 0.9629 | Time(s) 0.2274
EarlyStopping counter: 27 out of 30
Epoch 00035, Step00000 | Train_Loss: 0.3773 | Time: 0.3125
Epoch 00035 | Val_Loss 1.1284 | Time(s) 0.2257
EarlyStopping counter: 28 out of 30
Epoch 00036, Step00000 | Train_Loss: 0.3600 | Time: 0.2605
Epoch 00036 | Val_Loss 1.2274 | Time(s) 0.1780
EarlyStopping counter: 29 out of 30
Epoch 00037, Step00000 | Train_Loss: 0.3318 | Time: 0.3027
Epoch 00037 | Val_Loss 1.3837 | Time(s) 0.2225
EarlyStopping counter: 30 out of 30
Early stopping!
Early stopping!
defaultdict(<class 'float'>, {'roc_auc': 0.47255291005291006, 'MRR': 0.733030303030303})
defaultdict(<class 'float'>, {'roc_auc': 0.6001984126984128, 'MRR': 0.8241666666666666})
Completed: amazon_style_cc_fold_1 (rep 4)

--------------------------------------
Running model: HGT
Dataset: amazon_style_cc_fold_2
Repetition: 4
--------------------------------------
Loading nodes from amazon_style_cc_fold_2/node.dat
/home/simonettos/homhetgnn/HGB/LP/benchmark/data/amazon_style_cc_fold_2/node.dat
0 {}
1 {'0': 558}
node_count: {'0': 558, '1': 940}
('1', '5', '0'): src_max=939, dst_max=557
('0', '6', '0'): src_max=557, dst_max=557
('1', '2', '1'): src_max=938, dst_max=938
('0', '3', '0'): src_max=557, dst_max=557
('0', '0', '0'): src_max=557, dst_max=553
('1', '1', '1'): src_max=939, dst_max=928
('1', '4', '1'): src_max=939, dst_max=939
('1', '7', '1'): src_max=939, dst_max=939
('1', '8', '1'): src_max=791, dst_max=812
('1', '9', '1'): src_max=795, dst_max=380
0 0
1 558
5
Epoch 00000, Step00000 | Train_Loss: 0.9968 | Time: 0.6349
Epoch 00000 | Val_Loss 0.7451 | Time(s) 0.1736
Validation loss decreased (inf --> 0.745084).  Saving model ...
Epoch 00001, Step00000 | Train_Loss: 1.0043 | Time: 0.2292
Epoch 00001 | Val_Loss 0.7349 | Time(s) 0.1770
Validation loss decreased (0.745084 --> 0.734911).  Saving model ...
Epoch 00002, Step00000 | Train_Loss: 0.9431 | Time: 0.2220
Epoch 00002 | Val_Loss 0.6984 | Time(s) 0.1751
Validation loss decreased (0.734911 --> 0.698408).  Saving model ...
Epoch 00003, Step00000 | Train_Loss: 0.8956 | Time: 0.2258
Epoch 00003 | Val_Loss 0.7166 | Time(s) 0.1765
EarlyStopping counter: 1 out of 30
Epoch 00004, Step00000 | Train_Loss: 0.8912 | Time: 0.2288
Epoch 00004 | Val_Loss 0.7230 | Time(s) 0.1765
EarlyStopping counter: 2 out of 30
Epoch 00005, Step00000 | Train_Loss: 0.8540 | Time: 0.1763
Epoch 00005 | Val_Loss 0.7284 | Time(s) 0.1213
EarlyStopping counter: 3 out of 30
Epoch 00006, Step00000 | Train_Loss: 0.7854 | Time: 0.1721
Epoch 00006 | Val_Loss 0.7205 | Time(s) 0.1592
EarlyStopping counter: 4 out of 30
Epoch 00007, Step00000 | Train_Loss: 0.7452 | Time: 0.2337
Epoch 00007 | Val_Loss 0.8005 | Time(s) 0.1816
EarlyStopping counter: 5 out of 30
Epoch 00008, Step00000 | Train_Loss: 0.7498 | Time: 0.2299
Epoch 00008 | Val_Loss 2.2131 | Time(s) 0.1785
EarlyStopping counter: 6 out of 30
Epoch 00009, Step00000 | Train_Loss: 1.6837 | Time: 0.2286
Epoch 00009 | Val_Loss 1.7649 | Time(s) 0.1774
EarlyStopping counter: 7 out of 30
Epoch 00010, Step00000 | Train_Loss: 1.4647 | Time: 0.2203
Epoch 00010 | Val_Loss 0.8023 | Time(s) 0.1819
EarlyStopping counter: 8 out of 30
Epoch 00011, Step00000 | Train_Loss: 0.6448 | Time: 0.2266
Epoch 00011 | Val_Loss 2.0736 | Time(s) 0.1742
EarlyStopping counter: 9 out of 30
Epoch 00012, Step00000 | Train_Loss: 1.3679 | Time: 0.2400
Epoch 00012 | Val_Loss 0.9682 | Time(s) 0.1800
EarlyStopping counter: 10 out of 30
Epoch 00013, Step00000 | Train_Loss: 0.5886 | Time: 0.2240
Epoch 00013 | Val_Loss 1.3891 | Time(s) 0.1794
EarlyStopping counter: 11 out of 30
Epoch 00014, Step00000 | Train_Loss: 0.8781 | Time: 0.2294
Epoch 00014 | Val_Loss 1.1556 | Time(s) 0.1797
EarlyStopping counter: 12 out of 30
Epoch 00015, Step00000 | Train_Loss: 0.6506 | Time: 0.2281
Epoch 00015 | Val_Loss 1.2960 | Time(s) 0.1749
EarlyStopping counter: 13 out of 30
Epoch 00016, Step00000 | Train_Loss: 0.5989 | Time: 0.2296
Epoch 00016 | Val_Loss 1.2976 | Time(s) 0.1796
EarlyStopping counter: 14 out of 30
Epoch 00017, Step00000 | Train_Loss: 0.6237 | Time: 0.2262
Epoch 00017 | Val_Loss 1.3186 | Time(s) 0.1793
EarlyStopping counter: 15 out of 30
Epoch 00018, Step00000 | Train_Loss: 0.5291 | Time: 0.2288
Epoch 00018 | Val_Loss 1.4063 | Time(s) 0.1791
EarlyStopping counter: 16 out of 30
Epoch 00019, Step00000 | Train_Loss: 0.5394 | Time: 0.2313
Epoch 00019 | Val_Loss 1.2839 | Time(s) 0.1719
EarlyStopping counter: 17 out of 30
Epoch 00020, Step00000 | Train_Loss: 0.5061 | Time: 0.2335
Epoch 00020 | Val_Loss 1.2317 | Time(s) 0.1740
EarlyStopping counter: 18 out of 30
Epoch 00021, Step00000 | Train_Loss: 0.4804 | Time: 0.2285
Epoch 00021 | Val_Loss 1.4221 | Time(s) 0.1801
EarlyStopping counter: 19 out of 30
Epoch 00022, Step00000 | Train_Loss: 0.4978 | Time: 0.2267
Epoch 00022 | Val_Loss 1.3166 | Time(s) 0.1797
EarlyStopping counter: 20 out of 30
Epoch 00023, Step00000 | Train_Loss: 0.4877 | Time: 0.2313
Epoch 00023 | Val_Loss 1.3098 | Time(s) 0.1799
EarlyStopping counter: 21 out of 30
Epoch 00024, Step00000 | Train_Loss: 0.4763 | Time: 0.2283
Epoch 00024 | Val_Loss 1.2449 | Time(s) 0.1786
EarlyStopping counter: 22 out of 30
Epoch 00025, Step00000 | Train_Loss: 0.4461 | Time: 0.2312
Epoch 00025 | Val_Loss 1.1040 | Time(s) 0.1790
EarlyStopping counter: 23 out of 30
Epoch 00026, Step00000 | Train_Loss: 0.4475 | Time: 0.2300
Epoch 00026 | Val_Loss 1.1685 | Time(s) 0.1758
EarlyStopping counter: 24 out of 30
Epoch 00027, Step00000 | Train_Loss: 0.4391 | Time: 0.1699
Epoch 00027 | Val_Loss 1.1037 | Time(s) 0.1224
EarlyStopping counter: 25 out of 30
Epoch 00028, Step00000 | Train_Loss: 0.4301 | Time: 0.1732
Epoch 00028 | Val_Loss 1.1889 | Time(s) 0.1925
EarlyStopping counter: 26 out of 30
Epoch 00029, Step00000 | Train_Loss: 0.4215 | Time: 0.2408
Epoch 00029 | Val_Loss 1.4337 | Time(s) 0.1916
EarlyStopping counter: 27 out of 30
Epoch 00030, Step00000 | Train_Loss: 0.3971 | Time: 0.2144
Epoch 00030 | Val_Loss 1.2913 | Time(s) 0.1800
EarlyStopping counter: 28 out of 30
Epoch 00031, Step00000 | Train_Loss: 0.3915 | Time: 0.2291
Epoch 00031 | Val_Loss 1.3268 | Time(s) 0.1796
EarlyStopping counter: 29 out of 30
Epoch 00032, Step00000 | Train_Loss: 0.3912 | Time: 0.2285
Epoch 00032 | Val_Loss 1.5079 | Time(s) 0.1801
EarlyStopping counter: 30 out of 30
Early stopping!
Early stopping!
defaultdict(<class 'float'>, {'roc_auc': 0.422286561683497, 'MRR': 0.6838666666666667})
defaultdict(<class 'float'>, {'roc_auc': 0.49579831932773105, 'MRR': 0.7506666666666666})
Completed: amazon_style_cc_fold_2 (rep 4)

--------------------------------------
Running model: HGT
Dataset: amazon_style_cc_fold_3
Repetition: 4
--------------------------------------
Loading nodes from amazon_style_cc_fold_3/node.dat
/home/simonettos/homhetgnn/HGB/LP/benchmark/data/amazon_style_cc_fold_3/node.dat
0 {}
1 {'0': 558}
node_count: {'0': 558, '1': 940}
('1', '5', '0'): src_max=939, dst_max=557
('0', '6', '0'): src_max=557, dst_max=557
('1', '2', '1'): src_max=938, dst_max=938
('0', '3', '0'): src_max=557, dst_max=557
('0', '0', '0'): src_max=557, dst_max=553
('1', '1', '1'): src_max=939, dst_max=928
('1', '4', '1'): src_max=939, dst_max=939
('1', '7', '1'): src_max=939, dst_max=939
('1', '8', '1'): src_max=791, dst_max=812
('1', '9', '1'): src_max=795, dst_max=380
0 0
1 558
5
Epoch 00000, Step00000 | Train_Loss: 1.1063 | Time: 0.8458
Epoch 00000 | Val_Loss 0.7182 | Time(s) 0.2208
Validation loss decreased (inf --> 0.718230).  Saving model ...
Epoch 00001, Step00000 | Train_Loss: 0.9623 | Time: 0.2987
Epoch 00001 | Val_Loss 0.8604 | Time(s) 0.2290
EarlyStopping counter: 1 out of 30
Epoch 00002, Step00000 | Train_Loss: 1.0428 | Time: 0.3121
Epoch 00002 | Val_Loss 0.8770 | Time(s) 0.2217
EarlyStopping counter: 2 out of 30
Epoch 00003, Step00000 | Train_Loss: 0.9942 | Time: 0.2971
Epoch 00003 | Val_Loss 0.7331 | Time(s) 0.2298
EarlyStopping counter: 3 out of 30
Epoch 00004, Step00000 | Train_Loss: 0.8768 | Time: 0.3005
Epoch 00004 | Val_Loss 1.1035 | Time(s) 0.2228
EarlyStopping counter: 4 out of 30
Epoch 00005, Step00000 | Train_Loss: 1.0292 | Time: 0.2902
Epoch 00005 | Val_Loss 0.6950 | Time(s) 0.2219
Validation loss decreased (0.718230 --> 0.694996).  Saving model ...
Epoch 00006, Step00000 | Train_Loss: 0.7747 | Time: 0.2834
Epoch 00006 | Val_Loss 1.2360 | Time(s) 0.2289
EarlyStopping counter: 1 out of 30
Epoch 00007, Step00000 | Train_Loss: 1.0666 | Time: 0.2828
Epoch 00007 | Val_Loss 0.8913 | Time(s) 0.2245
EarlyStopping counter: 2 out of 30
Epoch 00008, Step00000 | Train_Loss: 0.7964 | Time: 0.2822
Epoch 00008 | Val_Loss 0.8656 | Time(s) 0.2200
EarlyStopping counter: 3 out of 30
Epoch 00009, Step00000 | Train_Loss: 0.7177 | Time: 0.2906
Epoch 00009 | Val_Loss 1.2281 | Time(s) 0.2226
EarlyStopping counter: 4 out of 30
Epoch 00010, Step00000 | Train_Loss: 1.0544 | Time: 0.2828
Epoch 00010 | Val_Loss 1.1596 | Time(s) 0.2229
EarlyStopping counter: 5 out of 30
Epoch 00011, Step00000 | Train_Loss: 0.8356 | Time: 0.2875
Epoch 00011 | Val_Loss 0.8565 | Time(s) 0.2310
EarlyStopping counter: 6 out of 30
Epoch 00012, Step00000 | Train_Loss: 0.5843 | Time: 0.2893
Epoch 00012 | Val_Loss 0.9264 | Time(s) 0.2292
EarlyStopping counter: 7 out of 30
Epoch 00013, Step00000 | Train_Loss: 0.6033 | Time: 0.2921
Epoch 00013 | Val_Loss 1.2445 | Time(s) 0.2222
EarlyStopping counter: 8 out of 30
Epoch 00014, Step00000 | Train_Loss: 0.6603 | Time: 0.2544
Epoch 00014 | Val_Loss 1.3453 | Time(s) 0.2294
EarlyStopping counter: 9 out of 30
Epoch 00015, Step00000 | Train_Loss: 0.5405 | Time: 0.2886
Epoch 00015 | Val_Loss 1.3385 | Time(s) 0.2257
EarlyStopping counter: 10 out of 30
Epoch 00016, Step00000 | Train_Loss: 0.5245 | Time: 0.2865
Epoch 00016 | Val_Loss 1.4105 | Time(s) 0.2204
EarlyStopping counter: 11 out of 30
Epoch 00017, Step00000 | Train_Loss: 0.5688 | Time: 0.2871
Epoch 00017 | Val_Loss 1.2362 | Time(s) 0.2202
EarlyStopping counter: 12 out of 30
Epoch 00018, Step00000 | Train_Loss: 0.4807 | Time: 0.2942
Epoch 00018 | Val_Loss 1.3701 | Time(s) 0.2283
EarlyStopping counter: 13 out of 30
Epoch 00019, Step00000 | Train_Loss: 0.5108 | Time: 0.2881
Epoch 00019 | Val_Loss 1.2603 | Time(s) 0.2293
EarlyStopping counter: 14 out of 30
Epoch 00020, Step00000 | Train_Loss: 0.4783 | Time: 0.2910
Epoch 00020 | Val_Loss 1.2555 | Time(s) 0.2274
EarlyStopping counter: 15 out of 30
Epoch 00021, Step00000 | Train_Loss: 0.4717 | Time: 0.2917
Epoch 00021 | Val_Loss 1.0855 | Time(s) 0.2276
EarlyStopping counter: 16 out of 30
Epoch 00022, Step00000 | Train_Loss: 0.4880 | Time: 0.2935
Epoch 00022 | Val_Loss 1.0429 | Time(s) 0.2308
EarlyStopping counter: 17 out of 30
Epoch 00023, Step00000 | Train_Loss: 0.4471 | Time: 0.2887
Epoch 00023 | Val_Loss 1.1109 | Time(s) 0.2287
EarlyStopping counter: 18 out of 30
Epoch 00024, Step00000 | Train_Loss: 0.4621 | Time: 0.2961
Epoch 00024 | Val_Loss 1.1694 | Time(s) 0.2305
EarlyStopping counter: 19 out of 30
Epoch 00025, Step00000 | Train_Loss: 0.4357 | Time: 0.2910
Epoch 00025 | Val_Loss 1.3583 | Time(s) 0.2301
EarlyStopping counter: 20 out of 30
Epoch 00026, Step00000 | Train_Loss: 0.4229 | Time: 0.2924
Epoch 00026 | Val_Loss 1.2826 | Time(s) 0.2272
EarlyStopping counter: 21 out of 30
Epoch 00027, Step00000 | Train_Loss: 0.4060 | Time: 0.2911
Epoch 00027 | Val_Loss 1.3305 | Time(s) 0.2308
EarlyStopping counter: 22 out of 30
Epoch 00028, Step00000 | Train_Loss: 0.3917 | Time: 0.2917
Epoch 00028 | Val_Loss 1.3296 | Time(s) 0.2285
EarlyStopping counter: 23 out of 30
Epoch 00029, Step00000 | Train_Loss: 0.3888 | Time: 0.2836
Epoch 00029 | Val_Loss 1.3164 | Time(s) 0.2275
EarlyStopping counter: 24 out of 30
Epoch 00030, Step00000 | Train_Loss: 0.3639 | Time: 0.3163
Epoch 00030 | Val_Loss 1.3416 | Time(s) 0.2315
EarlyStopping counter: 25 out of 30
Epoch 00031, Step00000 | Train_Loss: 0.3598 | Time: 0.3169
Epoch 00031 | Val_Loss 1.1974 | Time(s) 0.2280
EarlyStopping counter: 26 out of 30
Epoch 00032, Step00000 | Train_Loss: 0.3544 | Time: 0.2879
Epoch 00032 | Val_Loss 1.2375 | Time(s) 0.2247
EarlyStopping counter: 27 out of 30
Epoch 00033, Step00000 | Train_Loss: 0.3497 | Time: 0.2849
Epoch 00033 | Val_Loss 1.5740 | Time(s) 0.2254
EarlyStopping counter: 28 out of 30
Epoch 00034, Step00000 | Train_Loss: 0.3103 | Time: 0.2856
Epoch 00034 | Val_Loss 1.7641 | Time(s) 0.2240
EarlyStopping counter: 29 out of 30
Epoch 00035, Step00000 | Train_Loss: 0.2817 | Time: 0.2863
Epoch 00035 | Val_Loss 1.7510 | Time(s) 0.2234
EarlyStopping counter: 30 out of 30
Early stopping!
Early stopping!
defaultdict(<class 'float'>, {'roc_auc': 0.46597975127551017, 'MRR': 0.7098997493734335})
defaultdict(<class 'float'>, {'roc_auc': 0.5664660395408163, 'MRR': 0.8038847117794485})
Completed: amazon_style_cc_fold_3 (rep 4)

--------------------------------------
Running model: HGT
Dataset: amazon_style_cc_fold_4
Repetition: 4
--------------------------------------
Loading nodes from amazon_style_cc_fold_4/node.dat
/home/simonettos/homhetgnn/HGB/LP/benchmark/data/amazon_style_cc_fold_4/node.dat
0 {}
1 {'0': 558}
node_count: {'0': 558, '1': 940}
('1', '5', '0'): src_max=939, dst_max=557
('0', '6', '0'): src_max=557, dst_max=557
('1', '2', '1'): src_max=938, dst_max=938
('0', '3', '0'): src_max=557, dst_max=557
('0', '0', '0'): src_max=557, dst_max=553
('1', '1', '1'): src_max=939, dst_max=928
('1', '4', '1'): src_max=939, dst_max=939
('1', '7', '1'): src_max=939, dst_max=939
('1', '8', '1'): src_max=791, dst_max=812
('1', '9', '1'): src_max=795, dst_max=380
0 0
1 558
5
Epoch 00000, Step00000 | Train_Loss: 1.0527 | Time: 0.8189
Epoch 00000 | Val_Loss 0.7169 | Time(s) 0.2336
Validation loss decreased (inf --> 0.716944).  Saving model ...
Epoch 00001, Step00000 | Train_Loss: 0.9666 | Time: 0.2911
Epoch 00001 | Val_Loss 0.9329 | Time(s) 0.2282
EarlyStopping counter: 1 out of 30
Epoch 00002, Step00000 | Train_Loss: 1.0747 | Time: 0.2919
Epoch 00002 | Val_Loss 0.7840 | Time(s) 0.2321
EarlyStopping counter: 2 out of 30
Epoch 00003, Step00000 | Train_Loss: 1.0059 | Time: 0.2989
Epoch 00003 | Val_Loss 0.7887 | Time(s) 0.2285
EarlyStopping counter: 3 out of 30
Epoch 00004, Step00000 | Train_Loss: 0.9706 | Time: 0.2887
Epoch 00004 | Val_Loss 0.7339 | Time(s) 0.2305
EarlyStopping counter: 4 out of 30
Epoch 00005, Step00000 | Train_Loss: 0.9031 | Time: 0.2904
Epoch 00005 | Val_Loss 0.7655 | Time(s) 0.2294
EarlyStopping counter: 5 out of 30
Epoch 00006, Step00000 | Train_Loss: 0.8608 | Time: 0.2993
Epoch 00006 | Val_Loss 0.7017 | Time(s) 0.2277
Validation loss decreased (0.716944 --> 0.701750).  Saving model ...
Epoch 00007, Step00000 | Train_Loss: 0.7875 | Time: 0.3097
Epoch 00007 | Val_Loss 0.6568 | Time(s) 0.2324
Validation loss decreased (0.701750 --> 0.656807).  Saving model ...
Epoch 00008, Step00000 | Train_Loss: 0.7417 | Time: 0.3197
Epoch 00008 | Val_Loss 0.9717 | Time(s) 0.2321
EarlyStopping counter: 1 out of 30
Epoch 00009, Step00000 | Train_Loss: 0.8592 | Time: 0.3190
Epoch 00009 | Val_Loss 2.0627 | Time(s) 0.2334
EarlyStopping counter: 2 out of 30
Epoch 00010, Step00000 | Train_Loss: 1.6777 | Time: 0.3079
Epoch 00010 | Val_Loss 1.2556 | Time(s) 0.1741
EarlyStopping counter: 3 out of 30
Epoch 00011, Step00000 | Train_Loss: 0.9879 | Time: 0.2529
Epoch 00011 | Val_Loss 0.7519 | Time(s) 0.2060
EarlyStopping counter: 4 out of 30
Epoch 00012, Step00000 | Train_Loss: 0.6225 | Time: 0.2982
Epoch 00012 | Val_Loss 1.2548 | Time(s) 0.2170
EarlyStopping counter: 5 out of 30
Epoch 00013, Step00000 | Train_Loss: 0.9488 | Time: 0.2922
Epoch 00013 | Val_Loss 1.1317 | Time(s) 0.2208
EarlyStopping counter: 6 out of 30
Epoch 00014, Step00000 | Train_Loss: 0.7728 | Time: 0.2834
Epoch 00014 | Val_Loss 0.8502 | Time(s) 0.2156
EarlyStopping counter: 7 out of 30
Epoch 00015, Step00000 | Train_Loss: 0.5612 | Time: 0.2965
Epoch 00015 | Val_Loss 1.3451 | Time(s) 0.2139
EarlyStopping counter: 8 out of 30
Epoch 00016, Step00000 | Train_Loss: 0.6945 | Time: 0.2917
Epoch 00016 | Val_Loss 1.1368 | Time(s) 0.2169
EarlyStopping counter: 9 out of 30
Epoch 00017, Step00000 | Train_Loss: 0.5836 | Time: 0.2955
Epoch 00017 | Val_Loss 1.0938 | Time(s) 0.2154
EarlyStopping counter: 10 out of 30
Epoch 00018, Step00000 | Train_Loss: 0.5367 | Time: 0.2949
Epoch 00018 | Val_Loss 1.3645 | Time(s) 0.2146
EarlyStopping counter: 11 out of 30
Epoch 00019, Step00000 | Train_Loss: 0.5951 | Time: 0.3021
Epoch 00019 | Val_Loss 1.3196 | Time(s) 0.2159
EarlyStopping counter: 12 out of 30
Epoch 00020, Step00000 | Train_Loss: 0.5124 | Time: 0.2956
Epoch 00020 | Val_Loss 1.2412 | Time(s) 0.2141
EarlyStopping counter: 13 out of 30
Epoch 00021, Step00000 | Train_Loss: 0.5919 | Time: 0.2584
Epoch 00021 | Val_Loss 1.1458 | Time(s) 0.1762
EarlyStopping counter: 14 out of 30
Epoch 00022, Step00000 | Train_Loss: 0.4684 | Time: 0.2601
Epoch 00022 | Val_Loss 1.0104 | Time(s) 0.1806
EarlyStopping counter: 15 out of 30
Epoch 00023, Step00000 | Train_Loss: 0.5450 | Time: 0.2532
Epoch 00023 | Val_Loss 0.8490 | Time(s) 0.1756
EarlyStopping counter: 16 out of 30
Epoch 00024, Step00000 | Train_Loss: 0.4594 | Time: 0.2491
Epoch 00024 | Val_Loss 1.0236 | Time(s) 0.1786
EarlyStopping counter: 17 out of 30
Epoch 00025, Step00000 | Train_Loss: 0.5223 | Time: 0.2545
Epoch 00025 | Val_Loss 1.0874 | Time(s) 0.1809
EarlyStopping counter: 18 out of 30
Epoch 00026, Step00000 | Train_Loss: 0.4459 | Time: 0.2640
Epoch 00026 | Val_Loss 1.0063 | Time(s) 0.1830
EarlyStopping counter: 19 out of 30
Epoch 00027, Step00000 | Train_Loss: 0.4746 | Time: 0.1986
Epoch 00027 | Val_Loss 0.9932 | Time(s) 0.1203
EarlyStopping counter: 20 out of 30
Epoch 00028, Step00000 | Train_Loss: 0.4139 | Time: 0.1961
Epoch 00028 | Val_Loss 0.9647 | Time(s) 0.1342
EarlyStopping counter: 21 out of 30
Epoch 00029, Step00000 | Train_Loss: 0.4493 | Time: 0.2605
Epoch 00029 | Val_Loss 1.0243 | Time(s) 0.1890
EarlyStopping counter: 22 out of 30
Epoch 00030, Step00000 | Train_Loss: 0.4045 | Time: 0.2587
Epoch 00030 | Val_Loss 1.0589 | Time(s) 0.1776
EarlyStopping counter: 23 out of 30
Epoch 00031, Step00000 | Train_Loss: 0.3994 | Time: 0.2735
Epoch 00031 | Val_Loss 0.9158 | Time(s) 0.1905
EarlyStopping counter: 24 out of 30
Epoch 00032, Step00000 | Train_Loss: 0.3835 | Time: 0.2713
Epoch 00032 | Val_Loss 0.8782 | Time(s) 0.1884
EarlyStopping counter: 25 out of 30
Epoch 00033, Step00000 | Train_Loss: 0.3681 | Time: 0.2667
Epoch 00033 | Val_Loss 1.0062 | Time(s) 0.1901
EarlyStopping counter: 26 out of 30
Epoch 00034, Step00000 | Train_Loss: 0.3542 | Time: 0.2701
Epoch 00034 | Val_Loss 0.9445 | Time(s) 0.1886
EarlyStopping counter: 27 out of 30
Epoch 00035, Step00000 | Train_Loss: 0.3379 | Time: 0.2694
Epoch 00035 | Val_Loss 1.0022 | Time(s) 0.1901
EarlyStopping counter: 28 out of 30
Epoch 00036, Step00000 | Train_Loss: 0.3179 | Time: 0.2668
Epoch 00036 | Val_Loss 1.2113 | Time(s) 0.1926
EarlyStopping counter: 29 out of 30
Epoch 00037, Step00000 | Train_Loss: 0.3086 | Time: 0.2609
Epoch 00037 | Val_Loss 1.2695 | Time(s) 0.1825
EarlyStopping counter: 30 out of 30
Early stopping!
Early stopping!
defaultdict(<class 'float'>, {'roc_auc': 0.4785355654920872, 'MRR': 0.7574074074074074})
defaultdict(<class 'float'>, {'roc_auc': 0.6368569341542314, 'MRR': 0.8217777777777777})
Completed: amazon_style_cc_fold_4 (rep 4)

--------------------------------------
Running model: HGT
Dataset: amazon_style_cc_fold_5
Repetition: 4
--------------------------------------
Loading nodes from amazon_style_cc_fold_5/node.dat
/home/simonettos/homhetgnn/HGB/LP/benchmark/data/amazon_style_cc_fold_5/node.dat
0 {}
1 {'0': 558}
node_count: {'0': 558, '1': 940}
('1', '5', '0'): src_max=939, dst_max=556
('0', '6', '0'): src_max=557, dst_max=557
('1', '2', '1'): src_max=938, dst_max=938
('0', '3', '0'): src_max=557, dst_max=557
('0', '0', '0'): src_max=557, dst_max=553
('1', '1', '1'): src_max=939, dst_max=928
('1', '4', '1'): src_max=939, dst_max=939
('1', '7', '1'): src_max=939, dst_max=939
('1', '8', '1'): src_max=791, dst_max=812
('1', '9', '1'): src_max=795, dst_max=380
0 0
1 558
5
Epoch 00000, Step00000 | Train_Loss: 1.2254 | Time: 0.6354
Epoch 00000 | Val_Loss 0.7008 | Time(s) 0.1790
Validation loss decreased (inf --> 0.700754).  Saving model ...
Epoch 00001, Step00000 | Train_Loss: 1.0566 | Time: 0.2260
Epoch 00001 | Val_Loss 0.8896 | Time(s) 0.1744
EarlyStopping counter: 1 out of 30
Epoch 00002, Step00000 | Train_Loss: 1.1060 | Time: 0.2248
Epoch 00002 | Val_Loss 0.9135 | Time(s) 0.1811
EarlyStopping counter: 2 out of 30
Epoch 00003, Step00000 | Train_Loss: 1.1501 | Time: 0.2631
Epoch 00003 | Val_Loss 0.6992 | Time(s) 0.1796
Validation loss decreased (0.700754 --> 0.699246).  Saving model ...
Epoch 00004, Step00000 | Train_Loss: 0.9479 | Time: 0.2628
Epoch 00004 | Val_Loss 0.9947 | Time(s) 0.1787
EarlyStopping counter: 1 out of 30
Epoch 00005, Step00000 | Train_Loss: 1.0110 | Time: 0.2562
Epoch 00005 | Val_Loss 0.7219 | Time(s) 0.1818
EarlyStopping counter: 2 out of 30
Epoch 00006, Step00000 | Train_Loss: 0.8109 | Time: 0.2637
Epoch 00006 | Val_Loss 0.9481 | Time(s) 0.1775
EarlyStopping counter: 3 out of 30
Epoch 00007, Step00000 | Train_Loss: 0.9514 | Time: 0.2596
Epoch 00007 | Val_Loss 0.8055 | Time(s) 0.1816
EarlyStopping counter: 4 out of 30
Epoch 00008, Step00000 | Train_Loss: 0.7746 | Time: 0.2469
Epoch 00008 | Val_Loss 0.7391 | Time(s) 0.1188
EarlyStopping counter: 5 out of 30
Epoch 00009, Step00000 | Train_Loss: 0.6772 | Time: 0.2052
Epoch 00009 | Val_Loss 0.8386 | Time(s) 0.1430
EarlyStopping counter: 6 out of 30
Epoch 00010, Step00000 | Train_Loss: 0.6154 | Time: 0.2627
Epoch 00010 | Val_Loss 1.0623 | Time(s) 0.2277
EarlyStopping counter: 7 out of 30
Epoch 00011, Step00000 | Train_Loss: 0.6389 | Time: 0.3122
Epoch 00011 | Val_Loss 1.5955 | Time(s) 0.2252
EarlyStopping counter: 8 out of 30
Epoch 00012, Step00000 | Train_Loss: 1.1455 | Time: 0.3170
Epoch 00012 | Val_Loss 2.3199 | Time(s) 0.2275
EarlyStopping counter: 9 out of 30
Epoch 00013, Step00000 | Train_Loss: 1.4052 | Time: 0.3164
Epoch 00013 | Val_Loss 1.3493 | Time(s) 0.2246
EarlyStopping counter: 10 out of 30
Epoch 00014, Step00000 | Train_Loss: 0.6026 | Time: 0.3161
Epoch 00014 | Val_Loss 1.3352 | Time(s) 0.2293
EarlyStopping counter: 11 out of 30
Epoch 00015, Step00000 | Train_Loss: 0.6769 | Time: 0.3126
Epoch 00015 | Val_Loss 1.4361 | Time(s) 0.2260
EarlyStopping counter: 12 out of 30
Epoch 00016, Step00000 | Train_Loss: 0.6630 | Time: 0.3144
Epoch 00016 | Val_Loss 1.2109 | Time(s) 0.2260
EarlyStopping counter: 13 out of 30
Epoch 00017, Step00000 | Train_Loss: 0.5253 | Time: 0.3092
Epoch 00017 | Val_Loss 1.4400 | Time(s) 0.2270
EarlyStopping counter: 14 out of 30
Epoch 00018, Step00000 | Train_Loss: 0.6255 | Time: 0.3119
Epoch 00018 | Val_Loss 1.3779 | Time(s) 0.2193
EarlyStopping counter: 15 out of 30
Epoch 00019, Step00000 | Train_Loss: 0.5003 | Time: 0.3112
Epoch 00019 | Val_Loss 1.3777 | Time(s) 0.2239
EarlyStopping counter: 16 out of 30
Epoch 00020, Step00000 | Train_Loss: 0.5416 | Time: 0.3077
Epoch 00020 | Val_Loss 1.1999 | Time(s) 0.2179
EarlyStopping counter: 17 out of 30
Epoch 00021, Step00000 | Train_Loss: 0.4996 | Time: 0.3074
Epoch 00021 | Val_Loss 1.1766 | Time(s) 0.2246
EarlyStopping counter: 18 out of 30
Epoch 00022, Step00000 | Train_Loss: 0.4828 | Time: 0.3108
Epoch 00022 | Val_Loss 1.0867 | Time(s) 0.2251
EarlyStopping counter: 19 out of 30
Epoch 00023, Step00000 | Train_Loss: 0.5077 | Time: 0.3130
Epoch 00023 | Val_Loss 1.2335 | Time(s) 0.2170
EarlyStopping counter: 20 out of 30
Epoch 00024, Step00000 | Train_Loss: 0.4466 | Time: 0.2627
Epoch 00024 | Val_Loss 1.2162 | Time(s) 0.1797
EarlyStopping counter: 21 out of 30
Epoch 00025, Step00000 | Train_Loss: 0.4951 | Time: 0.2991
Epoch 00025 | Val_Loss 1.1198 | Time(s) 0.2322
EarlyStopping counter: 22 out of 30
Epoch 00026, Step00000 | Train_Loss: 0.4243 | Time: 0.3040
Epoch 00026 | Val_Loss 1.2072 | Time(s) 0.2271
EarlyStopping counter: 23 out of 30
Epoch 00027, Step00000 | Train_Loss: 0.4429 | Time: 0.3020
Epoch 00027 | Val_Loss 1.0979 | Time(s) 0.2232
EarlyStopping counter: 24 out of 30
Epoch 00028, Step00000 | Train_Loss: 0.4202 | Time: 0.3079
Epoch 00028 | Val_Loss 1.1571 | Time(s) 0.2228
EarlyStopping counter: 25 out of 30
Epoch 00029, Step00000 | Train_Loss: 0.4075 | Time: 0.2963
Epoch 00029 | Val_Loss 1.2807 | Time(s) 0.2217
EarlyStopping counter: 26 out of 30
Epoch 00030, Step00000 | Train_Loss: 0.4116 | Time: 0.2915
Epoch 00030 | Val_Loss 1.2621 | Time(s) 0.2240
EarlyStopping counter: 27 out of 30
Epoch 00031, Step00000 | Train_Loss: 0.3730 | Time: 0.3068
Epoch 00031 | Val_Loss 1.3742 | Time(s) 0.2220
EarlyStopping counter: 28 out of 30
Epoch 00032, Step00000 | Train_Loss: 0.3800 | Time: 0.2899
Epoch 00032 | Val_Loss 1.3572 | Time(s) 0.2232
EarlyStopping counter: 29 out of 30
Epoch 00033, Step00000 | Train_Loss: 0.3580 | Time: 0.3053
Epoch 00033 | Val_Loss 1.5066 | Time(s) 0.2171
EarlyStopping counter: 30 out of 30
Early stopping!
Early stopping!
defaultdict(<class 'float'>, {'roc_auc': 0.5050385299347955, 'MRR': 0.7465277777777778})
defaultdict(<class 'float'>, {'roc_auc': 0.5733372359291334, 'MRR': 0.7662037037037037})
Completed: amazon_style_cc_fold_5 (rep 4)

=== Repetition 5/6 ===
--------------------------------------
Running model: HGT
Dataset: amazon_style_cc_fold_1
Repetition: 5
--------------------------------------
Loading nodes from amazon_style_cc_fold_1/node.dat
/home/simonettos/homhetgnn/HGB/LP/benchmark/data/amazon_style_cc_fold_1/node.dat
0 {}
1 {'0': 558}
node_count: {'0': 558, '1': 940}
('1', '4', '1'): src_max=939, dst_max=939
('1', '5', '0'): src_max=939, dst_max=557
('0', '3', '0'): src_max=557, dst_max=557
('0', '6', '0'): src_max=557, dst_max=556
('0', '0', '0'): src_max=557, dst_max=553
('1', '2', '1'): src_max=938, dst_max=938
('1', '7', '1'): src_max=939, dst_max=939
('1', '1', '1'): src_max=939, dst_max=928
('1', '9', '1'): src_max=795, dst_max=380
('1', '8', '1'): src_max=791, dst_max=812
0 0
1 558
5
Epoch 00000, Step00000 | Train_Loss: 1.0674 | Time: 0.9474
Epoch 00000 | Val_Loss 0.7203 | Time(s) 0.2353
Validation loss decreased (inf --> 0.720296).  Saving model ...
Epoch 00001, Step00000 | Train_Loss: 1.0306 | Time: 0.3270
Epoch 00001 | Val_Loss 0.8361 | Time(s) 0.2346
EarlyStopping counter: 1 out of 30
Epoch 00002, Step00000 | Train_Loss: 1.1097 | Time: 0.3281
Epoch 00002 | Val_Loss 0.7231 | Time(s) 0.2319
EarlyStopping counter: 2 out of 30
Epoch 00003, Step00000 | Train_Loss: 0.9615 | Time: 0.3261
Epoch 00003 | Val_Loss 0.7767 | Time(s) 0.2339
EarlyStopping counter: 3 out of 30
Epoch 00004, Step00000 | Train_Loss: 0.9683 | Time: 0.3200
Epoch 00004 | Val_Loss 0.7487 | Time(s) 0.2076
EarlyStopping counter: 4 out of 30
Epoch 00005, Step00000 | Train_Loss: 0.8802 | Time: 0.2775
Epoch 00005 | Val_Loss 0.8162 | Time(s) 0.2146
EarlyStopping counter: 5 out of 30
Epoch 00006, Step00000 | Train_Loss: 0.9095 | Time: 0.2641
Epoch 00006 | Val_Loss 0.7963 | Time(s) 0.1907
EarlyStopping counter: 6 out of 30
Epoch 00007, Step00000 | Train_Loss: 0.8408 | Time: 0.2579
Epoch 00007 | Val_Loss 0.8405 | Time(s) 0.1911
EarlyStopping counter: 7 out of 30
Epoch 00008, Step00000 | Train_Loss: 0.8208 | Time: 0.2673
Epoch 00008 | Val_Loss 1.2501 | Time(s) 0.1899
EarlyStopping counter: 8 out of 30
Epoch 00009, Step00000 | Train_Loss: 0.9873 | Time: 0.2713
Epoch 00009 | Val_Loss 1.3998 | Time(s) 0.1909
EarlyStopping counter: 9 out of 30
Epoch 00010, Step00000 | Train_Loss: 1.0953 | Time: 0.2714
Epoch 00010 | Val_Loss 0.9928 | Time(s) 0.1916
EarlyStopping counter: 10 out of 30
Epoch 00011, Step00000 | Train_Loss: 0.7518 | Time: 0.2689
Epoch 00011 | Val_Loss 0.8008 | Time(s) 0.1814
EarlyStopping counter: 11 out of 30
Epoch 00012, Step00000 | Train_Loss: 0.5953 | Time: 0.2638
Epoch 00012 | Val_Loss 1.0665 | Time(s) 0.1867
EarlyStopping counter: 12 out of 30
Epoch 00013, Step00000 | Train_Loss: 0.6182 | Time: 0.2588
Epoch 00013 | Val_Loss 1.2755 | Time(s) 0.1866
EarlyStopping counter: 13 out of 30
Epoch 00014, Step00000 | Train_Loss: 0.7120 | Time: 0.2683
Epoch 00014 | Val_Loss 1.4605 | Time(s) 0.1834
EarlyStopping counter: 14 out of 30
Epoch 00015, Step00000 | Train_Loss: 0.7493 | Time: 0.2327
Epoch 00015 | Val_Loss 1.2620 | Time(s) 0.1187
EarlyStopping counter: 15 out of 30
Epoch 00016, Step00000 | Train_Loss: 0.5461 | Time: 0.2031
Epoch 00016 | Val_Loss 1.4148 | Time(s) 0.1868
EarlyStopping counter: 16 out of 30
Epoch 00017, Step00000 | Train_Loss: 0.5754 | Time: 0.2668
Epoch 00017 | Val_Loss 1.5479 | Time(s) 0.1856
EarlyStopping counter: 17 out of 30
Epoch 00018, Step00000 | Train_Loss: 0.6325 | Time: 0.2565
Epoch 00018 | Val_Loss 1.2603 | Time(s) 0.1694
EarlyStopping counter: 18 out of 30
Epoch 00019, Step00000 | Train_Loss: 0.4998 | Time: 0.2623
Epoch 00019 | Val_Loss 1.3470 | Time(s) 0.1799
EarlyStopping counter: 19 out of 30
Epoch 00020, Step00000 | Train_Loss: 0.5936 | Time: 0.2621
Epoch 00020 | Val_Loss 1.2185 | Time(s) 0.1776
EarlyStopping counter: 20 out of 30
Epoch 00021, Step00000 | Train_Loss: 0.5072 | Time: 0.2632
Epoch 00021 | Val_Loss 0.9933 | Time(s) 0.1865
EarlyStopping counter: 21 out of 30
Epoch 00022, Step00000 | Train_Loss: 0.5163 | Time: 0.2631
Epoch 00022 | Val_Loss 1.1467 | Time(s) 0.2206
EarlyStopping counter: 22 out of 30
Epoch 00023, Step00000 | Train_Loss: 0.4995 | Time: 0.3177
Epoch 00023 | Val_Loss 1.0975 | Time(s) 0.2238
EarlyStopping counter: 23 out of 30
Epoch 00024, Step00000 | Train_Loss: 0.4665 | Time: 0.3169
Epoch 00024 | Val_Loss 1.0206 | Time(s) 0.2206
EarlyStopping counter: 24 out of 30
Epoch 00025, Step00000 | Train_Loss: 0.4672 | Time: 0.3202
Epoch 00025 | Val_Loss 1.1149 | Time(s) 0.2230
EarlyStopping counter: 25 out of 30
Epoch 00026, Step00000 | Train_Loss: 0.4517 | Time: 0.3177
Epoch 00026 | Val_Loss 1.1587 | Time(s) 0.2270
EarlyStopping counter: 26 out of 30
Epoch 00027, Step00000 | Train_Loss: 0.4439 | Time: 0.3196
Epoch 00027 | Val_Loss 1.1670 | Time(s) 0.2350
EarlyStopping counter: 27 out of 30
Epoch 00028, Step00000 | Train_Loss: 0.4178 | Time: 0.3101
Epoch 00028 | Val_Loss 1.0903 | Time(s) 0.2333
EarlyStopping counter: 28 out of 30
Epoch 00029, Step00000 | Train_Loss: 0.4233 | Time: 0.3093
Epoch 00029 | Val_Loss 1.1631 | Time(s) 0.2269
EarlyStopping counter: 29 out of 30
Epoch 00030, Step00000 | Train_Loss: 0.4075 | Time: 0.3153
Epoch 00030 | Val_Loss 1.3226 | Time(s) 0.2254
EarlyStopping counter: 30 out of 30
Early stopping!
Early stopping!
defaultdict(<class 'float'>, {'roc_auc': 0.48274124464600654, 'MRR': 0.7446428571428572})
defaultdict(<class 'float'>, {'roc_auc': 0.48453640715545476, 'MRR': 0.7535714285714286})
Completed: amazon_style_cc_fold_1 (rep 5)

--------------------------------------
Running model: HGT
Dataset: amazon_style_cc_fold_2
Repetition: 5
--------------------------------------
Loading nodes from amazon_style_cc_fold_2/node.dat
/home/simonettos/homhetgnn/HGB/LP/benchmark/data/amazon_style_cc_fold_2/node.dat
0 {}
1 {'0': 558}
node_count: {'0': 558, '1': 940}
('1', '5', '0'): src_max=939, dst_max=557
('0', '6', '0'): src_max=557, dst_max=557
('1', '2', '1'): src_max=938, dst_max=938
('0', '3', '0'): src_max=557, dst_max=557
('0', '0', '0'): src_max=557, dst_max=553
('1', '1', '1'): src_max=939, dst_max=928
('1', '4', '1'): src_max=939, dst_max=939
('1', '7', '1'): src_max=939, dst_max=939
('1', '8', '1'): src_max=791, dst_max=812
('1', '9', '1'): src_max=795, dst_max=380
0 0
1 558
5
Epoch 00000, Step00000 | Train_Loss: 0.9803 | Time: 0.6483
Epoch 00000 | Val_Loss 0.8042 | Time(s) 0.1856
Validation loss decreased (inf --> 0.804156).  Saving model ...
Epoch 00001, Step00000 | Train_Loss: 1.0085 | Time: 0.2286
Epoch 00001 | Val_Loss 0.7367 | Time(s) 0.1839
Validation loss decreased (0.804156 --> 0.736707).  Saving model ...
Epoch 00002, Step00000 | Train_Loss: 0.9880 | Time: 0.2291
Epoch 00002 | Val_Loss 0.7210 | Time(s) 0.1810
Validation loss decreased (0.736707 --> 0.720952).  Saving model ...
Epoch 00003, Step00000 | Train_Loss: 0.9236 | Time: 0.2282
Epoch 00003 | Val_Loss 0.6869 | Time(s) 0.1801
Validation loss decreased (0.720952 --> 0.686888).  Saving model ...
Epoch 00004, Step00000 | Train_Loss: 0.8875 | Time: 0.2240
Epoch 00004 | Val_Loss 0.7719 | Time(s) 0.1825
EarlyStopping counter: 1 out of 30
Epoch 00005, Step00000 | Train_Loss: 0.8656 | Time: 0.2310
Epoch 00005 | Val_Loss 0.7973 | Time(s) 0.1847
EarlyStopping counter: 2 out of 30
Epoch 00006, Step00000 | Train_Loss: 0.8390 | Time: 0.2293
Epoch 00006 | Val_Loss 0.9275 | Time(s) 0.1601
EarlyStopping counter: 3 out of 30
Epoch 00007, Step00000 | Train_Loss: 0.8695 | Time: 0.1716
Epoch 00007 | Val_Loss 1.1001 | Time(s) 0.1188
EarlyStopping counter: 4 out of 30
Epoch 00008, Step00000 | Train_Loss: 0.9765 | Time: 0.1727
Epoch 00008 | Val_Loss 1.2401 | Time(s) 0.1937
EarlyStopping counter: 5 out of 30
Epoch 00009, Step00000 | Train_Loss: 1.0460 | Time: 0.2413
Epoch 00009 | Val_Loss 0.9628 | Time(s) 0.1972
EarlyStopping counter: 6 out of 30
Epoch 00010, Step00000 | Train_Loss: 0.8107 | Time: 0.2344
Epoch 00010 | Val_Loss 0.7767 | Time(s) 0.1926
EarlyStopping counter: 7 out of 30
Epoch 00011, Step00000 | Train_Loss: 0.6334 | Time: 0.2460
Epoch 00011 | Val_Loss 0.8697 | Time(s) 0.1927
EarlyStopping counter: 8 out of 30
Epoch 00012, Step00000 | Train_Loss: 0.6606 | Time: 0.2425
Epoch 00012 | Val_Loss 1.3969 | Time(s) 0.1965
EarlyStopping counter: 9 out of 30
Epoch 00013, Step00000 | Train_Loss: 0.9179 | Time: 0.2421
Epoch 00013 | Val_Loss 1.6978 | Time(s) 0.1945
EarlyStopping counter: 10 out of 30
Epoch 00014, Step00000 | Train_Loss: 1.0193 | Time: 0.2446
Epoch 00014 | Val_Loss 1.0316 | Time(s) 0.1938
EarlyStopping counter: 11 out of 30
Epoch 00015, Step00000 | Train_Loss: 0.5247 | Time: 0.2455
Epoch 00015 | Val_Loss 1.4463 | Time(s) 0.1929
EarlyStopping counter: 12 out of 30
Epoch 00016, Step00000 | Train_Loss: 0.7650 | Time: 0.2456
Epoch 00016 | Val_Loss 1.0912 | Time(s) 0.1928
EarlyStopping counter: 13 out of 30
Epoch 00017, Step00000 | Train_Loss: 0.5703 | Time: 0.2269
Epoch 00017 | Val_Loss 1.3170 | Time(s) 0.1192
EarlyStopping counter: 14 out of 30
Epoch 00018, Step00000 | Train_Loss: 0.6272 | Time: 0.1736
Epoch 00018 | Val_Loss 1.2389 | Time(s) 0.1489
EarlyStopping counter: 15 out of 30
Epoch 00019, Step00000 | Train_Loss: 0.5206 | Time: 0.2446
Epoch 00019 | Val_Loss 1.2854 | Time(s) 0.1949
EarlyStopping counter: 16 out of 30
Epoch 00020, Step00000 | Train_Loss: 0.5928 | Time: 0.2420
Epoch 00020 | Val_Loss 1.3244 | Time(s) 0.1953
EarlyStopping counter: 17 out of 30
Epoch 00021, Step00000 | Train_Loss: 0.4867 | Time: 0.2434
Epoch 00021 | Val_Loss 1.1171 | Time(s) 0.1895
EarlyStopping counter: 18 out of 30
Epoch 00022, Step00000 | Train_Loss: 0.5299 | Time: 0.2349
Epoch 00022 | Val_Loss 0.9498 | Time(s) 0.1815
EarlyStopping counter: 19 out of 30
Epoch 00023, Step00000 | Train_Loss: 0.4351 | Time: 0.2356
Epoch 00023 | Val_Loss 1.1811 | Time(s) 0.1758
EarlyStopping counter: 20 out of 30
Epoch 00024, Step00000 | Train_Loss: 0.4937 | Time: 0.2331
Epoch 00024 | Val_Loss 1.0403 | Time(s) 0.1800
EarlyStopping counter: 21 out of 30
Epoch 00025, Step00000 | Train_Loss: 0.4313 | Time: 0.2401
Epoch 00025 | Val_Loss 1.0041 | Time(s) 0.1752
EarlyStopping counter: 22 out of 30
Epoch 00026, Step00000 | Train_Loss: 0.4283 | Time: 0.2282
Epoch 00026 | Val_Loss 1.0275 | Time(s) 0.1808
EarlyStopping counter: 23 out of 30
Epoch 00027, Step00000 | Train_Loss: 0.4206 | Time: 0.2310
Epoch 00027 | Val_Loss 1.3074 | Time(s) 0.1757
EarlyStopping counter: 24 out of 30
Epoch 00028, Step00000 | Train_Loss: 0.3820 | Time: 0.2324
Epoch 00028 | Val_Loss 1.1053 | Time(s) 0.1825
EarlyStopping counter: 25 out of 30
Epoch 00029, Step00000 | Train_Loss: 0.3860 | Time: 0.2287
Epoch 00029 | Val_Loss 1.2017 | Time(s) 0.1807
EarlyStopping counter: 26 out of 30
Epoch 00030, Step00000 | Train_Loss: 0.3396 | Time: 0.2299
Epoch 00030 | Val_Loss 1.2763 | Time(s) 0.1807
EarlyStopping counter: 27 out of 30
Epoch 00031, Step00000 | Train_Loss: 0.3311 | Time: 0.2323
Epoch 00031 | Val_Loss 1.1429 | Time(s) 0.1816
EarlyStopping counter: 28 out of 30
Epoch 00032, Step00000 | Train_Loss: 0.3060 | Time: 0.2315
Epoch 00032 | Val_Loss 1.2359 | Time(s) 0.1786
EarlyStopping counter: 29 out of 30
Epoch 00033, Step00000 | Train_Loss: 0.2768 | Time: 0.2259
Epoch 00033 | Val_Loss 1.5176 | Time(s) 0.1817
EarlyStopping counter: 30 out of 30
Early stopping!
Early stopping!
defaultdict(<class 'float'>, {'roc_auc': 0.41674316785537746, 'MRR': 0.7036})
defaultdict(<class 'float'>, {'roc_auc': 0.4952333874726361, 'MRR': 0.7498666666666667})
Completed: amazon_style_cc_fold_2 (rep 5)

--------------------------------------
Running model: HGT
Dataset: amazon_style_cc_fold_3
Repetition: 5
--------------------------------------
Loading nodes from amazon_style_cc_fold_3/node.dat
/home/simonettos/homhetgnn/HGB/LP/benchmark/data/amazon_style_cc_fold_3/node.dat
0 {}
1 {'0': 558}
node_count: {'0': 558, '1': 940}
('1', '5', '0'): src_max=939, dst_max=557
('0', '6', '0'): src_max=557, dst_max=557
('1', '2', '1'): src_max=938, dst_max=938
('0', '3', '0'): src_max=557, dst_max=557
('0', '0', '0'): src_max=557, dst_max=553
('1', '1', '1'): src_max=939, dst_max=928
('1', '4', '1'): src_max=939, dst_max=939
('1', '7', '1'): src_max=939, dst_max=939
('1', '8', '1'): src_max=791, dst_max=812
('1', '9', '1'): src_max=795, dst_max=380
0 0
1 558
5
Epoch 00000, Step00000 | Train_Loss: 1.2171 | Time: 0.6347
Epoch 00000 | Val_Loss 0.7734 | Time(s) 0.2282
Validation loss decreased (inf --> 0.773367).  Saving model ...
Epoch 00001, Step00000 | Train_Loss: 1.0275 | Time: 0.2874
Epoch 00001 | Val_Loss 0.8308 | Time(s) 0.2263
EarlyStopping counter: 1 out of 30
Epoch 00002, Step00000 | Train_Loss: 0.9901 | Time: 0.2856
Epoch 00002 | Val_Loss 1.2732 | Time(s) 0.2300
EarlyStopping counter: 2 out of 30
Epoch 00003, Step00000 | Train_Loss: 1.2351 | Time: 0.2859
Epoch 00003 | Val_Loss 0.9366 | Time(s) 0.2246
EarlyStopping counter: 3 out of 30
Epoch 00004, Step00000 | Train_Loss: 1.0556 | Time: 0.2850
Epoch 00004 | Val_Loss 0.8497 | Time(s) 0.2230
EarlyStopping counter: 4 out of 30
Epoch 00005, Step00000 | Train_Loss: 0.9435 | Time: 0.2950
Epoch 00005 | Val_Loss 1.2391 | Time(s) 0.2251
EarlyStopping counter: 5 out of 30
Epoch 00006, Step00000 | Train_Loss: 1.1201 | Time: 0.2884
Epoch 00006 | Val_Loss 0.6850 | Time(s) 0.2052
Validation loss decreased (0.773367 --> 0.684950).  Saving model ...
Epoch 00007, Step00000 | Train_Loss: 0.8494 | Time: 0.2475
Epoch 00007 | Val_Loss 1.2068 | Time(s) 0.2192
EarlyStopping counter: 1 out of 30
Epoch 00008, Step00000 | Train_Loss: 1.0708 | Time: 0.2974
Epoch 00008 | Val_Loss 0.7575 | Time(s) 0.2297
EarlyStopping counter: 2 out of 30
Epoch 00009, Step00000 | Train_Loss: 0.7871 | Time: 0.2838
Epoch 00009 | Val_Loss 0.9587 | Time(s) 0.2261
EarlyStopping counter: 3 out of 30
Epoch 00010, Step00000 | Train_Loss: 0.8876 | Time: 0.2879
Epoch 00010 | Val_Loss 1.2635 | Time(s) 0.2348
EarlyStopping counter: 4 out of 30
Epoch 00011, Step00000 | Train_Loss: 1.0447 | Time: 0.3000
Epoch 00011 | Val_Loss 0.7797 | Time(s) 0.2388
EarlyStopping counter: 5 out of 30
Epoch 00012, Step00000 | Train_Loss: 0.7088 | Time: 0.2967
Epoch 00012 | Val_Loss 0.7823 | Time(s) 0.2374
EarlyStopping counter: 6 out of 30
Epoch 00013, Step00000 | Train_Loss: 0.6379 | Time: 0.2990
Epoch 00013 | Val_Loss 1.2290 | Time(s) 0.2347
EarlyStopping counter: 7 out of 30
Epoch 00014, Step00000 | Train_Loss: 0.7859 | Time: 0.2961
Epoch 00014 | Val_Loss 1.0430 | Time(s) 0.2350
EarlyStopping counter: 8 out of 30
Epoch 00015, Step00000 | Train_Loss: 0.6396 | Time: 0.2919
Epoch 00015 | Val_Loss 1.0088 | Time(s) 0.2345
EarlyStopping counter: 9 out of 30
Epoch 00016, Step00000 | Train_Loss: 0.5374 | Time: 0.2935
Epoch 00016 | Val_Loss 1.2580 | Time(s) 0.2327
EarlyStopping counter: 10 out of 30
Epoch 00017, Step00000 | Train_Loss: 0.6381 | Time: 0.2941
Epoch 00017 | Val_Loss 1.2279 | Time(s) 0.1888
EarlyStopping counter: 11 out of 30
Epoch 00018, Step00000 | Train_Loss: 0.5913 | Time: 0.2787
Epoch 00018 | Val_Loss 1.2511 | Time(s) 0.2308
EarlyStopping counter: 12 out of 30
Epoch 00019, Step00000 | Train_Loss: 0.5288 | Time: 0.2947
Epoch 00019 | Val_Loss 1.4449 | Time(s) 0.2296
EarlyStopping counter: 13 out of 30
Epoch 00020, Step00000 | Train_Loss: 0.5307 | Time: 0.2905
Epoch 00020 | Val_Loss 1.4042 | Time(s) 0.2282
EarlyStopping counter: 14 out of 30
Epoch 00021, Step00000 | Train_Loss: 0.4957 | Time: 0.2915
Epoch 00021 | Val_Loss 1.1682 | Time(s) 0.2305
EarlyStopping counter: 15 out of 30
Epoch 00022, Step00000 | Train_Loss: 0.5219 | Time: 0.2888
Epoch 00022 | Val_Loss 1.3294 | Time(s) 0.2298
EarlyStopping counter: 16 out of 30
Epoch 00023, Step00000 | Train_Loss: 0.4795 | Time: 0.2887
Epoch 00023 | Val_Loss 1.3450 | Time(s) 0.2360
EarlyStopping counter: 17 out of 30
Epoch 00024, Step00000 | Train_Loss: 0.4727 | Time: 0.2927
Epoch 00024 | Val_Loss 1.0380 | Time(s) 0.2333
EarlyStopping counter: 18 out of 30
Epoch 00025, Step00000 | Train_Loss: 0.4896 | Time: 0.2976
Epoch 00025 | Val_Loss 1.0864 | Time(s) 0.2314
EarlyStopping counter: 19 out of 30
Epoch 00026, Step00000 | Train_Loss: 0.4588 | Time: 0.2967
Epoch 00026 | Val_Loss 1.0214 | Time(s) 0.2373
EarlyStopping counter: 20 out of 30
Epoch 00027, Step00000 | Train_Loss: 0.4708 | Time: 0.3298
Epoch 00027 | Val_Loss 1.0241 | Time(s) 0.2365
EarlyStopping counter: 21 out of 30
Epoch 00028, Step00000 | Train_Loss: 0.4443 | Time: 0.3252
Epoch 00028 | Val_Loss 1.0961 | Time(s) 0.2409
EarlyStopping counter: 22 out of 30
Epoch 00029, Step00000 | Train_Loss: 0.4370 | Time: 0.3204
Epoch 00029 | Val_Loss 1.2467 | Time(s) 0.2397
EarlyStopping counter: 23 out of 30
Epoch 00030, Step00000 | Train_Loss: 0.4355 | Time: 0.3275
Epoch 00030 | Val_Loss 1.4440 | Time(s) 0.2397
EarlyStopping counter: 24 out of 30
Epoch 00031, Step00000 | Train_Loss: 0.4163 | Time: 0.3278
Epoch 00031 | Val_Loss 1.1041 | Time(s) 0.2352
EarlyStopping counter: 25 out of 30
Epoch 00032, Step00000 | Train_Loss: 0.4270 | Time: 0.2878
Epoch 00032 | Val_Loss 1.2122 | Time(s) 0.2113
EarlyStopping counter: 26 out of 30
Epoch 00033, Step00000 | Train_Loss: 0.4158 | Time: 0.3245
Epoch 00033 | Val_Loss 1.3303 | Time(s) 0.2418
EarlyStopping counter: 27 out of 30
Epoch 00034, Step00000 | Train_Loss: 0.3870 | Time: 0.3260
Epoch 00034 | Val_Loss 1.0631 | Time(s) 0.2354
EarlyStopping counter: 28 out of 30
Epoch 00035, Step00000 | Train_Loss: 0.3846 | Time: 0.3167
Epoch 00035 | Val_Loss 1.1582 | Time(s) 0.2368
EarlyStopping counter: 29 out of 30
Epoch 00036, Step00000 | Train_Loss: 0.3598 | Time: 0.3297
Epoch 00036 | Val_Loss 1.0702 | Time(s) 0.2388
EarlyStopping counter: 30 out of 30
Early stopping!
Early stopping!
defaultdict(<class 'float'>, {'roc_auc': 0.46948740433673464, 'MRR': 0.7218045112781954})
defaultdict(<class 'float'>, {'roc_auc': 0.5609056122448979, 'MRR': 0.7675438596491229})
Completed: amazon_style_cc_fold_3 (rep 5)

--------------------------------------
Running model: HGT
Dataset: amazon_style_cc_fold_4
Repetition: 5
--------------------------------------
Loading nodes from amazon_style_cc_fold_4/node.dat
/home/simonettos/homhetgnn/HGB/LP/benchmark/data/amazon_style_cc_fold_4/node.dat
0 {}
1 {'0': 558}
node_count: {'0': 558, '1': 940}
('1', '5', '0'): src_max=939, dst_max=557
('0', '6', '0'): src_max=557, dst_max=557
('1', '2', '1'): src_max=938, dst_max=938
('0', '3', '0'): src_max=557, dst_max=557
('0', '0', '0'): src_max=557, dst_max=553
('1', '1', '1'): src_max=939, dst_max=928
('1', '4', '1'): src_max=939, dst_max=939
('1', '7', '1'): src_max=939, dst_max=939
('1', '8', '1'): src_max=791, dst_max=812
('1', '9', '1'): src_max=795, dst_max=380
0 0
1 558
5
Epoch 00000, Step00000 | Train_Loss: 0.9842 | Time: 0.8751
Epoch 00000 | Val_Loss 0.7802 | Time(s) 0.2288
Validation loss decreased (inf --> 0.780169).  Saving model ...
Epoch 00001, Step00000 | Train_Loss: 0.9346 | Time: 0.3183
Epoch 00001 | Val_Loss 0.7053 | Time(s) 0.2384
Validation loss decreased (0.780169 --> 0.705278).  Saving model ...
Epoch 00002, Step00000 | Train_Loss: 0.9475 | Time: 0.3056
Epoch 00002 | Val_Loss 0.8958 | Time(s) 0.2337
EarlyStopping counter: 1 out of 30
Epoch 00003, Step00000 | Train_Loss: 1.0285 | Time: 0.3222
Epoch 00003 | Val_Loss 0.7022 | Time(s) 0.2282
Validation loss decreased (0.705278 --> 0.702233).  Saving model ...
Epoch 00004, Step00000 | Train_Loss: 0.8725 | Time: 0.3247
Epoch 00004 | Val_Loss 1.0509 | Time(s) 0.1973
EarlyStopping counter: 1 out of 30
Epoch 00005, Step00000 | Train_Loss: 1.0335 | Time: 0.2750
Epoch 00005 | Val_Loss 0.7499 | Time(s) 0.2218
EarlyStopping counter: 2 out of 30
Epoch 00006, Step00000 | Train_Loss: 0.8531 | Time: 0.3042
Epoch 00006 | Val_Loss 0.7503 | Time(s) 0.2398
EarlyStopping counter: 3 out of 30
Epoch 00007, Step00000 | Train_Loss: 0.7891 | Time: 0.3164
Epoch 00007 | Val_Loss 1.0475 | Time(s) 0.2262
EarlyStopping counter: 4 out of 30
Epoch 00008, Step00000 | Train_Loss: 0.9657 | Time: 0.3067
Epoch 00008 | Val_Loss 0.9667 | Time(s) 0.2280
EarlyStopping counter: 5 out of 30
Epoch 00009, Step00000 | Train_Loss: 0.8999 | Time: 0.3098
Epoch 00009 | Val_Loss 0.7807 | Time(s) 0.2338
EarlyStopping counter: 6 out of 30
Epoch 00010, Step00000 | Train_Loss: 0.7584 | Time: 0.3175
Epoch 00010 | Val_Loss 0.6898 | Time(s) 0.2265
Validation loss decreased (0.702233 --> 0.689825).  Saving model ...
Epoch 00011, Step00000 | Train_Loss: 0.6679 | Time: 0.3133
Epoch 00011 | Val_Loss 0.6899 | Time(s) 0.2259
EarlyStopping counter: 1 out of 30
Epoch 00012, Step00000 | Train_Loss: 0.6314 | Time: 0.2977
Epoch 00012 | Val_Loss 0.7621 | Time(s) 0.2251
EarlyStopping counter: 2 out of 30
Epoch 00013, Step00000 | Train_Loss: 0.5751 | Time: 0.3200
Epoch 00013 | Val_Loss 0.8363 | Time(s) 0.2270
EarlyStopping counter: 3 out of 30
Epoch 00014, Step00000 | Train_Loss: 0.5515 | Time: 0.3097
Epoch 00014 | Val_Loss 1.8385 | Time(s) 0.2255
EarlyStopping counter: 4 out of 30
Epoch 00015, Step00000 | Train_Loss: 1.1213 | Time: 0.3040
Epoch 00015 | Val_Loss 2.6128 | Time(s) 0.2267
EarlyStopping counter: 5 out of 30
Epoch 00016, Step00000 | Train_Loss: 1.6543 | Time: 0.3104
Epoch 00016 | Val_Loss 1.2762 | Time(s) 0.2259
EarlyStopping counter: 6 out of 30
Epoch 00017, Step00000 | Train_Loss: 0.6247 | Time: 0.3221
Epoch 00017 | Val_Loss 2.0982 | Time(s) 0.2259
EarlyStopping counter: 7 out of 30
Epoch 00018, Step00000 | Train_Loss: 1.3738 | Time: 0.3006
Epoch 00018 | Val_Loss 1.1243 | Time(s) 0.1897
EarlyStopping counter: 8 out of 30
Epoch 00019, Step00000 | Train_Loss: 0.6792 | Time: 0.2747
Epoch 00019 | Val_Loss 1.3621 | Time(s) 0.2314
EarlyStopping counter: 9 out of 30
Epoch 00020, Step00000 | Train_Loss: 0.9706 | Time: 0.3042
Epoch 00020 | Val_Loss 1.2939 | Time(s) 0.2357
EarlyStopping counter: 10 out of 30
Epoch 00021, Step00000 | Train_Loss: 0.8026 | Time: 0.3173
Epoch 00021 | Val_Loss 1.1098 | Time(s) 0.2244
EarlyStopping counter: 11 out of 30
Epoch 00022, Step00000 | Train_Loss: 0.5355 | Time: 0.2943
Epoch 00022 | Val_Loss 1.4213 | Time(s) 0.2258
EarlyStopping counter: 12 out of 30
Epoch 00023, Step00000 | Train_Loss: 0.7506 | Time: 0.3151
Epoch 00023 | Val_Loss 1.3241 | Time(s) 0.2256
EarlyStopping counter: 13 out of 30
Epoch 00024, Step00000 | Train_Loss: 0.5783 | Time: 0.3127
Epoch 00024 | Val_Loss 1.0845 | Time(s) 0.2274
EarlyStopping counter: 14 out of 30
Epoch 00025, Step00000 | Train_Loss: 0.5190 | Time: 0.3006
Epoch 00025 | Val_Loss 1.1528 | Time(s) 0.2261
EarlyStopping counter: 15 out of 30
Epoch 00026, Step00000 | Train_Loss: 0.6329 | Time: 0.3067
Epoch 00026 | Val_Loss 1.1474 | Time(s) 0.2261
EarlyStopping counter: 16 out of 30
Epoch 00027, Step00000 | Train_Loss: 0.5015 | Time: 0.3142
Epoch 00027 | Val_Loss 1.0009 | Time(s) 0.2286
EarlyStopping counter: 17 out of 30
Epoch 00028, Step00000 | Train_Loss: 0.4659 | Time: 0.3158
Epoch 00028 | Val_Loss 1.0017 | Time(s) 0.2204
EarlyStopping counter: 18 out of 30
Epoch 00029, Step00000 | Train_Loss: 0.5102 | Time: 0.3168
Epoch 00029 | Val_Loss 0.8453 | Time(s) 0.2315
EarlyStopping counter: 19 out of 30
Epoch 00030, Step00000 | Train_Loss: 0.4687 | Time: 0.3096
Epoch 00030 | Val_Loss 0.7919 | Time(s) 0.2337
EarlyStopping counter: 20 out of 30
Epoch 00031, Step00000 | Train_Loss: 0.4226 | Time: 0.3267
Epoch 00031 | Val_Loss 0.9456 | Time(s) 0.2351
EarlyStopping counter: 21 out of 30
Epoch 00032, Step00000 | Train_Loss: 0.4546 | Time: 0.3254
Epoch 00032 | Val_Loss 0.9264 | Time(s) 0.2324
EarlyStopping counter: 22 out of 30
Epoch 00033, Step00000 | Train_Loss: 0.4173 | Time: 0.3281
Epoch 00033 | Val_Loss 1.1969 | Time(s) 0.2334
EarlyStopping counter: 23 out of 30
Epoch 00034, Step00000 | Train_Loss: 0.3931 | Time: 0.2997
Epoch 00034 | Val_Loss 1.2285 | Time(s) 0.1978
EarlyStopping counter: 24 out of 30
Epoch 00035, Step00000 | Train_Loss: 0.3975 | Time: 0.3003
Epoch 00035 | Val_Loss 1.0315 | Time(s) 0.2341
EarlyStopping counter: 25 out of 30
Epoch 00036, Step00000 | Train_Loss: 0.3855 | Time: 0.3295
Epoch 00036 | Val_Loss 0.9814 | Time(s) 0.2300
EarlyStopping counter: 26 out of 30
Epoch 00037, Step00000 | Train_Loss: 0.3573 | Time: 0.3231
Epoch 00037 | Val_Loss 0.9119 | Time(s) 0.2316
EarlyStopping counter: 27 out of 30
Epoch 00038, Step00000 | Train_Loss: 0.3428 | Time: 0.3248
Epoch 00038 | Val_Loss 1.0208 | Time(s) 0.2283
EarlyStopping counter: 28 out of 30
Epoch 00039, Step00000 | Train_Loss: 0.3423 | Time: 0.3219
Epoch 00039 | Val_Loss 1.0506 | Time(s) 0.2276
EarlyStopping counter: 29 out of 30
Epoch 00040, Step00000 | Train_Loss: 0.3153 | Time: 0.3005
Epoch 00040 | Val_Loss 1.1972 | Time(s) 0.2280
EarlyStopping counter: 30 out of 30
Early stopping!
Early stopping!
defaultdict(<class 'float'>, {'roc_auc': 0.4590168937995025, 'MRR': 0.7269393939393939})
defaultdict(<class 'float'>, {'roc_auc': 0.632831949434266, 'MRR': 0.8283333333333334})
Completed: amazon_style_cc_fold_4 (rep 5)

--------------------------------------
Running model: HGT
Dataset: amazon_style_cc_fold_5
Repetition: 5
--------------------------------------
Loading nodes from amazon_style_cc_fold_5/node.dat
/home/simonettos/homhetgnn/HGB/LP/benchmark/data/amazon_style_cc_fold_5/node.dat
0 {}
1 {'0': 558}
node_count: {'0': 558, '1': 940}
('1', '5', '0'): src_max=939, dst_max=556
('0', '6', '0'): src_max=557, dst_max=557
('1', '2', '1'): src_max=938, dst_max=938
('0', '3', '0'): src_max=557, dst_max=557
('0', '0', '0'): src_max=557, dst_max=553
('1', '1', '1'): src_max=939, dst_max=928
('1', '4', '1'): src_max=939, dst_max=939
('1', '7', '1'): src_max=939, dst_max=939
('1', '8', '1'): src_max=791, dst_max=812
('1', '9', '1'): src_max=795, dst_max=380
0 0
1 558
5
Epoch 00000, Step00000 | Train_Loss: 1.0159 | Time: 0.9010
Epoch 00000 | Val_Loss 0.7542 | Time(s) 0.2278
Validation loss decreased (inf --> 0.754205).  Saving model ...
Epoch 00001, Step00000 | Train_Loss: 0.9600 | Time: 0.3071
Epoch 00001 | Val_Loss 0.7769 | Time(s) 0.2215
EarlyStopping counter: 1 out of 30
Epoch 00002, Step00000 | Train_Loss: 1.0479 | Time: 0.3052
Epoch 00002 | Val_Loss 0.7094 | Time(s) 0.2248
Validation loss decreased (0.754205 --> 0.709449).  Saving model ...
Epoch 00003, Step00000 | Train_Loss: 0.9464 | Time: 0.3101
Epoch 00003 | Val_Loss 0.7735 | Time(s) 0.2272
EarlyStopping counter: 1 out of 30
Epoch 00004, Step00000 | Train_Loss: 0.8825 | Time: 0.3112
Epoch 00004 | Val_Loss 0.7212 | Time(s) 0.2286
EarlyStopping counter: 2 out of 30
Epoch 00005, Step00000 | Train_Loss: 0.8529 | Time: 0.3176
Epoch 00005 | Val_Loss 0.6962 | Time(s) 0.2276
Validation loss decreased (0.709449 --> 0.696150).  Saving model ...
Epoch 00006, Step00000 | Train_Loss: 0.8052 | Time: 0.3111
Epoch 00006 | Val_Loss 0.6776 | Time(s) 0.2269
Validation loss decreased (0.696150 --> 0.677593).  Saving model ...
Epoch 00007, Step00000 | Train_Loss: 0.7440 | Time: 0.3135
Epoch 00007 | Val_Loss 0.7434 | Time(s) 0.1875
EarlyStopping counter: 1 out of 30
Epoch 00008, Step00000 | Train_Loss: 0.7165 | Time: 0.2800
Epoch 00008 | Val_Loss 1.4872 | Time(s) 0.2280
EarlyStopping counter: 2 out of 30
Epoch 00009, Step00000 | Train_Loss: 1.2616 | Time: 0.3146
Epoch 00009 | Val_Loss 2.3560 | Time(s) 0.2248
EarlyStopping counter: 3 out of 30
Epoch 00010, Step00000 | Train_Loss: 1.7829 | Time: 0.3132
Epoch 00010 | Val_Loss 0.7574 | Time(s) 0.2324
EarlyStopping counter: 4 out of 30
Epoch 00011, Step00000 | Train_Loss: 0.6451 | Time: 0.3145
Epoch 00011 | Val_Loss 2.3264 | Time(s) 0.2274
EarlyStopping counter: 5 out of 30
Epoch 00012, Step00000 | Train_Loss: 1.7773 | Time: 0.3167
Epoch 00012 | Val_Loss 0.7302 | Time(s) 0.2258
EarlyStopping counter: 6 out of 30
Epoch 00013, Step00000 | Train_Loss: 0.6211 | Time: 0.3151
Epoch 00013 | Val_Loss 2.1569 | Time(s) 0.2290
EarlyStopping counter: 7 out of 30
Epoch 00014, Step00000 | Train_Loss: 1.5691 | Time: 0.3079
Epoch 00014 | Val_Loss 0.8330 | Time(s) 0.2290
EarlyStopping counter: 8 out of 30
Epoch 00015, Step00000 | Train_Loss: 0.5543 | Time: 0.3101
Epoch 00015 | Val_Loss 1.7325 | Time(s) 0.2280
EarlyStopping counter: 9 out of 30
Epoch 00016, Step00000 | Train_Loss: 1.2334 | Time: 0.3128
Epoch 00016 | Val_Loss 0.9275 | Time(s) 0.2263
EarlyStopping counter: 10 out of 30
Epoch 00017, Step00000 | Train_Loss: 0.5923 | Time: 0.3222
Epoch 00017 | Val_Loss 1.5286 | Time(s) 0.2272
EarlyStopping counter: 11 out of 30
Epoch 00018, Step00000 | Train_Loss: 0.9391 | Time: 0.3191
Epoch 00018 | Val_Loss 1.1756 | Time(s) 0.2268
EarlyStopping counter: 12 out of 30
Epoch 00019, Step00000 | Train_Loss: 0.7045 | Time: 0.3122
Epoch 00019 | Val_Loss 1.4723 | Time(s) 0.2276
EarlyStopping counter: 13 out of 30
Epoch 00020, Step00000 | Train_Loss: 0.5974 | Time: 0.3087
Epoch 00020 | Val_Loss 1.5025 | Time(s) 0.2299
EarlyStopping counter: 14 out of 30
Epoch 00021, Step00000 | Train_Loss: 0.7646 | Time: 0.3110
Epoch 00021 | Val_Loss 1.1364 | Time(s) 0.2096
EarlyStopping counter: 15 out of 30
Epoch 00022, Step00000 | Train_Loss: 0.5282 | Time: 0.2641
Epoch 00022 | Val_Loss 1.2072 | Time(s) 0.1989
EarlyStopping counter: 16 out of 30
Epoch 00023, Step00000 | Train_Loss: 0.5665 | Time: 0.3010
Epoch 00023 | Val_Loss 1.2327 | Time(s) 0.2215
EarlyStopping counter: 17 out of 30
Epoch 00024, Step00000 | Train_Loss: 0.6039 | Time: 0.3033
Epoch 00024 | Val_Loss 0.9067 | Time(s) 0.2191
EarlyStopping counter: 18 out of 30
Epoch 00025, Step00000 | Train_Loss: 0.4879 | Time: 0.2984
Epoch 00025 | Val_Loss 1.0022 | Time(s) 0.2218
EarlyStopping counter: 19 out of 30
Epoch 00026, Step00000 | Train_Loss: 0.5204 | Time: 0.3062
Epoch 00026 | Val_Loss 0.9376 | Time(s) 0.2216
EarlyStopping counter: 20 out of 30
Epoch 00027, Step00000 | Train_Loss: 0.5304 | Time: 0.3057
Epoch 00027 | Val_Loss 0.9597 | Time(s) 0.2217
EarlyStopping counter: 21 out of 30
Epoch 00028, Step00000 | Train_Loss: 0.4587 | Time: 0.3047
Epoch 00028 | Val_Loss 1.0175 | Time(s) 0.2213
EarlyStopping counter: 22 out of 30
Epoch 00029, Step00000 | Train_Loss: 0.4355 | Time: 0.2989
Epoch 00029 | Val_Loss 1.0890 | Time(s) 0.2208
EarlyStopping counter: 23 out of 30
Epoch 00030, Step00000 | Train_Loss: 0.4641 | Time: 0.3043
Epoch 00030 | Val_Loss 1.0446 | Time(s) 0.2231
EarlyStopping counter: 24 out of 30
Epoch 00031, Step00000 | Train_Loss: 0.4323 | Time: 0.3138
Epoch 00031 | Val_Loss 1.0979 | Time(s) 0.2273
EarlyStopping counter: 25 out of 30
Epoch 00032, Step00000 | Train_Loss: 0.4075 | Time: 0.3130
Epoch 00032 | Val_Loss 0.9711 | Time(s) 0.2258
EarlyStopping counter: 26 out of 30
Epoch 00033, Step00000 | Train_Loss: 0.3940 | Time: 0.3138
Epoch 00033 | Val_Loss 0.9491 | Time(s) 0.2257
EarlyStopping counter: 27 out of 30
Epoch 00034, Step00000 | Train_Loss: 0.3895 | Time: 0.3179
Epoch 00034 | Val_Loss 1.0005 | Time(s) 0.2281
EarlyStopping counter: 28 out of 30
Epoch 00035, Step00000 | Train_Loss: 0.3698 | Time: 0.3097
Epoch 00035 | Val_Loss 0.8897 | Time(s) 0.2254
EarlyStopping counter: 29 out of 30
Epoch 00036, Step00000 | Train_Loss: 0.3546 | Time: 0.2745
Epoch 00036 | Val_Loss 1.0083 | Time(s) 0.1869
EarlyStopping counter: 30 out of 30
Early stopping!
Early stopping!
defaultdict(<class 'float'>, {'roc_auc': 0.49140486069946654, 'MRR': 0.7586805555555556})
defaultdict(<class 'float'>, {'roc_auc': 0.6184810867581481, 'MRR': 0.8206018518518517})
Completed: amazon_style_cc_fold_5 (rep 5)

=== Repetition 6/6 ===
--------------------------------------
Running model: HGT
Dataset: amazon_style_cc_fold_1
Repetition: 6
--------------------------------------
Loading nodes from amazon_style_cc_fold_1/node.dat
/home/simonettos/homhetgnn/HGB/LP/benchmark/data/amazon_style_cc_fold_1/node.dat
0 {}
1 {'0': 558}
node_count: {'0': 558, '1': 940}
('1', '4', '1'): src_max=939, dst_max=939
('1', '5', '0'): src_max=939, dst_max=557
('0', '3', '0'): src_max=557, dst_max=557
('0', '6', '0'): src_max=557, dst_max=557
('0', '0', '0'): src_max=557, dst_max=553
('1', '2', '1'): src_max=938, dst_max=938
('1', '7', '1'): src_max=939, dst_max=939
('1', '1', '1'): src_max=939, dst_max=928
('1', '9', '1'): src_max=795, dst_max=380
('1', '8', '1'): src_max=791, dst_max=812
0 0
1 558
5
Epoch 00000, Step00000 | Train_Loss: 1.2130 | Time: 0.6327
Epoch 00000 | Val_Loss 0.7186 | Time(s) 0.1841
Validation loss decreased (inf --> 0.718556).  Saving model ...
Epoch 00001, Step00000 | Train_Loss: 1.0181 | Time: 0.2326
Epoch 00001 | Val_Loss 0.8503 | Time(s) 0.1897
EarlyStopping counter: 1 out of 30
Epoch 00002, Step00000 | Train_Loss: 1.0853 | Time: 0.2274
Epoch 00002 | Val_Loss 0.9439 | Time(s) 0.1231
EarlyStopping counter: 2 out of 30
Epoch 00003, Step00000 | Train_Loss: 1.1482 | Time: 0.1753
Epoch 00003 | Val_Loss 0.7159 | Time(s) 0.1326
Validation loss decreased (0.718556 --> 0.715859).  Saving model ...
Epoch 00004, Step00000 | Train_Loss: 0.9459 | Time: 0.2337
Epoch 00004 | Val_Loss 1.0370 | Time(s) 0.1822
EarlyStopping counter: 1 out of 30
Epoch 00005, Step00000 | Train_Loss: 1.0777 | Time: 0.2372
Epoch 00005 | Val_Loss 0.6928 | Time(s) 0.1876
Validation loss decreased (0.715859 --> 0.692833).  Saving model ...
Epoch 00006, Step00000 | Train_Loss: 0.8648 | Time: 0.2273
Epoch 00006 | Val_Loss 1.0239 | Time(s) 0.1913
EarlyStopping counter: 1 out of 30
Epoch 00007, Step00000 | Train_Loss: 0.9334 | Time: 0.2312
Epoch 00007 | Val_Loss 0.7419 | Time(s) 0.1847
EarlyStopping counter: 2 out of 30
Epoch 00008, Step00000 | Train_Loss: 0.7702 | Time: 0.2377
Epoch 00008 | Val_Loss 0.7117 | Time(s) 0.1883
EarlyStopping counter: 3 out of 30
Epoch 00009, Step00000 | Train_Loss: 0.7049 | Time: 0.2360
Epoch 00009 | Val_Loss 1.0168 | Time(s) 0.1874
EarlyStopping counter: 4 out of 30
Epoch 00010, Step00000 | Train_Loss: 0.7602 | Time: 0.2369
Epoch 00010 | Val_Loss 1.5245 | Time(s) 0.1880
EarlyStopping counter: 5 out of 30
Epoch 00011, Step00000 | Train_Loss: 1.2495 | Time: 0.2445
Epoch 00011 | Val_Loss 1.8889 | Time(s) 0.1857
EarlyStopping counter: 6 out of 30
Epoch 00012, Step00000 | Train_Loss: 1.2177 | Time: 0.2365
Epoch 00012 | Val_Loss 1.0650 | Time(s) 0.1898
EarlyStopping counter: 7 out of 30
Epoch 00013, Step00000 | Train_Loss: 0.6041 | Time: 0.2356
Epoch 00013 | Val_Loss 1.1882 | Time(s) 0.1853
EarlyStopping counter: 8 out of 30
Epoch 00014, Step00000 | Train_Loss: 0.6712 | Time: 0.2396
Epoch 00014 | Val_Loss 1.6330 | Time(s) 0.1869
EarlyStopping counter: 9 out of 30
Epoch 00015, Step00000 | Train_Loss: 0.8179 | Time: 0.2348
Epoch 00015 | Val_Loss 1.3653 | Time(s) 0.1883
EarlyStopping counter: 10 out of 30
Epoch 00016, Step00000 | Train_Loss: 0.5186 | Time: 0.2377
Epoch 00016 | Val_Loss 1.6244 | Time(s) 0.1856
EarlyStopping counter: 11 out of 30
Epoch 00017, Step00000 | Train_Loss: 0.6834 | Time: 0.2275
Epoch 00017 | Val_Loss 1.5570 | Time(s) 0.1883
EarlyStopping counter: 12 out of 30
Epoch 00018, Step00000 | Train_Loss: 0.5020 | Time: 0.2379
Epoch 00018 | Val_Loss 1.7675 | Time(s) 0.1838
EarlyStopping counter: 13 out of 30
Epoch 00019, Step00000 | Train_Loss: 0.6288 | Time: 0.2418
Epoch 00019 | Val_Loss 1.6093 | Time(s) 0.1819
EarlyStopping counter: 14 out of 30
Epoch 00020, Step00000 | Train_Loss: 0.4985 | Time: 0.2388
Epoch 00020 | Val_Loss 1.4171 | Time(s) 0.1596
EarlyStopping counter: 15 out of 30
Epoch 00021, Step00000 | Train_Loss: 0.5872 | Time: 0.1734
Epoch 00021 | Val_Loss 1.3458 | Time(s) 0.1231
EarlyStopping counter: 16 out of 30
Epoch 00022, Step00000 | Train_Loss: 0.4649 | Time: 0.1755
Epoch 00022 | Val_Loss 1.5141 | Time(s) 0.1896
EarlyStopping counter: 17 out of 30
Epoch 00023, Step00000 | Train_Loss: 0.5268 | Time: 0.2353
Epoch 00023 | Val_Loss 1.3609 | Time(s) 0.1908
EarlyStopping counter: 18 out of 30
Epoch 00024, Step00000 | Train_Loss: 0.4335 | Time: 0.2372
Epoch 00024 | Val_Loss 1.2845 | Time(s) 0.1911
EarlyStopping counter: 19 out of 30
Epoch 00025, Step00000 | Train_Loss: 0.4743 | Time: 0.2508
Epoch 00025 | Val_Loss 1.2552 | Time(s) 0.1871
EarlyStopping counter: 20 out of 30
Epoch 00026, Step00000 | Train_Loss: 0.4444 | Time: 0.2587
Epoch 00026 | Val_Loss 1.4088 | Time(s) 0.1856
EarlyStopping counter: 21 out of 30
Epoch 00027, Step00000 | Train_Loss: 0.4387 | Time: 0.2352
Epoch 00027 | Val_Loss 1.2998 | Time(s) 0.1844
EarlyStopping counter: 22 out of 30
Epoch 00028, Step00000 | Train_Loss: 0.4369 | Time: 0.2400
Epoch 00028 | Val_Loss 1.2910 | Time(s) 0.1856
EarlyStopping counter: 23 out of 30
Epoch 00029, Step00000 | Train_Loss: 0.4141 | Time: 0.2399
Epoch 00029 | Val_Loss 1.4279 | Time(s) 0.1861
EarlyStopping counter: 24 out of 30
Epoch 00030, Step00000 | Train_Loss: 0.4175 | Time: 0.2366
Epoch 00030 | Val_Loss 1.4605 | Time(s) 0.1874
EarlyStopping counter: 25 out of 30
Epoch 00031, Step00000 | Train_Loss: 0.3849 | Time: 0.2441
Epoch 00031 | Val_Loss 1.4820 | Time(s) 0.1873
EarlyStopping counter: 26 out of 30
Epoch 00032, Step00000 | Train_Loss: 0.3830 | Time: 0.2355
Epoch 00032 | Val_Loss 1.6027 | Time(s) 0.1875
EarlyStopping counter: 27 out of 30
Epoch 00033, Step00000 | Train_Loss: 0.3538 | Time: 0.2430
Epoch 00033 | Val_Loss 1.5677 | Time(s) 0.1870
EarlyStopping counter: 28 out of 30
Epoch 00034, Step00000 | Train_Loss: 0.3424 | Time: 0.2372
Epoch 00034 | Val_Loss 1.3249 | Time(s) 0.2381
EarlyStopping counter: 29 out of 30
Epoch 00035, Step00000 | Train_Loss: 0.3387 | Time: 0.3004
Epoch 00035 | Val_Loss 1.6217 | Time(s) 0.2407
EarlyStopping counter: 30 out of 30
Early stopping!
Early stopping!
defaultdict(<class 'float'>, {'roc_auc': 0.4721434870244394, 'MRR': 0.7167857142857142})
defaultdict(<class 'float'>, {'roc_auc': 0.5705309901738473, 'MRR': 0.7801190476190476})
Completed: amazon_style_cc_fold_1 (rep 6)

--------------------------------------
Running model: HGT
Dataset: amazon_style_cc_fold_2
Repetition: 6
--------------------------------------
Loading nodes from amazon_style_cc_fold_2/node.dat
/home/simonettos/homhetgnn/HGB/LP/benchmark/data/amazon_style_cc_fold_2/node.dat
0 {}
1 {'0': 558}
node_count: {'0': 558, '1': 940}
('1', '5', '0'): src_max=939, dst_max=557
('0', '6', '0'): src_max=557, dst_max=557
('1', '2', '1'): src_max=938, dst_max=938
('0', '3', '0'): src_max=557, dst_max=557
('0', '0', '0'): src_max=557, dst_max=553
('1', '1', '1'): src_max=939, dst_max=928
('1', '4', '1'): src_max=939, dst_max=939
('1', '7', '1'): src_max=939, dst_max=939
('1', '8', '1'): src_max=791, dst_max=812
('1', '9', '1'): src_max=795, dst_max=380
0 0
1 558
5
Epoch 00000, Step00000 | Train_Loss: 1.1755 | Time: 0.6325
Epoch 00000 | Val_Loss 0.7160 | Time(s) 0.1735
Validation loss decreased (inf --> 0.715958).  Saving model ...
Epoch 00001, Step00000 | Train_Loss: 0.9876 | Time: 0.2257
Epoch 00001 | Val_Loss 0.8528 | Time(s) 0.1777
EarlyStopping counter: 1 out of 30
Epoch 00002, Step00000 | Train_Loss: 1.1144 | Time: 0.2236
Epoch 00002 | Val_Loss 0.9106 | Time(s) 0.1771
EarlyStopping counter: 2 out of 30
Epoch 00003, Step00000 | Train_Loss: 1.1475 | Time: 0.2191
Epoch 00003 | Val_Loss 0.6887 | Time(s) 0.1220
Validation loss decreased (0.715958 --> 0.688717).  Saving model ...
Epoch 00004, Step00000 | Train_Loss: 0.9013 | Time: 0.1687
Epoch 00004 | Val_Loss 0.9950 | Time(s) 0.1214
EarlyStopping counter: 1 out of 30
Epoch 00005, Step00000 | Train_Loss: 1.0295 | Time: 0.2311
Epoch 00005 | Val_Loss 0.6899 | Time(s) 0.1778
EarlyStopping counter: 2 out of 30
Epoch 00006, Step00000 | Train_Loss: 0.8621 | Time: 0.2281
Epoch 00006 | Val_Loss 1.0257 | Time(s) 0.1824
EarlyStopping counter: 3 out of 30
Epoch 00007, Step00000 | Train_Loss: 0.9674 | Time: 0.2294
Epoch 00007 | Val_Loss 0.7026 | Time(s) 0.1708
EarlyStopping counter: 4 out of 30
Epoch 00008, Step00000 | Train_Loss: 0.7610 | Time: 0.2218
Epoch 00008 | Val_Loss 0.7495 | Time(s) 0.1748
EarlyStopping counter: 5 out of 30
Epoch 00009, Step00000 | Train_Loss: 0.7364 | Time: 0.2280
Epoch 00009 | Val_Loss 1.0468 | Time(s) 0.1800
EarlyStopping counter: 6 out of 30
Epoch 00010, Step00000 | Train_Loss: 0.8702 | Time: 0.2334
Epoch 00010 | Val_Loss 1.2458 | Time(s) 0.1793
EarlyStopping counter: 7 out of 30
Epoch 00011, Step00000 | Train_Loss: 0.9805 | Time: 0.2284
Epoch 00011 | Val_Loss 0.9649 | Time(s) 0.1750
EarlyStopping counter: 8 out of 30
Epoch 00012, Step00000 | Train_Loss: 0.7704 | Time: 0.2254
Epoch 00012 | Val_Loss 0.9422 | Time(s) 0.1807
EarlyStopping counter: 9 out of 30
Epoch 00013, Step00000 | Train_Loss: 0.5891 | Time: 0.2336
Epoch 00013 | Val_Loss 0.8285 | Time(s) 0.1798
EarlyStopping counter: 10 out of 30
Epoch 00014, Step00000 | Train_Loss: 0.5471 | Time: 0.2255
Epoch 00014 | Val_Loss 0.9715 | Time(s) 0.1781
EarlyStopping counter: 11 out of 30
Epoch 00015, Step00000 | Train_Loss: 0.5871 | Time: 0.2267
Epoch 00015 | Val_Loss 1.3012 | Time(s) 0.1778
EarlyStopping counter: 12 out of 30
Epoch 00016, Step00000 | Train_Loss: 0.7141 | Time: 0.2268
Epoch 00016 | Val_Loss 1.2083 | Time(s) 0.1823
EarlyStopping counter: 13 out of 30
Epoch 00017, Step00000 | Train_Loss: 0.6302 | Time: 0.2310
Epoch 00017 | Val_Loss 1.1274 | Time(s) 0.1776
EarlyStopping counter: 14 out of 30
Epoch 00018, Step00000 | Train_Loss: 0.5099 | Time: 0.2263
Epoch 00018 | Val_Loss 1.2159 | Time(s) 0.1803
EarlyStopping counter: 15 out of 30
Epoch 00019, Step00000 | Train_Loss: 0.6017 | Time: 0.2271
Epoch 00019 | Val_Loss 1.0403 | Time(s) 0.1778
EarlyStopping counter: 16 out of 30
Epoch 00020, Step00000 | Train_Loss: 0.5038 | Time: 0.2349
Epoch 00020 | Val_Loss 1.0199 | Time(s) 0.1752
EarlyStopping counter: 17 out of 30
Epoch 00021, Step00000 | Train_Loss: 0.5078 | Time: 0.2304
Epoch 00021 | Val_Loss 1.0048 | Time(s) 0.1625
EarlyStopping counter: 18 out of 30
Epoch 00022, Step00000 | Train_Loss: 0.4981 | Time: 0.1716
Epoch 00022 | Val_Loss 0.9212 | Time(s) 0.1750
EarlyStopping counter: 19 out of 30
Epoch 00023, Step00000 | Train_Loss: 0.4610 | Time: 0.2863
Epoch 00023 | Val_Loss 0.8994 | Time(s) 0.2232
EarlyStopping counter: 20 out of 30
Epoch 00024, Step00000 | Train_Loss: 0.4652 | Time: 0.2849
Epoch 00024 | Val_Loss 1.0966 | Time(s) 0.2232
EarlyStopping counter: 21 out of 30
Epoch 00025, Step00000 | Train_Loss: 0.4313 | Time: 0.2840
Epoch 00025 | Val_Loss 0.9882 | Time(s) 0.2193
EarlyStopping counter: 22 out of 30
Epoch 00026, Step00000 | Train_Loss: 0.4463 | Time: 0.2868
Epoch 00026 | Val_Loss 1.0369 | Time(s) 0.2221
EarlyStopping counter: 23 out of 30
Epoch 00027, Step00000 | Train_Loss: 0.4206 | Time: 0.2866
Epoch 00027 | Val_Loss 1.2308 | Time(s) 0.2200
EarlyStopping counter: 24 out of 30
Epoch 00028, Step00000 | Train_Loss: 0.4066 | Time: 0.2836
Epoch 00028 | Val_Loss 1.0849 | Time(s) 0.2220
EarlyStopping counter: 25 out of 30
Epoch 00029, Step00000 | Train_Loss: 0.3780 | Time: 0.2826
Epoch 00029 | Val_Loss 1.0647 | Time(s) 0.2240
EarlyStopping counter: 26 out of 30
Epoch 00030, Step00000 | Train_Loss: 0.3820 | Time: 0.2871
Epoch 00030 | Val_Loss 1.1646 | Time(s) 0.2201
EarlyStopping counter: 27 out of 30
Epoch 00031, Step00000 | Train_Loss: 0.3497 | Time: 0.2816
Epoch 00031 | Val_Loss 1.1307 | Time(s) 0.2186
EarlyStopping counter: 28 out of 30
Epoch 00032, Step00000 | Train_Loss: 0.3609 | Time: 0.2845
Epoch 00032 | Val_Loss 1.0371 | Time(s) 0.2226
EarlyStopping counter: 29 out of 30
Epoch 00033, Step00000 | Train_Loss: 0.3175 | Time: 0.2809
Epoch 00033 | Val_Loss 1.2435 | Time(s) 0.2198
EarlyStopping counter: 30 out of 30
Early stopping!
Early stopping!
defaultdict(<class 'float'>, {'roc_auc': 0.4878186568745145, 'MRR': 0.7289333333333334})
defaultdict(<class 'float'>, {'roc_auc': 0.5198961937716263, 'MRR': 0.7858666666666667})
Completed: amazon_style_cc_fold_2 (rep 6)

--------------------------------------
Running model: HGT
Dataset: amazon_style_cc_fold_3
Repetition: 6
--------------------------------------
Loading nodes from amazon_style_cc_fold_3/node.dat
/home/simonettos/homhetgnn/HGB/LP/benchmark/data/amazon_style_cc_fold_3/node.dat
0 {}
1 {'0': 558}
node_count: {'0': 558, '1': 940}
('1', '5', '0'): src_max=939, dst_max=557
('0', '6', '0'): src_max=557, dst_max=557
('1', '2', '1'): src_max=938, dst_max=938
('0', '3', '0'): src_max=557, dst_max=557
('0', '0', '0'): src_max=557, dst_max=553
('1', '1', '1'): src_max=939, dst_max=928
('1', '4', '1'): src_max=939, dst_max=939
('1', '7', '1'): src_max=939, dst_max=939
('1', '8', '1'): src_max=791, dst_max=812
('1', '9', '1'): src_max=795, dst_max=380
0 0
1 558
5
Epoch 00000, Step00000 | Train_Loss: 1.0064 | Time: 0.6489
Epoch 00000 | Val_Loss 0.7613 | Time(s) 0.1785
Validation loss decreased (inf --> 0.761339).  Saving model ...
Epoch 00001, Step00000 | Train_Loss: 1.0716 | Time: 0.2374
Epoch 00001 | Val_Loss 0.7125 | Time(s) 0.1874
Validation loss decreased (0.761339 --> 0.712451).  Saving model ...
Epoch 00002, Step00000 | Train_Loss: 0.9802 | Time: 0.2372
Epoch 00002 | Val_Loss 0.6824 | Time(s) 0.1843
Validation loss decreased (0.712451 --> 0.682424).  Saving model ...
Epoch 00003, Step00000 | Train_Loss: 0.9636 | Time: 0.2393
Epoch 00003 | Val_Loss 0.7218 | Time(s) 0.2354
EarlyStopping counter: 1 out of 30
Epoch 00004, Step00000 | Train_Loss: 0.9104 | Time: 0.3126
Epoch 00004 | Val_Loss 0.7416 | Time(s) 0.2331
EarlyStopping counter: 2 out of 30
Epoch 00005, Step00000 | Train_Loss: 0.8702 | Time: 0.3085
Epoch 00005 | Val_Loss 0.8884 | Time(s) 0.2342
EarlyStopping counter: 3 out of 30
Epoch 00006, Step00000 | Train_Loss: 0.8752 | Time: 0.3110
Epoch 00006 | Val_Loss 0.7998 | Time(s) 0.2014
EarlyStopping counter: 4 out of 30
Epoch 00007, Step00000 | Train_Loss: 0.8214 | Time: 0.2741
Epoch 00007 | Val_Loss 0.8615 | Time(s) 0.2368
EarlyStopping counter: 5 out of 30
Epoch 00008, Step00000 | Train_Loss: 0.8019 | Time: 0.3236
Epoch 00008 | Val_Loss 1.1220 | Time(s) 0.2328
EarlyStopping counter: 6 out of 30
Epoch 00009, Step00000 | Train_Loss: 0.9435 | Time: 0.3305
Epoch 00009 | Val_Loss 1.7333 | Time(s) 0.2283
EarlyStopping counter: 7 out of 30
Epoch 00010, Step00000 | Train_Loss: 1.2644 | Time: 0.3116
Epoch 00010 | Val_Loss 1.1528 | Time(s) 0.2296
EarlyStopping counter: 8 out of 30
Epoch 00011, Step00000 | Train_Loss: 0.9888 | Time: 0.3094
Epoch 00011 | Val_Loss 0.9128 | Time(s) 0.2329
EarlyStopping counter: 9 out of 30
Epoch 00012, Step00000 | Train_Loss: 0.6288 | Time: 0.3197
Epoch 00012 | Val_Loss 1.0958 | Time(s) 0.2349
EarlyStopping counter: 10 out of 30
Epoch 00013, Step00000 | Train_Loss: 0.6448 | Time: 0.3213
Epoch 00013 | Val_Loss 1.2654 | Time(s) 0.2320
EarlyStopping counter: 11 out of 30
Epoch 00014, Step00000 | Train_Loss: 0.8708 | Time: 0.3214
Epoch 00014 | Val_Loss 1.3950 | Time(s) 0.2358
EarlyStopping counter: 12 out of 30
Epoch 00015, Step00000 | Train_Loss: 0.6620 | Time: 0.3218
Epoch 00015 | Val_Loss 1.3064 | Time(s) 0.2326
EarlyStopping counter: 13 out of 30
Epoch 00016, Step00000 | Train_Loss: 0.5228 | Time: 0.3230
Epoch 00016 | Val_Loss 1.3984 | Time(s) 0.2333
EarlyStopping counter: 14 out of 30
Epoch 00017, Step00000 | Train_Loss: 0.6048 | Time: 0.3232
Epoch 00017 | Val_Loss 1.5053 | Time(s) 0.2370
EarlyStopping counter: 15 out of 30
Epoch 00018, Step00000 | Train_Loss: 0.5374 | Time: 0.3219
Epoch 00018 | Val_Loss 1.4914 | Time(s) 0.2354
EarlyStopping counter: 16 out of 30
Epoch 00019, Step00000 | Train_Loss: 0.5342 | Time: 0.3140
Epoch 00019 | Val_Loss 1.4708 | Time(s) 0.2370
EarlyStopping counter: 17 out of 30
Epoch 00020, Step00000 | Train_Loss: 0.5394 | Time: 0.3011
Epoch 00020 | Val_Loss 1.4185 | Time(s) 0.1933
EarlyStopping counter: 18 out of 30
Epoch 00021, Step00000 | Train_Loss: 0.4951 | Time: 0.3181
Epoch 00021 | Val_Loss 1.3815 | Time(s) 0.2412
EarlyStopping counter: 19 out of 30
Epoch 00022, Step00000 | Train_Loss: 0.5190 | Time: 0.3325
Epoch 00022 | Val_Loss 1.2391 | Time(s) 0.2431
EarlyStopping counter: 20 out of 30
Epoch 00023, Step00000 | Train_Loss: 0.4817 | Time: 0.3320
Epoch 00023 | Val_Loss 1.2195 | Time(s) 0.2382
EarlyStopping counter: 21 out of 30
Epoch 00024, Step00000 | Train_Loss: 0.5064 | Time: 0.3115
Epoch 00024 | Val_Loss 1.2945 | Time(s) 0.2403
EarlyStopping counter: 22 out of 30
Epoch 00025, Step00000 | Train_Loss: 0.4730 | Time: 0.3201
Epoch 00025 | Val_Loss 1.1869 | Time(s) 0.2358
EarlyStopping counter: 23 out of 30
Epoch 00026, Step00000 | Train_Loss: 0.4745 | Time: 0.3214
Epoch 00026 | Val_Loss 1.2861 | Time(s) 0.2392
EarlyStopping counter: 24 out of 30
Epoch 00027, Step00000 | Train_Loss: 0.4452 | Time: 0.3271
Epoch 00027 | Val_Loss 1.0255 | Time(s) 0.2363
EarlyStopping counter: 25 out of 30
Epoch 00028, Step00000 | Train_Loss: 0.4487 | Time: 0.3247
Epoch 00028 | Val_Loss 1.1286 | Time(s) 0.2357
EarlyStopping counter: 26 out of 30
Epoch 00029, Step00000 | Train_Loss: 0.4230 | Time: 0.3076
Epoch 00029 | Val_Loss 1.1286 | Time(s) 0.2387
EarlyStopping counter: 27 out of 30
Epoch 00030, Step00000 | Train_Loss: 0.4222 | Time: 0.3182
Epoch 00030 | Val_Loss 1.2378 | Time(s) 0.2362
EarlyStopping counter: 28 out of 30
Epoch 00031, Step00000 | Train_Loss: 0.4175 | Time: 0.3248
Epoch 00031 | Val_Loss 1.2031 | Time(s) 0.2346
EarlyStopping counter: 29 out of 30
Epoch 00032, Step00000 | Train_Loss: 0.4028 | Time: 0.3264
Epoch 00032 | Val_Loss 1.2648 | Time(s) 0.2365
EarlyStopping counter: 30 out of 30
Early stopping!
Early stopping!
defaultdict(<class 'float'>, {'roc_auc': 0.4578085140306122, 'MRR': 0.7130325814536341})
defaultdict(<class 'float'>, {'roc_auc': 0.5182756696428572, 'MRR': 0.731829573934837})
Completed: amazon_style_cc_fold_3 (rep 6)

--------------------------------------
Running model: HGT
Dataset: amazon_style_cc_fold_4
Repetition: 6
--------------------------------------
Loading nodes from amazon_style_cc_fold_4/node.dat
/home/simonettos/homhetgnn/HGB/LP/benchmark/data/amazon_style_cc_fold_4/node.dat
0 {}
1 {'0': 558}
node_count: {'0': 558, '1': 940}
('1', '5', '0'): src_max=939, dst_max=557
('0', '6', '0'): src_max=557, dst_max=556
('1', '2', '1'): src_max=938, dst_max=938
('0', '3', '0'): src_max=557, dst_max=557
('0', '0', '0'): src_max=557, dst_max=553
('1', '1', '1'): src_max=939, dst_max=928
('1', '4', '1'): src_max=939, dst_max=939
('1', '7', '1'): src_max=939, dst_max=939
('1', '8', '1'): src_max=791, dst_max=812
('1', '9', '1'): src_max=795, dst_max=380
0 0
1 558
5
Epoch 00000, Step00000 | Train_Loss: 1.1027 | Time: 0.6357
Epoch 00000 | Val_Loss 0.7717 | Time(s) 0.1704
Validation loss decreased (inf --> 0.771652).  Saving model ...
Epoch 00001, Step00000 | Train_Loss: 1.0329 | Time: 0.2294
Epoch 00001 | Val_Loss 0.7704 | Time(s) 0.2086
Validation loss decreased (0.771652 --> 0.770352).  Saving model ...
Epoch 00002, Step00000 | Train_Loss: 0.9867 | Time: 0.2687
Epoch 00002 | Val_Loss 0.7154 | Time(s) 0.2088
Validation loss decreased (0.770352 --> 0.715432).  Saving model ...
Epoch 00003, Step00000 | Train_Loss: 0.9370 | Time: 0.2779
Epoch 00003 | Val_Loss 0.7214 | Time(s) 0.2120
EarlyStopping counter: 1 out of 30
Epoch 00004, Step00000 | Train_Loss: 0.9111 | Time: 0.2657
Epoch 00004 | Val_Loss 0.7129 | Time(s) 0.2105
Validation loss decreased (0.715432 --> 0.712880).  Saving model ...
Epoch 00005, Step00000 | Train_Loss: 0.8622 | Time: 0.2712
Epoch 00005 | Val_Loss 0.6878 | Time(s) 0.2196
Validation loss decreased (0.712880 --> 0.687834).  Saving model ...
Epoch 00006, Step00000 | Train_Loss: 0.8286 | Time: 0.2747
Epoch 00006 | Val_Loss 0.7509 | Time(s) 0.2107
EarlyStopping counter: 1 out of 30
Epoch 00007, Step00000 | Train_Loss: 0.7734 | Time: 0.2686
Epoch 00007 | Val_Loss 1.1229 | Time(s) 0.2086
EarlyStopping counter: 2 out of 30
Epoch 00008, Step00000 | Train_Loss: 1.0205 | Time: 0.2783
Epoch 00008 | Val_Loss 2.2173 | Time(s) 0.2170
EarlyStopping counter: 3 out of 30
Epoch 00009, Step00000 | Train_Loss: 1.7037 | Time: 0.2738
Epoch 00009 | Val_Loss 0.7532 | Time(s) 0.2108
EarlyStopping counter: 4 out of 30
Epoch 00010, Step00000 | Train_Loss: 0.6998 | Time: 0.2709
Epoch 00010 | Val_Loss 1.2755 | Time(s) 0.2111
EarlyStopping counter: 5 out of 30
Epoch 00011, Step00000 | Train_Loss: 1.0944 | Time: 0.2759
Epoch 00011 | Val_Loss 1.7209 | Time(s) 0.2180
EarlyStopping counter: 6 out of 30
Epoch 00012, Step00000 | Train_Loss: 1.2752 | Time: 0.2727
Epoch 00012 | Val_Loss 0.8180 | Time(s) 0.2093
EarlyStopping counter: 7 out of 30
Epoch 00013, Step00000 | Train_Loss: 0.6103 | Time: 0.2715
Epoch 00013 | Val_Loss 1.2870 | Time(s) 0.2100
EarlyStopping counter: 8 out of 30
Epoch 00014, Step00000 | Train_Loss: 0.9738 | Time: 0.2690
Epoch 00014 | Val_Loss 1.0201 | Time(s) 0.2082
EarlyStopping counter: 9 out of 30
Epoch 00015, Step00000 | Train_Loss: 0.6049 | Time: 0.2690
Epoch 00015 | Val_Loss 1.2446 | Time(s) 0.2141
EarlyStopping counter: 10 out of 30
Epoch 00016, Step00000 | Train_Loss: 0.6837 | Time: 0.2675
Epoch 00016 | Val_Loss 1.2042 | Time(s) 0.2140
EarlyStopping counter: 11 out of 30
Epoch 00017, Step00000 | Train_Loss: 0.6413 | Time: 0.2702
Epoch 00017 | Val_Loss 1.2106 | Time(s) 0.1792
EarlyStopping counter: 12 out of 30
Epoch 00018, Step00000 | Train_Loss: 0.6058 | Time: 0.2232
Epoch 00018 | Val_Loss 1.3865 | Time(s) 0.1834
EarlyStopping counter: 13 out of 30
Epoch 00019, Step00000 | Train_Loss: 0.6156 | Time: 0.2777
Epoch 00019 | Val_Loss 1.2737 | Time(s) 0.2197
EarlyStopping counter: 14 out of 30
Epoch 00020, Step00000 | Train_Loss: 0.5528 | Time: 0.2775
Epoch 00020 | Val_Loss 1.2415 | Time(s) 0.2250
EarlyStopping counter: 15 out of 30
Epoch 00021, Step00000 | Train_Loss: 0.5349 | Time: 0.2743
Epoch 00021 | Val_Loss 1.2198 | Time(s) 0.2214
EarlyStopping counter: 16 out of 30
Epoch 00022, Step00000 | Train_Loss: 0.5455 | Time: 0.2746
Epoch 00022 | Val_Loss 1.2024 | Time(s) 0.2211
EarlyStopping counter: 17 out of 30
Epoch 00023, Step00000 | Train_Loss: 0.4962 | Time: 0.2726
Epoch 00023 | Val_Loss 1.1419 | Time(s) 0.2176
EarlyStopping counter: 18 out of 30
Epoch 00024, Step00000 | Train_Loss: 0.5476 | Time: 0.2766
Epoch 00024 | Val_Loss 0.9999 | Time(s) 0.2156
EarlyStopping counter: 19 out of 30
Epoch 00025, Step00000 | Train_Loss: 0.4757 | Time: 0.2774
Epoch 00025 | Val_Loss 0.9865 | Time(s) 0.2219
EarlyStopping counter: 20 out of 30
Epoch 00026, Step00000 | Train_Loss: 0.5018 | Time: 0.2792
Epoch 00026 | Val_Loss 0.9907 | Time(s) 0.1868
EarlyStopping counter: 21 out of 30
Epoch 00027, Step00000 | Train_Loss: 0.4752 | Time: 0.2338
Epoch 00027 | Val_Loss 1.0351 | Time(s) 0.1927
EarlyStopping counter: 22 out of 30
Epoch 00028, Step00000 | Train_Loss: 0.4363 | Time: 0.2752
Epoch 00028 | Val_Loss 1.2239 | Time(s) 0.2240
EarlyStopping counter: 23 out of 30
Epoch 00029, Step00000 | Train_Loss: 0.4621 | Time: 0.2765
Epoch 00029 | Val_Loss 1.2029 | Time(s) 0.2216
EarlyStopping counter: 24 out of 30
Epoch 00030, Step00000 | Train_Loss: 0.4301 | Time: 0.2758
Epoch 00030 | Val_Loss 1.0969 | Time(s) 0.2158
EarlyStopping counter: 25 out of 30
Epoch 00031, Step00000 | Train_Loss: 0.4215 | Time: 0.2812
Epoch 00031 | Val_Loss 1.2485 | Time(s) 0.2249
EarlyStopping counter: 26 out of 30
Epoch 00032, Step00000 | Train_Loss: 0.4211 | Time: 0.2759
Epoch 00032 | Val_Loss 1.1123 | Time(s) 0.2201
EarlyStopping counter: 27 out of 30
Epoch 00033, Step00000 | Train_Loss: 0.3792 | Time: 0.2790
Epoch 00033 | Val_Loss 1.1241 | Time(s) 0.2239
EarlyStopping counter: 28 out of 30
Epoch 00034, Step00000 | Train_Loss: 0.3739 | Time: 0.2817
Epoch 00034 | Val_Loss 1.1558 | Time(s) 0.2254
EarlyStopping counter: 29 out of 30
Epoch 00035, Step00000 | Train_Loss: 0.3590 | Time: 0.2815
Epoch 00035 | Val_Loss 1.0856 | Time(s) 0.1789
EarlyStopping counter: 30 out of 30
Early stopping!
Early stopping!
defaultdict(<class 'float'>, {'roc_auc': 0.44982984113418895, 'MRR': 0.7446666666666666})
defaultdict(<class 'float'>, {'roc_auc': 0.5760349428303095, 'MRR': 0.7972727272727272})
Completed: amazon_style_cc_fold_4 (rep 6)

--------------------------------------
Running model: HGT
Dataset: amazon_style_cc_fold_5
Repetition: 6
--------------------------------------
Loading nodes from amazon_style_cc_fold_5/node.dat
/home/simonettos/homhetgnn/HGB/LP/benchmark/data/amazon_style_cc_fold_5/node.dat
0 {}
1 {'0': 558}
node_count: {'0': 558, '1': 940}
('1', '5', '0'): src_max=939, dst_max=556
('0', '6', '0'): src_max=557, dst_max=557
('1', '2', '1'): src_max=938, dst_max=938
('0', '3', '0'): src_max=557, dst_max=557
('0', '0', '0'): src_max=557, dst_max=553
('1', '1', '1'): src_max=939, dst_max=928
('1', '4', '1'): src_max=939, dst_max=939
('1', '7', '1'): src_max=939, dst_max=939
('1', '8', '1'): src_max=791, dst_max=812
('1', '9', '1'): src_max=795, dst_max=380
0 0
1 558
5
Epoch 00000, Step00000 | Train_Loss: 0.9974 | Time: 0.6448
Epoch 00000 | Val_Loss 0.7020 | Time(s) 0.1966
Validation loss decreased (inf --> 0.701992).  Saving model ...
Epoch 00001, Step00000 | Train_Loss: 0.9388 | Time: 0.2460
Epoch 00001 | Val_Loss 0.7432 | Time(s) 0.1898
EarlyStopping counter: 1 out of 30
Epoch 00002, Step00000 | Train_Loss: 0.9687 | Time: 0.2451
Epoch 00002 | Val_Loss 0.7391 | Time(s) 0.1959
EarlyStopping counter: 2 out of 30
Epoch 00003, Step00000 | Train_Loss: 0.9314 | Time: 0.2448
Epoch 00003 | Val_Loss 0.6938 | Time(s) 0.1918
Validation loss decreased (0.701992 --> 0.693833).  Saving model ...
Epoch 00004, Step00000 | Train_Loss: 0.8596 | Time: 0.2055
Epoch 00004 | Val_Loss 0.9359 | Time(s) 0.1260
EarlyStopping counter: 1 out of 30
Epoch 00005, Step00000 | Train_Loss: 0.9449 | Time: 0.1751
Epoch 00005 | Val_Loss 0.9795 | Time(s) 0.1523
EarlyStopping counter: 2 out of 30
Epoch 00006, Step00000 | Train_Loss: 0.9718 | Time: 0.2423
Epoch 00006 | Val_Loss 0.7330 | Time(s) 0.1999
EarlyStopping counter: 3 out of 30
Epoch 00007, Step00000 | Train_Loss: 0.7905 | Time: 0.2392
Epoch 00007 | Val_Loss 0.8195 | Time(s) 0.1922
EarlyStopping counter: 4 out of 30
Epoch 00008, Step00000 | Train_Loss: 0.8083 | Time: 0.2449
Epoch 00008 | Val_Loss 1.4151 | Time(s) 0.1967
EarlyStopping counter: 5 out of 30
Epoch 00009, Step00000 | Train_Loss: 1.2916 | Time: 0.2430
Epoch 00009 | Val_Loss 1.2561 | Time(s) 0.1909
EarlyStopping counter: 6 out of 30
Epoch 00010, Step00000 | Train_Loss: 1.0623 | Time: 0.2435
Epoch 00010 | Val_Loss 0.6923 | Time(s) 0.1997
Validation loss decreased (0.693833 --> 0.692309).  Saving model ...
Epoch 00011, Step00000 | Train_Loss: 0.6698 | Time: 0.2394
Epoch 00011 | Val_Loss 0.9281 | Time(s) 0.1954
EarlyStopping counter: 1 out of 30
Epoch 00012, Step00000 | Train_Loss: 0.7897 | Time: 0.2446
Epoch 00012 | Val_Loss 1.3844 | Time(s) 0.1958
EarlyStopping counter: 2 out of 30
Epoch 00013, Step00000 | Train_Loss: 1.0094 | Time: 0.2457
Epoch 00013 | Val_Loss 0.9461 | Time(s) 0.1959
EarlyStopping counter: 3 out of 30
Epoch 00014, Step00000 | Train_Loss: 0.7505 | Time: 0.2369
Epoch 00014 | Val_Loss 1.0112 | Time(s) 0.1202
EarlyStopping counter: 4 out of 30
Epoch 00015, Step00000 | Train_Loss: 0.5890 | Time: 0.1734
Epoch 00015 | Val_Loss 1.3082 | Time(s) 0.1226
EarlyStopping counter: 5 out of 30
Epoch 00016, Step00000 | Train_Loss: 0.7630 | Time: 0.2227
Epoch 00016 | Val_Loss 1.0413 | Time(s) 0.1997
EarlyStopping counter: 6 out of 30
Epoch 00017, Step00000 | Train_Loss: 0.5847 | Time: 0.2442
Epoch 00017 | Val_Loss 1.3275 | Time(s) 0.1872
EarlyStopping counter: 7 out of 30
Epoch 00018, Step00000 | Train_Loss: 0.6277 | Time: 0.2444
Epoch 00018 | Val_Loss 1.1875 | Time(s) 0.1941
EarlyStopping counter: 8 out of 30
Epoch 00019, Step00000 | Train_Loss: 0.6092 | Time: 0.2495
Epoch 00019 | Val_Loss 1.0843 | Time(s) 0.1943
EarlyStopping counter: 9 out of 30
Epoch 00020, Step00000 | Train_Loss: 0.5157 | Time: 0.2426
Epoch 00020 | Val_Loss 1.0971 | Time(s) 0.1952
EarlyStopping counter: 10 out of 30
Epoch 00021, Step00000 | Train_Loss: 0.5543 | Time: 0.2424
Epoch 00021 | Val_Loss 1.1092 | Time(s) 0.1941
EarlyStopping counter: 11 out of 30
Epoch 00022, Step00000 | Train_Loss: 0.4970 | Time: 0.2438
Epoch 00022 | Val_Loss 1.0136 | Time(s) 0.1973
EarlyStopping counter: 12 out of 30
Epoch 00023, Step00000 | Train_Loss: 0.5263 | Time: 0.2454
Epoch 00023 | Val_Loss 1.0369 | Time(s) 0.1899
EarlyStopping counter: 13 out of 30
Epoch 00024, Step00000 | Train_Loss: 0.4782 | Time: 0.2437
Epoch 00024 | Val_Loss 1.0376 | Time(s) 0.1639
EarlyStopping counter: 14 out of 30
Epoch 00025, Step00000 | Train_Loss: 0.4968 | Time: 0.1786
Epoch 00025 | Val_Loss 0.9561 | Time(s) 0.1227
EarlyStopping counter: 15 out of 30
Epoch 00026, Step00000 | Train_Loss: 0.4609 | Time: 0.1740
Epoch 00026 | Val_Loss 1.0995 | Time(s) 0.1956
EarlyStopping counter: 16 out of 30
Epoch 00027, Step00000 | Train_Loss: 0.4652 | Time: 0.2429
Epoch 00027 | Val_Loss 1.1154 | Time(s) 0.1943
EarlyStopping counter: 17 out of 30
Epoch 00028, Step00000 | Train_Loss: 0.4401 | Time: 0.2341
Epoch 00028 | Val_Loss 1.2242 | Time(s) 0.1940
EarlyStopping counter: 18 out of 30
Epoch 00029, Step00000 | Train_Loss: 0.4577 | Time: 0.2457
Epoch 00029 | Val_Loss 1.0463 | Time(s) 0.1923
EarlyStopping counter: 19 out of 30
Epoch 00030, Step00000 | Train_Loss: 0.4046 | Time: 0.2429
Epoch 00030 | Val_Loss 1.2044 | Time(s) 0.1922
EarlyStopping counter: 20 out of 30
Epoch 00031, Step00000 | Train_Loss: 0.4182 | Time: 0.2444
Epoch 00031 | Val_Loss 1.1248 | Time(s) 0.1926
EarlyStopping counter: 21 out of 30
Epoch 00032, Step00000 | Train_Loss: 0.3802 | Time: 0.2440
Epoch 00032 | Val_Loss 1.2286 | Time(s) 0.1977
EarlyStopping counter: 22 out of 30
Epoch 00033, Step00000 | Train_Loss: 0.3676 | Time: 0.2455
Epoch 00033 | Val_Loss 1.0313 | Time(s) 0.1950
EarlyStopping counter: 23 out of 30
Epoch 00034, Step00000 | Train_Loss: 0.3469 | Time: 0.2448
Epoch 00034 | Val_Loss 0.9339 | Time(s) 0.1926
EarlyStopping counter: 24 out of 30
Epoch 00035, Step00000 | Train_Loss: 0.3137 | Time: 0.1990
Epoch 00035 | Val_Loss 1.1988 | Time(s) 0.1728
EarlyStopping counter: 25 out of 30
Epoch 00036, Step00000 | Train_Loss: 0.3010 | Time: 0.2771
Epoch 00036 | Val_Loss 1.4677 | Time(s) 0.1958
EarlyStopping counter: 26 out of 30
Epoch 00037, Step00000 | Train_Loss: 0.2754 | Time: 0.2734
Epoch 00037 | Val_Loss 1.4107 | Time(s) 0.1846
EarlyStopping counter: 27 out of 30
Epoch 00038, Step00000 | Train_Loss: 0.2543 | Time: 0.2750
Epoch 00038 | Val_Loss 1.2892 | Time(s) 0.1921
EarlyStopping counter: 28 out of 30
Epoch 00039, Step00000 | Train_Loss: 0.2217 | Time: 0.2728
Epoch 00039 | Val_Loss 1.3817 | Time(s) 0.1934
EarlyStopping counter: 29 out of 30
Epoch 00040, Step00000 | Train_Loss: 0.2036 | Time: 0.2452
Epoch 00040 | Val_Loss 1.3843 | Time(s) 0.1911
EarlyStopping counter: 30 out of 30
Early stopping!
Early stopping!
defaultdict(<class 'float'>, {'roc_auc': 0.5194393109941072, 'MRR': 0.7230324074074074})
defaultdict(<class 'float'>, {'roc_auc': 0.637420154611663, 'MRR': 0.8292824074074073})
Completed: amazon_style_cc_fold_5 (rep 6)

All 30 jobs completed.
Setup complete
